date,expiry,variant,reason,split
2021-05-27,2021-06-03,short_atm_straddle,paired_sample_incomplete:intraday:duplicate_exact_contract_bar;overnight:duplicate_exact_contract_bar,development
2021-05-27,2021-06-03,short_iron_fly_w100,paired_sample_incomplete:intraday:duplicate_exact_contract_bar;overnight:duplicate_exact_contract_bar,development
2021-05-27,2021-06-03,short_iron_fly_w200,paired_sample_incomplete:intraday:duplicate_exact_contract_bar;overnight:duplicate_exact_contract_bar,development
2021-05-27,2021-06-03,short_iron_fly_w300,paired_sample_incomplete:intraday:duplicate_exact_contract_bar;overnight:duplicate_exact_contract_bar,development
2021-05-27,2021-06-03,long_iron_fly_w100,paired_sample_incomplete:intraday:duplicate_exact_contract_bar;overnight:duplicate_exact_contract_bar,development
2021-05-27,2021-06-03,long_iron_fly_w200,paired_sample_incomplete:intraday:duplicate_exact_contract_bar;overnight:duplicate_exact_contract_bar,development
2021-05-27,2021-06-03,long_iron_fly_w300,paired_sample_incomplete:intraday:duplicate_exact_contract_bar;overnight:duplicate_exact_contract_bar,development
2021-05-27,2021-06-03,short_iron_condor_100_300,paired_sample_incomplete:intraday:duplicate_exact_contract_bar;overnight:duplicate_exact_contract_bar,development
2021-05-27,2021-06-03,bull_put_credit_100_300,paired_sample_incomplete:intraday:duplicate_exact_contract_bar;overnight:duplicate_exact_contract_bar,development
2021-05-27,2021-06-03,bear_call_credit_100_300,paired_sample_incomplete:intraday:duplicate_exact_contract_bar;overnight:duplicate_exact_contract_bar,development
2021-05-28,2021-06-03,short_atm_straddle,paired_sample_incomplete:intraday:duplicate_exact_contract_bar;overnight:duplicate_exact_contract_bar,development
2021-05-28,2021-06-03,short_iron_fly_w100,paired_sample_incomplete:intraday:duplicate_exact_contract_bar;overnight:duplicate_exact_contract_bar,development
2021-05-28,2021-06-03,short_iron_fly_w200,paired_sample_incomplete:intraday:duplicate_exact_contract_bar;overnight:duplicate_exact_contract_bar,development
2021-05-28,2021-06-03,short_iron_fly_w300,paired_sample_incomplete:intraday:duplicate_exact_contract_bar;overnight:duplicate_exact_contract_bar,development
2021-05-28,2021-06-03,long_iron_fly_w100,paired_sample_incomplete:intraday:duplicate_exact_contract_bar;overnight:duplicate_exact_contract_bar,development
2021-05-28,2021-06-03,long_iron_fly_w200,paired_sample_incomplete:intraday:duplicate_exact_contract_bar;overnight:duplicate_exact_contract_bar,development
2021-05-28,2021-06-03,long_iron_fly_w300,paired_sample_incomplete:intraday:duplicate_exact_contract_bar;overnight:duplicate_exact_contract_bar,development
2021-05-28,2021-06-03,short_iron_condor_100_300,paired_sample_incomplete:intraday:duplicate_exact_contract_bar;overnight:duplicate_exact_contract_bar,development
2021-05-28,2021-06-03,bull_put_credit_100_300,paired_sample_incomplete:intraday:duplicate_exact_contract_bar;overnight:duplicate_exact_contract_bar,development
2021-05-28,2021-06-03,bear_call_credit_100_300,paired_sample_incomplete:intraday:duplicate_exact_contract_bar;overnight:duplicate_exact_contract_bar,development
2021-05-31,2021-06-03,short_atm_straddle,paired_sample_incomplete:intraday:duplicate_exact_contract_bar;overnight:duplicate_exact_contract_bar,development
2021-05-31,2021-06-03,short_iron_fly_w100,paired_sample_incomplete:intraday:duplicate_exact_contract_bar;overnight:duplicate_exact_contract_bar,development
2021-05-31,2021-06-03,short_iron_fly_w200,paired_sample_incomplete:intraday:duplicate_exact_contract_bar;overnight:duplicate_exact_contract_bar,development
2021-05-31,2021-06-03,short_iron_fly_w300,paired_sample_incomplete:intraday:duplicate_exact_contract_bar;overnight:duplicate_exact_contract_bar,development
2021-05-31,2021-06-03,long_iron_fly_w100,paired_sample_incomplete:intraday:duplicate_exact_contract_bar;overnight:duplicate_exact_contract_bar,development
2021-05-31,2021-06-03,long_iron_fly_w200,paired_sample_incomplete:intraday:duplicate_exact_contract_bar;overnight:duplicate_exact_contract_bar,development
2021-05-31,2021-06-03,long_iron_fly_w300,paired_sample_incomplete:intraday:duplicate_exact_contract_bar;overnight:duplicate_exact_contract_bar,development
2021-05-31,2021-06-03,short_iron_condor_100_300,paired_sample_incomplete:intraday:duplicate_exact_contract_bar;overnight:duplicate_exact_contract_bar,development
2021-05-31,2021-06-03,bull_put_credit_100_300,paired_sample_incomplete:intraday:duplicate_exact_contract_bar;overnight:duplicate_exact_contract_bar,development
2021-05-31,2021-06-03,bear_call_credit_100_300,paired_sample_incomplete:intraday:duplicate_exact_contract_bar;overnight:duplicate_exact_contract_bar,development
2021-06-01,2021-06-03,short_atm_straddle,paired_sample_incomplete:intraday:duplicate_exact_contract_bar;overnight:duplicate_exact_contract_bar,development
2021-06-01,2021-06-03,short_iron_fly_w100,paired_sample_incomplete:intraday:duplicate_exact_contract_bar;overnight:duplicate_exact_contract_bar,development
2021-06-01,2021-06-03,short_iron_fly_w200,paired_sample_incomplete:intraday:duplicate_exact_contract_bar;overnight:duplicate_exact_contract_bar,development
2021-06-01,2021-06-03,short_iron_fly_w300,paired_sample_incomplete:intraday:duplicate_exact_contract_bar;overnight:duplicate_exact_contract_bar,development
2021-06-01,2021-06-03,long_iron_fly_w100,paired_sample_incomplete:intraday:duplicate_exact_contract_bar;overnight:duplicate_exact_contract_bar,development
2021-06-01,2021-06-03,long_iron_fly_w200,paired_sample_incomplete:intraday:duplicate_exact_contract_bar;overnight:duplicate_exact_contract_bar,development
2021-06-01,2021-06-03,long_iron_fly_w300,paired_sample_incomplete:intraday:duplicate_exact_contract_bar;overnight:duplicate_exact_contract_bar,development
2021-06-01,2021-06-03,short_iron_condor_100_300,paired_sample_incomplete:intraday:duplicate_exact_contract_bar;overnight:duplicate_exact_contract_bar,development
2021-06-01,2021-06-03,bull_put_credit_100_300,paired_sample_incomplete:intraday:duplicate_exact_contract_bar;overnight:duplicate_exact_contract_bar,development
2021-06-01,2021-06-03,bear_call_credit_100_300,paired_sample_incomplete:intraday:duplicate_exact_contract_bar;overnight:duplicate_exact_contract_bar,development
2021-06-02,2021-06-10,short_atm_straddle,paired_sample_incomplete:intraday:duplicate_exact_contract_bar;overnight:duplicate_exact_contract_bar,development
2021-06-02,2021-06-10,short_iron_fly_w100,paired_sample_incomplete:intraday:duplicate_exact_contract_bar;overnight:duplicate_exact_contract_bar,development
2021-06-02,2021-06-10,short_iron_fly_w200,paired_sample_incomplete:intraday:duplicate_exact_contract_bar;overnight:duplicate_exact_contract_bar,development
2021-06-02,2021-06-10,short_iron_fly_w300,paired_sample_incomplete:intraday:duplicate_exact_contract_bar;overnight:duplicate_exact_contract_bar,development
2021-06-02,2021-06-10,long_iron_fly_w100,paired_sample_incomplete:intraday:duplicate_exact_contract_bar;overnight:duplicate_exact_contract_bar,development
2021-06-02,2021-06-10,long_iron_fly_w200,paired_sample_incomplete:intraday:duplicate_exact_contract_bar;overnight:duplicate_exact_contract_bar,development
2021-06-02,2021-06-10,long_iron_fly_w300,paired_sample_incomplete:intraday:duplicate_exact_contract_bar;overnight:duplicate_exact_contract_bar,development
2021-06-02,2021-06-10,short_iron_condor_100_300,paired_sample_incomplete:intraday:duplicate_exact_contract_bar;overnight:duplicate_exact_contract_bar,development
2021-06-02,2021-06-10,bull_put_credit_100_300,paired_sample_incomplete:intraday:duplicate_exact_contract_bar;overnight:duplicate_exact_contract_bar,development
2021-06-02,2021-06-10,bear_call_credit_100_300,paired_sample_incomplete:intraday:duplicate_exact_contract_bar;overnight:duplicate_exact_contract_bar,development
2021-06-03,2021-06-10,short_atm_straddle,paired_sample_incomplete:intraday:duplicate_exact_contract_bar;overnight:duplicate_exact_contract_bar,development
2021-06-03,2021-06-10,short_iron_fly_w100,paired_sample_incomplete:intraday:duplicate_exact_contract_bar;overnight:duplicate_exact_contract_bar,development
2021-06-03,2021-06-10,short_iron_fly_w200,paired_sample_incomplete:intraday:duplicate_exact_contract_bar;overnight:duplicate_exact_contract_bar,development
2021-06-03,2021-06-10,short_iron_fly_w300,paired_sample_incomplete:intraday:duplicate_exact_contract_bar;overnight:duplicate_exact_contract_bar,development
2021-06-03,2021-06-10,long_iron_fly_w100,paired_sample_incomplete:intraday:duplicate_exact_contract_bar;overnight:duplicate_exact_contract_bar,development
2021-06-03,2021-06-10,long_iron_fly_w200,paired_sample_incomplete:intraday:duplicate_exact_contract_bar;overnight:duplicate_exact_contract_bar,development
2021-06-03,2021-06-10,long_iron_fly_w300,paired_sample_incomplete:intraday:duplicate_exact_contract_bar;overnight:duplicate_exact_contract_bar,development
2021-06-03,2021-06-10,short_iron_condor_100_300,paired_sample_incomplete:intraday:duplicate_exact_contract_bar;overnight:duplicate_exact_contract_bar,development
2021-06-03,2021-06-10,bull_put_credit_100_300,paired_sample_incomplete:intraday:duplicate_exact_contract_bar;overnight:duplicate_exact_contract_bar,development
2021-06-03,2021-06-10,bear_call_credit_100_300,paired_sample_incomplete:intraday:duplicate_exact_contract_bar;overnight:duplicate_exact_contract_bar,development
2021-06-04,2021-06-10,short_atm_straddle,paired_sample_incomplete:intraday:duplicate_exact_contract_bar;overnight:duplicate_exact_contract_bar,development
2021-06-04,2021-06-10,short_iron_fly_w100,paired_sample_incomplete:intraday:duplicate_exact_contract_bar;overnight:duplicate_exact_contract_bar,development
2021-06-04,2021-06-10,short_iron_fly_w200,paired_sample_incomplete:intraday:duplicate_exact_contract_bar;overnight:duplicate_exact_contract_bar,development
2021-06-04,2021-06-10,short_iron_fly_w300,paired_sample_incomplete:intraday:duplicate_exact_contract_bar;overnight:duplicate_exact_contract_bar,development
2021-06-04,2021-06-10,long_iron_fly_w100,paired_sample_incomplete:intraday:duplicate_exact_contract_bar;overnight:duplicate_exact_contract_bar,development
2021-06-04,2021-06-10,long_iron_fly_w200,paired_sample_incomplete:intraday:duplicate_exact_contract_bar;overnight:duplicate_exact_contract_bar,development
2021-06-04,2021-06-10,long_iron_fly_w300,paired_sample_incomplete:intraday:duplicate_exact_contract_bar;overnight:duplicate_exact_contract_bar,development
2021-06-04,2021-06-10,short_iron_condor_100_300,paired_sample_incomplete:intraday:duplicate_exact_contract_bar;overnight:duplicate_exact_contract_bar,development
2021-06-04,2021-06-10,bull_put_credit_100_300,paired_sample_incomplete:intraday:duplicate_exact_contract_bar;overnight:duplicate_exact_contract_bar,development
2021-06-04,2021-06-10,bear_call_credit_100_300,paired_sample_incomplete:intraday:duplicate_exact_contract_bar;overnight:duplicate_exact_contract_bar,development
2021-06-07,2021-06-10,short_atm_straddle,paired_sample_incomplete:intraday:duplicate_exact_contract_bar;overnight:duplicate_exact_contract_bar,development
2021-06-07,2021-06-10,short_iron_fly_w100,paired_sample_incomplete:intraday:duplicate_exact_contract_bar;overnight:duplicate_exact_contract_bar,development
2021-06-07,2021-06-10,short_iron_fly_w200,paired_sample_incomplete:intraday:duplicate_exact_contract_bar;overnight:duplicate_exact_contract_bar,development
2021-06-07,2021-06-10,short_iron_fly_w300,paired_sample_incomplete:intraday:duplicate_exact_contract_bar;overnight:duplicate_exact_contract_bar,development
2021-06-07,2021-06-10,long_iron_fly_w100,paired_sample_incomplete:intraday:duplicate_exact_contract_bar;overnight:duplicate_exact_contract_bar,development
2021-06-07,2021-06-10,long_iron_fly_w200,paired_sample_incomplete:intraday:duplicate_exact_contract_bar;overnight:duplicate_exact_contract_bar,development
2021-06-07,2021-06-10,long_iron_fly_w300,paired_sample_incomplete:intraday:duplicate_exact_contract_bar;overnight:duplicate_exact_contract_bar,development
2021-06-07,2021-06-10,short_iron_condor_100_300,paired_sample_incomplete:intraday:duplicate_exact_contract_bar;overnight:duplicate_exact_contract_bar,development
2021-06-07,2021-06-10,bull_put_credit_100_300,paired_sample_incomplete:intraday:duplicate_exact_contract_bar;overnight:duplicate_exact_contract_bar,development
2021-06-07,2021-06-10,bear_call_credit_100_300,paired_sample_incomplete:intraday:duplicate_exact_contract_bar;overnight:duplicate_exact_contract_bar,development
2021-06-08,2021-06-10,short_atm_straddle,paired_sample_incomplete:intraday:duplicate_exact_contract_bar;overnight:duplicate_exact_contract_bar,development
2021-06-08,2021-06-10,short_iron_fly_w100,paired_sample_incomplete:intraday:duplicate_exact_contract_bar;overnight:duplicate_exact_contract_bar,development
2021-06-08,2021-06-10,short_iron_fly_w200,paired_sample_incomplete:intraday:duplicate_exact_contract_bar;overnight:duplicate_exact_contract_bar,development
2021-06-08,2021-06-10,short_iron_fly_w300,paired_sample_incomplete:intraday:duplicate_exact_contract_bar;overnight:duplicate_exact_contract_bar,development
2021-06-08,2021-06-10,long_iron_fly_w100,paired_sample_incomplete:intraday:duplicate_exact_contract_bar;overnight:duplicate_exact_contract_bar,development
2021-06-08,2021-06-10,long_iron_fly_w200,paired_sample_incomplete:intraday:duplicate_exact_contract_bar;overnight:duplicate_exact_contract_bar,development
2021-06-08,2021-06-10,long_iron_fly_w300,paired_sample_incomplete:intraday:duplicate_exact_contract_bar;overnight:duplicate_exact_contract_bar,development
2021-06-08,2021-06-10,short_iron_condor_100_300,paired_sample_incomplete:intraday:duplicate_exact_contract_bar;overnight:duplicate_exact_contract_bar,development
2021-06-08,2021-06-10,bull_put_credit_100_300,paired_sample_incomplete:intraday:duplicate_exact_contract_bar;overnight:duplicate_exact_contract_bar,development
2021-06-08,2021-06-10,bear_call_credit_100_300,paired_sample_incomplete:intraday:duplicate_exact_contract_bar;overnight:duplicate_exact_contract_bar,development
2021-06-23,2021-07-01,short_atm_straddle,paired_sample_incomplete:intraday:duplicate_exact_contract_bar;overnight:duplicate_exact_contract_bar,development
2021-06-23,2021-07-01,short_iron_fly_w100,paired_sample_incomplete:intraday:duplicate_exact_contract_bar;overnight:duplicate_exact_contract_bar,development
2021-06-23,2021-07-01,short_iron_fly_w200,paired_sample_incomplete:intraday:duplicate_exact_contract_bar;overnight:duplicate_exact_contract_bar,development
2021-06-23,2021-07-01,short_iron_fly_w300,paired_sample_incomplete:intraday:duplicate_exact_contract_bar;overnight:duplicate_exact_contract_bar,development
2021-06-23,2021-07-01,long_iron_fly_w100,paired_sample_incomplete:intraday:duplicate_exact_contract_bar;overnight:duplicate_exact_contract_bar,development
2021-06-23,2021-07-01,long_iron_fly_w200,paired_sample_incomplete:intraday:duplicate_exact_contract_bar;overnight:duplicate_exact_contract_bar,development
2021-06-23,2021-07-01,long_iron_fly_w300,paired_sample_incomplete:intraday:duplicate_exact_contract_bar;overnight:duplicate_exact_contract_bar,development
2021-06-23,2021-07-01,short_iron_condor_100_300,paired_sample_incomplete:intraday:duplicate_exact_contract_bar;overnight:duplicate_exact_contract_bar,development
2021-06-23,2021-07-01,bull_put_credit_100_300,paired_sample_incomplete:intraday:duplicate_exact_contract_bar;overnight:duplicate_exact_contract_bar,development
2021-06-23,2021-07-01,bear_call_credit_100_300,paired_sample_incomplete:intraday:duplicate_exact_contract_bar;overnight:duplicate_exact_contract_bar,development
2021-06-24,2021-07-01,short_atm_straddle,paired_sample_incomplete:intraday:duplicate_exact_contract_bar;overnight:duplicate_exact_contract_bar,development
2021-06-24,2021-07-01,short_iron_fly_w100,paired_sample_incomplete:intraday:duplicate_exact_contract_bar;overnight:duplicate_exact_contract_bar,development
2021-06-24,2021-07-01,short_iron_fly_w200,paired_sample_incomplete:intraday:duplicate_exact_contract_bar;overnight:duplicate_exact_contract_bar,development
2021-06-24,2021-07-01,short_iron_fly_w300,paired_sample_incomplete:intraday:duplicate_exact_contract_bar;overnight:duplicate_exact_contract_bar,development
2021-06-24,2021-07-01,long_iron_fly_w100,paired_sample_incomplete:intraday:duplicate_exact_contract_bar;overnight:duplicate_exact_contract_bar,development
2021-06-24,2021-07-01,long_iron_fly_w200,paired_sample_incomplete:intraday:duplicate_exact_contract_bar;overnight:duplicate_exact_contract_bar,development
2021-06-24,2021-07-01,long_iron_fly_w300,paired_sample_incomplete:intraday:duplicate_exact_contract_bar;overnight:duplicate_exact_contract_bar,development
2021-06-24,2021-07-01,short_iron_condor_100_300,paired_sample_incomplete:intraday:duplicate_exact_contract_bar;overnight:duplicate_exact_contract_bar,development
2021-06-24,2021-07-01,bull_put_credit_100_300,paired_sample_incomplete:intraday:duplicate_exact_contract_bar;overnight:duplicate_exact_contract_bar,development
2021-06-24,2021-07-01,bear_call_credit_100_300,paired_sample_incomplete:intraday:duplicate_exact_contract_bar;overnight:duplicate_exact_contract_bar,development
2021-06-25,2021-07-01,short_atm_straddle,paired_sample_incomplete:intraday:duplicate_exact_contract_bar;overnight:duplicate_exact_contract_bar,development
2021-06-25,2021-07-01,short_iron_fly_w100,paired_sample_incomplete:intraday:duplicate_exact_contract_bar;overnight:duplicate_exact_contract_bar,development
2021-06-25,2021-07-01,short_iron_fly_w200,paired_sample_incomplete:intraday:duplicate_exact_contract_bar;overnight:duplicate_exact_contract_bar,development
2021-06-25,2021-07-01,short_iron_fly_w300,paired_sample_incomplete:intraday:duplicate_exact_contract_bar;overnight:duplicate_exact_contract_bar,development
2021-06-25,2021-07-01,long_iron_fly_w100,paired_sample_incomplete:intraday:duplicate_exact_contract_bar;overnight:duplicate_exact_contract_bar,development
2021-06-25,2021-07-01,long_iron_fly_w200,paired_sample_incomplete:intraday:duplicate_exact_contract_bar;overnight:duplicate_exact_contract_bar,development
2021-06-25,2021-07-01,long_iron_fly_w300,paired_sample_incomplete:intraday:duplicate_exact_contract_bar;overnight:duplicate_exact_contract_bar,development
2021-06-25,2021-07-01,short_iron_condor_100_300,paired_sample_incomplete:intraday:duplicate_exact_contract_bar;overnight:duplicate_exact_contract_bar,development
2021-06-25,2021-07-01,bull_put_credit_100_300,paired_sample_incomplete:intraday:duplicate_exact_contract_bar;overnight:duplicate_exact_contract_bar,development
2021-06-25,2021-07-01,bear_call_credit_100_300,paired_sample_incomplete:intraday:duplicate_exact_contract_bar;overnight:duplicate_exact_contract_bar,development
2021-06-28,2021-07-01,short_atm_straddle,paired_sample_incomplete:intraday:duplicate_exact_contract_bar;overnight:duplicate_exact_contract_bar,development
2021-06-28,2021-07-01,short_iron_fly_w100,paired_sample_incomplete:intraday:duplicate_exact_contract_bar;overnight:duplicate_exact_contract_bar,development
2021-06-28,2021-07-01,short_iron_fly_w200,paired_sample_incomplete:intraday:duplicate_exact_contract_bar;overnight:duplicate_exact_contract_bar,development
2021-06-28,2021-07-01,short_iron_fly_w300,paired_sample_incomplete:intraday:duplicate_exact_contract_bar;overnight:duplicate_exact_contract_bar,development
2021-06-28,2021-07-01,long_iron_fly_w100,paired_sample_incomplete:intraday:duplicate_exact_contract_bar;overnight:duplicate_exact_contract_bar,development
2021-06-28,2021-07-01,long_iron_fly_w200,paired_sample_incomplete:intraday:duplicate_exact_contract_bar;overnight:duplicate_exact_contract_bar,development
2021-06-28,2021-07-01,long_iron_fly_w300,paired_sample_incomplete:intraday:duplicate_exact_contract_bar;overnight:duplicate_exact_contract_bar,development
2021-06-28,2021-07-01,short_iron_condor_100_300,paired_sample_incomplete:intraday:duplicate_exact_contract_bar;overnight:duplicate_exact_contract_bar,development
2021-06-28,2021-07-01,bull_put_credit_100_300,paired_sample_incomplete:intraday:duplicate_exact_contract_bar;overnight:duplicate_exact_contract_bar,development
2021-06-28,2021-07-01,bear_call_credit_100_300,paired_sample_incomplete:intraday:duplicate_exact_contract_bar;overnight:duplicate_exact_contract_bar,development
2021-06-29,2021-07-01,short_atm_straddle,paired_sample_incomplete:intraday:duplicate_exact_contract_bar;overnight:duplicate_exact_contract_bar,development
2021-06-29,2021-07-01,short_iron_fly_w100,paired_sample_incomplete:intraday:duplicate_exact_contract_bar;overnight:duplicate_exact_contract_bar,development
2021-06-29,2021-07-01,short_iron_fly_w200,paired_sample_incomplete:intraday:duplicate_exact_contract_bar;overnight:duplicate_exact_contract_bar,development
2021-06-29,2021-07-01,short_iron_fly_w300,paired_sample_incomplete:intraday:duplicate_exact_contract_bar;overnight:duplicate_exact_contract_bar,development
2021-06-29,2021-07-01,long_iron_fly_w100,paired_sample_incomplete:intraday:duplicate_exact_contract_bar;overnight:duplicate_exact_contract_bar,development
2021-06-29,2021-07-01,long_iron_fly_w200,paired_sample_incomplete:intraday:duplicate_exact_contract_bar;overnight:duplicate_exact_contract_bar,development
2021-06-29,2021-07-01,long_iron_fly_w300,paired_sample_incomplete:intraday:duplicate_exact_contract_bar;overnight:duplicate_exact_contract_bar,development
2021-06-29,2021-07-01,short_iron_condor_100_300,paired_sample_incomplete:intraday:duplicate_exact_contract_bar;overnight:duplicate_exact_contract_bar,development
2021-06-29,2021-07-01,bull_put_credit_100_300,paired_sample_incomplete:intraday:duplicate_exact_contract_bar;overnight:duplicate_exact_contract_bar,development
2021-06-29,2021-07-01,bear_call_credit_100_300,paired_sample_incomplete:intraday:duplicate_exact_contract_bar;overnight:duplicate_exact_contract_bar,development
2021-06-30,2021-07-08,short_atm_straddle,paired_sample_incomplete:intraday:duplicate_exact_contract_bar;overnight:duplicate_exact_contract_bar,development
2021-06-30,2021-07-08,short_iron_fly_w100,paired_sample_incomplete:intraday:duplicate_exact_contract_bar;overnight:duplicate_exact_contract_bar,development
2021-06-30,2021-07-08,short_iron_fly_w200,paired_sample_incomplete:intraday:duplicate_exact_contract_bar;overnight:duplicate_exact_contract_bar,development
2021-06-30,2021-07-08,short_iron_fly_w300,paired_sample_incomplete:intraday:duplicate_exact_contract_bar;overnight:duplicate_exact_contract_bar,development
2021-06-30,2021-07-08,long_iron_fly_w100,paired_sample_incomplete:intraday:duplicate_exact_contract_bar;overnight:duplicate_exact_contract_bar,development
2021-06-30,2021-07-08,long_iron_fly_w200,paired_sample_incomplete:intraday:duplicate_exact_contract_bar;overnight:duplicate_exact_contract_bar,development
2021-06-30,2021-07-08,long_iron_fly_w300,paired_sample_incomplete:intraday:duplicate_exact_contract_bar;overnight:duplicate_exact_contract_bar,development
2021-06-30,2021-07-08,short_iron_condor_100_300,paired_sample_incomplete:intraday:duplicate_exact_contract_bar;overnight:duplicate_exact_contract_bar,development
2021-06-30,2021-07-08,bull_put_credit_100_300,paired_sample_incomplete:intraday:duplicate_exact_contract_bar;overnight:duplicate_exact_contract_bar,development
2021-06-30,2021-07-08,bear_call_credit_100_300,paired_sample_incomplete:intraday:duplicate_exact_contract_bar;overnight:duplicate_exact_contract_bar,development
2021-07-01,2021-07-08,short_atm_straddle,paired_sample_incomplete:intraday:duplicate_exact_contract_bar;overnight:duplicate_exact_contract_bar,development
2021-07-01,2021-07-08,short_iron_fly_w100,paired_sample_incomplete:intraday:duplicate_exact_contract_bar;overnight:duplicate_exact_contract_bar,development
2021-07-01,2021-07-08,short_iron_fly_w200,paired_sample_incomplete:intraday:duplicate_exact_contract_bar;overnight:duplicate_exact_contract_bar,development
2021-07-01,2021-07-08,short_iron_fly_w300,paired_sample_incomplete:intraday:duplicate_exact_contract_bar;overnight:duplicate_exact_contract_bar,development
2021-07-01,2021-07-08,long_iron_fly_w100,paired_sample_incomplete:intraday:duplicate_exact_contract_bar;overnight:duplicate_exact_contract_bar,development
2021-07-01,2021-07-08,long_iron_fly_w200,paired_sample_incomplete:intraday:duplicate_exact_contract_bar;overnight:duplicate_exact_contract_bar,development
2021-07-01,2021-07-08,long_iron_fly_w300,paired_sample_incomplete:intraday:duplicate_exact_contract_bar;overnight:duplicate_exact_contract_bar,development
2021-07-01,2021-07-08,short_iron_condor_100_300,paired_sample_incomplete:intraday:duplicate_exact_contract_bar;overnight:duplicate_exact_contract_bar,development
2021-07-01,2021-07-08,bull_put_credit_100_300,paired_sample_incomplete:intraday:duplicate_exact_contract_bar;overnight:duplicate_exact_contract_bar,development
2021-07-01,2021-07-08,bear_call_credit_100_300,paired_sample_incomplete:intraday:duplicate_exact_contract_bar;overnight:duplicate_exact_contract_bar,development
2021-07-02,2021-07-08,short_atm_straddle,paired_sample_incomplete:intraday:duplicate_exact_contract_bar;overnight:duplicate_exact_contract_bar,development
2021-07-02,2021-07-08,short_iron_fly_w100,paired_sample_incomplete:intraday:duplicate_exact_contract_bar;overnight:duplicate_exact_contract_bar,development
2021-07-02,2021-07-08,short_iron_fly_w200,paired_sample_incomplete:intraday:duplicate_exact_contract_bar;overnight:duplicate_exact_contract_bar,development
2021-07-02,2021-07-08,short_iron_fly_w300,paired_sample_incomplete:intraday:duplicate_exact_contract_bar;overnight:duplicate_exact_contract_bar,development
2021-07-02,2021-07-08,long_iron_fly_w100,paired_sample_incomplete:intraday:duplicate_exact_contract_bar;overnight:duplicate_exact_contract_bar,development
2021-07-02,2021-07-08,long_iron_fly_w200,paired_sample_incomplete:intraday:duplicate_exact_contract_bar;overnight:duplicate_exact_contract_bar,development
2021-07-02,2021-07-08,long_iron_fly_w300,paired_sample_incomplete:intraday:duplicate_exact_contract_bar;overnight:duplicate_exact_contract_bar,development
2021-07-02,2021-07-08,short_iron_condor_100_300,paired_sample_incomplete:intraday:duplicate_exact_contract_bar;overnight:duplicate_exact_contract_bar,development
2021-07-02,2021-07-08,bull_put_credit_100_300,paired_sample_incomplete:intraday:duplicate_exact_contract_bar;overnight:duplicate_exact_contract_bar,development
2021-07-02,2021-07-08,bear_call_credit_100_300,paired_sample_incomplete:intraday:duplicate_exact_contract_bar;overnight:duplicate_exact_contract_bar,development
2021-07-05,2021-07-08,short_atm_straddle,paired_sample_incomplete:intraday:duplicate_exact_contract_bar;overnight:duplicate_exact_contract_bar,development
2021-07-05,2021-07-08,short_iron_fly_w100,paired_sample_incomplete:intraday:duplicate_exact_contract_bar;overnight:duplicate_exact_contract_bar,development
2021-07-05,2021-07-08,short_iron_fly_w200,paired_sample_incomplete:intraday:duplicate_exact_contract_bar;overnight:duplicate_exact_contract_bar,development
2021-07-05,2021-07-08,short_iron_fly_w300,paired_sample_incomplete:intraday:duplicate_exact_contract_bar;overnight:duplicate_exact_contract_bar,development
2021-07-05,2021-07-08,long_iron_fly_w100,paired_sample_incomplete:intraday:duplicate_exact_contract_bar;overnight:duplicate_exact_contract_bar,development
2021-07-05,2021-07-08,long_iron_fly_w200,paired_sample_incomplete:intraday:duplicate_exact_contract_bar;overnight:duplicate_exact_contract_bar,development
2021-07-05,2021-07-08,long_iron_fly_w300,paired_sample_incomplete:intraday:duplicate_exact_contract_bar;overnight:duplicate_exact_contract_bar,development
2021-07-05,2021-07-08,short_iron_condor_100_300,paired_sample_incomplete:intraday:duplicate_exact_contract_bar;overnight:duplicate_exact_contract_bar,development
2021-07-05,2021-07-08,bull_put_credit_100_300,paired_sample_incomplete:intraday:duplicate_exact_contract_bar;overnight:duplicate_exact_contract_bar,development
2021-07-05,2021-07-08,bear_call_credit_100_300,paired_sample_incomplete:intraday:duplicate_exact_contract_bar;overnight:duplicate_exact_contract_bar,development
2021-07-06,2021-07-08,short_atm_straddle,paired_sample_incomplete:intraday:duplicate_exact_contract_bar;overnight:duplicate_exact_contract_bar,development
2021-07-06,2021-07-08,short_iron_fly_w100,paired_sample_incomplete:intraday:duplicate_exact_contract_bar;overnight:duplicate_exact_contract_bar,development
2021-07-06,2021-07-08,short_iron_fly_w200,paired_sample_incomplete:intraday:duplicate_exact_contract_bar;overnight:duplicate_exact_contract_bar,development
2021-07-06,2021-07-08,short_iron_fly_w300,paired_sample_incomplete:intraday:duplicate_exact_contract_bar;overnight:duplicate_exact_contract_bar,development
2021-07-06,2021-07-08,long_iron_fly_w100,paired_sample_incomplete:intraday:duplicate_exact_contract_bar;overnight:duplicate_exact_contract_bar,development
2021-07-06,2021-07-08,long_iron_fly_w200,paired_sample_incomplete:intraday:duplicate_exact_contract_bar;overnight:duplicate_exact_contract_bar,development
2021-07-06,2021-07-08,long_iron_fly_w300,paired_sample_incomplete:intraday:duplicate_exact_contract_bar;overnight:duplicate_exact_contract_bar,development
2021-07-06,2021-07-08,short_iron_condor_100_300,paired_sample_incomplete:intraday:duplicate_exact_contract_bar;overnight:duplicate_exact_contract_bar,development
2021-07-06,2021-07-08,bull_put_credit_100_300,paired_sample_incomplete:intraday:duplicate_exact_contract_bar;overnight:duplicate_exact_contract_bar,development
2021-07-06,2021-07-08,bear_call_credit_100_300,paired_sample_incomplete:intraday:duplicate_exact_contract_bar;overnight:duplicate_exact_contract_bar,development
2021-07-14,2021-07-22,short_atm_straddle,paired_sample_incomplete:intraday:duplicate_exact_contract_bar;overnight:duplicate_exact_contract_bar,development
2021-07-14,2021-07-22,short_iron_fly_w100,paired_sample_incomplete:intraday:duplicate_exact_contract_bar;overnight:duplicate_exact_contract_bar,development
2021-07-14,2021-07-22,short_iron_fly_w200,paired_sample_incomplete:intraday:duplicate_exact_contract_bar;overnight:duplicate_exact_contract_bar,development
2021-07-14,2021-07-22,short_iron_fly_w300,paired_sample_incomplete:intraday:duplicate_exact_contract_bar;overnight:duplicate_exact_contract_bar,development
2021-07-14,2021-07-22,long_iron_fly_w100,paired_sample_incomplete:intraday:duplicate_exact_contract_bar;overnight:duplicate_exact_contract_bar,development
2021-07-14,2021-07-22,long_iron_fly_w200,paired_sample_incomplete:intraday:duplicate_exact_contract_bar;overnight:duplicate_exact_contract_bar,development
2021-07-14,2021-07-22,long_iron_fly_w300,paired_sample_incomplete:intraday:duplicate_exact_contract_bar;overnight:duplicate_exact_contract_bar,development
2021-07-14,2021-07-22,short_iron_condor_100_300,paired_sample_incomplete:intraday:duplicate_exact_contract_bar;overnight:duplicate_exact_contract_bar,development
2021-07-14,2021-07-22,bull_put_credit_100_300,paired_sample_incomplete:intraday:duplicate_exact_contract_bar;overnight:duplicate_exact_contract_bar,development
2021-07-14,2021-07-22,bear_call_credit_100_300,paired_sample_incomplete:intraday:duplicate_exact_contract_bar;overnight:duplicate_exact_contract_bar,development
2021-07-15,2021-07-22,short_atm_straddle,paired_sample_incomplete:intraday:duplicate_exact_contract_bar;overnight:duplicate_exact_contract_bar,development
2021-07-15,2021-07-22,short_iron_fly_w100,paired_sample_incomplete:intraday:duplicate_exact_contract_bar;overnight:duplicate_exact_contract_bar,development
2021-07-15,2021-07-22,short_iron_fly_w200,paired_sample_incomplete:intraday:duplicate_exact_contract_bar;overnight:duplicate_exact_contract_bar,development
2021-07-15,2021-07-22,short_iron_fly_w300,paired_sample_incomplete:intraday:duplicate_exact_contract_bar;overnight:duplicate_exact_contract_bar,development
2021-07-15,2021-07-22,long_iron_fly_w100,paired_sample_incomplete:intraday:duplicate_exact_contract_bar;overnight:duplicate_exact_contract_bar,development
2021-07-15,2021-07-22,long_iron_fly_w200,paired_sample_incomplete:intraday:duplicate_exact_contract_bar;overnight:duplicate_exact_contract_bar,development
2021-07-15,2021-07-22,long_iron_fly_w300,paired_sample_incomplete:intraday:duplicate_exact_contract_bar;overnight:duplicate_exact_contract_bar,development
2021-07-15,2021-07-22,short_iron_condor_100_300,paired_sample_incomplete:intraday:duplicate_exact_contract_bar;overnight:duplicate_exact_contract_bar,development
2021-07-15,2021-07-22,bull_put_credit_100_300,paired_sample_incomplete:intraday:duplicate_exact_contract_bar;overnight:duplicate_exact_contract_bar,development
2021-07-15,2021-07-22,bear_call_credit_100_300,paired_sample_incomplete:intraday:duplicate_exact_contract_bar;overnight:duplicate_exact_contract_bar,development
2021-07-16,2021-07-22,short_atm_straddle,paired_sample_incomplete:intraday:duplicate_exact_contract_bar;overnight:duplicate_exact_contract_bar,development
2021-07-16,2021-07-22,short_iron_fly_w100,paired_sample_incomplete:intraday:duplicate_exact_contract_bar;overnight:duplicate_exact_contract_bar,development
2021-07-16,2021-07-22,short_iron_fly_w200,paired_sample_incomplete:intraday:duplicate_exact_contract_bar;overnight:duplicate_exact_contract_bar,development
2021-07-16,2021-07-22,short_iron_fly_w300,paired_sample_incomplete:intraday:duplicate_exact_contract_bar;overnight:duplicate_exact_contract_bar,development
2021-07-16,2021-07-22,long_iron_fly_w100,paired_sample_incomplete:intraday:duplicate_exact_contract_bar;overnight:duplicate_exact_contract_bar,development
2021-07-16,2021-07-22,long_iron_fly_w200,paired_sample_incomplete:intraday:duplicate_exact_contract_bar;overnight:duplicate_exact_contract_bar,development
2021-07-16,2021-07-22,long_iron_fly_w300,paired_sample_incomplete:intraday:duplicate_exact_contract_bar;overnight:duplicate_exact_contract_bar,development
2021-07-16,2021-07-22,short_iron_condor_100_300,paired_sample_incomplete:intraday:duplicate_exact_contract_bar;overnight:duplicate_exact_contract_bar,development
2021-07-16,2021-07-22,bull_put_credit_100_300,paired_sample_incomplete:intraday:duplicate_exact_contract_bar;overnight:duplicate_exact_contract_bar,development
2021-07-16,2021-07-22,bear_call_credit_100_300,paired_sample_incomplete:intraday:duplicate_exact_contract_bar;overnight:duplicate_exact_contract_bar,development
2021-07-19,2021-07-22,short_atm_straddle,paired_sample_incomplete:intraday:duplicate_exact_contract_bar;overnight:duplicate_exact_contract_bar,development
2021-07-19,2021-07-22,short_iron_fly_w100,paired_sample_incomplete:intraday:duplicate_exact_contract_bar;overnight:duplicate_exact_contract_bar,development
2021-07-19,2021-07-22,short_iron_fly_w200,paired_sample_incomplete:intraday:duplicate_exact_contract_bar;overnight:duplicate_exact_contract_bar,development
2021-07-19,2021-07-22,short_iron_fly_w300,paired_sample_incomplete:intraday:duplicate_exact_contract_bar;overnight:duplicate_exact_contract_bar,development
2021-07-19,2021-07-22,long_iron_fly_w100,paired_sample_incomplete:intraday:duplicate_exact_contract_bar;overnight:duplicate_exact_contract_bar,development
2021-07-19,2021-07-22,long_iron_fly_w200,paired_sample_incomplete:intraday:duplicate_exact_contract_bar;overnight:duplicate_exact_contract_bar,development
2021-07-19,2021-07-22,long_iron_fly_w300,paired_sample_incomplete:intraday:duplicate_exact_contract_bar;overnight:duplicate_exact_contract_bar,development
2021-07-19,2021-07-22,short_iron_condor_100_300,paired_sample_incomplete:intraday:duplicate_exact_contract_bar;overnight:duplicate_exact_contract_bar,development
2021-07-19,2021-07-22,bull_put_credit_100_300,paired_sample_incomplete:intraday:duplicate_exact_contract_bar;overnight:duplicate_exact_contract_bar,development
2021-07-19,2021-07-22,bear_call_credit_100_300,paired_sample_incomplete:intraday:duplicate_exact_contract_bar;overnight:duplicate_exact_contract_bar,development
2021-07-20,2021-07-29,short_atm_straddle,paired_sample_incomplete:intraday:duplicate_exact_contract_bar;overnight:duplicate_exact_contract_bar,development
2021-07-20,2021-07-29,short_iron_fly_w100,paired_sample_incomplete:intraday:duplicate_exact_contract_bar;overnight:duplicate_exact_contract_bar,development
2021-07-20,2021-07-29,short_iron_fly_w200,paired_sample_incomplete:intraday:duplicate_exact_contract_bar;overnight:duplicate_exact_contract_bar,development
2021-07-20,2021-07-29,short_iron_fly_w300,paired_sample_incomplete:intraday:duplicate_exact_contract_bar;overnight:duplicate_exact_contract_bar,development
2021-07-20,2021-07-29,long_iron_fly_w100,paired_sample_incomplete:intraday:duplicate_exact_contract_bar;overnight:duplicate_exact_contract_bar,development
2021-07-20,2021-07-29,long_iron_fly_w200,paired_sample_incomplete:intraday:duplicate_exact_contract_bar;overnight:duplicate_exact_contract_bar,development
2021-07-20,2021-07-29,long_iron_fly_w300,paired_sample_incomplete:intraday:duplicate_exact_contract_bar;overnight:duplicate_exact_contract_bar,development
2021-07-20,2021-07-29,short_iron_condor_100_300,paired_sample_incomplete:intraday:duplicate_exact_contract_bar;overnight:duplicate_exact_contract_bar,development
2021-07-20,2021-07-29,bear_call_credit_100_300,paired_sample_incomplete:intraday:duplicate_exact_contract_bar;overnight:duplicate_exact_contract_bar,development
2021-07-22,2021-07-29,short_atm_straddle,paired_sample_incomplete:intraday:duplicate_exact_contract_bar;overnight:duplicate_exact_contract_bar,development
2021-07-22,2021-07-29,short_iron_fly_w100,paired_sample_incomplete:intraday:duplicate_exact_contract_bar;overnight:duplicate_exact_contract_bar,development
2021-07-22,2021-07-29,short_iron_fly_w200,paired_sample_incomplete:intraday:duplicate_exact_contract_bar;overnight:duplicate_exact_contract_bar,development
2021-07-22,2021-07-29,short_iron_fly_w300,paired_sample_incomplete:intraday:duplicate_exact_contract_bar;overnight:duplicate_exact_contract_bar,development
2021-07-22,2021-07-29,long_iron_fly_w100,paired_sample_incomplete:intraday:duplicate_exact_contract_bar;overnight:duplicate_exact_contract_bar,development
2021-07-22,2021-07-29,long_iron_fly_w200,paired_sample_incomplete:intraday:duplicate_exact_contract_bar;overnight:duplicate_exact_contract_bar,development
2021-07-22,2021-07-29,long_iron_fly_w300,paired_sample_incomplete:intraday:duplicate_exact_contract_bar;overnight:duplicate_exact_contract_bar,development
2021-07-22,2021-07-29,short_iron_condor_100_300,paired_sample_incomplete:intraday:duplicate_exact_contract_bar;overnight:duplicate_exact_contract_bar,development
2021-07-22,2021-07-29,bull_put_credit_100_300,paired_sample_incomplete:intraday:duplicate_exact_contract_bar;overnight:duplicate_exact_contract_bar,development
2021-07-22,2021-07-29,bear_call_credit_100_300,paired_sample_incomplete:intraday:duplicate_exact_contract_bar;overnight:duplicate_exact_contract_bar,development
2021-07-23,2021-07-29,short_atm_straddle,paired_sample_incomplete:intraday:duplicate_exact_contract_bar;overnight:duplicate_exact_contract_bar,development
2021-07-23,2021-07-29,short_iron_fly_w100,paired_sample_incomplete:intraday:duplicate_exact_contract_bar;overnight:duplicate_exact_contract_bar,development
2021-07-23,2021-07-29,short_iron_fly_w200,paired_sample_incomplete:intraday:duplicate_exact_contract_bar;overnight:duplicate_exact_contract_bar,development
2021-07-23,2021-07-29,short_iron_fly_w300,paired_sample_incomplete:intraday:duplicate_exact_contract_bar;overnight:duplicate_exact_contract_bar,development
2021-07-23,2021-07-29,long_iron_fly_w100,paired_sample_incomplete:intraday:duplicate_exact_contract_bar;overnight:duplicate_exact_contract_bar,development
2021-07-23,2021-07-29,long_iron_fly_w200,paired_sample_incomplete:intraday:duplicate_exact_contract_bar;overnight:duplicate_exact_contract_bar,development
2021-07-23,2021-07-29,long_iron_fly_w300,paired_sample_incomplete:intraday:duplicate_exact_contract_bar;overnight:duplicate_exact_contract_bar,development
2021-07-23,2021-07-29,short_iron_condor_100_300,paired_sample_incomplete:intraday:duplicate_exact_contract_bar;overnight:duplicate_exact_contract_bar,development
2021-07-23,2021-07-29,bull_put_credit_100_300,paired_sample_incomplete:intraday:duplicate_exact_contract_bar;overnight:duplicate_exact_contract_bar,development
2021-07-23,2021-07-29,bear_call_credit_100_300,paired_sample_incomplete:intraday:duplicate_exact_contract_bar;overnight:duplicate_exact_contract_bar,development
2021-07-26,2021-07-29,short_atm_straddle,paired_sample_incomplete:intraday:duplicate_exact_contract_bar;overnight:duplicate_exact_contract_bar,development
2021-07-26,2021-07-29,short_iron_fly_w100,paired_sample_incomplete:intraday:duplicate_exact_contract_bar;overnight:duplicate_exact_contract_bar,development
2021-07-26,2021-07-29,short_iron_fly_w200,paired_sample_incomplete:intraday:duplicate_exact_contract_bar;overnight:duplicate_exact_contract_bar,development
2021-07-26,2021-07-29,short_iron_fly_w300,paired_sample_incomplete:intraday:duplicate_exact_contract_bar;overnight:duplicate_exact_contract_bar,development
2021-07-26,2021-07-29,long_iron_fly_w100,paired_sample_incomplete:intraday:duplicate_exact_contract_bar;overnight:duplicate_exact_contract_bar,development
2021-07-26,2021-07-29,long_iron_fly_w200,paired_sample_incomplete:intraday:duplicate_exact_contract_bar;overnight:duplicate_exact_contract_bar,development
2021-07-26,2021-07-29,long_iron_fly_w300,paired_sample_incomplete:intraday:duplicate_exact_contract_bar;overnight:duplicate_exact_contract_bar,development
2021-07-26,2021-07-29,short_iron_condor_100_300,paired_sample_incomplete:intraday:duplicate_exact_contract_bar;overnight:duplicate_exact_contract_bar,development
2021-07-26,2021-07-29,bull_put_credit_100_300,paired_sample_incomplete:intraday:duplicate_exact_contract_bar;overnight:duplicate_exact_contract_bar,development
2021-07-26,2021-07-29,bear_call_credit_100_300,paired_sample_incomplete:intraday:duplicate_exact_contract_bar;overnight:duplicate_exact_contract_bar,development
2021-07-27,2021-07-29,short_atm_straddle,paired_sample_incomplete:intraday:duplicate_exact_contract_bar;overnight:duplicate_exact_contract_bar,development
2021-07-27,2021-07-29,short_iron_fly_w100,paired_sample_incomplete:intraday:duplicate_exact_contract_bar;overnight:duplicate_exact_contract_bar,development
2021-07-27,2021-07-29,short_iron_fly_w200,paired_sample_incomplete:intraday:duplicate_exact_contract_bar;overnight:duplicate_exact_contract_bar,development
2021-07-27,2021-07-29,short_iron_fly_w300,paired_sample_incomplete:intraday:duplicate_exact_contract_bar;overnight:duplicate_exact_contract_bar,development
2021-07-27,2021-07-29,long_iron_fly_w100,paired_sample_incomplete:intraday:duplicate_exact_contract_bar;overnight:duplicate_exact_contract_bar,development
2021-07-27,2021-07-29,long_iron_fly_w200,paired_sample_incomplete:intraday:duplicate_exact_contract_bar;overnight:duplicate_exact_contract_bar,development
2021-07-27,2021-07-29,long_iron_fly_w300,paired_sample_incomplete:intraday:duplicate_exact_contract_bar;overnight:duplicate_exact_contract_bar,development
2021-07-27,2021-07-29,short_iron_condor_100_300,paired_sample_incomplete:intraday:duplicate_exact_contract_bar;overnight:duplicate_exact_contract_bar,development
2021-07-27,2021-07-29,bull_put_credit_100_300,paired_sample_incomplete:intraday:duplicate_exact_contract_bar;overnight:duplicate_exact_contract_bar,development
2021-07-27,2021-07-29,bear_call_credit_100_300,paired_sample_incomplete:intraday:duplicate_exact_contract_bar;overnight:duplicate_exact_contract_bar,development
2021-07-28,2021-08-05,short_atm_straddle,paired_sample_incomplete:intraday:duplicate_exact_contract_bar;overnight:duplicate_exact_contract_bar,development
2021-07-28,2021-08-05,short_iron_fly_w100,paired_sample_incomplete:intraday:duplicate_exact_contract_bar;overnight:duplicate_exact_contract_bar,development
2021-07-28,2021-08-05,short_iron_fly_w200,paired_sample_incomplete:intraday:duplicate_exact_contract_bar;overnight:duplicate_exact_contract_bar,development
2021-07-28,2021-08-05,short_iron_fly_w300,paired_sample_incomplete:intraday:duplicate_exact_contract_bar;overnight:duplicate_exact_contract_bar,development
2021-07-28,2021-08-05,long_iron_fly_w100,paired_sample_incomplete:intraday:duplicate_exact_contract_bar;overnight:duplicate_exact_contract_bar,development
2021-07-28,2021-08-05,long_iron_fly_w200,paired_sample_incomplete:intraday:duplicate_exact_contract_bar;overnight:duplicate_exact_contract_bar,development
2021-07-28,2021-08-05,long_iron_fly_w300,paired_sample_incomplete:intraday:duplicate_exact_contract_bar;overnight:duplicate_exact_contract_bar,development
2021-07-28,2021-08-05,short_iron_condor_100_300,paired_sample_incomplete:intraday:duplicate_exact_contract_bar;overnight:duplicate_exact_contract_bar,development
2021-07-28,2021-08-05,bull_put_credit_100_300,paired_sample_incomplete:intraday:duplicate_exact_contract_bar;overnight:duplicate_exact_contract_bar,development
2021-07-28,2021-08-05,bear_call_credit_100_300,paired_sample_incomplete:intraday:duplicate_exact_contract_bar;overnight:duplicate_exact_contract_bar,development
2021-07-29,2021-08-05,short_atm_straddle,paired_sample_incomplete:intraday:duplicate_exact_contract_bar;overnight:duplicate_exact_contract_bar,development
2021-07-29,2021-08-05,short_iron_fly_w100,paired_sample_incomplete:intraday:duplicate_exact_contract_bar;overnight:duplicate_exact_contract_bar,development
2021-07-29,2021-08-05,short_iron_fly_w200,paired_sample_incomplete:intraday:duplicate_exact_contract_bar;overnight:duplicate_exact_contract_bar,development
2021-07-29,2021-08-05,short_iron_fly_w300,paired_sample_incomplete:intraday:duplicate_exact_contract_bar;overnight:duplicate_exact_contract_bar,development
2021-07-29,2021-08-05,long_iron_fly_w100,paired_sample_incomplete:intraday:duplicate_exact_contract_bar;overnight:duplicate_exact_contract_bar,development
2021-07-29,2021-08-05,long_iron_fly_w200,paired_sample_incomplete:intraday:duplicate_exact_contract_bar;overnight:duplicate_exact_contract_bar,development
2021-07-29,2021-08-05,long_iron_fly_w300,paired_sample_incomplete:intraday:duplicate_exact_contract_bar;overnight:duplicate_exact_contract_bar,development
2021-07-29,2021-08-05,short_iron_condor_100_300,paired_sample_incomplete:intraday:duplicate_exact_contract_bar;overnight:duplicate_exact_contract_bar,development
2021-07-29,2021-08-05,bull_put_credit_100_300,paired_sample_incomplete:intraday:duplicate_exact_contract_bar;overnight:duplicate_exact_contract_bar,development
2021-07-29,2021-08-05,bear_call_credit_100_300,paired_sample_incomplete:intraday:duplicate_exact_contract_bar;overnight:duplicate_exact_contract_bar,development
2021-07-30,2021-08-05,short_atm_straddle,paired_sample_incomplete:intraday:duplicate_exact_contract_bar;overnight:duplicate_exact_contract_bar,development
2021-07-30,2021-08-05,short_iron_fly_w100,paired_sample_incomplete:intraday:duplicate_exact_contract_bar;overnight:duplicate_exact_contract_bar,development
2021-07-30,2021-08-05,short_iron_fly_w200,paired_sample_incomplete:intraday:duplicate_exact_contract_bar;overnight:duplicate_exact_contract_bar,development
2021-07-30,2021-08-05,short_iron_fly_w300,paired_sample_incomplete:intraday:duplicate_exact_contract_bar;overnight:duplicate_exact_contract_bar,development
2021-07-30,2021-08-05,long_iron_fly_w100,paired_sample_incomplete:intraday:duplicate_exact_contract_bar;overnight:duplicate_exact_contract_bar,development
2021-07-30,2021-08-05,long_iron_fly_w200,paired_sample_incomplete:intraday:duplicate_exact_contract_bar;overnight:duplicate_exact_contract_bar,development
2021-07-30,2021-08-05,long_iron_fly_w300,paired_sample_incomplete:intraday:duplicate_exact_contract_bar;overnight:duplicate_exact_contract_bar,development
2021-07-30,2021-08-05,short_iron_condor_100_300,paired_sample_incomplete:intraday:duplicate_exact_contract_bar;overnight:duplicate_exact_contract_bar,development
2021-07-30,2021-08-05,bull_put_credit_100_300,paired_sample_incomplete:intraday:duplicate_exact_contract_bar;overnight:duplicate_exact_contract_bar,development
2021-07-30,2021-08-05,bear_call_credit_100_300,paired_sample_incomplete:intraday:duplicate_exact_contract_bar;overnight:duplicate_exact_contract_bar,development
2021-08-02,2021-08-05,short_atm_straddle,paired_sample_incomplete:intraday:duplicate_exact_contract_bar;overnight:duplicate_exact_contract_bar,development
2021-08-02,2021-08-05,short_iron_fly_w100,paired_sample_incomplete:intraday:duplicate_exact_contract_bar;overnight:duplicate_exact_contract_bar,development
2021-08-02,2021-08-05,short_iron_fly_w200,paired_sample_incomplete:intraday:duplicate_exact_contract_bar;overnight:duplicate_exact_contract_bar,development
2021-08-02,2021-08-05,short_iron_fly_w300,paired_sample_incomplete:intraday:duplicate_exact_contract_bar;overnight:duplicate_exact_contract_bar,development
2021-08-02,2021-08-05,long_iron_fly_w100,paired_sample_incomplete:intraday:duplicate_exact_contract_bar;overnight:duplicate_exact_contract_bar,development
2021-08-02,2021-08-05,long_iron_fly_w200,paired_sample_incomplete:intraday:duplicate_exact_contract_bar;overnight:duplicate_exact_contract_bar,development
2021-08-02,2021-08-05,long_iron_fly_w300,paired_sample_incomplete:intraday:duplicate_exact_contract_bar;overnight:duplicate_exact_contract_bar,development
2021-08-02,2021-08-05,short_iron_condor_100_300,paired_sample_incomplete:intraday:duplicate_exact_contract_bar;overnight:duplicate_exact_contract_bar,development
2021-08-02,2021-08-05,bull_put_credit_100_300,paired_sample_incomplete:intraday:duplicate_exact_contract_bar;overnight:duplicate_exact_contract_bar,development
2021-08-02,2021-08-05,bear_call_credit_100_300,paired_sample_incomplete:intraday:duplicate_exact_contract_bar;overnight:duplicate_exact_contract_bar,development
2021-08-03,2021-08-05,short_atm_straddle,paired_sample_incomplete:intraday:duplicate_exact_contract_bar;overnight:duplicate_exact_contract_bar,development
2021-08-03,2021-08-05,short_iron_fly_w100,paired_sample_incomplete:intraday:duplicate_exact_contract_bar;overnight:duplicate_exact_contract_bar,development
2021-08-03,2021-08-05,short_iron_fly_w200,paired_sample_incomplete:intraday:duplicate_exact_contract_bar;overnight:duplicate_exact_contract_bar,development
2021-08-03,2021-08-05,short_iron_fly_w300,paired_sample_incomplete:intraday:duplicate_exact_contract_bar;overnight:duplicate_exact_contract_bar,development
2021-08-03,2021-08-05,long_iron_fly_w100,paired_sample_incomplete:intraday:duplicate_exact_contract_bar;overnight:duplicate_exact_contract_bar,development
2021-08-03,2021-08-05,long_iron_fly_w200,paired_sample_incomplete:intraday:duplicate_exact_contract_bar;overnight:duplicate_exact_contract_bar,development
2021-08-03,2021-08-05,long_iron_fly_w300,paired_sample_incomplete:intraday:duplicate_exact_contract_bar;overnight:duplicate_exact_contract_bar,development
2021-08-03,2021-08-05,short_iron_condor_100_300,paired_sample_incomplete:intraday:duplicate_exact_contract_bar;overnight:duplicate_exact_contract_bar,development
2021-08-03,2021-08-05,bull_put_credit_100_300,paired_sample_incomplete:intraday:duplicate_exact_contract_bar;overnight:duplicate_exact_contract_bar,development
2021-08-03,2021-08-05,bear_call_credit_100_300,paired_sample_incomplete:intraday:duplicate_exact_contract_bar;overnight:duplicate_exact_contract_bar,development
2021-08-04,2021-08-12,short_atm_straddle,paired_sample_incomplete:intraday:duplicate_exact_contract_bar;overnight:duplicate_exact_contract_bar,development
2021-08-04,2021-08-12,short_iron_fly_w100,paired_sample_incomplete:intraday:duplicate_exact_contract_bar;overnight:duplicate_exact_contract_bar,development
2021-08-04,2021-08-12,short_iron_fly_w200,paired_sample_incomplete:intraday:duplicate_exact_contract_bar;overnight:duplicate_exact_contract_bar,development
2021-08-04,2021-08-12,short_iron_fly_w300,paired_sample_incomplete:intraday:duplicate_exact_contract_bar;overnight:duplicate_exact_contract_bar,development
2021-08-04,2021-08-12,long_iron_fly_w100,paired_sample_incomplete:intraday:duplicate_exact_contract_bar;overnight:duplicate_exact_contract_bar,development
2021-08-04,2021-08-12,long_iron_fly_w200,paired_sample_incomplete:intraday:duplicate_exact_contract_bar;overnight:duplicate_exact_contract_bar,development
2021-08-04,2021-08-12,long_iron_fly_w300,paired_sample_incomplete:intraday:duplicate_exact_contract_bar;overnight:duplicate_exact_contract_bar,development
2021-08-04,2021-08-12,short_iron_condor_100_300,paired_sample_incomplete:intraday:duplicate_exact_contract_bar;overnight:duplicate_exact_contract_bar,development
2021-08-04,2021-08-12,bull_put_credit_100_300,paired_sample_incomplete:intraday:duplicate_exact_contract_bar;overnight:duplicate_exact_contract_bar,development
2021-08-04,2021-08-12,bear_call_credit_100_300,paired_sample_incomplete:intraday:duplicate_exact_contract_bar;overnight:duplicate_exact_contract_bar,development
2021-08-05,2021-08-12,short_atm_straddle,paired_sample_incomplete:intraday:duplicate_exact_contract_bar;overnight:duplicate_exact_contract_bar,development
2021-08-05,2021-08-12,short_iron_fly_w100,paired_sample_incomplete:intraday:duplicate_exact_contract_bar;overnight:duplicate_exact_contract_bar,development
2021-08-05,2021-08-12,short_iron_fly_w200,paired_sample_incomplete:intraday:duplicate_exact_contract_bar;overnight:duplicate_exact_contract_bar,development
2021-08-05,2021-08-12,short_iron_fly_w300,paired_sample_incomplete:intraday:duplicate_exact_contract_bar;overnight:duplicate_exact_contract_bar,development
2021-08-05,2021-08-12,long_iron_fly_w100,paired_sample_incomplete:intraday:duplicate_exact_contract_bar;overnight:duplicate_exact_contract_bar,development
2021-08-05,2021-08-12,long_iron_fly_w200,paired_sample_incomplete:intraday:duplicate_exact_contract_bar;overnight:duplicate_exact_contract_bar,development
2021-08-05,2021-08-12,long_iron_fly_w300,paired_sample_incomplete:intraday:duplicate_exact_contract_bar;overnight:duplicate_exact_contract_bar,development
2021-08-05,2021-08-12,short_iron_condor_100_300,paired_sample_incomplete:intraday:duplicate_exact_contract_bar;overnight:duplicate_exact_contract_bar,development
2021-08-05,2021-08-12,bull_put_credit_100_300,paired_sample_incomplete:intraday:duplicate_exact_contract_bar;overnight:duplicate_exact_contract_bar,development
2021-08-05,2021-08-12,bear_call_credit_100_300,paired_sample_incomplete:intraday:duplicate_exact_contract_bar;overnight:duplicate_exact_contract_bar,development
2021-08-06,2021-08-12,short_atm_straddle,paired_sample_incomplete:intraday:duplicate_exact_contract_bar;overnight:duplicate_exact_contract_bar,development
2021-08-06,2021-08-12,short_iron_fly_w100,paired_sample_incomplete:intraday:duplicate_exact_contract_bar;overnight:duplicate_exact_contract_bar,development
2021-08-06,2021-08-12,short_iron_fly_w200,paired_sample_incomplete:intraday:duplicate_exact_contract_bar;overnight:duplicate_exact_contract_bar,development
2021-08-06,2021-08-12,short_iron_fly_w300,paired_sample_incomplete:intraday:duplicate_exact_contract_bar;overnight:duplicate_exact_contract_bar,development
2021-08-06,2021-08-12,long_iron_fly_w100,paired_sample_incomplete:intraday:duplicate_exact_contract_bar;overnight:duplicate_exact_contract_bar,development
2021-08-06,2021-08-12,long_iron_fly_w200,paired_sample_incomplete:intraday:duplicate_exact_contract_bar;overnight:duplicate_exact_contract_bar,development
2021-08-06,2021-08-12,long_iron_fly_w300,paired_sample_incomplete:intraday:duplicate_exact_contract_bar;overnight:duplicate_exact_contract_bar,development
2021-08-06,2021-08-12,short_iron_condor_100_300,paired_sample_incomplete:intraday:duplicate_exact_contract_bar;overnight:duplicate_exact_contract_bar,development
2021-08-06,2021-08-12,bull_put_credit_100_300,paired_sample_incomplete:intraday:duplicate_exact_contract_bar;overnight:duplicate_exact_contract_bar,development
2021-08-06,2021-08-12,bear_call_credit_100_300,paired_sample_incomplete:intraday:duplicate_exact_contract_bar;overnight:duplicate_exact_contract_bar,development
2021-08-09,2021-08-12,short_atm_straddle,paired_sample_incomplete:intraday:duplicate_exact_contract_bar;overnight:duplicate_exact_contract_bar,development
2021-08-09,2021-08-12,short_iron_fly_w100,paired_sample_incomplete:intraday:duplicate_exact_contract_bar;overnight:duplicate_exact_contract_bar,development
2021-08-09,2021-08-12,short_iron_fly_w200,paired_sample_incomplete:intraday:duplicate_exact_contract_bar;overnight:duplicate_exact_contract_bar,development
2021-08-09,2021-08-12,short_iron_fly_w300,paired_sample_incomplete:intraday:duplicate_exact_contract_bar;overnight:duplicate_exact_contract_bar,development
2021-08-09,2021-08-12,long_iron_fly_w100,paired_sample_incomplete:intraday:duplicate_exact_contract_bar;overnight:duplicate_exact_contract_bar,development
2021-08-09,2021-08-12,long_iron_fly_w200,paired_sample_incomplete:intraday:duplicate_exact_contract_bar;overnight:duplicate_exact_contract_bar,development
2021-08-09,2021-08-12,long_iron_fly_w300,paired_sample_incomplete:intraday:duplicate_exact_contract_bar;overnight:duplicate_exact_contract_bar,development
2021-08-09,2021-08-12,short_iron_condor_100_300,paired_sample_incomplete:intraday:duplicate_exact_contract_bar;overnight:duplicate_exact_contract_bar,development
2021-08-09,2021-08-12,bull_put_credit_100_300,paired_sample_incomplete:intraday:duplicate_exact_contract_bar;overnight:duplicate_exact_contract_bar,development
2021-08-09,2021-08-12,bear_call_credit_100_300,paired_sample_incomplete:intraday:duplicate_exact_contract_bar;overnight:duplicate_exact_contract_bar,development
2021-08-10,2021-08-12,short_atm_straddle,paired_sample_incomplete:intraday:duplicate_exact_contract_bar;overnight:duplicate_exact_contract_bar,development
2021-08-10,2021-08-12,short_iron_fly_w100,paired_sample_incomplete:intraday:duplicate_exact_contract_bar;overnight:duplicate_exact_contract_bar,development
2021-08-10,2021-08-12,short_iron_fly_w200,paired_sample_incomplete:intraday:duplicate_exact_contract_bar;overnight:duplicate_exact_contract_bar,development
2021-08-10,2021-08-12,short_iron_fly_w300,paired_sample_incomplete:intraday:duplicate_exact_contract_bar;overnight:duplicate_exact_contract_bar,development
2021-08-10,2021-08-12,long_iron_fly_w100,paired_sample_incomplete:intraday:duplicate_exact_contract_bar;overnight:duplicate_exact_contract_bar,development
2021-08-10,2021-08-12,long_iron_fly_w200,paired_sample_incomplete:intraday:duplicate_exact_contract_bar;overnight:duplicate_exact_contract_bar,development
2021-08-10,2021-08-12,long_iron_fly_w300,paired_sample_incomplete:intraday:duplicate_exact_contract_bar;overnight:duplicate_exact_contract_bar,development
2021-08-10,2021-08-12,short_iron_condor_100_300,paired_sample_incomplete:intraday:duplicate_exact_contract_bar;overnight:duplicate_exact_contract_bar,development
2021-08-10,2021-08-12,bull_put_credit_100_300,paired_sample_incomplete:intraday:duplicate_exact_contract_bar;overnight:duplicate_exact_contract_bar,development
2021-08-10,2021-08-12,bear_call_credit_100_300,paired_sample_incomplete:intraday:duplicate_exact_contract_bar;overnight:duplicate_exact_contract_bar,development
2021-08-11,2021-08-18,short_atm_straddle,paired_sample_incomplete:intraday:duplicate_exact_contract_bar;overnight:duplicate_exact_contract_bar,development
2021-08-11,2021-08-18,short_iron_fly_w100,paired_sample_incomplete:intraday:duplicate_exact_contract_bar;overnight:duplicate_exact_contract_bar,development
2021-08-11,2021-08-18,short_iron_fly_w200,paired_sample_incomplete:intraday:duplicate_exact_contract_bar;overnight:duplicate_exact_contract_bar,development
2021-08-11,2021-08-18,short_iron_fly_w300,paired_sample_incomplete:intraday:duplicate_exact_contract_bar;overnight:duplicate_exact_contract_bar,development
2021-08-11,2021-08-18,long_iron_fly_w100,paired_sample_incomplete:intraday:duplicate_exact_contract_bar;overnight:duplicate_exact_contract_bar,development
2021-08-11,2021-08-18,long_iron_fly_w200,paired_sample_incomplete:intraday:duplicate_exact_contract_bar;overnight:duplicate_exact_contract_bar,development
2021-08-11,2021-08-18,long_iron_fly_w300,paired_sample_incomplete:intraday:duplicate_exact_contract_bar;overnight:duplicate_exact_contract_bar,development
2021-08-11,2021-08-18,short_iron_condor_100_300,paired_sample_incomplete:intraday:duplicate_exact_contract_bar;overnight:duplicate_exact_contract_bar,development
2021-08-11,2021-08-18,bull_put_credit_100_300,paired_sample_incomplete:intraday:duplicate_exact_contract_bar;overnight:duplicate_exact_contract_bar,development
2021-08-11,2021-08-18,bear_call_credit_100_300,paired_sample_incomplete:intraday:duplicate_exact_contract_bar;overnight:duplicate_exact_contract_bar,development
2021-08-12,2021-08-18,short_atm_straddle,paired_sample_incomplete:intraday:duplicate_exact_contract_bar;overnight:duplicate_exact_contract_bar,development
2021-08-12,2021-08-18,short_iron_fly_w100,paired_sample_incomplete:intraday:duplicate_exact_contract_bar;overnight:duplicate_exact_contract_bar,development
2021-08-12,2021-08-18,short_iron_fly_w200,paired_sample_incomplete:intraday:duplicate_exact_contract_bar;overnight:duplicate_exact_contract_bar,development
2021-08-12,2021-08-18,short_iron_fly_w300,paired_sample_incomplete:intraday:duplicate_exact_contract_bar;overnight:duplicate_exact_contract_bar,development
2021-08-12,2021-08-18,long_iron_fly_w100,paired_sample_incomplete:intraday:duplicate_exact_contract_bar;overnight:duplicate_exact_contract_bar,development
2021-08-12,2021-08-18,long_iron_fly_w200,paired_sample_incomplete:intraday:duplicate_exact_contract_bar;overnight:duplicate_exact_contract_bar,development
2021-08-12,2021-08-18,long_iron_fly_w300,paired_sample_incomplete:intraday:duplicate_exact_contract_bar;overnight:duplicate_exact_contract_bar,development
2021-08-12,2021-08-18,short_iron_condor_100_300,paired_sample_incomplete:intraday:duplicate_exact_contract_bar;overnight:duplicate_exact_contract_bar,development
2021-08-12,2021-08-18,bull_put_credit_100_300,paired_sample_incomplete:intraday:duplicate_exact_contract_bar;overnight:duplicate_exact_contract_bar,development
2021-08-12,2021-08-18,bear_call_credit_100_300,paired_sample_incomplete:intraday:duplicate_exact_contract_bar;overnight:duplicate_exact_contract_bar,development
2021-08-13,2021-08-18,short_atm_straddle,paired_sample_incomplete:intraday:duplicate_exact_contract_bar;overnight:duplicate_exact_contract_bar,development
2021-08-13,2021-08-18,short_iron_fly_w100,paired_sample_incomplete:intraday:duplicate_exact_contract_bar;overnight:duplicate_exact_contract_bar,development
2021-08-13,2021-08-18,short_iron_fly_w200,paired_sample_incomplete:intraday:duplicate_exact_contract_bar;overnight:duplicate_exact_contract_bar,development
2021-08-13,2021-08-18,short_iron_fly_w300,paired_sample_incomplete:intraday:duplicate_exact_contract_bar;overnight:duplicate_exact_contract_bar,development
2021-08-13,2021-08-18,long_iron_fly_w100,paired_sample_incomplete:intraday:duplicate_exact_contract_bar;overnight:duplicate_exact_contract_bar,development
2021-08-13,2021-08-18,long_iron_fly_w200,paired_sample_incomplete:intraday:duplicate_exact_contract_bar;overnight:duplicate_exact_contract_bar,development
2021-08-13,2021-08-18,long_iron_fly_w300,paired_sample_incomplete:intraday:duplicate_exact_contract_bar;overnight:duplicate_exact_contract_bar,development
2021-08-13,2021-08-18,short_iron_condor_100_300,paired_sample_incomplete:intraday:duplicate_exact_contract_bar;overnight:duplicate_exact_contract_bar,development
2021-08-13,2021-08-18,bull_put_credit_100_300,paired_sample_incomplete:intraday:duplicate_exact_contract_bar;overnight:duplicate_exact_contract_bar,development
2021-08-13,2021-08-18,bear_call_credit_100_300,paired_sample_incomplete:intraday:duplicate_exact_contract_bar;overnight:duplicate_exact_contract_bar,development
2021-08-16,2021-08-18,short_atm_straddle,paired_sample_incomplete:intraday:duplicate_exact_contract_bar;overnight:duplicate_exact_contract_bar,development
2021-08-16,2021-08-18,short_iron_fly_w100,paired_sample_incomplete:intraday:duplicate_exact_contract_bar;overnight:duplicate_exact_contract_bar,development
2021-08-16,2021-08-18,short_iron_fly_w200,paired_sample_incomplete:intraday:duplicate_exact_contract_bar;overnight:duplicate_exact_contract_bar,development
2021-08-16,2021-08-18,short_iron_fly_w300,paired_sample_incomplete:intraday:duplicate_exact_contract_bar;overnight:duplicate_exact_contract_bar,development
2021-08-16,2021-08-18,long_iron_fly_w100,paired_sample_incomplete:intraday:duplicate_exact_contract_bar;overnight:duplicate_exact_contract_bar,development
2021-08-16,2021-08-18,long_iron_fly_w200,paired_sample_incomplete:intraday:duplicate_exact_contract_bar;overnight:duplicate_exact_contract_bar,development
2021-08-16,2021-08-18,long_iron_fly_w300,paired_sample_incomplete:intraday:duplicate_exact_contract_bar;overnight:duplicate_exact_contract_bar,development
2021-08-16,2021-08-18,short_iron_condor_100_300,paired_sample_incomplete:intraday:duplicate_exact_contract_bar;overnight:duplicate_exact_contract_bar,development
2021-08-16,2021-08-18,bull_put_credit_100_300,paired_sample_incomplete:intraday:duplicate_exact_contract_bar;overnight:duplicate_exact_contract_bar,development
2021-08-16,2021-08-18,bear_call_credit_100_300,paired_sample_incomplete:intraday:duplicate_exact_contract_bar;overnight:duplicate_exact_contract_bar,development
2021-08-17,2021-08-26,short_atm_straddle,paired_sample_incomplete:intraday:duplicate_exact_contract_bar;overnight:duplicate_exact_contract_bar,development
2021-08-17,2021-08-26,short_iron_fly_w100,paired_sample_incomplete:intraday:duplicate_exact_contract_bar;overnight:duplicate_exact_contract_bar,development
2021-08-17,2021-08-26,short_iron_fly_w200,paired_sample_incomplete:intraday:duplicate_exact_contract_bar;overnight:duplicate_exact_contract_bar,development
2021-08-17,2021-08-26,short_iron_fly_w300,paired_sample_incomplete:intraday:duplicate_exact_contract_bar;overnight:duplicate_exact_contract_bar,development
2021-08-17,2021-08-26,long_iron_fly_w100,paired_sample_incomplete:intraday:duplicate_exact_contract_bar;overnight:duplicate_exact_contract_bar,development
2021-08-17,2021-08-26,long_iron_fly_w200,paired_sample_incomplete:intraday:duplicate_exact_contract_bar;overnight:duplicate_exact_contract_bar,development
2021-08-17,2021-08-26,long_iron_fly_w300,paired_sample_incomplete:intraday:duplicate_exact_contract_bar;overnight:duplicate_exact_contract_bar,development
2021-08-17,2021-08-26,short_iron_condor_100_300,paired_sample_incomplete:intraday:duplicate_exact_contract_bar;overnight:duplicate_exact_contract_bar,development
2021-08-17,2021-08-26,bull_put_credit_100_300,paired_sample_incomplete:intraday:duplicate_exact_contract_bar;overnight:duplicate_exact_contract_bar,development
2021-08-17,2021-08-26,bear_call_credit_100_300,paired_sample_incomplete:intraday:duplicate_exact_contract_bar;overnight:duplicate_exact_contract_bar,development
2021-08-18,2021-08-26,short_atm_straddle,paired_sample_incomplete:intraday:duplicate_exact_contract_bar;overnight:duplicate_exact_contract_bar,development
2021-08-18,2021-08-26,short_iron_fly_w100,paired_sample_incomplete:intraday:duplicate_exact_contract_bar;overnight:duplicate_exact_contract_bar,development
2021-08-18,2021-08-26,short_iron_fly_w200,paired_sample_incomplete:intraday:duplicate_exact_contract_bar;overnight:duplicate_exact_contract_bar,development
2021-08-18,2021-08-26,short_iron_fly_w300,paired_sample_incomplete:intraday:duplicate_exact_contract_bar;overnight:duplicate_exact_contract_bar,development
2021-08-18,2021-08-26,long_iron_fly_w100,paired_sample_incomplete:intraday:duplicate_exact_contract_bar;overnight:duplicate_exact_contract_bar,development
2021-08-18,2021-08-26,long_iron_fly_w200,paired_sample_incomplete:intraday:duplicate_exact_contract_bar;overnight:duplicate_exact_contract_bar,development
2021-08-18,2021-08-26,long_iron_fly_w300,paired_sample_incomplete:intraday:duplicate_exact_contract_bar;overnight:duplicate_exact_contract_bar,development
2021-08-18,2021-08-26,short_iron_condor_100_300,paired_sample_incomplete:intraday:duplicate_exact_contract_bar;overnight:duplicate_exact_contract_bar,development
2021-08-18,2021-08-26,bull_put_credit_100_300,paired_sample_incomplete:intraday:duplicate_exact_contract_bar;overnight:duplicate_exact_contract_bar,development
2021-08-18,2021-08-26,bear_call_credit_100_300,paired_sample_incomplete:intraday:duplicate_exact_contract_bar;overnight:duplicate_exact_contract_bar,development
2021-08-20,2021-08-26,short_atm_straddle,paired_sample_incomplete:intraday:duplicate_exact_contract_bar;overnight:duplicate_exact_contract_bar,development
2021-08-20,2021-08-26,short_iron_fly_w100,paired_sample_incomplete:intraday:duplicate_exact_contract_bar;overnight:duplicate_exact_contract_bar,development
2021-08-20,2021-08-26,short_iron_fly_w200,paired_sample_incomplete:intraday:duplicate_exact_contract_bar;overnight:duplicate_exact_contract_bar,development
2021-08-20,2021-08-26,short_iron_fly_w300,paired_sample_incomplete:intraday:duplicate_exact_contract_bar;overnight:duplicate_exact_contract_bar,development
2021-08-20,2021-08-26,long_iron_fly_w100,paired_sample_incomplete:intraday:duplicate_exact_contract_bar;overnight:duplicate_exact_contract_bar,development
2021-08-20,2021-08-26,long_iron_fly_w200,paired_sample_incomplete:intraday:duplicate_exact_contract_bar;overnight:duplicate_exact_contract_bar,development
2021-08-20,2021-08-26,long_iron_fly_w300,paired_sample_incomplete:intraday:duplicate_exact_contract_bar;overnight:duplicate_exact_contract_bar,development
2021-08-20,2021-08-26,short_iron_condor_100_300,paired_sample_incomplete:intraday:duplicate_exact_contract_bar;overnight:duplicate_exact_contract_bar,development
2021-08-20,2021-08-26,bull_put_credit_100_300,paired_sample_incomplete:intraday:duplicate_exact_contract_bar;overnight:duplicate_exact_contract_bar,development
2021-08-20,2021-08-26,bear_call_credit_100_300,paired_sample_incomplete:intraday:duplicate_exact_contract_bar;overnight:duplicate_exact_contract_bar,development
2021-08-23,2021-08-26,short_atm_straddle,paired_sample_incomplete:intraday:duplicate_exact_contract_bar;overnight:duplicate_exact_contract_bar,development
2021-08-23,2021-08-26,short_iron_fly_w100,paired_sample_incomplete:intraday:duplicate_exact_contract_bar;overnight:duplicate_exact_contract_bar,development
2021-08-23,2021-08-26,short_iron_fly_w200,paired_sample_incomplete:intraday:duplicate_exact_contract_bar;overnight:duplicate_exact_contract_bar,development
2021-08-23,2021-08-26,short_iron_fly_w300,paired_sample_incomplete:intraday:duplicate_exact_contract_bar;overnight:duplicate_exact_contract_bar,development
2021-08-23,2021-08-26,long_iron_fly_w100,paired_sample_incomplete:intraday:duplicate_exact_contract_bar;overnight:duplicate_exact_contract_bar,development
2021-08-23,2021-08-26,long_iron_fly_w200,paired_sample_incomplete:intraday:duplicate_exact_contract_bar;overnight:duplicate_exact_contract_bar,development
2021-08-23,2021-08-26,long_iron_fly_w300,paired_sample_incomplete:intraday:duplicate_exact_contract_bar;overnight:duplicate_exact_contract_bar,development
2021-08-23,2021-08-26,short_iron_condor_100_300,paired_sample_incomplete:intraday:duplicate_exact_contract_bar;overnight:duplicate_exact_contract_bar,development
2021-08-23,2021-08-26,bull_put_credit_100_300,paired_sample_incomplete:intraday:duplicate_exact_contract_bar;overnight:duplicate_exact_contract_bar,development
2021-08-23,2021-08-26,bear_call_credit_100_300,paired_sample_incomplete:intraday:duplicate_exact_contract_bar;overnight:duplicate_exact_contract_bar,development
2021-08-24,2021-08-26,short_atm_straddle,paired_sample_incomplete:intraday:duplicate_exact_contract_bar;overnight:duplicate_exact_contract_bar,development
2021-08-24,2021-08-26,short_iron_fly_w100,paired_sample_incomplete:intraday:duplicate_exact_contract_bar;overnight:duplicate_exact_contract_bar,development
2021-08-24,2021-08-26,short_iron_fly_w200,paired_sample_incomplete:intraday:duplicate_exact_contract_bar;overnight:duplicate_exact_contract_bar,development
2021-08-24,2021-08-26,short_iron_fly_w300,paired_sample_incomplete:intraday:duplicate_exact_contract_bar;overnight:duplicate_exact_contract_bar,development
2021-08-24,2021-08-26,long_iron_fly_w100,paired_sample_incomplete:intraday:duplicate_exact_contract_bar;overnight:duplicate_exact_contract_bar,development
2021-08-24,2021-08-26,long_iron_fly_w200,paired_sample_incomplete:intraday:duplicate_exact_contract_bar;overnight:duplicate_exact_contract_bar,development
2021-08-24,2021-08-26,long_iron_fly_w300,paired_sample_incomplete:intraday:duplicate_exact_contract_bar;overnight:duplicate_exact_contract_bar,development
2021-08-24,2021-08-26,short_iron_condor_100_300,paired_sample_incomplete:intraday:duplicate_exact_contract_bar;overnight:duplicate_exact_contract_bar,development
2021-08-24,2021-08-26,bull_put_credit_100_300,paired_sample_incomplete:intraday:duplicate_exact_contract_bar;overnight:duplicate_exact_contract_bar,development
2021-08-24,2021-08-26,bear_call_credit_100_300,paired_sample_incomplete:intraday:duplicate_exact_contract_bar;overnight:duplicate_exact_contract_bar,development
2021-08-25,2021-09-02,short_atm_straddle,paired_sample_incomplete:intraday:duplicate_exact_contract_bar;overnight:duplicate_exact_contract_bar,development
2021-08-25,2021-09-02,short_iron_fly_w100,paired_sample_incomplete:intraday:duplicate_exact_contract_bar;overnight:duplicate_exact_contract_bar,development
2021-08-25,2021-09-02,short_iron_fly_w200,paired_sample_incomplete:intraday:duplicate_exact_contract_bar;overnight:duplicate_exact_contract_bar,development
2021-08-25,2021-09-02,short_iron_fly_w300,paired_sample_incomplete:intraday:duplicate_exact_contract_bar;overnight:duplicate_exact_contract_bar,development
2021-08-25,2021-09-02,long_iron_fly_w100,paired_sample_incomplete:intraday:duplicate_exact_contract_bar;overnight:duplicate_exact_contract_bar,development
2021-08-25,2021-09-02,long_iron_fly_w200,paired_sample_incomplete:intraday:duplicate_exact_contract_bar;overnight:duplicate_exact_contract_bar,development
2021-08-25,2021-09-02,long_iron_fly_w300,paired_sample_incomplete:intraday:duplicate_exact_contract_bar;overnight:duplicate_exact_contract_bar,development
2021-08-25,2021-09-02,short_iron_condor_100_300,paired_sample_incomplete:intraday:duplicate_exact_contract_bar;overnight:duplicate_exact_contract_bar,development
2021-08-25,2021-09-02,bull_put_credit_100_300,paired_sample_incomplete:intraday:duplicate_exact_contract_bar;overnight:duplicate_exact_contract_bar,development
2021-08-25,2021-09-02,bear_call_credit_100_300,paired_sample_incomplete:intraday:duplicate_exact_contract_bar;overnight:duplicate_exact_contract_bar,development
2021-08-26,2021-09-02,short_atm_straddle,paired_sample_incomplete:intraday:duplicate_exact_contract_bar;overnight:duplicate_exact_contract_bar,development
2021-08-26,2021-09-02,short_iron_fly_w100,paired_sample_incomplete:intraday:duplicate_exact_contract_bar;overnight:duplicate_exact_contract_bar,development
2021-08-26,2021-09-02,short_iron_fly_w200,paired_sample_incomplete:intraday:duplicate_exact_contract_bar;overnight:duplicate_exact_contract_bar,development
2021-08-26,2021-09-02,short_iron_fly_w300,paired_sample_incomplete:intraday:duplicate_exact_contract_bar;overnight:duplicate_exact_contract_bar,development
2021-08-26,2021-09-02,long_iron_fly_w100,paired_sample_incomplete:intraday:duplicate_exact_contract_bar;overnight:duplicate_exact_contract_bar,development
2021-08-26,2021-09-02,long_iron_fly_w200,paired_sample_incomplete:intraday:duplicate_exact_contract_bar;overnight:duplicate_exact_contract_bar,development
2021-08-26,2021-09-02,long_iron_fly_w300,paired_sample_incomplete:intraday:duplicate_exact_contract_bar;overnight:duplicate_exact_contract_bar,development
2021-08-26,2021-09-02,short_iron_condor_100_300,paired_sample_incomplete:intraday:duplicate_exact_contract_bar;overnight:duplicate_exact_contract_bar,development
2021-08-26,2021-09-02,bull_put_credit_100_300,paired_sample_incomplete:intraday:duplicate_exact_contract_bar;overnight:duplicate_exact_contract_bar,development
2021-08-26,2021-09-02,bear_call_credit_100_300,paired_sample_incomplete:intraday:duplicate_exact_contract_bar;overnight:duplicate_exact_contract_bar,development
2021-08-27,2021-09-02,short_atm_straddle,paired_sample_incomplete:intraday:duplicate_exact_contract_bar;overnight:duplicate_exact_contract_bar,development
2021-08-27,2021-09-02,short_iron_fly_w100,paired_sample_incomplete:intraday:duplicate_exact_contract_bar;overnight:duplicate_exact_contract_bar,development
2021-08-27,2021-09-02,short_iron_fly_w200,paired_sample_incomplete:intraday:duplicate_exact_contract_bar;overnight:duplicate_exact_contract_bar,development
2021-08-27,2021-09-02,short_iron_fly_w300,paired_sample_incomplete:intraday:duplicate_exact_contract_bar;overnight:duplicate_exact_contract_bar,development
2021-08-27,2021-09-02,long_iron_fly_w100,paired_sample_incomplete:intraday:duplicate_exact_contract_bar;overnight:duplicate_exact_contract_bar,development
2021-08-27,2021-09-02,long_iron_fly_w200,paired_sample_incomplete:intraday:duplicate_exact_contract_bar;overnight:duplicate_exact_contract_bar,development
2021-08-27,2021-09-02,long_iron_fly_w300,paired_sample_incomplete:intraday:duplicate_exact_contract_bar;overnight:duplicate_exact_contract_bar,development
2021-08-27,2021-09-02,short_iron_condor_100_300,paired_sample_incomplete:intraday:duplicate_exact_contract_bar;overnight:duplicate_exact_contract_bar,development
2021-08-27,2021-09-02,bull_put_credit_100_300,paired_sample_incomplete:intraday:duplicate_exact_contract_bar;overnight:duplicate_exact_contract_bar,development
2021-08-27,2021-09-02,bear_call_credit_100_300,paired_sample_incomplete:intraday:duplicate_exact_contract_bar;overnight:duplicate_exact_contract_bar,development
2021-08-30,2021-09-02,short_atm_straddle,paired_sample_incomplete:intraday:duplicate_exact_contract_bar;overnight:duplicate_exact_contract_bar,development
2021-08-30,2021-09-02,short_iron_fly_w100,paired_sample_incomplete:intraday:duplicate_exact_contract_bar;overnight:duplicate_exact_contract_bar,development
2021-08-30,2021-09-02,short_iron_fly_w200,paired_sample_incomplete:intraday:duplicate_exact_contract_bar;overnight:duplicate_exact_contract_bar,development
2021-08-30,2021-09-02,short_iron_fly_w300,paired_sample_incomplete:intraday:duplicate_exact_contract_bar;overnight:duplicate_exact_contract_bar,development
2021-08-30,2021-09-02,long_iron_fly_w100,paired_sample_incomplete:intraday:duplicate_exact_contract_bar;overnight:duplicate_exact_contract_bar,development
2021-08-30,2021-09-02,long_iron_fly_w200,paired_sample_incomplete:intraday:duplicate_exact_contract_bar;overnight:duplicate_exact_contract_bar,development
2021-08-30,2021-09-02,long_iron_fly_w300,paired_sample_incomplete:intraday:duplicate_exact_contract_bar;overnight:duplicate_exact_contract_bar,development
2021-08-30,2021-09-02,short_iron_condor_100_300,paired_sample_incomplete:intraday:duplicate_exact_contract_bar;overnight:duplicate_exact_contract_bar,development
2021-08-30,2021-09-02,bull_put_credit_100_300,paired_sample_incomplete:intraday:duplicate_exact_contract_bar;overnight:duplicate_exact_contract_bar,development
2021-08-30,2021-09-02,bear_call_credit_100_300,paired_sample_incomplete:intraday:duplicate_exact_contract_bar;overnight:duplicate_exact_contract_bar,development
2021-08-31,2021-09-02,short_atm_straddle,paired_sample_incomplete:intraday:duplicate_exact_contract_bar;overnight:duplicate_exact_contract_bar,development
2021-08-31,2021-09-02,short_iron_fly_w100,paired_sample_incomplete:intraday:duplicate_exact_contract_bar;overnight:duplicate_exact_contract_bar,development
2021-08-31,2021-09-02,short_iron_fly_w200,paired_sample_incomplete:intraday:duplicate_exact_contract_bar;overnight:duplicate_exact_contract_bar,development
2021-08-31,2021-09-02,short_iron_fly_w300,paired_sample_incomplete:intraday:duplicate_exact_contract_bar;overnight:duplicate_exact_contract_bar,development
2021-08-31,2021-09-02,long_iron_fly_w100,paired_sample_incomplete:intraday:duplicate_exact_contract_bar;overnight:duplicate_exact_contract_bar,development
2021-08-31,2021-09-02,long_iron_fly_w200,paired_sample_incomplete:intraday:duplicate_exact_contract_bar;overnight:duplicate_exact_contract_bar,development
2021-08-31,2021-09-02,long_iron_fly_w300,paired_sample_incomplete:intraday:duplicate_exact_contract_bar;overnight:duplicate_exact_contract_bar,development
2021-08-31,2021-09-02,short_iron_condor_100_300,paired_sample_incomplete:intraday:duplicate_exact_contract_bar;overnight:duplicate_exact_contract_bar,development
2021-08-31,2021-09-02,bull_put_credit_100_300,paired_sample_incomplete:intraday:duplicate_exact_contract_bar;overnight:duplicate_exact_contract_bar,development
2021-08-31,2021-09-02,bear_call_credit_100_300,paired_sample_incomplete:intraday:duplicate_exact_contract_bar;overnight:duplicate_exact_contract_bar,development
2021-09-01,2021-09-09,short_atm_straddle,paired_sample_incomplete:intraday:duplicate_exact_contract_bar;overnight:duplicate_exact_contract_bar,development
2021-09-01,2021-09-09,short_iron_fly_w100,paired_sample_incomplete:intraday:duplicate_exact_contract_bar;overnight:duplicate_exact_contract_bar,development
2021-09-01,2021-09-09,short_iron_fly_w200,paired_sample_incomplete:intraday:duplicate_exact_contract_bar;overnight:duplicate_exact_contract_bar,development
2021-09-01,2021-09-09,short_iron_fly_w300,paired_sample_incomplete:intraday:duplicate_exact_contract_bar;overnight:duplicate_exact_contract_bar,development
2021-09-01,2021-09-09,long_iron_fly_w100,paired_sample_incomplete:intraday:duplicate_exact_contract_bar;overnight:duplicate_exact_contract_bar,development
2021-09-01,2021-09-09,long_iron_fly_w200,paired_sample_incomplete:intraday:duplicate_exact_contract_bar;overnight:duplicate_exact_contract_bar,development
2021-09-01,2021-09-09,long_iron_fly_w300,paired_sample_incomplete:intraday:duplicate_exact_contract_bar;overnight:duplicate_exact_contract_bar,development
2021-09-01,2021-09-09,short_iron_condor_100_300,paired_sample_incomplete:intraday:duplicate_exact_contract_bar;overnight:duplicate_exact_contract_bar,development
2021-09-01,2021-09-09,bull_put_credit_100_300,paired_sample_incomplete:intraday:duplicate_exact_contract_bar;overnight:duplicate_exact_contract_bar,development
2021-09-01,2021-09-09,bear_call_credit_100_300,paired_sample_incomplete:intraday:duplicate_exact_contract_bar;overnight:duplicate_exact_contract_bar,development
2021-09-02,2021-09-09,short_atm_straddle,paired_sample_incomplete:intraday:duplicate_exact_contract_bar;overnight:duplicate_exact_contract_bar,development
2021-09-02,2021-09-09,short_iron_fly_w100,paired_sample_incomplete:intraday:duplicate_exact_contract_bar;overnight:duplicate_exact_contract_bar,development
2021-09-02,2021-09-09,short_iron_fly_w200,paired_sample_incomplete:intraday:duplicate_exact_contract_bar;overnight:duplicate_exact_contract_bar,development
2021-09-02,2021-09-09,short_iron_fly_w300,paired_sample_incomplete:intraday:duplicate_exact_contract_bar;overnight:duplicate_exact_contract_bar,development
2021-09-02,2021-09-09,long_iron_fly_w100,paired_sample_incomplete:intraday:duplicate_exact_contract_bar;overnight:duplicate_exact_contract_bar,development
2021-09-02,2021-09-09,long_iron_fly_w200,paired_sample_incomplete:intraday:duplicate_exact_contract_bar;overnight:duplicate_exact_contract_bar,development
2021-09-02,2021-09-09,long_iron_fly_w300,paired_sample_incomplete:intraday:duplicate_exact_contract_bar;overnight:duplicate_exact_contract_bar,development
2021-09-02,2021-09-09,short_iron_condor_100_300,paired_sample_incomplete:intraday:duplicate_exact_contract_bar;overnight:duplicate_exact_contract_bar,development
2021-09-02,2021-09-09,bull_put_credit_100_300,paired_sample_incomplete:intraday:duplicate_exact_contract_bar;overnight:duplicate_exact_contract_bar,development
2021-09-02,2021-09-09,bear_call_credit_100_300,paired_sample_incomplete:intraday:duplicate_exact_contract_bar;overnight:duplicate_exact_contract_bar,development
2021-09-03,2021-09-09,short_atm_straddle,paired_sample_incomplete:intraday:duplicate_exact_contract_bar;overnight:duplicate_exact_contract_bar,development
2021-09-03,2021-09-09,short_iron_fly_w100,paired_sample_incomplete:intraday:duplicate_exact_contract_bar;overnight:duplicate_exact_contract_bar,development
2021-09-03,2021-09-09,short_iron_fly_w200,paired_sample_incomplete:intraday:duplicate_exact_contract_bar;overnight:duplicate_exact_contract_bar,development
2021-09-03,2021-09-09,short_iron_fly_w300,paired_sample_incomplete:intraday:duplicate_exact_contract_bar;overnight:duplicate_exact_contract_bar,development
2021-09-03,2021-09-09,long_iron_fly_w100,paired_sample_incomplete:intraday:duplicate_exact_contract_bar;overnight:duplicate_exact_contract_bar,development
2021-09-03,2021-09-09,long_iron_fly_w200,paired_sample_incomplete:intraday:duplicate_exact_contract_bar;overnight:duplicate_exact_contract_bar,development
2021-09-03,2021-09-09,long_iron_fly_w300,paired_sample_incomplete:intraday:duplicate_exact_contract_bar;overnight:duplicate_exact_contract_bar,development
2021-09-03,2021-09-09,short_iron_condor_100_300,paired_sample_incomplete:intraday:duplicate_exact_contract_bar;overnight:duplicate_exact_contract_bar,development
2021-09-03,2021-09-09,bull_put_credit_100_300,paired_sample_incomplete:intraday:duplicate_exact_contract_bar;overnight:duplicate_exact_contract_bar,development
2021-09-03,2021-09-09,bear_call_credit_100_300,paired_sample_incomplete:intraday:duplicate_exact_contract_bar;overnight:duplicate_exact_contract_bar,development
2021-09-06,2021-09-09,short_atm_straddle,paired_sample_incomplete:intraday:duplicate_exact_contract_bar;overnight:duplicate_exact_contract_bar,development
2021-09-06,2021-09-09,short_iron_fly_w100,paired_sample_incomplete:intraday:duplicate_exact_contract_bar;overnight:duplicate_exact_contract_bar,development
2021-09-06,2021-09-09,short_iron_fly_w200,paired_sample_incomplete:intraday:duplicate_exact_contract_bar;overnight:duplicate_exact_contract_bar,development
2021-09-06,2021-09-09,short_iron_fly_w300,paired_sample_incomplete:intraday:duplicate_exact_contract_bar;overnight:duplicate_exact_contract_bar,development
2021-09-06,2021-09-09,long_iron_fly_w100,paired_sample_incomplete:intraday:duplicate_exact_contract_bar;overnight:duplicate_exact_contract_bar,development
2021-09-06,2021-09-09,long_iron_fly_w200,paired_sample_incomplete:intraday:duplicate_exact_contract_bar;overnight:duplicate_exact_contract_bar,development
2021-09-06,2021-09-09,long_iron_fly_w300,paired_sample_incomplete:intraday:duplicate_exact_contract_bar;overnight:duplicate_exact_contract_bar,development
2021-09-06,2021-09-09,short_iron_condor_100_300,paired_sample_incomplete:intraday:duplicate_exact_contract_bar;overnight:duplicate_exact_contract_bar,development
2021-09-06,2021-09-09,bull_put_credit_100_300,paired_sample_incomplete:intraday:duplicate_exact_contract_bar;overnight:duplicate_exact_contract_bar,development
2021-09-06,2021-09-09,bear_call_credit_100_300,paired_sample_incomplete:intraday:duplicate_exact_contract_bar;overnight:duplicate_exact_contract_bar,development
2021-09-07,2021-09-09,short_atm_straddle,paired_sample_incomplete:intraday:duplicate_exact_contract_bar;overnight:duplicate_exact_contract_bar,development
2021-09-07,2021-09-09,short_iron_fly_w100,paired_sample_incomplete:intraday:duplicate_exact_contract_bar;overnight:duplicate_exact_contract_bar,development
2021-09-07,2021-09-09,short_iron_fly_w200,paired_sample_incomplete:intraday:duplicate_exact_contract_bar;overnight:duplicate_exact_contract_bar,development
2021-09-07,2021-09-09,short_iron_fly_w300,paired_sample_incomplete:intraday:duplicate_exact_contract_bar;overnight:duplicate_exact_contract_bar,development
2021-09-07,2021-09-09,long_iron_fly_w100,paired_sample_incomplete:intraday:duplicate_exact_contract_bar;overnight:duplicate_exact_contract_bar,development
2021-09-07,2021-09-09,long_iron_fly_w200,paired_sample_incomplete:intraday:duplicate_exact_contract_bar;overnight:duplicate_exact_contract_bar,development
2021-09-07,2021-09-09,long_iron_fly_w300,paired_sample_incomplete:intraday:duplicate_exact_contract_bar;overnight:duplicate_exact_contract_bar,development
2021-09-07,2021-09-09,short_iron_condor_100_300,paired_sample_incomplete:intraday:duplicate_exact_contract_bar;overnight:duplicate_exact_contract_bar,development
2021-09-07,2021-09-09,bull_put_credit_100_300,paired_sample_incomplete:intraday:duplicate_exact_contract_bar;overnight:duplicate_exact_contract_bar,development
2021-09-07,2021-09-09,bear_call_credit_100_300,paired_sample_incomplete:intraday:duplicate_exact_contract_bar;overnight:duplicate_exact_contract_bar,development
2021-09-08,2021-09-16,short_atm_straddle,paired_sample_incomplete:intraday:duplicate_exact_contract_bar;overnight:duplicate_exact_contract_bar,development
2021-09-08,2021-09-16,short_iron_fly_w100,paired_sample_incomplete:intraday:duplicate_exact_contract_bar;overnight:duplicate_exact_contract_bar,development
2021-09-08,2021-09-16,short_iron_fly_w200,paired_sample_incomplete:intraday:duplicate_exact_contract_bar;overnight:duplicate_exact_contract_bar,development
2021-09-08,2021-09-16,short_iron_fly_w300,paired_sample_incomplete:intraday:duplicate_exact_contract_bar;overnight:duplicate_exact_contract_bar,development
2021-09-08,2021-09-16,long_iron_fly_w100,paired_sample_incomplete:intraday:duplicate_exact_contract_bar;overnight:duplicate_exact_contract_bar,development
2021-09-08,2021-09-16,long_iron_fly_w200,paired_sample_incomplete:intraday:duplicate_exact_contract_bar;overnight:duplicate_exact_contract_bar,development
2021-09-08,2021-09-16,long_iron_fly_w300,paired_sample_incomplete:intraday:duplicate_exact_contract_bar;overnight:duplicate_exact_contract_bar,development
2021-09-08,2021-09-16,short_iron_condor_100_300,paired_sample_incomplete:intraday:duplicate_exact_contract_bar;overnight:duplicate_exact_contract_bar,development
2021-09-08,2021-09-16,bull_put_credit_100_300,paired_sample_incomplete:intraday:duplicate_exact_contract_bar;overnight:duplicate_exact_contract_bar,development
2021-09-08,2021-09-16,bear_call_credit_100_300,paired_sample_incomplete:intraday:duplicate_exact_contract_bar;overnight:duplicate_exact_contract_bar,development
2021-09-09,2021-09-16,short_atm_straddle,paired_sample_incomplete:intraday:duplicate_exact_contract_bar;overnight:duplicate_exact_contract_bar,development
2021-09-09,2021-09-16,short_iron_fly_w100,paired_sample_incomplete:intraday:duplicate_exact_contract_bar;overnight:duplicate_exact_contract_bar,development
2021-09-09,2021-09-16,short_iron_fly_w200,paired_sample_incomplete:intraday:duplicate_exact_contract_bar;overnight:duplicate_exact_contract_bar,development
2021-09-09,2021-09-16,short_iron_fly_w300,paired_sample_incomplete:intraday:duplicate_exact_contract_bar;overnight:duplicate_exact_contract_bar,development
2021-09-09,2021-09-16,long_iron_fly_w100,paired_sample_incomplete:intraday:duplicate_exact_contract_bar;overnight:duplicate_exact_contract_bar,development
2021-09-09,2021-09-16,long_iron_fly_w200,paired_sample_incomplete:intraday:duplicate_exact_contract_bar;overnight:duplicate_exact_contract_bar,development
2021-09-09,2021-09-16,long_iron_fly_w300,paired_sample_incomplete:intraday:duplicate_exact_contract_bar;overnight:duplicate_exact_contract_bar,development
2021-09-09,2021-09-16,short_iron_condor_100_300,paired_sample_incomplete:intraday:duplicate_exact_contract_bar;overnight:duplicate_exact_contract_bar,development
2021-09-09,2021-09-16,bull_put_credit_100_300,paired_sample_incomplete:intraday:duplicate_exact_contract_bar;overnight:duplicate_exact_contract_bar,development
2021-09-09,2021-09-16,bear_call_credit_100_300,paired_sample_incomplete:intraday:duplicate_exact_contract_bar;overnight:duplicate_exact_contract_bar,development
2021-09-13,2021-09-16,short_atm_straddle,paired_sample_incomplete:intraday:duplicate_exact_contract_bar;overnight:duplicate_exact_contract_bar,development
2021-09-13,2021-09-16,short_iron_fly_w100,paired_sample_incomplete:intraday:duplicate_exact_contract_bar;overnight:duplicate_exact_contract_bar,development
2021-09-13,2021-09-16,short_iron_fly_w200,paired_sample_incomplete:intraday:duplicate_exact_contract_bar;overnight:duplicate_exact_contract_bar,development
2021-09-13,2021-09-16,short_iron_fly_w300,paired_sample_incomplete:intraday:duplicate_exact_contract_bar;overnight:duplicate_exact_contract_bar,development
2021-09-13,2021-09-16,long_iron_fly_w100,paired_sample_incomplete:intraday:duplicate_exact_contract_bar;overnight:duplicate_exact_contract_bar,development
2021-09-13,2021-09-16,long_iron_fly_w200,paired_sample_incomplete:intraday:duplicate_exact_contract_bar;overnight:duplicate_exact_contract_bar,development
2021-09-13,2021-09-16,long_iron_fly_w300,paired_sample_incomplete:intraday:duplicate_exact_contract_bar;overnight:duplicate_exact_contract_bar,development
2021-09-13,2021-09-16,short_iron_condor_100_300,paired_sample_incomplete:intraday:duplicate_exact_contract_bar;overnight:duplicate_exact_contract_bar,development
2021-09-13,2021-09-16,bull_put_credit_100_300,paired_sample_incomplete:intraday:duplicate_exact_contract_bar;overnight:duplicate_exact_contract_bar,development
2021-09-13,2021-09-16,bear_call_credit_100_300,paired_sample_incomplete:intraday:duplicate_exact_contract_bar;overnight:duplicate_exact_contract_bar,development
2021-09-14,2021-09-16,short_atm_straddle,paired_sample_incomplete:intraday:duplicate_exact_contract_bar;overnight:duplicate_exact_contract_bar,development
2021-09-14,2021-09-16,short_iron_fly_w100,paired_sample_incomplete:intraday:duplicate_exact_contract_bar;overnight:duplicate_exact_contract_bar,development
2021-09-14,2021-09-16,short_iron_fly_w200,paired_sample_incomplete:intraday:duplicate_exact_contract_bar;overnight:duplicate_exact_contract_bar,development
2021-09-14,2021-09-16,short_iron_fly_w300,paired_sample_incomplete:intraday:duplicate_exact_contract_bar;overnight:duplicate_exact_contract_bar,development
2021-09-14,2021-09-16,long_iron_fly_w100,paired_sample_incomplete:intraday:duplicate_exact_contract_bar;overnight:duplicate_exact_contract_bar,development
2021-09-14,2021-09-16,long_iron_fly_w200,paired_sample_incomplete:intraday:duplicate_exact_contract_bar;overnight:duplicate_exact_contract_bar,development
2021-09-14,2021-09-16,long_iron_fly_w300,paired_sample_incomplete:intraday:duplicate_exact_contract_bar;overnight:duplicate_exact_contract_bar,development
2021-09-14,2021-09-16,short_iron_condor_100_300,paired_sample_incomplete:intraday:duplicate_exact_contract_bar;overnight:duplicate_exact_contract_bar,development
2021-09-14,2021-09-16,bull_put_credit_100_300,paired_sample_incomplete:intraday:duplicate_exact_contract_bar;overnight:duplicate_exact_contract_bar,development
2021-09-14,2021-09-16,bear_call_credit_100_300,paired_sample_incomplete:intraday:duplicate_exact_contract_bar;overnight:duplicate_exact_contract_bar,development
2021-09-15,2021-09-23,short_atm_straddle,paired_sample_incomplete:intraday:duplicate_exact_contract_bar;overnight:duplicate_exact_contract_bar,development
2021-09-15,2021-09-23,short_iron_fly_w100,paired_sample_incomplete:intraday:duplicate_exact_contract_bar;overnight:duplicate_exact_contract_bar,development
2021-09-15,2021-09-23,short_iron_fly_w200,paired_sample_incomplete:intraday:duplicate_exact_contract_bar;overnight:duplicate_exact_contract_bar,development
2021-09-15,2021-09-23,short_iron_fly_w300,paired_sample_incomplete:intraday:duplicate_exact_contract_bar;overnight:duplicate_exact_contract_bar,development
2021-09-15,2021-09-23,long_iron_fly_w100,paired_sample_incomplete:intraday:duplicate_exact_contract_bar;overnight:duplicate_exact_contract_bar,development
2021-09-15,2021-09-23,long_iron_fly_w200,paired_sample_incomplete:intraday:duplicate_exact_contract_bar;overnight:duplicate_exact_contract_bar,development
2021-09-15,2021-09-23,long_iron_fly_w300,paired_sample_incomplete:intraday:duplicate_exact_contract_bar;overnight:duplicate_exact_contract_bar,development
2021-09-15,2021-09-23,short_iron_condor_100_300,paired_sample_incomplete:intraday:duplicate_exact_contract_bar;overnight:duplicate_exact_contract_bar,development
2021-09-15,2021-09-23,bull_put_credit_100_300,paired_sample_incomplete:intraday:duplicate_exact_contract_bar;overnight:duplicate_exact_contract_bar,development
2021-09-15,2021-09-23,bear_call_credit_100_300,paired_sample_incomplete:intraday:duplicate_exact_contract_bar;overnight:duplicate_exact_contract_bar,development
2021-09-16,2021-09-23,short_atm_straddle,paired_sample_incomplete:intraday:duplicate_exact_contract_bar;overnight:duplicate_exact_contract_bar,development
2021-09-16,2021-09-23,short_iron_fly_w100,paired_sample_incomplete:intraday:duplicate_exact_contract_bar;overnight:duplicate_exact_contract_bar,development
2021-09-16,2021-09-23,short_iron_fly_w200,paired_sample_incomplete:intraday:duplicate_exact_contract_bar;overnight:duplicate_exact_contract_bar,development
2021-09-16,2021-09-23,short_iron_fly_w300,paired_sample_incomplete:intraday:duplicate_exact_contract_bar;overnight:duplicate_exact_contract_bar,development
2021-09-16,2021-09-23,long_iron_fly_w100,paired_sample_incomplete:intraday:duplicate_exact_contract_bar;overnight:duplicate_exact_contract_bar,development
2021-09-16,2021-09-23,long_iron_fly_w200,paired_sample_incomplete:intraday:duplicate_exact_contract_bar;overnight:duplicate_exact_contract_bar,development
2021-09-16,2021-09-23,long_iron_fly_w300,paired_sample_incomplete:intraday:duplicate_exact_contract_bar;overnight:duplicate_exact_contract_bar,development
2021-09-16,2021-09-23,short_iron_condor_100_300,paired_sample_incomplete:intraday:duplicate_exact_contract_bar;overnight:duplicate_exact_contract_bar,development
2021-09-16,2021-09-23,bull_put_credit_100_300,paired_sample_incomplete:intraday:duplicate_exact_contract_bar;overnight:duplicate_exact_contract_bar,development
2021-09-16,2021-09-23,bear_call_credit_100_300,paired_sample_incomplete:intraday:duplicate_exact_contract_bar;overnight:duplicate_exact_contract_bar,development
2021-09-17,2021-09-23,short_atm_straddle,paired_sample_incomplete:intraday:duplicate_exact_contract_bar;overnight:duplicate_exact_contract_bar,development
2021-09-17,2021-09-23,short_iron_fly_w100,paired_sample_incomplete:intraday:duplicate_exact_contract_bar;overnight:duplicate_exact_contract_bar,development
2021-09-17,2021-09-23,short_iron_fly_w200,paired_sample_incomplete:intraday:duplicate_exact_contract_bar;overnight:duplicate_exact_contract_bar,development
2021-09-17,2021-09-23,short_iron_fly_w300,paired_sample_incomplete:intraday:duplicate_exact_contract_bar;overnight:duplicate_exact_contract_bar,development
2021-09-17,2021-09-23,long_iron_fly_w100,paired_sample_incomplete:intraday:duplicate_exact_contract_bar;overnight:duplicate_exact_contract_bar,development
2021-09-17,2021-09-23,long_iron_fly_w200,paired_sample_incomplete:intraday:duplicate_exact_contract_bar;overnight:duplicate_exact_contract_bar,development
2021-09-17,2021-09-23,long_iron_fly_w300,paired_sample_incomplete:intraday:duplicate_exact_contract_bar;overnight:duplicate_exact_contract_bar,development
2021-09-17,2021-09-23,short_iron_condor_100_300,paired_sample_incomplete:intraday:duplicate_exact_contract_bar;overnight:duplicate_exact_contract_bar,development
2021-09-17,2021-09-23,bull_put_credit_100_300,paired_sample_incomplete:intraday:duplicate_exact_contract_bar;overnight:duplicate_exact_contract_bar,development
2021-09-17,2021-09-23,bear_call_credit_100_300,paired_sample_incomplete:intraday:duplicate_exact_contract_bar;overnight:duplicate_exact_contract_bar,development
2021-09-20,2021-09-23,short_atm_straddle,paired_sample_incomplete:intraday:duplicate_exact_contract_bar;overnight:duplicate_exact_contract_bar,development
2021-09-20,2021-09-23,short_iron_fly_w100,paired_sample_incomplete:intraday:duplicate_exact_contract_bar;overnight:duplicate_exact_contract_bar,development
2021-09-20,2021-09-23,short_iron_fly_w200,paired_sample_incomplete:intraday:duplicate_exact_contract_bar;overnight:duplicate_exact_contract_bar,development
2021-09-20,2021-09-23,short_iron_fly_w300,paired_sample_incomplete:intraday:duplicate_exact_contract_bar;overnight:duplicate_exact_contract_bar,development
2021-09-20,2021-09-23,long_iron_fly_w100,paired_sample_incomplete:intraday:duplicate_exact_contract_bar;overnight:duplicate_exact_contract_bar,development
2021-09-20,2021-09-23,long_iron_fly_w200,paired_sample_incomplete:intraday:duplicate_exact_contract_bar;overnight:duplicate_exact_contract_bar,development
2021-09-20,2021-09-23,long_iron_fly_w300,paired_sample_incomplete:intraday:duplicate_exact_contract_bar;overnight:duplicate_exact_contract_bar,development
2021-09-20,2021-09-23,short_iron_condor_100_300,paired_sample_incomplete:intraday:duplicate_exact_contract_bar;overnight:duplicate_exact_contract_bar,development
2021-09-20,2021-09-23,bull_put_credit_100_300,paired_sample_incomplete:intraday:duplicate_exact_contract_bar;overnight:duplicate_exact_contract_bar,development
2021-09-20,2021-09-23,bear_call_credit_100_300,paired_sample_incomplete:intraday:duplicate_exact_contract_bar;overnight:duplicate_exact_contract_bar,development
2021-09-21,2021-09-23,short_atm_straddle,paired_sample_incomplete:intraday:duplicate_exact_contract_bar;overnight:duplicate_exact_contract_bar,development
2021-09-21,2021-09-23,short_iron_fly_w100,paired_sample_incomplete:intraday:duplicate_exact_contract_bar;overnight:duplicate_exact_contract_bar,development
2021-09-21,2021-09-23,short_iron_fly_w200,paired_sample_incomplete:intraday:duplicate_exact_contract_bar;overnight:duplicate_exact_contract_bar,development
2021-09-21,2021-09-23,short_iron_fly_w300,paired_sample_incomplete:intraday:duplicate_exact_contract_bar;overnight:duplicate_exact_contract_bar,development
2021-09-21,2021-09-23,long_iron_fly_w100,paired_sample_incomplete:intraday:duplicate_exact_contract_bar;overnight:duplicate_exact_contract_bar,development
2021-09-21,2021-09-23,long_iron_fly_w200,paired_sample_incomplete:intraday:duplicate_exact_contract_bar;overnight:duplicate_exact_contract_bar,development
2021-09-21,2021-09-23,long_iron_fly_w300,paired_sample_incomplete:intraday:duplicate_exact_contract_bar;overnight:duplicate_exact_contract_bar,development
2021-09-21,2021-09-23,short_iron_condor_100_300,paired_sample_incomplete:intraday:duplicate_exact_contract_bar;overnight:duplicate_exact_contract_bar,development
2021-09-21,2021-09-23,bull_put_credit_100_300,paired_sample_incomplete:intraday:duplicate_exact_contract_bar;overnight:duplicate_exact_contract_bar,development
2021-09-21,2021-09-23,bear_call_credit_100_300,paired_sample_incomplete:intraday:duplicate_exact_contract_bar;overnight:duplicate_exact_contract_bar,development
2021-09-22,2021-09-30,short_iron_fly_w200,paired_sample_incomplete:intraday:duplicate_exact_contract_bar;overnight:duplicate_exact_contract_bar,development
2021-09-22,2021-09-30,short_iron_fly_w300,paired_sample_incomplete:intraday:duplicate_exact_contract_bar;overnight:duplicate_exact_contract_bar,development
2021-09-22,2021-09-30,long_iron_fly_w200,paired_sample_incomplete:intraday:duplicate_exact_contract_bar;overnight:duplicate_exact_contract_bar,development
2021-09-22,2021-09-30,long_iron_fly_w300,paired_sample_incomplete:intraday:duplicate_exact_contract_bar;overnight:duplicate_exact_contract_bar,development
2021-09-22,2021-09-30,short_iron_condor_100_300,paired_sample_incomplete:intraday:duplicate_exact_contract_bar;overnight:duplicate_exact_contract_bar,development
2021-09-22,2021-09-30,bull_put_credit_100_300,paired_sample_incomplete:intraday:duplicate_exact_contract_bar;overnight:duplicate_exact_contract_bar,development
2021-09-23,2021-09-30,short_atm_straddle,paired_sample_incomplete:intraday:duplicate_exact_contract_bar;overnight:duplicate_exact_contract_bar,development
2021-09-23,2021-09-30,short_iron_fly_w100,paired_sample_incomplete:intraday:duplicate_exact_contract_bar;overnight:duplicate_exact_contract_bar,development
2021-09-23,2021-09-30,short_iron_fly_w200,paired_sample_incomplete:intraday:duplicate_exact_contract_bar;overnight:duplicate_exact_contract_bar,development
2021-09-23,2021-09-30,short_iron_fly_w300,paired_sample_incomplete:intraday:duplicate_exact_contract_bar;overnight:duplicate_exact_contract_bar,development
2021-09-23,2021-09-30,long_iron_fly_w100,paired_sample_incomplete:intraday:duplicate_exact_contract_bar;overnight:duplicate_exact_contract_bar,development
2021-09-23,2021-09-30,long_iron_fly_w200,paired_sample_incomplete:intraday:duplicate_exact_contract_bar;overnight:duplicate_exact_contract_bar,development
2021-09-23,2021-09-30,long_iron_fly_w300,paired_sample_incomplete:intraday:duplicate_exact_contract_bar;overnight:duplicate_exact_contract_bar,development
2021-09-23,2021-09-30,short_iron_condor_100_300,paired_sample_incomplete:intraday:duplicate_exact_contract_bar;overnight:duplicate_exact_contract_bar,development
2021-09-23,2021-09-30,bull_put_credit_100_300,paired_sample_incomplete:intraday:duplicate_exact_contract_bar;overnight:duplicate_exact_contract_bar,development
2021-09-23,2021-09-30,bear_call_credit_100_300,paired_sample_incomplete:intraday:duplicate_exact_contract_bar;overnight:duplicate_exact_contract_bar,development
2021-09-24,2021-09-30,short_atm_straddle,paired_sample_incomplete:intraday:duplicate_exact_contract_bar;overnight:duplicate_exact_contract_bar,development
2021-09-24,2021-09-30,short_iron_fly_w100,paired_sample_incomplete:intraday:duplicate_exact_contract_bar;overnight:duplicate_exact_contract_bar,development
2021-09-24,2021-09-30,short_iron_fly_w200,paired_sample_incomplete:intraday:duplicate_exact_contract_bar;overnight:duplicate_exact_contract_bar,development
2021-09-24,2021-09-30,short_iron_fly_w300,paired_sample_incomplete:intraday:duplicate_exact_contract_bar;overnight:duplicate_exact_contract_bar,development
2021-09-24,2021-09-30,long_iron_fly_w100,paired_sample_incomplete:intraday:duplicate_exact_contract_bar;overnight:duplicate_exact_contract_bar,development
2021-09-24,2021-09-30,long_iron_fly_w200,paired_sample_incomplete:intraday:duplicate_exact_contract_bar;overnight:duplicate_exact_contract_bar,development
2021-09-24,2021-09-30,long_iron_fly_w300,paired_sample_incomplete:intraday:duplicate_exact_contract_bar;overnight:duplicate_exact_contract_bar,development
2021-09-24,2021-09-30,short_iron_condor_100_300,paired_sample_incomplete:intraday:duplicate_exact_contract_bar;overnight:duplicate_exact_contract_bar,development
2021-09-24,2021-09-30,bull_put_credit_100_300,paired_sample_incomplete:intraday:duplicate_exact_contract_bar;overnight:duplicate_exact_contract_bar,development
2021-09-24,2021-09-30,bear_call_credit_100_300,paired_sample_incomplete:intraday:duplicate_exact_contract_bar;overnight:duplicate_exact_contract_bar,development
2021-09-27,2021-09-30,short_atm_straddle,paired_sample_incomplete:intraday:duplicate_exact_contract_bar;overnight:duplicate_exact_contract_bar,development
2021-09-27,2021-09-30,short_iron_fly_w100,paired_sample_incomplete:intraday:duplicate_exact_contract_bar;overnight:duplicate_exact_contract_bar,development
2021-09-27,2021-09-30,short_iron_fly_w200,paired_sample_incomplete:intraday:duplicate_exact_contract_bar;overnight:duplicate_exact_contract_bar,development
2021-09-27,2021-09-30,short_iron_fly_w300,paired_sample_incomplete:intraday:duplicate_exact_contract_bar;overnight:duplicate_exact_contract_bar,development
2021-09-27,2021-09-30,long_iron_fly_w100,paired_sample_incomplete:intraday:duplicate_exact_contract_bar;overnight:duplicate_exact_contract_bar,development
2021-09-27,2021-09-30,long_iron_fly_w200,paired_sample_incomplete:intraday:duplicate_exact_contract_bar;overnight:duplicate_exact_contract_bar,development
2021-09-27,2021-09-30,long_iron_fly_w300,paired_sample_incomplete:intraday:duplicate_exact_contract_bar;overnight:duplicate_exact_contract_bar,development
2021-09-27,2021-09-30,short_iron_condor_100_300,paired_sample_incomplete:intraday:duplicate_exact_contract_bar;overnight:duplicate_exact_contract_bar,development
2021-09-27,2021-09-30,bull_put_credit_100_300,paired_sample_incomplete:intraday:duplicate_exact_contract_bar;overnight:duplicate_exact_contract_bar,development
2021-09-27,2021-09-30,bear_call_credit_100_300,paired_sample_incomplete:intraday:duplicate_exact_contract_bar;overnight:duplicate_exact_contract_bar,development
2021-09-28,2021-09-30,short_atm_straddle,paired_sample_incomplete:intraday:duplicate_exact_contract_bar;overnight:duplicate_exact_contract_bar,development
2021-09-28,2021-09-30,short_iron_fly_w100,paired_sample_incomplete:intraday:duplicate_exact_contract_bar;overnight:duplicate_exact_contract_bar,development
2021-09-28,2021-09-30,short_iron_fly_w200,paired_sample_incomplete:intraday:duplicate_exact_contract_bar;overnight:duplicate_exact_contract_bar,development
2021-09-28,2021-09-30,short_iron_fly_w300,paired_sample_incomplete:intraday:duplicate_exact_contract_bar;overnight:duplicate_exact_contract_bar,development
2021-09-28,2021-09-30,long_iron_fly_w100,paired_sample_incomplete:intraday:duplicate_exact_contract_bar;overnight:duplicate_exact_contract_bar,development
2021-09-28,2021-09-30,long_iron_fly_w200,paired_sample_incomplete:intraday:duplicate_exact_contract_bar;overnight:duplicate_exact_contract_bar,development
2021-09-28,2021-09-30,long_iron_fly_w300,paired_sample_incomplete:intraday:duplicate_exact_contract_bar;overnight:duplicate_exact_contract_bar,development
2021-09-28,2021-09-30,short_iron_condor_100_300,paired_sample_incomplete:intraday:duplicate_exact_contract_bar;overnight:duplicate_exact_contract_bar,development
2021-09-28,2021-09-30,bull_put_credit_100_300,paired_sample_incomplete:intraday:duplicate_exact_contract_bar;overnight:duplicate_exact_contract_bar,development
2021-09-28,2021-09-30,bear_call_credit_100_300,paired_sample_incomplete:intraday:duplicate_exact_contract_bar;overnight:duplicate_exact_contract_bar,development
2021-09-29,2021-10-07,short_atm_straddle,paired_sample_incomplete:intraday:duplicate_exact_contract_bar;overnight:duplicate_exact_contract_bar,development
2021-09-29,2021-10-07,short_iron_fly_w100,paired_sample_incomplete:intraday:duplicate_exact_contract_bar;overnight:duplicate_exact_contract_bar,development
2021-09-29,2021-10-07,short_iron_fly_w200,paired_sample_incomplete:intraday:duplicate_exact_contract_bar;overnight:duplicate_exact_contract_bar,development
2021-09-29,2021-10-07,short_iron_fly_w300,paired_sample_incomplete:intraday:duplicate_exact_contract_bar;overnight:duplicate_exact_contract_bar,development
2021-09-29,2021-10-07,long_iron_fly_w100,paired_sample_incomplete:intraday:duplicate_exact_contract_bar;overnight:duplicate_exact_contract_bar,development
2021-09-29,2021-10-07,long_iron_fly_w200,paired_sample_incomplete:intraday:duplicate_exact_contract_bar;overnight:duplicate_exact_contract_bar,development
2021-09-29,2021-10-07,long_iron_fly_w300,paired_sample_incomplete:intraday:duplicate_exact_contract_bar;overnight:duplicate_exact_contract_bar,development
2021-09-29,2021-10-07,short_iron_condor_100_300,paired_sample_incomplete:intraday:duplicate_exact_contract_bar;overnight:duplicate_exact_contract_bar,development
2021-09-29,2021-10-07,bull_put_credit_100_300,paired_sample_incomplete:intraday:duplicate_exact_contract_bar;overnight:duplicate_exact_contract_bar,development
2021-09-29,2021-10-07,bear_call_credit_100_300,paired_sample_incomplete:intraday:duplicate_exact_contract_bar;overnight:duplicate_exact_contract_bar,development
2021-09-30,2021-10-07,short_atm_straddle,paired_sample_incomplete:intraday:duplicate_exact_contract_bar;overnight:duplicate_exact_contract_bar,development
2021-09-30,2021-10-07,short_iron_fly_w100,paired_sample_incomplete:intraday:duplicate_exact_contract_bar;overnight:duplicate_exact_contract_bar,development
2021-09-30,2021-10-07,short_iron_fly_w200,paired_sample_incomplete:intraday:duplicate_exact_contract_bar;overnight:duplicate_exact_contract_bar,development
2021-09-30,2021-10-07,short_iron_fly_w300,paired_sample_incomplete:intraday:duplicate_exact_contract_bar;overnight:duplicate_exact_contract_bar,development
2021-09-30,2021-10-07,long_iron_fly_w100,paired_sample_incomplete:intraday:duplicate_exact_contract_bar;overnight:duplicate_exact_contract_bar,development
2021-09-30,2021-10-07,long_iron_fly_w200,paired_sample_incomplete:intraday:duplicate_exact_contract_bar;overnight:duplicate_exact_contract_bar,development
2021-09-30,2021-10-07,long_iron_fly_w300,paired_sample_incomplete:intraday:duplicate_exact_contract_bar;overnight:duplicate_exact_contract_bar,development
2021-09-30,2021-10-07,short_iron_condor_100_300,paired_sample_incomplete:intraday:duplicate_exact_contract_bar;overnight:duplicate_exact_contract_bar,development
2021-09-30,2021-10-07,bull_put_credit_100_300,paired_sample_incomplete:intraday:duplicate_exact_contract_bar;overnight:duplicate_exact_contract_bar,development
2021-09-30,2021-10-07,bear_call_credit_100_300,paired_sample_incomplete:intraday:duplicate_exact_contract_bar;overnight:duplicate_exact_contract_bar,development
2021-10-01,2021-10-07,short_atm_straddle,paired_sample_incomplete:intraday:duplicate_exact_contract_bar;overnight:duplicate_exact_contract_bar,development
2021-10-01,2021-10-07,short_iron_fly_w100,paired_sample_incomplete:intraday:duplicate_exact_contract_bar;overnight:duplicate_exact_contract_bar,development
2021-10-01,2021-10-07,short_iron_fly_w200,paired_sample_incomplete:intraday:duplicate_exact_contract_bar;overnight:duplicate_exact_contract_bar,development
2021-10-01,2021-10-07,short_iron_fly_w300,paired_sample_incomplete:intraday:duplicate_exact_contract_bar;overnight:duplicate_exact_contract_bar,development
2021-10-01,2021-10-07,long_iron_fly_w100,paired_sample_incomplete:intraday:duplicate_exact_contract_bar;overnight:duplicate_exact_contract_bar,development
2021-10-01,2021-10-07,long_iron_fly_w200,paired_sample_incomplete:intraday:duplicate_exact_contract_bar;overnight:duplicate_exact_contract_bar,development
2021-10-01,2021-10-07,long_iron_fly_w300,paired_sample_incomplete:intraday:duplicate_exact_contract_bar;overnight:duplicate_exact_contract_bar,development
2021-10-01,2021-10-07,short_iron_condor_100_300,paired_sample_incomplete:intraday:duplicate_exact_contract_bar;overnight:duplicate_exact_contract_bar,development
2021-10-01,2021-10-07,bull_put_credit_100_300,paired_sample_incomplete:intraday:duplicate_exact_contract_bar;overnight:duplicate_exact_contract_bar,development
2021-10-01,2021-10-07,bear_call_credit_100_300,paired_sample_incomplete:intraday:duplicate_exact_contract_bar;overnight:duplicate_exact_contract_bar,development
2021-10-04,2021-10-07,short_atm_straddle,paired_sample_incomplete:intraday:duplicate_exact_contract_bar;overnight:duplicate_exact_contract_bar,development
2021-10-04,2021-10-07,short_iron_fly_w100,paired_sample_incomplete:intraday:duplicate_exact_contract_bar;overnight:duplicate_exact_contract_bar,development
2021-10-04,2021-10-07,short_iron_fly_w200,paired_sample_incomplete:intraday:duplicate_exact_contract_bar;overnight:duplicate_exact_contract_bar,development
2021-10-04,2021-10-07,short_iron_fly_w300,paired_sample_incomplete:intraday:duplicate_exact_contract_bar;overnight:duplicate_exact_contract_bar,development
2021-10-04,2021-10-07,long_iron_fly_w100,paired_sample_incomplete:intraday:duplicate_exact_contract_bar;overnight:duplicate_exact_contract_bar,development
2021-10-04,2021-10-07,long_iron_fly_w200,paired_sample_incomplete:intraday:duplicate_exact_contract_bar;overnight:duplicate_exact_contract_bar,development
2021-10-04,2021-10-07,long_iron_fly_w300,paired_sample_incomplete:intraday:duplicate_exact_contract_bar;overnight:duplicate_exact_contract_bar,development
2021-10-04,2021-10-07,short_iron_condor_100_300,paired_sample_incomplete:intraday:duplicate_exact_contract_bar;overnight:duplicate_exact_contract_bar,development
2021-10-04,2021-10-07,bull_put_credit_100_300,paired_sample_incomplete:intraday:duplicate_exact_contract_bar;overnight:duplicate_exact_contract_bar,development
2021-10-04,2021-10-07,bear_call_credit_100_300,paired_sample_incomplete:intraday:duplicate_exact_contract_bar;overnight:duplicate_exact_contract_bar,development
2021-10-05,2021-10-07,short_atm_straddle,paired_sample_incomplete:intraday:duplicate_exact_contract_bar;overnight:duplicate_exact_contract_bar,development
2021-10-05,2021-10-07,short_iron_fly_w100,paired_sample_incomplete:intraday:duplicate_exact_contract_bar;overnight:duplicate_exact_contract_bar,development
2021-10-05,2021-10-07,short_iron_fly_w200,paired_sample_incomplete:intraday:duplicate_exact_contract_bar;overnight:duplicate_exact_contract_bar,development
2021-10-05,2021-10-07,short_iron_fly_w300,paired_sample_incomplete:intraday:duplicate_exact_contract_bar;overnight:duplicate_exact_contract_bar,development
2021-10-05,2021-10-07,long_iron_fly_w100,paired_sample_incomplete:intraday:duplicate_exact_contract_bar;overnight:duplicate_exact_contract_bar,development
2021-10-05,2021-10-07,long_iron_fly_w200,paired_sample_incomplete:intraday:duplicate_exact_contract_bar;overnight:duplicate_exact_contract_bar,development
2021-10-05,2021-10-07,long_iron_fly_w300,paired_sample_incomplete:intraday:duplicate_exact_contract_bar;overnight:duplicate_exact_contract_bar,development
2021-10-05,2021-10-07,short_iron_condor_100_300,paired_sample_incomplete:intraday:duplicate_exact_contract_bar;overnight:duplicate_exact_contract_bar,development
2021-10-05,2021-10-07,bull_put_credit_100_300,paired_sample_incomplete:intraday:duplicate_exact_contract_bar;overnight:duplicate_exact_contract_bar,development
2021-10-05,2021-10-07,bear_call_credit_100_300,paired_sample_incomplete:intraday:duplicate_exact_contract_bar;overnight:duplicate_exact_contract_bar,development
2021-10-06,2021-10-14,short_atm_straddle,paired_sample_incomplete:intraday:duplicate_exact_contract_bar;overnight:duplicate_exact_contract_bar,development
2021-10-06,2021-10-14,short_iron_fly_w100,paired_sample_incomplete:intraday:duplicate_exact_contract_bar;overnight:duplicate_exact_contract_bar,development
2021-10-06,2021-10-14,short_iron_fly_w200,paired_sample_incomplete:intraday:duplicate_exact_contract_bar;overnight:duplicate_exact_contract_bar,development
2021-10-06,2021-10-14,short_iron_fly_w300,paired_sample_incomplete:intraday:duplicate_exact_contract_bar;overnight:duplicate_exact_contract_bar,development
2021-10-06,2021-10-14,long_iron_fly_w100,paired_sample_incomplete:intraday:duplicate_exact_contract_bar;overnight:duplicate_exact_contract_bar,development
2021-10-06,2021-10-14,long_iron_fly_w200,paired_sample_incomplete:intraday:duplicate_exact_contract_bar;overnight:duplicate_exact_contract_bar,development
2021-10-06,2021-10-14,long_iron_fly_w300,paired_sample_incomplete:intraday:duplicate_exact_contract_bar;overnight:duplicate_exact_contract_bar,development
2021-10-06,2021-10-14,short_iron_condor_100_300,paired_sample_incomplete:intraday:duplicate_exact_contract_bar;overnight:duplicate_exact_contract_bar,development
2021-10-06,2021-10-14,bull_put_credit_100_300,paired_sample_incomplete:intraday:duplicate_exact_contract_bar;overnight:duplicate_exact_contract_bar,development
2021-10-06,2021-10-14,bear_call_credit_100_300,paired_sample_incomplete:intraday:duplicate_exact_contract_bar;overnight:duplicate_exact_contract_bar,development
2021-10-07,2021-10-14,short_atm_straddle,paired_sample_incomplete:intraday:duplicate_exact_contract_bar;overnight:duplicate_exact_contract_bar,development
2021-10-07,2021-10-14,short_iron_fly_w100,paired_sample_incomplete:intraday:duplicate_exact_contract_bar;overnight:duplicate_exact_contract_bar,development
2021-10-07,2021-10-14,short_iron_fly_w200,paired_sample_incomplete:intraday:duplicate_exact_contract_bar;overnight:duplicate_exact_contract_bar,development
2021-10-07,2021-10-14,short_iron_fly_w300,paired_sample_incomplete:intraday:duplicate_exact_contract_bar;overnight:duplicate_exact_contract_bar,development
2021-10-07,2021-10-14,long_iron_fly_w100,paired_sample_incomplete:intraday:duplicate_exact_contract_bar;overnight:duplicate_exact_contract_bar,development
2021-10-07,2021-10-14,long_iron_fly_w200,paired_sample_incomplete:intraday:duplicate_exact_contract_bar;overnight:duplicate_exact_contract_bar,development
2021-10-07,2021-10-14,long_iron_fly_w300,paired_sample_incomplete:intraday:duplicate_exact_contract_bar;overnight:duplicate_exact_contract_bar,development
2021-10-07,2021-10-14,short_iron_condor_100_300,paired_sample_incomplete:intraday:duplicate_exact_contract_bar;overnight:duplicate_exact_contract_bar,development
2021-10-07,2021-10-14,bull_put_credit_100_300,paired_sample_incomplete:intraday:duplicate_exact_contract_bar;overnight:duplicate_exact_contract_bar,development
2021-10-07,2021-10-14,bear_call_credit_100_300,paired_sample_incomplete:intraday:duplicate_exact_contract_bar;overnight:duplicate_exact_contract_bar,development
2021-10-08,2021-10-14,short_atm_straddle,paired_sample_incomplete:intraday:duplicate_exact_contract_bar;overnight:duplicate_exact_contract_bar,development
2021-10-08,2021-10-14,short_iron_fly_w100,paired_sample_incomplete:intraday:duplicate_exact_contract_bar;overnight:duplicate_exact_contract_bar,development
2021-10-08,2021-10-14,short_iron_fly_w200,paired_sample_incomplete:intraday:duplicate_exact_contract_bar;overnight:duplicate_exact_contract_bar,development
2021-10-08,2021-10-14,short_iron_fly_w300,paired_sample_incomplete:intraday:duplicate_exact_contract_bar;overnight:duplicate_exact_contract_bar,development
2021-10-08,2021-10-14,long_iron_fly_w100,paired_sample_incomplete:intraday:duplicate_exact_contract_bar;overnight:duplicate_exact_contract_bar,development
2021-10-08,2021-10-14,long_iron_fly_w200,paired_sample_incomplete:intraday:duplicate_exact_contract_bar;overnight:duplicate_exact_contract_bar,development
2021-10-08,2021-10-14,long_iron_fly_w300,paired_sample_incomplete:intraday:duplicate_exact_contract_bar;overnight:duplicate_exact_contract_bar,development
2021-10-08,2021-10-14,short_iron_condor_100_300,paired_sample_incomplete:intraday:duplicate_exact_contract_bar;overnight:duplicate_exact_contract_bar,development
2021-10-08,2021-10-14,bull_put_credit_100_300,paired_sample_incomplete:intraday:duplicate_exact_contract_bar;overnight:duplicate_exact_contract_bar,development
2021-10-08,2021-10-14,bear_call_credit_100_300,paired_sample_incomplete:intraday:duplicate_exact_contract_bar;overnight:duplicate_exact_contract_bar,development
2021-10-11,2021-10-14,short_atm_straddle,paired_sample_incomplete:intraday:duplicate_exact_contract_bar;overnight:duplicate_exact_contract_bar,development
2021-10-11,2021-10-14,short_iron_fly_w100,paired_sample_incomplete:intraday:duplicate_exact_contract_bar;overnight:duplicate_exact_contract_bar,development
2021-10-11,2021-10-14,short_iron_fly_w200,paired_sample_incomplete:intraday:duplicate_exact_contract_bar;overnight:duplicate_exact_contract_bar,development
2021-10-11,2021-10-14,short_iron_fly_w300,paired_sample_incomplete:intraday:duplicate_exact_contract_bar;overnight:duplicate_exact_contract_bar,development
2021-10-11,2021-10-14,long_iron_fly_w100,paired_sample_incomplete:intraday:duplicate_exact_contract_bar;overnight:duplicate_exact_contract_bar,development
2021-10-11,2021-10-14,long_iron_fly_w200,paired_sample_incomplete:intraday:duplicate_exact_contract_bar;overnight:duplicate_exact_contract_bar,development
2021-10-11,2021-10-14,long_iron_fly_w300,paired_sample_incomplete:intraday:duplicate_exact_contract_bar;overnight:duplicate_exact_contract_bar,development
2021-10-11,2021-10-14,short_iron_condor_100_300,paired_sample_incomplete:intraday:duplicate_exact_contract_bar;overnight:duplicate_exact_contract_bar,development
2021-10-11,2021-10-14,bull_put_credit_100_300,paired_sample_incomplete:intraday:duplicate_exact_contract_bar;overnight:duplicate_exact_contract_bar,development
2021-10-11,2021-10-14,bear_call_credit_100_300,paired_sample_incomplete:intraday:duplicate_exact_contract_bar;overnight:duplicate_exact_contract_bar,development
2021-10-12,2021-10-14,short_atm_straddle,paired_sample_incomplete:intraday:duplicate_exact_contract_bar;overnight:duplicate_exact_contract_bar,development
2021-10-12,2021-10-14,short_iron_fly_w100,paired_sample_incomplete:intraday:duplicate_exact_contract_bar;overnight:duplicate_exact_contract_bar,development
2021-10-12,2021-10-14,short_iron_fly_w200,paired_sample_incomplete:intraday:duplicate_exact_contract_bar;overnight:duplicate_exact_contract_bar,development
2021-10-12,2021-10-14,short_iron_fly_w300,paired_sample_incomplete:intraday:duplicate_exact_contract_bar;overnight:duplicate_exact_contract_bar,development
2021-10-12,2021-10-14,long_iron_fly_w100,paired_sample_incomplete:intraday:duplicate_exact_contract_bar;overnight:duplicate_exact_contract_bar,development
2021-10-12,2021-10-14,long_iron_fly_w200,paired_sample_incomplete:intraday:duplicate_exact_contract_bar;overnight:duplicate_exact_contract_bar,development
2021-10-12,2021-10-14,long_iron_fly_w300,paired_sample_incomplete:intraday:duplicate_exact_contract_bar;overnight:duplicate_exact_contract_bar,development
2021-10-12,2021-10-14,short_iron_condor_100_300,paired_sample_incomplete:intraday:duplicate_exact_contract_bar;overnight:duplicate_exact_contract_bar,development
2021-10-12,2021-10-14,bull_put_credit_100_300,paired_sample_incomplete:intraday:duplicate_exact_contract_bar;overnight:duplicate_exact_contract_bar,development
2021-10-12,2021-10-14,bear_call_credit_100_300,paired_sample_incomplete:intraday:duplicate_exact_contract_bar;overnight:duplicate_exact_contract_bar,development
2021-10-13,2021-10-21,short_atm_straddle,paired_sample_incomplete:intraday:duplicate_exact_contract_bar;overnight:duplicate_exact_contract_bar,development
2021-10-13,2021-10-21,short_iron_fly_w100,paired_sample_incomplete:intraday:duplicate_exact_contract_bar;overnight:duplicate_exact_contract_bar,development
2021-10-13,2021-10-21,short_iron_fly_w200,paired_sample_incomplete:intraday:duplicate_exact_contract_bar;overnight:duplicate_exact_contract_bar,development
2021-10-13,2021-10-21,short_iron_fly_w300,paired_sample_incomplete:intraday:duplicate_exact_contract_bar;overnight:duplicate_exact_contract_bar,development
2021-10-13,2021-10-21,long_iron_fly_w100,paired_sample_incomplete:intraday:duplicate_exact_contract_bar;overnight:duplicate_exact_contract_bar,development
2021-10-13,2021-10-21,long_iron_fly_w200,paired_sample_incomplete:intraday:duplicate_exact_contract_bar;overnight:duplicate_exact_contract_bar,development
2021-10-13,2021-10-21,long_iron_fly_w300,paired_sample_incomplete:intraday:duplicate_exact_contract_bar;overnight:duplicate_exact_contract_bar,development
2021-10-13,2021-10-21,short_iron_condor_100_300,paired_sample_incomplete:intraday:duplicate_exact_contract_bar;overnight:duplicate_exact_contract_bar,development
2021-10-13,2021-10-21,bull_put_credit_100_300,paired_sample_incomplete:intraday:duplicate_exact_contract_bar;overnight:duplicate_exact_contract_bar,development
2021-10-13,2021-10-21,bear_call_credit_100_300,paired_sample_incomplete:intraday:duplicate_exact_contract_bar;overnight:duplicate_exact_contract_bar,development
2021-10-14,2021-10-21,short_atm_straddle,paired_sample_incomplete:intraday:duplicate_exact_contract_bar;overnight:duplicate_exact_contract_bar,development
2021-10-14,2021-10-21,short_iron_fly_w100,paired_sample_incomplete:intraday:duplicate_exact_contract_bar;overnight:duplicate_exact_contract_bar,development
2021-10-14,2021-10-21,short_iron_fly_w200,paired_sample_incomplete:intraday:duplicate_exact_contract_bar;overnight:duplicate_exact_contract_bar,development
2021-10-14,2021-10-21,short_iron_fly_w300,paired_sample_incomplete:intraday:duplicate_exact_contract_bar;overnight:duplicate_exact_contract_bar,development
2021-10-14,2021-10-21,long_iron_fly_w100,paired_sample_incomplete:intraday:duplicate_exact_contract_bar;overnight:duplicate_exact_contract_bar,development
2021-10-14,2021-10-21,long_iron_fly_w200,paired_sample_incomplete:intraday:duplicate_exact_contract_bar;overnight:duplicate_exact_contract_bar,development
2021-10-14,2021-10-21,long_iron_fly_w300,paired_sample_incomplete:intraday:duplicate_exact_contract_bar;overnight:duplicate_exact_contract_bar,development
2021-10-14,2021-10-21,short_iron_condor_100_300,paired_sample_incomplete:intraday:duplicate_exact_contract_bar;overnight:duplicate_exact_contract_bar,development
2021-10-14,2021-10-21,bull_put_credit_100_300,paired_sample_incomplete:intraday:duplicate_exact_contract_bar;overnight:duplicate_exact_contract_bar,development
2021-10-14,2021-10-21,bear_call_credit_100_300,paired_sample_incomplete:intraday:duplicate_exact_contract_bar;overnight:duplicate_exact_contract_bar,development
2021-10-18,2021-10-21,short_atm_straddle,paired_sample_incomplete:intraday:duplicate_exact_contract_bar;overnight:duplicate_exact_contract_bar,development
2021-10-18,2021-10-21,short_iron_fly_w100,paired_sample_incomplete:intraday:duplicate_exact_contract_bar;overnight:duplicate_exact_contract_bar,development
2021-10-18,2021-10-21,short_iron_fly_w200,paired_sample_incomplete:intraday:duplicate_exact_contract_bar;overnight:duplicate_exact_contract_bar,development
2021-10-18,2021-10-21,short_iron_fly_w300,paired_sample_incomplete:intraday:duplicate_exact_contract_bar;overnight:duplicate_exact_contract_bar,development
2021-10-18,2021-10-21,long_iron_fly_w100,paired_sample_incomplete:intraday:duplicate_exact_contract_bar;overnight:duplicate_exact_contract_bar,development
2021-10-18,2021-10-21,long_iron_fly_w200,paired_sample_incomplete:intraday:duplicate_exact_contract_bar;overnight:duplicate_exact_contract_bar,development
2021-10-18,2021-10-21,long_iron_fly_w300,paired_sample_incomplete:intraday:duplicate_exact_contract_bar;overnight:duplicate_exact_contract_bar,development
2021-10-18,2021-10-21,short_iron_condor_100_300,paired_sample_incomplete:intraday:duplicate_exact_contract_bar;overnight:duplicate_exact_contract_bar,development
2021-10-18,2021-10-21,bull_put_credit_100_300,paired_sample_incomplete:intraday:duplicate_exact_contract_bar;overnight:duplicate_exact_contract_bar,development
2021-10-18,2021-10-21,bear_call_credit_100_300,paired_sample_incomplete:intraday:duplicate_exact_contract_bar;overnight:duplicate_exact_contract_bar,development
2021-10-19,2021-10-21,short_atm_straddle,paired_sample_incomplete:intraday:duplicate_exact_contract_bar;overnight:duplicate_exact_contract_bar,development
2021-10-19,2021-10-21,short_iron_fly_w100,paired_sample_incomplete:intraday:duplicate_exact_contract_bar;overnight:duplicate_exact_contract_bar,development
2021-10-19,2021-10-21,short_iron_fly_w200,paired_sample_incomplete:intraday:duplicate_exact_contract_bar;overnight:duplicate_exact_contract_bar,development
2021-10-19,2021-10-21,short_iron_fly_w300,paired_sample_incomplete:intraday:duplicate_exact_contract_bar;overnight:duplicate_exact_contract_bar,development
2021-10-19,2021-10-21,long_iron_fly_w100,paired_sample_incomplete:intraday:duplicate_exact_contract_bar;overnight:duplicate_exact_contract_bar,development
2021-10-19,2021-10-21,long_iron_fly_w200,paired_sample_incomplete:intraday:duplicate_exact_contract_bar;overnight:duplicate_exact_contract_bar,development
2021-10-19,2021-10-21,long_iron_fly_w300,paired_sample_incomplete:intraday:duplicate_exact_contract_bar;overnight:duplicate_exact_contract_bar,development
2021-10-19,2021-10-21,short_iron_condor_100_300,paired_sample_incomplete:intraday:duplicate_exact_contract_bar;overnight:duplicate_exact_contract_bar,development
2021-10-19,2021-10-21,bull_put_credit_100_300,paired_sample_incomplete:intraday:duplicate_exact_contract_bar;overnight:duplicate_exact_contract_bar,development
2021-10-19,2021-10-21,bear_call_credit_100_300,paired_sample_incomplete:intraday:duplicate_exact_contract_bar;overnight:duplicate_exact_contract_bar,development
2021-10-20,2021-10-28,short_atm_straddle,paired_sample_incomplete:intraday:duplicate_exact_contract_bar;overnight:duplicate_exact_contract_bar,development
2021-10-20,2021-10-28,short_iron_fly_w100,paired_sample_incomplete:intraday:duplicate_exact_contract_bar;overnight:duplicate_exact_contract_bar,development
2021-10-20,2021-10-28,short_iron_fly_w200,paired_sample_incomplete:intraday:duplicate_exact_contract_bar;overnight:duplicate_exact_contract_bar,development
2021-10-20,2021-10-28,short_iron_fly_w300,paired_sample_incomplete:intraday:duplicate_exact_contract_bar;overnight:duplicate_exact_contract_bar,development
2021-10-20,2021-10-28,long_iron_fly_w100,paired_sample_incomplete:intraday:duplicate_exact_contract_bar;overnight:duplicate_exact_contract_bar,development
2021-10-20,2021-10-28,long_iron_fly_w200,paired_sample_incomplete:intraday:duplicate_exact_contract_bar;overnight:duplicate_exact_contract_bar,development
2021-10-20,2021-10-28,long_iron_fly_w300,paired_sample_incomplete:intraday:duplicate_exact_contract_bar;overnight:duplicate_exact_contract_bar,development
2021-10-20,2021-10-28,short_iron_condor_100_300,paired_sample_incomplete:intraday:duplicate_exact_contract_bar;overnight:duplicate_exact_contract_bar,development
2021-10-20,2021-10-28,bull_put_credit_100_300,paired_sample_incomplete:intraday:duplicate_exact_contract_bar;overnight:duplicate_exact_contract_bar,development
2021-10-20,2021-10-28,bear_call_credit_100_300,paired_sample_incomplete:intraday:duplicate_exact_contract_bar;overnight:duplicate_exact_contract_bar,development
2021-10-21,2021-10-28,short_atm_straddle,paired_sample_incomplete:intraday:duplicate_exact_contract_bar;overnight:duplicate_exact_contract_bar,development
2021-10-21,2021-10-28,short_iron_fly_w100,paired_sample_incomplete:intraday:duplicate_exact_contract_bar;overnight:duplicate_exact_contract_bar,development
2021-10-21,2021-10-28,short_iron_fly_w200,paired_sample_incomplete:intraday:duplicate_exact_contract_bar;overnight:duplicate_exact_contract_bar,development
2021-10-21,2021-10-28,short_iron_fly_w300,paired_sample_incomplete:intraday:duplicate_exact_contract_bar;overnight:duplicate_exact_contract_bar,development
2021-10-21,2021-10-28,long_iron_fly_w100,paired_sample_incomplete:intraday:duplicate_exact_contract_bar;overnight:duplicate_exact_contract_bar,development
2021-10-21,2021-10-28,long_iron_fly_w200,paired_sample_incomplete:intraday:duplicate_exact_contract_bar;overnight:duplicate_exact_contract_bar,development
2021-10-21,2021-10-28,long_iron_fly_w300,paired_sample_incomplete:intraday:duplicate_exact_contract_bar;overnight:duplicate_exact_contract_bar,development
2021-10-21,2021-10-28,short_iron_condor_100_300,paired_sample_incomplete:intraday:duplicate_exact_contract_bar;overnight:duplicate_exact_contract_bar,development
2021-10-21,2021-10-28,bull_put_credit_100_300,paired_sample_incomplete:intraday:duplicate_exact_contract_bar;overnight:duplicate_exact_contract_bar,development
2021-10-21,2021-10-28,bear_call_credit_100_300,paired_sample_incomplete:intraday:duplicate_exact_contract_bar;overnight:duplicate_exact_contract_bar,development
2021-10-22,2021-10-28,short_atm_straddle,paired_sample_incomplete:intraday:duplicate_exact_contract_bar;overnight:duplicate_exact_contract_bar,development
2021-10-22,2021-10-28,short_iron_fly_w100,paired_sample_incomplete:intraday:duplicate_exact_contract_bar;overnight:duplicate_exact_contract_bar,development
2021-10-22,2021-10-28,short_iron_fly_w200,paired_sample_incomplete:intraday:duplicate_exact_contract_bar;overnight:duplicate_exact_contract_bar,development
2021-10-22,2021-10-28,short_iron_fly_w300,paired_sample_incomplete:intraday:duplicate_exact_contract_bar;overnight:duplicate_exact_contract_bar,development
2021-10-22,2021-10-28,long_iron_fly_w100,paired_sample_incomplete:intraday:duplicate_exact_contract_bar;overnight:duplicate_exact_contract_bar,development
2021-10-22,2021-10-28,long_iron_fly_w200,paired_sample_incomplete:intraday:duplicate_exact_contract_bar;overnight:duplicate_exact_contract_bar,development
2021-10-22,2021-10-28,long_iron_fly_w300,paired_sample_incomplete:intraday:duplicate_exact_contract_bar;overnight:duplicate_exact_contract_bar,development
2021-10-22,2021-10-28,short_iron_condor_100_300,paired_sample_incomplete:intraday:duplicate_exact_contract_bar;overnight:duplicate_exact_contract_bar,development
2021-10-22,2021-10-28,bull_put_credit_100_300,paired_sample_incomplete:intraday:duplicate_exact_contract_bar;overnight:duplicate_exact_contract_bar,development
2021-10-22,2021-10-28,bear_call_credit_100_300,paired_sample_incomplete:intraday:duplicate_exact_contract_bar;overnight:duplicate_exact_contract_bar,development
2021-10-25,2021-10-28,short_iron_fly_w200,paired_sample_incomplete:intraday:duplicate_exact_contract_bar;overnight:duplicate_exact_contract_bar,development
2021-10-25,2021-10-28,short_iron_fly_w300,paired_sample_incomplete:intraday:duplicate_exact_contract_bar;overnight:duplicate_exact_contract_bar,development
2021-10-25,2021-10-28,long_iron_fly_w200,paired_sample_incomplete:intraday:duplicate_exact_contract_bar;overnight:duplicate_exact_contract_bar,development
2021-10-25,2021-10-28,long_iron_fly_w300,paired_sample_incomplete:intraday:duplicate_exact_contract_bar;overnight:duplicate_exact_contract_bar,development
2021-10-25,2021-10-28,short_iron_condor_100_300,paired_sample_incomplete:intraday:duplicate_exact_contract_bar;overnight:duplicate_exact_contract_bar,development
2021-10-25,2021-10-28,bear_call_credit_100_300,paired_sample_incomplete:intraday:duplicate_exact_contract_bar;overnight:duplicate_exact_contract_bar,development
2021-10-26,2021-10-28,short_atm_straddle,paired_sample_incomplete:intraday:duplicate_exact_contract_bar;overnight:duplicate_exact_contract_bar,development
2021-10-26,2021-10-28,short_iron_fly_w100,paired_sample_incomplete:intraday:duplicate_exact_contract_bar;overnight:duplicate_exact_contract_bar,development
2021-10-26,2021-10-28,short_iron_fly_w200,paired_sample_incomplete:intraday:duplicate_exact_contract_bar;overnight:duplicate_exact_contract_bar,development
2021-10-26,2021-10-28,short_iron_fly_w300,paired_sample_incomplete:intraday:duplicate_exact_contract_bar;overnight:duplicate_exact_contract_bar,development
2021-10-26,2021-10-28,long_iron_fly_w100,paired_sample_incomplete:intraday:duplicate_exact_contract_bar;overnight:duplicate_exact_contract_bar,development
2021-10-26,2021-10-28,long_iron_fly_w200,paired_sample_incomplete:intraday:duplicate_exact_contract_bar;overnight:duplicate_exact_contract_bar,development
2021-10-26,2021-10-28,long_iron_fly_w300,paired_sample_incomplete:intraday:duplicate_exact_contract_bar;overnight:duplicate_exact_contract_bar,development
2021-10-26,2021-10-28,short_iron_condor_100_300,paired_sample_incomplete:intraday:duplicate_exact_contract_bar;overnight:duplicate_exact_contract_bar,development
2021-10-26,2021-10-28,bear_call_credit_100_300,paired_sample_incomplete:intraday:duplicate_exact_contract_bar;overnight:duplicate_exact_contract_bar,development
2021-10-27,2021-11-11,short_atm_straddle,paired_sample_incomplete:intraday:missing_exact_timestamp;overnight:missing_exact_timestamp,development
2021-10-27,2021-11-11,short_iron_fly_w100,paired_sample_incomplete:intraday:missing_exact_timestamp;overnight:missing_exact_timestamp,development
2021-10-27,2021-11-11,short_iron_fly_w200,paired_sample_incomplete:intraday:missing_exact_timestamp;overnight:missing_exact_timestamp,development
2021-10-27,2021-11-11,short_iron_fly_w300,paired_sample_incomplete:intraday:missing_exact_timestamp;overnight:missing_exact_timestamp,development
2021-10-27,2021-11-11,long_iron_fly_w100,paired_sample_incomplete:intraday:missing_exact_timestamp;overnight:missing_exact_timestamp,development
2021-10-27,2021-11-11,long_iron_fly_w200,paired_sample_incomplete:intraday:missing_exact_timestamp;overnight:missing_exact_timestamp,development
2021-10-27,2021-11-11,long_iron_fly_w300,paired_sample_incomplete:intraday:missing_exact_timestamp;overnight:missing_exact_timestamp,development
2021-10-27,2021-11-11,short_iron_condor_100_300,paired_sample_incomplete:intraday:missing_exact_timestamp;overnight:missing_exact_timestamp,development
2021-10-27,2021-11-11,bull_put_credit_100_300,paired_sample_incomplete:intraday:missing_exact_timestamp;overnight:missing_exact_timestamp,development
2021-10-27,2021-11-11,bear_call_credit_100_300,paired_sample_incomplete:intraday:missing_exact_timestamp;overnight:missing_exact_timestamp,development
2021-10-28,2021-11-11,short_atm_straddle,paired_sample_incomplete:intraday:missing_exact_timestamp;overnight:missing_exact_timestamp,development
2021-10-28,2021-11-11,short_iron_fly_w100,paired_sample_incomplete:intraday:missing_exact_timestamp;overnight:missing_exact_timestamp,development
2021-10-28,2021-11-11,short_iron_fly_w200,paired_sample_incomplete:intraday:missing_exact_timestamp;overnight:missing_exact_timestamp,development
2021-10-28,2021-11-11,short_iron_fly_w300,paired_sample_incomplete:intraday:missing_exact_timestamp;overnight:missing_exact_timestamp,development
2021-10-28,2021-11-11,long_iron_fly_w100,paired_sample_incomplete:intraday:missing_exact_timestamp;overnight:missing_exact_timestamp,development
2021-10-28,2021-11-11,long_iron_fly_w200,paired_sample_incomplete:intraday:missing_exact_timestamp;overnight:missing_exact_timestamp,development
2021-10-28,2021-11-11,long_iron_fly_w300,paired_sample_incomplete:intraday:missing_exact_timestamp;overnight:missing_exact_timestamp,development
2021-10-28,2021-11-11,short_iron_condor_100_300,paired_sample_incomplete:intraday:missing_exact_timestamp;overnight:missing_exact_timestamp,development
2021-10-28,2021-11-11,bull_put_credit_100_300,paired_sample_incomplete:intraday:missing_exact_timestamp;overnight:missing_exact_timestamp,development
2021-10-28,2021-11-11,bear_call_credit_100_300,paired_sample_incomplete:intraday:missing_exact_timestamp;overnight:missing_exact_timestamp,development
2021-10-29,2021-11-11,short_atm_straddle,paired_sample_incomplete:intraday:missing_exact_timestamp;overnight:missing_exact_timestamp,development
2021-10-29,2021-11-11,short_iron_fly_w100,paired_sample_incomplete:intraday:missing_exact_timestamp;overnight:missing_exact_timestamp,development
2021-10-29,2021-11-11,short_iron_fly_w200,paired_sample_incomplete:intraday:missing_exact_timestamp;overnight:missing_exact_timestamp,development
2021-10-29,2021-11-11,short_iron_fly_w300,paired_sample_incomplete:intraday:missing_exact_timestamp;overnight:missing_exact_timestamp,development
2021-10-29,2021-11-11,long_iron_fly_w100,paired_sample_incomplete:intraday:missing_exact_timestamp;overnight:missing_exact_timestamp,development
2021-10-29,2021-11-11,long_iron_fly_w200,paired_sample_incomplete:intraday:missing_exact_timestamp;overnight:missing_exact_timestamp,development
2021-10-29,2021-11-11,long_iron_fly_w300,paired_sample_incomplete:intraday:missing_exact_timestamp;overnight:missing_exact_timestamp,development
2021-10-29,2021-11-11,short_iron_condor_100_300,paired_sample_incomplete:intraday:missing_exact_timestamp;overnight:missing_exact_timestamp,development
2021-10-29,2021-11-11,bull_put_credit_100_300,paired_sample_incomplete:intraday:missing_exact_timestamp;overnight:missing_exact_timestamp,development
2021-10-29,2021-11-11,bear_call_credit_100_300,paired_sample_incomplete:intraday:missing_exact_timestamp;overnight:missing_exact_timestamp,development
2021-11-01,2021-11-11,short_atm_straddle,paired_sample_incomplete:intraday:duplicate_exact_contract_bar;overnight:duplicate_exact_contract_bar,development
2021-11-01,2021-11-11,short_iron_fly_w100,paired_sample_incomplete:intraday:duplicate_exact_contract_bar;overnight:duplicate_exact_contract_bar,development
2021-11-01,2021-11-11,short_iron_fly_w200,paired_sample_incomplete:intraday:duplicate_exact_contract_bar;overnight:duplicate_exact_contract_bar,development
2021-11-01,2021-11-11,short_iron_fly_w300,paired_sample_incomplete:intraday:duplicate_exact_contract_bar;overnight:duplicate_exact_contract_bar,development
2021-11-01,2021-11-11,long_iron_fly_w100,paired_sample_incomplete:intraday:duplicate_exact_contract_bar;overnight:duplicate_exact_contract_bar,development
2021-11-01,2021-11-11,long_iron_fly_w200,paired_sample_incomplete:intraday:duplicate_exact_contract_bar;overnight:duplicate_exact_contract_bar,development
2021-11-01,2021-11-11,long_iron_fly_w300,paired_sample_incomplete:intraday:duplicate_exact_contract_bar;overnight:duplicate_exact_contract_bar,development
2021-11-01,2021-11-11,short_iron_condor_100_300,paired_sample_incomplete:intraday:duplicate_exact_contract_bar;overnight:duplicate_exact_contract_bar,development
2021-11-01,2021-11-11,bull_put_credit_100_300,paired_sample_incomplete:intraday:duplicate_exact_contract_bar;overnight:duplicate_exact_contract_bar,development
2021-11-01,2021-11-11,bear_call_credit_100_300,paired_sample_incomplete:intraday:duplicate_exact_contract_bar;overnight:duplicate_exact_contract_bar,development
2021-11-02,2021-11-11,short_atm_straddle,paired_sample_incomplete:intraday:duplicate_exact_contract_bar;overnight:duplicate_exact_contract_bar,development
2021-11-02,2021-11-11,short_iron_fly_w100,paired_sample_incomplete:intraday:duplicate_exact_contract_bar;overnight:duplicate_exact_contract_bar,development
2021-11-02,2021-11-11,short_iron_fly_w200,paired_sample_incomplete:intraday:duplicate_exact_contract_bar;overnight:duplicate_exact_contract_bar,development
2021-11-02,2021-11-11,short_iron_fly_w300,paired_sample_incomplete:intraday:duplicate_exact_contract_bar;overnight:duplicate_exact_contract_bar,development
2021-11-02,2021-11-11,long_iron_fly_w100,paired_sample_incomplete:intraday:duplicate_exact_contract_bar;overnight:duplicate_exact_contract_bar,development
2021-11-02,2021-11-11,long_iron_fly_w200,paired_sample_incomplete:intraday:duplicate_exact_contract_bar;overnight:duplicate_exact_contract_bar,development
2021-11-02,2021-11-11,long_iron_fly_w300,paired_sample_incomplete:intraday:duplicate_exact_contract_bar;overnight:duplicate_exact_contract_bar,development
2021-11-02,2021-11-11,short_iron_condor_100_300,paired_sample_incomplete:intraday:duplicate_exact_contract_bar;overnight:duplicate_exact_contract_bar,development
2021-11-02,2021-11-11,bull_put_credit_100_300,paired_sample_incomplete:intraday:duplicate_exact_contract_bar;overnight:duplicate_exact_contract_bar,development
2021-11-02,2021-11-11,bear_call_credit_100_300,paired_sample_incomplete:intraday:duplicate_exact_contract_bar;overnight:duplicate_exact_contract_bar,development
2021-11-03,2021-11-11,short_atm_straddle,paired_sample_incomplete:intraday:duplicate_exact_contract_bar;overnight:duplicate_exact_contract_bar,development
2021-11-03,2021-11-11,short_iron_fly_w100,paired_sample_incomplete:intraday:duplicate_exact_contract_bar;overnight:duplicate_exact_contract_bar,development
2021-11-03,2021-11-11,short_iron_fly_w200,paired_sample_incomplete:intraday:duplicate_exact_contract_bar;overnight:duplicate_exact_contract_bar,development
2021-11-03,2021-11-11,short_iron_fly_w300,paired_sample_incomplete:intraday:duplicate_exact_contract_bar;overnight:duplicate_exact_contract_bar,development
2021-11-03,2021-11-11,long_iron_fly_w100,paired_sample_incomplete:intraday:duplicate_exact_contract_bar;overnight:duplicate_exact_contract_bar,development
2021-11-03,2021-11-11,long_iron_fly_w200,paired_sample_incomplete:intraday:duplicate_exact_contract_bar;overnight:duplicate_exact_contract_bar,development
2021-11-03,2021-11-11,long_iron_fly_w300,paired_sample_incomplete:intraday:duplicate_exact_contract_bar;overnight:duplicate_exact_contract_bar,development
2021-11-03,2021-11-11,short_iron_condor_100_300,paired_sample_incomplete:intraday:duplicate_exact_contract_bar;overnight:duplicate_exact_contract_bar,development
2021-11-03,2021-11-11,bull_put_credit_100_300,paired_sample_incomplete:intraday:duplicate_exact_contract_bar;overnight:duplicate_exact_contract_bar,development
2021-11-03,2021-11-11,bear_call_credit_100_300,paired_sample_incomplete:intraday:duplicate_exact_contract_bar;overnight:duplicate_exact_contract_bar,development
2021-11-04,2021-11-11,ALL,missing_prior_0919_spot,development
2021-11-08,2021-11-11,short_atm_straddle,paired_sample_incomplete:intraday:duplicate_exact_contract_bar;overnight:duplicate_exact_contract_bar,development
2021-11-08,2021-11-11,short_iron_fly_w100,paired_sample_incomplete:intraday:duplicate_exact_contract_bar;overnight:duplicate_exact_contract_bar,development
2021-11-08,2021-11-11,short_iron_fly_w200,paired_sample_incomplete:intraday:duplicate_exact_contract_bar;overnight:duplicate_exact_contract_bar,development
2021-11-08,2021-11-11,short_iron_fly_w300,paired_sample_incomplete:intraday:duplicate_exact_contract_bar;overnight:duplicate_exact_contract_bar,development
2021-11-08,2021-11-11,long_iron_fly_w100,paired_sample_incomplete:intraday:duplicate_exact_contract_bar;overnight:duplicate_exact_contract_bar,development
2021-11-08,2021-11-11,long_iron_fly_w200,paired_sample_incomplete:intraday:duplicate_exact_contract_bar;overnight:duplicate_exact_contract_bar,development
2021-11-08,2021-11-11,long_iron_fly_w300,paired_sample_incomplete:intraday:duplicate_exact_contract_bar;overnight:duplicate_exact_contract_bar,development
2021-11-08,2021-11-11,short_iron_condor_100_300,paired_sample_incomplete:intraday:duplicate_exact_contract_bar;overnight:duplicate_exact_contract_bar,development
2021-11-08,2021-11-11,bull_put_credit_100_300,paired_sample_incomplete:intraday:duplicate_exact_contract_bar;overnight:duplicate_exact_contract_bar,development
2021-11-08,2021-11-11,bear_call_credit_100_300,paired_sample_incomplete:intraday:duplicate_exact_contract_bar;overnight:duplicate_exact_contract_bar,development
2021-11-09,2021-11-11,short_atm_straddle,paired_sample_incomplete:intraday:duplicate_exact_contract_bar;overnight:duplicate_exact_contract_bar,development
2021-11-09,2021-11-11,short_iron_fly_w100,paired_sample_incomplete:intraday:duplicate_exact_contract_bar;overnight:duplicate_exact_contract_bar,development
2021-11-09,2021-11-11,short_iron_fly_w200,paired_sample_incomplete:intraday:duplicate_exact_contract_bar;overnight:duplicate_exact_contract_bar,development
2021-11-09,2021-11-11,short_iron_fly_w300,paired_sample_incomplete:intraday:duplicate_exact_contract_bar;overnight:duplicate_exact_contract_bar,development
2021-11-09,2021-11-11,long_iron_fly_w100,paired_sample_incomplete:intraday:duplicate_exact_contract_bar;overnight:duplicate_exact_contract_bar,development
2021-11-09,2021-11-11,long_iron_fly_w200,paired_sample_incomplete:intraday:duplicate_exact_contract_bar;overnight:duplicate_exact_contract_bar,development
2021-11-09,2021-11-11,long_iron_fly_w300,paired_sample_incomplete:intraday:duplicate_exact_contract_bar;overnight:duplicate_exact_contract_bar,development
2021-11-09,2021-11-11,short_iron_condor_100_300,paired_sample_incomplete:intraday:duplicate_exact_contract_bar;overnight:duplicate_exact_contract_bar,development
2021-11-09,2021-11-11,bear_call_credit_100_300,paired_sample_incomplete:intraday:duplicate_exact_contract_bar;overnight:duplicate_exact_contract_bar,development
2021-11-10,2021-11-18,short_atm_straddle,paired_sample_incomplete:intraday:duplicate_exact_contract_bar;overnight:duplicate_exact_contract_bar,development
2021-11-10,2021-11-18,short_iron_fly_w100,paired_sample_incomplete:intraday:duplicate_exact_contract_bar;overnight:duplicate_exact_contract_bar,development
2021-11-10,2021-11-18,short_iron_fly_w200,paired_sample_incomplete:intraday:duplicate_exact_contract_bar;overnight:duplicate_exact_contract_bar,development
2021-11-10,2021-11-18,short_iron_fly_w300,paired_sample_incomplete:intraday:duplicate_exact_contract_bar;overnight:duplicate_exact_contract_bar,development
2021-11-10,2021-11-18,long_iron_fly_w100,paired_sample_incomplete:intraday:duplicate_exact_contract_bar;overnight:duplicate_exact_contract_bar,development
2021-11-10,2021-11-18,long_iron_fly_w200,paired_sample_incomplete:intraday:duplicate_exact_contract_bar;overnight:duplicate_exact_contract_bar,development
2021-11-10,2021-11-18,long_iron_fly_w300,paired_sample_incomplete:intraday:duplicate_exact_contract_bar;overnight:duplicate_exact_contract_bar,development
2021-11-10,2021-11-18,short_iron_condor_100_300,paired_sample_incomplete:intraday:duplicate_exact_contract_bar;overnight:duplicate_exact_contract_bar,development
2021-11-10,2021-11-18,bull_put_credit_100_300,paired_sample_incomplete:intraday:duplicate_exact_contract_bar;overnight:duplicate_exact_contract_bar,development
2021-11-10,2021-11-18,bear_call_credit_100_300,paired_sample_incomplete:intraday:duplicate_exact_contract_bar;overnight:duplicate_exact_contract_bar,development
2021-11-11,2021-11-18,short_atm_straddle,paired_sample_incomplete:intraday:duplicate_exact_contract_bar;overnight:duplicate_exact_contract_bar,development
2021-11-11,2021-11-18,short_iron_fly_w100,paired_sample_incomplete:intraday:duplicate_exact_contract_bar;overnight:duplicate_exact_contract_bar,development
2021-11-11,2021-11-18,short_iron_fly_w200,paired_sample_incomplete:intraday:duplicate_exact_contract_bar;overnight:duplicate_exact_contract_bar,development
2021-11-11,2021-11-18,short_iron_fly_w300,paired_sample_incomplete:intraday:duplicate_exact_contract_bar;overnight:duplicate_exact_contract_bar,development
2021-11-11,2021-11-18,long_iron_fly_w100,paired_sample_incomplete:intraday:duplicate_exact_contract_bar;overnight:duplicate_exact_contract_bar,development
2021-11-11,2021-11-18,long_iron_fly_w200,paired_sample_incomplete:intraday:duplicate_exact_contract_bar;overnight:duplicate_exact_contract_bar,development
2021-11-11,2021-11-18,long_iron_fly_w300,paired_sample_incomplete:intraday:duplicate_exact_contract_bar;overnight:duplicate_exact_contract_bar,development
2021-11-11,2021-11-18,short_iron_condor_100_300,paired_sample_incomplete:intraday:duplicate_exact_contract_bar;overnight:duplicate_exact_contract_bar,development
2021-11-11,2021-11-18,bull_put_credit_100_300,paired_sample_incomplete:intraday:duplicate_exact_contract_bar;overnight:duplicate_exact_contract_bar,development
2021-11-11,2021-11-18,bear_call_credit_100_300,paired_sample_incomplete:intraday:duplicate_exact_contract_bar;overnight:duplicate_exact_contract_bar,development
2021-11-12,2021-11-18,short_iron_fly_w100,paired_sample_incomplete:intraday:duplicate_exact_contract_bar;overnight:duplicate_exact_contract_bar,development
2021-11-12,2021-11-18,short_iron_fly_w300,paired_sample_incomplete:intraday:duplicate_exact_contract_bar;overnight:duplicate_exact_contract_bar,development
2021-11-12,2021-11-18,long_iron_fly_w100,paired_sample_incomplete:intraday:duplicate_exact_contract_bar;overnight:duplicate_exact_contract_bar,development
2021-11-12,2021-11-18,long_iron_fly_w300,paired_sample_incomplete:intraday:duplicate_exact_contract_bar;overnight:duplicate_exact_contract_bar,development
2021-11-12,2021-11-18,short_iron_condor_100_300,paired_sample_incomplete:intraday:duplicate_exact_contract_bar;overnight:duplicate_exact_contract_bar,development
2021-11-12,2021-11-18,bull_put_credit_100_300,paired_sample_incomplete:intraday:duplicate_exact_contract_bar;overnight:duplicate_exact_contract_bar,development
2021-11-15,2021-11-18,short_atm_straddle,paired_sample_incomplete:intraday:duplicate_exact_contract_bar;overnight:duplicate_exact_contract_bar,development
2021-11-15,2021-11-18,short_iron_fly_w100,paired_sample_incomplete:intraday:duplicate_exact_contract_bar;overnight:duplicate_exact_contract_bar,development
2021-11-15,2021-11-18,short_iron_fly_w200,paired_sample_incomplete:intraday:duplicate_exact_contract_bar;overnight:duplicate_exact_contract_bar,development
2021-11-15,2021-11-18,short_iron_fly_w300,paired_sample_incomplete:intraday:duplicate_exact_contract_bar;overnight:duplicate_exact_contract_bar,development
2021-11-15,2021-11-18,long_iron_fly_w100,paired_sample_incomplete:intraday:duplicate_exact_contract_bar;overnight:duplicate_exact_contract_bar,development
2021-11-15,2021-11-18,long_iron_fly_w200,paired_sample_incomplete:intraday:duplicate_exact_contract_bar;overnight:duplicate_exact_contract_bar,development
2021-11-15,2021-11-18,long_iron_fly_w300,paired_sample_incomplete:intraday:duplicate_exact_contract_bar;overnight:duplicate_exact_contract_bar,development
2021-11-15,2021-11-18,short_iron_condor_100_300,paired_sample_incomplete:intraday:duplicate_exact_contract_bar;overnight:duplicate_exact_contract_bar,development
2021-11-15,2021-11-18,bull_put_credit_100_300,paired_sample_incomplete:intraday:duplicate_exact_contract_bar;overnight:duplicate_exact_contract_bar,development
2021-11-16,2021-11-18,short_atm_straddle,paired_sample_incomplete:intraday:duplicate_exact_contract_bar;overnight:duplicate_exact_contract_bar,development
2021-11-16,2021-11-18,short_iron_fly_w100,paired_sample_incomplete:intraday:duplicate_exact_contract_bar;overnight:duplicate_exact_contract_bar,development
2021-11-16,2021-11-18,short_iron_fly_w200,paired_sample_incomplete:intraday:duplicate_exact_contract_bar;overnight:duplicate_exact_contract_bar,development
2021-11-16,2021-11-18,short_iron_fly_w300,paired_sample_incomplete:intraday:duplicate_exact_contract_bar;overnight:duplicate_exact_contract_bar,development
2021-11-16,2021-11-18,long_iron_fly_w100,paired_sample_incomplete:intraday:duplicate_exact_contract_bar;overnight:duplicate_exact_contract_bar,development
2021-11-16,2021-11-18,long_iron_fly_w200,paired_sample_incomplete:intraday:duplicate_exact_contract_bar;overnight:duplicate_exact_contract_bar,development
2021-11-16,2021-11-18,long_iron_fly_w300,paired_sample_incomplete:intraday:duplicate_exact_contract_bar;overnight:duplicate_exact_contract_bar,development
2021-11-17,2021-11-25,short_atm_straddle,paired_sample_incomplete:intraday:duplicate_exact_contract_bar;overnight:duplicate_exact_contract_bar,development
2021-11-17,2021-11-25,short_iron_fly_w100,paired_sample_incomplete:intraday:duplicate_exact_contract_bar;overnight:duplicate_exact_contract_bar,development
2021-11-17,2021-11-25,short_iron_fly_w200,paired_sample_incomplete:intraday:duplicate_exact_contract_bar;overnight:duplicate_exact_contract_bar,development
2021-11-17,2021-11-25,short_iron_fly_w300,paired_sample_incomplete:intraday:duplicate_exact_contract_bar;overnight:duplicate_exact_contract_bar,development
2021-11-17,2021-11-25,long_iron_fly_w100,paired_sample_incomplete:intraday:duplicate_exact_contract_bar;overnight:duplicate_exact_contract_bar,development
2021-11-17,2021-11-25,long_iron_fly_w200,paired_sample_incomplete:intraday:duplicate_exact_contract_bar;overnight:duplicate_exact_contract_bar,development
2021-11-17,2021-11-25,long_iron_fly_w300,paired_sample_incomplete:intraday:duplicate_exact_contract_bar;overnight:duplicate_exact_contract_bar,development
2021-11-17,2021-11-25,short_iron_condor_100_300,paired_sample_incomplete:intraday:duplicate_exact_contract_bar;overnight:duplicate_exact_contract_bar,development
2021-11-17,2021-11-25,bull_put_credit_100_300,paired_sample_incomplete:intraday:duplicate_exact_contract_bar;overnight:duplicate_exact_contract_bar,development
2021-11-17,2021-11-25,bear_call_credit_100_300,paired_sample_incomplete:intraday:duplicate_exact_contract_bar;overnight:duplicate_exact_contract_bar,development
2021-11-18,2021-11-25,short_atm_straddle,paired_sample_incomplete:intraday:duplicate_exact_contract_bar;overnight:duplicate_exact_contract_bar,development
2021-11-18,2021-11-25,short_iron_fly_w100,paired_sample_incomplete:intraday:duplicate_exact_contract_bar;overnight:duplicate_exact_contract_bar,development
2021-11-18,2021-11-25,short_iron_fly_w200,paired_sample_incomplete:intraday:duplicate_exact_contract_bar;overnight:duplicate_exact_contract_bar,development
2021-11-18,2021-11-25,short_iron_fly_w300,paired_sample_incomplete:intraday:duplicate_exact_contract_bar;overnight:duplicate_exact_contract_bar,development
2021-11-18,2021-11-25,long_iron_fly_w100,paired_sample_incomplete:intraday:duplicate_exact_contract_bar;overnight:duplicate_exact_contract_bar,development
2021-11-18,2021-11-25,long_iron_fly_w200,paired_sample_incomplete:intraday:duplicate_exact_contract_bar;overnight:duplicate_exact_contract_bar,development
2021-11-18,2021-11-25,long_iron_fly_w300,paired_sample_incomplete:intraday:duplicate_exact_contract_bar;overnight:duplicate_exact_contract_bar,development
2021-11-18,2021-11-25,short_iron_condor_100_300,paired_sample_incomplete:intraday:duplicate_exact_contract_bar;overnight:duplicate_exact_contract_bar,development
2021-11-18,2021-11-25,bull_put_credit_100_300,paired_sample_incomplete:intraday:duplicate_exact_contract_bar;overnight:duplicate_exact_contract_bar,development
2021-11-18,2021-11-25,bear_call_credit_100_300,paired_sample_incomplete:intraday:duplicate_exact_contract_bar;overnight:duplicate_exact_contract_bar,development
2021-11-22,2021-11-25,short_atm_straddle,paired_sample_incomplete:intraday:duplicate_exact_contract_bar;overnight:duplicate_exact_contract_bar,development
2021-11-22,2021-11-25,short_iron_fly_w100,paired_sample_incomplete:intraday:duplicate_exact_contract_bar;overnight:duplicate_exact_contract_bar,development
2021-11-22,2021-11-25,short_iron_fly_w200,paired_sample_incomplete:intraday:duplicate_exact_contract_bar;overnight:duplicate_exact_contract_bar,development
2021-11-22,2021-11-25,short_iron_fly_w300,paired_sample_incomplete:intraday:duplicate_exact_contract_bar;overnight:duplicate_exact_contract_bar,development
2021-11-22,2021-11-25,long_iron_fly_w100,paired_sample_incomplete:intraday:duplicate_exact_contract_bar;overnight:duplicate_exact_contract_bar,development
2021-11-22,2021-11-25,long_iron_fly_w200,paired_sample_incomplete:intraday:duplicate_exact_contract_bar;overnight:duplicate_exact_contract_bar,development
2021-11-22,2021-11-25,long_iron_fly_w300,paired_sample_incomplete:intraday:duplicate_exact_contract_bar;overnight:duplicate_exact_contract_bar,development
2021-11-22,2021-11-25,short_iron_condor_100_300,paired_sample_incomplete:intraday:duplicate_exact_contract_bar;overnight:duplicate_exact_contract_bar,development
2021-11-22,2021-11-25,bull_put_credit_100_300,paired_sample_incomplete:intraday:duplicate_exact_contract_bar;overnight:duplicate_exact_contract_bar,development
2021-11-22,2021-11-25,bear_call_credit_100_300,paired_sample_incomplete:intraday:duplicate_exact_contract_bar;overnight:duplicate_exact_contract_bar,development
2021-11-23,2021-11-25,short_atm_straddle,paired_sample_incomplete:intraday:duplicate_exact_contract_bar;overnight:duplicate_exact_contract_bar,development
2021-11-23,2021-11-25,short_iron_fly_w100,paired_sample_incomplete:intraday:duplicate_exact_contract_bar;overnight:duplicate_exact_contract_bar,development
2021-11-23,2021-11-25,short_iron_fly_w200,paired_sample_incomplete:intraday:duplicate_exact_contract_bar;overnight:duplicate_exact_contract_bar,development
2021-11-23,2021-11-25,short_iron_fly_w300,paired_sample_incomplete:intraday:duplicate_exact_contract_bar;overnight:duplicate_exact_contract_bar,development
2021-11-23,2021-11-25,long_iron_fly_w100,paired_sample_incomplete:intraday:duplicate_exact_contract_bar;overnight:duplicate_exact_contract_bar,development
2021-11-23,2021-11-25,long_iron_fly_w200,paired_sample_incomplete:intraday:duplicate_exact_contract_bar;overnight:duplicate_exact_contract_bar,development
2021-11-23,2021-11-25,long_iron_fly_w300,paired_sample_incomplete:intraday:duplicate_exact_contract_bar;overnight:duplicate_exact_contract_bar,development
2021-11-23,2021-11-25,short_iron_condor_100_300,paired_sample_incomplete:intraday:duplicate_exact_contract_bar;overnight:duplicate_exact_contract_bar,development
2021-11-23,2021-11-25,bull_put_credit_100_300,paired_sample_incomplete:intraday:duplicate_exact_contract_bar;overnight:duplicate_exact_contract_bar,development
2021-11-23,2021-11-25,bear_call_credit_100_300,paired_sample_incomplete:intraday:duplicate_exact_contract_bar;overnight:duplicate_exact_contract_bar,development
2021-11-24,2021-12-02,short_atm_straddle,paired_sample_incomplete:intraday:duplicate_exact_contract_bar;overnight:duplicate_exact_contract_bar,development
2021-11-24,2021-12-02,short_iron_fly_w100,paired_sample_incomplete:intraday:duplicate_exact_contract_bar;overnight:duplicate_exact_contract_bar,development
2021-11-24,2021-12-02,short_iron_fly_w200,paired_sample_incomplete:intraday:duplicate_exact_contract_bar;overnight:duplicate_exact_contract_bar,development
2021-11-24,2021-12-02,short_iron_fly_w300,paired_sample_incomplete:intraday:duplicate_exact_contract_bar;overnight:duplicate_exact_contract_bar,development
2021-11-24,2021-12-02,long_iron_fly_w100,paired_sample_incomplete:intraday:duplicate_exact_contract_bar;overnight:duplicate_exact_contract_bar,development
2021-11-24,2021-12-02,long_iron_fly_w200,paired_sample_incomplete:intraday:duplicate_exact_contract_bar;overnight:duplicate_exact_contract_bar,development
2021-11-24,2021-12-02,long_iron_fly_w300,paired_sample_incomplete:intraday:duplicate_exact_contract_bar;overnight:duplicate_exact_contract_bar,development
2021-11-24,2021-12-02,short_iron_condor_100_300,paired_sample_incomplete:intraday:duplicate_exact_contract_bar;overnight:duplicate_exact_contract_bar,development
2021-11-24,2021-12-02,bull_put_credit_100_300,paired_sample_incomplete:intraday:duplicate_exact_contract_bar;overnight:duplicate_exact_contract_bar,development
2021-11-24,2021-12-02,bear_call_credit_100_300,paired_sample_incomplete:intraday:duplicate_exact_contract_bar;overnight:duplicate_exact_contract_bar,development
2021-11-25,2021-12-02,short_atm_straddle,paired_sample_incomplete:intraday:duplicate_exact_contract_bar;overnight:duplicate_exact_contract_bar,development
2021-11-25,2021-12-02,short_iron_fly_w100,paired_sample_incomplete:intraday:duplicate_exact_contract_bar;overnight:duplicate_exact_contract_bar,development
2021-11-25,2021-12-02,short_iron_fly_w200,paired_sample_incomplete:intraday:duplicate_exact_contract_bar;overnight:duplicate_exact_contract_bar,development
2021-11-25,2021-12-02,short_iron_fly_w300,paired_sample_incomplete:intraday:duplicate_exact_contract_bar;overnight:duplicate_exact_contract_bar,development
2021-11-25,2021-12-02,long_iron_fly_w100,paired_sample_incomplete:intraday:duplicate_exact_contract_bar;overnight:duplicate_exact_contract_bar,development
2021-11-25,2021-12-02,long_iron_fly_w200,paired_sample_incomplete:intraday:duplicate_exact_contract_bar;overnight:duplicate_exact_contract_bar,development
2021-11-25,2021-12-02,long_iron_fly_w300,paired_sample_incomplete:intraday:duplicate_exact_contract_bar;overnight:duplicate_exact_contract_bar,development
2021-11-25,2021-12-02,short_iron_condor_100_300,paired_sample_incomplete:intraday:duplicate_exact_contract_bar;overnight:duplicate_exact_contract_bar,development
2021-11-25,2021-12-02,bull_put_credit_100_300,paired_sample_incomplete:intraday:duplicate_exact_contract_bar;overnight:duplicate_exact_contract_bar,development
2021-11-25,2021-12-02,bear_call_credit_100_300,paired_sample_incomplete:intraday:duplicate_exact_contract_bar;overnight:duplicate_exact_contract_bar,development
2021-11-26,2021-12-02,short_atm_straddle,paired_sample_incomplete:intraday:duplicate_exact_contract_bar;overnight:duplicate_exact_contract_bar,development
2021-11-26,2021-12-02,short_iron_fly_w100,paired_sample_incomplete:intraday:duplicate_exact_contract_bar;overnight:duplicate_exact_contract_bar,development
2021-11-26,2021-12-02,short_iron_fly_w200,paired_sample_incomplete:intraday:duplicate_exact_contract_bar;overnight:duplicate_exact_contract_bar,development
2021-11-26,2021-12-02,short_iron_fly_w300,paired_sample_incomplete:intraday:duplicate_exact_contract_bar;overnight:duplicate_exact_contract_bar,development
2021-11-26,2021-12-02,long_iron_fly_w100,paired_sample_incomplete:intraday:duplicate_exact_contract_bar;overnight:duplicate_exact_contract_bar,development
2021-11-26,2021-12-02,long_iron_fly_w200,paired_sample_incomplete:intraday:duplicate_exact_contract_bar;overnight:duplicate_exact_contract_bar,development
2021-11-26,2021-12-02,long_iron_fly_w300,paired_sample_incomplete:intraday:duplicate_exact_contract_bar;overnight:duplicate_exact_contract_bar,development
2021-11-26,2021-12-02,short_iron_condor_100_300,paired_sample_incomplete:intraday:duplicate_exact_contract_bar;overnight:duplicate_exact_contract_bar,development
2021-11-26,2021-12-02,bull_put_credit_100_300,paired_sample_incomplete:intraday:duplicate_exact_contract_bar;overnight:duplicate_exact_contract_bar,development
2021-11-26,2021-12-02,bear_call_credit_100_300,paired_sample_incomplete:intraday:duplicate_exact_contract_bar;overnight:duplicate_exact_contract_bar,development
2021-11-29,2021-12-02,short_atm_straddle,paired_sample_incomplete:intraday:duplicate_exact_contract_bar;overnight:duplicate_exact_contract_bar,development
2021-11-29,2021-12-02,short_iron_fly_w100,paired_sample_incomplete:intraday:duplicate_exact_contract_bar;overnight:duplicate_exact_contract_bar,development
2021-11-29,2021-12-02,short_iron_fly_w200,paired_sample_incomplete:intraday:duplicate_exact_contract_bar;overnight:duplicate_exact_contract_bar,development
2021-11-29,2021-12-02,short_iron_fly_w300,paired_sample_incomplete:intraday:duplicate_exact_contract_bar;overnight:duplicate_exact_contract_bar,development
2021-11-29,2021-12-02,long_iron_fly_w100,paired_sample_incomplete:intraday:duplicate_exact_contract_bar;overnight:duplicate_exact_contract_bar,development
2021-11-29,2021-12-02,long_iron_fly_w200,paired_sample_incomplete:intraday:duplicate_exact_contract_bar;overnight:duplicate_exact_contract_bar,development
2021-11-29,2021-12-02,long_iron_fly_w300,paired_sample_incomplete:intraday:duplicate_exact_contract_bar;overnight:duplicate_exact_contract_bar,development
2021-11-29,2021-12-02,short_iron_condor_100_300,paired_sample_incomplete:intraday:duplicate_exact_contract_bar;overnight:duplicate_exact_contract_bar,development
2021-11-29,2021-12-02,bull_put_credit_100_300,paired_sample_incomplete:intraday:duplicate_exact_contract_bar;overnight:duplicate_exact_contract_bar,development
2021-11-29,2021-12-02,bear_call_credit_100_300,paired_sample_incomplete:intraday:duplicate_exact_contract_bar;overnight:duplicate_exact_contract_bar,development
2021-11-30,2021-12-02,short_atm_straddle,paired_sample_incomplete:intraday:duplicate_exact_contract_bar;overnight:duplicate_exact_contract_bar,development
2021-11-30,2021-12-02,short_iron_fly_w100,paired_sample_incomplete:intraday:duplicate_exact_contract_bar;overnight:duplicate_exact_contract_bar,development
2021-11-30,2021-12-02,short_iron_fly_w200,paired_sample_incomplete:intraday:duplicate_exact_contract_bar;overnight:duplicate_exact_contract_bar,development
2021-11-30,2021-12-02,short_iron_fly_w300,paired_sample_incomplete:intraday:duplicate_exact_contract_bar;overnight:duplicate_exact_contract_bar,development
2021-11-30,2021-12-02,long_iron_fly_w100,paired_sample_incomplete:intraday:duplicate_exact_contract_bar;overnight:duplicate_exact_contract_bar,development
2021-11-30,2021-12-02,long_iron_fly_w200,paired_sample_incomplete:intraday:duplicate_exact_contract_bar;overnight:duplicate_exact_contract_bar,development
2021-11-30,2021-12-02,long_iron_fly_w300,paired_sample_incomplete:intraday:duplicate_exact_contract_bar;overnight:duplicate_exact_contract_bar,development
2021-11-30,2021-12-02,short_iron_condor_100_300,paired_sample_incomplete:intraday:duplicate_exact_contract_bar;overnight:duplicate_exact_contract_bar,development
2021-11-30,2021-12-02,bull_put_credit_100_300,paired_sample_incomplete:intraday:duplicate_exact_contract_bar;overnight:duplicate_exact_contract_bar,development
2021-11-30,2021-12-02,bear_call_credit_100_300,paired_sample_incomplete:intraday:duplicate_exact_contract_bar;overnight:duplicate_exact_contract_bar,development
2021-12-01,2021-12-09,short_atm_straddle,paired_sample_incomplete:intraday:duplicate_exact_contract_bar;overnight:duplicate_exact_contract_bar,development
2021-12-01,2021-12-09,short_iron_fly_w100,paired_sample_incomplete:intraday:duplicate_exact_contract_bar;overnight:duplicate_exact_contract_bar,development
2021-12-01,2021-12-09,short_iron_fly_w200,paired_sample_incomplete:intraday:duplicate_exact_contract_bar;overnight:duplicate_exact_contract_bar,development
2021-12-01,2021-12-09,short_iron_fly_w300,paired_sample_incomplete:intraday:duplicate_exact_contract_bar;overnight:duplicate_exact_contract_bar,development
2021-12-01,2021-12-09,long_iron_fly_w100,paired_sample_incomplete:intraday:duplicate_exact_contract_bar;overnight:duplicate_exact_contract_bar,development
2021-12-01,2021-12-09,long_iron_fly_w200,paired_sample_incomplete:intraday:duplicate_exact_contract_bar;overnight:duplicate_exact_contract_bar,development
2021-12-01,2021-12-09,long_iron_fly_w300,paired_sample_incomplete:intraday:duplicate_exact_contract_bar;overnight:duplicate_exact_contract_bar,development
2021-12-01,2021-12-09,short_iron_condor_100_300,paired_sample_incomplete:intraday:duplicate_exact_contract_bar;overnight:duplicate_exact_contract_bar,development
2021-12-01,2021-12-09,bear_call_credit_100_300,paired_sample_incomplete:intraday:duplicate_exact_contract_bar;overnight:duplicate_exact_contract_bar,development
2021-12-02,2021-12-09,short_atm_straddle,paired_sample_incomplete:intraday:duplicate_exact_contract_bar;overnight:duplicate_exact_contract_bar,development
2021-12-02,2021-12-09,short_iron_fly_w100,paired_sample_incomplete:intraday:duplicate_exact_contract_bar;overnight:duplicate_exact_contract_bar,development
2021-12-02,2021-12-09,short_iron_fly_w200,paired_sample_incomplete:intraday:duplicate_exact_contract_bar;overnight:duplicate_exact_contract_bar,development
2021-12-02,2021-12-09,short_iron_fly_w300,paired_sample_incomplete:intraday:duplicate_exact_contract_bar;overnight:duplicate_exact_contract_bar,development
2021-12-02,2021-12-09,long_iron_fly_w100,paired_sample_incomplete:intraday:duplicate_exact_contract_bar;overnight:duplicate_exact_contract_bar,development
2021-12-02,2021-12-09,long_iron_fly_w200,paired_sample_incomplete:intraday:duplicate_exact_contract_bar;overnight:duplicate_exact_contract_bar,development
2021-12-02,2021-12-09,long_iron_fly_w300,paired_sample_incomplete:intraday:duplicate_exact_contract_bar;overnight:duplicate_exact_contract_bar,development
2021-12-02,2021-12-09,short_iron_condor_100_300,paired_sample_incomplete:intraday:duplicate_exact_contract_bar;overnight:duplicate_exact_contract_bar,development
2021-12-02,2021-12-09,bull_put_credit_100_300,paired_sample_incomplete:intraday:duplicate_exact_contract_bar;overnight:duplicate_exact_contract_bar,development
2021-12-02,2021-12-09,bear_call_credit_100_300,paired_sample_incomplete:intraday:duplicate_exact_contract_bar;overnight:duplicate_exact_contract_bar,development
2021-12-03,2021-12-09,short_iron_fly_w100,paired_sample_incomplete:intraday:duplicate_exact_contract_bar;overnight:duplicate_exact_contract_bar,development
2021-12-03,2021-12-09,short_iron_fly_w200,paired_sample_incomplete:intraday:duplicate_exact_contract_bar;overnight:duplicate_exact_contract_bar,development
2021-12-03,2021-12-09,short_iron_fly_w300,paired_sample_incomplete:intraday:duplicate_exact_contract_bar;overnight:duplicate_exact_contract_bar,development
2021-12-03,2021-12-09,long_iron_fly_w100,paired_sample_incomplete:intraday:duplicate_exact_contract_bar;overnight:duplicate_exact_contract_bar,development
2021-12-03,2021-12-09,long_iron_fly_w200,paired_sample_incomplete:intraday:duplicate_exact_contract_bar;overnight:duplicate_exact_contract_bar,development
2021-12-03,2021-12-09,long_iron_fly_w300,paired_sample_incomplete:intraday:duplicate_exact_contract_bar;overnight:duplicate_exact_contract_bar,development
2021-12-03,2021-12-09,short_iron_condor_100_300,paired_sample_incomplete:intraday:duplicate_exact_contract_bar;overnight:duplicate_exact_contract_bar,development
2021-12-03,2021-12-09,bull_put_credit_100_300,paired_sample_incomplete:intraday:duplicate_exact_contract_bar;overnight:duplicate_exact_contract_bar,development
2021-12-03,2021-12-09,bear_call_credit_100_300,paired_sample_incomplete:intraday:duplicate_exact_contract_bar;overnight:duplicate_exact_contract_bar,development
2021-12-06,2021-12-09,short_atm_straddle,paired_sample_incomplete:intraday:duplicate_exact_contract_bar;overnight:duplicate_exact_contract_bar,development
2021-12-06,2021-12-09,short_iron_fly_w100,paired_sample_incomplete:intraday:duplicate_exact_contract_bar;overnight:duplicate_exact_contract_bar,development
2021-12-06,2021-12-09,short_iron_fly_w200,paired_sample_incomplete:intraday:duplicate_exact_contract_bar;overnight:duplicate_exact_contract_bar,development
2021-12-06,2021-12-09,short_iron_fly_w300,paired_sample_incomplete:intraday:duplicate_exact_contract_bar;overnight:duplicate_exact_contract_bar,development
2021-12-06,2021-12-09,long_iron_fly_w100,paired_sample_incomplete:intraday:duplicate_exact_contract_bar;overnight:duplicate_exact_contract_bar,development
2021-12-06,2021-12-09,long_iron_fly_w200,paired_sample_incomplete:intraday:duplicate_exact_contract_bar;overnight:duplicate_exact_contract_bar,development
2021-12-06,2021-12-09,long_iron_fly_w300,paired_sample_incomplete:intraday:duplicate_exact_contract_bar;overnight:duplicate_exact_contract_bar,development
2021-12-06,2021-12-09,short_iron_condor_100_300,paired_sample_incomplete:intraday:duplicate_exact_contract_bar;overnight:duplicate_exact_contract_bar,development
2021-12-06,2021-12-09,bull_put_credit_100_300,paired_sample_incomplete:intraday:duplicate_exact_contract_bar;overnight:duplicate_exact_contract_bar,development
2021-12-06,2021-12-09,bear_call_credit_100_300,paired_sample_incomplete:intraday:duplicate_exact_contract_bar;overnight:duplicate_exact_contract_bar,development
2021-12-07,2021-12-09,short_atm_straddle,paired_sample_incomplete:intraday:duplicate_exact_contract_bar;overnight:duplicate_exact_contract_bar,development
2021-12-07,2021-12-09,short_iron_fly_w100,paired_sample_incomplete:intraday:duplicate_exact_contract_bar;overnight:duplicate_exact_contract_bar,development
2021-12-07,2021-12-09,short_iron_fly_w200,paired_sample_incomplete:intraday:duplicate_exact_contract_bar;overnight:duplicate_exact_contract_bar,development
2021-12-07,2021-12-09,short_iron_fly_w300,paired_sample_incomplete:intraday:duplicate_exact_contract_bar;overnight:duplicate_exact_contract_bar,development
2021-12-07,2021-12-09,long_iron_fly_w100,paired_sample_incomplete:intraday:duplicate_exact_contract_bar;overnight:duplicate_exact_contract_bar,development
2021-12-07,2021-12-09,long_iron_fly_w200,paired_sample_incomplete:intraday:duplicate_exact_contract_bar;overnight:duplicate_exact_contract_bar,development
2021-12-07,2021-12-09,long_iron_fly_w300,paired_sample_incomplete:intraday:duplicate_exact_contract_bar;overnight:duplicate_exact_contract_bar,development
2021-12-07,2021-12-09,short_iron_condor_100_300,paired_sample_incomplete:intraday:duplicate_exact_contract_bar;overnight:duplicate_exact_contract_bar,development
2021-12-07,2021-12-09,bull_put_credit_100_300,paired_sample_incomplete:intraday:duplicate_exact_contract_bar;overnight:duplicate_exact_contract_bar,development
2021-12-07,2021-12-09,bear_call_credit_100_300,paired_sample_incomplete:intraday:duplicate_exact_contract_bar;overnight:duplicate_exact_contract_bar,development
2021-12-08,2021-12-16,short_iron_fly_w200,paired_sample_incomplete:intraday:duplicate_exact_contract_bar;overnight:duplicate_exact_contract_bar,development
2021-12-08,2021-12-16,short_iron_fly_w300,paired_sample_incomplete:intraday:duplicate_exact_contract_bar;overnight:duplicate_exact_contract_bar,development
2021-12-08,2021-12-16,long_iron_fly_w200,paired_sample_incomplete:intraday:duplicate_exact_contract_bar;overnight:duplicate_exact_contract_bar,development
2021-12-08,2021-12-16,long_iron_fly_w300,paired_sample_incomplete:intraday:duplicate_exact_contract_bar;overnight:duplicate_exact_contract_bar,development
2021-12-08,2021-12-16,short_iron_condor_100_300,paired_sample_incomplete:intraday:duplicate_exact_contract_bar;overnight:duplicate_exact_contract_bar,development
2021-12-08,2021-12-16,bull_put_credit_100_300,paired_sample_incomplete:intraday:duplicate_exact_contract_bar;overnight:duplicate_exact_contract_bar,development
2021-12-08,2021-12-16,bear_call_credit_100_300,paired_sample_incomplete:intraday:duplicate_exact_contract_bar;overnight:duplicate_exact_contract_bar,development
2021-12-09,2021-12-16,short_atm_straddle,paired_sample_incomplete:intraday:duplicate_exact_contract_bar;overnight:duplicate_exact_contract_bar,development
2021-12-09,2021-12-16,short_iron_fly_w100,paired_sample_incomplete:intraday:duplicate_exact_contract_bar;overnight:duplicate_exact_contract_bar,development
2021-12-09,2021-12-16,short_iron_fly_w200,paired_sample_incomplete:intraday:duplicate_exact_contract_bar;overnight:duplicate_exact_contract_bar,development
2021-12-09,2021-12-16,short_iron_fly_w300,paired_sample_incomplete:intraday:duplicate_exact_contract_bar;overnight:duplicate_exact_contract_bar,development
2021-12-09,2021-12-16,long_iron_fly_w100,paired_sample_incomplete:intraday:duplicate_exact_contract_bar;overnight:duplicate_exact_contract_bar,development
2021-12-09,2021-12-16,long_iron_fly_w200,paired_sample_incomplete:intraday:duplicate_exact_contract_bar;overnight:duplicate_exact_contract_bar,development
2021-12-09,2021-12-16,long_iron_fly_w300,paired_sample_incomplete:intraday:duplicate_exact_contract_bar;overnight:duplicate_exact_contract_bar,development
2021-12-09,2021-12-16,short_iron_condor_100_300,paired_sample_incomplete:intraday:duplicate_exact_contract_bar;overnight:duplicate_exact_contract_bar,development
2021-12-09,2021-12-16,bull_put_credit_100_300,paired_sample_incomplete:intraday:duplicate_exact_contract_bar;overnight:duplicate_exact_contract_bar,development
2021-12-09,2021-12-16,bear_call_credit_100_300,paired_sample_incomplete:intraday:duplicate_exact_contract_bar;overnight:duplicate_exact_contract_bar,development
2021-12-10,2021-12-16,short_atm_straddle,paired_sample_incomplete:intraday:duplicate_exact_contract_bar;overnight:duplicate_exact_contract_bar,development
2021-12-10,2021-12-16,short_iron_fly_w100,paired_sample_incomplete:intraday:duplicate_exact_contract_bar;overnight:duplicate_exact_contract_bar,development
2021-12-10,2021-12-16,short_iron_fly_w200,paired_sample_incomplete:intraday:duplicate_exact_contract_bar;overnight:duplicate_exact_contract_bar,development
2021-12-10,2021-12-16,short_iron_fly_w300,paired_sample_incomplete:intraday:duplicate_exact_contract_bar;overnight:duplicate_exact_contract_bar,development
2021-12-10,2021-12-16,long_iron_fly_w100,paired_sample_incomplete:intraday:duplicate_exact_contract_bar;overnight:duplicate_exact_contract_bar,development
2021-12-10,2021-12-16,long_iron_fly_w200,paired_sample_incomplete:intraday:duplicate_exact_contract_bar;overnight:duplicate_exact_contract_bar,development
2021-12-10,2021-12-16,long_iron_fly_w300,paired_sample_incomplete:intraday:duplicate_exact_contract_bar;overnight:duplicate_exact_contract_bar,development
2021-12-10,2021-12-16,short_iron_condor_100_300,paired_sample_incomplete:intraday:duplicate_exact_contract_bar;overnight:duplicate_exact_contract_bar,development
2021-12-10,2021-12-16,bull_put_credit_100_300,paired_sample_incomplete:intraday:duplicate_exact_contract_bar;overnight:duplicate_exact_contract_bar,development
2021-12-10,2021-12-16,bear_call_credit_100_300,paired_sample_incomplete:intraday:duplicate_exact_contract_bar;overnight:duplicate_exact_contract_bar,development
2021-12-13,2021-12-16,short_atm_straddle,paired_sample_incomplete:intraday:duplicate_exact_contract_bar;overnight:duplicate_exact_contract_bar,development
2021-12-13,2021-12-16,short_iron_fly_w100,paired_sample_incomplete:intraday:duplicate_exact_contract_bar;overnight:duplicate_exact_contract_bar,development
2021-12-13,2021-12-16,short_iron_fly_w200,paired_sample_incomplete:intraday:duplicate_exact_contract_bar;overnight:duplicate_exact_contract_bar,development
2021-12-13,2021-12-16,short_iron_fly_w300,paired_sample_incomplete:intraday:duplicate_exact_contract_bar;overnight:duplicate_exact_contract_bar,development
2021-12-13,2021-12-16,long_iron_fly_w100,paired_sample_incomplete:intraday:duplicate_exact_contract_bar;overnight:duplicate_exact_contract_bar,development
2021-12-13,2021-12-16,long_iron_fly_w200,paired_sample_incomplete:intraday:duplicate_exact_contract_bar;overnight:duplicate_exact_contract_bar,development
2021-12-13,2021-12-16,long_iron_fly_w300,paired_sample_incomplete:intraday:duplicate_exact_contract_bar;overnight:duplicate_exact_contract_bar,development
2021-12-13,2021-12-16,short_iron_condor_100_300,paired_sample_incomplete:intraday:duplicate_exact_contract_bar;overnight:duplicate_exact_contract_bar,development
2021-12-13,2021-12-16,bull_put_credit_100_300,paired_sample_incomplete:intraday:duplicate_exact_contract_bar;overnight:duplicate_exact_contract_bar,development
2021-12-13,2021-12-16,bear_call_credit_100_300,paired_sample_incomplete:intraday:duplicate_exact_contract_bar;overnight:duplicate_exact_contract_bar,development
2021-12-14,2021-12-16,short_iron_fly_w100,paired_sample_incomplete:intraday:duplicate_exact_contract_bar;overnight:duplicate_exact_contract_bar,development
2021-12-14,2021-12-16,short_iron_fly_w200,paired_sample_incomplete:intraday:duplicate_exact_contract_bar;overnight:duplicate_exact_contract_bar,development
2021-12-14,2021-12-16,short_iron_fly_w300,paired_sample_incomplete:intraday:duplicate_exact_contract_bar;overnight:duplicate_exact_contract_bar,development
2021-12-14,2021-12-16,long_iron_fly_w100,paired_sample_incomplete:intraday:duplicate_exact_contract_bar;overnight:duplicate_exact_contract_bar,development
2021-12-14,2021-12-16,long_iron_fly_w200,paired_sample_incomplete:intraday:duplicate_exact_contract_bar;overnight:duplicate_exact_contract_bar,development
2021-12-14,2021-12-16,long_iron_fly_w300,paired_sample_incomplete:intraday:duplicate_exact_contract_bar;overnight:duplicate_exact_contract_bar,development
2021-12-14,2021-12-16,short_iron_condor_100_300,paired_sample_incomplete:intraday:duplicate_exact_contract_bar;overnight:duplicate_exact_contract_bar,development
2021-12-14,2021-12-16,bull_put_credit_100_300,paired_sample_incomplete:intraday:duplicate_exact_contract_bar;overnight:duplicate_exact_contract_bar,development
2021-12-15,2021-12-23,short_atm_straddle,paired_sample_incomplete:intraday:duplicate_exact_contract_bar;overnight:duplicate_exact_contract_bar,development
2021-12-15,2021-12-23,short_iron_fly_w100,paired_sample_incomplete:intraday:duplicate_exact_contract_bar;overnight:duplicate_exact_contract_bar,development
2021-12-15,2021-12-23,short_iron_fly_w200,paired_sample_incomplete:intraday:duplicate_exact_contract_bar;overnight:duplicate_exact_contract_bar,development
2021-12-15,2021-12-23,short_iron_fly_w300,paired_sample_incomplete:intraday:duplicate_exact_contract_bar;overnight:duplicate_exact_contract_bar,development
2021-12-15,2021-12-23,long_iron_fly_w100,paired_sample_incomplete:intraday:duplicate_exact_contract_bar;overnight:duplicate_exact_contract_bar,development
2021-12-15,2021-12-23,long_iron_fly_w200,paired_sample_incomplete:intraday:duplicate_exact_contract_bar;overnight:duplicate_exact_contract_bar,development
2021-12-15,2021-12-23,long_iron_fly_w300,paired_sample_incomplete:intraday:duplicate_exact_contract_bar;overnight:duplicate_exact_contract_bar,development
2021-12-15,2021-12-23,short_iron_condor_100_300,paired_sample_incomplete:intraday:duplicate_exact_contract_bar;overnight:duplicate_exact_contract_bar,development
2021-12-15,2021-12-23,bull_put_credit_100_300,paired_sample_incomplete:intraday:duplicate_exact_contract_bar;overnight:duplicate_exact_contract_bar,development
2021-12-15,2021-12-23,bear_call_credit_100_300,paired_sample_incomplete:intraday:duplicate_exact_contract_bar;overnight:duplicate_exact_contract_bar,development
2021-12-16,2021-12-23,short_atm_straddle,paired_sample_incomplete:intraday:duplicate_exact_contract_bar;overnight:duplicate_exact_contract_bar,development
2021-12-16,2021-12-23,short_iron_fly_w100,paired_sample_incomplete:intraday:duplicate_exact_contract_bar;overnight:duplicate_exact_contract_bar,development
2021-12-16,2021-12-23,short_iron_fly_w200,paired_sample_incomplete:intraday:duplicate_exact_contract_bar;overnight:duplicate_exact_contract_bar,development
2021-12-16,2021-12-23,short_iron_fly_w300,paired_sample_incomplete:intraday:duplicate_exact_contract_bar;overnight:duplicate_exact_contract_bar,development
2021-12-16,2021-12-23,long_iron_fly_w100,paired_sample_incomplete:intraday:duplicate_exact_contract_bar;overnight:duplicate_exact_contract_bar,development
2021-12-16,2021-12-23,long_iron_fly_w200,paired_sample_incomplete:intraday:duplicate_exact_contract_bar;overnight:duplicate_exact_contract_bar,development
2021-12-16,2021-12-23,long_iron_fly_w300,paired_sample_incomplete:intraday:duplicate_exact_contract_bar;overnight:duplicate_exact_contract_bar,development
2021-12-16,2021-12-23,short_iron_condor_100_300,paired_sample_incomplete:intraday:duplicate_exact_contract_bar;overnight:duplicate_exact_contract_bar,development
2021-12-16,2021-12-23,bull_put_credit_100_300,paired_sample_incomplete:intraday:duplicate_exact_contract_bar;overnight:duplicate_exact_contract_bar,development
2021-12-16,2021-12-23,bear_call_credit_100_300,paired_sample_incomplete:intraday:duplicate_exact_contract_bar;overnight:duplicate_exact_contract_bar,development
2021-12-17,2021-12-23,short_atm_straddle,paired_sample_incomplete:intraday:duplicate_exact_contract_bar;overnight:duplicate_exact_contract_bar,development
2021-12-17,2021-12-23,short_iron_fly_w100,paired_sample_incomplete:intraday:duplicate_exact_contract_bar;overnight:duplicate_exact_contract_bar,development
2021-12-17,2021-12-23,short_iron_fly_w200,paired_sample_incomplete:intraday:duplicate_exact_contract_bar;overnight:duplicate_exact_contract_bar,development
2021-12-17,2021-12-23,short_iron_fly_w300,paired_sample_incomplete:intraday:duplicate_exact_contract_bar;overnight:duplicate_exact_contract_bar,development
2021-12-17,2021-12-23,long_iron_fly_w100,paired_sample_incomplete:intraday:duplicate_exact_contract_bar;overnight:duplicate_exact_contract_bar,development
2021-12-17,2021-12-23,long_iron_fly_w200,paired_sample_incomplete:intraday:duplicate_exact_contract_bar;overnight:duplicate_exact_contract_bar,development
2021-12-17,2021-12-23,long_iron_fly_w300,paired_sample_incomplete:intraday:duplicate_exact_contract_bar;overnight:duplicate_exact_contract_bar,development
2021-12-17,2021-12-23,short_iron_condor_100_300,paired_sample_incomplete:intraday:duplicate_exact_contract_bar;overnight:duplicate_exact_contract_bar,development
2021-12-17,2021-12-23,bull_put_credit_100_300,paired_sample_incomplete:intraday:duplicate_exact_contract_bar;overnight:duplicate_exact_contract_bar,development
2021-12-17,2021-12-23,bear_call_credit_100_300,paired_sample_incomplete:intraday:duplicate_exact_contract_bar;overnight:duplicate_exact_contract_bar,development
2021-12-20,2021-12-23,short_atm_straddle,paired_sample_incomplete:intraday:duplicate_exact_contract_bar;overnight:duplicate_exact_contract_bar,development
2021-12-20,2021-12-23,short_iron_fly_w100,paired_sample_incomplete:intraday:duplicate_exact_contract_bar;overnight:duplicate_exact_contract_bar,development
2021-12-20,2021-12-23,short_iron_fly_w200,paired_sample_incomplete:intraday:duplicate_exact_contract_bar;overnight:duplicate_exact_contract_bar,development
2021-12-20,2021-12-23,short_iron_fly_w300,paired_sample_incomplete:intraday:duplicate_exact_contract_bar;overnight:duplicate_exact_contract_bar,development
2021-12-20,2021-12-23,long_iron_fly_w100,paired_sample_incomplete:intraday:duplicate_exact_contract_bar;overnight:duplicate_exact_contract_bar,development
2021-12-20,2021-12-23,long_iron_fly_w200,paired_sample_incomplete:intraday:duplicate_exact_contract_bar;overnight:duplicate_exact_contract_bar,development
2021-12-20,2021-12-23,long_iron_fly_w300,paired_sample_incomplete:intraday:duplicate_exact_contract_bar;overnight:duplicate_exact_contract_bar,development
2021-12-20,2021-12-23,short_iron_condor_100_300,paired_sample_incomplete:intraday:duplicate_exact_contract_bar;overnight:duplicate_exact_contract_bar,development
2021-12-20,2021-12-23,bull_put_credit_100_300,paired_sample_incomplete:intraday:duplicate_exact_contract_bar;overnight:duplicate_exact_contract_bar,development
2021-12-20,2021-12-23,bear_call_credit_100_300,paired_sample_incomplete:intraday:duplicate_exact_contract_bar;overnight:duplicate_exact_contract_bar,development
2021-12-21,2021-12-23,short_atm_straddle,paired_sample_incomplete:intraday:duplicate_exact_contract_bar;overnight:duplicate_exact_contract_bar,development
2021-12-21,2021-12-23,short_iron_fly_w100,paired_sample_incomplete:intraday:duplicate_exact_contract_bar;overnight:duplicate_exact_contract_bar,development
2021-12-21,2021-12-23,short_iron_fly_w200,paired_sample_incomplete:intraday:duplicate_exact_contract_bar;overnight:duplicate_exact_contract_bar,development
2021-12-21,2021-12-23,short_iron_fly_w300,paired_sample_incomplete:intraday:duplicate_exact_contract_bar;overnight:duplicate_exact_contract_bar,development
2021-12-21,2021-12-23,long_iron_fly_w100,paired_sample_incomplete:intraday:duplicate_exact_contract_bar;overnight:duplicate_exact_contract_bar,development
2021-12-21,2021-12-23,long_iron_fly_w200,paired_sample_incomplete:intraday:duplicate_exact_contract_bar;overnight:duplicate_exact_contract_bar,development
2021-12-21,2021-12-23,long_iron_fly_w300,paired_sample_incomplete:intraday:duplicate_exact_contract_bar;overnight:duplicate_exact_contract_bar,development
2021-12-21,2021-12-23,short_iron_condor_100_300,paired_sample_incomplete:intraday:duplicate_exact_contract_bar;overnight:duplicate_exact_contract_bar,development
2021-12-21,2021-12-23,bull_put_credit_100_300,paired_sample_incomplete:intraday:duplicate_exact_contract_bar;overnight:duplicate_exact_contract_bar,development
2021-12-21,2021-12-23,bear_call_credit_100_300,paired_sample_incomplete:intraday:duplicate_exact_contract_bar;overnight:duplicate_exact_contract_bar,development
2021-12-22,2021-12-30,short_atm_straddle,paired_sample_incomplete:intraday:duplicate_exact_contract_bar;overnight:duplicate_exact_contract_bar,development
2021-12-22,2021-12-30,short_iron_fly_w100,paired_sample_incomplete:intraday:duplicate_exact_contract_bar;overnight:duplicate_exact_contract_bar,development
2021-12-22,2021-12-30,short_iron_fly_w200,paired_sample_incomplete:intraday:duplicate_exact_contract_bar;overnight:duplicate_exact_contract_bar,development
2021-12-22,2021-12-30,short_iron_fly_w300,paired_sample_incomplete:intraday:duplicate_exact_contract_bar;overnight:duplicate_exact_contract_bar,development
2021-12-22,2021-12-30,long_iron_fly_w100,paired_sample_incomplete:intraday:duplicate_exact_contract_bar;overnight:duplicate_exact_contract_bar,development
2021-12-22,2021-12-30,long_iron_fly_w200,paired_sample_incomplete:intraday:duplicate_exact_contract_bar;overnight:duplicate_exact_contract_bar,development
2021-12-22,2021-12-30,long_iron_fly_w300,paired_sample_incomplete:intraday:duplicate_exact_contract_bar;overnight:duplicate_exact_contract_bar,development
2021-12-22,2021-12-30,short_iron_condor_100_300,paired_sample_incomplete:intraday:duplicate_exact_contract_bar;overnight:duplicate_exact_contract_bar,development
2021-12-22,2021-12-30,bull_put_credit_100_300,paired_sample_incomplete:intraday:duplicate_exact_contract_bar;overnight:duplicate_exact_contract_bar,development
2021-12-22,2021-12-30,bear_call_credit_100_300,paired_sample_incomplete:intraday:duplicate_exact_contract_bar;overnight:duplicate_exact_contract_bar,development
2021-12-23,2021-12-30,short_atm_straddle,paired_sample_incomplete:intraday:duplicate_exact_contract_bar;overnight:duplicate_exact_contract_bar,development
2021-12-23,2021-12-30,short_iron_fly_w100,paired_sample_incomplete:intraday:duplicate_exact_contract_bar;overnight:duplicate_exact_contract_bar,development
2021-12-23,2021-12-30,short_iron_fly_w200,paired_sample_incomplete:intraday:duplicate_exact_contract_bar;overnight:duplicate_exact_contract_bar,development
2021-12-23,2021-12-30,short_iron_fly_w300,paired_sample_incomplete:intraday:duplicate_exact_contract_bar;overnight:duplicate_exact_contract_bar,development
2021-12-23,2021-12-30,long_iron_fly_w100,paired_sample_incomplete:intraday:duplicate_exact_contract_bar;overnight:duplicate_exact_contract_bar,development
2021-12-23,2021-12-30,long_iron_fly_w200,paired_sample_incomplete:intraday:duplicate_exact_contract_bar;overnight:duplicate_exact_contract_bar,development
2021-12-23,2021-12-30,long_iron_fly_w300,paired_sample_incomplete:intraday:duplicate_exact_contract_bar;overnight:duplicate_exact_contract_bar,development
2021-12-23,2021-12-30,short_iron_condor_100_300,paired_sample_incomplete:intraday:duplicate_exact_contract_bar;overnight:duplicate_exact_contract_bar,development
2021-12-23,2021-12-30,bull_put_credit_100_300,paired_sample_incomplete:intraday:duplicate_exact_contract_bar;overnight:duplicate_exact_contract_bar,development
2021-12-23,2021-12-30,bear_call_credit_100_300,paired_sample_incomplete:intraday:duplicate_exact_contract_bar;overnight:duplicate_exact_contract_bar,development
2021-12-24,2021-12-30,short_atm_straddle,paired_sample_incomplete:intraday:duplicate_exact_contract_bar;overnight:duplicate_exact_contract_bar,development
2021-12-24,2021-12-30,short_iron_fly_w100,paired_sample_incomplete:intraday:duplicate_exact_contract_bar;overnight:duplicate_exact_contract_bar,development
2021-12-24,2021-12-30,short_iron_fly_w200,paired_sample_incomplete:intraday:duplicate_exact_contract_bar;overnight:duplicate_exact_contract_bar,development
2021-12-24,2021-12-30,short_iron_fly_w300,paired_sample_incomplete:intraday:duplicate_exact_contract_bar;overnight:duplicate_exact_contract_bar,development
2021-12-24,2021-12-30,long_iron_fly_w100,paired_sample_incomplete:intraday:duplicate_exact_contract_bar;overnight:duplicate_exact_contract_bar,development
2021-12-24,2021-12-30,long_iron_fly_w200,paired_sample_incomplete:intraday:duplicate_exact_contract_bar;overnight:duplicate_exact_contract_bar,development
2021-12-24,2021-12-30,long_iron_fly_w300,paired_sample_incomplete:intraday:duplicate_exact_contract_bar;overnight:duplicate_exact_contract_bar,development
2021-12-24,2021-12-30,short_iron_condor_100_300,paired_sample_incomplete:intraday:duplicate_exact_contract_bar;overnight:duplicate_exact_contract_bar,development
2021-12-24,2021-12-30,bull_put_credit_100_300,paired_sample_incomplete:intraday:duplicate_exact_contract_bar;overnight:duplicate_exact_contract_bar,development
2021-12-24,2021-12-30,bear_call_credit_100_300,paired_sample_incomplete:intraday:duplicate_exact_contract_bar;overnight:duplicate_exact_contract_bar,development
2021-12-27,2021-12-30,short_atm_straddle,paired_sample_incomplete:intraday:duplicate_exact_contract_bar;overnight:duplicate_exact_contract_bar,development
2021-12-27,2021-12-30,short_iron_fly_w100,paired_sample_incomplete:intraday:duplicate_exact_contract_bar;overnight:duplicate_exact_contract_bar,development
2021-12-27,2021-12-30,short_iron_fly_w200,paired_sample_incomplete:intraday:duplicate_exact_contract_bar;overnight:duplicate_exact_contract_bar,development
2021-12-27,2021-12-30,short_iron_fly_w300,paired_sample_incomplete:intraday:duplicate_exact_contract_bar;overnight:duplicate_exact_contract_bar,development
2021-12-27,2021-12-30,long_iron_fly_w100,paired_sample_incomplete:intraday:duplicate_exact_contract_bar;overnight:duplicate_exact_contract_bar,development
2021-12-27,2021-12-30,long_iron_fly_w200,paired_sample_incomplete:intraday:duplicate_exact_contract_bar;overnight:duplicate_exact_contract_bar,development
2021-12-27,2021-12-30,long_iron_fly_w300,paired_sample_incomplete:intraday:duplicate_exact_contract_bar;overnight:duplicate_exact_contract_bar,development
2021-12-27,2021-12-30,short_iron_condor_100_300,paired_sample_incomplete:intraday:duplicate_exact_contract_bar;overnight:duplicate_exact_contract_bar,development
2021-12-27,2021-12-30,bull_put_credit_100_300,paired_sample_incomplete:intraday:duplicate_exact_contract_bar;overnight:duplicate_exact_contract_bar,development
2021-12-27,2021-12-30,bear_call_credit_100_300,paired_sample_incomplete:intraday:duplicate_exact_contract_bar;overnight:duplicate_exact_contract_bar,development
2021-12-28,2021-12-30,short_atm_straddle,paired_sample_incomplete:intraday:duplicate_exact_contract_bar;overnight:duplicate_exact_contract_bar,development
2021-12-28,2021-12-30,short_iron_fly_w100,paired_sample_incomplete:intraday:duplicate_exact_contract_bar;overnight:duplicate_exact_contract_bar,development
2021-12-28,2021-12-30,short_iron_fly_w200,paired_sample_incomplete:intraday:duplicate_exact_contract_bar;overnight:duplicate_exact_contract_bar,development
2021-12-28,2021-12-30,short_iron_fly_w300,paired_sample_incomplete:intraday:duplicate_exact_contract_bar;overnight:duplicate_exact_contract_bar,development
2021-12-28,2021-12-30,long_iron_fly_w100,paired_sample_incomplete:intraday:duplicate_exact_contract_bar;overnight:duplicate_exact_contract_bar,development
2021-12-28,2021-12-30,long_iron_fly_w200,paired_sample_incomplete:intraday:duplicate_exact_contract_bar;overnight:duplicate_exact_contract_bar,development
2021-12-28,2021-12-30,long_iron_fly_w300,paired_sample_incomplete:intraday:duplicate_exact_contract_bar;overnight:duplicate_exact_contract_bar,development
2021-12-28,2021-12-30,short_iron_condor_100_300,paired_sample_incomplete:intraday:duplicate_exact_contract_bar;overnight:duplicate_exact_contract_bar,development
2021-12-28,2021-12-30,bull_put_credit_100_300,paired_sample_incomplete:intraday:duplicate_exact_contract_bar;overnight:duplicate_exact_contract_bar,development
2021-12-29,2022-01-06,short_atm_straddle,paired_sample_incomplete:intraday:duplicate_exact_contract_bar;overnight:duplicate_exact_contract_bar,development
2021-12-29,2022-01-06,short_iron_fly_w100,paired_sample_incomplete:intraday:duplicate_exact_contract_bar;overnight:duplicate_exact_contract_bar,development
2021-12-29,2022-01-06,short_iron_fly_w200,paired_sample_incomplete:intraday:duplicate_exact_contract_bar;overnight:duplicate_exact_contract_bar,development
2021-12-29,2022-01-06,short_iron_fly_w300,paired_sample_incomplete:intraday:duplicate_exact_contract_bar;overnight:duplicate_exact_contract_bar,development
2021-12-29,2022-01-06,long_iron_fly_w100,paired_sample_incomplete:intraday:duplicate_exact_contract_bar;overnight:duplicate_exact_contract_bar,development
2021-12-29,2022-01-06,long_iron_fly_w200,paired_sample_incomplete:intraday:duplicate_exact_contract_bar;overnight:duplicate_exact_contract_bar,development
2021-12-29,2022-01-06,long_iron_fly_w300,paired_sample_incomplete:intraday:duplicate_exact_contract_bar;overnight:duplicate_exact_contract_bar,development
2021-12-29,2022-01-06,short_iron_condor_100_300,paired_sample_incomplete:intraday:duplicate_exact_contract_bar;overnight:duplicate_exact_contract_bar,development
2021-12-29,2022-01-06,bull_put_credit_100_300,paired_sample_incomplete:intraday:duplicate_exact_contract_bar;overnight:duplicate_exact_contract_bar,development
2021-12-29,2022-01-06,bear_call_credit_100_300,paired_sample_incomplete:intraday:duplicate_exact_contract_bar;overnight:duplicate_exact_contract_bar,development
2021-12-30,2022-01-06,short_atm_straddle,paired_sample_incomplete:intraday:duplicate_exact_contract_bar;overnight:duplicate_exact_contract_bar,development
2021-12-30,2022-01-06,short_iron_fly_w100,paired_sample_incomplete:intraday:duplicate_exact_contract_bar;overnight:duplicate_exact_contract_bar,development
2021-12-30,2022-01-06,short_iron_fly_w200,paired_sample_incomplete:intraday:duplicate_exact_contract_bar;overnight:duplicate_exact_contract_bar,development
2021-12-30,2022-01-06,short_iron_fly_w300,paired_sample_incomplete:intraday:duplicate_exact_contract_bar;overnight:duplicate_exact_contract_bar,development
2021-12-30,2022-01-06,long_iron_fly_w100,paired_sample_incomplete:intraday:duplicate_exact_contract_bar;overnight:duplicate_exact_contract_bar,development
2021-12-30,2022-01-06,long_iron_fly_w200,paired_sample_incomplete:intraday:duplicate_exact_contract_bar;overnight:duplicate_exact_contract_bar,development
2021-12-30,2022-01-06,long_iron_fly_w300,paired_sample_incomplete:intraday:duplicate_exact_contract_bar;overnight:duplicate_exact_contract_bar,development
2021-12-30,2022-01-06,short_iron_condor_100_300,paired_sample_incomplete:intraday:duplicate_exact_contract_bar;overnight:duplicate_exact_contract_bar,development
2021-12-30,2022-01-06,bull_put_credit_100_300,paired_sample_incomplete:intraday:duplicate_exact_contract_bar;overnight:duplicate_exact_contract_bar,development
2021-12-30,2022-01-06,bear_call_credit_100_300,paired_sample_incomplete:intraday:duplicate_exact_contract_bar;overnight:duplicate_exact_contract_bar,development
2021-12-31,2022-01-06,short_atm_straddle,paired_sample_incomplete:intraday:duplicate_exact_contract_bar;overnight:duplicate_exact_contract_bar,development
2021-12-31,2022-01-06,short_iron_fly_w100,paired_sample_incomplete:intraday:duplicate_exact_contract_bar;overnight:duplicate_exact_contract_bar,development
2021-12-31,2022-01-06,short_iron_fly_w200,paired_sample_incomplete:intraday:duplicate_exact_contract_bar;overnight:duplicate_exact_contract_bar,development
2021-12-31,2022-01-06,short_iron_fly_w300,paired_sample_incomplete:intraday:duplicate_exact_contract_bar;overnight:duplicate_exact_contract_bar,development
2021-12-31,2022-01-06,long_iron_fly_w100,paired_sample_incomplete:intraday:duplicate_exact_contract_bar;overnight:duplicate_exact_contract_bar,development
2021-12-31,2022-01-06,long_iron_fly_w200,paired_sample_incomplete:intraday:duplicate_exact_contract_bar;overnight:duplicate_exact_contract_bar,development
2021-12-31,2022-01-06,long_iron_fly_w300,paired_sample_incomplete:intraday:duplicate_exact_contract_bar;overnight:duplicate_exact_contract_bar,development
2021-12-31,2022-01-06,short_iron_condor_100_300,paired_sample_incomplete:intraday:duplicate_exact_contract_bar;overnight:duplicate_exact_contract_bar,development
2021-12-31,2022-01-06,bull_put_credit_100_300,paired_sample_incomplete:intraday:duplicate_exact_contract_bar;overnight:duplicate_exact_contract_bar,development
2021-12-31,2022-01-06,bear_call_credit_100_300,paired_sample_incomplete:intraday:duplicate_exact_contract_bar;overnight:duplicate_exact_contract_bar,development
2022-01-03,2022-01-06,short_atm_straddle,paired_sample_incomplete:intraday:duplicate_exact_contract_bar;overnight:duplicate_exact_contract_bar,development
2022-01-03,2022-01-06,short_iron_fly_w100,paired_sample_incomplete:intraday:duplicate_exact_contract_bar;overnight:duplicate_exact_contract_bar,development
2022-01-03,2022-01-06,short_iron_fly_w200,paired_sample_incomplete:intraday:duplicate_exact_contract_bar;overnight:duplicate_exact_contract_bar,development
2022-01-03,2022-01-06,short_iron_fly_w300,paired_sample_incomplete:intraday:duplicate_exact_contract_bar;overnight:duplicate_exact_contract_bar,development
2022-01-03,2022-01-06,long_iron_fly_w100,paired_sample_incomplete:intraday:duplicate_exact_contract_bar;overnight:duplicate_exact_contract_bar,development
2022-01-03,2022-01-06,long_iron_fly_w200,paired_sample_incomplete:intraday:duplicate_exact_contract_bar;overnight:duplicate_exact_contract_bar,development
2022-01-03,2022-01-06,long_iron_fly_w300,paired_sample_incomplete:intraday:duplicate_exact_contract_bar;overnight:duplicate_exact_contract_bar,development
2022-01-03,2022-01-06,short_iron_condor_100_300,paired_sample_incomplete:intraday:duplicate_exact_contract_bar;overnight:duplicate_exact_contract_bar,development
2022-01-03,2022-01-06,bull_put_credit_100_300,paired_sample_incomplete:intraday:duplicate_exact_contract_bar;overnight:duplicate_exact_contract_bar,development
2022-01-03,2022-01-06,bear_call_credit_100_300,paired_sample_incomplete:intraday:duplicate_exact_contract_bar;overnight:duplicate_exact_contract_bar,development
2022-01-04,2022-01-06,short_iron_fly_w100,paired_sample_incomplete:intraday:duplicate_exact_contract_bar;overnight:duplicate_exact_contract_bar,development
2022-01-04,2022-01-06,short_iron_fly_w200,paired_sample_incomplete:intraday:duplicate_exact_contract_bar;overnight:duplicate_exact_contract_bar,development
2022-01-04,2022-01-06,short_iron_fly_w300,paired_sample_incomplete:intraday:duplicate_exact_contract_bar;overnight:duplicate_exact_contract_bar,development
2022-01-04,2022-01-06,long_iron_fly_w100,paired_sample_incomplete:intraday:duplicate_exact_contract_bar;overnight:duplicate_exact_contract_bar,development
2022-01-04,2022-01-06,long_iron_fly_w200,paired_sample_incomplete:intraday:duplicate_exact_contract_bar;overnight:duplicate_exact_contract_bar,development
2022-01-04,2022-01-06,long_iron_fly_w300,paired_sample_incomplete:intraday:duplicate_exact_contract_bar;overnight:duplicate_exact_contract_bar,development
2022-01-04,2022-01-06,short_iron_condor_100_300,paired_sample_incomplete:intraday:duplicate_exact_contract_bar;overnight:duplicate_exact_contract_bar,development
2022-01-04,2022-01-06,bull_put_credit_100_300,paired_sample_incomplete:intraday:duplicate_exact_contract_bar;overnight:duplicate_exact_contract_bar,development
2022-01-04,2022-01-06,bear_call_credit_100_300,paired_sample_incomplete:intraday:duplicate_exact_contract_bar;overnight:duplicate_exact_contract_bar,development
2022-01-05,2022-01-13,short_atm_straddle,paired_sample_incomplete:intraday:duplicate_exact_contract_bar;overnight:duplicate_exact_contract_bar,development
2022-01-05,2022-01-13,short_iron_fly_w100,paired_sample_incomplete:intraday:duplicate_exact_contract_bar;overnight:duplicate_exact_contract_bar,development
2022-01-05,2022-01-13,short_iron_fly_w200,paired_sample_incomplete:intraday:duplicate_exact_contract_bar;overnight:duplicate_exact_contract_bar,development
2022-01-05,2022-01-13,short_iron_fly_w300,paired_sample_incomplete:intraday:duplicate_exact_contract_bar;overnight:duplicate_exact_contract_bar,development
2022-01-05,2022-01-13,long_iron_fly_w100,paired_sample_incomplete:intraday:duplicate_exact_contract_bar;overnight:duplicate_exact_contract_bar,development
2022-01-05,2022-01-13,long_iron_fly_w200,paired_sample_incomplete:intraday:duplicate_exact_contract_bar;overnight:duplicate_exact_contract_bar,development
2022-01-05,2022-01-13,long_iron_fly_w300,paired_sample_incomplete:intraday:duplicate_exact_contract_bar;overnight:duplicate_exact_contract_bar,development
2022-01-05,2022-01-13,short_iron_condor_100_300,paired_sample_incomplete:intraday:duplicate_exact_contract_bar;overnight:duplicate_exact_contract_bar,development
2022-01-05,2022-01-13,bull_put_credit_100_300,paired_sample_incomplete:intraday:duplicate_exact_contract_bar;overnight:duplicate_exact_contract_bar,development
2022-01-05,2022-01-13,bear_call_credit_100_300,paired_sample_incomplete:intraday:duplicate_exact_contract_bar;overnight:duplicate_exact_contract_bar,development
2022-01-06,2022-01-13,short_atm_straddle,paired_sample_incomplete:intraday:duplicate_exact_contract_bar;overnight:duplicate_exact_contract_bar,development
2022-01-06,2022-01-13,short_iron_fly_w100,paired_sample_incomplete:intraday:duplicate_exact_contract_bar;overnight:duplicate_exact_contract_bar,development
2022-01-06,2022-01-13,short_iron_fly_w200,paired_sample_incomplete:intraday:duplicate_exact_contract_bar;overnight:duplicate_exact_contract_bar,development
2022-01-06,2022-01-13,short_iron_fly_w300,paired_sample_incomplete:intraday:duplicate_exact_contract_bar;overnight:duplicate_exact_contract_bar,development
2022-01-06,2022-01-13,long_iron_fly_w100,paired_sample_incomplete:intraday:duplicate_exact_contract_bar;overnight:duplicate_exact_contract_bar,development
2022-01-06,2022-01-13,long_iron_fly_w200,paired_sample_incomplete:intraday:duplicate_exact_contract_bar;overnight:duplicate_exact_contract_bar,development
2022-01-06,2022-01-13,long_iron_fly_w300,paired_sample_incomplete:intraday:duplicate_exact_contract_bar;overnight:duplicate_exact_contract_bar,development
2022-01-06,2022-01-13,short_iron_condor_100_300,paired_sample_incomplete:intraday:duplicate_exact_contract_bar;overnight:duplicate_exact_contract_bar,development
2022-01-06,2022-01-13,bull_put_credit_100_300,paired_sample_incomplete:intraday:duplicate_exact_contract_bar;overnight:duplicate_exact_contract_bar,development
2022-01-06,2022-01-13,bear_call_credit_100_300,paired_sample_incomplete:intraday:duplicate_exact_contract_bar;overnight:duplicate_exact_contract_bar,development
2022-01-07,2022-01-13,short_atm_straddle,paired_sample_incomplete:intraday:duplicate_exact_contract_bar;overnight:duplicate_exact_contract_bar,development
2022-01-07,2022-01-13,short_iron_fly_w100,paired_sample_incomplete:intraday:duplicate_exact_contract_bar;overnight:duplicate_exact_contract_bar,development
2022-01-07,2022-01-13,short_iron_fly_w200,paired_sample_incomplete:intraday:duplicate_exact_contract_bar;overnight:duplicate_exact_contract_bar,development
2022-01-07,2022-01-13,short_iron_fly_w300,paired_sample_incomplete:intraday:duplicate_exact_contract_bar;overnight:duplicate_exact_contract_bar,development
2022-01-07,2022-01-13,long_iron_fly_w100,paired_sample_incomplete:intraday:duplicate_exact_contract_bar;overnight:duplicate_exact_contract_bar,development
2022-01-07,2022-01-13,long_iron_fly_w200,paired_sample_incomplete:intraday:duplicate_exact_contract_bar;overnight:duplicate_exact_contract_bar,development
2022-01-07,2022-01-13,long_iron_fly_w300,paired_sample_incomplete:intraday:duplicate_exact_contract_bar;overnight:duplicate_exact_contract_bar,development
2022-01-07,2022-01-13,short_iron_condor_100_300,paired_sample_incomplete:intraday:duplicate_exact_contract_bar;overnight:duplicate_exact_contract_bar,development
2022-01-07,2022-01-13,bull_put_credit_100_300,paired_sample_incomplete:intraday:duplicate_exact_contract_bar;overnight:duplicate_exact_contract_bar,development
2022-01-07,2022-01-13,bear_call_credit_100_300,paired_sample_incomplete:intraday:duplicate_exact_contract_bar;overnight:duplicate_exact_contract_bar,development
2022-01-10,2022-01-13,short_atm_straddle,paired_sample_incomplete:intraday:duplicate_exact_contract_bar;overnight:duplicate_exact_contract_bar,development
2022-01-10,2022-01-13,short_iron_fly_w100,paired_sample_incomplete:intraday:duplicate_exact_contract_bar;overnight:duplicate_exact_contract_bar,development
2022-01-10,2022-01-13,short_iron_fly_w200,paired_sample_incomplete:intraday:duplicate_exact_contract_bar;overnight:duplicate_exact_contract_bar,development
2022-01-10,2022-01-13,short_iron_fly_w300,paired_sample_incomplete:intraday:duplicate_exact_contract_bar;overnight:duplicate_exact_contract_bar,development
2022-01-10,2022-01-13,long_iron_fly_w100,paired_sample_incomplete:intraday:duplicate_exact_contract_bar;overnight:duplicate_exact_contract_bar,development
2022-01-10,2022-01-13,long_iron_fly_w200,paired_sample_incomplete:intraday:duplicate_exact_contract_bar;overnight:duplicate_exact_contract_bar,development
2022-01-10,2022-01-13,long_iron_fly_w300,paired_sample_incomplete:intraday:duplicate_exact_contract_bar;overnight:duplicate_exact_contract_bar,development
2022-01-10,2022-01-13,short_iron_condor_100_300,paired_sample_incomplete:intraday:duplicate_exact_contract_bar;overnight:duplicate_exact_contract_bar,development
2022-01-10,2022-01-13,bull_put_credit_100_300,paired_sample_incomplete:intraday:duplicate_exact_contract_bar;overnight:duplicate_exact_contract_bar,development
2022-01-10,2022-01-13,bear_call_credit_100_300,paired_sample_incomplete:intraday:duplicate_exact_contract_bar;overnight:duplicate_exact_contract_bar,development
2022-01-11,2022-01-13,short_atm_straddle,paired_sample_incomplete:intraday:duplicate_exact_contract_bar;overnight:duplicate_exact_contract_bar,development
2022-01-11,2022-01-13,short_iron_fly_w100,paired_sample_incomplete:intraday:duplicate_exact_contract_bar;overnight:duplicate_exact_contract_bar,development
2022-01-11,2022-01-13,short_iron_fly_w200,paired_sample_incomplete:intraday:duplicate_exact_contract_bar;overnight:duplicate_exact_contract_bar,development
2022-01-11,2022-01-13,short_iron_fly_w300,paired_sample_incomplete:intraday:duplicate_exact_contract_bar;overnight:duplicate_exact_contract_bar,development
2022-01-11,2022-01-13,long_iron_fly_w100,paired_sample_incomplete:intraday:duplicate_exact_contract_bar;overnight:duplicate_exact_contract_bar,development
2022-01-11,2022-01-13,long_iron_fly_w200,paired_sample_incomplete:intraday:duplicate_exact_contract_bar;overnight:duplicate_exact_contract_bar,development
2022-01-11,2022-01-13,long_iron_fly_w300,paired_sample_incomplete:intraday:duplicate_exact_contract_bar;overnight:duplicate_exact_contract_bar,development
2022-01-11,2022-01-13,short_iron_condor_100_300,paired_sample_incomplete:intraday:duplicate_exact_contract_bar;overnight:duplicate_exact_contract_bar,development
2022-01-11,2022-01-13,bull_put_credit_100_300,paired_sample_incomplete:intraday:duplicate_exact_contract_bar;overnight:duplicate_exact_contract_bar,development
2022-01-11,2022-01-13,bear_call_credit_100_300,paired_sample_incomplete:intraday:duplicate_exact_contract_bar;overnight:duplicate_exact_contract_bar,development
2022-01-12,2022-01-20,short_atm_straddle,paired_sample_incomplete:intraday:duplicate_exact_contract_bar;overnight:duplicate_exact_contract_bar,development
2022-01-12,2022-01-20,short_iron_fly_w100,paired_sample_incomplete:intraday:duplicate_exact_contract_bar;overnight:duplicate_exact_contract_bar,development
2022-01-12,2022-01-20,short_iron_fly_w200,paired_sample_incomplete:intraday:duplicate_exact_contract_bar;overnight:duplicate_exact_contract_bar,development
2022-01-12,2022-01-20,short_iron_fly_w300,paired_sample_incomplete:intraday:duplicate_exact_contract_bar;overnight:duplicate_exact_contract_bar,development
2022-01-12,2022-01-20,long_iron_fly_w100,paired_sample_incomplete:intraday:duplicate_exact_contract_bar;overnight:duplicate_exact_contract_bar,development
2022-01-12,2022-01-20,long_iron_fly_w200,paired_sample_incomplete:intraday:duplicate_exact_contract_bar;overnight:duplicate_exact_contract_bar,development
2022-01-12,2022-01-20,long_iron_fly_w300,paired_sample_incomplete:intraday:duplicate_exact_contract_bar;overnight:duplicate_exact_contract_bar,development
2022-01-12,2022-01-20,short_iron_condor_100_300,paired_sample_incomplete:intraday:duplicate_exact_contract_bar;overnight:duplicate_exact_contract_bar,development
2022-01-12,2022-01-20,bull_put_credit_100_300,paired_sample_incomplete:intraday:duplicate_exact_contract_bar;overnight:duplicate_exact_contract_bar,development
2022-01-12,2022-01-20,bear_call_credit_100_300,paired_sample_incomplete:intraday:duplicate_exact_contract_bar;overnight:duplicate_exact_contract_bar,development
2022-01-13,2022-01-20,short_atm_straddle,paired_sample_incomplete:intraday:duplicate_exact_contract_bar;overnight:duplicate_exact_contract_bar,development
2022-01-13,2022-01-20,short_iron_fly_w100,paired_sample_incomplete:intraday:duplicate_exact_contract_bar;overnight:duplicate_exact_contract_bar,development
2022-01-13,2022-01-20,short_iron_fly_w200,paired_sample_incomplete:intraday:duplicate_exact_contract_bar;overnight:duplicate_exact_contract_bar,development
2022-01-13,2022-01-20,short_iron_fly_w300,paired_sample_incomplete:intraday:duplicate_exact_contract_bar;overnight:duplicate_exact_contract_bar,development
2022-01-13,2022-01-20,long_iron_fly_w100,paired_sample_incomplete:intraday:duplicate_exact_contract_bar;overnight:duplicate_exact_contract_bar,development
2022-01-13,2022-01-20,long_iron_fly_w200,paired_sample_incomplete:intraday:duplicate_exact_contract_bar;overnight:duplicate_exact_contract_bar,development
2022-01-13,2022-01-20,long_iron_fly_w300,paired_sample_incomplete:intraday:duplicate_exact_contract_bar;overnight:duplicate_exact_contract_bar,development
2022-01-13,2022-01-20,short_iron_condor_100_300,paired_sample_incomplete:intraday:duplicate_exact_contract_bar;overnight:duplicate_exact_contract_bar,development
2022-01-13,2022-01-20,bull_put_credit_100_300,paired_sample_incomplete:intraday:duplicate_exact_contract_bar;overnight:duplicate_exact_contract_bar,development
2022-01-13,2022-01-20,bear_call_credit_100_300,paired_sample_incomplete:intraday:duplicate_exact_contract_bar;overnight:duplicate_exact_contract_bar,development
2022-01-14,2022-01-20,short_atm_straddle,paired_sample_incomplete:intraday:duplicate_exact_contract_bar;overnight:duplicate_exact_contract_bar,development
2022-01-14,2022-01-20,short_iron_fly_w100,paired_sample_incomplete:intraday:duplicate_exact_contract_bar;overnight:duplicate_exact_contract_bar,development
2022-01-14,2022-01-20,short_iron_fly_w200,paired_sample_incomplete:intraday:duplicate_exact_contract_bar;overnight:duplicate_exact_contract_bar,development
2022-01-14,2022-01-20,short_iron_fly_w300,paired_sample_incomplete:intraday:duplicate_exact_contract_bar;overnight:duplicate_exact_contract_bar,development
2022-01-14,2022-01-20,long_iron_fly_w100,paired_sample_incomplete:intraday:duplicate_exact_contract_bar;overnight:duplicate_exact_contract_bar,development
2022-01-14,2022-01-20,long_iron_fly_w200,paired_sample_incomplete:intraday:duplicate_exact_contract_bar;overnight:duplicate_exact_contract_bar,development
2022-01-14,2022-01-20,long_iron_fly_w300,paired_sample_incomplete:intraday:duplicate_exact_contract_bar;overnight:duplicate_exact_contract_bar,development
2022-01-14,2022-01-20,short_iron_condor_100_300,paired_sample_incomplete:intraday:duplicate_exact_contract_bar;overnight:duplicate_exact_contract_bar,development
2022-01-14,2022-01-20,bull_put_credit_100_300,paired_sample_incomplete:intraday:duplicate_exact_contract_bar;overnight:duplicate_exact_contract_bar,development
2022-01-14,2022-01-20,bear_call_credit_100_300,paired_sample_incomplete:intraday:duplicate_exact_contract_bar;overnight:duplicate_exact_contract_bar,development
2022-01-17,2022-01-20,short_atm_straddle,paired_sample_incomplete:intraday:duplicate_exact_contract_bar;overnight:duplicate_exact_contract_bar,development
2022-01-17,2022-01-20,short_iron_fly_w100,paired_sample_incomplete:intraday:duplicate_exact_contract_bar;overnight:duplicate_exact_contract_bar,development
2022-01-17,2022-01-20,short_iron_fly_w200,paired_sample_incomplete:intraday:duplicate_exact_contract_bar;overnight:duplicate_exact_contract_bar,development
2022-01-17,2022-01-20,short_iron_fly_w300,paired_sample_incomplete:intraday:duplicate_exact_contract_bar;overnight:duplicate_exact_contract_bar,development
2022-01-17,2022-01-20,long_iron_fly_w100,paired_sample_incomplete:intraday:duplicate_exact_contract_bar;overnight:duplicate_exact_contract_bar,development
2022-01-17,2022-01-20,long_iron_fly_w200,paired_sample_incomplete:intraday:duplicate_exact_contract_bar;overnight:duplicate_exact_contract_bar,development
2022-01-17,2022-01-20,long_iron_fly_w300,paired_sample_incomplete:intraday:duplicate_exact_contract_bar;overnight:duplicate_exact_contract_bar,development
2022-01-17,2022-01-20,short_iron_condor_100_300,paired_sample_incomplete:intraday:duplicate_exact_contract_bar;overnight:duplicate_exact_contract_bar,development
2022-01-17,2022-01-20,bull_put_credit_100_300,paired_sample_incomplete:intraday:duplicate_exact_contract_bar;overnight:duplicate_exact_contract_bar,development
2022-01-17,2022-01-20,bear_call_credit_100_300,paired_sample_incomplete:intraday:duplicate_exact_contract_bar;overnight:duplicate_exact_contract_bar,development
2022-01-18,2022-01-20,short_atm_straddle,paired_sample_incomplete:intraday:duplicate_exact_contract_bar;overnight:duplicate_exact_contract_bar,development
2022-01-18,2022-01-20,short_iron_fly_w100,paired_sample_incomplete:intraday:duplicate_exact_contract_bar;overnight:duplicate_exact_contract_bar,development
2022-01-18,2022-01-20,short_iron_fly_w200,paired_sample_incomplete:intraday:duplicate_exact_contract_bar;overnight:duplicate_exact_contract_bar,development
2022-01-18,2022-01-20,short_iron_fly_w300,paired_sample_incomplete:intraday:duplicate_exact_contract_bar;overnight:duplicate_exact_contract_bar,development
2022-01-18,2022-01-20,long_iron_fly_w100,paired_sample_incomplete:intraday:duplicate_exact_contract_bar;overnight:duplicate_exact_contract_bar,development
2022-01-18,2022-01-20,long_iron_fly_w200,paired_sample_incomplete:intraday:duplicate_exact_contract_bar;overnight:duplicate_exact_contract_bar,development
2022-01-18,2022-01-20,long_iron_fly_w300,paired_sample_incomplete:intraday:duplicate_exact_contract_bar;overnight:duplicate_exact_contract_bar,development
2022-01-18,2022-01-20,short_iron_condor_100_300,paired_sample_incomplete:intraday:duplicate_exact_contract_bar;overnight:duplicate_exact_contract_bar,development
2022-01-18,2022-01-20,bull_put_credit_100_300,paired_sample_incomplete:intraday:duplicate_exact_contract_bar;overnight:duplicate_exact_contract_bar,development
2022-01-18,2022-01-20,bear_call_credit_100_300,paired_sample_incomplete:intraday:duplicate_exact_contract_bar;overnight:duplicate_exact_contract_bar,development
2022-01-19,2022-01-27,short_atm_straddle,paired_sample_incomplete:intraday:duplicate_exact_contract_bar;overnight:duplicate_exact_contract_bar,development
2022-01-19,2022-01-27,short_iron_fly_w100,paired_sample_incomplete:intraday:duplicate_exact_contract_bar;overnight:duplicate_exact_contract_bar,development
2022-01-19,2022-01-27,short_iron_fly_w200,paired_sample_incomplete:intraday:duplicate_exact_contract_bar;overnight:duplicate_exact_contract_bar,development
2022-01-19,2022-01-27,short_iron_fly_w300,paired_sample_incomplete:intraday:duplicate_exact_contract_bar;overnight:duplicate_exact_contract_bar,development
2022-01-19,2022-01-27,long_iron_fly_w100,paired_sample_incomplete:intraday:duplicate_exact_contract_bar;overnight:duplicate_exact_contract_bar,development
2022-01-19,2022-01-27,long_iron_fly_w200,paired_sample_incomplete:intraday:duplicate_exact_contract_bar;overnight:duplicate_exact_contract_bar,development
2022-01-19,2022-01-27,long_iron_fly_w300,paired_sample_incomplete:intraday:duplicate_exact_contract_bar;overnight:duplicate_exact_contract_bar,development
2022-01-19,2022-01-27,short_iron_condor_100_300,paired_sample_incomplete:intraday:duplicate_exact_contract_bar;overnight:duplicate_exact_contract_bar,development
2022-01-19,2022-01-27,bull_put_credit_100_300,paired_sample_incomplete:intraday:duplicate_exact_contract_bar;overnight:duplicate_exact_contract_bar,development
2022-01-19,2022-01-27,bear_call_credit_100_300,paired_sample_incomplete:intraday:duplicate_exact_contract_bar;overnight:duplicate_exact_contract_bar,development
2022-01-20,2022-01-27,short_atm_straddle,paired_sample_incomplete:intraday:duplicate_exact_contract_bar;overnight:duplicate_exact_contract_bar,development
2022-01-20,2022-01-27,short_iron_fly_w100,paired_sample_incomplete:intraday:duplicate_exact_contract_bar;overnight:duplicate_exact_contract_bar,development
2022-01-20,2022-01-27,short_iron_fly_w200,paired_sample_incomplete:intraday:duplicate_exact_contract_bar;overnight:duplicate_exact_contract_bar,development
2022-01-20,2022-01-27,short_iron_fly_w300,paired_sample_incomplete:intraday:duplicate_exact_contract_bar;overnight:duplicate_exact_contract_bar,development
2022-01-20,2022-01-27,long_iron_fly_w100,paired_sample_incomplete:intraday:duplicate_exact_contract_bar;overnight:duplicate_exact_contract_bar,development
2022-01-20,2022-01-27,long_iron_fly_w200,paired_sample_incomplete:intraday:duplicate_exact_contract_bar;overnight:duplicate_exact_contract_bar,development
2022-01-20,2022-01-27,long_iron_fly_w300,paired_sample_incomplete:intraday:duplicate_exact_contract_bar;overnight:duplicate_exact_contract_bar,development
2022-01-20,2022-01-27,short_iron_condor_100_300,paired_sample_incomplete:intraday:duplicate_exact_contract_bar;overnight:duplicate_exact_contract_bar,development
2022-01-20,2022-01-27,bull_put_credit_100_300,paired_sample_incomplete:intraday:duplicate_exact_contract_bar;overnight:duplicate_exact_contract_bar,development
2022-01-20,2022-01-27,bear_call_credit_100_300,paired_sample_incomplete:intraday:duplicate_exact_contract_bar;overnight:duplicate_exact_contract_bar,development
2022-01-21,2022-01-27,short_atm_straddle,paired_sample_incomplete:intraday:duplicate_exact_contract_bar;overnight:duplicate_exact_contract_bar,development
2022-01-21,2022-01-27,short_iron_fly_w100,paired_sample_incomplete:intraday:duplicate_exact_contract_bar;overnight:duplicate_exact_contract_bar,development
2022-01-21,2022-01-27,short_iron_fly_w200,paired_sample_incomplete:intraday:duplicate_exact_contract_bar;overnight:duplicate_exact_contract_bar,development
2022-01-21,2022-01-27,short_iron_fly_w300,paired_sample_incomplete:intraday:duplicate_exact_contract_bar;overnight:duplicate_exact_contract_bar,development
2022-01-21,2022-01-27,long_iron_fly_w100,paired_sample_incomplete:intraday:duplicate_exact_contract_bar;overnight:duplicate_exact_contract_bar,development
2022-01-21,2022-01-27,long_iron_fly_w200,paired_sample_incomplete:intraday:duplicate_exact_contract_bar;overnight:duplicate_exact_contract_bar,development
2022-01-21,2022-01-27,long_iron_fly_w300,paired_sample_incomplete:intraday:duplicate_exact_contract_bar;overnight:duplicate_exact_contract_bar,development
2022-01-21,2022-01-27,short_iron_condor_100_300,paired_sample_incomplete:intraday:duplicate_exact_contract_bar;overnight:duplicate_exact_contract_bar,development
2022-01-21,2022-01-27,bull_put_credit_100_300,paired_sample_incomplete:intraday:duplicate_exact_contract_bar;overnight:duplicate_exact_contract_bar,development
2022-01-21,2022-01-27,bear_call_credit_100_300,paired_sample_incomplete:intraday:duplicate_exact_contract_bar;overnight:duplicate_exact_contract_bar,development
2022-01-24,2022-01-27,short_atm_straddle,paired_sample_incomplete:intraday:duplicate_exact_contract_bar;overnight:duplicate_exact_contract_bar,development
2022-01-24,2022-01-27,short_iron_fly_w100,paired_sample_incomplete:intraday:duplicate_exact_contract_bar;overnight:duplicate_exact_contract_bar,development
2022-01-24,2022-01-27,short_iron_fly_w200,paired_sample_incomplete:intraday:duplicate_exact_contract_bar;overnight:duplicate_exact_contract_bar,development
2022-01-24,2022-01-27,short_iron_fly_w300,paired_sample_incomplete:intraday:duplicate_exact_contract_bar;overnight:duplicate_exact_contract_bar,development
2022-01-24,2022-01-27,long_iron_fly_w100,paired_sample_incomplete:intraday:duplicate_exact_contract_bar;overnight:duplicate_exact_contract_bar,development
2022-01-24,2022-01-27,long_iron_fly_w200,paired_sample_incomplete:intraday:duplicate_exact_contract_bar;overnight:duplicate_exact_contract_bar,development
2022-01-24,2022-01-27,long_iron_fly_w300,paired_sample_incomplete:intraday:duplicate_exact_contract_bar;overnight:duplicate_exact_contract_bar,development
2022-01-24,2022-01-27,short_iron_condor_100_300,paired_sample_incomplete:intraday:duplicate_exact_contract_bar;overnight:duplicate_exact_contract_bar,development
2022-01-24,2022-01-27,bull_put_credit_100_300,paired_sample_incomplete:intraday:duplicate_exact_contract_bar;overnight:duplicate_exact_contract_bar,development
2022-01-24,2022-01-27,bear_call_credit_100_300,paired_sample_incomplete:intraday:duplicate_exact_contract_bar;overnight:duplicate_exact_contract_bar,development
2022-01-25,2022-02-03,short_atm_straddle,paired_sample_incomplete:intraday:duplicate_exact_contract_bar;overnight:duplicate_exact_contract_bar,development
2022-01-25,2022-02-03,short_iron_fly_w100,paired_sample_incomplete:intraday:duplicate_exact_contract_bar;overnight:duplicate_exact_contract_bar,development
2022-01-25,2022-02-03,short_iron_fly_w200,paired_sample_incomplete:intraday:duplicate_exact_contract_bar;overnight:duplicate_exact_contract_bar,development
2022-01-25,2022-02-03,short_iron_fly_w300,paired_sample_incomplete:intraday:duplicate_exact_contract_bar;overnight:duplicate_exact_contract_bar,development
2022-01-25,2022-02-03,long_iron_fly_w100,paired_sample_incomplete:intraday:duplicate_exact_contract_bar;overnight:duplicate_exact_contract_bar,development
2022-01-25,2022-02-03,long_iron_fly_w200,paired_sample_incomplete:intraday:duplicate_exact_contract_bar;overnight:duplicate_exact_contract_bar,development
2022-01-25,2022-02-03,long_iron_fly_w300,paired_sample_incomplete:intraday:duplicate_exact_contract_bar;overnight:duplicate_exact_contract_bar,development
2022-01-25,2022-02-03,short_iron_condor_100_300,paired_sample_incomplete:intraday:duplicate_exact_contract_bar;overnight:duplicate_exact_contract_bar,development
2022-01-25,2022-02-03,bull_put_credit_100_300,paired_sample_incomplete:intraday:duplicate_exact_contract_bar;overnight:duplicate_exact_contract_bar,development
2022-01-25,2022-02-03,bear_call_credit_100_300,paired_sample_incomplete:intraday:duplicate_exact_contract_bar;overnight:duplicate_exact_contract_bar,development
2022-01-27,2022-02-03,short_atm_straddle,paired_sample_incomplete:intraday:duplicate_exact_contract_bar;overnight:duplicate_exact_contract_bar,development
2022-01-27,2022-02-03,short_iron_fly_w100,paired_sample_incomplete:intraday:duplicate_exact_contract_bar;overnight:duplicate_exact_contract_bar,development
2022-01-27,2022-02-03,short_iron_fly_w200,paired_sample_incomplete:intraday:duplicate_exact_contract_bar;overnight:duplicate_exact_contract_bar,development
2022-01-27,2022-02-03,short_iron_fly_w300,paired_sample_incomplete:intraday:duplicate_exact_contract_bar;overnight:duplicate_exact_contract_bar,development
2022-01-27,2022-02-03,long_iron_fly_w100,paired_sample_incomplete:intraday:duplicate_exact_contract_bar;overnight:duplicate_exact_contract_bar,development
2022-01-27,2022-02-03,long_iron_fly_w200,paired_sample_incomplete:intraday:duplicate_exact_contract_bar;overnight:duplicate_exact_contract_bar,development
2022-01-27,2022-02-03,long_iron_fly_w300,paired_sample_incomplete:intraday:duplicate_exact_contract_bar;overnight:duplicate_exact_contract_bar,development
2022-01-27,2022-02-03,short_iron_condor_100_300,paired_sample_incomplete:intraday:duplicate_exact_contract_bar;overnight:duplicate_exact_contract_bar,development
2022-01-27,2022-02-03,bull_put_credit_100_300,paired_sample_incomplete:intraday:duplicate_exact_contract_bar;overnight:duplicate_exact_contract_bar,development
2022-01-27,2022-02-03,bear_call_credit_100_300,paired_sample_incomplete:intraday:duplicate_exact_contract_bar;overnight:duplicate_exact_contract_bar,development
2022-01-28,2022-02-03,short_atm_straddle,paired_sample_incomplete:intraday:duplicate_exact_contract_bar;overnight:duplicate_exact_contract_bar,development
2022-01-28,2022-02-03,short_iron_fly_w100,paired_sample_incomplete:intraday:duplicate_exact_contract_bar;overnight:duplicate_exact_contract_bar,development
2022-01-28,2022-02-03,short_iron_fly_w200,paired_sample_incomplete:intraday:duplicate_exact_contract_bar;overnight:duplicate_exact_contract_bar,development
2022-01-28,2022-02-03,short_iron_fly_w300,paired_sample_incomplete:intraday:duplicate_exact_contract_bar;overnight:duplicate_exact_contract_bar,development
2022-01-28,2022-02-03,long_iron_fly_w100,paired_sample_incomplete:intraday:duplicate_exact_contract_bar;overnight:duplicate_exact_contract_bar,development
2022-01-28,2022-02-03,long_iron_fly_w200,paired_sample_incomplete:intraday:duplicate_exact_contract_bar;overnight:duplicate_exact_contract_bar,development
2022-01-28,2022-02-03,long_iron_fly_w300,paired_sample_incomplete:intraday:duplicate_exact_contract_bar;overnight:duplicate_exact_contract_bar,development
2022-01-28,2022-02-03,short_iron_condor_100_300,paired_sample_incomplete:intraday:duplicate_exact_contract_bar;overnight:duplicate_exact_contract_bar,development
2022-01-28,2022-02-03,bull_put_credit_100_300,paired_sample_incomplete:intraday:duplicate_exact_contract_bar;overnight:duplicate_exact_contract_bar,development
2022-01-28,2022-02-03,bear_call_credit_100_300,paired_sample_incomplete:intraday:duplicate_exact_contract_bar;overnight:duplicate_exact_contract_bar,development
2022-01-31,2022-02-03,short_atm_straddle,paired_sample_incomplete:intraday:duplicate_exact_contract_bar;overnight:duplicate_exact_contract_bar,development
2022-01-31,2022-02-03,short_iron_fly_w100,paired_sample_incomplete:intraday:duplicate_exact_contract_bar;overnight:duplicate_exact_contract_bar,development
2022-01-31,2022-02-03,short_iron_fly_w200,paired_sample_incomplete:intraday:duplicate_exact_contract_bar;overnight:duplicate_exact_contract_bar,development
2022-01-31,2022-02-03,short_iron_fly_w300,paired_sample_incomplete:intraday:duplicate_exact_contract_bar;overnight:duplicate_exact_contract_bar,development
2022-01-31,2022-02-03,long_iron_fly_w100,paired_sample_incomplete:intraday:duplicate_exact_contract_bar;overnight:duplicate_exact_contract_bar,development
2022-01-31,2022-02-03,long_iron_fly_w200,paired_sample_incomplete:intraday:duplicate_exact_contract_bar;overnight:duplicate_exact_contract_bar,development
2022-01-31,2022-02-03,long_iron_fly_w300,paired_sample_incomplete:intraday:duplicate_exact_contract_bar;overnight:duplicate_exact_contract_bar,development
2022-01-31,2022-02-03,short_iron_condor_100_300,paired_sample_incomplete:intraday:duplicate_exact_contract_bar;overnight:duplicate_exact_contract_bar,development
2022-01-31,2022-02-03,bull_put_credit_100_300,paired_sample_incomplete:intraday:duplicate_exact_contract_bar;overnight:duplicate_exact_contract_bar,development
2022-01-31,2022-02-03,bear_call_credit_100_300,paired_sample_incomplete:intraday:duplicate_exact_contract_bar;overnight:duplicate_exact_contract_bar,development
2022-02-01,2022-02-03,short_atm_straddle,paired_sample_incomplete:intraday:duplicate_exact_contract_bar;overnight:duplicate_exact_contract_bar,development
2022-02-01,2022-02-03,short_iron_fly_w100,paired_sample_incomplete:intraday:duplicate_exact_contract_bar;overnight:duplicate_exact_contract_bar,development
2022-02-01,2022-02-03,short_iron_fly_w200,paired_sample_incomplete:intraday:duplicate_exact_contract_bar;overnight:duplicate_exact_contract_bar,development
2022-02-01,2022-02-03,short_iron_fly_w300,paired_sample_incomplete:intraday:duplicate_exact_contract_bar;overnight:duplicate_exact_contract_bar,development
2022-02-01,2022-02-03,long_iron_fly_w100,paired_sample_incomplete:intraday:duplicate_exact_contract_bar;overnight:duplicate_exact_contract_bar,development
2022-02-01,2022-02-03,long_iron_fly_w200,paired_sample_incomplete:intraday:duplicate_exact_contract_bar;overnight:duplicate_exact_contract_bar,development
2022-02-01,2022-02-03,long_iron_fly_w300,paired_sample_incomplete:intraday:duplicate_exact_contract_bar;overnight:duplicate_exact_contract_bar,development
2022-02-01,2022-02-03,short_iron_condor_100_300,paired_sample_incomplete:intraday:duplicate_exact_contract_bar;overnight:duplicate_exact_contract_bar,development
2022-02-01,2022-02-03,bull_put_credit_100_300,paired_sample_incomplete:intraday:duplicate_exact_contract_bar;overnight:duplicate_exact_contract_bar,development
2022-02-01,2022-02-03,bear_call_credit_100_300,paired_sample_incomplete:intraday:duplicate_exact_contract_bar;overnight:duplicate_exact_contract_bar,development
2022-02-02,2022-02-10,short_atm_straddle,paired_sample_incomplete:intraday:duplicate_exact_contract_bar;overnight:duplicate_exact_contract_bar,development
2022-02-02,2022-02-10,short_iron_fly_w100,paired_sample_incomplete:intraday:duplicate_exact_contract_bar;overnight:duplicate_exact_contract_bar,development
2022-02-02,2022-02-10,short_iron_fly_w200,paired_sample_incomplete:intraday:duplicate_exact_contract_bar;overnight:duplicate_exact_contract_bar,development
2022-02-02,2022-02-10,short_iron_fly_w300,paired_sample_incomplete:intraday:duplicate_exact_contract_bar;overnight:duplicate_exact_contract_bar,development
2022-02-02,2022-02-10,long_iron_fly_w100,paired_sample_incomplete:intraday:duplicate_exact_contract_bar;overnight:duplicate_exact_contract_bar,development
2022-02-02,2022-02-10,long_iron_fly_w200,paired_sample_incomplete:intraday:duplicate_exact_contract_bar;overnight:duplicate_exact_contract_bar,development
2022-02-02,2022-02-10,long_iron_fly_w300,paired_sample_incomplete:intraday:duplicate_exact_contract_bar;overnight:duplicate_exact_contract_bar,development
2022-02-02,2022-02-10,short_iron_condor_100_300,paired_sample_incomplete:intraday:duplicate_exact_contract_bar;overnight:duplicate_exact_contract_bar,development
2022-02-02,2022-02-10,bear_call_credit_100_300,paired_sample_incomplete:intraday:duplicate_exact_contract_bar;overnight:duplicate_exact_contract_bar,development
2022-02-03,2022-02-10,short_atm_straddle,paired_sample_incomplete:intraday:duplicate_exact_contract_bar;overnight:duplicate_exact_contract_bar,development
2022-02-03,2022-02-10,short_iron_fly_w100,paired_sample_incomplete:intraday:duplicate_exact_contract_bar;overnight:duplicate_exact_contract_bar,development
2022-02-03,2022-02-10,short_iron_fly_w200,paired_sample_incomplete:intraday:duplicate_exact_contract_bar;overnight:duplicate_exact_contract_bar,development
2022-02-03,2022-02-10,short_iron_fly_w300,paired_sample_incomplete:intraday:duplicate_exact_contract_bar;overnight:duplicate_exact_contract_bar,development
2022-02-03,2022-02-10,long_iron_fly_w100,paired_sample_incomplete:intraday:duplicate_exact_contract_bar;overnight:duplicate_exact_contract_bar,development
2022-02-03,2022-02-10,long_iron_fly_w200,paired_sample_incomplete:intraday:duplicate_exact_contract_bar;overnight:duplicate_exact_contract_bar,development
2022-02-03,2022-02-10,long_iron_fly_w300,paired_sample_incomplete:intraday:duplicate_exact_contract_bar;overnight:duplicate_exact_contract_bar,development
2022-02-03,2022-02-10,short_iron_condor_100_300,paired_sample_incomplete:intraday:duplicate_exact_contract_bar;overnight:duplicate_exact_contract_bar,development
2022-02-03,2022-02-10,bull_put_credit_100_300,paired_sample_incomplete:intraday:duplicate_exact_contract_bar;overnight:duplicate_exact_contract_bar,development
2022-02-03,2022-02-10,bear_call_credit_100_300,paired_sample_incomplete:intraday:duplicate_exact_contract_bar;overnight:duplicate_exact_contract_bar,development
2022-02-04,2022-02-10,short_atm_straddle,paired_sample_incomplete:intraday:duplicate_exact_contract_bar;overnight:duplicate_exact_contract_bar,development
2022-02-04,2022-02-10,short_iron_fly_w100,paired_sample_incomplete:intraday:duplicate_exact_contract_bar;overnight:duplicate_exact_contract_bar,development
2022-02-04,2022-02-10,short_iron_fly_w200,paired_sample_incomplete:intraday:duplicate_exact_contract_bar;overnight:duplicate_exact_contract_bar,development
2022-02-04,2022-02-10,short_iron_fly_w300,paired_sample_incomplete:intraday:duplicate_exact_contract_bar;overnight:duplicate_exact_contract_bar,development
2022-02-04,2022-02-10,long_iron_fly_w100,paired_sample_incomplete:intraday:duplicate_exact_contract_bar;overnight:duplicate_exact_contract_bar,development
2022-02-04,2022-02-10,long_iron_fly_w200,paired_sample_incomplete:intraday:duplicate_exact_contract_bar;overnight:duplicate_exact_contract_bar,development
2022-02-04,2022-02-10,long_iron_fly_w300,paired_sample_incomplete:intraday:duplicate_exact_contract_bar;overnight:duplicate_exact_contract_bar,development
2022-02-04,2022-02-10,short_iron_condor_100_300,paired_sample_incomplete:intraday:duplicate_exact_contract_bar;overnight:duplicate_exact_contract_bar,development
2022-02-04,2022-02-10,bull_put_credit_100_300,paired_sample_incomplete:intraday:duplicate_exact_contract_bar;overnight:duplicate_exact_contract_bar,development
2022-02-04,2022-02-10,bear_call_credit_100_300,paired_sample_incomplete:intraday:duplicate_exact_contract_bar;overnight:duplicate_exact_contract_bar,development
2022-02-07,2022-02-10,short_atm_straddle,paired_sample_incomplete:intraday:duplicate_exact_contract_bar;overnight:duplicate_exact_contract_bar,development
2022-02-07,2022-02-10,short_iron_fly_w100,paired_sample_incomplete:intraday:duplicate_exact_contract_bar;overnight:duplicate_exact_contract_bar,development
2022-02-07,2022-02-10,short_iron_fly_w200,paired_sample_incomplete:intraday:duplicate_exact_contract_bar;overnight:duplicate_exact_contract_bar,development
2022-02-07,2022-02-10,short_iron_fly_w300,paired_sample_incomplete:intraday:duplicate_exact_contract_bar;overnight:duplicate_exact_contract_bar,development
2022-02-07,2022-02-10,long_iron_fly_w100,paired_sample_incomplete:intraday:duplicate_exact_contract_bar;overnight:duplicate_exact_contract_bar,development
2022-02-07,2022-02-10,long_iron_fly_w200,paired_sample_incomplete:intraday:duplicate_exact_contract_bar;overnight:duplicate_exact_contract_bar,development
2022-02-07,2022-02-10,long_iron_fly_w300,paired_sample_incomplete:intraday:duplicate_exact_contract_bar;overnight:duplicate_exact_contract_bar,development
2022-02-07,2022-02-10,short_iron_condor_100_300,paired_sample_incomplete:intraday:duplicate_exact_contract_bar;overnight:duplicate_exact_contract_bar,development
2022-02-07,2022-02-10,bull_put_credit_100_300,paired_sample_incomplete:intraday:duplicate_exact_contract_bar;overnight:duplicate_exact_contract_bar,development
2022-02-07,2022-02-10,bear_call_credit_100_300,paired_sample_incomplete:intraday:duplicate_exact_contract_bar;overnight:duplicate_exact_contract_bar,development
2022-02-08,2022-02-10,short_iron_fly_w100,paired_sample_incomplete:intraday:duplicate_exact_contract_bar;overnight:duplicate_exact_contract_bar,development
2022-02-08,2022-02-10,short_iron_fly_w300,paired_sample_incomplete:intraday:duplicate_exact_contract_bar;overnight:duplicate_exact_contract_bar,development
2022-02-08,2022-02-10,long_iron_fly_w100,paired_sample_incomplete:intraday:duplicate_exact_contract_bar;overnight:duplicate_exact_contract_bar,development
2022-02-08,2022-02-10,long_iron_fly_w300,paired_sample_incomplete:intraday:duplicate_exact_contract_bar;overnight:duplicate_exact_contract_bar,development
2022-02-08,2022-02-10,short_iron_condor_100_300,paired_sample_incomplete:intraday:duplicate_exact_contract_bar;overnight:duplicate_exact_contract_bar,development
2022-02-08,2022-02-10,bull_put_credit_100_300,paired_sample_incomplete:intraday:duplicate_exact_contract_bar;overnight:duplicate_exact_contract_bar,development
2022-02-09,2022-02-17,short_atm_straddle,paired_sample_incomplete:intraday:duplicate_exact_contract_bar;overnight:duplicate_exact_contract_bar,development
2022-02-09,2022-02-17,short_iron_fly_w100,paired_sample_incomplete:intraday:duplicate_exact_contract_bar;overnight:duplicate_exact_contract_bar,development
2022-02-09,2022-02-17,short_iron_fly_w200,paired_sample_incomplete:intraday:duplicate_exact_contract_bar;overnight:duplicate_exact_contract_bar,development
2022-02-09,2022-02-17,short_iron_fly_w300,paired_sample_incomplete:intraday:duplicate_exact_contract_bar;overnight:duplicate_exact_contract_bar,development
2022-02-09,2022-02-17,long_iron_fly_w100,paired_sample_incomplete:intraday:duplicate_exact_contract_bar;overnight:duplicate_exact_contract_bar,development
2022-02-09,2022-02-17,long_iron_fly_w200,paired_sample_incomplete:intraday:duplicate_exact_contract_bar;overnight:duplicate_exact_contract_bar,development
2022-02-09,2022-02-17,long_iron_fly_w300,paired_sample_incomplete:intraday:duplicate_exact_contract_bar;overnight:duplicate_exact_contract_bar,development
2022-02-09,2022-02-17,short_iron_condor_100_300,paired_sample_incomplete:intraday:duplicate_exact_contract_bar;overnight:duplicate_exact_contract_bar,development
2022-02-09,2022-02-17,bull_put_credit_100_300,paired_sample_incomplete:intraday:duplicate_exact_contract_bar;overnight:duplicate_exact_contract_bar,development
2022-02-09,2022-02-17,bear_call_credit_100_300,paired_sample_incomplete:intraday:duplicate_exact_contract_bar;overnight:duplicate_exact_contract_bar,development
2022-02-10,2022-02-17,short_atm_straddle,paired_sample_incomplete:intraday:duplicate_exact_contract_bar;overnight:duplicate_exact_contract_bar,development
2022-02-10,2022-02-17,short_iron_fly_w100,paired_sample_incomplete:intraday:duplicate_exact_contract_bar;overnight:duplicate_exact_contract_bar,development
2022-02-10,2022-02-17,short_iron_fly_w200,paired_sample_incomplete:intraday:duplicate_exact_contract_bar;overnight:duplicate_exact_contract_bar,development
2022-02-10,2022-02-17,short_iron_fly_w300,paired_sample_incomplete:intraday:duplicate_exact_contract_bar;overnight:duplicate_exact_contract_bar,development
2022-02-10,2022-02-17,long_iron_fly_w100,paired_sample_incomplete:intraday:duplicate_exact_contract_bar;overnight:duplicate_exact_contract_bar,development
2022-02-10,2022-02-17,long_iron_fly_w200,paired_sample_incomplete:intraday:duplicate_exact_contract_bar;overnight:duplicate_exact_contract_bar,development
2022-02-10,2022-02-17,long_iron_fly_w300,paired_sample_incomplete:intraday:duplicate_exact_contract_bar;overnight:duplicate_exact_contract_bar,development
2022-02-10,2022-02-17,short_iron_condor_100_300,paired_sample_incomplete:intraday:duplicate_exact_contract_bar;overnight:duplicate_exact_contract_bar,development
2022-02-10,2022-02-17,bull_put_credit_100_300,paired_sample_incomplete:intraday:duplicate_exact_contract_bar;overnight:duplicate_exact_contract_bar,development
2022-02-10,2022-02-17,bear_call_credit_100_300,paired_sample_incomplete:intraday:duplicate_exact_contract_bar;overnight:duplicate_exact_contract_bar,development
2022-02-11,2022-02-17,short_atm_straddle,paired_sample_incomplete:intraday:duplicate_exact_contract_bar;overnight:duplicate_exact_contract_bar,development
2022-02-11,2022-02-17,short_iron_fly_w100,paired_sample_incomplete:intraday:duplicate_exact_contract_bar;overnight:duplicate_exact_contract_bar,development
2022-02-11,2022-02-17,short_iron_fly_w200,paired_sample_incomplete:intraday:duplicate_exact_contract_bar;overnight:duplicate_exact_contract_bar,development
2022-02-11,2022-02-17,short_iron_fly_w300,paired_sample_incomplete:intraday:duplicate_exact_contract_bar;overnight:duplicate_exact_contract_bar,development
2022-02-11,2022-02-17,long_iron_fly_w100,paired_sample_incomplete:intraday:duplicate_exact_contract_bar;overnight:duplicate_exact_contract_bar,development
2022-02-11,2022-02-17,long_iron_fly_w200,paired_sample_incomplete:intraday:duplicate_exact_contract_bar;overnight:duplicate_exact_contract_bar,development
2022-02-11,2022-02-17,long_iron_fly_w300,paired_sample_incomplete:intraday:duplicate_exact_contract_bar;overnight:duplicate_exact_contract_bar,development
2022-02-11,2022-02-17,short_iron_condor_100_300,paired_sample_incomplete:intraday:duplicate_exact_contract_bar;overnight:duplicate_exact_contract_bar,development
2022-02-11,2022-02-17,bull_put_credit_100_300,paired_sample_incomplete:intraday:duplicate_exact_contract_bar;overnight:duplicate_exact_contract_bar,development
2022-02-11,2022-02-17,bear_call_credit_100_300,paired_sample_incomplete:intraday:duplicate_exact_contract_bar;overnight:duplicate_exact_contract_bar,development
2022-02-14,2022-02-17,short_atm_straddle,paired_sample_incomplete:intraday:duplicate_exact_contract_bar;overnight:duplicate_exact_contract_bar,development
2022-02-14,2022-02-17,short_iron_fly_w100,paired_sample_incomplete:intraday:duplicate_exact_contract_bar;overnight:duplicate_exact_contract_bar,development
2022-02-14,2022-02-17,short_iron_fly_w200,paired_sample_incomplete:intraday:duplicate_exact_contract_bar;overnight:duplicate_exact_contract_bar,development
2022-02-14,2022-02-17,short_iron_fly_w300,paired_sample_incomplete:intraday:duplicate_exact_contract_bar;overnight:duplicate_exact_contract_bar,development
2022-02-14,2022-02-17,long_iron_fly_w100,paired_sample_incomplete:intraday:duplicate_exact_contract_bar;overnight:duplicate_exact_contract_bar,development
2022-02-14,2022-02-17,long_iron_fly_w200,paired_sample_incomplete:intraday:duplicate_exact_contract_bar;overnight:duplicate_exact_contract_bar,development
2022-02-14,2022-02-17,long_iron_fly_w300,paired_sample_incomplete:intraday:duplicate_exact_contract_bar;overnight:duplicate_exact_contract_bar,development
2022-02-14,2022-02-17,short_iron_condor_100_300,paired_sample_incomplete:intraday:duplicate_exact_contract_bar;overnight:duplicate_exact_contract_bar,development
2022-02-14,2022-02-17,bull_put_credit_100_300,paired_sample_incomplete:intraday:duplicate_exact_contract_bar;overnight:duplicate_exact_contract_bar,development
2022-02-14,2022-02-17,bear_call_credit_100_300,paired_sample_incomplete:intraday:duplicate_exact_contract_bar;overnight:duplicate_exact_contract_bar,development
2022-02-15,2022-02-17,short_atm_straddle,paired_sample_incomplete:intraday:duplicate_exact_contract_bar;overnight:duplicate_exact_contract_bar,development
2022-02-15,2022-02-17,short_iron_fly_w100,paired_sample_incomplete:intraday:duplicate_exact_contract_bar;overnight:duplicate_exact_contract_bar,development
2022-02-15,2022-02-17,short_iron_fly_w200,paired_sample_incomplete:intraday:duplicate_exact_contract_bar;overnight:duplicate_exact_contract_bar,development
2022-02-15,2022-02-17,short_iron_fly_w300,paired_sample_incomplete:intraday:duplicate_exact_contract_bar;overnight:duplicate_exact_contract_bar,development
2022-02-15,2022-02-17,long_iron_fly_w100,paired_sample_incomplete:intraday:duplicate_exact_contract_bar;overnight:duplicate_exact_contract_bar,development
2022-02-15,2022-02-17,long_iron_fly_w200,paired_sample_incomplete:intraday:duplicate_exact_contract_bar;overnight:duplicate_exact_contract_bar,development
2022-02-15,2022-02-17,long_iron_fly_w300,paired_sample_incomplete:intraday:duplicate_exact_contract_bar;overnight:duplicate_exact_contract_bar,development
2022-02-15,2022-02-17,short_iron_condor_100_300,paired_sample_incomplete:intraday:duplicate_exact_contract_bar;overnight:duplicate_exact_contract_bar,development
2022-02-15,2022-02-17,bull_put_credit_100_300,paired_sample_incomplete:intraday:duplicate_exact_contract_bar;overnight:duplicate_exact_contract_bar,development
2022-02-15,2022-02-17,bear_call_credit_100_300,paired_sample_incomplete:intraday:duplicate_exact_contract_bar;overnight:duplicate_exact_contract_bar,development
2022-02-16,2022-02-24,short_atm_straddle,paired_sample_incomplete:intraday:duplicate_exact_contract_bar;overnight:duplicate_exact_contract_bar,development
2022-02-16,2022-02-24,short_iron_fly_w100,paired_sample_incomplete:intraday:duplicate_exact_contract_bar;overnight:duplicate_exact_contract_bar,development
2022-02-16,2022-02-24,short_iron_fly_w200,paired_sample_incomplete:intraday:duplicate_exact_contract_bar;overnight:duplicate_exact_contract_bar,development
2022-02-16,2022-02-24,short_iron_fly_w300,paired_sample_incomplete:intraday:duplicate_exact_contract_bar;overnight:duplicate_exact_contract_bar,development
2022-02-16,2022-02-24,long_iron_fly_w100,paired_sample_incomplete:intraday:duplicate_exact_contract_bar;overnight:duplicate_exact_contract_bar,development
2022-02-16,2022-02-24,long_iron_fly_w200,paired_sample_incomplete:intraday:duplicate_exact_contract_bar;overnight:duplicate_exact_contract_bar,development
2022-02-16,2022-02-24,long_iron_fly_w300,paired_sample_incomplete:intraday:duplicate_exact_contract_bar;overnight:duplicate_exact_contract_bar,development
2022-02-16,2022-02-24,short_iron_condor_100_300,paired_sample_incomplete:intraday:duplicate_exact_contract_bar;overnight:duplicate_exact_contract_bar,development
2022-02-16,2022-02-24,bull_put_credit_100_300,paired_sample_incomplete:intraday:duplicate_exact_contract_bar;overnight:duplicate_exact_contract_bar,development
2022-02-16,2022-02-24,bear_call_credit_100_300,paired_sample_incomplete:intraday:duplicate_exact_contract_bar;overnight:duplicate_exact_contract_bar,development
2022-02-17,2022-02-24,short_atm_straddle,paired_sample_incomplete:intraday:duplicate_exact_contract_bar;overnight:duplicate_exact_contract_bar,development
2022-02-17,2022-02-24,short_iron_fly_w100,paired_sample_incomplete:intraday:duplicate_exact_contract_bar;overnight:duplicate_exact_contract_bar,development
2022-02-17,2022-02-24,short_iron_fly_w200,paired_sample_incomplete:intraday:duplicate_exact_contract_bar;overnight:duplicate_exact_contract_bar,development
2022-02-17,2022-02-24,short_iron_fly_w300,paired_sample_incomplete:intraday:duplicate_exact_contract_bar;overnight:duplicate_exact_contract_bar,development
2022-02-17,2022-02-24,long_iron_fly_w100,paired_sample_incomplete:intraday:duplicate_exact_contract_bar;overnight:duplicate_exact_contract_bar,development
2022-02-17,2022-02-24,long_iron_fly_w200,paired_sample_incomplete:intraday:duplicate_exact_contract_bar;overnight:duplicate_exact_contract_bar,development
2022-02-17,2022-02-24,long_iron_fly_w300,paired_sample_incomplete:intraday:duplicate_exact_contract_bar;overnight:duplicate_exact_contract_bar,development
2022-02-17,2022-02-24,short_iron_condor_100_300,paired_sample_incomplete:intraday:duplicate_exact_contract_bar;overnight:duplicate_exact_contract_bar,development
2022-02-17,2022-02-24,bull_put_credit_100_300,paired_sample_incomplete:intraday:duplicate_exact_contract_bar;overnight:duplicate_exact_contract_bar,development
2022-02-17,2022-02-24,bear_call_credit_100_300,paired_sample_incomplete:intraday:duplicate_exact_contract_bar;overnight:duplicate_exact_contract_bar,development
2022-02-18,2022-02-24,short_atm_straddle,paired_sample_incomplete:intraday:duplicate_exact_contract_bar;overnight:duplicate_exact_contract_bar,development
2022-02-18,2022-02-24,short_iron_fly_w100,paired_sample_incomplete:intraday:duplicate_exact_contract_bar;overnight:duplicate_exact_contract_bar,development
2022-02-18,2022-02-24,short_iron_fly_w200,paired_sample_incomplete:intraday:duplicate_exact_contract_bar;overnight:duplicate_exact_contract_bar,development
2022-02-18,2022-02-24,short_iron_fly_w300,paired_sample_incomplete:intraday:duplicate_exact_contract_bar;overnight:duplicate_exact_contract_bar,development
2022-02-18,2022-02-24,long_iron_fly_w100,paired_sample_incomplete:intraday:duplicate_exact_contract_bar;overnight:duplicate_exact_contract_bar,development
2022-02-18,2022-02-24,long_iron_fly_w200,paired_sample_incomplete:intraday:duplicate_exact_contract_bar;overnight:duplicate_exact_contract_bar,development
2022-02-18,2022-02-24,long_iron_fly_w300,paired_sample_incomplete:intraday:duplicate_exact_contract_bar;overnight:duplicate_exact_contract_bar,development
2022-02-18,2022-02-24,short_iron_condor_100_300,paired_sample_incomplete:intraday:duplicate_exact_contract_bar;overnight:duplicate_exact_contract_bar,development
2022-02-18,2022-02-24,bull_put_credit_100_300,paired_sample_incomplete:intraday:duplicate_exact_contract_bar;overnight:duplicate_exact_contract_bar,development
2022-02-18,2022-02-24,bear_call_credit_100_300,paired_sample_incomplete:intraday:duplicate_exact_contract_bar;overnight:duplicate_exact_contract_bar,development
2022-02-21,2022-02-24,short_atm_straddle,paired_sample_incomplete:intraday:duplicate_exact_contract_bar;overnight:duplicate_exact_contract_bar,development
2022-02-21,2022-02-24,short_iron_fly_w100,paired_sample_incomplete:intraday:duplicate_exact_contract_bar;overnight:duplicate_exact_contract_bar,development
2022-02-21,2022-02-24,short_iron_fly_w200,paired_sample_incomplete:intraday:duplicate_exact_contract_bar;overnight:duplicate_exact_contract_bar,development
2022-02-21,2022-02-24,short_iron_fly_w300,paired_sample_incomplete:intraday:duplicate_exact_contract_bar;overnight:duplicate_exact_contract_bar,development
2022-02-21,2022-02-24,long_iron_fly_w100,paired_sample_incomplete:intraday:duplicate_exact_contract_bar;overnight:duplicate_exact_contract_bar,development
2022-02-21,2022-02-24,long_iron_fly_w200,paired_sample_incomplete:intraday:duplicate_exact_contract_bar;overnight:duplicate_exact_contract_bar,development
2022-02-21,2022-02-24,long_iron_fly_w300,paired_sample_incomplete:intraday:duplicate_exact_contract_bar;overnight:duplicate_exact_contract_bar,development
2022-02-21,2022-02-24,short_iron_condor_100_300,paired_sample_incomplete:intraday:duplicate_exact_contract_bar;overnight:duplicate_exact_contract_bar,development
2022-02-21,2022-02-24,bull_put_credit_100_300,paired_sample_incomplete:intraday:duplicate_exact_contract_bar;overnight:duplicate_exact_contract_bar,development
2022-02-21,2022-02-24,bear_call_credit_100_300,paired_sample_incomplete:intraday:duplicate_exact_contract_bar;overnight:duplicate_exact_contract_bar,development
2022-02-22,2022-02-24,short_iron_fly_w100,paired_sample_incomplete:intraday:duplicate_exact_contract_bar;overnight:duplicate_exact_contract_bar,development
2022-02-22,2022-02-24,short_iron_fly_w200,paired_sample_incomplete:intraday:duplicate_exact_contract_bar;overnight:duplicate_exact_contract_bar,development
2022-02-22,2022-02-24,short_iron_fly_w300,paired_sample_incomplete:intraday:duplicate_exact_contract_bar;overnight:duplicate_exact_contract_bar,development
2022-02-22,2022-02-24,long_iron_fly_w100,paired_sample_incomplete:intraday:duplicate_exact_contract_bar;overnight:duplicate_exact_contract_bar,development
2022-02-22,2022-02-24,long_iron_fly_w200,paired_sample_incomplete:intraday:duplicate_exact_contract_bar;overnight:duplicate_exact_contract_bar,development
2022-02-22,2022-02-24,long_iron_fly_w300,paired_sample_incomplete:intraday:duplicate_exact_contract_bar;overnight:duplicate_exact_contract_bar,development
2022-02-22,2022-02-24,short_iron_condor_100_300,paired_sample_incomplete:intraday:duplicate_exact_contract_bar;overnight:duplicate_exact_contract_bar,development
2022-02-22,2022-02-24,bull_put_credit_100_300,paired_sample_incomplete:intraday:duplicate_exact_contract_bar;overnight:duplicate_exact_contract_bar,development
2022-02-22,2022-02-24,bear_call_credit_100_300,paired_sample_incomplete:intraday:duplicate_exact_contract_bar;overnight:duplicate_exact_contract_bar,development
2022-02-23,2022-03-03,short_atm_straddle,paired_sample_incomplete:intraday:duplicate_exact_contract_bar;overnight:duplicate_exact_contract_bar,development
2022-02-23,2022-03-03,short_iron_fly_w100,paired_sample_incomplete:intraday:duplicate_exact_contract_bar;overnight:duplicate_exact_contract_bar,development
2022-02-23,2022-03-03,short_iron_fly_w200,paired_sample_incomplete:intraday:duplicate_exact_contract_bar;overnight:duplicate_exact_contract_bar,development
2022-02-23,2022-03-03,short_iron_fly_w300,paired_sample_incomplete:intraday:duplicate_exact_contract_bar;overnight:duplicate_exact_contract_bar,development
2022-02-23,2022-03-03,long_iron_fly_w100,paired_sample_incomplete:intraday:duplicate_exact_contract_bar;overnight:duplicate_exact_contract_bar,development
2022-02-23,2022-03-03,long_iron_fly_w200,paired_sample_incomplete:intraday:duplicate_exact_contract_bar;overnight:duplicate_exact_contract_bar,development
2022-02-23,2022-03-03,long_iron_fly_w300,paired_sample_incomplete:intraday:duplicate_exact_contract_bar;overnight:duplicate_exact_contract_bar,development
2022-02-23,2022-03-03,short_iron_condor_100_300,paired_sample_incomplete:intraday:duplicate_exact_contract_bar;overnight:duplicate_exact_contract_bar,development
2022-02-23,2022-03-03,bull_put_credit_100_300,paired_sample_incomplete:intraday:duplicate_exact_contract_bar;overnight:duplicate_exact_contract_bar,development
2022-02-23,2022-03-03,bear_call_credit_100_300,paired_sample_incomplete:intraday:duplicate_exact_contract_bar;overnight:duplicate_exact_contract_bar,development
2022-02-24,2022-03-03,short_atm_straddle,paired_sample_incomplete:intraday:duplicate_exact_contract_bar;overnight:duplicate_exact_contract_bar,development
2022-02-24,2022-03-03,short_iron_fly_w100,paired_sample_incomplete:intraday:duplicate_exact_contract_bar;overnight:duplicate_exact_contract_bar,development
2022-02-24,2022-03-03,short_iron_fly_w200,paired_sample_incomplete:intraday:duplicate_exact_contract_bar;overnight:duplicate_exact_contract_bar,development
2022-02-24,2022-03-03,short_iron_fly_w300,paired_sample_incomplete:intraday:duplicate_exact_contract_bar;overnight:duplicate_exact_contract_bar,development
2022-02-24,2022-03-03,long_iron_fly_w100,paired_sample_incomplete:intraday:duplicate_exact_contract_bar;overnight:duplicate_exact_contract_bar,development
2022-02-24,2022-03-03,long_iron_fly_w200,paired_sample_incomplete:intraday:duplicate_exact_contract_bar;overnight:duplicate_exact_contract_bar,development
2022-02-24,2022-03-03,long_iron_fly_w300,paired_sample_incomplete:intraday:duplicate_exact_contract_bar;overnight:duplicate_exact_contract_bar,development
2022-02-24,2022-03-03,short_iron_condor_100_300,paired_sample_incomplete:intraday:duplicate_exact_contract_bar;overnight:duplicate_exact_contract_bar,development
2022-02-24,2022-03-03,bull_put_credit_100_300,paired_sample_incomplete:intraday:duplicate_exact_contract_bar;overnight:duplicate_exact_contract_bar,development
2022-02-24,2022-03-03,bear_call_credit_100_300,paired_sample_incomplete:intraday:duplicate_exact_contract_bar;overnight:duplicate_exact_contract_bar,development
2022-02-25,2022-03-03,short_atm_straddle,paired_sample_incomplete:intraday:duplicate_exact_contract_bar;overnight:duplicate_exact_contract_bar,development
2022-02-25,2022-03-03,short_iron_fly_w100,paired_sample_incomplete:intraday:duplicate_exact_contract_bar;overnight:duplicate_exact_contract_bar,development
2022-02-25,2022-03-03,short_iron_fly_w200,paired_sample_incomplete:intraday:duplicate_exact_contract_bar;overnight:duplicate_exact_contract_bar,development
2022-02-25,2022-03-03,short_iron_fly_w300,paired_sample_incomplete:intraday:duplicate_exact_contract_bar;overnight:duplicate_exact_contract_bar,development
2022-02-25,2022-03-03,long_iron_fly_w100,paired_sample_incomplete:intraday:duplicate_exact_contract_bar;overnight:duplicate_exact_contract_bar,development
2022-02-25,2022-03-03,long_iron_fly_w200,paired_sample_incomplete:intraday:duplicate_exact_contract_bar;overnight:duplicate_exact_contract_bar,development
2022-02-25,2022-03-03,long_iron_fly_w300,paired_sample_incomplete:intraday:duplicate_exact_contract_bar;overnight:duplicate_exact_contract_bar,development
2022-02-25,2022-03-03,short_iron_condor_100_300,paired_sample_incomplete:intraday:duplicate_exact_contract_bar;overnight:duplicate_exact_contract_bar,development
2022-02-25,2022-03-03,bull_put_credit_100_300,paired_sample_incomplete:intraday:duplicate_exact_contract_bar;overnight:duplicate_exact_contract_bar,development
2022-02-25,2022-03-03,bear_call_credit_100_300,paired_sample_incomplete:intraday:duplicate_exact_contract_bar;overnight:duplicate_exact_contract_bar,development
2022-02-28,2022-03-03,short_atm_straddle,paired_sample_incomplete:intraday:duplicate_exact_contract_bar;overnight:duplicate_exact_contract_bar,development
2022-02-28,2022-03-03,short_iron_fly_w100,paired_sample_incomplete:intraday:duplicate_exact_contract_bar;overnight:duplicate_exact_contract_bar,development
2022-02-28,2022-03-03,short_iron_fly_w200,paired_sample_incomplete:intraday:duplicate_exact_contract_bar;overnight:duplicate_exact_contract_bar,development
2022-02-28,2022-03-03,short_iron_fly_w300,paired_sample_incomplete:intraday:duplicate_exact_contract_bar;overnight:duplicate_exact_contract_bar,development
2022-02-28,2022-03-03,long_iron_fly_w100,paired_sample_incomplete:intraday:duplicate_exact_contract_bar;overnight:duplicate_exact_contract_bar,development
2022-02-28,2022-03-03,long_iron_fly_w200,paired_sample_incomplete:intraday:duplicate_exact_contract_bar;overnight:duplicate_exact_contract_bar,development
2022-02-28,2022-03-03,long_iron_fly_w300,paired_sample_incomplete:intraday:duplicate_exact_contract_bar;overnight:duplicate_exact_contract_bar,development
2022-02-28,2022-03-03,short_iron_condor_100_300,paired_sample_incomplete:intraday:duplicate_exact_contract_bar;overnight:duplicate_exact_contract_bar,development
2022-02-28,2022-03-03,bull_put_credit_100_300,paired_sample_incomplete:intraday:duplicate_exact_contract_bar;overnight:duplicate_exact_contract_bar,development
2022-02-28,2022-03-03,bear_call_credit_100_300,paired_sample_incomplete:intraday:duplicate_exact_contract_bar;overnight:duplicate_exact_contract_bar,development
2022-03-02,2022-03-10,short_iron_fly_w100,paired_sample_incomplete:intraday:duplicate_exact_contract_bar;overnight:duplicate_exact_contract_bar,development
2022-03-02,2022-03-10,short_iron_fly_w200,paired_sample_incomplete:intraday:duplicate_exact_contract_bar;overnight:duplicate_exact_contract_bar,development
2022-03-02,2022-03-10,short_iron_fly_w300,paired_sample_incomplete:intraday:duplicate_exact_contract_bar;overnight:duplicate_exact_contract_bar,development
2022-03-02,2022-03-10,long_iron_fly_w100,paired_sample_incomplete:intraday:duplicate_exact_contract_bar;overnight:duplicate_exact_contract_bar,development
2022-03-02,2022-03-10,long_iron_fly_w200,paired_sample_incomplete:intraday:duplicate_exact_contract_bar;overnight:duplicate_exact_contract_bar,development
2022-03-02,2022-03-10,long_iron_fly_w300,paired_sample_incomplete:intraday:duplicate_exact_contract_bar;overnight:duplicate_exact_contract_bar,development
2022-03-02,2022-03-10,short_iron_condor_100_300,paired_sample_incomplete:intraday:duplicate_exact_contract_bar;overnight:duplicate_exact_contract_bar,development
2022-03-02,2022-03-10,bull_put_credit_100_300,paired_sample_incomplete:intraday:duplicate_exact_contract_bar;overnight:duplicate_exact_contract_bar,development
2022-03-02,2022-03-10,bear_call_credit_100_300,paired_sample_incomplete:intraday:duplicate_exact_contract_bar;overnight:duplicate_exact_contract_bar,development
2022-03-03,2022-03-10,short_atm_straddle,paired_sample_incomplete:intraday:duplicate_exact_contract_bar;overnight:duplicate_exact_contract_bar,development
2022-03-03,2022-03-10,short_iron_fly_w100,paired_sample_incomplete:intraday:duplicate_exact_contract_bar;overnight:duplicate_exact_contract_bar,development
2022-03-03,2022-03-10,short_iron_fly_w200,paired_sample_incomplete:intraday:duplicate_exact_contract_bar;overnight:duplicate_exact_contract_bar,development
2022-03-03,2022-03-10,short_iron_fly_w300,paired_sample_incomplete:intraday:duplicate_exact_contract_bar;overnight:duplicate_exact_contract_bar,development
2022-03-03,2022-03-10,long_iron_fly_w100,paired_sample_incomplete:intraday:duplicate_exact_contract_bar;overnight:duplicate_exact_contract_bar,development
2022-03-03,2022-03-10,long_iron_fly_w200,paired_sample_incomplete:intraday:duplicate_exact_contract_bar;overnight:duplicate_exact_contract_bar,development
2022-03-03,2022-03-10,long_iron_fly_w300,paired_sample_incomplete:intraday:duplicate_exact_contract_bar;overnight:duplicate_exact_contract_bar,development
2022-03-03,2022-03-10,short_iron_condor_100_300,paired_sample_incomplete:intraday:duplicate_exact_contract_bar;overnight:duplicate_exact_contract_bar,development
2022-03-03,2022-03-10,bull_put_credit_100_300,paired_sample_incomplete:intraday:duplicate_exact_contract_bar;overnight:duplicate_exact_contract_bar,development
2022-03-03,2022-03-10,bear_call_credit_100_300,paired_sample_incomplete:intraday:duplicate_exact_contract_bar;overnight:duplicate_exact_contract_bar,development
2022-03-04,2022-03-10,short_atm_straddle,paired_sample_incomplete:intraday:duplicate_exact_contract_bar;overnight:duplicate_exact_contract_bar,development
2022-03-04,2022-03-10,short_iron_fly_w100,paired_sample_incomplete:intraday:duplicate_exact_contract_bar;overnight:duplicate_exact_contract_bar,development
2022-03-04,2022-03-10,short_iron_fly_w200,paired_sample_incomplete:intraday:duplicate_exact_contract_bar;overnight:duplicate_exact_contract_bar,development
2022-03-04,2022-03-10,short_iron_fly_w300,paired_sample_incomplete:intraday:duplicate_exact_contract_bar;overnight:duplicate_exact_contract_bar,development
2022-03-04,2022-03-10,long_iron_fly_w100,paired_sample_incomplete:intraday:duplicate_exact_contract_bar;overnight:duplicate_exact_contract_bar,development
2022-03-04,2022-03-10,long_iron_fly_w200,paired_sample_incomplete:intraday:duplicate_exact_contract_bar;overnight:duplicate_exact_contract_bar,development
2022-03-04,2022-03-10,long_iron_fly_w300,paired_sample_incomplete:intraday:duplicate_exact_contract_bar;overnight:duplicate_exact_contract_bar,development
2022-03-04,2022-03-10,short_iron_condor_100_300,paired_sample_incomplete:intraday:duplicate_exact_contract_bar;overnight:duplicate_exact_contract_bar,development
2022-03-04,2022-03-10,bull_put_credit_100_300,paired_sample_incomplete:intraday:duplicate_exact_contract_bar;overnight:duplicate_exact_contract_bar,development
2022-03-04,2022-03-10,bear_call_credit_100_300,paired_sample_incomplete:intraday:duplicate_exact_contract_bar;overnight:duplicate_exact_contract_bar,development
2022-03-07,2022-03-10,short_atm_straddle,paired_sample_incomplete:intraday:duplicate_exact_contract_bar;overnight:duplicate_exact_contract_bar,development
2022-03-07,2022-03-10,short_iron_fly_w100,paired_sample_incomplete:intraday:duplicate_exact_contract_bar;overnight:duplicate_exact_contract_bar,development
2022-03-07,2022-03-10,short_iron_fly_w200,paired_sample_incomplete:intraday:duplicate_exact_contract_bar;overnight:duplicate_exact_contract_bar,development
2022-03-07,2022-03-10,short_iron_fly_w300,paired_sample_incomplete:intraday:duplicate_exact_contract_bar;overnight:duplicate_exact_contract_bar,development
2022-03-07,2022-03-10,long_iron_fly_w100,paired_sample_incomplete:intraday:duplicate_exact_contract_bar;overnight:duplicate_exact_contract_bar,development
2022-03-07,2022-03-10,long_iron_fly_w200,paired_sample_incomplete:intraday:duplicate_exact_contract_bar;overnight:duplicate_exact_contract_bar,development
2022-03-07,2022-03-10,long_iron_fly_w300,paired_sample_incomplete:intraday:duplicate_exact_contract_bar;overnight:duplicate_exact_contract_bar,development
2022-03-07,2022-03-10,short_iron_condor_100_300,paired_sample_incomplete:intraday:duplicate_exact_contract_bar;overnight:duplicate_exact_contract_bar,development
2022-03-07,2022-03-10,bull_put_credit_100_300,paired_sample_incomplete:intraday:duplicate_exact_contract_bar;overnight:duplicate_exact_contract_bar,development
2022-03-07,2022-03-10,bear_call_credit_100_300,paired_sample_incomplete:intraday:duplicate_exact_contract_bar;overnight:duplicate_exact_contract_bar,development
2022-03-08,2022-03-10,short_atm_straddle,paired_sample_incomplete:intraday:duplicate_exact_contract_bar;overnight:duplicate_exact_contract_bar,development
2022-03-08,2022-03-10,short_iron_fly_w100,paired_sample_incomplete:intraday:duplicate_exact_contract_bar;overnight:duplicate_exact_contract_bar,development
2022-03-08,2022-03-10,short_iron_fly_w200,paired_sample_incomplete:intraday:duplicate_exact_contract_bar;overnight:duplicate_exact_contract_bar,development
2022-03-08,2022-03-10,short_iron_fly_w300,paired_sample_incomplete:intraday:duplicate_exact_contract_bar;overnight:duplicate_exact_contract_bar,development
2022-03-08,2022-03-10,long_iron_fly_w100,paired_sample_incomplete:intraday:duplicate_exact_contract_bar;overnight:duplicate_exact_contract_bar,development
2022-03-08,2022-03-10,long_iron_fly_w200,paired_sample_incomplete:intraday:duplicate_exact_contract_bar;overnight:duplicate_exact_contract_bar,development
2022-03-08,2022-03-10,long_iron_fly_w300,paired_sample_incomplete:intraday:duplicate_exact_contract_bar;overnight:duplicate_exact_contract_bar,development
2022-03-08,2022-03-10,short_iron_condor_100_300,paired_sample_incomplete:intraday:duplicate_exact_contract_bar;overnight:duplicate_exact_contract_bar,development
2022-03-08,2022-03-10,bull_put_credit_100_300,paired_sample_incomplete:intraday:duplicate_exact_contract_bar;overnight:duplicate_exact_contract_bar,development
2022-03-08,2022-03-10,bear_call_credit_100_300,paired_sample_incomplete:intraday:duplicate_exact_contract_bar;overnight:duplicate_exact_contract_bar,development
2022-03-09,2022-03-17,short_atm_straddle,paired_sample_incomplete:intraday:duplicate_exact_contract_bar;overnight:missing_exact_contract_bar,development
2022-03-09,2022-03-17,short_iron_fly_w100,paired_sample_incomplete:intraday:duplicate_exact_contract_bar;overnight:missing_exact_contract_bar,development
2022-03-09,2022-03-17,short_iron_fly_w200,paired_sample_incomplete:intraday:duplicate_exact_contract_bar;overnight:missing_exact_contract_bar,development
2022-03-09,2022-03-17,short_iron_fly_w300,paired_sample_incomplete:intraday:duplicate_exact_contract_bar;overnight:missing_exact_contract_bar,development
2022-03-09,2022-03-17,long_iron_fly_w100,paired_sample_incomplete:intraday:duplicate_exact_contract_bar;overnight:missing_exact_contract_bar,development
2022-03-09,2022-03-17,long_iron_fly_w200,paired_sample_incomplete:intraday:duplicate_exact_contract_bar;overnight:missing_exact_contract_bar,development
2022-03-09,2022-03-17,long_iron_fly_w300,paired_sample_incomplete:intraday:duplicate_exact_contract_bar;overnight:missing_exact_contract_bar,development
2022-03-09,2022-03-17,short_iron_condor_100_300,paired_sample_incomplete:intraday:duplicate_exact_contract_bar;overnight:duplicate_exact_contract_bar,development
2022-03-09,2022-03-17,bull_put_credit_100_300,paired_sample_incomplete:intraday:duplicate_exact_contract_bar;overnight:duplicate_exact_contract_bar,development
2022-03-09,2022-03-17,bear_call_credit_100_300,paired_sample_incomplete:intraday:duplicate_exact_contract_bar;overnight:duplicate_exact_contract_bar,development
2022-03-10,2022-03-17,short_atm_straddle,paired_sample_incomplete:intraday:duplicate_exact_contract_bar;overnight:duplicate_exact_contract_bar,development
2022-03-10,2022-03-17,short_iron_fly_w100,paired_sample_incomplete:intraday:duplicate_exact_contract_bar;overnight:duplicate_exact_contract_bar,development
2022-03-10,2022-03-17,short_iron_fly_w200,paired_sample_incomplete:intraday:duplicate_exact_contract_bar;overnight:duplicate_exact_contract_bar,development
2022-03-10,2022-03-17,short_iron_fly_w300,paired_sample_incomplete:intraday:duplicate_exact_contract_bar;overnight:duplicate_exact_contract_bar,development
2022-03-10,2022-03-17,long_iron_fly_w100,paired_sample_incomplete:intraday:duplicate_exact_contract_bar;overnight:duplicate_exact_contract_bar,development
2022-03-10,2022-03-17,long_iron_fly_w200,paired_sample_incomplete:intraday:duplicate_exact_contract_bar;overnight:duplicate_exact_contract_bar,development
2022-03-10,2022-03-17,long_iron_fly_w300,paired_sample_incomplete:intraday:duplicate_exact_contract_bar;overnight:duplicate_exact_contract_bar,development
2022-03-10,2022-03-17,short_iron_condor_100_300,paired_sample_incomplete:intraday:duplicate_exact_contract_bar;overnight:duplicate_exact_contract_bar,development
2022-03-10,2022-03-17,bull_put_credit_100_300,paired_sample_incomplete:intraday:duplicate_exact_contract_bar;overnight:duplicate_exact_contract_bar,development
2022-03-10,2022-03-17,bear_call_credit_100_300,paired_sample_incomplete:intraday:duplicate_exact_contract_bar;overnight:duplicate_exact_contract_bar,development
2022-03-11,2022-03-17,short_atm_straddle,paired_sample_incomplete:intraday:duplicate_exact_contract_bar;overnight:duplicate_exact_contract_bar,development
2022-03-11,2022-03-17,short_iron_fly_w100,paired_sample_incomplete:intraday:duplicate_exact_contract_bar;overnight:duplicate_exact_contract_bar,development
2022-03-11,2022-03-17,short_iron_fly_w200,paired_sample_incomplete:intraday:duplicate_exact_contract_bar;overnight:duplicate_exact_contract_bar,development
2022-03-11,2022-03-17,short_iron_fly_w300,paired_sample_incomplete:intraday:duplicate_exact_contract_bar;overnight:duplicate_exact_contract_bar,development
2022-03-11,2022-03-17,long_iron_fly_w100,paired_sample_incomplete:intraday:duplicate_exact_contract_bar;overnight:duplicate_exact_contract_bar,development
2022-03-11,2022-03-17,long_iron_fly_w200,paired_sample_incomplete:intraday:duplicate_exact_contract_bar;overnight:duplicate_exact_contract_bar,development
2022-03-11,2022-03-17,long_iron_fly_w300,paired_sample_incomplete:intraday:duplicate_exact_contract_bar;overnight:duplicate_exact_contract_bar,development
2022-03-11,2022-03-17,short_iron_condor_100_300,paired_sample_incomplete:intraday:duplicate_exact_contract_bar;overnight:duplicate_exact_contract_bar,development
2022-03-11,2022-03-17,bull_put_credit_100_300,paired_sample_incomplete:intraday:duplicate_exact_contract_bar;overnight:duplicate_exact_contract_bar,development
2022-03-11,2022-03-17,bear_call_credit_100_300,paired_sample_incomplete:intraday:duplicate_exact_contract_bar;overnight:duplicate_exact_contract_bar,development
2022-03-14,2022-03-17,short_atm_straddle,paired_sample_incomplete:intraday:duplicate_exact_contract_bar;overnight:duplicate_exact_contract_bar,development
2022-03-14,2022-03-17,short_iron_fly_w100,paired_sample_incomplete:intraday:duplicate_exact_contract_bar;overnight:duplicate_exact_contract_bar,development
2022-03-14,2022-03-17,short_iron_fly_w200,paired_sample_incomplete:intraday:duplicate_exact_contract_bar;overnight:duplicate_exact_contract_bar,development
2022-03-14,2022-03-17,short_iron_fly_w300,paired_sample_incomplete:intraday:duplicate_exact_contract_bar;overnight:duplicate_exact_contract_bar,development
2022-03-14,2022-03-17,long_iron_fly_w100,paired_sample_incomplete:intraday:duplicate_exact_contract_bar;overnight:duplicate_exact_contract_bar,development
2022-03-14,2022-03-17,long_iron_fly_w200,paired_sample_incomplete:intraday:duplicate_exact_contract_bar;overnight:duplicate_exact_contract_bar,development
2022-03-14,2022-03-17,long_iron_fly_w300,paired_sample_incomplete:intraday:duplicate_exact_contract_bar;overnight:duplicate_exact_contract_bar,development
2022-03-14,2022-03-17,short_iron_condor_100_300,paired_sample_incomplete:intraday:duplicate_exact_contract_bar;overnight:duplicate_exact_contract_bar,development
2022-03-14,2022-03-17,bull_put_credit_100_300,paired_sample_incomplete:intraday:duplicate_exact_contract_bar;overnight:duplicate_exact_contract_bar,development
2022-03-14,2022-03-17,bear_call_credit_100_300,paired_sample_incomplete:intraday:duplicate_exact_contract_bar;overnight:duplicate_exact_contract_bar,development
2022-03-15,2022-03-17,short_atm_straddle,paired_sample_incomplete:intraday:duplicate_exact_contract_bar;overnight:duplicate_exact_contract_bar,development
2022-03-15,2022-03-17,short_iron_fly_w100,paired_sample_incomplete:intraday:duplicate_exact_contract_bar;overnight:duplicate_exact_contract_bar,development
2022-03-15,2022-03-17,short_iron_fly_w200,paired_sample_incomplete:intraday:duplicate_exact_contract_bar;overnight:duplicate_exact_contract_bar,development
2022-03-15,2022-03-17,short_iron_fly_w300,paired_sample_incomplete:intraday:duplicate_exact_contract_bar;overnight:duplicate_exact_contract_bar,development
2022-03-15,2022-03-17,long_iron_fly_w100,paired_sample_incomplete:intraday:duplicate_exact_contract_bar;overnight:duplicate_exact_contract_bar,development
2022-03-15,2022-03-17,long_iron_fly_w200,paired_sample_incomplete:intraday:duplicate_exact_contract_bar;overnight:duplicate_exact_contract_bar,development
2022-03-15,2022-03-17,long_iron_fly_w300,paired_sample_incomplete:intraday:duplicate_exact_contract_bar;overnight:duplicate_exact_contract_bar,development
2022-03-15,2022-03-17,short_iron_condor_100_300,paired_sample_incomplete:intraday:duplicate_exact_contract_bar;overnight:duplicate_exact_contract_bar,development
2022-03-15,2022-03-17,bull_put_credit_100_300,paired_sample_incomplete:intraday:duplicate_exact_contract_bar;overnight:duplicate_exact_contract_bar,development
2022-03-15,2022-03-17,bear_call_credit_100_300,paired_sample_incomplete:intraday:duplicate_exact_contract_bar;overnight:duplicate_exact_contract_bar,development
2022-03-16,2022-03-24,short_atm_straddle,paired_sample_incomplete:intraday:duplicate_exact_contract_bar;overnight:duplicate_exact_contract_bar,development
2022-03-16,2022-03-24,short_iron_fly_w100,paired_sample_incomplete:intraday:duplicate_exact_contract_bar;overnight:duplicate_exact_contract_bar,development
2022-03-16,2022-03-24,short_iron_fly_w200,paired_sample_incomplete:intraday:duplicate_exact_contract_bar;overnight:duplicate_exact_contract_bar,development
2022-03-16,2022-03-24,short_iron_fly_w300,paired_sample_incomplete:intraday:duplicate_exact_contract_bar;overnight:duplicate_exact_contract_bar,development
2022-03-16,2022-03-24,long_iron_fly_w100,paired_sample_incomplete:intraday:duplicate_exact_contract_bar;overnight:duplicate_exact_contract_bar,development
2022-03-16,2022-03-24,long_iron_fly_w200,paired_sample_incomplete:intraday:duplicate_exact_contract_bar;overnight:duplicate_exact_contract_bar,development
2022-03-16,2022-03-24,long_iron_fly_w300,paired_sample_incomplete:intraday:duplicate_exact_contract_bar;overnight:duplicate_exact_contract_bar,development
2022-03-16,2022-03-24,short_iron_condor_100_300,paired_sample_incomplete:intraday:duplicate_exact_contract_bar;overnight:duplicate_exact_contract_bar,development
2022-03-16,2022-03-24,bull_put_credit_100_300,paired_sample_incomplete:intraday:duplicate_exact_contract_bar;overnight:duplicate_exact_contract_bar,development
2022-03-17,2022-03-24,short_atm_straddle,paired_sample_incomplete:intraday:duplicate_exact_contract_bar;overnight:duplicate_exact_contract_bar,development
2022-03-17,2022-03-24,short_iron_fly_w100,paired_sample_incomplete:intraday:duplicate_exact_contract_bar;overnight:duplicate_exact_contract_bar,development
2022-03-17,2022-03-24,short_iron_fly_w200,paired_sample_incomplete:intraday:duplicate_exact_contract_bar;overnight:duplicate_exact_contract_bar,development
2022-03-17,2022-03-24,short_iron_fly_w300,paired_sample_incomplete:intraday:duplicate_exact_contract_bar;overnight:duplicate_exact_contract_bar,development
2022-03-17,2022-03-24,long_iron_fly_w100,paired_sample_incomplete:intraday:duplicate_exact_contract_bar;overnight:duplicate_exact_contract_bar,development
2022-03-17,2022-03-24,long_iron_fly_w200,paired_sample_incomplete:intraday:duplicate_exact_contract_bar;overnight:duplicate_exact_contract_bar,development
2022-03-17,2022-03-24,long_iron_fly_w300,paired_sample_incomplete:intraday:duplicate_exact_contract_bar;overnight:duplicate_exact_contract_bar,development
2022-03-17,2022-03-24,short_iron_condor_100_300,paired_sample_incomplete:intraday:duplicate_exact_contract_bar;overnight:duplicate_exact_contract_bar,development
2022-03-17,2022-03-24,bull_put_credit_100_300,paired_sample_incomplete:intraday:duplicate_exact_contract_bar;overnight:duplicate_exact_contract_bar,development
2022-03-17,2022-03-24,bear_call_credit_100_300,paired_sample_incomplete:intraday:duplicate_exact_contract_bar;overnight:duplicate_exact_contract_bar,development
2022-03-21,2022-03-24,short_atm_straddle,paired_sample_incomplete:intraday:duplicate_exact_contract_bar;overnight:duplicate_exact_contract_bar,development
2022-03-21,2022-03-24,short_iron_fly_w100,paired_sample_incomplete:intraday:duplicate_exact_contract_bar;overnight:duplicate_exact_contract_bar,development
2022-03-21,2022-03-24,short_iron_fly_w200,paired_sample_incomplete:intraday:duplicate_exact_contract_bar;overnight:duplicate_exact_contract_bar,development
2022-03-21,2022-03-24,short_iron_fly_w300,paired_sample_incomplete:intraday:duplicate_exact_contract_bar;overnight:duplicate_exact_contract_bar,development
2022-03-21,2022-03-24,long_iron_fly_w100,paired_sample_incomplete:intraday:duplicate_exact_contract_bar;overnight:duplicate_exact_contract_bar,development
2022-03-21,2022-03-24,long_iron_fly_w200,paired_sample_incomplete:intraday:duplicate_exact_contract_bar;overnight:duplicate_exact_contract_bar,development
2022-03-21,2022-03-24,long_iron_fly_w300,paired_sample_incomplete:intraday:duplicate_exact_contract_bar;overnight:duplicate_exact_contract_bar,development
2022-03-21,2022-03-24,short_iron_condor_100_300,paired_sample_incomplete:intraday:duplicate_exact_contract_bar;overnight:duplicate_exact_contract_bar,development
2022-03-21,2022-03-24,bull_put_credit_100_300,paired_sample_incomplete:intraday:duplicate_exact_contract_bar;overnight:duplicate_exact_contract_bar,development
2022-03-21,2022-03-24,bear_call_credit_100_300,paired_sample_incomplete:intraday:duplicate_exact_contract_bar;overnight:duplicate_exact_contract_bar,development
2022-03-22,2022-03-24,short_atm_straddle,paired_sample_incomplete:intraday:duplicate_exact_contract_bar;overnight:duplicate_exact_contract_bar,development
2022-03-22,2022-03-24,short_iron_fly_w100,paired_sample_incomplete:intraday:duplicate_exact_contract_bar;overnight:duplicate_exact_contract_bar,development
2022-03-22,2022-03-24,short_iron_fly_w200,paired_sample_incomplete:intraday:duplicate_exact_contract_bar;overnight:duplicate_exact_contract_bar,development
2022-03-22,2022-03-24,short_iron_fly_w300,paired_sample_incomplete:intraday:duplicate_exact_contract_bar;overnight:duplicate_exact_contract_bar,development
2022-03-22,2022-03-24,long_iron_fly_w100,paired_sample_incomplete:intraday:duplicate_exact_contract_bar;overnight:duplicate_exact_contract_bar,development
2022-03-22,2022-03-24,long_iron_fly_w200,paired_sample_incomplete:intraday:duplicate_exact_contract_bar;overnight:duplicate_exact_contract_bar,development
2022-03-22,2022-03-24,long_iron_fly_w300,paired_sample_incomplete:intraday:duplicate_exact_contract_bar;overnight:duplicate_exact_contract_bar,development
2022-03-22,2022-03-24,short_iron_condor_100_300,paired_sample_incomplete:intraday:duplicate_exact_contract_bar;overnight:duplicate_exact_contract_bar,development
2022-03-22,2022-03-24,bull_put_credit_100_300,paired_sample_incomplete:intraday:duplicate_exact_contract_bar;overnight:duplicate_exact_contract_bar,development
2022-03-22,2022-03-24,bear_call_credit_100_300,paired_sample_incomplete:intraday:duplicate_exact_contract_bar;overnight:duplicate_exact_contract_bar,development
2022-03-23,2022-03-31,short_atm_straddle,paired_sample_incomplete:intraday:duplicate_exact_contract_bar;overnight:duplicate_exact_contract_bar,development
2022-03-23,2022-03-31,short_iron_fly_w100,paired_sample_incomplete:intraday:duplicate_exact_contract_bar;overnight:duplicate_exact_contract_bar,development
2022-03-23,2022-03-31,short_iron_fly_w200,paired_sample_incomplete:intraday:duplicate_exact_contract_bar;overnight:duplicate_exact_contract_bar,development
2022-03-23,2022-03-31,short_iron_fly_w300,paired_sample_incomplete:intraday:duplicate_exact_contract_bar;overnight:duplicate_exact_contract_bar,development
2022-03-23,2022-03-31,long_iron_fly_w100,paired_sample_incomplete:intraday:duplicate_exact_contract_bar;overnight:duplicate_exact_contract_bar,development
2022-03-23,2022-03-31,long_iron_fly_w200,paired_sample_incomplete:intraday:duplicate_exact_contract_bar;overnight:duplicate_exact_contract_bar,development
2022-03-23,2022-03-31,long_iron_fly_w300,paired_sample_incomplete:intraday:duplicate_exact_contract_bar;overnight:duplicate_exact_contract_bar,development
2022-03-23,2022-03-31,short_iron_condor_100_300,paired_sample_incomplete:intraday:duplicate_exact_contract_bar;overnight:duplicate_exact_contract_bar,development
2022-03-23,2022-03-31,bull_put_credit_100_300,paired_sample_incomplete:intraday:duplicate_exact_contract_bar;overnight:duplicate_exact_contract_bar,development
2022-03-23,2022-03-31,bear_call_credit_100_300,paired_sample_incomplete:intraday:duplicate_exact_contract_bar;overnight:duplicate_exact_contract_bar,development
2022-03-24,2022-03-31,short_atm_straddle,paired_sample_incomplete:intraday:duplicate_exact_contract_bar;overnight:duplicate_exact_contract_bar,development
2022-03-24,2022-03-31,short_iron_fly_w100,paired_sample_incomplete:intraday:duplicate_exact_contract_bar;overnight:duplicate_exact_contract_bar,development
2022-03-24,2022-03-31,short_iron_fly_w200,paired_sample_incomplete:intraday:duplicate_exact_contract_bar;overnight:duplicate_exact_contract_bar,development
2022-03-24,2022-03-31,short_iron_fly_w300,paired_sample_incomplete:intraday:duplicate_exact_contract_bar;overnight:duplicate_exact_contract_bar,development
2022-03-24,2022-03-31,long_iron_fly_w100,paired_sample_incomplete:intraday:duplicate_exact_contract_bar;overnight:duplicate_exact_contract_bar,development
2022-03-24,2022-03-31,long_iron_fly_w200,paired_sample_incomplete:intraday:duplicate_exact_contract_bar;overnight:duplicate_exact_contract_bar,development
2022-03-24,2022-03-31,long_iron_fly_w300,paired_sample_incomplete:intraday:duplicate_exact_contract_bar;overnight:duplicate_exact_contract_bar,development
2022-03-24,2022-03-31,short_iron_condor_100_300,paired_sample_incomplete:intraday:duplicate_exact_contract_bar;overnight:duplicate_exact_contract_bar,development
2022-03-24,2022-03-31,bull_put_credit_100_300,paired_sample_incomplete:intraday:duplicate_exact_contract_bar;overnight:duplicate_exact_contract_bar,development
2022-03-24,2022-03-31,bear_call_credit_100_300,paired_sample_incomplete:intraday:duplicate_exact_contract_bar;overnight:duplicate_exact_contract_bar,development
2022-03-25,2022-03-31,short_atm_straddle,paired_sample_incomplete:intraday:duplicate_exact_contract_bar;overnight:duplicate_exact_contract_bar,development
2022-03-25,2022-03-31,short_iron_fly_w100,paired_sample_incomplete:intraday:duplicate_exact_contract_bar;overnight:duplicate_exact_contract_bar,development
2022-03-25,2022-03-31,short_iron_fly_w200,paired_sample_incomplete:intraday:duplicate_exact_contract_bar;overnight:duplicate_exact_contract_bar,development
2022-03-25,2022-03-31,short_iron_fly_w300,paired_sample_incomplete:intraday:duplicate_exact_contract_bar;overnight:duplicate_exact_contract_bar,development
2022-03-25,2022-03-31,long_iron_fly_w100,paired_sample_incomplete:intraday:duplicate_exact_contract_bar;overnight:duplicate_exact_contract_bar,development
2022-03-25,2022-03-31,long_iron_fly_w200,paired_sample_incomplete:intraday:duplicate_exact_contract_bar;overnight:duplicate_exact_contract_bar,development
2022-03-25,2022-03-31,long_iron_fly_w300,paired_sample_incomplete:intraday:duplicate_exact_contract_bar;overnight:duplicate_exact_contract_bar,development
2022-03-25,2022-03-31,short_iron_condor_100_300,paired_sample_incomplete:intraday:duplicate_exact_contract_bar;overnight:duplicate_exact_contract_bar,development
2022-03-25,2022-03-31,bull_put_credit_100_300,paired_sample_incomplete:intraday:duplicate_exact_contract_bar;overnight:duplicate_exact_contract_bar,development
2022-03-25,2022-03-31,bear_call_credit_100_300,paired_sample_incomplete:intraday:duplicate_exact_contract_bar;overnight:duplicate_exact_contract_bar,development
2022-03-28,2022-03-31,short_atm_straddle,paired_sample_incomplete:intraday:duplicate_exact_contract_bar;overnight:duplicate_exact_contract_bar,development
2022-03-28,2022-03-31,short_iron_fly_w100,paired_sample_incomplete:intraday:duplicate_exact_contract_bar;overnight:duplicate_exact_contract_bar,development
2022-03-28,2022-03-31,short_iron_fly_w200,paired_sample_incomplete:intraday:duplicate_exact_contract_bar;overnight:duplicate_exact_contract_bar,development
2022-03-28,2022-03-31,short_iron_fly_w300,paired_sample_incomplete:intraday:duplicate_exact_contract_bar;overnight:duplicate_exact_contract_bar,development
2022-03-28,2022-03-31,long_iron_fly_w100,paired_sample_incomplete:intraday:duplicate_exact_contract_bar;overnight:duplicate_exact_contract_bar,development
2022-03-28,2022-03-31,long_iron_fly_w200,paired_sample_incomplete:intraday:duplicate_exact_contract_bar;overnight:duplicate_exact_contract_bar,development
2022-03-28,2022-03-31,long_iron_fly_w300,paired_sample_incomplete:intraday:duplicate_exact_contract_bar;overnight:duplicate_exact_contract_bar,development
2022-03-28,2022-03-31,short_iron_condor_100_300,paired_sample_incomplete:intraday:duplicate_exact_contract_bar;overnight:duplicate_exact_contract_bar,development
2022-03-28,2022-03-31,bull_put_credit_100_300,paired_sample_incomplete:intraday:duplicate_exact_contract_bar;overnight:duplicate_exact_contract_bar,development
2022-03-28,2022-03-31,bear_call_credit_100_300,paired_sample_incomplete:intraday:duplicate_exact_contract_bar;overnight:duplicate_exact_contract_bar,development
2022-03-29,2022-03-31,short_atm_straddle,paired_sample_incomplete:intraday:duplicate_exact_contract_bar;overnight:duplicate_exact_contract_bar,development
2022-03-29,2022-03-31,short_iron_fly_w100,paired_sample_incomplete:intraday:duplicate_exact_contract_bar;overnight:duplicate_exact_contract_bar,development
2022-03-29,2022-03-31,short_iron_fly_w200,paired_sample_incomplete:intraday:duplicate_exact_contract_bar;overnight:duplicate_exact_contract_bar,development
2022-03-29,2022-03-31,short_iron_fly_w300,paired_sample_incomplete:intraday:duplicate_exact_contract_bar;overnight:duplicate_exact_contract_bar,development
2022-03-29,2022-03-31,long_iron_fly_w100,paired_sample_incomplete:intraday:duplicate_exact_contract_bar;overnight:duplicate_exact_contract_bar,development
2022-03-29,2022-03-31,long_iron_fly_w200,paired_sample_incomplete:intraday:duplicate_exact_contract_bar;overnight:duplicate_exact_contract_bar,development
2022-03-29,2022-03-31,long_iron_fly_w300,paired_sample_incomplete:intraday:duplicate_exact_contract_bar;overnight:duplicate_exact_contract_bar,development
2022-03-29,2022-03-31,short_iron_condor_100_300,paired_sample_incomplete:intraday:duplicate_exact_contract_bar;overnight:duplicate_exact_contract_bar,development
2022-03-29,2022-03-31,bull_put_credit_100_300,paired_sample_incomplete:intraday:duplicate_exact_contract_bar;overnight:duplicate_exact_contract_bar,development
2022-03-29,2022-03-31,bear_call_credit_100_300,paired_sample_incomplete:intraday:duplicate_exact_contract_bar;overnight:duplicate_exact_contract_bar,development
2022-03-30,2022-04-07,short_atm_straddle,paired_sample_incomplete:intraday:duplicate_exact_contract_bar;overnight:duplicate_exact_contract_bar,development
2022-03-30,2022-04-07,short_iron_fly_w100,paired_sample_incomplete:intraday:duplicate_exact_contract_bar;overnight:duplicate_exact_contract_bar,development
2022-03-30,2022-04-07,short_iron_fly_w200,paired_sample_incomplete:intraday:duplicate_exact_contract_bar;overnight:duplicate_exact_contract_bar,development
2022-03-30,2022-04-07,short_iron_fly_w300,paired_sample_incomplete:intraday:duplicate_exact_contract_bar;overnight:duplicate_exact_contract_bar,development
2022-03-30,2022-04-07,long_iron_fly_w100,paired_sample_incomplete:intraday:duplicate_exact_contract_bar;overnight:duplicate_exact_contract_bar,development
2022-03-30,2022-04-07,long_iron_fly_w200,paired_sample_incomplete:intraday:duplicate_exact_contract_bar;overnight:duplicate_exact_contract_bar,development
2022-03-30,2022-04-07,long_iron_fly_w300,paired_sample_incomplete:intraday:duplicate_exact_contract_bar;overnight:duplicate_exact_contract_bar,development
2022-03-30,2022-04-07,short_iron_condor_100_300,paired_sample_incomplete:intraday:duplicate_exact_contract_bar;overnight:duplicate_exact_contract_bar,development
2022-03-30,2022-04-07,bull_put_credit_100_300,paired_sample_incomplete:intraday:duplicate_exact_contract_bar;overnight:duplicate_exact_contract_bar,development
2022-03-30,2022-04-07,bear_call_credit_100_300,paired_sample_incomplete:intraday:duplicate_exact_contract_bar;overnight:duplicate_exact_contract_bar,development
2022-03-31,2022-04-07,short_atm_straddle,paired_sample_incomplete:intraday:duplicate_exact_contract_bar;overnight:duplicate_exact_contract_bar,development
2022-03-31,2022-04-07,short_iron_fly_w100,paired_sample_incomplete:intraday:duplicate_exact_contract_bar;overnight:duplicate_exact_contract_bar,development
2022-03-31,2022-04-07,short_iron_fly_w200,paired_sample_incomplete:intraday:duplicate_exact_contract_bar;overnight:duplicate_exact_contract_bar,development
2022-03-31,2022-04-07,short_iron_fly_w300,paired_sample_incomplete:intraday:duplicate_exact_contract_bar;overnight:duplicate_exact_contract_bar,development
2022-03-31,2022-04-07,long_iron_fly_w100,paired_sample_incomplete:intraday:duplicate_exact_contract_bar;overnight:duplicate_exact_contract_bar,development
2022-03-31,2022-04-07,long_iron_fly_w200,paired_sample_incomplete:intraday:duplicate_exact_contract_bar;overnight:duplicate_exact_contract_bar,development
2022-03-31,2022-04-07,long_iron_fly_w300,paired_sample_incomplete:intraday:duplicate_exact_contract_bar;overnight:duplicate_exact_contract_bar,development
2022-03-31,2022-04-07,short_iron_condor_100_300,paired_sample_incomplete:intraday:duplicate_exact_contract_bar;overnight:duplicate_exact_contract_bar,development
2022-03-31,2022-04-07,bull_put_credit_100_300,paired_sample_incomplete:intraday:duplicate_exact_contract_bar;overnight:duplicate_exact_contract_bar,development
2022-03-31,2022-04-07,bear_call_credit_100_300,paired_sample_incomplete:intraday:duplicate_exact_contract_bar;overnight:duplicate_exact_contract_bar,development
2022-04-01,2022-04-07,short_atm_straddle,paired_sample_incomplete:intraday:duplicate_exact_contract_bar;overnight:duplicate_exact_contract_bar,development
2022-04-01,2022-04-07,short_iron_fly_w100,paired_sample_incomplete:intraday:duplicate_exact_contract_bar;overnight:duplicate_exact_contract_bar,development
2022-04-01,2022-04-07,short_iron_fly_w200,paired_sample_incomplete:intraday:duplicate_exact_contract_bar;overnight:duplicate_exact_contract_bar,development
2022-04-01,2022-04-07,short_iron_fly_w300,paired_sample_incomplete:intraday:duplicate_exact_contract_bar;overnight:duplicate_exact_contract_bar,development
2022-04-01,2022-04-07,long_iron_fly_w100,paired_sample_incomplete:intraday:duplicate_exact_contract_bar;overnight:duplicate_exact_contract_bar,development
2022-04-01,2022-04-07,long_iron_fly_w200,paired_sample_incomplete:intraday:duplicate_exact_contract_bar;overnight:duplicate_exact_contract_bar,development
2022-04-01,2022-04-07,long_iron_fly_w300,paired_sample_incomplete:intraday:duplicate_exact_contract_bar;overnight:duplicate_exact_contract_bar,development
2022-04-01,2022-04-07,short_iron_condor_100_300,paired_sample_incomplete:intraday:duplicate_exact_contract_bar;overnight:duplicate_exact_contract_bar,development
2022-04-01,2022-04-07,bull_put_credit_100_300,paired_sample_incomplete:intraday:duplicate_exact_contract_bar;overnight:duplicate_exact_contract_bar,development
2022-04-04,2022-04-07,short_atm_straddle,paired_sample_incomplete:intraday:duplicate_exact_contract_bar;overnight:duplicate_exact_contract_bar,development
2022-04-04,2022-04-07,short_iron_fly_w100,paired_sample_incomplete:intraday:duplicate_exact_contract_bar;overnight:duplicate_exact_contract_bar,development
2022-04-04,2022-04-07,short_iron_fly_w200,paired_sample_incomplete:intraday:duplicate_exact_contract_bar;overnight:duplicate_exact_contract_bar,development
2022-04-04,2022-04-07,short_iron_fly_w300,paired_sample_incomplete:intraday:duplicate_exact_contract_bar;overnight:duplicate_exact_contract_bar,development
2022-04-04,2022-04-07,long_iron_fly_w100,paired_sample_incomplete:intraday:duplicate_exact_contract_bar;overnight:duplicate_exact_contract_bar,development
2022-04-04,2022-04-07,long_iron_fly_w200,paired_sample_incomplete:intraday:duplicate_exact_contract_bar;overnight:duplicate_exact_contract_bar,development
2022-04-04,2022-04-07,long_iron_fly_w300,paired_sample_incomplete:intraday:duplicate_exact_contract_bar;overnight:duplicate_exact_contract_bar,development
2022-04-04,2022-04-07,short_iron_condor_100_300,paired_sample_incomplete:intraday:duplicate_exact_contract_bar;overnight:duplicate_exact_contract_bar,development
2022-04-04,2022-04-07,bull_put_credit_100_300,paired_sample_incomplete:intraday:duplicate_exact_contract_bar;overnight:duplicate_exact_contract_bar,development
2022-04-04,2022-04-07,bear_call_credit_100_300,paired_sample_incomplete:intraday:duplicate_exact_contract_bar;overnight:duplicate_exact_contract_bar,development
2022-04-05,2022-04-07,short_atm_straddle,paired_sample_incomplete:intraday:duplicate_exact_contract_bar;overnight:duplicate_exact_contract_bar,development
2022-04-05,2022-04-07,short_iron_fly_w100,paired_sample_incomplete:intraday:duplicate_exact_contract_bar;overnight:duplicate_exact_contract_bar,development
2022-04-05,2022-04-07,short_iron_fly_w200,paired_sample_incomplete:intraday:duplicate_exact_contract_bar;overnight:duplicate_exact_contract_bar,development
2022-04-05,2022-04-07,short_iron_fly_w300,paired_sample_incomplete:intraday:duplicate_exact_contract_bar;overnight:duplicate_exact_contract_bar,development
2022-04-05,2022-04-07,long_iron_fly_w100,paired_sample_incomplete:intraday:duplicate_exact_contract_bar;overnight:duplicate_exact_contract_bar,development
2022-04-05,2022-04-07,long_iron_fly_w200,paired_sample_incomplete:intraday:duplicate_exact_contract_bar;overnight:duplicate_exact_contract_bar,development
2022-04-05,2022-04-07,long_iron_fly_w300,paired_sample_incomplete:intraday:duplicate_exact_contract_bar;overnight:duplicate_exact_contract_bar,development
2022-04-05,2022-04-07,short_iron_condor_100_300,paired_sample_incomplete:intraday:duplicate_exact_contract_bar;overnight:duplicate_exact_contract_bar,development
2022-04-05,2022-04-07,bull_put_credit_100_300,paired_sample_incomplete:intraday:duplicate_exact_contract_bar;overnight:duplicate_exact_contract_bar,development
2022-04-05,2022-04-07,bear_call_credit_100_300,paired_sample_incomplete:intraday:duplicate_exact_contract_bar;overnight:duplicate_exact_contract_bar,development
2022-04-06,2022-04-13,short_atm_straddle,paired_sample_incomplete:intraday:duplicate_exact_contract_bar;overnight:duplicate_exact_contract_bar,development
2022-04-06,2022-04-13,short_iron_fly_w100,paired_sample_incomplete:intraday:duplicate_exact_contract_bar;overnight:duplicate_exact_contract_bar,development
2022-04-06,2022-04-13,short_iron_fly_w200,paired_sample_incomplete:intraday:duplicate_exact_contract_bar;overnight:duplicate_exact_contract_bar,development
2022-04-06,2022-04-13,short_iron_fly_w300,paired_sample_incomplete:intraday:duplicate_exact_contract_bar;overnight:duplicate_exact_contract_bar,development
2022-04-06,2022-04-13,long_iron_fly_w100,paired_sample_incomplete:intraday:duplicate_exact_contract_bar;overnight:duplicate_exact_contract_bar,development
2022-04-06,2022-04-13,long_iron_fly_w200,paired_sample_incomplete:intraday:duplicate_exact_contract_bar;overnight:duplicate_exact_contract_bar,development
2022-04-06,2022-04-13,long_iron_fly_w300,paired_sample_incomplete:intraday:duplicate_exact_contract_bar;overnight:duplicate_exact_contract_bar,development
2022-04-06,2022-04-13,short_iron_condor_100_300,paired_sample_incomplete:intraday:duplicate_exact_contract_bar;overnight:duplicate_exact_contract_bar,development
2022-04-06,2022-04-13,bull_put_credit_100_300,paired_sample_incomplete:intraday:duplicate_exact_contract_bar;overnight:duplicate_exact_contract_bar,development
2022-04-06,2022-04-13,bear_call_credit_100_300,paired_sample_incomplete:intraday:duplicate_exact_contract_bar;overnight:duplicate_exact_contract_bar,development
2022-04-07,2022-04-13,short_atm_straddle,paired_sample_incomplete:intraday:duplicate_exact_contract_bar;overnight:duplicate_exact_contract_bar,development
2022-04-07,2022-04-13,short_iron_fly_w100,paired_sample_incomplete:intraday:duplicate_exact_contract_bar;overnight:duplicate_exact_contract_bar,development
2022-04-07,2022-04-13,short_iron_fly_w200,paired_sample_incomplete:intraday:duplicate_exact_contract_bar;overnight:duplicate_exact_contract_bar,development
2022-04-07,2022-04-13,short_iron_fly_w300,paired_sample_incomplete:intraday:duplicate_exact_contract_bar;overnight:duplicate_exact_contract_bar,development
2022-04-07,2022-04-13,long_iron_fly_w100,paired_sample_incomplete:intraday:duplicate_exact_contract_bar;overnight:duplicate_exact_contract_bar,development
2022-04-07,2022-04-13,long_iron_fly_w200,paired_sample_incomplete:intraday:duplicate_exact_contract_bar;overnight:duplicate_exact_contract_bar,development
2022-04-07,2022-04-13,long_iron_fly_w300,paired_sample_incomplete:intraday:duplicate_exact_contract_bar;overnight:duplicate_exact_contract_bar,development
2022-04-07,2022-04-13,short_iron_condor_100_300,paired_sample_incomplete:intraday:duplicate_exact_contract_bar;overnight:duplicate_exact_contract_bar,development
2022-04-07,2022-04-13,bull_put_credit_100_300,paired_sample_incomplete:intraday:duplicate_exact_contract_bar;overnight:duplicate_exact_contract_bar,development
2022-04-07,2022-04-13,bear_call_credit_100_300,paired_sample_incomplete:intraday:duplicate_exact_contract_bar;overnight:duplicate_exact_contract_bar,development
2022-04-08,2022-04-13,short_atm_straddle,paired_sample_incomplete:intraday:duplicate_exact_contract_bar;overnight:duplicate_exact_contract_bar,development
2022-04-08,2022-04-13,short_iron_fly_w100,paired_sample_incomplete:intraday:duplicate_exact_contract_bar;overnight:duplicate_exact_contract_bar,development
2022-04-08,2022-04-13,short_iron_fly_w200,paired_sample_incomplete:intraday:duplicate_exact_contract_bar;overnight:duplicate_exact_contract_bar,development
2022-04-08,2022-04-13,short_iron_fly_w300,paired_sample_incomplete:intraday:duplicate_exact_contract_bar;overnight:duplicate_exact_contract_bar,development
2022-04-08,2022-04-13,long_iron_fly_w100,paired_sample_incomplete:intraday:duplicate_exact_contract_bar;overnight:duplicate_exact_contract_bar,development
2022-04-08,2022-04-13,long_iron_fly_w200,paired_sample_incomplete:intraday:duplicate_exact_contract_bar;overnight:duplicate_exact_contract_bar,development
2022-04-08,2022-04-13,long_iron_fly_w300,paired_sample_incomplete:intraday:duplicate_exact_contract_bar;overnight:duplicate_exact_contract_bar,development
2022-04-08,2022-04-13,short_iron_condor_100_300,paired_sample_incomplete:intraday:duplicate_exact_contract_bar;overnight:duplicate_exact_contract_bar,development
2022-04-08,2022-04-13,bull_put_credit_100_300,paired_sample_incomplete:intraday:duplicate_exact_contract_bar;overnight:duplicate_exact_contract_bar,development
2022-04-08,2022-04-13,bear_call_credit_100_300,paired_sample_incomplete:intraday:duplicate_exact_contract_bar;overnight:duplicate_exact_contract_bar,development
2022-04-11,2022-04-13,short_atm_straddle,paired_sample_incomplete:intraday:duplicate_exact_contract_bar;overnight:duplicate_exact_contract_bar,development
2022-04-11,2022-04-13,short_iron_fly_w100,paired_sample_incomplete:intraday:duplicate_exact_contract_bar;overnight:duplicate_exact_contract_bar,development
2022-04-11,2022-04-13,short_iron_fly_w200,paired_sample_incomplete:intraday:duplicate_exact_contract_bar;overnight:duplicate_exact_contract_bar,development
2022-04-11,2022-04-13,short_iron_fly_w300,paired_sample_incomplete:intraday:duplicate_exact_contract_bar;overnight:duplicate_exact_contract_bar,development
2022-04-11,2022-04-13,long_iron_fly_w100,paired_sample_incomplete:intraday:duplicate_exact_contract_bar;overnight:duplicate_exact_contract_bar,development
2022-04-11,2022-04-13,long_iron_fly_w200,paired_sample_incomplete:intraday:duplicate_exact_contract_bar;overnight:duplicate_exact_contract_bar,development
2022-04-11,2022-04-13,long_iron_fly_w300,paired_sample_incomplete:intraday:duplicate_exact_contract_bar;overnight:duplicate_exact_contract_bar,development
2022-04-11,2022-04-13,short_iron_condor_100_300,paired_sample_incomplete:intraday:duplicate_exact_contract_bar;overnight:duplicate_exact_contract_bar,development
2022-04-11,2022-04-13,bull_put_credit_100_300,paired_sample_incomplete:intraday:duplicate_exact_contract_bar;overnight:duplicate_exact_contract_bar,development
2022-04-11,2022-04-13,bear_call_credit_100_300,paired_sample_incomplete:intraday:duplicate_exact_contract_bar;overnight:duplicate_exact_contract_bar,development
2022-04-12,2022-04-21,short_atm_straddle,paired_sample_incomplete:intraday:duplicate_exact_contract_bar;overnight:duplicate_exact_contract_bar,development
2022-04-12,2022-04-21,short_iron_fly_w100,paired_sample_incomplete:intraday:duplicate_exact_contract_bar;overnight:duplicate_exact_contract_bar,development
2022-04-12,2022-04-21,short_iron_fly_w200,paired_sample_incomplete:intraday:duplicate_exact_contract_bar;overnight:duplicate_exact_contract_bar,development
2022-04-12,2022-04-21,short_iron_fly_w300,paired_sample_incomplete:intraday:duplicate_exact_contract_bar;overnight:duplicate_exact_contract_bar,development
2022-04-12,2022-04-21,long_iron_fly_w100,paired_sample_incomplete:intraday:duplicate_exact_contract_bar;overnight:duplicate_exact_contract_bar,development
2022-04-12,2022-04-21,long_iron_fly_w200,paired_sample_incomplete:intraday:duplicate_exact_contract_bar;overnight:duplicate_exact_contract_bar,development
2022-04-12,2022-04-21,long_iron_fly_w300,paired_sample_incomplete:intraday:duplicate_exact_contract_bar;overnight:duplicate_exact_contract_bar,development
2022-04-12,2022-04-21,short_iron_condor_100_300,paired_sample_incomplete:intraday:duplicate_exact_contract_bar;overnight:duplicate_exact_contract_bar,development
2022-04-12,2022-04-21,bull_put_credit_100_300,paired_sample_incomplete:intraday:duplicate_exact_contract_bar;overnight:duplicate_exact_contract_bar,development
2022-04-12,2022-04-21,bear_call_credit_100_300,paired_sample_incomplete:intraday:duplicate_exact_contract_bar;overnight:duplicate_exact_contract_bar,development
2022-04-13,2022-04-21,short_atm_straddle,paired_sample_incomplete:intraday:duplicate_exact_contract_bar;overnight:duplicate_exact_contract_bar,development
2022-04-13,2022-04-21,short_iron_fly_w100,paired_sample_incomplete:intraday:duplicate_exact_contract_bar;overnight:duplicate_exact_contract_bar,development
2022-04-13,2022-04-21,short_iron_fly_w200,paired_sample_incomplete:intraday:duplicate_exact_contract_bar;overnight:duplicate_exact_contract_bar,development
2022-04-13,2022-04-21,short_iron_fly_w300,paired_sample_incomplete:intraday:duplicate_exact_contract_bar;overnight:duplicate_exact_contract_bar,development
2022-04-13,2022-04-21,long_iron_fly_w100,paired_sample_incomplete:intraday:duplicate_exact_contract_bar;overnight:duplicate_exact_contract_bar,development
2022-04-13,2022-04-21,long_iron_fly_w200,paired_sample_incomplete:intraday:duplicate_exact_contract_bar;overnight:duplicate_exact_contract_bar,development
2022-04-13,2022-04-21,long_iron_fly_w300,paired_sample_incomplete:intraday:duplicate_exact_contract_bar;overnight:duplicate_exact_contract_bar,development
2022-04-13,2022-04-21,short_iron_condor_100_300,paired_sample_incomplete:intraday:duplicate_exact_contract_bar;overnight:duplicate_exact_contract_bar,development
2022-04-13,2022-04-21,bull_put_credit_100_300,paired_sample_incomplete:intraday:duplicate_exact_contract_bar;overnight:duplicate_exact_contract_bar,development
2022-04-13,2022-04-21,bear_call_credit_100_300,paired_sample_incomplete:intraday:duplicate_exact_contract_bar;overnight:duplicate_exact_contract_bar,development
2022-04-18,2022-04-21,short_atm_straddle,paired_sample_incomplete:intraday:duplicate_exact_contract_bar;overnight:duplicate_exact_contract_bar,development
2022-04-18,2022-04-21,short_iron_fly_w100,paired_sample_incomplete:intraday:duplicate_exact_contract_bar;overnight:duplicate_exact_contract_bar,development
2022-04-18,2022-04-21,short_iron_fly_w200,paired_sample_incomplete:intraday:duplicate_exact_contract_bar;overnight:duplicate_exact_contract_bar,development
2022-04-18,2022-04-21,short_iron_fly_w300,paired_sample_incomplete:intraday:duplicate_exact_contract_bar;overnight:duplicate_exact_contract_bar,development
2022-04-18,2022-04-21,long_iron_fly_w100,paired_sample_incomplete:intraday:duplicate_exact_contract_bar;overnight:duplicate_exact_contract_bar,development
2022-04-18,2022-04-21,long_iron_fly_w200,paired_sample_incomplete:intraday:duplicate_exact_contract_bar;overnight:duplicate_exact_contract_bar,development
2022-04-18,2022-04-21,long_iron_fly_w300,paired_sample_incomplete:intraday:duplicate_exact_contract_bar;overnight:duplicate_exact_contract_bar,development
2022-04-18,2022-04-21,short_iron_condor_100_300,paired_sample_incomplete:intraday:duplicate_exact_contract_bar;overnight:duplicate_exact_contract_bar,development
2022-04-18,2022-04-21,bull_put_credit_100_300,paired_sample_incomplete:intraday:duplicate_exact_contract_bar;overnight:duplicate_exact_contract_bar,development
2022-04-18,2022-04-21,bear_call_credit_100_300,paired_sample_incomplete:intraday:duplicate_exact_contract_bar;overnight:duplicate_exact_contract_bar,development
2022-04-19,2022-04-21,short_atm_straddle,paired_sample_incomplete:intraday:duplicate_exact_contract_bar;overnight:duplicate_exact_contract_bar,development
2022-04-19,2022-04-21,short_iron_fly_w100,paired_sample_incomplete:intraday:duplicate_exact_contract_bar;overnight:duplicate_exact_contract_bar,development
2022-04-19,2022-04-21,short_iron_fly_w200,paired_sample_incomplete:intraday:duplicate_exact_contract_bar;overnight:duplicate_exact_contract_bar,development
2022-04-19,2022-04-21,short_iron_fly_w300,paired_sample_incomplete:intraday:duplicate_exact_contract_bar;overnight:duplicate_exact_contract_bar,development
2022-04-19,2022-04-21,long_iron_fly_w100,paired_sample_incomplete:intraday:duplicate_exact_contract_bar;overnight:duplicate_exact_contract_bar,development
2022-04-19,2022-04-21,long_iron_fly_w200,paired_sample_incomplete:intraday:duplicate_exact_contract_bar;overnight:duplicate_exact_contract_bar,development
2022-04-19,2022-04-21,long_iron_fly_w300,paired_sample_incomplete:intraday:duplicate_exact_contract_bar;overnight:duplicate_exact_contract_bar,development
2022-04-19,2022-04-21,short_iron_condor_100_300,paired_sample_incomplete:intraday:duplicate_exact_contract_bar;overnight:duplicate_exact_contract_bar,development
2022-04-19,2022-04-21,bull_put_credit_100_300,paired_sample_incomplete:intraday:duplicate_exact_contract_bar;overnight:duplicate_exact_contract_bar,development
2022-04-19,2022-04-21,bear_call_credit_100_300,paired_sample_incomplete:intraday:duplicate_exact_contract_bar;overnight:duplicate_exact_contract_bar,development
2022-04-20,2022-04-28,short_atm_straddle,paired_sample_incomplete:intraday:duplicate_exact_contract_bar;overnight:duplicate_exact_contract_bar,development
2022-04-20,2022-04-28,short_iron_fly_w100,paired_sample_incomplete:intraday:duplicate_exact_contract_bar;overnight:duplicate_exact_contract_bar,development
2022-04-20,2022-04-28,short_iron_fly_w200,paired_sample_incomplete:intraday:duplicate_exact_contract_bar;overnight:duplicate_exact_contract_bar,development
2022-04-20,2022-04-28,short_iron_fly_w300,paired_sample_incomplete:intraday:duplicate_exact_contract_bar;overnight:duplicate_exact_contract_bar,development
2022-04-20,2022-04-28,long_iron_fly_w100,paired_sample_incomplete:intraday:duplicate_exact_contract_bar;overnight:duplicate_exact_contract_bar,development
2022-04-20,2022-04-28,long_iron_fly_w200,paired_sample_incomplete:intraday:duplicate_exact_contract_bar;overnight:duplicate_exact_contract_bar,development
2022-04-20,2022-04-28,long_iron_fly_w300,paired_sample_incomplete:intraday:duplicate_exact_contract_bar;overnight:duplicate_exact_contract_bar,development
2022-04-20,2022-04-28,short_iron_condor_100_300,paired_sample_incomplete:intraday:duplicate_exact_contract_bar;overnight:duplicate_exact_contract_bar,development
2022-04-20,2022-04-28,bull_put_credit_100_300,paired_sample_incomplete:intraday:duplicate_exact_contract_bar;overnight:duplicate_exact_contract_bar,development
2022-04-20,2022-04-28,bear_call_credit_100_300,paired_sample_incomplete:intraday:duplicate_exact_contract_bar;overnight:duplicate_exact_contract_bar,development
2022-04-21,2022-04-28,short_atm_straddle,paired_sample_incomplete:intraday:duplicate_exact_contract_bar;overnight:duplicate_exact_contract_bar,development
2022-04-21,2022-04-28,short_iron_fly_w100,paired_sample_incomplete:intraday:duplicate_exact_contract_bar;overnight:duplicate_exact_contract_bar,development
2022-04-21,2022-04-28,short_iron_fly_w200,paired_sample_incomplete:intraday:duplicate_exact_contract_bar;overnight:duplicate_exact_contract_bar,development
2022-04-21,2022-04-28,short_iron_fly_w300,paired_sample_incomplete:intraday:duplicate_exact_contract_bar;overnight:duplicate_exact_contract_bar,development
2022-04-21,2022-04-28,long_iron_fly_w100,paired_sample_incomplete:intraday:duplicate_exact_contract_bar;overnight:duplicate_exact_contract_bar,development
2022-04-21,2022-04-28,long_iron_fly_w200,paired_sample_incomplete:intraday:duplicate_exact_contract_bar;overnight:duplicate_exact_contract_bar,development
2022-04-21,2022-04-28,long_iron_fly_w300,paired_sample_incomplete:intraday:duplicate_exact_contract_bar;overnight:duplicate_exact_contract_bar,development
2022-04-21,2022-04-28,short_iron_condor_100_300,paired_sample_incomplete:intraday:duplicate_exact_contract_bar;overnight:duplicate_exact_contract_bar,development
2022-04-21,2022-04-28,bull_put_credit_100_300,paired_sample_incomplete:intraday:duplicate_exact_contract_bar;overnight:duplicate_exact_contract_bar,development
2022-04-21,2022-04-28,bear_call_credit_100_300,paired_sample_incomplete:intraday:duplicate_exact_contract_bar;overnight:duplicate_exact_contract_bar,development
2022-04-22,2022-04-28,short_atm_straddle,paired_sample_incomplete:intraday:duplicate_exact_contract_bar;overnight:duplicate_exact_contract_bar,development
2022-04-22,2022-04-28,short_iron_fly_w100,paired_sample_incomplete:intraday:duplicate_exact_contract_bar;overnight:duplicate_exact_contract_bar,development
2022-04-22,2022-04-28,short_iron_fly_w200,paired_sample_incomplete:intraday:duplicate_exact_contract_bar;overnight:duplicate_exact_contract_bar,development
2022-04-22,2022-04-28,short_iron_fly_w300,paired_sample_incomplete:intraday:duplicate_exact_contract_bar;overnight:duplicate_exact_contract_bar,development
2022-04-22,2022-04-28,long_iron_fly_w100,paired_sample_incomplete:intraday:duplicate_exact_contract_bar;overnight:duplicate_exact_contract_bar,development
2022-04-22,2022-04-28,long_iron_fly_w200,paired_sample_incomplete:intraday:duplicate_exact_contract_bar;overnight:duplicate_exact_contract_bar,development
2022-04-22,2022-04-28,long_iron_fly_w300,paired_sample_incomplete:intraday:duplicate_exact_contract_bar;overnight:duplicate_exact_contract_bar,development
2022-04-22,2022-04-28,short_iron_condor_100_300,paired_sample_incomplete:intraday:duplicate_exact_contract_bar;overnight:duplicate_exact_contract_bar,development
2022-04-22,2022-04-28,bull_put_credit_100_300,paired_sample_incomplete:intraday:duplicate_exact_contract_bar;overnight:duplicate_exact_contract_bar,development
2022-04-22,2022-04-28,bear_call_credit_100_300,paired_sample_incomplete:intraday:duplicate_exact_contract_bar;overnight:duplicate_exact_contract_bar,development
2022-04-25,2022-04-28,short_atm_straddle,paired_sample_incomplete:intraday:duplicate_exact_contract_bar;overnight:duplicate_exact_contract_bar,development
2022-04-25,2022-04-28,short_iron_fly_w100,paired_sample_incomplete:intraday:duplicate_exact_contract_bar;overnight:duplicate_exact_contract_bar,development
2022-04-25,2022-04-28,short_iron_fly_w200,paired_sample_incomplete:intraday:duplicate_exact_contract_bar;overnight:duplicate_exact_contract_bar,development
2022-04-25,2022-04-28,short_iron_fly_w300,paired_sample_incomplete:intraday:duplicate_exact_contract_bar;overnight:duplicate_exact_contract_bar,development
2022-04-25,2022-04-28,long_iron_fly_w100,paired_sample_incomplete:intraday:duplicate_exact_contract_bar;overnight:duplicate_exact_contract_bar,development
2022-04-25,2022-04-28,long_iron_fly_w200,paired_sample_incomplete:intraday:duplicate_exact_contract_bar;overnight:duplicate_exact_contract_bar,development
2022-04-25,2022-04-28,long_iron_fly_w300,paired_sample_incomplete:intraday:duplicate_exact_contract_bar;overnight:duplicate_exact_contract_bar,development
2022-04-25,2022-04-28,short_iron_condor_100_300,paired_sample_incomplete:intraday:duplicate_exact_contract_bar;overnight:duplicate_exact_contract_bar,development
2022-04-25,2022-04-28,bull_put_credit_100_300,paired_sample_incomplete:intraday:duplicate_exact_contract_bar;overnight:duplicate_exact_contract_bar,development
2022-04-25,2022-04-28,bear_call_credit_100_300,paired_sample_incomplete:intraday:duplicate_exact_contract_bar;overnight:duplicate_exact_contract_bar,development
2022-04-26,2022-04-28,short_atm_straddle,paired_sample_incomplete:intraday:duplicate_exact_contract_bar;overnight:duplicate_exact_contract_bar,development
2022-04-26,2022-04-28,short_iron_fly_w100,paired_sample_incomplete:intraday:duplicate_exact_contract_bar;overnight:duplicate_exact_contract_bar,development
2022-04-26,2022-04-28,short_iron_fly_w200,paired_sample_incomplete:intraday:duplicate_exact_contract_bar;overnight:duplicate_exact_contract_bar,development
2022-04-26,2022-04-28,short_iron_fly_w300,paired_sample_incomplete:intraday:duplicate_exact_contract_bar;overnight:duplicate_exact_contract_bar,development
2022-04-26,2022-04-28,long_iron_fly_w100,paired_sample_incomplete:intraday:duplicate_exact_contract_bar;overnight:duplicate_exact_contract_bar,development
2022-04-26,2022-04-28,long_iron_fly_w200,paired_sample_incomplete:intraday:duplicate_exact_contract_bar;overnight:duplicate_exact_contract_bar,development
2022-04-26,2022-04-28,long_iron_fly_w300,paired_sample_incomplete:intraday:duplicate_exact_contract_bar;overnight:duplicate_exact_contract_bar,development
2022-04-26,2022-04-28,short_iron_condor_100_300,paired_sample_incomplete:intraday:duplicate_exact_contract_bar;overnight:duplicate_exact_contract_bar,development
2022-04-26,2022-04-28,bull_put_credit_100_300,paired_sample_incomplete:intraday:duplicate_exact_contract_bar;overnight:duplicate_exact_contract_bar,development
2022-04-26,2022-04-28,bear_call_credit_100_300,paired_sample_incomplete:intraday:duplicate_exact_contract_bar;overnight:duplicate_exact_contract_bar,development
2022-04-27,2022-05-05,short_atm_straddle,paired_sample_incomplete:intraday:duplicate_exact_contract_bar;overnight:duplicate_exact_contract_bar,development
2022-04-27,2022-05-05,short_iron_fly_w100,paired_sample_incomplete:intraday:duplicate_exact_contract_bar;overnight:duplicate_exact_contract_bar,development
2022-04-27,2022-05-05,short_iron_fly_w200,paired_sample_incomplete:intraday:duplicate_exact_contract_bar;overnight:duplicate_exact_contract_bar,development
2022-04-27,2022-05-05,short_iron_fly_w300,paired_sample_incomplete:intraday:duplicate_exact_contract_bar;overnight:duplicate_exact_contract_bar,development
2022-04-27,2022-05-05,long_iron_fly_w100,paired_sample_incomplete:intraday:duplicate_exact_contract_bar;overnight:duplicate_exact_contract_bar,development
2022-04-27,2022-05-05,long_iron_fly_w200,paired_sample_incomplete:intraday:duplicate_exact_contract_bar;overnight:duplicate_exact_contract_bar,development
2022-04-27,2022-05-05,long_iron_fly_w300,paired_sample_incomplete:intraday:duplicate_exact_contract_bar;overnight:duplicate_exact_contract_bar,development
2022-04-27,2022-05-05,short_iron_condor_100_300,paired_sample_incomplete:intraday:duplicate_exact_contract_bar;overnight:duplicate_exact_contract_bar,development
2022-04-27,2022-05-05,bear_call_credit_100_300,paired_sample_incomplete:intraday:duplicate_exact_contract_bar;overnight:duplicate_exact_contract_bar,development
2022-04-28,2022-05-05,short_atm_straddle,paired_sample_incomplete:intraday:duplicate_exact_contract_bar;overnight:duplicate_exact_contract_bar,development
2022-04-28,2022-05-05,short_iron_fly_w100,paired_sample_incomplete:intraday:duplicate_exact_contract_bar;overnight:duplicate_exact_contract_bar,development
2022-04-28,2022-05-05,short_iron_fly_w200,paired_sample_incomplete:intraday:duplicate_exact_contract_bar;overnight:duplicate_exact_contract_bar,development
2022-04-28,2022-05-05,short_iron_fly_w300,paired_sample_incomplete:intraday:duplicate_exact_contract_bar;overnight:duplicate_exact_contract_bar,development
2022-04-28,2022-05-05,long_iron_fly_w100,paired_sample_incomplete:intraday:duplicate_exact_contract_bar;overnight:duplicate_exact_contract_bar,development
2022-04-28,2022-05-05,long_iron_fly_w200,paired_sample_incomplete:intraday:duplicate_exact_contract_bar;overnight:duplicate_exact_contract_bar,development
2022-04-28,2022-05-05,long_iron_fly_w300,paired_sample_incomplete:intraday:duplicate_exact_contract_bar;overnight:duplicate_exact_contract_bar,development
2022-04-28,2022-05-05,short_iron_condor_100_300,paired_sample_incomplete:intraday:duplicate_exact_contract_bar;overnight:duplicate_exact_contract_bar,development
2022-04-28,2022-05-05,bear_call_credit_100_300,paired_sample_incomplete:intraday:duplicate_exact_contract_bar;overnight:duplicate_exact_contract_bar,development
2022-04-29,2022-05-05,short_atm_straddle,paired_sample_incomplete:intraday:duplicate_exact_contract_bar;overnight:duplicate_exact_contract_bar,development
2022-04-29,2022-05-05,short_iron_fly_w100,paired_sample_incomplete:intraday:duplicate_exact_contract_bar;overnight:duplicate_exact_contract_bar,development
2022-04-29,2022-05-05,short_iron_fly_w200,paired_sample_incomplete:intraday:duplicate_exact_contract_bar;overnight:duplicate_exact_contract_bar,development
2022-04-29,2022-05-05,short_iron_fly_w300,paired_sample_incomplete:intraday:duplicate_exact_contract_bar;overnight:duplicate_exact_contract_bar,development
2022-04-29,2022-05-05,long_iron_fly_w100,paired_sample_incomplete:intraday:duplicate_exact_contract_bar;overnight:duplicate_exact_contract_bar,development
2022-04-29,2022-05-05,long_iron_fly_w200,paired_sample_incomplete:intraday:duplicate_exact_contract_bar;overnight:duplicate_exact_contract_bar,development
2022-04-29,2022-05-05,long_iron_fly_w300,paired_sample_incomplete:intraday:duplicate_exact_contract_bar;overnight:duplicate_exact_contract_bar,development
2022-04-29,2022-05-05,short_iron_condor_100_300,paired_sample_incomplete:intraday:duplicate_exact_contract_bar;overnight:duplicate_exact_contract_bar,development
2022-04-29,2022-05-05,bull_put_credit_100_300,paired_sample_incomplete:intraday:duplicate_exact_contract_bar;overnight:duplicate_exact_contract_bar,development
2022-04-29,2022-05-05,bear_call_credit_100_300,paired_sample_incomplete:intraday:duplicate_exact_contract_bar;overnight:duplicate_exact_contract_bar,development
2022-05-02,2022-05-05,short_iron_fly_w200,paired_sample_incomplete:intraday:duplicate_exact_contract_bar;overnight:duplicate_exact_contract_bar,development
2022-05-02,2022-05-05,long_iron_fly_w200,paired_sample_incomplete:intraday:duplicate_exact_contract_bar;overnight:duplicate_exact_contract_bar,development
2022-05-04,2022-05-12,short_atm_straddle,paired_sample_incomplete:intraday:duplicate_exact_contract_bar;overnight:duplicate_exact_contract_bar,development
2022-05-04,2022-05-12,short_iron_fly_w100,paired_sample_incomplete:intraday:duplicate_exact_contract_bar;overnight:duplicate_exact_contract_bar,development
2022-05-04,2022-05-12,short_iron_fly_w200,paired_sample_incomplete:intraday:duplicate_exact_contract_bar;overnight:duplicate_exact_contract_bar,development
2022-05-04,2022-05-12,short_iron_fly_w300,paired_sample_incomplete:intraday:duplicate_exact_contract_bar;overnight:duplicate_exact_contract_bar,development
2022-05-04,2022-05-12,long_iron_fly_w100,paired_sample_incomplete:intraday:duplicate_exact_contract_bar;overnight:duplicate_exact_contract_bar,development
2022-05-04,2022-05-12,long_iron_fly_w200,paired_sample_incomplete:intraday:duplicate_exact_contract_bar;overnight:duplicate_exact_contract_bar,development
2022-05-04,2022-05-12,long_iron_fly_w300,paired_sample_incomplete:intraday:duplicate_exact_contract_bar;overnight:duplicate_exact_contract_bar,development
2022-05-04,2022-05-12,short_iron_condor_100_300,paired_sample_incomplete:intraday:duplicate_exact_contract_bar;overnight:duplicate_exact_contract_bar,development
2022-05-04,2022-05-12,bull_put_credit_100_300,paired_sample_incomplete:intraday:duplicate_exact_contract_bar;overnight:duplicate_exact_contract_bar,development
2022-05-04,2022-05-12,bear_call_credit_100_300,paired_sample_incomplete:intraday:duplicate_exact_contract_bar;overnight:duplicate_exact_contract_bar,development
2022-05-05,2022-05-12,short_atm_straddle,paired_sample_incomplete:intraday:duplicate_exact_contract_bar;overnight:duplicate_exact_contract_bar,development
2022-05-05,2022-05-12,short_iron_fly_w100,paired_sample_incomplete:intraday:duplicate_exact_contract_bar;overnight:duplicate_exact_contract_bar,development
2022-05-05,2022-05-12,short_iron_fly_w200,paired_sample_incomplete:intraday:duplicate_exact_contract_bar;overnight:duplicate_exact_contract_bar,development
2022-05-05,2022-05-12,short_iron_fly_w300,paired_sample_incomplete:intraday:duplicate_exact_contract_bar;overnight:duplicate_exact_contract_bar,development
2022-05-05,2022-05-12,long_iron_fly_w100,paired_sample_incomplete:intraday:duplicate_exact_contract_bar;overnight:duplicate_exact_contract_bar,development
2022-05-05,2022-05-12,long_iron_fly_w200,paired_sample_incomplete:intraday:duplicate_exact_contract_bar;overnight:duplicate_exact_contract_bar,development
2022-05-05,2022-05-12,long_iron_fly_w300,paired_sample_incomplete:intraday:duplicate_exact_contract_bar;overnight:duplicate_exact_contract_bar,development
2022-05-05,2022-05-12,short_iron_condor_100_300,paired_sample_incomplete:intraday:duplicate_exact_contract_bar;overnight:duplicate_exact_contract_bar,development
2022-05-05,2022-05-12,bull_put_credit_100_300,paired_sample_incomplete:intraday:duplicate_exact_contract_bar;overnight:duplicate_exact_contract_bar,development
2022-05-05,2022-05-12,bear_call_credit_100_300,paired_sample_incomplete:intraday:duplicate_exact_contract_bar;overnight:duplicate_exact_contract_bar,development
2022-05-06,2022-05-12,short_atm_straddle,paired_sample_incomplete:intraday:duplicate_exact_contract_bar;overnight:duplicate_exact_contract_bar,development
2022-05-06,2022-05-12,short_iron_fly_w100,paired_sample_incomplete:intraday:duplicate_exact_contract_bar;overnight:duplicate_exact_contract_bar,development
2022-05-06,2022-05-12,short_iron_fly_w200,paired_sample_incomplete:intraday:duplicate_exact_contract_bar;overnight:duplicate_exact_contract_bar,development
2022-05-06,2022-05-12,short_iron_fly_w300,paired_sample_incomplete:intraday:duplicate_exact_contract_bar;overnight:duplicate_exact_contract_bar,development
2022-05-06,2022-05-12,long_iron_fly_w100,paired_sample_incomplete:intraday:duplicate_exact_contract_bar;overnight:duplicate_exact_contract_bar,development
2022-05-06,2022-05-12,long_iron_fly_w200,paired_sample_incomplete:intraday:duplicate_exact_contract_bar;overnight:duplicate_exact_contract_bar,development
2022-05-06,2022-05-12,long_iron_fly_w300,paired_sample_incomplete:intraday:duplicate_exact_contract_bar;overnight:duplicate_exact_contract_bar,development
2022-05-06,2022-05-12,short_iron_condor_100_300,paired_sample_incomplete:intraday:duplicate_exact_contract_bar;overnight:duplicate_exact_contract_bar,development
2022-05-06,2022-05-12,bull_put_credit_100_300,paired_sample_incomplete:intraday:duplicate_exact_contract_bar;overnight:duplicate_exact_contract_bar,development
2022-05-06,2022-05-12,bear_call_credit_100_300,paired_sample_incomplete:intraday:duplicate_exact_contract_bar;overnight:duplicate_exact_contract_bar,development
2022-05-09,2022-05-12,short_atm_straddle,paired_sample_incomplete:intraday:duplicate_exact_contract_bar;overnight:duplicate_exact_contract_bar,development
2022-05-09,2022-05-12,short_iron_fly_w100,paired_sample_incomplete:intraday:duplicate_exact_contract_bar;overnight:duplicate_exact_contract_bar,development
2022-05-09,2022-05-12,short_iron_fly_w200,paired_sample_incomplete:intraday:duplicate_exact_contract_bar;overnight:duplicate_exact_contract_bar,development
2022-05-09,2022-05-12,short_iron_fly_w300,paired_sample_incomplete:intraday:duplicate_exact_contract_bar;overnight:duplicate_exact_contract_bar,development
2022-05-09,2022-05-12,long_iron_fly_w100,paired_sample_incomplete:intraday:duplicate_exact_contract_bar;overnight:duplicate_exact_contract_bar,development
2022-05-09,2022-05-12,long_iron_fly_w200,paired_sample_incomplete:intraday:duplicate_exact_contract_bar;overnight:duplicate_exact_contract_bar,development
2022-05-09,2022-05-12,long_iron_fly_w300,paired_sample_incomplete:intraday:duplicate_exact_contract_bar;overnight:duplicate_exact_contract_bar,development
2022-05-09,2022-05-12,short_iron_condor_100_300,paired_sample_incomplete:intraday:duplicate_exact_contract_bar;overnight:duplicate_exact_contract_bar,development
2022-05-09,2022-05-12,bull_put_credit_100_300,paired_sample_incomplete:intraday:duplicate_exact_contract_bar;overnight:duplicate_exact_contract_bar,development
2022-05-09,2022-05-12,bear_call_credit_100_300,paired_sample_incomplete:intraday:duplicate_exact_contract_bar;overnight:duplicate_exact_contract_bar,development
2022-05-10,2022-05-12,short_atm_straddle,paired_sample_incomplete:intraday:duplicate_exact_contract_bar;overnight:duplicate_exact_contract_bar,development
2022-05-10,2022-05-12,short_iron_fly_w100,paired_sample_incomplete:intraday:duplicate_exact_contract_bar;overnight:duplicate_exact_contract_bar,development
2022-05-10,2022-05-12,short_iron_fly_w200,paired_sample_incomplete:intraday:duplicate_exact_contract_bar;overnight:duplicate_exact_contract_bar,development
2022-05-10,2022-05-12,short_iron_fly_w300,paired_sample_incomplete:intraday:duplicate_exact_contract_bar;overnight:duplicate_exact_contract_bar,development
2022-05-10,2022-05-12,long_iron_fly_w100,paired_sample_incomplete:intraday:duplicate_exact_contract_bar;overnight:duplicate_exact_contract_bar,development
2022-05-10,2022-05-12,long_iron_fly_w200,paired_sample_incomplete:intraday:duplicate_exact_contract_bar;overnight:duplicate_exact_contract_bar,development
2022-05-10,2022-05-12,long_iron_fly_w300,paired_sample_incomplete:intraday:duplicate_exact_contract_bar;overnight:duplicate_exact_contract_bar,development
2022-05-10,2022-05-12,short_iron_condor_100_300,paired_sample_incomplete:intraday:duplicate_exact_contract_bar;overnight:duplicate_exact_contract_bar,development
2022-05-10,2022-05-12,bull_put_credit_100_300,paired_sample_incomplete:intraday:duplicate_exact_contract_bar;overnight:duplicate_exact_contract_bar,development
2022-05-10,2022-05-12,bear_call_credit_100_300,paired_sample_incomplete:intraday:duplicate_exact_contract_bar;overnight:duplicate_exact_contract_bar,development
2022-05-11,2022-05-19,short_atm_straddle,paired_sample_incomplete:intraday:duplicate_exact_contract_bar;overnight:duplicate_exact_contract_bar,development
2022-05-11,2022-05-19,short_iron_fly_w100,paired_sample_incomplete:intraday:duplicate_exact_contract_bar;overnight:duplicate_exact_contract_bar,development
2022-05-11,2022-05-19,short_iron_fly_w200,paired_sample_incomplete:intraday:duplicate_exact_contract_bar;overnight:duplicate_exact_contract_bar,development
2022-05-11,2022-05-19,short_iron_fly_w300,paired_sample_incomplete:intraday:duplicate_exact_contract_bar;overnight:duplicate_exact_contract_bar,development
2022-05-11,2022-05-19,long_iron_fly_w100,paired_sample_incomplete:intraday:duplicate_exact_contract_bar;overnight:duplicate_exact_contract_bar,development
2022-05-11,2022-05-19,long_iron_fly_w200,paired_sample_incomplete:intraday:duplicate_exact_contract_bar;overnight:duplicate_exact_contract_bar,development
2022-05-11,2022-05-19,long_iron_fly_w300,paired_sample_incomplete:intraday:duplicate_exact_contract_bar;overnight:duplicate_exact_contract_bar,development
2022-05-11,2022-05-19,short_iron_condor_100_300,paired_sample_incomplete:intraday:duplicate_exact_contract_bar;overnight:duplicate_exact_contract_bar,development
2022-05-11,2022-05-19,bull_put_credit_100_300,paired_sample_incomplete:intraday:duplicate_exact_contract_bar;overnight:duplicate_exact_contract_bar,development
2022-05-11,2022-05-19,bear_call_credit_100_300,paired_sample_incomplete:intraday:duplicate_exact_contract_bar;overnight:duplicate_exact_contract_bar,development
2022-05-12,2022-05-19,short_atm_straddle,paired_sample_incomplete:intraday:duplicate_exact_contract_bar;overnight:duplicate_exact_contract_bar,development
2022-05-12,2022-05-19,short_iron_fly_w100,paired_sample_incomplete:intraday:duplicate_exact_contract_bar;overnight:duplicate_exact_contract_bar,development
2022-05-12,2022-05-19,short_iron_fly_w200,paired_sample_incomplete:intraday:duplicate_exact_contract_bar;overnight:duplicate_exact_contract_bar,development
2022-05-12,2022-05-19,short_iron_fly_w300,paired_sample_incomplete:intraday:duplicate_exact_contract_bar;overnight:duplicate_exact_contract_bar,development
2022-05-12,2022-05-19,long_iron_fly_w100,paired_sample_incomplete:intraday:duplicate_exact_contract_bar;overnight:duplicate_exact_contract_bar,development
2022-05-12,2022-05-19,long_iron_fly_w200,paired_sample_incomplete:intraday:duplicate_exact_contract_bar;overnight:duplicate_exact_contract_bar,development
2022-05-12,2022-05-19,long_iron_fly_w300,paired_sample_incomplete:intraday:duplicate_exact_contract_bar;overnight:duplicate_exact_contract_bar,development
2022-05-12,2022-05-19,short_iron_condor_100_300,paired_sample_incomplete:intraday:duplicate_exact_contract_bar;overnight:duplicate_exact_contract_bar,development
2022-05-12,2022-05-19,bull_put_credit_100_300,paired_sample_incomplete:intraday:duplicate_exact_contract_bar;overnight:duplicate_exact_contract_bar,development
2022-05-12,2022-05-19,bear_call_credit_100_300,paired_sample_incomplete:intraday:duplicate_exact_contract_bar;overnight:duplicate_exact_contract_bar,development
2022-05-13,2022-05-19,short_atm_straddle,paired_sample_incomplete:intraday:duplicate_exact_contract_bar;overnight:duplicate_exact_contract_bar,development
2022-05-13,2022-05-19,short_iron_fly_w100,paired_sample_incomplete:intraday:duplicate_exact_contract_bar;overnight:duplicate_exact_contract_bar,development
2022-05-13,2022-05-19,short_iron_fly_w200,paired_sample_incomplete:intraday:duplicate_exact_contract_bar;overnight:duplicate_exact_contract_bar,development
2022-05-13,2022-05-19,short_iron_fly_w300,paired_sample_incomplete:intraday:duplicate_exact_contract_bar;overnight:duplicate_exact_contract_bar,development
2022-05-13,2022-05-19,long_iron_fly_w100,paired_sample_incomplete:intraday:duplicate_exact_contract_bar;overnight:duplicate_exact_contract_bar,development
2022-05-13,2022-05-19,long_iron_fly_w200,paired_sample_incomplete:intraday:duplicate_exact_contract_bar;overnight:duplicate_exact_contract_bar,development
2022-05-13,2022-05-19,long_iron_fly_w300,paired_sample_incomplete:intraday:duplicate_exact_contract_bar;overnight:duplicate_exact_contract_bar,development
2022-05-13,2022-05-19,short_iron_condor_100_300,paired_sample_incomplete:intraday:duplicate_exact_contract_bar;overnight:duplicate_exact_contract_bar,development
2022-05-13,2022-05-19,bull_put_credit_100_300,paired_sample_incomplete:intraday:duplicate_exact_contract_bar;overnight:duplicate_exact_contract_bar,development
2022-05-13,2022-05-19,bear_call_credit_100_300,paired_sample_incomplete:intraday:duplicate_exact_contract_bar;overnight:duplicate_exact_contract_bar,development
2022-05-16,2022-05-19,short_iron_fly_w100,paired_sample_incomplete:intraday:duplicate_exact_contract_bar;overnight:duplicate_exact_contract_bar,development
2022-05-16,2022-05-19,short_iron_fly_w200,paired_sample_incomplete:intraday:duplicate_exact_contract_bar;overnight:duplicate_exact_contract_bar,development
2022-05-16,2022-05-19,short_iron_fly_w300,paired_sample_incomplete:intraday:duplicate_exact_contract_bar;overnight:duplicate_exact_contract_bar,development
2022-05-16,2022-05-19,long_iron_fly_w100,paired_sample_incomplete:intraday:duplicate_exact_contract_bar;overnight:duplicate_exact_contract_bar,development
2022-05-16,2022-05-19,long_iron_fly_w200,paired_sample_incomplete:intraday:duplicate_exact_contract_bar;overnight:duplicate_exact_contract_bar,development
2022-05-16,2022-05-19,long_iron_fly_w300,paired_sample_incomplete:intraday:duplicate_exact_contract_bar;overnight:duplicate_exact_contract_bar,development
2022-05-16,2022-05-19,short_iron_condor_100_300,paired_sample_incomplete:intraday:duplicate_exact_contract_bar;overnight:duplicate_exact_contract_bar,development
2022-05-16,2022-05-19,bull_put_credit_100_300,paired_sample_incomplete:intraday:duplicate_exact_contract_bar;overnight:duplicate_exact_contract_bar,development
2022-05-16,2022-05-19,bear_call_credit_100_300,paired_sample_incomplete:intraday:duplicate_exact_contract_bar;overnight:duplicate_exact_contract_bar,development
2022-05-17,2022-05-19,short_atm_straddle,paired_sample_incomplete:intraday:duplicate_exact_contract_bar;overnight:duplicate_exact_contract_bar,development
2022-05-17,2022-05-19,short_iron_fly_w100,paired_sample_incomplete:intraday:duplicate_exact_contract_bar;overnight:duplicate_exact_contract_bar,development
2022-05-17,2022-05-19,short_iron_fly_w200,paired_sample_incomplete:intraday:duplicate_exact_contract_bar;overnight:duplicate_exact_contract_bar,development
2022-05-17,2022-05-19,short_iron_fly_w300,paired_sample_incomplete:intraday:duplicate_exact_contract_bar;overnight:duplicate_exact_contract_bar,development
2022-05-17,2022-05-19,long_iron_fly_w100,paired_sample_incomplete:intraday:duplicate_exact_contract_bar;overnight:duplicate_exact_contract_bar,development
2022-05-17,2022-05-19,long_iron_fly_w200,paired_sample_incomplete:intraday:duplicate_exact_contract_bar;overnight:duplicate_exact_contract_bar,development
2022-05-17,2022-05-19,long_iron_fly_w300,paired_sample_incomplete:intraday:duplicate_exact_contract_bar;overnight:duplicate_exact_contract_bar,development
2022-05-17,2022-05-19,short_iron_condor_100_300,paired_sample_incomplete:intraday:duplicate_exact_contract_bar;overnight:duplicate_exact_contract_bar,development
2022-05-17,2022-05-19,bull_put_credit_100_300,paired_sample_incomplete:intraday:duplicate_exact_contract_bar;overnight:duplicate_exact_contract_bar,development
2022-05-17,2022-05-19,bear_call_credit_100_300,paired_sample_incomplete:intraday:duplicate_exact_contract_bar;overnight:duplicate_exact_contract_bar,development
2022-05-18,2022-05-26,short_atm_straddle,paired_sample_incomplete:intraday:duplicate_exact_contract_bar;overnight:duplicate_exact_contract_bar,development
2022-05-18,2022-05-26,short_iron_fly_w100,paired_sample_incomplete:intraday:duplicate_exact_contract_bar;overnight:duplicate_exact_contract_bar,development
2022-05-18,2022-05-26,short_iron_fly_w200,paired_sample_incomplete:intraday:duplicate_exact_contract_bar;overnight:duplicate_exact_contract_bar,development
2022-05-18,2022-05-26,short_iron_fly_w300,paired_sample_incomplete:intraday:duplicate_exact_contract_bar;overnight:duplicate_exact_contract_bar,development
2022-05-18,2022-05-26,long_iron_fly_w100,paired_sample_incomplete:intraday:duplicate_exact_contract_bar;overnight:duplicate_exact_contract_bar,development
2022-05-18,2022-05-26,long_iron_fly_w200,paired_sample_incomplete:intraday:duplicate_exact_contract_bar;overnight:duplicate_exact_contract_bar,development
2022-05-18,2022-05-26,long_iron_fly_w300,paired_sample_incomplete:intraday:duplicate_exact_contract_bar;overnight:duplicate_exact_contract_bar,development
2022-05-18,2022-05-26,short_iron_condor_100_300,paired_sample_incomplete:intraday:duplicate_exact_contract_bar;overnight:duplicate_exact_contract_bar,development
2022-05-18,2022-05-26,bull_put_credit_100_300,paired_sample_incomplete:intraday:duplicate_exact_contract_bar;overnight:duplicate_exact_contract_bar,development
2022-05-18,2022-05-26,bear_call_credit_100_300,paired_sample_incomplete:intraday:duplicate_exact_contract_bar;overnight:duplicate_exact_contract_bar,development
2022-05-19,2022-05-26,short_atm_straddle,paired_sample_incomplete:intraday:duplicate_exact_contract_bar;overnight:duplicate_exact_contract_bar,development
2022-05-19,2022-05-26,short_iron_fly_w100,paired_sample_incomplete:intraday:duplicate_exact_contract_bar;overnight:duplicate_exact_contract_bar,development
2022-05-19,2022-05-26,short_iron_fly_w200,paired_sample_incomplete:intraday:duplicate_exact_contract_bar;overnight:duplicate_exact_contract_bar,development
2022-05-19,2022-05-26,short_iron_fly_w300,paired_sample_incomplete:intraday:duplicate_exact_contract_bar;overnight:duplicate_exact_contract_bar,development
2022-05-19,2022-05-26,long_iron_fly_w100,paired_sample_incomplete:intraday:duplicate_exact_contract_bar;overnight:duplicate_exact_contract_bar,development
2022-05-19,2022-05-26,long_iron_fly_w200,paired_sample_incomplete:intraday:duplicate_exact_contract_bar;overnight:duplicate_exact_contract_bar,development
2022-05-19,2022-05-26,long_iron_fly_w300,paired_sample_incomplete:intraday:duplicate_exact_contract_bar;overnight:duplicate_exact_contract_bar,development
2022-05-19,2022-05-26,short_iron_condor_100_300,paired_sample_incomplete:intraday:duplicate_exact_contract_bar;overnight:duplicate_exact_contract_bar,development
2022-05-19,2022-05-26,bull_put_credit_100_300,paired_sample_incomplete:intraday:duplicate_exact_contract_bar;overnight:duplicate_exact_contract_bar,development
2022-05-20,2022-05-26,short_atm_straddle,paired_sample_incomplete:intraday:duplicate_exact_contract_bar;overnight:duplicate_exact_contract_bar,development
2022-05-20,2022-05-26,short_iron_fly_w100,paired_sample_incomplete:intraday:duplicate_exact_contract_bar;overnight:duplicate_exact_contract_bar,development
2022-05-20,2022-05-26,short_iron_fly_w200,paired_sample_incomplete:intraday:duplicate_exact_contract_bar;overnight:duplicate_exact_contract_bar,development
2022-05-20,2022-05-26,short_iron_fly_w300,paired_sample_incomplete:intraday:duplicate_exact_contract_bar;overnight:duplicate_exact_contract_bar,development
2022-05-20,2022-05-26,long_iron_fly_w100,paired_sample_incomplete:intraday:duplicate_exact_contract_bar;overnight:duplicate_exact_contract_bar,development
2022-05-20,2022-05-26,long_iron_fly_w200,paired_sample_incomplete:intraday:duplicate_exact_contract_bar;overnight:duplicate_exact_contract_bar,development
2022-05-20,2022-05-26,long_iron_fly_w300,paired_sample_incomplete:intraday:duplicate_exact_contract_bar;overnight:duplicate_exact_contract_bar,development
2022-05-20,2022-05-26,short_iron_condor_100_300,paired_sample_incomplete:intraday:duplicate_exact_contract_bar;overnight:duplicate_exact_contract_bar,development
2022-05-20,2022-05-26,bull_put_credit_100_300,paired_sample_incomplete:intraday:duplicate_exact_contract_bar;overnight:duplicate_exact_contract_bar,development
2022-05-20,2022-05-26,bear_call_credit_100_300,paired_sample_incomplete:intraday:duplicate_exact_contract_bar;overnight:duplicate_exact_contract_bar,development
2022-05-23,2022-05-26,short_atm_straddle,paired_sample_incomplete:intraday:duplicate_exact_contract_bar;overnight:duplicate_exact_contract_bar,development
2022-05-23,2022-05-26,short_iron_fly_w100,paired_sample_incomplete:intraday:duplicate_exact_contract_bar;overnight:duplicate_exact_contract_bar,development
2022-05-23,2022-05-26,short_iron_fly_w200,paired_sample_incomplete:intraday:duplicate_exact_contract_bar;overnight:duplicate_exact_contract_bar,development
2022-05-23,2022-05-26,short_iron_fly_w300,paired_sample_incomplete:intraday:duplicate_exact_contract_bar;overnight:duplicate_exact_contract_bar,development
2022-05-23,2022-05-26,long_iron_fly_w100,paired_sample_incomplete:intraday:duplicate_exact_contract_bar;overnight:duplicate_exact_contract_bar,development
2022-05-23,2022-05-26,long_iron_fly_w200,paired_sample_incomplete:intraday:duplicate_exact_contract_bar;overnight:duplicate_exact_contract_bar,development
2022-05-23,2022-05-26,long_iron_fly_w300,paired_sample_incomplete:intraday:duplicate_exact_contract_bar;overnight:duplicate_exact_contract_bar,development
2022-05-23,2022-05-26,short_iron_condor_100_300,paired_sample_incomplete:intraday:duplicate_exact_contract_bar;overnight:duplicate_exact_contract_bar,development
2022-05-23,2022-05-26,bull_put_credit_100_300,paired_sample_incomplete:intraday:duplicate_exact_contract_bar;overnight:duplicate_exact_contract_bar,development
2022-05-23,2022-05-26,bear_call_credit_100_300,paired_sample_incomplete:intraday:duplicate_exact_contract_bar;overnight:duplicate_exact_contract_bar,development
2022-05-24,2022-05-26,short_atm_straddle,paired_sample_incomplete:intraday:duplicate_exact_contract_bar;overnight:duplicate_exact_contract_bar,development
2022-05-24,2022-05-26,short_iron_fly_w100,paired_sample_incomplete:intraday:duplicate_exact_contract_bar;overnight:duplicate_exact_contract_bar,development
2022-05-24,2022-05-26,short_iron_fly_w200,paired_sample_incomplete:intraday:duplicate_exact_contract_bar;overnight:duplicate_exact_contract_bar,development
2022-05-24,2022-05-26,short_iron_fly_w300,paired_sample_incomplete:intraday:duplicate_exact_contract_bar;overnight:duplicate_exact_contract_bar,development
2022-05-24,2022-05-26,long_iron_fly_w100,paired_sample_incomplete:intraday:duplicate_exact_contract_bar;overnight:duplicate_exact_contract_bar,development
2022-05-24,2022-05-26,long_iron_fly_w200,paired_sample_incomplete:intraday:duplicate_exact_contract_bar;overnight:duplicate_exact_contract_bar,development
2022-05-24,2022-05-26,long_iron_fly_w300,paired_sample_incomplete:intraday:duplicate_exact_contract_bar;overnight:duplicate_exact_contract_bar,development
2022-05-24,2022-05-26,short_iron_condor_100_300,paired_sample_incomplete:intraday:duplicate_exact_contract_bar;overnight:duplicate_exact_contract_bar,development
2022-05-24,2022-05-26,bull_put_credit_100_300,paired_sample_incomplete:intraday:duplicate_exact_contract_bar;overnight:duplicate_exact_contract_bar,development
2022-05-24,2022-05-26,bear_call_credit_100_300,paired_sample_incomplete:intraday:duplicate_exact_contract_bar;overnight:duplicate_exact_contract_bar,development
2022-05-25,2022-06-02,short_atm_straddle,paired_sample_incomplete:intraday:duplicate_exact_contract_bar;overnight:duplicate_exact_contract_bar,development
2022-05-25,2022-06-02,short_iron_fly_w100,paired_sample_incomplete:intraday:duplicate_exact_contract_bar;overnight:duplicate_exact_contract_bar,development
2022-05-25,2022-06-02,short_iron_fly_w200,paired_sample_incomplete:intraday:duplicate_exact_contract_bar;overnight:duplicate_exact_contract_bar,development
2022-05-25,2022-06-02,short_iron_fly_w300,paired_sample_incomplete:intraday:duplicate_exact_contract_bar;overnight:duplicate_exact_contract_bar,development
2022-05-25,2022-06-02,long_iron_fly_w100,paired_sample_incomplete:intraday:duplicate_exact_contract_bar;overnight:duplicate_exact_contract_bar,development
2022-05-25,2022-06-02,long_iron_fly_w200,paired_sample_incomplete:intraday:duplicate_exact_contract_bar;overnight:duplicate_exact_contract_bar,development
2022-05-25,2022-06-02,long_iron_fly_w300,paired_sample_incomplete:intraday:duplicate_exact_contract_bar;overnight:duplicate_exact_contract_bar,development
2022-05-25,2022-06-02,short_iron_condor_100_300,paired_sample_incomplete:intraday:duplicate_exact_contract_bar;overnight:duplicate_exact_contract_bar,development
2022-05-25,2022-06-02,bull_put_credit_100_300,paired_sample_incomplete:intraday:duplicate_exact_contract_bar;overnight:duplicate_exact_contract_bar,development
2022-05-25,2022-06-02,bear_call_credit_100_300,paired_sample_incomplete:intraday:duplicate_exact_contract_bar;overnight:duplicate_exact_contract_bar,development
2022-05-26,2022-06-02,short_atm_straddle,paired_sample_incomplete:intraday:duplicate_exact_contract_bar;overnight:duplicate_exact_contract_bar,development
2022-05-26,2022-06-02,short_iron_fly_w100,paired_sample_incomplete:intraday:duplicate_exact_contract_bar;overnight:duplicate_exact_contract_bar,development
2022-05-26,2022-06-02,short_iron_fly_w200,paired_sample_incomplete:intraday:duplicate_exact_contract_bar;overnight:duplicate_exact_contract_bar,development
2022-05-26,2022-06-02,short_iron_fly_w300,paired_sample_incomplete:intraday:duplicate_exact_contract_bar;overnight:duplicate_exact_contract_bar,development
2022-05-26,2022-06-02,long_iron_fly_w100,paired_sample_incomplete:intraday:duplicate_exact_contract_bar;overnight:duplicate_exact_contract_bar,development
2022-05-26,2022-06-02,long_iron_fly_w200,paired_sample_incomplete:intraday:duplicate_exact_contract_bar;overnight:duplicate_exact_contract_bar,development
2022-05-26,2022-06-02,long_iron_fly_w300,paired_sample_incomplete:intraday:duplicate_exact_contract_bar;overnight:duplicate_exact_contract_bar,development
2022-05-26,2022-06-02,short_iron_condor_100_300,paired_sample_incomplete:intraday:duplicate_exact_contract_bar;overnight:duplicate_exact_contract_bar,development
2022-05-26,2022-06-02,bull_put_credit_100_300,paired_sample_incomplete:intraday:duplicate_exact_contract_bar;overnight:duplicate_exact_contract_bar,development
2022-05-26,2022-06-02,bear_call_credit_100_300,paired_sample_incomplete:intraday:duplicate_exact_contract_bar;overnight:duplicate_exact_contract_bar,development
2022-05-27,2022-06-02,short_atm_straddle,paired_sample_incomplete:intraday:duplicate_exact_contract_bar;overnight:duplicate_exact_contract_bar,development
2022-05-27,2022-06-02,short_iron_fly_w100,paired_sample_incomplete:intraday:duplicate_exact_contract_bar;overnight:duplicate_exact_contract_bar,development
2022-05-27,2022-06-02,short_iron_fly_w200,paired_sample_incomplete:intraday:duplicate_exact_contract_bar;overnight:duplicate_exact_contract_bar,development
2022-05-27,2022-06-02,short_iron_fly_w300,paired_sample_incomplete:intraday:duplicate_exact_contract_bar;overnight:duplicate_exact_contract_bar,development
2022-05-27,2022-06-02,long_iron_fly_w100,paired_sample_incomplete:intraday:duplicate_exact_contract_bar;overnight:duplicate_exact_contract_bar,development
2022-05-27,2022-06-02,long_iron_fly_w200,paired_sample_incomplete:intraday:duplicate_exact_contract_bar;overnight:duplicate_exact_contract_bar,development
2022-05-27,2022-06-02,long_iron_fly_w300,paired_sample_incomplete:intraday:duplicate_exact_contract_bar;overnight:duplicate_exact_contract_bar,development
2022-05-27,2022-06-02,short_iron_condor_100_300,paired_sample_incomplete:intraday:duplicate_exact_contract_bar;overnight:duplicate_exact_contract_bar,development
2022-05-27,2022-06-02,bull_put_credit_100_300,paired_sample_incomplete:intraday:duplicate_exact_contract_bar;overnight:duplicate_exact_contract_bar,development
2022-05-27,2022-06-02,bear_call_credit_100_300,paired_sample_incomplete:intraday:duplicate_exact_contract_bar;overnight:duplicate_exact_contract_bar,development
2022-05-30,2022-06-02,short_atm_straddle,paired_sample_incomplete:intraday:duplicate_exact_contract_bar;overnight:duplicate_exact_contract_bar,development
2022-05-30,2022-06-02,short_iron_fly_w100,paired_sample_incomplete:intraday:duplicate_exact_contract_bar;overnight:duplicate_exact_contract_bar,development
2022-05-30,2022-06-02,short_iron_fly_w200,paired_sample_incomplete:intraday:duplicate_exact_contract_bar;overnight:duplicate_exact_contract_bar,development
2022-05-30,2022-06-02,short_iron_fly_w300,paired_sample_incomplete:intraday:duplicate_exact_contract_bar;overnight:duplicate_exact_contract_bar,development
2022-05-30,2022-06-02,long_iron_fly_w100,paired_sample_incomplete:intraday:duplicate_exact_contract_bar;overnight:duplicate_exact_contract_bar,development
2022-05-30,2022-06-02,long_iron_fly_w200,paired_sample_incomplete:intraday:duplicate_exact_contract_bar;overnight:duplicate_exact_contract_bar,development
2022-05-30,2022-06-02,long_iron_fly_w300,paired_sample_incomplete:intraday:duplicate_exact_contract_bar;overnight:duplicate_exact_contract_bar,development
2022-05-30,2022-06-02,short_iron_condor_100_300,paired_sample_incomplete:intraday:duplicate_exact_contract_bar;overnight:duplicate_exact_contract_bar,development
2022-05-30,2022-06-02,bull_put_credit_100_300,paired_sample_incomplete:intraday:duplicate_exact_contract_bar;overnight:duplicate_exact_contract_bar,development
2022-05-30,2022-06-02,bear_call_credit_100_300,paired_sample_incomplete:intraday:duplicate_exact_contract_bar;overnight:duplicate_exact_contract_bar,development
2022-05-31,2022-06-02,short_atm_straddle,paired_sample_incomplete:intraday:duplicate_exact_contract_bar;overnight:duplicate_exact_contract_bar,development
2022-05-31,2022-06-02,short_iron_fly_w100,paired_sample_incomplete:intraday:duplicate_exact_contract_bar;overnight:duplicate_exact_contract_bar,development
2022-05-31,2022-06-02,short_iron_fly_w200,paired_sample_incomplete:intraday:duplicate_exact_contract_bar;overnight:duplicate_exact_contract_bar,development
2022-05-31,2022-06-02,short_iron_fly_w300,paired_sample_incomplete:intraday:duplicate_exact_contract_bar;overnight:duplicate_exact_contract_bar,development
2022-05-31,2022-06-02,long_iron_fly_w100,paired_sample_incomplete:intraday:duplicate_exact_contract_bar;overnight:duplicate_exact_contract_bar,development
2022-05-31,2022-06-02,long_iron_fly_w200,paired_sample_incomplete:intraday:duplicate_exact_contract_bar;overnight:duplicate_exact_contract_bar,development
2022-05-31,2022-06-02,long_iron_fly_w300,paired_sample_incomplete:intraday:duplicate_exact_contract_bar;overnight:duplicate_exact_contract_bar,development
2022-05-31,2022-06-02,short_iron_condor_100_300,paired_sample_incomplete:intraday:duplicate_exact_contract_bar;overnight:duplicate_exact_contract_bar,development
2022-05-31,2022-06-02,bull_put_credit_100_300,paired_sample_incomplete:intraday:duplicate_exact_contract_bar;overnight:duplicate_exact_contract_bar,development
2022-05-31,2022-06-02,bear_call_credit_100_300,paired_sample_incomplete:intraday:duplicate_exact_contract_bar;overnight:duplicate_exact_contract_bar,development
2022-06-01,2022-06-09,short_atm_straddle,paired_sample_incomplete:intraday:duplicate_exact_contract_bar;overnight:duplicate_exact_contract_bar,development
2022-06-01,2022-06-09,short_iron_fly_w100,paired_sample_incomplete:intraday:duplicate_exact_contract_bar;overnight:duplicate_exact_contract_bar,development
2022-06-01,2022-06-09,short_iron_fly_w200,paired_sample_incomplete:intraday:duplicate_exact_contract_bar;overnight:duplicate_exact_contract_bar,development
2022-06-01,2022-06-09,short_iron_fly_w300,paired_sample_incomplete:intraday:duplicate_exact_contract_bar;overnight:duplicate_exact_contract_bar,development
2022-06-01,2022-06-09,long_iron_fly_w100,paired_sample_incomplete:intraday:duplicate_exact_contract_bar;overnight:duplicate_exact_contract_bar,development
2022-06-01,2022-06-09,long_iron_fly_w200,paired_sample_incomplete:intraday:duplicate_exact_contract_bar;overnight:duplicate_exact_contract_bar,development
2022-06-01,2022-06-09,long_iron_fly_w300,paired_sample_incomplete:intraday:duplicate_exact_contract_bar;overnight:duplicate_exact_contract_bar,development
2022-06-01,2022-06-09,short_iron_condor_100_300,paired_sample_incomplete:intraday:duplicate_exact_contract_bar;overnight:duplicate_exact_contract_bar,development
2022-06-01,2022-06-09,bull_put_credit_100_300,paired_sample_incomplete:intraday:duplicate_exact_contract_bar;overnight:duplicate_exact_contract_bar,development
2022-06-01,2022-06-09,bear_call_credit_100_300,paired_sample_incomplete:intraday:duplicate_exact_contract_bar;overnight:duplicate_exact_contract_bar,development
2022-06-02,2022-06-09,short_atm_straddle,paired_sample_incomplete:intraday:duplicate_exact_contract_bar;overnight:duplicate_exact_contract_bar,development
2022-06-02,2022-06-09,short_iron_fly_w100,paired_sample_incomplete:intraday:duplicate_exact_contract_bar;overnight:duplicate_exact_contract_bar,development
2022-06-02,2022-06-09,short_iron_fly_w200,paired_sample_incomplete:intraday:duplicate_exact_contract_bar;overnight:duplicate_exact_contract_bar,development
2022-06-02,2022-06-09,short_iron_fly_w300,paired_sample_incomplete:intraday:duplicate_exact_contract_bar;overnight:duplicate_exact_contract_bar,development
2022-06-02,2022-06-09,long_iron_fly_w100,paired_sample_incomplete:intraday:duplicate_exact_contract_bar;overnight:duplicate_exact_contract_bar,development
2022-06-02,2022-06-09,long_iron_fly_w200,paired_sample_incomplete:intraday:duplicate_exact_contract_bar;overnight:duplicate_exact_contract_bar,development
2022-06-02,2022-06-09,long_iron_fly_w300,paired_sample_incomplete:intraday:duplicate_exact_contract_bar;overnight:duplicate_exact_contract_bar,development
2022-06-02,2022-06-09,short_iron_condor_100_300,paired_sample_incomplete:intraday:duplicate_exact_contract_bar;overnight:duplicate_exact_contract_bar,development
2022-06-02,2022-06-09,bull_put_credit_100_300,paired_sample_incomplete:intraday:duplicate_exact_contract_bar;overnight:duplicate_exact_contract_bar,development
2022-06-02,2022-06-09,bear_call_credit_100_300,paired_sample_incomplete:intraday:duplicate_exact_contract_bar;overnight:duplicate_exact_contract_bar,development
2022-06-03,2022-06-09,short_atm_straddle,paired_sample_incomplete:intraday:duplicate_exact_contract_bar;overnight:duplicate_exact_contract_bar,development
2022-06-03,2022-06-09,short_iron_fly_w100,paired_sample_incomplete:intraday:duplicate_exact_contract_bar;overnight:duplicate_exact_contract_bar,development
2022-06-03,2022-06-09,short_iron_fly_w200,paired_sample_incomplete:intraday:duplicate_exact_contract_bar;overnight:duplicate_exact_contract_bar,development
2022-06-03,2022-06-09,short_iron_fly_w300,paired_sample_incomplete:intraday:duplicate_exact_contract_bar;overnight:duplicate_exact_contract_bar,development
2022-06-03,2022-06-09,long_iron_fly_w100,paired_sample_incomplete:intraday:duplicate_exact_contract_bar;overnight:duplicate_exact_contract_bar,development
2022-06-03,2022-06-09,long_iron_fly_w200,paired_sample_incomplete:intraday:duplicate_exact_contract_bar;overnight:duplicate_exact_contract_bar,development
2022-06-03,2022-06-09,long_iron_fly_w300,paired_sample_incomplete:intraday:duplicate_exact_contract_bar;overnight:duplicate_exact_contract_bar,development
2022-06-03,2022-06-09,short_iron_condor_100_300,paired_sample_incomplete:intraday:duplicate_exact_contract_bar;overnight:duplicate_exact_contract_bar,development
2022-06-03,2022-06-09,bull_put_credit_100_300,paired_sample_incomplete:intraday:duplicate_exact_contract_bar;overnight:duplicate_exact_contract_bar,development
2022-06-03,2022-06-09,bear_call_credit_100_300,paired_sample_incomplete:intraday:duplicate_exact_contract_bar;overnight:duplicate_exact_contract_bar,development
2022-06-06,2022-06-09,short_atm_straddle,paired_sample_incomplete:intraday:duplicate_exact_contract_bar;overnight:duplicate_exact_contract_bar,development
2022-06-06,2022-06-09,short_iron_fly_w100,paired_sample_incomplete:intraday:duplicate_exact_contract_bar;overnight:duplicate_exact_contract_bar,development
2022-06-06,2022-06-09,short_iron_fly_w200,paired_sample_incomplete:intraday:duplicate_exact_contract_bar;overnight:duplicate_exact_contract_bar,development
2022-06-06,2022-06-09,short_iron_fly_w300,paired_sample_incomplete:intraday:duplicate_exact_contract_bar;overnight:duplicate_exact_contract_bar,development
2022-06-06,2022-06-09,long_iron_fly_w100,paired_sample_incomplete:intraday:duplicate_exact_contract_bar;overnight:duplicate_exact_contract_bar,development
2022-06-06,2022-06-09,long_iron_fly_w200,paired_sample_incomplete:intraday:duplicate_exact_contract_bar;overnight:duplicate_exact_contract_bar,development
2022-06-06,2022-06-09,long_iron_fly_w300,paired_sample_incomplete:intraday:duplicate_exact_contract_bar;overnight:duplicate_exact_contract_bar,development
2022-06-06,2022-06-09,short_iron_condor_100_300,paired_sample_incomplete:intraday:duplicate_exact_contract_bar;overnight:duplicate_exact_contract_bar,development
2022-06-06,2022-06-09,bull_put_credit_100_300,paired_sample_incomplete:intraday:duplicate_exact_contract_bar;overnight:duplicate_exact_contract_bar,development
2022-06-06,2022-06-09,bear_call_credit_100_300,paired_sample_incomplete:intraday:duplicate_exact_contract_bar;overnight:duplicate_exact_contract_bar,development
2022-06-07,2022-06-09,short_atm_straddle,paired_sample_incomplete:intraday:duplicate_exact_contract_bar;overnight:duplicate_exact_contract_bar,development
2022-06-07,2022-06-09,short_iron_fly_w100,paired_sample_incomplete:intraday:duplicate_exact_contract_bar;overnight:duplicate_exact_contract_bar,development
2022-06-07,2022-06-09,short_iron_fly_w200,paired_sample_incomplete:intraday:duplicate_exact_contract_bar;overnight:duplicate_exact_contract_bar,development
2022-06-07,2022-06-09,short_iron_fly_w300,paired_sample_incomplete:intraday:duplicate_exact_contract_bar;overnight:duplicate_exact_contract_bar,development
2022-06-07,2022-06-09,long_iron_fly_w100,paired_sample_incomplete:intraday:duplicate_exact_contract_bar;overnight:duplicate_exact_contract_bar,development
2022-06-07,2022-06-09,long_iron_fly_w200,paired_sample_incomplete:intraday:duplicate_exact_contract_bar;overnight:duplicate_exact_contract_bar,development
2022-06-07,2022-06-09,long_iron_fly_w300,paired_sample_incomplete:intraday:duplicate_exact_contract_bar;overnight:duplicate_exact_contract_bar,development
2022-06-07,2022-06-09,short_iron_condor_100_300,paired_sample_incomplete:intraday:duplicate_exact_contract_bar;overnight:duplicate_exact_contract_bar,development
2022-06-07,2022-06-09,bull_put_credit_100_300,paired_sample_incomplete:intraday:duplicate_exact_contract_bar;overnight:duplicate_exact_contract_bar,development
2022-06-08,2022-06-16,short_atm_straddle,paired_sample_incomplete:intraday:duplicate_exact_contract_bar;overnight:duplicate_exact_contract_bar,development
2022-06-08,2022-06-16,short_iron_fly_w100,paired_sample_incomplete:intraday:duplicate_exact_contract_bar;overnight:duplicate_exact_contract_bar,development
2022-06-08,2022-06-16,short_iron_fly_w200,paired_sample_incomplete:intraday:duplicate_exact_contract_bar;overnight:duplicate_exact_contract_bar,development
2022-06-08,2022-06-16,short_iron_fly_w300,paired_sample_incomplete:intraday:duplicate_exact_contract_bar;overnight:duplicate_exact_contract_bar,development
2022-06-08,2022-06-16,long_iron_fly_w100,paired_sample_incomplete:intraday:duplicate_exact_contract_bar;overnight:duplicate_exact_contract_bar,development
2022-06-08,2022-06-16,long_iron_fly_w200,paired_sample_incomplete:intraday:duplicate_exact_contract_bar;overnight:duplicate_exact_contract_bar,development
2022-06-08,2022-06-16,long_iron_fly_w300,paired_sample_incomplete:intraday:duplicate_exact_contract_bar;overnight:duplicate_exact_contract_bar,development
2022-06-08,2022-06-16,short_iron_condor_100_300,paired_sample_incomplete:intraday:duplicate_exact_contract_bar;overnight:duplicate_exact_contract_bar,development
2022-06-08,2022-06-16,bull_put_credit_100_300,paired_sample_incomplete:intraday:duplicate_exact_contract_bar;overnight:duplicate_exact_contract_bar,development
2022-06-08,2022-06-16,bear_call_credit_100_300,paired_sample_incomplete:intraday:duplicate_exact_contract_bar;overnight:duplicate_exact_contract_bar,development
2022-06-09,2022-06-16,short_atm_straddle,paired_sample_incomplete:intraday:duplicate_exact_contract_bar;overnight:duplicate_exact_contract_bar,development
2022-06-09,2022-06-16,short_iron_fly_w100,paired_sample_incomplete:intraday:duplicate_exact_contract_bar;overnight:duplicate_exact_contract_bar,development
2022-06-09,2022-06-16,short_iron_fly_w200,paired_sample_incomplete:intraday:duplicate_exact_contract_bar;overnight:duplicate_exact_contract_bar,development
2022-06-09,2022-06-16,short_iron_fly_w300,paired_sample_incomplete:intraday:duplicate_exact_contract_bar;overnight:duplicate_exact_contract_bar,development
2022-06-09,2022-06-16,long_iron_fly_w100,paired_sample_incomplete:intraday:duplicate_exact_contract_bar;overnight:duplicate_exact_contract_bar,development
2022-06-09,2022-06-16,long_iron_fly_w200,paired_sample_incomplete:intraday:duplicate_exact_contract_bar;overnight:duplicate_exact_contract_bar,development
2022-06-09,2022-06-16,long_iron_fly_w300,paired_sample_incomplete:intraday:duplicate_exact_contract_bar;overnight:duplicate_exact_contract_bar,development
2022-06-09,2022-06-16,short_iron_condor_100_300,paired_sample_incomplete:intraday:duplicate_exact_contract_bar;overnight:duplicate_exact_contract_bar,development
2022-06-09,2022-06-16,bull_put_credit_100_300,paired_sample_incomplete:intraday:duplicate_exact_contract_bar;overnight:duplicate_exact_contract_bar,development
2022-06-09,2022-06-16,bear_call_credit_100_300,paired_sample_incomplete:intraday:duplicate_exact_contract_bar;overnight:duplicate_exact_contract_bar,development
2022-06-10,2022-06-16,short_atm_straddle,paired_sample_incomplete:intraday:duplicate_exact_contract_bar;overnight:duplicate_exact_contract_bar,development
2022-06-10,2022-06-16,short_iron_fly_w100,paired_sample_incomplete:intraday:duplicate_exact_contract_bar;overnight:duplicate_exact_contract_bar,development
2022-06-10,2022-06-16,short_iron_fly_w200,paired_sample_incomplete:intraday:duplicate_exact_contract_bar;overnight:duplicate_exact_contract_bar,development
2022-06-10,2022-06-16,short_iron_fly_w300,paired_sample_incomplete:intraday:duplicate_exact_contract_bar;overnight:duplicate_exact_contract_bar,development
2022-06-10,2022-06-16,long_iron_fly_w100,paired_sample_incomplete:intraday:duplicate_exact_contract_bar;overnight:duplicate_exact_contract_bar,development
2022-06-10,2022-06-16,long_iron_fly_w200,paired_sample_incomplete:intraday:duplicate_exact_contract_bar;overnight:duplicate_exact_contract_bar,development
2022-06-10,2022-06-16,long_iron_fly_w300,paired_sample_incomplete:intraday:duplicate_exact_contract_bar;overnight:duplicate_exact_contract_bar,development
2022-06-10,2022-06-16,short_iron_condor_100_300,paired_sample_incomplete:intraday:duplicate_exact_contract_bar;overnight:duplicate_exact_contract_bar,development
2022-06-10,2022-06-16,bull_put_credit_100_300,paired_sample_incomplete:intraday:duplicate_exact_contract_bar;overnight:duplicate_exact_contract_bar,development
2022-06-10,2022-06-16,bear_call_credit_100_300,paired_sample_incomplete:intraday:duplicate_exact_contract_bar;overnight:duplicate_exact_contract_bar,development
2022-06-13,2022-06-16,short_atm_straddle,paired_sample_incomplete:intraday:duplicate_exact_contract_bar;overnight:duplicate_exact_contract_bar,development
2022-06-13,2022-06-16,short_iron_fly_w100,paired_sample_incomplete:intraday:duplicate_exact_contract_bar;overnight:duplicate_exact_contract_bar,development
2022-06-13,2022-06-16,short_iron_fly_w200,paired_sample_incomplete:intraday:duplicate_exact_contract_bar;overnight:duplicate_exact_contract_bar,development
2022-06-13,2022-06-16,short_iron_fly_w300,paired_sample_incomplete:intraday:duplicate_exact_contract_bar;overnight:duplicate_exact_contract_bar,development
2022-06-13,2022-06-16,long_iron_fly_w100,paired_sample_incomplete:intraday:duplicate_exact_contract_bar;overnight:duplicate_exact_contract_bar,development
2022-06-13,2022-06-16,long_iron_fly_w200,paired_sample_incomplete:intraday:duplicate_exact_contract_bar;overnight:duplicate_exact_contract_bar,development
2022-06-13,2022-06-16,long_iron_fly_w300,paired_sample_incomplete:intraday:duplicate_exact_contract_bar;overnight:duplicate_exact_contract_bar,development
2022-06-13,2022-06-16,short_iron_condor_100_300,paired_sample_incomplete:intraday:duplicate_exact_contract_bar;overnight:duplicate_exact_contract_bar,development
2022-06-13,2022-06-16,bull_put_credit_100_300,paired_sample_incomplete:intraday:duplicate_exact_contract_bar;overnight:duplicate_exact_contract_bar,development
2022-06-13,2022-06-16,bear_call_credit_100_300,paired_sample_incomplete:intraday:duplicate_exact_contract_bar;overnight:duplicate_exact_contract_bar,development
2022-06-14,2022-06-16,short_atm_straddle,paired_sample_incomplete:intraday:duplicate_exact_contract_bar;overnight:duplicate_exact_contract_bar,development
2022-06-14,2022-06-16,short_iron_fly_w100,paired_sample_incomplete:intraday:duplicate_exact_contract_bar;overnight:duplicate_exact_contract_bar,development
2022-06-14,2022-06-16,short_iron_fly_w200,paired_sample_incomplete:intraday:duplicate_exact_contract_bar;overnight:duplicate_exact_contract_bar,development
2022-06-14,2022-06-16,short_iron_fly_w300,paired_sample_incomplete:intraday:duplicate_exact_contract_bar;overnight:duplicate_exact_contract_bar,development
2022-06-14,2022-06-16,long_iron_fly_w100,paired_sample_incomplete:intraday:duplicate_exact_contract_bar;overnight:duplicate_exact_contract_bar,development
2022-06-14,2022-06-16,long_iron_fly_w200,paired_sample_incomplete:intraday:duplicate_exact_contract_bar;overnight:duplicate_exact_contract_bar,development
2022-06-14,2022-06-16,long_iron_fly_w300,paired_sample_incomplete:intraday:duplicate_exact_contract_bar;overnight:duplicate_exact_contract_bar,development
2022-06-14,2022-06-16,short_iron_condor_100_300,paired_sample_incomplete:intraday:duplicate_exact_contract_bar;overnight:duplicate_exact_contract_bar,development
2022-06-14,2022-06-16,bull_put_credit_100_300,paired_sample_incomplete:intraday:duplicate_exact_contract_bar;overnight:duplicate_exact_contract_bar,development
2022-06-14,2022-06-16,bear_call_credit_100_300,paired_sample_incomplete:intraday:duplicate_exact_contract_bar;overnight:duplicate_exact_contract_bar,development
2022-06-15,2022-06-23,short_atm_straddle,paired_sample_incomplete:intraday:duplicate_exact_contract_bar;overnight:duplicate_exact_contract_bar,development
2022-06-15,2022-06-23,short_iron_fly_w100,paired_sample_incomplete:intraday:duplicate_exact_contract_bar;overnight:duplicate_exact_contract_bar,development
2022-06-15,2022-06-23,short_iron_fly_w200,paired_sample_incomplete:intraday:duplicate_exact_contract_bar;overnight:duplicate_exact_contract_bar,development
2022-06-15,2022-06-23,short_iron_fly_w300,paired_sample_incomplete:intraday:duplicate_exact_contract_bar;overnight:duplicate_exact_contract_bar,development
2022-06-15,2022-06-23,long_iron_fly_w100,paired_sample_incomplete:intraday:duplicate_exact_contract_bar;overnight:duplicate_exact_contract_bar,development
2022-06-15,2022-06-23,long_iron_fly_w200,paired_sample_incomplete:intraday:duplicate_exact_contract_bar;overnight:duplicate_exact_contract_bar,development
2022-06-15,2022-06-23,long_iron_fly_w300,paired_sample_incomplete:intraday:duplicate_exact_contract_bar;overnight:duplicate_exact_contract_bar,development
2022-06-15,2022-06-23,short_iron_condor_100_300,paired_sample_incomplete:intraday:duplicate_exact_contract_bar;overnight:duplicate_exact_contract_bar,development
2022-06-15,2022-06-23,bull_put_credit_100_300,paired_sample_incomplete:intraday:duplicate_exact_contract_bar;overnight:duplicate_exact_contract_bar,development
2022-06-15,2022-06-23,bear_call_credit_100_300,paired_sample_incomplete:intraday:duplicate_exact_contract_bar;overnight:duplicate_exact_contract_bar,development
2022-06-16,2022-06-23,short_atm_straddle,paired_sample_incomplete:intraday:duplicate_exact_contract_bar;overnight:duplicate_exact_contract_bar,development
2022-06-16,2022-06-23,short_iron_fly_w100,paired_sample_incomplete:intraday:duplicate_exact_contract_bar;overnight:duplicate_exact_contract_bar,development
2022-06-16,2022-06-23,short_iron_fly_w200,paired_sample_incomplete:intraday:duplicate_exact_contract_bar;overnight:duplicate_exact_contract_bar,development
2022-06-16,2022-06-23,short_iron_fly_w300,paired_sample_incomplete:intraday:duplicate_exact_contract_bar;overnight:duplicate_exact_contract_bar,development
2022-06-16,2022-06-23,long_iron_fly_w100,paired_sample_incomplete:intraday:duplicate_exact_contract_bar;overnight:duplicate_exact_contract_bar,development
2022-06-16,2022-06-23,long_iron_fly_w200,paired_sample_incomplete:intraday:duplicate_exact_contract_bar;overnight:duplicate_exact_contract_bar,development
2022-06-16,2022-06-23,long_iron_fly_w300,paired_sample_incomplete:intraday:duplicate_exact_contract_bar;overnight:duplicate_exact_contract_bar,development
2022-06-16,2022-06-23,short_iron_condor_100_300,paired_sample_incomplete:intraday:duplicate_exact_contract_bar;overnight:duplicate_exact_contract_bar,development
2022-06-16,2022-06-23,bull_put_credit_100_300,paired_sample_incomplete:intraday:duplicate_exact_contract_bar;overnight:duplicate_exact_contract_bar,development
2022-06-16,2022-06-23,bear_call_credit_100_300,paired_sample_incomplete:intraday:duplicate_exact_contract_bar;overnight:duplicate_exact_contract_bar,development
2022-06-17,2022-06-23,short_atm_straddle,paired_sample_incomplete:intraday:duplicate_exact_contract_bar;overnight:duplicate_exact_contract_bar,development
2022-06-17,2022-06-23,short_iron_fly_w100,paired_sample_incomplete:intraday:duplicate_exact_contract_bar;overnight:duplicate_exact_contract_bar,development
2022-06-17,2022-06-23,short_iron_fly_w200,paired_sample_incomplete:intraday:duplicate_exact_contract_bar;overnight:duplicate_exact_contract_bar,development
2022-06-17,2022-06-23,short_iron_fly_w300,paired_sample_incomplete:intraday:duplicate_exact_contract_bar;overnight:duplicate_exact_contract_bar,development
2022-06-17,2022-06-23,long_iron_fly_w100,paired_sample_incomplete:intraday:duplicate_exact_contract_bar;overnight:duplicate_exact_contract_bar,development
2022-06-17,2022-06-23,long_iron_fly_w200,paired_sample_incomplete:intraday:duplicate_exact_contract_bar;overnight:duplicate_exact_contract_bar,development
2022-06-17,2022-06-23,long_iron_fly_w300,paired_sample_incomplete:intraday:duplicate_exact_contract_bar;overnight:duplicate_exact_contract_bar,development
2022-06-17,2022-06-23,short_iron_condor_100_300,paired_sample_incomplete:intraday:duplicate_exact_contract_bar;overnight:duplicate_exact_contract_bar,development
2022-06-17,2022-06-23,bull_put_credit_100_300,paired_sample_incomplete:intraday:duplicate_exact_contract_bar;overnight:duplicate_exact_contract_bar,development
2022-06-17,2022-06-23,bear_call_credit_100_300,paired_sample_incomplete:intraday:duplicate_exact_contract_bar;overnight:duplicate_exact_contract_bar,development
2022-06-20,2022-06-23,short_atm_straddle,paired_sample_incomplete:intraday:duplicate_exact_contract_bar;overnight:duplicate_exact_contract_bar,development
2022-06-20,2022-06-23,short_iron_fly_w100,paired_sample_incomplete:intraday:duplicate_exact_contract_bar;overnight:duplicate_exact_contract_bar,development
2022-06-20,2022-06-23,short_iron_fly_w200,paired_sample_incomplete:intraday:duplicate_exact_contract_bar;overnight:duplicate_exact_contract_bar,development
2022-06-20,2022-06-23,short_iron_fly_w300,paired_sample_incomplete:intraday:duplicate_exact_contract_bar;overnight:duplicate_exact_contract_bar,development
2022-06-20,2022-06-23,long_iron_fly_w100,paired_sample_incomplete:intraday:duplicate_exact_contract_bar;overnight:duplicate_exact_contract_bar,development
2022-06-20,2022-06-23,long_iron_fly_w200,paired_sample_incomplete:intraday:duplicate_exact_contract_bar;overnight:duplicate_exact_contract_bar,development
2022-06-20,2022-06-23,long_iron_fly_w300,paired_sample_incomplete:intraday:duplicate_exact_contract_bar;overnight:duplicate_exact_contract_bar,development
2022-06-20,2022-06-23,short_iron_condor_100_300,paired_sample_incomplete:intraday:duplicate_exact_contract_bar;overnight:duplicate_exact_contract_bar,development
2022-06-20,2022-06-23,bull_put_credit_100_300,paired_sample_incomplete:intraday:duplicate_exact_contract_bar;overnight:duplicate_exact_contract_bar,development
2022-06-20,2022-06-23,bear_call_credit_100_300,paired_sample_incomplete:intraday:duplicate_exact_contract_bar;overnight:duplicate_exact_contract_bar,development
2022-06-21,2022-06-23,short_atm_straddle,paired_sample_incomplete:intraday:duplicate_exact_contract_bar;overnight:duplicate_exact_contract_bar,development
2022-06-21,2022-06-23,short_iron_fly_w100,paired_sample_incomplete:intraday:duplicate_exact_contract_bar;overnight:duplicate_exact_contract_bar,development
2022-06-21,2022-06-23,short_iron_fly_w200,paired_sample_incomplete:intraday:duplicate_exact_contract_bar;overnight:duplicate_exact_contract_bar,development
2022-06-21,2022-06-23,short_iron_fly_w300,paired_sample_incomplete:intraday:duplicate_exact_contract_bar;overnight:duplicate_exact_contract_bar,development
2022-06-21,2022-06-23,long_iron_fly_w100,paired_sample_incomplete:intraday:duplicate_exact_contract_bar;overnight:duplicate_exact_contract_bar,development
2022-06-21,2022-06-23,long_iron_fly_w200,paired_sample_incomplete:intraday:duplicate_exact_contract_bar;overnight:duplicate_exact_contract_bar,development
2022-06-21,2022-06-23,long_iron_fly_w300,paired_sample_incomplete:intraday:duplicate_exact_contract_bar;overnight:duplicate_exact_contract_bar,development
2022-06-21,2022-06-23,short_iron_condor_100_300,paired_sample_incomplete:intraday:duplicate_exact_contract_bar;overnight:duplicate_exact_contract_bar,development
2022-06-21,2022-06-23,bull_put_credit_100_300,paired_sample_incomplete:intraday:duplicate_exact_contract_bar;overnight:duplicate_exact_contract_bar,development
2022-06-21,2022-06-23,bear_call_credit_100_300,paired_sample_incomplete:intraday:duplicate_exact_contract_bar;overnight:duplicate_exact_contract_bar,development
2022-06-22,2022-06-30,short_atm_straddle,paired_sample_incomplete:intraday:duplicate_exact_contract_bar;overnight:duplicate_exact_contract_bar,development
2022-06-22,2022-06-30,short_iron_fly_w100,paired_sample_incomplete:intraday:duplicate_exact_contract_bar;overnight:duplicate_exact_contract_bar,development
2022-06-22,2022-06-30,short_iron_fly_w200,paired_sample_incomplete:intraday:duplicate_exact_contract_bar;overnight:duplicate_exact_contract_bar,development
2022-06-22,2022-06-30,short_iron_fly_w300,paired_sample_incomplete:intraday:duplicate_exact_contract_bar;overnight:duplicate_exact_contract_bar,development
2022-06-22,2022-06-30,long_iron_fly_w100,paired_sample_incomplete:intraday:duplicate_exact_contract_bar;overnight:duplicate_exact_contract_bar,development
2022-06-22,2022-06-30,long_iron_fly_w200,paired_sample_incomplete:intraday:duplicate_exact_contract_bar;overnight:duplicate_exact_contract_bar,development
2022-06-22,2022-06-30,long_iron_fly_w300,paired_sample_incomplete:intraday:duplicate_exact_contract_bar;overnight:duplicate_exact_contract_bar,development
2022-06-22,2022-06-30,short_iron_condor_100_300,paired_sample_incomplete:intraday:duplicate_exact_contract_bar;overnight:duplicate_exact_contract_bar,development
2022-06-22,2022-06-30,bull_put_credit_100_300,paired_sample_incomplete:intraday:duplicate_exact_contract_bar;overnight:duplicate_exact_contract_bar,development
2022-06-22,2022-06-30,bear_call_credit_100_300,paired_sample_incomplete:intraday:duplicate_exact_contract_bar;overnight:duplicate_exact_contract_bar,development
2022-06-23,2022-06-30,short_atm_straddle,paired_sample_incomplete:intraday:duplicate_exact_contract_bar;overnight:duplicate_exact_contract_bar,development
2022-06-23,2022-06-30,short_iron_fly_w100,paired_sample_incomplete:intraday:duplicate_exact_contract_bar;overnight:duplicate_exact_contract_bar,development
2022-06-23,2022-06-30,short_iron_fly_w200,paired_sample_incomplete:intraday:duplicate_exact_contract_bar;overnight:duplicate_exact_contract_bar,development
2022-06-23,2022-06-30,short_iron_fly_w300,paired_sample_incomplete:intraday:duplicate_exact_contract_bar;overnight:duplicate_exact_contract_bar,development
2022-06-23,2022-06-30,long_iron_fly_w100,paired_sample_incomplete:intraday:duplicate_exact_contract_bar;overnight:duplicate_exact_contract_bar,development
2022-06-23,2022-06-30,long_iron_fly_w200,paired_sample_incomplete:intraday:duplicate_exact_contract_bar;overnight:duplicate_exact_contract_bar,development
2022-06-23,2022-06-30,long_iron_fly_w300,paired_sample_incomplete:intraday:duplicate_exact_contract_bar;overnight:duplicate_exact_contract_bar,development
2022-06-23,2022-06-30,short_iron_condor_100_300,paired_sample_incomplete:intraday:duplicate_exact_contract_bar;overnight:duplicate_exact_contract_bar,development
2022-06-23,2022-06-30,bull_put_credit_100_300,paired_sample_incomplete:intraday:duplicate_exact_contract_bar;overnight:duplicate_exact_contract_bar,development
2022-06-23,2022-06-30,bear_call_credit_100_300,paired_sample_incomplete:intraday:duplicate_exact_contract_bar;overnight:duplicate_exact_contract_bar,development
2022-06-24,2022-06-30,short_atm_straddle,paired_sample_incomplete:intraday:duplicate_exact_contract_bar;overnight:duplicate_exact_contract_bar,development
2022-06-24,2022-06-30,short_iron_fly_w100,paired_sample_incomplete:intraday:duplicate_exact_contract_bar;overnight:duplicate_exact_contract_bar,development
2022-06-24,2022-06-30,short_iron_fly_w200,paired_sample_incomplete:intraday:duplicate_exact_contract_bar;overnight:duplicate_exact_contract_bar,development
2022-06-24,2022-06-30,short_iron_fly_w300,paired_sample_incomplete:intraday:duplicate_exact_contract_bar;overnight:duplicate_exact_contract_bar,development
2022-06-24,2022-06-30,long_iron_fly_w100,paired_sample_incomplete:intraday:duplicate_exact_contract_bar;overnight:duplicate_exact_contract_bar,development
2022-06-24,2022-06-30,long_iron_fly_w200,paired_sample_incomplete:intraday:duplicate_exact_contract_bar;overnight:duplicate_exact_contract_bar,development
2022-06-24,2022-06-30,long_iron_fly_w300,paired_sample_incomplete:intraday:duplicate_exact_contract_bar;overnight:duplicate_exact_contract_bar,development
2022-06-24,2022-06-30,short_iron_condor_100_300,paired_sample_incomplete:intraday:duplicate_exact_contract_bar;overnight:duplicate_exact_contract_bar,development
2022-06-24,2022-06-30,bull_put_credit_100_300,paired_sample_incomplete:intraday:duplicate_exact_contract_bar;overnight:duplicate_exact_contract_bar,development
2022-06-24,2022-06-30,bear_call_credit_100_300,paired_sample_incomplete:intraday:duplicate_exact_contract_bar;overnight:duplicate_exact_contract_bar,development
2022-06-27,2022-06-30,short_atm_straddle,paired_sample_incomplete:intraday:duplicate_exact_contract_bar;overnight:duplicate_exact_contract_bar,development
2022-06-27,2022-06-30,short_iron_fly_w100,paired_sample_incomplete:intraday:duplicate_exact_contract_bar;overnight:duplicate_exact_contract_bar,development
2022-06-27,2022-06-30,short_iron_fly_w200,paired_sample_incomplete:intraday:duplicate_exact_contract_bar;overnight:duplicate_exact_contract_bar,development
2022-06-27,2022-06-30,short_iron_fly_w300,paired_sample_incomplete:intraday:duplicate_exact_contract_bar;overnight:duplicate_exact_contract_bar,development
2022-06-27,2022-06-30,long_iron_fly_w100,paired_sample_incomplete:intraday:duplicate_exact_contract_bar;overnight:duplicate_exact_contract_bar,development
2022-06-27,2022-06-30,long_iron_fly_w200,paired_sample_incomplete:intraday:duplicate_exact_contract_bar;overnight:duplicate_exact_contract_bar,development
2022-06-27,2022-06-30,long_iron_fly_w300,paired_sample_incomplete:intraday:duplicate_exact_contract_bar;overnight:duplicate_exact_contract_bar,development
2022-06-27,2022-06-30,short_iron_condor_100_300,paired_sample_incomplete:intraday:duplicate_exact_contract_bar;overnight:duplicate_exact_contract_bar,development
2022-06-27,2022-06-30,bull_put_credit_100_300,paired_sample_incomplete:intraday:duplicate_exact_contract_bar;overnight:duplicate_exact_contract_bar,development
2022-06-27,2022-06-30,bear_call_credit_100_300,paired_sample_incomplete:intraday:duplicate_exact_contract_bar;overnight:duplicate_exact_contract_bar,development
2022-06-28,2022-06-30,short_atm_straddle,paired_sample_incomplete:intraday:duplicate_exact_contract_bar;overnight:duplicate_exact_contract_bar,development
2022-06-28,2022-06-30,short_iron_fly_w100,paired_sample_incomplete:intraday:duplicate_exact_contract_bar;overnight:duplicate_exact_contract_bar,development
2022-06-28,2022-06-30,short_iron_fly_w200,paired_sample_incomplete:intraday:duplicate_exact_contract_bar;overnight:duplicate_exact_contract_bar,development
2022-06-28,2022-06-30,short_iron_fly_w300,paired_sample_incomplete:intraday:duplicate_exact_contract_bar;overnight:duplicate_exact_contract_bar,development
2022-06-28,2022-06-30,long_iron_fly_w100,paired_sample_incomplete:intraday:duplicate_exact_contract_bar;overnight:duplicate_exact_contract_bar,development
2022-06-28,2022-06-30,long_iron_fly_w200,paired_sample_incomplete:intraday:duplicate_exact_contract_bar;overnight:duplicate_exact_contract_bar,development
2022-06-28,2022-06-30,long_iron_fly_w300,paired_sample_incomplete:intraday:duplicate_exact_contract_bar;overnight:duplicate_exact_contract_bar,development
2022-06-28,2022-06-30,short_iron_condor_100_300,paired_sample_incomplete:intraday:duplicate_exact_contract_bar;overnight:duplicate_exact_contract_bar,development
2022-06-28,2022-06-30,bull_put_credit_100_300,paired_sample_incomplete:intraday:duplicate_exact_contract_bar;overnight:duplicate_exact_contract_bar,development
2022-06-28,2022-06-30,bear_call_credit_100_300,paired_sample_incomplete:intraday:duplicate_exact_contract_bar;overnight:duplicate_exact_contract_bar,development
2022-06-29,2022-07-07,short_atm_straddle,paired_sample_incomplete:intraday:duplicate_exact_contract_bar;overnight:duplicate_exact_contract_bar,development
2022-06-29,2022-07-07,short_iron_fly_w100,paired_sample_incomplete:intraday:duplicate_exact_contract_bar;overnight:duplicate_exact_contract_bar,development
2022-06-29,2022-07-07,short_iron_fly_w200,paired_sample_incomplete:intraday:duplicate_exact_contract_bar;overnight:duplicate_exact_contract_bar,development
2022-06-29,2022-07-07,short_iron_fly_w300,paired_sample_incomplete:intraday:duplicate_exact_contract_bar;overnight:duplicate_exact_contract_bar,development
2022-06-29,2022-07-07,long_iron_fly_w100,paired_sample_incomplete:intraday:duplicate_exact_contract_bar;overnight:duplicate_exact_contract_bar,development
2022-06-29,2022-07-07,long_iron_fly_w200,paired_sample_incomplete:intraday:duplicate_exact_contract_bar;overnight:duplicate_exact_contract_bar,development
2022-06-29,2022-07-07,long_iron_fly_w300,paired_sample_incomplete:intraday:duplicate_exact_contract_bar;overnight:duplicate_exact_contract_bar,development
2022-06-29,2022-07-07,short_iron_condor_100_300,paired_sample_incomplete:intraday:duplicate_exact_contract_bar;overnight:duplicate_exact_contract_bar,development
2022-06-29,2022-07-07,bull_put_credit_100_300,paired_sample_incomplete:intraday:duplicate_exact_contract_bar;overnight:duplicate_exact_contract_bar,development
2022-06-29,2022-07-07,bear_call_credit_100_300,paired_sample_incomplete:intraday:duplicate_exact_contract_bar;overnight:duplicate_exact_contract_bar,development
2022-06-30,2022-07-07,short_atm_straddle,paired_sample_incomplete:intraday:duplicate_exact_contract_bar;overnight:duplicate_exact_contract_bar,development
2022-06-30,2022-07-07,short_iron_fly_w100,paired_sample_incomplete:intraday:duplicate_exact_contract_bar;overnight:duplicate_exact_contract_bar,development
2022-06-30,2022-07-07,short_iron_fly_w200,paired_sample_incomplete:intraday:duplicate_exact_contract_bar;overnight:duplicate_exact_contract_bar,development
2022-06-30,2022-07-07,short_iron_fly_w300,paired_sample_incomplete:intraday:duplicate_exact_contract_bar;overnight:duplicate_exact_contract_bar,development
2022-06-30,2022-07-07,long_iron_fly_w100,paired_sample_incomplete:intraday:duplicate_exact_contract_bar;overnight:duplicate_exact_contract_bar,development
2022-06-30,2022-07-07,long_iron_fly_w200,paired_sample_incomplete:intraday:duplicate_exact_contract_bar;overnight:duplicate_exact_contract_bar,development
2022-06-30,2022-07-07,long_iron_fly_w300,paired_sample_incomplete:intraday:duplicate_exact_contract_bar;overnight:duplicate_exact_contract_bar,development
2022-06-30,2022-07-07,short_iron_condor_100_300,paired_sample_incomplete:intraday:duplicate_exact_contract_bar;overnight:duplicate_exact_contract_bar,development
2022-06-30,2022-07-07,bull_put_credit_100_300,paired_sample_incomplete:intraday:duplicate_exact_contract_bar;overnight:duplicate_exact_contract_bar,development
2022-06-30,2022-07-07,bear_call_credit_100_300,paired_sample_incomplete:intraday:duplicate_exact_contract_bar;overnight:duplicate_exact_contract_bar,development
2022-07-01,2022-07-07,short_atm_straddle,paired_sample_incomplete:intraday:duplicate_exact_contract_bar;overnight:duplicate_exact_contract_bar,development
2022-07-01,2022-07-07,short_iron_fly_w100,paired_sample_incomplete:intraday:duplicate_exact_contract_bar;overnight:duplicate_exact_contract_bar,development
2022-07-01,2022-07-07,short_iron_fly_w200,paired_sample_incomplete:intraday:duplicate_exact_contract_bar;overnight:duplicate_exact_contract_bar,development
2022-07-01,2022-07-07,short_iron_fly_w300,paired_sample_incomplete:intraday:duplicate_exact_contract_bar;overnight:duplicate_exact_contract_bar,development
2022-07-01,2022-07-07,long_iron_fly_w100,paired_sample_incomplete:intraday:duplicate_exact_contract_bar;overnight:duplicate_exact_contract_bar,development
2022-07-01,2022-07-07,long_iron_fly_w200,paired_sample_incomplete:intraday:duplicate_exact_contract_bar;overnight:duplicate_exact_contract_bar,development
2022-07-01,2022-07-07,long_iron_fly_w300,paired_sample_incomplete:intraday:duplicate_exact_contract_bar;overnight:duplicate_exact_contract_bar,development
2022-07-01,2022-07-07,short_iron_condor_100_300,paired_sample_incomplete:intraday:duplicate_exact_contract_bar;overnight:duplicate_exact_contract_bar,development
2022-07-01,2022-07-07,bull_put_credit_100_300,paired_sample_incomplete:intraday:duplicate_exact_contract_bar;overnight:duplicate_exact_contract_bar,development
2022-07-01,2022-07-07,bear_call_credit_100_300,paired_sample_incomplete:intraday:duplicate_exact_contract_bar;overnight:duplicate_exact_contract_bar,development
2022-07-04,2022-07-07,short_atm_straddle,paired_sample_incomplete:intraday:duplicate_exact_contract_bar;overnight:duplicate_exact_contract_bar,development
2022-07-04,2022-07-07,short_iron_fly_w100,paired_sample_incomplete:intraday:duplicate_exact_contract_bar;overnight:duplicate_exact_contract_bar,development
2022-07-04,2022-07-07,short_iron_fly_w200,paired_sample_incomplete:intraday:duplicate_exact_contract_bar;overnight:duplicate_exact_contract_bar,development
2022-07-04,2022-07-07,short_iron_fly_w300,paired_sample_incomplete:intraday:duplicate_exact_contract_bar;overnight:duplicate_exact_contract_bar,development
2022-07-04,2022-07-07,long_iron_fly_w100,paired_sample_incomplete:intraday:duplicate_exact_contract_bar;overnight:duplicate_exact_contract_bar,development
2022-07-04,2022-07-07,long_iron_fly_w200,paired_sample_incomplete:intraday:duplicate_exact_contract_bar;overnight:duplicate_exact_contract_bar,development
2022-07-04,2022-07-07,long_iron_fly_w300,paired_sample_incomplete:intraday:duplicate_exact_contract_bar;overnight:duplicate_exact_contract_bar,development
2022-07-04,2022-07-07,short_iron_condor_100_300,paired_sample_incomplete:intraday:duplicate_exact_contract_bar;overnight:duplicate_exact_contract_bar,development
2022-07-04,2022-07-07,bull_put_credit_100_300,paired_sample_incomplete:intraday:duplicate_exact_contract_bar;overnight:duplicate_exact_contract_bar,development
2022-07-04,2022-07-07,bear_call_credit_100_300,paired_sample_incomplete:intraday:duplicate_exact_contract_bar;overnight:duplicate_exact_contract_bar,development
2022-07-05,2022-07-07,short_atm_straddle,paired_sample_incomplete:intraday:duplicate_exact_contract_bar;overnight:duplicate_exact_contract_bar,development
2022-07-05,2022-07-07,short_iron_fly_w100,paired_sample_incomplete:intraday:duplicate_exact_contract_bar;overnight:duplicate_exact_contract_bar,development
2022-07-05,2022-07-07,short_iron_fly_w200,paired_sample_incomplete:intraday:duplicate_exact_contract_bar;overnight:duplicate_exact_contract_bar,development
2022-07-05,2022-07-07,short_iron_fly_w300,paired_sample_incomplete:intraday:duplicate_exact_contract_bar;overnight:duplicate_exact_contract_bar,development
2022-07-05,2022-07-07,long_iron_fly_w100,paired_sample_incomplete:intraday:duplicate_exact_contract_bar;overnight:duplicate_exact_contract_bar,development
2022-07-05,2022-07-07,long_iron_fly_w200,paired_sample_incomplete:intraday:duplicate_exact_contract_bar;overnight:duplicate_exact_contract_bar,development
2022-07-05,2022-07-07,long_iron_fly_w300,paired_sample_incomplete:intraday:duplicate_exact_contract_bar;overnight:duplicate_exact_contract_bar,development
2022-07-05,2022-07-07,short_iron_condor_100_300,paired_sample_incomplete:intraday:duplicate_exact_contract_bar;overnight:duplicate_exact_contract_bar,development
2022-07-05,2022-07-07,bull_put_credit_100_300,paired_sample_incomplete:intraday:duplicate_exact_contract_bar;overnight:duplicate_exact_contract_bar,development
2022-07-05,2022-07-07,bear_call_credit_100_300,paired_sample_incomplete:intraday:duplicate_exact_contract_bar;overnight:duplicate_exact_contract_bar,development
2022-07-06,2022-07-14,short_atm_straddle,paired_sample_incomplete:intraday:duplicate_exact_contract_bar;overnight:duplicate_exact_contract_bar,development
2022-07-06,2022-07-14,short_iron_fly_w100,paired_sample_incomplete:intraday:duplicate_exact_contract_bar;overnight:duplicate_exact_contract_bar,development
2022-07-06,2022-07-14,short_iron_fly_w200,paired_sample_incomplete:intraday:duplicate_exact_contract_bar;overnight:duplicate_exact_contract_bar,development
2022-07-06,2022-07-14,short_iron_fly_w300,paired_sample_incomplete:intraday:duplicate_exact_contract_bar;overnight:duplicate_exact_contract_bar,development
2022-07-06,2022-07-14,long_iron_fly_w100,paired_sample_incomplete:intraday:duplicate_exact_contract_bar;overnight:duplicate_exact_contract_bar,development
2022-07-06,2022-07-14,long_iron_fly_w200,paired_sample_incomplete:intraday:duplicate_exact_contract_bar;overnight:duplicate_exact_contract_bar,development
2022-07-06,2022-07-14,long_iron_fly_w300,paired_sample_incomplete:intraday:duplicate_exact_contract_bar;overnight:duplicate_exact_contract_bar,development
2022-07-06,2022-07-14,short_iron_condor_100_300,paired_sample_incomplete:intraday:duplicate_exact_contract_bar;overnight:duplicate_exact_contract_bar,development
2022-07-06,2022-07-14,bull_put_credit_100_300,paired_sample_incomplete:intraday:duplicate_exact_contract_bar;overnight:duplicate_exact_contract_bar,development
2022-07-07,2022-07-14,short_atm_straddle,paired_sample_incomplete:intraday:duplicate_exact_contract_bar;overnight:duplicate_exact_contract_bar,development
2022-07-07,2022-07-14,short_iron_fly_w100,paired_sample_incomplete:intraday:duplicate_exact_contract_bar;overnight:duplicate_exact_contract_bar,development
2022-07-07,2022-07-14,short_iron_fly_w200,paired_sample_incomplete:intraday:duplicate_exact_contract_bar;overnight:duplicate_exact_contract_bar,development
2022-07-07,2022-07-14,short_iron_fly_w300,paired_sample_incomplete:intraday:duplicate_exact_contract_bar;overnight:duplicate_exact_contract_bar,development
2022-07-07,2022-07-14,long_iron_fly_w100,paired_sample_incomplete:intraday:duplicate_exact_contract_bar;overnight:duplicate_exact_contract_bar,development
2022-07-07,2022-07-14,long_iron_fly_w200,paired_sample_incomplete:intraday:duplicate_exact_contract_bar;overnight:duplicate_exact_contract_bar,development
2022-07-07,2022-07-14,long_iron_fly_w300,paired_sample_incomplete:intraday:duplicate_exact_contract_bar;overnight:duplicate_exact_contract_bar,development
2022-07-07,2022-07-14,short_iron_condor_100_300,paired_sample_incomplete:intraday:duplicate_exact_contract_bar;overnight:duplicate_exact_contract_bar,development
2022-07-07,2022-07-14,bull_put_credit_100_300,paired_sample_incomplete:intraday:duplicate_exact_contract_bar;overnight:duplicate_exact_contract_bar,development
2022-07-07,2022-07-14,bear_call_credit_100_300,paired_sample_incomplete:intraday:duplicate_exact_contract_bar;overnight:duplicate_exact_contract_bar,development
2022-07-08,2022-07-14,short_atm_straddle,paired_sample_incomplete:intraday:duplicate_exact_contract_bar;overnight:duplicate_exact_contract_bar,development
2022-07-08,2022-07-14,short_iron_fly_w100,paired_sample_incomplete:intraday:duplicate_exact_contract_bar;overnight:duplicate_exact_contract_bar,development
2022-07-08,2022-07-14,short_iron_fly_w200,paired_sample_incomplete:intraday:duplicate_exact_contract_bar;overnight:duplicate_exact_contract_bar,development
2022-07-08,2022-07-14,short_iron_fly_w300,paired_sample_incomplete:intraday:duplicate_exact_contract_bar;overnight:duplicate_exact_contract_bar,development
2022-07-08,2022-07-14,long_iron_fly_w100,paired_sample_incomplete:intraday:duplicate_exact_contract_bar;overnight:duplicate_exact_contract_bar,development
2022-07-08,2022-07-14,long_iron_fly_w200,paired_sample_incomplete:intraday:duplicate_exact_contract_bar;overnight:duplicate_exact_contract_bar,development
2022-07-08,2022-07-14,long_iron_fly_w300,paired_sample_incomplete:intraday:duplicate_exact_contract_bar;overnight:duplicate_exact_contract_bar,development
2022-07-08,2022-07-14,short_iron_condor_100_300,paired_sample_incomplete:intraday:duplicate_exact_contract_bar;overnight:duplicate_exact_contract_bar,development
2022-07-08,2022-07-14,bull_put_credit_100_300,paired_sample_incomplete:intraday:duplicate_exact_contract_bar;overnight:duplicate_exact_contract_bar,development
2022-07-08,2022-07-14,bear_call_credit_100_300,paired_sample_incomplete:intraday:duplicate_exact_contract_bar;overnight:duplicate_exact_contract_bar,development
2022-07-11,2022-07-14,short_atm_straddle,paired_sample_incomplete:intraday:duplicate_exact_contract_bar;overnight:duplicate_exact_contract_bar,development
2022-07-11,2022-07-14,short_iron_fly_w100,paired_sample_incomplete:intraday:duplicate_exact_contract_bar;overnight:duplicate_exact_contract_bar,development
2022-07-11,2022-07-14,short_iron_fly_w200,paired_sample_incomplete:intraday:duplicate_exact_contract_bar;overnight:duplicate_exact_contract_bar,development
2022-07-11,2022-07-14,short_iron_fly_w300,paired_sample_incomplete:intraday:duplicate_exact_contract_bar;overnight:duplicate_exact_contract_bar,development
2022-07-11,2022-07-14,long_iron_fly_w100,paired_sample_incomplete:intraday:duplicate_exact_contract_bar;overnight:duplicate_exact_contract_bar,development
2022-07-11,2022-07-14,long_iron_fly_w200,paired_sample_incomplete:intraday:duplicate_exact_contract_bar;overnight:duplicate_exact_contract_bar,development
2022-07-11,2022-07-14,long_iron_fly_w300,paired_sample_incomplete:intraday:duplicate_exact_contract_bar;overnight:duplicate_exact_contract_bar,development
2022-07-11,2022-07-14,short_iron_condor_100_300,paired_sample_incomplete:intraday:duplicate_exact_contract_bar;overnight:duplicate_exact_contract_bar,development
2022-07-11,2022-07-14,bull_put_credit_100_300,paired_sample_incomplete:intraday:duplicate_exact_contract_bar;overnight:duplicate_exact_contract_bar,development
2022-07-11,2022-07-14,bear_call_credit_100_300,paired_sample_incomplete:intraday:duplicate_exact_contract_bar;overnight:duplicate_exact_contract_bar,development
2022-07-12,2022-07-14,short_atm_straddle,paired_sample_incomplete:intraday:duplicate_exact_contract_bar;overnight:duplicate_exact_contract_bar,development
2022-07-12,2022-07-14,short_iron_fly_w100,paired_sample_incomplete:intraday:duplicate_exact_contract_bar;overnight:duplicate_exact_contract_bar,development
2022-07-12,2022-07-14,short_iron_fly_w200,paired_sample_incomplete:intraday:duplicate_exact_contract_bar;overnight:duplicate_exact_contract_bar,development
2022-07-12,2022-07-14,short_iron_fly_w300,paired_sample_incomplete:intraday:duplicate_exact_contract_bar;overnight:duplicate_exact_contract_bar,development
2022-07-12,2022-07-14,long_iron_fly_w100,paired_sample_incomplete:intraday:duplicate_exact_contract_bar;overnight:duplicate_exact_contract_bar,development
2022-07-12,2022-07-14,long_iron_fly_w200,paired_sample_incomplete:intraday:duplicate_exact_contract_bar;overnight:duplicate_exact_contract_bar,development
2022-07-12,2022-07-14,long_iron_fly_w300,paired_sample_incomplete:intraday:duplicate_exact_contract_bar;overnight:duplicate_exact_contract_bar,development
2022-07-12,2022-07-14,short_iron_condor_100_300,paired_sample_incomplete:intraday:duplicate_exact_contract_bar;overnight:duplicate_exact_contract_bar,development
2022-07-12,2022-07-14,bull_put_credit_100_300,paired_sample_incomplete:intraday:duplicate_exact_contract_bar;overnight:duplicate_exact_contract_bar,development
2022-07-12,2022-07-14,bear_call_credit_100_300,paired_sample_incomplete:intraday:duplicate_exact_contract_bar;overnight:duplicate_exact_contract_bar,development
2022-07-13,2022-07-21,short_atm_straddle,paired_sample_incomplete:intraday:duplicate_exact_contract_bar;overnight:duplicate_exact_contract_bar,development
2022-07-13,2022-07-21,short_iron_fly_w100,paired_sample_incomplete:intraday:duplicate_exact_contract_bar;overnight:duplicate_exact_contract_bar,development
2022-07-13,2022-07-21,short_iron_fly_w200,paired_sample_incomplete:intraday:duplicate_exact_contract_bar;overnight:duplicate_exact_contract_bar,development
2022-07-13,2022-07-21,short_iron_fly_w300,paired_sample_incomplete:intraday:duplicate_exact_contract_bar;overnight:duplicate_exact_contract_bar,development
2022-07-13,2022-07-21,long_iron_fly_w100,paired_sample_incomplete:intraday:duplicate_exact_contract_bar;overnight:duplicate_exact_contract_bar,development
2022-07-13,2022-07-21,long_iron_fly_w200,paired_sample_incomplete:intraday:duplicate_exact_contract_bar;overnight:duplicate_exact_contract_bar,development
2022-07-13,2022-07-21,long_iron_fly_w300,paired_sample_incomplete:intraday:duplicate_exact_contract_bar;overnight:duplicate_exact_contract_bar,development
2022-07-13,2022-07-21,short_iron_condor_100_300,paired_sample_incomplete:intraday:duplicate_exact_contract_bar;overnight:duplicate_exact_contract_bar,development
2022-07-13,2022-07-21,bull_put_credit_100_300,paired_sample_incomplete:intraday:duplicate_exact_contract_bar;overnight:duplicate_exact_contract_bar,development
2022-07-13,2022-07-21,bear_call_credit_100_300,paired_sample_incomplete:intraday:duplicate_exact_contract_bar;overnight:duplicate_exact_contract_bar,development
2022-07-14,2022-07-21,short_atm_straddle,paired_sample_incomplete:intraday:duplicate_exact_contract_bar;overnight:duplicate_exact_contract_bar,development
2022-07-14,2022-07-21,short_iron_fly_w100,paired_sample_incomplete:intraday:duplicate_exact_contract_bar;overnight:duplicate_exact_contract_bar,development
2022-07-14,2022-07-21,short_iron_fly_w200,paired_sample_incomplete:intraday:duplicate_exact_contract_bar;overnight:duplicate_exact_contract_bar,development
2022-07-14,2022-07-21,short_iron_fly_w300,paired_sample_incomplete:intraday:duplicate_exact_contract_bar;overnight:duplicate_exact_contract_bar,development
2022-07-14,2022-07-21,long_iron_fly_w100,paired_sample_incomplete:intraday:duplicate_exact_contract_bar;overnight:duplicate_exact_contract_bar,development
2022-07-14,2022-07-21,long_iron_fly_w200,paired_sample_incomplete:intraday:duplicate_exact_contract_bar;overnight:duplicate_exact_contract_bar,development
2022-07-14,2022-07-21,long_iron_fly_w300,paired_sample_incomplete:intraday:duplicate_exact_contract_bar;overnight:duplicate_exact_contract_bar,development
2022-07-14,2022-07-21,short_iron_condor_100_300,paired_sample_incomplete:intraday:duplicate_exact_contract_bar;overnight:duplicate_exact_contract_bar,development
2022-07-14,2022-07-21,bull_put_credit_100_300,paired_sample_incomplete:intraday:duplicate_exact_contract_bar;overnight:duplicate_exact_contract_bar,development
2022-07-14,2022-07-21,bear_call_credit_100_300,paired_sample_incomplete:intraday:duplicate_exact_contract_bar;overnight:duplicate_exact_contract_bar,development
2022-07-15,2022-07-21,short_atm_straddle,paired_sample_incomplete:intraday:duplicate_exact_contract_bar;overnight:duplicate_exact_contract_bar,development
2022-07-15,2022-07-21,short_iron_fly_w100,paired_sample_incomplete:intraday:duplicate_exact_contract_bar;overnight:duplicate_exact_contract_bar,development
2022-07-15,2022-07-21,short_iron_fly_w200,paired_sample_incomplete:intraday:duplicate_exact_contract_bar;overnight:duplicate_exact_contract_bar,development
2022-07-15,2022-07-21,short_iron_fly_w300,paired_sample_incomplete:intraday:duplicate_exact_contract_bar;overnight:duplicate_exact_contract_bar,development
2022-07-15,2022-07-21,long_iron_fly_w100,paired_sample_incomplete:intraday:duplicate_exact_contract_bar;overnight:duplicate_exact_contract_bar,development
2022-07-15,2022-07-21,long_iron_fly_w200,paired_sample_incomplete:intraday:duplicate_exact_contract_bar;overnight:duplicate_exact_contract_bar,development
2022-07-15,2022-07-21,long_iron_fly_w300,paired_sample_incomplete:intraday:duplicate_exact_contract_bar;overnight:duplicate_exact_contract_bar,development
2022-07-15,2022-07-21,short_iron_condor_100_300,paired_sample_incomplete:intraday:duplicate_exact_contract_bar;overnight:duplicate_exact_contract_bar,development
2022-07-15,2022-07-21,bull_put_credit_100_300,paired_sample_incomplete:intraday:duplicate_exact_contract_bar;overnight:duplicate_exact_contract_bar,development
2022-07-15,2022-07-21,bear_call_credit_100_300,paired_sample_incomplete:intraday:duplicate_exact_contract_bar;overnight:duplicate_exact_contract_bar,development
2022-07-18,2022-07-21,short_atm_straddle,paired_sample_incomplete:intraday:duplicate_exact_contract_bar;overnight:duplicate_exact_contract_bar,development
2022-07-18,2022-07-21,short_iron_fly_w100,paired_sample_incomplete:intraday:duplicate_exact_contract_bar;overnight:duplicate_exact_contract_bar,development
2022-07-18,2022-07-21,short_iron_fly_w200,paired_sample_incomplete:intraday:duplicate_exact_contract_bar;overnight:duplicate_exact_contract_bar,development
2022-07-18,2022-07-21,short_iron_fly_w300,paired_sample_incomplete:intraday:duplicate_exact_contract_bar;overnight:duplicate_exact_contract_bar,development
2022-07-18,2022-07-21,long_iron_fly_w100,paired_sample_incomplete:intraday:duplicate_exact_contract_bar;overnight:duplicate_exact_contract_bar,development
2022-07-18,2022-07-21,long_iron_fly_w200,paired_sample_incomplete:intraday:duplicate_exact_contract_bar;overnight:duplicate_exact_contract_bar,development
2022-07-18,2022-07-21,long_iron_fly_w300,paired_sample_incomplete:intraday:duplicate_exact_contract_bar;overnight:duplicate_exact_contract_bar,development
2022-07-18,2022-07-21,short_iron_condor_100_300,paired_sample_incomplete:intraday:duplicate_exact_contract_bar;overnight:duplicate_exact_contract_bar,development
2022-07-18,2022-07-21,bull_put_credit_100_300,paired_sample_incomplete:intraday:duplicate_exact_contract_bar;overnight:duplicate_exact_contract_bar,development
2022-07-18,2022-07-21,bear_call_credit_100_300,paired_sample_incomplete:intraday:duplicate_exact_contract_bar;overnight:duplicate_exact_contract_bar,development
2022-07-19,2022-07-21,short_atm_straddle,paired_sample_incomplete:intraday:duplicate_exact_contract_bar;overnight:duplicate_exact_contract_bar,development
2022-07-19,2022-07-21,short_iron_fly_w100,paired_sample_incomplete:intraday:duplicate_exact_contract_bar;overnight:duplicate_exact_contract_bar,development
2022-07-19,2022-07-21,short_iron_fly_w200,paired_sample_incomplete:intraday:duplicate_exact_contract_bar;overnight:duplicate_exact_contract_bar,development
2022-07-19,2022-07-21,short_iron_fly_w300,paired_sample_incomplete:intraday:duplicate_exact_contract_bar;overnight:duplicate_exact_contract_bar,development
2022-07-19,2022-07-21,long_iron_fly_w100,paired_sample_incomplete:intraday:duplicate_exact_contract_bar;overnight:duplicate_exact_contract_bar,development
2022-07-19,2022-07-21,long_iron_fly_w200,paired_sample_incomplete:intraday:duplicate_exact_contract_bar;overnight:duplicate_exact_contract_bar,development
2022-07-19,2022-07-21,long_iron_fly_w300,paired_sample_incomplete:intraday:duplicate_exact_contract_bar;overnight:duplicate_exact_contract_bar,development
2022-07-19,2022-07-21,short_iron_condor_100_300,paired_sample_incomplete:intraday:duplicate_exact_contract_bar;overnight:duplicate_exact_contract_bar,development
2022-07-19,2022-07-21,bull_put_credit_100_300,paired_sample_incomplete:intraday:duplicate_exact_contract_bar;overnight:duplicate_exact_contract_bar,development
2022-07-19,2022-07-21,bear_call_credit_100_300,paired_sample_incomplete:intraday:duplicate_exact_contract_bar;overnight:duplicate_exact_contract_bar,development
2022-07-20,2022-07-28,short_atm_straddle,paired_sample_incomplete:intraday:duplicate_exact_contract_bar;overnight:duplicate_exact_contract_bar,development
2022-07-20,2022-07-28,short_iron_fly_w100,paired_sample_incomplete:intraday:duplicate_exact_contract_bar;overnight:duplicate_exact_contract_bar,development
2022-07-20,2022-07-28,short_iron_fly_w200,paired_sample_incomplete:intraday:duplicate_exact_contract_bar;overnight:duplicate_exact_contract_bar,development
2022-07-20,2022-07-28,short_iron_fly_w300,paired_sample_incomplete:intraday:duplicate_exact_contract_bar;overnight:duplicate_exact_contract_bar,development
2022-07-20,2022-07-28,long_iron_fly_w100,paired_sample_incomplete:intraday:duplicate_exact_contract_bar;overnight:duplicate_exact_contract_bar,development
2022-07-20,2022-07-28,long_iron_fly_w200,paired_sample_incomplete:intraday:duplicate_exact_contract_bar;overnight:duplicate_exact_contract_bar,development
2022-07-20,2022-07-28,long_iron_fly_w300,paired_sample_incomplete:intraday:duplicate_exact_contract_bar;overnight:duplicate_exact_contract_bar,development
2022-07-20,2022-07-28,short_iron_condor_100_300,paired_sample_incomplete:intraday:duplicate_exact_contract_bar;overnight:duplicate_exact_contract_bar,development
2022-07-20,2022-07-28,bull_put_credit_100_300,paired_sample_incomplete:intraday:duplicate_exact_contract_bar;overnight:duplicate_exact_contract_bar,development
2022-07-20,2022-07-28,bear_call_credit_100_300,paired_sample_incomplete:intraday:duplicate_exact_contract_bar;overnight:duplicate_exact_contract_bar,development
2022-07-21,2022-07-28,short_atm_straddle,paired_sample_incomplete:intraday:duplicate_exact_contract_bar;overnight:duplicate_exact_contract_bar,development
2022-07-21,2022-07-28,short_iron_fly_w100,paired_sample_incomplete:intraday:duplicate_exact_contract_bar;overnight:duplicate_exact_contract_bar,development
2022-07-21,2022-07-28,short_iron_fly_w200,paired_sample_incomplete:intraday:duplicate_exact_contract_bar;overnight:duplicate_exact_contract_bar,development
2022-07-21,2022-07-28,short_iron_fly_w300,paired_sample_incomplete:intraday:duplicate_exact_contract_bar;overnight:duplicate_exact_contract_bar,development
2022-07-21,2022-07-28,long_iron_fly_w100,paired_sample_incomplete:intraday:duplicate_exact_contract_bar;overnight:duplicate_exact_contract_bar,development
2022-07-21,2022-07-28,long_iron_fly_w200,paired_sample_incomplete:intraday:duplicate_exact_contract_bar;overnight:duplicate_exact_contract_bar,development
2022-07-21,2022-07-28,long_iron_fly_w300,paired_sample_incomplete:intraday:duplicate_exact_contract_bar;overnight:duplicate_exact_contract_bar,development
2022-07-21,2022-07-28,short_iron_condor_100_300,paired_sample_incomplete:intraday:duplicate_exact_contract_bar;overnight:duplicate_exact_contract_bar,development
2022-07-21,2022-07-28,bull_put_credit_100_300,paired_sample_incomplete:intraday:duplicate_exact_contract_bar;overnight:duplicate_exact_contract_bar,development
2022-07-21,2022-07-28,bear_call_credit_100_300,paired_sample_incomplete:intraday:duplicate_exact_contract_bar;overnight:duplicate_exact_contract_bar,development
2022-07-22,2022-07-28,short_atm_straddle,paired_sample_incomplete:intraday:duplicate_exact_contract_bar;overnight:duplicate_exact_contract_bar,development
2022-07-22,2022-07-28,short_iron_fly_w100,paired_sample_incomplete:intraday:duplicate_exact_contract_bar;overnight:duplicate_exact_contract_bar,development
2022-07-22,2022-07-28,short_iron_fly_w200,paired_sample_incomplete:intraday:duplicate_exact_contract_bar;overnight:duplicate_exact_contract_bar,development
2022-07-22,2022-07-28,short_iron_fly_w300,paired_sample_incomplete:intraday:duplicate_exact_contract_bar;overnight:duplicate_exact_contract_bar,development
2022-07-22,2022-07-28,long_iron_fly_w100,paired_sample_incomplete:intraday:duplicate_exact_contract_bar;overnight:duplicate_exact_contract_bar,development
2022-07-22,2022-07-28,long_iron_fly_w200,paired_sample_incomplete:intraday:duplicate_exact_contract_bar;overnight:duplicate_exact_contract_bar,development
2022-07-22,2022-07-28,long_iron_fly_w300,paired_sample_incomplete:intraday:duplicate_exact_contract_bar;overnight:duplicate_exact_contract_bar,development
2022-07-22,2022-07-28,short_iron_condor_100_300,paired_sample_incomplete:intraday:duplicate_exact_contract_bar;overnight:duplicate_exact_contract_bar,development
2022-07-22,2022-07-28,bull_put_credit_100_300,paired_sample_incomplete:intraday:duplicate_exact_contract_bar;overnight:duplicate_exact_contract_bar,development
2022-07-22,2022-07-28,bear_call_credit_100_300,paired_sample_incomplete:intraday:duplicate_exact_contract_bar;overnight:duplicate_exact_contract_bar,development
2022-07-25,2022-07-28,short_atm_straddle,paired_sample_incomplete:intraday:duplicate_exact_contract_bar;overnight:duplicate_exact_contract_bar,development
2022-07-25,2022-07-28,short_iron_fly_w100,paired_sample_incomplete:intraday:duplicate_exact_contract_bar;overnight:duplicate_exact_contract_bar,development
2022-07-25,2022-07-28,short_iron_fly_w200,paired_sample_incomplete:intraday:duplicate_exact_contract_bar;overnight:duplicate_exact_contract_bar,development
2022-07-25,2022-07-28,short_iron_fly_w300,paired_sample_incomplete:intraday:duplicate_exact_contract_bar;overnight:duplicate_exact_contract_bar,development
2022-07-25,2022-07-28,long_iron_fly_w100,paired_sample_incomplete:intraday:duplicate_exact_contract_bar;overnight:duplicate_exact_contract_bar,development
2022-07-25,2022-07-28,long_iron_fly_w200,paired_sample_incomplete:intraday:duplicate_exact_contract_bar;overnight:duplicate_exact_contract_bar,development
2022-07-25,2022-07-28,long_iron_fly_w300,paired_sample_incomplete:intraday:duplicate_exact_contract_bar;overnight:duplicate_exact_contract_bar,development
2022-07-25,2022-07-28,short_iron_condor_100_300,paired_sample_incomplete:intraday:duplicate_exact_contract_bar;overnight:duplicate_exact_contract_bar,development
2022-07-25,2022-07-28,bull_put_credit_100_300,paired_sample_incomplete:intraday:duplicate_exact_contract_bar;overnight:duplicate_exact_contract_bar,development
2022-07-25,2022-07-28,bear_call_credit_100_300,paired_sample_incomplete:intraday:duplicate_exact_contract_bar;overnight:duplicate_exact_contract_bar,development
2022-07-26,2022-07-28,short_atm_straddle,paired_sample_incomplete:intraday:duplicate_exact_contract_bar;overnight:duplicate_exact_contract_bar,development
2022-07-26,2022-07-28,short_iron_fly_w100,paired_sample_incomplete:intraday:duplicate_exact_contract_bar;overnight:duplicate_exact_contract_bar,development
2022-07-26,2022-07-28,short_iron_fly_w200,paired_sample_incomplete:intraday:duplicate_exact_contract_bar;overnight:duplicate_exact_contract_bar,development
2022-07-26,2022-07-28,short_iron_fly_w300,paired_sample_incomplete:intraday:duplicate_exact_contract_bar;overnight:duplicate_exact_contract_bar,development
2022-07-26,2022-07-28,long_iron_fly_w100,paired_sample_incomplete:intraday:duplicate_exact_contract_bar;overnight:duplicate_exact_contract_bar,development
2022-07-26,2022-07-28,long_iron_fly_w200,paired_sample_incomplete:intraday:duplicate_exact_contract_bar;overnight:duplicate_exact_contract_bar,development
2022-07-26,2022-07-28,long_iron_fly_w300,paired_sample_incomplete:intraday:duplicate_exact_contract_bar;overnight:duplicate_exact_contract_bar,development
2022-07-26,2022-07-28,short_iron_condor_100_300,paired_sample_incomplete:intraday:duplicate_exact_contract_bar;overnight:duplicate_exact_contract_bar,development
2022-07-26,2022-07-28,bull_put_credit_100_300,paired_sample_incomplete:intraday:duplicate_exact_contract_bar;overnight:duplicate_exact_contract_bar,development
2022-07-26,2022-07-28,bear_call_credit_100_300,paired_sample_incomplete:intraday:duplicate_exact_contract_bar;overnight:duplicate_exact_contract_bar,development
2022-07-27,2022-08-04,short_atm_straddle,paired_sample_incomplete:intraday:duplicate_exact_contract_bar;overnight:duplicate_exact_contract_bar,development
2022-07-27,2022-08-04,short_iron_fly_w100,paired_sample_incomplete:intraday:duplicate_exact_contract_bar;overnight:duplicate_exact_contract_bar,development
2022-07-27,2022-08-04,short_iron_fly_w200,paired_sample_incomplete:intraday:duplicate_exact_contract_bar;overnight:duplicate_exact_contract_bar,development
2022-07-27,2022-08-04,short_iron_fly_w300,paired_sample_incomplete:intraday:duplicate_exact_contract_bar;overnight:duplicate_exact_contract_bar,development
2022-07-27,2022-08-04,long_iron_fly_w100,paired_sample_incomplete:intraday:duplicate_exact_contract_bar;overnight:duplicate_exact_contract_bar,development
2022-07-27,2022-08-04,long_iron_fly_w200,paired_sample_incomplete:intraday:duplicate_exact_contract_bar;overnight:duplicate_exact_contract_bar,development
2022-07-27,2022-08-04,long_iron_fly_w300,paired_sample_incomplete:intraday:duplicate_exact_contract_bar;overnight:duplicate_exact_contract_bar,development
2022-07-27,2022-08-04,short_iron_condor_100_300,paired_sample_incomplete:intraday:duplicate_exact_contract_bar;overnight:duplicate_exact_contract_bar,development
2022-07-27,2022-08-04,bull_put_credit_100_300,paired_sample_incomplete:intraday:duplicate_exact_contract_bar;overnight:duplicate_exact_contract_bar,development
2022-07-27,2022-08-04,bear_call_credit_100_300,paired_sample_incomplete:intraday:duplicate_exact_contract_bar;overnight:duplicate_exact_contract_bar,development
2022-07-28,2022-08-04,short_atm_straddle,paired_sample_incomplete:intraday:duplicate_exact_contract_bar;overnight:duplicate_exact_contract_bar,development
2022-07-28,2022-08-04,short_iron_fly_w100,paired_sample_incomplete:intraday:duplicate_exact_contract_bar;overnight:duplicate_exact_contract_bar,development
2022-07-28,2022-08-04,short_iron_fly_w200,paired_sample_incomplete:intraday:duplicate_exact_contract_bar;overnight:duplicate_exact_contract_bar,development
2022-07-28,2022-08-04,short_iron_fly_w300,paired_sample_incomplete:intraday:duplicate_exact_contract_bar;overnight:duplicate_exact_contract_bar,development
2022-07-28,2022-08-04,long_iron_fly_w100,paired_sample_incomplete:intraday:duplicate_exact_contract_bar;overnight:duplicate_exact_contract_bar,development
2022-07-28,2022-08-04,long_iron_fly_w200,paired_sample_incomplete:intraday:duplicate_exact_contract_bar;overnight:duplicate_exact_contract_bar,development
2022-07-28,2022-08-04,long_iron_fly_w300,paired_sample_incomplete:intraday:duplicate_exact_contract_bar;overnight:duplicate_exact_contract_bar,development
2022-07-28,2022-08-04,short_iron_condor_100_300,paired_sample_incomplete:intraday:duplicate_exact_contract_bar;overnight:duplicate_exact_contract_bar,development
2022-07-28,2022-08-04,bull_put_credit_100_300,paired_sample_incomplete:intraday:duplicate_exact_contract_bar;overnight:duplicate_exact_contract_bar,development
2022-07-28,2022-08-04,bear_call_credit_100_300,paired_sample_incomplete:intraday:duplicate_exact_contract_bar;overnight:duplicate_exact_contract_bar,development
2022-07-29,2022-08-04,short_atm_straddle,paired_sample_incomplete:intraday:duplicate_exact_contract_bar;overnight:duplicate_exact_contract_bar,development
2022-07-29,2022-08-04,short_iron_fly_w100,paired_sample_incomplete:intraday:duplicate_exact_contract_bar;overnight:duplicate_exact_contract_bar,development
2022-07-29,2022-08-04,short_iron_fly_w200,paired_sample_incomplete:intraday:duplicate_exact_contract_bar;overnight:duplicate_exact_contract_bar,development
2022-07-29,2022-08-04,short_iron_fly_w300,paired_sample_incomplete:intraday:duplicate_exact_contract_bar;overnight:duplicate_exact_contract_bar,development
2022-07-29,2022-08-04,long_iron_fly_w100,paired_sample_incomplete:intraday:duplicate_exact_contract_bar;overnight:duplicate_exact_contract_bar,development
2022-07-29,2022-08-04,long_iron_fly_w200,paired_sample_incomplete:intraday:duplicate_exact_contract_bar;overnight:duplicate_exact_contract_bar,development
2022-07-29,2022-08-04,long_iron_fly_w300,paired_sample_incomplete:intraday:duplicate_exact_contract_bar;overnight:duplicate_exact_contract_bar,development
2022-07-29,2022-08-04,short_iron_condor_100_300,paired_sample_incomplete:intraday:duplicate_exact_contract_bar;overnight:duplicate_exact_contract_bar,development
2022-07-29,2022-08-04,bull_put_credit_100_300,paired_sample_incomplete:intraday:duplicate_exact_contract_bar;overnight:duplicate_exact_contract_bar,development
2022-07-29,2022-08-04,bear_call_credit_100_300,paired_sample_incomplete:intraday:duplicate_exact_contract_bar;overnight:duplicate_exact_contract_bar,development
2022-08-01,2022-08-04,short_atm_straddle,paired_sample_incomplete:intraday:duplicate_exact_contract_bar;overnight:duplicate_exact_contract_bar,development
2022-08-01,2022-08-04,short_iron_fly_w100,paired_sample_incomplete:intraday:duplicate_exact_contract_bar;overnight:duplicate_exact_contract_bar,development
2022-08-01,2022-08-04,short_iron_fly_w200,paired_sample_incomplete:intraday:duplicate_exact_contract_bar;overnight:duplicate_exact_contract_bar,development
2022-08-01,2022-08-04,short_iron_fly_w300,paired_sample_incomplete:intraday:duplicate_exact_contract_bar;overnight:duplicate_exact_contract_bar,development
2022-08-01,2022-08-04,long_iron_fly_w100,paired_sample_incomplete:intraday:duplicate_exact_contract_bar;overnight:duplicate_exact_contract_bar,development
2022-08-01,2022-08-04,long_iron_fly_w200,paired_sample_incomplete:intraday:duplicate_exact_contract_bar;overnight:duplicate_exact_contract_bar,development
2022-08-01,2022-08-04,long_iron_fly_w300,paired_sample_incomplete:intraday:duplicate_exact_contract_bar;overnight:duplicate_exact_contract_bar,development
2022-08-01,2022-08-04,short_iron_condor_100_300,paired_sample_incomplete:intraday:duplicate_exact_contract_bar;overnight:duplicate_exact_contract_bar,development
2022-08-01,2022-08-04,bull_put_credit_100_300,paired_sample_incomplete:intraday:duplicate_exact_contract_bar;overnight:duplicate_exact_contract_bar,development
2022-08-02,2022-08-04,short_atm_straddle,paired_sample_incomplete:intraday:duplicate_exact_contract_bar;overnight:duplicate_exact_contract_bar,development
2022-08-02,2022-08-04,short_iron_fly_w100,paired_sample_incomplete:intraday:duplicate_exact_contract_bar;overnight:duplicate_exact_contract_bar,development
2022-08-02,2022-08-04,short_iron_fly_w200,paired_sample_incomplete:intraday:duplicate_exact_contract_bar;overnight:duplicate_exact_contract_bar,development
2022-08-02,2022-08-04,short_iron_fly_w300,paired_sample_incomplete:intraday:duplicate_exact_contract_bar;overnight:duplicate_exact_contract_bar,development
2022-08-02,2022-08-04,long_iron_fly_w100,paired_sample_incomplete:intraday:duplicate_exact_contract_bar;overnight:duplicate_exact_contract_bar,development
2022-08-02,2022-08-04,long_iron_fly_w200,paired_sample_incomplete:intraday:duplicate_exact_contract_bar;overnight:duplicate_exact_contract_bar,development
2022-08-02,2022-08-04,long_iron_fly_w300,paired_sample_incomplete:intraday:duplicate_exact_contract_bar;overnight:duplicate_exact_contract_bar,development
2022-08-02,2022-08-04,short_iron_condor_100_300,paired_sample_incomplete:intraday:duplicate_exact_contract_bar;overnight:duplicate_exact_contract_bar,development
2022-08-02,2022-08-04,bull_put_credit_100_300,paired_sample_incomplete:intraday:duplicate_exact_contract_bar;overnight:duplicate_exact_contract_bar,development
2022-08-02,2022-08-04,bear_call_credit_100_300,paired_sample_incomplete:intraday:duplicate_exact_contract_bar;overnight:duplicate_exact_contract_bar,development
2022-08-03,2022-08-11,short_atm_straddle,paired_sample_incomplete:intraday:duplicate_exact_contract_bar;overnight:duplicate_exact_contract_bar,development
2022-08-03,2022-08-11,short_iron_fly_w100,paired_sample_incomplete:intraday:duplicate_exact_contract_bar;overnight:duplicate_exact_contract_bar,development
2022-08-03,2022-08-11,short_iron_fly_w200,paired_sample_incomplete:intraday:duplicate_exact_contract_bar;overnight:duplicate_exact_contract_bar,development
2022-08-03,2022-08-11,short_iron_fly_w300,paired_sample_incomplete:intraday:duplicate_exact_contract_bar;overnight:duplicate_exact_contract_bar,development
2022-08-03,2022-08-11,long_iron_fly_w100,paired_sample_incomplete:intraday:duplicate_exact_contract_bar;overnight:duplicate_exact_contract_bar,development
2022-08-03,2022-08-11,long_iron_fly_w200,paired_sample_incomplete:intraday:duplicate_exact_contract_bar;overnight:duplicate_exact_contract_bar,development
2022-08-03,2022-08-11,long_iron_fly_w300,paired_sample_incomplete:intraday:duplicate_exact_contract_bar;overnight:duplicate_exact_contract_bar,development
2022-08-03,2022-08-11,short_iron_condor_100_300,paired_sample_incomplete:intraday:duplicate_exact_contract_bar;overnight:duplicate_exact_contract_bar,development
2022-08-03,2022-08-11,bull_put_credit_100_300,paired_sample_incomplete:intraday:duplicate_exact_contract_bar;overnight:duplicate_exact_contract_bar,development
2022-08-03,2022-08-11,bear_call_credit_100_300,paired_sample_incomplete:intraday:duplicate_exact_contract_bar;overnight:duplicate_exact_contract_bar,development
2022-08-04,2022-08-11,short_atm_straddle,paired_sample_incomplete:intraday:duplicate_exact_contract_bar;overnight:duplicate_exact_contract_bar,development
2022-08-04,2022-08-11,short_iron_fly_w100,paired_sample_incomplete:intraday:duplicate_exact_contract_bar;overnight:duplicate_exact_contract_bar,development
2022-08-04,2022-08-11,short_iron_fly_w200,paired_sample_incomplete:intraday:duplicate_exact_contract_bar;overnight:duplicate_exact_contract_bar,development
2022-08-04,2022-08-11,short_iron_fly_w300,paired_sample_incomplete:intraday:duplicate_exact_contract_bar;overnight:duplicate_exact_contract_bar,development
2022-08-04,2022-08-11,long_iron_fly_w100,paired_sample_incomplete:intraday:duplicate_exact_contract_bar;overnight:duplicate_exact_contract_bar,development
2022-08-04,2022-08-11,long_iron_fly_w200,paired_sample_incomplete:intraday:duplicate_exact_contract_bar;overnight:duplicate_exact_contract_bar,development
2022-08-04,2022-08-11,long_iron_fly_w300,paired_sample_incomplete:intraday:duplicate_exact_contract_bar;overnight:duplicate_exact_contract_bar,development
2022-08-04,2022-08-11,short_iron_condor_100_300,paired_sample_incomplete:intraday:duplicate_exact_contract_bar;overnight:duplicate_exact_contract_bar,development
2022-08-04,2022-08-11,bull_put_credit_100_300,paired_sample_incomplete:intraday:duplicate_exact_contract_bar;overnight:duplicate_exact_contract_bar,development
2022-08-04,2022-08-11,bear_call_credit_100_300,paired_sample_incomplete:intraday:duplicate_exact_contract_bar;overnight:duplicate_exact_contract_bar,development
2022-08-05,2022-08-11,short_atm_straddle,paired_sample_incomplete:intraday:duplicate_exact_contract_bar;overnight:duplicate_exact_contract_bar,development
2022-08-05,2022-08-11,short_iron_fly_w100,paired_sample_incomplete:intraday:duplicate_exact_contract_bar;overnight:duplicate_exact_contract_bar,development
2022-08-05,2022-08-11,short_iron_fly_w200,paired_sample_incomplete:intraday:duplicate_exact_contract_bar;overnight:duplicate_exact_contract_bar,development
2022-08-05,2022-08-11,short_iron_fly_w300,paired_sample_incomplete:intraday:duplicate_exact_contract_bar;overnight:duplicate_exact_contract_bar,development
2022-08-05,2022-08-11,long_iron_fly_w100,paired_sample_incomplete:intraday:duplicate_exact_contract_bar;overnight:duplicate_exact_contract_bar,development
2022-08-05,2022-08-11,long_iron_fly_w200,paired_sample_incomplete:intraday:duplicate_exact_contract_bar;overnight:duplicate_exact_contract_bar,development
2022-08-05,2022-08-11,long_iron_fly_w300,paired_sample_incomplete:intraday:duplicate_exact_contract_bar;overnight:duplicate_exact_contract_bar,development
2022-08-05,2022-08-11,short_iron_condor_100_300,paired_sample_incomplete:intraday:duplicate_exact_contract_bar;overnight:duplicate_exact_contract_bar,development
2022-08-05,2022-08-11,bull_put_credit_100_300,paired_sample_incomplete:intraday:duplicate_exact_contract_bar;overnight:duplicate_exact_contract_bar,development
2022-08-05,2022-08-11,bear_call_credit_100_300,paired_sample_incomplete:intraday:duplicate_exact_contract_bar;overnight:duplicate_exact_contract_bar,development
2022-08-08,2022-08-11,short_atm_straddle,paired_sample_incomplete:intraday:duplicate_exact_contract_bar;overnight:duplicate_exact_contract_bar,development
2022-08-08,2022-08-11,short_iron_fly_w100,paired_sample_incomplete:intraday:duplicate_exact_contract_bar;overnight:duplicate_exact_contract_bar,development
2022-08-08,2022-08-11,short_iron_fly_w200,paired_sample_incomplete:intraday:duplicate_exact_contract_bar;overnight:duplicate_exact_contract_bar,development
2022-08-08,2022-08-11,short_iron_fly_w300,paired_sample_incomplete:intraday:duplicate_exact_contract_bar;overnight:duplicate_exact_contract_bar,development
2022-08-08,2022-08-11,long_iron_fly_w100,paired_sample_incomplete:intraday:duplicate_exact_contract_bar;overnight:duplicate_exact_contract_bar,development
2022-08-08,2022-08-11,long_iron_fly_w200,paired_sample_incomplete:intraday:duplicate_exact_contract_bar;overnight:duplicate_exact_contract_bar,development
2022-08-08,2022-08-11,long_iron_fly_w300,paired_sample_incomplete:intraday:duplicate_exact_contract_bar;overnight:duplicate_exact_contract_bar,development
2022-08-08,2022-08-11,short_iron_condor_100_300,paired_sample_incomplete:intraday:duplicate_exact_contract_bar;overnight:duplicate_exact_contract_bar,development
2022-08-08,2022-08-11,bull_put_credit_100_300,paired_sample_incomplete:intraday:duplicate_exact_contract_bar;overnight:duplicate_exact_contract_bar,development
2022-08-08,2022-08-11,bear_call_credit_100_300,paired_sample_incomplete:intraday:duplicate_exact_contract_bar;overnight:duplicate_exact_contract_bar,development
2022-08-10,2022-08-18,short_atm_straddle,paired_sample_incomplete:intraday:duplicate_exact_contract_bar;overnight:duplicate_exact_contract_bar,development
2022-08-10,2022-08-18,short_iron_fly_w100,paired_sample_incomplete:intraday:duplicate_exact_contract_bar;overnight:duplicate_exact_contract_bar,development
2022-08-10,2022-08-18,short_iron_fly_w200,paired_sample_incomplete:intraday:duplicate_exact_contract_bar;overnight:duplicate_exact_contract_bar,development
2022-08-10,2022-08-18,short_iron_fly_w300,paired_sample_incomplete:intraday:duplicate_exact_contract_bar;overnight:duplicate_exact_contract_bar,development
2022-08-10,2022-08-18,long_iron_fly_w100,paired_sample_incomplete:intraday:duplicate_exact_contract_bar;overnight:duplicate_exact_contract_bar,development
2022-08-10,2022-08-18,long_iron_fly_w200,paired_sample_incomplete:intraday:duplicate_exact_contract_bar;overnight:duplicate_exact_contract_bar,development
2022-08-10,2022-08-18,long_iron_fly_w300,paired_sample_incomplete:intraday:duplicate_exact_contract_bar;overnight:duplicate_exact_contract_bar,development
2022-08-10,2022-08-18,short_iron_condor_100_300,paired_sample_incomplete:intraday:duplicate_exact_contract_bar;overnight:duplicate_exact_contract_bar,development
2022-08-10,2022-08-18,bull_put_credit_100_300,paired_sample_incomplete:intraday:duplicate_exact_contract_bar;overnight:duplicate_exact_contract_bar,development
2022-08-10,2022-08-18,bear_call_credit_100_300,paired_sample_incomplete:intraday:duplicate_exact_contract_bar;overnight:duplicate_exact_contract_bar,development
2022-08-11,2022-08-18,short_atm_straddle,paired_sample_incomplete:intraday:duplicate_exact_contract_bar;overnight:duplicate_exact_contract_bar,development
2022-08-11,2022-08-18,short_iron_fly_w100,paired_sample_incomplete:intraday:duplicate_exact_contract_bar;overnight:duplicate_exact_contract_bar,development
2022-08-11,2022-08-18,short_iron_fly_w200,paired_sample_incomplete:intraday:duplicate_exact_contract_bar;overnight:duplicate_exact_contract_bar,development
2022-08-11,2022-08-18,short_iron_fly_w300,paired_sample_incomplete:intraday:duplicate_exact_contract_bar;overnight:duplicate_exact_contract_bar,development
2022-08-11,2022-08-18,long_iron_fly_w100,paired_sample_incomplete:intraday:duplicate_exact_contract_bar;overnight:duplicate_exact_contract_bar,development
2022-08-11,2022-08-18,long_iron_fly_w200,paired_sample_incomplete:intraday:duplicate_exact_contract_bar;overnight:duplicate_exact_contract_bar,development
2022-08-11,2022-08-18,long_iron_fly_w300,paired_sample_incomplete:intraday:duplicate_exact_contract_bar;overnight:duplicate_exact_contract_bar,development
2022-08-11,2022-08-18,short_iron_condor_100_300,paired_sample_incomplete:intraday:duplicate_exact_contract_bar;overnight:duplicate_exact_contract_bar,development
2022-08-11,2022-08-18,bull_put_credit_100_300,paired_sample_incomplete:intraday:duplicate_exact_contract_bar;overnight:duplicate_exact_contract_bar,development
2022-08-11,2022-08-18,bear_call_credit_100_300,paired_sample_incomplete:intraday:duplicate_exact_contract_bar;overnight:duplicate_exact_contract_bar,development
2022-08-12,2022-08-18,short_atm_straddle,paired_sample_incomplete:intraday:duplicate_exact_contract_bar;overnight:duplicate_exact_contract_bar,development
2022-08-12,2022-08-18,short_iron_fly_w100,paired_sample_incomplete:intraday:duplicate_exact_contract_bar;overnight:duplicate_exact_contract_bar,development
2022-08-12,2022-08-18,short_iron_fly_w200,paired_sample_incomplete:intraday:duplicate_exact_contract_bar;overnight:duplicate_exact_contract_bar,development
2022-08-12,2022-08-18,short_iron_fly_w300,paired_sample_incomplete:intraday:duplicate_exact_contract_bar;overnight:duplicate_exact_contract_bar,development
2022-08-12,2022-08-18,long_iron_fly_w100,paired_sample_incomplete:intraday:duplicate_exact_contract_bar;overnight:duplicate_exact_contract_bar,development
2022-08-12,2022-08-18,long_iron_fly_w200,paired_sample_incomplete:intraday:duplicate_exact_contract_bar;overnight:duplicate_exact_contract_bar,development
2022-08-12,2022-08-18,long_iron_fly_w300,paired_sample_incomplete:intraday:duplicate_exact_contract_bar;overnight:duplicate_exact_contract_bar,development
2022-08-12,2022-08-18,short_iron_condor_100_300,paired_sample_incomplete:intraday:duplicate_exact_contract_bar;overnight:duplicate_exact_contract_bar,development
2022-08-12,2022-08-18,bull_put_credit_100_300,paired_sample_incomplete:intraday:duplicate_exact_contract_bar;overnight:duplicate_exact_contract_bar,development
2022-08-12,2022-08-18,bear_call_credit_100_300,paired_sample_incomplete:intraday:duplicate_exact_contract_bar;overnight:duplicate_exact_contract_bar,development
2022-08-16,2022-08-18,short_atm_straddle,paired_sample_incomplete:intraday:duplicate_exact_contract_bar;overnight:duplicate_exact_contract_bar,development
2022-08-16,2022-08-18,short_iron_fly_w100,paired_sample_incomplete:intraday:duplicate_exact_contract_bar;overnight:duplicate_exact_contract_bar,development
2022-08-16,2022-08-18,short_iron_fly_w200,paired_sample_incomplete:intraday:duplicate_exact_contract_bar;overnight:duplicate_exact_contract_bar,development
2022-08-16,2022-08-18,short_iron_fly_w300,paired_sample_incomplete:intraday:duplicate_exact_contract_bar;overnight:duplicate_exact_contract_bar,development
2022-08-16,2022-08-18,long_iron_fly_w100,paired_sample_incomplete:intraday:duplicate_exact_contract_bar;overnight:duplicate_exact_contract_bar,development
2022-08-16,2022-08-18,long_iron_fly_w200,paired_sample_incomplete:intraday:duplicate_exact_contract_bar;overnight:duplicate_exact_contract_bar,development
2022-08-16,2022-08-18,long_iron_fly_w300,paired_sample_incomplete:intraday:duplicate_exact_contract_bar;overnight:duplicate_exact_contract_bar,development
2022-08-16,2022-08-18,short_iron_condor_100_300,paired_sample_incomplete:intraday:duplicate_exact_contract_bar;overnight:duplicate_exact_contract_bar,development
2022-08-16,2022-08-18,bull_put_credit_100_300,paired_sample_incomplete:intraday:duplicate_exact_contract_bar;overnight:duplicate_exact_contract_bar,development
2022-08-16,2022-08-18,bear_call_credit_100_300,paired_sample_incomplete:intraday:duplicate_exact_contract_bar;overnight:duplicate_exact_contract_bar,development
2022-08-17,2022-08-25,short_atm_straddle,paired_sample_incomplete:intraday:duplicate_exact_contract_bar;overnight:duplicate_exact_contract_bar,development
2022-08-17,2022-08-25,short_iron_fly_w100,paired_sample_incomplete:intraday:duplicate_exact_contract_bar;overnight:duplicate_exact_contract_bar,development
2022-08-17,2022-08-25,short_iron_fly_w200,paired_sample_incomplete:intraday:duplicate_exact_contract_bar;overnight:duplicate_exact_contract_bar,development
2022-08-17,2022-08-25,short_iron_fly_w300,paired_sample_incomplete:intraday:duplicate_exact_contract_bar;overnight:duplicate_exact_contract_bar,development
2022-08-17,2022-08-25,long_iron_fly_w100,paired_sample_incomplete:intraday:duplicate_exact_contract_bar;overnight:duplicate_exact_contract_bar,development
2022-08-17,2022-08-25,long_iron_fly_w200,paired_sample_incomplete:intraday:duplicate_exact_contract_bar;overnight:duplicate_exact_contract_bar,development
2022-08-17,2022-08-25,long_iron_fly_w300,paired_sample_incomplete:intraday:duplicate_exact_contract_bar;overnight:duplicate_exact_contract_bar,development
2022-08-17,2022-08-25,short_iron_condor_100_300,paired_sample_incomplete:intraday:duplicate_exact_contract_bar;overnight:duplicate_exact_contract_bar,development
2022-08-17,2022-08-25,bull_put_credit_100_300,paired_sample_incomplete:intraday:duplicate_exact_contract_bar;overnight:duplicate_exact_contract_bar,development
2022-08-17,2022-08-25,bear_call_credit_100_300,paired_sample_incomplete:intraday:duplicate_exact_contract_bar;overnight:duplicate_exact_contract_bar,development
2022-08-18,2022-08-25,short_atm_straddle,paired_sample_incomplete:intraday:duplicate_exact_contract_bar;overnight:duplicate_exact_contract_bar,development
2022-08-18,2022-08-25,short_iron_fly_w100,paired_sample_incomplete:intraday:duplicate_exact_contract_bar;overnight:duplicate_exact_contract_bar,development
2022-08-18,2022-08-25,short_iron_fly_w200,paired_sample_incomplete:intraday:duplicate_exact_contract_bar;overnight:duplicate_exact_contract_bar,development
2022-08-18,2022-08-25,short_iron_fly_w300,paired_sample_incomplete:intraday:duplicate_exact_contract_bar;overnight:duplicate_exact_contract_bar,development
2022-08-18,2022-08-25,long_iron_fly_w100,paired_sample_incomplete:intraday:duplicate_exact_contract_bar;overnight:duplicate_exact_contract_bar,development
2022-08-18,2022-08-25,long_iron_fly_w200,paired_sample_incomplete:intraday:duplicate_exact_contract_bar;overnight:duplicate_exact_contract_bar,development
2022-08-18,2022-08-25,long_iron_fly_w300,paired_sample_incomplete:intraday:duplicate_exact_contract_bar;overnight:duplicate_exact_contract_bar,development
2022-08-18,2022-08-25,short_iron_condor_100_300,paired_sample_incomplete:intraday:duplicate_exact_contract_bar;overnight:duplicate_exact_contract_bar,development
2022-08-18,2022-08-25,bull_put_credit_100_300,paired_sample_incomplete:intraday:duplicate_exact_contract_bar;overnight:duplicate_exact_contract_bar,development
2022-08-18,2022-08-25,bear_call_credit_100_300,paired_sample_incomplete:intraday:duplicate_exact_contract_bar;overnight:duplicate_exact_contract_bar,development
2022-08-19,2022-08-25,short_atm_straddle,paired_sample_incomplete:intraday:duplicate_exact_contract_bar;overnight:duplicate_exact_contract_bar,development
2022-08-19,2022-08-25,short_iron_fly_w100,paired_sample_incomplete:intraday:duplicate_exact_contract_bar;overnight:duplicate_exact_contract_bar,development
2022-08-19,2022-08-25,short_iron_fly_w200,paired_sample_incomplete:intraday:duplicate_exact_contract_bar;overnight:duplicate_exact_contract_bar,development
2022-08-19,2022-08-25,short_iron_fly_w300,paired_sample_incomplete:intraday:duplicate_exact_contract_bar;overnight:duplicate_exact_contract_bar,development
2022-08-19,2022-08-25,long_iron_fly_w100,paired_sample_incomplete:intraday:duplicate_exact_contract_bar;overnight:duplicate_exact_contract_bar,development
2022-08-19,2022-08-25,long_iron_fly_w200,paired_sample_incomplete:intraday:duplicate_exact_contract_bar;overnight:duplicate_exact_contract_bar,development
2022-08-19,2022-08-25,long_iron_fly_w300,paired_sample_incomplete:intraday:duplicate_exact_contract_bar;overnight:duplicate_exact_contract_bar,development
2022-08-19,2022-08-25,short_iron_condor_100_300,paired_sample_incomplete:intraday:duplicate_exact_contract_bar;overnight:duplicate_exact_contract_bar,development
2022-08-19,2022-08-25,bull_put_credit_100_300,paired_sample_incomplete:intraday:duplicate_exact_contract_bar;overnight:duplicate_exact_contract_bar,development
2022-08-19,2022-08-25,bear_call_credit_100_300,paired_sample_incomplete:intraday:duplicate_exact_contract_bar;overnight:duplicate_exact_contract_bar,development
2022-08-22,2022-08-25,short_atm_straddle,paired_sample_incomplete:intraday:duplicate_exact_contract_bar;overnight:duplicate_exact_contract_bar,development
2022-08-22,2022-08-25,short_iron_fly_w100,paired_sample_incomplete:intraday:duplicate_exact_contract_bar;overnight:duplicate_exact_contract_bar,development
2022-08-22,2022-08-25,short_iron_fly_w200,paired_sample_incomplete:intraday:duplicate_exact_contract_bar;overnight:duplicate_exact_contract_bar,development
2022-08-22,2022-08-25,short_iron_fly_w300,paired_sample_incomplete:intraday:duplicate_exact_contract_bar;overnight:duplicate_exact_contract_bar,development
2022-08-22,2022-08-25,long_iron_fly_w100,paired_sample_incomplete:intraday:duplicate_exact_contract_bar;overnight:duplicate_exact_contract_bar,development
2022-08-22,2022-08-25,long_iron_fly_w200,paired_sample_incomplete:intraday:duplicate_exact_contract_bar;overnight:duplicate_exact_contract_bar,development
2022-08-22,2022-08-25,long_iron_fly_w300,paired_sample_incomplete:intraday:duplicate_exact_contract_bar;overnight:duplicate_exact_contract_bar,development
2022-08-22,2022-08-25,short_iron_condor_100_300,paired_sample_incomplete:intraday:duplicate_exact_contract_bar;overnight:duplicate_exact_contract_bar,development
2022-08-22,2022-08-25,bull_put_credit_100_300,paired_sample_incomplete:intraday:duplicate_exact_contract_bar;overnight:duplicate_exact_contract_bar,development
2022-08-22,2022-08-25,bear_call_credit_100_300,paired_sample_incomplete:intraday:duplicate_exact_contract_bar;overnight:duplicate_exact_contract_bar,development
2022-08-23,2022-08-25,short_atm_straddle,paired_sample_incomplete:intraday:duplicate_exact_contract_bar;overnight:duplicate_exact_contract_bar,development
2022-08-23,2022-08-25,short_iron_fly_w100,paired_sample_incomplete:intraday:duplicate_exact_contract_bar;overnight:duplicate_exact_contract_bar,development
2022-08-23,2022-08-25,short_iron_fly_w200,paired_sample_incomplete:intraday:duplicate_exact_contract_bar;overnight:duplicate_exact_contract_bar,development
2022-08-23,2022-08-25,short_iron_fly_w300,paired_sample_incomplete:intraday:duplicate_exact_contract_bar;overnight:duplicate_exact_contract_bar,development
2022-08-23,2022-08-25,long_iron_fly_w100,paired_sample_incomplete:intraday:duplicate_exact_contract_bar;overnight:duplicate_exact_contract_bar,development
2022-08-23,2022-08-25,long_iron_fly_w200,paired_sample_incomplete:intraday:duplicate_exact_contract_bar;overnight:duplicate_exact_contract_bar,development
2022-08-23,2022-08-25,long_iron_fly_w300,paired_sample_incomplete:intraday:duplicate_exact_contract_bar;overnight:duplicate_exact_contract_bar,development
2022-08-23,2022-08-25,short_iron_condor_100_300,paired_sample_incomplete:intraday:duplicate_exact_contract_bar;overnight:duplicate_exact_contract_bar,development
2022-08-23,2022-08-25,bull_put_credit_100_300,paired_sample_incomplete:intraday:duplicate_exact_contract_bar;overnight:duplicate_exact_contract_bar,development
2022-08-23,2022-08-25,bear_call_credit_100_300,paired_sample_incomplete:intraday:duplicate_exact_contract_bar;overnight:duplicate_exact_contract_bar,development
2022-08-24,2022-09-01,short_atm_straddle,paired_sample_incomplete:intraday:duplicate_exact_contract_bar;overnight:duplicate_exact_contract_bar,development
2022-08-24,2022-09-01,short_iron_fly_w100,paired_sample_incomplete:intraday:duplicate_exact_contract_bar;overnight:duplicate_exact_contract_bar,development
2022-08-24,2022-09-01,short_iron_fly_w200,paired_sample_incomplete:intraday:duplicate_exact_contract_bar;overnight:duplicate_exact_contract_bar,development
2022-08-24,2022-09-01,short_iron_fly_w300,paired_sample_incomplete:intraday:duplicate_exact_contract_bar;overnight:duplicate_exact_contract_bar,development
2022-08-24,2022-09-01,long_iron_fly_w100,paired_sample_incomplete:intraday:duplicate_exact_contract_bar;overnight:duplicate_exact_contract_bar,development
2022-08-24,2022-09-01,long_iron_fly_w200,paired_sample_incomplete:intraday:duplicate_exact_contract_bar;overnight:duplicate_exact_contract_bar,development
2022-08-24,2022-09-01,long_iron_fly_w300,paired_sample_incomplete:intraday:duplicate_exact_contract_bar;overnight:duplicate_exact_contract_bar,development
2022-08-24,2022-09-01,short_iron_condor_100_300,paired_sample_incomplete:intraday:duplicate_exact_contract_bar;overnight:duplicate_exact_contract_bar,development
2022-08-24,2022-09-01,bull_put_credit_100_300,paired_sample_incomplete:intraday:duplicate_exact_contract_bar;overnight:duplicate_exact_contract_bar,development
2022-08-25,2022-09-01,short_atm_straddle,paired_sample_incomplete:intraday:duplicate_exact_contract_bar;overnight:duplicate_exact_contract_bar,development
2022-08-25,2022-09-01,short_iron_fly_w100,paired_sample_incomplete:intraday:duplicate_exact_contract_bar;overnight:duplicate_exact_contract_bar,development
2022-08-25,2022-09-01,short_iron_fly_w200,paired_sample_incomplete:intraday:duplicate_exact_contract_bar;overnight:duplicate_exact_contract_bar,development
2022-08-25,2022-09-01,short_iron_fly_w300,paired_sample_incomplete:intraday:duplicate_exact_contract_bar;overnight:duplicate_exact_contract_bar,development
2022-08-25,2022-09-01,long_iron_fly_w100,paired_sample_incomplete:intraday:duplicate_exact_contract_bar;overnight:duplicate_exact_contract_bar,development
2022-08-25,2022-09-01,long_iron_fly_w200,paired_sample_incomplete:intraday:duplicate_exact_contract_bar;overnight:duplicate_exact_contract_bar,development
2022-08-25,2022-09-01,long_iron_fly_w300,paired_sample_incomplete:intraday:duplicate_exact_contract_bar;overnight:duplicate_exact_contract_bar,development
2022-08-25,2022-09-01,short_iron_condor_100_300,paired_sample_incomplete:intraday:duplicate_exact_contract_bar;overnight:duplicate_exact_contract_bar,development
2022-08-25,2022-09-01,bull_put_credit_100_300,paired_sample_incomplete:intraday:duplicate_exact_contract_bar;overnight:duplicate_exact_contract_bar,development
2022-08-25,2022-09-01,bear_call_credit_100_300,paired_sample_incomplete:intraday:duplicate_exact_contract_bar;overnight:duplicate_exact_contract_bar,development
2022-08-26,2022-09-01,short_atm_straddle,paired_sample_incomplete:intraday:duplicate_exact_contract_bar;overnight:duplicate_exact_contract_bar,development
2022-08-26,2022-09-01,short_iron_fly_w100,paired_sample_incomplete:intraday:duplicate_exact_contract_bar;overnight:duplicate_exact_contract_bar,development
2022-08-26,2022-09-01,short_iron_fly_w200,paired_sample_incomplete:intraday:duplicate_exact_contract_bar;overnight:duplicate_exact_contract_bar,development
2022-08-26,2022-09-01,short_iron_fly_w300,paired_sample_incomplete:intraday:duplicate_exact_contract_bar;overnight:duplicate_exact_contract_bar,development
2022-08-26,2022-09-01,long_iron_fly_w100,paired_sample_incomplete:intraday:duplicate_exact_contract_bar;overnight:duplicate_exact_contract_bar,development
2022-08-26,2022-09-01,long_iron_fly_w200,paired_sample_incomplete:intraday:duplicate_exact_contract_bar;overnight:duplicate_exact_contract_bar,development
2022-08-26,2022-09-01,long_iron_fly_w300,paired_sample_incomplete:intraday:duplicate_exact_contract_bar;overnight:duplicate_exact_contract_bar,development
2022-08-26,2022-09-01,short_iron_condor_100_300,paired_sample_incomplete:intraday:duplicate_exact_contract_bar;overnight:duplicate_exact_contract_bar,development
2022-08-26,2022-09-01,bull_put_credit_100_300,paired_sample_incomplete:intraday:duplicate_exact_contract_bar;overnight:duplicate_exact_contract_bar,development
2022-08-26,2022-09-01,bear_call_credit_100_300,paired_sample_incomplete:intraday:duplicate_exact_contract_bar;overnight:duplicate_exact_contract_bar,development
2022-08-29,2022-09-01,short_atm_straddle,paired_sample_incomplete:intraday:duplicate_exact_contract_bar;overnight:duplicate_exact_contract_bar,development
2022-08-29,2022-09-01,short_iron_fly_w100,paired_sample_incomplete:intraday:duplicate_exact_contract_bar;overnight:duplicate_exact_contract_bar,development
2022-08-29,2022-09-01,short_iron_fly_w200,paired_sample_incomplete:intraday:duplicate_exact_contract_bar;overnight:duplicate_exact_contract_bar,development
2022-08-29,2022-09-01,short_iron_fly_w300,paired_sample_incomplete:intraday:duplicate_exact_contract_bar;overnight:duplicate_exact_contract_bar,development
2022-08-29,2022-09-01,long_iron_fly_w100,paired_sample_incomplete:intraday:duplicate_exact_contract_bar;overnight:duplicate_exact_contract_bar,development
2022-08-29,2022-09-01,long_iron_fly_w200,paired_sample_incomplete:intraday:duplicate_exact_contract_bar;overnight:duplicate_exact_contract_bar,development
2022-08-29,2022-09-01,long_iron_fly_w300,paired_sample_incomplete:intraday:duplicate_exact_contract_bar;overnight:duplicate_exact_contract_bar,development
2022-08-29,2022-09-01,short_iron_condor_100_300,paired_sample_incomplete:intraday:duplicate_exact_contract_bar;overnight:duplicate_exact_contract_bar,development
2022-08-29,2022-09-01,bull_put_credit_100_300,paired_sample_incomplete:intraday:duplicate_exact_contract_bar;overnight:duplicate_exact_contract_bar,development
2022-08-29,2022-09-01,bear_call_credit_100_300,paired_sample_incomplete:intraday:duplicate_exact_contract_bar;overnight:duplicate_exact_contract_bar,development
2022-08-30,2022-09-08,short_atm_straddle,paired_sample_incomplete:intraday:duplicate_exact_contract_bar;overnight:duplicate_exact_contract_bar,development
2022-08-30,2022-09-08,short_iron_fly_w100,paired_sample_incomplete:intraday:duplicate_exact_contract_bar;overnight:duplicate_exact_contract_bar,development
2022-08-30,2022-09-08,short_iron_fly_w200,paired_sample_incomplete:intraday:duplicate_exact_contract_bar;overnight:duplicate_exact_contract_bar,development
2022-08-30,2022-09-08,short_iron_fly_w300,paired_sample_incomplete:intraday:duplicate_exact_contract_bar;overnight:duplicate_exact_contract_bar,development
2022-08-30,2022-09-08,long_iron_fly_w100,paired_sample_incomplete:intraday:duplicate_exact_contract_bar;overnight:duplicate_exact_contract_bar,development
2022-08-30,2022-09-08,long_iron_fly_w200,paired_sample_incomplete:intraday:duplicate_exact_contract_bar;overnight:duplicate_exact_contract_bar,development
2022-08-30,2022-09-08,long_iron_fly_w300,paired_sample_incomplete:intraday:duplicate_exact_contract_bar;overnight:duplicate_exact_contract_bar,development
2022-08-30,2022-09-08,short_iron_condor_100_300,paired_sample_incomplete:intraday:duplicate_exact_contract_bar;overnight:duplicate_exact_contract_bar,development
2022-08-30,2022-09-08,bull_put_credit_100_300,paired_sample_incomplete:intraday:duplicate_exact_contract_bar;overnight:duplicate_exact_contract_bar,development
2022-09-01,2022-09-08,short_iron_fly_w100,paired_sample_incomplete:intraday:duplicate_exact_contract_bar;overnight:duplicate_exact_contract_bar,development
2022-09-01,2022-09-08,short_iron_fly_w200,paired_sample_incomplete:intraday:duplicate_exact_contract_bar;overnight:duplicate_exact_contract_bar,development
2022-09-01,2022-09-08,short_iron_fly_w300,paired_sample_incomplete:intraday:duplicate_exact_contract_bar;overnight:duplicate_exact_contract_bar,development
2022-09-01,2022-09-08,long_iron_fly_w100,paired_sample_incomplete:intraday:duplicate_exact_contract_bar;overnight:duplicate_exact_contract_bar,development
2022-09-01,2022-09-08,long_iron_fly_w200,paired_sample_incomplete:intraday:duplicate_exact_contract_bar;overnight:duplicate_exact_contract_bar,development
2022-09-01,2022-09-08,long_iron_fly_w300,paired_sample_incomplete:intraday:duplicate_exact_contract_bar;overnight:duplicate_exact_contract_bar,development
2022-09-01,2022-09-08,short_iron_condor_100_300,paired_sample_incomplete:intraday:duplicate_exact_contract_bar;overnight:duplicate_exact_contract_bar,development
2022-09-01,2022-09-08,bull_put_credit_100_300,paired_sample_incomplete:intraday:duplicate_exact_contract_bar;overnight:duplicate_exact_contract_bar,development
2022-09-01,2022-09-08,bear_call_credit_100_300,paired_sample_incomplete:intraday:duplicate_exact_contract_bar;overnight:duplicate_exact_contract_bar,development
2022-09-02,2022-09-08,short_atm_straddle,paired_sample_incomplete:intraday:duplicate_exact_contract_bar;overnight:duplicate_exact_contract_bar,development
2022-09-02,2022-09-08,short_iron_fly_w100,paired_sample_incomplete:intraday:duplicate_exact_contract_bar;overnight:duplicate_exact_contract_bar,development
2022-09-02,2022-09-08,short_iron_fly_w200,paired_sample_incomplete:intraday:duplicate_exact_contract_bar;overnight:duplicate_exact_contract_bar,development
2022-09-02,2022-09-08,short_iron_fly_w300,paired_sample_incomplete:intraday:duplicate_exact_contract_bar;overnight:duplicate_exact_contract_bar,development
2022-09-02,2022-09-08,long_iron_fly_w100,paired_sample_incomplete:intraday:duplicate_exact_contract_bar;overnight:duplicate_exact_contract_bar,development
2022-09-02,2022-09-08,long_iron_fly_w200,paired_sample_incomplete:intraday:duplicate_exact_contract_bar;overnight:duplicate_exact_contract_bar,development
2022-09-02,2022-09-08,long_iron_fly_w300,paired_sample_incomplete:intraday:duplicate_exact_contract_bar;overnight:duplicate_exact_contract_bar,development
2022-09-02,2022-09-08,short_iron_condor_100_300,paired_sample_incomplete:intraday:duplicate_exact_contract_bar;overnight:duplicate_exact_contract_bar,development
2022-09-02,2022-09-08,bull_put_credit_100_300,paired_sample_incomplete:intraday:duplicate_exact_contract_bar;overnight:duplicate_exact_contract_bar,development
2022-09-05,2022-09-08,short_atm_straddle,paired_sample_incomplete:intraday:duplicate_exact_contract_bar;overnight:duplicate_exact_contract_bar,development
2022-09-05,2022-09-08,short_iron_fly_w100,paired_sample_incomplete:intraday:duplicate_exact_contract_bar;overnight:duplicate_exact_contract_bar,development
2022-09-05,2022-09-08,short_iron_fly_w200,paired_sample_incomplete:intraday:duplicate_exact_contract_bar;overnight:duplicate_exact_contract_bar,development
2022-09-05,2022-09-08,short_iron_fly_w300,paired_sample_incomplete:intraday:duplicate_exact_contract_bar;overnight:duplicate_exact_contract_bar,development
2022-09-05,2022-09-08,long_iron_fly_w100,paired_sample_incomplete:intraday:duplicate_exact_contract_bar;overnight:duplicate_exact_contract_bar,development
2022-09-05,2022-09-08,long_iron_fly_w200,paired_sample_incomplete:intraday:duplicate_exact_contract_bar;overnight:duplicate_exact_contract_bar,development
2022-09-05,2022-09-08,long_iron_fly_w300,paired_sample_incomplete:intraday:duplicate_exact_contract_bar;overnight:duplicate_exact_contract_bar,development
2022-09-05,2022-09-08,short_iron_condor_100_300,paired_sample_incomplete:intraday:duplicate_exact_contract_bar;overnight:duplicate_exact_contract_bar,development
2022-09-05,2022-09-08,bull_put_credit_100_300,paired_sample_incomplete:intraday:duplicate_exact_contract_bar;overnight:duplicate_exact_contract_bar,development
2022-09-06,2022-09-08,short_iron_fly_w100,paired_sample_incomplete:intraday:duplicate_exact_contract_bar;overnight:duplicate_exact_contract_bar,development
2022-09-06,2022-09-08,short_iron_fly_w200,paired_sample_incomplete:intraday:duplicate_exact_contract_bar;overnight:duplicate_exact_contract_bar,development
2022-09-06,2022-09-08,short_iron_fly_w300,paired_sample_incomplete:intraday:duplicate_exact_contract_bar;overnight:duplicate_exact_contract_bar,development
2022-09-06,2022-09-08,long_iron_fly_w100,paired_sample_incomplete:intraday:duplicate_exact_contract_bar;overnight:duplicate_exact_contract_bar,development
2022-09-06,2022-09-08,long_iron_fly_w200,paired_sample_incomplete:intraday:duplicate_exact_contract_bar;overnight:duplicate_exact_contract_bar,development
2022-09-06,2022-09-08,long_iron_fly_w300,paired_sample_incomplete:intraday:duplicate_exact_contract_bar;overnight:duplicate_exact_contract_bar,development
2022-09-06,2022-09-08,short_iron_condor_100_300,paired_sample_incomplete:intraday:duplicate_exact_contract_bar;overnight:duplicate_exact_contract_bar,development
2022-09-06,2022-09-08,bull_put_credit_100_300,paired_sample_incomplete:intraday:duplicate_exact_contract_bar;overnight:duplicate_exact_contract_bar,development
2022-09-06,2022-09-08,bear_call_credit_100_300,paired_sample_incomplete:intraday:duplicate_exact_contract_bar;overnight:duplicate_exact_contract_bar,development
2022-09-07,2022-09-15,short_atm_straddle,paired_sample_incomplete:intraday:duplicate_exact_contract_bar;overnight:duplicate_exact_contract_bar,development
2022-09-07,2022-09-15,short_iron_fly_w100,paired_sample_incomplete:intraday:duplicate_exact_contract_bar;overnight:duplicate_exact_contract_bar,development
2022-09-07,2022-09-15,short_iron_fly_w200,paired_sample_incomplete:intraday:duplicate_exact_contract_bar;overnight:duplicate_exact_contract_bar,development
2022-09-07,2022-09-15,short_iron_fly_w300,paired_sample_incomplete:intraday:duplicate_exact_contract_bar;overnight:duplicate_exact_contract_bar,development
2022-09-07,2022-09-15,long_iron_fly_w100,paired_sample_incomplete:intraday:duplicate_exact_contract_bar;overnight:duplicate_exact_contract_bar,development
2022-09-07,2022-09-15,long_iron_fly_w200,paired_sample_incomplete:intraday:duplicate_exact_contract_bar;overnight:duplicate_exact_contract_bar,development
2022-09-07,2022-09-15,long_iron_fly_w300,paired_sample_incomplete:intraday:duplicate_exact_contract_bar;overnight:duplicate_exact_contract_bar,development
2022-09-07,2022-09-15,short_iron_condor_100_300,paired_sample_incomplete:intraday:duplicate_exact_contract_bar;overnight:duplicate_exact_contract_bar,development
2022-09-07,2022-09-15,bull_put_credit_100_300,paired_sample_incomplete:intraday:duplicate_exact_contract_bar;overnight:duplicate_exact_contract_bar,development
2022-09-07,2022-09-15,bear_call_credit_100_300,paired_sample_incomplete:intraday:duplicate_exact_contract_bar;overnight:duplicate_exact_contract_bar,development
2022-09-08,2022-09-15,short_atm_straddle,paired_sample_incomplete:intraday:duplicate_exact_contract_bar;overnight:duplicate_exact_contract_bar,development
2022-09-08,2022-09-15,short_iron_fly_w100,paired_sample_incomplete:intraday:duplicate_exact_contract_bar;overnight:duplicate_exact_contract_bar,development
2022-09-08,2022-09-15,short_iron_fly_w200,paired_sample_incomplete:intraday:duplicate_exact_contract_bar;overnight:duplicate_exact_contract_bar,development
2022-09-08,2022-09-15,short_iron_fly_w300,paired_sample_incomplete:intraday:duplicate_exact_contract_bar;overnight:duplicate_exact_contract_bar,development
2022-09-08,2022-09-15,long_iron_fly_w100,paired_sample_incomplete:intraday:duplicate_exact_contract_bar;overnight:duplicate_exact_contract_bar,development
2022-09-08,2022-09-15,long_iron_fly_w200,paired_sample_incomplete:intraday:duplicate_exact_contract_bar;overnight:duplicate_exact_contract_bar,development
2022-09-08,2022-09-15,long_iron_fly_w300,paired_sample_incomplete:intraday:duplicate_exact_contract_bar;overnight:duplicate_exact_contract_bar,development
2022-09-08,2022-09-15,short_iron_condor_100_300,paired_sample_incomplete:intraday:duplicate_exact_contract_bar;overnight:duplicate_exact_contract_bar,development
2022-09-08,2022-09-15,bull_put_credit_100_300,paired_sample_incomplete:intraday:duplicate_exact_contract_bar;overnight:duplicate_exact_contract_bar,development
2022-09-09,2022-09-15,short_iron_fly_w100,paired_sample_incomplete:intraday:duplicate_exact_contract_bar;overnight:duplicate_exact_contract_bar,development
2022-09-09,2022-09-15,short_iron_fly_w200,paired_sample_incomplete:intraday:duplicate_exact_contract_bar;overnight:duplicate_exact_contract_bar,development
2022-09-09,2022-09-15,short_iron_fly_w300,paired_sample_incomplete:intraday:duplicate_exact_contract_bar;overnight:duplicate_exact_contract_bar,development
2022-09-09,2022-09-15,long_iron_fly_w100,paired_sample_incomplete:intraday:duplicate_exact_contract_bar;overnight:duplicate_exact_contract_bar,development
2022-09-09,2022-09-15,long_iron_fly_w200,paired_sample_incomplete:intraday:duplicate_exact_contract_bar;overnight:duplicate_exact_contract_bar,development
2022-09-09,2022-09-15,long_iron_fly_w300,paired_sample_incomplete:intraday:duplicate_exact_contract_bar;overnight:duplicate_exact_contract_bar,development
2022-09-09,2022-09-15,short_iron_condor_100_300,paired_sample_incomplete:intraday:duplicate_exact_contract_bar;overnight:duplicate_exact_contract_bar,development
2022-09-09,2022-09-15,bull_put_credit_100_300,paired_sample_incomplete:intraday:duplicate_exact_contract_bar;overnight:duplicate_exact_contract_bar,development
2022-09-12,2022-09-15,short_iron_fly_w100,paired_sample_incomplete:intraday:duplicate_exact_contract_bar;overnight:duplicate_exact_contract_bar,development
2022-09-12,2022-09-15,short_iron_fly_w200,paired_sample_incomplete:intraday:duplicate_exact_contract_bar;overnight:duplicate_exact_contract_bar,development
2022-09-12,2022-09-15,short_iron_fly_w300,paired_sample_incomplete:intraday:duplicate_exact_contract_bar;overnight:duplicate_exact_contract_bar,development
2022-09-12,2022-09-15,long_iron_fly_w100,paired_sample_incomplete:intraday:duplicate_exact_contract_bar;overnight:duplicate_exact_contract_bar,development
2022-09-12,2022-09-15,long_iron_fly_w200,paired_sample_incomplete:intraday:duplicate_exact_contract_bar;overnight:duplicate_exact_contract_bar,development
2022-09-12,2022-09-15,long_iron_fly_w300,paired_sample_incomplete:intraday:duplicate_exact_contract_bar;overnight:duplicate_exact_contract_bar,development
2022-09-12,2022-09-15,short_iron_condor_100_300,paired_sample_incomplete:intraday:duplicate_exact_contract_bar;overnight:duplicate_exact_contract_bar,development
2022-09-12,2022-09-15,bull_put_credit_100_300,paired_sample_incomplete:intraday:duplicate_exact_contract_bar;overnight:duplicate_exact_contract_bar,development
2022-09-13,2022-09-15,short_atm_straddle,paired_sample_incomplete:intraday:duplicate_exact_contract_bar;overnight:duplicate_exact_contract_bar,development
2022-09-13,2022-09-15,short_iron_fly_w100,paired_sample_incomplete:intraday:duplicate_exact_contract_bar;overnight:duplicate_exact_contract_bar,development
2022-09-13,2022-09-15,short_iron_fly_w200,paired_sample_incomplete:intraday:duplicate_exact_contract_bar;overnight:duplicate_exact_contract_bar,development
2022-09-13,2022-09-15,short_iron_fly_w300,paired_sample_incomplete:intraday:duplicate_exact_contract_bar;overnight:duplicate_exact_contract_bar,development
2022-09-13,2022-09-15,long_iron_fly_w100,paired_sample_incomplete:intraday:duplicate_exact_contract_bar;overnight:duplicate_exact_contract_bar,development
2022-09-13,2022-09-15,long_iron_fly_w200,paired_sample_incomplete:intraday:duplicate_exact_contract_bar;overnight:duplicate_exact_contract_bar,development
2022-09-13,2022-09-15,long_iron_fly_w300,paired_sample_incomplete:intraday:duplicate_exact_contract_bar;overnight:duplicate_exact_contract_bar,development
2022-09-13,2022-09-15,short_iron_condor_100_300,paired_sample_incomplete:intraday:duplicate_exact_contract_bar;overnight:duplicate_exact_contract_bar,development
2022-09-13,2022-09-15,bull_put_credit_100_300,paired_sample_incomplete:intraday:duplicate_exact_contract_bar;overnight:duplicate_exact_contract_bar,development
2022-09-13,2022-09-15,bear_call_credit_100_300,paired_sample_incomplete:intraday:duplicate_exact_contract_bar;overnight:duplicate_exact_contract_bar,development
2022-09-14,2022-09-22,short_atm_straddle,paired_sample_incomplete:intraday:duplicate_exact_contract_bar;overnight:duplicate_exact_contract_bar,development
2022-09-14,2022-09-22,short_iron_fly_w100,paired_sample_incomplete:intraday:duplicate_exact_contract_bar;overnight:duplicate_exact_contract_bar,development
2022-09-14,2022-09-22,short_iron_fly_w200,paired_sample_incomplete:intraday:duplicate_exact_contract_bar;overnight:duplicate_exact_contract_bar,development
2022-09-14,2022-09-22,short_iron_fly_w300,paired_sample_incomplete:intraday:duplicate_exact_contract_bar;overnight:duplicate_exact_contract_bar,development
2022-09-14,2022-09-22,long_iron_fly_w100,paired_sample_incomplete:intraday:duplicate_exact_contract_bar;overnight:duplicate_exact_contract_bar,development
2022-09-14,2022-09-22,long_iron_fly_w200,paired_sample_incomplete:intraday:duplicate_exact_contract_bar;overnight:duplicate_exact_contract_bar,development
2022-09-14,2022-09-22,long_iron_fly_w300,paired_sample_incomplete:intraday:duplicate_exact_contract_bar;overnight:duplicate_exact_contract_bar,development
2022-09-14,2022-09-22,short_iron_condor_100_300,paired_sample_incomplete:intraday:duplicate_exact_contract_bar;overnight:duplicate_exact_contract_bar,development
2022-09-14,2022-09-22,bull_put_credit_100_300,paired_sample_incomplete:intraday:duplicate_exact_contract_bar;overnight:duplicate_exact_contract_bar,development
2022-09-14,2022-09-22,bear_call_credit_100_300,paired_sample_incomplete:intraday:duplicate_exact_contract_bar;overnight:duplicate_exact_contract_bar,development
2022-09-15,2022-09-22,short_atm_straddle,paired_sample_incomplete:intraday:duplicate_exact_contract_bar;overnight:duplicate_exact_contract_bar,development
2022-09-15,2022-09-22,short_iron_fly_w100,paired_sample_incomplete:intraday:duplicate_exact_contract_bar;overnight:duplicate_exact_contract_bar,development
2022-09-15,2022-09-22,short_iron_fly_w200,paired_sample_incomplete:intraday:duplicate_exact_contract_bar;overnight:duplicate_exact_contract_bar,development
2022-09-15,2022-09-22,short_iron_fly_w300,paired_sample_incomplete:intraday:duplicate_exact_contract_bar;overnight:duplicate_exact_contract_bar,development
2022-09-15,2022-09-22,long_iron_fly_w100,paired_sample_incomplete:intraday:duplicate_exact_contract_bar;overnight:duplicate_exact_contract_bar,development
2022-09-15,2022-09-22,long_iron_fly_w200,paired_sample_incomplete:intraday:duplicate_exact_contract_bar;overnight:duplicate_exact_contract_bar,development
2022-09-15,2022-09-22,long_iron_fly_w300,paired_sample_incomplete:intraday:duplicate_exact_contract_bar;overnight:duplicate_exact_contract_bar,development
2022-09-15,2022-09-22,short_iron_condor_100_300,paired_sample_incomplete:intraday:duplicate_exact_contract_bar;overnight:duplicate_exact_contract_bar,development
2022-09-15,2022-09-22,bull_put_credit_100_300,paired_sample_incomplete:intraday:duplicate_exact_contract_bar;overnight:duplicate_exact_contract_bar,development
2022-09-15,2022-09-22,bear_call_credit_100_300,paired_sample_incomplete:intraday:duplicate_exact_contract_bar;overnight:duplicate_exact_contract_bar,development
2022-09-16,2022-09-22,short_atm_straddle,paired_sample_incomplete:intraday:duplicate_exact_contract_bar;overnight:duplicate_exact_contract_bar,development
2022-09-16,2022-09-22,short_iron_fly_w100,paired_sample_incomplete:intraday:duplicate_exact_contract_bar;overnight:duplicate_exact_contract_bar,development
2022-09-16,2022-09-22,short_iron_fly_w200,paired_sample_incomplete:intraday:duplicate_exact_contract_bar;overnight:duplicate_exact_contract_bar,development
2022-09-16,2022-09-22,short_iron_fly_w300,paired_sample_incomplete:intraday:duplicate_exact_contract_bar;overnight:duplicate_exact_contract_bar,development
2022-09-16,2022-09-22,long_iron_fly_w100,paired_sample_incomplete:intraday:duplicate_exact_contract_bar;overnight:duplicate_exact_contract_bar,development
2022-09-16,2022-09-22,long_iron_fly_w200,paired_sample_incomplete:intraday:duplicate_exact_contract_bar;overnight:duplicate_exact_contract_bar,development
2022-09-16,2022-09-22,long_iron_fly_w300,paired_sample_incomplete:intraday:duplicate_exact_contract_bar;overnight:duplicate_exact_contract_bar,development
2022-09-16,2022-09-22,short_iron_condor_100_300,paired_sample_incomplete:intraday:duplicate_exact_contract_bar;overnight:duplicate_exact_contract_bar,development
2022-09-16,2022-09-22,bull_put_credit_100_300,paired_sample_incomplete:intraday:duplicate_exact_contract_bar;overnight:duplicate_exact_contract_bar,development
2022-09-16,2022-09-22,bear_call_credit_100_300,paired_sample_incomplete:intraday:duplicate_exact_contract_bar;overnight:duplicate_exact_contract_bar,development
2022-09-19,2022-09-22,short_atm_straddle,paired_sample_incomplete:intraday:duplicate_exact_contract_bar;overnight:duplicate_exact_contract_bar,development
2022-09-19,2022-09-22,short_iron_fly_w100,paired_sample_incomplete:intraday:duplicate_exact_contract_bar;overnight:duplicate_exact_contract_bar,development
2022-09-19,2022-09-22,short_iron_fly_w200,paired_sample_incomplete:intraday:duplicate_exact_contract_bar;overnight:duplicate_exact_contract_bar,development
2022-09-19,2022-09-22,short_iron_fly_w300,paired_sample_incomplete:intraday:duplicate_exact_contract_bar;overnight:duplicate_exact_contract_bar,development
2022-09-19,2022-09-22,long_iron_fly_w100,paired_sample_incomplete:intraday:duplicate_exact_contract_bar;overnight:duplicate_exact_contract_bar,development
2022-09-19,2022-09-22,long_iron_fly_w200,paired_sample_incomplete:intraday:duplicate_exact_contract_bar;overnight:duplicate_exact_contract_bar,development
2022-09-19,2022-09-22,long_iron_fly_w300,paired_sample_incomplete:intraday:duplicate_exact_contract_bar;overnight:duplicate_exact_contract_bar,development
2022-09-19,2022-09-22,short_iron_condor_100_300,paired_sample_incomplete:intraday:duplicate_exact_contract_bar;overnight:duplicate_exact_contract_bar,development
2022-09-19,2022-09-22,bull_put_credit_100_300,paired_sample_incomplete:intraday:duplicate_exact_contract_bar;overnight:duplicate_exact_contract_bar,development
2022-09-19,2022-09-22,bear_call_credit_100_300,paired_sample_incomplete:intraday:duplicate_exact_contract_bar;overnight:duplicate_exact_contract_bar,development
2022-09-20,2022-09-22,short_atm_straddle,paired_sample_incomplete:intraday:duplicate_exact_contract_bar;overnight:duplicate_exact_contract_bar,development
2022-09-20,2022-09-22,short_iron_fly_w100,paired_sample_incomplete:intraday:duplicate_exact_contract_bar;overnight:duplicate_exact_contract_bar,development
2022-09-20,2022-09-22,short_iron_fly_w200,paired_sample_incomplete:intraday:duplicate_exact_contract_bar;overnight:duplicate_exact_contract_bar,development
2022-09-20,2022-09-22,short_iron_fly_w300,paired_sample_incomplete:intraday:duplicate_exact_contract_bar;overnight:duplicate_exact_contract_bar,development
2022-09-20,2022-09-22,long_iron_fly_w100,paired_sample_incomplete:intraday:duplicate_exact_contract_bar;overnight:duplicate_exact_contract_bar,development
2022-09-20,2022-09-22,long_iron_fly_w200,paired_sample_incomplete:intraday:duplicate_exact_contract_bar;overnight:duplicate_exact_contract_bar,development
2022-09-20,2022-09-22,long_iron_fly_w300,paired_sample_incomplete:intraday:duplicate_exact_contract_bar;overnight:duplicate_exact_contract_bar,development
2022-09-20,2022-09-22,short_iron_condor_100_300,paired_sample_incomplete:intraday:duplicate_exact_contract_bar;overnight:duplicate_exact_contract_bar,development
2022-09-20,2022-09-22,bull_put_credit_100_300,paired_sample_incomplete:intraday:duplicate_exact_contract_bar;overnight:duplicate_exact_contract_bar,development
2022-09-20,2022-09-22,bear_call_credit_100_300,paired_sample_incomplete:intraday:duplicate_exact_contract_bar;overnight:duplicate_exact_contract_bar,development
2022-09-21,2022-09-29,short_atm_straddle,paired_sample_incomplete:intraday:duplicate_exact_contract_bar;overnight:duplicate_exact_contract_bar,development
2022-09-21,2022-09-29,short_iron_fly_w100,paired_sample_incomplete:intraday:duplicate_exact_contract_bar;overnight:duplicate_exact_contract_bar,development
2022-09-21,2022-09-29,short_iron_fly_w200,paired_sample_incomplete:intraday:duplicate_exact_contract_bar;overnight:duplicate_exact_contract_bar,development
2022-09-21,2022-09-29,short_iron_fly_w300,paired_sample_incomplete:intraday:duplicate_exact_contract_bar;overnight:duplicate_exact_contract_bar,development
2022-09-21,2022-09-29,long_iron_fly_w100,paired_sample_incomplete:intraday:duplicate_exact_contract_bar;overnight:duplicate_exact_contract_bar,development
2022-09-21,2022-09-29,long_iron_fly_w200,paired_sample_incomplete:intraday:duplicate_exact_contract_bar;overnight:duplicate_exact_contract_bar,development
2022-09-21,2022-09-29,long_iron_fly_w300,paired_sample_incomplete:intraday:duplicate_exact_contract_bar;overnight:duplicate_exact_contract_bar,development
2022-09-21,2022-09-29,short_iron_condor_100_300,paired_sample_incomplete:intraday:duplicate_exact_contract_bar;overnight:duplicate_exact_contract_bar,development
2022-09-21,2022-09-29,bull_put_credit_100_300,paired_sample_incomplete:intraday:duplicate_exact_contract_bar;overnight:duplicate_exact_contract_bar,development
2022-09-21,2022-09-29,bear_call_credit_100_300,paired_sample_incomplete:intraday:duplicate_exact_contract_bar;overnight:duplicate_exact_contract_bar,development
2022-09-22,2022-09-29,short_atm_straddle,paired_sample_incomplete:intraday:duplicate_exact_contract_bar;overnight:duplicate_exact_contract_bar,development
2022-09-22,2022-09-29,short_iron_fly_w100,paired_sample_incomplete:intraday:duplicate_exact_contract_bar;overnight:duplicate_exact_contract_bar,development
2022-09-22,2022-09-29,short_iron_fly_w200,paired_sample_incomplete:intraday:duplicate_exact_contract_bar;overnight:duplicate_exact_contract_bar,development
2022-09-22,2022-09-29,short_iron_fly_w300,paired_sample_incomplete:intraday:duplicate_exact_contract_bar;overnight:duplicate_exact_contract_bar,development
2022-09-22,2022-09-29,long_iron_fly_w100,paired_sample_incomplete:intraday:duplicate_exact_contract_bar;overnight:duplicate_exact_contract_bar,development
2022-09-22,2022-09-29,long_iron_fly_w200,paired_sample_incomplete:intraday:duplicate_exact_contract_bar;overnight:duplicate_exact_contract_bar,development
2022-09-22,2022-09-29,long_iron_fly_w300,paired_sample_incomplete:intraday:duplicate_exact_contract_bar;overnight:duplicate_exact_contract_bar,development
2022-09-22,2022-09-29,short_iron_condor_100_300,paired_sample_incomplete:intraday:duplicate_exact_contract_bar;overnight:duplicate_exact_contract_bar,development
2022-09-22,2022-09-29,bull_put_credit_100_300,paired_sample_incomplete:intraday:duplicate_exact_contract_bar;overnight:duplicate_exact_contract_bar,development
2022-09-22,2022-09-29,bear_call_credit_100_300,paired_sample_incomplete:intraday:duplicate_exact_contract_bar;overnight:duplicate_exact_contract_bar,development
2022-09-23,2022-09-29,short_atm_straddle,paired_sample_incomplete:intraday:duplicate_exact_contract_bar;overnight:duplicate_exact_contract_bar,development
2022-09-23,2022-09-29,short_iron_fly_w100,paired_sample_incomplete:intraday:duplicate_exact_contract_bar;overnight:duplicate_exact_contract_bar,development
2022-09-23,2022-09-29,short_iron_fly_w200,paired_sample_incomplete:intraday:duplicate_exact_contract_bar;overnight:duplicate_exact_contract_bar,development
2022-09-23,2022-09-29,short_iron_fly_w300,paired_sample_incomplete:intraday:duplicate_exact_contract_bar;overnight:duplicate_exact_contract_bar,development
2022-09-23,2022-09-29,long_iron_fly_w100,paired_sample_incomplete:intraday:duplicate_exact_contract_bar;overnight:duplicate_exact_contract_bar,development
2022-09-23,2022-09-29,long_iron_fly_w200,paired_sample_incomplete:intraday:duplicate_exact_contract_bar;overnight:duplicate_exact_contract_bar,development
2022-09-23,2022-09-29,long_iron_fly_w300,paired_sample_incomplete:intraday:duplicate_exact_contract_bar;overnight:duplicate_exact_contract_bar,development
2022-09-23,2022-09-29,short_iron_condor_100_300,paired_sample_incomplete:intraday:duplicate_exact_contract_bar;overnight:duplicate_exact_contract_bar,development
2022-09-23,2022-09-29,bull_put_credit_100_300,paired_sample_incomplete:intraday:duplicate_exact_contract_bar;overnight:duplicate_exact_contract_bar,development
2022-09-23,2022-09-29,bear_call_credit_100_300,paired_sample_incomplete:intraday:duplicate_exact_contract_bar;overnight:duplicate_exact_contract_bar,development
2022-09-26,2022-09-29,short_atm_straddle,paired_sample_incomplete:intraday:duplicate_exact_contract_bar;overnight:duplicate_exact_contract_bar,development
2022-09-26,2022-09-29,short_iron_fly_w100,paired_sample_incomplete:intraday:duplicate_exact_contract_bar;overnight:duplicate_exact_contract_bar,development
2022-09-26,2022-09-29,short_iron_fly_w200,paired_sample_incomplete:intraday:duplicate_exact_contract_bar;overnight:duplicate_exact_contract_bar,development
2022-09-26,2022-09-29,short_iron_fly_w300,paired_sample_incomplete:intraday:duplicate_exact_contract_bar;overnight:duplicate_exact_contract_bar,development
2022-09-26,2022-09-29,long_iron_fly_w100,paired_sample_incomplete:intraday:duplicate_exact_contract_bar;overnight:duplicate_exact_contract_bar,development
2022-09-26,2022-09-29,long_iron_fly_w200,paired_sample_incomplete:intraday:duplicate_exact_contract_bar;overnight:duplicate_exact_contract_bar,development
2022-09-26,2022-09-29,long_iron_fly_w300,paired_sample_incomplete:intraday:duplicate_exact_contract_bar;overnight:duplicate_exact_contract_bar,development
2022-09-26,2022-09-29,short_iron_condor_100_300,paired_sample_incomplete:intraday:duplicate_exact_contract_bar;overnight:duplicate_exact_contract_bar,development
2022-09-26,2022-09-29,bull_put_credit_100_300,paired_sample_incomplete:intraday:duplicate_exact_contract_bar;overnight:duplicate_exact_contract_bar,development
2022-09-26,2022-09-29,bear_call_credit_100_300,paired_sample_incomplete:intraday:duplicate_exact_contract_bar;overnight:duplicate_exact_contract_bar,development
2022-09-27,2022-09-29,short_atm_straddle,paired_sample_incomplete:intraday:duplicate_exact_contract_bar;overnight:duplicate_exact_contract_bar,development
2022-09-27,2022-09-29,short_iron_fly_w100,paired_sample_incomplete:intraday:duplicate_exact_contract_bar;overnight:duplicate_exact_contract_bar,development
2022-09-27,2022-09-29,short_iron_fly_w200,paired_sample_incomplete:intraday:duplicate_exact_contract_bar;overnight:duplicate_exact_contract_bar,development
2022-09-27,2022-09-29,short_iron_fly_w300,paired_sample_incomplete:intraday:duplicate_exact_contract_bar;overnight:duplicate_exact_contract_bar,development
2022-09-27,2022-09-29,long_iron_fly_w100,paired_sample_incomplete:intraday:duplicate_exact_contract_bar;overnight:duplicate_exact_contract_bar,development
2022-09-27,2022-09-29,long_iron_fly_w200,paired_sample_incomplete:intraday:duplicate_exact_contract_bar;overnight:duplicate_exact_contract_bar,development
2022-09-27,2022-09-29,long_iron_fly_w300,paired_sample_incomplete:intraday:duplicate_exact_contract_bar;overnight:duplicate_exact_contract_bar,development
2022-09-27,2022-09-29,short_iron_condor_100_300,paired_sample_incomplete:intraday:duplicate_exact_contract_bar;overnight:duplicate_exact_contract_bar,development
2022-09-27,2022-09-29,bear_call_credit_100_300,paired_sample_incomplete:intraday:duplicate_exact_contract_bar;overnight:duplicate_exact_contract_bar,development
2022-09-28,2022-10-06,short_atm_straddle,paired_sample_incomplete:intraday:duplicate_exact_contract_bar;overnight:duplicate_exact_contract_bar,development
2022-09-28,2022-10-06,short_iron_fly_w100,paired_sample_incomplete:intraday:duplicate_exact_contract_bar;overnight:duplicate_exact_contract_bar,development
2022-09-28,2022-10-06,short_iron_fly_w200,paired_sample_incomplete:intraday:duplicate_exact_contract_bar;overnight:duplicate_exact_contract_bar,development
2022-09-28,2022-10-06,short_iron_fly_w300,paired_sample_incomplete:intraday:duplicate_exact_contract_bar;overnight:duplicate_exact_contract_bar,development
2022-09-28,2022-10-06,long_iron_fly_w100,paired_sample_incomplete:intraday:duplicate_exact_contract_bar;overnight:duplicate_exact_contract_bar,development
2022-09-28,2022-10-06,long_iron_fly_w200,paired_sample_incomplete:intraday:duplicate_exact_contract_bar;overnight:duplicate_exact_contract_bar,development
2022-09-28,2022-10-06,long_iron_fly_w300,paired_sample_incomplete:intraday:duplicate_exact_contract_bar;overnight:duplicate_exact_contract_bar,development
2022-09-28,2022-10-06,short_iron_condor_100_300,paired_sample_incomplete:intraday:duplicate_exact_contract_bar;overnight:duplicate_exact_contract_bar,development
2022-09-28,2022-10-06,bull_put_credit_100_300,paired_sample_incomplete:intraday:duplicate_exact_contract_bar;overnight:duplicate_exact_contract_bar,development
2022-09-28,2022-10-06,bear_call_credit_100_300,paired_sample_incomplete:intraday:duplicate_exact_contract_bar;overnight:duplicate_exact_contract_bar,development
2022-09-29,2022-10-06,short_atm_straddle,paired_sample_incomplete:intraday:duplicate_exact_contract_bar;overnight:duplicate_exact_contract_bar,development
2022-09-29,2022-10-06,short_iron_fly_w100,paired_sample_incomplete:intraday:duplicate_exact_contract_bar;overnight:duplicate_exact_contract_bar,development
2022-09-29,2022-10-06,short_iron_fly_w200,paired_sample_incomplete:intraday:duplicate_exact_contract_bar;overnight:duplicate_exact_contract_bar,development
2022-09-29,2022-10-06,short_iron_fly_w300,paired_sample_incomplete:intraday:duplicate_exact_contract_bar;overnight:duplicate_exact_contract_bar,development
2022-09-29,2022-10-06,long_iron_fly_w100,paired_sample_incomplete:intraday:duplicate_exact_contract_bar;overnight:duplicate_exact_contract_bar,development
2022-09-29,2022-10-06,long_iron_fly_w200,paired_sample_incomplete:intraday:duplicate_exact_contract_bar;overnight:duplicate_exact_contract_bar,development
2022-09-29,2022-10-06,long_iron_fly_w300,paired_sample_incomplete:intraday:duplicate_exact_contract_bar;overnight:duplicate_exact_contract_bar,development
2022-09-29,2022-10-06,short_iron_condor_100_300,paired_sample_incomplete:intraday:duplicate_exact_contract_bar;overnight:duplicate_exact_contract_bar,development
2022-09-29,2022-10-06,bull_put_credit_100_300,paired_sample_incomplete:intraday:duplicate_exact_contract_bar;overnight:duplicate_exact_contract_bar,development
2022-09-29,2022-10-06,bear_call_credit_100_300,paired_sample_incomplete:intraday:duplicate_exact_contract_bar;overnight:duplicate_exact_contract_bar,development
2022-09-30,2022-10-06,short_atm_straddle,paired_sample_incomplete:intraday:duplicate_exact_contract_bar;overnight:duplicate_exact_contract_bar,development
2022-09-30,2022-10-06,short_iron_fly_w100,paired_sample_incomplete:intraday:duplicate_exact_contract_bar;overnight:duplicate_exact_contract_bar,development
2022-09-30,2022-10-06,short_iron_fly_w200,paired_sample_incomplete:intraday:duplicate_exact_contract_bar;overnight:duplicate_exact_contract_bar,development
2022-09-30,2022-10-06,short_iron_fly_w300,paired_sample_incomplete:intraday:duplicate_exact_contract_bar;overnight:duplicate_exact_contract_bar,development
2022-09-30,2022-10-06,long_iron_fly_w100,paired_sample_incomplete:intraday:duplicate_exact_contract_bar;overnight:duplicate_exact_contract_bar,development
2022-09-30,2022-10-06,long_iron_fly_w200,paired_sample_incomplete:intraday:duplicate_exact_contract_bar;overnight:duplicate_exact_contract_bar,development
2022-09-30,2022-10-06,long_iron_fly_w300,paired_sample_incomplete:intraday:duplicate_exact_contract_bar;overnight:duplicate_exact_contract_bar,development
2022-09-30,2022-10-06,short_iron_condor_100_300,paired_sample_incomplete:intraday:duplicate_exact_contract_bar;overnight:duplicate_exact_contract_bar,development
2022-09-30,2022-10-06,bull_put_credit_100_300,paired_sample_incomplete:intraday:duplicate_exact_contract_bar;overnight:duplicate_exact_contract_bar,development
2022-09-30,2022-10-06,bear_call_credit_100_300,paired_sample_incomplete:intraday:duplicate_exact_contract_bar;overnight:duplicate_exact_contract_bar,development
2022-10-03,2022-10-06,short_atm_straddle,paired_sample_incomplete:intraday:duplicate_exact_contract_bar;overnight:duplicate_exact_contract_bar,development
2022-10-03,2022-10-06,short_iron_fly_w100,paired_sample_incomplete:intraday:duplicate_exact_contract_bar;overnight:duplicate_exact_contract_bar,development
2022-10-03,2022-10-06,short_iron_fly_w200,paired_sample_incomplete:intraday:duplicate_exact_contract_bar;overnight:duplicate_exact_contract_bar,development
2022-10-03,2022-10-06,short_iron_fly_w300,paired_sample_incomplete:intraday:duplicate_exact_contract_bar;overnight:duplicate_exact_contract_bar,development
2022-10-03,2022-10-06,long_iron_fly_w100,paired_sample_incomplete:intraday:duplicate_exact_contract_bar;overnight:duplicate_exact_contract_bar,development
2022-10-03,2022-10-06,long_iron_fly_w200,paired_sample_incomplete:intraday:duplicate_exact_contract_bar;overnight:duplicate_exact_contract_bar,development
2022-10-03,2022-10-06,long_iron_fly_w300,paired_sample_incomplete:intraday:duplicate_exact_contract_bar;overnight:duplicate_exact_contract_bar,development
2022-10-03,2022-10-06,short_iron_condor_100_300,paired_sample_incomplete:intraday:duplicate_exact_contract_bar;overnight:duplicate_exact_contract_bar,development
2022-10-03,2022-10-06,bull_put_credit_100_300,paired_sample_incomplete:intraday:duplicate_exact_contract_bar;overnight:duplicate_exact_contract_bar,development
2022-10-03,2022-10-06,bear_call_credit_100_300,paired_sample_incomplete:intraday:duplicate_exact_contract_bar;overnight:duplicate_exact_contract_bar,development
2022-10-04,2022-10-13,short_atm_straddle,paired_sample_incomplete:intraday:duplicate_exact_contract_bar;overnight:duplicate_exact_contract_bar,development
2022-10-04,2022-10-13,short_iron_fly_w100,paired_sample_incomplete:intraday:duplicate_exact_contract_bar;overnight:duplicate_exact_contract_bar,development
2022-10-04,2022-10-13,short_iron_fly_w200,paired_sample_incomplete:intraday:duplicate_exact_contract_bar;overnight:duplicate_exact_contract_bar,development
2022-10-04,2022-10-13,short_iron_fly_w300,paired_sample_incomplete:intraday:duplicate_exact_contract_bar;overnight:duplicate_exact_contract_bar,development
2022-10-04,2022-10-13,long_iron_fly_w100,paired_sample_incomplete:intraday:duplicate_exact_contract_bar;overnight:duplicate_exact_contract_bar,development
2022-10-04,2022-10-13,long_iron_fly_w200,paired_sample_incomplete:intraday:duplicate_exact_contract_bar;overnight:duplicate_exact_contract_bar,development
2022-10-04,2022-10-13,long_iron_fly_w300,paired_sample_incomplete:intraday:duplicate_exact_contract_bar;overnight:duplicate_exact_contract_bar,development
2022-10-04,2022-10-13,short_iron_condor_100_300,paired_sample_incomplete:intraday:duplicate_exact_contract_bar;overnight:duplicate_exact_contract_bar,development
2022-10-04,2022-10-13,bull_put_credit_100_300,paired_sample_incomplete:intraday:duplicate_exact_contract_bar;overnight:duplicate_exact_contract_bar,development
2022-10-04,2022-10-13,bear_call_credit_100_300,paired_sample_incomplete:intraday:duplicate_exact_contract_bar;overnight:duplicate_exact_contract_bar,development
2022-10-06,2022-10-13,short_atm_straddle,paired_sample_incomplete:intraday:duplicate_exact_contract_bar;overnight:duplicate_exact_contract_bar,development
2022-10-06,2022-10-13,short_iron_fly_w100,paired_sample_incomplete:intraday:duplicate_exact_contract_bar;overnight:duplicate_exact_contract_bar,development
2022-10-06,2022-10-13,short_iron_fly_w200,paired_sample_incomplete:intraday:duplicate_exact_contract_bar;overnight:duplicate_exact_contract_bar,development
2022-10-06,2022-10-13,short_iron_fly_w300,paired_sample_incomplete:intraday:duplicate_exact_contract_bar;overnight:duplicate_exact_contract_bar,development
2022-10-06,2022-10-13,long_iron_fly_w100,paired_sample_incomplete:intraday:duplicate_exact_contract_bar;overnight:duplicate_exact_contract_bar,development
2022-10-06,2022-10-13,long_iron_fly_w200,paired_sample_incomplete:intraday:duplicate_exact_contract_bar;overnight:duplicate_exact_contract_bar,development
2022-10-06,2022-10-13,long_iron_fly_w300,paired_sample_incomplete:intraday:duplicate_exact_contract_bar;overnight:duplicate_exact_contract_bar,development
2022-10-06,2022-10-13,short_iron_condor_100_300,paired_sample_incomplete:intraday:duplicate_exact_contract_bar;overnight:duplicate_exact_contract_bar,development
2022-10-06,2022-10-13,bull_put_credit_100_300,paired_sample_incomplete:intraday:duplicate_exact_contract_bar;overnight:duplicate_exact_contract_bar,development
2022-10-07,2022-10-13,short_atm_straddle,paired_sample_incomplete:intraday:duplicate_exact_contract_bar;overnight:duplicate_exact_contract_bar,development
2022-10-07,2022-10-13,short_iron_fly_w100,paired_sample_incomplete:intraday:duplicate_exact_contract_bar;overnight:duplicate_exact_contract_bar,development
2022-10-07,2022-10-13,short_iron_fly_w200,paired_sample_incomplete:intraday:duplicate_exact_contract_bar;overnight:duplicate_exact_contract_bar,development
2022-10-07,2022-10-13,short_iron_fly_w300,paired_sample_incomplete:intraday:duplicate_exact_contract_bar;overnight:duplicate_exact_contract_bar,development
2022-10-07,2022-10-13,long_iron_fly_w100,paired_sample_incomplete:intraday:duplicate_exact_contract_bar;overnight:duplicate_exact_contract_bar,development
2022-10-07,2022-10-13,long_iron_fly_w200,paired_sample_incomplete:intraday:duplicate_exact_contract_bar;overnight:duplicate_exact_contract_bar,development
2022-10-07,2022-10-13,long_iron_fly_w300,paired_sample_incomplete:intraday:duplicate_exact_contract_bar;overnight:duplicate_exact_contract_bar,development
2022-10-07,2022-10-13,short_iron_condor_100_300,paired_sample_incomplete:intraday:duplicate_exact_contract_bar;overnight:duplicate_exact_contract_bar,development
2022-10-07,2022-10-13,bull_put_credit_100_300,paired_sample_incomplete:intraday:duplicate_exact_contract_bar;overnight:duplicate_exact_contract_bar,development
2022-10-07,2022-10-13,bear_call_credit_100_300,paired_sample_incomplete:intraday:duplicate_exact_contract_bar;overnight:duplicate_exact_contract_bar,development
2022-10-10,2022-10-13,short_iron_fly_w100,paired_sample_incomplete:intraday:duplicate_exact_contract_bar;overnight:duplicate_exact_contract_bar,development
2022-10-10,2022-10-13,short_iron_fly_w200,paired_sample_incomplete:intraday:duplicate_exact_contract_bar;overnight:duplicate_exact_contract_bar,development
2022-10-10,2022-10-13,short_iron_fly_w300,paired_sample_incomplete:intraday:duplicate_exact_contract_bar;overnight:duplicate_exact_contract_bar,development
2022-10-10,2022-10-13,long_iron_fly_w100,paired_sample_incomplete:intraday:duplicate_exact_contract_bar;overnight:duplicate_exact_contract_bar,development
2022-10-10,2022-10-13,long_iron_fly_w200,paired_sample_incomplete:intraday:duplicate_exact_contract_bar;overnight:duplicate_exact_contract_bar,development
2022-10-10,2022-10-13,long_iron_fly_w300,paired_sample_incomplete:intraday:duplicate_exact_contract_bar;overnight:duplicate_exact_contract_bar,development
2022-10-10,2022-10-13,short_iron_condor_100_300,paired_sample_incomplete:intraday:duplicate_exact_contract_bar;overnight:duplicate_exact_contract_bar,development
2022-10-10,2022-10-13,bull_put_credit_100_300,paired_sample_incomplete:intraday:duplicate_exact_contract_bar;overnight:duplicate_exact_contract_bar,development
2022-10-10,2022-10-13,bear_call_credit_100_300,paired_sample_incomplete:intraday:duplicate_exact_contract_bar;overnight:duplicate_exact_contract_bar,development
2022-10-11,2022-10-13,short_atm_straddle,paired_sample_incomplete:intraday:duplicate_exact_contract_bar;overnight:duplicate_exact_contract_bar,development
2022-10-11,2022-10-13,short_iron_fly_w100,paired_sample_incomplete:intraday:duplicate_exact_contract_bar;overnight:duplicate_exact_contract_bar,development
2022-10-11,2022-10-13,short_iron_fly_w200,paired_sample_incomplete:intraday:duplicate_exact_contract_bar;overnight:duplicate_exact_contract_bar,development
2022-10-11,2022-10-13,short_iron_fly_w300,paired_sample_incomplete:intraday:duplicate_exact_contract_bar;overnight:duplicate_exact_contract_bar,development
2022-10-11,2022-10-13,long_iron_fly_w100,paired_sample_incomplete:intraday:duplicate_exact_contract_bar;overnight:duplicate_exact_contract_bar,development
2022-10-11,2022-10-13,long_iron_fly_w200,paired_sample_incomplete:intraday:duplicate_exact_contract_bar;overnight:duplicate_exact_contract_bar,development
2022-10-11,2022-10-13,long_iron_fly_w300,paired_sample_incomplete:intraday:duplicate_exact_contract_bar;overnight:duplicate_exact_contract_bar,development
2022-10-11,2022-10-13,short_iron_condor_100_300,paired_sample_incomplete:intraday:duplicate_exact_contract_bar;overnight:duplicate_exact_contract_bar,development
2022-10-11,2022-10-13,bull_put_credit_100_300,paired_sample_incomplete:intraday:duplicate_exact_contract_bar;overnight:duplicate_exact_contract_bar,development
2022-10-12,2022-10-20,short_atm_straddle,paired_sample_incomplete:intraday:duplicate_exact_contract_bar;overnight:duplicate_exact_contract_bar,development
2022-10-12,2022-10-20,short_iron_fly_w100,paired_sample_incomplete:intraday:duplicate_exact_contract_bar;overnight:duplicate_exact_contract_bar,development
2022-10-12,2022-10-20,short_iron_fly_w200,paired_sample_incomplete:intraday:duplicate_exact_contract_bar;overnight:duplicate_exact_contract_bar,development
2022-10-12,2022-10-20,short_iron_fly_w300,paired_sample_incomplete:intraday:duplicate_exact_contract_bar;overnight:duplicate_exact_contract_bar,development
2022-10-12,2022-10-20,long_iron_fly_w100,paired_sample_incomplete:intraday:duplicate_exact_contract_bar;overnight:duplicate_exact_contract_bar,development
2022-10-12,2022-10-20,long_iron_fly_w200,paired_sample_incomplete:intraday:duplicate_exact_contract_bar;overnight:duplicate_exact_contract_bar,development
2022-10-12,2022-10-20,long_iron_fly_w300,paired_sample_incomplete:intraday:duplicate_exact_contract_bar;overnight:duplicate_exact_contract_bar,development
2022-10-12,2022-10-20,short_iron_condor_100_300,paired_sample_incomplete:intraday:duplicate_exact_contract_bar;overnight:duplicate_exact_contract_bar,development
2022-10-12,2022-10-20,bull_put_credit_100_300,paired_sample_incomplete:intraday:duplicate_exact_contract_bar;overnight:duplicate_exact_contract_bar,development
2022-10-12,2022-10-20,bear_call_credit_100_300,paired_sample_incomplete:intraday:duplicate_exact_contract_bar;overnight:duplicate_exact_contract_bar,development
2022-10-13,2022-10-20,short_atm_straddle,paired_sample_incomplete:intraday:duplicate_exact_contract_bar;overnight:duplicate_exact_contract_bar,development
2022-10-13,2022-10-20,short_iron_fly_w100,paired_sample_incomplete:intraday:duplicate_exact_contract_bar;overnight:duplicate_exact_contract_bar,development
2022-10-13,2022-10-20,short_iron_fly_w200,paired_sample_incomplete:intraday:duplicate_exact_contract_bar;overnight:duplicate_exact_contract_bar,development
2022-10-13,2022-10-20,short_iron_fly_w300,paired_sample_incomplete:intraday:duplicate_exact_contract_bar;overnight:duplicate_exact_contract_bar,development
2022-10-13,2022-10-20,long_iron_fly_w100,paired_sample_incomplete:intraday:duplicate_exact_contract_bar;overnight:duplicate_exact_contract_bar,development
2022-10-13,2022-10-20,long_iron_fly_w200,paired_sample_incomplete:intraday:duplicate_exact_contract_bar;overnight:duplicate_exact_contract_bar,development
2022-10-13,2022-10-20,long_iron_fly_w300,paired_sample_incomplete:intraday:duplicate_exact_contract_bar;overnight:duplicate_exact_contract_bar,development
2022-10-13,2022-10-20,short_iron_condor_100_300,paired_sample_incomplete:intraday:duplicate_exact_contract_bar;overnight:duplicate_exact_contract_bar,development
2022-10-13,2022-10-20,bull_put_credit_100_300,paired_sample_incomplete:intraday:duplicate_exact_contract_bar;overnight:duplicate_exact_contract_bar,development
2022-10-13,2022-10-20,bear_call_credit_100_300,paired_sample_incomplete:intraday:duplicate_exact_contract_bar;overnight:duplicate_exact_contract_bar,development
2022-10-14,2022-10-20,short_atm_straddle,paired_sample_incomplete:intraday:duplicate_exact_contract_bar;overnight:duplicate_exact_contract_bar,development
2022-10-14,2022-10-20,short_iron_fly_w100,paired_sample_incomplete:intraday:duplicate_exact_contract_bar;overnight:duplicate_exact_contract_bar,development
2022-10-14,2022-10-20,short_iron_fly_w200,paired_sample_incomplete:intraday:duplicate_exact_contract_bar;overnight:duplicate_exact_contract_bar,development
2022-10-14,2022-10-20,short_iron_fly_w300,paired_sample_incomplete:intraday:duplicate_exact_contract_bar;overnight:duplicate_exact_contract_bar,development
2022-10-14,2022-10-20,long_iron_fly_w100,paired_sample_incomplete:intraday:duplicate_exact_contract_bar;overnight:duplicate_exact_contract_bar,development
2022-10-14,2022-10-20,long_iron_fly_w200,paired_sample_incomplete:intraday:duplicate_exact_contract_bar;overnight:duplicate_exact_contract_bar,development
2022-10-14,2022-10-20,long_iron_fly_w300,paired_sample_incomplete:intraday:duplicate_exact_contract_bar;overnight:duplicate_exact_contract_bar,development
2022-10-14,2022-10-20,short_iron_condor_100_300,paired_sample_incomplete:intraday:duplicate_exact_contract_bar;overnight:duplicate_exact_contract_bar,development
2022-10-14,2022-10-20,bear_call_credit_100_300,paired_sample_incomplete:intraday:duplicate_exact_contract_bar;overnight:duplicate_exact_contract_bar,development
2022-10-17,2022-10-20,short_atm_straddle,paired_sample_incomplete:intraday:duplicate_exact_contract_bar;overnight:duplicate_exact_contract_bar,development
2022-10-17,2022-10-20,short_iron_fly_w100,paired_sample_incomplete:intraday:duplicate_exact_contract_bar;overnight:duplicate_exact_contract_bar,development
2022-10-17,2022-10-20,short_iron_fly_w200,paired_sample_incomplete:intraday:duplicate_exact_contract_bar;overnight:duplicate_exact_contract_bar,development
2022-10-17,2022-10-20,short_iron_fly_w300,paired_sample_incomplete:intraday:duplicate_exact_contract_bar;overnight:duplicate_exact_contract_bar,development
2022-10-17,2022-10-20,long_iron_fly_w100,paired_sample_incomplete:intraday:duplicate_exact_contract_bar;overnight:duplicate_exact_contract_bar,development
2022-10-17,2022-10-20,long_iron_fly_w200,paired_sample_incomplete:intraday:duplicate_exact_contract_bar;overnight:duplicate_exact_contract_bar,development
2022-10-17,2022-10-20,long_iron_fly_w300,paired_sample_incomplete:intraday:duplicate_exact_contract_bar;overnight:duplicate_exact_contract_bar,development
2022-10-17,2022-10-20,short_iron_condor_100_300,paired_sample_incomplete:intraday:duplicate_exact_contract_bar;overnight:duplicate_exact_contract_bar,development
2022-10-17,2022-10-20,bull_put_credit_100_300,paired_sample_incomplete:intraday:duplicate_exact_contract_bar;overnight:duplicate_exact_contract_bar,development
2022-10-17,2022-10-20,bear_call_credit_100_300,paired_sample_incomplete:intraday:duplicate_exact_contract_bar;overnight:duplicate_exact_contract_bar,development
2022-10-18,2022-10-20,short_atm_straddle,paired_sample_incomplete:intraday:duplicate_exact_contract_bar;overnight:duplicate_exact_contract_bar,development
2022-10-18,2022-10-20,short_iron_fly_w100,paired_sample_incomplete:intraday:duplicate_exact_contract_bar;overnight:duplicate_exact_contract_bar,development
2022-10-18,2022-10-20,short_iron_fly_w200,paired_sample_incomplete:intraday:duplicate_exact_contract_bar;overnight:duplicate_exact_contract_bar,development
2022-10-18,2022-10-20,short_iron_fly_w300,paired_sample_incomplete:intraday:duplicate_exact_contract_bar;overnight:duplicate_exact_contract_bar,development
2022-10-18,2022-10-20,long_iron_fly_w100,paired_sample_incomplete:intraday:duplicate_exact_contract_bar;overnight:duplicate_exact_contract_bar,development
2022-10-18,2022-10-20,long_iron_fly_w200,paired_sample_incomplete:intraday:duplicate_exact_contract_bar;overnight:duplicate_exact_contract_bar,development
2022-10-18,2022-10-20,long_iron_fly_w300,paired_sample_incomplete:intraday:duplicate_exact_contract_bar;overnight:duplicate_exact_contract_bar,development
2022-10-18,2022-10-20,short_iron_condor_100_300,paired_sample_incomplete:intraday:duplicate_exact_contract_bar;overnight:duplicate_exact_contract_bar,development
2022-10-18,2022-10-20,bull_put_credit_100_300,paired_sample_incomplete:intraday:duplicate_exact_contract_bar;overnight:duplicate_exact_contract_bar,development
2022-10-18,2022-10-20,bear_call_credit_100_300,paired_sample_incomplete:intraday:duplicate_exact_contract_bar;overnight:duplicate_exact_contract_bar,development
2022-10-19,2022-10-27,short_atm_straddle,paired_sample_incomplete:intraday:duplicate_exact_contract_bar;overnight:duplicate_exact_contract_bar,development
2022-10-19,2022-10-27,short_iron_fly_w100,paired_sample_incomplete:intraday:duplicate_exact_contract_bar;overnight:duplicate_exact_contract_bar,development
2022-10-19,2022-10-27,short_iron_fly_w200,paired_sample_incomplete:intraday:duplicate_exact_contract_bar;overnight:duplicate_exact_contract_bar,development
2022-10-19,2022-10-27,short_iron_fly_w300,paired_sample_incomplete:intraday:duplicate_exact_contract_bar;overnight:duplicate_exact_contract_bar,development
2022-10-19,2022-10-27,long_iron_fly_w100,paired_sample_incomplete:intraday:duplicate_exact_contract_bar;overnight:duplicate_exact_contract_bar,development
2022-10-19,2022-10-27,long_iron_fly_w200,paired_sample_incomplete:intraday:duplicate_exact_contract_bar;overnight:duplicate_exact_contract_bar,development
2022-10-19,2022-10-27,long_iron_fly_w300,paired_sample_incomplete:intraday:duplicate_exact_contract_bar;overnight:duplicate_exact_contract_bar,development
2022-10-19,2022-10-27,short_iron_condor_100_300,paired_sample_incomplete:intraday:duplicate_exact_contract_bar;overnight:duplicate_exact_contract_bar,development
2022-10-19,2022-10-27,bull_put_credit_100_300,paired_sample_incomplete:intraday:duplicate_exact_contract_bar;overnight:duplicate_exact_contract_bar,development
2022-10-19,2022-10-27,bear_call_credit_100_300,paired_sample_incomplete:intraday:duplicate_exact_contract_bar;overnight:duplicate_exact_contract_bar,development
2022-10-20,2022-10-27,short_atm_straddle,paired_sample_incomplete:intraday:duplicate_exact_contract_bar;overnight:duplicate_exact_contract_bar,development
2022-10-20,2022-10-27,short_iron_fly_w100,paired_sample_incomplete:intraday:duplicate_exact_contract_bar;overnight:duplicate_exact_contract_bar,development
2022-10-20,2022-10-27,short_iron_fly_w200,paired_sample_incomplete:intraday:duplicate_exact_contract_bar;overnight:duplicate_exact_contract_bar,development
2022-10-20,2022-10-27,short_iron_fly_w300,paired_sample_incomplete:intraday:duplicate_exact_contract_bar;overnight:duplicate_exact_contract_bar,development
2022-10-20,2022-10-27,long_iron_fly_w100,paired_sample_incomplete:intraday:duplicate_exact_contract_bar;overnight:duplicate_exact_contract_bar,development
2022-10-20,2022-10-27,long_iron_fly_w200,paired_sample_incomplete:intraday:duplicate_exact_contract_bar;overnight:duplicate_exact_contract_bar,development
2022-10-20,2022-10-27,long_iron_fly_w300,paired_sample_incomplete:intraday:duplicate_exact_contract_bar;overnight:duplicate_exact_contract_bar,development
2022-10-20,2022-10-27,short_iron_condor_100_300,paired_sample_incomplete:intraday:duplicate_exact_contract_bar;overnight:duplicate_exact_contract_bar,development
2022-10-20,2022-10-27,bull_put_credit_100_300,paired_sample_incomplete:intraday:duplicate_exact_contract_bar;overnight:duplicate_exact_contract_bar,development
2022-10-20,2022-10-27,bear_call_credit_100_300,paired_sample_incomplete:intraday:duplicate_exact_contract_bar;overnight:duplicate_exact_contract_bar,development
2022-10-21,2022-10-27,short_atm_straddle,paired_sample_incomplete:intraday:duplicate_exact_contract_bar;overnight:duplicate_exact_contract_bar,development
2022-10-21,2022-10-27,short_iron_fly_w100,paired_sample_incomplete:intraday:duplicate_exact_contract_bar;overnight:duplicate_exact_contract_bar,development
2022-10-21,2022-10-27,short_iron_fly_w200,paired_sample_incomplete:intraday:duplicate_exact_contract_bar;overnight:duplicate_exact_contract_bar,development
2022-10-21,2022-10-27,short_iron_fly_w300,paired_sample_incomplete:intraday:duplicate_exact_contract_bar;overnight:duplicate_exact_contract_bar,development
2022-10-21,2022-10-27,long_iron_fly_w100,paired_sample_incomplete:intraday:duplicate_exact_contract_bar;overnight:duplicate_exact_contract_bar,development
2022-10-21,2022-10-27,long_iron_fly_w200,paired_sample_incomplete:intraday:duplicate_exact_contract_bar;overnight:duplicate_exact_contract_bar,development
2022-10-21,2022-10-27,long_iron_fly_w300,paired_sample_incomplete:intraday:duplicate_exact_contract_bar;overnight:duplicate_exact_contract_bar,development
2022-10-21,2022-10-27,short_iron_condor_100_300,paired_sample_incomplete:intraday:duplicate_exact_contract_bar;overnight:duplicate_exact_contract_bar,development
2022-10-21,2022-10-27,bull_put_credit_100_300,paired_sample_incomplete:intraday:duplicate_exact_contract_bar;overnight:duplicate_exact_contract_bar,development
2022-10-21,2022-10-27,bear_call_credit_100_300,paired_sample_incomplete:intraday:duplicate_exact_contract_bar;overnight:missing_exact_timestamp,development
2022-10-24,2022-10-27,ALL,missing_prior_0919_spot,development
2022-10-25,2022-11-03,short_atm_straddle,paired_sample_incomplete:intraday:duplicate_exact_contract_bar;overnight:duplicate_exact_contract_bar,development
2022-10-25,2022-11-03,short_iron_fly_w100,paired_sample_incomplete:intraday:duplicate_exact_contract_bar;overnight:duplicate_exact_contract_bar,development
2022-10-25,2022-11-03,short_iron_fly_w200,paired_sample_incomplete:intraday:duplicate_exact_contract_bar;overnight:duplicate_exact_contract_bar,development
2022-10-25,2022-11-03,short_iron_fly_w300,paired_sample_incomplete:intraday:duplicate_exact_contract_bar;overnight:duplicate_exact_contract_bar,development
2022-10-25,2022-11-03,long_iron_fly_w100,paired_sample_incomplete:intraday:duplicate_exact_contract_bar;overnight:duplicate_exact_contract_bar,development
2022-10-25,2022-11-03,long_iron_fly_w200,paired_sample_incomplete:intraday:duplicate_exact_contract_bar;overnight:duplicate_exact_contract_bar,development
2022-10-25,2022-11-03,long_iron_fly_w300,paired_sample_incomplete:intraday:duplicate_exact_contract_bar;overnight:duplicate_exact_contract_bar,development
2022-10-25,2022-11-03,short_iron_condor_100_300,paired_sample_incomplete:intraday:duplicate_exact_contract_bar;overnight:duplicate_exact_contract_bar,development
2022-10-25,2022-11-03,bull_put_credit_100_300,paired_sample_incomplete:intraday:duplicate_exact_contract_bar;overnight:duplicate_exact_contract_bar,development
2022-10-25,2022-11-03,bear_call_credit_100_300,paired_sample_incomplete:intraday:duplicate_exact_contract_bar;overnight:duplicate_exact_contract_bar,development
2022-10-27,2022-11-03,short_atm_straddle,paired_sample_incomplete:intraday:duplicate_exact_contract_bar;overnight:duplicate_exact_contract_bar,development
2022-10-27,2022-11-03,short_iron_fly_w100,paired_sample_incomplete:intraday:duplicate_exact_contract_bar;overnight:duplicate_exact_contract_bar,development
2022-10-27,2022-11-03,short_iron_fly_w200,paired_sample_incomplete:intraday:duplicate_exact_contract_bar;overnight:duplicate_exact_contract_bar,development
2022-10-27,2022-11-03,short_iron_fly_w300,paired_sample_incomplete:intraday:duplicate_exact_contract_bar;overnight:duplicate_exact_contract_bar,development
2022-10-27,2022-11-03,long_iron_fly_w100,paired_sample_incomplete:intraday:duplicate_exact_contract_bar;overnight:duplicate_exact_contract_bar,development
2022-10-27,2022-11-03,long_iron_fly_w200,paired_sample_incomplete:intraday:duplicate_exact_contract_bar;overnight:duplicate_exact_contract_bar,development
2022-10-27,2022-11-03,long_iron_fly_w300,paired_sample_incomplete:intraday:duplicate_exact_contract_bar;overnight:duplicate_exact_contract_bar,development
2022-10-27,2022-11-03,short_iron_condor_100_300,paired_sample_incomplete:intraday:duplicate_exact_contract_bar;overnight:duplicate_exact_contract_bar,development
2022-10-27,2022-11-03,bull_put_credit_100_300,paired_sample_incomplete:intraday:duplicate_exact_contract_bar;overnight:duplicate_exact_contract_bar,development
2022-10-27,2022-11-03,bear_call_credit_100_300,paired_sample_incomplete:intraday:duplicate_exact_contract_bar;overnight:duplicate_exact_contract_bar,development
2022-10-28,2022-11-03,short_atm_straddle,paired_sample_incomplete:intraday:duplicate_exact_contract_bar;overnight:duplicate_exact_contract_bar,development
2022-10-28,2022-11-03,short_iron_fly_w100,paired_sample_incomplete:intraday:duplicate_exact_contract_bar;overnight:duplicate_exact_contract_bar,development
2022-10-28,2022-11-03,short_iron_fly_w200,paired_sample_incomplete:intraday:duplicate_exact_contract_bar;overnight:duplicate_exact_contract_bar,development
2022-10-28,2022-11-03,short_iron_fly_w300,paired_sample_incomplete:intraday:duplicate_exact_contract_bar;overnight:duplicate_exact_contract_bar,development
2022-10-28,2022-11-03,long_iron_fly_w100,paired_sample_incomplete:intraday:duplicate_exact_contract_bar;overnight:duplicate_exact_contract_bar,development
2022-10-28,2022-11-03,long_iron_fly_w200,paired_sample_incomplete:intraday:duplicate_exact_contract_bar;overnight:duplicate_exact_contract_bar,development
2022-10-28,2022-11-03,long_iron_fly_w300,paired_sample_incomplete:intraday:duplicate_exact_contract_bar;overnight:duplicate_exact_contract_bar,development
2022-10-28,2022-11-03,short_iron_condor_100_300,paired_sample_incomplete:intraday:duplicate_exact_contract_bar;overnight:duplicate_exact_contract_bar,development
2022-10-28,2022-11-03,bull_put_credit_100_300,paired_sample_incomplete:intraday:duplicate_exact_contract_bar;overnight:duplicate_exact_contract_bar,development
2022-10-28,2022-11-03,bear_call_credit_100_300,paired_sample_incomplete:intraday:duplicate_exact_contract_bar;overnight:duplicate_exact_contract_bar,development
2022-10-31,2022-11-03,short_atm_straddle,paired_sample_incomplete:intraday:duplicate_exact_contract_bar;overnight:duplicate_exact_contract_bar,development
2022-10-31,2022-11-03,short_iron_fly_w100,paired_sample_incomplete:intraday:duplicate_exact_contract_bar;overnight:duplicate_exact_contract_bar,development
2022-10-31,2022-11-03,short_iron_fly_w200,paired_sample_incomplete:intraday:duplicate_exact_contract_bar;overnight:duplicate_exact_contract_bar,development
2022-10-31,2022-11-03,short_iron_fly_w300,paired_sample_incomplete:intraday:duplicate_exact_contract_bar;overnight:duplicate_exact_contract_bar,development
2022-10-31,2022-11-03,long_iron_fly_w100,paired_sample_incomplete:intraday:duplicate_exact_contract_bar;overnight:duplicate_exact_contract_bar,development
2022-10-31,2022-11-03,long_iron_fly_w200,paired_sample_incomplete:intraday:duplicate_exact_contract_bar;overnight:duplicate_exact_contract_bar,development
2022-10-31,2022-11-03,long_iron_fly_w300,paired_sample_incomplete:intraday:duplicate_exact_contract_bar;overnight:duplicate_exact_contract_bar,development
2022-10-31,2022-11-03,short_iron_condor_100_300,paired_sample_incomplete:intraday:duplicate_exact_contract_bar;overnight:duplicate_exact_contract_bar,development
2022-10-31,2022-11-03,bull_put_credit_100_300,paired_sample_incomplete:intraday:duplicate_exact_contract_bar;overnight:duplicate_exact_contract_bar,development
2022-10-31,2022-11-03,bear_call_credit_100_300,paired_sample_incomplete:intraday:duplicate_exact_contract_bar;overnight:duplicate_exact_contract_bar,development
2022-11-01,2022-11-03,short_atm_straddle,paired_sample_incomplete:intraday:duplicate_exact_contract_bar;overnight:duplicate_exact_contract_bar,development
2022-11-01,2022-11-03,short_iron_fly_w100,paired_sample_incomplete:intraday:duplicate_exact_contract_bar;overnight:duplicate_exact_contract_bar,development
2022-11-01,2022-11-03,short_iron_fly_w200,paired_sample_incomplete:intraday:duplicate_exact_contract_bar;overnight:duplicate_exact_contract_bar,development
2022-11-01,2022-11-03,short_iron_fly_w300,paired_sample_incomplete:intraday:duplicate_exact_contract_bar;overnight:duplicate_exact_contract_bar,development
2022-11-01,2022-11-03,long_iron_fly_w100,paired_sample_incomplete:intraday:duplicate_exact_contract_bar;overnight:duplicate_exact_contract_bar,development
2022-11-01,2022-11-03,long_iron_fly_w200,paired_sample_incomplete:intraday:duplicate_exact_contract_bar;overnight:duplicate_exact_contract_bar,development
2022-11-01,2022-11-03,long_iron_fly_w300,paired_sample_incomplete:intraday:duplicate_exact_contract_bar;overnight:duplicate_exact_contract_bar,development
2022-11-01,2022-11-03,short_iron_condor_100_300,paired_sample_incomplete:intraday:duplicate_exact_contract_bar;overnight:duplicate_exact_contract_bar,development
2022-11-01,2022-11-03,bull_put_credit_100_300,paired_sample_incomplete:intraday:duplicate_exact_contract_bar;overnight:duplicate_exact_contract_bar,development
2022-11-01,2022-11-03,bear_call_credit_100_300,paired_sample_incomplete:intraday:duplicate_exact_contract_bar;overnight:duplicate_exact_contract_bar,development
2022-11-02,2022-11-10,short_atm_straddle,paired_sample_incomplete:intraday:duplicate_exact_contract_bar;overnight:duplicate_exact_contract_bar,development
2022-11-02,2022-11-10,short_iron_fly_w100,paired_sample_incomplete:intraday:duplicate_exact_contract_bar;overnight:duplicate_exact_contract_bar,development
2022-11-02,2022-11-10,short_iron_fly_w200,paired_sample_incomplete:intraday:duplicate_exact_contract_bar;overnight:duplicate_exact_contract_bar,development
2022-11-02,2022-11-10,short_iron_fly_w300,paired_sample_incomplete:intraday:duplicate_exact_contract_bar;overnight:duplicate_exact_contract_bar,development
2022-11-02,2022-11-10,long_iron_fly_w100,paired_sample_incomplete:intraday:duplicate_exact_contract_bar;overnight:duplicate_exact_contract_bar,development
2022-11-02,2022-11-10,long_iron_fly_w200,paired_sample_incomplete:intraday:duplicate_exact_contract_bar;overnight:duplicate_exact_contract_bar,development
2022-11-02,2022-11-10,long_iron_fly_w300,paired_sample_incomplete:intraday:duplicate_exact_contract_bar;overnight:duplicate_exact_contract_bar,development
2022-11-02,2022-11-10,short_iron_condor_100_300,paired_sample_incomplete:intraday:duplicate_exact_contract_bar;overnight:duplicate_exact_contract_bar,development
2022-11-02,2022-11-10,bull_put_credit_100_300,paired_sample_incomplete:intraday:duplicate_exact_contract_bar;overnight:duplicate_exact_contract_bar,development
2022-11-02,2022-11-10,bear_call_credit_100_300,paired_sample_incomplete:intraday:duplicate_exact_contract_bar;overnight:duplicate_exact_contract_bar,development
2022-11-03,2022-11-10,short_iron_fly_w100,paired_sample_incomplete:intraday:duplicate_exact_contract_bar;overnight:duplicate_exact_contract_bar,development
2022-11-03,2022-11-10,short_iron_fly_w200,paired_sample_incomplete:intraday:duplicate_exact_contract_bar;overnight:duplicate_exact_contract_bar,development
2022-11-03,2022-11-10,short_iron_fly_w300,paired_sample_incomplete:intraday:duplicate_exact_contract_bar;overnight:duplicate_exact_contract_bar,development
2022-11-03,2022-11-10,long_iron_fly_w100,paired_sample_incomplete:intraday:duplicate_exact_contract_bar;overnight:duplicate_exact_contract_bar,development
2022-11-03,2022-11-10,long_iron_fly_w200,paired_sample_incomplete:intraday:duplicate_exact_contract_bar;overnight:duplicate_exact_contract_bar,development
2022-11-03,2022-11-10,long_iron_fly_w300,paired_sample_incomplete:intraday:duplicate_exact_contract_bar;overnight:duplicate_exact_contract_bar,development
2022-11-03,2022-11-10,short_iron_condor_100_300,paired_sample_incomplete:intraday:duplicate_exact_contract_bar;overnight:duplicate_exact_contract_bar,development
2022-11-03,2022-11-10,bull_put_credit_100_300,paired_sample_incomplete:intraday:duplicate_exact_contract_bar;overnight:duplicate_exact_contract_bar,development
2022-11-03,2022-11-10,bear_call_credit_100_300,paired_sample_incomplete:intraday:duplicate_exact_contract_bar;overnight:duplicate_exact_contract_bar,development
2022-11-04,2022-11-10,short_atm_straddle,paired_sample_incomplete:intraday:duplicate_exact_contract_bar;overnight:duplicate_exact_contract_bar,development
2022-11-04,2022-11-10,short_iron_fly_w100,paired_sample_incomplete:intraday:duplicate_exact_contract_bar;overnight:duplicate_exact_contract_bar,development
2022-11-04,2022-11-10,short_iron_fly_w200,paired_sample_incomplete:intraday:duplicate_exact_contract_bar;overnight:duplicate_exact_contract_bar,development
2022-11-04,2022-11-10,short_iron_fly_w300,paired_sample_incomplete:intraday:duplicate_exact_contract_bar;overnight:duplicate_exact_contract_bar,development
2022-11-04,2022-11-10,long_iron_fly_w100,paired_sample_incomplete:intraday:duplicate_exact_contract_bar;overnight:duplicate_exact_contract_bar,development
2022-11-04,2022-11-10,long_iron_fly_w200,paired_sample_incomplete:intraday:duplicate_exact_contract_bar;overnight:duplicate_exact_contract_bar,development
2022-11-04,2022-11-10,long_iron_fly_w300,paired_sample_incomplete:intraday:duplicate_exact_contract_bar;overnight:duplicate_exact_contract_bar,development
2022-11-04,2022-11-10,short_iron_condor_100_300,paired_sample_incomplete:intraday:duplicate_exact_contract_bar;overnight:duplicate_exact_contract_bar,development
2022-11-04,2022-11-10,bull_put_credit_100_300,paired_sample_incomplete:intraday:duplicate_exact_contract_bar;overnight:duplicate_exact_contract_bar,development
2022-11-04,2022-11-10,bear_call_credit_100_300,paired_sample_incomplete:intraday:duplicate_exact_contract_bar;overnight:duplicate_exact_contract_bar,development
2022-11-07,2022-11-10,short_atm_straddle,paired_sample_incomplete:intraday:duplicate_exact_contract_bar;overnight:duplicate_exact_contract_bar,development
2022-11-07,2022-11-10,short_iron_fly_w100,paired_sample_incomplete:intraday:duplicate_exact_contract_bar;overnight:duplicate_exact_contract_bar,development
2022-11-07,2022-11-10,short_iron_fly_w200,paired_sample_incomplete:intraday:duplicate_exact_contract_bar;overnight:duplicate_exact_contract_bar,development
2022-11-07,2022-11-10,short_iron_fly_w300,paired_sample_incomplete:intraday:duplicate_exact_contract_bar;overnight:duplicate_exact_contract_bar,development
2022-11-07,2022-11-10,long_iron_fly_w100,paired_sample_incomplete:intraday:duplicate_exact_contract_bar;overnight:duplicate_exact_contract_bar,development
2022-11-07,2022-11-10,long_iron_fly_w200,paired_sample_incomplete:intraday:duplicate_exact_contract_bar;overnight:duplicate_exact_contract_bar,development
2022-11-07,2022-11-10,long_iron_fly_w300,paired_sample_incomplete:intraday:duplicate_exact_contract_bar;overnight:duplicate_exact_contract_bar,development
2022-11-07,2022-11-10,short_iron_condor_100_300,paired_sample_incomplete:intraday:duplicate_exact_contract_bar;overnight:duplicate_exact_contract_bar,development
2022-11-07,2022-11-10,bull_put_credit_100_300,paired_sample_incomplete:intraday:duplicate_exact_contract_bar;overnight:duplicate_exact_contract_bar,development
2022-11-07,2022-11-10,bear_call_credit_100_300,paired_sample_incomplete:intraday:duplicate_exact_contract_bar;overnight:duplicate_exact_contract_bar,development
2022-11-09,2022-11-17,short_atm_straddle,paired_sample_incomplete:intraday:duplicate_exact_contract_bar;overnight:duplicate_exact_contract_bar,development
2022-11-09,2022-11-17,short_iron_fly_w100,paired_sample_incomplete:intraday:duplicate_exact_contract_bar;overnight:duplicate_exact_contract_bar,development
2022-11-09,2022-11-17,short_iron_fly_w200,paired_sample_incomplete:intraday:duplicate_exact_contract_bar;overnight:duplicate_exact_contract_bar,development
2022-11-09,2022-11-17,short_iron_fly_w300,paired_sample_incomplete:intraday:duplicate_exact_contract_bar;overnight:duplicate_exact_contract_bar,development
2022-11-09,2022-11-17,long_iron_fly_w100,paired_sample_incomplete:intraday:duplicate_exact_contract_bar;overnight:duplicate_exact_contract_bar,development
2022-11-09,2022-11-17,long_iron_fly_w200,paired_sample_incomplete:intraday:duplicate_exact_contract_bar;overnight:duplicate_exact_contract_bar,development
2022-11-09,2022-11-17,long_iron_fly_w300,paired_sample_incomplete:intraday:duplicate_exact_contract_bar;overnight:duplicate_exact_contract_bar,development
2022-11-09,2022-11-17,short_iron_condor_100_300,paired_sample_incomplete:intraday:duplicate_exact_contract_bar;overnight:duplicate_exact_contract_bar,development
2022-11-09,2022-11-17,bull_put_credit_100_300,paired_sample_incomplete:intraday:duplicate_exact_contract_bar;overnight:duplicate_exact_contract_bar,development
2022-11-09,2022-11-17,bear_call_credit_100_300,paired_sample_incomplete:intraday:duplicate_exact_contract_bar;overnight:duplicate_exact_contract_bar,development
2022-11-10,2022-11-17,short_atm_straddle,paired_sample_incomplete:intraday:duplicate_exact_contract_bar;overnight:duplicate_exact_contract_bar,development
2022-11-10,2022-11-17,short_iron_fly_w100,paired_sample_incomplete:intraday:duplicate_exact_contract_bar;overnight:duplicate_exact_contract_bar,development
2022-11-10,2022-11-17,short_iron_fly_w200,paired_sample_incomplete:intraday:duplicate_exact_contract_bar;overnight:duplicate_exact_contract_bar,development
2022-11-10,2022-11-17,short_iron_fly_w300,paired_sample_incomplete:intraday:duplicate_exact_contract_bar;overnight:duplicate_exact_contract_bar,development
2022-11-10,2022-11-17,long_iron_fly_w100,paired_sample_incomplete:intraday:duplicate_exact_contract_bar;overnight:duplicate_exact_contract_bar,development
2022-11-10,2022-11-17,long_iron_fly_w200,paired_sample_incomplete:intraday:duplicate_exact_contract_bar;overnight:duplicate_exact_contract_bar,development
2022-11-10,2022-11-17,long_iron_fly_w300,paired_sample_incomplete:intraday:duplicate_exact_contract_bar;overnight:duplicate_exact_contract_bar,development
2022-11-10,2022-11-17,short_iron_condor_100_300,paired_sample_incomplete:intraday:duplicate_exact_contract_bar;overnight:duplicate_exact_contract_bar,development
2022-11-10,2022-11-17,bull_put_credit_100_300,paired_sample_incomplete:intraday:duplicate_exact_contract_bar;overnight:duplicate_exact_contract_bar,development
2022-11-10,2022-11-17,bear_call_credit_100_300,paired_sample_incomplete:intraday:duplicate_exact_contract_bar;overnight:duplicate_exact_contract_bar,development
2022-11-11,2022-11-17,short_atm_straddle,paired_sample_incomplete:intraday:duplicate_exact_contract_bar;overnight:duplicate_exact_contract_bar,development
2022-11-11,2022-11-17,short_iron_fly_w100,paired_sample_incomplete:intraday:duplicate_exact_contract_bar;overnight:duplicate_exact_contract_bar,development
2022-11-11,2022-11-17,short_iron_fly_w200,paired_sample_incomplete:intraday:duplicate_exact_contract_bar;overnight:duplicate_exact_contract_bar,development
2022-11-11,2022-11-17,short_iron_fly_w300,paired_sample_incomplete:intraday:duplicate_exact_contract_bar;overnight:duplicate_exact_contract_bar,development
2022-11-11,2022-11-17,long_iron_fly_w100,paired_sample_incomplete:intraday:duplicate_exact_contract_bar;overnight:duplicate_exact_contract_bar,development
2022-11-11,2022-11-17,long_iron_fly_w200,paired_sample_incomplete:intraday:duplicate_exact_contract_bar;overnight:duplicate_exact_contract_bar,development
2022-11-11,2022-11-17,long_iron_fly_w300,paired_sample_incomplete:intraday:duplicate_exact_contract_bar;overnight:duplicate_exact_contract_bar,development
2022-11-11,2022-11-17,short_iron_condor_100_300,paired_sample_incomplete:intraday:duplicate_exact_contract_bar;overnight:duplicate_exact_contract_bar,development
2022-11-11,2022-11-17,bull_put_credit_100_300,paired_sample_incomplete:intraday:duplicate_exact_contract_bar;overnight:duplicate_exact_contract_bar,development
2022-11-11,2022-11-17,bear_call_credit_100_300,paired_sample_incomplete:intraday:duplicate_exact_contract_bar;overnight:duplicate_exact_contract_bar,development
2022-11-14,2022-11-17,short_atm_straddle,paired_sample_incomplete:intraday:duplicate_exact_contract_bar;overnight:duplicate_exact_contract_bar,development
2022-11-14,2022-11-17,short_iron_fly_w100,paired_sample_incomplete:intraday:duplicate_exact_contract_bar;overnight:duplicate_exact_contract_bar,development
2022-11-14,2022-11-17,short_iron_fly_w200,paired_sample_incomplete:intraday:duplicate_exact_contract_bar;overnight:duplicate_exact_contract_bar,development
2022-11-14,2022-11-17,short_iron_fly_w300,paired_sample_incomplete:intraday:duplicate_exact_contract_bar;overnight:duplicate_exact_contract_bar,development
2022-11-14,2022-11-17,long_iron_fly_w100,paired_sample_incomplete:intraday:duplicate_exact_contract_bar;overnight:duplicate_exact_contract_bar,development
2022-11-14,2022-11-17,long_iron_fly_w200,paired_sample_incomplete:intraday:duplicate_exact_contract_bar;overnight:duplicate_exact_contract_bar,development
2022-11-14,2022-11-17,long_iron_fly_w300,paired_sample_incomplete:intraday:duplicate_exact_contract_bar;overnight:duplicate_exact_contract_bar,development
2022-11-14,2022-11-17,short_iron_condor_100_300,paired_sample_incomplete:intraday:duplicate_exact_contract_bar;overnight:duplicate_exact_contract_bar,development
2022-11-14,2022-11-17,bull_put_credit_100_300,paired_sample_incomplete:intraday:duplicate_exact_contract_bar;overnight:duplicate_exact_contract_bar,development
2022-11-14,2022-11-17,bear_call_credit_100_300,paired_sample_incomplete:intraday:duplicate_exact_contract_bar;overnight:duplicate_exact_contract_bar,development
2022-11-15,2022-11-17,short_atm_straddle,paired_sample_incomplete:intraday:duplicate_exact_contract_bar;overnight:duplicate_exact_contract_bar,development
2022-11-15,2022-11-17,short_iron_fly_w100,paired_sample_incomplete:intraday:duplicate_exact_contract_bar;overnight:duplicate_exact_contract_bar,development
2022-11-15,2022-11-17,short_iron_fly_w200,paired_sample_incomplete:intraday:duplicate_exact_contract_bar;overnight:duplicate_exact_contract_bar,development
2022-11-15,2022-11-17,short_iron_fly_w300,paired_sample_incomplete:intraday:duplicate_exact_contract_bar;overnight:duplicate_exact_contract_bar,development
2022-11-15,2022-11-17,long_iron_fly_w100,paired_sample_incomplete:intraday:duplicate_exact_contract_bar;overnight:duplicate_exact_contract_bar,development
2022-11-15,2022-11-17,long_iron_fly_w200,paired_sample_incomplete:intraday:duplicate_exact_contract_bar;overnight:duplicate_exact_contract_bar,development
2022-11-15,2022-11-17,long_iron_fly_w300,paired_sample_incomplete:intraday:duplicate_exact_contract_bar;overnight:duplicate_exact_contract_bar,development
2022-11-15,2022-11-17,short_iron_condor_100_300,paired_sample_incomplete:intraday:duplicate_exact_contract_bar;overnight:duplicate_exact_contract_bar,development
2022-11-15,2022-11-17,bull_put_credit_100_300,paired_sample_incomplete:intraday:duplicate_exact_contract_bar;overnight:duplicate_exact_contract_bar,development
2022-11-15,2022-11-17,bear_call_credit_100_300,paired_sample_incomplete:intraday:duplicate_exact_contract_bar;overnight:duplicate_exact_contract_bar,development
2022-11-16,2022-11-24,short_atm_straddle,paired_sample_incomplete:intraday:duplicate_exact_contract_bar;overnight:duplicate_exact_contract_bar,development
2022-11-16,2022-11-24,short_iron_fly_w100,paired_sample_incomplete:intraday:duplicate_exact_contract_bar;overnight:duplicate_exact_contract_bar,development
2022-11-16,2022-11-24,short_iron_fly_w200,paired_sample_incomplete:intraday:duplicate_exact_contract_bar;overnight:duplicate_exact_contract_bar,development
2022-11-16,2022-11-24,short_iron_fly_w300,paired_sample_incomplete:intraday:duplicate_exact_contract_bar;overnight:duplicate_exact_contract_bar,development
2022-11-16,2022-11-24,long_iron_fly_w100,paired_sample_incomplete:intraday:duplicate_exact_contract_bar;overnight:duplicate_exact_contract_bar,development
2022-11-16,2022-11-24,long_iron_fly_w200,paired_sample_incomplete:intraday:duplicate_exact_contract_bar;overnight:duplicate_exact_contract_bar,development
2022-11-16,2022-11-24,long_iron_fly_w300,paired_sample_incomplete:intraday:duplicate_exact_contract_bar;overnight:duplicate_exact_contract_bar,development
2022-11-16,2022-11-24,short_iron_condor_100_300,paired_sample_incomplete:intraday:duplicate_exact_contract_bar;overnight:duplicate_exact_contract_bar,development
2022-11-16,2022-11-24,bull_put_credit_100_300,paired_sample_incomplete:intraday:duplicate_exact_contract_bar;overnight:duplicate_exact_contract_bar,development
2022-11-16,2022-11-24,bear_call_credit_100_300,paired_sample_incomplete:intraday:duplicate_exact_contract_bar;overnight:duplicate_exact_contract_bar,development
2022-11-17,2022-11-24,short_atm_straddle,paired_sample_incomplete:intraday:duplicate_exact_contract_bar;overnight:duplicate_exact_contract_bar,development
2022-11-17,2022-11-24,short_iron_fly_w100,paired_sample_incomplete:intraday:duplicate_exact_contract_bar;overnight:duplicate_exact_contract_bar,development
2022-11-17,2022-11-24,short_iron_fly_w200,paired_sample_incomplete:intraday:duplicate_exact_contract_bar;overnight:duplicate_exact_contract_bar,development
2022-11-17,2022-11-24,short_iron_fly_w300,paired_sample_incomplete:intraday:duplicate_exact_contract_bar;overnight:duplicate_exact_contract_bar,development
2022-11-17,2022-11-24,long_iron_fly_w100,paired_sample_incomplete:intraday:duplicate_exact_contract_bar;overnight:duplicate_exact_contract_bar,development
2022-11-17,2022-11-24,long_iron_fly_w200,paired_sample_incomplete:intraday:duplicate_exact_contract_bar;overnight:duplicate_exact_contract_bar,development
2022-11-17,2022-11-24,long_iron_fly_w300,paired_sample_incomplete:intraday:duplicate_exact_contract_bar;overnight:duplicate_exact_contract_bar,development
2022-11-17,2022-11-24,short_iron_condor_100_300,paired_sample_incomplete:intraday:duplicate_exact_contract_bar;overnight:duplicate_exact_contract_bar,development
2022-11-17,2022-11-24,bull_put_credit_100_300,paired_sample_incomplete:intraday:duplicate_exact_contract_bar;overnight:duplicate_exact_contract_bar,development
2022-11-17,2022-11-24,bear_call_credit_100_300,paired_sample_incomplete:intraday:duplicate_exact_contract_bar;overnight:duplicate_exact_contract_bar,development
2022-11-18,2022-11-24,short_iron_fly_w100,paired_sample_incomplete:intraday:duplicate_exact_contract_bar;overnight:duplicate_exact_contract_bar,development
2022-11-18,2022-11-24,short_iron_fly_w200,paired_sample_incomplete:intraday:duplicate_exact_contract_bar;overnight:duplicate_exact_contract_bar,development
2022-11-18,2022-11-24,short_iron_fly_w300,paired_sample_incomplete:intraday:duplicate_exact_contract_bar;overnight:duplicate_exact_contract_bar,development
2022-11-18,2022-11-24,long_iron_fly_w100,paired_sample_incomplete:intraday:duplicate_exact_contract_bar;overnight:duplicate_exact_contract_bar,development
2022-11-18,2022-11-24,long_iron_fly_w200,paired_sample_incomplete:intraday:duplicate_exact_contract_bar;overnight:duplicate_exact_contract_bar,development
2022-11-18,2022-11-24,long_iron_fly_w300,paired_sample_incomplete:intraday:duplicate_exact_contract_bar;overnight:duplicate_exact_contract_bar,development
2022-11-18,2022-11-24,short_iron_condor_100_300,paired_sample_incomplete:intraday:duplicate_exact_contract_bar;overnight:duplicate_exact_contract_bar,development
2022-11-18,2022-11-24,bull_put_credit_100_300,paired_sample_incomplete:intraday:duplicate_exact_contract_bar;overnight:duplicate_exact_contract_bar,development
2022-11-18,2022-11-24,bear_call_credit_100_300,paired_sample_incomplete:intraday:duplicate_exact_contract_bar;overnight:duplicate_exact_contract_bar,development
2022-11-21,2022-11-24,short_atm_straddle,paired_sample_incomplete:intraday:duplicate_exact_contract_bar;overnight:duplicate_exact_contract_bar,development
2022-11-21,2022-11-24,short_iron_fly_w100,paired_sample_incomplete:intraday:duplicate_exact_contract_bar;overnight:duplicate_exact_contract_bar,development
2022-11-21,2022-11-24,short_iron_fly_w200,paired_sample_incomplete:intraday:duplicate_exact_contract_bar;overnight:duplicate_exact_contract_bar,development
2022-11-21,2022-11-24,short_iron_fly_w300,paired_sample_incomplete:intraday:duplicate_exact_contract_bar;overnight:duplicate_exact_contract_bar,development
2022-11-21,2022-11-24,long_iron_fly_w100,paired_sample_incomplete:intraday:duplicate_exact_contract_bar;overnight:duplicate_exact_contract_bar,development
2022-11-21,2022-11-24,long_iron_fly_w200,paired_sample_incomplete:intraday:duplicate_exact_contract_bar;overnight:duplicate_exact_contract_bar,development
2022-11-21,2022-11-24,long_iron_fly_w300,paired_sample_incomplete:intraday:duplicate_exact_contract_bar;overnight:duplicate_exact_contract_bar,development
2022-11-21,2022-11-24,short_iron_condor_100_300,paired_sample_incomplete:intraday:duplicate_exact_contract_bar;overnight:duplicate_exact_contract_bar,development
2022-11-21,2022-11-24,bull_put_credit_100_300,paired_sample_incomplete:intraday:duplicate_exact_contract_bar;overnight:duplicate_exact_contract_bar,development
2022-11-22,2022-11-24,short_atm_straddle,paired_sample_incomplete:intraday:duplicate_exact_contract_bar;overnight:duplicate_exact_contract_bar,development
2022-11-22,2022-11-24,short_iron_fly_w100,paired_sample_incomplete:intraday:duplicate_exact_contract_bar;overnight:duplicate_exact_contract_bar,development
2022-11-22,2022-11-24,short_iron_fly_w200,paired_sample_incomplete:intraday:duplicate_exact_contract_bar;overnight:duplicate_exact_contract_bar,development
2022-11-22,2022-11-24,short_iron_fly_w300,paired_sample_incomplete:intraday:duplicate_exact_contract_bar;overnight:duplicate_exact_contract_bar,development
2022-11-22,2022-11-24,long_iron_fly_w100,paired_sample_incomplete:intraday:duplicate_exact_contract_bar;overnight:duplicate_exact_contract_bar,development
2022-11-22,2022-11-24,long_iron_fly_w200,paired_sample_incomplete:intraday:duplicate_exact_contract_bar;overnight:duplicate_exact_contract_bar,development
2022-11-22,2022-11-24,long_iron_fly_w300,paired_sample_incomplete:intraday:duplicate_exact_contract_bar;overnight:duplicate_exact_contract_bar,development
2022-11-22,2022-11-24,short_iron_condor_100_300,paired_sample_incomplete:intraday:duplicate_exact_contract_bar;overnight:duplicate_exact_contract_bar,development
2022-11-22,2022-11-24,bull_put_credit_100_300,paired_sample_incomplete:intraday:duplicate_exact_contract_bar;overnight:duplicate_exact_contract_bar,development
2022-11-22,2022-11-24,bear_call_credit_100_300,paired_sample_incomplete:intraday:duplicate_exact_contract_bar;overnight:duplicate_exact_contract_bar,development
2022-11-23,2022-12-01,short_atm_straddle,paired_sample_incomplete:intraday:duplicate_exact_contract_bar;overnight:duplicate_exact_contract_bar,development
2022-11-23,2022-12-01,short_iron_fly_w100,paired_sample_incomplete:intraday:duplicate_exact_contract_bar;overnight:duplicate_exact_contract_bar,development
2022-11-23,2022-12-01,short_iron_fly_w200,paired_sample_incomplete:intraday:duplicate_exact_contract_bar;overnight:duplicate_exact_contract_bar,development
2022-11-23,2022-12-01,short_iron_fly_w300,paired_sample_incomplete:intraday:duplicate_exact_contract_bar;overnight:duplicate_exact_contract_bar,development
2022-11-23,2022-12-01,long_iron_fly_w100,paired_sample_incomplete:intraday:duplicate_exact_contract_bar;overnight:duplicate_exact_contract_bar,development
2022-11-23,2022-12-01,long_iron_fly_w200,paired_sample_incomplete:intraday:duplicate_exact_contract_bar;overnight:duplicate_exact_contract_bar,development
2022-11-23,2022-12-01,long_iron_fly_w300,paired_sample_incomplete:intraday:duplicate_exact_contract_bar;overnight:duplicate_exact_contract_bar,development
2022-11-23,2022-12-01,short_iron_condor_100_300,paired_sample_incomplete:intraday:duplicate_exact_contract_bar;overnight:duplicate_exact_contract_bar,development
2022-11-23,2022-12-01,bull_put_credit_100_300,paired_sample_incomplete:intraday:duplicate_exact_contract_bar;overnight:duplicate_exact_contract_bar,development
2022-11-23,2022-12-01,bear_call_credit_100_300,paired_sample_incomplete:intraday:duplicate_exact_contract_bar;overnight:duplicate_exact_contract_bar,development
2022-11-24,2022-12-01,short_atm_straddle,paired_sample_incomplete:intraday:duplicate_exact_contract_bar;overnight:duplicate_exact_contract_bar,development
2022-11-24,2022-12-01,short_iron_fly_w100,paired_sample_incomplete:intraday:duplicate_exact_contract_bar;overnight:duplicate_exact_contract_bar,development
2022-11-24,2022-12-01,short_iron_fly_w200,paired_sample_incomplete:intraday:duplicate_exact_contract_bar;overnight:duplicate_exact_contract_bar,development
2022-11-24,2022-12-01,short_iron_fly_w300,paired_sample_incomplete:intraday:duplicate_exact_contract_bar;overnight:duplicate_exact_contract_bar,development
2022-11-24,2022-12-01,long_iron_fly_w100,paired_sample_incomplete:intraday:duplicate_exact_contract_bar;overnight:duplicate_exact_contract_bar,development
2022-11-24,2022-12-01,long_iron_fly_w200,paired_sample_incomplete:intraday:duplicate_exact_contract_bar;overnight:duplicate_exact_contract_bar,development
2022-11-24,2022-12-01,long_iron_fly_w300,paired_sample_incomplete:intraday:duplicate_exact_contract_bar;overnight:duplicate_exact_contract_bar,development
2022-11-24,2022-12-01,short_iron_condor_100_300,paired_sample_incomplete:intraday:duplicate_exact_contract_bar;overnight:duplicate_exact_contract_bar,development
2022-11-24,2022-12-01,bull_put_credit_100_300,paired_sample_incomplete:intraday:duplicate_exact_contract_bar;overnight:duplicate_exact_contract_bar,development
2022-11-24,2022-12-01,bear_call_credit_100_300,paired_sample_incomplete:intraday:duplicate_exact_contract_bar;overnight:duplicate_exact_contract_bar,development
2022-11-25,2022-12-01,short_atm_straddle,paired_sample_incomplete:intraday:duplicate_exact_contract_bar;overnight:duplicate_exact_contract_bar,development
2022-11-25,2022-12-01,short_iron_fly_w100,paired_sample_incomplete:intraday:duplicate_exact_contract_bar;overnight:duplicate_exact_contract_bar,development
2022-11-25,2022-12-01,short_iron_fly_w200,paired_sample_incomplete:intraday:duplicate_exact_contract_bar;overnight:duplicate_exact_contract_bar,development
2022-11-25,2022-12-01,short_iron_fly_w300,paired_sample_incomplete:intraday:duplicate_exact_contract_bar;overnight:duplicate_exact_contract_bar,development
2022-11-25,2022-12-01,long_iron_fly_w100,paired_sample_incomplete:intraday:duplicate_exact_contract_bar;overnight:duplicate_exact_contract_bar,development
2022-11-25,2022-12-01,long_iron_fly_w200,paired_sample_incomplete:intraday:duplicate_exact_contract_bar;overnight:duplicate_exact_contract_bar,development
2022-11-25,2022-12-01,long_iron_fly_w300,paired_sample_incomplete:intraday:duplicate_exact_contract_bar;overnight:duplicate_exact_contract_bar,development
2022-11-25,2022-12-01,short_iron_condor_100_300,paired_sample_incomplete:intraday:duplicate_exact_contract_bar;overnight:duplicate_exact_contract_bar,development
2022-11-25,2022-12-01,bull_put_credit_100_300,paired_sample_incomplete:intraday:duplicate_exact_contract_bar;overnight:duplicate_exact_contract_bar,development
2022-11-25,2022-12-01,bear_call_credit_100_300,paired_sample_incomplete:intraday:duplicate_exact_contract_bar;overnight:duplicate_exact_contract_bar,development
2022-11-28,2022-12-01,short_atm_straddle,paired_sample_incomplete:intraday:duplicate_exact_contract_bar;overnight:duplicate_exact_contract_bar,development
2022-11-28,2022-12-01,short_iron_fly_w100,paired_sample_incomplete:intraday:duplicate_exact_contract_bar;overnight:duplicate_exact_contract_bar,development
2022-11-28,2022-12-01,short_iron_fly_w200,paired_sample_incomplete:intraday:duplicate_exact_contract_bar;overnight:duplicate_exact_contract_bar,development
2022-11-28,2022-12-01,short_iron_fly_w300,paired_sample_incomplete:intraday:duplicate_exact_contract_bar;overnight:duplicate_exact_contract_bar,development
2022-11-28,2022-12-01,long_iron_fly_w100,paired_sample_incomplete:intraday:duplicate_exact_contract_bar;overnight:duplicate_exact_contract_bar,development
2022-11-28,2022-12-01,long_iron_fly_w200,paired_sample_incomplete:intraday:duplicate_exact_contract_bar;overnight:duplicate_exact_contract_bar,development
2022-11-28,2022-12-01,long_iron_fly_w300,paired_sample_incomplete:intraday:duplicate_exact_contract_bar;overnight:duplicate_exact_contract_bar,development
2022-11-28,2022-12-01,short_iron_condor_100_300,paired_sample_incomplete:intraday:duplicate_exact_contract_bar;overnight:duplicate_exact_contract_bar,development
2022-11-28,2022-12-01,bull_put_credit_100_300,paired_sample_incomplete:intraday:duplicate_exact_contract_bar;overnight:duplicate_exact_contract_bar,development
2022-11-28,2022-12-01,bear_call_credit_100_300,paired_sample_incomplete:intraday:duplicate_exact_contract_bar;overnight:duplicate_exact_contract_bar,development
2022-11-29,2022-12-01,short_atm_straddle,paired_sample_incomplete:intraday:duplicate_exact_contract_bar;overnight:duplicate_exact_contract_bar,development
2022-11-29,2022-12-01,short_iron_fly_w100,paired_sample_incomplete:intraday:duplicate_exact_contract_bar;overnight:duplicate_exact_contract_bar,development
2022-11-29,2022-12-01,short_iron_fly_w200,paired_sample_incomplete:intraday:duplicate_exact_contract_bar;overnight:duplicate_exact_contract_bar,development
2022-11-29,2022-12-01,short_iron_fly_w300,paired_sample_incomplete:intraday:duplicate_exact_contract_bar;overnight:duplicate_exact_contract_bar,development
2022-11-29,2022-12-01,long_iron_fly_w100,paired_sample_incomplete:intraday:duplicate_exact_contract_bar;overnight:duplicate_exact_contract_bar,development
2022-11-29,2022-12-01,long_iron_fly_w200,paired_sample_incomplete:intraday:duplicate_exact_contract_bar;overnight:duplicate_exact_contract_bar,development
2022-11-29,2022-12-01,long_iron_fly_w300,paired_sample_incomplete:intraday:duplicate_exact_contract_bar;overnight:duplicate_exact_contract_bar,development
2022-11-29,2022-12-01,short_iron_condor_100_300,paired_sample_incomplete:intraday:duplicate_exact_contract_bar;overnight:duplicate_exact_contract_bar,development
2022-11-29,2022-12-01,bull_put_credit_100_300,paired_sample_incomplete:intraday:duplicate_exact_contract_bar;overnight:duplicate_exact_contract_bar,development
2022-11-29,2022-12-01,bear_call_credit_100_300,paired_sample_incomplete:intraday:duplicate_exact_contract_bar;overnight:duplicate_exact_contract_bar,development
2022-11-30,2022-12-08,short_atm_straddle,paired_sample_incomplete:intraday:duplicate_exact_contract_bar;overnight:duplicate_exact_contract_bar,development
2022-11-30,2022-12-08,short_iron_fly_w100,paired_sample_incomplete:intraday:duplicate_exact_contract_bar;overnight:duplicate_exact_contract_bar,development
2022-11-30,2022-12-08,short_iron_fly_w200,paired_sample_incomplete:intraday:duplicate_exact_contract_bar;overnight:duplicate_exact_contract_bar,development
2022-11-30,2022-12-08,short_iron_fly_w300,paired_sample_incomplete:intraday:duplicate_exact_contract_bar;overnight:duplicate_exact_contract_bar,development
2022-11-30,2022-12-08,long_iron_fly_w100,paired_sample_incomplete:intraday:duplicate_exact_contract_bar;overnight:duplicate_exact_contract_bar,development
2022-11-30,2022-12-08,long_iron_fly_w200,paired_sample_incomplete:intraday:duplicate_exact_contract_bar;overnight:duplicate_exact_contract_bar,development
2022-11-30,2022-12-08,long_iron_fly_w300,paired_sample_incomplete:intraday:duplicate_exact_contract_bar;overnight:duplicate_exact_contract_bar,development
2022-11-30,2022-12-08,short_iron_condor_100_300,paired_sample_incomplete:intraday:duplicate_exact_contract_bar;overnight:duplicate_exact_contract_bar,development
2022-11-30,2022-12-08,bull_put_credit_100_300,paired_sample_incomplete:intraday:duplicate_exact_contract_bar;overnight:duplicate_exact_contract_bar,development
2022-11-30,2022-12-08,bear_call_credit_100_300,paired_sample_incomplete:intraday:duplicate_exact_contract_bar;overnight:duplicate_exact_contract_bar,development
2022-12-01,2022-12-08,short_atm_straddle,paired_sample_incomplete:intraday:duplicate_exact_contract_bar;overnight:duplicate_exact_contract_bar,development
2022-12-01,2022-12-08,short_iron_fly_w100,paired_sample_incomplete:intraday:duplicate_exact_contract_bar;overnight:duplicate_exact_contract_bar,development
2022-12-01,2022-12-08,short_iron_fly_w200,paired_sample_incomplete:intraday:duplicate_exact_contract_bar;overnight:duplicate_exact_contract_bar,development
2022-12-01,2022-12-08,short_iron_fly_w300,paired_sample_incomplete:intraday:duplicate_exact_contract_bar;overnight:duplicate_exact_contract_bar,development
2022-12-01,2022-12-08,long_iron_fly_w100,paired_sample_incomplete:intraday:duplicate_exact_contract_bar;overnight:duplicate_exact_contract_bar,development
2022-12-01,2022-12-08,long_iron_fly_w200,paired_sample_incomplete:intraday:duplicate_exact_contract_bar;overnight:duplicate_exact_contract_bar,development
2022-12-01,2022-12-08,long_iron_fly_w300,paired_sample_incomplete:intraday:duplicate_exact_contract_bar;overnight:duplicate_exact_contract_bar,development
2022-12-01,2022-12-08,short_iron_condor_100_300,paired_sample_incomplete:intraday:duplicate_exact_contract_bar;overnight:duplicate_exact_contract_bar,development
2022-12-01,2022-12-08,bull_put_credit_100_300,paired_sample_incomplete:intraday:duplicate_exact_contract_bar;overnight:duplicate_exact_contract_bar,development
2022-12-01,2022-12-08,bear_call_credit_100_300,paired_sample_incomplete:intraday:duplicate_exact_contract_bar;overnight:duplicate_exact_contract_bar,development
2022-12-02,2022-12-08,short_atm_straddle,paired_sample_incomplete:intraday:duplicate_exact_contract_bar;overnight:duplicate_exact_contract_bar,development
2022-12-02,2022-12-08,short_iron_fly_w100,paired_sample_incomplete:intraday:duplicate_exact_contract_bar;overnight:duplicate_exact_contract_bar,development
2022-12-02,2022-12-08,short_iron_fly_w200,paired_sample_incomplete:intraday:duplicate_exact_contract_bar;overnight:duplicate_exact_contract_bar,development
2022-12-02,2022-12-08,short_iron_fly_w300,paired_sample_incomplete:intraday:duplicate_exact_contract_bar;overnight:duplicate_exact_contract_bar,development
2022-12-02,2022-12-08,long_iron_fly_w100,paired_sample_incomplete:intraday:duplicate_exact_contract_bar;overnight:duplicate_exact_contract_bar,development
2022-12-02,2022-12-08,long_iron_fly_w200,paired_sample_incomplete:intraday:duplicate_exact_contract_bar;overnight:duplicate_exact_contract_bar,development
2022-12-02,2022-12-08,long_iron_fly_w300,paired_sample_incomplete:intraday:duplicate_exact_contract_bar;overnight:duplicate_exact_contract_bar,development
2022-12-02,2022-12-08,short_iron_condor_100_300,paired_sample_incomplete:intraday:duplicate_exact_contract_bar;overnight:duplicate_exact_contract_bar,development
2022-12-02,2022-12-08,bull_put_credit_100_300,paired_sample_incomplete:intraday:duplicate_exact_contract_bar;overnight:duplicate_exact_contract_bar,development
2022-12-02,2022-12-08,bear_call_credit_100_300,paired_sample_incomplete:intraday:duplicate_exact_contract_bar;overnight:duplicate_exact_contract_bar,development
2022-12-05,2022-12-08,short_atm_straddle,paired_sample_incomplete:intraday:duplicate_exact_contract_bar;overnight:duplicate_exact_contract_bar,development
2022-12-05,2022-12-08,short_iron_fly_w100,paired_sample_incomplete:intraday:duplicate_exact_contract_bar;overnight:duplicate_exact_contract_bar,development
2022-12-05,2022-12-08,short_iron_fly_w200,paired_sample_incomplete:intraday:duplicate_exact_contract_bar;overnight:duplicate_exact_contract_bar,development
2022-12-05,2022-12-08,short_iron_fly_w300,paired_sample_incomplete:intraday:duplicate_exact_contract_bar;overnight:duplicate_exact_contract_bar,development
2022-12-05,2022-12-08,long_iron_fly_w100,paired_sample_incomplete:intraday:duplicate_exact_contract_bar;overnight:duplicate_exact_contract_bar,development
2022-12-05,2022-12-08,long_iron_fly_w200,paired_sample_incomplete:intraday:duplicate_exact_contract_bar;overnight:duplicate_exact_contract_bar,development
2022-12-05,2022-12-08,long_iron_fly_w300,paired_sample_incomplete:intraday:duplicate_exact_contract_bar;overnight:duplicate_exact_contract_bar,development
2022-12-05,2022-12-08,short_iron_condor_100_300,paired_sample_incomplete:intraday:duplicate_exact_contract_bar;overnight:duplicate_exact_contract_bar,development
2022-12-05,2022-12-08,bull_put_credit_100_300,paired_sample_incomplete:intraday:duplicate_exact_contract_bar;overnight:duplicate_exact_contract_bar,development
2022-12-05,2022-12-08,bear_call_credit_100_300,paired_sample_incomplete:intraday:duplicate_exact_contract_bar;overnight:duplicate_exact_contract_bar,development
2022-12-06,2022-12-08,short_atm_straddle,paired_sample_incomplete:intraday:duplicate_exact_contract_bar;overnight:duplicate_exact_contract_bar,development
2022-12-06,2022-12-08,short_iron_fly_w100,paired_sample_incomplete:intraday:duplicate_exact_contract_bar;overnight:duplicate_exact_contract_bar,development
2022-12-06,2022-12-08,short_iron_fly_w200,paired_sample_incomplete:intraday:duplicate_exact_contract_bar;overnight:duplicate_exact_contract_bar,development
2022-12-06,2022-12-08,short_iron_fly_w300,paired_sample_incomplete:intraday:duplicate_exact_contract_bar;overnight:duplicate_exact_contract_bar,development
2022-12-06,2022-12-08,long_iron_fly_w100,paired_sample_incomplete:intraday:duplicate_exact_contract_bar;overnight:duplicate_exact_contract_bar,development
2022-12-06,2022-12-08,long_iron_fly_w200,paired_sample_incomplete:intraday:duplicate_exact_contract_bar;overnight:duplicate_exact_contract_bar,development
2022-12-06,2022-12-08,long_iron_fly_w300,paired_sample_incomplete:intraday:duplicate_exact_contract_bar;overnight:duplicate_exact_contract_bar,development
2022-12-06,2022-12-08,short_iron_condor_100_300,paired_sample_incomplete:intraday:duplicate_exact_contract_bar;overnight:duplicate_exact_contract_bar,development
2022-12-06,2022-12-08,bull_put_credit_100_300,paired_sample_incomplete:intraday:duplicate_exact_contract_bar;overnight:duplicate_exact_contract_bar,development
2022-12-06,2022-12-08,bear_call_credit_100_300,paired_sample_incomplete:intraday:duplicate_exact_contract_bar;overnight:duplicate_exact_contract_bar,development
2022-12-07,2022-12-15,short_atm_straddle,paired_sample_incomplete:intraday:duplicate_exact_contract_bar;overnight:duplicate_exact_contract_bar,development
2022-12-07,2022-12-15,short_iron_fly_w100,paired_sample_incomplete:intraday:duplicate_exact_contract_bar;overnight:duplicate_exact_contract_bar,development
2022-12-07,2022-12-15,short_iron_fly_w200,paired_sample_incomplete:intraday:duplicate_exact_contract_bar;overnight:duplicate_exact_contract_bar,development
2022-12-07,2022-12-15,short_iron_fly_w300,paired_sample_incomplete:intraday:duplicate_exact_contract_bar;overnight:duplicate_exact_contract_bar,development
2022-12-07,2022-12-15,long_iron_fly_w100,paired_sample_incomplete:intraday:duplicate_exact_contract_bar;overnight:duplicate_exact_contract_bar,development
2022-12-07,2022-12-15,long_iron_fly_w200,paired_sample_incomplete:intraday:duplicate_exact_contract_bar;overnight:duplicate_exact_contract_bar,development
2022-12-07,2022-12-15,long_iron_fly_w300,paired_sample_incomplete:intraday:duplicate_exact_contract_bar;overnight:duplicate_exact_contract_bar,development
2022-12-07,2022-12-15,short_iron_condor_100_300,paired_sample_incomplete:intraday:duplicate_exact_contract_bar;overnight:duplicate_exact_contract_bar,development
2022-12-07,2022-12-15,bull_put_credit_100_300,paired_sample_incomplete:intraday:duplicate_exact_contract_bar;overnight:duplicate_exact_contract_bar,development
2022-12-07,2022-12-15,bear_call_credit_100_300,paired_sample_incomplete:intraday:duplicate_exact_contract_bar;overnight:duplicate_exact_contract_bar,development
2022-12-08,2022-12-15,short_atm_straddle,paired_sample_incomplete:intraday:duplicate_exact_contract_bar;overnight:duplicate_exact_contract_bar,development
2022-12-08,2022-12-15,short_iron_fly_w100,paired_sample_incomplete:intraday:duplicate_exact_contract_bar;overnight:duplicate_exact_contract_bar,development
2022-12-08,2022-12-15,short_iron_fly_w200,paired_sample_incomplete:intraday:duplicate_exact_contract_bar;overnight:duplicate_exact_contract_bar,development
2022-12-08,2022-12-15,short_iron_fly_w300,paired_sample_incomplete:intraday:duplicate_exact_contract_bar;overnight:duplicate_exact_contract_bar,development
2022-12-08,2022-12-15,long_iron_fly_w100,paired_sample_incomplete:intraday:duplicate_exact_contract_bar;overnight:duplicate_exact_contract_bar,development
2022-12-08,2022-12-15,long_iron_fly_w200,paired_sample_incomplete:intraday:duplicate_exact_contract_bar;overnight:duplicate_exact_contract_bar,development
2022-12-08,2022-12-15,long_iron_fly_w300,paired_sample_incomplete:intraday:duplicate_exact_contract_bar;overnight:duplicate_exact_contract_bar,development
2022-12-08,2022-12-15,short_iron_condor_100_300,paired_sample_incomplete:intraday:duplicate_exact_contract_bar;overnight:duplicate_exact_contract_bar,development
2022-12-08,2022-12-15,bull_put_credit_100_300,paired_sample_incomplete:intraday:duplicate_exact_contract_bar;overnight:duplicate_exact_contract_bar,development
2022-12-09,2022-12-15,short_atm_straddle,paired_sample_incomplete:intraday:duplicate_exact_contract_bar;overnight:duplicate_exact_contract_bar,development
2022-12-09,2022-12-15,short_iron_fly_w100,paired_sample_incomplete:intraday:duplicate_exact_contract_bar;overnight:duplicate_exact_contract_bar,development
2022-12-09,2022-12-15,short_iron_fly_w200,paired_sample_incomplete:intraday:duplicate_exact_contract_bar;overnight:duplicate_exact_contract_bar,development
2022-12-09,2022-12-15,short_iron_fly_w300,paired_sample_incomplete:intraday:duplicate_exact_contract_bar;overnight:duplicate_exact_contract_bar,development
2022-12-09,2022-12-15,long_iron_fly_w100,paired_sample_incomplete:intraday:duplicate_exact_contract_bar;overnight:duplicate_exact_contract_bar,development
2022-12-09,2022-12-15,long_iron_fly_w200,paired_sample_incomplete:intraday:duplicate_exact_contract_bar;overnight:duplicate_exact_contract_bar,development
2022-12-09,2022-12-15,long_iron_fly_w300,paired_sample_incomplete:intraday:duplicate_exact_contract_bar;overnight:duplicate_exact_contract_bar,development
2022-12-09,2022-12-15,short_iron_condor_100_300,paired_sample_incomplete:intraday:duplicate_exact_contract_bar;overnight:duplicate_exact_contract_bar,development
2022-12-09,2022-12-15,bull_put_credit_100_300,paired_sample_incomplete:intraday:duplicate_exact_contract_bar;overnight:duplicate_exact_contract_bar,development
2022-12-09,2022-12-15,bear_call_credit_100_300,paired_sample_incomplete:intraday:duplicate_exact_contract_bar;overnight:duplicate_exact_contract_bar,development
2022-12-12,2022-12-15,short_atm_straddle,paired_sample_incomplete:intraday:duplicate_exact_contract_bar;overnight:duplicate_exact_contract_bar,development
2022-12-12,2022-12-15,short_iron_fly_w100,paired_sample_incomplete:intraday:duplicate_exact_contract_bar;overnight:duplicate_exact_contract_bar,development
2022-12-12,2022-12-15,short_iron_fly_w200,paired_sample_incomplete:intraday:duplicate_exact_contract_bar;overnight:duplicate_exact_contract_bar,development
2022-12-12,2022-12-15,short_iron_fly_w300,paired_sample_incomplete:intraday:duplicate_exact_contract_bar;overnight:duplicate_exact_contract_bar,development
2022-12-12,2022-12-15,long_iron_fly_w100,paired_sample_incomplete:intraday:duplicate_exact_contract_bar;overnight:duplicate_exact_contract_bar,development
2022-12-12,2022-12-15,long_iron_fly_w200,paired_sample_incomplete:intraday:duplicate_exact_contract_bar;overnight:duplicate_exact_contract_bar,development
2022-12-12,2022-12-15,long_iron_fly_w300,paired_sample_incomplete:intraday:duplicate_exact_contract_bar;overnight:duplicate_exact_contract_bar,development
2022-12-12,2022-12-15,short_iron_condor_100_300,paired_sample_incomplete:intraday:duplicate_exact_contract_bar;overnight:duplicate_exact_contract_bar,development
2022-12-12,2022-12-15,bull_put_credit_100_300,paired_sample_incomplete:intraday:duplicate_exact_contract_bar;overnight:duplicate_exact_contract_bar,development
2022-12-12,2022-12-15,bear_call_credit_100_300,paired_sample_incomplete:intraday:duplicate_exact_contract_bar;overnight:duplicate_exact_contract_bar,development
2022-12-13,2022-12-15,short_atm_straddle,paired_sample_incomplete:intraday:duplicate_exact_contract_bar;overnight:duplicate_exact_contract_bar,development
2022-12-13,2022-12-15,short_iron_fly_w100,paired_sample_incomplete:intraday:duplicate_exact_contract_bar;overnight:duplicate_exact_contract_bar,development
2022-12-13,2022-12-15,short_iron_fly_w200,paired_sample_incomplete:intraday:duplicate_exact_contract_bar;overnight:duplicate_exact_contract_bar,development
2022-12-13,2022-12-15,short_iron_fly_w300,paired_sample_incomplete:intraday:duplicate_exact_contract_bar;overnight:duplicate_exact_contract_bar,development
2022-12-13,2022-12-15,long_iron_fly_w100,paired_sample_incomplete:intraday:duplicate_exact_contract_bar;overnight:duplicate_exact_contract_bar,development
2022-12-13,2022-12-15,long_iron_fly_w200,paired_sample_incomplete:intraday:duplicate_exact_contract_bar;overnight:duplicate_exact_contract_bar,development
2022-12-13,2022-12-15,long_iron_fly_w300,paired_sample_incomplete:intraday:duplicate_exact_contract_bar;overnight:duplicate_exact_contract_bar,development
2022-12-13,2022-12-15,short_iron_condor_100_300,paired_sample_incomplete:intraday:duplicate_exact_contract_bar;overnight:duplicate_exact_contract_bar,development
2022-12-13,2022-12-15,bull_put_credit_100_300,paired_sample_incomplete:intraday:duplicate_exact_contract_bar;overnight:duplicate_exact_contract_bar,development
2022-12-14,2022-12-22,short_atm_straddle,paired_sample_incomplete:intraday:duplicate_exact_contract_bar;overnight:duplicate_exact_contract_bar,development
2022-12-14,2022-12-22,short_iron_fly_w100,paired_sample_incomplete:intraday:duplicate_exact_contract_bar;overnight:duplicate_exact_contract_bar,development
2022-12-14,2022-12-22,short_iron_fly_w200,paired_sample_incomplete:intraday:duplicate_exact_contract_bar;overnight:duplicate_exact_contract_bar,development
2022-12-14,2022-12-22,short_iron_fly_w300,paired_sample_incomplete:intraday:duplicate_exact_contract_bar;overnight:duplicate_exact_contract_bar,development
2022-12-14,2022-12-22,long_iron_fly_w100,paired_sample_incomplete:intraday:duplicate_exact_contract_bar;overnight:duplicate_exact_contract_bar,development
2022-12-14,2022-12-22,long_iron_fly_w200,paired_sample_incomplete:intraday:duplicate_exact_contract_bar;overnight:duplicate_exact_contract_bar,development
2022-12-14,2022-12-22,long_iron_fly_w300,paired_sample_incomplete:intraday:duplicate_exact_contract_bar;overnight:duplicate_exact_contract_bar,development
2022-12-14,2022-12-22,short_iron_condor_100_300,paired_sample_incomplete:intraday:duplicate_exact_contract_bar;overnight:duplicate_exact_contract_bar,development
2022-12-14,2022-12-22,bull_put_credit_100_300,paired_sample_incomplete:intraday:duplicate_exact_contract_bar;overnight:duplicate_exact_contract_bar,development
2022-12-14,2022-12-22,bear_call_credit_100_300,paired_sample_incomplete:intraday:duplicate_exact_contract_bar;overnight:duplicate_exact_contract_bar,development
2022-12-15,2022-12-22,short_atm_straddle,paired_sample_incomplete:intraday:duplicate_exact_contract_bar;overnight:duplicate_exact_contract_bar,development
2022-12-15,2022-12-22,short_iron_fly_w100,paired_sample_incomplete:intraday:duplicate_exact_contract_bar;overnight:duplicate_exact_contract_bar,development
2022-12-15,2022-12-22,short_iron_fly_w200,paired_sample_incomplete:intraday:duplicate_exact_contract_bar;overnight:duplicate_exact_contract_bar,development
2022-12-15,2022-12-22,short_iron_fly_w300,paired_sample_incomplete:intraday:duplicate_exact_contract_bar;overnight:duplicate_exact_contract_bar,development
2022-12-15,2022-12-22,long_iron_fly_w100,paired_sample_incomplete:intraday:duplicate_exact_contract_bar;overnight:duplicate_exact_contract_bar,development
2022-12-15,2022-12-22,long_iron_fly_w200,paired_sample_incomplete:intraday:duplicate_exact_contract_bar;overnight:duplicate_exact_contract_bar,development
2022-12-15,2022-12-22,long_iron_fly_w300,paired_sample_incomplete:intraday:duplicate_exact_contract_bar;overnight:duplicate_exact_contract_bar,development
2022-12-15,2022-12-22,short_iron_condor_100_300,paired_sample_incomplete:intraday:duplicate_exact_contract_bar;overnight:duplicate_exact_contract_bar,development
2022-12-15,2022-12-22,bull_put_credit_100_300,paired_sample_incomplete:intraday:duplicate_exact_contract_bar;overnight:duplicate_exact_contract_bar,development
2022-12-15,2022-12-22,bear_call_credit_100_300,paired_sample_incomplete:intraday:duplicate_exact_contract_bar;overnight:duplicate_exact_contract_bar,development
2022-12-16,2022-12-22,short_atm_straddle,paired_sample_incomplete:intraday:duplicate_exact_contract_bar;overnight:duplicate_exact_contract_bar,development
2022-12-16,2022-12-22,short_iron_fly_w100,paired_sample_incomplete:intraday:duplicate_exact_contract_bar;overnight:duplicate_exact_contract_bar,development
2022-12-16,2022-12-22,short_iron_fly_w200,paired_sample_incomplete:intraday:duplicate_exact_contract_bar;overnight:duplicate_exact_contract_bar,development
2022-12-16,2022-12-22,short_iron_fly_w300,paired_sample_incomplete:intraday:duplicate_exact_contract_bar;overnight:duplicate_exact_contract_bar,development
2022-12-16,2022-12-22,long_iron_fly_w100,paired_sample_incomplete:intraday:duplicate_exact_contract_bar;overnight:duplicate_exact_contract_bar,development
2022-12-16,2022-12-22,long_iron_fly_w200,paired_sample_incomplete:intraday:duplicate_exact_contract_bar;overnight:duplicate_exact_contract_bar,development
2022-12-16,2022-12-22,long_iron_fly_w300,paired_sample_incomplete:intraday:duplicate_exact_contract_bar;overnight:duplicate_exact_contract_bar,development
2022-12-16,2022-12-22,short_iron_condor_100_300,paired_sample_incomplete:intraday:duplicate_exact_contract_bar;overnight:duplicate_exact_contract_bar,development
2022-12-16,2022-12-22,bull_put_credit_100_300,paired_sample_incomplete:intraday:duplicate_exact_contract_bar;overnight:duplicate_exact_contract_bar,development
2022-12-16,2022-12-22,bear_call_credit_100_300,paired_sample_incomplete:intraday:duplicate_exact_contract_bar;overnight:duplicate_exact_contract_bar,development
2022-12-19,2022-12-22,short_iron_fly_w200,paired_sample_incomplete:intraday:duplicate_exact_contract_bar;overnight:duplicate_exact_contract_bar,development
2022-12-19,2022-12-22,long_iron_fly_w200,paired_sample_incomplete:intraday:duplicate_exact_contract_bar;overnight:duplicate_exact_contract_bar,development
2022-12-20,2022-12-22,short_atm_straddle,paired_sample_incomplete:intraday:duplicate_exact_contract_bar;overnight:duplicate_exact_contract_bar,development
2022-12-20,2022-12-22,short_iron_fly_w100,paired_sample_incomplete:intraday:duplicate_exact_contract_bar;overnight:duplicate_exact_contract_bar,development
2022-12-20,2022-12-22,short_iron_fly_w200,paired_sample_incomplete:intraday:duplicate_exact_contract_bar;overnight:duplicate_exact_contract_bar,development
2022-12-20,2022-12-22,short_iron_fly_w300,paired_sample_incomplete:intraday:duplicate_exact_contract_bar;overnight:duplicate_exact_contract_bar,development
2022-12-20,2022-12-22,long_iron_fly_w100,paired_sample_incomplete:intraday:duplicate_exact_contract_bar;overnight:duplicate_exact_contract_bar,development
2022-12-20,2022-12-22,long_iron_fly_w200,paired_sample_incomplete:intraday:duplicate_exact_contract_bar;overnight:duplicate_exact_contract_bar,development
2022-12-20,2022-12-22,long_iron_fly_w300,paired_sample_incomplete:intraday:duplicate_exact_contract_bar;overnight:duplicate_exact_contract_bar,development
2022-12-20,2022-12-22,short_iron_condor_100_300,paired_sample_incomplete:intraday:duplicate_exact_contract_bar;overnight:duplicate_exact_contract_bar,development
2022-12-20,2022-12-22,bear_call_credit_100_300,paired_sample_incomplete:intraday:duplicate_exact_contract_bar;overnight:duplicate_exact_contract_bar,development
2022-12-21,2022-12-29,short_atm_straddle,paired_sample_incomplete:intraday:duplicate_exact_contract_bar;overnight:duplicate_exact_contract_bar,development
2022-12-21,2022-12-29,short_iron_fly_w100,paired_sample_incomplete:intraday:duplicate_exact_contract_bar;overnight:duplicate_exact_contract_bar,development
2022-12-21,2022-12-29,short_iron_fly_w200,paired_sample_incomplete:intraday:duplicate_exact_contract_bar;overnight:duplicate_exact_contract_bar,development
2022-12-21,2022-12-29,short_iron_fly_w300,paired_sample_incomplete:intraday:duplicate_exact_contract_bar;overnight:duplicate_exact_contract_bar,development
2022-12-21,2022-12-29,long_iron_fly_w100,paired_sample_incomplete:intraday:duplicate_exact_contract_bar;overnight:duplicate_exact_contract_bar,development
2022-12-21,2022-12-29,long_iron_fly_w200,paired_sample_incomplete:intraday:duplicate_exact_contract_bar;overnight:duplicate_exact_contract_bar,development
2022-12-21,2022-12-29,long_iron_fly_w300,paired_sample_incomplete:intraday:duplicate_exact_contract_bar;overnight:duplicate_exact_contract_bar,development
2022-12-21,2022-12-29,short_iron_condor_100_300,paired_sample_incomplete:intraday:duplicate_exact_contract_bar;overnight:duplicate_exact_contract_bar,development
2022-12-21,2022-12-29,bull_put_credit_100_300,paired_sample_incomplete:intraday:duplicate_exact_contract_bar;overnight:duplicate_exact_contract_bar,development
2022-12-21,2022-12-29,bear_call_credit_100_300,paired_sample_incomplete:intraday:duplicate_exact_contract_bar;overnight:duplicate_exact_contract_bar,development
2022-12-22,2022-12-29,short_atm_straddle,paired_sample_incomplete:intraday:duplicate_exact_contract_bar;overnight:duplicate_exact_contract_bar,development
2022-12-22,2022-12-29,short_iron_fly_w100,paired_sample_incomplete:intraday:duplicate_exact_contract_bar;overnight:duplicate_exact_contract_bar,development
2022-12-22,2022-12-29,short_iron_fly_w200,paired_sample_incomplete:intraday:duplicate_exact_contract_bar;overnight:duplicate_exact_contract_bar,development
2022-12-22,2022-12-29,short_iron_fly_w300,paired_sample_incomplete:intraday:duplicate_exact_contract_bar;overnight:duplicate_exact_contract_bar,development
2022-12-22,2022-12-29,long_iron_fly_w100,paired_sample_incomplete:intraday:duplicate_exact_contract_bar;overnight:duplicate_exact_contract_bar,development
2022-12-22,2022-12-29,long_iron_fly_w200,paired_sample_incomplete:intraday:duplicate_exact_contract_bar;overnight:duplicate_exact_contract_bar,development
2022-12-22,2022-12-29,long_iron_fly_w300,paired_sample_incomplete:intraday:duplicate_exact_contract_bar;overnight:duplicate_exact_contract_bar,development
2022-12-22,2022-12-29,short_iron_condor_100_300,paired_sample_incomplete:intraday:duplicate_exact_contract_bar;overnight:duplicate_exact_contract_bar,development
2022-12-22,2022-12-29,bull_put_credit_100_300,paired_sample_incomplete:intraday:duplicate_exact_contract_bar;overnight:duplicate_exact_contract_bar,development
2022-12-22,2022-12-29,bear_call_credit_100_300,paired_sample_incomplete:intraday:duplicate_exact_contract_bar;overnight:duplicate_exact_contract_bar,development
2022-12-23,2022-12-29,short_atm_straddle,paired_sample_incomplete:intraday:duplicate_exact_contract_bar;overnight:duplicate_exact_contract_bar,development
2022-12-23,2022-12-29,short_iron_fly_w100,paired_sample_incomplete:intraday:duplicate_exact_contract_bar;overnight:duplicate_exact_contract_bar,development
2022-12-23,2022-12-29,short_iron_fly_w200,paired_sample_incomplete:intraday:duplicate_exact_contract_bar;overnight:duplicate_exact_contract_bar,development
2022-12-23,2022-12-29,short_iron_fly_w300,paired_sample_incomplete:intraday:duplicate_exact_contract_bar;overnight:duplicate_exact_contract_bar,development
2022-12-23,2022-12-29,long_iron_fly_w100,paired_sample_incomplete:intraday:duplicate_exact_contract_bar;overnight:duplicate_exact_contract_bar,development
2022-12-23,2022-12-29,long_iron_fly_w200,paired_sample_incomplete:intraday:duplicate_exact_contract_bar;overnight:duplicate_exact_contract_bar,development
2022-12-23,2022-12-29,long_iron_fly_w300,paired_sample_incomplete:intraday:duplicate_exact_contract_bar;overnight:duplicate_exact_contract_bar,development
2022-12-23,2022-12-29,short_iron_condor_100_300,paired_sample_incomplete:intraday:duplicate_exact_contract_bar;overnight:duplicate_exact_contract_bar,development
2022-12-23,2022-12-29,bear_call_credit_100_300,paired_sample_incomplete:intraday:duplicate_exact_contract_bar;overnight:duplicate_exact_contract_bar,development
2022-12-26,2022-12-29,short_atm_straddle,paired_sample_incomplete:intraday:duplicate_exact_contract_bar;overnight:duplicate_exact_contract_bar,development
2022-12-26,2022-12-29,short_iron_fly_w100,paired_sample_incomplete:intraday:duplicate_exact_contract_bar;overnight:duplicate_exact_contract_bar,development
2022-12-26,2022-12-29,short_iron_fly_w200,paired_sample_incomplete:intraday:duplicate_exact_contract_bar;overnight:duplicate_exact_contract_bar,development
2022-12-26,2022-12-29,short_iron_fly_w300,paired_sample_incomplete:intraday:duplicate_exact_contract_bar;overnight:duplicate_exact_contract_bar,development
2022-12-26,2022-12-29,long_iron_fly_w100,paired_sample_incomplete:intraday:duplicate_exact_contract_bar;overnight:duplicate_exact_contract_bar,development
2022-12-26,2022-12-29,long_iron_fly_w200,paired_sample_incomplete:intraday:duplicate_exact_contract_bar;overnight:duplicate_exact_contract_bar,development
2022-12-26,2022-12-29,long_iron_fly_w300,paired_sample_incomplete:intraday:duplicate_exact_contract_bar;overnight:duplicate_exact_contract_bar,development
2022-12-26,2022-12-29,short_iron_condor_100_300,paired_sample_incomplete:intraday:duplicate_exact_contract_bar;overnight:duplicate_exact_contract_bar,development
2022-12-26,2022-12-29,bull_put_credit_100_300,paired_sample_incomplete:intraday:duplicate_exact_contract_bar;overnight:duplicate_exact_contract_bar,development
2022-12-27,2022-12-29,short_atm_straddle,paired_sample_incomplete:intraday:duplicate_exact_contract_bar;overnight:duplicate_exact_contract_bar,development
2022-12-27,2022-12-29,short_iron_fly_w100,paired_sample_incomplete:intraday:duplicate_exact_contract_bar;overnight:duplicate_exact_contract_bar,development
2022-12-27,2022-12-29,short_iron_fly_w200,paired_sample_incomplete:intraday:duplicate_exact_contract_bar;overnight:duplicate_exact_contract_bar,development
2022-12-27,2022-12-29,short_iron_fly_w300,paired_sample_incomplete:intraday:duplicate_exact_contract_bar;overnight:duplicate_exact_contract_bar,development
2022-12-27,2022-12-29,long_iron_fly_w100,paired_sample_incomplete:intraday:duplicate_exact_contract_bar;overnight:duplicate_exact_contract_bar,development
2022-12-27,2022-12-29,long_iron_fly_w200,paired_sample_incomplete:intraday:duplicate_exact_contract_bar;overnight:duplicate_exact_contract_bar,development
2022-12-27,2022-12-29,long_iron_fly_w300,paired_sample_incomplete:intraday:duplicate_exact_contract_bar;overnight:duplicate_exact_contract_bar,development
2022-12-27,2022-12-29,short_iron_condor_100_300,paired_sample_incomplete:intraday:duplicate_exact_contract_bar;overnight:duplicate_exact_contract_bar,development
2022-12-27,2022-12-29,bull_put_credit_100_300,paired_sample_incomplete:intraday:duplicate_exact_contract_bar;overnight:duplicate_exact_contract_bar,development
2022-12-28,2023-01-05,short_atm_straddle,paired_sample_incomplete:intraday:duplicate_exact_contract_bar;overnight:duplicate_exact_contract_bar,development
2022-12-28,2023-01-05,short_iron_fly_w100,paired_sample_incomplete:intraday:duplicate_exact_contract_bar;overnight:duplicate_exact_contract_bar,development
2022-12-28,2023-01-05,short_iron_fly_w200,paired_sample_incomplete:intraday:duplicate_exact_contract_bar;overnight:duplicate_exact_contract_bar,development
2022-12-28,2023-01-05,short_iron_fly_w300,paired_sample_incomplete:intraday:duplicate_exact_contract_bar;overnight:duplicate_exact_contract_bar,development
2022-12-28,2023-01-05,long_iron_fly_w100,paired_sample_incomplete:intraday:duplicate_exact_contract_bar;overnight:duplicate_exact_contract_bar,development
2022-12-28,2023-01-05,long_iron_fly_w200,paired_sample_incomplete:intraday:duplicate_exact_contract_bar;overnight:duplicate_exact_contract_bar,development
2022-12-28,2023-01-05,long_iron_fly_w300,paired_sample_incomplete:intraday:duplicate_exact_contract_bar;overnight:duplicate_exact_contract_bar,development
2022-12-28,2023-01-05,short_iron_condor_100_300,paired_sample_incomplete:intraday:duplicate_exact_contract_bar;overnight:duplicate_exact_contract_bar,development
2022-12-28,2023-01-05,bull_put_credit_100_300,paired_sample_incomplete:intraday:duplicate_exact_contract_bar;overnight:duplicate_exact_contract_bar,development
2022-12-28,2023-01-05,bear_call_credit_100_300,paired_sample_incomplete:intraday:duplicate_exact_contract_bar;overnight:duplicate_exact_contract_bar,development
2022-12-29,2023-01-05,short_atm_straddle,paired_sample_incomplete:intraday:duplicate_exact_contract_bar;overnight:duplicate_exact_contract_bar,development
2022-12-29,2023-01-05,short_iron_fly_w100,paired_sample_incomplete:intraday:duplicate_exact_contract_bar;overnight:duplicate_exact_contract_bar,development
2022-12-29,2023-01-05,short_iron_fly_w200,paired_sample_incomplete:intraday:duplicate_exact_contract_bar;overnight:duplicate_exact_contract_bar,development
2022-12-29,2023-01-05,short_iron_fly_w300,paired_sample_incomplete:intraday:duplicate_exact_contract_bar;overnight:duplicate_exact_contract_bar,development
2022-12-29,2023-01-05,long_iron_fly_w100,paired_sample_incomplete:intraday:duplicate_exact_contract_bar;overnight:duplicate_exact_contract_bar,development
2022-12-29,2023-01-05,long_iron_fly_w200,paired_sample_incomplete:intraday:duplicate_exact_contract_bar;overnight:duplicate_exact_contract_bar,development
2022-12-29,2023-01-05,long_iron_fly_w300,paired_sample_incomplete:intraday:duplicate_exact_contract_bar;overnight:duplicate_exact_contract_bar,development
2022-12-29,2023-01-05,short_iron_condor_100_300,paired_sample_incomplete:intraday:duplicate_exact_contract_bar;overnight:duplicate_exact_contract_bar,development
2022-12-29,2023-01-05,bull_put_credit_100_300,paired_sample_incomplete:intraday:duplicate_exact_contract_bar;overnight:duplicate_exact_contract_bar,development
2022-12-29,2023-01-05,bear_call_credit_100_300,paired_sample_incomplete:intraday:duplicate_exact_contract_bar;overnight:duplicate_exact_contract_bar,development
2022-12-30,2023-01-05,short_atm_straddle,paired_sample_incomplete:intraday:duplicate_exact_contract_bar;overnight:duplicate_exact_contract_bar,development
2022-12-30,2023-01-05,short_iron_fly_w100,paired_sample_incomplete:intraday:duplicate_exact_contract_bar;overnight:duplicate_exact_contract_bar,development
2022-12-30,2023-01-05,short_iron_fly_w200,paired_sample_incomplete:intraday:duplicate_exact_contract_bar;overnight:duplicate_exact_contract_bar,development
2022-12-30,2023-01-05,short_iron_fly_w300,paired_sample_incomplete:intraday:duplicate_exact_contract_bar;overnight:duplicate_exact_contract_bar,development
2022-12-30,2023-01-05,long_iron_fly_w100,paired_sample_incomplete:intraday:duplicate_exact_contract_bar;overnight:duplicate_exact_contract_bar,development
2022-12-30,2023-01-05,long_iron_fly_w200,paired_sample_incomplete:intraday:duplicate_exact_contract_bar;overnight:duplicate_exact_contract_bar,development
2022-12-30,2023-01-05,long_iron_fly_w300,paired_sample_incomplete:intraday:duplicate_exact_contract_bar;overnight:duplicate_exact_contract_bar,development
2022-12-30,2023-01-05,short_iron_condor_100_300,paired_sample_incomplete:intraday:duplicate_exact_contract_bar;overnight:duplicate_exact_contract_bar,development
2022-12-30,2023-01-05,bull_put_credit_100_300,paired_sample_incomplete:intraday:duplicate_exact_contract_bar;overnight:duplicate_exact_contract_bar,development
2022-12-30,2023-01-05,bear_call_credit_100_300,paired_sample_incomplete:intraday:duplicate_exact_contract_bar;overnight:duplicate_exact_contract_bar,development
2023-01-02,2023-01-05,short_atm_straddle,paired_sample_incomplete:intraday:duplicate_exact_contract_bar;overnight:duplicate_exact_contract_bar,development
2023-01-02,2023-01-05,short_iron_fly_w100,paired_sample_incomplete:intraday:duplicate_exact_contract_bar;overnight:duplicate_exact_contract_bar,development
2023-01-02,2023-01-05,short_iron_fly_w200,paired_sample_incomplete:intraday:duplicate_exact_contract_bar;overnight:duplicate_exact_contract_bar,development
2023-01-02,2023-01-05,short_iron_fly_w300,paired_sample_incomplete:intraday:duplicate_exact_contract_bar;overnight:duplicate_exact_contract_bar,development
2023-01-02,2023-01-05,long_iron_fly_w100,paired_sample_incomplete:intraday:duplicate_exact_contract_bar;overnight:duplicate_exact_contract_bar,development
2023-01-02,2023-01-05,long_iron_fly_w200,paired_sample_incomplete:intraday:duplicate_exact_contract_bar;overnight:duplicate_exact_contract_bar,development
2023-01-02,2023-01-05,long_iron_fly_w300,paired_sample_incomplete:intraday:duplicate_exact_contract_bar;overnight:duplicate_exact_contract_bar,development
2023-01-02,2023-01-05,short_iron_condor_100_300,paired_sample_incomplete:intraday:duplicate_exact_contract_bar;overnight:duplicate_exact_contract_bar,development
2023-01-02,2023-01-05,bull_put_credit_100_300,paired_sample_incomplete:intraday:duplicate_exact_contract_bar;overnight:duplicate_exact_contract_bar,development
2023-01-02,2023-01-05,bear_call_credit_100_300,paired_sample_incomplete:intraday:duplicate_exact_contract_bar;overnight:duplicate_exact_contract_bar,development
2023-01-03,2023-01-05,short_iron_fly_w100,paired_sample_incomplete:intraday:duplicate_exact_contract_bar;overnight:duplicate_exact_contract_bar,development
2023-01-03,2023-01-05,short_iron_fly_w200,paired_sample_incomplete:intraday:duplicate_exact_contract_bar;overnight:duplicate_exact_contract_bar,development
2023-01-03,2023-01-05,short_iron_fly_w300,paired_sample_incomplete:intraday:duplicate_exact_contract_bar;overnight:duplicate_exact_contract_bar,development
2023-01-03,2023-01-05,long_iron_fly_w100,paired_sample_incomplete:intraday:duplicate_exact_contract_bar;overnight:duplicate_exact_contract_bar,development
2023-01-03,2023-01-05,long_iron_fly_w200,paired_sample_incomplete:intraday:duplicate_exact_contract_bar;overnight:duplicate_exact_contract_bar,development
2023-01-03,2023-01-05,long_iron_fly_w300,paired_sample_incomplete:intraday:duplicate_exact_contract_bar;overnight:duplicate_exact_contract_bar,development
2023-01-03,2023-01-05,short_iron_condor_100_300,paired_sample_incomplete:intraday:duplicate_exact_contract_bar;overnight:duplicate_exact_contract_bar,development
2023-01-03,2023-01-05,bull_put_credit_100_300,paired_sample_incomplete:intraday:duplicate_exact_contract_bar;overnight:duplicate_exact_contract_bar,development
2023-01-03,2023-01-05,bear_call_credit_100_300,paired_sample_incomplete:intraday:duplicate_exact_contract_bar;overnight:duplicate_exact_contract_bar,development
2023-01-04,2023-01-12,short_atm_straddle,paired_sample_incomplete:intraday:duplicate_exact_contract_bar;overnight:duplicate_exact_contract_bar,development
2023-01-04,2023-01-12,short_iron_fly_w100,paired_sample_incomplete:intraday:duplicate_exact_contract_bar;overnight:duplicate_exact_contract_bar,development
2023-01-04,2023-01-12,short_iron_fly_w200,paired_sample_incomplete:intraday:duplicate_exact_contract_bar;overnight:duplicate_exact_contract_bar,development
2023-01-04,2023-01-12,short_iron_fly_w300,paired_sample_incomplete:intraday:duplicate_exact_contract_bar;overnight:duplicate_exact_contract_bar,development
2023-01-04,2023-01-12,long_iron_fly_w100,paired_sample_incomplete:intraday:duplicate_exact_contract_bar;overnight:duplicate_exact_contract_bar,development
2023-01-04,2023-01-12,long_iron_fly_w200,paired_sample_incomplete:intraday:duplicate_exact_contract_bar;overnight:duplicate_exact_contract_bar,development
2023-01-04,2023-01-12,long_iron_fly_w300,paired_sample_incomplete:intraday:duplicate_exact_contract_bar;overnight:duplicate_exact_contract_bar,development
2023-01-04,2023-01-12,short_iron_condor_100_300,paired_sample_incomplete:intraday:duplicate_exact_contract_bar;overnight:duplicate_exact_contract_bar,development
2023-01-04,2023-01-12,bull_put_credit_100_300,paired_sample_incomplete:intraday:duplicate_exact_contract_bar;overnight:duplicate_exact_contract_bar,development
2023-01-04,2023-01-12,bear_call_credit_100_300,paired_sample_incomplete:intraday:duplicate_exact_contract_bar;overnight:duplicate_exact_contract_bar,development
2023-01-05,2023-01-12,short_atm_straddle,paired_sample_incomplete:intraday:duplicate_exact_contract_bar;overnight:duplicate_exact_contract_bar,development
2023-01-05,2023-01-12,short_iron_fly_w100,paired_sample_incomplete:intraday:duplicate_exact_contract_bar;overnight:duplicate_exact_contract_bar,development
2023-01-05,2023-01-12,short_iron_fly_w200,paired_sample_incomplete:intraday:duplicate_exact_contract_bar;overnight:duplicate_exact_contract_bar,development
2023-01-05,2023-01-12,short_iron_fly_w300,paired_sample_incomplete:intraday:duplicate_exact_contract_bar;overnight:duplicate_exact_contract_bar,development
2023-01-05,2023-01-12,long_iron_fly_w100,paired_sample_incomplete:intraday:duplicate_exact_contract_bar;overnight:duplicate_exact_contract_bar,development
2023-01-05,2023-01-12,long_iron_fly_w200,paired_sample_incomplete:intraday:duplicate_exact_contract_bar;overnight:duplicate_exact_contract_bar,development
2023-01-05,2023-01-12,long_iron_fly_w300,paired_sample_incomplete:intraday:duplicate_exact_contract_bar;overnight:duplicate_exact_contract_bar,development
2023-01-05,2023-01-12,short_iron_condor_100_300,paired_sample_incomplete:intraday:duplicate_exact_contract_bar;overnight:duplicate_exact_contract_bar,development
2023-01-05,2023-01-12,bear_call_credit_100_300,paired_sample_incomplete:intraday:duplicate_exact_contract_bar;overnight:duplicate_exact_contract_bar,development
2023-01-06,2023-01-12,short_iron_fly_w200,paired_sample_incomplete:intraday:duplicate_exact_contract_bar;overnight:duplicate_exact_contract_bar,development
2023-01-06,2023-01-12,short_iron_fly_w300,paired_sample_incomplete:intraday:duplicate_exact_contract_bar;overnight:duplicate_exact_contract_bar,development
2023-01-06,2023-01-12,long_iron_fly_w200,paired_sample_incomplete:intraday:duplicate_exact_contract_bar;overnight:duplicate_exact_contract_bar,development
2023-01-06,2023-01-12,long_iron_fly_w300,paired_sample_incomplete:intraday:duplicate_exact_contract_bar;overnight:duplicate_exact_contract_bar,development
2023-01-06,2023-01-12,short_iron_condor_100_300,paired_sample_incomplete:intraday:duplicate_exact_contract_bar;overnight:duplicate_exact_contract_bar,development
2023-01-06,2023-01-12,bull_put_credit_100_300,paired_sample_incomplete:intraday:duplicate_exact_contract_bar;overnight:duplicate_exact_contract_bar,development
2023-01-09,2023-01-12,short_atm_straddle,paired_sample_incomplete:intraday:duplicate_exact_contract_bar;overnight:duplicate_exact_contract_bar,development
2023-01-09,2023-01-12,short_iron_fly_w100,paired_sample_incomplete:intraday:duplicate_exact_contract_bar;overnight:duplicate_exact_contract_bar,development
2023-01-09,2023-01-12,short_iron_fly_w200,paired_sample_incomplete:intraday:duplicate_exact_contract_bar;overnight:duplicate_exact_contract_bar,development
2023-01-09,2023-01-12,short_iron_fly_w300,paired_sample_incomplete:intraday:duplicate_exact_contract_bar;overnight:duplicate_exact_contract_bar,development
2023-01-09,2023-01-12,long_iron_fly_w100,paired_sample_incomplete:intraday:duplicate_exact_contract_bar;overnight:duplicate_exact_contract_bar,development
2023-01-09,2023-01-12,long_iron_fly_w200,paired_sample_incomplete:intraday:duplicate_exact_contract_bar;overnight:duplicate_exact_contract_bar,development
2023-01-09,2023-01-12,long_iron_fly_w300,paired_sample_incomplete:intraday:duplicate_exact_contract_bar;overnight:duplicate_exact_contract_bar,development
2023-01-09,2023-01-12,short_iron_condor_100_300,paired_sample_incomplete:intraday:duplicate_exact_contract_bar;overnight:duplicate_exact_contract_bar,development
2023-01-09,2023-01-12,bull_put_credit_100_300,paired_sample_incomplete:intraday:duplicate_exact_contract_bar;overnight:duplicate_exact_contract_bar,development
2023-01-09,2023-01-12,bear_call_credit_100_300,paired_sample_incomplete:intraday:duplicate_exact_contract_bar;overnight:duplicate_exact_contract_bar,development
2023-01-10,2023-01-12,short_atm_straddle,paired_sample_incomplete:intraday:duplicate_exact_contract_bar;overnight:duplicate_exact_contract_bar,development
2023-01-10,2023-01-12,short_iron_fly_w100,paired_sample_incomplete:intraday:duplicate_exact_contract_bar;overnight:duplicate_exact_contract_bar,development
2023-01-10,2023-01-12,short_iron_fly_w200,paired_sample_incomplete:intraday:duplicate_exact_contract_bar;overnight:duplicate_exact_contract_bar,development
2023-01-10,2023-01-12,short_iron_fly_w300,paired_sample_incomplete:intraday:duplicate_exact_contract_bar;overnight:duplicate_exact_contract_bar,development
2023-01-10,2023-01-12,long_iron_fly_w100,paired_sample_incomplete:intraday:duplicate_exact_contract_bar;overnight:duplicate_exact_contract_bar,development
2023-01-10,2023-01-12,long_iron_fly_w200,paired_sample_incomplete:intraday:duplicate_exact_contract_bar;overnight:duplicate_exact_contract_bar,development
2023-01-10,2023-01-12,long_iron_fly_w300,paired_sample_incomplete:intraday:duplicate_exact_contract_bar;overnight:duplicate_exact_contract_bar,development
2023-01-10,2023-01-12,short_iron_condor_100_300,paired_sample_incomplete:intraday:duplicate_exact_contract_bar;overnight:duplicate_exact_contract_bar,development
2023-01-10,2023-01-12,bear_call_credit_100_300,paired_sample_incomplete:intraday:duplicate_exact_contract_bar;overnight:duplicate_exact_contract_bar,development
2023-01-11,2023-01-19,short_atm_straddle,paired_sample_incomplete:intraday:duplicate_exact_contract_bar;overnight:duplicate_exact_contract_bar,development
2023-01-11,2023-01-19,short_iron_fly_w100,paired_sample_incomplete:intraday:duplicate_exact_contract_bar;overnight:duplicate_exact_contract_bar,development
2023-01-11,2023-01-19,short_iron_fly_w200,paired_sample_incomplete:intraday:duplicate_exact_contract_bar;overnight:duplicate_exact_contract_bar,development
2023-01-11,2023-01-19,short_iron_fly_w300,paired_sample_incomplete:intraday:duplicate_exact_contract_bar;overnight:duplicate_exact_contract_bar,development
2023-01-11,2023-01-19,long_iron_fly_w100,paired_sample_incomplete:intraday:duplicate_exact_contract_bar;overnight:duplicate_exact_contract_bar,development
2023-01-11,2023-01-19,long_iron_fly_w200,paired_sample_incomplete:intraday:duplicate_exact_contract_bar;overnight:duplicate_exact_contract_bar,development
2023-01-11,2023-01-19,long_iron_fly_w300,paired_sample_incomplete:intraday:duplicate_exact_contract_bar;overnight:duplicate_exact_contract_bar,development
2023-01-11,2023-01-19,short_iron_condor_100_300,paired_sample_incomplete:intraday:duplicate_exact_contract_bar;overnight:duplicate_exact_contract_bar,development
2023-01-11,2023-01-19,bull_put_credit_100_300,paired_sample_incomplete:intraday:duplicate_exact_contract_bar;overnight:duplicate_exact_contract_bar,development
2023-01-11,2023-01-19,bear_call_credit_100_300,paired_sample_incomplete:intraday:duplicate_exact_contract_bar;overnight:duplicate_exact_contract_bar,development
2023-01-12,2023-01-19,short_atm_straddle,paired_sample_incomplete:intraday:duplicate_exact_contract_bar;overnight:duplicate_exact_contract_bar,development
2023-01-12,2023-01-19,short_iron_fly_w100,paired_sample_incomplete:intraday:duplicate_exact_contract_bar;overnight:duplicate_exact_contract_bar,development
2023-01-12,2023-01-19,short_iron_fly_w200,paired_sample_incomplete:intraday:duplicate_exact_contract_bar;overnight:duplicate_exact_contract_bar,development
2023-01-12,2023-01-19,short_iron_fly_w300,paired_sample_incomplete:intraday:duplicate_exact_contract_bar;overnight:duplicate_exact_contract_bar,development
2023-01-12,2023-01-19,long_iron_fly_w100,paired_sample_incomplete:intraday:duplicate_exact_contract_bar;overnight:duplicate_exact_contract_bar,development
2023-01-12,2023-01-19,long_iron_fly_w200,paired_sample_incomplete:intraday:duplicate_exact_contract_bar;overnight:duplicate_exact_contract_bar,development
2023-01-12,2023-01-19,long_iron_fly_w300,paired_sample_incomplete:intraday:duplicate_exact_contract_bar;overnight:duplicate_exact_contract_bar,development
2023-01-12,2023-01-19,short_iron_condor_100_300,paired_sample_incomplete:intraday:duplicate_exact_contract_bar;overnight:duplicate_exact_contract_bar,development
2023-01-12,2023-01-19,bull_put_credit_100_300,paired_sample_incomplete:intraday:duplicate_exact_contract_bar;overnight:duplicate_exact_contract_bar,development
2023-01-12,2023-01-19,bear_call_credit_100_300,paired_sample_incomplete:intraday:duplicate_exact_contract_bar;overnight:duplicate_exact_contract_bar,development
2023-01-13,2023-01-19,short_atm_straddle,paired_sample_incomplete:intraday:duplicate_exact_contract_bar;overnight:duplicate_exact_contract_bar,development
2023-01-13,2023-01-19,short_iron_fly_w100,paired_sample_incomplete:intraday:duplicate_exact_contract_bar;overnight:duplicate_exact_contract_bar,development
2023-01-13,2023-01-19,short_iron_fly_w200,paired_sample_incomplete:intraday:duplicate_exact_contract_bar;overnight:duplicate_exact_contract_bar,development
2023-01-13,2023-01-19,short_iron_fly_w300,paired_sample_incomplete:intraday:duplicate_exact_contract_bar;overnight:duplicate_exact_contract_bar,development
2023-01-13,2023-01-19,long_iron_fly_w100,paired_sample_incomplete:intraday:duplicate_exact_contract_bar;overnight:duplicate_exact_contract_bar,development
2023-01-13,2023-01-19,long_iron_fly_w200,paired_sample_incomplete:intraday:duplicate_exact_contract_bar;overnight:duplicate_exact_contract_bar,development
2023-01-13,2023-01-19,long_iron_fly_w300,paired_sample_incomplete:intraday:duplicate_exact_contract_bar;overnight:duplicate_exact_contract_bar,development
2023-01-13,2023-01-19,short_iron_condor_100_300,paired_sample_incomplete:intraday:duplicate_exact_contract_bar;overnight:duplicate_exact_contract_bar,development
2023-01-13,2023-01-19,bull_put_credit_100_300,paired_sample_incomplete:intraday:duplicate_exact_contract_bar;overnight:duplicate_exact_contract_bar,development
2023-01-13,2023-01-19,bear_call_credit_100_300,paired_sample_incomplete:intraday:duplicate_exact_contract_bar;overnight:duplicate_exact_contract_bar,development
2023-01-16,2023-01-19,short_atm_straddle,paired_sample_incomplete:intraday:duplicate_exact_contract_bar;overnight:duplicate_exact_contract_bar,development
2023-01-16,2023-01-19,short_iron_fly_w100,paired_sample_incomplete:intraday:duplicate_exact_contract_bar;overnight:duplicate_exact_contract_bar,development
2023-01-16,2023-01-19,short_iron_fly_w200,paired_sample_incomplete:intraday:duplicate_exact_contract_bar;overnight:duplicate_exact_contract_bar,development
2023-01-16,2023-01-19,short_iron_fly_w300,paired_sample_incomplete:intraday:duplicate_exact_contract_bar;overnight:duplicate_exact_contract_bar,development
2023-01-16,2023-01-19,long_iron_fly_w100,paired_sample_incomplete:intraday:duplicate_exact_contract_bar;overnight:duplicate_exact_contract_bar,development
2023-01-16,2023-01-19,long_iron_fly_w200,paired_sample_incomplete:intraday:duplicate_exact_contract_bar;overnight:duplicate_exact_contract_bar,development
2023-01-16,2023-01-19,long_iron_fly_w300,paired_sample_incomplete:intraday:duplicate_exact_contract_bar;overnight:duplicate_exact_contract_bar,development
2023-01-16,2023-01-19,short_iron_condor_100_300,paired_sample_incomplete:intraday:duplicate_exact_contract_bar;overnight:duplicate_exact_contract_bar,development
2023-01-16,2023-01-19,bull_put_credit_100_300,paired_sample_incomplete:intraday:duplicate_exact_contract_bar;overnight:duplicate_exact_contract_bar,development
2023-01-16,2023-01-19,bear_call_credit_100_300,paired_sample_incomplete:intraday:duplicate_exact_contract_bar;overnight:duplicate_exact_contract_bar,development
2023-01-17,2023-01-19,short_atm_straddle,paired_sample_incomplete:intraday:duplicate_exact_contract_bar;overnight:duplicate_exact_contract_bar,development
2023-01-17,2023-01-19,short_iron_fly_w100,paired_sample_incomplete:intraday:duplicate_exact_contract_bar;overnight:duplicate_exact_contract_bar,development
2023-01-17,2023-01-19,short_iron_fly_w200,paired_sample_incomplete:intraday:duplicate_exact_contract_bar;overnight:duplicate_exact_contract_bar,development
2023-01-17,2023-01-19,short_iron_fly_w300,paired_sample_incomplete:intraday:duplicate_exact_contract_bar;overnight:duplicate_exact_contract_bar,development
2023-01-17,2023-01-19,long_iron_fly_w100,paired_sample_incomplete:intraday:duplicate_exact_contract_bar;overnight:duplicate_exact_contract_bar,development
2023-01-17,2023-01-19,long_iron_fly_w200,paired_sample_incomplete:intraday:duplicate_exact_contract_bar;overnight:duplicate_exact_contract_bar,development
2023-01-17,2023-01-19,long_iron_fly_w300,paired_sample_incomplete:intraday:duplicate_exact_contract_bar;overnight:duplicate_exact_contract_bar,development
2023-01-17,2023-01-19,short_iron_condor_100_300,paired_sample_incomplete:intraday:duplicate_exact_contract_bar;overnight:duplicate_exact_contract_bar,development
2023-01-17,2023-01-19,bull_put_credit_100_300,paired_sample_incomplete:intraday:duplicate_exact_contract_bar;overnight:duplicate_exact_contract_bar,development
2023-01-17,2023-01-19,bear_call_credit_100_300,paired_sample_incomplete:intraday:duplicate_exact_contract_bar;overnight:duplicate_exact_contract_bar,development
2023-01-18,2023-01-25,short_atm_straddle,paired_sample_incomplete:intraday:duplicate_exact_contract_bar;overnight:duplicate_exact_contract_bar,development
2023-01-18,2023-01-25,short_iron_fly_w100,paired_sample_incomplete:intraday:duplicate_exact_contract_bar;overnight:duplicate_exact_contract_bar,development
2023-01-18,2023-01-25,short_iron_fly_w200,paired_sample_incomplete:intraday:duplicate_exact_contract_bar;overnight:duplicate_exact_contract_bar,development
2023-01-18,2023-01-25,short_iron_fly_w300,paired_sample_incomplete:intraday:duplicate_exact_contract_bar;overnight:duplicate_exact_contract_bar,development
2023-01-18,2023-01-25,long_iron_fly_w100,paired_sample_incomplete:intraday:duplicate_exact_contract_bar;overnight:duplicate_exact_contract_bar,development
2023-01-18,2023-01-25,long_iron_fly_w200,paired_sample_incomplete:intraday:duplicate_exact_contract_bar;overnight:duplicate_exact_contract_bar,development
2023-01-18,2023-01-25,long_iron_fly_w300,paired_sample_incomplete:intraday:duplicate_exact_contract_bar;overnight:duplicate_exact_contract_bar,development
2023-01-18,2023-01-25,short_iron_condor_100_300,paired_sample_incomplete:intraday:duplicate_exact_contract_bar;overnight:duplicate_exact_contract_bar,development
2023-01-18,2023-01-25,bull_put_credit_100_300,paired_sample_incomplete:intraday:duplicate_exact_contract_bar;overnight:duplicate_exact_contract_bar,development
2023-01-18,2023-01-25,bear_call_credit_100_300,paired_sample_incomplete:intraday:duplicate_exact_contract_bar;overnight:duplicate_exact_contract_bar,development
2023-01-19,2023-01-25,short_atm_straddle,paired_sample_incomplete:intraday:duplicate_exact_contract_bar;overnight:duplicate_exact_contract_bar,development
2023-01-19,2023-01-25,short_iron_fly_w100,paired_sample_incomplete:intraday:duplicate_exact_contract_bar;overnight:duplicate_exact_contract_bar,development
2023-01-19,2023-01-25,short_iron_fly_w200,paired_sample_incomplete:intraday:duplicate_exact_contract_bar;overnight:duplicate_exact_contract_bar,development
2023-01-19,2023-01-25,short_iron_fly_w300,paired_sample_incomplete:intraday:duplicate_exact_contract_bar;overnight:duplicate_exact_contract_bar,development
2023-01-19,2023-01-25,long_iron_fly_w100,paired_sample_incomplete:intraday:duplicate_exact_contract_bar;overnight:duplicate_exact_contract_bar,development
2023-01-19,2023-01-25,long_iron_fly_w200,paired_sample_incomplete:intraday:duplicate_exact_contract_bar;overnight:duplicate_exact_contract_bar,development
2023-01-19,2023-01-25,long_iron_fly_w300,paired_sample_incomplete:intraday:duplicate_exact_contract_bar;overnight:duplicate_exact_contract_bar,development
2023-01-19,2023-01-25,short_iron_condor_100_300,paired_sample_incomplete:intraday:duplicate_exact_contract_bar;overnight:duplicate_exact_contract_bar,development
2023-01-19,2023-01-25,bull_put_credit_100_300,paired_sample_incomplete:intraday:duplicate_exact_contract_bar;overnight:duplicate_exact_contract_bar,development
2023-01-19,2023-01-25,bear_call_credit_100_300,paired_sample_incomplete:intraday:duplicate_exact_contract_bar;overnight:duplicate_exact_contract_bar,development
2023-01-20,2023-01-25,short_atm_straddle,paired_sample_incomplete:intraday:duplicate_exact_contract_bar;overnight:duplicate_exact_contract_bar,development
2023-01-20,2023-01-25,short_iron_fly_w100,paired_sample_incomplete:intraday:duplicate_exact_contract_bar;overnight:duplicate_exact_contract_bar,development
2023-01-20,2023-01-25,short_iron_fly_w200,paired_sample_incomplete:intraday:duplicate_exact_contract_bar;overnight:duplicate_exact_contract_bar,development
2023-01-20,2023-01-25,short_iron_fly_w300,paired_sample_incomplete:intraday:duplicate_exact_contract_bar;overnight:duplicate_exact_contract_bar,development
2023-01-20,2023-01-25,long_iron_fly_w100,paired_sample_incomplete:intraday:duplicate_exact_contract_bar;overnight:duplicate_exact_contract_bar,development
2023-01-20,2023-01-25,long_iron_fly_w200,paired_sample_incomplete:intraday:duplicate_exact_contract_bar;overnight:duplicate_exact_contract_bar,development
2023-01-20,2023-01-25,long_iron_fly_w300,paired_sample_incomplete:intraday:duplicate_exact_contract_bar;overnight:duplicate_exact_contract_bar,development
2023-01-20,2023-01-25,short_iron_condor_100_300,paired_sample_incomplete:intraday:duplicate_exact_contract_bar;overnight:duplicate_exact_contract_bar,development
2023-01-20,2023-01-25,bull_put_credit_100_300,paired_sample_incomplete:intraday:duplicate_exact_contract_bar;overnight:duplicate_exact_contract_bar,development
2023-01-20,2023-01-25,bear_call_credit_100_300,paired_sample_incomplete:intraday:duplicate_exact_contract_bar;overnight:duplicate_exact_contract_bar,development
2023-01-23,2023-01-25,short_atm_straddle,paired_sample_incomplete:intraday:duplicate_exact_contract_bar;overnight:duplicate_exact_contract_bar,development
2023-01-23,2023-01-25,short_iron_fly_w100,paired_sample_incomplete:intraday:duplicate_exact_contract_bar;overnight:duplicate_exact_contract_bar,development
2023-01-23,2023-01-25,short_iron_fly_w200,paired_sample_incomplete:intraday:duplicate_exact_contract_bar;overnight:duplicate_exact_contract_bar,development
2023-01-23,2023-01-25,short_iron_fly_w300,paired_sample_incomplete:intraday:duplicate_exact_contract_bar;overnight:duplicate_exact_contract_bar,development
2023-01-23,2023-01-25,long_iron_fly_w100,paired_sample_incomplete:intraday:duplicate_exact_contract_bar;overnight:duplicate_exact_contract_bar,development
2023-01-23,2023-01-25,long_iron_fly_w200,paired_sample_incomplete:intraday:duplicate_exact_contract_bar;overnight:duplicate_exact_contract_bar,development
2023-01-23,2023-01-25,long_iron_fly_w300,paired_sample_incomplete:intraday:duplicate_exact_contract_bar;overnight:duplicate_exact_contract_bar,development
2023-01-23,2023-01-25,short_iron_condor_100_300,paired_sample_incomplete:intraday:duplicate_exact_contract_bar;overnight:duplicate_exact_contract_bar,development
2023-01-23,2023-01-25,bull_put_credit_100_300,paired_sample_incomplete:intraday:duplicate_exact_contract_bar;overnight:duplicate_exact_contract_bar,development
2023-01-23,2023-01-25,bear_call_credit_100_300,paired_sample_incomplete:intraday:duplicate_exact_contract_bar;overnight:duplicate_exact_contract_bar,development
2023-01-24,2023-02-02,short_atm_straddle,paired_sample_incomplete:intraday:duplicate_exact_contract_bar;overnight:duplicate_exact_contract_bar,development
2023-01-24,2023-02-02,short_iron_fly_w100,paired_sample_incomplete:intraday:duplicate_exact_contract_bar;overnight:duplicate_exact_contract_bar,development
2023-01-24,2023-02-02,short_iron_fly_w200,paired_sample_incomplete:intraday:duplicate_exact_contract_bar;overnight:duplicate_exact_contract_bar,development
2023-01-24,2023-02-02,short_iron_fly_w300,paired_sample_incomplete:intraday:duplicate_exact_contract_bar;overnight:duplicate_exact_contract_bar,development
2023-01-24,2023-02-02,long_iron_fly_w100,paired_sample_incomplete:intraday:duplicate_exact_contract_bar;overnight:duplicate_exact_contract_bar,development
2023-01-24,2023-02-02,long_iron_fly_w200,paired_sample_incomplete:intraday:duplicate_exact_contract_bar;overnight:duplicate_exact_contract_bar,development
2023-01-24,2023-02-02,long_iron_fly_w300,paired_sample_incomplete:intraday:duplicate_exact_contract_bar;overnight:duplicate_exact_contract_bar,development
2023-01-24,2023-02-02,short_iron_condor_100_300,paired_sample_incomplete:intraday:duplicate_exact_contract_bar;overnight:duplicate_exact_contract_bar,development
2023-01-24,2023-02-02,bull_put_credit_100_300,paired_sample_incomplete:intraday:duplicate_exact_contract_bar;overnight:duplicate_exact_contract_bar,development
2023-01-24,2023-02-02,bear_call_credit_100_300,paired_sample_incomplete:intraday:duplicate_exact_contract_bar;overnight:duplicate_exact_contract_bar,development
2023-01-25,2023-02-02,short_atm_straddle,paired_sample_incomplete:intraday:duplicate_exact_contract_bar;overnight:duplicate_exact_contract_bar,development
2023-01-25,2023-02-02,short_iron_fly_w100,paired_sample_incomplete:intraday:duplicate_exact_contract_bar;overnight:duplicate_exact_contract_bar,development
2023-01-25,2023-02-02,short_iron_fly_w200,paired_sample_incomplete:intraday:duplicate_exact_contract_bar;overnight:duplicate_exact_contract_bar,development
2023-01-25,2023-02-02,short_iron_fly_w300,paired_sample_incomplete:intraday:duplicate_exact_contract_bar;overnight:duplicate_exact_contract_bar,development
2023-01-25,2023-02-02,long_iron_fly_w100,paired_sample_incomplete:intraday:duplicate_exact_contract_bar;overnight:duplicate_exact_contract_bar,development
2023-01-25,2023-02-02,long_iron_fly_w200,paired_sample_incomplete:intraday:duplicate_exact_contract_bar;overnight:duplicate_exact_contract_bar,development
2023-01-25,2023-02-02,long_iron_fly_w300,paired_sample_incomplete:intraday:duplicate_exact_contract_bar;overnight:duplicate_exact_contract_bar,development
2023-01-25,2023-02-02,short_iron_condor_100_300,paired_sample_incomplete:intraday:duplicate_exact_contract_bar;overnight:duplicate_exact_contract_bar,development
2023-01-25,2023-02-02,bull_put_credit_100_300,paired_sample_incomplete:intraday:duplicate_exact_contract_bar;overnight:duplicate_exact_contract_bar,development
2023-01-25,2023-02-02,bear_call_credit_100_300,paired_sample_incomplete:intraday:duplicate_exact_contract_bar;overnight:duplicate_exact_contract_bar,development
2023-01-27,2023-02-02,short_atm_straddle,paired_sample_incomplete:intraday:duplicate_exact_contract_bar;overnight:duplicate_exact_contract_bar,development
2023-01-27,2023-02-02,short_iron_fly_w100,paired_sample_incomplete:intraday:duplicate_exact_contract_bar;overnight:duplicate_exact_contract_bar,development
2023-01-27,2023-02-02,short_iron_fly_w200,paired_sample_incomplete:intraday:duplicate_exact_contract_bar;overnight:duplicate_exact_contract_bar,development
2023-01-27,2023-02-02,short_iron_fly_w300,paired_sample_incomplete:intraday:duplicate_exact_contract_bar;overnight:duplicate_exact_contract_bar,development
2023-01-27,2023-02-02,long_iron_fly_w100,paired_sample_incomplete:intraday:duplicate_exact_contract_bar;overnight:duplicate_exact_contract_bar,development
2023-01-27,2023-02-02,long_iron_fly_w200,paired_sample_incomplete:intraday:duplicate_exact_contract_bar;overnight:duplicate_exact_contract_bar,development
2023-01-27,2023-02-02,long_iron_fly_w300,paired_sample_incomplete:intraday:duplicate_exact_contract_bar;overnight:duplicate_exact_contract_bar,development
2023-01-27,2023-02-02,short_iron_condor_100_300,paired_sample_incomplete:intraday:duplicate_exact_contract_bar;overnight:duplicate_exact_contract_bar,development
2023-01-27,2023-02-02,bear_call_credit_100_300,paired_sample_incomplete:intraday:duplicate_exact_contract_bar;overnight:duplicate_exact_contract_bar,development
2023-01-30,2023-02-02,short_atm_straddle,paired_sample_incomplete:intraday:duplicate_exact_contract_bar;overnight:duplicate_exact_contract_bar,development
2023-01-30,2023-02-02,short_iron_fly_w100,paired_sample_incomplete:intraday:duplicate_exact_contract_bar;overnight:duplicate_exact_contract_bar,development
2023-01-30,2023-02-02,short_iron_fly_w200,paired_sample_incomplete:intraday:duplicate_exact_contract_bar;overnight:duplicate_exact_contract_bar,development
2023-01-30,2023-02-02,short_iron_fly_w300,paired_sample_incomplete:intraday:duplicate_exact_contract_bar;overnight:duplicate_exact_contract_bar,development
2023-01-30,2023-02-02,long_iron_fly_w100,paired_sample_incomplete:intraday:duplicate_exact_contract_bar;overnight:duplicate_exact_contract_bar,development
2023-01-30,2023-02-02,long_iron_fly_w200,paired_sample_incomplete:intraday:duplicate_exact_contract_bar;overnight:duplicate_exact_contract_bar,development
2023-01-30,2023-02-02,long_iron_fly_w300,paired_sample_incomplete:intraday:duplicate_exact_contract_bar;overnight:duplicate_exact_contract_bar,development
2023-01-30,2023-02-02,short_iron_condor_100_300,paired_sample_incomplete:intraday:duplicate_exact_contract_bar;overnight:duplicate_exact_contract_bar,development
2023-01-30,2023-02-02,bull_put_credit_100_300,paired_sample_incomplete:intraday:duplicate_exact_contract_bar;overnight:duplicate_exact_contract_bar,development
2023-01-30,2023-02-02,bear_call_credit_100_300,paired_sample_incomplete:intraday:duplicate_exact_contract_bar;overnight:duplicate_exact_contract_bar,development
2023-01-31,2023-02-02,short_atm_straddle,paired_sample_incomplete:intraday:duplicate_exact_contract_bar;overnight:duplicate_exact_contract_bar,development
2023-01-31,2023-02-02,short_iron_fly_w100,paired_sample_incomplete:intraday:duplicate_exact_contract_bar;overnight:duplicate_exact_contract_bar,development
2023-01-31,2023-02-02,short_iron_fly_w200,paired_sample_incomplete:intraday:duplicate_exact_contract_bar;overnight:duplicate_exact_contract_bar,development
2023-01-31,2023-02-02,short_iron_fly_w300,paired_sample_incomplete:intraday:duplicate_exact_contract_bar;overnight:duplicate_exact_contract_bar,development
2023-01-31,2023-02-02,long_iron_fly_w100,paired_sample_incomplete:intraday:duplicate_exact_contract_bar;overnight:duplicate_exact_contract_bar,development
2023-01-31,2023-02-02,long_iron_fly_w200,paired_sample_incomplete:intraday:duplicate_exact_contract_bar;overnight:duplicate_exact_contract_bar,development
2023-01-31,2023-02-02,long_iron_fly_w300,paired_sample_incomplete:intraday:duplicate_exact_contract_bar;overnight:duplicate_exact_contract_bar,development
2023-01-31,2023-02-02,short_iron_condor_100_300,paired_sample_incomplete:intraday:duplicate_exact_contract_bar;overnight:duplicate_exact_contract_bar,development
2023-01-31,2023-02-02,bull_put_credit_100_300,paired_sample_incomplete:intraday:duplicate_exact_contract_bar;overnight:duplicate_exact_contract_bar,development
2023-01-31,2023-02-02,bear_call_credit_100_300,paired_sample_incomplete:intraday:duplicate_exact_contract_bar;overnight:duplicate_exact_contract_bar,development
2023-02-01,2023-02-09,short_atm_straddle,paired_sample_incomplete:intraday:duplicate_exact_contract_bar;overnight:duplicate_exact_contract_bar,development
2023-02-01,2023-02-09,short_iron_fly_w100,paired_sample_incomplete:intraday:duplicate_exact_contract_bar;overnight:duplicate_exact_contract_bar,development
2023-02-01,2023-02-09,short_iron_fly_w200,paired_sample_incomplete:intraday:duplicate_exact_contract_bar;overnight:duplicate_exact_contract_bar,development
2023-02-01,2023-02-09,short_iron_fly_w300,paired_sample_incomplete:intraday:duplicate_exact_contract_bar;overnight:duplicate_exact_contract_bar,development
2023-02-01,2023-02-09,long_iron_fly_w100,paired_sample_incomplete:intraday:duplicate_exact_contract_bar;overnight:duplicate_exact_contract_bar,development
2023-02-01,2023-02-09,long_iron_fly_w200,paired_sample_incomplete:intraday:duplicate_exact_contract_bar;overnight:duplicate_exact_contract_bar,development
2023-02-01,2023-02-09,long_iron_fly_w300,paired_sample_incomplete:intraday:duplicate_exact_contract_bar;overnight:duplicate_exact_contract_bar,development
2023-02-01,2023-02-09,short_iron_condor_100_300,paired_sample_incomplete:intraday:duplicate_exact_contract_bar;overnight:duplicate_exact_contract_bar,development
2023-02-01,2023-02-09,bull_put_credit_100_300,paired_sample_incomplete:intraday:duplicate_exact_contract_bar;overnight:duplicate_exact_contract_bar,development
2023-02-01,2023-02-09,bear_call_credit_100_300,paired_sample_incomplete:intraday:duplicate_exact_contract_bar;overnight:duplicate_exact_contract_bar,development
2023-02-02,2023-02-09,short_atm_straddle,paired_sample_incomplete:intraday:duplicate_exact_contract_bar;overnight:duplicate_exact_contract_bar,development
2023-02-02,2023-02-09,short_iron_fly_w100,paired_sample_incomplete:intraday:duplicate_exact_contract_bar;overnight:duplicate_exact_contract_bar,development
2023-02-02,2023-02-09,short_iron_fly_w200,paired_sample_incomplete:intraday:duplicate_exact_contract_bar;overnight:duplicate_exact_contract_bar,development
2023-02-02,2023-02-09,short_iron_fly_w300,paired_sample_incomplete:intraday:duplicate_exact_contract_bar;overnight:duplicate_exact_contract_bar,development
2023-02-02,2023-02-09,long_iron_fly_w100,paired_sample_incomplete:intraday:duplicate_exact_contract_bar;overnight:duplicate_exact_contract_bar,development
2023-02-02,2023-02-09,long_iron_fly_w200,paired_sample_incomplete:intraday:duplicate_exact_contract_bar;overnight:duplicate_exact_contract_bar,development
2023-02-02,2023-02-09,long_iron_fly_w300,paired_sample_incomplete:intraday:duplicate_exact_contract_bar;overnight:duplicate_exact_contract_bar,development
2023-02-02,2023-02-09,short_iron_condor_100_300,paired_sample_incomplete:intraday:duplicate_exact_contract_bar;overnight:duplicate_exact_contract_bar,development
2023-02-02,2023-02-09,bull_put_credit_100_300,paired_sample_incomplete:intraday:duplicate_exact_contract_bar;overnight:duplicate_exact_contract_bar,development
2023-02-02,2023-02-09,bear_call_credit_100_300,paired_sample_incomplete:intraday:duplicate_exact_contract_bar;overnight:duplicate_exact_contract_bar,development
2023-02-03,2023-02-09,short_atm_straddle,paired_sample_incomplete:intraday:duplicate_exact_contract_bar;overnight:duplicate_exact_contract_bar,development
2023-02-03,2023-02-09,short_iron_fly_w100,paired_sample_incomplete:intraday:duplicate_exact_contract_bar;overnight:duplicate_exact_contract_bar,development
2023-02-03,2023-02-09,short_iron_fly_w200,paired_sample_incomplete:intraday:duplicate_exact_contract_bar;overnight:duplicate_exact_contract_bar,development
2023-02-03,2023-02-09,short_iron_fly_w300,paired_sample_incomplete:intraday:duplicate_exact_contract_bar;overnight:duplicate_exact_contract_bar,development
2023-02-03,2023-02-09,long_iron_fly_w100,paired_sample_incomplete:intraday:duplicate_exact_contract_bar;overnight:duplicate_exact_contract_bar,development
2023-02-03,2023-02-09,long_iron_fly_w200,paired_sample_incomplete:intraday:duplicate_exact_contract_bar;overnight:duplicate_exact_contract_bar,development
2023-02-03,2023-02-09,long_iron_fly_w300,paired_sample_incomplete:intraday:duplicate_exact_contract_bar;overnight:duplicate_exact_contract_bar,development
2023-02-03,2023-02-09,short_iron_condor_100_300,paired_sample_incomplete:intraday:duplicate_exact_contract_bar;overnight:duplicate_exact_contract_bar,development
2023-02-03,2023-02-09,bull_put_credit_100_300,paired_sample_incomplete:intraday:duplicate_exact_contract_bar;overnight:duplicate_exact_contract_bar,development
2023-02-03,2023-02-09,bear_call_credit_100_300,paired_sample_incomplete:intraday:duplicate_exact_contract_bar;overnight:duplicate_exact_contract_bar,development
2023-02-06,2023-02-09,short_atm_straddle,paired_sample_incomplete:intraday:duplicate_exact_contract_bar;overnight:duplicate_exact_contract_bar,development
2023-02-06,2023-02-09,short_iron_fly_w100,paired_sample_incomplete:intraday:duplicate_exact_contract_bar;overnight:duplicate_exact_contract_bar,development
2023-02-06,2023-02-09,short_iron_fly_w200,paired_sample_incomplete:intraday:duplicate_exact_contract_bar;overnight:duplicate_exact_contract_bar,development
2023-02-06,2023-02-09,short_iron_fly_w300,paired_sample_incomplete:intraday:duplicate_exact_contract_bar;overnight:duplicate_exact_contract_bar,development
2023-02-06,2023-02-09,long_iron_fly_w100,paired_sample_incomplete:intraday:duplicate_exact_contract_bar;overnight:duplicate_exact_contract_bar,development
2023-02-06,2023-02-09,long_iron_fly_w200,paired_sample_incomplete:intraday:duplicate_exact_contract_bar;overnight:duplicate_exact_contract_bar,development
2023-02-06,2023-02-09,long_iron_fly_w300,paired_sample_incomplete:intraday:duplicate_exact_contract_bar;overnight:duplicate_exact_contract_bar,development
2023-02-06,2023-02-09,short_iron_condor_100_300,paired_sample_incomplete:intraday:duplicate_exact_contract_bar;overnight:duplicate_exact_contract_bar,development
2023-02-06,2023-02-09,bull_put_credit_100_300,paired_sample_incomplete:intraday:duplicate_exact_contract_bar;overnight:duplicate_exact_contract_bar,development
2023-02-06,2023-02-09,bear_call_credit_100_300,paired_sample_incomplete:intraday:duplicate_exact_contract_bar;overnight:duplicate_exact_contract_bar,development
2023-02-07,2023-02-09,short_atm_straddle,paired_sample_incomplete:intraday:duplicate_exact_contract_bar;overnight:duplicate_exact_contract_bar,development
2023-02-07,2023-02-09,short_iron_fly_w100,paired_sample_incomplete:intraday:duplicate_exact_contract_bar;overnight:duplicate_exact_contract_bar,development
2023-02-07,2023-02-09,short_iron_fly_w200,paired_sample_incomplete:intraday:duplicate_exact_contract_bar;overnight:duplicate_exact_contract_bar,development
2023-02-07,2023-02-09,short_iron_fly_w300,paired_sample_incomplete:intraday:duplicate_exact_contract_bar;overnight:duplicate_exact_contract_bar,development
2023-02-07,2023-02-09,long_iron_fly_w100,paired_sample_incomplete:intraday:duplicate_exact_contract_bar;overnight:duplicate_exact_contract_bar,development
2023-02-07,2023-02-09,long_iron_fly_w200,paired_sample_incomplete:intraday:duplicate_exact_contract_bar;overnight:duplicate_exact_contract_bar,development
2023-02-07,2023-02-09,long_iron_fly_w300,paired_sample_incomplete:intraday:duplicate_exact_contract_bar;overnight:duplicate_exact_contract_bar,development
2023-02-07,2023-02-09,short_iron_condor_100_300,paired_sample_incomplete:intraday:duplicate_exact_contract_bar;overnight:duplicate_exact_contract_bar,development
2023-02-07,2023-02-09,bull_put_credit_100_300,paired_sample_incomplete:intraday:duplicate_exact_contract_bar;overnight:duplicate_exact_contract_bar,development
2023-02-07,2023-02-09,bear_call_credit_100_300,paired_sample_incomplete:intraday:duplicate_exact_contract_bar;overnight:duplicate_exact_contract_bar,development
2023-02-08,2023-02-16,short_atm_straddle,paired_sample_incomplete:intraday:duplicate_exact_contract_bar;overnight:duplicate_exact_contract_bar,development
2023-02-08,2023-02-16,short_iron_fly_w100,paired_sample_incomplete:intraday:duplicate_exact_contract_bar;overnight:duplicate_exact_contract_bar,development
2023-02-08,2023-02-16,short_iron_fly_w200,paired_sample_incomplete:intraday:duplicate_exact_contract_bar;overnight:duplicate_exact_contract_bar,development
2023-02-08,2023-02-16,short_iron_fly_w300,paired_sample_incomplete:intraday:duplicate_exact_contract_bar;overnight:duplicate_exact_contract_bar,development
2023-02-08,2023-02-16,long_iron_fly_w100,paired_sample_incomplete:intraday:duplicate_exact_contract_bar;overnight:duplicate_exact_contract_bar,development
2023-02-08,2023-02-16,long_iron_fly_w200,paired_sample_incomplete:intraday:duplicate_exact_contract_bar;overnight:duplicate_exact_contract_bar,development
2023-02-08,2023-02-16,long_iron_fly_w300,paired_sample_incomplete:intraday:duplicate_exact_contract_bar;overnight:duplicate_exact_contract_bar,development
2023-02-08,2023-02-16,short_iron_condor_100_300,paired_sample_incomplete:intraday:duplicate_exact_contract_bar;overnight:duplicate_exact_contract_bar,development
2023-02-08,2023-02-16,bull_put_credit_100_300,paired_sample_incomplete:intraday:duplicate_exact_contract_bar;overnight:duplicate_exact_contract_bar,development
2023-02-08,2023-02-16,bear_call_credit_100_300,paired_sample_incomplete:intraday:duplicate_exact_contract_bar;overnight:duplicate_exact_contract_bar,development
2023-02-09,2023-02-16,short_atm_straddle,paired_sample_incomplete:intraday:duplicate_exact_contract_bar;overnight:duplicate_exact_contract_bar,development
2023-02-09,2023-02-16,short_iron_fly_w100,paired_sample_incomplete:intraday:duplicate_exact_contract_bar;overnight:duplicate_exact_contract_bar,development
2023-02-09,2023-02-16,short_iron_fly_w200,paired_sample_incomplete:intraday:duplicate_exact_contract_bar;overnight:duplicate_exact_contract_bar,development
2023-02-09,2023-02-16,short_iron_fly_w300,paired_sample_incomplete:intraday:duplicate_exact_contract_bar;overnight:duplicate_exact_contract_bar,development
2023-02-09,2023-02-16,long_iron_fly_w100,paired_sample_incomplete:intraday:duplicate_exact_contract_bar;overnight:duplicate_exact_contract_bar,development
2023-02-09,2023-02-16,long_iron_fly_w200,paired_sample_incomplete:intraday:duplicate_exact_contract_bar;overnight:duplicate_exact_contract_bar,development
2023-02-09,2023-02-16,long_iron_fly_w300,paired_sample_incomplete:intraday:duplicate_exact_contract_bar;overnight:duplicate_exact_contract_bar,development
2023-02-09,2023-02-16,short_iron_condor_100_300,paired_sample_incomplete:intraday:duplicate_exact_contract_bar;overnight:duplicate_exact_contract_bar,development
2023-02-09,2023-02-16,bull_put_credit_100_300,paired_sample_incomplete:intraday:duplicate_exact_contract_bar;overnight:duplicate_exact_contract_bar,development
2023-02-09,2023-02-16,bear_call_credit_100_300,paired_sample_incomplete:intraday:duplicate_exact_contract_bar;overnight:duplicate_exact_contract_bar,development
2023-02-10,2023-02-16,short_atm_straddle,paired_sample_incomplete:intraday:duplicate_exact_contract_bar;overnight:duplicate_exact_contract_bar,development
2023-02-10,2023-02-16,short_iron_fly_w100,paired_sample_incomplete:intraday:duplicate_exact_contract_bar;overnight:duplicate_exact_contract_bar,development
2023-02-10,2023-02-16,short_iron_fly_w200,paired_sample_incomplete:intraday:duplicate_exact_contract_bar;overnight:duplicate_exact_contract_bar,development
2023-02-10,2023-02-16,short_iron_fly_w300,paired_sample_incomplete:intraday:duplicate_exact_contract_bar;overnight:duplicate_exact_contract_bar,development
2023-02-10,2023-02-16,long_iron_fly_w100,paired_sample_incomplete:intraday:duplicate_exact_contract_bar;overnight:duplicate_exact_contract_bar,development
2023-02-10,2023-02-16,long_iron_fly_w200,paired_sample_incomplete:intraday:duplicate_exact_contract_bar;overnight:duplicate_exact_contract_bar,development
2023-02-10,2023-02-16,long_iron_fly_w300,paired_sample_incomplete:intraday:duplicate_exact_contract_bar;overnight:duplicate_exact_contract_bar,development
2023-02-10,2023-02-16,short_iron_condor_100_300,paired_sample_incomplete:intraday:duplicate_exact_contract_bar;overnight:duplicate_exact_contract_bar,development
2023-02-10,2023-02-16,bull_put_credit_100_300,paired_sample_incomplete:intraday:duplicate_exact_contract_bar;overnight:duplicate_exact_contract_bar,development
2023-02-10,2023-02-16,bear_call_credit_100_300,paired_sample_incomplete:intraday:duplicate_exact_contract_bar;overnight:duplicate_exact_contract_bar,development
2023-02-13,2023-02-16,short_atm_straddle,paired_sample_incomplete:intraday:duplicate_exact_contract_bar;overnight:duplicate_exact_contract_bar,development
2023-02-13,2023-02-16,short_iron_fly_w100,paired_sample_incomplete:intraday:duplicate_exact_contract_bar;overnight:duplicate_exact_contract_bar,development
2023-02-13,2023-02-16,short_iron_fly_w200,paired_sample_incomplete:intraday:duplicate_exact_contract_bar;overnight:duplicate_exact_contract_bar,development
2023-02-13,2023-02-16,short_iron_fly_w300,paired_sample_incomplete:intraday:duplicate_exact_contract_bar;overnight:duplicate_exact_contract_bar,development
2023-02-13,2023-02-16,long_iron_fly_w100,paired_sample_incomplete:intraday:duplicate_exact_contract_bar;overnight:duplicate_exact_contract_bar,development
2023-02-13,2023-02-16,long_iron_fly_w200,paired_sample_incomplete:intraday:duplicate_exact_contract_bar;overnight:duplicate_exact_contract_bar,development
2023-02-13,2023-02-16,long_iron_fly_w300,paired_sample_incomplete:intraday:duplicate_exact_contract_bar;overnight:duplicate_exact_contract_bar,development
2023-02-13,2023-02-16,short_iron_condor_100_300,paired_sample_incomplete:intraday:duplicate_exact_contract_bar;overnight:duplicate_exact_contract_bar,development
2023-02-13,2023-02-16,bull_put_credit_100_300,paired_sample_incomplete:intraday:duplicate_exact_contract_bar;overnight:duplicate_exact_contract_bar,development
2023-02-13,2023-02-16,bear_call_credit_100_300,paired_sample_incomplete:intraday:duplicate_exact_contract_bar;overnight:duplicate_exact_contract_bar,development
2023-02-14,2023-02-16,short_atm_straddle,paired_sample_incomplete:intraday:duplicate_exact_contract_bar;overnight:duplicate_exact_contract_bar,development
2023-02-14,2023-02-16,short_iron_fly_w100,paired_sample_incomplete:intraday:duplicate_exact_contract_bar;overnight:duplicate_exact_contract_bar,development
2023-02-14,2023-02-16,short_iron_fly_w200,paired_sample_incomplete:intraday:duplicate_exact_contract_bar;overnight:duplicate_exact_contract_bar,development
2023-02-14,2023-02-16,short_iron_fly_w300,paired_sample_incomplete:intraday:duplicate_exact_contract_bar;overnight:duplicate_exact_contract_bar,development
2023-02-14,2023-02-16,long_iron_fly_w100,paired_sample_incomplete:intraday:duplicate_exact_contract_bar;overnight:duplicate_exact_contract_bar,development
2023-02-14,2023-02-16,long_iron_fly_w200,paired_sample_incomplete:intraday:duplicate_exact_contract_bar;overnight:duplicate_exact_contract_bar,development
2023-02-14,2023-02-16,long_iron_fly_w300,paired_sample_incomplete:intraday:duplicate_exact_contract_bar;overnight:duplicate_exact_contract_bar,development
2023-02-14,2023-02-16,short_iron_condor_100_300,paired_sample_incomplete:intraday:duplicate_exact_contract_bar;overnight:duplicate_exact_contract_bar,development
2023-02-14,2023-02-16,bull_put_credit_100_300,paired_sample_incomplete:intraday:duplicate_exact_contract_bar;overnight:duplicate_exact_contract_bar,development
2023-02-14,2023-02-16,bear_call_credit_100_300,paired_sample_incomplete:intraday:duplicate_exact_contract_bar;overnight:duplicate_exact_contract_bar,development
2023-02-15,2023-02-23,short_iron_fly_w100,paired_sample_incomplete:intraday:duplicate_exact_contract_bar;overnight:duplicate_exact_contract_bar,development
2023-02-15,2023-02-23,short_iron_fly_w200,paired_sample_incomplete:intraday:duplicate_exact_contract_bar;overnight:duplicate_exact_contract_bar,development
2023-02-15,2023-02-23,short_iron_fly_w300,paired_sample_incomplete:intraday:duplicate_exact_contract_bar;overnight:duplicate_exact_contract_bar,development
2023-02-15,2023-02-23,long_iron_fly_w100,paired_sample_incomplete:intraday:duplicate_exact_contract_bar;overnight:duplicate_exact_contract_bar,development
2023-02-15,2023-02-23,long_iron_fly_w200,paired_sample_incomplete:intraday:duplicate_exact_contract_bar;overnight:duplicate_exact_contract_bar,development
2023-02-15,2023-02-23,long_iron_fly_w300,paired_sample_incomplete:intraday:duplicate_exact_contract_bar;overnight:duplicate_exact_contract_bar,development
2023-02-15,2023-02-23,short_iron_condor_100_300,paired_sample_incomplete:intraday:duplicate_exact_contract_bar;overnight:duplicate_exact_contract_bar,development
2023-02-15,2023-02-23,bull_put_credit_100_300,paired_sample_incomplete:intraday:duplicate_exact_contract_bar;overnight:duplicate_exact_contract_bar,development
2023-02-15,2023-02-23,bear_call_credit_100_300,paired_sample_incomplete:intraday:duplicate_exact_contract_bar;overnight:duplicate_exact_contract_bar,development
2023-02-16,2023-02-23,short_atm_straddle,paired_sample_incomplete:intraday:duplicate_exact_contract_bar;overnight:duplicate_exact_contract_bar,development
2023-02-16,2023-02-23,short_iron_fly_w100,paired_sample_incomplete:intraday:duplicate_exact_contract_bar;overnight:duplicate_exact_contract_bar,development
2023-02-16,2023-02-23,short_iron_fly_w200,paired_sample_incomplete:intraday:duplicate_exact_contract_bar;overnight:duplicate_exact_contract_bar,development
2023-02-16,2023-02-23,short_iron_fly_w300,paired_sample_incomplete:intraday:duplicate_exact_contract_bar;overnight:duplicate_exact_contract_bar,development
2023-02-16,2023-02-23,long_iron_fly_w100,paired_sample_incomplete:intraday:duplicate_exact_contract_bar;overnight:duplicate_exact_contract_bar,development
2023-02-16,2023-02-23,long_iron_fly_w200,paired_sample_incomplete:intraday:duplicate_exact_contract_bar;overnight:duplicate_exact_contract_bar,development
2023-02-16,2023-02-23,long_iron_fly_w300,paired_sample_incomplete:intraday:duplicate_exact_contract_bar;overnight:duplicate_exact_contract_bar,development
2023-02-16,2023-02-23,short_iron_condor_100_300,paired_sample_incomplete:intraday:duplicate_exact_contract_bar;overnight:duplicate_exact_contract_bar,development
2023-02-16,2023-02-23,bear_call_credit_100_300,paired_sample_incomplete:intraday:duplicate_exact_contract_bar;overnight:duplicate_exact_contract_bar,development
2023-02-17,2023-02-23,short_atm_straddle,paired_sample_incomplete:intraday:duplicate_exact_contract_bar;overnight:duplicate_exact_contract_bar,development
2023-02-17,2023-02-23,short_iron_fly_w100,paired_sample_incomplete:intraday:duplicate_exact_contract_bar;overnight:duplicate_exact_contract_bar,development
2023-02-17,2023-02-23,short_iron_fly_w200,paired_sample_incomplete:intraday:duplicate_exact_contract_bar;overnight:duplicate_exact_contract_bar,development
2023-02-17,2023-02-23,short_iron_fly_w300,paired_sample_incomplete:intraday:duplicate_exact_contract_bar;overnight:duplicate_exact_contract_bar,development
2023-02-17,2023-02-23,long_iron_fly_w100,paired_sample_incomplete:intraday:duplicate_exact_contract_bar;overnight:duplicate_exact_contract_bar,development
2023-02-17,2023-02-23,long_iron_fly_w200,paired_sample_incomplete:intraday:duplicate_exact_contract_bar;overnight:duplicate_exact_contract_bar,development
2023-02-17,2023-02-23,long_iron_fly_w300,paired_sample_incomplete:intraday:duplicate_exact_contract_bar;overnight:duplicate_exact_contract_bar,development
2023-02-17,2023-02-23,short_iron_condor_100_300,paired_sample_incomplete:intraday:duplicate_exact_contract_bar;overnight:duplicate_exact_contract_bar,development
2023-02-17,2023-02-23,bull_put_credit_100_300,paired_sample_incomplete:intraday:duplicate_exact_contract_bar;overnight:duplicate_exact_contract_bar,development
2023-02-17,2023-02-23,bear_call_credit_100_300,paired_sample_incomplete:intraday:duplicate_exact_contract_bar;overnight:duplicate_exact_contract_bar,development
2023-02-20,2023-02-23,short_atm_straddle,paired_sample_incomplete:intraday:duplicate_exact_contract_bar;overnight:duplicate_exact_contract_bar,development
2023-02-20,2023-02-23,short_iron_fly_w100,paired_sample_incomplete:intraday:duplicate_exact_contract_bar;overnight:duplicate_exact_contract_bar,development
2023-02-20,2023-02-23,short_iron_fly_w200,paired_sample_incomplete:intraday:duplicate_exact_contract_bar;overnight:duplicate_exact_contract_bar,development
2023-02-20,2023-02-23,short_iron_fly_w300,paired_sample_incomplete:intraday:duplicate_exact_contract_bar;overnight:duplicate_exact_contract_bar,development
2023-02-20,2023-02-23,long_iron_fly_w100,paired_sample_incomplete:intraday:duplicate_exact_contract_bar;overnight:duplicate_exact_contract_bar,development
2023-02-20,2023-02-23,long_iron_fly_w200,paired_sample_incomplete:intraday:duplicate_exact_contract_bar;overnight:duplicate_exact_contract_bar,development
2023-02-20,2023-02-23,long_iron_fly_w300,paired_sample_incomplete:intraday:duplicate_exact_contract_bar;overnight:duplicate_exact_contract_bar,development
2023-02-20,2023-02-23,short_iron_condor_100_300,paired_sample_incomplete:intraday:duplicate_exact_contract_bar;overnight:duplicate_exact_contract_bar,development
2023-02-20,2023-02-23,bull_put_credit_100_300,paired_sample_incomplete:intraday:duplicate_exact_contract_bar;overnight:duplicate_exact_contract_bar,development
2023-02-20,2023-02-23,bear_call_credit_100_300,paired_sample_incomplete:intraday:duplicate_exact_contract_bar;overnight:duplicate_exact_contract_bar,development
2023-02-21,2023-02-23,short_atm_straddle,paired_sample_incomplete:intraday:duplicate_exact_contract_bar;overnight:duplicate_exact_contract_bar,development
2023-02-21,2023-02-23,short_iron_fly_w100,paired_sample_incomplete:intraday:duplicate_exact_contract_bar;overnight:duplicate_exact_contract_bar,development
2023-02-21,2023-02-23,short_iron_fly_w200,paired_sample_incomplete:intraday:duplicate_exact_contract_bar;overnight:duplicate_exact_contract_bar,development
2023-02-21,2023-02-23,short_iron_fly_w300,paired_sample_incomplete:intraday:duplicate_exact_contract_bar;overnight:duplicate_exact_contract_bar,development
2023-02-21,2023-02-23,long_iron_fly_w100,paired_sample_incomplete:intraday:duplicate_exact_contract_bar;overnight:duplicate_exact_contract_bar,development
2023-02-21,2023-02-23,long_iron_fly_w200,paired_sample_incomplete:intraday:duplicate_exact_contract_bar;overnight:duplicate_exact_contract_bar,development
2023-02-21,2023-02-23,long_iron_fly_w300,paired_sample_incomplete:intraday:duplicate_exact_contract_bar;overnight:duplicate_exact_contract_bar,development
2023-02-21,2023-02-23,short_iron_condor_100_300,paired_sample_incomplete:intraday:duplicate_exact_contract_bar;overnight:duplicate_exact_contract_bar,development
2023-02-21,2023-02-23,bull_put_credit_100_300,paired_sample_incomplete:intraday:duplicate_exact_contract_bar;overnight:duplicate_exact_contract_bar,development
2023-02-21,2023-02-23,bear_call_credit_100_300,paired_sample_incomplete:intraday:duplicate_exact_contract_bar;overnight:duplicate_exact_contract_bar,development
2023-02-22,2023-03-02,short_atm_straddle,paired_sample_incomplete:intraday:duplicate_exact_contract_bar;overnight:duplicate_exact_contract_bar,development
2023-02-22,2023-03-02,short_iron_fly_w100,paired_sample_incomplete:intraday:duplicate_exact_contract_bar;overnight:duplicate_exact_contract_bar,development
2023-02-22,2023-03-02,short_iron_fly_w200,paired_sample_incomplete:intraday:duplicate_exact_contract_bar;overnight:duplicate_exact_contract_bar,development
2023-02-22,2023-03-02,short_iron_fly_w300,paired_sample_incomplete:intraday:duplicate_exact_contract_bar;overnight:duplicate_exact_contract_bar,development
2023-02-22,2023-03-02,long_iron_fly_w100,paired_sample_incomplete:intraday:duplicate_exact_contract_bar;overnight:duplicate_exact_contract_bar,development
2023-02-22,2023-03-02,long_iron_fly_w200,paired_sample_incomplete:intraday:duplicate_exact_contract_bar;overnight:duplicate_exact_contract_bar,development
2023-02-22,2023-03-02,long_iron_fly_w300,paired_sample_incomplete:intraday:duplicate_exact_contract_bar;overnight:duplicate_exact_contract_bar,development
2023-02-22,2023-03-02,short_iron_condor_100_300,paired_sample_incomplete:intraday:duplicate_exact_contract_bar;overnight:duplicate_exact_contract_bar,development
2023-02-22,2023-03-02,bull_put_credit_100_300,paired_sample_incomplete:intraday:duplicate_exact_contract_bar;overnight:duplicate_exact_contract_bar,development
2023-02-22,2023-03-02,bear_call_credit_100_300,paired_sample_incomplete:intraday:duplicate_exact_contract_bar;overnight:duplicate_exact_contract_bar,development
2023-02-23,2023-03-02,short_atm_straddle,paired_sample_incomplete:intraday:duplicate_exact_contract_bar;overnight:duplicate_exact_contract_bar,development
2023-02-23,2023-03-02,short_iron_fly_w100,paired_sample_incomplete:intraday:duplicate_exact_contract_bar;overnight:duplicate_exact_contract_bar,development
2023-02-23,2023-03-02,short_iron_fly_w200,paired_sample_incomplete:intraday:duplicate_exact_contract_bar;overnight:duplicate_exact_contract_bar,development
2023-02-23,2023-03-02,short_iron_fly_w300,paired_sample_incomplete:intraday:duplicate_exact_contract_bar;overnight:duplicate_exact_contract_bar,development
2023-02-23,2023-03-02,long_iron_fly_w100,paired_sample_incomplete:intraday:duplicate_exact_contract_bar;overnight:duplicate_exact_contract_bar,development
2023-02-23,2023-03-02,long_iron_fly_w200,paired_sample_incomplete:intraday:duplicate_exact_contract_bar;overnight:duplicate_exact_contract_bar,development
2023-02-23,2023-03-02,long_iron_fly_w300,paired_sample_incomplete:intraday:duplicate_exact_contract_bar;overnight:duplicate_exact_contract_bar,development
2023-02-23,2023-03-02,short_iron_condor_100_300,paired_sample_incomplete:intraday:duplicate_exact_contract_bar;overnight:duplicate_exact_contract_bar,development
2023-02-23,2023-03-02,bull_put_credit_100_300,paired_sample_incomplete:intraday:duplicate_exact_contract_bar;overnight:duplicate_exact_contract_bar,development
2023-02-23,2023-03-02,bear_call_credit_100_300,paired_sample_incomplete:intraday:duplicate_exact_contract_bar;overnight:duplicate_exact_contract_bar,development
2023-02-24,2023-03-02,short_atm_straddle,paired_sample_incomplete:intraday:duplicate_exact_contract_bar;overnight:duplicate_exact_contract_bar,development
2023-02-24,2023-03-02,short_iron_fly_w100,paired_sample_incomplete:intraday:duplicate_exact_contract_bar;overnight:duplicate_exact_contract_bar,development
2023-02-24,2023-03-02,short_iron_fly_w200,paired_sample_incomplete:intraday:duplicate_exact_contract_bar;overnight:duplicate_exact_contract_bar,development
2023-02-24,2023-03-02,short_iron_fly_w300,paired_sample_incomplete:intraday:duplicate_exact_contract_bar;overnight:duplicate_exact_contract_bar,development
2023-02-24,2023-03-02,long_iron_fly_w100,paired_sample_incomplete:intraday:duplicate_exact_contract_bar;overnight:duplicate_exact_contract_bar,development
2023-02-24,2023-03-02,long_iron_fly_w200,paired_sample_incomplete:intraday:duplicate_exact_contract_bar;overnight:duplicate_exact_contract_bar,development
2023-02-24,2023-03-02,long_iron_fly_w300,paired_sample_incomplete:intraday:duplicate_exact_contract_bar;overnight:duplicate_exact_contract_bar,development
2023-02-24,2023-03-02,short_iron_condor_100_300,paired_sample_incomplete:intraday:duplicate_exact_contract_bar;overnight:duplicate_exact_contract_bar,development
2023-02-24,2023-03-02,bull_put_credit_100_300,paired_sample_incomplete:intraday:duplicate_exact_contract_bar;overnight:duplicate_exact_contract_bar,development
2023-02-24,2023-03-02,bear_call_credit_100_300,paired_sample_incomplete:intraday:duplicate_exact_contract_bar;overnight:duplicate_exact_contract_bar,development
2023-02-27,2023-03-02,short_atm_straddle,paired_sample_incomplete:intraday:duplicate_exact_contract_bar;overnight:duplicate_exact_contract_bar,development
2023-02-27,2023-03-02,short_iron_fly_w100,paired_sample_incomplete:intraday:duplicate_exact_contract_bar;overnight:duplicate_exact_contract_bar,development
2023-02-27,2023-03-02,short_iron_fly_w200,paired_sample_incomplete:intraday:duplicate_exact_contract_bar;overnight:duplicate_exact_contract_bar,development
2023-02-27,2023-03-02,short_iron_fly_w300,paired_sample_incomplete:intraday:duplicate_exact_contract_bar;overnight:duplicate_exact_contract_bar,development
2023-02-27,2023-03-02,long_iron_fly_w100,paired_sample_incomplete:intraday:duplicate_exact_contract_bar;overnight:duplicate_exact_contract_bar,development
2023-02-27,2023-03-02,long_iron_fly_w200,paired_sample_incomplete:intraday:duplicate_exact_contract_bar;overnight:duplicate_exact_contract_bar,development
2023-02-27,2023-03-02,long_iron_fly_w300,paired_sample_incomplete:intraday:duplicate_exact_contract_bar;overnight:duplicate_exact_contract_bar,development
2023-02-27,2023-03-02,short_iron_condor_100_300,paired_sample_incomplete:intraday:duplicate_exact_contract_bar;overnight:duplicate_exact_contract_bar,development
2023-02-27,2023-03-02,bull_put_credit_100_300,paired_sample_incomplete:intraday:duplicate_exact_contract_bar;overnight:duplicate_exact_contract_bar,development
2023-02-27,2023-03-02,bear_call_credit_100_300,paired_sample_incomplete:intraday:duplicate_exact_contract_bar;overnight:duplicate_exact_contract_bar,development
2023-02-28,2023-03-02,short_atm_straddle,paired_sample_incomplete:intraday:duplicate_exact_contract_bar;overnight:duplicate_exact_contract_bar,development
2023-02-28,2023-03-02,short_iron_fly_w100,paired_sample_incomplete:intraday:duplicate_exact_contract_bar;overnight:duplicate_exact_contract_bar,development
2023-02-28,2023-03-02,short_iron_fly_w200,paired_sample_incomplete:intraday:duplicate_exact_contract_bar;overnight:duplicate_exact_contract_bar,development
2023-02-28,2023-03-02,short_iron_fly_w300,paired_sample_incomplete:intraday:duplicate_exact_contract_bar;overnight:duplicate_exact_contract_bar,development
2023-02-28,2023-03-02,long_iron_fly_w100,paired_sample_incomplete:intraday:duplicate_exact_contract_bar;overnight:duplicate_exact_contract_bar,development
2023-02-28,2023-03-02,long_iron_fly_w200,paired_sample_incomplete:intraday:duplicate_exact_contract_bar;overnight:duplicate_exact_contract_bar,development
2023-02-28,2023-03-02,long_iron_fly_w300,paired_sample_incomplete:intraday:duplicate_exact_contract_bar;overnight:duplicate_exact_contract_bar,development
2023-02-28,2023-03-02,short_iron_condor_100_300,paired_sample_incomplete:intraday:duplicate_exact_contract_bar;overnight:duplicate_exact_contract_bar,development
2023-02-28,2023-03-02,bull_put_credit_100_300,paired_sample_incomplete:intraday:duplicate_exact_contract_bar;overnight:duplicate_exact_contract_bar,development
2023-03-01,2023-03-09,short_atm_straddle,paired_sample_incomplete:intraday:duplicate_exact_contract_bar;overnight:duplicate_exact_contract_bar,development
2023-03-01,2023-03-09,short_iron_fly_w100,paired_sample_incomplete:intraday:duplicate_exact_contract_bar;overnight:duplicate_exact_contract_bar,development
2023-03-01,2023-03-09,short_iron_fly_w200,paired_sample_incomplete:intraday:duplicate_exact_contract_bar;overnight:duplicate_exact_contract_bar,development
2023-03-01,2023-03-09,short_iron_fly_w300,paired_sample_incomplete:intraday:duplicate_exact_contract_bar;overnight:duplicate_exact_contract_bar,development
2023-03-01,2023-03-09,long_iron_fly_w100,paired_sample_incomplete:intraday:duplicate_exact_contract_bar;overnight:duplicate_exact_contract_bar,development
2023-03-01,2023-03-09,long_iron_fly_w200,paired_sample_incomplete:intraday:duplicate_exact_contract_bar;overnight:duplicate_exact_contract_bar,development
2023-03-01,2023-03-09,long_iron_fly_w300,paired_sample_incomplete:intraday:duplicate_exact_contract_bar;overnight:duplicate_exact_contract_bar,development
2023-03-01,2023-03-09,short_iron_condor_100_300,paired_sample_incomplete:intraday:duplicate_exact_contract_bar;overnight:duplicate_exact_contract_bar,development
2023-03-01,2023-03-09,bull_put_credit_100_300,paired_sample_incomplete:intraday:duplicate_exact_contract_bar;overnight:duplicate_exact_contract_bar,development
2023-03-02,2023-03-09,short_atm_straddle,paired_sample_incomplete:intraday:duplicate_exact_contract_bar;overnight:duplicate_exact_contract_bar,development
2023-03-02,2023-03-09,short_iron_fly_w100,paired_sample_incomplete:intraday:duplicate_exact_contract_bar;overnight:duplicate_exact_contract_bar,development
2023-03-02,2023-03-09,short_iron_fly_w200,paired_sample_incomplete:intraday:duplicate_exact_contract_bar;overnight:duplicate_exact_contract_bar,development
2023-03-02,2023-03-09,short_iron_fly_w300,paired_sample_incomplete:intraday:duplicate_exact_contract_bar;overnight:duplicate_exact_contract_bar,development
2023-03-02,2023-03-09,long_iron_fly_w100,paired_sample_incomplete:intraday:duplicate_exact_contract_bar;overnight:duplicate_exact_contract_bar,development
2023-03-02,2023-03-09,long_iron_fly_w200,paired_sample_incomplete:intraday:duplicate_exact_contract_bar;overnight:duplicate_exact_contract_bar,development
2023-03-02,2023-03-09,long_iron_fly_w300,paired_sample_incomplete:intraday:duplicate_exact_contract_bar;overnight:duplicate_exact_contract_bar,development
2023-03-02,2023-03-09,short_iron_condor_100_300,paired_sample_incomplete:intraday:duplicate_exact_contract_bar;overnight:duplicate_exact_contract_bar,development
2023-03-02,2023-03-09,bull_put_credit_100_300,paired_sample_incomplete:intraday:duplicate_exact_contract_bar;overnight:duplicate_exact_contract_bar,development
2023-03-02,2023-03-09,bear_call_credit_100_300,paired_sample_incomplete:intraday:duplicate_exact_contract_bar;overnight:duplicate_exact_contract_bar,development
2023-03-03,2023-03-09,short_atm_straddle,paired_sample_incomplete:intraday:duplicate_exact_contract_bar;overnight:duplicate_exact_contract_bar,development
2023-03-03,2023-03-09,short_iron_fly_w100,paired_sample_incomplete:intraday:duplicate_exact_contract_bar;overnight:duplicate_exact_contract_bar,development
2023-03-03,2023-03-09,short_iron_fly_w200,paired_sample_incomplete:intraday:duplicate_exact_contract_bar;overnight:duplicate_exact_contract_bar,development
2023-03-03,2023-03-09,short_iron_fly_w300,paired_sample_incomplete:intraday:duplicate_exact_contract_bar;overnight:duplicate_exact_contract_bar,development
2023-03-03,2023-03-09,long_iron_fly_w100,paired_sample_incomplete:intraday:duplicate_exact_contract_bar;overnight:duplicate_exact_contract_bar,development
2023-03-03,2023-03-09,long_iron_fly_w200,paired_sample_incomplete:intraday:duplicate_exact_contract_bar;overnight:duplicate_exact_contract_bar,development
2023-03-03,2023-03-09,long_iron_fly_w300,paired_sample_incomplete:intraday:duplicate_exact_contract_bar;overnight:duplicate_exact_contract_bar,development
2023-03-03,2023-03-09,short_iron_condor_100_300,paired_sample_incomplete:intraday:duplicate_exact_contract_bar;overnight:duplicate_exact_contract_bar,development
2023-03-03,2023-03-09,bull_put_credit_100_300,paired_sample_incomplete:intraday:duplicate_exact_contract_bar;overnight:duplicate_exact_contract_bar,development
2023-03-03,2023-03-09,bear_call_credit_100_300,paired_sample_incomplete:intraday:duplicate_exact_contract_bar;overnight:duplicate_exact_contract_bar,development
2023-03-06,2023-03-09,short_atm_straddle,paired_sample_incomplete:intraday:duplicate_exact_contract_bar;overnight:duplicate_exact_contract_bar,development
2023-03-06,2023-03-09,short_iron_fly_w100,paired_sample_incomplete:intraday:duplicate_exact_contract_bar;overnight:duplicate_exact_contract_bar,development
2023-03-06,2023-03-09,short_iron_fly_w200,paired_sample_incomplete:intraday:duplicate_exact_contract_bar;overnight:duplicate_exact_contract_bar,development
2023-03-06,2023-03-09,short_iron_fly_w300,paired_sample_incomplete:intraday:duplicate_exact_contract_bar;overnight:duplicate_exact_contract_bar,development
2023-03-06,2023-03-09,long_iron_fly_w100,paired_sample_incomplete:intraday:duplicate_exact_contract_bar;overnight:duplicate_exact_contract_bar,development
2023-03-06,2023-03-09,long_iron_fly_w200,paired_sample_incomplete:intraday:duplicate_exact_contract_bar;overnight:duplicate_exact_contract_bar,development
2023-03-06,2023-03-09,long_iron_fly_w300,paired_sample_incomplete:intraday:duplicate_exact_contract_bar;overnight:duplicate_exact_contract_bar,development
2023-03-06,2023-03-09,short_iron_condor_100_300,paired_sample_incomplete:intraday:duplicate_exact_contract_bar;overnight:duplicate_exact_contract_bar,development
2023-03-06,2023-03-09,bull_put_credit_100_300,paired_sample_incomplete:intraday:duplicate_exact_contract_bar;overnight:duplicate_exact_contract_bar,development
2023-03-06,2023-03-09,bear_call_credit_100_300,paired_sample_incomplete:intraday:duplicate_exact_contract_bar;overnight:duplicate_exact_contract_bar,development
2023-03-08,2023-03-16,short_atm_straddle,paired_sample_incomplete:intraday:duplicate_exact_contract_bar;overnight:duplicate_exact_contract_bar,development
2023-03-08,2023-03-16,short_iron_fly_w100,paired_sample_incomplete:intraday:duplicate_exact_contract_bar;overnight:duplicate_exact_contract_bar,development
2023-03-08,2023-03-16,short_iron_fly_w200,paired_sample_incomplete:intraday:duplicate_exact_contract_bar;overnight:duplicate_exact_contract_bar,development
2023-03-08,2023-03-16,short_iron_fly_w300,paired_sample_incomplete:intraday:duplicate_exact_contract_bar;overnight:duplicate_exact_contract_bar,development
2023-03-08,2023-03-16,long_iron_fly_w100,paired_sample_incomplete:intraday:duplicate_exact_contract_bar;overnight:duplicate_exact_contract_bar,development
2023-03-08,2023-03-16,long_iron_fly_w200,paired_sample_incomplete:intraday:duplicate_exact_contract_bar;overnight:duplicate_exact_contract_bar,development
2023-03-08,2023-03-16,long_iron_fly_w300,paired_sample_incomplete:intraday:duplicate_exact_contract_bar;overnight:duplicate_exact_contract_bar,development
2023-03-08,2023-03-16,short_iron_condor_100_300,paired_sample_incomplete:intraday:duplicate_exact_contract_bar;overnight:duplicate_exact_contract_bar,development
2023-03-08,2023-03-16,bull_put_credit_100_300,paired_sample_incomplete:intraday:duplicate_exact_contract_bar;overnight:duplicate_exact_contract_bar,development
2023-03-08,2023-03-16,bear_call_credit_100_300,paired_sample_incomplete:intraday:duplicate_exact_contract_bar;overnight:duplicate_exact_contract_bar,development
2023-03-09,2023-03-16,short_atm_straddle,paired_sample_incomplete:intraday:duplicate_exact_contract_bar;overnight:duplicate_exact_contract_bar,development
2023-03-09,2023-03-16,short_iron_fly_w100,paired_sample_incomplete:intraday:duplicate_exact_contract_bar;overnight:duplicate_exact_contract_bar,development
2023-03-09,2023-03-16,short_iron_fly_w200,paired_sample_incomplete:intraday:duplicate_exact_contract_bar;overnight:duplicate_exact_contract_bar,development
2023-03-09,2023-03-16,short_iron_fly_w300,paired_sample_incomplete:intraday:duplicate_exact_contract_bar;overnight:duplicate_exact_contract_bar,development
2023-03-09,2023-03-16,long_iron_fly_w100,paired_sample_incomplete:intraday:duplicate_exact_contract_bar;overnight:duplicate_exact_contract_bar,development
2023-03-09,2023-03-16,long_iron_fly_w200,paired_sample_incomplete:intraday:duplicate_exact_contract_bar;overnight:duplicate_exact_contract_bar,development
2023-03-09,2023-03-16,long_iron_fly_w300,paired_sample_incomplete:intraday:duplicate_exact_contract_bar;overnight:duplicate_exact_contract_bar,development
2023-03-09,2023-03-16,short_iron_condor_100_300,paired_sample_incomplete:intraday:duplicate_exact_contract_bar;overnight:duplicate_exact_contract_bar,development
2023-03-09,2023-03-16,bull_put_credit_100_300,paired_sample_incomplete:intraday:duplicate_exact_contract_bar;overnight:duplicate_exact_contract_bar,development
2023-03-09,2023-03-16,bear_call_credit_100_300,paired_sample_incomplete:intraday:duplicate_exact_contract_bar;overnight:duplicate_exact_contract_bar,development
2023-03-10,2023-03-16,short_atm_straddle,paired_sample_incomplete:intraday:duplicate_exact_contract_bar;overnight:duplicate_exact_contract_bar,development
2023-03-10,2023-03-16,short_iron_fly_w100,paired_sample_incomplete:intraday:duplicate_exact_contract_bar;overnight:duplicate_exact_contract_bar,development
2023-03-10,2023-03-16,short_iron_fly_w200,paired_sample_incomplete:intraday:duplicate_exact_contract_bar;overnight:duplicate_exact_contract_bar,development
2023-03-10,2023-03-16,short_iron_fly_w300,paired_sample_incomplete:intraday:duplicate_exact_contract_bar;overnight:duplicate_exact_contract_bar,development
2023-03-10,2023-03-16,long_iron_fly_w100,paired_sample_incomplete:intraday:duplicate_exact_contract_bar;overnight:duplicate_exact_contract_bar,development
2023-03-10,2023-03-16,long_iron_fly_w200,paired_sample_incomplete:intraday:duplicate_exact_contract_bar;overnight:duplicate_exact_contract_bar,development
2023-03-10,2023-03-16,long_iron_fly_w300,paired_sample_incomplete:intraday:duplicate_exact_contract_bar;overnight:duplicate_exact_contract_bar,development
2023-03-10,2023-03-16,short_iron_condor_100_300,paired_sample_incomplete:intraday:duplicate_exact_contract_bar;overnight:duplicate_exact_contract_bar,development
2023-03-10,2023-03-16,bull_put_credit_100_300,paired_sample_incomplete:intraday:duplicate_exact_contract_bar;overnight:duplicate_exact_contract_bar,development
2023-03-10,2023-03-16,bear_call_credit_100_300,paired_sample_incomplete:intraday:duplicate_exact_contract_bar;overnight:duplicate_exact_contract_bar,development
2023-03-13,2023-03-16,short_atm_straddle,paired_sample_incomplete:intraday:duplicate_exact_contract_bar;overnight:duplicate_exact_contract_bar,development
2023-03-13,2023-03-16,short_iron_fly_w100,paired_sample_incomplete:intraday:duplicate_exact_contract_bar;overnight:duplicate_exact_contract_bar,development
2023-03-13,2023-03-16,short_iron_fly_w200,paired_sample_incomplete:intraday:duplicate_exact_contract_bar;overnight:duplicate_exact_contract_bar,development
2023-03-13,2023-03-16,short_iron_fly_w300,paired_sample_incomplete:intraday:duplicate_exact_contract_bar;overnight:duplicate_exact_contract_bar,development
2023-03-13,2023-03-16,long_iron_fly_w100,paired_sample_incomplete:intraday:duplicate_exact_contract_bar;overnight:duplicate_exact_contract_bar,development
2023-03-13,2023-03-16,long_iron_fly_w200,paired_sample_incomplete:intraday:duplicate_exact_contract_bar;overnight:duplicate_exact_contract_bar,development
2023-03-13,2023-03-16,long_iron_fly_w300,paired_sample_incomplete:intraday:duplicate_exact_contract_bar;overnight:duplicate_exact_contract_bar,development
2023-03-13,2023-03-16,short_iron_condor_100_300,paired_sample_incomplete:intraday:duplicate_exact_contract_bar;overnight:duplicate_exact_contract_bar,development
2023-03-13,2023-03-16,bull_put_credit_100_300,paired_sample_incomplete:intraday:duplicate_exact_contract_bar;overnight:duplicate_exact_contract_bar,development
2023-03-13,2023-03-16,bear_call_credit_100_300,paired_sample_incomplete:intraday:duplicate_exact_contract_bar;overnight:duplicate_exact_contract_bar,development
2023-03-14,2023-03-16,short_atm_straddle,paired_sample_incomplete:intraday:duplicate_exact_contract_bar;overnight:duplicate_exact_contract_bar,development
2023-03-14,2023-03-16,short_iron_fly_w100,paired_sample_incomplete:intraday:duplicate_exact_contract_bar;overnight:duplicate_exact_contract_bar,development
2023-03-14,2023-03-16,short_iron_fly_w200,paired_sample_incomplete:intraday:duplicate_exact_contract_bar;overnight:duplicate_exact_contract_bar,development
2023-03-14,2023-03-16,short_iron_fly_w300,paired_sample_incomplete:intraday:duplicate_exact_contract_bar;overnight:duplicate_exact_contract_bar,development
2023-03-14,2023-03-16,long_iron_fly_w100,paired_sample_incomplete:intraday:duplicate_exact_contract_bar;overnight:duplicate_exact_contract_bar,development
2023-03-14,2023-03-16,long_iron_fly_w200,paired_sample_incomplete:intraday:duplicate_exact_contract_bar;overnight:duplicate_exact_contract_bar,development
2023-03-14,2023-03-16,long_iron_fly_w300,paired_sample_incomplete:intraday:duplicate_exact_contract_bar;overnight:duplicate_exact_contract_bar,development
2023-03-14,2023-03-16,short_iron_condor_100_300,paired_sample_incomplete:intraday:duplicate_exact_contract_bar;overnight:duplicate_exact_contract_bar,development
2023-03-14,2023-03-16,bull_put_credit_100_300,paired_sample_incomplete:intraday:duplicate_exact_contract_bar;overnight:duplicate_exact_contract_bar,development
2023-03-14,2023-03-16,bear_call_credit_100_300,paired_sample_incomplete:intraday:duplicate_exact_contract_bar;overnight:duplicate_exact_contract_bar,development
2023-03-15,2023-03-23,short_iron_fly_w300,paired_sample_incomplete:intraday:duplicate_exact_contract_bar;overnight:duplicate_exact_contract_bar,development
2023-03-15,2023-03-23,long_iron_fly_w300,paired_sample_incomplete:intraday:duplicate_exact_contract_bar;overnight:duplicate_exact_contract_bar,development
2023-03-15,2023-03-23,short_iron_condor_100_300,paired_sample_incomplete:intraday:duplicate_exact_contract_bar;overnight:duplicate_exact_contract_bar,development
2023-03-15,2023-03-23,bull_put_credit_100_300,paired_sample_incomplete:intraday:duplicate_exact_contract_bar;overnight:duplicate_exact_contract_bar,development
2023-03-16,2023-03-23,short_atm_straddle,paired_sample_incomplete:intraday:duplicate_exact_contract_bar;overnight:duplicate_exact_contract_bar,development
2023-03-16,2023-03-23,short_iron_fly_w100,paired_sample_incomplete:intraday:duplicate_exact_contract_bar;overnight:duplicate_exact_contract_bar,development
2023-03-16,2023-03-23,short_iron_fly_w200,paired_sample_incomplete:intraday:duplicate_exact_contract_bar;overnight:duplicate_exact_contract_bar,development
2023-03-16,2023-03-23,short_iron_fly_w300,paired_sample_incomplete:intraday:duplicate_exact_contract_bar;overnight:duplicate_exact_contract_bar,development
2023-03-16,2023-03-23,long_iron_fly_w100,paired_sample_incomplete:intraday:duplicate_exact_contract_bar;overnight:duplicate_exact_contract_bar,development
2023-03-16,2023-03-23,long_iron_fly_w200,paired_sample_incomplete:intraday:duplicate_exact_contract_bar;overnight:duplicate_exact_contract_bar,development
2023-03-16,2023-03-23,long_iron_fly_w300,paired_sample_incomplete:intraday:duplicate_exact_contract_bar;overnight:duplicate_exact_contract_bar,development
2023-03-16,2023-03-23,short_iron_condor_100_300,paired_sample_incomplete:intraday:duplicate_exact_contract_bar;overnight:duplicate_exact_contract_bar,development
2023-03-16,2023-03-23,bull_put_credit_100_300,paired_sample_incomplete:intraday:duplicate_exact_contract_bar;overnight:duplicate_exact_contract_bar,development
2023-03-16,2023-03-23,bear_call_credit_100_300,paired_sample_incomplete:intraday:duplicate_exact_contract_bar;overnight:duplicate_exact_contract_bar,development
2023-03-17,2023-03-23,short_iron_fly_w200,paired_sample_incomplete:intraday:duplicate_exact_contract_bar;overnight:duplicate_exact_contract_bar,development
2023-03-17,2023-03-23,long_iron_fly_w200,paired_sample_incomplete:intraday:duplicate_exact_contract_bar;overnight:duplicate_exact_contract_bar,development
2023-03-20,2023-03-23,short_iron_fly_w100,paired_sample_incomplete:intraday:duplicate_exact_contract_bar;overnight:duplicate_exact_contract_bar,development
2023-03-20,2023-03-23,short_iron_fly_w300,paired_sample_incomplete:intraday:duplicate_exact_contract_bar;overnight:duplicate_exact_contract_bar,development
2023-03-20,2023-03-23,long_iron_fly_w100,paired_sample_incomplete:intraday:duplicate_exact_contract_bar;overnight:duplicate_exact_contract_bar,development
2023-03-20,2023-03-23,long_iron_fly_w300,paired_sample_incomplete:intraday:duplicate_exact_contract_bar;overnight:duplicate_exact_contract_bar,development
2023-03-20,2023-03-23,short_iron_condor_100_300,paired_sample_incomplete:intraday:duplicate_exact_contract_bar;overnight:duplicate_exact_contract_bar,development
2023-03-20,2023-03-23,bull_put_credit_100_300,paired_sample_incomplete:intraday:duplicate_exact_contract_bar;overnight:duplicate_exact_contract_bar,development
2023-03-21,2023-03-23,short_atm_straddle,paired_sample_incomplete:intraday:duplicate_exact_contract_bar;overnight:duplicate_exact_contract_bar,development
2023-03-21,2023-03-23,short_iron_fly_w100,paired_sample_incomplete:intraday:duplicate_exact_contract_bar;overnight:duplicate_exact_contract_bar,development
2023-03-21,2023-03-23,short_iron_fly_w200,paired_sample_incomplete:intraday:duplicate_exact_contract_bar;overnight:duplicate_exact_contract_bar,development
2023-03-21,2023-03-23,short_iron_fly_w300,paired_sample_incomplete:intraday:duplicate_exact_contract_bar;overnight:duplicate_exact_contract_bar,development
2023-03-21,2023-03-23,long_iron_fly_w100,paired_sample_incomplete:intraday:duplicate_exact_contract_bar;overnight:duplicate_exact_contract_bar,development
2023-03-21,2023-03-23,long_iron_fly_w200,paired_sample_incomplete:intraday:duplicate_exact_contract_bar;overnight:duplicate_exact_contract_bar,development
2023-03-21,2023-03-23,long_iron_fly_w300,paired_sample_incomplete:intraday:duplicate_exact_contract_bar;overnight:duplicate_exact_contract_bar,development
2023-03-21,2023-03-23,short_iron_condor_100_300,paired_sample_incomplete:intraday:duplicate_exact_contract_bar;overnight:duplicate_exact_contract_bar,development
2023-03-21,2023-03-23,bull_put_credit_100_300,paired_sample_incomplete:intraday:duplicate_exact_contract_bar;overnight:duplicate_exact_contract_bar,development
2023-03-21,2023-03-23,bear_call_credit_100_300,paired_sample_incomplete:intraday:duplicate_exact_contract_bar;overnight:duplicate_exact_contract_bar,development
2023-03-22,2023-03-29,short_atm_straddle,paired_sample_incomplete:intraday:duplicate_exact_contract_bar;overnight:duplicate_exact_contract_bar,development
2023-03-22,2023-03-29,short_iron_fly_w100,paired_sample_incomplete:intraday:duplicate_exact_contract_bar;overnight:duplicate_exact_contract_bar,development
2023-03-22,2023-03-29,short_iron_fly_w200,paired_sample_incomplete:intraday:duplicate_exact_contract_bar;overnight:duplicate_exact_contract_bar,development
2023-03-22,2023-03-29,short_iron_fly_w300,paired_sample_incomplete:intraday:duplicate_exact_contract_bar;overnight:duplicate_exact_contract_bar,development
2023-03-22,2023-03-29,long_iron_fly_w100,paired_sample_incomplete:intraday:duplicate_exact_contract_bar;overnight:duplicate_exact_contract_bar,development
2023-03-22,2023-03-29,long_iron_fly_w200,paired_sample_incomplete:intraday:duplicate_exact_contract_bar;overnight:duplicate_exact_contract_bar,development
2023-03-22,2023-03-29,long_iron_fly_w300,paired_sample_incomplete:intraday:duplicate_exact_contract_bar;overnight:duplicate_exact_contract_bar,development
2023-03-22,2023-03-29,short_iron_condor_100_300,paired_sample_incomplete:intraday:duplicate_exact_contract_bar;overnight:duplicate_exact_contract_bar,development
2023-03-22,2023-03-29,bull_put_credit_100_300,paired_sample_incomplete:intraday:duplicate_exact_contract_bar;overnight:duplicate_exact_contract_bar,development
2023-03-22,2023-03-29,bear_call_credit_100_300,paired_sample_incomplete:intraday:duplicate_exact_contract_bar;overnight:duplicate_exact_contract_bar,development
2023-03-23,2023-03-29,short_atm_straddle,paired_sample_incomplete:intraday:duplicate_exact_contract_bar;overnight:duplicate_exact_contract_bar,development
2023-03-23,2023-03-29,short_iron_fly_w100,paired_sample_incomplete:intraday:duplicate_exact_contract_bar;overnight:duplicate_exact_contract_bar,development
2023-03-23,2023-03-29,short_iron_fly_w200,paired_sample_incomplete:intraday:duplicate_exact_contract_bar;overnight:duplicate_exact_contract_bar,development
2023-03-23,2023-03-29,short_iron_fly_w300,paired_sample_incomplete:intraday:duplicate_exact_contract_bar;overnight:duplicate_exact_contract_bar,development
2023-03-23,2023-03-29,long_iron_fly_w100,paired_sample_incomplete:intraday:duplicate_exact_contract_bar;overnight:duplicate_exact_contract_bar,development
2023-03-23,2023-03-29,long_iron_fly_w200,paired_sample_incomplete:intraday:duplicate_exact_contract_bar;overnight:duplicate_exact_contract_bar,development
2023-03-23,2023-03-29,long_iron_fly_w300,paired_sample_incomplete:intraday:duplicate_exact_contract_bar;overnight:duplicate_exact_contract_bar,development
2023-03-23,2023-03-29,short_iron_condor_100_300,paired_sample_incomplete:intraday:duplicate_exact_contract_bar;overnight:duplicate_exact_contract_bar,development
2023-03-23,2023-03-29,bull_put_credit_100_300,paired_sample_incomplete:intraday:duplicate_exact_contract_bar;overnight:duplicate_exact_contract_bar,development
2023-03-23,2023-03-29,bear_call_credit_100_300,paired_sample_incomplete:intraday:duplicate_exact_contract_bar;overnight:duplicate_exact_contract_bar,development
2023-03-24,2023-03-29,short_atm_straddle,paired_sample_incomplete:intraday:duplicate_exact_contract_bar;overnight:duplicate_exact_contract_bar,development
2023-03-24,2023-03-29,short_iron_fly_w100,paired_sample_incomplete:intraday:duplicate_exact_contract_bar;overnight:duplicate_exact_contract_bar,development
2023-03-24,2023-03-29,short_iron_fly_w200,paired_sample_incomplete:intraday:duplicate_exact_contract_bar;overnight:duplicate_exact_contract_bar,development
2023-03-24,2023-03-29,short_iron_fly_w300,paired_sample_incomplete:intraday:duplicate_exact_contract_bar;overnight:duplicate_exact_contract_bar,development
2023-03-24,2023-03-29,long_iron_fly_w100,paired_sample_incomplete:intraday:duplicate_exact_contract_bar;overnight:duplicate_exact_contract_bar,development
2023-03-24,2023-03-29,long_iron_fly_w200,paired_sample_incomplete:intraday:duplicate_exact_contract_bar;overnight:duplicate_exact_contract_bar,development
2023-03-24,2023-03-29,long_iron_fly_w300,paired_sample_incomplete:intraday:duplicate_exact_contract_bar;overnight:duplicate_exact_contract_bar,development
2023-03-24,2023-03-29,short_iron_condor_100_300,paired_sample_incomplete:intraday:duplicate_exact_contract_bar;overnight:duplicate_exact_contract_bar,development
2023-03-24,2023-03-29,bull_put_credit_100_300,paired_sample_incomplete:intraday:duplicate_exact_contract_bar;overnight:duplicate_exact_contract_bar,development
2023-03-24,2023-03-29,bear_call_credit_100_300,paired_sample_incomplete:intraday:duplicate_exact_contract_bar;overnight:duplicate_exact_contract_bar,development
2023-03-27,2023-03-29,short_atm_straddle,paired_sample_incomplete:intraday:duplicate_exact_contract_bar;overnight:duplicate_exact_contract_bar,development
2023-03-27,2023-03-29,short_iron_fly_w100,paired_sample_incomplete:intraday:duplicate_exact_contract_bar;overnight:duplicate_exact_contract_bar,development
2023-03-27,2023-03-29,short_iron_fly_w200,paired_sample_incomplete:intraday:duplicate_exact_contract_bar;overnight:duplicate_exact_contract_bar,development
2023-03-27,2023-03-29,short_iron_fly_w300,paired_sample_incomplete:intraday:duplicate_exact_contract_bar;overnight:duplicate_exact_contract_bar,development
2023-03-27,2023-03-29,long_iron_fly_w100,paired_sample_incomplete:intraday:duplicate_exact_contract_bar;overnight:duplicate_exact_contract_bar,development
2023-03-27,2023-03-29,long_iron_fly_w200,paired_sample_incomplete:intraday:duplicate_exact_contract_bar;overnight:duplicate_exact_contract_bar,development
2023-03-27,2023-03-29,long_iron_fly_w300,paired_sample_incomplete:intraday:duplicate_exact_contract_bar;overnight:duplicate_exact_contract_bar,development
2023-03-27,2023-03-29,short_iron_condor_100_300,paired_sample_incomplete:intraday:duplicate_exact_contract_bar;overnight:duplicate_exact_contract_bar,development
2023-03-27,2023-03-29,bull_put_credit_100_300,paired_sample_incomplete:intraday:duplicate_exact_contract_bar;overnight:duplicate_exact_contract_bar,development
2023-03-27,2023-03-29,bear_call_credit_100_300,paired_sample_incomplete:intraday:duplicate_exact_contract_bar;overnight:duplicate_exact_contract_bar,development
2023-03-28,2023-04-06,short_atm_straddle,paired_sample_incomplete:intraday:duplicate_exact_contract_bar;overnight:duplicate_exact_contract_bar,development
2023-03-28,2023-04-06,short_iron_fly_w100,paired_sample_incomplete:intraday:duplicate_exact_contract_bar;overnight:duplicate_exact_contract_bar,development
2023-03-28,2023-04-06,short_iron_fly_w200,paired_sample_incomplete:intraday:duplicate_exact_contract_bar;overnight:duplicate_exact_contract_bar,development
2023-03-28,2023-04-06,short_iron_fly_w300,paired_sample_incomplete:intraday:duplicate_exact_contract_bar;overnight:duplicate_exact_contract_bar,development
2023-03-28,2023-04-06,long_iron_fly_w100,paired_sample_incomplete:intraday:duplicate_exact_contract_bar;overnight:duplicate_exact_contract_bar,development
2023-03-28,2023-04-06,long_iron_fly_w200,paired_sample_incomplete:intraday:duplicate_exact_contract_bar;overnight:duplicate_exact_contract_bar,development
2023-03-28,2023-04-06,long_iron_fly_w300,paired_sample_incomplete:intraday:duplicate_exact_contract_bar;overnight:duplicate_exact_contract_bar,development
2023-03-28,2023-04-06,short_iron_condor_100_300,paired_sample_incomplete:intraday:duplicate_exact_contract_bar;overnight:duplicate_exact_contract_bar,development
2023-03-28,2023-04-06,bull_put_credit_100_300,paired_sample_incomplete:intraday:duplicate_exact_contract_bar;overnight:duplicate_exact_contract_bar,development
2023-03-28,2023-04-06,bear_call_credit_100_300,paired_sample_incomplete:intraday:duplicate_exact_contract_bar;overnight:duplicate_exact_contract_bar,development
2023-03-29,2023-04-06,short_atm_straddle,paired_sample_incomplete:intraday:duplicate_exact_contract_bar;overnight:duplicate_exact_contract_bar,development
2023-03-29,2023-04-06,short_iron_fly_w100,paired_sample_incomplete:intraday:duplicate_exact_contract_bar;overnight:duplicate_exact_contract_bar,development
2023-03-29,2023-04-06,short_iron_fly_w200,paired_sample_incomplete:intraday:duplicate_exact_contract_bar;overnight:duplicate_exact_contract_bar,development
2023-03-29,2023-04-06,short_iron_fly_w300,paired_sample_incomplete:intraday:duplicate_exact_contract_bar;overnight:duplicate_exact_contract_bar,development
2023-03-29,2023-04-06,long_iron_fly_w100,paired_sample_incomplete:intraday:duplicate_exact_contract_bar;overnight:duplicate_exact_contract_bar,development
2023-03-29,2023-04-06,long_iron_fly_w200,paired_sample_incomplete:intraday:duplicate_exact_contract_bar;overnight:duplicate_exact_contract_bar,development
2023-03-29,2023-04-06,long_iron_fly_w300,paired_sample_incomplete:intraday:duplicate_exact_contract_bar;overnight:duplicate_exact_contract_bar,development
2023-03-29,2023-04-06,short_iron_condor_100_300,paired_sample_incomplete:intraday:duplicate_exact_contract_bar;overnight:duplicate_exact_contract_bar,development
2023-03-29,2023-04-06,bull_put_credit_100_300,paired_sample_incomplete:intraday:duplicate_exact_contract_bar;overnight:duplicate_exact_contract_bar,development
2023-03-29,2023-04-06,bear_call_credit_100_300,paired_sample_incomplete:intraday:duplicate_exact_contract_bar;overnight:duplicate_exact_contract_bar,development
2023-03-31,2023-04-06,short_atm_straddle,paired_sample_incomplete:intraday:duplicate_exact_contract_bar;overnight:duplicate_exact_contract_bar,development
2023-03-31,2023-04-06,short_iron_fly_w100,paired_sample_incomplete:intraday:duplicate_exact_contract_bar;overnight:duplicate_exact_contract_bar,development
2023-03-31,2023-04-06,short_iron_fly_w200,paired_sample_incomplete:intraday:duplicate_exact_contract_bar;overnight:duplicate_exact_contract_bar,development
2023-03-31,2023-04-06,short_iron_fly_w300,paired_sample_incomplete:intraday:duplicate_exact_contract_bar;overnight:duplicate_exact_contract_bar,development
2023-03-31,2023-04-06,long_iron_fly_w100,paired_sample_incomplete:intraday:duplicate_exact_contract_bar;overnight:duplicate_exact_contract_bar,development
2023-03-31,2023-04-06,long_iron_fly_w200,paired_sample_incomplete:intraday:duplicate_exact_contract_bar;overnight:duplicate_exact_contract_bar,development
2023-03-31,2023-04-06,long_iron_fly_w300,paired_sample_incomplete:intraday:duplicate_exact_contract_bar;overnight:duplicate_exact_contract_bar,development
2023-03-31,2023-04-06,short_iron_condor_100_300,paired_sample_incomplete:intraday:duplicate_exact_contract_bar;overnight:duplicate_exact_contract_bar,development
2023-03-31,2023-04-06,bull_put_credit_100_300,paired_sample_incomplete:intraday:duplicate_exact_contract_bar;overnight:duplicate_exact_contract_bar,development
2023-03-31,2023-04-06,bear_call_credit_100_300,paired_sample_incomplete:intraday:duplicate_exact_contract_bar;overnight:duplicate_exact_contract_bar,development
2023-04-03,2023-04-06,short_atm_straddle,paired_sample_incomplete:intraday:duplicate_exact_contract_bar;overnight:duplicate_exact_contract_bar,development
2023-04-03,2023-04-06,short_iron_fly_w100,paired_sample_incomplete:intraday:duplicate_exact_contract_bar;overnight:duplicate_exact_contract_bar,development
2023-04-03,2023-04-06,short_iron_fly_w200,paired_sample_incomplete:intraday:duplicate_exact_contract_bar;overnight:duplicate_exact_contract_bar,development
2023-04-03,2023-04-06,short_iron_fly_w300,paired_sample_incomplete:intraday:duplicate_exact_contract_bar;overnight:duplicate_exact_contract_bar,development
2023-04-03,2023-04-06,long_iron_fly_w100,paired_sample_incomplete:intraday:duplicate_exact_contract_bar;overnight:duplicate_exact_contract_bar,development
2023-04-03,2023-04-06,long_iron_fly_w200,paired_sample_incomplete:intraday:duplicate_exact_contract_bar;overnight:duplicate_exact_contract_bar,development
2023-04-03,2023-04-06,long_iron_fly_w300,paired_sample_incomplete:intraday:duplicate_exact_contract_bar;overnight:duplicate_exact_contract_bar,development
2023-04-03,2023-04-06,short_iron_condor_100_300,paired_sample_incomplete:intraday:duplicate_exact_contract_bar;overnight:duplicate_exact_contract_bar,development
2023-04-03,2023-04-06,bull_put_credit_100_300,paired_sample_incomplete:intraday:duplicate_exact_contract_bar;overnight:duplicate_exact_contract_bar,development
2023-04-05,2023-04-13,short_atm_straddle,paired_sample_incomplete:intraday:duplicate_exact_contract_bar;overnight:duplicate_exact_contract_bar,development
2023-04-05,2023-04-13,short_iron_fly_w100,paired_sample_incomplete:intraday:duplicate_exact_contract_bar;overnight:duplicate_exact_contract_bar,development
2023-04-05,2023-04-13,short_iron_fly_w200,paired_sample_incomplete:intraday:duplicate_exact_contract_bar;overnight:duplicate_exact_contract_bar,development
2023-04-05,2023-04-13,short_iron_fly_w300,paired_sample_incomplete:intraday:duplicate_exact_contract_bar;overnight:duplicate_exact_contract_bar,development
2023-04-05,2023-04-13,long_iron_fly_w100,paired_sample_incomplete:intraday:duplicate_exact_contract_bar;overnight:duplicate_exact_contract_bar,development
2023-04-05,2023-04-13,long_iron_fly_w200,paired_sample_incomplete:intraday:duplicate_exact_contract_bar;overnight:duplicate_exact_contract_bar,development
2023-04-05,2023-04-13,long_iron_fly_w300,paired_sample_incomplete:intraday:duplicate_exact_contract_bar;overnight:duplicate_exact_contract_bar,development
2023-04-05,2023-04-13,short_iron_condor_100_300,paired_sample_incomplete:intraday:duplicate_exact_contract_bar;overnight:duplicate_exact_contract_bar,development
2023-04-05,2023-04-13,bull_put_credit_100_300,paired_sample_incomplete:intraday:duplicate_exact_contract_bar;overnight:duplicate_exact_contract_bar,development
2023-04-05,2023-04-13,bear_call_credit_100_300,paired_sample_incomplete:intraday:duplicate_exact_contract_bar;overnight:duplicate_exact_contract_bar,development
2023-04-06,2023-04-13,short_atm_straddle,paired_sample_incomplete:intraday:duplicate_exact_contract_bar;overnight:duplicate_exact_contract_bar,development
2023-04-06,2023-04-13,short_iron_fly_w100,paired_sample_incomplete:intraday:duplicate_exact_contract_bar;overnight:duplicate_exact_contract_bar,development
2023-04-06,2023-04-13,short_iron_fly_w200,paired_sample_incomplete:intraday:duplicate_exact_contract_bar;overnight:duplicate_exact_contract_bar,development
2023-04-06,2023-04-13,short_iron_fly_w300,paired_sample_incomplete:intraday:duplicate_exact_contract_bar;overnight:duplicate_exact_contract_bar,development
2023-04-06,2023-04-13,long_iron_fly_w100,paired_sample_incomplete:intraday:duplicate_exact_contract_bar;overnight:duplicate_exact_contract_bar,development
2023-04-06,2023-04-13,long_iron_fly_w200,paired_sample_incomplete:intraday:duplicate_exact_contract_bar;overnight:duplicate_exact_contract_bar,development
2023-04-06,2023-04-13,long_iron_fly_w300,paired_sample_incomplete:intraday:duplicate_exact_contract_bar;overnight:duplicate_exact_contract_bar,development
2023-04-06,2023-04-13,short_iron_condor_100_300,paired_sample_incomplete:intraday:duplicate_exact_contract_bar;overnight:duplicate_exact_contract_bar,development
2023-04-06,2023-04-13,bull_put_credit_100_300,paired_sample_incomplete:intraday:duplicate_exact_contract_bar;overnight:duplicate_exact_contract_bar,development
2023-04-06,2023-04-13,bear_call_credit_100_300,paired_sample_incomplete:intraday:duplicate_exact_contract_bar;overnight:duplicate_exact_contract_bar,development
2023-04-10,2023-04-13,short_atm_straddle,paired_sample_incomplete:intraday:duplicate_exact_contract_bar;overnight:duplicate_exact_contract_bar,development
2023-04-10,2023-04-13,short_iron_fly_w100,paired_sample_incomplete:intraday:duplicate_exact_contract_bar;overnight:duplicate_exact_contract_bar,development
2023-04-10,2023-04-13,short_iron_fly_w200,paired_sample_incomplete:intraday:duplicate_exact_contract_bar;overnight:duplicate_exact_contract_bar,development
2023-04-10,2023-04-13,short_iron_fly_w300,paired_sample_incomplete:intraday:duplicate_exact_contract_bar;overnight:duplicate_exact_contract_bar,development
2023-04-10,2023-04-13,long_iron_fly_w100,paired_sample_incomplete:intraday:duplicate_exact_contract_bar;overnight:duplicate_exact_contract_bar,development
2023-04-10,2023-04-13,long_iron_fly_w200,paired_sample_incomplete:intraday:duplicate_exact_contract_bar;overnight:duplicate_exact_contract_bar,development
2023-04-10,2023-04-13,long_iron_fly_w300,paired_sample_incomplete:intraday:duplicate_exact_contract_bar;overnight:duplicate_exact_contract_bar,development
2023-04-10,2023-04-13,short_iron_condor_100_300,paired_sample_incomplete:intraday:duplicate_exact_contract_bar;overnight:duplicate_exact_contract_bar,development
2023-04-10,2023-04-13,bull_put_credit_100_300,paired_sample_incomplete:intraday:duplicate_exact_contract_bar;overnight:duplicate_exact_contract_bar,development
2023-04-10,2023-04-13,bear_call_credit_100_300,paired_sample_incomplete:intraday:duplicate_exact_contract_bar;overnight:duplicate_exact_contract_bar,development
2023-04-11,2023-04-13,short_atm_straddle,paired_sample_incomplete:intraday:duplicate_exact_contract_bar;overnight:duplicate_exact_contract_bar,development
2023-04-11,2023-04-13,short_iron_fly_w100,paired_sample_incomplete:intraday:duplicate_exact_contract_bar;overnight:duplicate_exact_contract_bar,development
2023-04-11,2023-04-13,short_iron_fly_w200,paired_sample_incomplete:intraday:duplicate_exact_contract_bar;overnight:duplicate_exact_contract_bar,development
2023-04-11,2023-04-13,short_iron_fly_w300,paired_sample_incomplete:intraday:duplicate_exact_contract_bar;overnight:duplicate_exact_contract_bar,development
2023-04-11,2023-04-13,long_iron_fly_w100,paired_sample_incomplete:intraday:duplicate_exact_contract_bar;overnight:duplicate_exact_contract_bar,development
2023-04-11,2023-04-13,long_iron_fly_w200,paired_sample_incomplete:intraday:duplicate_exact_contract_bar;overnight:duplicate_exact_contract_bar,development
2023-04-11,2023-04-13,long_iron_fly_w300,paired_sample_incomplete:intraday:duplicate_exact_contract_bar;overnight:duplicate_exact_contract_bar,development
2023-04-11,2023-04-13,short_iron_condor_100_300,paired_sample_incomplete:intraday:duplicate_exact_contract_bar;overnight:duplicate_exact_contract_bar,development
2023-04-11,2023-04-13,bull_put_credit_100_300,paired_sample_incomplete:intraday:duplicate_exact_contract_bar;overnight:duplicate_exact_contract_bar,development
2023-04-11,2023-04-13,bear_call_credit_100_300,paired_sample_incomplete:intraday:duplicate_exact_contract_bar;overnight:duplicate_exact_contract_bar,development
2023-04-12,2023-04-20,short_atm_straddle,paired_sample_incomplete:intraday:duplicate_exact_contract_bar;overnight:duplicate_exact_contract_bar,development
2023-04-12,2023-04-20,short_iron_fly_w100,paired_sample_incomplete:intraday:duplicate_exact_contract_bar;overnight:duplicate_exact_contract_bar,development
2023-04-12,2023-04-20,short_iron_fly_w200,paired_sample_incomplete:intraday:duplicate_exact_contract_bar;overnight:duplicate_exact_contract_bar,development
2023-04-12,2023-04-20,short_iron_fly_w300,paired_sample_incomplete:intraday:duplicate_exact_contract_bar;overnight:duplicate_exact_contract_bar,development
2023-04-12,2023-04-20,long_iron_fly_w100,paired_sample_incomplete:intraday:duplicate_exact_contract_bar;overnight:duplicate_exact_contract_bar,development
2023-04-12,2023-04-20,long_iron_fly_w200,paired_sample_incomplete:intraday:duplicate_exact_contract_bar;overnight:duplicate_exact_contract_bar,development
2023-04-12,2023-04-20,long_iron_fly_w300,paired_sample_incomplete:intraday:duplicate_exact_contract_bar;overnight:duplicate_exact_contract_bar,development
2023-04-12,2023-04-20,short_iron_condor_100_300,paired_sample_incomplete:intraday:duplicate_exact_contract_bar;overnight:duplicate_exact_contract_bar,development
2023-04-12,2023-04-20,bull_put_credit_100_300,paired_sample_incomplete:intraday:duplicate_exact_contract_bar;overnight:duplicate_exact_contract_bar,development
2023-04-12,2023-04-20,bear_call_credit_100_300,paired_sample_incomplete:intraday:duplicate_exact_contract_bar;overnight:duplicate_exact_contract_bar,development
2023-04-13,2023-04-20,short_atm_straddle,paired_sample_incomplete:intraday:duplicate_exact_contract_bar;overnight:duplicate_exact_contract_bar,development
2023-04-13,2023-04-20,short_iron_fly_w100,paired_sample_incomplete:intraday:duplicate_exact_contract_bar;overnight:duplicate_exact_contract_bar,development
2023-04-13,2023-04-20,short_iron_fly_w200,paired_sample_incomplete:intraday:duplicate_exact_contract_bar;overnight:duplicate_exact_contract_bar,development
2023-04-13,2023-04-20,short_iron_fly_w300,paired_sample_incomplete:intraday:duplicate_exact_contract_bar;overnight:duplicate_exact_contract_bar,development
2023-04-13,2023-04-20,long_iron_fly_w100,paired_sample_incomplete:intraday:duplicate_exact_contract_bar;overnight:duplicate_exact_contract_bar,development
2023-04-13,2023-04-20,long_iron_fly_w200,paired_sample_incomplete:intraday:duplicate_exact_contract_bar;overnight:duplicate_exact_contract_bar,development
2023-04-13,2023-04-20,long_iron_fly_w300,paired_sample_incomplete:intraday:duplicate_exact_contract_bar;overnight:duplicate_exact_contract_bar,development
2023-04-13,2023-04-20,short_iron_condor_100_300,paired_sample_incomplete:intraday:duplicate_exact_contract_bar;overnight:duplicate_exact_contract_bar,development
2023-04-13,2023-04-20,bull_put_credit_100_300,paired_sample_incomplete:intraday:duplicate_exact_contract_bar;overnight:duplicate_exact_contract_bar,development
2023-04-13,2023-04-20,bear_call_credit_100_300,paired_sample_incomplete:intraday:duplicate_exact_contract_bar;overnight:duplicate_exact_contract_bar,development
2023-04-17,2023-04-20,short_iron_fly_w100,paired_sample_incomplete:intraday:duplicate_exact_contract_bar;overnight:duplicate_exact_contract_bar,development
2023-04-17,2023-04-20,short_iron_fly_w200,paired_sample_incomplete:intraday:duplicate_exact_contract_bar;overnight:duplicate_exact_contract_bar,development
2023-04-17,2023-04-20,short_iron_fly_w300,paired_sample_incomplete:intraday:duplicate_exact_contract_bar;overnight:duplicate_exact_contract_bar,development
2023-04-17,2023-04-20,long_iron_fly_w100,paired_sample_incomplete:intraday:duplicate_exact_contract_bar;overnight:duplicate_exact_contract_bar,development
2023-04-17,2023-04-20,long_iron_fly_w200,paired_sample_incomplete:intraday:duplicate_exact_contract_bar;overnight:duplicate_exact_contract_bar,development
2023-04-17,2023-04-20,long_iron_fly_w300,paired_sample_incomplete:intraday:duplicate_exact_contract_bar;overnight:duplicate_exact_contract_bar,development
2023-04-17,2023-04-20,short_iron_condor_100_300,paired_sample_incomplete:intraday:duplicate_exact_contract_bar;overnight:duplicate_exact_contract_bar,development
2023-04-17,2023-04-20,bull_put_credit_100_300,paired_sample_incomplete:intraday:duplicate_exact_contract_bar;overnight:duplicate_exact_contract_bar,development
2023-04-17,2023-04-20,bear_call_credit_100_300,paired_sample_incomplete:intraday:duplicate_exact_contract_bar;overnight:duplicate_exact_contract_bar,development
2023-04-18,2023-04-20,short_atm_straddle,paired_sample_incomplete:intraday:duplicate_exact_contract_bar;overnight:duplicate_exact_contract_bar,development
2023-04-18,2023-04-20,short_iron_fly_w100,paired_sample_incomplete:intraday:duplicate_exact_contract_bar;overnight:duplicate_exact_contract_bar,development
2023-04-18,2023-04-20,short_iron_fly_w200,paired_sample_incomplete:intraday:duplicate_exact_contract_bar;overnight:duplicate_exact_contract_bar,development
2023-04-18,2023-04-20,short_iron_fly_w300,paired_sample_incomplete:intraday:duplicate_exact_contract_bar;overnight:duplicate_exact_contract_bar,development
2023-04-18,2023-04-20,long_iron_fly_w100,paired_sample_incomplete:intraday:duplicate_exact_contract_bar;overnight:duplicate_exact_contract_bar,development
2023-04-18,2023-04-20,long_iron_fly_w200,paired_sample_incomplete:intraday:duplicate_exact_contract_bar;overnight:duplicate_exact_contract_bar,development
2023-04-18,2023-04-20,long_iron_fly_w300,paired_sample_incomplete:intraday:duplicate_exact_contract_bar;overnight:duplicate_exact_contract_bar,development
2023-04-18,2023-04-20,short_iron_condor_100_300,paired_sample_incomplete:intraday:duplicate_exact_contract_bar;overnight:duplicate_exact_contract_bar,development
2023-04-18,2023-04-20,bull_put_credit_100_300,paired_sample_incomplete:intraday:duplicate_exact_contract_bar;overnight:duplicate_exact_contract_bar,development
2023-04-18,2023-04-20,bear_call_credit_100_300,paired_sample_incomplete:intraday:duplicate_exact_contract_bar;overnight:duplicate_exact_contract_bar,development
2023-04-19,2023-04-27,short_atm_straddle,paired_sample_incomplete:intraday:duplicate_exact_contract_bar;overnight:duplicate_exact_contract_bar,development
2023-04-19,2023-04-27,short_iron_fly_w100,paired_sample_incomplete:intraday:duplicate_exact_contract_bar;overnight:duplicate_exact_contract_bar,development
2023-04-19,2023-04-27,short_iron_fly_w200,paired_sample_incomplete:intraday:duplicate_exact_contract_bar;overnight:duplicate_exact_contract_bar,development
2023-04-19,2023-04-27,short_iron_fly_w300,paired_sample_incomplete:intraday:duplicate_exact_contract_bar;overnight:duplicate_exact_contract_bar,development
2023-04-19,2023-04-27,long_iron_fly_w100,paired_sample_incomplete:intraday:duplicate_exact_contract_bar;overnight:duplicate_exact_contract_bar,development
2023-04-19,2023-04-27,long_iron_fly_w200,paired_sample_incomplete:intraday:duplicate_exact_contract_bar;overnight:duplicate_exact_contract_bar,development
2023-04-19,2023-04-27,long_iron_fly_w300,paired_sample_incomplete:intraday:duplicate_exact_contract_bar;overnight:duplicate_exact_contract_bar,development
2023-04-19,2023-04-27,short_iron_condor_100_300,paired_sample_incomplete:intraday:duplicate_exact_contract_bar;overnight:duplicate_exact_contract_bar,development
2023-04-19,2023-04-27,bull_put_credit_100_300,paired_sample_incomplete:intraday:duplicate_exact_contract_bar;overnight:duplicate_exact_contract_bar,development
2023-04-19,2023-04-27,bear_call_credit_100_300,paired_sample_incomplete:intraday:duplicate_exact_contract_bar;overnight:duplicate_exact_contract_bar,development
2023-04-20,2023-04-27,short_atm_straddle,paired_sample_incomplete:intraday:duplicate_exact_contract_bar;overnight:duplicate_exact_contract_bar,development
2023-04-20,2023-04-27,short_iron_fly_w100,paired_sample_incomplete:intraday:duplicate_exact_contract_bar;overnight:duplicate_exact_contract_bar,development
2023-04-20,2023-04-27,short_iron_fly_w200,paired_sample_incomplete:intraday:duplicate_exact_contract_bar;overnight:duplicate_exact_contract_bar,development
2023-04-20,2023-04-27,short_iron_fly_w300,paired_sample_incomplete:intraday:duplicate_exact_contract_bar;overnight:duplicate_exact_contract_bar,development
2023-04-20,2023-04-27,long_iron_fly_w100,paired_sample_incomplete:intraday:duplicate_exact_contract_bar;overnight:duplicate_exact_contract_bar,development
2023-04-20,2023-04-27,long_iron_fly_w200,paired_sample_incomplete:intraday:duplicate_exact_contract_bar;overnight:duplicate_exact_contract_bar,development
2023-04-20,2023-04-27,long_iron_fly_w300,paired_sample_incomplete:intraday:duplicate_exact_contract_bar;overnight:duplicate_exact_contract_bar,development
2023-04-20,2023-04-27,short_iron_condor_100_300,paired_sample_incomplete:intraday:duplicate_exact_contract_bar;overnight:duplicate_exact_contract_bar,development
2023-04-20,2023-04-27,bull_put_credit_100_300,paired_sample_incomplete:intraday:duplicate_exact_contract_bar;overnight:duplicate_exact_contract_bar,development
2023-04-20,2023-04-27,bear_call_credit_100_300,paired_sample_incomplete:intraday:duplicate_exact_contract_bar;overnight:duplicate_exact_contract_bar,development
2023-04-21,2023-04-27,short_atm_straddle,paired_sample_incomplete:intraday:duplicate_exact_contract_bar;overnight:duplicate_exact_contract_bar,development
2023-04-21,2023-04-27,short_iron_fly_w100,paired_sample_incomplete:intraday:duplicate_exact_contract_bar;overnight:duplicate_exact_contract_bar,development
2023-04-21,2023-04-27,short_iron_fly_w200,paired_sample_incomplete:intraday:duplicate_exact_contract_bar;overnight:duplicate_exact_contract_bar,development
2023-04-21,2023-04-27,short_iron_fly_w300,paired_sample_incomplete:intraday:duplicate_exact_contract_bar;overnight:duplicate_exact_contract_bar,development
2023-04-21,2023-04-27,long_iron_fly_w100,paired_sample_incomplete:intraday:duplicate_exact_contract_bar;overnight:duplicate_exact_contract_bar,development
2023-04-21,2023-04-27,long_iron_fly_w200,paired_sample_incomplete:intraday:duplicate_exact_contract_bar;overnight:duplicate_exact_contract_bar,development
2023-04-21,2023-04-27,long_iron_fly_w300,paired_sample_incomplete:intraday:duplicate_exact_contract_bar;overnight:duplicate_exact_contract_bar,development
2023-04-21,2023-04-27,short_iron_condor_100_300,paired_sample_incomplete:intraday:duplicate_exact_contract_bar;overnight:duplicate_exact_contract_bar,development
2023-04-21,2023-04-27,bull_put_credit_100_300,paired_sample_incomplete:intraday:duplicate_exact_contract_bar;overnight:duplicate_exact_contract_bar,development
2023-04-21,2023-04-27,bear_call_credit_100_300,paired_sample_incomplete:intraday:duplicate_exact_contract_bar;overnight:duplicate_exact_contract_bar,development
2023-04-24,2023-04-27,short_atm_straddle,paired_sample_incomplete:intraday:duplicate_exact_contract_bar;overnight:duplicate_exact_contract_bar,development
2023-04-24,2023-04-27,short_iron_fly_w100,paired_sample_incomplete:intraday:duplicate_exact_contract_bar;overnight:duplicate_exact_contract_bar,development
2023-04-24,2023-04-27,short_iron_fly_w200,paired_sample_incomplete:intraday:duplicate_exact_contract_bar;overnight:duplicate_exact_contract_bar,development
2023-04-24,2023-04-27,short_iron_fly_w300,paired_sample_incomplete:intraday:duplicate_exact_contract_bar;overnight:duplicate_exact_contract_bar,development
2023-04-24,2023-04-27,long_iron_fly_w100,paired_sample_incomplete:intraday:duplicate_exact_contract_bar;overnight:duplicate_exact_contract_bar,development
2023-04-24,2023-04-27,long_iron_fly_w200,paired_sample_incomplete:intraday:duplicate_exact_contract_bar;overnight:duplicate_exact_contract_bar,development
2023-04-24,2023-04-27,long_iron_fly_w300,paired_sample_incomplete:intraday:duplicate_exact_contract_bar;overnight:duplicate_exact_contract_bar,development
2023-04-24,2023-04-27,short_iron_condor_100_300,paired_sample_incomplete:intraday:duplicate_exact_contract_bar;overnight:duplicate_exact_contract_bar,development
2023-04-24,2023-04-27,bull_put_credit_100_300,paired_sample_incomplete:intraday:duplicate_exact_contract_bar;overnight:duplicate_exact_contract_bar,development
2023-04-24,2023-04-27,bear_call_credit_100_300,paired_sample_incomplete:intraday:duplicate_exact_contract_bar;overnight:duplicate_exact_contract_bar,development
2023-04-25,2023-04-27,short_atm_straddle,paired_sample_incomplete:intraday:duplicate_exact_contract_bar;overnight:duplicate_exact_contract_bar,development
2023-04-25,2023-04-27,short_iron_fly_w100,paired_sample_incomplete:intraday:duplicate_exact_contract_bar;overnight:duplicate_exact_contract_bar,development
2023-04-25,2023-04-27,short_iron_fly_w200,paired_sample_incomplete:intraday:duplicate_exact_contract_bar;overnight:duplicate_exact_contract_bar,development
2023-04-25,2023-04-27,short_iron_fly_w300,paired_sample_incomplete:intraday:duplicate_exact_contract_bar;overnight:duplicate_exact_contract_bar,development
2023-04-25,2023-04-27,long_iron_fly_w100,paired_sample_incomplete:intraday:duplicate_exact_contract_bar;overnight:duplicate_exact_contract_bar,development
2023-04-25,2023-04-27,long_iron_fly_w200,paired_sample_incomplete:intraday:duplicate_exact_contract_bar;overnight:duplicate_exact_contract_bar,development
2023-04-25,2023-04-27,long_iron_fly_w300,paired_sample_incomplete:intraday:duplicate_exact_contract_bar;overnight:duplicate_exact_contract_bar,development
2023-04-25,2023-04-27,short_iron_condor_100_300,paired_sample_incomplete:intraday:duplicate_exact_contract_bar;overnight:duplicate_exact_contract_bar,development
2023-04-25,2023-04-27,bull_put_credit_100_300,paired_sample_incomplete:intraday:duplicate_exact_contract_bar;overnight:duplicate_exact_contract_bar,development
2023-04-25,2023-04-27,bear_call_credit_100_300,paired_sample_incomplete:intraday:duplicate_exact_contract_bar;overnight:duplicate_exact_contract_bar,development
2023-04-26,2023-05-04,short_atm_straddle,paired_sample_incomplete:intraday:duplicate_exact_contract_bar;overnight:duplicate_exact_contract_bar,development
2023-04-26,2023-05-04,short_iron_fly_w100,paired_sample_incomplete:intraday:duplicate_exact_contract_bar;overnight:duplicate_exact_contract_bar,development
2023-04-26,2023-05-04,short_iron_fly_w200,paired_sample_incomplete:intraday:duplicate_exact_contract_bar;overnight:duplicate_exact_contract_bar,development
2023-04-26,2023-05-04,short_iron_fly_w300,paired_sample_incomplete:intraday:duplicate_exact_contract_bar;overnight:duplicate_exact_contract_bar,development
2023-04-26,2023-05-04,long_iron_fly_w100,paired_sample_incomplete:intraday:duplicate_exact_contract_bar;overnight:duplicate_exact_contract_bar,development
2023-04-26,2023-05-04,long_iron_fly_w200,paired_sample_incomplete:intraday:duplicate_exact_contract_bar;overnight:duplicate_exact_contract_bar,development
2023-04-26,2023-05-04,long_iron_fly_w300,paired_sample_incomplete:intraday:duplicate_exact_contract_bar;overnight:duplicate_exact_contract_bar,development
2023-04-26,2023-05-04,short_iron_condor_100_300,paired_sample_incomplete:intraday:duplicate_exact_contract_bar;overnight:duplicate_exact_contract_bar,development
2023-04-26,2023-05-04,bull_put_credit_100_300,paired_sample_incomplete:intraday:duplicate_exact_contract_bar;overnight:duplicate_exact_contract_bar,development
2023-04-26,2023-05-04,bear_call_credit_100_300,paired_sample_incomplete:intraday:duplicate_exact_contract_bar;overnight:duplicate_exact_contract_bar,development
2023-04-27,2023-05-04,short_atm_straddle,paired_sample_incomplete:intraday:duplicate_exact_contract_bar;overnight:duplicate_exact_contract_bar,development
2023-04-27,2023-05-04,short_iron_fly_w100,paired_sample_incomplete:intraday:duplicate_exact_contract_bar;overnight:duplicate_exact_contract_bar,development
2023-04-27,2023-05-04,short_iron_fly_w200,paired_sample_incomplete:intraday:duplicate_exact_contract_bar;overnight:duplicate_exact_contract_bar,development
2023-04-27,2023-05-04,short_iron_fly_w300,paired_sample_incomplete:intraday:duplicate_exact_contract_bar;overnight:duplicate_exact_contract_bar,development
2023-04-27,2023-05-04,long_iron_fly_w100,paired_sample_incomplete:intraday:duplicate_exact_contract_bar;overnight:duplicate_exact_contract_bar,development
2023-04-27,2023-05-04,long_iron_fly_w200,paired_sample_incomplete:intraday:duplicate_exact_contract_bar;overnight:duplicate_exact_contract_bar,development
2023-04-27,2023-05-04,long_iron_fly_w300,paired_sample_incomplete:intraday:duplicate_exact_contract_bar;overnight:duplicate_exact_contract_bar,development
2023-04-27,2023-05-04,short_iron_condor_100_300,paired_sample_incomplete:intraday:duplicate_exact_contract_bar;overnight:duplicate_exact_contract_bar,development
2023-04-27,2023-05-04,bull_put_credit_100_300,paired_sample_incomplete:intraday:duplicate_exact_contract_bar;overnight:duplicate_exact_contract_bar,development
2023-04-27,2023-05-04,bear_call_credit_100_300,paired_sample_incomplete:intraday:duplicate_exact_contract_bar;overnight:duplicate_exact_contract_bar,development
2023-04-28,2023-05-04,short_atm_straddle,paired_sample_incomplete:intraday:duplicate_exact_contract_bar;overnight:duplicate_exact_contract_bar,development
2023-04-28,2023-05-04,short_iron_fly_w100,paired_sample_incomplete:intraday:duplicate_exact_contract_bar;overnight:duplicate_exact_contract_bar,development
2023-04-28,2023-05-04,short_iron_fly_w200,paired_sample_incomplete:intraday:duplicate_exact_contract_bar;overnight:duplicate_exact_contract_bar,development
2023-04-28,2023-05-04,short_iron_fly_w300,paired_sample_incomplete:intraday:duplicate_exact_contract_bar;overnight:duplicate_exact_contract_bar,development
2023-04-28,2023-05-04,long_iron_fly_w100,paired_sample_incomplete:intraday:duplicate_exact_contract_bar;overnight:duplicate_exact_contract_bar,development
2023-04-28,2023-05-04,long_iron_fly_w200,paired_sample_incomplete:intraday:duplicate_exact_contract_bar;overnight:duplicate_exact_contract_bar,development
2023-04-28,2023-05-04,long_iron_fly_w300,paired_sample_incomplete:intraday:duplicate_exact_contract_bar;overnight:duplicate_exact_contract_bar,development
2023-04-28,2023-05-04,short_iron_condor_100_300,paired_sample_incomplete:intraday:duplicate_exact_contract_bar;overnight:duplicate_exact_contract_bar,development
2023-04-28,2023-05-04,bull_put_credit_100_300,paired_sample_incomplete:intraday:duplicate_exact_contract_bar;overnight:duplicate_exact_contract_bar,development
2023-04-28,2023-05-04,bear_call_credit_100_300,paired_sample_incomplete:intraday:duplicate_exact_contract_bar;overnight:duplicate_exact_contract_bar,development
2023-05-02,2023-05-04,short_atm_straddle,paired_sample_incomplete:intraday:duplicate_exact_contract_bar;overnight:duplicate_exact_contract_bar,development
2023-05-02,2023-05-04,short_iron_fly_w100,paired_sample_incomplete:intraday:duplicate_exact_contract_bar;overnight:duplicate_exact_contract_bar,development
2023-05-02,2023-05-04,short_iron_fly_w200,paired_sample_incomplete:intraday:duplicate_exact_contract_bar;overnight:duplicate_exact_contract_bar,development
2023-05-02,2023-05-04,short_iron_fly_w300,paired_sample_incomplete:intraday:duplicate_exact_contract_bar;overnight:duplicate_exact_contract_bar,development
2023-05-02,2023-05-04,long_iron_fly_w100,paired_sample_incomplete:intraday:duplicate_exact_contract_bar;overnight:duplicate_exact_contract_bar,development
2023-05-02,2023-05-04,long_iron_fly_w200,paired_sample_incomplete:intraday:duplicate_exact_contract_bar;overnight:duplicate_exact_contract_bar,development
2023-05-02,2023-05-04,long_iron_fly_w300,paired_sample_incomplete:intraday:duplicate_exact_contract_bar;overnight:duplicate_exact_contract_bar,development
2023-05-02,2023-05-04,short_iron_condor_100_300,paired_sample_incomplete:intraday:duplicate_exact_contract_bar;overnight:duplicate_exact_contract_bar,development
2023-05-02,2023-05-04,bull_put_credit_100_300,paired_sample_incomplete:intraday:duplicate_exact_contract_bar;overnight:duplicate_exact_contract_bar,development
2023-05-02,2023-05-04,bear_call_credit_100_300,paired_sample_incomplete:intraday:duplicate_exact_contract_bar;overnight:duplicate_exact_contract_bar,development
2023-05-03,2023-05-11,short_atm_straddle,paired_sample_incomplete:intraday:duplicate_exact_contract_bar;overnight:duplicate_exact_contract_bar,development
2023-05-03,2023-05-11,short_iron_fly_w100,paired_sample_incomplete:intraday:duplicate_exact_contract_bar;overnight:duplicate_exact_contract_bar,development
2023-05-03,2023-05-11,short_iron_fly_w200,paired_sample_incomplete:intraday:duplicate_exact_contract_bar;overnight:duplicate_exact_contract_bar,development
2023-05-03,2023-05-11,short_iron_fly_w300,paired_sample_incomplete:intraday:duplicate_exact_contract_bar;overnight:duplicate_exact_contract_bar,development
2023-05-03,2023-05-11,long_iron_fly_w100,paired_sample_incomplete:intraday:duplicate_exact_contract_bar;overnight:duplicate_exact_contract_bar,development
2023-05-03,2023-05-11,long_iron_fly_w200,paired_sample_incomplete:intraday:duplicate_exact_contract_bar;overnight:duplicate_exact_contract_bar,development
2023-05-03,2023-05-11,long_iron_fly_w300,paired_sample_incomplete:intraday:duplicate_exact_contract_bar;overnight:duplicate_exact_contract_bar,development
2023-05-03,2023-05-11,short_iron_condor_100_300,paired_sample_incomplete:intraday:duplicate_exact_contract_bar;overnight:duplicate_exact_contract_bar,development
2023-05-03,2023-05-11,bull_put_credit_100_300,paired_sample_incomplete:intraday:duplicate_exact_contract_bar;overnight:duplicate_exact_contract_bar,development
2023-05-03,2023-05-11,bear_call_credit_100_300,paired_sample_incomplete:intraday:duplicate_exact_contract_bar;overnight:duplicate_exact_contract_bar,development
2023-05-04,2023-05-11,short_atm_straddle,paired_sample_incomplete:intraday:duplicate_exact_contract_bar;overnight:duplicate_exact_contract_bar,development
2023-05-04,2023-05-11,short_iron_fly_w100,paired_sample_incomplete:intraday:duplicate_exact_contract_bar;overnight:duplicate_exact_contract_bar,development
2023-05-04,2023-05-11,short_iron_fly_w200,paired_sample_incomplete:intraday:duplicate_exact_contract_bar;overnight:duplicate_exact_contract_bar,development
2023-05-04,2023-05-11,short_iron_fly_w300,paired_sample_incomplete:intraday:duplicate_exact_contract_bar;overnight:duplicate_exact_contract_bar,development
2023-05-04,2023-05-11,long_iron_fly_w100,paired_sample_incomplete:intraday:duplicate_exact_contract_bar;overnight:duplicate_exact_contract_bar,development
2023-05-04,2023-05-11,long_iron_fly_w200,paired_sample_incomplete:intraday:duplicate_exact_contract_bar;overnight:duplicate_exact_contract_bar,development
2023-05-04,2023-05-11,long_iron_fly_w300,paired_sample_incomplete:intraday:duplicate_exact_contract_bar;overnight:duplicate_exact_contract_bar,development
2023-05-04,2023-05-11,short_iron_condor_100_300,paired_sample_incomplete:intraday:duplicate_exact_contract_bar;overnight:duplicate_exact_contract_bar,development
2023-05-04,2023-05-11,bull_put_credit_100_300,paired_sample_incomplete:intraday:duplicate_exact_contract_bar;overnight:duplicate_exact_contract_bar,development
2023-05-04,2023-05-11,bear_call_credit_100_300,paired_sample_incomplete:intraday:duplicate_exact_contract_bar;overnight:duplicate_exact_contract_bar,development
2023-05-05,2023-05-11,short_atm_straddle,paired_sample_incomplete:intraday:duplicate_exact_contract_bar;overnight:duplicate_exact_contract_bar,development
2023-05-05,2023-05-11,short_iron_fly_w100,paired_sample_incomplete:intraday:duplicate_exact_contract_bar;overnight:duplicate_exact_contract_bar,development
2023-05-05,2023-05-11,short_iron_fly_w200,paired_sample_incomplete:intraday:duplicate_exact_contract_bar;overnight:duplicate_exact_contract_bar,development
2023-05-05,2023-05-11,short_iron_fly_w300,paired_sample_incomplete:intraday:duplicate_exact_contract_bar;overnight:duplicate_exact_contract_bar,development
2023-05-05,2023-05-11,long_iron_fly_w100,paired_sample_incomplete:intraday:duplicate_exact_contract_bar;overnight:duplicate_exact_contract_bar,development
2023-05-05,2023-05-11,long_iron_fly_w200,paired_sample_incomplete:intraday:duplicate_exact_contract_bar;overnight:duplicate_exact_contract_bar,development
2023-05-05,2023-05-11,long_iron_fly_w300,paired_sample_incomplete:intraday:duplicate_exact_contract_bar;overnight:duplicate_exact_contract_bar,development
2023-05-05,2023-05-11,short_iron_condor_100_300,paired_sample_incomplete:intraday:duplicate_exact_contract_bar;overnight:duplicate_exact_contract_bar,development
2023-05-05,2023-05-11,bull_put_credit_100_300,paired_sample_incomplete:intraday:duplicate_exact_contract_bar;overnight:duplicate_exact_contract_bar,development
2023-05-05,2023-05-11,bear_call_credit_100_300,paired_sample_incomplete:intraday:duplicate_exact_contract_bar;overnight:duplicate_exact_contract_bar,development
2023-05-08,2023-05-11,short_atm_straddle,paired_sample_incomplete:intraday:duplicate_exact_contract_bar;overnight:duplicate_exact_contract_bar,development
2023-05-08,2023-05-11,short_iron_fly_w100,paired_sample_incomplete:intraday:duplicate_exact_contract_bar;overnight:duplicate_exact_contract_bar,development
2023-05-08,2023-05-11,short_iron_fly_w200,paired_sample_incomplete:intraday:duplicate_exact_contract_bar;overnight:duplicate_exact_contract_bar,development
2023-05-08,2023-05-11,short_iron_fly_w300,paired_sample_incomplete:intraday:duplicate_exact_contract_bar;overnight:duplicate_exact_contract_bar,development
2023-05-08,2023-05-11,long_iron_fly_w100,paired_sample_incomplete:intraday:duplicate_exact_contract_bar;overnight:duplicate_exact_contract_bar,development
2023-05-08,2023-05-11,long_iron_fly_w200,paired_sample_incomplete:intraday:duplicate_exact_contract_bar;overnight:duplicate_exact_contract_bar,development
2023-05-08,2023-05-11,long_iron_fly_w300,paired_sample_incomplete:intraday:duplicate_exact_contract_bar;overnight:duplicate_exact_contract_bar,development
2023-05-08,2023-05-11,short_iron_condor_100_300,paired_sample_incomplete:intraday:duplicate_exact_contract_bar;overnight:duplicate_exact_contract_bar,development
2023-05-08,2023-05-11,bull_put_credit_100_300,paired_sample_incomplete:intraday:duplicate_exact_contract_bar;overnight:duplicate_exact_contract_bar,development
2023-05-08,2023-05-11,bear_call_credit_100_300,paired_sample_incomplete:intraday:duplicate_exact_contract_bar;overnight:duplicate_exact_contract_bar,development
2023-05-09,2023-05-11,short_atm_straddle,paired_sample_incomplete:intraday:duplicate_exact_contract_bar;overnight:duplicate_exact_contract_bar,development
2023-05-09,2023-05-11,short_iron_fly_w100,paired_sample_incomplete:intraday:duplicate_exact_contract_bar;overnight:duplicate_exact_contract_bar,development
2023-05-09,2023-05-11,short_iron_fly_w200,paired_sample_incomplete:intraday:duplicate_exact_contract_bar;overnight:duplicate_exact_contract_bar,development
2023-05-09,2023-05-11,short_iron_fly_w300,paired_sample_incomplete:intraday:duplicate_exact_contract_bar;overnight:duplicate_exact_contract_bar,development
2023-05-09,2023-05-11,long_iron_fly_w100,paired_sample_incomplete:intraday:duplicate_exact_contract_bar;overnight:duplicate_exact_contract_bar,development
2023-05-09,2023-05-11,long_iron_fly_w200,paired_sample_incomplete:intraday:duplicate_exact_contract_bar;overnight:duplicate_exact_contract_bar,development
2023-05-09,2023-05-11,long_iron_fly_w300,paired_sample_incomplete:intraday:duplicate_exact_contract_bar;overnight:duplicate_exact_contract_bar,development
2023-05-09,2023-05-11,short_iron_condor_100_300,paired_sample_incomplete:intraday:duplicate_exact_contract_bar;overnight:duplicate_exact_contract_bar,development
2023-05-09,2023-05-11,bull_put_credit_100_300,paired_sample_incomplete:intraday:duplicate_exact_contract_bar;overnight:duplicate_exact_contract_bar,development
2023-05-09,2023-05-11,bear_call_credit_100_300,paired_sample_incomplete:intraday:duplicate_exact_contract_bar;overnight:duplicate_exact_contract_bar,development
2023-05-10,2023-05-18,short_atm_straddle,paired_sample_incomplete:intraday:duplicate_exact_contract_bar;overnight:duplicate_exact_contract_bar,development
2023-05-10,2023-05-18,short_iron_fly_w100,paired_sample_incomplete:intraday:duplicate_exact_contract_bar;overnight:duplicate_exact_contract_bar,development
2023-05-10,2023-05-18,short_iron_fly_w200,paired_sample_incomplete:intraday:duplicate_exact_contract_bar;overnight:duplicate_exact_contract_bar,development
2023-05-10,2023-05-18,short_iron_fly_w300,paired_sample_incomplete:intraday:duplicate_exact_contract_bar;overnight:duplicate_exact_contract_bar,development
2023-05-10,2023-05-18,long_iron_fly_w100,paired_sample_incomplete:intraday:duplicate_exact_contract_bar;overnight:duplicate_exact_contract_bar,development
2023-05-10,2023-05-18,long_iron_fly_w200,paired_sample_incomplete:intraday:duplicate_exact_contract_bar;overnight:duplicate_exact_contract_bar,development
2023-05-10,2023-05-18,long_iron_fly_w300,paired_sample_incomplete:intraday:duplicate_exact_contract_bar;overnight:duplicate_exact_contract_bar,development
2023-05-10,2023-05-18,short_iron_condor_100_300,paired_sample_incomplete:intraday:duplicate_exact_contract_bar;overnight:duplicate_exact_contract_bar,development
2023-05-10,2023-05-18,bull_put_credit_100_300,paired_sample_incomplete:intraday:duplicate_exact_contract_bar;overnight:duplicate_exact_contract_bar,development
2023-05-10,2023-05-18,bear_call_credit_100_300,paired_sample_incomplete:intraday:duplicate_exact_contract_bar;overnight:duplicate_exact_contract_bar,development
2023-05-11,2023-05-18,short_atm_straddle,paired_sample_incomplete:intraday:duplicate_exact_contract_bar;overnight:duplicate_exact_contract_bar,development
2023-05-11,2023-05-18,short_iron_fly_w100,paired_sample_incomplete:intraday:duplicate_exact_contract_bar;overnight:duplicate_exact_contract_bar,development
2023-05-11,2023-05-18,short_iron_fly_w200,paired_sample_incomplete:intraday:duplicate_exact_contract_bar;overnight:duplicate_exact_contract_bar,development
2023-05-11,2023-05-18,short_iron_fly_w300,paired_sample_incomplete:intraday:duplicate_exact_contract_bar;overnight:duplicate_exact_contract_bar,development
2023-05-11,2023-05-18,long_iron_fly_w100,paired_sample_incomplete:intraday:duplicate_exact_contract_bar;overnight:duplicate_exact_contract_bar,development
2023-05-11,2023-05-18,long_iron_fly_w200,paired_sample_incomplete:intraday:duplicate_exact_contract_bar;overnight:duplicate_exact_contract_bar,development
2023-05-11,2023-05-18,long_iron_fly_w300,paired_sample_incomplete:intraday:duplicate_exact_contract_bar;overnight:duplicate_exact_contract_bar,development
2023-05-11,2023-05-18,short_iron_condor_100_300,paired_sample_incomplete:intraday:duplicate_exact_contract_bar;overnight:duplicate_exact_contract_bar,development
2023-05-11,2023-05-18,bull_put_credit_100_300,paired_sample_incomplete:intraday:duplicate_exact_contract_bar;overnight:duplicate_exact_contract_bar,development
2023-05-11,2023-05-18,bear_call_credit_100_300,paired_sample_incomplete:intraday:duplicate_exact_contract_bar;overnight:duplicate_exact_contract_bar,development
2023-05-12,2023-05-18,short_atm_straddle,paired_sample_incomplete:intraday:duplicate_exact_contract_bar;overnight:duplicate_exact_contract_bar,development
2023-05-12,2023-05-18,short_iron_fly_w100,paired_sample_incomplete:intraday:duplicate_exact_contract_bar;overnight:duplicate_exact_contract_bar,development
2023-05-12,2023-05-18,short_iron_fly_w200,paired_sample_incomplete:intraday:duplicate_exact_contract_bar;overnight:duplicate_exact_contract_bar,development
2023-05-12,2023-05-18,short_iron_fly_w300,paired_sample_incomplete:intraday:duplicate_exact_contract_bar;overnight:duplicate_exact_contract_bar,development
2023-05-12,2023-05-18,long_iron_fly_w100,paired_sample_incomplete:intraday:duplicate_exact_contract_bar;overnight:duplicate_exact_contract_bar,development
2023-05-12,2023-05-18,long_iron_fly_w200,paired_sample_incomplete:intraday:duplicate_exact_contract_bar;overnight:duplicate_exact_contract_bar,development
2023-05-12,2023-05-18,long_iron_fly_w300,paired_sample_incomplete:intraday:duplicate_exact_contract_bar;overnight:duplicate_exact_contract_bar,development
2023-05-12,2023-05-18,short_iron_condor_100_300,paired_sample_incomplete:intraday:duplicate_exact_contract_bar;overnight:duplicate_exact_contract_bar,development
2023-05-12,2023-05-18,bull_put_credit_100_300,paired_sample_incomplete:intraday:duplicate_exact_contract_bar;overnight:duplicate_exact_contract_bar,development
2023-05-12,2023-05-18,bear_call_credit_100_300,paired_sample_incomplete:intraday:duplicate_exact_contract_bar;overnight:duplicate_exact_contract_bar,development
2023-05-15,2023-05-18,short_atm_straddle,paired_sample_incomplete:intraday:duplicate_exact_contract_bar;overnight:duplicate_exact_contract_bar,development
2023-05-15,2023-05-18,short_iron_fly_w100,paired_sample_incomplete:intraday:duplicate_exact_contract_bar;overnight:duplicate_exact_contract_bar,development
2023-05-15,2023-05-18,short_iron_fly_w200,paired_sample_incomplete:intraday:duplicate_exact_contract_bar;overnight:duplicate_exact_contract_bar,development
2023-05-15,2023-05-18,short_iron_fly_w300,paired_sample_incomplete:intraday:duplicate_exact_contract_bar;overnight:duplicate_exact_contract_bar,development
2023-05-15,2023-05-18,long_iron_fly_w100,paired_sample_incomplete:intraday:duplicate_exact_contract_bar;overnight:duplicate_exact_contract_bar,development
2023-05-15,2023-05-18,long_iron_fly_w200,paired_sample_incomplete:intraday:duplicate_exact_contract_bar;overnight:duplicate_exact_contract_bar,development
2023-05-15,2023-05-18,long_iron_fly_w300,paired_sample_incomplete:intraday:duplicate_exact_contract_bar;overnight:duplicate_exact_contract_bar,development
2023-05-15,2023-05-18,short_iron_condor_100_300,paired_sample_incomplete:intraday:duplicate_exact_contract_bar;overnight:duplicate_exact_contract_bar,development
2023-05-15,2023-05-18,bull_put_credit_100_300,paired_sample_incomplete:intraday:duplicate_exact_contract_bar;overnight:duplicate_exact_contract_bar,development
2023-05-15,2023-05-18,bear_call_credit_100_300,paired_sample_incomplete:intraday:duplicate_exact_contract_bar;overnight:duplicate_exact_contract_bar,development
2023-05-16,2023-05-18,short_atm_straddle,paired_sample_incomplete:intraday:duplicate_exact_contract_bar;overnight:duplicate_exact_contract_bar,development
2023-05-16,2023-05-18,short_iron_fly_w100,paired_sample_incomplete:intraday:duplicate_exact_contract_bar;overnight:duplicate_exact_contract_bar,development
2023-05-16,2023-05-18,short_iron_fly_w200,paired_sample_incomplete:intraday:duplicate_exact_contract_bar;overnight:duplicate_exact_contract_bar,development
2023-05-16,2023-05-18,short_iron_fly_w300,paired_sample_incomplete:intraday:duplicate_exact_contract_bar;overnight:duplicate_exact_contract_bar,development
2023-05-16,2023-05-18,long_iron_fly_w100,paired_sample_incomplete:intraday:duplicate_exact_contract_bar;overnight:duplicate_exact_contract_bar,development
2023-05-16,2023-05-18,long_iron_fly_w200,paired_sample_incomplete:intraday:duplicate_exact_contract_bar;overnight:duplicate_exact_contract_bar,development
2023-05-16,2023-05-18,long_iron_fly_w300,paired_sample_incomplete:intraday:duplicate_exact_contract_bar;overnight:duplicate_exact_contract_bar,development
2023-05-16,2023-05-18,short_iron_condor_100_300,paired_sample_incomplete:intraday:duplicate_exact_contract_bar;overnight:duplicate_exact_contract_bar,development
2023-05-16,2023-05-18,bull_put_credit_100_300,paired_sample_incomplete:intraday:duplicate_exact_contract_bar;overnight:duplicate_exact_contract_bar,development
2023-05-16,2023-05-18,bear_call_credit_100_300,paired_sample_incomplete:intraday:duplicate_exact_contract_bar;overnight:duplicate_exact_contract_bar,development
2023-05-17,2023-05-25,short_atm_straddle,paired_sample_incomplete:intraday:duplicate_exact_contract_bar;overnight:duplicate_exact_contract_bar,development
2023-05-17,2023-05-25,short_iron_fly_w100,paired_sample_incomplete:intraday:duplicate_exact_contract_bar;overnight:duplicate_exact_contract_bar,development
2023-05-17,2023-05-25,short_iron_fly_w200,paired_sample_incomplete:intraday:duplicate_exact_contract_bar;overnight:duplicate_exact_contract_bar,development
2023-05-17,2023-05-25,short_iron_fly_w300,paired_sample_incomplete:intraday:duplicate_exact_contract_bar;overnight:duplicate_exact_contract_bar,development
2023-05-17,2023-05-25,long_iron_fly_w100,paired_sample_incomplete:intraday:duplicate_exact_contract_bar;overnight:duplicate_exact_contract_bar,development
2023-05-17,2023-05-25,long_iron_fly_w200,paired_sample_incomplete:intraday:duplicate_exact_contract_bar;overnight:duplicate_exact_contract_bar,development
2023-05-17,2023-05-25,long_iron_fly_w300,paired_sample_incomplete:intraday:duplicate_exact_contract_bar;overnight:duplicate_exact_contract_bar,development
2023-05-17,2023-05-25,short_iron_condor_100_300,paired_sample_incomplete:intraday:duplicate_exact_contract_bar;overnight:duplicate_exact_contract_bar,development
2023-05-17,2023-05-25,bull_put_credit_100_300,paired_sample_incomplete:intraday:duplicate_exact_contract_bar;overnight:duplicate_exact_contract_bar,development
2023-05-17,2023-05-25,bear_call_credit_100_300,paired_sample_incomplete:intraday:duplicate_exact_contract_bar;overnight:duplicate_exact_contract_bar,development
2023-05-18,2023-05-25,short_atm_straddle,paired_sample_incomplete:intraday:duplicate_exact_contract_bar;overnight:duplicate_exact_contract_bar,development
2023-05-18,2023-05-25,short_iron_fly_w100,paired_sample_incomplete:intraday:duplicate_exact_contract_bar;overnight:duplicate_exact_contract_bar,development
2023-05-18,2023-05-25,short_iron_fly_w200,paired_sample_incomplete:intraday:duplicate_exact_contract_bar;overnight:duplicate_exact_contract_bar,development
2023-05-18,2023-05-25,short_iron_fly_w300,paired_sample_incomplete:intraday:duplicate_exact_contract_bar;overnight:duplicate_exact_contract_bar,development
2023-05-18,2023-05-25,long_iron_fly_w100,paired_sample_incomplete:intraday:duplicate_exact_contract_bar;overnight:duplicate_exact_contract_bar,development
2023-05-18,2023-05-25,long_iron_fly_w200,paired_sample_incomplete:intraday:duplicate_exact_contract_bar;overnight:duplicate_exact_contract_bar,development
2023-05-18,2023-05-25,long_iron_fly_w300,paired_sample_incomplete:intraday:duplicate_exact_contract_bar;overnight:duplicate_exact_contract_bar,development
2023-05-18,2023-05-25,short_iron_condor_100_300,paired_sample_incomplete:intraday:duplicate_exact_contract_bar;overnight:duplicate_exact_contract_bar,development
2023-05-18,2023-05-25,bull_put_credit_100_300,paired_sample_incomplete:intraday:duplicate_exact_contract_bar;overnight:duplicate_exact_contract_bar,development
2023-05-18,2023-05-25,bear_call_credit_100_300,paired_sample_incomplete:intraday:duplicate_exact_contract_bar;overnight:duplicate_exact_contract_bar,development
2023-05-19,2023-05-25,short_atm_straddle,paired_sample_incomplete:intraday:duplicate_exact_contract_bar;overnight:duplicate_exact_contract_bar,development
2023-05-19,2023-05-25,short_iron_fly_w100,paired_sample_incomplete:intraday:duplicate_exact_contract_bar;overnight:duplicate_exact_contract_bar,development
2023-05-19,2023-05-25,short_iron_fly_w200,paired_sample_incomplete:intraday:duplicate_exact_contract_bar;overnight:duplicate_exact_contract_bar,development
2023-05-19,2023-05-25,short_iron_fly_w300,paired_sample_incomplete:intraday:duplicate_exact_contract_bar;overnight:duplicate_exact_contract_bar,development
2023-05-19,2023-05-25,long_iron_fly_w100,paired_sample_incomplete:intraday:duplicate_exact_contract_bar;overnight:duplicate_exact_contract_bar,development
2023-05-19,2023-05-25,long_iron_fly_w200,paired_sample_incomplete:intraday:duplicate_exact_contract_bar;overnight:duplicate_exact_contract_bar,development
2023-05-19,2023-05-25,long_iron_fly_w300,paired_sample_incomplete:intraday:duplicate_exact_contract_bar;overnight:duplicate_exact_contract_bar,development
2023-05-19,2023-05-25,short_iron_condor_100_300,paired_sample_incomplete:intraday:duplicate_exact_contract_bar;overnight:duplicate_exact_contract_bar,development
2023-05-19,2023-05-25,bull_put_credit_100_300,paired_sample_incomplete:intraday:duplicate_exact_contract_bar;overnight:duplicate_exact_contract_bar,development
2023-05-19,2023-05-25,bear_call_credit_100_300,paired_sample_incomplete:intraday:duplicate_exact_contract_bar;overnight:duplicate_exact_contract_bar,development
2023-05-22,2023-05-25,short_atm_straddle,paired_sample_incomplete:intraday:duplicate_exact_contract_bar;overnight:duplicate_exact_contract_bar,development
2023-05-22,2023-05-25,short_iron_fly_w100,paired_sample_incomplete:intraday:duplicate_exact_contract_bar;overnight:duplicate_exact_contract_bar,development
2023-05-22,2023-05-25,short_iron_fly_w200,paired_sample_incomplete:intraday:duplicate_exact_contract_bar;overnight:duplicate_exact_contract_bar,development
2023-05-22,2023-05-25,short_iron_fly_w300,paired_sample_incomplete:intraday:duplicate_exact_contract_bar;overnight:duplicate_exact_contract_bar,development
2023-05-22,2023-05-25,long_iron_fly_w100,paired_sample_incomplete:intraday:duplicate_exact_contract_bar;overnight:duplicate_exact_contract_bar,development
2023-05-22,2023-05-25,long_iron_fly_w200,paired_sample_incomplete:intraday:duplicate_exact_contract_bar;overnight:duplicate_exact_contract_bar,development
2023-05-22,2023-05-25,long_iron_fly_w300,paired_sample_incomplete:intraday:duplicate_exact_contract_bar;overnight:duplicate_exact_contract_bar,development
2023-05-22,2023-05-25,short_iron_condor_100_300,paired_sample_incomplete:intraday:duplicate_exact_contract_bar;overnight:duplicate_exact_contract_bar,development
2023-05-22,2023-05-25,bull_put_credit_100_300,paired_sample_incomplete:intraday:duplicate_exact_contract_bar;overnight:duplicate_exact_contract_bar,development
2023-05-23,2023-05-25,short_atm_straddle,paired_sample_incomplete:intraday:duplicate_exact_contract_bar;overnight:duplicate_exact_contract_bar,development
2023-05-23,2023-05-25,short_iron_fly_w100,paired_sample_incomplete:intraday:duplicate_exact_contract_bar;overnight:duplicate_exact_contract_bar,development
2023-05-23,2023-05-25,short_iron_fly_w200,paired_sample_incomplete:intraday:duplicate_exact_contract_bar;overnight:duplicate_exact_contract_bar,development
2023-05-23,2023-05-25,short_iron_fly_w300,paired_sample_incomplete:intraday:duplicate_exact_contract_bar;overnight:duplicate_exact_contract_bar,development
2023-05-23,2023-05-25,long_iron_fly_w100,paired_sample_incomplete:intraday:duplicate_exact_contract_bar;overnight:duplicate_exact_contract_bar,development
2023-05-23,2023-05-25,long_iron_fly_w200,paired_sample_incomplete:intraday:duplicate_exact_contract_bar;overnight:duplicate_exact_contract_bar,development
2023-05-23,2023-05-25,long_iron_fly_w300,paired_sample_incomplete:intraday:duplicate_exact_contract_bar;overnight:duplicate_exact_contract_bar,development
2023-05-23,2023-05-25,short_iron_condor_100_300,paired_sample_incomplete:intraday:duplicate_exact_contract_bar;overnight:duplicate_exact_contract_bar,development
2023-05-23,2023-05-25,bull_put_credit_100_300,paired_sample_incomplete:intraday:duplicate_exact_contract_bar;overnight:duplicate_exact_contract_bar,development
2023-05-23,2023-05-25,bear_call_credit_100_300,paired_sample_incomplete:intraday:duplicate_exact_contract_bar;overnight:duplicate_exact_contract_bar,development
2023-05-24,2023-06-01,short_atm_straddle,paired_sample_incomplete:intraday:duplicate_exact_contract_bar;overnight:duplicate_exact_contract_bar,development
2023-05-24,2023-06-01,short_iron_fly_w100,paired_sample_incomplete:intraday:duplicate_exact_contract_bar;overnight:duplicate_exact_contract_bar,development
2023-05-24,2023-06-01,short_iron_fly_w200,paired_sample_incomplete:intraday:duplicate_exact_contract_bar;overnight:duplicate_exact_contract_bar,development
2023-05-24,2023-06-01,short_iron_fly_w300,paired_sample_incomplete:intraday:duplicate_exact_contract_bar;overnight:duplicate_exact_contract_bar,development
2023-05-24,2023-06-01,long_iron_fly_w100,paired_sample_incomplete:intraday:duplicate_exact_contract_bar;overnight:duplicate_exact_contract_bar,development
2023-05-24,2023-06-01,long_iron_fly_w200,paired_sample_incomplete:intraday:duplicate_exact_contract_bar;overnight:duplicate_exact_contract_bar,development
2023-05-24,2023-06-01,long_iron_fly_w300,paired_sample_incomplete:intraday:duplicate_exact_contract_bar;overnight:duplicate_exact_contract_bar,development
2023-05-24,2023-06-01,short_iron_condor_100_300,paired_sample_incomplete:intraday:duplicate_exact_contract_bar;overnight:duplicate_exact_contract_bar,development
2023-05-24,2023-06-01,bull_put_credit_100_300,paired_sample_incomplete:intraday:duplicate_exact_contract_bar;overnight:duplicate_exact_contract_bar,development
2023-05-24,2023-06-01,bear_call_credit_100_300,paired_sample_incomplete:intraday:duplicate_exact_contract_bar;overnight:duplicate_exact_contract_bar,development
2023-05-25,2023-06-01,short_atm_straddle,paired_sample_incomplete:intraday:duplicate_exact_contract_bar;overnight:duplicate_exact_contract_bar,development
2023-05-25,2023-06-01,short_iron_fly_w100,paired_sample_incomplete:intraday:duplicate_exact_contract_bar;overnight:duplicate_exact_contract_bar,development
2023-05-25,2023-06-01,short_iron_fly_w200,paired_sample_incomplete:intraday:duplicate_exact_contract_bar;overnight:duplicate_exact_contract_bar,development
2023-05-25,2023-06-01,short_iron_fly_w300,paired_sample_incomplete:intraday:duplicate_exact_contract_bar;overnight:duplicate_exact_contract_bar,development
2023-05-25,2023-06-01,long_iron_fly_w100,paired_sample_incomplete:intraday:duplicate_exact_contract_bar;overnight:duplicate_exact_contract_bar,development
2023-05-25,2023-06-01,long_iron_fly_w200,paired_sample_incomplete:intraday:duplicate_exact_contract_bar;overnight:duplicate_exact_contract_bar,development
2023-05-25,2023-06-01,long_iron_fly_w300,paired_sample_incomplete:intraday:duplicate_exact_contract_bar;overnight:duplicate_exact_contract_bar,development
2023-05-25,2023-06-01,short_iron_condor_100_300,paired_sample_incomplete:intraday:duplicate_exact_contract_bar;overnight:duplicate_exact_contract_bar,development
2023-05-25,2023-06-01,bull_put_credit_100_300,paired_sample_incomplete:intraday:duplicate_exact_contract_bar;overnight:duplicate_exact_contract_bar,development
2023-05-25,2023-06-01,bear_call_credit_100_300,paired_sample_incomplete:intraday:duplicate_exact_contract_bar;overnight:duplicate_exact_contract_bar,development
2023-05-26,2023-06-01,short_atm_straddle,paired_sample_incomplete:intraday:duplicate_exact_contract_bar;overnight:duplicate_exact_contract_bar,development
2023-05-26,2023-06-01,short_iron_fly_w100,paired_sample_incomplete:intraday:duplicate_exact_contract_bar;overnight:duplicate_exact_contract_bar,development
2023-05-26,2023-06-01,short_iron_fly_w200,paired_sample_incomplete:intraday:duplicate_exact_contract_bar;overnight:duplicate_exact_contract_bar,development
2023-05-26,2023-06-01,short_iron_fly_w300,paired_sample_incomplete:intraday:duplicate_exact_contract_bar;overnight:duplicate_exact_contract_bar,development
2023-05-26,2023-06-01,long_iron_fly_w100,paired_sample_incomplete:intraday:duplicate_exact_contract_bar;overnight:duplicate_exact_contract_bar,development
2023-05-26,2023-06-01,long_iron_fly_w200,paired_sample_incomplete:intraday:duplicate_exact_contract_bar;overnight:duplicate_exact_contract_bar,development
2023-05-26,2023-06-01,long_iron_fly_w300,paired_sample_incomplete:intraday:duplicate_exact_contract_bar;overnight:duplicate_exact_contract_bar,development
2023-05-26,2023-06-01,short_iron_condor_100_300,paired_sample_incomplete:intraday:duplicate_exact_contract_bar;overnight:duplicate_exact_contract_bar,development
2023-05-26,2023-06-01,bull_put_credit_100_300,paired_sample_incomplete:intraday:duplicate_exact_contract_bar;overnight:duplicate_exact_contract_bar,development
2023-05-26,2023-06-01,bear_call_credit_100_300,paired_sample_incomplete:intraday:duplicate_exact_contract_bar;overnight:duplicate_exact_contract_bar,development
2023-05-29,2023-06-01,short_atm_straddle,paired_sample_incomplete:intraday:duplicate_exact_contract_bar;overnight:duplicate_exact_contract_bar,development
2023-05-29,2023-06-01,short_iron_fly_w100,paired_sample_incomplete:intraday:duplicate_exact_contract_bar;overnight:duplicate_exact_contract_bar,development
2023-05-29,2023-06-01,short_iron_fly_w200,paired_sample_incomplete:intraday:duplicate_exact_contract_bar;overnight:duplicate_exact_contract_bar,development
2023-05-29,2023-06-01,short_iron_fly_w300,paired_sample_incomplete:intraday:duplicate_exact_contract_bar;overnight:duplicate_exact_contract_bar,development
2023-05-29,2023-06-01,long_iron_fly_w100,paired_sample_incomplete:intraday:duplicate_exact_contract_bar;overnight:duplicate_exact_contract_bar,development
2023-05-29,2023-06-01,long_iron_fly_w200,paired_sample_incomplete:intraday:duplicate_exact_contract_bar;overnight:duplicate_exact_contract_bar,development
2023-05-29,2023-06-01,long_iron_fly_w300,paired_sample_incomplete:intraday:duplicate_exact_contract_bar;overnight:duplicate_exact_contract_bar,development
2023-05-29,2023-06-01,short_iron_condor_100_300,paired_sample_incomplete:intraday:duplicate_exact_contract_bar;overnight:duplicate_exact_contract_bar,development
2023-05-29,2023-06-01,bull_put_credit_100_300,paired_sample_incomplete:intraday:duplicate_exact_contract_bar;overnight:duplicate_exact_contract_bar,development
2023-05-29,2023-06-01,bear_call_credit_100_300,paired_sample_incomplete:intraday:duplicate_exact_contract_bar;overnight:duplicate_exact_contract_bar,development
2023-05-30,2023-06-01,short_atm_straddle,paired_sample_incomplete:intraday:duplicate_exact_contract_bar;overnight:duplicate_exact_contract_bar,development
2023-05-30,2023-06-01,short_iron_fly_w100,paired_sample_incomplete:intraday:duplicate_exact_contract_bar;overnight:duplicate_exact_contract_bar,development
2023-05-30,2023-06-01,short_iron_fly_w200,paired_sample_incomplete:intraday:duplicate_exact_contract_bar;overnight:duplicate_exact_contract_bar,development
2023-05-30,2023-06-01,short_iron_fly_w300,paired_sample_incomplete:intraday:duplicate_exact_contract_bar;overnight:duplicate_exact_contract_bar,development
2023-05-30,2023-06-01,long_iron_fly_w100,paired_sample_incomplete:intraday:duplicate_exact_contract_bar;overnight:duplicate_exact_contract_bar,development
2023-05-30,2023-06-01,long_iron_fly_w200,paired_sample_incomplete:intraday:duplicate_exact_contract_bar;overnight:duplicate_exact_contract_bar,development
2023-05-30,2023-06-01,long_iron_fly_w300,paired_sample_incomplete:intraday:duplicate_exact_contract_bar;overnight:duplicate_exact_contract_bar,development
2023-05-30,2023-06-01,short_iron_condor_100_300,paired_sample_incomplete:intraday:duplicate_exact_contract_bar;overnight:duplicate_exact_contract_bar,development
2023-05-30,2023-06-01,bull_put_credit_100_300,paired_sample_incomplete:intraday:duplicate_exact_contract_bar;overnight:duplicate_exact_contract_bar,development
2023-05-30,2023-06-01,bear_call_credit_100_300,paired_sample_incomplete:intraday:duplicate_exact_contract_bar;overnight:duplicate_exact_contract_bar,development
2023-05-31,2023-06-08,short_atm_straddle,paired_sample_incomplete:intraday:duplicate_exact_contract_bar;overnight:duplicate_exact_contract_bar,development
2023-05-31,2023-06-08,short_iron_fly_w100,paired_sample_incomplete:intraday:duplicate_exact_contract_bar;overnight:duplicate_exact_contract_bar,development
2023-05-31,2023-06-08,short_iron_fly_w200,paired_sample_incomplete:intraday:duplicate_exact_contract_bar;overnight:duplicate_exact_contract_bar,development
2023-05-31,2023-06-08,short_iron_fly_w300,paired_sample_incomplete:intraday:duplicate_exact_contract_bar;overnight:duplicate_exact_contract_bar,development
2023-05-31,2023-06-08,long_iron_fly_w100,paired_sample_incomplete:intraday:duplicate_exact_contract_bar;overnight:duplicate_exact_contract_bar,development
2023-05-31,2023-06-08,long_iron_fly_w200,paired_sample_incomplete:intraday:duplicate_exact_contract_bar;overnight:duplicate_exact_contract_bar,development
2023-05-31,2023-06-08,long_iron_fly_w300,paired_sample_incomplete:intraday:duplicate_exact_contract_bar;overnight:duplicate_exact_contract_bar,development
2023-05-31,2023-06-08,short_iron_condor_100_300,paired_sample_incomplete:intraday:duplicate_exact_contract_bar;overnight:duplicate_exact_contract_bar,development
2023-05-31,2023-06-08,bull_put_credit_100_300,paired_sample_incomplete:intraday:duplicate_exact_contract_bar;overnight:duplicate_exact_contract_bar,development
2023-05-31,2023-06-08,bear_call_credit_100_300,paired_sample_incomplete:intraday:duplicate_exact_contract_bar;overnight:duplicate_exact_contract_bar,development
2023-06-01,2023-06-08,short_atm_straddle,paired_sample_incomplete:intraday:duplicate_exact_contract_bar;overnight:duplicate_exact_contract_bar,development
2023-06-01,2023-06-08,short_iron_fly_w100,paired_sample_incomplete:intraday:duplicate_exact_contract_bar;overnight:duplicate_exact_contract_bar,development
2023-06-01,2023-06-08,short_iron_fly_w200,paired_sample_incomplete:intraday:duplicate_exact_contract_bar;overnight:duplicate_exact_contract_bar,development
2023-06-01,2023-06-08,short_iron_fly_w300,paired_sample_incomplete:intraday:duplicate_exact_contract_bar;overnight:duplicate_exact_contract_bar,development
2023-06-01,2023-06-08,long_iron_fly_w100,paired_sample_incomplete:intraday:duplicate_exact_contract_bar;overnight:duplicate_exact_contract_bar,development
2023-06-01,2023-06-08,long_iron_fly_w200,paired_sample_incomplete:intraday:duplicate_exact_contract_bar;overnight:duplicate_exact_contract_bar,development
2023-06-01,2023-06-08,long_iron_fly_w300,paired_sample_incomplete:intraday:duplicate_exact_contract_bar;overnight:duplicate_exact_contract_bar,development
2023-06-01,2023-06-08,short_iron_condor_100_300,paired_sample_incomplete:intraday:duplicate_exact_contract_bar;overnight:duplicate_exact_contract_bar,development
2023-06-01,2023-06-08,bull_put_credit_100_300,paired_sample_incomplete:intraday:duplicate_exact_contract_bar;overnight:duplicate_exact_contract_bar,development
2023-06-01,2023-06-08,bear_call_credit_100_300,paired_sample_incomplete:intraday:duplicate_exact_contract_bar;overnight:duplicate_exact_contract_bar,development
2023-06-02,2023-06-08,short_atm_straddle,paired_sample_incomplete:intraday:duplicate_exact_contract_bar;overnight:duplicate_exact_contract_bar,development
2023-06-02,2023-06-08,short_iron_fly_w100,paired_sample_incomplete:intraday:duplicate_exact_contract_bar;overnight:duplicate_exact_contract_bar,development
2023-06-02,2023-06-08,short_iron_fly_w200,paired_sample_incomplete:intraday:duplicate_exact_contract_bar;overnight:duplicate_exact_contract_bar,development
2023-06-02,2023-06-08,short_iron_fly_w300,paired_sample_incomplete:intraday:duplicate_exact_contract_bar;overnight:duplicate_exact_contract_bar,development
2023-06-02,2023-06-08,long_iron_fly_w100,paired_sample_incomplete:intraday:duplicate_exact_contract_bar;overnight:duplicate_exact_contract_bar,development
2023-06-02,2023-06-08,long_iron_fly_w200,paired_sample_incomplete:intraday:duplicate_exact_contract_bar;overnight:duplicate_exact_contract_bar,development
2023-06-02,2023-06-08,long_iron_fly_w300,paired_sample_incomplete:intraday:duplicate_exact_contract_bar;overnight:duplicate_exact_contract_bar,development
2023-06-02,2023-06-08,short_iron_condor_100_300,paired_sample_incomplete:intraday:duplicate_exact_contract_bar;overnight:duplicate_exact_contract_bar,development
2023-06-02,2023-06-08,bull_put_credit_100_300,paired_sample_incomplete:intraday:duplicate_exact_contract_bar;overnight:duplicate_exact_contract_bar,development
2023-06-02,2023-06-08,bear_call_credit_100_300,paired_sample_incomplete:intraday:duplicate_exact_contract_bar;overnight:duplicate_exact_contract_bar,development
2023-06-05,2023-06-08,short_iron_fly_w100,paired_sample_incomplete:intraday:duplicate_exact_contract_bar;overnight:duplicate_exact_contract_bar,development
2023-06-05,2023-06-08,short_iron_fly_w200,paired_sample_incomplete:intraday:duplicate_exact_contract_bar;overnight:duplicate_exact_contract_bar,development
2023-06-05,2023-06-08,short_iron_fly_w300,paired_sample_incomplete:intraday:duplicate_exact_contract_bar;overnight:duplicate_exact_contract_bar,development
2023-06-05,2023-06-08,long_iron_fly_w100,paired_sample_incomplete:intraday:duplicate_exact_contract_bar;overnight:duplicate_exact_contract_bar,development
2023-06-05,2023-06-08,long_iron_fly_w200,paired_sample_incomplete:intraday:duplicate_exact_contract_bar;overnight:duplicate_exact_contract_bar,development
2023-06-05,2023-06-08,long_iron_fly_w300,paired_sample_incomplete:intraday:duplicate_exact_contract_bar;overnight:duplicate_exact_contract_bar,development
2023-06-05,2023-06-08,short_iron_condor_100_300,paired_sample_incomplete:intraday:duplicate_exact_contract_bar;overnight:duplicate_exact_contract_bar,development
2023-06-05,2023-06-08,bull_put_credit_100_300,paired_sample_incomplete:intraday:duplicate_exact_contract_bar;overnight:duplicate_exact_contract_bar,development
2023-06-05,2023-06-08,bear_call_credit_100_300,paired_sample_incomplete:intraday:duplicate_exact_contract_bar;overnight:duplicate_exact_contract_bar,development
2023-06-06,2023-06-08,short_iron_fly_w100,paired_sample_incomplete:intraday:duplicate_exact_contract_bar;overnight:duplicate_exact_contract_bar,development
2023-06-06,2023-06-08,short_iron_fly_w200,paired_sample_incomplete:intraday:duplicate_exact_contract_bar;overnight:duplicate_exact_contract_bar,development
2023-06-06,2023-06-08,short_iron_fly_w300,paired_sample_incomplete:intraday:duplicate_exact_contract_bar;overnight:duplicate_exact_contract_bar,development
2023-06-06,2023-06-08,long_iron_fly_w100,paired_sample_incomplete:intraday:duplicate_exact_contract_bar;overnight:duplicate_exact_contract_bar,development
2023-06-06,2023-06-08,long_iron_fly_w200,paired_sample_incomplete:intraday:duplicate_exact_contract_bar;overnight:duplicate_exact_contract_bar,development
2023-06-06,2023-06-08,long_iron_fly_w300,paired_sample_incomplete:intraday:duplicate_exact_contract_bar;overnight:duplicate_exact_contract_bar,development
2023-06-06,2023-06-08,short_iron_condor_100_300,paired_sample_incomplete:intraday:duplicate_exact_contract_bar;overnight:duplicate_exact_contract_bar,development
2023-06-06,2023-06-08,bull_put_credit_100_300,paired_sample_incomplete:intraday:duplicate_exact_contract_bar;overnight:duplicate_exact_contract_bar,development
2023-06-06,2023-06-08,bear_call_credit_100_300,paired_sample_incomplete:intraday:duplicate_exact_contract_bar;overnight:duplicate_exact_contract_bar,development
2023-06-07,2023-06-15,short_atm_straddle,paired_sample_incomplete:intraday:duplicate_exact_contract_bar;overnight:duplicate_exact_contract_bar,development
2023-06-07,2023-06-15,short_iron_fly_w100,paired_sample_incomplete:intraday:duplicate_exact_contract_bar;overnight:duplicate_exact_contract_bar,development
2023-06-07,2023-06-15,short_iron_fly_w200,paired_sample_incomplete:intraday:duplicate_exact_contract_bar;overnight:duplicate_exact_contract_bar,development
2023-06-07,2023-06-15,short_iron_fly_w300,paired_sample_incomplete:intraday:duplicate_exact_contract_bar;overnight:duplicate_exact_contract_bar,development
2023-06-07,2023-06-15,long_iron_fly_w100,paired_sample_incomplete:intraday:duplicate_exact_contract_bar;overnight:duplicate_exact_contract_bar,development
2023-06-07,2023-06-15,long_iron_fly_w200,paired_sample_incomplete:intraday:duplicate_exact_contract_bar;overnight:duplicate_exact_contract_bar,development
2023-06-07,2023-06-15,long_iron_fly_w300,paired_sample_incomplete:intraday:duplicate_exact_contract_bar;overnight:duplicate_exact_contract_bar,development
2023-06-07,2023-06-15,short_iron_condor_100_300,paired_sample_incomplete:intraday:duplicate_exact_contract_bar;overnight:duplicate_exact_contract_bar,development
2023-06-07,2023-06-15,bull_put_credit_100_300,paired_sample_incomplete:intraday:duplicate_exact_contract_bar;overnight:duplicate_exact_contract_bar,development
2023-06-07,2023-06-15,bear_call_credit_100_300,paired_sample_incomplete:intraday:duplicate_exact_contract_bar;overnight:duplicate_exact_contract_bar,development
2023-06-08,2023-06-15,short_atm_straddle,paired_sample_incomplete:intraday:duplicate_exact_contract_bar;overnight:duplicate_exact_contract_bar,development
2023-06-08,2023-06-15,short_iron_fly_w100,paired_sample_incomplete:intraday:duplicate_exact_contract_bar;overnight:duplicate_exact_contract_bar,development
2023-06-08,2023-06-15,short_iron_fly_w200,paired_sample_incomplete:intraday:duplicate_exact_contract_bar;overnight:duplicate_exact_contract_bar,development
2023-06-08,2023-06-15,short_iron_fly_w300,paired_sample_incomplete:intraday:duplicate_exact_contract_bar;overnight:duplicate_exact_contract_bar,development
2023-06-08,2023-06-15,long_iron_fly_w100,paired_sample_incomplete:intraday:duplicate_exact_contract_bar;overnight:duplicate_exact_contract_bar,development
2023-06-08,2023-06-15,long_iron_fly_w200,paired_sample_incomplete:intraday:duplicate_exact_contract_bar;overnight:duplicate_exact_contract_bar,development
2023-06-08,2023-06-15,long_iron_fly_w300,paired_sample_incomplete:intraday:duplicate_exact_contract_bar;overnight:duplicate_exact_contract_bar,development
2023-06-08,2023-06-15,short_iron_condor_100_300,paired_sample_incomplete:intraday:duplicate_exact_contract_bar;overnight:duplicate_exact_contract_bar,development
2023-06-08,2023-06-15,bull_put_credit_100_300,paired_sample_incomplete:intraday:duplicate_exact_contract_bar;overnight:duplicate_exact_contract_bar,development
2023-06-08,2023-06-15,bear_call_credit_100_300,paired_sample_incomplete:intraday:duplicate_exact_contract_bar;overnight:duplicate_exact_contract_bar,development
2023-06-09,2023-06-15,short_atm_straddle,paired_sample_incomplete:intraday:duplicate_exact_contract_bar;overnight:duplicate_exact_contract_bar,development
2023-06-09,2023-06-15,short_iron_fly_w100,paired_sample_incomplete:intraday:duplicate_exact_contract_bar;overnight:duplicate_exact_contract_bar,development
2023-06-09,2023-06-15,short_iron_fly_w200,paired_sample_incomplete:intraday:duplicate_exact_contract_bar;overnight:duplicate_exact_contract_bar,development
2023-06-09,2023-06-15,short_iron_fly_w300,paired_sample_incomplete:intraday:duplicate_exact_contract_bar;overnight:duplicate_exact_contract_bar,development
2023-06-09,2023-06-15,long_iron_fly_w100,paired_sample_incomplete:intraday:duplicate_exact_contract_bar;overnight:duplicate_exact_contract_bar,development
2023-06-09,2023-06-15,long_iron_fly_w200,paired_sample_incomplete:intraday:duplicate_exact_contract_bar;overnight:duplicate_exact_contract_bar,development
2023-06-09,2023-06-15,long_iron_fly_w300,paired_sample_incomplete:intraday:duplicate_exact_contract_bar;overnight:duplicate_exact_contract_bar,development
2023-06-09,2023-06-15,short_iron_condor_100_300,paired_sample_incomplete:intraday:duplicate_exact_contract_bar;overnight:duplicate_exact_contract_bar,development
2023-06-09,2023-06-15,bull_put_credit_100_300,paired_sample_incomplete:intraday:duplicate_exact_contract_bar;overnight:duplicate_exact_contract_bar,development
2023-06-09,2023-06-15,bear_call_credit_100_300,paired_sample_incomplete:intraday:duplicate_exact_contract_bar;overnight:duplicate_exact_contract_bar,development
2023-06-12,2023-06-15,short_atm_straddle,paired_sample_incomplete:intraday:duplicate_exact_contract_bar;overnight:duplicate_exact_contract_bar,development
2023-06-12,2023-06-15,short_iron_fly_w100,paired_sample_incomplete:intraday:duplicate_exact_contract_bar;overnight:duplicate_exact_contract_bar,development
2023-06-12,2023-06-15,short_iron_fly_w200,paired_sample_incomplete:intraday:duplicate_exact_contract_bar;overnight:duplicate_exact_contract_bar,development
2023-06-12,2023-06-15,short_iron_fly_w300,paired_sample_incomplete:intraday:duplicate_exact_contract_bar;overnight:duplicate_exact_contract_bar,development
2023-06-12,2023-06-15,long_iron_fly_w100,paired_sample_incomplete:intraday:duplicate_exact_contract_bar;overnight:duplicate_exact_contract_bar,development
2023-06-12,2023-06-15,long_iron_fly_w200,paired_sample_incomplete:intraday:duplicate_exact_contract_bar;overnight:duplicate_exact_contract_bar,development
2023-06-12,2023-06-15,long_iron_fly_w300,paired_sample_incomplete:intraday:duplicate_exact_contract_bar;overnight:duplicate_exact_contract_bar,development
2023-06-12,2023-06-15,short_iron_condor_100_300,paired_sample_incomplete:intraday:duplicate_exact_contract_bar;overnight:duplicate_exact_contract_bar,development
2023-06-12,2023-06-15,bull_put_credit_100_300,paired_sample_incomplete:intraday:duplicate_exact_contract_bar;overnight:duplicate_exact_contract_bar,development
2023-06-12,2023-06-15,bear_call_credit_100_300,paired_sample_incomplete:intraday:duplicate_exact_contract_bar;overnight:duplicate_exact_contract_bar,development
2023-06-13,2023-06-15,short_atm_straddle,paired_sample_incomplete:intraday:duplicate_exact_contract_bar;overnight:duplicate_exact_contract_bar,development
2023-06-13,2023-06-15,short_iron_fly_w100,paired_sample_incomplete:intraday:duplicate_exact_contract_bar;overnight:duplicate_exact_contract_bar,development
2023-06-13,2023-06-15,short_iron_fly_w200,paired_sample_incomplete:intraday:duplicate_exact_contract_bar;overnight:duplicate_exact_contract_bar,development
2023-06-13,2023-06-15,short_iron_fly_w300,paired_sample_incomplete:intraday:duplicate_exact_contract_bar;overnight:duplicate_exact_contract_bar,development
2023-06-13,2023-06-15,long_iron_fly_w100,paired_sample_incomplete:intraday:duplicate_exact_contract_bar;overnight:duplicate_exact_contract_bar,development
2023-06-13,2023-06-15,long_iron_fly_w200,paired_sample_incomplete:intraday:duplicate_exact_contract_bar;overnight:duplicate_exact_contract_bar,development
2023-06-13,2023-06-15,long_iron_fly_w300,paired_sample_incomplete:intraday:duplicate_exact_contract_bar;overnight:duplicate_exact_contract_bar,development
2023-06-13,2023-06-15,short_iron_condor_100_300,paired_sample_incomplete:intraday:duplicate_exact_contract_bar;overnight:duplicate_exact_contract_bar,development
2023-06-13,2023-06-15,bull_put_credit_100_300,paired_sample_incomplete:intraday:duplicate_exact_contract_bar;overnight:duplicate_exact_contract_bar,development
2023-06-13,2023-06-15,bear_call_credit_100_300,paired_sample_incomplete:intraday:duplicate_exact_contract_bar;overnight:duplicate_exact_contract_bar,development
2023-06-14,2023-06-22,short_atm_straddle,paired_sample_incomplete:intraday:duplicate_exact_contract_bar;overnight:duplicate_exact_contract_bar,development
2023-06-14,2023-06-22,short_iron_fly_w100,paired_sample_incomplete:intraday:duplicate_exact_contract_bar;overnight:duplicate_exact_contract_bar,development
2023-06-14,2023-06-22,short_iron_fly_w200,paired_sample_incomplete:intraday:duplicate_exact_contract_bar;overnight:duplicate_exact_contract_bar,development
2023-06-14,2023-06-22,short_iron_fly_w300,paired_sample_incomplete:intraday:duplicate_exact_contract_bar;overnight:duplicate_exact_contract_bar,development
2023-06-14,2023-06-22,long_iron_fly_w100,paired_sample_incomplete:intraday:duplicate_exact_contract_bar;overnight:duplicate_exact_contract_bar,development
2023-06-14,2023-06-22,long_iron_fly_w200,paired_sample_incomplete:intraday:duplicate_exact_contract_bar;overnight:duplicate_exact_contract_bar,development
2023-06-14,2023-06-22,long_iron_fly_w300,paired_sample_incomplete:intraday:duplicate_exact_contract_bar;overnight:duplicate_exact_contract_bar,development
2023-06-14,2023-06-22,short_iron_condor_100_300,paired_sample_incomplete:intraday:duplicate_exact_contract_bar;overnight:duplicate_exact_contract_bar,development
2023-06-14,2023-06-22,bull_put_credit_100_300,paired_sample_incomplete:intraday:duplicate_exact_contract_bar;overnight:duplicate_exact_contract_bar,development
2023-06-14,2023-06-22,bear_call_credit_100_300,paired_sample_incomplete:intraday:duplicate_exact_contract_bar;overnight:duplicate_exact_contract_bar,development
2023-06-15,2023-06-22,short_atm_straddle,paired_sample_incomplete:intraday:duplicate_exact_contract_bar;overnight:duplicate_exact_contract_bar,development
2023-06-15,2023-06-22,short_iron_fly_w100,paired_sample_incomplete:intraday:duplicate_exact_contract_bar;overnight:duplicate_exact_contract_bar,development
2023-06-15,2023-06-22,short_iron_fly_w200,paired_sample_incomplete:intraday:duplicate_exact_contract_bar;overnight:duplicate_exact_contract_bar,development
2023-06-15,2023-06-22,short_iron_fly_w300,paired_sample_incomplete:intraday:duplicate_exact_contract_bar;overnight:duplicate_exact_contract_bar,development
2023-06-15,2023-06-22,long_iron_fly_w100,paired_sample_incomplete:intraday:duplicate_exact_contract_bar;overnight:duplicate_exact_contract_bar,development
2023-06-15,2023-06-22,long_iron_fly_w200,paired_sample_incomplete:intraday:duplicate_exact_contract_bar;overnight:duplicate_exact_contract_bar,development
2023-06-15,2023-06-22,long_iron_fly_w300,paired_sample_incomplete:intraday:duplicate_exact_contract_bar;overnight:duplicate_exact_contract_bar,development
2023-06-15,2023-06-22,short_iron_condor_100_300,paired_sample_incomplete:intraday:duplicate_exact_contract_bar;overnight:duplicate_exact_contract_bar,development
2023-06-15,2023-06-22,bull_put_credit_100_300,paired_sample_incomplete:intraday:duplicate_exact_contract_bar;overnight:duplicate_exact_contract_bar,development
2023-06-15,2023-06-22,bear_call_credit_100_300,paired_sample_incomplete:intraday:duplicate_exact_contract_bar;overnight:duplicate_exact_contract_bar,development
2023-06-16,2023-06-22,short_atm_straddle,paired_sample_incomplete:intraday:duplicate_exact_contract_bar;overnight:duplicate_exact_contract_bar,development
2023-06-16,2023-06-22,short_iron_fly_w100,paired_sample_incomplete:intraday:duplicate_exact_contract_bar;overnight:duplicate_exact_contract_bar,development
2023-06-16,2023-06-22,short_iron_fly_w200,paired_sample_incomplete:intraday:duplicate_exact_contract_bar;overnight:duplicate_exact_contract_bar,development
2023-06-16,2023-06-22,short_iron_fly_w300,paired_sample_incomplete:intraday:duplicate_exact_contract_bar;overnight:duplicate_exact_contract_bar,development
2023-06-16,2023-06-22,long_iron_fly_w100,paired_sample_incomplete:intraday:duplicate_exact_contract_bar;overnight:duplicate_exact_contract_bar,development
2023-06-16,2023-06-22,long_iron_fly_w200,paired_sample_incomplete:intraday:duplicate_exact_contract_bar;overnight:duplicate_exact_contract_bar,development
2023-06-16,2023-06-22,long_iron_fly_w300,paired_sample_incomplete:intraday:duplicate_exact_contract_bar;overnight:duplicate_exact_contract_bar,development
2023-06-16,2023-06-22,short_iron_condor_100_300,paired_sample_incomplete:intraday:duplicate_exact_contract_bar;overnight:duplicate_exact_contract_bar,development
2023-06-16,2023-06-22,bull_put_credit_100_300,paired_sample_incomplete:intraday:duplicate_exact_contract_bar;overnight:duplicate_exact_contract_bar,development
2023-06-16,2023-06-22,bear_call_credit_100_300,paired_sample_incomplete:intraday:duplicate_exact_contract_bar;overnight:duplicate_exact_contract_bar,development
2023-06-19,2023-06-22,short_atm_straddle,paired_sample_incomplete:intraday:duplicate_exact_contract_bar;overnight:duplicate_exact_contract_bar,development
2023-06-19,2023-06-22,short_iron_fly_w100,paired_sample_incomplete:intraday:duplicate_exact_contract_bar;overnight:duplicate_exact_contract_bar,development
2023-06-19,2023-06-22,short_iron_fly_w200,paired_sample_incomplete:intraday:duplicate_exact_contract_bar;overnight:duplicate_exact_contract_bar,development
2023-06-19,2023-06-22,short_iron_fly_w300,paired_sample_incomplete:intraday:duplicate_exact_contract_bar;overnight:duplicate_exact_contract_bar,development
2023-06-19,2023-06-22,long_iron_fly_w100,paired_sample_incomplete:intraday:duplicate_exact_contract_bar;overnight:duplicate_exact_contract_bar,development
2023-06-19,2023-06-22,long_iron_fly_w200,paired_sample_incomplete:intraday:duplicate_exact_contract_bar;overnight:duplicate_exact_contract_bar,development
2023-06-19,2023-06-22,long_iron_fly_w300,paired_sample_incomplete:intraday:duplicate_exact_contract_bar;overnight:duplicate_exact_contract_bar,development
2023-06-19,2023-06-22,short_iron_condor_100_300,paired_sample_incomplete:intraday:duplicate_exact_contract_bar;overnight:duplicate_exact_contract_bar,development
2023-06-19,2023-06-22,bull_put_credit_100_300,paired_sample_incomplete:intraday:duplicate_exact_contract_bar;overnight:duplicate_exact_contract_bar,development
2023-06-19,2023-06-22,bear_call_credit_100_300,paired_sample_incomplete:intraday:duplicate_exact_contract_bar;overnight:duplicate_exact_contract_bar,development
2023-06-20,2023-06-22,short_atm_straddle,paired_sample_incomplete:intraday:duplicate_exact_contract_bar;overnight:duplicate_exact_contract_bar,development
2023-06-20,2023-06-22,short_iron_fly_w100,paired_sample_incomplete:intraday:duplicate_exact_contract_bar;overnight:duplicate_exact_contract_bar,development
2023-06-20,2023-06-22,short_iron_fly_w200,paired_sample_incomplete:intraday:duplicate_exact_contract_bar;overnight:duplicate_exact_contract_bar,development
2023-06-20,2023-06-22,short_iron_fly_w300,paired_sample_incomplete:intraday:duplicate_exact_contract_bar;overnight:duplicate_exact_contract_bar,development
2023-06-20,2023-06-22,long_iron_fly_w100,paired_sample_incomplete:intraday:duplicate_exact_contract_bar;overnight:duplicate_exact_contract_bar,development
2023-06-20,2023-06-22,long_iron_fly_w200,paired_sample_incomplete:intraday:duplicate_exact_contract_bar;overnight:duplicate_exact_contract_bar,development
2023-06-20,2023-06-22,long_iron_fly_w300,paired_sample_incomplete:intraday:duplicate_exact_contract_bar;overnight:duplicate_exact_contract_bar,development
2023-06-20,2023-06-22,short_iron_condor_100_300,paired_sample_incomplete:intraday:duplicate_exact_contract_bar;overnight:duplicate_exact_contract_bar,development
2023-06-20,2023-06-22,bull_put_credit_100_300,paired_sample_incomplete:intraday:duplicate_exact_contract_bar;overnight:duplicate_exact_contract_bar,development
2023-06-21,2023-06-28,short_atm_straddle,paired_sample_incomplete:intraday:duplicate_exact_contract_bar;overnight:duplicate_exact_contract_bar,development
2023-06-21,2023-06-28,short_iron_fly_w100,paired_sample_incomplete:intraday:duplicate_exact_contract_bar;overnight:duplicate_exact_contract_bar,development
2023-06-21,2023-06-28,short_iron_fly_w200,paired_sample_incomplete:intraday:duplicate_exact_contract_bar;overnight:duplicate_exact_contract_bar,development
2023-06-21,2023-06-28,short_iron_fly_w300,paired_sample_incomplete:intraday:duplicate_exact_contract_bar;overnight:duplicate_exact_contract_bar,development
2023-06-21,2023-06-28,long_iron_fly_w100,paired_sample_incomplete:intraday:duplicate_exact_contract_bar;overnight:duplicate_exact_contract_bar,development
2023-06-21,2023-06-28,long_iron_fly_w200,paired_sample_incomplete:intraday:duplicate_exact_contract_bar;overnight:duplicate_exact_contract_bar,development
2023-06-21,2023-06-28,long_iron_fly_w300,paired_sample_incomplete:intraday:duplicate_exact_contract_bar;overnight:duplicate_exact_contract_bar,development
2023-06-21,2023-06-28,short_iron_condor_100_300,paired_sample_incomplete:intraday:duplicate_exact_contract_bar;overnight:duplicate_exact_contract_bar,development
2023-06-21,2023-06-28,bull_put_credit_100_300,paired_sample_incomplete:intraday:duplicate_exact_contract_bar;overnight:duplicate_exact_contract_bar,development
2023-06-21,2023-06-28,bear_call_credit_100_300,paired_sample_incomplete:intraday:duplicate_exact_contract_bar;overnight:duplicate_exact_contract_bar,development
2023-06-22,2023-06-28,short_atm_straddle,paired_sample_incomplete:intraday:duplicate_exact_contract_bar;overnight:duplicate_exact_contract_bar,development
2023-06-22,2023-06-28,short_iron_fly_w100,paired_sample_incomplete:intraday:duplicate_exact_contract_bar;overnight:duplicate_exact_contract_bar,development
2023-06-22,2023-06-28,short_iron_fly_w200,paired_sample_incomplete:intraday:duplicate_exact_contract_bar;overnight:duplicate_exact_contract_bar,development
2023-06-22,2023-06-28,short_iron_fly_w300,paired_sample_incomplete:intraday:duplicate_exact_contract_bar;overnight:duplicate_exact_contract_bar,development
2023-06-22,2023-06-28,long_iron_fly_w100,paired_sample_incomplete:intraday:duplicate_exact_contract_bar;overnight:duplicate_exact_contract_bar,development
2023-06-22,2023-06-28,long_iron_fly_w200,paired_sample_incomplete:intraday:duplicate_exact_contract_bar;overnight:duplicate_exact_contract_bar,development
2023-06-22,2023-06-28,long_iron_fly_w300,paired_sample_incomplete:intraday:duplicate_exact_contract_bar;overnight:duplicate_exact_contract_bar,development
2023-06-22,2023-06-28,short_iron_condor_100_300,paired_sample_incomplete:intraday:duplicate_exact_contract_bar;overnight:duplicate_exact_contract_bar,development
2023-06-22,2023-06-28,bull_put_credit_100_300,paired_sample_incomplete:intraday:duplicate_exact_contract_bar;overnight:duplicate_exact_contract_bar,development
2023-06-22,2023-06-28,bear_call_credit_100_300,paired_sample_incomplete:intraday:duplicate_exact_contract_bar;overnight:duplicate_exact_contract_bar,development
2023-06-23,2023-06-28,short_atm_straddle,paired_sample_incomplete:intraday:duplicate_exact_contract_bar;overnight:duplicate_exact_contract_bar,development
2023-06-23,2023-06-28,short_iron_fly_w100,paired_sample_incomplete:intraday:duplicate_exact_contract_bar;overnight:duplicate_exact_contract_bar,development
2023-06-23,2023-06-28,short_iron_fly_w200,paired_sample_incomplete:intraday:duplicate_exact_contract_bar;overnight:duplicate_exact_contract_bar,development
2023-06-23,2023-06-28,short_iron_fly_w300,paired_sample_incomplete:intraday:duplicate_exact_contract_bar;overnight:duplicate_exact_contract_bar,development
2023-06-23,2023-06-28,long_iron_fly_w100,paired_sample_incomplete:intraday:duplicate_exact_contract_bar;overnight:duplicate_exact_contract_bar,development
2023-06-23,2023-06-28,long_iron_fly_w200,paired_sample_incomplete:intraday:duplicate_exact_contract_bar;overnight:duplicate_exact_contract_bar,development
2023-06-23,2023-06-28,long_iron_fly_w300,paired_sample_incomplete:intraday:duplicate_exact_contract_bar;overnight:duplicate_exact_contract_bar,development
2023-06-23,2023-06-28,short_iron_condor_100_300,paired_sample_incomplete:intraday:duplicate_exact_contract_bar;overnight:duplicate_exact_contract_bar,development
2023-06-23,2023-06-28,bull_put_credit_100_300,paired_sample_incomplete:intraday:duplicate_exact_contract_bar;overnight:duplicate_exact_contract_bar,development
2023-06-23,2023-06-28,bear_call_credit_100_300,paired_sample_incomplete:intraday:duplicate_exact_contract_bar;overnight:duplicate_exact_contract_bar,development
2023-06-26,2023-06-28,short_atm_straddle,paired_sample_incomplete:intraday:duplicate_exact_contract_bar;overnight:duplicate_exact_contract_bar,development
2023-06-26,2023-06-28,short_iron_fly_w100,paired_sample_incomplete:intraday:duplicate_exact_contract_bar;overnight:duplicate_exact_contract_bar,development
2023-06-26,2023-06-28,short_iron_fly_w200,paired_sample_incomplete:intraday:duplicate_exact_contract_bar;overnight:duplicate_exact_contract_bar,development
2023-06-26,2023-06-28,short_iron_fly_w300,paired_sample_incomplete:intraday:duplicate_exact_contract_bar;overnight:duplicate_exact_contract_bar,development
2023-06-26,2023-06-28,long_iron_fly_w100,paired_sample_incomplete:intraday:duplicate_exact_contract_bar;overnight:duplicate_exact_contract_bar,development
2023-06-26,2023-06-28,long_iron_fly_w200,paired_sample_incomplete:intraday:duplicate_exact_contract_bar;overnight:duplicate_exact_contract_bar,development
2023-06-26,2023-06-28,long_iron_fly_w300,paired_sample_incomplete:intraday:duplicate_exact_contract_bar;overnight:duplicate_exact_contract_bar,development
2023-06-26,2023-06-28,short_iron_condor_100_300,paired_sample_incomplete:intraday:duplicate_exact_contract_bar;overnight:duplicate_exact_contract_bar,development
2023-06-26,2023-06-28,bull_put_credit_100_300,paired_sample_incomplete:intraday:duplicate_exact_contract_bar;overnight:duplicate_exact_contract_bar,development
2023-06-26,2023-06-28,bear_call_credit_100_300,paired_sample_incomplete:intraday:duplicate_exact_contract_bar;overnight:duplicate_exact_contract_bar,development
2023-06-27,2023-07-06,short_atm_straddle,paired_sample_incomplete:intraday:duplicate_exact_contract_bar;overnight:duplicate_exact_contract_bar,development
2023-06-27,2023-07-06,short_iron_fly_w100,paired_sample_incomplete:intraday:duplicate_exact_contract_bar;overnight:duplicate_exact_contract_bar,development
2023-06-27,2023-07-06,short_iron_fly_w200,paired_sample_incomplete:intraday:duplicate_exact_contract_bar;overnight:duplicate_exact_contract_bar,development
2023-06-27,2023-07-06,short_iron_fly_w300,paired_sample_incomplete:intraday:duplicate_exact_contract_bar;overnight:duplicate_exact_contract_bar,development
2023-06-27,2023-07-06,long_iron_fly_w100,paired_sample_incomplete:intraday:duplicate_exact_contract_bar;overnight:duplicate_exact_contract_bar,development
2023-06-27,2023-07-06,long_iron_fly_w200,paired_sample_incomplete:intraday:duplicate_exact_contract_bar;overnight:duplicate_exact_contract_bar,development
2023-06-27,2023-07-06,long_iron_fly_w300,paired_sample_incomplete:intraday:duplicate_exact_contract_bar;overnight:duplicate_exact_contract_bar,development
2023-06-27,2023-07-06,short_iron_condor_100_300,paired_sample_incomplete:intraday:duplicate_exact_contract_bar;overnight:duplicate_exact_contract_bar,development
2023-06-27,2023-07-06,bull_put_credit_100_300,paired_sample_incomplete:intraday:duplicate_exact_contract_bar;overnight:duplicate_exact_contract_bar,development
2023-06-27,2023-07-06,bear_call_credit_100_300,paired_sample_incomplete:intraday:duplicate_exact_contract_bar;overnight:duplicate_exact_contract_bar,development
2023-06-28,2023-07-06,short_atm_straddle,paired_sample_incomplete:intraday:duplicate_exact_contract_bar;overnight:duplicate_exact_contract_bar,development
2023-06-28,2023-07-06,short_iron_fly_w100,paired_sample_incomplete:intraday:duplicate_exact_contract_bar;overnight:duplicate_exact_contract_bar,development
2023-06-28,2023-07-06,short_iron_fly_w200,paired_sample_incomplete:intraday:duplicate_exact_contract_bar;overnight:duplicate_exact_contract_bar,development
2023-06-28,2023-07-06,short_iron_fly_w300,paired_sample_incomplete:intraday:duplicate_exact_contract_bar;overnight:duplicate_exact_contract_bar,development
2023-06-28,2023-07-06,long_iron_fly_w100,paired_sample_incomplete:intraday:duplicate_exact_contract_bar;overnight:duplicate_exact_contract_bar,development
2023-06-28,2023-07-06,long_iron_fly_w200,paired_sample_incomplete:intraday:duplicate_exact_contract_bar;overnight:duplicate_exact_contract_bar,development
2023-06-28,2023-07-06,long_iron_fly_w300,paired_sample_incomplete:intraday:duplicate_exact_contract_bar;overnight:duplicate_exact_contract_bar,development
2023-06-28,2023-07-06,short_iron_condor_100_300,paired_sample_incomplete:intraday:duplicate_exact_contract_bar;overnight:duplicate_exact_contract_bar,development
2023-06-28,2023-07-06,bull_put_credit_100_300,paired_sample_incomplete:intraday:duplicate_exact_contract_bar;overnight:duplicate_exact_contract_bar,development
2023-06-28,2023-07-06,bear_call_credit_100_300,paired_sample_incomplete:intraday:duplicate_exact_contract_bar;overnight:duplicate_exact_contract_bar,development
2023-06-30,2023-07-06,short_atm_straddle,paired_sample_incomplete:intraday:duplicate_exact_contract_bar;overnight:duplicate_exact_contract_bar,development
2023-06-30,2023-07-06,short_iron_fly_w100,paired_sample_incomplete:intraday:duplicate_exact_contract_bar;overnight:duplicate_exact_contract_bar,development
2023-06-30,2023-07-06,short_iron_fly_w200,paired_sample_incomplete:intraday:duplicate_exact_contract_bar;overnight:duplicate_exact_contract_bar,development
2023-06-30,2023-07-06,short_iron_fly_w300,paired_sample_incomplete:intraday:duplicate_exact_contract_bar;overnight:duplicate_exact_contract_bar,development
2023-06-30,2023-07-06,long_iron_fly_w100,paired_sample_incomplete:intraday:duplicate_exact_contract_bar;overnight:duplicate_exact_contract_bar,development
2023-06-30,2023-07-06,long_iron_fly_w200,paired_sample_incomplete:intraday:duplicate_exact_contract_bar;overnight:duplicate_exact_contract_bar,development
2023-06-30,2023-07-06,long_iron_fly_w300,paired_sample_incomplete:intraday:duplicate_exact_contract_bar;overnight:duplicate_exact_contract_bar,development
2023-06-30,2023-07-06,short_iron_condor_100_300,paired_sample_incomplete:intraday:duplicate_exact_contract_bar;overnight:duplicate_exact_contract_bar,development
2023-06-30,2023-07-06,bull_put_credit_100_300,paired_sample_incomplete:intraday:duplicate_exact_contract_bar;overnight:duplicate_exact_contract_bar,development
2023-06-30,2023-07-06,bear_call_credit_100_300,paired_sample_incomplete:intraday:duplicate_exact_contract_bar;overnight:duplicate_exact_contract_bar,development
2023-07-03,2023-07-06,short_atm_straddle,paired_sample_incomplete:intraday:duplicate_exact_contract_bar;overnight:duplicate_exact_contract_bar,development
2023-07-03,2023-07-06,short_iron_fly_w100,paired_sample_incomplete:intraday:duplicate_exact_contract_bar;overnight:duplicate_exact_contract_bar,development
2023-07-03,2023-07-06,short_iron_fly_w200,paired_sample_incomplete:intraday:duplicate_exact_contract_bar;overnight:duplicate_exact_contract_bar,development
2023-07-03,2023-07-06,short_iron_fly_w300,paired_sample_incomplete:intraday:duplicate_exact_contract_bar;overnight:duplicate_exact_contract_bar,development
2023-07-03,2023-07-06,long_iron_fly_w100,paired_sample_incomplete:intraday:duplicate_exact_contract_bar;overnight:duplicate_exact_contract_bar,development
2023-07-03,2023-07-06,long_iron_fly_w200,paired_sample_incomplete:intraday:duplicate_exact_contract_bar;overnight:duplicate_exact_contract_bar,development
2023-07-03,2023-07-06,long_iron_fly_w300,paired_sample_incomplete:intraday:duplicate_exact_contract_bar;overnight:duplicate_exact_contract_bar,development
2023-07-03,2023-07-06,short_iron_condor_100_300,paired_sample_incomplete:intraday:duplicate_exact_contract_bar;overnight:duplicate_exact_contract_bar,development
2023-07-03,2023-07-06,bull_put_credit_100_300,paired_sample_incomplete:intraday:duplicate_exact_contract_bar;overnight:duplicate_exact_contract_bar,development
2023-07-03,2023-07-06,bear_call_credit_100_300,paired_sample_incomplete:intraday:duplicate_exact_contract_bar;overnight:duplicate_exact_contract_bar,development
2023-07-04,2023-07-06,short_atm_straddle,paired_sample_incomplete:intraday:duplicate_exact_contract_bar;overnight:duplicate_exact_contract_bar,development
2023-07-04,2023-07-06,short_iron_fly_w100,paired_sample_incomplete:intraday:duplicate_exact_contract_bar;overnight:duplicate_exact_contract_bar,development
2023-07-04,2023-07-06,short_iron_fly_w200,paired_sample_incomplete:intraday:duplicate_exact_contract_bar;overnight:duplicate_exact_contract_bar,development
2023-07-04,2023-07-06,short_iron_fly_w300,paired_sample_incomplete:intraday:duplicate_exact_contract_bar;overnight:duplicate_exact_contract_bar,development
2023-07-04,2023-07-06,long_iron_fly_w100,paired_sample_incomplete:intraday:duplicate_exact_contract_bar;overnight:duplicate_exact_contract_bar,development
2023-07-04,2023-07-06,long_iron_fly_w200,paired_sample_incomplete:intraday:duplicate_exact_contract_bar;overnight:duplicate_exact_contract_bar,development
2023-07-04,2023-07-06,long_iron_fly_w300,paired_sample_incomplete:intraday:duplicate_exact_contract_bar;overnight:duplicate_exact_contract_bar,development
2023-07-04,2023-07-06,short_iron_condor_100_300,paired_sample_incomplete:intraday:duplicate_exact_contract_bar;overnight:duplicate_exact_contract_bar,development
2023-07-04,2023-07-06,bull_put_credit_100_300,paired_sample_incomplete:intraday:duplicate_exact_contract_bar;overnight:duplicate_exact_contract_bar,development
2023-07-04,2023-07-06,bear_call_credit_100_300,paired_sample_incomplete:intraday:duplicate_exact_contract_bar;overnight:duplicate_exact_contract_bar,development
2023-07-05,2023-07-13,short_iron_fly_w100,paired_sample_incomplete:intraday:duplicate_exact_contract_bar;overnight:duplicate_exact_contract_bar,development
2023-07-05,2023-07-13,short_iron_fly_w200,paired_sample_incomplete:intraday:duplicate_exact_contract_bar;overnight:duplicate_exact_contract_bar,development
2023-07-05,2023-07-13,short_iron_fly_w300,paired_sample_incomplete:intraday:duplicate_exact_contract_bar;overnight:duplicate_exact_contract_bar,development
2023-07-05,2023-07-13,long_iron_fly_w100,paired_sample_incomplete:intraday:duplicate_exact_contract_bar;overnight:duplicate_exact_contract_bar,development
2023-07-05,2023-07-13,long_iron_fly_w200,paired_sample_incomplete:intraday:duplicate_exact_contract_bar;overnight:duplicate_exact_contract_bar,development
2023-07-05,2023-07-13,long_iron_fly_w300,paired_sample_incomplete:intraday:duplicate_exact_contract_bar;overnight:duplicate_exact_contract_bar,development
2023-07-05,2023-07-13,short_iron_condor_100_300,paired_sample_incomplete:intraday:duplicate_exact_contract_bar;overnight:duplicate_exact_contract_bar,development
2023-07-05,2023-07-13,bull_put_credit_100_300,paired_sample_incomplete:intraday:duplicate_exact_contract_bar;overnight:duplicate_exact_contract_bar,development
2023-07-05,2023-07-13,bear_call_credit_100_300,paired_sample_incomplete:intraday:duplicate_exact_contract_bar;overnight:duplicate_exact_contract_bar,development
2023-07-06,2023-07-13,short_iron_fly_w100,paired_sample_incomplete:intraday:duplicate_exact_contract_bar;overnight:duplicate_exact_contract_bar,development
2023-07-06,2023-07-13,short_iron_fly_w200,paired_sample_incomplete:intraday:duplicate_exact_contract_bar;overnight:duplicate_exact_contract_bar,development
2023-07-06,2023-07-13,short_iron_fly_w300,paired_sample_incomplete:intraday:duplicate_exact_contract_bar;overnight:duplicate_exact_contract_bar,development
2023-07-06,2023-07-13,long_iron_fly_w100,paired_sample_incomplete:intraday:duplicate_exact_contract_bar;overnight:duplicate_exact_contract_bar,development
2023-07-06,2023-07-13,long_iron_fly_w200,paired_sample_incomplete:intraday:duplicate_exact_contract_bar;overnight:duplicate_exact_contract_bar,development
2023-07-06,2023-07-13,long_iron_fly_w300,paired_sample_incomplete:intraday:duplicate_exact_contract_bar;overnight:duplicate_exact_contract_bar,development
2023-07-06,2023-07-13,short_iron_condor_100_300,paired_sample_incomplete:intraday:duplicate_exact_contract_bar;overnight:duplicate_exact_contract_bar,development
2023-07-06,2023-07-13,bull_put_credit_100_300,paired_sample_incomplete:intraday:duplicate_exact_contract_bar;overnight:duplicate_exact_contract_bar,development
2023-07-06,2023-07-13,bear_call_credit_100_300,paired_sample_incomplete:intraday:duplicate_exact_contract_bar;overnight:duplicate_exact_contract_bar,development
2023-07-07,2023-07-13,short_atm_straddle,paired_sample_incomplete:intraday:duplicate_exact_contract_bar;overnight:duplicate_exact_contract_bar,development
2023-07-07,2023-07-13,short_iron_fly_w100,paired_sample_incomplete:intraday:duplicate_exact_contract_bar;overnight:duplicate_exact_contract_bar,development
2023-07-07,2023-07-13,short_iron_fly_w200,paired_sample_incomplete:intraday:duplicate_exact_contract_bar;overnight:duplicate_exact_contract_bar,development
2023-07-07,2023-07-13,short_iron_fly_w300,paired_sample_incomplete:intraday:duplicate_exact_contract_bar;overnight:duplicate_exact_contract_bar,development
2023-07-07,2023-07-13,long_iron_fly_w100,paired_sample_incomplete:intraday:duplicate_exact_contract_bar;overnight:duplicate_exact_contract_bar,development
2023-07-07,2023-07-13,long_iron_fly_w200,paired_sample_incomplete:intraday:duplicate_exact_contract_bar;overnight:duplicate_exact_contract_bar,development
2023-07-07,2023-07-13,long_iron_fly_w300,paired_sample_incomplete:intraday:duplicate_exact_contract_bar;overnight:duplicate_exact_contract_bar,development
2023-07-07,2023-07-13,short_iron_condor_100_300,paired_sample_incomplete:intraday:duplicate_exact_contract_bar;overnight:duplicate_exact_contract_bar,development
2023-07-07,2023-07-13,bull_put_credit_100_300,paired_sample_incomplete:intraday:duplicate_exact_contract_bar;overnight:duplicate_exact_contract_bar,development
2023-07-07,2023-07-13,bear_call_credit_100_300,paired_sample_incomplete:intraday:duplicate_exact_contract_bar;overnight:duplicate_exact_contract_bar,development
2023-07-10,2023-07-13,short_iron_fly_w100,paired_sample_incomplete:intraday:duplicate_exact_contract_bar;overnight:duplicate_exact_contract_bar,development
2023-07-10,2023-07-13,short_iron_fly_w200,paired_sample_incomplete:intraday:duplicate_exact_contract_bar;overnight:duplicate_exact_contract_bar,development
2023-07-10,2023-07-13,short_iron_fly_w300,paired_sample_incomplete:intraday:duplicate_exact_contract_bar;overnight:duplicate_exact_contract_bar,development
2023-07-10,2023-07-13,long_iron_fly_w100,paired_sample_incomplete:intraday:duplicate_exact_contract_bar;overnight:duplicate_exact_contract_bar,development
2023-07-10,2023-07-13,long_iron_fly_w200,paired_sample_incomplete:intraday:duplicate_exact_contract_bar;overnight:duplicate_exact_contract_bar,development
2023-07-10,2023-07-13,long_iron_fly_w300,paired_sample_incomplete:intraday:duplicate_exact_contract_bar;overnight:duplicate_exact_contract_bar,development
2023-07-10,2023-07-13,short_iron_condor_100_300,paired_sample_incomplete:intraday:duplicate_exact_contract_bar;overnight:duplicate_exact_contract_bar,development
2023-07-10,2023-07-13,bull_put_credit_100_300,paired_sample_incomplete:intraday:duplicate_exact_contract_bar;overnight:duplicate_exact_contract_bar,development
2023-07-10,2023-07-13,bear_call_credit_100_300,paired_sample_incomplete:intraday:duplicate_exact_contract_bar;overnight:duplicate_exact_contract_bar,development
2023-07-11,2023-07-13,short_atm_straddle,paired_sample_incomplete:intraday:duplicate_exact_contract_bar;overnight:duplicate_exact_contract_bar,development
2023-07-11,2023-07-13,short_iron_fly_w100,paired_sample_incomplete:intraday:duplicate_exact_contract_bar;overnight:duplicate_exact_contract_bar,development
2023-07-11,2023-07-13,short_iron_fly_w200,paired_sample_incomplete:intraday:duplicate_exact_contract_bar;overnight:duplicate_exact_contract_bar,development
2023-07-11,2023-07-13,short_iron_fly_w300,paired_sample_incomplete:intraday:duplicate_exact_contract_bar;overnight:duplicate_exact_contract_bar,development
2023-07-11,2023-07-13,long_iron_fly_w100,paired_sample_incomplete:intraday:duplicate_exact_contract_bar;overnight:duplicate_exact_contract_bar,development
2023-07-11,2023-07-13,long_iron_fly_w200,paired_sample_incomplete:intraday:duplicate_exact_contract_bar;overnight:duplicate_exact_contract_bar,development
2023-07-11,2023-07-13,long_iron_fly_w300,paired_sample_incomplete:intraday:duplicate_exact_contract_bar;overnight:duplicate_exact_contract_bar,development
2023-07-11,2023-07-13,short_iron_condor_100_300,paired_sample_incomplete:intraday:duplicate_exact_contract_bar;overnight:duplicate_exact_contract_bar,development
2023-07-11,2023-07-13,bull_put_credit_100_300,paired_sample_incomplete:intraday:duplicate_exact_contract_bar;overnight:duplicate_exact_contract_bar,development
2023-07-11,2023-07-13,bear_call_credit_100_300,paired_sample_incomplete:intraday:duplicate_exact_contract_bar;overnight:duplicate_exact_contract_bar,development
2023-07-12,2023-07-20,short_atm_straddle,paired_sample_incomplete:intraday:duplicate_exact_contract_bar;overnight:duplicate_exact_contract_bar,development
2023-07-12,2023-07-20,short_iron_fly_w100,paired_sample_incomplete:intraday:duplicate_exact_contract_bar;overnight:duplicate_exact_contract_bar,development
2023-07-12,2023-07-20,short_iron_fly_w200,paired_sample_incomplete:intraday:duplicate_exact_contract_bar;overnight:duplicate_exact_contract_bar,development
2023-07-12,2023-07-20,short_iron_fly_w300,paired_sample_incomplete:intraday:duplicate_exact_contract_bar;overnight:duplicate_exact_contract_bar,development
2023-07-12,2023-07-20,long_iron_fly_w100,paired_sample_incomplete:intraday:duplicate_exact_contract_bar;overnight:duplicate_exact_contract_bar,development
2023-07-12,2023-07-20,long_iron_fly_w200,paired_sample_incomplete:intraday:duplicate_exact_contract_bar;overnight:duplicate_exact_contract_bar,development
2023-07-12,2023-07-20,long_iron_fly_w300,paired_sample_incomplete:intraday:duplicate_exact_contract_bar;overnight:duplicate_exact_contract_bar,development
2023-07-12,2023-07-20,short_iron_condor_100_300,paired_sample_incomplete:intraday:duplicate_exact_contract_bar;overnight:duplicate_exact_contract_bar,development
2023-07-12,2023-07-20,bull_put_credit_100_300,paired_sample_incomplete:intraday:duplicate_exact_contract_bar;overnight:duplicate_exact_contract_bar,development
2023-07-13,2023-07-20,short_atm_straddle,paired_sample_incomplete:intraday:duplicate_exact_contract_bar;overnight:duplicate_exact_contract_bar,development
2023-07-13,2023-07-20,short_iron_fly_w100,paired_sample_incomplete:intraday:duplicate_exact_contract_bar;overnight:duplicate_exact_contract_bar,development
2023-07-13,2023-07-20,short_iron_fly_w200,paired_sample_incomplete:intraday:duplicate_exact_contract_bar;overnight:duplicate_exact_contract_bar,development
2023-07-13,2023-07-20,short_iron_fly_w300,paired_sample_incomplete:intraday:duplicate_exact_contract_bar;overnight:duplicate_exact_contract_bar,development
2023-07-13,2023-07-20,long_iron_fly_w100,paired_sample_incomplete:intraday:duplicate_exact_contract_bar;overnight:duplicate_exact_contract_bar,development
2023-07-13,2023-07-20,long_iron_fly_w200,paired_sample_incomplete:intraday:duplicate_exact_contract_bar;overnight:duplicate_exact_contract_bar,development
2023-07-13,2023-07-20,long_iron_fly_w300,paired_sample_incomplete:intraday:duplicate_exact_contract_bar;overnight:duplicate_exact_contract_bar,development
2023-07-13,2023-07-20,short_iron_condor_100_300,paired_sample_incomplete:intraday:duplicate_exact_contract_bar;overnight:duplicate_exact_contract_bar,development
2023-07-13,2023-07-20,bull_put_credit_100_300,paired_sample_incomplete:intraday:duplicate_exact_contract_bar;overnight:duplicate_exact_contract_bar,development
2023-07-14,2023-07-20,short_atm_straddle,paired_sample_incomplete:intraday:duplicate_exact_contract_bar;overnight:duplicate_exact_contract_bar,development
2023-07-14,2023-07-20,short_iron_fly_w100,paired_sample_incomplete:intraday:duplicate_exact_contract_bar;overnight:duplicate_exact_contract_bar,development
2023-07-14,2023-07-20,short_iron_fly_w200,paired_sample_incomplete:intraday:duplicate_exact_contract_bar;overnight:duplicate_exact_contract_bar,development
2023-07-14,2023-07-20,short_iron_fly_w300,paired_sample_incomplete:intraday:duplicate_exact_contract_bar;overnight:duplicate_exact_contract_bar,development
2023-07-14,2023-07-20,long_iron_fly_w100,paired_sample_incomplete:intraday:duplicate_exact_contract_bar;overnight:duplicate_exact_contract_bar,development
2023-07-14,2023-07-20,long_iron_fly_w200,paired_sample_incomplete:intraday:duplicate_exact_contract_bar;overnight:duplicate_exact_contract_bar,development
2023-07-14,2023-07-20,long_iron_fly_w300,paired_sample_incomplete:intraday:duplicate_exact_contract_bar;overnight:duplicate_exact_contract_bar,development
2023-07-14,2023-07-20,short_iron_condor_100_300,paired_sample_incomplete:intraday:duplicate_exact_contract_bar;overnight:duplicate_exact_contract_bar,development
2023-07-14,2023-07-20,bull_put_credit_100_300,paired_sample_incomplete:intraday:duplicate_exact_contract_bar;overnight:duplicate_exact_contract_bar,development
2023-07-17,2023-07-20,short_atm_straddle,paired_sample_incomplete:intraday:duplicate_exact_contract_bar;overnight:duplicate_exact_contract_bar,development
2023-07-17,2023-07-20,short_iron_fly_w100,paired_sample_incomplete:intraday:duplicate_exact_contract_bar;overnight:duplicate_exact_contract_bar,development
2023-07-17,2023-07-20,short_iron_fly_w200,paired_sample_incomplete:intraday:duplicate_exact_contract_bar;overnight:duplicate_exact_contract_bar,development
2023-07-17,2023-07-20,short_iron_fly_w300,paired_sample_incomplete:intraday:duplicate_exact_contract_bar;overnight:duplicate_exact_contract_bar,development
2023-07-17,2023-07-20,long_iron_fly_w100,paired_sample_incomplete:intraday:duplicate_exact_contract_bar;overnight:duplicate_exact_contract_bar,development
2023-07-17,2023-07-20,long_iron_fly_w200,paired_sample_incomplete:intraday:duplicate_exact_contract_bar;overnight:duplicate_exact_contract_bar,development
2023-07-17,2023-07-20,long_iron_fly_w300,paired_sample_incomplete:intraday:duplicate_exact_contract_bar;overnight:duplicate_exact_contract_bar,development
2023-07-17,2023-07-20,short_iron_condor_100_300,paired_sample_incomplete:intraday:duplicate_exact_contract_bar;overnight:duplicate_exact_contract_bar,development
2023-07-17,2023-07-20,bull_put_credit_100_300,paired_sample_incomplete:intraday:duplicate_exact_contract_bar;overnight:duplicate_exact_contract_bar,development
2023-07-17,2023-07-20,bear_call_credit_100_300,paired_sample_incomplete:intraday:duplicate_exact_contract_bar;overnight:duplicate_exact_contract_bar,development
2023-07-18,2023-07-20,short_iron_fly_w200,paired_sample_incomplete:intraday:duplicate_exact_contract_bar;overnight:duplicate_exact_contract_bar,development
2023-07-18,2023-07-20,short_iron_fly_w300,paired_sample_incomplete:intraday:duplicate_exact_contract_bar;overnight:duplicate_exact_contract_bar,development
2023-07-18,2023-07-20,long_iron_fly_w200,paired_sample_incomplete:intraday:duplicate_exact_contract_bar;overnight:duplicate_exact_contract_bar,development
2023-07-18,2023-07-20,long_iron_fly_w300,paired_sample_incomplete:intraday:duplicate_exact_contract_bar;overnight:duplicate_exact_contract_bar,development
2023-07-18,2023-07-20,short_iron_condor_100_300,paired_sample_incomplete:intraday:duplicate_exact_contract_bar;overnight:duplicate_exact_contract_bar,development
2023-07-18,2023-07-20,bull_put_credit_100_300,paired_sample_incomplete:intraday:duplicate_exact_contract_bar;overnight:duplicate_exact_contract_bar,development
2023-07-19,2023-07-27,short_atm_straddle,paired_sample_incomplete:intraday:duplicate_exact_contract_bar;overnight:duplicate_exact_contract_bar,development
2023-07-19,2023-07-27,short_iron_fly_w100,paired_sample_incomplete:intraday:duplicate_exact_contract_bar;overnight:duplicate_exact_contract_bar,development
2023-07-19,2023-07-27,short_iron_fly_w200,paired_sample_incomplete:intraday:duplicate_exact_contract_bar;overnight:duplicate_exact_contract_bar,development
2023-07-19,2023-07-27,short_iron_fly_w300,paired_sample_incomplete:intraday:duplicate_exact_contract_bar;overnight:duplicate_exact_contract_bar,development
2023-07-19,2023-07-27,long_iron_fly_w100,paired_sample_incomplete:intraday:duplicate_exact_contract_bar;overnight:duplicate_exact_contract_bar,development
2023-07-19,2023-07-27,long_iron_fly_w200,paired_sample_incomplete:intraday:duplicate_exact_contract_bar;overnight:duplicate_exact_contract_bar,development
2023-07-19,2023-07-27,long_iron_fly_w300,paired_sample_incomplete:intraday:duplicate_exact_contract_bar;overnight:duplicate_exact_contract_bar,development
2023-07-19,2023-07-27,short_iron_condor_100_300,paired_sample_incomplete:intraday:duplicate_exact_contract_bar;overnight:duplicate_exact_contract_bar,development
2023-07-19,2023-07-27,bull_put_credit_100_300,paired_sample_incomplete:intraday:duplicate_exact_contract_bar;overnight:duplicate_exact_contract_bar,development
2023-07-19,2023-07-27,bear_call_credit_100_300,paired_sample_incomplete:intraday:duplicate_exact_contract_bar;overnight:duplicate_exact_contract_bar,development
2023-07-20,2023-07-27,short_atm_straddle,paired_sample_incomplete:intraday:duplicate_exact_contract_bar;overnight:duplicate_exact_contract_bar,development
2023-07-20,2023-07-27,short_iron_fly_w100,paired_sample_incomplete:intraday:duplicate_exact_contract_bar;overnight:duplicate_exact_contract_bar,development
2023-07-20,2023-07-27,short_iron_fly_w200,paired_sample_incomplete:intraday:duplicate_exact_contract_bar;overnight:duplicate_exact_contract_bar,development
2023-07-20,2023-07-27,short_iron_fly_w300,paired_sample_incomplete:intraday:duplicate_exact_contract_bar;overnight:duplicate_exact_contract_bar,development
2023-07-20,2023-07-27,long_iron_fly_w100,paired_sample_incomplete:intraday:duplicate_exact_contract_bar;overnight:duplicate_exact_contract_bar,development
2023-07-20,2023-07-27,long_iron_fly_w200,paired_sample_incomplete:intraday:duplicate_exact_contract_bar;overnight:duplicate_exact_contract_bar,development
2023-07-20,2023-07-27,long_iron_fly_w300,paired_sample_incomplete:intraday:duplicate_exact_contract_bar;overnight:duplicate_exact_contract_bar,development
2023-07-20,2023-07-27,short_iron_condor_100_300,paired_sample_incomplete:intraday:duplicate_exact_contract_bar;overnight:duplicate_exact_contract_bar,development
2023-07-20,2023-07-27,bull_put_credit_100_300,paired_sample_incomplete:intraday:duplicate_exact_contract_bar;overnight:duplicate_exact_contract_bar,development
2023-07-20,2023-07-27,bear_call_credit_100_300,paired_sample_incomplete:intraday:duplicate_exact_contract_bar;overnight:duplicate_exact_contract_bar,development
2023-07-21,2023-07-27,short_atm_straddle,paired_sample_incomplete:intraday:duplicate_exact_contract_bar;overnight:duplicate_exact_contract_bar,development
2023-07-21,2023-07-27,short_iron_fly_w100,paired_sample_incomplete:intraday:duplicate_exact_contract_bar;overnight:duplicate_exact_contract_bar,development
2023-07-21,2023-07-27,short_iron_fly_w200,paired_sample_incomplete:intraday:duplicate_exact_contract_bar;overnight:duplicate_exact_contract_bar,development
2023-07-21,2023-07-27,short_iron_fly_w300,paired_sample_incomplete:intraday:duplicate_exact_contract_bar;overnight:duplicate_exact_contract_bar,development
2023-07-21,2023-07-27,long_iron_fly_w100,paired_sample_incomplete:intraday:duplicate_exact_contract_bar;overnight:duplicate_exact_contract_bar,development
2023-07-21,2023-07-27,long_iron_fly_w200,paired_sample_incomplete:intraday:duplicate_exact_contract_bar;overnight:duplicate_exact_contract_bar,development
2023-07-21,2023-07-27,long_iron_fly_w300,paired_sample_incomplete:intraday:duplicate_exact_contract_bar;overnight:duplicate_exact_contract_bar,development
2023-07-21,2023-07-27,short_iron_condor_100_300,paired_sample_incomplete:intraday:duplicate_exact_contract_bar;overnight:duplicate_exact_contract_bar,development
2023-07-21,2023-07-27,bull_put_credit_100_300,paired_sample_incomplete:intraday:duplicate_exact_contract_bar;overnight:duplicate_exact_contract_bar,development
2023-07-21,2023-07-27,bear_call_credit_100_300,paired_sample_incomplete:intraday:duplicate_exact_contract_bar;overnight:duplicate_exact_contract_bar,development
2023-07-24,2023-07-27,short_iron_fly_w100,paired_sample_incomplete:intraday:duplicate_exact_contract_bar;overnight:duplicate_exact_contract_bar,development
2023-07-24,2023-07-27,short_iron_fly_w200,paired_sample_incomplete:intraday:duplicate_exact_contract_bar;overnight:duplicate_exact_contract_bar,development
2023-07-24,2023-07-27,short_iron_fly_w300,paired_sample_incomplete:intraday:duplicate_exact_contract_bar;overnight:duplicate_exact_contract_bar,development
2023-07-24,2023-07-27,long_iron_fly_w100,paired_sample_incomplete:intraday:duplicate_exact_contract_bar;overnight:duplicate_exact_contract_bar,development
2023-07-24,2023-07-27,long_iron_fly_w200,paired_sample_incomplete:intraday:duplicate_exact_contract_bar;overnight:duplicate_exact_contract_bar,development
2023-07-24,2023-07-27,long_iron_fly_w300,paired_sample_incomplete:intraday:duplicate_exact_contract_bar;overnight:duplicate_exact_contract_bar,development
2023-07-24,2023-07-27,short_iron_condor_100_300,paired_sample_incomplete:intraday:duplicate_exact_contract_bar;overnight:duplicate_exact_contract_bar,development
2023-07-24,2023-07-27,bull_put_credit_100_300,paired_sample_incomplete:intraday:duplicate_exact_contract_bar;overnight:duplicate_exact_contract_bar,development
2023-07-25,2023-07-27,short_iron_fly_w100,paired_sample_incomplete:intraday:duplicate_exact_contract_bar;overnight:duplicate_exact_contract_bar,development
2023-07-25,2023-07-27,short_iron_fly_w200,paired_sample_incomplete:intraday:duplicate_exact_contract_bar;overnight:duplicate_exact_contract_bar,development
2023-07-25,2023-07-27,short_iron_fly_w300,paired_sample_incomplete:intraday:duplicate_exact_contract_bar;overnight:duplicate_exact_contract_bar,development
2023-07-25,2023-07-27,long_iron_fly_w100,paired_sample_incomplete:intraday:duplicate_exact_contract_bar;overnight:duplicate_exact_contract_bar,development
2023-07-25,2023-07-27,long_iron_fly_w200,paired_sample_incomplete:intraday:duplicate_exact_contract_bar;overnight:duplicate_exact_contract_bar,development
2023-07-25,2023-07-27,long_iron_fly_w300,paired_sample_incomplete:intraday:duplicate_exact_contract_bar;overnight:duplicate_exact_contract_bar,development
2023-07-25,2023-07-27,short_iron_condor_100_300,paired_sample_incomplete:intraday:duplicate_exact_contract_bar;overnight:duplicate_exact_contract_bar,development
2023-07-25,2023-07-27,bull_put_credit_100_300,paired_sample_incomplete:intraday:duplicate_exact_contract_bar;overnight:duplicate_exact_contract_bar,development
2023-07-26,2023-08-03,short_atm_straddle,paired_sample_incomplete:intraday:duplicate_exact_contract_bar;overnight:duplicate_exact_contract_bar,development
2023-07-26,2023-08-03,short_iron_fly_w100,paired_sample_incomplete:intraday:duplicate_exact_contract_bar;overnight:duplicate_exact_contract_bar,development
2023-07-26,2023-08-03,short_iron_fly_w200,paired_sample_incomplete:intraday:duplicate_exact_contract_bar;overnight:duplicate_exact_contract_bar,development
2023-07-26,2023-08-03,short_iron_fly_w300,paired_sample_incomplete:intraday:duplicate_exact_contract_bar;overnight:duplicate_exact_contract_bar,development
2023-07-26,2023-08-03,long_iron_fly_w100,paired_sample_incomplete:intraday:duplicate_exact_contract_bar;overnight:duplicate_exact_contract_bar,development
2023-07-26,2023-08-03,long_iron_fly_w200,paired_sample_incomplete:intraday:duplicate_exact_contract_bar;overnight:duplicate_exact_contract_bar,development
2023-07-26,2023-08-03,long_iron_fly_w300,paired_sample_incomplete:intraday:duplicate_exact_contract_bar;overnight:duplicate_exact_contract_bar,development
2023-07-26,2023-08-03,short_iron_condor_100_300,paired_sample_incomplete:intraday:duplicate_exact_contract_bar;overnight:duplicate_exact_contract_bar,development
2023-07-26,2023-08-03,bull_put_credit_100_300,paired_sample_incomplete:intraday:duplicate_exact_contract_bar;overnight:duplicate_exact_contract_bar,development
2023-07-26,2023-08-03,bear_call_credit_100_300,paired_sample_incomplete:intraday:duplicate_exact_contract_bar;overnight:duplicate_exact_contract_bar,development
2023-07-27,2023-08-03,short_atm_straddle,paired_sample_incomplete:intraday:duplicate_exact_contract_bar;overnight:duplicate_exact_contract_bar,development
2023-07-27,2023-08-03,short_iron_fly_w100,paired_sample_incomplete:intraday:duplicate_exact_contract_bar;overnight:duplicate_exact_contract_bar,development
2023-07-27,2023-08-03,short_iron_fly_w200,paired_sample_incomplete:intraday:duplicate_exact_contract_bar;overnight:duplicate_exact_contract_bar,development
2023-07-27,2023-08-03,short_iron_fly_w300,paired_sample_incomplete:intraday:duplicate_exact_contract_bar;overnight:duplicate_exact_contract_bar,development
2023-07-27,2023-08-03,long_iron_fly_w100,paired_sample_incomplete:intraday:duplicate_exact_contract_bar;overnight:duplicate_exact_contract_bar,development
2023-07-27,2023-08-03,long_iron_fly_w200,paired_sample_incomplete:intraday:duplicate_exact_contract_bar;overnight:duplicate_exact_contract_bar,development
2023-07-27,2023-08-03,long_iron_fly_w300,paired_sample_incomplete:intraday:duplicate_exact_contract_bar;overnight:duplicate_exact_contract_bar,development
2023-07-27,2023-08-03,short_iron_condor_100_300,paired_sample_incomplete:intraday:duplicate_exact_contract_bar;overnight:duplicate_exact_contract_bar,development
2023-07-27,2023-08-03,bull_put_credit_100_300,paired_sample_incomplete:intraday:duplicate_exact_contract_bar;overnight:duplicate_exact_contract_bar,development
2023-07-27,2023-08-03,bear_call_credit_100_300,paired_sample_incomplete:intraday:duplicate_exact_contract_bar;overnight:duplicate_exact_contract_bar,development
2023-07-28,2023-08-03,short_atm_straddle,paired_sample_incomplete:intraday:duplicate_exact_contract_bar;overnight:duplicate_exact_contract_bar,development
2023-07-28,2023-08-03,short_iron_fly_w100,paired_sample_incomplete:intraday:duplicate_exact_contract_bar;overnight:duplicate_exact_contract_bar,development
2023-07-28,2023-08-03,short_iron_fly_w200,paired_sample_incomplete:intraday:duplicate_exact_contract_bar;overnight:duplicate_exact_contract_bar,development
2023-07-28,2023-08-03,short_iron_fly_w300,paired_sample_incomplete:intraday:duplicate_exact_contract_bar;overnight:duplicate_exact_contract_bar,development
2023-07-28,2023-08-03,long_iron_fly_w100,paired_sample_incomplete:intraday:duplicate_exact_contract_bar;overnight:duplicate_exact_contract_bar,development
2023-07-28,2023-08-03,long_iron_fly_w200,paired_sample_incomplete:intraday:duplicate_exact_contract_bar;overnight:duplicate_exact_contract_bar,development
2023-07-28,2023-08-03,long_iron_fly_w300,paired_sample_incomplete:intraday:duplicate_exact_contract_bar;overnight:duplicate_exact_contract_bar,development
2023-07-28,2023-08-03,short_iron_condor_100_300,paired_sample_incomplete:intraday:duplicate_exact_contract_bar;overnight:duplicate_exact_contract_bar,development
2023-07-28,2023-08-03,bull_put_credit_100_300,paired_sample_incomplete:intraday:duplicate_exact_contract_bar;overnight:duplicate_exact_contract_bar,development
2023-07-28,2023-08-03,bear_call_credit_100_300,paired_sample_incomplete:intraday:duplicate_exact_contract_bar;overnight:duplicate_exact_contract_bar,development
2023-07-31,2023-08-03,short_atm_straddle,paired_sample_incomplete:intraday:duplicate_exact_contract_bar;overnight:duplicate_exact_contract_bar,development
2023-07-31,2023-08-03,short_iron_fly_w100,paired_sample_incomplete:intraday:duplicate_exact_contract_bar;overnight:duplicate_exact_contract_bar,development
2023-07-31,2023-08-03,short_iron_fly_w200,paired_sample_incomplete:intraday:duplicate_exact_contract_bar;overnight:duplicate_exact_contract_bar,development
2023-07-31,2023-08-03,short_iron_fly_w300,paired_sample_incomplete:intraday:duplicate_exact_contract_bar;overnight:duplicate_exact_contract_bar,development
2023-07-31,2023-08-03,long_iron_fly_w100,paired_sample_incomplete:intraday:duplicate_exact_contract_bar;overnight:duplicate_exact_contract_bar,development
2023-07-31,2023-08-03,long_iron_fly_w200,paired_sample_incomplete:intraday:duplicate_exact_contract_bar;overnight:duplicate_exact_contract_bar,development
2023-07-31,2023-08-03,long_iron_fly_w300,paired_sample_incomplete:intraday:duplicate_exact_contract_bar;overnight:duplicate_exact_contract_bar,development
2023-07-31,2023-08-03,short_iron_condor_100_300,paired_sample_incomplete:intraday:duplicate_exact_contract_bar;overnight:duplicate_exact_contract_bar,development
2023-07-31,2023-08-03,bull_put_credit_100_300,paired_sample_incomplete:intraday:duplicate_exact_contract_bar;overnight:duplicate_exact_contract_bar,development
2023-07-31,2023-08-03,bear_call_credit_100_300,paired_sample_incomplete:intraday:duplicate_exact_contract_bar;overnight:duplicate_exact_contract_bar,development
2023-08-01,2023-08-03,short_atm_straddle,paired_sample_incomplete:intraday:duplicate_exact_contract_bar;overnight:duplicate_exact_contract_bar,development
2023-08-01,2023-08-03,short_iron_fly_w100,paired_sample_incomplete:intraday:duplicate_exact_contract_bar;overnight:duplicate_exact_contract_bar,development
2023-08-01,2023-08-03,short_iron_fly_w200,paired_sample_incomplete:intraday:duplicate_exact_contract_bar;overnight:duplicate_exact_contract_bar,development
2023-08-01,2023-08-03,short_iron_fly_w300,paired_sample_incomplete:intraday:duplicate_exact_contract_bar;overnight:duplicate_exact_contract_bar,development
2023-08-01,2023-08-03,long_iron_fly_w100,paired_sample_incomplete:intraday:duplicate_exact_contract_bar;overnight:duplicate_exact_contract_bar,development
2023-08-01,2023-08-03,long_iron_fly_w200,paired_sample_incomplete:intraday:duplicate_exact_contract_bar;overnight:duplicate_exact_contract_bar,development
2023-08-01,2023-08-03,long_iron_fly_w300,paired_sample_incomplete:intraday:duplicate_exact_contract_bar;overnight:duplicate_exact_contract_bar,development
2023-08-01,2023-08-03,short_iron_condor_100_300,paired_sample_incomplete:intraday:duplicate_exact_contract_bar;overnight:duplicate_exact_contract_bar,development
2023-08-01,2023-08-03,bull_put_credit_100_300,paired_sample_incomplete:intraday:duplicate_exact_contract_bar;overnight:duplicate_exact_contract_bar,development
2023-08-01,2023-08-03,bear_call_credit_100_300,paired_sample_incomplete:intraday:duplicate_exact_contract_bar;overnight:duplicate_exact_contract_bar,development
2023-08-02,2023-08-10,short_atm_straddle,paired_sample_incomplete:intraday:duplicate_exact_contract_bar;overnight:duplicate_exact_contract_bar,development
2023-08-02,2023-08-10,short_iron_fly_w100,paired_sample_incomplete:intraday:duplicate_exact_contract_bar;overnight:duplicate_exact_contract_bar,development
2023-08-02,2023-08-10,short_iron_fly_w200,paired_sample_incomplete:intraday:duplicate_exact_contract_bar;overnight:duplicate_exact_contract_bar,development
2023-08-02,2023-08-10,short_iron_fly_w300,paired_sample_incomplete:intraday:duplicate_exact_contract_bar;overnight:duplicate_exact_contract_bar,development
2023-08-02,2023-08-10,long_iron_fly_w100,paired_sample_incomplete:intraday:duplicate_exact_contract_bar;overnight:duplicate_exact_contract_bar,development
2023-08-02,2023-08-10,long_iron_fly_w200,paired_sample_incomplete:intraday:duplicate_exact_contract_bar;overnight:duplicate_exact_contract_bar,development
2023-08-02,2023-08-10,long_iron_fly_w300,paired_sample_incomplete:intraday:duplicate_exact_contract_bar;overnight:duplicate_exact_contract_bar,development
2023-08-02,2023-08-10,short_iron_condor_100_300,paired_sample_incomplete:intraday:duplicate_exact_contract_bar;overnight:duplicate_exact_contract_bar,development
2023-08-02,2023-08-10,bull_put_credit_100_300,paired_sample_incomplete:intraday:duplicate_exact_contract_bar;overnight:duplicate_exact_contract_bar,development
2023-08-02,2023-08-10,bear_call_credit_100_300,paired_sample_incomplete:intraday:duplicate_exact_contract_bar;overnight:duplicate_exact_contract_bar,development
2023-08-03,2023-08-10,short_atm_straddle,paired_sample_incomplete:intraday:duplicate_exact_contract_bar;overnight:duplicate_exact_contract_bar,development
2023-08-03,2023-08-10,short_iron_fly_w100,paired_sample_incomplete:intraday:duplicate_exact_contract_bar;overnight:duplicate_exact_contract_bar,development
2023-08-03,2023-08-10,short_iron_fly_w200,paired_sample_incomplete:intraday:duplicate_exact_contract_bar;overnight:duplicate_exact_contract_bar,development
2023-08-03,2023-08-10,short_iron_fly_w300,paired_sample_incomplete:intraday:duplicate_exact_contract_bar;overnight:duplicate_exact_contract_bar,development
2023-08-03,2023-08-10,long_iron_fly_w100,paired_sample_incomplete:intraday:duplicate_exact_contract_bar;overnight:duplicate_exact_contract_bar,development
2023-08-03,2023-08-10,long_iron_fly_w200,paired_sample_incomplete:intraday:duplicate_exact_contract_bar;overnight:duplicate_exact_contract_bar,development
2023-08-03,2023-08-10,long_iron_fly_w300,paired_sample_incomplete:intraday:duplicate_exact_contract_bar;overnight:duplicate_exact_contract_bar,development
2023-08-03,2023-08-10,short_iron_condor_100_300,paired_sample_incomplete:intraday:duplicate_exact_contract_bar;overnight:duplicate_exact_contract_bar,development
2023-08-03,2023-08-10,bull_put_credit_100_300,paired_sample_incomplete:intraday:duplicate_exact_contract_bar;overnight:duplicate_exact_contract_bar,development
2023-08-03,2023-08-10,bear_call_credit_100_300,paired_sample_incomplete:intraday:duplicate_exact_contract_bar;overnight:duplicate_exact_contract_bar,development
2023-08-04,2023-08-10,short_atm_straddle,paired_sample_incomplete:intraday:duplicate_exact_contract_bar;overnight:duplicate_exact_contract_bar,development
2023-08-04,2023-08-10,short_iron_fly_w100,paired_sample_incomplete:intraday:duplicate_exact_contract_bar;overnight:duplicate_exact_contract_bar,development
2023-08-04,2023-08-10,short_iron_fly_w200,paired_sample_incomplete:intraday:duplicate_exact_contract_bar;overnight:duplicate_exact_contract_bar,development
2023-08-04,2023-08-10,short_iron_fly_w300,paired_sample_incomplete:intraday:duplicate_exact_contract_bar;overnight:duplicate_exact_contract_bar,development
2023-08-04,2023-08-10,long_iron_fly_w100,paired_sample_incomplete:intraday:duplicate_exact_contract_bar;overnight:duplicate_exact_contract_bar,development
2023-08-04,2023-08-10,long_iron_fly_w200,paired_sample_incomplete:intraday:duplicate_exact_contract_bar;overnight:duplicate_exact_contract_bar,development
2023-08-04,2023-08-10,long_iron_fly_w300,paired_sample_incomplete:intraday:duplicate_exact_contract_bar;overnight:duplicate_exact_contract_bar,development
2023-08-04,2023-08-10,short_iron_condor_100_300,paired_sample_incomplete:intraday:duplicate_exact_contract_bar;overnight:duplicate_exact_contract_bar,development
2023-08-04,2023-08-10,bull_put_credit_100_300,paired_sample_incomplete:intraday:duplicate_exact_contract_bar;overnight:duplicate_exact_contract_bar,development
2023-08-04,2023-08-10,bear_call_credit_100_300,paired_sample_incomplete:intraday:duplicate_exact_contract_bar;overnight:duplicate_exact_contract_bar,development
2023-08-07,2023-08-10,short_atm_straddle,paired_sample_incomplete:intraday:duplicate_exact_contract_bar;overnight:duplicate_exact_contract_bar,development
2023-08-07,2023-08-10,short_iron_fly_w100,paired_sample_incomplete:intraday:duplicate_exact_contract_bar;overnight:duplicate_exact_contract_bar,development
2023-08-07,2023-08-10,short_iron_fly_w200,paired_sample_incomplete:intraday:duplicate_exact_contract_bar;overnight:duplicate_exact_contract_bar,development
2023-08-07,2023-08-10,short_iron_fly_w300,paired_sample_incomplete:intraday:duplicate_exact_contract_bar;overnight:duplicate_exact_contract_bar,development
2023-08-07,2023-08-10,long_iron_fly_w100,paired_sample_incomplete:intraday:duplicate_exact_contract_bar;overnight:duplicate_exact_contract_bar,development
2023-08-07,2023-08-10,long_iron_fly_w200,paired_sample_incomplete:intraday:duplicate_exact_contract_bar;overnight:duplicate_exact_contract_bar,development
2023-08-07,2023-08-10,long_iron_fly_w300,paired_sample_incomplete:intraday:duplicate_exact_contract_bar;overnight:duplicate_exact_contract_bar,development
2023-08-07,2023-08-10,short_iron_condor_100_300,paired_sample_incomplete:intraday:duplicate_exact_contract_bar;overnight:duplicate_exact_contract_bar,development
2023-08-07,2023-08-10,bull_put_credit_100_300,paired_sample_incomplete:intraday:duplicate_exact_contract_bar;overnight:duplicate_exact_contract_bar,development
2023-08-07,2023-08-10,bear_call_credit_100_300,paired_sample_incomplete:intraday:duplicate_exact_contract_bar;overnight:duplicate_exact_contract_bar,development
2023-08-08,2023-08-10,short_atm_straddle,paired_sample_incomplete:intraday:duplicate_exact_contract_bar;overnight:duplicate_exact_contract_bar,development
2023-08-08,2023-08-10,short_iron_fly_w100,paired_sample_incomplete:intraday:duplicate_exact_contract_bar;overnight:duplicate_exact_contract_bar,development
2023-08-08,2023-08-10,short_iron_fly_w200,paired_sample_incomplete:intraday:duplicate_exact_contract_bar;overnight:duplicate_exact_contract_bar,development
2023-08-08,2023-08-10,short_iron_fly_w300,paired_sample_incomplete:intraday:duplicate_exact_contract_bar;overnight:duplicate_exact_contract_bar,development
2023-08-08,2023-08-10,long_iron_fly_w100,paired_sample_incomplete:intraday:duplicate_exact_contract_bar;overnight:duplicate_exact_contract_bar,development
2023-08-08,2023-08-10,long_iron_fly_w200,paired_sample_incomplete:intraday:duplicate_exact_contract_bar;overnight:duplicate_exact_contract_bar,development
2023-08-08,2023-08-10,long_iron_fly_w300,paired_sample_incomplete:intraday:duplicate_exact_contract_bar;overnight:duplicate_exact_contract_bar,development
2023-08-08,2023-08-10,short_iron_condor_100_300,paired_sample_incomplete:intraday:duplicate_exact_contract_bar;overnight:duplicate_exact_contract_bar,development
2023-08-08,2023-08-10,bull_put_credit_100_300,paired_sample_incomplete:intraday:duplicate_exact_contract_bar;overnight:duplicate_exact_contract_bar,development
2023-08-08,2023-08-10,bear_call_credit_100_300,paired_sample_incomplete:intraday:duplicate_exact_contract_bar;overnight:duplicate_exact_contract_bar,development
2023-08-09,2023-08-17,short_atm_straddle,paired_sample_incomplete:intraday:duplicate_exact_contract_bar;overnight:duplicate_exact_contract_bar,development
2023-08-09,2023-08-17,short_iron_fly_w100,paired_sample_incomplete:intraday:duplicate_exact_contract_bar;overnight:duplicate_exact_contract_bar,development
2023-08-09,2023-08-17,short_iron_fly_w200,paired_sample_incomplete:intraday:duplicate_exact_contract_bar;overnight:duplicate_exact_contract_bar,development
2023-08-09,2023-08-17,short_iron_fly_w300,paired_sample_incomplete:intraday:duplicate_exact_contract_bar;overnight:duplicate_exact_contract_bar,development
2023-08-09,2023-08-17,long_iron_fly_w100,paired_sample_incomplete:intraday:duplicate_exact_contract_bar;overnight:duplicate_exact_contract_bar,development
2023-08-09,2023-08-17,long_iron_fly_w200,paired_sample_incomplete:intraday:duplicate_exact_contract_bar;overnight:duplicate_exact_contract_bar,development
2023-08-09,2023-08-17,long_iron_fly_w300,paired_sample_incomplete:intraday:duplicate_exact_contract_bar;overnight:duplicate_exact_contract_bar,development
2023-08-09,2023-08-17,short_iron_condor_100_300,paired_sample_incomplete:intraday:duplicate_exact_contract_bar;overnight:duplicate_exact_contract_bar,development
2023-08-09,2023-08-17,bull_put_credit_100_300,paired_sample_incomplete:intraday:duplicate_exact_contract_bar;overnight:duplicate_exact_contract_bar,development
2023-08-09,2023-08-17,bear_call_credit_100_300,paired_sample_incomplete:intraday:duplicate_exact_contract_bar;overnight:duplicate_exact_contract_bar,development
2023-08-10,2023-08-17,short_atm_straddle,paired_sample_incomplete:intraday:duplicate_exact_contract_bar;overnight:duplicate_exact_contract_bar,development
2023-08-10,2023-08-17,short_iron_fly_w100,paired_sample_incomplete:intraday:duplicate_exact_contract_bar;overnight:duplicate_exact_contract_bar,development
2023-08-10,2023-08-17,short_iron_fly_w200,paired_sample_incomplete:intraday:duplicate_exact_contract_bar;overnight:duplicate_exact_contract_bar,development
2023-08-10,2023-08-17,short_iron_fly_w300,paired_sample_incomplete:intraday:duplicate_exact_contract_bar;overnight:duplicate_exact_contract_bar,development
2023-08-10,2023-08-17,long_iron_fly_w100,paired_sample_incomplete:intraday:duplicate_exact_contract_bar;overnight:duplicate_exact_contract_bar,development
2023-08-10,2023-08-17,long_iron_fly_w200,paired_sample_incomplete:intraday:duplicate_exact_contract_bar;overnight:duplicate_exact_contract_bar,development
2023-08-10,2023-08-17,long_iron_fly_w300,paired_sample_incomplete:intraday:duplicate_exact_contract_bar;overnight:duplicate_exact_contract_bar,development
2023-08-10,2023-08-17,short_iron_condor_100_300,paired_sample_incomplete:intraday:duplicate_exact_contract_bar;overnight:duplicate_exact_contract_bar,development
2023-08-10,2023-08-17,bull_put_credit_100_300,paired_sample_incomplete:intraday:duplicate_exact_contract_bar;overnight:duplicate_exact_contract_bar,development
2023-08-10,2023-08-17,bear_call_credit_100_300,paired_sample_incomplete:intraday:duplicate_exact_contract_bar;overnight:duplicate_exact_contract_bar,development
2023-08-11,2023-08-17,short_atm_straddle,paired_sample_incomplete:intraday:duplicate_exact_contract_bar;overnight:duplicate_exact_contract_bar,development
2023-08-11,2023-08-17,short_iron_fly_w100,paired_sample_incomplete:intraday:duplicate_exact_contract_bar;overnight:duplicate_exact_contract_bar,development
2023-08-11,2023-08-17,short_iron_fly_w200,paired_sample_incomplete:intraday:duplicate_exact_contract_bar;overnight:duplicate_exact_contract_bar,development
2023-08-11,2023-08-17,short_iron_fly_w300,paired_sample_incomplete:intraday:duplicate_exact_contract_bar;overnight:duplicate_exact_contract_bar,development
2023-08-11,2023-08-17,long_iron_fly_w100,paired_sample_incomplete:intraday:duplicate_exact_contract_bar;overnight:duplicate_exact_contract_bar,development
2023-08-11,2023-08-17,long_iron_fly_w200,paired_sample_incomplete:intraday:duplicate_exact_contract_bar;overnight:duplicate_exact_contract_bar,development
2023-08-11,2023-08-17,long_iron_fly_w300,paired_sample_incomplete:intraday:duplicate_exact_contract_bar;overnight:duplicate_exact_contract_bar,development
2023-08-11,2023-08-17,short_iron_condor_100_300,paired_sample_incomplete:intraday:duplicate_exact_contract_bar;overnight:duplicate_exact_contract_bar,development
2023-08-11,2023-08-17,bull_put_credit_100_300,paired_sample_incomplete:intraday:duplicate_exact_contract_bar;overnight:duplicate_exact_contract_bar,development
2023-08-11,2023-08-17,bear_call_credit_100_300,paired_sample_incomplete:intraday:duplicate_exact_contract_bar;overnight:duplicate_exact_contract_bar,development
2023-08-14,2023-08-17,short_atm_straddle,paired_sample_incomplete:intraday:duplicate_exact_contract_bar;overnight:duplicate_exact_contract_bar,development
2023-08-14,2023-08-17,short_iron_fly_w100,paired_sample_incomplete:intraday:duplicate_exact_contract_bar;overnight:duplicate_exact_contract_bar,development
2023-08-14,2023-08-17,short_iron_fly_w200,paired_sample_incomplete:intraday:duplicate_exact_contract_bar;overnight:duplicate_exact_contract_bar,development
2023-08-14,2023-08-17,short_iron_fly_w300,paired_sample_incomplete:intraday:duplicate_exact_contract_bar;overnight:duplicate_exact_contract_bar,development
2023-08-14,2023-08-17,long_iron_fly_w100,paired_sample_incomplete:intraday:duplicate_exact_contract_bar;overnight:duplicate_exact_contract_bar,development
2023-08-14,2023-08-17,long_iron_fly_w200,paired_sample_incomplete:intraday:duplicate_exact_contract_bar;overnight:duplicate_exact_contract_bar,development
2023-08-14,2023-08-17,long_iron_fly_w300,paired_sample_incomplete:intraday:duplicate_exact_contract_bar;overnight:duplicate_exact_contract_bar,development
2023-08-14,2023-08-17,short_iron_condor_100_300,paired_sample_incomplete:intraday:duplicate_exact_contract_bar;overnight:duplicate_exact_contract_bar,development
2023-08-14,2023-08-17,bull_put_credit_100_300,paired_sample_incomplete:intraday:duplicate_exact_contract_bar;overnight:duplicate_exact_contract_bar,development
2023-08-14,2023-08-17,bear_call_credit_100_300,paired_sample_incomplete:intraday:duplicate_exact_contract_bar;overnight:duplicate_exact_contract_bar,development
2023-08-16,2023-08-24,short_iron_fly_w100,paired_sample_incomplete:intraday:duplicate_exact_contract_bar;overnight:duplicate_exact_contract_bar,development
2023-08-16,2023-08-24,short_iron_fly_w200,paired_sample_incomplete:intraday:duplicate_exact_contract_bar;overnight:duplicate_exact_contract_bar,development
2023-08-16,2023-08-24,short_iron_fly_w300,paired_sample_incomplete:intraday:duplicate_exact_contract_bar;overnight:duplicate_exact_contract_bar,development
2023-08-16,2023-08-24,long_iron_fly_w100,paired_sample_incomplete:intraday:duplicate_exact_contract_bar;overnight:duplicate_exact_contract_bar,development
2023-08-16,2023-08-24,long_iron_fly_w200,paired_sample_incomplete:intraday:duplicate_exact_contract_bar;overnight:duplicate_exact_contract_bar,development
2023-08-16,2023-08-24,long_iron_fly_w300,paired_sample_incomplete:intraday:duplicate_exact_contract_bar;overnight:duplicate_exact_contract_bar,development
2023-08-16,2023-08-24,short_iron_condor_100_300,paired_sample_incomplete:intraday:duplicate_exact_contract_bar;overnight:duplicate_exact_contract_bar,development
2023-08-16,2023-08-24,bull_put_credit_100_300,paired_sample_incomplete:intraday:duplicate_exact_contract_bar;overnight:duplicate_exact_contract_bar,development
2023-08-17,2023-08-24,short_atm_straddle,paired_sample_incomplete:intraday:duplicate_exact_contract_bar;overnight:duplicate_exact_contract_bar,development
2023-08-17,2023-08-24,short_iron_fly_w100,paired_sample_incomplete:intraday:duplicate_exact_contract_bar;overnight:duplicate_exact_contract_bar,development
2023-08-17,2023-08-24,short_iron_fly_w200,paired_sample_incomplete:intraday:duplicate_exact_contract_bar;overnight:duplicate_exact_contract_bar,development
2023-08-17,2023-08-24,short_iron_fly_w300,paired_sample_incomplete:intraday:duplicate_exact_contract_bar;overnight:duplicate_exact_contract_bar,development
2023-08-17,2023-08-24,long_iron_fly_w100,paired_sample_incomplete:intraday:duplicate_exact_contract_bar;overnight:duplicate_exact_contract_bar,development
2023-08-17,2023-08-24,long_iron_fly_w200,paired_sample_incomplete:intraday:duplicate_exact_contract_bar;overnight:duplicate_exact_contract_bar,development
2023-08-17,2023-08-24,long_iron_fly_w300,paired_sample_incomplete:intraday:duplicate_exact_contract_bar;overnight:duplicate_exact_contract_bar,development
2023-08-17,2023-08-24,short_iron_condor_100_300,paired_sample_incomplete:intraday:duplicate_exact_contract_bar;overnight:duplicate_exact_contract_bar,development
2023-08-17,2023-08-24,bull_put_credit_100_300,paired_sample_incomplete:intraday:duplicate_exact_contract_bar;overnight:duplicate_exact_contract_bar,development
2023-08-17,2023-08-24,bear_call_credit_100_300,paired_sample_incomplete:intraday:duplicate_exact_contract_bar;overnight:duplicate_exact_contract_bar,development
2023-08-18,2023-08-24,short_atm_straddle,paired_sample_incomplete:intraday:duplicate_exact_contract_bar;overnight:duplicate_exact_contract_bar,development
2023-08-18,2023-08-24,short_iron_fly_w100,paired_sample_incomplete:intraday:duplicate_exact_contract_bar;overnight:duplicate_exact_contract_bar,development
2023-08-18,2023-08-24,short_iron_fly_w200,paired_sample_incomplete:intraday:duplicate_exact_contract_bar;overnight:duplicate_exact_contract_bar,development
2023-08-18,2023-08-24,short_iron_fly_w300,paired_sample_incomplete:intraday:duplicate_exact_contract_bar;overnight:duplicate_exact_contract_bar,development
2023-08-18,2023-08-24,long_iron_fly_w100,paired_sample_incomplete:intraday:duplicate_exact_contract_bar;overnight:duplicate_exact_contract_bar,development
2023-08-18,2023-08-24,long_iron_fly_w200,paired_sample_incomplete:intraday:duplicate_exact_contract_bar;overnight:duplicate_exact_contract_bar,development
2023-08-18,2023-08-24,long_iron_fly_w300,paired_sample_incomplete:intraday:duplicate_exact_contract_bar;overnight:duplicate_exact_contract_bar,development
2023-08-18,2023-08-24,short_iron_condor_100_300,paired_sample_incomplete:intraday:duplicate_exact_contract_bar;overnight:duplicate_exact_contract_bar,development
2023-08-18,2023-08-24,bull_put_credit_100_300,paired_sample_incomplete:intraday:duplicate_exact_contract_bar;overnight:duplicate_exact_contract_bar,development
2023-08-21,2023-08-24,short_iron_fly_w100,paired_sample_incomplete:intraday:duplicate_exact_contract_bar;overnight:duplicate_exact_contract_bar,development
2023-08-21,2023-08-24,short_iron_fly_w200,paired_sample_incomplete:intraday:duplicate_exact_contract_bar;overnight:duplicate_exact_contract_bar,development
2023-08-21,2023-08-24,short_iron_fly_w300,paired_sample_incomplete:intraday:duplicate_exact_contract_bar;overnight:duplicate_exact_contract_bar,development
2023-08-21,2023-08-24,long_iron_fly_w100,paired_sample_incomplete:intraday:duplicate_exact_contract_bar;overnight:duplicate_exact_contract_bar,development
2023-08-21,2023-08-24,long_iron_fly_w200,paired_sample_incomplete:intraday:duplicate_exact_contract_bar;overnight:duplicate_exact_contract_bar,development
2023-08-21,2023-08-24,long_iron_fly_w300,paired_sample_incomplete:intraday:duplicate_exact_contract_bar;overnight:duplicate_exact_contract_bar,development
2023-08-21,2023-08-24,short_iron_condor_100_300,paired_sample_incomplete:intraday:duplicate_exact_contract_bar;overnight:duplicate_exact_contract_bar,development
2023-08-21,2023-08-24,bull_put_credit_100_300,paired_sample_incomplete:intraday:duplicate_exact_contract_bar;overnight:duplicate_exact_contract_bar,development
2023-08-22,2023-08-24,short_iron_fly_w100,paired_sample_incomplete:intraday:duplicate_exact_contract_bar;overnight:duplicate_exact_contract_bar,development
2023-08-22,2023-08-24,short_iron_fly_w200,paired_sample_incomplete:intraday:duplicate_exact_contract_bar;overnight:duplicate_exact_contract_bar,development
2023-08-22,2023-08-24,short_iron_fly_w300,paired_sample_incomplete:intraday:duplicate_exact_contract_bar;overnight:duplicate_exact_contract_bar,development
2023-08-22,2023-08-24,long_iron_fly_w100,paired_sample_incomplete:intraday:duplicate_exact_contract_bar;overnight:duplicate_exact_contract_bar,development
2023-08-22,2023-08-24,long_iron_fly_w200,paired_sample_incomplete:intraday:duplicate_exact_contract_bar;overnight:duplicate_exact_contract_bar,development
2023-08-22,2023-08-24,long_iron_fly_w300,paired_sample_incomplete:intraday:duplicate_exact_contract_bar;overnight:duplicate_exact_contract_bar,development
2023-08-22,2023-08-24,short_iron_condor_100_300,paired_sample_incomplete:intraday:duplicate_exact_contract_bar;overnight:duplicate_exact_contract_bar,development
2023-08-22,2023-08-24,bull_put_credit_100_300,paired_sample_incomplete:intraday:duplicate_exact_contract_bar;overnight:duplicate_exact_contract_bar,development
2023-08-23,2023-08-31,short_atm_straddle,paired_sample_incomplete:intraday:duplicate_exact_contract_bar;overnight:duplicate_exact_contract_bar,development
2023-08-23,2023-08-31,short_iron_fly_w100,paired_sample_incomplete:intraday:duplicate_exact_contract_bar;overnight:duplicate_exact_contract_bar,development
2023-08-23,2023-08-31,short_iron_fly_w200,paired_sample_incomplete:intraday:duplicate_exact_contract_bar;overnight:duplicate_exact_contract_bar,development
2023-08-23,2023-08-31,short_iron_fly_w300,paired_sample_incomplete:intraday:duplicate_exact_contract_bar;overnight:duplicate_exact_contract_bar,development
2023-08-23,2023-08-31,long_iron_fly_w100,paired_sample_incomplete:intraday:duplicate_exact_contract_bar;overnight:duplicate_exact_contract_bar,development
2023-08-23,2023-08-31,long_iron_fly_w200,paired_sample_incomplete:intraday:duplicate_exact_contract_bar;overnight:duplicate_exact_contract_bar,development
2023-08-23,2023-08-31,long_iron_fly_w300,paired_sample_incomplete:intraday:duplicate_exact_contract_bar;overnight:duplicate_exact_contract_bar,development
2023-08-23,2023-08-31,short_iron_condor_100_300,paired_sample_incomplete:intraday:duplicate_exact_contract_bar;overnight:duplicate_exact_contract_bar,development
2023-08-23,2023-08-31,bull_put_credit_100_300,paired_sample_incomplete:intraday:duplicate_exact_contract_bar;overnight:duplicate_exact_contract_bar,development
2023-08-23,2023-08-31,bear_call_credit_100_300,paired_sample_incomplete:intraday:duplicate_exact_contract_bar;overnight:duplicate_exact_contract_bar,development
2023-08-24,2023-08-31,short_atm_straddle,paired_sample_incomplete:intraday:duplicate_exact_contract_bar;overnight:duplicate_exact_contract_bar,development
2023-08-24,2023-08-31,short_iron_fly_w100,paired_sample_incomplete:intraday:duplicate_exact_contract_bar;overnight:duplicate_exact_contract_bar,development
2023-08-24,2023-08-31,short_iron_fly_w200,paired_sample_incomplete:intraday:duplicate_exact_contract_bar;overnight:duplicate_exact_contract_bar,development
2023-08-24,2023-08-31,short_iron_fly_w300,paired_sample_incomplete:intraday:duplicate_exact_contract_bar;overnight:duplicate_exact_contract_bar,development
2023-08-24,2023-08-31,long_iron_fly_w100,paired_sample_incomplete:intraday:duplicate_exact_contract_bar;overnight:duplicate_exact_contract_bar,development
2023-08-24,2023-08-31,long_iron_fly_w200,paired_sample_incomplete:intraday:duplicate_exact_contract_bar;overnight:duplicate_exact_contract_bar,development
2023-08-24,2023-08-31,long_iron_fly_w300,paired_sample_incomplete:intraday:duplicate_exact_contract_bar;overnight:duplicate_exact_contract_bar,development
2023-08-24,2023-08-31,short_iron_condor_100_300,paired_sample_incomplete:intraday:duplicate_exact_contract_bar;overnight:duplicate_exact_contract_bar,development
2023-08-24,2023-08-31,bear_call_credit_100_300,paired_sample_incomplete:intraday:duplicate_exact_contract_bar;overnight:duplicate_exact_contract_bar,development
2023-08-25,2023-08-31,short_iron_fly_w100,paired_sample_incomplete:intraday:duplicate_exact_contract_bar;overnight:duplicate_exact_contract_bar,development
2023-08-25,2023-08-31,short_iron_fly_w200,paired_sample_incomplete:intraday:duplicate_exact_contract_bar;overnight:duplicate_exact_contract_bar,development
2023-08-25,2023-08-31,short_iron_fly_w300,paired_sample_incomplete:intraday:duplicate_exact_contract_bar;overnight:duplicate_exact_contract_bar,development
2023-08-25,2023-08-31,long_iron_fly_w100,paired_sample_incomplete:intraday:duplicate_exact_contract_bar;overnight:duplicate_exact_contract_bar,development
2023-08-25,2023-08-31,long_iron_fly_w200,paired_sample_incomplete:intraday:duplicate_exact_contract_bar;overnight:duplicate_exact_contract_bar,development
2023-08-25,2023-08-31,long_iron_fly_w300,paired_sample_incomplete:intraday:duplicate_exact_contract_bar;overnight:duplicate_exact_contract_bar,development
2023-08-25,2023-08-31,short_iron_condor_100_300,paired_sample_incomplete:intraday:duplicate_exact_contract_bar;overnight:duplicate_exact_contract_bar,development
2023-08-25,2023-08-31,bull_put_credit_100_300,paired_sample_incomplete:intraday:duplicate_exact_contract_bar;overnight:duplicate_exact_contract_bar,development
2023-08-25,2023-08-31,bear_call_credit_100_300,paired_sample_incomplete:intraday:duplicate_exact_contract_bar;overnight:duplicate_exact_contract_bar,development
2023-08-28,2023-08-31,short_atm_straddle,paired_sample_incomplete:intraday:duplicate_exact_contract_bar;overnight:duplicate_exact_contract_bar,development
2023-08-28,2023-08-31,short_iron_fly_w100,paired_sample_incomplete:intraday:duplicate_exact_contract_bar;overnight:duplicate_exact_contract_bar,development
2023-08-28,2023-08-31,short_iron_fly_w200,paired_sample_incomplete:intraday:duplicate_exact_contract_bar;overnight:duplicate_exact_contract_bar,development
2023-08-28,2023-08-31,short_iron_fly_w300,paired_sample_incomplete:intraday:duplicate_exact_contract_bar;overnight:duplicate_exact_contract_bar,development
2023-08-28,2023-08-31,long_iron_fly_w100,paired_sample_incomplete:intraday:duplicate_exact_contract_bar;overnight:duplicate_exact_contract_bar,development
2023-08-28,2023-08-31,long_iron_fly_w200,paired_sample_incomplete:intraday:duplicate_exact_contract_bar;overnight:duplicate_exact_contract_bar,development
2023-08-28,2023-08-31,long_iron_fly_w300,paired_sample_incomplete:intraday:duplicate_exact_contract_bar;overnight:duplicate_exact_contract_bar,development
2023-08-28,2023-08-31,short_iron_condor_100_300,paired_sample_incomplete:intraday:duplicate_exact_contract_bar;overnight:duplicate_exact_contract_bar,development
2023-08-28,2023-08-31,bull_put_credit_100_300,paired_sample_incomplete:intraday:duplicate_exact_contract_bar;overnight:duplicate_exact_contract_bar,development
2023-08-28,2023-08-31,bear_call_credit_100_300,paired_sample_incomplete:intraday:duplicate_exact_contract_bar;overnight:duplicate_exact_contract_bar,development
2023-08-29,2023-08-31,short_atm_straddle,paired_sample_incomplete:intraday:duplicate_exact_contract_bar;overnight:duplicate_exact_contract_bar,development
2023-08-29,2023-08-31,short_iron_fly_w100,paired_sample_incomplete:intraday:duplicate_exact_contract_bar;overnight:duplicate_exact_contract_bar,development
2023-08-29,2023-08-31,short_iron_fly_w200,paired_sample_incomplete:intraday:duplicate_exact_contract_bar;overnight:duplicate_exact_contract_bar,development
2023-08-29,2023-08-31,short_iron_fly_w300,paired_sample_incomplete:intraday:duplicate_exact_contract_bar;overnight:duplicate_exact_contract_bar,development
2023-08-29,2023-08-31,long_iron_fly_w100,paired_sample_incomplete:intraday:duplicate_exact_contract_bar;overnight:duplicate_exact_contract_bar,development
2023-08-29,2023-08-31,long_iron_fly_w200,paired_sample_incomplete:intraday:duplicate_exact_contract_bar;overnight:duplicate_exact_contract_bar,development
2023-08-29,2023-08-31,long_iron_fly_w300,paired_sample_incomplete:intraday:duplicate_exact_contract_bar;overnight:duplicate_exact_contract_bar,development
2023-08-29,2023-08-31,short_iron_condor_100_300,paired_sample_incomplete:intraday:duplicate_exact_contract_bar;overnight:duplicate_exact_contract_bar,development
2023-08-29,2023-08-31,bull_put_credit_100_300,paired_sample_incomplete:intraday:duplicate_exact_contract_bar;overnight:duplicate_exact_contract_bar,development
2023-08-29,2023-08-31,bear_call_credit_100_300,paired_sample_incomplete:intraday:duplicate_exact_contract_bar;overnight:duplicate_exact_contract_bar,development
2023-08-30,2023-09-07,short_atm_straddle,paired_sample_incomplete:intraday:duplicate_exact_contract_bar;overnight:duplicate_exact_contract_bar,development
2023-08-30,2023-09-07,short_iron_fly_w100,paired_sample_incomplete:intraday:duplicate_exact_contract_bar;overnight:duplicate_exact_contract_bar,development
2023-08-30,2023-09-07,short_iron_fly_w200,paired_sample_incomplete:intraday:duplicate_exact_contract_bar;overnight:duplicate_exact_contract_bar,development
2023-08-30,2023-09-07,short_iron_fly_w300,paired_sample_incomplete:intraday:duplicate_exact_contract_bar;overnight:duplicate_exact_contract_bar,development
2023-08-30,2023-09-07,long_iron_fly_w100,paired_sample_incomplete:intraday:duplicate_exact_contract_bar;overnight:duplicate_exact_contract_bar,development
2023-08-30,2023-09-07,long_iron_fly_w200,paired_sample_incomplete:intraday:duplicate_exact_contract_bar;overnight:duplicate_exact_contract_bar,development
2023-08-30,2023-09-07,long_iron_fly_w300,paired_sample_incomplete:intraday:duplicate_exact_contract_bar;overnight:duplicate_exact_contract_bar,development
2023-08-30,2023-09-07,short_iron_condor_100_300,paired_sample_incomplete:intraday:duplicate_exact_contract_bar;overnight:duplicate_exact_contract_bar,development
2023-08-30,2023-09-07,bull_put_credit_100_300,paired_sample_incomplete:intraday:duplicate_exact_contract_bar;overnight:duplicate_exact_contract_bar,development
2023-08-30,2023-09-07,bear_call_credit_100_300,paired_sample_incomplete:intraday:duplicate_exact_contract_bar;overnight:duplicate_exact_contract_bar,development
2023-08-31,2023-09-07,short_atm_straddle,paired_sample_incomplete:intraday:duplicate_exact_contract_bar;overnight:duplicate_exact_contract_bar,development
2023-08-31,2023-09-07,short_iron_fly_w100,paired_sample_incomplete:intraday:duplicate_exact_contract_bar;overnight:duplicate_exact_contract_bar,development
2023-08-31,2023-09-07,short_iron_fly_w200,paired_sample_incomplete:intraday:duplicate_exact_contract_bar;overnight:duplicate_exact_contract_bar,development
2023-08-31,2023-09-07,short_iron_fly_w300,paired_sample_incomplete:intraday:duplicate_exact_contract_bar;overnight:duplicate_exact_contract_bar,development
2023-08-31,2023-09-07,long_iron_fly_w100,paired_sample_incomplete:intraday:duplicate_exact_contract_bar;overnight:duplicate_exact_contract_bar,development
2023-08-31,2023-09-07,long_iron_fly_w200,paired_sample_incomplete:intraday:duplicate_exact_contract_bar;overnight:duplicate_exact_contract_bar,development
2023-08-31,2023-09-07,long_iron_fly_w300,paired_sample_incomplete:intraday:duplicate_exact_contract_bar;overnight:duplicate_exact_contract_bar,development
2023-08-31,2023-09-07,short_iron_condor_100_300,paired_sample_incomplete:intraday:duplicate_exact_contract_bar;overnight:duplicate_exact_contract_bar,development
2023-08-31,2023-09-07,bull_put_credit_100_300,paired_sample_incomplete:intraday:duplicate_exact_contract_bar;overnight:duplicate_exact_contract_bar,development
2023-08-31,2023-09-07,bear_call_credit_100_300,paired_sample_incomplete:intraday:duplicate_exact_contract_bar;overnight:duplicate_exact_contract_bar,development
2023-09-01,2023-09-07,short_atm_straddle,paired_sample_incomplete:intraday:duplicate_exact_contract_bar;overnight:duplicate_exact_contract_bar,development
2023-09-01,2023-09-07,short_iron_fly_w100,paired_sample_incomplete:intraday:duplicate_exact_contract_bar;overnight:duplicate_exact_contract_bar,development
2023-09-01,2023-09-07,short_iron_fly_w200,paired_sample_incomplete:intraday:duplicate_exact_contract_bar;overnight:duplicate_exact_contract_bar,development
2023-09-01,2023-09-07,short_iron_fly_w300,paired_sample_incomplete:intraday:duplicate_exact_contract_bar;overnight:duplicate_exact_contract_bar,development
2023-09-01,2023-09-07,long_iron_fly_w100,paired_sample_incomplete:intraday:duplicate_exact_contract_bar;overnight:duplicate_exact_contract_bar,development
2023-09-01,2023-09-07,long_iron_fly_w200,paired_sample_incomplete:intraday:duplicate_exact_contract_bar;overnight:duplicate_exact_contract_bar,development
2023-09-01,2023-09-07,long_iron_fly_w300,paired_sample_incomplete:intraday:duplicate_exact_contract_bar;overnight:duplicate_exact_contract_bar,development
2023-09-01,2023-09-07,short_iron_condor_100_300,paired_sample_incomplete:intraday:duplicate_exact_contract_bar;overnight:duplicate_exact_contract_bar,development
2023-09-01,2023-09-07,bull_put_credit_100_300,paired_sample_incomplete:intraday:duplicate_exact_contract_bar;overnight:duplicate_exact_contract_bar,development
2023-09-01,2023-09-07,bear_call_credit_100_300,paired_sample_incomplete:intraday:duplicate_exact_contract_bar;overnight:duplicate_exact_contract_bar,development
2023-09-04,2023-09-07,short_atm_straddle,paired_sample_incomplete:intraday:duplicate_exact_contract_bar;overnight:duplicate_exact_contract_bar,development
2023-09-04,2023-09-07,short_iron_fly_w100,paired_sample_incomplete:intraday:duplicate_exact_contract_bar;overnight:duplicate_exact_contract_bar,development
2023-09-04,2023-09-07,short_iron_fly_w200,paired_sample_incomplete:intraday:duplicate_exact_contract_bar;overnight:duplicate_exact_contract_bar,development
2023-09-04,2023-09-07,short_iron_fly_w300,paired_sample_incomplete:intraday:duplicate_exact_contract_bar;overnight:duplicate_exact_contract_bar,development
2023-09-04,2023-09-07,long_iron_fly_w100,paired_sample_incomplete:intraday:duplicate_exact_contract_bar;overnight:duplicate_exact_contract_bar,development
2023-09-04,2023-09-07,long_iron_fly_w200,paired_sample_incomplete:intraday:duplicate_exact_contract_bar;overnight:duplicate_exact_contract_bar,development
2023-09-04,2023-09-07,long_iron_fly_w300,paired_sample_incomplete:intraday:duplicate_exact_contract_bar;overnight:duplicate_exact_contract_bar,development
2023-09-04,2023-09-07,short_iron_condor_100_300,paired_sample_incomplete:intraday:duplicate_exact_contract_bar;overnight:duplicate_exact_contract_bar,development
2023-09-04,2023-09-07,bull_put_credit_100_300,paired_sample_incomplete:intraday:duplicate_exact_contract_bar;overnight:duplicate_exact_contract_bar,development
2023-09-04,2023-09-07,bear_call_credit_100_300,paired_sample_incomplete:intraday:duplicate_exact_contract_bar;overnight:duplicate_exact_contract_bar,development
2023-09-05,2023-09-07,short_atm_straddle,paired_sample_incomplete:intraday:duplicate_exact_contract_bar;overnight:duplicate_exact_contract_bar,development
2023-09-05,2023-09-07,short_iron_fly_w100,paired_sample_incomplete:intraday:duplicate_exact_contract_bar;overnight:duplicate_exact_contract_bar,development
2023-09-05,2023-09-07,short_iron_fly_w200,paired_sample_incomplete:intraday:duplicate_exact_contract_bar;overnight:duplicate_exact_contract_bar,development
2023-09-05,2023-09-07,short_iron_fly_w300,paired_sample_incomplete:intraday:duplicate_exact_contract_bar;overnight:duplicate_exact_contract_bar,development
2023-09-05,2023-09-07,long_iron_fly_w100,paired_sample_incomplete:intraday:duplicate_exact_contract_bar;overnight:duplicate_exact_contract_bar,development
2023-09-05,2023-09-07,long_iron_fly_w200,paired_sample_incomplete:intraday:duplicate_exact_contract_bar;overnight:duplicate_exact_contract_bar,development
2023-09-05,2023-09-07,long_iron_fly_w300,paired_sample_incomplete:intraday:duplicate_exact_contract_bar;overnight:duplicate_exact_contract_bar,development
2023-09-05,2023-09-07,short_iron_condor_100_300,paired_sample_incomplete:intraday:duplicate_exact_contract_bar;overnight:duplicate_exact_contract_bar,development
2023-09-05,2023-09-07,bull_put_credit_100_300,paired_sample_incomplete:intraday:duplicate_exact_contract_bar;overnight:duplicate_exact_contract_bar,development
2023-09-05,2023-09-07,bear_call_credit_100_300,paired_sample_incomplete:intraday:duplicate_exact_contract_bar;overnight:duplicate_exact_contract_bar,development
2023-09-06,2023-09-14,short_atm_straddle,paired_sample_incomplete:intraday:duplicate_exact_contract_bar;overnight:duplicate_exact_contract_bar,development
2023-09-06,2023-09-14,short_iron_fly_w100,paired_sample_incomplete:intraday:duplicate_exact_contract_bar;overnight:duplicate_exact_contract_bar,development
2023-09-06,2023-09-14,short_iron_fly_w200,paired_sample_incomplete:intraday:duplicate_exact_contract_bar;overnight:duplicate_exact_contract_bar,development
2023-09-06,2023-09-14,short_iron_fly_w300,paired_sample_incomplete:intraday:duplicate_exact_contract_bar;overnight:duplicate_exact_contract_bar,development
2023-09-06,2023-09-14,long_iron_fly_w100,paired_sample_incomplete:intraday:duplicate_exact_contract_bar;overnight:duplicate_exact_contract_bar,development
2023-09-06,2023-09-14,long_iron_fly_w200,paired_sample_incomplete:intraday:duplicate_exact_contract_bar;overnight:duplicate_exact_contract_bar,development
2023-09-06,2023-09-14,long_iron_fly_w300,paired_sample_incomplete:intraday:duplicate_exact_contract_bar;overnight:duplicate_exact_contract_bar,development
2023-09-06,2023-09-14,short_iron_condor_100_300,paired_sample_incomplete:intraday:duplicate_exact_contract_bar;overnight:duplicate_exact_contract_bar,development
2023-09-06,2023-09-14,bull_put_credit_100_300,paired_sample_incomplete:intraday:duplicate_exact_contract_bar;overnight:duplicate_exact_contract_bar,development
2023-09-06,2023-09-14,bear_call_credit_100_300,paired_sample_incomplete:intraday:duplicate_exact_contract_bar;overnight:duplicate_exact_contract_bar,development
2023-09-07,2023-09-14,short_atm_straddle,paired_sample_incomplete:intraday:duplicate_exact_contract_bar;overnight:duplicate_exact_contract_bar,development
2023-09-07,2023-09-14,short_iron_fly_w100,paired_sample_incomplete:intraday:duplicate_exact_contract_bar;overnight:duplicate_exact_contract_bar,development
2023-09-07,2023-09-14,short_iron_fly_w200,paired_sample_incomplete:intraday:duplicate_exact_contract_bar;overnight:duplicate_exact_contract_bar,development
2023-09-07,2023-09-14,short_iron_fly_w300,paired_sample_incomplete:intraday:duplicate_exact_contract_bar;overnight:duplicate_exact_contract_bar,development
2023-09-07,2023-09-14,long_iron_fly_w100,paired_sample_incomplete:intraday:duplicate_exact_contract_bar;overnight:duplicate_exact_contract_bar,development
2023-09-07,2023-09-14,long_iron_fly_w200,paired_sample_incomplete:intraday:duplicate_exact_contract_bar;overnight:duplicate_exact_contract_bar,development
2023-09-07,2023-09-14,long_iron_fly_w300,paired_sample_incomplete:intraday:duplicate_exact_contract_bar;overnight:duplicate_exact_contract_bar,development
2023-09-07,2023-09-14,short_iron_condor_100_300,paired_sample_incomplete:intraday:duplicate_exact_contract_bar;overnight:duplicate_exact_contract_bar,development
2023-09-07,2023-09-14,bull_put_credit_100_300,paired_sample_incomplete:intraday:duplicate_exact_contract_bar;overnight:duplicate_exact_contract_bar,development
2023-09-07,2023-09-14,bear_call_credit_100_300,paired_sample_incomplete:intraday:duplicate_exact_contract_bar;overnight:duplicate_exact_contract_bar,development
2023-09-08,2023-09-14,short_atm_straddle,paired_sample_incomplete:intraday:duplicate_exact_contract_bar;overnight:duplicate_exact_contract_bar,development
2023-09-08,2023-09-14,short_iron_fly_w100,paired_sample_incomplete:intraday:duplicate_exact_contract_bar;overnight:duplicate_exact_contract_bar,development
2023-09-08,2023-09-14,short_iron_fly_w200,paired_sample_incomplete:intraday:duplicate_exact_contract_bar;overnight:duplicate_exact_contract_bar,development
2023-09-08,2023-09-14,short_iron_fly_w300,paired_sample_incomplete:intraday:duplicate_exact_contract_bar;overnight:duplicate_exact_contract_bar,development
2023-09-08,2023-09-14,long_iron_fly_w100,paired_sample_incomplete:intraday:duplicate_exact_contract_bar;overnight:duplicate_exact_contract_bar,development
2023-09-08,2023-09-14,long_iron_fly_w200,paired_sample_incomplete:intraday:duplicate_exact_contract_bar;overnight:duplicate_exact_contract_bar,development
2023-09-08,2023-09-14,long_iron_fly_w300,paired_sample_incomplete:intraday:duplicate_exact_contract_bar;overnight:duplicate_exact_contract_bar,development
2023-09-08,2023-09-14,short_iron_condor_100_300,paired_sample_incomplete:intraday:duplicate_exact_contract_bar;overnight:duplicate_exact_contract_bar,development
2023-09-08,2023-09-14,bull_put_credit_100_300,paired_sample_incomplete:intraday:duplicate_exact_contract_bar;overnight:duplicate_exact_contract_bar,development
2023-09-08,2023-09-14,bear_call_credit_100_300,paired_sample_incomplete:intraday:duplicate_exact_contract_bar;overnight:duplicate_exact_contract_bar,development
2023-09-11,2023-09-14,short_atm_straddle,paired_sample_incomplete:intraday:duplicate_exact_contract_bar;overnight:duplicate_exact_contract_bar,development
2023-09-11,2023-09-14,short_iron_fly_w100,paired_sample_incomplete:intraday:duplicate_exact_contract_bar;overnight:duplicate_exact_contract_bar,development
2023-09-11,2023-09-14,short_iron_fly_w200,paired_sample_incomplete:intraday:duplicate_exact_contract_bar;overnight:duplicate_exact_contract_bar,development
2023-09-11,2023-09-14,short_iron_fly_w300,paired_sample_incomplete:intraday:duplicate_exact_contract_bar;overnight:duplicate_exact_contract_bar,development
2023-09-11,2023-09-14,long_iron_fly_w100,paired_sample_incomplete:intraday:duplicate_exact_contract_bar;overnight:duplicate_exact_contract_bar,development
2023-09-11,2023-09-14,long_iron_fly_w200,paired_sample_incomplete:intraday:duplicate_exact_contract_bar;overnight:duplicate_exact_contract_bar,development
2023-09-11,2023-09-14,long_iron_fly_w300,paired_sample_incomplete:intraday:duplicate_exact_contract_bar;overnight:duplicate_exact_contract_bar,development
2023-09-11,2023-09-14,short_iron_condor_100_300,paired_sample_incomplete:intraday:duplicate_exact_contract_bar;overnight:duplicate_exact_contract_bar,development
2023-09-11,2023-09-14,bull_put_credit_100_300,paired_sample_incomplete:intraday:duplicate_exact_contract_bar;overnight:duplicate_exact_contract_bar,development
2023-09-11,2023-09-14,bear_call_credit_100_300,paired_sample_incomplete:intraday:duplicate_exact_contract_bar;overnight:duplicate_exact_contract_bar,development
2023-09-12,2023-09-14,short_atm_straddle,paired_sample_incomplete:intraday:duplicate_exact_contract_bar;overnight:duplicate_exact_contract_bar,development
2023-09-12,2023-09-14,short_iron_fly_w100,paired_sample_incomplete:intraday:duplicate_exact_contract_bar;overnight:duplicate_exact_contract_bar,development
2023-09-12,2023-09-14,short_iron_fly_w200,paired_sample_incomplete:intraday:duplicate_exact_contract_bar;overnight:duplicate_exact_contract_bar,development
2023-09-12,2023-09-14,short_iron_fly_w300,paired_sample_incomplete:intraday:duplicate_exact_contract_bar;overnight:duplicate_exact_contract_bar,development
2023-09-12,2023-09-14,long_iron_fly_w100,paired_sample_incomplete:intraday:duplicate_exact_contract_bar;overnight:duplicate_exact_contract_bar,development
2023-09-12,2023-09-14,long_iron_fly_w200,paired_sample_incomplete:intraday:duplicate_exact_contract_bar;overnight:duplicate_exact_contract_bar,development
2023-09-12,2023-09-14,long_iron_fly_w300,paired_sample_incomplete:intraday:duplicate_exact_contract_bar;overnight:duplicate_exact_contract_bar,development
2023-09-12,2023-09-14,short_iron_condor_100_300,paired_sample_incomplete:intraday:duplicate_exact_contract_bar;overnight:duplicate_exact_contract_bar,development
2023-09-12,2023-09-14,bull_put_credit_100_300,paired_sample_incomplete:intraday:duplicate_exact_contract_bar;overnight:duplicate_exact_contract_bar,development
2023-09-12,2023-09-14,bear_call_credit_100_300,paired_sample_incomplete:intraday:duplicate_exact_contract_bar;overnight:duplicate_exact_contract_bar,development
2023-09-13,2023-09-21,short_atm_straddle,paired_sample_incomplete:intraday:duplicate_exact_contract_bar;overnight:duplicate_exact_contract_bar,development
2023-09-13,2023-09-21,short_iron_fly_w100,paired_sample_incomplete:intraday:duplicate_exact_contract_bar;overnight:duplicate_exact_contract_bar,development
2023-09-13,2023-09-21,short_iron_fly_w200,paired_sample_incomplete:intraday:duplicate_exact_contract_bar;overnight:duplicate_exact_contract_bar,development
2023-09-13,2023-09-21,short_iron_fly_w300,paired_sample_incomplete:intraday:duplicate_exact_contract_bar;overnight:duplicate_exact_contract_bar,development
2023-09-13,2023-09-21,long_iron_fly_w100,paired_sample_incomplete:intraday:duplicate_exact_contract_bar;overnight:duplicate_exact_contract_bar,development
2023-09-13,2023-09-21,long_iron_fly_w200,paired_sample_incomplete:intraday:duplicate_exact_contract_bar;overnight:duplicate_exact_contract_bar,development
2023-09-13,2023-09-21,long_iron_fly_w300,paired_sample_incomplete:intraday:duplicate_exact_contract_bar;overnight:duplicate_exact_contract_bar,development
2023-09-13,2023-09-21,short_iron_condor_100_300,paired_sample_incomplete:intraday:duplicate_exact_contract_bar;overnight:duplicate_exact_contract_bar,development
2023-09-13,2023-09-21,bull_put_credit_100_300,paired_sample_incomplete:intraday:duplicate_exact_contract_bar;overnight:duplicate_exact_contract_bar,development
2023-09-13,2023-09-21,bear_call_credit_100_300,paired_sample_incomplete:intraday:duplicate_exact_contract_bar;overnight:duplicate_exact_contract_bar,development
2023-09-14,2023-09-21,short_atm_straddle,paired_sample_incomplete:intraday:duplicate_exact_contract_bar;overnight:duplicate_exact_contract_bar,development
2023-09-14,2023-09-21,short_iron_fly_w100,paired_sample_incomplete:intraday:duplicate_exact_contract_bar;overnight:duplicate_exact_contract_bar,development
2023-09-14,2023-09-21,short_iron_fly_w200,paired_sample_incomplete:intraday:duplicate_exact_contract_bar;overnight:duplicate_exact_contract_bar,development
2023-09-14,2023-09-21,short_iron_fly_w300,paired_sample_incomplete:intraday:duplicate_exact_contract_bar;overnight:duplicate_exact_contract_bar,development
2023-09-14,2023-09-21,long_iron_fly_w100,paired_sample_incomplete:intraday:duplicate_exact_contract_bar;overnight:duplicate_exact_contract_bar,development
2023-09-14,2023-09-21,long_iron_fly_w200,paired_sample_incomplete:intraday:duplicate_exact_contract_bar;overnight:duplicate_exact_contract_bar,development
2023-09-14,2023-09-21,long_iron_fly_w300,paired_sample_incomplete:intraday:duplicate_exact_contract_bar;overnight:duplicate_exact_contract_bar,development
2023-09-14,2023-09-21,short_iron_condor_100_300,paired_sample_incomplete:intraday:duplicate_exact_contract_bar;overnight:duplicate_exact_contract_bar,development
2023-09-14,2023-09-21,bull_put_credit_100_300,paired_sample_incomplete:intraday:duplicate_exact_contract_bar;overnight:duplicate_exact_contract_bar,development
2023-09-14,2023-09-21,bear_call_credit_100_300,paired_sample_incomplete:intraday:duplicate_exact_contract_bar;overnight:duplicate_exact_contract_bar,development
2023-09-15,2023-09-21,short_atm_straddle,paired_sample_incomplete:intraday:duplicate_exact_contract_bar;overnight:duplicate_exact_contract_bar,development
2023-09-15,2023-09-21,short_iron_fly_w100,paired_sample_incomplete:intraday:duplicate_exact_contract_bar;overnight:duplicate_exact_contract_bar,development
2023-09-15,2023-09-21,short_iron_fly_w200,paired_sample_incomplete:intraday:duplicate_exact_contract_bar;overnight:duplicate_exact_contract_bar,development
2023-09-15,2023-09-21,short_iron_fly_w300,paired_sample_incomplete:intraday:duplicate_exact_contract_bar;overnight:duplicate_exact_contract_bar,development
2023-09-15,2023-09-21,long_iron_fly_w100,paired_sample_incomplete:intraday:duplicate_exact_contract_bar;overnight:duplicate_exact_contract_bar,development
2023-09-15,2023-09-21,long_iron_fly_w200,paired_sample_incomplete:intraday:duplicate_exact_contract_bar;overnight:duplicate_exact_contract_bar,development
2023-09-15,2023-09-21,long_iron_fly_w300,paired_sample_incomplete:intraday:duplicate_exact_contract_bar;overnight:duplicate_exact_contract_bar,development
2023-09-15,2023-09-21,short_iron_condor_100_300,paired_sample_incomplete:intraday:duplicate_exact_contract_bar;overnight:duplicate_exact_contract_bar,development
2023-09-15,2023-09-21,bull_put_credit_100_300,paired_sample_incomplete:intraday:duplicate_exact_contract_bar;overnight:duplicate_exact_contract_bar,development
2023-09-15,2023-09-21,bear_call_credit_100_300,paired_sample_incomplete:intraday:duplicate_exact_contract_bar;overnight:duplicate_exact_contract_bar,development
2023-09-18,2023-09-21,short_atm_straddle,paired_sample_incomplete:intraday:duplicate_exact_contract_bar;overnight:duplicate_exact_contract_bar,development
2023-09-18,2023-09-21,short_iron_fly_w100,paired_sample_incomplete:intraday:duplicate_exact_contract_bar;overnight:duplicate_exact_contract_bar,development
2023-09-18,2023-09-21,short_iron_fly_w200,paired_sample_incomplete:intraday:duplicate_exact_contract_bar;overnight:duplicate_exact_contract_bar,development
2023-09-18,2023-09-21,short_iron_fly_w300,paired_sample_incomplete:intraday:duplicate_exact_contract_bar;overnight:duplicate_exact_contract_bar,development
2023-09-18,2023-09-21,long_iron_fly_w100,paired_sample_incomplete:intraday:duplicate_exact_contract_bar;overnight:duplicate_exact_contract_bar,development
2023-09-18,2023-09-21,long_iron_fly_w200,paired_sample_incomplete:intraday:duplicate_exact_contract_bar;overnight:duplicate_exact_contract_bar,development
2023-09-18,2023-09-21,long_iron_fly_w300,paired_sample_incomplete:intraday:duplicate_exact_contract_bar;overnight:duplicate_exact_contract_bar,development
2023-09-18,2023-09-21,short_iron_condor_100_300,paired_sample_incomplete:intraday:duplicate_exact_contract_bar;overnight:duplicate_exact_contract_bar,development
2023-09-18,2023-09-21,bull_put_credit_100_300,paired_sample_incomplete:intraday:duplicate_exact_contract_bar;overnight:duplicate_exact_contract_bar,development
2023-09-18,2023-09-21,bear_call_credit_100_300,paired_sample_incomplete:intraday:duplicate_exact_contract_bar;overnight:duplicate_exact_contract_bar,development
2023-09-20,2023-09-28,short_atm_straddle,paired_sample_incomplete:intraday:duplicate_exact_contract_bar;overnight:duplicate_exact_contract_bar,development
2023-09-20,2023-09-28,short_iron_fly_w100,paired_sample_incomplete:intraday:duplicate_exact_contract_bar;overnight:duplicate_exact_contract_bar,development
2023-09-20,2023-09-28,short_iron_fly_w200,paired_sample_incomplete:intraday:duplicate_exact_contract_bar;overnight:duplicate_exact_contract_bar,development
2023-09-20,2023-09-28,short_iron_fly_w300,paired_sample_incomplete:intraday:duplicate_exact_contract_bar;overnight:duplicate_exact_contract_bar,development
2023-09-20,2023-09-28,long_iron_fly_w100,paired_sample_incomplete:intraday:duplicate_exact_contract_bar;overnight:duplicate_exact_contract_bar,development
2023-09-20,2023-09-28,long_iron_fly_w200,paired_sample_incomplete:intraday:duplicate_exact_contract_bar;overnight:duplicate_exact_contract_bar,development
2023-09-20,2023-09-28,long_iron_fly_w300,paired_sample_incomplete:intraday:duplicate_exact_contract_bar;overnight:duplicate_exact_contract_bar,development
2023-09-20,2023-09-28,short_iron_condor_100_300,paired_sample_incomplete:intraday:duplicate_exact_contract_bar;overnight:duplicate_exact_contract_bar,development
2023-09-20,2023-09-28,bull_put_credit_100_300,paired_sample_incomplete:intraday:duplicate_exact_contract_bar;overnight:duplicate_exact_contract_bar,development
2023-09-20,2023-09-28,bear_call_credit_100_300,paired_sample_incomplete:intraday:duplicate_exact_contract_bar;overnight:duplicate_exact_contract_bar,development
2023-09-21,2023-09-28,short_atm_straddle,paired_sample_incomplete:intraday:duplicate_exact_contract_bar;overnight:duplicate_exact_contract_bar,development
2023-09-21,2023-09-28,short_iron_fly_w100,paired_sample_incomplete:intraday:duplicate_exact_contract_bar;overnight:duplicate_exact_contract_bar,development
2023-09-21,2023-09-28,short_iron_fly_w200,paired_sample_incomplete:intraday:duplicate_exact_contract_bar;overnight:duplicate_exact_contract_bar,development
2023-09-21,2023-09-28,short_iron_fly_w300,paired_sample_incomplete:intraday:duplicate_exact_contract_bar;overnight:duplicate_exact_contract_bar,development
2023-09-21,2023-09-28,long_iron_fly_w100,paired_sample_incomplete:intraday:duplicate_exact_contract_bar;overnight:duplicate_exact_contract_bar,development
2023-09-21,2023-09-28,long_iron_fly_w200,paired_sample_incomplete:intraday:duplicate_exact_contract_bar;overnight:duplicate_exact_contract_bar,development
2023-09-21,2023-09-28,long_iron_fly_w300,paired_sample_incomplete:intraday:duplicate_exact_contract_bar;overnight:duplicate_exact_contract_bar,development
2023-09-21,2023-09-28,short_iron_condor_100_300,paired_sample_incomplete:intraday:duplicate_exact_contract_bar;overnight:duplicate_exact_contract_bar,development
2023-09-21,2023-09-28,bear_call_credit_100_300,paired_sample_incomplete:intraday:duplicate_exact_contract_bar;overnight:duplicate_exact_contract_bar,development
2023-09-22,2023-09-28,short_atm_straddle,paired_sample_incomplete:intraday:duplicate_exact_contract_bar;overnight:duplicate_exact_contract_bar,development
2023-09-22,2023-09-28,short_iron_fly_w100,paired_sample_incomplete:intraday:duplicate_exact_contract_bar;overnight:duplicate_exact_contract_bar,development
2023-09-22,2023-09-28,short_iron_fly_w200,paired_sample_incomplete:intraday:duplicate_exact_contract_bar;overnight:duplicate_exact_contract_bar,development
2023-09-22,2023-09-28,short_iron_fly_w300,paired_sample_incomplete:intraday:duplicate_exact_contract_bar;overnight:duplicate_exact_contract_bar,development
2023-09-22,2023-09-28,long_iron_fly_w100,paired_sample_incomplete:intraday:duplicate_exact_contract_bar;overnight:duplicate_exact_contract_bar,development
2023-09-22,2023-09-28,long_iron_fly_w200,paired_sample_incomplete:intraday:duplicate_exact_contract_bar;overnight:duplicate_exact_contract_bar,development
2023-09-22,2023-09-28,long_iron_fly_w300,paired_sample_incomplete:intraday:duplicate_exact_contract_bar;overnight:duplicate_exact_contract_bar,development
2023-09-22,2023-09-28,short_iron_condor_100_300,paired_sample_incomplete:intraday:duplicate_exact_contract_bar;overnight:duplicate_exact_contract_bar,development
2023-09-22,2023-09-28,bear_call_credit_100_300,paired_sample_incomplete:intraday:duplicate_exact_contract_bar;overnight:duplicate_exact_contract_bar,development
2023-09-25,2023-09-28,short_atm_straddle,paired_sample_incomplete:intraday:duplicate_exact_contract_bar;overnight:duplicate_exact_contract_bar,development
2023-09-25,2023-09-28,short_iron_fly_w100,paired_sample_incomplete:intraday:duplicate_exact_contract_bar;overnight:duplicate_exact_contract_bar,development
2023-09-25,2023-09-28,short_iron_fly_w200,paired_sample_incomplete:intraday:duplicate_exact_contract_bar;overnight:duplicate_exact_contract_bar,development
2023-09-25,2023-09-28,short_iron_fly_w300,paired_sample_incomplete:intraday:duplicate_exact_contract_bar;overnight:duplicate_exact_contract_bar,development
2023-09-25,2023-09-28,long_iron_fly_w100,paired_sample_incomplete:intraday:duplicate_exact_contract_bar;overnight:duplicate_exact_contract_bar,development
2023-09-25,2023-09-28,long_iron_fly_w200,paired_sample_incomplete:intraday:duplicate_exact_contract_bar;overnight:duplicate_exact_contract_bar,development
2023-09-25,2023-09-28,long_iron_fly_w300,paired_sample_incomplete:intraday:duplicate_exact_contract_bar;overnight:duplicate_exact_contract_bar,development
2023-09-25,2023-09-28,short_iron_condor_100_300,paired_sample_incomplete:intraday:duplicate_exact_contract_bar;overnight:duplicate_exact_contract_bar,development
2023-09-25,2023-09-28,bull_put_credit_100_300,paired_sample_incomplete:intraday:duplicate_exact_contract_bar;overnight:duplicate_exact_contract_bar,development
2023-09-25,2023-09-28,bear_call_credit_100_300,paired_sample_incomplete:intraday:duplicate_exact_contract_bar;overnight:duplicate_exact_contract_bar,development
2023-09-26,2023-09-28,short_iron_fly_w100,paired_sample_incomplete:intraday:duplicate_exact_contract_bar;overnight:duplicate_exact_contract_bar,development
2023-09-26,2023-09-28,short_iron_fly_w200,paired_sample_incomplete:intraday:duplicate_exact_contract_bar;overnight:duplicate_exact_contract_bar,development
2023-09-26,2023-09-28,long_iron_fly_w100,paired_sample_incomplete:intraday:duplicate_exact_contract_bar;overnight:duplicate_exact_contract_bar,development
2023-09-26,2023-09-28,long_iron_fly_w200,paired_sample_incomplete:intraday:duplicate_exact_contract_bar;overnight:duplicate_exact_contract_bar,development
2023-09-26,2023-09-28,short_iron_condor_100_300,paired_sample_incomplete:intraday:duplicate_exact_contract_bar;overnight:duplicate_exact_contract_bar,development
2023-09-26,2023-09-28,bear_call_credit_100_300,paired_sample_incomplete:intraday:duplicate_exact_contract_bar;overnight:duplicate_exact_contract_bar,development
2023-09-27,2023-10-05,short_atm_straddle,paired_sample_incomplete:intraday:duplicate_exact_contract_bar;overnight:duplicate_exact_contract_bar,development
2023-09-27,2023-10-05,short_iron_fly_w100,paired_sample_incomplete:intraday:duplicate_exact_contract_bar;overnight:duplicate_exact_contract_bar,development
2023-09-27,2023-10-05,short_iron_fly_w200,paired_sample_incomplete:intraday:duplicate_exact_contract_bar;overnight:duplicate_exact_contract_bar,development
2023-09-27,2023-10-05,short_iron_fly_w300,paired_sample_incomplete:intraday:duplicate_exact_contract_bar;overnight:duplicate_exact_contract_bar,development
2023-09-27,2023-10-05,long_iron_fly_w100,paired_sample_incomplete:intraday:duplicate_exact_contract_bar;overnight:duplicate_exact_contract_bar,development
2023-09-27,2023-10-05,long_iron_fly_w200,paired_sample_incomplete:intraday:duplicate_exact_contract_bar;overnight:duplicate_exact_contract_bar,development
2023-09-27,2023-10-05,long_iron_fly_w300,paired_sample_incomplete:intraday:duplicate_exact_contract_bar;overnight:duplicate_exact_contract_bar,development
2023-09-27,2023-10-05,short_iron_condor_100_300,paired_sample_incomplete:intraday:duplicate_exact_contract_bar;overnight:duplicate_exact_contract_bar,development
2023-09-27,2023-10-05,bull_put_credit_100_300,paired_sample_incomplete:intraday:duplicate_exact_contract_bar;overnight:duplicate_exact_contract_bar,development
2023-09-27,2023-10-05,bear_call_credit_100_300,paired_sample_incomplete:intraday:duplicate_exact_contract_bar;overnight:duplicate_exact_contract_bar,development
2023-09-28,2023-10-05,short_atm_straddle,paired_sample_incomplete:intraday:duplicate_exact_contract_bar;overnight:duplicate_exact_contract_bar,development
2023-09-28,2023-10-05,short_iron_fly_w100,paired_sample_incomplete:intraday:duplicate_exact_contract_bar;overnight:duplicate_exact_contract_bar,development
2023-09-28,2023-10-05,short_iron_fly_w200,paired_sample_incomplete:intraday:duplicate_exact_contract_bar;overnight:duplicate_exact_contract_bar,development
2023-09-28,2023-10-05,short_iron_fly_w300,paired_sample_incomplete:intraday:duplicate_exact_contract_bar;overnight:duplicate_exact_contract_bar,development
2023-09-28,2023-10-05,long_iron_fly_w100,paired_sample_incomplete:intraday:duplicate_exact_contract_bar;overnight:duplicate_exact_contract_bar,development
2023-09-28,2023-10-05,long_iron_fly_w200,paired_sample_incomplete:intraday:duplicate_exact_contract_bar;overnight:duplicate_exact_contract_bar,development
2023-09-28,2023-10-05,long_iron_fly_w300,paired_sample_incomplete:intraday:duplicate_exact_contract_bar;overnight:duplicate_exact_contract_bar,development
2023-09-28,2023-10-05,short_iron_condor_100_300,paired_sample_incomplete:intraday:duplicate_exact_contract_bar;overnight:duplicate_exact_contract_bar,development
2023-09-28,2023-10-05,bull_put_credit_100_300,paired_sample_incomplete:intraday:duplicate_exact_contract_bar;overnight:duplicate_exact_contract_bar,development
2023-09-28,2023-10-05,bear_call_credit_100_300,paired_sample_incomplete:intraday:duplicate_exact_contract_bar;overnight:duplicate_exact_contract_bar,development
2023-09-29,2023-10-05,short_atm_straddle,paired_sample_incomplete:intraday:duplicate_exact_contract_bar;overnight:duplicate_exact_contract_bar,development
2023-09-29,2023-10-05,short_iron_fly_w100,paired_sample_incomplete:intraday:duplicate_exact_contract_bar;overnight:duplicate_exact_contract_bar,development
2023-09-29,2023-10-05,short_iron_fly_w200,paired_sample_incomplete:intraday:duplicate_exact_contract_bar;overnight:duplicate_exact_contract_bar,development
2023-09-29,2023-10-05,short_iron_fly_w300,paired_sample_incomplete:intraday:duplicate_exact_contract_bar;overnight:duplicate_exact_contract_bar,development
2023-09-29,2023-10-05,long_iron_fly_w100,paired_sample_incomplete:intraday:duplicate_exact_contract_bar;overnight:duplicate_exact_contract_bar,development
2023-09-29,2023-10-05,long_iron_fly_w200,paired_sample_incomplete:intraday:duplicate_exact_contract_bar;overnight:duplicate_exact_contract_bar,development
2023-09-29,2023-10-05,long_iron_fly_w300,paired_sample_incomplete:intraday:duplicate_exact_contract_bar;overnight:duplicate_exact_contract_bar,development
2023-09-29,2023-10-05,short_iron_condor_100_300,paired_sample_incomplete:intraday:duplicate_exact_contract_bar;overnight:duplicate_exact_contract_bar,development
2023-09-29,2023-10-05,bull_put_credit_100_300,paired_sample_incomplete:intraday:duplicate_exact_contract_bar;overnight:duplicate_exact_contract_bar,development
2023-09-29,2023-10-05,bear_call_credit_100_300,paired_sample_incomplete:intraday:duplicate_exact_contract_bar;overnight:duplicate_exact_contract_bar,development
2023-10-03,2023-10-05,short_atm_straddle,paired_sample_incomplete:intraday:duplicate_exact_contract_bar;overnight:duplicate_exact_contract_bar,development
2023-10-03,2023-10-05,short_iron_fly_w100,paired_sample_incomplete:intraday:duplicate_exact_contract_bar;overnight:duplicate_exact_contract_bar,development
2023-10-03,2023-10-05,short_iron_fly_w200,paired_sample_incomplete:intraday:duplicate_exact_contract_bar;overnight:duplicate_exact_contract_bar,development
2023-10-03,2023-10-05,short_iron_fly_w300,paired_sample_incomplete:intraday:duplicate_exact_contract_bar;overnight:duplicate_exact_contract_bar,development
2023-10-03,2023-10-05,long_iron_fly_w100,paired_sample_incomplete:intraday:duplicate_exact_contract_bar;overnight:duplicate_exact_contract_bar,development
2023-10-03,2023-10-05,long_iron_fly_w200,paired_sample_incomplete:intraday:duplicate_exact_contract_bar;overnight:duplicate_exact_contract_bar,development
2023-10-03,2023-10-05,long_iron_fly_w300,paired_sample_incomplete:intraday:duplicate_exact_contract_bar;overnight:duplicate_exact_contract_bar,development
2023-10-03,2023-10-05,short_iron_condor_100_300,paired_sample_incomplete:intraday:duplicate_exact_contract_bar;overnight:duplicate_exact_contract_bar,development
2023-10-03,2023-10-05,bull_put_credit_100_300,paired_sample_incomplete:intraday:duplicate_exact_contract_bar;overnight:duplicate_exact_contract_bar,development
2023-10-03,2023-10-05,bear_call_credit_100_300,paired_sample_incomplete:intraday:duplicate_exact_contract_bar;overnight:duplicate_exact_contract_bar,development
2023-10-04,2023-10-12,short_atm_straddle,paired_sample_incomplete:intraday:duplicate_exact_contract_bar;overnight:duplicate_exact_contract_bar,development
2023-10-04,2023-10-12,short_iron_fly_w100,paired_sample_incomplete:intraday:duplicate_exact_contract_bar;overnight:duplicate_exact_contract_bar,development
2023-10-04,2023-10-12,short_iron_fly_w200,paired_sample_incomplete:intraday:duplicate_exact_contract_bar;overnight:duplicate_exact_contract_bar,development
2023-10-04,2023-10-12,short_iron_fly_w300,paired_sample_incomplete:intraday:duplicate_exact_contract_bar;overnight:duplicate_exact_contract_bar,development
2023-10-04,2023-10-12,long_iron_fly_w100,paired_sample_incomplete:intraday:duplicate_exact_contract_bar;overnight:duplicate_exact_contract_bar,development
2023-10-04,2023-10-12,long_iron_fly_w200,paired_sample_incomplete:intraday:duplicate_exact_contract_bar;overnight:duplicate_exact_contract_bar,development
2023-10-04,2023-10-12,long_iron_fly_w300,paired_sample_incomplete:intraday:duplicate_exact_contract_bar;overnight:duplicate_exact_contract_bar,development
2023-10-04,2023-10-12,short_iron_condor_100_300,paired_sample_incomplete:intraday:duplicate_exact_contract_bar;overnight:duplicate_exact_contract_bar,development
2023-10-04,2023-10-12,bull_put_credit_100_300,paired_sample_incomplete:intraday:duplicate_exact_contract_bar;overnight:duplicate_exact_contract_bar,development
2023-10-04,2023-10-12,bear_call_credit_100_300,paired_sample_incomplete:intraday:duplicate_exact_contract_bar;overnight:duplicate_exact_contract_bar,development
2023-10-05,2023-10-12,short_atm_straddle,paired_sample_incomplete:intraday:duplicate_exact_contract_bar;overnight:duplicate_exact_contract_bar,development
2023-10-05,2023-10-12,short_iron_fly_w100,paired_sample_incomplete:intraday:duplicate_exact_contract_bar;overnight:duplicate_exact_contract_bar,development
2023-10-05,2023-10-12,short_iron_fly_w200,paired_sample_incomplete:intraday:duplicate_exact_contract_bar;overnight:duplicate_exact_contract_bar,development
2023-10-05,2023-10-12,short_iron_fly_w300,paired_sample_incomplete:intraday:duplicate_exact_contract_bar;overnight:duplicate_exact_contract_bar,development
2023-10-05,2023-10-12,long_iron_fly_w100,paired_sample_incomplete:intraday:duplicate_exact_contract_bar;overnight:duplicate_exact_contract_bar,development
2023-10-05,2023-10-12,long_iron_fly_w200,paired_sample_incomplete:intraday:duplicate_exact_contract_bar;overnight:duplicate_exact_contract_bar,development
2023-10-05,2023-10-12,long_iron_fly_w300,paired_sample_incomplete:intraday:duplicate_exact_contract_bar;overnight:duplicate_exact_contract_bar,development
2023-10-05,2023-10-12,short_iron_condor_100_300,paired_sample_incomplete:intraday:duplicate_exact_contract_bar;overnight:duplicate_exact_contract_bar,development
2023-10-05,2023-10-12,bull_put_credit_100_300,paired_sample_incomplete:intraday:duplicate_exact_contract_bar;overnight:duplicate_exact_contract_bar,development
2023-10-05,2023-10-12,bear_call_credit_100_300,paired_sample_incomplete:intraday:duplicate_exact_contract_bar;overnight:duplicate_exact_contract_bar,development
2023-10-06,2023-10-12,short_atm_straddle,paired_sample_incomplete:intraday:duplicate_exact_contract_bar;overnight:duplicate_exact_contract_bar,development
2023-10-06,2023-10-12,short_iron_fly_w100,paired_sample_incomplete:intraday:duplicate_exact_contract_bar;overnight:duplicate_exact_contract_bar,development
2023-10-06,2023-10-12,short_iron_fly_w200,paired_sample_incomplete:intraday:duplicate_exact_contract_bar;overnight:duplicate_exact_contract_bar,development
2023-10-06,2023-10-12,short_iron_fly_w300,paired_sample_incomplete:intraday:duplicate_exact_contract_bar;overnight:duplicate_exact_contract_bar,development
2023-10-06,2023-10-12,long_iron_fly_w100,paired_sample_incomplete:intraday:duplicate_exact_contract_bar;overnight:duplicate_exact_contract_bar,development
2023-10-06,2023-10-12,long_iron_fly_w200,paired_sample_incomplete:intraday:duplicate_exact_contract_bar;overnight:duplicate_exact_contract_bar,development
2023-10-06,2023-10-12,long_iron_fly_w300,paired_sample_incomplete:intraday:duplicate_exact_contract_bar;overnight:duplicate_exact_contract_bar,development
2023-10-06,2023-10-12,short_iron_condor_100_300,paired_sample_incomplete:intraday:duplicate_exact_contract_bar;overnight:duplicate_exact_contract_bar,development
2023-10-06,2023-10-12,bull_put_credit_100_300,paired_sample_incomplete:intraday:duplicate_exact_contract_bar;overnight:duplicate_exact_contract_bar,development
2023-10-06,2023-10-12,bear_call_credit_100_300,paired_sample_incomplete:intraday:duplicate_exact_contract_bar;overnight:duplicate_exact_contract_bar,development
2023-10-09,2023-10-12,short_atm_straddle,paired_sample_incomplete:intraday:duplicate_exact_contract_bar;overnight:duplicate_exact_contract_bar,development
2023-10-09,2023-10-12,short_iron_fly_w100,paired_sample_incomplete:intraday:duplicate_exact_contract_bar;overnight:duplicate_exact_contract_bar,development
2023-10-09,2023-10-12,short_iron_fly_w200,paired_sample_incomplete:intraday:duplicate_exact_contract_bar;overnight:duplicate_exact_contract_bar,development
2023-10-09,2023-10-12,short_iron_fly_w300,paired_sample_incomplete:intraday:duplicate_exact_contract_bar;overnight:duplicate_exact_contract_bar,development
2023-10-09,2023-10-12,long_iron_fly_w100,paired_sample_incomplete:intraday:duplicate_exact_contract_bar;overnight:duplicate_exact_contract_bar,development
2023-10-09,2023-10-12,long_iron_fly_w200,paired_sample_incomplete:intraday:duplicate_exact_contract_bar;overnight:duplicate_exact_contract_bar,development
2023-10-09,2023-10-12,long_iron_fly_w300,paired_sample_incomplete:intraday:duplicate_exact_contract_bar;overnight:duplicate_exact_contract_bar,development
2023-10-09,2023-10-12,short_iron_condor_100_300,paired_sample_incomplete:intraday:duplicate_exact_contract_bar;overnight:duplicate_exact_contract_bar,development
2023-10-09,2023-10-12,bull_put_credit_100_300,paired_sample_incomplete:intraday:duplicate_exact_contract_bar;overnight:duplicate_exact_contract_bar,development
2023-10-09,2023-10-12,bear_call_credit_100_300,paired_sample_incomplete:intraday:duplicate_exact_contract_bar;overnight:duplicate_exact_contract_bar,development
2023-10-10,2023-10-12,short_atm_straddle,paired_sample_incomplete:intraday:duplicate_exact_contract_bar;overnight:duplicate_exact_contract_bar,development
2023-10-10,2023-10-12,short_iron_fly_w100,paired_sample_incomplete:intraday:duplicate_exact_contract_bar;overnight:duplicate_exact_contract_bar,development
2023-10-10,2023-10-12,short_iron_fly_w200,paired_sample_incomplete:intraday:duplicate_exact_contract_bar;overnight:duplicate_exact_contract_bar,development
2023-10-10,2023-10-12,short_iron_fly_w300,paired_sample_incomplete:intraday:duplicate_exact_contract_bar;overnight:duplicate_exact_contract_bar,development
2023-10-10,2023-10-12,long_iron_fly_w100,paired_sample_incomplete:intraday:duplicate_exact_contract_bar;overnight:duplicate_exact_contract_bar,development
2023-10-10,2023-10-12,long_iron_fly_w200,paired_sample_incomplete:intraday:duplicate_exact_contract_bar;overnight:duplicate_exact_contract_bar,development
2023-10-10,2023-10-12,long_iron_fly_w300,paired_sample_incomplete:intraday:duplicate_exact_contract_bar;overnight:duplicate_exact_contract_bar,development
2023-10-10,2023-10-12,short_iron_condor_100_300,paired_sample_incomplete:intraday:duplicate_exact_contract_bar;overnight:duplicate_exact_contract_bar,development
2023-10-10,2023-10-12,bull_put_credit_100_300,paired_sample_incomplete:intraday:duplicate_exact_contract_bar;overnight:duplicate_exact_contract_bar,development
2023-10-10,2023-10-12,bear_call_credit_100_300,paired_sample_incomplete:intraday:duplicate_exact_contract_bar;overnight:duplicate_exact_contract_bar,development
2023-10-11,2023-10-19,short_atm_straddle,paired_sample_incomplete:intraday:duplicate_exact_contract_bar;overnight:duplicate_exact_contract_bar,development
2023-10-11,2023-10-19,short_iron_fly_w100,paired_sample_incomplete:intraday:duplicate_exact_contract_bar;overnight:duplicate_exact_contract_bar,development
2023-10-11,2023-10-19,short_iron_fly_w200,paired_sample_incomplete:intraday:duplicate_exact_contract_bar;overnight:duplicate_exact_contract_bar,development
2023-10-11,2023-10-19,short_iron_fly_w300,paired_sample_incomplete:intraday:duplicate_exact_contract_bar;overnight:duplicate_exact_contract_bar,development
2023-10-11,2023-10-19,long_iron_fly_w100,paired_sample_incomplete:intraday:duplicate_exact_contract_bar;overnight:duplicate_exact_contract_bar,development
2023-10-11,2023-10-19,long_iron_fly_w200,paired_sample_incomplete:intraday:duplicate_exact_contract_bar;overnight:duplicate_exact_contract_bar,development
2023-10-11,2023-10-19,long_iron_fly_w300,paired_sample_incomplete:intraday:duplicate_exact_contract_bar;overnight:duplicate_exact_contract_bar,development
2023-10-11,2023-10-19,short_iron_condor_100_300,paired_sample_incomplete:intraday:duplicate_exact_contract_bar;overnight:duplicate_exact_contract_bar,development
2023-10-11,2023-10-19,bull_put_credit_100_300,paired_sample_incomplete:intraday:duplicate_exact_contract_bar;overnight:duplicate_exact_contract_bar,development
2023-10-11,2023-10-19,bear_call_credit_100_300,paired_sample_incomplete:intraday:duplicate_exact_contract_bar;overnight:duplicate_exact_contract_bar,development
2023-10-12,2023-10-19,short_atm_straddle,paired_sample_incomplete:intraday:duplicate_exact_contract_bar;overnight:duplicate_exact_contract_bar,development
2023-10-12,2023-10-19,short_iron_fly_w100,paired_sample_incomplete:intraday:duplicate_exact_contract_bar;overnight:duplicate_exact_contract_bar,development
2023-10-12,2023-10-19,short_iron_fly_w200,paired_sample_incomplete:intraday:duplicate_exact_contract_bar;overnight:duplicate_exact_contract_bar,development
2023-10-12,2023-10-19,short_iron_fly_w300,paired_sample_incomplete:intraday:duplicate_exact_contract_bar;overnight:duplicate_exact_contract_bar,development
2023-10-12,2023-10-19,long_iron_fly_w100,paired_sample_incomplete:intraday:duplicate_exact_contract_bar;overnight:duplicate_exact_contract_bar,development
2023-10-12,2023-10-19,long_iron_fly_w200,paired_sample_incomplete:intraday:duplicate_exact_contract_bar;overnight:duplicate_exact_contract_bar,development
2023-10-12,2023-10-19,long_iron_fly_w300,paired_sample_incomplete:intraday:duplicate_exact_contract_bar;overnight:duplicate_exact_contract_bar,development
2023-10-12,2023-10-19,short_iron_condor_100_300,paired_sample_incomplete:intraday:duplicate_exact_contract_bar;overnight:duplicate_exact_contract_bar,development
2023-10-12,2023-10-19,bull_put_credit_100_300,paired_sample_incomplete:intraday:duplicate_exact_contract_bar;overnight:duplicate_exact_contract_bar,development
2023-10-12,2023-10-19,bear_call_credit_100_300,paired_sample_incomplete:intraday:duplicate_exact_contract_bar;overnight:duplicate_exact_contract_bar,development
2023-10-13,2023-10-19,short_atm_straddle,paired_sample_incomplete:intraday:duplicate_exact_contract_bar;overnight:duplicate_exact_contract_bar,development
2023-10-13,2023-10-19,short_iron_fly_w100,paired_sample_incomplete:intraday:duplicate_exact_contract_bar;overnight:duplicate_exact_contract_bar,development
2023-10-13,2023-10-19,short_iron_fly_w200,paired_sample_incomplete:intraday:duplicate_exact_contract_bar;overnight:duplicate_exact_contract_bar,development
2023-10-13,2023-10-19,short_iron_fly_w300,paired_sample_incomplete:intraday:duplicate_exact_contract_bar;overnight:duplicate_exact_contract_bar,development
2023-10-13,2023-10-19,long_iron_fly_w100,paired_sample_incomplete:intraday:duplicate_exact_contract_bar;overnight:duplicate_exact_contract_bar,development
2023-10-13,2023-10-19,long_iron_fly_w200,paired_sample_incomplete:intraday:duplicate_exact_contract_bar;overnight:duplicate_exact_contract_bar,development
2023-10-13,2023-10-19,long_iron_fly_w300,paired_sample_incomplete:intraday:duplicate_exact_contract_bar;overnight:duplicate_exact_contract_bar,development
2023-10-13,2023-10-19,short_iron_condor_100_300,paired_sample_incomplete:intraday:duplicate_exact_contract_bar;overnight:duplicate_exact_contract_bar,development
2023-10-13,2023-10-19,bull_put_credit_100_300,paired_sample_incomplete:intraday:duplicate_exact_contract_bar;overnight:duplicate_exact_contract_bar,development
2023-10-13,2023-10-19,bear_call_credit_100_300,paired_sample_incomplete:intraday:duplicate_exact_contract_bar;overnight:duplicate_exact_contract_bar,development
2023-10-16,2023-10-19,short_atm_straddle,paired_sample_incomplete:intraday:duplicate_exact_contract_bar;overnight:duplicate_exact_contract_bar,development
2023-10-16,2023-10-19,short_iron_fly_w100,paired_sample_incomplete:intraday:duplicate_exact_contract_bar;overnight:duplicate_exact_contract_bar,development
2023-10-16,2023-10-19,short_iron_fly_w200,paired_sample_incomplete:intraday:duplicate_exact_contract_bar;overnight:duplicate_exact_contract_bar,development
2023-10-16,2023-10-19,short_iron_fly_w300,paired_sample_incomplete:intraday:duplicate_exact_contract_bar;overnight:duplicate_exact_contract_bar,development
2023-10-16,2023-10-19,long_iron_fly_w100,paired_sample_incomplete:intraday:duplicate_exact_contract_bar;overnight:duplicate_exact_contract_bar,development
2023-10-16,2023-10-19,long_iron_fly_w200,paired_sample_incomplete:intraday:duplicate_exact_contract_bar;overnight:duplicate_exact_contract_bar,development
2023-10-16,2023-10-19,long_iron_fly_w300,paired_sample_incomplete:intraday:duplicate_exact_contract_bar;overnight:duplicate_exact_contract_bar,development
2023-10-16,2023-10-19,short_iron_condor_100_300,paired_sample_incomplete:intraday:duplicate_exact_contract_bar;overnight:duplicate_exact_contract_bar,development
2023-10-16,2023-10-19,bull_put_credit_100_300,paired_sample_incomplete:intraday:duplicate_exact_contract_bar;overnight:duplicate_exact_contract_bar,development
2023-10-16,2023-10-19,bear_call_credit_100_300,paired_sample_incomplete:intraday:duplicate_exact_contract_bar;overnight:duplicate_exact_contract_bar,development
2023-10-17,2023-10-19,short_atm_straddle,paired_sample_incomplete:intraday:duplicate_exact_contract_bar;overnight:duplicate_exact_contract_bar,development
2023-10-17,2023-10-19,short_iron_fly_w100,paired_sample_incomplete:intraday:duplicate_exact_contract_bar;overnight:duplicate_exact_contract_bar,development
2023-10-17,2023-10-19,short_iron_fly_w200,paired_sample_incomplete:intraday:duplicate_exact_contract_bar;overnight:duplicate_exact_contract_bar,development
2023-10-17,2023-10-19,short_iron_fly_w300,paired_sample_incomplete:intraday:duplicate_exact_contract_bar;overnight:duplicate_exact_contract_bar,development
2023-10-17,2023-10-19,long_iron_fly_w100,paired_sample_incomplete:intraday:duplicate_exact_contract_bar;overnight:duplicate_exact_contract_bar,development
2023-10-17,2023-10-19,long_iron_fly_w200,paired_sample_incomplete:intraday:duplicate_exact_contract_bar;overnight:duplicate_exact_contract_bar,development
2023-10-17,2023-10-19,long_iron_fly_w300,paired_sample_incomplete:intraday:duplicate_exact_contract_bar;overnight:duplicate_exact_contract_bar,development
2023-10-17,2023-10-19,short_iron_condor_100_300,paired_sample_incomplete:intraday:duplicate_exact_contract_bar;overnight:duplicate_exact_contract_bar,development
2023-10-17,2023-10-19,bull_put_credit_100_300,paired_sample_incomplete:intraday:duplicate_exact_contract_bar;overnight:duplicate_exact_contract_bar,development
2023-10-17,2023-10-19,bear_call_credit_100_300,paired_sample_incomplete:intraday:duplicate_exact_contract_bar;overnight:duplicate_exact_contract_bar,development
2023-10-18,2023-10-26,short_atm_straddle,paired_sample_incomplete:intraday:duplicate_exact_contract_bar;overnight:duplicate_exact_contract_bar,development
2023-10-18,2023-10-26,short_iron_fly_w100,paired_sample_incomplete:intraday:duplicate_exact_contract_bar;overnight:duplicate_exact_contract_bar,development
2023-10-18,2023-10-26,short_iron_fly_w200,paired_sample_incomplete:intraday:duplicate_exact_contract_bar;overnight:duplicate_exact_contract_bar,development
2023-10-18,2023-10-26,short_iron_fly_w300,paired_sample_incomplete:intraday:duplicate_exact_contract_bar;overnight:duplicate_exact_contract_bar,development
2023-10-18,2023-10-26,long_iron_fly_w100,paired_sample_incomplete:intraday:duplicate_exact_contract_bar;overnight:duplicate_exact_contract_bar,development
2023-10-18,2023-10-26,long_iron_fly_w200,paired_sample_incomplete:intraday:duplicate_exact_contract_bar;overnight:duplicate_exact_contract_bar,development
2023-10-18,2023-10-26,long_iron_fly_w300,paired_sample_incomplete:intraday:duplicate_exact_contract_bar;overnight:duplicate_exact_contract_bar,development
2023-10-18,2023-10-26,short_iron_condor_100_300,paired_sample_incomplete:intraday:duplicate_exact_contract_bar;overnight:duplicate_exact_contract_bar,development
2023-10-18,2023-10-26,bull_put_credit_100_300,paired_sample_incomplete:intraday:duplicate_exact_contract_bar;overnight:duplicate_exact_contract_bar,development
2023-10-18,2023-10-26,bear_call_credit_100_300,paired_sample_incomplete:intraday:duplicate_exact_contract_bar;overnight:duplicate_exact_contract_bar,development
2023-10-19,2023-10-26,short_atm_straddle,paired_sample_incomplete:intraday:duplicate_exact_contract_bar;overnight:duplicate_exact_contract_bar,development
2023-10-19,2023-10-26,short_iron_fly_w100,paired_sample_incomplete:intraday:duplicate_exact_contract_bar;overnight:duplicate_exact_contract_bar,development
2023-10-19,2023-10-26,short_iron_fly_w200,paired_sample_incomplete:intraday:duplicate_exact_contract_bar;overnight:duplicate_exact_contract_bar,development
2023-10-19,2023-10-26,short_iron_fly_w300,paired_sample_incomplete:intraday:duplicate_exact_contract_bar;overnight:duplicate_exact_contract_bar,development
2023-10-19,2023-10-26,long_iron_fly_w100,paired_sample_incomplete:intraday:duplicate_exact_contract_bar;overnight:duplicate_exact_contract_bar,development
2023-10-19,2023-10-26,long_iron_fly_w200,paired_sample_incomplete:intraday:duplicate_exact_contract_bar;overnight:duplicate_exact_contract_bar,development
2023-10-19,2023-10-26,long_iron_fly_w300,paired_sample_incomplete:intraday:duplicate_exact_contract_bar;overnight:duplicate_exact_contract_bar,development
2023-10-19,2023-10-26,short_iron_condor_100_300,paired_sample_incomplete:intraday:duplicate_exact_contract_bar;overnight:duplicate_exact_contract_bar,development
2023-10-19,2023-10-26,bull_put_credit_100_300,paired_sample_incomplete:intraday:duplicate_exact_contract_bar;overnight:duplicate_exact_contract_bar,development
2023-10-19,2023-10-26,bear_call_credit_100_300,paired_sample_incomplete:intraday:duplicate_exact_contract_bar;overnight:duplicate_exact_contract_bar,development
2023-10-20,2023-10-26,short_atm_straddle,paired_sample_incomplete:intraday:duplicate_exact_contract_bar;overnight:duplicate_exact_contract_bar,development
2023-10-20,2023-10-26,short_iron_fly_w100,paired_sample_incomplete:intraday:duplicate_exact_contract_bar;overnight:duplicate_exact_contract_bar,development
2023-10-20,2023-10-26,short_iron_fly_w200,paired_sample_incomplete:intraday:duplicate_exact_contract_bar;overnight:duplicate_exact_contract_bar,development
2023-10-20,2023-10-26,short_iron_fly_w300,paired_sample_incomplete:intraday:duplicate_exact_contract_bar;overnight:duplicate_exact_contract_bar,development
2023-10-20,2023-10-26,long_iron_fly_w100,paired_sample_incomplete:intraday:duplicate_exact_contract_bar;overnight:duplicate_exact_contract_bar,development
2023-10-20,2023-10-26,long_iron_fly_w200,paired_sample_incomplete:intraday:duplicate_exact_contract_bar;overnight:duplicate_exact_contract_bar,development
2023-10-20,2023-10-26,long_iron_fly_w300,paired_sample_incomplete:intraday:duplicate_exact_contract_bar;overnight:duplicate_exact_contract_bar,development
2023-10-20,2023-10-26,short_iron_condor_100_300,paired_sample_incomplete:intraday:duplicate_exact_contract_bar;overnight:duplicate_exact_contract_bar,development
2023-10-20,2023-10-26,bull_put_credit_100_300,paired_sample_incomplete:intraday:duplicate_exact_contract_bar;overnight:duplicate_exact_contract_bar,development
2023-10-20,2023-10-26,bear_call_credit_100_300,paired_sample_incomplete:intraday:duplicate_exact_contract_bar;overnight:duplicate_exact_contract_bar,development
2023-10-23,2023-10-26,short_atm_straddle,paired_sample_incomplete:intraday:duplicate_exact_contract_bar;overnight:duplicate_exact_contract_bar,development
2023-10-23,2023-10-26,short_iron_fly_w100,paired_sample_incomplete:intraday:duplicate_exact_contract_bar;overnight:duplicate_exact_contract_bar,development
2023-10-23,2023-10-26,short_iron_fly_w200,paired_sample_incomplete:intraday:duplicate_exact_contract_bar;overnight:duplicate_exact_contract_bar,development
2023-10-23,2023-10-26,short_iron_fly_w300,paired_sample_incomplete:intraday:duplicate_exact_contract_bar;overnight:duplicate_exact_contract_bar,development
2023-10-23,2023-10-26,long_iron_fly_w100,paired_sample_incomplete:intraday:duplicate_exact_contract_bar;overnight:duplicate_exact_contract_bar,development
2023-10-23,2023-10-26,long_iron_fly_w200,paired_sample_incomplete:intraday:duplicate_exact_contract_bar;overnight:duplicate_exact_contract_bar,development
2023-10-23,2023-10-26,long_iron_fly_w300,paired_sample_incomplete:intraday:duplicate_exact_contract_bar;overnight:duplicate_exact_contract_bar,development
2023-10-23,2023-10-26,short_iron_condor_100_300,paired_sample_incomplete:intraday:duplicate_exact_contract_bar;overnight:duplicate_exact_contract_bar,development
2023-10-23,2023-10-26,bull_put_credit_100_300,paired_sample_incomplete:intraday:duplicate_exact_contract_bar;overnight:duplicate_exact_contract_bar,development
2023-10-23,2023-10-26,bear_call_credit_100_300,paired_sample_incomplete:intraday:duplicate_exact_contract_bar;overnight:duplicate_exact_contract_bar,development
2023-10-25,2023-11-02,short_atm_straddle,paired_sample_incomplete:intraday:duplicate_exact_contract_bar;overnight:duplicate_exact_contract_bar,development
2023-10-25,2023-11-02,short_iron_fly_w100,paired_sample_incomplete:intraday:duplicate_exact_contract_bar;overnight:duplicate_exact_contract_bar,development
2023-10-25,2023-11-02,short_iron_fly_w200,paired_sample_incomplete:intraday:duplicate_exact_contract_bar;overnight:duplicate_exact_contract_bar,development
2023-10-25,2023-11-02,short_iron_fly_w300,paired_sample_incomplete:intraday:duplicate_exact_contract_bar;overnight:duplicate_exact_contract_bar,development
2023-10-25,2023-11-02,long_iron_fly_w100,paired_sample_incomplete:intraday:duplicate_exact_contract_bar;overnight:duplicate_exact_contract_bar,development
2023-10-25,2023-11-02,long_iron_fly_w200,paired_sample_incomplete:intraday:duplicate_exact_contract_bar;overnight:duplicate_exact_contract_bar,development
2023-10-25,2023-11-02,long_iron_fly_w300,paired_sample_incomplete:intraday:duplicate_exact_contract_bar;overnight:duplicate_exact_contract_bar,development
2023-10-25,2023-11-02,short_iron_condor_100_300,paired_sample_incomplete:intraday:duplicate_exact_contract_bar;overnight:duplicate_exact_contract_bar,development
2023-10-25,2023-11-02,bull_put_credit_100_300,paired_sample_incomplete:intraday:duplicate_exact_contract_bar;overnight:duplicate_exact_contract_bar,development
2023-10-25,2023-11-02,bear_call_credit_100_300,paired_sample_incomplete:intraday:duplicate_exact_contract_bar;overnight:duplicate_exact_contract_bar,development
2023-10-26,2023-11-02,short_atm_straddle,paired_sample_incomplete:intraday:duplicate_exact_contract_bar;overnight:duplicate_exact_contract_bar,development
2023-10-26,2023-11-02,short_iron_fly_w100,paired_sample_incomplete:intraday:duplicate_exact_contract_bar;overnight:duplicate_exact_contract_bar,development
2023-10-26,2023-11-02,short_iron_fly_w200,paired_sample_incomplete:intraday:duplicate_exact_contract_bar;overnight:duplicate_exact_contract_bar,development
2023-10-26,2023-11-02,short_iron_fly_w300,paired_sample_incomplete:intraday:duplicate_exact_contract_bar;overnight:duplicate_exact_contract_bar,development
2023-10-26,2023-11-02,long_iron_fly_w100,paired_sample_incomplete:intraday:duplicate_exact_contract_bar;overnight:duplicate_exact_contract_bar,development
2023-10-26,2023-11-02,long_iron_fly_w200,paired_sample_incomplete:intraday:duplicate_exact_contract_bar;overnight:duplicate_exact_contract_bar,development
2023-10-26,2023-11-02,long_iron_fly_w300,paired_sample_incomplete:intraday:duplicate_exact_contract_bar;overnight:duplicate_exact_contract_bar,development
2023-10-26,2023-11-02,short_iron_condor_100_300,paired_sample_incomplete:intraday:duplicate_exact_contract_bar;overnight:duplicate_exact_contract_bar,development
2023-10-26,2023-11-02,bull_put_credit_100_300,paired_sample_incomplete:intraday:duplicate_exact_contract_bar;overnight:duplicate_exact_contract_bar,development
2023-10-26,2023-11-02,bear_call_credit_100_300,paired_sample_incomplete:intraday:duplicate_exact_contract_bar;overnight:duplicate_exact_contract_bar,development
2023-10-27,2023-11-02,short_atm_straddle,paired_sample_incomplete:intraday:duplicate_exact_contract_bar;overnight:duplicate_exact_contract_bar,development
2023-10-27,2023-11-02,short_iron_fly_w100,paired_sample_incomplete:intraday:duplicate_exact_contract_bar;overnight:duplicate_exact_contract_bar,development
2023-10-27,2023-11-02,short_iron_fly_w200,paired_sample_incomplete:intraday:duplicate_exact_contract_bar;overnight:duplicate_exact_contract_bar,development
2023-10-27,2023-11-02,short_iron_fly_w300,paired_sample_incomplete:intraday:duplicate_exact_contract_bar;overnight:duplicate_exact_contract_bar,development
2023-10-27,2023-11-02,long_iron_fly_w100,paired_sample_incomplete:intraday:duplicate_exact_contract_bar;overnight:duplicate_exact_contract_bar,development
2023-10-27,2023-11-02,long_iron_fly_w200,paired_sample_incomplete:intraday:duplicate_exact_contract_bar;overnight:duplicate_exact_contract_bar,development
2023-10-27,2023-11-02,long_iron_fly_w300,paired_sample_incomplete:intraday:duplicate_exact_contract_bar;overnight:duplicate_exact_contract_bar,development
2023-10-27,2023-11-02,short_iron_condor_100_300,paired_sample_incomplete:intraday:duplicate_exact_contract_bar;overnight:duplicate_exact_contract_bar,development
2023-10-27,2023-11-02,bull_put_credit_100_300,paired_sample_incomplete:intraday:duplicate_exact_contract_bar;overnight:duplicate_exact_contract_bar,development
2023-10-27,2023-11-02,bear_call_credit_100_300,paired_sample_incomplete:intraday:duplicate_exact_contract_bar;overnight:duplicate_exact_contract_bar,development
2023-10-30,2023-11-02,short_atm_straddle,paired_sample_incomplete:intraday:duplicate_exact_contract_bar;overnight:duplicate_exact_contract_bar,development
2023-10-30,2023-11-02,short_iron_fly_w100,paired_sample_incomplete:intraday:duplicate_exact_contract_bar;overnight:duplicate_exact_contract_bar,development
2023-10-30,2023-11-02,short_iron_fly_w200,paired_sample_incomplete:intraday:duplicate_exact_contract_bar;overnight:duplicate_exact_contract_bar,development
2023-10-30,2023-11-02,short_iron_fly_w300,paired_sample_incomplete:intraday:duplicate_exact_contract_bar;overnight:duplicate_exact_contract_bar,development
2023-10-30,2023-11-02,long_iron_fly_w100,paired_sample_incomplete:intraday:duplicate_exact_contract_bar;overnight:duplicate_exact_contract_bar,development
2023-10-30,2023-11-02,long_iron_fly_w200,paired_sample_incomplete:intraday:duplicate_exact_contract_bar;overnight:duplicate_exact_contract_bar,development
2023-10-30,2023-11-02,long_iron_fly_w300,paired_sample_incomplete:intraday:duplicate_exact_contract_bar;overnight:duplicate_exact_contract_bar,development
2023-10-30,2023-11-02,short_iron_condor_100_300,paired_sample_incomplete:intraday:duplicate_exact_contract_bar;overnight:duplicate_exact_contract_bar,development
2023-10-30,2023-11-02,bull_put_credit_100_300,paired_sample_incomplete:intraday:duplicate_exact_contract_bar;overnight:duplicate_exact_contract_bar,development
2023-10-30,2023-11-02,bear_call_credit_100_300,paired_sample_incomplete:intraday:duplicate_exact_contract_bar;overnight:duplicate_exact_contract_bar,development
2023-10-31,2023-11-02,short_atm_straddle,paired_sample_incomplete:intraday:duplicate_exact_contract_bar;overnight:duplicate_exact_contract_bar,development
2023-10-31,2023-11-02,short_iron_fly_w100,paired_sample_incomplete:intraday:duplicate_exact_contract_bar;overnight:duplicate_exact_contract_bar,development
2023-10-31,2023-11-02,short_iron_fly_w200,paired_sample_incomplete:intraday:duplicate_exact_contract_bar;overnight:duplicate_exact_contract_bar,development
2023-10-31,2023-11-02,short_iron_fly_w300,paired_sample_incomplete:intraday:duplicate_exact_contract_bar;overnight:duplicate_exact_contract_bar,development
2023-10-31,2023-11-02,long_iron_fly_w100,paired_sample_incomplete:intraday:duplicate_exact_contract_bar;overnight:duplicate_exact_contract_bar,development
2023-10-31,2023-11-02,long_iron_fly_w200,paired_sample_incomplete:intraday:duplicate_exact_contract_bar;overnight:duplicate_exact_contract_bar,development
2023-10-31,2023-11-02,long_iron_fly_w300,paired_sample_incomplete:intraday:duplicate_exact_contract_bar;overnight:duplicate_exact_contract_bar,development
2023-10-31,2023-11-02,short_iron_condor_100_300,paired_sample_incomplete:intraday:duplicate_exact_contract_bar;overnight:duplicate_exact_contract_bar,development
2023-10-31,2023-11-02,bull_put_credit_100_300,paired_sample_incomplete:intraday:duplicate_exact_contract_bar;overnight:duplicate_exact_contract_bar,development
2023-10-31,2023-11-02,bear_call_credit_100_300,paired_sample_incomplete:intraday:duplicate_exact_contract_bar;overnight:duplicate_exact_contract_bar,development
2023-11-10,2023-11-16,short_atm_straddle,paired_sample_incomplete:overnight:missing_exact_timestamp,development
2023-11-10,2023-11-16,short_iron_fly_w100,paired_sample_incomplete:overnight:missing_exact_timestamp,development
2023-11-10,2023-11-16,short_iron_fly_w200,paired_sample_incomplete:overnight:missing_exact_timestamp,development
2023-11-10,2023-11-16,short_iron_fly_w300,paired_sample_incomplete:overnight:missing_exact_timestamp,development
2023-11-10,2023-11-16,long_iron_fly_w100,paired_sample_incomplete:overnight:missing_exact_timestamp,development
2023-11-10,2023-11-16,long_iron_fly_w200,paired_sample_incomplete:overnight:missing_exact_timestamp,development
2023-11-10,2023-11-16,long_iron_fly_w300,paired_sample_incomplete:overnight:missing_exact_timestamp,development
2023-11-10,2023-11-16,short_iron_condor_100_300,paired_sample_incomplete:overnight:missing_exact_timestamp,development
2023-11-10,2023-11-16,bull_put_credit_100_300,paired_sample_incomplete:overnight:missing_exact_timestamp,development
2023-11-10,2023-11-16,bear_call_credit_100_300,paired_sample_incomplete:overnight:missing_exact_timestamp,development
2023-11-12,2023-11-16,ALL,missing_prior_0919_spot,development
2023-12-27,2024-01-04,short_atm_straddle,paired_sample_incomplete:intraday:duplicate_exact_contract_bar;overnight:duplicate_exact_contract_bar,development
2023-12-27,2024-01-04,short_iron_fly_w100,paired_sample_incomplete:intraday:duplicate_exact_contract_bar;overnight:duplicate_exact_contract_bar,development
2023-12-27,2024-01-04,short_iron_fly_w200,paired_sample_incomplete:intraday:duplicate_exact_contract_bar;overnight:duplicate_exact_contract_bar,development
2023-12-27,2024-01-04,short_iron_fly_w300,paired_sample_incomplete:intraday:duplicate_exact_contract_bar;overnight:duplicate_exact_contract_bar,development
2023-12-27,2024-01-04,long_iron_fly_w100,paired_sample_incomplete:intraday:duplicate_exact_contract_bar;overnight:duplicate_exact_contract_bar,development
2023-12-27,2024-01-04,long_iron_fly_w200,paired_sample_incomplete:intraday:duplicate_exact_contract_bar;overnight:duplicate_exact_contract_bar,development
2023-12-27,2024-01-04,long_iron_fly_w300,paired_sample_incomplete:intraday:duplicate_exact_contract_bar;overnight:duplicate_exact_contract_bar,development
2023-12-27,2024-01-04,short_iron_condor_100_300,paired_sample_incomplete:intraday:duplicate_exact_contract_bar;overnight:duplicate_exact_contract_bar,development
2023-12-27,2024-01-04,bull_put_credit_100_300,paired_sample_incomplete:intraday:duplicate_exact_contract_bar;overnight:duplicate_exact_contract_bar,development
2023-12-27,2024-01-04,bear_call_credit_100_300,paired_sample_incomplete:intraday:duplicate_exact_contract_bar;overnight:duplicate_exact_contract_bar,development
2023-12-28,2024-01-04,short_atm_straddle,paired_sample_incomplete:intraday:duplicate_exact_contract_bar;overnight:duplicate_exact_contract_bar,development
2023-12-28,2024-01-04,short_iron_fly_w100,paired_sample_incomplete:intraday:duplicate_exact_contract_bar;overnight:duplicate_exact_contract_bar,development
2023-12-28,2024-01-04,short_iron_fly_w200,paired_sample_incomplete:intraday:duplicate_exact_contract_bar;overnight:duplicate_exact_contract_bar,development
2023-12-28,2024-01-04,short_iron_fly_w300,paired_sample_incomplete:intraday:duplicate_exact_contract_bar;overnight:duplicate_exact_contract_bar,development
2023-12-28,2024-01-04,long_iron_fly_w100,paired_sample_incomplete:intraday:duplicate_exact_contract_bar;overnight:duplicate_exact_contract_bar,development
2023-12-28,2024-01-04,long_iron_fly_w200,paired_sample_incomplete:intraday:duplicate_exact_contract_bar;overnight:duplicate_exact_contract_bar,development
2023-12-28,2024-01-04,long_iron_fly_w300,paired_sample_incomplete:intraday:duplicate_exact_contract_bar;overnight:duplicate_exact_contract_bar,development
2023-12-28,2024-01-04,short_iron_condor_100_300,paired_sample_incomplete:intraday:duplicate_exact_contract_bar;overnight:duplicate_exact_contract_bar,development
2023-12-28,2024-01-04,bull_put_credit_100_300,paired_sample_incomplete:intraday:duplicate_exact_contract_bar;overnight:duplicate_exact_contract_bar,development
2023-12-28,2024-01-04,bear_call_credit_100_300,paired_sample_incomplete:intraday:duplicate_exact_contract_bar;overnight:duplicate_exact_contract_bar,development
2023-12-29,2024-01-04,short_atm_straddle,paired_sample_incomplete:intraday:duplicate_exact_contract_bar;overnight:duplicate_exact_contract_bar,development
2023-12-29,2024-01-04,short_iron_fly_w100,paired_sample_incomplete:intraday:duplicate_exact_contract_bar;overnight:duplicate_exact_contract_bar,development
2023-12-29,2024-01-04,short_iron_fly_w200,paired_sample_incomplete:intraday:duplicate_exact_contract_bar;overnight:duplicate_exact_contract_bar,development
2023-12-29,2024-01-04,short_iron_fly_w300,paired_sample_incomplete:intraday:duplicate_exact_contract_bar;overnight:duplicate_exact_contract_bar,development
2023-12-29,2024-01-04,long_iron_fly_w100,paired_sample_incomplete:intraday:duplicate_exact_contract_bar;overnight:duplicate_exact_contract_bar,development
2023-12-29,2024-01-04,long_iron_fly_w200,paired_sample_incomplete:intraday:duplicate_exact_contract_bar;overnight:duplicate_exact_contract_bar,development
2023-12-29,2024-01-04,long_iron_fly_w300,paired_sample_incomplete:intraday:duplicate_exact_contract_bar;overnight:duplicate_exact_contract_bar,development
2023-12-29,2024-01-04,short_iron_condor_100_300,paired_sample_incomplete:intraday:duplicate_exact_contract_bar;overnight:duplicate_exact_contract_bar,development
2023-12-29,2024-01-04,bull_put_credit_100_300,paired_sample_incomplete:intraday:duplicate_exact_contract_bar;overnight:duplicate_exact_contract_bar,development
2023-12-29,2024-01-04,bear_call_credit_100_300,paired_sample_incomplete:intraday:duplicate_exact_contract_bar;overnight:duplicate_exact_contract_bar,development
2024-01-01,2024-01-04,short_atm_straddle,paired_sample_incomplete:intraday:duplicate_exact_contract_bar;overnight:duplicate_exact_contract_bar,validation
2024-01-01,2024-01-04,short_iron_fly_w100,paired_sample_incomplete:intraday:duplicate_exact_contract_bar;overnight:duplicate_exact_contract_bar,validation
2024-01-01,2024-01-04,short_iron_fly_w200,paired_sample_incomplete:intraday:duplicate_exact_contract_bar;overnight:duplicate_exact_contract_bar,validation
2024-01-01,2024-01-04,short_iron_fly_w300,paired_sample_incomplete:intraday:duplicate_exact_contract_bar;overnight:duplicate_exact_contract_bar,validation
2024-01-01,2024-01-04,long_iron_fly_w100,paired_sample_incomplete:intraday:duplicate_exact_contract_bar;overnight:duplicate_exact_contract_bar,validation
2024-01-01,2024-01-04,long_iron_fly_w200,paired_sample_incomplete:intraday:duplicate_exact_contract_bar;overnight:duplicate_exact_contract_bar,validation
2024-01-01,2024-01-04,long_iron_fly_w300,paired_sample_incomplete:intraday:duplicate_exact_contract_bar;overnight:duplicate_exact_contract_bar,validation
2024-01-01,2024-01-04,short_iron_condor_100_300,paired_sample_incomplete:intraday:duplicate_exact_contract_bar;overnight:duplicate_exact_contract_bar,validation
2024-01-01,2024-01-04,bull_put_credit_100_300,paired_sample_incomplete:intraday:duplicate_exact_contract_bar;overnight:duplicate_exact_contract_bar,validation
2024-01-01,2024-01-04,bear_call_credit_100_300,paired_sample_incomplete:intraday:duplicate_exact_contract_bar;overnight:duplicate_exact_contract_bar,validation
2024-01-02,2024-01-04,short_atm_straddle,paired_sample_incomplete:intraday:duplicate_exact_contract_bar;overnight:duplicate_exact_contract_bar,validation
2024-01-02,2024-01-04,short_iron_fly_w100,paired_sample_incomplete:intraday:duplicate_exact_contract_bar;overnight:duplicate_exact_contract_bar,validation
2024-01-02,2024-01-04,short_iron_fly_w200,paired_sample_incomplete:intraday:duplicate_exact_contract_bar;overnight:duplicate_exact_contract_bar,validation
2024-01-02,2024-01-04,short_iron_fly_w300,paired_sample_incomplete:intraday:duplicate_exact_contract_bar;overnight:duplicate_exact_contract_bar,validation
2024-01-02,2024-01-04,long_iron_fly_w100,paired_sample_incomplete:intraday:duplicate_exact_contract_bar;overnight:duplicate_exact_contract_bar,validation
2024-01-02,2024-01-04,long_iron_fly_w200,paired_sample_incomplete:intraday:duplicate_exact_contract_bar;overnight:duplicate_exact_contract_bar,validation
2024-01-02,2024-01-04,long_iron_fly_w300,paired_sample_incomplete:intraday:duplicate_exact_contract_bar;overnight:duplicate_exact_contract_bar,validation
2024-01-02,2024-01-04,short_iron_condor_100_300,paired_sample_incomplete:intraday:duplicate_exact_contract_bar;overnight:duplicate_exact_contract_bar,validation
2024-01-02,2024-01-04,bull_put_credit_100_300,paired_sample_incomplete:intraday:duplicate_exact_contract_bar;overnight:duplicate_exact_contract_bar,validation
2024-01-02,2024-01-04,bear_call_credit_100_300,paired_sample_incomplete:intraday:duplicate_exact_contract_bar;overnight:duplicate_exact_contract_bar,validation
2024-03-02,2024-03-07,short_atm_straddle,paired_sample_incomplete:intraday:missing_exact_timestamp;overnight:missing_exact_timestamp,validation
2024-03-02,2024-03-07,short_iron_fly_w100,paired_sample_incomplete:intraday:missing_exact_timestamp;overnight:missing_exact_timestamp,validation
2024-03-02,2024-03-07,short_iron_fly_w200,paired_sample_incomplete:intraday:missing_exact_timestamp;overnight:missing_exact_timestamp,validation
2024-03-02,2024-03-07,short_iron_fly_w300,paired_sample_incomplete:intraday:missing_exact_timestamp;overnight:missing_exact_timestamp,validation
2024-03-02,2024-03-07,long_iron_fly_w100,paired_sample_incomplete:intraday:missing_exact_timestamp;overnight:missing_exact_timestamp,validation
2024-03-02,2024-03-07,long_iron_fly_w200,paired_sample_incomplete:intraday:missing_exact_timestamp;overnight:missing_exact_timestamp,validation
2024-03-02,2024-03-07,long_iron_fly_w300,paired_sample_incomplete:intraday:missing_exact_timestamp;overnight:missing_exact_timestamp,validation
2024-03-02,2024-03-07,short_iron_condor_100_300,paired_sample_incomplete:intraday:missing_exact_timestamp;overnight:missing_exact_timestamp,validation
2024-03-02,2024-03-07,bull_put_credit_100_300,paired_sample_incomplete:intraday:missing_exact_timestamp;overnight:missing_exact_timestamp,validation
2024-03-02,2024-03-07,bear_call_credit_100_300,paired_sample_incomplete:intraday:missing_exact_timestamp;overnight:missing_exact_timestamp,validation
2024-03-20,2024-03-28,short_iron_fly_w100,paired_sample_incomplete:intraday:missing_exact_contract_bar;overnight:missing_exact_contract_bar,validation
2024-03-20,2024-03-28,long_iron_fly_w100,paired_sample_incomplete:intraday:missing_exact_contract_bar;overnight:missing_exact_contract_bar,validation
2024-03-20,2024-03-28,short_iron_condor_100_300,paired_sample_incomplete:intraday:missing_exact_contract_bar;overnight:missing_exact_contract_bar,validation
2024-03-20,2024-03-28,bear_call_credit_100_300,paired_sample_incomplete:intraday:missing_exact_contract_bar;overnight:missing_exact_contract_bar,validation
2024-05-18,2024-05-23,short_atm_straddle,paired_sample_incomplete:intraday:missing_exact_timestamp;overnight:missing_exact_timestamp,validation
2024-05-18,2024-05-23,short_iron_fly_w100,paired_sample_incomplete:intraday:missing_exact_timestamp;overnight:missing_exact_timestamp,validation
2024-05-18,2024-05-23,short_iron_fly_w200,paired_sample_incomplete:intraday:missing_exact_timestamp;overnight:missing_exact_timestamp,validation
2024-05-18,2024-05-23,short_iron_fly_w300,paired_sample_incomplete:intraday:missing_exact_timestamp;overnight:missing_exact_timestamp,validation
2024-05-18,2024-05-23,long_iron_fly_w100,paired_sample_incomplete:intraday:missing_exact_timestamp;overnight:missing_exact_timestamp,validation
2024-05-18,2024-05-23,long_iron_fly_w200,paired_sample_incomplete:intraday:missing_exact_timestamp;overnight:missing_exact_timestamp,validation
2024-05-18,2024-05-23,long_iron_fly_w300,paired_sample_incomplete:intraday:missing_exact_timestamp;overnight:missing_exact_timestamp,validation
2024-05-18,2024-05-23,short_iron_condor_100_300,paired_sample_incomplete:intraday:missing_exact_timestamp;overnight:missing_exact_timestamp,validation
2024-05-18,2024-05-23,bull_put_credit_100_300,paired_sample_incomplete:intraday:missing_exact_timestamp;overnight:missing_exact_timestamp,validation
2024-05-18,2024-05-23,bear_call_credit_100_300,paired_sample_incomplete:intraday:missing_exact_timestamp;overnight:missing_exact_timestamp,validation
2024-06-05,2024-06-13,short_iron_fly_w100,paired_sample_incomplete:intraday:missing_exact_contract_bar,validation
2024-06-05,2024-06-13,short_iron_fly_w300,paired_sample_incomplete:intraday:missing_exact_contract_bar,validation
2024-06-05,2024-06-13,long_iron_fly_w100,paired_sample_incomplete:intraday:missing_exact_contract_bar,validation
2024-06-05,2024-06-13,long_iron_fly_w300,paired_sample_incomplete:intraday:missing_exact_contract_bar,validation
2024-06-05,2024-06-13,short_iron_condor_100_300,paired_sample_incomplete:intraday:missing_exact_contract_bar,validation
2024-06-05,2024-06-13,bull_put_credit_100_300,paired_sample_incomplete:intraday:missing_exact_contract_bar,validation
2024-10-31,2024-11-07,short_atm_straddle,paired_sample_incomplete:overnight:missing_exact_timestamp,validation
2024-10-31,2024-11-07,short_iron_fly_w100,paired_sample_incomplete:overnight:missing_exact_timestamp,validation
2024-10-31,2024-11-07,short_iron_fly_w200,paired_sample_incomplete:overnight:missing_exact_timestamp,validation
2024-10-31,2024-11-07,short_iron_fly_w300,paired_sample_incomplete:overnight:missing_exact_timestamp,validation
2024-10-31,2024-11-07,long_iron_fly_w100,paired_sample_incomplete:overnight:missing_exact_timestamp,validation
2024-10-31,2024-11-07,long_iron_fly_w200,paired_sample_incomplete:overnight:missing_exact_timestamp,validation
2024-10-31,2024-11-07,long_iron_fly_w300,paired_sample_incomplete:overnight:missing_exact_timestamp,validation
2024-10-31,2024-11-07,short_iron_condor_100_300,paired_sample_incomplete:overnight:missing_exact_timestamp,validation
2024-10-31,2024-11-07,bull_put_credit_100_300,paired_sample_incomplete:overnight:missing_exact_timestamp,validation
2024-10-31,2024-11-07,bear_call_credit_100_300,paired_sample_incomplete:overnight:missing_exact_timestamp,validation
2024-11-01,2024-11-07,ALL,missing_prior_0919_spot,validation
2024-12-24,2025-01-02,short_atm_straddle,paired_sample_incomplete:intraday:duplicate_exact_contract_bar;overnight:duplicate_exact_contract_bar,validation
2024-12-24,2025-01-02,short_iron_fly_w100,paired_sample_incomplete:intraday:duplicate_exact_contract_bar;overnight:duplicate_exact_contract_bar,validation
2024-12-24,2025-01-02,short_iron_fly_w200,paired_sample_incomplete:intraday:duplicate_exact_contract_bar;overnight:duplicate_exact_contract_bar,validation
2024-12-24,2025-01-02,short_iron_fly_w300,paired_sample_incomplete:intraday:duplicate_exact_contract_bar;overnight:duplicate_exact_contract_bar,validation
2024-12-24,2025-01-02,long_iron_fly_w100,paired_sample_incomplete:intraday:duplicate_exact_contract_bar;overnight:duplicate_exact_contract_bar,validation
2024-12-24,2025-01-02,long_iron_fly_w200,paired_sample_incomplete:intraday:duplicate_exact_contract_bar;overnight:duplicate_exact_contract_bar,validation
2024-12-24,2025-01-02,long_iron_fly_w300,paired_sample_incomplete:intraday:duplicate_exact_contract_bar;overnight:duplicate_exact_contract_bar,validation
2024-12-24,2025-01-02,short_iron_condor_100_300,paired_sample_incomplete:intraday:duplicate_exact_contract_bar;overnight:duplicate_exact_contract_bar,validation
2024-12-24,2025-01-02,bull_put_credit_100_300,paired_sample_incomplete:intraday:duplicate_exact_contract_bar;overnight:duplicate_exact_contract_bar,validation
2024-12-24,2025-01-02,bear_call_credit_100_300,paired_sample_incomplete:intraday:duplicate_exact_contract_bar;overnight:duplicate_exact_contract_bar,validation
2024-12-26,2025-01-02,short_atm_straddle,paired_sample_incomplete:intraday:duplicate_exact_contract_bar;overnight:duplicate_exact_contract_bar,validation
2024-12-26,2025-01-02,short_iron_fly_w100,paired_sample_incomplete:intraday:duplicate_exact_contract_bar;overnight:duplicate_exact_contract_bar,validation
2024-12-26,2025-01-02,short_iron_fly_w200,paired_sample_incomplete:intraday:duplicate_exact_contract_bar;overnight:duplicate_exact_contract_bar,validation
2024-12-26,2025-01-02,short_iron_fly_w300,paired_sample_incomplete:intraday:duplicate_exact_contract_bar;overnight:duplicate_exact_contract_bar,validation
2024-12-26,2025-01-02,long_iron_fly_w100,paired_sample_incomplete:intraday:duplicate_exact_contract_bar;overnight:duplicate_exact_contract_bar,validation
2024-12-26,2025-01-02,long_iron_fly_w200,paired_sample_incomplete:intraday:duplicate_exact_contract_bar;overnight:duplicate_exact_contract_bar,validation
2024-12-26,2025-01-02,long_iron_fly_w300,paired_sample_incomplete:intraday:duplicate_exact_contract_bar;overnight:duplicate_exact_contract_bar,validation
2024-12-26,2025-01-02,short_iron_condor_100_300,paired_sample_incomplete:intraday:duplicate_exact_contract_bar;overnight:duplicate_exact_contract_bar,validation
2024-12-26,2025-01-02,bull_put_credit_100_300,paired_sample_incomplete:intraday:duplicate_exact_contract_bar;overnight:duplicate_exact_contract_bar,validation
2024-12-27,2025-01-02,short_atm_straddle,paired_sample_incomplete:intraday:duplicate_exact_contract_bar;overnight:duplicate_exact_contract_bar,validation
2024-12-27,2025-01-02,short_iron_fly_w100,paired_sample_incomplete:intraday:duplicate_exact_contract_bar;overnight:duplicate_exact_contract_bar,validation
2024-12-27,2025-01-02,short_iron_fly_w200,paired_sample_incomplete:intraday:duplicate_exact_contract_bar;overnight:duplicate_exact_contract_bar,validation
2024-12-27,2025-01-02,short_iron_fly_w300,paired_sample_incomplete:intraday:duplicate_exact_contract_bar;overnight:duplicate_exact_contract_bar,validation
2024-12-27,2025-01-02,long_iron_fly_w100,paired_sample_incomplete:intraday:duplicate_exact_contract_bar;overnight:duplicate_exact_contract_bar,validation
2024-12-27,2025-01-02,long_iron_fly_w200,paired_sample_incomplete:intraday:duplicate_exact_contract_bar;overnight:duplicate_exact_contract_bar,validation
2024-12-27,2025-01-02,long_iron_fly_w300,paired_sample_incomplete:intraday:duplicate_exact_contract_bar;overnight:duplicate_exact_contract_bar,validation
2024-12-27,2025-01-02,short_iron_condor_100_300,paired_sample_incomplete:intraday:duplicate_exact_contract_bar;overnight:duplicate_exact_contract_bar,validation
2024-12-27,2025-01-02,bear_call_credit_100_300,paired_sample_incomplete:intraday:duplicate_exact_contract_bar;overnight:duplicate_exact_contract_bar,validation
2024-12-30,2025-01-02,short_atm_straddle,paired_sample_incomplete:intraday:duplicate_exact_contract_bar;overnight:duplicate_exact_contract_bar,validation
2024-12-30,2025-01-02,short_iron_fly_w100,paired_sample_incomplete:intraday:duplicate_exact_contract_bar;overnight:duplicate_exact_contract_bar,validation
2024-12-30,2025-01-02,short_iron_fly_w200,paired_sample_incomplete:intraday:duplicate_exact_contract_bar;overnight:duplicate_exact_contract_bar,validation
2024-12-30,2025-01-02,short_iron_fly_w300,paired_sample_incomplete:intraday:duplicate_exact_contract_bar;overnight:duplicate_exact_contract_bar,validation
2024-12-30,2025-01-02,long_iron_fly_w100,paired_sample_incomplete:intraday:duplicate_exact_contract_bar;overnight:duplicate_exact_contract_bar,validation
2024-12-30,2025-01-02,long_iron_fly_w200,paired_sample_incomplete:intraday:duplicate_exact_contract_bar;overnight:duplicate_exact_contract_bar,validation
2024-12-30,2025-01-02,long_iron_fly_w300,paired_sample_incomplete:intraday:duplicate_exact_contract_bar;overnight:duplicate_exact_contract_bar,validation
2024-12-30,2025-01-02,short_iron_condor_100_300,paired_sample_incomplete:intraday:duplicate_exact_contract_bar;overnight:duplicate_exact_contract_bar,validation
2024-12-30,2025-01-02,bear_call_credit_100_300,paired_sample_incomplete:intraday:duplicate_exact_contract_bar;overnight:duplicate_exact_contract_bar,validation
2024-12-31,2025-01-02,short_atm_straddle,paired_sample_incomplete:intraday:duplicate_exact_contract_bar;overnight:duplicate_exact_contract_bar,validation
2024-12-31,2025-01-02,short_iron_fly_w100,paired_sample_incomplete:intraday:duplicate_exact_contract_bar;overnight:duplicate_exact_contract_bar,validation
2024-12-31,2025-01-02,short_iron_fly_w200,paired_sample_incomplete:intraday:duplicate_exact_contract_bar;overnight:duplicate_exact_contract_bar,validation
2024-12-31,2025-01-02,short_iron_fly_w300,paired_sample_incomplete:intraday:duplicate_exact_contract_bar;overnight:duplicate_exact_contract_bar,validation
2024-12-31,2025-01-02,long_iron_fly_w100,paired_sample_incomplete:intraday:duplicate_exact_contract_bar;overnight:duplicate_exact_contract_bar,validation
2024-12-31,2025-01-02,long_iron_fly_w200,paired_sample_incomplete:intraday:duplicate_exact_contract_bar;overnight:duplicate_exact_contract_bar,validation
2024-12-31,2025-01-02,long_iron_fly_w300,paired_sample_incomplete:intraday:duplicate_exact_contract_bar;overnight:duplicate_exact_contract_bar,validation
2024-12-31,2025-01-02,short_iron_condor_100_300,paired_sample_incomplete:intraday:duplicate_exact_contract_bar;overnight:duplicate_exact_contract_bar,validation
2024-12-31,2025-01-02,bull_put_credit_100_300,paired_sample_incomplete:intraday:duplicate_exact_contract_bar;overnight:duplicate_exact_contract_bar,validation
2024-12-31,2025-01-02,bear_call_credit_100_300,paired_sample_incomplete:intraday:duplicate_exact_contract_bar;overnight:duplicate_exact_contract_bar,validation
2025-01-01,2025-01-09,short_iron_fly_w100,paired_sample_incomplete:intraday:duplicate_exact_contract_bar;overnight:duplicate_exact_contract_bar,validation
2025-01-01,2025-01-09,short_iron_fly_w200,paired_sample_incomplete:intraday:duplicate_exact_contract_bar;overnight:duplicate_exact_contract_bar,validation
2025-01-01,2025-01-09,long_iron_fly_w100,paired_sample_incomplete:intraday:duplicate_exact_contract_bar;overnight:duplicate_exact_contract_bar,validation
2025-01-01,2025-01-09,long_iron_fly_w200,paired_sample_incomplete:intraday:duplicate_exact_contract_bar;overnight:duplicate_exact_contract_bar,validation
2025-01-01,2025-01-09,short_iron_condor_100_300,paired_sample_incomplete:intraday:duplicate_exact_contract_bar;overnight:duplicate_exact_contract_bar,validation
2025-01-01,2025-01-09,bear_call_credit_100_300,paired_sample_incomplete:intraday:duplicate_exact_contract_bar;overnight:duplicate_exact_contract_bar,validation
2025-01-02,2025-01-09,short_atm_straddle,paired_sample_incomplete:intraday:duplicate_exact_contract_bar;overnight:duplicate_exact_contract_bar,validation
2025-01-02,2025-01-09,short_iron_fly_w100,paired_sample_incomplete:intraday:duplicate_exact_contract_bar;overnight:duplicate_exact_contract_bar,validation
2025-01-02,2025-01-09,short_iron_fly_w200,paired_sample_incomplete:intraday:duplicate_exact_contract_bar;overnight:duplicate_exact_contract_bar,validation
2025-01-02,2025-01-09,short_iron_fly_w300,paired_sample_incomplete:intraday:duplicate_exact_contract_bar;overnight:duplicate_exact_contract_bar,validation
2025-01-02,2025-01-09,long_iron_fly_w100,paired_sample_incomplete:intraday:duplicate_exact_contract_bar;overnight:duplicate_exact_contract_bar,validation
2025-01-02,2025-01-09,long_iron_fly_w200,paired_sample_incomplete:intraday:duplicate_exact_contract_bar;overnight:duplicate_exact_contract_bar,validation
2025-01-02,2025-01-09,long_iron_fly_w300,paired_sample_incomplete:intraday:duplicate_exact_contract_bar;overnight:duplicate_exact_contract_bar,validation
2025-01-02,2025-01-09,short_iron_condor_100_300,paired_sample_incomplete:intraday:duplicate_exact_contract_bar;overnight:duplicate_exact_contract_bar,validation
2025-01-02,2025-01-09,bull_put_credit_100_300,paired_sample_incomplete:intraday:duplicate_exact_contract_bar;overnight:duplicate_exact_contract_bar,validation
2025-01-03,2025-01-09,short_atm_straddle,paired_sample_incomplete:intraday:duplicate_exact_contract_bar;overnight:duplicate_exact_contract_bar,validation
2025-01-03,2025-01-09,short_iron_fly_w100,paired_sample_incomplete:intraday:duplicate_exact_contract_bar;overnight:duplicate_exact_contract_bar,validation
2025-01-03,2025-01-09,short_iron_fly_w200,paired_sample_incomplete:intraday:duplicate_exact_contract_bar;overnight:duplicate_exact_contract_bar,validation
2025-01-03,2025-01-09,short_iron_fly_w300,paired_sample_incomplete:intraday:duplicate_exact_contract_bar;overnight:duplicate_exact_contract_bar,validation
2025-01-03,2025-01-09,long_iron_fly_w100,paired_sample_incomplete:intraday:duplicate_exact_contract_bar;overnight:duplicate_exact_contract_bar,validation
2025-01-03,2025-01-09,long_iron_fly_w200,paired_sample_incomplete:intraday:duplicate_exact_contract_bar;overnight:duplicate_exact_contract_bar,validation
2025-01-03,2025-01-09,long_iron_fly_w300,paired_sample_incomplete:intraday:duplicate_exact_contract_bar;overnight:duplicate_exact_contract_bar,validation
2025-01-03,2025-01-09,short_iron_condor_100_300,paired_sample_incomplete:intraday:duplicate_exact_contract_bar;overnight:duplicate_exact_contract_bar,validation
2025-01-03,2025-01-09,bull_put_credit_100_300,paired_sample_incomplete:intraday:duplicate_exact_contract_bar;overnight:duplicate_exact_contract_bar,validation
2025-01-06,2025-01-09,short_atm_straddle,paired_sample_incomplete:intraday:duplicate_exact_contract_bar;overnight:duplicate_exact_contract_bar,validation
2025-01-06,2025-01-09,short_iron_fly_w100,paired_sample_incomplete:intraday:duplicate_exact_contract_bar;overnight:duplicate_exact_contract_bar,validation
2025-01-06,2025-01-09,short_iron_fly_w200,paired_sample_incomplete:intraday:duplicate_exact_contract_bar;overnight:duplicate_exact_contract_bar,validation
2025-01-06,2025-01-09,short_iron_fly_w300,paired_sample_incomplete:intraday:duplicate_exact_contract_bar;overnight:duplicate_exact_contract_bar,validation
2025-01-06,2025-01-09,long_iron_fly_w100,paired_sample_incomplete:intraday:duplicate_exact_contract_bar;overnight:duplicate_exact_contract_bar,validation
2025-01-06,2025-01-09,long_iron_fly_w200,paired_sample_incomplete:intraday:duplicate_exact_contract_bar;overnight:duplicate_exact_contract_bar,validation
2025-01-06,2025-01-09,long_iron_fly_w300,paired_sample_incomplete:intraday:duplicate_exact_contract_bar;overnight:duplicate_exact_contract_bar,validation
2025-01-06,2025-01-09,short_iron_condor_100_300,paired_sample_incomplete:intraday:duplicate_exact_contract_bar;overnight:duplicate_exact_contract_bar,validation
2025-01-06,2025-01-09,bull_put_credit_100_300,paired_sample_incomplete:intraday:duplicate_exact_contract_bar;overnight:duplicate_exact_contract_bar,validation
2025-01-06,2025-01-09,bear_call_credit_100_300,paired_sample_incomplete:intraday:duplicate_exact_contract_bar;overnight:duplicate_exact_contract_bar,validation
2025-01-07,2025-01-09,short_iron_fly_w100,paired_sample_incomplete:intraday:duplicate_exact_contract_bar;overnight:duplicate_exact_contract_bar,validation
2025-01-07,2025-01-09,short_iron_fly_w200,paired_sample_incomplete:intraday:duplicate_exact_contract_bar;overnight:duplicate_exact_contract_bar,validation
2025-01-07,2025-01-09,short_iron_fly_w300,paired_sample_incomplete:intraday:duplicate_exact_contract_bar;overnight:duplicate_exact_contract_bar,validation
2025-01-07,2025-01-09,long_iron_fly_w100,paired_sample_incomplete:intraday:duplicate_exact_contract_bar;overnight:duplicate_exact_contract_bar,validation
2025-01-07,2025-01-09,long_iron_fly_w200,paired_sample_incomplete:intraday:duplicate_exact_contract_bar;overnight:duplicate_exact_contract_bar,validation
2025-01-07,2025-01-09,long_iron_fly_w300,paired_sample_incomplete:intraday:duplicate_exact_contract_bar;overnight:duplicate_exact_contract_bar,validation
2025-01-07,2025-01-09,short_iron_condor_100_300,paired_sample_incomplete:intraday:duplicate_exact_contract_bar;overnight:duplicate_exact_contract_bar,validation
2025-01-07,2025-01-09,bear_call_credit_100_300,paired_sample_incomplete:intraday:duplicate_exact_contract_bar;overnight:duplicate_exact_contract_bar,validation
2025-01-08,2025-01-16,short_atm_straddle,paired_sample_incomplete:intraday:duplicate_exact_contract_bar;overnight:duplicate_exact_contract_bar,validation
2025-01-08,2025-01-16,short_iron_fly_w100,paired_sample_incomplete:intraday:duplicate_exact_contract_bar;overnight:duplicate_exact_contract_bar,validation
2025-01-08,2025-01-16,short_iron_fly_w200,paired_sample_incomplete:intraday:duplicate_exact_contract_bar;overnight:duplicate_exact_contract_bar,validation
2025-01-08,2025-01-16,short_iron_fly_w300,paired_sample_incomplete:intraday:duplicate_exact_contract_bar;overnight:duplicate_exact_contract_bar,validation
2025-01-08,2025-01-16,long_iron_fly_w100,paired_sample_incomplete:intraday:duplicate_exact_contract_bar;overnight:duplicate_exact_contract_bar,validation
2025-01-08,2025-01-16,long_iron_fly_w200,paired_sample_incomplete:intraday:duplicate_exact_contract_bar;overnight:duplicate_exact_contract_bar,validation
2025-01-08,2025-01-16,long_iron_fly_w300,paired_sample_incomplete:intraday:duplicate_exact_contract_bar;overnight:duplicate_exact_contract_bar,validation
2025-01-08,2025-01-16,short_iron_condor_100_300,paired_sample_incomplete:intraday:duplicate_exact_contract_bar;overnight:duplicate_exact_contract_bar,validation
2025-01-08,2025-01-16,bear_call_credit_100_300,paired_sample_incomplete:intraday:duplicate_exact_contract_bar;overnight:duplicate_exact_contract_bar,validation
2025-01-09,2025-01-16,short_atm_straddle,paired_sample_incomplete:intraday:duplicate_exact_contract_bar;overnight:duplicate_exact_contract_bar,validation
2025-01-09,2025-01-16,short_iron_fly_w100,paired_sample_incomplete:intraday:duplicate_exact_contract_bar;overnight:duplicate_exact_contract_bar,validation
2025-01-09,2025-01-16,short_iron_fly_w200,paired_sample_incomplete:intraday:duplicate_exact_contract_bar;overnight:duplicate_exact_contract_bar,validation
2025-01-09,2025-01-16,short_iron_fly_w300,paired_sample_incomplete:intraday:duplicate_exact_contract_bar;overnight:duplicate_exact_contract_bar,validation
2025-01-09,2025-01-16,long_iron_fly_w100,paired_sample_incomplete:intraday:duplicate_exact_contract_bar;overnight:duplicate_exact_contract_bar,validation
2025-01-09,2025-01-16,long_iron_fly_w200,paired_sample_incomplete:intraday:duplicate_exact_contract_bar;overnight:duplicate_exact_contract_bar,validation
2025-01-09,2025-01-16,long_iron_fly_w300,paired_sample_incomplete:intraday:duplicate_exact_contract_bar;overnight:duplicate_exact_contract_bar,validation
2025-01-09,2025-01-16,short_iron_condor_100_300,paired_sample_incomplete:intraday:duplicate_exact_contract_bar;overnight:duplicate_exact_contract_bar,validation
2025-01-09,2025-01-16,bull_put_credit_100_300,paired_sample_incomplete:intraday:duplicate_exact_contract_bar;overnight:duplicate_exact_contract_bar,validation
2025-01-09,2025-01-16,bear_call_credit_100_300,paired_sample_incomplete:intraday:duplicate_exact_contract_bar;overnight:duplicate_exact_contract_bar,validation
2025-01-10,2025-01-16,short_atm_straddle,paired_sample_incomplete:intraday:duplicate_exact_contract_bar;overnight:duplicate_exact_contract_bar,validation
2025-01-10,2025-01-16,short_iron_fly_w100,paired_sample_incomplete:intraday:duplicate_exact_contract_bar;overnight:duplicate_exact_contract_bar,validation
2025-01-10,2025-01-16,short_iron_fly_w200,paired_sample_incomplete:intraday:duplicate_exact_contract_bar;overnight:duplicate_exact_contract_bar,validation
2025-01-10,2025-01-16,short_iron_fly_w300,paired_sample_incomplete:intraday:duplicate_exact_contract_bar;overnight:duplicate_exact_contract_bar,validation
2025-01-10,2025-01-16,long_iron_fly_w100,paired_sample_incomplete:intraday:duplicate_exact_contract_bar;overnight:duplicate_exact_contract_bar,validation
2025-01-10,2025-01-16,long_iron_fly_w200,paired_sample_incomplete:intraday:duplicate_exact_contract_bar;overnight:duplicate_exact_contract_bar,validation
2025-01-10,2025-01-16,long_iron_fly_w300,paired_sample_incomplete:intraday:duplicate_exact_contract_bar;overnight:duplicate_exact_contract_bar,validation
2025-01-10,2025-01-16,short_iron_condor_100_300,paired_sample_incomplete:intraday:duplicate_exact_contract_bar;overnight:duplicate_exact_contract_bar,validation
2025-01-10,2025-01-16,bull_put_credit_100_300,paired_sample_incomplete:intraday:duplicate_exact_contract_bar;overnight:duplicate_exact_contract_bar,validation
2025-01-10,2025-01-16,bear_call_credit_100_300,paired_sample_incomplete:intraday:duplicate_exact_contract_bar;overnight:duplicate_exact_contract_bar,validation
2025-01-13,2025-01-16,short_atm_straddle,paired_sample_incomplete:intraday:duplicate_exact_contract_bar;overnight:duplicate_exact_contract_bar,validation
2025-01-13,2025-01-16,short_iron_fly_w100,paired_sample_incomplete:intraday:duplicate_exact_contract_bar;overnight:duplicate_exact_contract_bar,validation
2025-01-13,2025-01-16,short_iron_fly_w200,paired_sample_incomplete:intraday:duplicate_exact_contract_bar;overnight:duplicate_exact_contract_bar,validation
2025-01-13,2025-01-16,short_iron_fly_w300,paired_sample_incomplete:intraday:duplicate_exact_contract_bar;overnight:duplicate_exact_contract_bar,validation
2025-01-13,2025-01-16,long_iron_fly_w100,paired_sample_incomplete:intraday:duplicate_exact_contract_bar;overnight:duplicate_exact_contract_bar,validation
2025-01-13,2025-01-16,long_iron_fly_w200,paired_sample_incomplete:intraday:duplicate_exact_contract_bar;overnight:duplicate_exact_contract_bar,validation
2025-01-13,2025-01-16,long_iron_fly_w300,paired_sample_incomplete:intraday:duplicate_exact_contract_bar;overnight:duplicate_exact_contract_bar,validation
2025-01-13,2025-01-16,short_iron_condor_100_300,paired_sample_incomplete:intraday:duplicate_exact_contract_bar;overnight:duplicate_exact_contract_bar,validation
2025-01-13,2025-01-16,bull_put_credit_100_300,paired_sample_incomplete:intraday:duplicate_exact_contract_bar;overnight:duplicate_exact_contract_bar,validation
2025-01-13,2025-01-16,bear_call_credit_100_300,paired_sample_incomplete:intraday:duplicate_exact_contract_bar;overnight:duplicate_exact_contract_bar,validation
2025-01-14,2025-01-16,short_atm_straddle,paired_sample_incomplete:intraday:duplicate_exact_contract_bar;overnight:duplicate_exact_contract_bar,validation
2025-01-14,2025-01-16,short_iron_fly_w100,paired_sample_incomplete:intraday:duplicate_exact_contract_bar;overnight:duplicate_exact_contract_bar,validation
2025-01-14,2025-01-16,short_iron_fly_w200,paired_sample_incomplete:intraday:duplicate_exact_contract_bar;overnight:duplicate_exact_contract_bar,validation
2025-01-14,2025-01-16,short_iron_fly_w300,paired_sample_incomplete:intraday:duplicate_exact_contract_bar;overnight:duplicate_exact_contract_bar,validation
2025-01-14,2025-01-16,long_iron_fly_w100,paired_sample_incomplete:intraday:duplicate_exact_contract_bar;overnight:duplicate_exact_contract_bar,validation
2025-01-14,2025-01-16,long_iron_fly_w200,paired_sample_incomplete:intraday:duplicate_exact_contract_bar;overnight:duplicate_exact_contract_bar,validation
2025-01-14,2025-01-16,long_iron_fly_w300,paired_sample_incomplete:intraday:duplicate_exact_contract_bar;overnight:duplicate_exact_contract_bar,validation
2025-01-14,2025-01-16,short_iron_condor_100_300,paired_sample_incomplete:intraday:duplicate_exact_contract_bar;overnight:duplicate_exact_contract_bar,validation
2025-01-14,2025-01-16,bull_put_credit_100_300,paired_sample_incomplete:intraday:duplicate_exact_contract_bar;overnight:duplicate_exact_contract_bar,validation
2025-01-14,2025-01-16,bear_call_credit_100_300,paired_sample_incomplete:intraday:duplicate_exact_contract_bar;overnight:duplicate_exact_contract_bar,validation
2025-01-15,2025-01-23,short_iron_fly_w100,paired_sample_incomplete:intraday:duplicate_exact_contract_bar;overnight:duplicate_exact_contract_bar,validation
2025-01-15,2025-01-23,short_iron_fly_w200,paired_sample_incomplete:intraday:duplicate_exact_contract_bar;overnight:duplicate_exact_contract_bar,validation
2025-01-15,2025-01-23,short_iron_fly_w300,paired_sample_incomplete:intraday:duplicate_exact_contract_bar;overnight:duplicate_exact_contract_bar,validation
2025-01-15,2025-01-23,long_iron_fly_w100,paired_sample_incomplete:intraday:duplicate_exact_contract_bar;overnight:duplicate_exact_contract_bar,validation
2025-01-15,2025-01-23,long_iron_fly_w200,paired_sample_incomplete:intraday:duplicate_exact_contract_bar;overnight:duplicate_exact_contract_bar,validation
2025-01-15,2025-01-23,long_iron_fly_w300,paired_sample_incomplete:intraday:duplicate_exact_contract_bar;overnight:duplicate_exact_contract_bar,validation
2025-01-15,2025-01-23,short_iron_condor_100_300,paired_sample_incomplete:intraday:duplicate_exact_contract_bar;overnight:duplicate_exact_contract_bar,validation
2025-01-15,2025-01-23,bull_put_credit_100_300,paired_sample_incomplete:intraday:duplicate_exact_contract_bar;overnight:duplicate_exact_contract_bar,validation
2025-01-15,2025-01-23,bear_call_credit_100_300,paired_sample_incomplete:intraday:duplicate_exact_contract_bar;overnight:duplicate_exact_contract_bar,validation
2025-01-16,2025-01-23,short_atm_straddle,paired_sample_incomplete:intraday:duplicate_exact_contract_bar;overnight:duplicate_exact_contract_bar,validation
2025-01-16,2025-01-23,short_iron_fly_w100,paired_sample_incomplete:intraday:duplicate_exact_contract_bar;overnight:duplicate_exact_contract_bar,validation
2025-01-16,2025-01-23,short_iron_fly_w200,paired_sample_incomplete:intraday:duplicate_exact_contract_bar;overnight:duplicate_exact_contract_bar,validation
2025-01-16,2025-01-23,short_iron_fly_w300,paired_sample_incomplete:intraday:duplicate_exact_contract_bar;overnight:duplicate_exact_contract_bar,validation
2025-01-16,2025-01-23,long_iron_fly_w100,paired_sample_incomplete:intraday:duplicate_exact_contract_bar;overnight:duplicate_exact_contract_bar,validation
2025-01-16,2025-01-23,long_iron_fly_w200,paired_sample_incomplete:intraday:duplicate_exact_contract_bar;overnight:duplicate_exact_contract_bar,validation
2025-01-16,2025-01-23,long_iron_fly_w300,paired_sample_incomplete:intraday:duplicate_exact_contract_bar;overnight:duplicate_exact_contract_bar,validation
2025-01-16,2025-01-23,short_iron_condor_100_300,paired_sample_incomplete:intraday:duplicate_exact_contract_bar;overnight:duplicate_exact_contract_bar,validation
2025-01-16,2025-01-23,bull_put_credit_100_300,paired_sample_incomplete:intraday:duplicate_exact_contract_bar;overnight:duplicate_exact_contract_bar,validation
2025-01-16,2025-01-23,bear_call_credit_100_300,paired_sample_incomplete:intraday:duplicate_exact_contract_bar;overnight:duplicate_exact_contract_bar,validation
2025-01-17,2025-01-23,short_iron_fly_w100,paired_sample_incomplete:intraday:duplicate_exact_contract_bar;overnight:duplicate_exact_contract_bar,validation
2025-01-17,2025-01-23,short_iron_fly_w200,paired_sample_incomplete:intraday:duplicate_exact_contract_bar;overnight:duplicate_exact_contract_bar,validation
2025-01-17,2025-01-23,short_iron_fly_w300,paired_sample_incomplete:intraday:duplicate_exact_contract_bar;overnight:duplicate_exact_contract_bar,validation
2025-01-17,2025-01-23,long_iron_fly_w100,paired_sample_incomplete:intraday:duplicate_exact_contract_bar;overnight:duplicate_exact_contract_bar,validation
2025-01-17,2025-01-23,long_iron_fly_w200,paired_sample_incomplete:intraday:duplicate_exact_contract_bar;overnight:duplicate_exact_contract_bar,validation
2025-01-17,2025-01-23,long_iron_fly_w300,paired_sample_incomplete:intraday:duplicate_exact_contract_bar;overnight:duplicate_exact_contract_bar,validation
2025-01-17,2025-01-23,short_iron_condor_100_300,paired_sample_incomplete:intraday:duplicate_exact_contract_bar;overnight:duplicate_exact_contract_bar,validation
2025-01-17,2025-01-23,bull_put_credit_100_300,paired_sample_incomplete:intraday:duplicate_exact_contract_bar;overnight:duplicate_exact_contract_bar,validation
2025-01-20,2025-01-23,short_iron_fly_w100,paired_sample_incomplete:intraday:duplicate_exact_contract_bar;overnight:duplicate_exact_contract_bar,validation
2025-01-20,2025-01-23,short_iron_fly_w200,paired_sample_incomplete:intraday:duplicate_exact_contract_bar;overnight:duplicate_exact_contract_bar,validation
2025-01-20,2025-01-23,short_iron_fly_w300,paired_sample_incomplete:intraday:duplicate_exact_contract_bar;overnight:duplicate_exact_contract_bar,validation
2025-01-20,2025-01-23,long_iron_fly_w100,paired_sample_incomplete:intraday:duplicate_exact_contract_bar;overnight:duplicate_exact_contract_bar,validation
2025-01-20,2025-01-23,long_iron_fly_w200,paired_sample_incomplete:intraday:duplicate_exact_contract_bar;overnight:duplicate_exact_contract_bar,validation
2025-01-20,2025-01-23,long_iron_fly_w300,paired_sample_incomplete:intraday:duplicate_exact_contract_bar;overnight:duplicate_exact_contract_bar,validation
2025-01-20,2025-01-23,short_iron_condor_100_300,paired_sample_incomplete:intraday:duplicate_exact_contract_bar;overnight:duplicate_exact_contract_bar,validation
2025-01-20,2025-01-23,bull_put_credit_100_300,paired_sample_incomplete:intraday:duplicate_exact_contract_bar;overnight:duplicate_exact_contract_bar,validation
2025-01-20,2025-01-23,bear_call_credit_100_300,paired_sample_incomplete:intraday:duplicate_exact_contract_bar;overnight:duplicate_exact_contract_bar,validation
2025-01-21,2025-01-23,short_atm_straddle,paired_sample_incomplete:intraday:duplicate_exact_contract_bar;overnight:duplicate_exact_contract_bar,validation
2025-01-21,2025-01-23,short_iron_fly_w100,paired_sample_incomplete:intraday:duplicate_exact_contract_bar;overnight:duplicate_exact_contract_bar,validation
2025-01-21,2025-01-23,short_iron_fly_w200,paired_sample_incomplete:intraday:duplicate_exact_contract_bar;overnight:duplicate_exact_contract_bar,validation
2025-01-21,2025-01-23,short_iron_fly_w300,paired_sample_incomplete:intraday:duplicate_exact_contract_bar;overnight:duplicate_exact_contract_bar,validation
2025-01-21,2025-01-23,long_iron_fly_w100,paired_sample_incomplete:intraday:duplicate_exact_contract_bar;overnight:duplicate_exact_contract_bar,validation
2025-01-21,2025-01-23,long_iron_fly_w200,paired_sample_incomplete:intraday:duplicate_exact_contract_bar;overnight:duplicate_exact_contract_bar,validation
2025-01-21,2025-01-23,long_iron_fly_w300,paired_sample_incomplete:intraday:duplicate_exact_contract_bar;overnight:duplicate_exact_contract_bar,validation
2025-01-21,2025-01-23,short_iron_condor_100_300,paired_sample_incomplete:intraday:duplicate_exact_contract_bar;overnight:duplicate_exact_contract_bar,validation
2025-01-21,2025-01-23,bull_put_credit_100_300,paired_sample_incomplete:intraday:duplicate_exact_contract_bar;overnight:duplicate_exact_contract_bar,validation
2025-01-22,2025-01-30,short_iron_fly_w200,paired_sample_incomplete:intraday:duplicate_exact_contract_bar;overnight:duplicate_exact_contract_bar,validation
2025-01-22,2025-01-30,short_iron_fly_w300,paired_sample_incomplete:intraday:duplicate_exact_contract_bar;overnight:duplicate_exact_contract_bar,validation
2025-01-22,2025-01-30,long_iron_fly_w200,paired_sample_incomplete:intraday:duplicate_exact_contract_bar;overnight:duplicate_exact_contract_bar,validation
2025-01-22,2025-01-30,long_iron_fly_w300,paired_sample_incomplete:intraday:duplicate_exact_contract_bar;overnight:duplicate_exact_contract_bar,validation
2025-01-22,2025-01-30,short_iron_condor_100_300,paired_sample_incomplete:intraday:duplicate_exact_contract_bar;overnight:duplicate_exact_contract_bar,validation
2025-01-22,2025-01-30,bull_put_credit_100_300,paired_sample_incomplete:intraday:duplicate_exact_contract_bar;overnight:duplicate_exact_contract_bar,validation
2025-01-23,2025-01-30,short_iron_fly_w200,paired_sample_incomplete:intraday:duplicate_exact_contract_bar;overnight:duplicate_exact_contract_bar,validation
2025-01-23,2025-01-30,short_iron_fly_w300,paired_sample_incomplete:intraday:duplicate_exact_contract_bar;overnight:duplicate_exact_contract_bar,validation
2025-01-23,2025-01-30,long_iron_fly_w200,paired_sample_incomplete:intraday:duplicate_exact_contract_bar;overnight:duplicate_exact_contract_bar,validation
2025-01-23,2025-01-30,long_iron_fly_w300,paired_sample_incomplete:intraday:duplicate_exact_contract_bar;overnight:duplicate_exact_contract_bar,validation
2025-01-23,2025-01-30,short_iron_condor_100_300,paired_sample_incomplete:intraday:duplicate_exact_contract_bar;overnight:duplicate_exact_contract_bar,validation
2025-01-23,2025-01-30,bull_put_credit_100_300,paired_sample_incomplete:intraday:duplicate_exact_contract_bar;overnight:duplicate_exact_contract_bar,validation
2025-01-27,2025-01-30,short_atm_straddle,paired_sample_incomplete:intraday:duplicate_exact_contract_bar;overnight:duplicate_exact_contract_bar,validation
2025-01-27,2025-01-30,short_iron_fly_w100,paired_sample_incomplete:intraday:duplicate_exact_contract_bar;overnight:duplicate_exact_contract_bar,validation
2025-01-27,2025-01-30,short_iron_fly_w200,paired_sample_incomplete:intraday:duplicate_exact_contract_bar;overnight:duplicate_exact_contract_bar,validation
2025-01-27,2025-01-30,short_iron_fly_w300,paired_sample_incomplete:intraday:duplicate_exact_contract_bar;overnight:duplicate_exact_contract_bar,validation
2025-01-27,2025-01-30,long_iron_fly_w100,paired_sample_incomplete:intraday:duplicate_exact_contract_bar;overnight:duplicate_exact_contract_bar,validation
2025-01-27,2025-01-30,long_iron_fly_w200,paired_sample_incomplete:intraday:duplicate_exact_contract_bar;overnight:duplicate_exact_contract_bar,validation
2025-01-27,2025-01-30,long_iron_fly_w300,paired_sample_incomplete:intraday:duplicate_exact_contract_bar;overnight:duplicate_exact_contract_bar,validation
2025-01-28,2025-01-30,short_atm_straddle,paired_sample_incomplete:intraday:duplicate_exact_contract_bar;overnight:duplicate_exact_contract_bar,validation
2025-01-28,2025-01-30,short_iron_fly_w100,paired_sample_incomplete:intraday:duplicate_exact_contract_bar;overnight:duplicate_exact_contract_bar,validation
2025-01-28,2025-01-30,short_iron_fly_w200,paired_sample_incomplete:intraday:duplicate_exact_contract_bar;overnight:duplicate_exact_contract_bar,validation
2025-01-28,2025-01-30,short_iron_fly_w300,paired_sample_incomplete:intraday:duplicate_exact_contract_bar;overnight:duplicate_exact_contract_bar,validation
2025-01-28,2025-01-30,long_iron_fly_w100,paired_sample_incomplete:intraday:duplicate_exact_contract_bar;overnight:duplicate_exact_contract_bar,validation
2025-01-28,2025-01-30,long_iron_fly_w200,paired_sample_incomplete:intraday:duplicate_exact_contract_bar;overnight:duplicate_exact_contract_bar,validation
2025-01-28,2025-01-30,long_iron_fly_w300,paired_sample_incomplete:intraday:duplicate_exact_contract_bar;overnight:duplicate_exact_contract_bar,validation
2025-01-29,2025-02-06,short_atm_straddle,paired_sample_incomplete:intraday:duplicate_exact_contract_bar;overnight:duplicate_exact_contract_bar,validation
2025-01-29,2025-02-06,short_iron_fly_w100,paired_sample_incomplete:intraday:duplicate_exact_contract_bar;overnight:duplicate_exact_contract_bar,validation
2025-01-29,2025-02-06,short_iron_fly_w200,paired_sample_incomplete:intraday:duplicate_exact_contract_bar;overnight:duplicate_exact_contract_bar,validation
2025-01-29,2025-02-06,short_iron_fly_w300,paired_sample_incomplete:intraday:duplicate_exact_contract_bar;overnight:duplicate_exact_contract_bar,validation
2025-01-29,2025-02-06,long_iron_fly_w100,paired_sample_incomplete:intraday:duplicate_exact_contract_bar;overnight:duplicate_exact_contract_bar,validation
2025-01-29,2025-02-06,long_iron_fly_w200,paired_sample_incomplete:intraday:duplicate_exact_contract_bar;overnight:duplicate_exact_contract_bar,validation
2025-01-29,2025-02-06,long_iron_fly_w300,paired_sample_incomplete:intraday:duplicate_exact_contract_bar;overnight:duplicate_exact_contract_bar,validation
2025-01-29,2025-02-06,short_iron_condor_100_300,paired_sample_incomplete:intraday:duplicate_exact_contract_bar;overnight:duplicate_exact_contract_bar,validation
2025-01-29,2025-02-06,bull_put_credit_100_300,paired_sample_incomplete:intraday:duplicate_exact_contract_bar;overnight:duplicate_exact_contract_bar,validation
2025-01-29,2025-02-06,bear_call_credit_100_300,paired_sample_incomplete:intraday:duplicate_exact_contract_bar;overnight:duplicate_exact_contract_bar,validation
2025-01-30,2025-02-06,short_atm_straddle,paired_sample_incomplete:intraday:duplicate_exact_contract_bar;overnight:duplicate_exact_contract_bar,validation
2025-01-30,2025-02-06,short_iron_fly_w100,paired_sample_incomplete:intraday:duplicate_exact_contract_bar;overnight:duplicate_exact_contract_bar,validation
2025-01-30,2025-02-06,short_iron_fly_w200,paired_sample_incomplete:intraday:duplicate_exact_contract_bar;overnight:duplicate_exact_contract_bar,validation
2025-01-30,2025-02-06,short_iron_fly_w300,paired_sample_incomplete:intraday:duplicate_exact_contract_bar;overnight:duplicate_exact_contract_bar,validation
2025-01-30,2025-02-06,long_iron_fly_w100,paired_sample_incomplete:intraday:duplicate_exact_contract_bar;overnight:duplicate_exact_contract_bar,validation
2025-01-30,2025-02-06,long_iron_fly_w200,paired_sample_incomplete:intraday:duplicate_exact_contract_bar;overnight:duplicate_exact_contract_bar,validation
2025-01-30,2025-02-06,long_iron_fly_w300,paired_sample_incomplete:intraday:duplicate_exact_contract_bar;overnight:duplicate_exact_contract_bar,validation
2025-01-30,2025-02-06,short_iron_condor_100_300,paired_sample_incomplete:intraday:duplicate_exact_contract_bar;overnight:duplicate_exact_contract_bar,validation
2025-01-30,2025-02-06,bull_put_credit_100_300,paired_sample_incomplete:intraday:duplicate_exact_contract_bar;overnight:duplicate_exact_contract_bar,validation
2025-01-30,2025-02-06,bear_call_credit_100_300,paired_sample_incomplete:intraday:duplicate_exact_contract_bar;overnight:duplicate_exact_contract_bar,validation
2025-01-31,2025-02-06,short_iron_fly_w100,paired_sample_incomplete:intraday:duplicate_exact_contract_bar;overnight:duplicate_exact_contract_bar,validation
2025-01-31,2025-02-06,short_iron_fly_w300,paired_sample_incomplete:intraday:duplicate_exact_contract_bar;overnight:duplicate_exact_contract_bar,validation
2025-01-31,2025-02-06,long_iron_fly_w100,paired_sample_incomplete:intraday:duplicate_exact_contract_bar;overnight:duplicate_exact_contract_bar,validation
2025-01-31,2025-02-06,long_iron_fly_w300,paired_sample_incomplete:intraday:duplicate_exact_contract_bar;overnight:duplicate_exact_contract_bar,validation
2025-01-31,2025-02-06,short_iron_condor_100_300,paired_sample_incomplete:intraday:duplicate_exact_contract_bar;overnight:duplicate_exact_contract_bar,validation
2025-01-31,2025-02-06,bull_put_credit_100_300,paired_sample_incomplete:intraday:duplicate_exact_contract_bar;overnight:duplicate_exact_contract_bar,validation
2025-02-01,2025-02-06,short_iron_fly_w100,paired_sample_incomplete:intraday:duplicate_exact_contract_bar;overnight:duplicate_exact_contract_bar,validation
2025-02-01,2025-02-06,short_iron_fly_w300,paired_sample_incomplete:intraday:duplicate_exact_contract_bar;overnight:duplicate_exact_contract_bar,validation
2025-02-01,2025-02-06,long_iron_fly_w100,paired_sample_incomplete:intraday:duplicate_exact_contract_bar;overnight:duplicate_exact_contract_bar,validation
2025-02-01,2025-02-06,long_iron_fly_w300,paired_sample_incomplete:intraday:duplicate_exact_contract_bar;overnight:duplicate_exact_contract_bar,validation
2025-02-01,2025-02-06,short_iron_condor_100_300,paired_sample_incomplete:intraday:duplicate_exact_contract_bar;overnight:duplicate_exact_contract_bar,validation
2025-02-01,2025-02-06,bull_put_credit_100_300,paired_sample_incomplete:intraday:duplicate_exact_contract_bar;overnight:duplicate_exact_contract_bar,validation
2025-02-03,2025-02-06,short_atm_straddle,paired_sample_incomplete:intraday:duplicate_exact_contract_bar;overnight:duplicate_exact_contract_bar,validation
2025-02-03,2025-02-06,short_iron_fly_w100,paired_sample_incomplete:intraday:duplicate_exact_contract_bar;overnight:duplicate_exact_contract_bar,validation
2025-02-03,2025-02-06,short_iron_fly_w200,paired_sample_incomplete:intraday:duplicate_exact_contract_bar;overnight:duplicate_exact_contract_bar,validation
2025-02-03,2025-02-06,short_iron_fly_w300,paired_sample_incomplete:intraday:duplicate_exact_contract_bar;overnight:duplicate_exact_contract_bar,validation
2025-02-03,2025-02-06,long_iron_fly_w100,paired_sample_incomplete:intraday:duplicate_exact_contract_bar;overnight:duplicate_exact_contract_bar,validation
2025-02-03,2025-02-06,long_iron_fly_w200,paired_sample_incomplete:intraday:duplicate_exact_contract_bar;overnight:duplicate_exact_contract_bar,validation
2025-02-03,2025-02-06,long_iron_fly_w300,paired_sample_incomplete:intraday:duplicate_exact_contract_bar;overnight:duplicate_exact_contract_bar,validation
2025-02-03,2025-02-06,short_iron_condor_100_300,paired_sample_incomplete:intraday:duplicate_exact_contract_bar;overnight:duplicate_exact_contract_bar,validation
2025-02-03,2025-02-06,bull_put_credit_100_300,paired_sample_incomplete:intraday:duplicate_exact_contract_bar;overnight:duplicate_exact_contract_bar,validation
2025-02-03,2025-02-06,bear_call_credit_100_300,paired_sample_incomplete:intraday:duplicate_exact_contract_bar;overnight:duplicate_exact_contract_bar,validation
2025-02-04,2025-02-06,short_iron_fly_w100,paired_sample_incomplete:intraday:duplicate_exact_contract_bar;overnight:duplicate_exact_contract_bar,validation
2025-02-04,2025-02-06,short_iron_fly_w300,paired_sample_incomplete:intraday:duplicate_exact_contract_bar;overnight:duplicate_exact_contract_bar,validation
2025-02-04,2025-02-06,long_iron_fly_w100,paired_sample_incomplete:intraday:duplicate_exact_contract_bar;overnight:duplicate_exact_contract_bar,validation
2025-02-04,2025-02-06,long_iron_fly_w300,paired_sample_incomplete:intraday:duplicate_exact_contract_bar;overnight:duplicate_exact_contract_bar,validation
2025-02-04,2025-02-06,short_iron_condor_100_300,paired_sample_incomplete:intraday:duplicate_exact_contract_bar;overnight:duplicate_exact_contract_bar,validation
2025-02-04,2025-02-06,bull_put_credit_100_300,paired_sample_incomplete:intraday:duplicate_exact_contract_bar;overnight:duplicate_exact_contract_bar,validation
2025-02-05,2025-02-13,short_atm_straddle,paired_sample_incomplete:intraday:duplicate_exact_contract_bar;overnight:duplicate_exact_contract_bar,validation
2025-02-05,2025-02-13,short_iron_fly_w100,paired_sample_incomplete:intraday:duplicate_exact_contract_bar;overnight:duplicate_exact_contract_bar,validation
2025-02-05,2025-02-13,short_iron_fly_w200,paired_sample_incomplete:intraday:duplicate_exact_contract_bar;overnight:duplicate_exact_contract_bar,validation
2025-02-05,2025-02-13,short_iron_fly_w300,paired_sample_incomplete:intraday:duplicate_exact_contract_bar;overnight:duplicate_exact_contract_bar,validation
2025-02-05,2025-02-13,long_iron_fly_w100,paired_sample_incomplete:intraday:duplicate_exact_contract_bar;overnight:duplicate_exact_contract_bar,validation
2025-02-05,2025-02-13,long_iron_fly_w200,paired_sample_incomplete:intraday:duplicate_exact_contract_bar;overnight:duplicate_exact_contract_bar,validation
2025-02-05,2025-02-13,long_iron_fly_w300,paired_sample_incomplete:intraday:duplicate_exact_contract_bar;overnight:duplicate_exact_contract_bar,validation
2025-02-05,2025-02-13,short_iron_condor_100_300,paired_sample_incomplete:intraday:duplicate_exact_contract_bar;overnight:duplicate_exact_contract_bar,validation
2025-02-05,2025-02-13,bull_put_credit_100_300,paired_sample_incomplete:intraday:duplicate_exact_contract_bar;overnight:duplicate_exact_contract_bar,validation
2025-02-05,2025-02-13,bear_call_credit_100_300,paired_sample_incomplete:intraday:duplicate_exact_contract_bar;overnight:duplicate_exact_contract_bar,validation
2025-02-06,2025-02-13,short_atm_straddle,paired_sample_incomplete:intraday:duplicate_exact_contract_bar;overnight:duplicate_exact_contract_bar,validation
2025-02-06,2025-02-13,short_iron_fly_w100,paired_sample_incomplete:intraday:duplicate_exact_contract_bar;overnight:duplicate_exact_contract_bar,validation
2025-02-06,2025-02-13,short_iron_fly_w200,paired_sample_incomplete:intraday:duplicate_exact_contract_bar;overnight:duplicate_exact_contract_bar,validation
2025-02-06,2025-02-13,short_iron_fly_w300,paired_sample_incomplete:intraday:duplicate_exact_contract_bar;overnight:duplicate_exact_contract_bar,validation
2025-02-06,2025-02-13,long_iron_fly_w100,paired_sample_incomplete:intraday:duplicate_exact_contract_bar;overnight:duplicate_exact_contract_bar,validation
2025-02-06,2025-02-13,long_iron_fly_w200,paired_sample_incomplete:intraday:duplicate_exact_contract_bar;overnight:duplicate_exact_contract_bar,validation
2025-02-06,2025-02-13,long_iron_fly_w300,paired_sample_incomplete:intraday:duplicate_exact_contract_bar;overnight:duplicate_exact_contract_bar,validation
2025-02-06,2025-02-13,short_iron_condor_100_300,paired_sample_incomplete:intraday:duplicate_exact_contract_bar;overnight:duplicate_exact_contract_bar,validation
2025-02-06,2025-02-13,bull_put_credit_100_300,paired_sample_incomplete:intraday:duplicate_exact_contract_bar;overnight:duplicate_exact_contract_bar,validation
2025-02-06,2025-02-13,bear_call_credit_100_300,paired_sample_incomplete:intraday:duplicate_exact_contract_bar;overnight:duplicate_exact_contract_bar,validation
2025-02-07,2025-02-13,short_atm_straddle,paired_sample_incomplete:intraday:duplicate_exact_contract_bar;overnight:duplicate_exact_contract_bar,validation
2025-02-07,2025-02-13,short_iron_fly_w100,paired_sample_incomplete:intraday:duplicate_exact_contract_bar;overnight:duplicate_exact_contract_bar,validation
2025-02-07,2025-02-13,short_iron_fly_w200,paired_sample_incomplete:intraday:duplicate_exact_contract_bar;overnight:duplicate_exact_contract_bar,validation
2025-02-07,2025-02-13,short_iron_fly_w300,paired_sample_incomplete:intraday:duplicate_exact_contract_bar;overnight:duplicate_exact_contract_bar,validation
2025-02-07,2025-02-13,long_iron_fly_w100,paired_sample_incomplete:intraday:duplicate_exact_contract_bar;overnight:duplicate_exact_contract_bar,validation
2025-02-07,2025-02-13,long_iron_fly_w200,paired_sample_incomplete:intraday:duplicate_exact_contract_bar;overnight:duplicate_exact_contract_bar,validation
2025-02-07,2025-02-13,long_iron_fly_w300,paired_sample_incomplete:intraday:duplicate_exact_contract_bar;overnight:duplicate_exact_contract_bar,validation
2025-02-07,2025-02-13,short_iron_condor_100_300,paired_sample_incomplete:intraday:duplicate_exact_contract_bar;overnight:duplicate_exact_contract_bar,validation
2025-02-07,2025-02-13,bull_put_credit_100_300,paired_sample_incomplete:intraday:duplicate_exact_contract_bar;overnight:duplicate_exact_contract_bar,validation
2025-02-07,2025-02-13,bear_call_credit_100_300,paired_sample_incomplete:intraday:duplicate_exact_contract_bar;overnight:duplicate_exact_contract_bar,validation
2025-02-10,2025-02-13,short_atm_straddle,paired_sample_incomplete:intraday:duplicate_exact_contract_bar;overnight:duplicate_exact_contract_bar,validation
2025-02-10,2025-02-13,short_iron_fly_w100,paired_sample_incomplete:intraday:duplicate_exact_contract_bar;overnight:duplicate_exact_contract_bar,validation
2025-02-10,2025-02-13,short_iron_fly_w200,paired_sample_incomplete:intraday:duplicate_exact_contract_bar;overnight:duplicate_exact_contract_bar,validation
2025-02-10,2025-02-13,short_iron_fly_w300,paired_sample_incomplete:intraday:duplicate_exact_contract_bar;overnight:duplicate_exact_contract_bar,validation
2025-02-10,2025-02-13,long_iron_fly_w100,paired_sample_incomplete:intraday:duplicate_exact_contract_bar;overnight:duplicate_exact_contract_bar,validation
2025-02-10,2025-02-13,long_iron_fly_w200,paired_sample_incomplete:intraday:duplicate_exact_contract_bar;overnight:duplicate_exact_contract_bar,validation
2025-02-10,2025-02-13,long_iron_fly_w300,paired_sample_incomplete:intraday:duplicate_exact_contract_bar;overnight:duplicate_exact_contract_bar,validation
2025-02-10,2025-02-13,short_iron_condor_100_300,paired_sample_incomplete:intraday:duplicate_exact_contract_bar;overnight:duplicate_exact_contract_bar,validation
2025-02-10,2025-02-13,bull_put_credit_100_300,paired_sample_incomplete:intraday:duplicate_exact_contract_bar;overnight:duplicate_exact_contract_bar,validation
2025-02-10,2025-02-13,bear_call_credit_100_300,paired_sample_incomplete:intraday:duplicate_exact_contract_bar;overnight:duplicate_exact_contract_bar,validation
2025-02-11,2025-02-13,short_atm_straddle,paired_sample_incomplete:intraday:duplicate_exact_contract_bar;overnight:duplicate_exact_contract_bar,validation
2025-02-11,2025-02-13,short_iron_fly_w100,paired_sample_incomplete:intraday:duplicate_exact_contract_bar;overnight:duplicate_exact_contract_bar,validation
2025-02-11,2025-02-13,short_iron_fly_w200,paired_sample_incomplete:intraday:duplicate_exact_contract_bar;overnight:duplicate_exact_contract_bar,validation
2025-02-11,2025-02-13,short_iron_fly_w300,paired_sample_incomplete:intraday:duplicate_exact_contract_bar;overnight:duplicate_exact_contract_bar,validation
2025-02-11,2025-02-13,long_iron_fly_w100,paired_sample_incomplete:intraday:duplicate_exact_contract_bar;overnight:duplicate_exact_contract_bar,validation
2025-02-11,2025-02-13,long_iron_fly_w200,paired_sample_incomplete:intraday:duplicate_exact_contract_bar;overnight:duplicate_exact_contract_bar,validation
2025-02-11,2025-02-13,long_iron_fly_w300,paired_sample_incomplete:intraday:duplicate_exact_contract_bar;overnight:duplicate_exact_contract_bar,validation
2025-02-11,2025-02-13,short_iron_condor_100_300,paired_sample_incomplete:intraday:duplicate_exact_contract_bar;overnight:duplicate_exact_contract_bar,validation
2025-02-11,2025-02-13,bull_put_credit_100_300,paired_sample_incomplete:intraday:duplicate_exact_contract_bar;overnight:duplicate_exact_contract_bar,validation
2025-02-11,2025-02-13,bear_call_credit_100_300,paired_sample_incomplete:intraday:duplicate_exact_contract_bar;overnight:duplicate_exact_contract_bar,validation
2025-09-26,2025-09-30,short_atm_straddle,paired_sample_incomplete:intraday:missing_exact_timestamp;overnight:missing_exact_timestamp,validation
2025-09-26,2025-09-30,short_iron_fly_w100,paired_sample_incomplete:intraday:missing_exact_timestamp;overnight:missing_exact_timestamp,validation
2025-09-26,2025-09-30,short_iron_fly_w200,paired_sample_incomplete:intraday:missing_exact_timestamp;overnight:missing_exact_timestamp,validation
2025-09-26,2025-09-30,short_iron_fly_w300,paired_sample_incomplete:intraday:missing_exact_timestamp;overnight:missing_exact_timestamp,validation
2025-09-26,2025-09-30,long_iron_fly_w100,paired_sample_incomplete:intraday:missing_exact_timestamp;overnight:missing_exact_timestamp,validation
2025-09-26,2025-09-30,long_iron_fly_w200,paired_sample_incomplete:intraday:missing_exact_timestamp;overnight:missing_exact_timestamp,validation
2025-09-26,2025-09-30,long_iron_fly_w300,paired_sample_incomplete:intraday:missing_exact_timestamp;overnight:missing_exact_timestamp,validation
2025-09-26,2025-09-30,short_iron_condor_100_300,paired_sample_incomplete:intraday:missing_exact_timestamp;overnight:missing_exact_timestamp,validation
2025-09-26,2025-09-30,bull_put_credit_100_300,paired_sample_incomplete:intraday:missing_exact_timestamp;overnight:missing_exact_timestamp,validation
2025-09-26,2025-09-30,bear_call_credit_100_300,paired_sample_incomplete:intraday:missing_exact_timestamp;overnight:missing_exact_timestamp,validation
2025-10-13,2025-10-28,short_atm_straddle,paired_sample_incomplete:intraday:missing_exact_timestamp;overnight:missing_exact_timestamp,validation
2025-10-13,2025-10-28,short_iron_fly_w100,paired_sample_incomplete:intraday:missing_exact_timestamp;overnight:missing_exact_timestamp,validation
2025-10-13,2025-10-28,short_iron_fly_w200,paired_sample_incomplete:intraday:missing_exact_timestamp;overnight:missing_exact_timestamp,validation
2025-10-13,2025-10-28,short_iron_fly_w300,paired_sample_incomplete:intraday:missing_exact_timestamp;overnight:missing_exact_timestamp,validation
2025-10-13,2025-10-28,long_iron_fly_w100,paired_sample_incomplete:intraday:missing_exact_timestamp;overnight:missing_exact_timestamp,validation
2025-10-13,2025-10-28,long_iron_fly_w200,paired_sample_incomplete:intraday:missing_exact_timestamp;overnight:missing_exact_timestamp,validation
2025-10-13,2025-10-28,long_iron_fly_w300,paired_sample_incomplete:intraday:missing_exact_timestamp;overnight:missing_exact_timestamp,validation
2025-10-13,2025-10-28,short_iron_condor_100_300,paired_sample_incomplete:intraday:missing_exact_timestamp;overnight:missing_exact_timestamp,validation
2025-10-13,2025-10-28,bull_put_credit_100_300,paired_sample_incomplete:intraday:missing_exact_timestamp;overnight:missing_exact_timestamp,validation
2025-10-13,2025-10-28,bear_call_credit_100_300,paired_sample_incomplete:intraday:missing_exact_timestamp;overnight:missing_exact_timestamp,validation
2025-10-14,2025-10-28,short_atm_straddle,paired_sample_incomplete:intraday:missing_exact_timestamp;overnight:missing_exact_timestamp,validation
2025-10-14,2025-10-28,short_iron_fly_w100,paired_sample_incomplete:intraday:missing_exact_timestamp;overnight:missing_exact_timestamp,validation
2025-10-14,2025-10-28,short_iron_fly_w200,paired_sample_incomplete:intraday:missing_exact_timestamp;overnight:missing_exact_timestamp,validation
2025-10-14,2025-10-28,short_iron_fly_w300,paired_sample_incomplete:intraday:missing_exact_timestamp;overnight:missing_exact_timestamp,validation
2025-10-14,2025-10-28,long_iron_fly_w100,paired_sample_incomplete:intraday:missing_exact_timestamp;overnight:missing_exact_timestamp,validation
2025-10-14,2025-10-28,long_iron_fly_w200,paired_sample_incomplete:intraday:missing_exact_timestamp;overnight:missing_exact_timestamp,validation
2025-10-14,2025-10-28,long_iron_fly_w300,paired_sample_incomplete:intraday:missing_exact_timestamp;overnight:missing_exact_timestamp,validation
2025-10-14,2025-10-28,short_iron_condor_100_300,paired_sample_incomplete:intraday:missing_exact_timestamp;overnight:missing_exact_timestamp,validation
2025-10-14,2025-10-28,bull_put_credit_100_300,paired_sample_incomplete:intraday:missing_exact_timestamp;overnight:missing_exact_timestamp,validation
2025-10-14,2025-10-28,bear_call_credit_100_300,paired_sample_incomplete:intraday:missing_exact_timestamp;overnight:missing_exact_timestamp,validation
2025-10-15,2025-10-28,short_atm_straddle,paired_sample_incomplete:intraday:missing_exact_timestamp;overnight:missing_exact_timestamp,validation
2025-10-15,2025-10-28,short_iron_fly_w100,paired_sample_incomplete:intraday:missing_exact_timestamp;overnight:missing_exact_timestamp,validation
2025-10-15,2025-10-28,short_iron_fly_w200,paired_sample_incomplete:intraday:missing_exact_timestamp;overnight:missing_exact_timestamp,validation
2025-10-15,2025-10-28,short_iron_fly_w300,paired_sample_incomplete:intraday:missing_exact_timestamp;overnight:missing_exact_timestamp,validation
2025-10-15,2025-10-28,long_iron_fly_w100,paired_sample_incomplete:intraday:missing_exact_timestamp;overnight:missing_exact_timestamp,validation
2025-10-15,2025-10-28,long_iron_fly_w200,paired_sample_incomplete:intraday:missing_exact_timestamp;overnight:missing_exact_timestamp,validation
2025-10-15,2025-10-28,long_iron_fly_w300,paired_sample_incomplete:intraday:missing_exact_timestamp;overnight:missing_exact_timestamp,validation
2025-10-15,2025-10-28,short_iron_condor_100_300,paired_sample_incomplete:intraday:missing_exact_timestamp;overnight:missing_exact_timestamp,validation
2025-10-15,2025-10-28,bull_put_credit_100_300,paired_sample_incomplete:intraday:missing_exact_timestamp;overnight:missing_exact_timestamp,validation
2025-10-15,2025-10-28,bear_call_credit_100_300,paired_sample_incomplete:intraday:missing_exact_timestamp;overnight:missing_exact_timestamp,validation
2025-10-16,2025-10-28,short_atm_straddle,paired_sample_incomplete:intraday:missing_exact_timestamp;overnight:missing_exact_timestamp,validation
2025-10-16,2025-10-28,short_iron_fly_w100,paired_sample_incomplete:intraday:missing_exact_timestamp;overnight:missing_exact_timestamp,validation
2025-10-16,2025-10-28,short_iron_fly_w200,paired_sample_incomplete:intraday:missing_exact_timestamp;overnight:missing_exact_timestamp,validation
2025-10-16,2025-10-28,short_iron_fly_w300,paired_sample_incomplete:intraday:missing_exact_timestamp;overnight:missing_exact_timestamp,validation
2025-10-16,2025-10-28,long_iron_fly_w100,paired_sample_incomplete:intraday:missing_exact_timestamp;overnight:missing_exact_timestamp,validation
2025-10-16,2025-10-28,long_iron_fly_w200,paired_sample_incomplete:intraday:missing_exact_timestamp;overnight:missing_exact_timestamp,validation
2025-10-16,2025-10-28,long_iron_fly_w300,paired_sample_incomplete:intraday:missing_exact_timestamp;overnight:missing_exact_timestamp,validation
2025-10-16,2025-10-28,short_iron_condor_100_300,paired_sample_incomplete:intraday:missing_exact_timestamp;overnight:missing_exact_timestamp,validation
2025-10-16,2025-10-28,bull_put_credit_100_300,paired_sample_incomplete:intraday:missing_exact_timestamp;overnight:missing_exact_timestamp,validation
2025-10-16,2025-10-28,bear_call_credit_100_300,paired_sample_incomplete:intraday:missing_exact_timestamp;overnight:missing_exact_timestamp,validation
2025-10-17,2025-10-28,short_atm_straddle,paired_sample_incomplete:intraday:missing_exact_timestamp;overnight:missing_exact_timestamp,validation
2025-10-17,2025-10-28,short_iron_fly_w100,paired_sample_incomplete:intraday:missing_exact_timestamp;overnight:missing_exact_timestamp,validation
2025-10-17,2025-10-28,short_iron_fly_w200,paired_sample_incomplete:intraday:missing_exact_timestamp;overnight:missing_exact_timestamp,validation
2025-10-17,2025-10-28,short_iron_fly_w300,paired_sample_incomplete:intraday:missing_exact_timestamp;overnight:missing_exact_timestamp,validation
2025-10-17,2025-10-28,long_iron_fly_w100,paired_sample_incomplete:intraday:missing_exact_timestamp;overnight:missing_exact_timestamp,validation
2025-10-17,2025-10-28,long_iron_fly_w200,paired_sample_incomplete:intraday:missing_exact_timestamp;overnight:missing_exact_timestamp,validation
2025-10-17,2025-10-28,long_iron_fly_w300,paired_sample_incomplete:intraday:missing_exact_timestamp;overnight:missing_exact_timestamp,validation
2025-10-17,2025-10-28,short_iron_condor_100_300,paired_sample_incomplete:intraday:missing_exact_timestamp;overnight:missing_exact_timestamp,validation
2025-10-17,2025-10-28,bull_put_credit_100_300,paired_sample_incomplete:intraday:missing_exact_timestamp;overnight:missing_exact_timestamp,validation
2025-10-17,2025-10-28,bear_call_credit_100_300,paired_sample_incomplete:intraday:missing_exact_timestamp;overnight:missing_exact_timestamp,validation
2025-10-20,2025-10-28,short_atm_straddle,paired_sample_incomplete:overnight:missing_exact_timestamp,validation
2025-10-20,2025-10-28,short_iron_fly_w100,paired_sample_incomplete:overnight:missing_exact_timestamp,validation
2025-10-20,2025-10-28,short_iron_fly_w200,paired_sample_incomplete:overnight:missing_exact_timestamp,validation
2025-10-20,2025-10-28,short_iron_fly_w300,paired_sample_incomplete:overnight:missing_exact_timestamp,validation
2025-10-20,2025-10-28,long_iron_fly_w100,paired_sample_incomplete:overnight:missing_exact_timestamp,validation
2025-10-20,2025-10-28,long_iron_fly_w200,paired_sample_incomplete:overnight:missing_exact_timestamp,validation
2025-10-20,2025-10-28,long_iron_fly_w300,paired_sample_incomplete:overnight:missing_exact_timestamp,validation
2025-10-20,2025-10-28,short_iron_condor_100_300,paired_sample_incomplete:overnight:missing_exact_timestamp,validation
2025-10-20,2025-10-28,bull_put_credit_100_300,paired_sample_incomplete:overnight:missing_exact_timestamp,validation
2025-10-20,2025-10-28,bear_call_credit_100_300,paired_sample_incomplete:overnight:missing_exact_timestamp,validation
2025-10-21,2025-10-28,ALL,missing_prior_0919_spot,validation
