expiry,entry_ts,exit_ts,direction,short_delta_entry,short_delta_exit,short_strike,long_strike,lot_size,gross_rupees,cost_rupees,net_rupees,exit_reason,direction_after,cum_net,peak,drawdown,period,expiry_dt,action,shadow_control,override,pred_delta,uncertainty,override_score,policy_net_rupees,call_put_delta
2021-05-27,2021-05-24 09:20:00+05:30,2021-05-27 13:50:00+05:30,CALL,0.222206730217464,0.0386206475989897,15450.0,15500.0,75,3892.500000000002,72.97634605000002,3819.523653950003,DELTA_EXIT,CALL,3819.523653950003,3819.523653950003,0.0,development,2021-05-27 00:00:00+05:30,CALL,CALL,False,,,,3819.523653950003,
2021-06-03,2021-05-28 09:20:00+05:30,2021-06-01 09:33:00+05:30,CALL,0.2270144226231951,0.513228367881055,15650.0,15700.0,75,-5647.499999999997,123.34354825,-5770.843548249997,DELTA_EXIT,PUT,-1951.3198942999943,3819.523653950003,5770.843548249997,development,2021-06-03 00:00:00+05:30,CALL,CALL,False,,,,-5770.843548249997,
2021-06-03,2021-06-01 09:34:00+05:30,2021-06-02 10:11:00+05:30,PUT,-0.2682366592658094,-0.5079044547664395,15500.0,15450.0,75,-5242.499999999999,120.23946895000002,-5362.739468949999,DELTA_EXIT,CALL,-7314.059363249993,3819.523653950003,11133.583017199997,development,2021-06-03 00:00:00+05:30,PUT,PUT,False,,,,-5362.739468949999,
2021-06-03,2021-06-02 10:12:00+05:30,2021-06-03 09:15:00+05:30,CALL,0.2656017654473981,0.8745201176901304,15600.0,15650.0,75,-9360.000000000002,102.912349,-9462.912349000002,DELTA_EXIT,PUT,-16776.971712249993,3819.523653950003,20596.4953662,development,2021-06-03 00:00:00+05:30,CALL,CALL,False,,,,-9462.912349000002,
2021-06-10,2021-06-04 09:20:00+05:30,2021-06-10 13:19:00+05:30,PUT,-0.2662746228933428,-0.0373687592740594,15500.0,15450.0,75,4365.000000000005,86.9866861,4278.0133139000045,DELTA_EXIT,PUT,-12498.958398349989,3819.523653950003,16318.48205229999,development,2021-06-10 00:00:00+05:30,PUT,PUT,False,,,,4278.0133139000045,
2021-06-17,2021-06-11 09:20:00+05:30,2021-06-17 15:00:00+05:30,PUT,-0.2249685076892613,-0.0362956100271703,15600.0,15550.0,75,3442.500000000001,76.56312505000001,3365.936874950001,DELTA_EXIT,PUT,-9133.021523399988,3819.523653950003,12952.545177349992,development,2021-06-17 00:00:00+05:30,PUT,PUT,False,,,,3365.936874950001,
2021-06-24,2021-06-18 09:20:00+05:30,2021-06-18 10:57:00+05:30,PUT,-0.2347806239088744,-0.508621967386508,15500.0,15450.0,75,-5782.50000000001,181.88301595,-5964.38301595001,DELTA_EXIT,CALL,-15097.404539349998,3819.523653950003,18916.9281933,development,2021-06-24 00:00:00+05:30,PUT,PUT,False,,,,-5964.38301595001,
2021-06-24,2021-06-18 10:58:00+05:30,2021-06-21 15:17:00+05:30,CALL,0.2348718996273709,0.5018025601291913,15750.0,15800.0,75,-6209.999999999996,141.2213764,-6351.221376399996,DELTA_EXIT,PUT,-21448.625915749995,3819.523653950003,25268.1495697,development,2021-06-24 00:00:00+05:30,CALL,CALL,False,,,,-6351.221376399996,
2021-06-24,2021-06-21 15:18:00+05:30,2021-06-24 14:03:00+05:30,PUT,-0.2603662927134613,-0.038840206399439,15600.0,15550.0,75,3465.0,77.04523569999999,3387.9547643,DELTA_EXIT,PUT,-18060.671151449995,3819.523653950003,21880.1948054,development,2021-06-24 00:00:00+05:30,PUT,PUT,False,,,,3387.9547643,
2021-07-01,2021-06-25 09:20:00+05:30,2021-07-01 13:23:00+05:30,PUT,-0.2405524331676931,-0.0392103505708159,15600.0,15550.0,75,3847.5000000000055,81.52046275000001,3765.979537250005,DELTA_EXIT,PUT,-14294.69161419999,3819.523653950003,18114.21526815,development,2021-07-01 00:00:00+05:30,PUT,PUT,False,,,,3765.979537250005,
2021-07-08,2021-07-02 09:20:00+05:30,2021-07-07 13:36:00+05:30,PUT,-0.2283993186391324,-0.0395824734795297,15500.0,15450.0,75,3869.999999999999,73.69311280000001,3796.306887199999,DELTA_EXIT,PUT,-10498.384726999991,3819.523653950003,14317.908380949992,development,2021-07-08 00:00:00+05:30,PUT,PUT,False,,,,3796.306887199999,
2021-07-08,2021-07-07 13:37:00+05:30,2021-07-08 13:00:00+05:30,PUT,-0.2706630282629207,-0.5349772757118434,15750.0,15700.0,75,-3982.500000000002,73.19665074999999,-4055.6966507500015,DELTA_EXIT,CALL,-14554.081377749992,3819.523653950003,18373.6050317,development,2021-07-08 00:00:00+05:30,PUT,PUT,False,,,,-4055.6966507500015,
2021-07-15,2021-07-09 09:20:00+05:30,2021-07-14 12:41:00+05:30,CALL,0.2248791615348305,0.5049680512550995,15850.0,15900.0,75,-5467.499999999999,94.41733765,-5561.917337649999,DELTA_EXIT,PUT,-20115.9987154,3819.523653950003,23935.52236935,development,2021-07-15 00:00:00+05:30,CALL,CALL,False,,,,-5561.917337649999,
2021-07-15,2021-07-14 12:42:00+05:30,2021-07-15 13:09:00+05:30,PUT,-0.2298955756509512,-0.0392543047884348,15750.0,15700.0,75,2609.9999999999995,62.032279,2547.9677209999995,DELTA_EXIT,PUT,-17568.030994399993,3819.523653950003,21387.55464835,development,2021-07-15 00:00:00+05:30,PUT,PUT,False,,,,2547.9677209999995,
2021-07-22,2021-07-16 09:20:00+05:30,2021-07-19 09:15:00+05:30,PUT,-0.2624530510502711,-0.5209936543993093,15800.0,15750.0,75,-6142.4999999999945,119.14490695,-6261.644906949995,DELTA_EXIT,CALL,-23829.675901349987,3819.523653950003,27649.19955529999,development,2021-07-22 00:00:00+05:30,PUT,PUT,False,,,,-6261.644906949995,
2021-07-22,2021-07-19 09:20:00+05:30,2021-07-22 13:17:00+05:30,CALL,0.2691159485698551,0.0397745614075119,15900.0,15950.0,75,4500.0,68.7543034,4431.2456966,DELTA_EXIT,CALL,-19398.430204749988,3819.523653950003,23217.95385869999,development,2021-07-22 00:00:00+05:30,CALL,CALL,False,,,,4431.2456966,
2021-07-29,2021-07-23 09:20:00+05:30,2021-07-28 12:42:00+05:30,CALL,0.2526684258246051,0.0396131919405977,16000.0,16050.0,50,3074.999999999998,62.4600007,3012.5399992999987,DELTA_EXIT,CALL,-16385.89020544999,3819.523653950003,20205.413859399992,development,2021-07-29 00:00:00+05:30,CALL,CALL,False,,,,3012.5399992999987,
2021-07-29,2021-07-28 12:43:00+05:30,2021-07-29 09:16:00+05:30,CALL,0.2309672969494018,0.6533502375026501,15750.0,15800.0,50,-4529.999999999999,71.7315406,-4601.731540599999,DELTA_EXIT,PUT,-20987.621746049987,3819.523653950003,24807.14539999999,development,2021-07-29 00:00:00+05:30,CALL,CALL,False,,,,-4601.731540599999,
2021-08-05,2021-07-30 09:20:00+05:30,2021-08-04 09:15:00+05:30,PUT,-0.2342896401615657,-0.0338597751475699,15600.0,15550.0,50,2355.0000000000014,68.0610451,2286.9389549000016,DELTA_EXIT,PUT,-18700.682791149982,3819.523653950003,22520.20644509999,development,2021-08-05 00:00:00+05:30,PUT,PUT,False,,,,2286.9389549000016,
2021-08-05,2021-08-04 09:20:00+05:30,2021-08-05 13:00:00+05:30,PUT,-0.2389941459306226,-0.0398492764244776,16100.0,16050.0,50,2309.9999999999995,60.9508546,2249.0491454,DELTA_EXIT,PUT,-16451.633645749986,3819.523653950003,20271.15729969999,development,2021-08-05 00:00:00+05:30,PUT,PUT,False,,,,2249.0491454,
2021-08-12,2021-08-06 09:20:00+05:30,2021-08-12 11:43:00+05:30,PUT,-0.2400822561781669,-0.0395704463584617,16100.0,16050.0,50,2250.0,70.3035406,2179.6964594,DELTA_EXIT,PUT,-14271.937186349984,3819.523653950003,18091.460840299987,development,2021-08-12 00:00:00+05:30,PUT,PUT,False,,,,2179.6964594,
2021-08-18,2021-08-13 09:20:00+05:30,2021-08-18 09:15:00+05:30,PUT,-0.2336314364070592,-0.0234616663799889,16250.0,16200.0,50,2430.0000000000005,65.45133940000001,2364.5486606000004,DELTA_EXIT,PUT,-11907.388525749986,3819.523653950003,15726.91217969999,development,2021-08-18 00:00:00+05:30,PUT,PUT,False,,,,2364.5486606000004,
2021-08-26,2021-08-20 09:20:00+05:30,2021-08-25 09:22:00+05:30,PUT,-0.2623412180901214,-0.0398927054711247,16250.0,16200.0,50,2715.0000000000014,76.9599127,2638.040087300001,DELTA_EXIT,PUT,-9269.348438449984,3819.523653950003,13088.872092399986,development,2021-08-26 00:00:00+05:30,PUT,PUT,False,,,,2638.040087300001,
2021-08-26,2021-08-25 09:23:00+05:30,2021-08-26 15:08:00+05:30,PUT,-0.2882635534324529,-0.0327471098058171,16600.0,16550.0,50,2625.0,61.3339513,2563.6660487,DELTA_EXIT,PUT,-6705.682389749984,3819.523653950003,10525.206043699987,development,2021-08-26 00:00:00+05:30,PUT,PUT,False,,,,2563.6660487,
2021-09-02,2021-08-27 09:20:00+05:30,2021-08-31 12:29:00+05:30,PUT,-0.2251186367555244,-0.0398687394419083,16450.0,16400.0,50,2205.0000000000014,68.26446370000001,2136.735536300001,DELTA_EXIT,PUT,-4568.946853449983,3819.523653950003,8388.470507399987,development,2021-09-02 00:00:00+05:30,PUT,PUT,False,,,,2136.735536300001,
2021-09-02,2021-08-31 12:30:00+05:30,2021-09-02 09:27:00+05:30,PUT,-0.2227184083218292,-0.0393972181244339,16850.0,16800.0,50,1874.999999999999,61.93763829999999,1813.0623616999992,DELTA_EXIT,PUT,-2755.884491749984,3819.523653950003,6575.408145699987,development,2021-09-02 00:00:00+05:30,PUT,PUT,False,,,,1813.0623616999992,
2021-09-09,2021-09-03 09:20:00+05:30,2021-09-09 09:28:00+05:30,PUT,-0.2437923253826071,-0.0391031962348525,17100.0,17050.0,50,2715.0000000000014,70.4556583,2644.544341700001,DELTA_EXIT,PUT,-111.3401500499822,3819.523653950003,3930.863803999985,development,2021-09-09 00:00:00+05:30,PUT,PUT,False,,,,2644.544341700001,
2021-09-16,2021-09-13 09:20:00+05:30,2021-09-15 13:43:00+05:30,PUT,-0.2527733447596784,-0.0396818902823532,17150.0,17100.0,50,2594.9999999999995,69.1246195,2525.8753805,DELTA_EXIT,PUT,2414.535230450017,3819.523653950003,1404.9884234999854,development,2021-09-16 00:00:00+05:30,PUT,PUT,False,,,,2525.8753805,
2021-09-16,2021-09-15 13:44:00+05:30,2021-09-16 13:41:00+05:30,PUT,-0.2984143005027495,-0.039200508210018,17450.0,17400.0,50,2429.999999999999,58.8919642,2371.108035799999,DELTA_EXIT,PUT,4785.6432662500165,4785.6432662500165,0.0,development,2021-09-16 00:00:00+05:30,PUT,PUT,False,,,,2371.108035799999,
2021-09-23,2021-09-17 09:20:00+05:30,2021-09-20 09:15:00+05:30,PUT,-0.2297029869131773,-0.5670688651575759,17500.0,17450.0,50,-4319.999999999997,121.1271316,-4441.1271315999975,DELTA_EXIT,CALL,344.516134650019,4785.6432662500165,4441.1271315999975,development,2021-09-23 00:00:00+05:30,PUT,PUT,False,,,,-4441.1271315999975,
2021-09-23,2021-09-20 09:20:00+05:30,2021-09-23 09:15:00+05:30,CALL,0.22613582642898,0.5062754769077585,17650.0,17700.0,50,-3584.999999999998,79.6331287,-3664.633128699998,DELTA_EXIT,PUT,-3320.116994049979,4785.6432662500165,8105.760260299996,development,2021-09-23 00:00:00+05:30,CALL,CALL,False,,,,-3664.633128699998,
2021-09-30,2021-09-24 09:20:00+05:30,2021-09-28 12:22:00+05:30,PUT,-0.2448733546804413,-0.520740039750575,17700.0,17650.0,50,-3944.999999999996,125.99286310000004,-4070.992863099996,DELTA_EXIT,CALL,-7391.109857149975,4785.6432662500165,12176.75312339999,development,2021-09-30 00:00:00+05:30,PUT,PUT,False,,,,-4070.992863099996,
2021-09-30,2021-09-28 12:23:00+05:30,2021-09-30 13:07:00+05:30,CALL,0.2635618173417937,0.036567080534258,17850.0,17900.0,50,3255.0000000000014,68.79732189999999,3186.2026781000013,DELTA_EXIT,CALL,-4204.907179049974,4785.6432662500165,8990.55044529999,development,2021-09-30 00:00:00+05:30,CALL,CALL,False,,,,3186.2026781000013,
2021-10-07,2021-10-01 09:20:00+05:30,2021-10-05 12:52:00+05:30,CALL,0.234298346939895,0.5024440322732056,17750.0,17800.0,50,-4139.999999999997,109.8533572,-4249.853357199997,DELTA_EXIT,PUT,-8454.76053624997,4785.6432662500165,13240.403802499986,development,2021-10-07 00:00:00+05:30,CALL,CALL,False,,,,-4249.853357199997,
2021-10-07,2021-10-05 12:53:00+05:30,2021-10-07 11:55:00+05:30,PUT,-0.2501074074344356,-0.0391285136698225,17600.0,17550.0,50,2355.0000000000014,65.0294011,2289.9705989000013,DELTA_EXIT,PUT,-6164.7899373499695,4785.6432662500165,10950.433203599989,development,2021-10-07 00:00:00+05:30,PUT,PUT,False,,,,2289.9705989000013,
2021-10-14,2021-10-08 09:20:00+05:30,2021-10-13 14:15:00+05:30,PUT,-0.2683392833687763,-0.038859409092078,17650.0,17600.0,50,2955.0000000000027,78.8502991,2876.1497009000027,DELTA_EXIT,PUT,-3288.640236449967,4785.6432662500165,8074.283502699984,development,2021-10-14 00:00:00+05:30,PUT,PUT,False,,,,2876.1497009000027,
2021-10-14,2021-10-13 14:16:00+05:30,2021-10-14 11:46:00+05:30,PUT,-0.2277501832640848,-0.0388519541415051,18050.0,18000.0,50,1799.999999999999,60.24792160000001,1739.7520783999994,DELTA_EXIT,PUT,-1548.8881580499674,4785.6432662500165,6334.531424299984,development,2021-10-14 00:00:00+05:30,PUT,PUT,False,,,,1739.7520783999994,
2021-10-21,2021-10-18 09:20:00+05:30,2021-10-20 14:15:00+05:30,PUT,-0.2372327686748541,-0.5201105223102052,18250.0,18200.0,50,-3014.999999999997,98.8745005,-3113.874500499997,DELTA_EXIT,CALL,-4662.762658549964,4785.6432662500165,9448.40592479998,development,2021-10-21 00:00:00+05:30,PUT,PUT,False,,,,-3113.874500499997,
2021-10-21,2021-10-20 14:16:00+05:30,2021-10-21 12:12:00+05:30,CALL,0.2384862420703618,0.0397739529517883,18400.0,18450.0,50,2955.0000000000005,63.71963949999999,2891.2803605000004,DELTA_EXIT,CALL,-1771.4822980499634,4785.6432662500165,6557.12556429998,development,2021-10-21 00:00:00+05:30,CALL,CALL,False,,,,2891.2803605000004,
2021-10-28,2021-10-22 09:20:00+05:30,2021-10-28 09:15:00+05:30,CALL,0.2613760996143104,0.0333176846411932,18500.0,18550.0,50,3315.000000000004,77.99278509999999,3237.0072149000034,DELTA_EXIT,CALL,1465.52491685004,4785.6432662500165,3320.1183493999765,development,2021-10-28 00:00:00+05:30,CALL,CALL,False,,,,3237.0072149000034,
2021-11-11,2021-11-08 09:20:00+05:30,2021-11-11 11:25:00+05:30,CALL,0.2261722876205175,0.0398853616071339,18150.0,18200.0,50,2910.000000000002,68.1021358,2841.897864200002,DELTA_EXIT,CALL,4307.4227810500415,4785.6432662500165,478.220485199975,development,2021-11-11 00:00:00+05:30,CALL,CALL,False,,,,2841.897864200002,
2021-11-18,2021-11-12 09:20:00+05:30,2021-11-15 09:17:00+05:30,CALL,0.226634972985398,0.5018797946897577,18200.0,18250.0,50,-4560.000000000001,116.20510119999996,-4676.205101200001,DELTA_EXIT,PUT,-368.7823201499596,4785.6432662500165,5154.425586399976,development,2021-11-18 00:00:00+05:30,CALL,CALL,False,,,,-4676.205101200001,
2021-11-18,2021-11-15 09:20:00+05:30,2021-11-16 09:37:00+05:30,PUT,-0.2757500486356077,-0.5074971132579027,18050.0,18000.0,50,-3074.999999999996,116.0543401,-3191.054340099996,DELTA_EXIT,CALL,-3559.8366602499555,4785.6432662500165,8345.479926499971,development,2021-11-18 00:00:00+05:30,PUT,PUT,False,,,,-3191.054340099996,
2021-11-18,2021-11-16 09:38:00+05:30,2021-11-18 09:25:00+05:30,CALL,0.272983562385193,0.0386683914305698,18200.0,18250.0,50,3749.999999999999,68.82056260000002,3681.179437399999,DELTA_EXIT,CALL,121.34277715004328,4785.6432662500165,4664.300489099973,development,2021-11-18 00:00:00+05:30,CALL,CALL,False,,,,3681.179437399999,
2021-11-25,2021-11-22 09:20:00+05:30,2021-11-23 09:18:00+05:30,CALL,0.2353638498341832,0.0384366999080686,17900.0,17950.0,50,3255.0000000000027,73.8133147,3181.186685300003,DELTA_EXIT,CALL,3302.529462450046,4785.6432662500165,1483.1138037999704,development,2021-11-25 00:00:00+05:30,CALL,CALL,False,,,,3181.186685300003,
2021-11-25,2021-11-23 09:20:00+05:30,2021-11-23 13:32:00+05:30,CALL,0.2354386561706986,0.5176879195704492,17500.0,17550.0,50,-4380.000000000001,112.3450744,-4492.345074400001,DELTA_EXIT,PUT,-1189.815611949955,4785.6432662500165,5975.458878199972,development,2021-11-25 00:00:00+05:30,CALL,CALL,False,,,,-4492.345074400001,
2021-11-25,2021-11-23 13:33:00+05:30,2021-11-25 14:22:00+05:30,PUT,-0.2644161185000857,-0.0358955967535693,17350.0,17300.0,50,2219.9999999999995,69.3300016,2150.6699984,DELTA_EXIT,PUT,960.8543864500448,4785.6432662500165,3824.788879799972,development,2021-11-25 00:00:00+05:30,PUT,PUT,False,,,,2150.6699984,
2021-12-02,2021-11-26 09:20:00+05:30,2021-11-26 15:05:00+05:30,PUT,-0.247205730758411,-0.503785095521794,17050.0,17000.0,50,-3345.0000000000064,161.6967187,-3506.6967187000064,DELTA_EXIT,CALL,-2545.8423322499616,4785.6432662500165,7331.485598499978,development,2021-12-02 00:00:00+05:30,PUT,PUT,False,,,,-3506.6967187000064,
2021-12-02,2021-11-26 15:06:00+05:30,2021-11-30 10:26:00+05:30,CALL,0.2503224866027349,0.5006220632321228,17300.0,17350.0,50,-4619.999999999997,127.7350588,-4747.735058799997,DELTA_EXIT,PUT,-7293.577391049959,4785.6432662500165,12079.220657299977,development,2021-12-02 00:00:00+05:30,CALL,CALL,False,,,,-4747.735058799997,
2021-12-02,2021-11-30 10:27:00+05:30,2021-11-30 11:24:00+05:30,PUT,-0.2579352004846824,-0.5165409804680599,17100.0,17050.0,50,-4125.0,136.93591270000002,-4261.9359127,DELTA_EXIT,CALL,-11555.513303749958,4785.6432662500165,16341.156569999974,development,2021-12-02 00:00:00+05:30,PUT,PUT,False,,,,-4261.9359127,
2021-12-02,2021-11-30 11:25:00+05:30,2021-12-02 11:19:00+05:30,CALL,0.2398224638745001,0.5328230903037119,17300.0,17350.0,50,-4064.999999999999,82.3014895,-4147.301489499999,DELTA_EXIT,PUT,-15702.814793249956,4785.6432662500165,20488.45805949997,development,2021-12-02 00:00:00+05:30,CALL,CALL,False,,,,-4147.301489499999,
2021-12-09,2021-12-03 09:20:00+05:30,2021-12-03 14:42:00+05:30,PUT,-0.2492926581133372,-0.5051237370849675,17200.0,17150.0,50,-3599.999999999996,154.5516136,-3754.551613599996,DELTA_EXIT,CALL,-19457.36640684996,4785.6432662500165,24243.00967309997,development,2021-12-09 00:00:00+05:30,PUT,PUT,False,,,,-3754.551613599996,
2021-12-09,2021-12-03 14:43:00+05:30,2021-12-08 13:23:00+05:30,CALL,0.2388895978640058,0.5027597265418413,17450.0,17500.0,50,-3989.999999999997,99.2321074,-4089.232107399997,DELTA_EXIT,PUT,-23546.59851424995,4785.6432662500165,28332.241780499964,development,2021-12-09 00:00:00+05:30,CALL,CALL,False,,,,-4089.232107399997,
2021-12-09,2021-12-08 13:24:00+05:30,2021-12-09 14:35:00+05:30,PUT,-0.275608459656984,-0.0311897271287847,17350.0,17300.0,50,2655.0000000000005,62.0318863,2592.9681137000007,DELTA_EXIT,PUT,-20953.630400549948,4785.6432662500165,25739.273666799963,development,2021-12-09 00:00:00+05:30,PUT,PUT,False,,,,2592.9681137000007,
2021-12-16,2021-12-10 09:20:00+05:30,2021-12-15 10:39:00+05:30,PUT,-0.2348239453294378,-0.50114045510868,17200.0,17150.0,50,-4244.999999999997,117.0842851,-4362.084285099997,DELTA_EXIT,CALL,-25315.714685649946,4785.6432662500165,30101.35795189996,development,2021-12-16 00:00:00+05:30,PUT,PUT,False,,,,-4362.084285099997,
2021-12-16,2021-12-15 10:40:00+05:30,2021-12-16 09:15:00+05:30,CALL,0.2498512702319431,0.5502461732669568,17350.0,17400.0,50,-3014.999999999998,82.9445893,-3097.9445892999984,DELTA_EXIT,PUT,-28413.659274949943,4785.6432662500165,33199.30254119996,development,2021-12-16 00:00:00+05:30,CALL,CALL,False,,,,-3097.9445892999984,
2021-12-23,2021-12-17 09:20:00+05:30,2021-12-20 09:15:00+05:30,PUT,-0.254030041866975,-0.6965166420808924,16950.0,16900.0,50,-5850.0,183.42698740000003,-6033.4269874,DELTA_EXIT,CALL,-34447.08626234994,4785.6432662500165,39232.72952859996,development,2021-12-23 00:00:00+05:30,PUT,PUT,False,,,,-6033.4269874,
2021-12-23,2021-12-20 09:20:00+05:30,2021-12-23 09:15:00+05:30,CALL,0.2332883690066922,0.6508403315549931,17000.0,17050.0,50,-5024.999999999994,103.8437263,-5128.843726299993,DELTA_EXIT,PUT,-39575.929988649936,4785.6432662500165,44361.57325489995,development,2021-12-23 00:00:00+05:30,CALL,CALL,False,,,,-5128.843726299993,
2021-12-30,2021-12-24 09:20:00+05:30,2021-12-29 12:58:00+05:30,PUT,-0.2380925698183671,-0.0398906852919134,16800.0,16750.0,50,2250.000000000002,78.4889794,2171.5110206000018,DELTA_EXIT,PUT,-37404.41896804993,4785.6432662500165,42190.06223429995,development,2021-12-30 00:00:00+05:30,PUT,PUT,False,,,,2171.5110206000018,
2021-12-30,2021-12-29 12:59:00+05:30,2021-12-30 13:50:00+05:30,PUT,-0.2066720822435354,-0.0373763465015489,17100.0,17050.0,50,1649.999999999999,57.3094546,1592.690545399999,DELTA_EXIT,PUT,-35811.72842264993,4785.6432662500165,40597.37168889995,development,2021-12-30 00:00:00+05:30,PUT,PUT,False,,,,1592.690545399999,
2022-01-06,2021-12-31 09:20:00+05:30,2022-01-04 09:15:00+05:30,PUT,-0.2522934869878361,-0.0332929349303818,17050.0,17000.0,50,2580.0000000000027,80.54394280000001,2499.4560572000028,DELTA_EXIT,PUT,-33312.27236544993,4785.6432662500165,38097.91563169994,development,2022-01-06 00:00:00+05:30,PUT,PUT,False,,,,2499.4560572000028,
2022-01-06,2022-01-04 09:20:00+05:30,2022-01-05 15:07:00+05:30,PUT,-0.2539857772858254,-0.0399580683464525,17500.0,17450.0,50,2730.0000000000014,69.2888038,2660.7111962000013,DELTA_EXIT,PUT,-30651.56116924993,4785.6432662500165,35437.204435499945,development,2022-01-06 00:00:00+05:30,PUT,PUT,False,,,,2660.7111962000013,
2022-01-06,2022-01-05 15:08:00+05:30,2022-01-06 09:15:00+05:30,PUT,-0.279451107656538,-0.8007154624362341,17850.0,17800.0,50,-4904.999999999998,86.35101189999999,-4991.351011899998,DELTA_EXIT,CALL,-35642.91218114992,4785.6432662500165,40428.55544739994,development,2022-01-06 00:00:00+05:30,PUT,PUT,False,,,,-4991.351011899998,
2022-01-13,2022-01-07 09:20:00+05:30,2022-01-12 09:15:00+05:30,CALL,0.2517130227636919,0.6406428625190848,18100.0,18150.0,50,-5969.999999999997,126.7822258,-6096.782225799997,DELTA_EXIT,PUT,-41739.69440694992,4785.6432662500165,46525.33767319993,development,2022-01-13 00:00:00+05:30,CALL,CALL,False,,,,-6096.782225799997,
2022-01-13,2022-01-12 09:20:00+05:30,2022-01-13 09:32:00+05:30,PUT,-0.2274838819831633,-0.0399858482666274,18000.0,17950.0,50,2205.0000000000005,61.29168250000001,2143.7083175,DELTA_EXIT,PUT,-39595.98608944992,4785.6432662500165,44381.62935569993,development,2022-01-13 00:00:00+05:30,PUT,PUT,False,,,,2143.7083175,
2022-01-20,2022-01-14 09:20:00+05:30,2022-01-19 12:48:00+05:30,PUT,-0.2438304210607973,-0.514053296585621,17900.0,17850.0,50,-3359.9999999999945,105.6757432,-3465.6757431999945,DELTA_EXIT,CALL,-43061.66183264991,4785.6432662500165,47847.30509889992,development,2022-01-20 00:00:00+05:30,PUT,PUT,False,,,,-3465.6757431999945,
2022-01-20,2022-01-19 12:49:00+05:30,2022-01-20 11:20:00+05:30,CALL,0.210931338375063,0.0397184920044394,18050.0,18100.0,50,2174.999999999999,59.9047375,2115.095262499999,DELTA_EXIT,CALL,-40946.56657014991,4785.6432662500165,45732.209836399925,development,2022-01-20 00:00:00+05:30,CALL,CALL,False,,,,2115.095262499999,
2022-01-27,2022-01-21 09:20:00+05:30,2022-01-24 15:22:00+05:30,CALL,0.2477501985477134,0.0399295108386164,17850.0,17900.0,50,3435.000000000001,80.72940429999998,3354.2705957000007,DELTA_EXIT,CALL,-37592.29597444991,4785.6432662500165,42377.939240699925,development,2022-01-27 00:00:00+05:30,CALL,CALL,False,,,,3354.2705957000007,
2022-01-27,2022-01-24 15:23:00+05:30,2022-01-27 09:15:00+05:30,CALL,0.2467018293505801,0.0290195446619626,17400.0,17450.0,50,3165.0000000000014,74.9716369,3090.0283631000016,DELTA_EXIT,CALL,-34502.26761134991,4785.6432662500165,39287.91087759993,development,2022-01-27 00:00:00+05:30,CALL,CALL,False,,,,3090.0283631000016,
2022-02-03,2022-01-28 09:20:00+05:30,2022-02-02 11:49:00+05:30,CALL,0.2472694641461892,0.5043391875599783,17750.0,17800.0,50,-3464.999999999999,129.93899829999998,-3594.938998299999,DELTA_EXIT,PUT,-38097.20660964991,4785.6432662500165,42882.84987589993,development,2022-02-03 00:00:00+05:30,CALL,CALL,False,,,,-3594.938998299999,
2022-02-03,2022-02-02 11:50:00+05:30,2022-02-03 13:46:00+05:30,PUT,-0.2204817490743628,-0.5066316432575488,17600.0,17550.0,50,-3480.000000000001,70.96906,-3550.969060000001,DELTA_EXIT,CALL,-41648.17566964992,4785.6432662500165,46433.81893589993,development,2022-02-03 00:00:00+05:30,PUT,PUT,False,,,,-3550.969060000001,
2022-02-10,2022-02-04 09:20:00+05:30,2022-02-08 10:25:00+05:30,CALL,0.2650413553775375,0.0398075149932959,17750.0,17800.0,50,3900.000000000002,83.49976,3816.5002400000017,DELTA_EXIT,CALL,-37831.67542964991,4785.6432662500165,42617.31869589993,development,2022-02-10 00:00:00+05:30,CALL,CALL,False,,,,3816.5002400000017,
2022-02-10,2022-02-08 10:26:00+05:30,2022-02-09 09:23:00+05:30,CALL,0.2253303104291177,0.5197471608247755,17400.0,17450.0,50,-4154.999999999998,102.9450145,-4257.945014499998,DELTA_EXIT,PUT,-42089.62044414992,4785.6432662500165,46875.26371039993,development,2022-02-10 00:00:00+05:30,CALL,CALL,False,,,,-4257.945014499998,
2022-02-10,2022-02-09 09:24:00+05:30,2022-02-10 10:16:00+05:30,PUT,-0.2429481679477856,-0.0398007075110248,17250.0,17200.0,50,2310.000000000001,63.9824986,2246.017501400001,DELTA_EXIT,PUT,-39843.60294274992,4785.6432662500165,44629.24620899993,development,2022-02-10 00:00:00+05:30,PUT,PUT,False,,,,2246.017501400001,
2022-02-17,2022-02-11 09:20:00+05:30,2022-02-14 09:15:00+05:30,PUT,-0.2439529253991156,-0.6246007163833265,17150.0,17100.0,50,-4440.000000000004,195.4218304,-4635.421830400003,DELTA_EXIT,CALL,-44479.02477314992,4785.6432662500165,49264.668039399934,development,2022-02-17 00:00:00+05:30,PUT,PUT,False,,,,-4635.421830400003,
2022-02-17,2022-02-14 09:20:00+05:30,2022-02-15 14:01:00+05:30,CALL,0.2579808204342942,0.5014676202394759,17250.0,17300.0,50,-3225.000000000004,151.0941043,-3376.094104300004,DELTA_EXIT,PUT,-47855.11887744992,4785.6432662500165,52640.76214369994,development,2022-02-17 00:00:00+05:30,CALL,CALL,False,,,,-3376.094104300004,
2022-02-17,2022-02-15 14:02:00+05:30,2022-02-17 09:15:00+05:30,PUT,-0.2423352372027925,-0.0370393415011245,17000.0,16950.0,50,2445.000000000002,75.3086449,2369.6913551000016,DELTA_EXIT,PUT,-45485.42752234992,4785.6432662500165,50271.070788599936,development,2022-02-17 00:00:00+05:30,PUT,PUT,False,,,,2369.6913551000016,
2022-02-24,2022-02-18 09:20:00+05:30,2022-02-24 09:15:00+05:30,PUT,-0.2566154992708653,-0.828471963482851,16850.0,16800.0,50,-7245.000000000002,208.6018063,-7453.601806300002,DELTA_EXIT,CALL,-52939.02932864992,4785.6432662500165,57724.67259489994,development,2022-02-24 00:00:00+05:30,PUT,PUT,False,,,,-7453.601806300002,
2022-03-03,2022-02-25 09:20:00+05:30,2022-03-03 09:29:00+05:30,CALL,0.2411308474722704,0.0397320293859482,17000.0,17050.0,50,3135.000000000001,90.4516567,3044.548343300001,DELTA_EXIT,CALL,-49894.48098534992,4785.6432662500165,54680.12425159993,development,2022-03-03 00:00:00+05:30,CALL,CALL,False,,,,3044.548343300001,
2022-03-10,2022-03-04 09:20:00+05:30,2022-03-08 11:15:00+05:30,CALL,0.253642546150943,0.0398414070889593,16700.0,16750.0,50,3570.0000000000014,98.8629694,3471.1370306000013,DELTA_EXIT,CALL,-46423.34395474992,4785.6432662500165,51208.98722099993,development,2022-03-10 00:00:00+05:30,CALL,CALL,False,,,,3471.1370306000013,
2022-03-10,2022-03-08 11:16:00+05:30,2022-03-09 09:24:00+05:30,CALL,0.2658810124391775,0.5020934045037659,16100.0,16150.0,50,-3600.0,159.07151919999998,-3759.0715192,DELTA_EXIT,PUT,-50182.41547394991,4785.6432662500165,54968.05874019993,development,2022-03-10 00:00:00+05:30,CALL,CALL,False,,,,-3759.0715192,
2022-03-10,2022-03-09 09:25:00+05:30,2022-03-10 09:15:00+05:30,PUT,-0.2598984407428408,-0.0167538326236977,15850.0,15800.0,50,2969.9999999999995,82.14822940000002,2887.8517706,DELTA_EXIT,PUT,-47294.56370334992,4785.6432662500165,52080.20696959993,development,2022-03-10 00:00:00+05:30,PUT,PUT,False,,,,2887.8517706,
2022-03-17,2022-03-11 09:20:00+05:30,2022-03-16 09:24:00+05:30,PUT,-0.2597629215659567,-0.0397036645878854,16150.0,16100.0,50,2565.000000000004,106.57027809999998,2458.429721900004,DELTA_EXIT,PUT,-44836.13398144991,4785.6432662500165,49621.77724769992,development,2022-03-17 00:00:00+05:30,PUT,PUT,False,,,,2458.429721900004,
2022-03-17,2022-03-16 09:25:00+05:30,2022-03-17 09:15:00+05:30,PUT,-0.2543849967632345,-0.0250030118232739,16700.0,16650.0,50,2775.000000000002,74.9107327,2700.0892673000017,DELTA_EXIT,PUT,-42136.0447141499,4785.6432662500165,46921.68798039992,development,2022-03-17 00:00:00+05:30,PUT,PUT,False,,,,2700.0892673000017,
2022-03-24,2022-03-21 09:20:00+05:30,2022-03-24 11:03:00+05:30,PUT,-0.2546857531412543,-0.038956091320825,16950.0,16900.0,50,2820.000000000002,90.06855999999999,2729.9314400000017,DELTA_EXIT,PUT,-39406.1132741499,4785.6432662500165,44191.75654039992,development,2022-03-24 00:00:00+05:30,PUT,PUT,False,,,,2729.9314400000017,
2022-03-31,2022-03-25 09:20:00+05:30,2022-03-30 09:17:00+05:30,PUT,-0.2470206548255448,-0.0395965719116506,16900.0,16850.0,50,2595.000000000002,89.1334699,2505.866530100002,DELTA_EXIT,PUT,-36900.2467440499,4785.6432662500165,41685.89001029992,development,2022-03-31 00:00:00+05:30,PUT,PUT,False,,,,2505.866530100002,
2022-03-31,2022-03-30 09:20:00+05:30,2022-03-31 10:58:00+05:30,PUT,-0.2748587761242116,-0.039697087146223,17300.0,17250.0,50,1950.0,62.332016200000005,1887.6679838,DELTA_EXIT,PUT,-35012.578760249904,4785.6432662500165,39798.22202649992,development,2022-03-31 00:00:00+05:30,PUT,PUT,False,,,,1887.6679838,
2022-04-07,2022-04-01 09:20:00+05:30,2022-04-04 13:27:00+05:30,PUT,-0.2625566303746325,-0.0398554730818454,17200.0,17150.0,50,2805.0000000000027,90.1054381,2714.894561900003,DELTA_EXIT,PUT,-32297.6841983499,4785.6432662500165,37083.32746459992,development,2022-04-07 00:00:00+05:30,PUT,PUT,False,,,,2714.894561900003,
2022-04-07,2022-04-04 13:28:00+05:30,2022-04-06 10:39:00+05:30,PUT,-0.2528092835191738,-0.5204687727623302,17800.0,17750.0,50,-4079.999999999996,105.1583788,-4185.158378799996,DELTA_EXIT,CALL,-36482.842577149895,4785.6432662500165,41268.48584339991,development,2022-04-07 00:00:00+05:30,PUT,PUT,False,,,,-4185.158378799996,
2022-04-07,2022-04-06 10:40:00+05:30,2022-04-07 09:37:00+05:30,CALL,0.2316709035193535,0.0393164065870338,17950.0,18000.0,50,2294.9999999999995,62.6137963,2232.3862036999994,DELTA_EXIT,CALL,-34250.456373449895,4785.6432662500165,39036.09963969991,development,2022-04-07 00:00:00+05:30,CALL,CALL,False,,,,2232.3862036999994,
2022-04-13,2022-04-08 09:20:00+05:30,2022-04-12 11:37:00+05:30,CALL,0.2468924257409102,0.0394797007187219,17950.0,18000.0,50,3105.0000000000027,77.51690410000002,3027.483095900003,DELTA_EXIT,CALL,-31222.97327754989,4785.6432662500165,36008.61654379991,development,2022-04-13 00:00:00+05:30,CALL,CALL,False,,,,3027.483095900003,
2022-04-13,2022-04-12 11:38:00+05:30,2022-04-13 09:30:00+05:30,CALL,0.2274494675982504,0.5086847920408027,17650.0,17700.0,50,-3870.000000000001,73.71931659999998,-3943.719316600001,DELTA_EXIT,PUT,-35166.69259414989,4785.6432662500165,39952.33586039991,development,2022-04-13 00:00:00+05:30,CALL,CALL,False,,,,-3943.719316600001,
2022-04-21,2022-04-18 09:20:00+05:30,2022-04-19 15:08:00+05:30,PUT,-0.2554621517965274,-0.5188576732259647,16950.0,16900.0,50,-3929.999999999999,137.3108698,-4067.310869799999,DELTA_EXIT,CALL,-39234.00346394989,4785.6432662500165,44019.64673019991,development,2022-04-21 00:00:00+05:30,PUT,PUT,False,,,,-4067.310869799999,
2022-04-21,2022-04-19 15:09:00+05:30,2022-04-20 12:38:00+05:30,CALL,0.2613592699423888,0.5024744285200907,17150.0,17200.0,50,-4649.999999999996,102.94933420000002,-4752.949334199996,DELTA_EXIT,PUT,-43986.95279814989,4785.6432662500165,48772.59606439991,development,2022-04-21 00:00:00+05:30,CALL,CALL,False,,,,-4752.949334199996,
2022-04-21,2022-04-20 12:39:00+05:30,2022-04-21 10:35:00+05:30,PUT,-0.2275725393058241,-0.039019683223935,17000.0,16950.0,50,1979.9999999999995,62.4787432,1917.5212567999995,DELTA_EXIT,PUT,-42069.43154134989,4785.6432662500165,46855.07480759991,development,2022-04-21 00:00:00+05:30,PUT,PUT,False,,,,1917.5212567999995,
2022-04-28,2022-04-22 09:20:00+05:30,2022-04-25 09:16:00+05:30,PUT,-0.2613896701973131,-0.502810261503787,16950.0,16900.0,50,-3420.00000000001,158.07777399999998,-3578.07777400001,DELTA_EXIT,CALL,-45647.509315349904,4785.6432662500165,50433.15258159992,development,2022-04-28 00:00:00+05:30,PUT,PUT,False,,,,-3578.07777400001,
2022-04-28,2022-04-25 09:20:00+05:30,2022-04-26 15:07:00+05:30,CALL,0.2480475238703929,0.501074729483609,17200.0,17250.0,50,-4214.999999999997,116.54200210000002,-4331.542002099997,DELTA_EXIT,PUT,-49979.0513174499,4785.6432662500165,54764.69458369992,development,2022-04-28 00:00:00+05:30,CALL,CALL,False,,,,-4331.542002099997,
2022-04-28,2022-04-26 15:08:00+05:30,2022-04-27 09:40:00+05:30,PUT,-0.2535455162990498,-0.5057638162876463,17050.0,17000.0,50,-3989.999999999997,110.4216298,-4100.421629799997,DELTA_EXIT,CALL,-54079.472947249895,4785.6432662500165,58865.11621349991,development,2022-04-28 00:00:00+05:30,PUT,PUT,False,,,,-4100.421629799997,
2022-04-28,2022-04-27 09:41:00+05:30,2022-04-28 12:34:00+05:30,CALL,0.2539887013160495,0.5071106272122303,17200.0,17250.0,50,-2865.0000000000005,74.8588963,-2939.8588963000007,DELTA_EXIT,PUT,-57019.331843549895,4785.6432662500165,61804.97510979991,development,2022-04-28 00:00:00+05:30,CALL,CALL,False,,,,-2939.8588963000007,
2022-05-05,2022-04-29 09:20:00+05:30,2022-05-02 09:15:00+05:30,PUT,-0.2361755218851138,-0.6025600843701175,17050.0,17000.0,50,-5730.000000000007,169.3517626,-5899.351762600008,DELTA_EXIT,CALL,-62918.68360614991,4785.6432662500165,67704.32687239992,development,2022-05-05 00:00:00+05:30,PUT,PUT,False,,,,-5899.351762600008,
2022-05-05,2022-05-02 09:20:00+05:30,2022-05-05 09:15:00+05:30,CALL,0.2680954082896374,0.0267172673355601,17200.0,17250.0,50,3285.000000000001,76.6334005,3208.366599500001,DELTA_EXIT,CALL,-59710.3170066499,4785.6432662500165,64495.96027289992,development,2022-05-05 00:00:00+05:30,CALL,CALL,False,,,,3208.366599500001,
2022-05-12,2022-05-06 09:20:00+05:30,2022-05-11 09:45:00+05:30,CALL,0.2583472814537331,0.0398683313226367,16700.0,16750.0,50,3330.000000000001,84.7357654,3245.2642346000007,DELTA_EXIT,CALL,-56465.0527720499,4785.6432662500165,61250.69603829992,development,2022-05-12 00:00:00+05:30,CALL,CALL,False,,,,3245.2642346000007,
2022-05-12,2022-05-11 09:46:00+05:30,2022-05-12 09:15:00+05:30,CALL,0.2348744723733966,0.0245609578239293,16400.0,16450.0,50,3225.0000000000014,66.9142897,3158.085710300001,DELTA_EXIT,CALL,-53306.9670617499,4785.6432662500165,58092.61032799992,development,2022-05-12 00:00:00+05:30,CALL,CALL,False,,,,3158.085710300001,
2022-05-19,2022-05-13 09:20:00+05:30,2022-05-17 14:55:00+05:30,CALL,0.2622075713759374,0.5019548418584248,16250.0,16300.0,50,-3989.9999999999945,137.926909,-4127.926908999994,DELTA_EXIT,PUT,-57434.89397074989,4785.6432662500165,62220.53723699991,development,2022-05-19 00:00:00+05:30,CALL,CALL,False,,,,-4127.926908999994,
2022-05-19,2022-05-17 14:56:00+05:30,2022-05-19 09:15:00+05:30,PUT,-0.2354641434651829,-0.5396021358621597,16000.0,15950.0,50,-3929.999999999996,114.105013,-4044.105012999996,DELTA_EXIT,CALL,-61478.99898374989,4785.6432662500165,66264.6422499999,development,2022-05-19 00:00:00+05:30,PUT,PUT,False,,,,-4044.105012999996,
2022-05-26,2022-05-20 09:20:00+05:30,2022-05-23 13:30:00+05:30,CALL,0.2364324299536895,0.5025663473675022,16400.0,16450.0,50,-4320.000000000002,146.5929412,-4466.592941200001,DELTA_EXIT,PUT,-65945.59192494988,4785.6432662500165,70731.2351911999,development,2022-05-26 00:00:00+05:30,CALL,CALL,False,,,,-4466.592941200001,
2022-05-26,2022-05-23 13:31:00+05:30,2022-05-24 14:29:00+05:30,PUT,-0.23843566993679,-0.5003282305366157,16100.0,16050.0,50,-4754.999999999998,154.6351873,-4909.635187299999,DELTA_EXIT,CALL,-70855.22711224988,4785.6432662500165,75640.8703784999,development,2022-05-26 00:00:00+05:30,PUT,PUT,False,,,,-4909.635187299999,
2022-05-26,2022-05-24 14:30:00+05:30,2022-05-26 09:41:00+05:30,CALL,0.2415556729427986,0.0381663733986891,16300.0,16350.0,50,2985.000000000001,67.39409769999999,2917.6059023000007,DELTA_EXIT,CALL,-67937.62120994988,4785.6432662500165,72723.2644761999,development,2022-05-26 00:00:00+05:30,CALL,CALL,False,,,,2917.6059023000007,
2022-06-02,2022-05-27 09:20:00+05:30,2022-05-30 09:30:00+05:30,CALL,0.2469504231687638,0.5078349502721492,16600.0,16650.0,50,-3764.999999999997,144.6772435,-3909.677243499997,DELTA_EXIT,PUT,-71847.29845344988,4785.6432662500165,76632.9417196999,development,2022-06-02 00:00:00+05:30,CALL,CALL,False,,,,-3909.677243499997,
2022-06-02,2022-05-30 09:31:00+05:30,2022-06-02 13:34:00+05:30,PUT,-0.2519794977256009,-0.0344973150023644,16350.0,16300.0,50,3030.0000000000005,79.1895562,2950.8104438000005,DELTA_EXIT,PUT,-68896.48800964988,4785.6432662500165,73682.1312758999,development,2022-06-02 00:00:00+05:30,PUT,PUT,False,,,,2950.8104438000005,
2022-06-09,2022-06-03 09:20:00+05:30,2022-06-06 09:25:00+05:30,PUT,-0.2547282831373292,-0.50312055794755,16500.0,16450.0,50,-3524.999999999998,151.05997510000003,-3676.059975099998,DELTA_EXIT,CALL,-72572.54798474988,4785.6432662500165,77358.1912509999,development,2022-06-09 00:00:00+05:30,PUT,PUT,False,,,,-3676.059975099998,
2022-06-09,2022-06-06 09:26:00+05:30,2022-06-08 13:31:00+05:30,CALL,0.2386063747642374,0.0395007271199708,16750.0,16800.0,50,3120.0000000000014,73.4010868,3046.5989132000013,DELTA_EXIT,CALL,-69525.94907154988,4785.6432662500165,74311.5923377999,development,2022-06-09 00:00:00+05:30,CALL,CALL,False,,,,3046.5989132000013,
2022-06-09,2022-06-08 13:32:00+05:30,2022-06-09 13:07:00+05:30,CALL,0.2505294722480597,0.0386465274420735,16500.0,16550.0,50,2849.999999999999,62.04855820000001,2787.951441799999,DELTA_EXIT,CALL,-66737.99762974988,4785.6432662500165,71523.6408959999,development,2022-06-09 00:00:00+05:30,CALL,CALL,False,,,,2787.951441799999,
2022-06-16,2022-06-10 09:20:00+05:30,2022-06-13 09:27:00+05:30,CALL,0.2608264066073524,0.0398332989768315,16550.0,16600.0,50,3390.0000000000014,79.5998206,3310.400179400001,DELTA_EXIT,CALL,-63427.59745034988,4785.6432662500165,68213.2407165999,development,2022-06-16 00:00:00+05:30,CALL,CALL,False,,,,3310.400179400001,
2022-06-16,2022-06-13 09:28:00+05:30,2022-06-16 09:42:00+05:30,CALL,0.2563575413463419,0.0396874038316699,16050.0,16100.0,50,3075.000000000002,77.37017709999999,2997.6298229000017,DELTA_EXIT,CALL,-60429.96762744988,4785.6432662500165,65215.61089369989,development,2022-06-16 00:00:00+05:30,CALL,CALL,False,,,,2997.6298229000017,
2022-06-23,2022-06-17 09:20:00+05:30,2022-06-21 12:49:00+05:30,CALL,0.234939541669086,0.5014541405115598,15650.0,15700.0,50,-4274.999999999996,133.17063370000002,-4408.170633699996,DELTA_EXIT,PUT,-64838.13826114987,4785.6432662500165,69623.78152739989,development,2022-06-23 00:00:00+05:30,CALL,CALL,False,,,,-4408.170633699996,
2022-06-23,2022-06-21 12:50:00+05:30,2022-06-22 10:03:00+05:30,PUT,-0.2672643448745904,-0.5123126218361331,15450.0,15400.0,50,-2954.9999999999964,116.5310065,-3071.531006499996,DELTA_EXIT,CALL,-67909.66926764986,4785.6432662500165,72695.31253389988,development,2022-06-23 00:00:00+05:30,PUT,PUT,False,,,,-3071.531006499996,
2022-06-23,2022-06-22 10:04:00+05:30,2022-06-23 10:22:00+05:30,CALL,0.2261278214804833,0.5052147537209326,15600.0,15650.0,50,-4289.999999999999,80.18130219999999,-4370.181302199999,DELTA_EXIT,PUT,-72279.85056984986,4785.6432662500165,77065.49383609988,development,2022-06-23 00:00:00+05:30,CALL,CALL,False,,,,-4370.181302199999,
2022-06-30,2022-06-24 09:20:00+05:30,2022-06-30 09:15:00+05:30,PUT,-0.2583524473320631,-0.0384493252101277,15450.0,15400.0,50,2715.000000000004,86.93677749999999,2628.063222500004,DELTA_EXIT,PUT,-69651.78734734986,4785.6432662500165,74437.43061359988,development,2022-06-30 00:00:00+05:30,PUT,PUT,False,,,,2628.063222500004,
2022-07-07,2022-07-01 09:20:00+05:30,2022-07-05 09:55:00+05:30,PUT,-0.2431413603302413,-0.0397233344539577,15350.0,15300.0,50,2865.0000000000014,88.8279493,2776.1720507000014,DELTA_EXIT,PUT,-66875.61529664986,4785.6432662500165,71661.25856289988,development,2022-07-07 00:00:00+05:30,PUT,PUT,False,,,,2776.1720507000014,
2022-07-07,2022-07-05 09:56:00+05:30,2022-07-07 09:15:00+05:30,PUT,-0.2272958731213379,-0.0373610338210701,15750.0,15700.0,50,2385.000000000001,69.0345841,2315.965415900001,DELTA_EXIT,PUT,-64559.649880749865,4785.6432662500165,69345.29314699989,development,2022-07-07 00:00:00+05:30,PUT,PUT,False,,,,2315.965415900001,
2022-07-14,2022-07-08 09:20:00+05:30,2022-07-14 12:03:00+05:30,PUT,-0.2550846727048617,-0.5072957012924825,15950.0,15900.0,50,-3224.999999999996,96.6347539,-3321.634753899996,DELTA_EXIT,CALL,-67881.28463464986,4785.6432662500165,72666.92790089987,development,2022-07-14 00:00:00+05:30,PUT,PUT,False,,,,-3321.634753899996,
2022-07-21,2022-07-15 09:20:00+05:30,2022-07-18 14:48:00+05:30,CALL,0.2349741457900467,0.5014755587399594,16250.0,16300.0,50,-4274.999999999998,114.51224290000005,-4389.512242899999,DELTA_EXIT,PUT,-72270.79687754986,4785.6432662500165,77056.44014379987,development,2022-07-21 00:00:00+05:30,CALL,CALL,False,,,,-4389.512242899999,
2022-07-21,2022-07-18 14:49:00+05:30,2022-07-20 10:36:00+05:30,PUT,-0.2679773171966524,-0.0386316721962054,16100.0,16050.0,50,2759.9999999999995,69.9591784,2690.0408216,DELTA_EXIT,PUT,-69580.75605594987,4785.6432662500165,74366.39932219988,development,2022-07-21 00:00:00+05:30,PUT,PUT,False,,,,2690.0408216,
2022-07-21,2022-07-20 10:37:00+05:30,2022-07-21 14:15:00+05:30,PUT,-0.2826278634556279,-0.0337081683789648,16450.0,16400.0,50,2880.0000000000005,62.8842952,2817.1157048000005,DELTA_EXIT,PUT,-66763.64035114986,4785.6432662500165,71549.28361739988,development,2022-07-21 00:00:00+05:30,PUT,PUT,False,,,,2817.1157048000005,
2022-07-28,2022-07-22 09:20:00+05:30,2022-07-27 09:29:00+05:30,PUT,-0.2478126857291653,-0.5064408968582708,16450.0,16400.0,50,-3614.999999999997,113.4132541,-3728.413254099997,DELTA_EXIT,CALL,-70492.05360524986,4785.6432662500165,75277.69687149988,development,2022-07-28 00:00:00+05:30,PUT,PUT,False,,,,-3728.413254099997,
2022-07-28,2022-07-27 09:30:00+05:30,2022-07-27 13:00:00+05:30,CALL,0.2098481543586279,0.5093556572252904,16600.0,16650.0,50,-5129.999999999996,98.2866286,-5228.286628599996,DELTA_EXIT,PUT,-75720.34023384986,4785.6432662500165,80505.98350009987,development,2022-07-28 00:00:00+05:30,CALL,CALL,False,,,,-5228.286628599996,
2022-07-28,2022-07-27 13:01:00+05:30,2022-07-28 09:15:00+05:30,PUT,-0.2438287819410949,-0.0323019417308105,16450.0,16400.0,50,2519.9999999999995,64.4308192,2455.5691808,DELTA_EXIT,PUT,-73264.77105304986,4785.6432662500165,78050.41431929987,development,2022-07-28 00:00:00+05:30,PUT,PUT,False,,,,2455.5691808,
2022-08-04,2022-07-29 09:20:00+05:30,2022-08-03 15:00:00+05:30,PUT,-0.2681930512744812,-0.038211884248691,16900.0,16850.0,50,2865.000000000004,78.4927993,2786.5072007000035,DELTA_EXIT,PUT,-70478.26385234986,4785.6432662500165,75263.90711859988,development,2022-08-04 00:00:00+05:30,PUT,PUT,False,,,,2786.5072007000035,
2022-08-04,2022-08-03 15:01:00+05:30,2022-08-04 11:43:00+05:30,PUT,-0.2677112783597487,-0.5050095370578103,17250.0,17200.0,50,-3285.0,89.6716831,-3374.6716831,DELTA_EXIT,CALL,-73852.93553544985,4785.6432662500165,78638.57880169987,development,2022-08-04 00:00:00+05:30,PUT,PUT,False,,,,-3374.6716831,
2022-08-11,2022-08-05 09:20:00+05:30,2022-08-11 09:16:00+05:30,CALL,0.2453115073072598,0.5053899718325991,17700.0,17750.0,50,-3149.999999999996,97.00157139999996,-3247.001571399996,DELTA_EXIT,PUT,-77099.93710684984,4785.6432662500165,81885.58037309986,development,2022-08-11 00:00:00+05:30,CALL,CALL,False,,,,-3247.001571399996,
2022-08-18,2022-08-12 09:20:00+05:30,2022-08-17 10:33:00+05:30,PUT,-0.2701354456666121,-0.0389298506995811,17450.0,17400.0,50,2985.000000000001,76.8748753,2908.125124700001,DELTA_EXIT,PUT,-74191.81198214984,4785.6432662500165,78977.45524839986,development,2022-08-18 00:00:00+05:30,PUT,PUT,False,,,,2908.125124700001,
2022-08-18,2022-08-17 10:34:00+05:30,2022-08-18 14:15:00+05:30,PUT,-0.2480819442795868,-0.0398795720310137,17800.0,17750.0,50,2189.999999999999,60.5568694,2129.443130599999,DELTA_EXIT,PUT,-72062.36885154984,4785.6432662500165,76848.01211779985,development,2022-08-18 00:00:00+05:30,PUT,PUT,False,,,,2129.443130599999,
2022-08-25,2022-08-19 09:20:00+05:30,2022-08-19 12:29:00+05:30,PUT,-0.2510132853684474,-0.5029606406528696,17750.0,17700.0,50,-3960.0000000000055,141.1879612,-4101.187961200006,DELTA_EXIT,CALL,-76163.55681274984,4785.6432662500165,80949.20007899986,development,2022-08-25 00:00:00+05:30,PUT,PUT,False,,,,-4101.187961200006,
2022-08-25,2022-08-19 12:30:00+05:30,2022-08-23 09:15:00+05:30,CALL,0.2349428478770563,0.0363577926323441,18000.0,18050.0,50,3105.0000000000027,74.12697490000001,3030.873025100003,DELTA_EXIT,CALL,-73132.68378764983,4785.6432662500165,77918.32705389985,development,2022-08-25 00:00:00+05:30,CALL,CALL,False,,,,3030.873025100003,
2022-08-25,2022-08-23 09:20:00+05:30,2022-08-23 09:51:00+05:30,CALL,0.278764624948659,0.5154044508850619,17550.0,17600.0,50,-3974.999999999996,117.68825769999998,-4092.688257699996,DELTA_EXIT,PUT,-77225.37204534982,4785.6432662500165,82011.01531159984,development,2022-08-25 00:00:00+05:30,CALL,CALL,False,,,,-4092.688257699996,
2022-08-25,2022-08-23 09:52:00+05:30,2022-08-25 09:33:00+05:30,PUT,-0.2560099241988647,-0.0395848962746361,17400.0,17350.0,50,2684.999999999998,68.6277469,2616.3722530999985,DELTA_EXIT,PUT,-74608.99979224983,4785.6432662500165,79394.64305849985,development,2022-08-25 00:00:00+05:30,PUT,PUT,False,,,,2616.3722530999985,
2022-09-01,2022-08-26 09:20:00+05:30,2022-08-29 09:15:00+05:30,PUT,-0.2335772078773101,-0.7682470968977158,17400.0,17350.0,50,-6705.000000000007,184.0683379,-6889.068337900008,DELTA_EXIT,CALL,-81498.06813014984,4785.6432662500165,86283.71139639986,development,2022-09-01 00:00:00+05:30,PUT,PUT,False,,,,-6889.068337900008,
2022-09-01,2022-08-29 09:20:00+05:30,2022-08-30 09:20:00+05:30,CALL,0.2340846003247974,0.5168882054918018,17450.0,17500.0,50,-3839.999999999997,109.170916,-3949.170915999997,DELTA_EXIT,PUT,-85447.23904614984,4785.6432662500165,90232.88231239986,development,2022-09-01 00:00:00+05:30,CALL,CALL,False,,,,-3949.170915999997,
2022-09-01,2022-08-30 09:21:00+05:30,2022-09-01 10:08:00+05:30,PUT,-0.2477175821754027,-0.0390067967731481,17300.0,17250.0,50,2430.0000000000005,66.80179899999999,2363.1982010000006,DELTA_EXIT,PUT,-83084.04084514984,4785.6432662500165,87869.68411139985,development,2022-09-01 00:00:00+05:30,PUT,PUT,False,,,,2363.1982010000006,
2022-09-08,2022-09-02 09:20:00+05:30,2022-09-08 09:15:00+05:30,PUT,-0.2523293916812998,-0.019525186500232,17300.0,17250.0,50,2939.999999999999,83.5724452,2856.427554799999,DELTA_EXIT,PUT,-80227.61329034984,4785.6432662500165,85013.25655659985,development,2022-09-08 00:00:00+05:30,PUT,PUT,False,,,,2856.427554799999,
2022-09-15,2022-09-09 09:20:00+05:30,2022-09-15 09:15:00+05:30,PUT,-0.2453384980437043,-0.0243652309468791,17650.0,17600.0,50,2775.000000000002,75.3241387,2699.675861300002,DELTA_EXIT,PUT,-77527.93742904984,4785.6432662500165,82313.58069529985,development,2022-09-15 00:00:00+05:30,PUT,PUT,False,,,,2699.675861300002,
2022-09-22,2022-09-16 09:20:00+05:30,2022-09-19 09:22:00+05:30,PUT,-0.2561034026052122,-0.5053793000691909,17500.0,17450.0,50,-3930.000000000002,162.7766794,-4092.776679400002,DELTA_EXIT,CALL,-81620.71410844984,4785.6432662500165,86406.35737469986,development,2022-09-22 00:00:00+05:30,PUT,PUT,False,,,,-4092.776679400002,
2022-09-22,2022-09-19 09:23:00+05:30,2022-09-20 09:15:00+05:30,CALL,0.2506850780469434,0.5456918332011469,17750.0,17800.0,50,-4335.000000000001,140.81457490000005,-4475.814574900001,DELTA_EXIT,PUT,-86096.52868334984,4785.6432662500165,90882.17194959984,development,2022-09-22 00:00:00+05:30,CALL,CALL,False,,,,-4475.814574900001,
2022-09-22,2022-09-20 09:20:00+05:30,2022-09-22 09:16:00+05:30,PUT,-0.2644790129125687,-0.5148557246228749,17600.0,17550.0,50,-3494.999999999999,115.6537861,-3610.6537860999993,DELTA_EXIT,CALL,-89707.18246944984,4785.6432662500165,94492.82573569984,development,2022-09-22 00:00:00+05:30,PUT,PUT,False,,,,-3610.6537860999993,
2022-09-29,2022-09-23 09:20:00+05:30,2022-09-26 11:45:00+05:30,CALL,0.2357866474481663,0.0399685594225605,17850.0,17900.0,50,3225.000000000002,79.4267113,3145.5732887000017,DELTA_EXIT,CALL,-86561.60918074983,4785.6432662500165,91347.25244699985,development,2022-09-29 00:00:00+05:30,CALL,CALL,False,,,,3145.5732887000017,
2022-09-29,2022-09-26 11:46:00+05:30,2022-09-28 14:43:00+05:30,CALL,0.2426021877952608,0.0398482117525069,17300.0,17350.0,50,2835.000000000003,77.7397435,2757.2602565000034,DELTA_EXIT,CALL,-83804.34892424983,4785.6432662500165,88589.99219049985,development,2022-09-29 00:00:00+05:30,CALL,CALL,False,,,,2757.2602565000034,
2022-09-29,2022-09-28 14:44:00+05:30,2022-09-29 13:19:00+05:30,CALL,0.2185963655085532,0.038278670992137,17050.0,17100.0,50,2414.999999999999,60.0312583,2354.968741699999,DELTA_EXIT,CALL,-81449.38018254984,4785.6432662500165,86235.02344879985,development,2022-09-29 00:00:00+05:30,CALL,CALL,False,,,,2354.968741699999,
2022-10-06,2022-09-30 09:20:00+05:30,2022-09-30 12:41:00+05:30,CALL,0.2509150842072781,0.5001844960826037,17100.0,17150.0,50,-4125.000000000008,165.1302019,-4290.130201900009,DELTA_EXIT,PUT,-85739.51038444985,4785.6432662500165,90525.15365069988,development,2022-10-06 00:00:00+05:30,CALL,CALL,False,,,,-4290.130201900009,
2022-10-06,2022-09-30 12:42:00+05:30,2022-10-06 09:15:00+05:30,PUT,-0.2605405528800559,-0.0120400712596112,16800.0,16750.0,50,3060.000000000003,86.41930599999999,2973.5806940000034,DELTA_EXIT,PUT,-82765.92969044985,4785.6432662500165,87551.57295669986,development,2022-10-06 00:00:00+05:30,PUT,PUT,False,,,,2973.5806940000034,
2022-10-13,2022-10-07 09:20:00+05:30,2022-10-11 15:01:00+05:30,PUT,-0.2327421683284711,-0.5042051571175645,17000.0,16950.0,50,-4154.999999999998,131.35978690000002,-4286.359786899999,DELTA_EXIT,CALL,-87052.28947734984,4785.6432662500165,91837.93274359986,development,2022-10-13 00:00:00+05:30,PUT,PUT,False,,,,-4286.359786899999,
2022-10-13,2022-10-11 15:02:00+05:30,2022-10-13 11:58:00+05:30,CALL,0.2558717988723953,0.0396688485940766,17200.0,17250.0,50,3120.000000000001,70.61748639999999,3049.382513600001,DELTA_EXIT,CALL,-84002.90696374985,4785.6432662500165,88788.55022999986,development,2022-10-13 00:00:00+05:30,CALL,CALL,False,,,,3049.382513600001,
2022-10-20,2022-10-14 09:20:00+05:30,2022-10-19 09:16:00+05:30,CALL,0.2674173415599914,0.5011096839067999,17550.0,17600.0,50,-2984.999999999998,108.0610387,-3093.061038699999,DELTA_EXIT,PUT,-87095.96800244985,4785.6432662500165,91881.61126869988,development,2022-10-20 00:00:00+05:30,CALL,CALL,False,,,,-3093.061038699999,
2022-10-20,2022-10-19 09:20:00+05:30,2022-10-20 14:30:00+05:30,PUT,-0.2195333744738207,-0.0348130862763477,17400.0,17350.0,50,2069.9999999999995,61.04481700000001,2008.955183,DELTA_EXIT,PUT,-85087.01281944985,4785.6432662500165,89872.65608569987,development,2022-10-20 00:00:00+05:30,PUT,PUT,False,,,,2008.955183,
2022-10-27,2022-10-21 09:20:00+05:30,2022-10-27 09:15:00+05:30,PUT,-0.2367843431500516,-0.0195807225455958,17400.0,17350.0,50,2880.0000000000027,71.5933816,2808.4066184000026,DELTA_EXIT,PUT,-82278.60620104986,4785.6432662500165,87064.24946729987,development,2022-10-27 00:00:00+05:30,PUT,PUT,False,,,,2808.4066184000026,
2022-11-03,2022-10-28 09:20:00+05:30,2022-11-01 09:15:00+05:30,PUT,-0.2393831707635783,-0.0390716163949267,17550.0,17500.0,50,2505.0000000000005,75.82258209999999,2429.1774179000004,DELTA_EXIT,PUT,-79849.42878314985,4785.6432662500165,84635.07204939987,development,2022-11-03 00:00:00+05:30,PUT,PUT,False,,,,2429.1774179000004,
2022-11-03,2022-11-01 09:20:00+05:30,2022-11-03 14:51:00+05:30,PUT,-0.2730019284843215,-0.0351836109651497,17950.0,17900.0,50,2550.000000000002,68.1879586,2481.812041400002,DELTA_EXIT,PUT,-77367.61674174985,4785.6432662500165,82153.26000799987,development,2022-11-03 00:00:00+05:30,PUT,PUT,False,,,,2481.812041400002,
2022-11-10,2022-11-04 09:20:00+05:30,2022-11-09 09:16:00+05:30,PUT,-0.2306773844015447,-0.0399555651536839,17850.0,17800.0,50,2400.000000000002,71.6435044,2328.356495600002,DELTA_EXIT,PUT,-75039.26024614985,4785.6432662500165,79824.90351239986,development,2022-11-10 00:00:00+05:30,PUT,PUT,False,,,,2328.356495600002,
2022-11-10,2022-11-09 09:20:00+05:30,2022-11-09 14:44:00+05:30,PUT,-0.2542104077865595,-0.5142423823720954,18150.0,18100.0,50,-3509.9999999999955,84.1615666,-3594.1615665999952,DELTA_EXIT,CALL,-78633.42181274985,4785.6432662500165,83419.06507899986,development,2022-11-10 00:00:00+05:30,PUT,PUT,False,,,,-3594.1615665999952,
2022-11-10,2022-11-09 14:45:00+05:30,2022-11-10 10:09:00+05:30,CALL,0.2574345794287553,0.0386940461676279,18250.0,18300.0,50,3015.0000000000005,60.2373187,2954.7626813000006,DELTA_EXIT,CALL,-75678.65913144985,4785.6432662500165,80464.30239769987,development,2022-11-10 00:00:00+05:30,CALL,CALL,False,,,,2954.7626813000006,
2022-11-17,2022-11-11 09:20:00+05:30,2022-11-17 12:00:00+05:30,CALL,0.238238262804709,0.0390528061227921,18500.0,18550.0,50,3300.0000000000014,67.58427160000001,3232.415728400001,DELTA_EXIT,CALL,-72446.24340304986,4785.6432662500165,77231.88666929987,development,2022-11-17 00:00:00+05:30,CALL,CALL,False,,,,3232.415728400001,
2022-11-24,2022-11-18 09:20:00+05:30,2022-11-22 14:22:00+05:30,CALL,0.2409697162705155,0.0399290322070607,18550.0,18600.0,50,3300.0,68.5488856,3231.4511144,DELTA_EXIT,CALL,-69214.79228864986,4785.6432662500165,74000.43555489987,development,2022-11-24 00:00:00+05:30,CALL,CALL,False,,,,3231.4511144,
2022-11-24,2022-11-22 14:23:00+05:30,2022-11-24 10:08:00+05:30,CALL,0.2291542676167599,0.5075973808201257,18350.0,18400.0,50,-2265.000000000001,66.5763535,-2331.576353500001,DELTA_EXIT,PUT,-71546.36864214986,4785.6432662500165,76332.01190839987,development,2022-11-24 00:00:00+05:30,CALL,CALL,False,,,,-2331.576353500001,
2022-12-01,2022-11-25 09:20:00+05:30,2022-11-30 14:00:00+05:30,PUT,-0.2318279164662334,-0.0393890351200535,18300.0,18250.0,50,2310.000000000001,65.66368299999999,2244.336317000001,DELTA_EXIT,PUT,-69302.03232514986,4785.6432662500165,74087.67559139988,development,2022-12-01 00:00:00+05:30,PUT,PUT,False,,,,2244.336317000001,
2022-12-01,2022-11-30 14:01:00+05:30,2022-12-01 09:15:00+05:30,PUT,-0.1996401458499574,-0.0312674412926006,18550.0,18500.0,50,1364.9999999999995,55.7777461,1309.2222538999995,DELTA_EXIT,PUT,-67992.81007124987,4785.6432662500165,72778.45333749989,development,2022-12-01 00:00:00+05:30,PUT,PUT,False,,,,1309.2222538999995,
2022-12-08,2022-12-02 09:20:00+05:30,2022-12-05 10:03:00+05:30,PUT,-0.2733171263395668,-0.5017804232313094,18600.0,18550.0,50,-3104.999999999996,107.44657030000002,-3212.446570299996,DELTA_EXIT,CALL,-71205.25664154987,4785.6432662500165,75990.89990779989,development,2022-12-08 00:00:00+05:30,PUT,PUT,False,,,,-3212.446570299996,
2022-12-08,2022-12-05 10:04:00+05:30,2022-12-08 09:18:00+05:30,CALL,0.2366948784218399,0.0398415474077459,18800.0,18850.0,50,2835.000000000002,66.6053419,2768.394658100002,DELTA_EXIT,CALL,-68436.86198344987,4785.6432662500165,73222.50524969988,development,2022-12-08 00:00:00+05:30,CALL,CALL,False,,,,2768.394658100002,
2022-12-15,2022-12-09 09:20:00+05:30,2022-12-15 09:15:00+05:30,CALL,0.2292467540370186,0.0322383139574005,18850.0,18900.0,50,3195.000000000001,65.1414991,3129.8585009000008,DELTA_EXIT,CALL,-65307.003482549866,4785.6432662500165,70092.64674879989,development,2022-12-15 00:00:00+05:30,CALL,CALL,False,,,,3129.8585009000008,
2022-12-22,2022-12-16 09:20:00+05:30,2022-12-22 09:25:00+05:30,CALL,0.2537369613036939,0.0389367073862011,18550.0,18600.0,50,3270.0000000000014,69.7801786,3200.2198214000014,DELTA_EXIT,CALL,-62106.78366114986,4785.6432662500165,66892.42692739988,development,2022-12-22 00:00:00+05:30,CALL,CALL,False,,,,3200.2198214000014,
2022-12-29,2022-12-23 09:20:00+05:30,2022-12-29 09:20:00+05:30,CALL,0.2678151874130129,0.0398715301861682,18250.0,18300.0,50,4079.999999999999,79.694854,4000.305145999999,DELTA_EXIT,CALL,-58106.478515149865,4785.6432662500165,62892.12178139988,development,2022-12-29 00:00:00+05:30,CALL,CALL,False,,,,4000.305145999999,
2023-01-05,2022-12-30 09:20:00+05:30,2023-01-04 14:19:00+05:30,CALL,0.233182070386631,0.0397174239211326,18450.0,18500.0,50,3045.000000000002,68.1560785,2976.8439215000017,DELTA_EXIT,CALL,-55129.63459364986,4785.6432662500165,59915.27785989988,development,2023-01-05 00:00:00+05:30,CALL,CALL,False,,,,2976.8439215000017,
2023-01-05,2023-01-04 14:20:00+05:30,2023-01-05 13:17:00+05:30,CALL,0.2635451451177879,0.0383822388154583,18200.0,18250.0,50,2759.9999999999995,60.2303572,2699.7696427999995,DELTA_EXIT,CALL,-52429.86495084986,4785.6432662500165,57215.50821709988,development,2023-01-05 00:00:00+05:30,CALL,CALL,False,,,,2699.7696427999995,
2023-01-12,2023-01-06 09:20:00+05:30,2023-01-12 09:28:00+05:30,CALL,0.2467459813263186,0.0388058412663552,18200.0,18250.0,50,3195.0000000000014,71.09454550000001,3123.9054545000013,DELTA_EXIT,CALL,-49305.95949634986,4785.6432662500165,54091.60276259988,development,2023-01-12 00:00:00+05:30,CALL,CALL,False,,,,3123.9054545000013,
2023-01-19,2023-01-13 09:20:00+05:30,2023-01-17 15:07:00+05:30,CALL,0.2605101987563315,0.5039942069782603,18050.0,18100.0,50,-3809.9999999999945,109.0695994,-3919.0695993999934,DELTA_EXIT,PUT,-53225.02909574985,4785.6432662500165,58010.67236199987,development,2023-01-19 00:00:00+05:30,CALL,CALL,False,,,,-3919.0695993999934,
2023-01-19,2023-01-17 15:08:00+05:30,2023-01-19 11:03:00+05:30,PUT,-0.215187113153831,-0.0396639299967731,17900.0,17850.0,50,1875.000000000001,60.1462123,1814.8537877000008,DELTA_EXIT,PUT,-51410.17530804985,4785.6432662500165,56195.81857429987,development,2023-01-19 00:00:00+05:30,PUT,PUT,False,,,,1814.8537877000008,
2023-01-25,2023-01-20 09:20:00+05:30,2023-01-25 11:23:00+05:30,PUT,-0.2262980526513855,-0.519993034041879,17900.0,17850.0,50,-4184.999999999998,76.78126990000001,-4261.781269899998,DELTA_EXIT,CALL,-55671.95657794985,4785.6432662500165,60457.59984419987,development,2023-01-25 00:00:00+05:30,PUT,PUT,False,,,,-4261.781269899998,
2023-02-02,2023-01-27 09:20:00+05:30,2023-02-01 14:18:00+05:30,CALL,0.2463148165896619,0.0396773580989439,18150.0,18200.0,50,3420.000000000004,85.42399,3334.5760100000043,DELTA_EXIT,CALL,-52337.38056794985,4785.6432662500165,57123.02383419986,development,2023-02-02 00:00:00+05:30,CALL,CALL,False,,,,3334.5760100000043,
2023-02-02,2023-02-01 14:19:00+05:30,2023-02-02 12:30:00+05:30,CALL,0.2415496824997776,0.0387394937069163,17800.0,17850.0,50,2340.0000000000014,64.8182356,2275.181764400001,DELTA_EXIT,CALL,-50062.19880354984,4785.6432662500165,54847.84206979986,development,2023-02-02 00:00:00+05:30,CALL,CALL,False,,,,2275.181764400001,
2023-02-09,2023-02-03 09:20:00+05:30,2023-02-09 15:01:00+05:30,CALL,0.2362797293013336,0.0283625319438871,17950.0,18000.0,50,3300.000000000002,70.7261572,3229.2738428000016,DELTA_EXIT,CALL,-46832.92496074984,4785.6432662500165,51618.56822699986,development,2023-02-09 00:00:00+05:30,CALL,CALL,False,,,,3229.2738428000016,
2023-02-16,2023-02-10 09:20:00+05:30,2023-02-15 15:04:00+05:30,CALL,0.2644697674413819,0.5171584710831487,18000.0,18050.0,50,-3329.999999999999,85.5655762,-3415.565576199999,DELTA_EXIT,PUT,-50248.490536949845,4785.6432662500165,55034.13380319986,development,2023-02-16 00:00:00+05:30,CALL,CALL,False,,,,-3415.565576199999,
2023-02-16,2023-02-15 15:05:00+05:30,2023-02-16 10:48:00+05:30,PUT,-0.2128015625322092,-0.0397127338648231,17900.0,17850.0,50,1649.999999999999,56.01411579999999,1593.9858841999994,DELTA_EXIT,PUT,-48654.50465274985,4785.6432662500165,53440.14791899986,development,2023-02-16 00:00:00+05:30,PUT,PUT,False,,,,1593.9858841999994,
2023-02-23,2023-02-17 09:20:00+05:30,2023-02-22 09:15:00+05:30,PUT,-0.2539755846399116,-0.6357121844956761,17800.0,17750.0,50,-5369.999999999997,107.88892900000002,-5477.888928999997,DELTA_EXIT,CALL,-54132.39358174984,4785.6432662500165,58918.03684799986,development,2023-02-23 00:00:00+05:30,PUT,PUT,False,,,,-5477.888928999997,
2023-02-23,2023-02-22 09:20:00+05:30,2023-02-23 09:16:00+05:30,CALL,0.2506042565461412,0.0342213718940558,17850.0,17900.0,50,2564.999999999999,60.4892893,2504.510710699999,DELTA_EXIT,CALL,-51627.88287104984,4785.6432662500165,56413.52613729986,development,2023-02-23 00:00:00+05:30,CALL,CALL,False,,,,2504.510710699999,
2023-03-02,2023-02-24 09:20:00+05:30,2023-02-28 10:43:00+05:30,CALL,0.2333984482810038,0.0398545920608028,17800.0,17850.0,50,2955.0000000000027,68.0190619,2886.9809381000027,DELTA_EXIT,CALL,-48740.90193294984,4785.6432662500165,53526.545199199856,development,2023-03-02 00:00:00+05:30,CALL,CALL,False,,,,2886.9809381000027,
2023-03-02,2023-02-28 10:44:00+05:30,2023-03-02 13:03:00+05:30,CALL,0.2556012379956616,0.0353853745880556,17500.0,17550.0,50,2775.0,63.059760700000005,2711.9402393,DELTA_EXIT,CALL,-46028.96169364984,4785.6432662500165,50814.60495989986,development,2023-03-02 00:00:00+05:30,CALL,CALL,False,,,,2711.9402393,
2023-03-09,2023-03-03 09:20:00+05:30,2023-03-03 13:43:00+05:30,CALL,0.2537168587589729,0.5032366485655368,17600.0,17650.0,50,-3989.9999999999945,100.19672140000002,-4090.196721399994,DELTA_EXIT,PUT,-50119.15841504984,4785.6432662500165,54904.801681299854,development,2023-03-09 00:00:00+05:30,CALL,CALL,False,,,,-4090.196721399994,
2023-03-09,2023-03-03 13:44:00+05:30,2023-03-09 09:15:00+05:30,PUT,-0.2458239131457216,-0.0284710816592694,17450.0,17400.0,50,2429.999999999999,64.734769,2365.265230999999,DELTA_EXIT,PUT,-47753.89318404984,4785.6432662500165,52539.53645029986,development,2023-03-09 00:00:00+05:30,PUT,PUT,False,,,,2365.265230999999,
2023-03-16,2023-03-10 09:20:00+05:30,2023-03-13 14:08:00+05:30,PUT,-0.2532744063855692,-0.5003602744132025,17200.0,17150.0,50,-3794.999999999996,120.24980409999998,-3915.2498040999953,DELTA_EXIT,CALL,-51669.14298814983,4785.6432662500165,56454.78625439985,development,2023-03-16 00:00:00+05:30,PUT,PUT,False,,,,-3915.2498040999953,
2023-03-16,2023-03-13 14:09:00+05:30,2023-03-15 14:36:00+05:30,CALL,0.2401032405101766,0.0396224124947377,17400.0,17450.0,50,2715.0000000000005,67.6996183,2647.3003817000003,DELTA_EXIT,CALL,-49021.84260644984,4785.6432662500165,53807.48587269985,development,2023-03-16 00:00:00+05:30,CALL,CALL,False,,,,2647.3003817000003,
2023-03-16,2023-03-15 14:37:00+05:30,2023-03-16 10:05:00+05:30,CALL,0.2391001810739115,0.038466914261081,17150.0,17200.0,50,2519.999999999999,59.525068000000005,2460.474931999999,DELTA_EXIT,CALL,-46561.36767444984,4785.6432662500165,51347.01094069985,development,2023-03-16 00:00:00+05:30,CALL,CALL,False,,,,2460.474931999999,
2023-03-23,2023-03-17 09:20:00+05:30,2023-03-23 09:15:00+05:30,CALL,0.2328143493168528,0.0271625879441638,17350.0,17400.0,50,3300.000000000002,70.91908,3229.0809200000017,DELTA_EXIT,CALL,-43332.28675444984,4785.6432662500165,48117.93002069985,development,2023-03-23 00:00:00+05:30,CALL,CALL,False,,,,3229.0809200000017,
2023-03-29,2023-03-24 09:20:00+05:30,2023-03-28 14:38:00+05:30,CALL,0.252442590983793,0.0395748603363821,17250.0,17300.0,50,3194.999999999999,68.8070323,3126.192967699999,DELTA_EXIT,CALL,-40206.09378674984,4785.6432662500165,44991.73705299985,development,2023-03-29 00:00:00+05:30,CALL,CALL,False,,,,3126.192967699999,
2023-03-29,2023-03-28 14:39:00+05:30,2023-03-29 14:15:00+05:30,CALL,0.2439826835522777,0.523375994030455,17050.0,17100.0,50,-2685.0000000000005,65.5143499,-2750.5143499000005,DELTA_EXIT,PUT,-42956.60813664984,4785.6432662500165,47742.251402899856,development,2023-03-29 00:00:00+05:30,CALL,CALL,False,,,,-2750.5143499000005,
2023-04-06,2023-03-31 09:20:00+05:30,2023-04-05 09:19:00+05:30,PUT,-0.2380543313536971,-0.0398963394324379,17050.0,17000.0,50,2219.9999999999995,70.34973639999998,2149.6502636,DELTA_EXIT,PUT,-40806.95787304984,4785.6432662500165,45592.601139299855,development,2023-04-06 00:00:00+05:30,PUT,PUT,False,,,,2149.6502636,
2023-04-06,2023-04-05 09:20:00+05:30,2023-04-06 10:04:00+05:30,PUT,-0.2893092603049423,-0.0392311828935426,17350.0,17300.0,50,2685.000000000001,63.1707877,2621.829212300001,DELTA_EXIT,PUT,-38185.12866074984,4785.6432662500165,42970.771926999856,development,2023-04-06 00:00:00+05:30,PUT,PUT,False,,,,2621.829212300001,
2023-04-13,2023-04-10 09:20:00+05:30,2023-04-12 14:44:00+05:30,PUT,-0.2574724973645024,-0.0394103666960156,17500.0,17450.0,50,2685.000000000001,65.1000157,2619.899984300001,DELTA_EXIT,PUT,-35565.22867644984,4785.6432662500165,40350.87194269986,development,2023-04-13 00:00:00+05:30,PUT,PUT,False,,,,2619.899984300001,
2023-04-13,2023-04-12 14:45:00+05:30,2023-04-13 14:19:00+05:30,PUT,-0.2204679840880135,-0.039859611035056,17700.0,17650.0,50,1905.0,54.83598009999999,1850.1640199,DELTA_EXIT,PUT,-33715.06465654984,4785.6432662500165,38500.707922799855,development,2023-04-13 00:00:00+05:30,PUT,PUT,False,,,,1850.1640199,
2023-04-20,2023-04-17 09:20:00+05:30,2023-04-20 14:17:00+05:30,PUT,-0.2249214952884859,-0.0382801993375325,17500.0,17450.0,50,2249.999999999999,62.6417494,2187.358250599999,DELTA_EXIT,PUT,-31527.70640594984,4785.6432662500165,36313.34967219986,development,2023-04-20 00:00:00+05:30,PUT,PUT,False,,,,2187.358250599999,
2023-04-27,2023-04-21 09:20:00+05:30,2023-04-26 14:14:00+05:30,PUT,-0.2594026664034202,-0.0388598216624657,17500.0,17450.0,50,2609.9999999999995,66.05609740000001,2543.9439025999995,DELTA_EXIT,PUT,-28983.76250334984,4785.6432662500165,33769.405769599856,development,2023-04-27 00:00:00+05:30,PUT,PUT,False,,,,2543.9439025999995,
2023-04-27,2023-04-26 14:15:00+05:30,2023-04-27 13:27:00+05:30,PUT,-0.3131818980738805,-0.0396271083185811,17750.0,17700.0,50,2490.0000000000005,57.0632674,2432.9367326000006,DELTA_EXIT,PUT,-26550.82577074984,4785.6432662500165,31336.469036999857,development,2023-04-27 00:00:00+05:30,PUT,PUT,False,,,,2432.9367326000006,
2023-05-04,2023-04-28 09:20:00+05:30,2023-05-03 14:33:00+05:30,PUT,-0.2637585085132629,-0.0398674304675967,17800.0,17750.0,50,2415.0000000000014,64.2479995,2350.752000500001,DELTA_EXIT,PUT,-24200.07377024984,4785.6432662500165,28985.717036499856,development,2023-05-04 00:00:00+05:30,PUT,PUT,False,,,,2350.752000500001,
2023-05-04,2023-05-03 14:34:00+05:30,2023-05-04 12:31:00+05:30,PUT,-0.2234449627556072,-0.0396221949122128,18000.0,17950.0,50,2070.0,55.69809940000001,2014.3019006,DELTA_EXIT,PUT,-22185.77186964984,4785.6432662500165,26971.415135899857,development,2023-05-04 00:00:00+05:30,PUT,PUT,False,,,,2014.3019006,
2023-05-11,2023-05-05 09:20:00+05:30,2023-05-10 15:07:00+05:30,PUT,-0.217114586971939,-0.0397787647055556,18000.0,17950.0,50,2054.999999999999,62.294352700000005,1992.705647299999,DELTA_EXIT,PUT,-20193.066222349844,4785.6432662500165,24978.70948859986,development,2023-05-11 00:00:00+05:30,PUT,PUT,False,,,,1992.705647299999,
2023-05-11,2023-05-10 15:08:00+05:30,2023-05-11 15:06:00+05:30,PUT,-0.2791295788511482,-0.0323484405846827,18250.0,18200.0,50,2430.0000000000005,56.99029659999999,2373.0097034000005,DELTA_EXIT,PUT,-17820.056518949845,4785.6432662500165,22605.69978519986,development,2023-05-11 00:00:00+05:30,PUT,PUT,False,,,,2373.0097034000005,
2023-05-18,2023-05-12 09:20:00+05:30,2023-05-18 11:48:00+05:30,PUT,-0.2708582875115568,-0.0397583428452541,18100.0,18050.0,50,2925.000000000001,69.00231129999999,2855.9976887000007,DELTA_EXIT,PUT,-14964.058830249844,4785.6432662500165,19749.70209649986,development,2023-05-18 00:00:00+05:30,PUT,PUT,False,,,,2855.9976887000007,
2023-05-25,2023-05-19 09:20:00+05:30,2023-05-24 10:35:00+05:30,PUT,-0.2685756228878081,-0.0391727462530789,18000.0,17950.0,50,2730.0000000000005,67.0564114,2662.943588600001,DELTA_EXIT,PUT,-12301.115241649844,4785.6432662500165,17086.75850789986,development,2023-05-25 00:00:00+05:30,PUT,PUT,False,,,,2662.943588600001,
2023-05-25,2023-05-24 10:36:00+05:30,2023-05-24 13:18:00+05:30,PUT,-0.292085965853079,-0.5039404918501844,18300.0,18250.0,50,-2760.000000000001,78.1560412,-2838.156041200001,DELTA_EXIT,CALL,-15139.271282849844,4785.6432662500165,19924.91454909986,development,2023-05-25 00:00:00+05:30,PUT,PUT,False,,,,-2838.156041200001,
2023-05-25,2023-05-24 13:19:00+05:30,2023-05-25 11:18:00+05:30,CALL,0.2091160732051258,0.0394367747111451,18400.0,18450.0,50,2174.999999999999,54.5855803,2120.414419699999,DELTA_EXIT,CALL,-13018.856863149846,4785.6432662500165,17804.50012939986,development,2023-05-25 00:00:00+05:30,CALL,CALL,False,,,,2120.414419699999,
2023-06-01,2023-05-26 09:20:00+05:30,2023-05-26 14:26:00+05:30,CALL,0.2553690120700408,0.5023954637749493,18500.0,18550.0,50,-4439.999999999999,109.2128992,-4549.212899199999,DELTA_EXIT,PUT,-17568.069762349845,4785.6432662500165,22353.71302859986,development,2023-06-01 00:00:00+05:30,CALL,CALL,False,,,,-4549.212899199999,
2023-06-01,2023-05-26 14:27:00+05:30,2023-06-01 09:19:00+05:30,PUT,-0.2630381430290121,-0.0384589188121938,18350.0,18300.0,50,2490.0000000000005,67.5637798,2422.4362202000007,DELTA_EXIT,PUT,-15145.633542149844,4785.6432662500165,19931.27680839986,development,2023-06-01 00:00:00+05:30,PUT,PUT,False,,,,2422.4362202000007,
2023-06-08,2023-06-02 09:20:00+05:30,2023-06-07 15:06:00+05:30,PUT,-0.2229069934784315,-0.0398097886744086,18400.0,18350.0,50,2130.0000000000005,63.6257842,2066.3742158000005,DELTA_EXIT,PUT,-13079.259326349844,4785.6432662500165,17864.90259259986,development,2023-06-08 00:00:00+05:30,PUT,PUT,False,,,,2066.3742158000005,
2023-06-08,2023-06-07 15:07:00+05:30,2023-06-08 14:49:00+05:30,PUT,-0.2499197228549593,-0.5596072756233004,18650.0,18600.0,50,-1605.0000000000005,58.7801875,-1663.7801875000005,DELTA_EXIT,CALL,-14743.039513849844,4785.6432662500165,19528.68278009986,development,2023-06-08 00:00:00+05:30,PUT,PUT,False,,,,-1663.7801875000005,
2023-06-15,2023-06-09 09:20:00+05:30,2023-06-15 14:39:00+05:30,CALL,0.276855504515074,0.0391372478094675,18800.0,18850.0,50,3720.000000000002,66.9926512,3653.007348800001,DELTA_EXIT,CALL,-11090.032165049844,4785.6432662500165,15875.67543129986,development,2023-06-15 00:00:00+05:30,CALL,CALL,False,,,,3653.007348800001,
2023-06-22,2023-06-16 09:20:00+05:30,2023-06-22 14:27:00+05:30,CALL,0.2394650250689906,0.0370250052198476,18900.0,18950.0,50,3240.0,62.1645832,3177.8354168,DELTA_EXIT,CALL,-7912.196748249842,4785.6432662500165,12697.84001449986,development,2023-06-22 00:00:00+05:30,CALL,CALL,False,,,,3177.8354168,
2023-06-28,2023-06-23 09:20:00+05:30,2023-06-28 10:32:00+05:30,CALL,0.2194835267573329,0.5207409590530089,18900.0,18950.0,50,-3389.999999999999,74.0550394,-3464.0550394,DELTA_EXIT,PUT,-11376.251787649842,4785.6432662500165,16161.895053899858,development,2023-06-28 00:00:00+05:30,CALL,CALL,False,,,,-3464.0550394,
2023-07-06,2023-06-30 09:20:00+05:30,2023-07-05 09:22:00+05:30,PUT,-0.2331716959155638,-0.0394601735622005,18900.0,18850.0,50,2130.0000000000014,66.5196262,2063.4803738000014,DELTA_EXIT,PUT,-9312.77141384984,4785.6432662500165,14098.414680099855,development,2023-07-06 00:00:00+05:30,PUT,PUT,False,,,,2063.4803738000014,
2023-07-06,2023-07-05 09:23:00+05:30,2023-07-06 13:43:00+05:30,PUT,-0.2743042985411071,-0.0398812706556538,19300.0,19250.0,50,2715.0000000000005,61.8843739,2653.115626100001,DELTA_EXIT,PUT,-6659.655787749841,4785.6432662500165,11445.299053999855,development,2023-07-06 00:00:00+05:30,PUT,PUT,False,,,,2653.115626100001,
2023-07-13,2023-07-07 09:20:00+05:30,2023-07-13 09:16:00+05:30,PUT,-0.2322453443388801,-0.0374278790944172,19250.0,19200.0,50,2459.999999999998,67.1414488,2392.8585511999986,DELTA_EXIT,PUT,-4266.797236549843,4785.6432662500165,9052.440502799858,development,2023-07-13 00:00:00+05:30,PUT,PUT,False,,,,2392.8585511999986,
2023-07-20,2023-07-14 09:20:00+05:30,2023-07-19 09:15:00+05:30,PUT,-0.2659663235794645,-0.0379217733274235,19350.0,19300.0,50,2505.0000000000027,67.4717809,2437.528219100003,DELTA_EXIT,PUT,-1829.26901744984,4785.6432662500165,6614.912283699856,development,2023-07-20 00:00:00+05:30,PUT,PUT,False,,,,2437.528219100003,
2023-07-20,2023-07-19 09:20:00+05:30,2023-07-20 14:02:00+05:30,PUT,-0.2818597912888084,-0.0395315629182588,19700.0,19650.0,50,2909.999999999998,63.8853946,2846.1146053999987,DELTA_EXIT,PUT,1016.8455879501588,4785.6432662500165,3768.7976782998576,development,2023-07-20 00:00:00+05:30,PUT,PUT,False,,,,2846.1146053999987,
2023-07-27,2023-07-21 09:20:00+05:30,2023-07-25 13:22:00+05:30,PUT,-0.2510346363770723,-0.5122552238032414,19650.0,19600.0,50,-4064.999999999997,100.1330683,-4165.133068299997,DELTA_EXIT,CALL,-3148.287480349838,4785.6432662500165,7933.9307465998545,development,2023-07-27 00:00:00+05:30,PUT,PUT,False,,,,-4165.133068299997,
2023-07-27,2023-07-25 13:23:00+05:30,2023-07-26 09:56:00+05:30,CALL,0.2257504152607156,0.5048530582860777,19800.0,19850.0,50,-3899.999999999999,85.72672600000001,-3985.726726,DELTA_EXIT,PUT,-7134.014206349837,4785.6432662500165,11919.657472599854,development,2023-07-27 00:00:00+05:30,CALL,CALL,False,,,,-3985.726726,
2023-07-27,2023-07-26 09:57:00+05:30,2023-07-27 13:33:00+05:30,PUT,-0.2781476000233316,-0.5406062393147003,19700.0,19650.0,50,-3674.999999999999,75.3069313,-3750.306931299999,DELTA_EXIT,CALL,-10884.321137649837,4785.6432662500165,15669.964403899852,development,2023-07-27 00:00:00+05:30,PUT,PUT,False,,,,-3750.306931299999,
2023-08-03,2023-07-28 09:20:00+05:30,2023-08-03 09:15:00+05:30,CALL,0.2694799744938706,0.0264305951599854,19800.0,19850.0,50,3630.000000000001,72.94648300000001,3557.0535170000007,DELTA_EXIT,CALL,-7327.267620649836,4785.6432662500165,12112.910886899852,development,2023-08-03 00:00:00+05:30,CALL,CALL,False,,,,3557.0535170000007,
2023-08-10,2023-08-04 09:20:00+05:30,2023-08-10 14:02:00+05:30,CALL,0.250922375462308,0.0398309305280835,19650.0,19700.0,50,3135.0,66.52922949999999,3068.4707705,DELTA_EXIT,CALL,-4258.796850149836,4785.6432662500165,9044.440116399852,development,2023-08-10 00:00:00+05:30,CALL,CALL,False,,,,3068.4707705,
2023-08-17,2023-08-11 09:20:00+05:30,2023-08-16 11:41:00+05:30,CALL,0.2712092976066151,0.0398859635967218,19650.0,19700.0,50,3419.999999999999,68.63970640000001,3351.3602936,DELTA_EXIT,CALL,-907.436556549837,4785.6432662500165,5693.079822799853,development,2023-08-17 00:00:00+05:30,CALL,CALL,False,,,,3351.3602936,
2023-08-17,2023-08-16 11:42:00+05:30,2023-08-16 15:00:00+05:30,CALL,0.2749383180357254,0.5200909897672922,19450.0,19500.0,50,-3540.0,75.96720280000001,-3615.9672028,DELTA_EXIT,PUT,-4523.403759349837,4785.6432662500165,9309.047025599852,development,2023-08-17 00:00:00+05:30,CALL,CALL,False,,,,-3615.9672028,
2023-08-17,2023-08-16 15:01:00+05:30,2023-08-17 09:33:00+05:30,PUT,-0.3011110938185983,-0.5048062897875805,19400.0,19350.0,50,-3255.0,74.5775089,-3329.5775089,DELTA_EXIT,CALL,-7852.981268249837,4785.6432662500165,12638.624534499852,development,2023-08-17 00:00:00+05:30,PUT,PUT,False,,,,-3329.5775089,
2023-08-24,2023-08-18 09:20:00+05:30,2023-08-23 12:39:00+05:30,CALL,0.259042280479369,0.50354693203732,19450.0,19500.0,50,-2279.999999999999,81.4407268,-2361.440726799999,DELTA_EXIT,PUT,-10214.421995049835,4785.6432662500165,15000.065261299853,development,2023-08-24 00:00:00+05:30,CALL,CALL,False,,,,-2361.440726799999,
2023-08-24,2023-08-23 12:40:00+05:30,2023-08-24 09:43:00+05:30,PUT,-0.2209750583988952,-0.0385329469070601,19350.0,19300.0,50,2025.0,56.2772605,1968.7227395,DELTA_EXIT,PUT,-8245.699255549836,4785.6432662500165,13031.342521799852,development,2023-08-24 00:00:00+05:30,PUT,PUT,False,,,,1968.7227395,
2023-08-31,2023-08-25 09:20:00+05:30,2023-08-30 09:15:00+05:30,PUT,-0.2496389559244095,-0.0335451367792355,19100.0,19050.0,50,2790.0000000000014,67.73571100000001,2722.2642890000016,DELTA_EXIT,PUT,-5523.434966549835,4785.6432662500165,10309.078232799851,development,2023-08-31 00:00:00+05:30,PUT,PUT,False,,,,2722.2642890000016,
2023-08-31,2023-08-30 09:20:00+05:30,2023-08-30 15:10:00+05:30,PUT,-0.2834727348478483,-0.5238569082732851,19350.0,19300.0,50,-4124.999999999999,77.5432507,-4202.543250699999,DELTA_EXIT,CALL,-9725.978217249834,4785.6432662500165,14511.62148349985,development,2023-08-31 00:00:00+05:30,PUT,PUT,False,,,,-4202.543250699999,
2023-08-31,2023-08-30 15:11:00+05:30,2023-08-31 13:53:00+05:30,CALL,0.2917610113719603,0.0374595345417341,19400.0,19450.0,50,2624.999999999999,55.7667505,2569.233249499999,DELTA_EXIT,CALL,-7156.744967749835,4785.6432662500165,11942.388233999853,development,2023-08-31 00:00:00+05:30,CALL,CALL,False,,,,2569.233249499999,
2023-09-07,2023-09-01 09:20:00+05:30,2023-09-01 14:21:00+05:30,CALL,0.2815510130581955,0.5027676742541971,19450.0,19500.0,50,-3479.999999999998,109.9945864,-3589.9945863999988,DELTA_EXIT,PUT,-10746.739554149834,4785.6432662500165,15532.38282039985,development,2023-09-07 00:00:00+05:30,CALL,CALL,False,,,,-3589.9945863999988,
2023-09-07,2023-09-01 14:22:00+05:30,2023-09-06 14:44:00+05:30,PUT,-0.255563352707304,-0.0393020859609375,19300.0,19250.0,50,2385.000000000001,66.7746313,2318.225368700001,DELTA_EXIT,PUT,-8428.514185449832,4785.6432662500165,13214.157451699848,development,2023-09-07 00:00:00+05:30,PUT,PUT,False,,,,2318.225368700001,
2023-09-07,2023-09-06 14:45:00+05:30,2023-09-07 13:39:00+05:30,PUT,-0.3134965985610043,-0.0366157061898733,19500.0,19450.0,50,3075.0,56.6447563,3018.3552437,DELTA_EXIT,PUT,-5410.158941749833,4785.6432662500165,10195.802207999848,development,2023-09-07 00:00:00+05:30,PUT,PUT,False,,,,3018.3552437,
2023-09-14,2023-09-08 09:20:00+05:30,2023-09-13 11:07:00+05:30,PUT,-0.2320378125440725,-0.0393999874850099,19600.0,19550.0,50,2280.0000000000005,64.5799024,2215.4200976000006,DELTA_EXIT,PUT,-3194.738844149832,4785.6432662500165,7980.382110399849,development,2023-09-14 00:00:00+05:30,PUT,PUT,False,,,,2215.4200976000006,
2023-09-14,2023-09-13 11:08:00+05:30,2023-09-14 09:33:00+05:30,PUT,-0.2449100339138884,-0.0389627741826023,19900.0,19850.0,50,2129.999999999999,58.6649122,2071.335087799999,DELTA_EXIT,PUT,-1123.4037563498327,4785.6432662500165,5909.047022599849,development,2023-09-14 00:00:00+05:30,PUT,PUT,False,,,,2071.335087799999,
2023-09-21,2023-09-15 09:20:00+05:30,2023-09-20 09:15:00+05:30,PUT,-0.253888942162441,-0.534941719795091,20000.0,19950.0,50,-2174.999999999998,87.7695157,-2262.769515699998,DELTA_EXIT,CALL,-3386.1732720498308,4785.6432662500165,8171.816538299847,development,2023-09-21 00:00:00+05:30,PUT,PUT,False,,,,-2262.769515699998,
2023-09-21,2023-09-20 09:20:00+05:30,2023-09-21 09:15:00+05:30,CALL,0.2404000543251366,0.021423910971577,20150.0,20200.0,50,2850.0,60.50517579999999,2789.4948242,DELTA_EXIT,CALL,-596.6784478498307,4785.6432662500165,5382.321714099848,development,2023-09-21 00:00:00+05:30,CALL,CALL,False,,,,2789.4948242,
2023-09-28,2023-09-22 09:20:00+05:30,2023-09-27 09:15:00+05:30,CALL,0.2550185038429199,0.0372540226250436,19950.0,20000.0,50,3240.0000000000014,68.2278712,3171.772128800001,DELTA_EXIT,CALL,2575.0936809501704,4785.6432662500165,2210.549585299846,development,2023-09-28 00:00:00+05:30,CALL,CALL,False,,,,3171.772128800001,
2023-09-28,2023-09-27 09:20:00+05:30,2023-09-27 13:31:00+05:30,CALL,0.2904487605711725,0.5109217948914264,19700.0,19750.0,50,-2894.999999999998,78.3225817,-2973.3225816999984,DELTA_EXIT,PUT,-398.228900749828,4785.6432662500165,5183.872166999845,development,2023-09-28 00:00:00+05:30,CALL,CALL,False,,,,-2973.3225816999984,
2023-09-28,2023-09-27 13:32:00+05:30,2023-09-28 13:09:00+05:30,PUT,-0.2237653909035519,-0.512170081190257,19600.0,19550.0,50,-4200.000000000002,64.3057264,-4264.305726400002,DELTA_EXIT,CALL,-4662.534627149829,4785.6432662500165,9448.177893399848,development,2023-09-28 00:00:00+05:30,PUT,PUT,False,,,,-4264.305726400002,
2023-10-05,2023-09-29 09:20:00+05:30,2023-10-04 10:00:00+05:30,CALL,0.2606708509695269,0.0397591163729929,19750.0,19800.0,50,3570.000000000001,70.77892179999999,3499.221078200001,DELTA_EXIT,CALL,-1163.313548949828,4785.6432662500165,5948.956815199845,development,2023-10-05 00:00:00+05:30,CALL,CALL,False,,,,3499.221078200001,
2023-10-05,2023-10-04 10:01:00+05:30,2023-10-05 09:15:00+05:30,CALL,0.2299146517998883,0.6148119389291404,19500.0,19550.0,50,-4395.000000000002,72.5296141,-4467.529614100002,DELTA_EXIT,PUT,-5630.84316304983,4785.6432662500165,10416.486429299846,development,2023-10-05 00:00:00+05:30,CALL,CALL,False,,,,-4467.529614100002,
2023-10-12,2023-10-06 09:20:00+05:30,2023-10-11 13:11:00+05:30,PUT,-0.2589427075939745,-0.0399001101474495,19450.0,19400.0,50,2880.0000000000005,68.61685839999998,2811.3831416000003,DELTA_EXIT,PUT,-2819.4600214498296,4785.6432662500165,7605.103287699846,development,2023-10-12 00:00:00+05:30,PUT,PUT,False,,,,2811.3831416000003,
2023-10-12,2023-10-11 13:12:00+05:30,2023-10-12 12:50:00+05:30,PUT,-0.2040831006044137,-0.0354015687818184,19700.0,19650.0,50,1634.9999999999995,55.2241819,1579.7758180999997,DELTA_EXIT,PUT,-1239.68420334983,4785.6432662500165,6025.327469599846,development,2023-10-12 00:00:00+05:30,PUT,PUT,False,,,,1579.7758180999997,
2023-10-19,2023-10-13 09:20:00+05:30,2023-10-19 09:16:00+05:30,PUT,-0.2728710740655543,-0.5687670536261731,19550.0,19500.0,50,-2324.999999999999,84.05935749999999,-2409.059357499999,DELTA_EXIT,CALL,-3648.743560849829,4785.6432662500165,8434.386827099846,development,2023-10-19 00:00:00+05:30,PUT,PUT,False,,,,-2409.059357499999,
2023-10-26,2023-10-20 09:20:00+05:30,2023-10-23 15:09:00+05:30,CALL,0.2283186068375113,0.0383489247644865,19750.0,19800.0,50,2745.000000000002,65.0076241,2679.9923759000017,DELTA_EXIT,CALL,-968.7511849498272,4785.6432662500165,5754.394451199843,development,2023-10-26 00:00:00+05:30,CALL,CALL,False,,,,2679.9923759000017,
2023-10-26,2023-10-23 15:10:00+05:30,2023-10-25 15:25:00+05:30,CALL,0.2222325990003431,0.0380232125563666,19450.0,19500.0,50,2264.999999999999,61.9434217,2203.0565783,DELTA_EXIT,CALL,1234.305393350172,4785.6432662500165,3551.337872899845,development,2023-10-26 00:00:00+05:30,CALL,CALL,False,,,,2203.0565783,
2023-10-26,2023-10-25 15:26:00+05:30,2023-10-26 11:23:00+05:30,CALL,0.2745909512939221,0.039845587700162,19200.0,19250.0,50,2895.0,59.4574879,2835.5425121,DELTA_EXIT,CALL,4069.847905450172,4785.6432662500165,715.7953607998447,development,2023-10-26 00:00:00+05:30,CALL,CALL,False,,,,2835.5425121,
2023-11-02,2023-10-27 09:20:00+05:30,2023-10-30 15:06:00+05:30,CALL,0.2529563129292356,0.5002869314668656,19150.0,19200.0,50,-4304.999999999996,113.5387039,-4418.538703899996,DELTA_EXIT,PUT,-348.69079844982434,4785.6432662500165,5134.33406469984,development,2023-11-02 00:00:00+05:30,CALL,CALL,False,,,,-4418.538703899996,
2023-11-02,2023-10-30 15:07:00+05:30,2023-11-01 13:16:00+05:30,PUT,-0.2391517627427537,-0.5236705795473746,19000.0,18950.0,50,-4830.000000000001,95.3993554,-4925.399355400001,DELTA_EXIT,CALL,-5274.090153849826,4785.6432662500165,10059.73342009984,development,2023-11-02 00:00:00+05:30,PUT,PUT,False,,,,-4925.399355400001,
2023-11-02,2023-11-01 13:17:00+05:30,2023-11-02 09:15:00+05:30,CALL,0.2349177400863343,0.6568440962062604,19100.0,19150.0,50,-5399.999999999998,79.6857148,-5479.685714799998,DELTA_EXIT,PUT,-10753.775868649824,4785.6432662500165,15539.41913489984,development,2023-11-02 00:00:00+05:30,CALL,CALL,False,,,,-5479.685714799998,
2023-11-09,2023-11-03 09:20:00+05:30,2023-11-08 09:46:00+05:30,PUT,-0.2524847114346664,-0.0396438031293885,19100.0,19050.0,50,2279.999999999999,65.930362,2214.069637999999,DELTA_EXIT,PUT,-8539.706230649825,4785.6432662500165,13325.349496899842,development,2023-11-09 00:00:00+05:30,PUT,PUT,False,,,,2214.069637999999,
2023-11-09,2023-11-08 09:47:00+05:30,2023-11-09 13:21:00+05:30,PUT,-0.2786276709725628,-0.0395927613156608,19350.0,19300.0,50,2609.999999999999,58.3667458,2551.633254199999,DELTA_EXIT,PUT,-5988.072976449826,4785.6432662500165,10773.716242699842,development,2023-11-09 00:00:00+05:30,PUT,PUT,False,,,,2551.633254199999,
2023-11-16,2023-11-10 09:20:00+05:30,2023-11-15 09:15:00+05:30,PUT,-0.2655436802417218,-0.0247735529639859,19200.0,19150.0,50,3044.9999999999995,66.3095317,2978.6904683,DELTA_EXIT,PUT,-3009.382508149826,4785.6432662500165,7795.025774399843,development,2023-11-16 00:00:00+05:30,PUT,PUT,False,,,,2978.6904683,
2023-11-16,2023-11-15 09:20:00+05:30,2023-11-16 09:37:00+05:30,PUT,-0.1968045103522226,-0.0388422460240195,19500.0,19450.0,50,1514.9999999999995,54.9955591,1460.0044408999995,DELTA_EXIT,PUT,-1549.3780672498267,4785.6432662500165,6335.021333499843,development,2023-11-16 00:00:00+05:30,PUT,PUT,False,,,,1460.0044408999995,
2023-11-23,2023-11-17 09:20:00+05:30,2023-11-23 09:15:00+05:30,PUT,-0.259244999352741,-0.0241391599764621,19600.0,19550.0,50,2700.0,65.779708,2634.220292,DELTA_EXIT,PUT,1084.8422247501733,4785.6432662500165,3700.801041499843,development,2023-11-23 00:00:00+05:30,PUT,PUT,False,,,,2634.220292,
2023-11-30,2023-11-24 09:20:00+05:30,2023-11-29 11:20:00+05:30,PUT,-0.2661461415692594,-0.0399979724787816,19700.0,19650.0,50,2534.9999999999995,64.25613909999998,2470.7438609,DELTA_EXIT,PUT,3555.586085650173,4785.6432662500165,1230.0571805998434,development,2023-11-30 00:00:00+05:30,PUT,PUT,False,,,,2470.7438609,
2023-11-30,2023-11-29 11:21:00+05:30,2023-11-30 13:37:00+05:30,PUT,-0.2980483854481421,-0.0396411011249709,19950.0,19900.0,50,2490.0000000000005,57.9176398,2432.0823602000005,DELTA_EXIT,PUT,5987.668445850173,5987.668445850173,0.0,development,2023-11-30 00:00:00+05:30,PUT,PUT,False,,,,2432.0823602000005,
2023-12-07,2023-12-01 09:20:00+05:30,2023-12-05 09:15:00+05:30,PUT,-0.2709214377091815,-0.0391705602999226,20050.0,20000.0,50,2610.000000000001,75.123469,2534.876531000001,DELTA_EXIT,PUT,8522.544976850175,8522.544976850175,0.0,development,2023-12-07 00:00:00+05:30,PUT,PUT,False,,,,2534.876531000001,
2023-12-07,2023-12-05 09:20:00+05:30,2023-12-06 14:31:00+05:30,PUT,-0.2554560685256299,-0.039786081076977,20550.0,20500.0,50,2669.9999999999995,69.2433934,2600.7566065999995,DELTA_EXIT,PUT,11123.301583450177,11123.301583450177,0.0,development,2023-12-07 00:00:00+05:30,PUT,PUT,False,,,,2600.7566065999995,
2023-12-07,2023-12-06 14:32:00+05:30,2023-12-07 15:01:00+05:30,PUT,-0.27092995098046,-0.0381372788276211,20850.0,20800.0,50,2564.9999999999995,59.1939505,2505.8060494999995,DELTA_EXIT,PUT,13629.107632950174,13629.107632950174,0.0,development,2023-12-07 00:00:00+05:30,PUT,PUT,False,,,,2505.8060494999995,
2023-12-14,2023-12-08 09:20:00+05:30,2023-12-14 09:15:00+05:30,PUT,-0.2236949108387131,-0.015618654113313,20750.0,20700.0,50,2340.0000000000014,65.0111584,2274.9888416000013,DELTA_EXIT,PUT,15904.096474550175,15904.096474550175,0.0,development,2023-12-14 00:00:00+05:30,PUT,PUT,False,,,,2274.9888416000013,
2023-12-21,2023-12-15 09:20:00+05:30,2023-12-20 09:15:00+05:30,PUT,-0.2408899936186623,-0.0373217945373789,21100.0,21050.0,50,2205.0000000000027,66.9140041,2138.0859959000027,DELTA_EXIT,PUT,18042.182470450178,18042.182470450178,0.0,development,2023-12-21 00:00:00+05:30,PUT,PUT,False,,,,2138.0859959000027,
2023-12-21,2023-12-20 09:20:00+05:30,2023-12-20 13:24:00+05:30,PUT,-0.267976927729205,-0.5245343776466833,21450.0,21400.0,50,-4169.999999999998,92.260897,-4262.260896999998,DELTA_EXIT,CALL,13779.92157345018,18042.182470450178,4262.260896999998,development,2023-12-21 00:00:00+05:30,PUT,PUT,False,,,,-4262.260896999998,
2023-12-21,2023-12-20 13:25:00+05:30,2023-12-20 15:14:00+05:30,CALL,0.2715997443026904,0.0392432936861528,21550.0,21600.0,50,2820.000000000001,63.9137404,2756.086259600001,DELTA_EXIT,CALL,16536.007833050182,18042.182470450178,1506.1746373999958,development,2023-12-21 00:00:00+05:30,CALL,CALL,False,,,,2756.086259600001,
2023-12-21,2023-12-20 15:15:00+05:30,2023-12-21 12:44:00+05:30,CALL,0.2452774130841575,0.5017580191348774,21250.0,21300.0,50,-3225.0,74.8895983,-3299.8895983,DELTA_EXIT,PUT,13236.118234750182,18042.182470450178,4806.064235699996,development,2023-12-21 00:00:00+05:30,CALL,CALL,False,,,,-3299.8895983,
2023-12-28,2023-12-22 09:20:00+05:30,2023-12-27 11:07:00+05:30,PUT,-0.2387731496512568,-0.0398819160748524,21050.0,21000.0,50,2340.0000000000014,73.802926,2266.197074000001,DELTA_EXIT,PUT,15502.315308750183,18042.182470450178,2539.8671616999945,development,2023-12-28 00:00:00+05:30,PUT,PUT,False,,,,2266.197074000001,
2023-12-28,2023-12-27 11:08:00+05:30,2023-12-28 12:44:00+05:30,PUT,-0.2638826781896364,-0.0395922374275151,21450.0,21400.0,50,2220.000000000001,65.1683812,2154.831618800001,DELTA_EXIT,PUT,17657.146927550184,18042.182470450178,385.03554289999374,development,2023-12-28 00:00:00+05:30,PUT,PUT,False,,,,2154.831618800001,
2024-01-11,2024-01-05 09:20:00+05:30,2024-01-08 14:31:00+05:30,PUT,-0.2612309760265359,-0.5075431075189698,21550.0,21500.0,50,-3134.999999999998,115.5955237,-3250.5955236999985,DELTA_EXIT,CALL,16897.30947495019,20147.90499865019,3250.595523699998,validation,2024-01-11 00:00:00+05:30,PUT,PUT,False,,,,-3250.5955236999985,
2024-01-11,2024-01-08 14:32:00+05:30,2024-01-11 14:10:00+05:30,CALL,0.2261613632937305,0.0382067499889484,21750.0,21800.0,50,2745.000000000001,65.2556677,2679.7443323000007,DELTA_EXIT,CALL,19577.05380725019,20147.90499865019,570.8511913999973,validation,2024-01-11 00:00:00+05:30,CALL,CALL,False,,,,2679.7443323000007,
2024-01-18,2024-01-12 09:20:00+05:30,2024-01-15 09:15:00+05:30,CALL,0.2561660369104015,0.5981968003761446,21950.0,22000.0,50,-5595.00000000001,154.74357249999997,-5749.74357250001,DELTA_EXIT,PUT,13827.31023475018,20147.90499865019,6320.594763900008,validation,2024-01-18 00:00:00+05:30,CALL,CALL,False,,,,-5749.74357250001,
2024-01-18,2024-01-15 09:20:00+05:30,2024-01-17 09:15:00+05:30,PUT,-0.2619160613860665,-0.6785619845288101,21850.0,21800.0,50,-2234.9999999999964,124.4345581,-2359.434558099996,DELTA_EXIT,CALL,11467.875676650185,20147.90499865019,8680.029322000004,validation,2024-01-18 00:00:00+05:30,PUT,PUT,False,,,,-2359.434558099996,
2024-01-18,2024-01-17 09:20:00+05:30,2024-01-17 15:17:00+05:30,CALL,0.242261692973606,0.0378259720271177,22000.0,22050.0,50,3060.000000000002,65.6938852,2994.306114800002,DELTA_EXIT,CALL,14462.181791450186,20147.90499865019,5685.723207200002,validation,2024-01-18 00:00:00+05:30,CALL,CALL,False,,,,2994.306114800002,
2024-01-18,2024-01-17 15:18:00+05:30,2024-01-18 09:36:00+05:30,CALL,0.2551450873999987,0.0392245365819151,21700.0,21750.0,50,2505.0000000000005,63.25503970000001,2441.7449603000005,DELTA_EXIT,CALL,16903.926751750187,20147.90499865019,3243.978246900002,validation,2024-01-18 00:00:00+05:30,CALL,CALL,False,,,,2441.7449603000005,
2024-01-25,2024-01-19 09:20:00+05:30,2024-01-24 09:15:00+05:30,CALL,0.2650209263327991,0.0297037266880828,21900.0,21950.0,50,3180.0000000000027,82.37606680000002,3097.6239332000027,DELTA_EXIT,CALL,20001.55068495019,20147.90499865019,146.35431369999787,validation,2024-01-25 00:00:00+05:30,CALL,CALL,False,,,,3097.6239332000027,
2024-01-25,2024-01-24 09:20:00+05:30,2024-01-24 10:31:00+05:30,CALL,0.2301367880298183,0.502987074650207,21400.0,21450.0,50,-5114.999999999999,124.9006573,-5239.900657299999,DELTA_EXIT,PUT,14761.650027650192,20147.90499865019,5386.254970999997,validation,2024-01-25 00:00:00+05:30,CALL,CALL,False,,,,-5239.900657299999,
2024-01-25,2024-01-24 10:32:00+05:30,2024-01-25 14:55:00+05:30,PUT,-0.2299697521571002,-0.0372743299430685,21200.0,21150.0,50,2265.0000000000005,65.4987133,2199.5012867000005,DELTA_EXIT,PUT,16961.151314350194,20147.90499865019,3186.7536842999943,validation,2024-01-25 00:00:00+05:30,PUT,PUT,False,,,,2199.5012867000005,
2024-02-01,2024-01-29 09:20:00+05:30,2024-02-01 12:06:00+05:30,PUT,-0.2340824863388061,-0.0313602847292593,21200.0,21150.0,50,2160.000000000001,78.7929292,2081.207070800001,DELTA_EXIT,PUT,19042.3583851502,20147.90499865019,1105.5466134999915,validation,2024-02-01 00:00:00+05:30,PUT,PUT,False,,,,2081.207070800001,
2024-02-08,2024-02-02 09:20:00+05:30,2024-02-08 09:16:00+05:30,PUT,-0.2483137692606325,-0.0383601127884647,21650.0,21600.0,50,2745.000000000004,80.93753530000001,2664.062464700004,DELTA_EXIT,PUT,21706.4208498502,21706.4208498502,0.0,validation,2024-02-08 00:00:00+05:30,PUT,PUT,False,,,,2664.062464700004,
2024-02-15,2024-02-09 09:20:00+05:30,2024-02-14 15:17:00+05:30,PUT,-0.25144501758855,-0.0398904944778589,21400.0,21350.0,50,2715.0000000000014,83.3814859,2631.618514100001,DELTA_EXIT,PUT,24338.039363950204,24338.039363950204,0.0,validation,2024-02-15 00:00:00+05:30,PUT,PUT,False,,,,2631.618514100001,
2024-02-15,2024-02-14 15:18:00+05:30,2024-02-15 13:39:00+05:30,PUT,-0.2304535299063712,-0.0324190861756008,21700.0,21650.0,50,1679.999999999999,60.1295404,1619.870459599999,DELTA_EXIT,PUT,25957.9098235502,25957.9098235502,0.0,validation,2024-02-15 00:00:00+05:30,PUT,PUT,False,,,,1619.870459599999,
2024-02-22,2024-02-16 09:20:00+05:30,2024-02-21 12:35:00+05:30,PUT,-0.2592210028429338,-0.0396502041103619,21750.0,21700.0,50,2625.0,82.2247345,2542.7752655,DELTA_EXIT,PUT,28500.685089050203,28500.685089050203,0.0,validation,2024-02-22 00:00:00+05:30,PUT,PUT,False,,,,2542.7752655,
2024-02-22,2024-02-21 12:36:00+05:30,2024-02-21 14:23:00+05:30,PUT,-0.2683192315592462,-0.5290115913213549,22100.0,22050.0,50,-5144.999999999997,114.8321863,-5259.832186299997,DELTA_EXIT,CALL,23240.852902750205,28500.685089050203,5259.832186299998,validation,2024-02-22 00:00:00+05:30,PUT,PUT,False,,,,-5259.832186299997,
2024-02-22,2024-02-21 14:24:00+05:30,2024-02-22 11:19:00+05:30,CALL,0.2572000011607931,0.0384347483381761,22200.0,22250.0,50,2804.999999999998,62.9860045,2742.013995499998,DELTA_EXIT,CALL,25982.8668982502,28500.685089050203,2517.8181908000006,validation,2024-02-22 00:00:00+05:30,CALL,CALL,False,,,,2742.013995499998,
2024-02-29,2024-02-23 09:20:00+05:30,2024-02-28 10:50:00+05:30,CALL,0.2358021910322147,0.0385428621883473,22550.0,22600.0,50,3285.0000000000027,76.8263233,3208.173676700003,DELTA_EXIT,CALL,29191.04057495021,29191.04057495021,0.0,validation,2024-02-29 00:00:00+05:30,CALL,CALL,False,,,,3208.173676700003,
2024-02-29,2024-02-28 10:51:00+05:30,2024-02-29 10:10:00+05:30,CALL,0.2224214276031513,0.0399930516877488,22300.0,22350.0,50,2489.999999999999,62.409985,2427.590015,DELTA_EXIT,CALL,31618.630589950204,31618.630589950204,0.0,validation,2024-02-29 00:00:00+05:30,CALL,CALL,False,,,,2427.590015,
2024-03-07,2024-03-01 09:20:00+05:30,2024-03-02 09:34:00+05:30,CALL,0.2530427437588181,0.5007219239962977,22400.0,22450.0,50,-3645.0000000000064,154.74492909999998,-3799.744929100006,DELTA_EXIT,PUT,27818.8856608502,31618.630589950204,3799.744929100005,validation,2024-03-07 00:00:00+05:30,CALL,CALL,False,,,,-3799.744929100006,
2024-03-07,2024-03-02 09:35:00+05:30,2024-03-07 09:15:00+05:30,PUT,-0.2412967491696775,-0.0334363226538709,22100.0,22050.0,50,2475.0,81.13281430000002,2393.8671857,DELTA_EXIT,PUT,30212.7528465502,31618.630589950204,1405.877743400004,validation,2024-03-07 00:00:00+05:30,PUT,PUT,False,,,,2393.8671857,
2024-03-14,2024-03-11 09:20:00+05:30,2024-03-13 11:04:00+05:30,PUT,-0.2341622678033005,-0.506585762687581,22250.0,22200.0,50,-3179.999999999996,106.7214676,-3286.721467599996,DELTA_EXIT,CALL,26926.031378950203,31618.630589950204,4692.599211000001,validation,2024-03-14 00:00:00+05:30,PUT,PUT,False,,,,-3286.721467599996,
2024-03-14,2024-03-13 11:05:00+05:30,2024-03-14 09:15:00+05:30,CALL,0.2527503607929928,0.0307851535354117,22400.0,22450.0,50,3135.000000000001,67.4938435,3067.506156500001,DELTA_EXIT,CALL,29993.537535450203,31618.630589950204,1625.093054500001,validation,2024-03-14 00:00:00+05:30,CALL,CALL,False,,,,3067.506156500001,
2024-03-21,2024-03-15 09:20:00+05:30,2024-03-19 15:11:00+05:30,CALL,0.2535482621470148,0.0395792056652799,22350.0,22400.0,50,3465.000000000004,79.9666381,3385.0333619000035,DELTA_EXIT,CALL,33378.570897350204,33378.570897350204,0.0,validation,2024-03-21 00:00:00+05:30,CALL,CALL,False,,,,3385.0333619000035,
2024-03-21,2024-03-19 15:12:00+05:30,2024-03-21 09:15:00+05:30,CALL,0.242556726046686,0.5178547154533244,22000.0,22050.0,50,-2969.9999999999964,88.759441,-3058.7594409999965,DELTA_EXIT,PUT,30319.81145635021,33378.570897350204,3058.7594409999947,validation,2024-03-21 00:00:00+05:30,CALL,CALL,False,,,,-3058.7594409999965,
2024-03-28,2024-03-22 09:20:00+05:30,2024-03-27 11:37:00+05:30,PUT,-0.2378523665043007,-0.0394148734972883,21750.0,21700.0,50,2220.000000000002,70.73558200000001,2149.264418000002,DELTA_EXIT,PUT,32469.07587435021,33378.570897350204,909.4950229999922,validation,2024-03-28 00:00:00+05:30,PUT,PUT,False,,,,2149.264418000002,
2024-03-28,2024-03-27 11:38:00+05:30,2024-03-28 10:41:00+05:30,PUT,-0.2653550517651923,-0.0395501211682742,22050.0,22000.0,50,2265.0000000000005,63.65216650000001,2201.3478335000004,DELTA_EXIT,PUT,34670.42370785021,34670.42370785021,0.0,validation,2024-03-28 00:00:00+05:30,PUT,PUT,False,,,,2201.3478335000004,
2024-04-04,2024-04-01 09:20:00+05:30,2024-04-04 13:27:00+05:30,PUT,-0.2657451932360621,-0.0358152070450537,22300.0,22250.0,50,2880.0000000000045,76.33377039999999,2803.6662296000045,DELTA_EXIT,PUT,37474.08993745022,37474.08993745022,0.0,validation,2024-04-04 00:00:00+05:30,PUT,PUT,False,,,,2803.6662296000045,
2024-04-10,2024-04-05 09:20:00+05:30,2024-04-09 09:15:00+05:30,PUT,-0.2488184994458504,-0.0373201448956432,22200.0,22150.0,50,2685.000000000003,76.4549005,2608.545099500004,DELTA_EXIT,PUT,40082.63503695023,40082.63503695023,0.0,validation,2024-04-10 00:00:00+05:30,PUT,PUT,False,,,,2608.545099500004,
2024-04-10,2024-04-09 09:20:00+05:30,2024-04-10 13:39:00+05:30,PUT,-0.2384282323630799,-0.0399809811677981,22550.0,22500.0,50,2219.9999999999995,63.5974384,2156.4025615999994,DELTA_EXIT,PUT,42239.03759855023,42239.03759855023,0.0,validation,2024-04-10 00:00:00+05:30,PUT,PUT,False,,,,2156.4025615999994,
2024-04-18,2024-04-12 09:20:00+05:30,2024-04-15 09:15:00+05:30,PUT,-0.2703738616684703,-0.783765285157014,22500.0,22450.0,50,-5100.000000000008,156.1723936,-5256.172393600008,DELTA_EXIT,CALL,36982.86520495022,42239.03759855023,5256.172393600005,validation,2024-04-18 00:00:00+05:30,PUT,PUT,False,,,,-5256.172393600008,
2024-04-18,2024-04-15 09:20:00+05:30,2024-04-16 13:25:00+05:30,CALL,0.2692958982782667,0.0395619628937234,22550.0,22600.0,50,4094.999999999999,79.52017389999999,4015.479826099999,DELTA_EXIT,CALL,40998.345031050216,42239.03759855023,1240.692567500009,validation,2024-04-18 00:00:00+05:30,CALL,CALL,False,,,,4015.479826099999,
2024-04-18,2024-04-16 13:26:00+05:30,2024-04-18 09:15:00+05:30,CALL,0.2291623311177084,0.5008376954081641,22250.0,22300.0,50,-3075.0,78.07610890000001,-3153.0761089,DELTA_EXIT,PUT,37845.268922150215,42239.03759855023,4393.76867640001,validation,2024-04-18 00:00:00+05:30,CALL,CALL,False,,,,-3153.0761089,
2024-04-25,2024-04-19 09:20:00+05:30,2024-04-22 09:16:00+05:30,PUT,-0.2383987139823302,-0.0389802212237141,21450.0,21400.0,50,2219.9999999999995,88.59472120000001,2131.4052787999995,DELTA_EXIT,PUT,39976.67420095021,42239.03759855023,2262.363397600013,validation,2024-04-25 00:00:00+05:30,PUT,PUT,False,,,,2131.4052787999995,
2024-04-25,2024-04-22 09:20:00+05:30,2024-04-24 15:19:00+05:30,PUT,-0.2612413848717247,-0.0373958941453397,22050.0,22000.0,50,3045.000000000002,77.9400205,2967.0599795000016,DELTA_EXIT,PUT,42943.73418045021,42943.73418045021,0.0,validation,2024-04-25 00:00:00+05:30,PUT,PUT,False,,,,2967.0599795000016,
2024-04-25,2024-04-24 15:20:00+05:30,2024-04-25 14:20:00+05:30,PUT,-0.2281864361802387,-0.0380813056822674,22300.0,22250.0,50,1845.0,57.8773345,1787.1226655,DELTA_EXIT,PUT,44730.85684595021,44730.85684595021,0.0,validation,2024-04-25 00:00:00+05:30,PUT,PUT,False,,,,1787.1226655,
2024-05-02,2024-04-26 09:20:00+05:30,2024-05-02 10:28:00+05:30,PUT,-0.245876622811726,-0.039920544572083,22350.0,22300.0,25,1102.5000000000002,61.42532545,1041.0746745500005,DELTA_EXIT,PUT,45771.93152050021,45771.93152050021,0.0,validation,2024-05-02 00:00:00+05:30,PUT,PUT,False,,,,1041.0746745500005,
2024-05-09,2024-05-03 09:20:00+05:30,2024-05-03 11:22:00+05:30,PUT,-0.2554072650698951,-0.5082188620223946,22550.0,22500.0,25,-1740.0000000000014,94.92683019999998,-1834.9268302000007,DELTA_EXIT,CALL,43937.004690300215,45771.93152050021,1834.9268301999984,validation,2024-05-09 00:00:00+05:30,PUT,PUT,False,,,,-1834.9268302000007,
2024-05-09,2024-05-03 11:23:00+05:30,2024-05-08 09:15:00+05:30,CALL,0.2695487603839952,0.0367388840537163,22800.0,22850.0,25,1852.5000000000005,65.42422525,1787.0757747500004,DELTA_EXIT,CALL,45724.08046505022,45771.93152050021,47.85105544999533,validation,2024-05-09 00:00:00+05:30,CALL,CALL,False,,,,1787.0757747500004,
2024-05-09,2024-05-08 09:20:00+05:30,2024-05-09 11:54:00+05:30,CALL,0.2589484390654923,0.0399957300527854,22400.0,22450.0,25,1410.0000000000014,58.4782726,1351.5217274000013,DELTA_EXIT,CALL,47075.60219245022,47075.60219245022,0.0,validation,2024-05-09 00:00:00+05:30,CALL,CALL,False,,,,1351.5217274000013,
2024-05-16,2024-05-10 09:20:00+05:30,2024-05-14 13:52:00+05:30,CALL,0.2667128532756191,0.5043970996146472,22250.0,22300.0,25,-1732.4999999999973,89.65813495,-1822.1581349499968,DELTA_EXIT,PUT,45253.44405750022,47075.60219245022,1822.1581349499968,validation,2024-05-16 00:00:00+05:30,CALL,CALL,False,,,,-1822.1581349499968,
2024-05-16,2024-05-14 13:53:00+05:30,2024-05-16 14:43:00+05:30,PUT,-0.2230145733874734,-0.0331885535799216,22050.0,22000.0,25,1079.9999999999998,56.38196860000001,1023.6180313999996,DELTA_EXIT,PUT,46277.062088900224,47075.60219245022,798.5401035499963,validation,2024-05-16 00:00:00+05:30,PUT,PUT,False,,,,1023.6180313999996,
2024-05-23,2024-05-17 09:20:00+05:30,2024-05-22 13:42:00+05:30,PUT,-0.2386346963699849,-0.0395629219443857,22100.0,22050.0,25,1185.000000000001,63.31708629999999,1121.6829137000009,DELTA_EXIT,PUT,47398.74500260023,47398.74500260023,0.0,validation,2024-05-23 00:00:00+05:30,PUT,PUT,False,,,,1121.6829137000009,
2024-05-23,2024-05-22 13:43:00+05:30,2024-05-23 12:34:00+05:30,PUT,-0.2662356749235047,-0.0396005374893396,22450.0,22400.0,25,1162.5,56.48230345,1106.01769655,DELTA_EXIT,PUT,48504.76269915023,48504.76269915023,0.0,validation,2024-05-23 00:00:00+05:30,PUT,PUT,False,,,,1106.01769655,
2024-05-30,2024-05-24 09:20:00+05:30,2024-05-30 09:16:00+05:30,PUT,-0.2388508542403626,-0.5205720080874683,22650.0,22600.0,25,-1852.4999999999968,80.89956835000001,-1933.3995683499968,DELTA_EXIT,CALL,46571.36313080023,48504.76269915023,1933.399568349996,validation,2024-05-30 00:00:00+05:30,PUT,PUT,False,,,,-1933.3995683499968,
2024-06-06,2024-05-31 09:20:00+05:30,2024-06-06 15:29:00+05:30,CALL,0.2471502362559607,,23350.0,23400.0,25,-3225.000000000004,90.5301253,-3315.530125300004,CONTRACT_EXPIRY,PUT,43255.83300550022,48504.76269915023,5248.929693650003,validation,2024-06-06 00:00:00+05:30,CALL,CALL,False,,,,-3315.530125300004,
2024-06-13,2024-06-07 09:20:00+05:30,2024-06-10 13:58:00+05:30,PUT,-0.239008087427592,-0.0393284871602173,22450.0,22400.0,25,1237.500000000002,71.69039635,1165.809603650002,DELTA_EXIT,PUT,44421.64260915022,48504.76269915023,4083.120090000004,validation,2024-06-13 00:00:00+05:30,PUT,PUT,False,,,,1165.809603650002,
2024-06-13,2024-06-10 13:59:00+05:30,2024-06-13 09:15:00+05:30,PUT,-0.2406676748060554,-0.0336570878447931,23050.0,23000.0,25,1492.5000000000025,65.09664205,1427.4033579500026,DELTA_EXIT,PUT,45849.04596710023,48504.76269915023,2655.716732050001,validation,2024-06-13 00:00:00+05:30,PUT,PUT,False,,,,1427.4033579500026,
2024-06-20,2024-06-14 09:20:00+05:30,2024-06-20 10:42:00+05:30,PUT,-0.2703134135898567,-0.0385451986008926,23200.0,23150.0,25,1417.5000000000005,62.85571734999999,1354.6442826500004,DELTA_EXIT,PUT,47203.69024975022,48504.76269915023,1301.0724494000024,validation,2024-06-20 00:00:00+05:30,PUT,PUT,False,,,,1354.6442826500004,
2024-06-27,2024-06-21 09:20:00+05:30,2024-06-26 13:40:00+05:30,PUT,-0.2423932711255128,-0.0399634488963991,23350.0,23300.0,25,1335.000000000001,62.50733890000001,1272.492661100001,DELTA_EXIT,PUT,48476.18291085023,48504.76269915023,28.579788299997745,validation,2024-06-27 00:00:00+05:30,PUT,PUT,False,,,,1272.492661100001,
2024-06-27,2024-06-26 13:41:00+05:30,2024-06-27 12:51:00+05:30,PUT,-0.2277199946902817,-0.0374823762022763,23700.0,23650.0,25,1057.4999999999995,54.79744195,1002.7025580499997,DELTA_EXIT,PUT,49478.88546890023,49478.88546890023,0.0,validation,2024-06-27 00:00:00+05:30,PUT,PUT,False,,,,1002.7025580499997,
2024-07-04,2024-06-28 09:20:00+05:30,2024-07-03 12:57:00+05:30,PUT,-0.2466181647902274,-0.0397386060173705,23800.0,23750.0,25,1282.500000000001,65.57159485,1216.9284051500008,DELTA_EXIT,PUT,50695.81387405023,50695.81387405023,0.0,validation,2024-07-04 00:00:00+05:30,PUT,PUT,False,,,,1216.9284051500008,
2024-07-04,2024-07-03 12:58:00+05:30,2024-07-04 12:22:00+05:30,PUT,-0.2675437907498181,-0.0376623292654406,24150.0,24100.0,25,1350.0000000000005,56.18668960000001,1293.8133104000003,DELTA_EXIT,PUT,51989.62718445023,51989.62718445023,0.0,validation,2024-07-04 00:00:00+05:30,PUT,PUT,False,,,,1293.8133104000003,
2024-07-11,2024-07-05 09:20:00+05:30,2024-07-10 09:15:00+05:30,PUT,-0.2400478479392618,-0.0382291643045732,23950.0,23900.0,25,1290.0000000000014,60.9643492,1229.0356508000011,DELTA_EXIT,PUT,53218.66283525023,53218.66283525023,0.0,validation,2024-07-11 00:00:00+05:30,PUT,PUT,False,,,,1229.0356508000011,
2024-07-11,2024-07-10 09:20:00+05:30,2024-07-10 10:27:00+05:30,PUT,-0.237416920938789,-0.5371338620463317,24250.0,24200.0,25,-2129.999999999998,77.502874,-2207.502873999998,DELTA_EXIT,CALL,51011.15996125023,53218.66283525023,2207.502873999998,validation,2024-07-11 00:00:00+05:30,PUT,PUT,False,,,,-2207.502873999998,
2024-07-11,2024-07-10 10:28:00+05:30,2024-07-11 14:42:00+05:30,CALL,0.2561577920449335,0.0384697016885227,24400.0,24450.0,25,1635.0000000000005,56.39549890000001,1578.6045011000006,DELTA_EXIT,CALL,52589.76446235024,53218.66283525023,628.8983728999956,validation,2024-07-11 00:00:00+05:30,CALL,CALL,False,,,,1578.6045011000006,
2024-07-18,2024-07-12 09:20:00+05:30,2024-07-12 11:01:00+05:30,CALL,0.2692879413434799,0.5315898449684426,24550.0,24600.0,25,-2310.000000000003,94.30250859999998,-2404.302508600003,DELTA_EXIT,PUT,50185.46195375023,53218.66283525023,3033.200881500001,validation,2024-07-18 00:00:00+05:30,CALL,CALL,False,,,,-2404.302508600003,
2024-07-18,2024-07-12 11:02:00+05:30,2024-07-18 10:01:00+05:30,PUT,-0.2632093217835508,-0.039923178170966,24350.0,24300.0,25,1342.5000000000016,62.28219685,1280.2178031500016,DELTA_EXIT,PUT,51465.67975690023,53218.66283525023,1752.98307835,validation,2024-07-18 00:00:00+05:30,PUT,PUT,False,,,,1280.2178031500016,
2024-07-25,2024-07-19 09:20:00+05:30,2024-07-23 12:19:00+05:30,PUT,-0.2513312179850777,-0.5420676329241889,24350.0,24300.0,25,-2580.0000000000027,136.9821442,-2716.982144200003,DELTA_EXIT,CALL,48748.69761270023,53218.66283525023,4469.965222550003,validation,2024-07-25 00:00:00+05:30,PUT,PUT,False,,,,-2716.982144200003,
2024-07-25,2024-07-23 12:20:00+05:30,2024-07-25 09:21:00+05:30,CALL,0.2558689773328189,0.0363788633281773,24600.0,24650.0,25,1425.000000000002,68.2528969,1356.747103100002,DELTA_EXIT,CALL,50105.44471580023,53218.66283525023,3113.218119450001,validation,2024-07-25 00:00:00+05:30,CALL,CALL,False,,,,1356.747103100002,
2024-08-01,2024-07-26 09:20:00+05:30,2024-07-26 12:40:00+05:30,CALL,0.2493588413021763,0.5057665768840718,24700.0,24750.0,25,-2400.000000000004,99.0023422,-2499.002342200004,DELTA_EXIT,PUT,47606.44237360023,53218.66283525023,5612.220461650002,validation,2024-08-01 00:00:00+05:30,CALL,CALL,False,,,,-2499.002342200004,
2024-08-01,2024-07-26 12:41:00+05:30,2024-07-31 15:13:00+05:30,PUT,-0.2394774389365015,-0.0394949938088214,24450.0,24400.0,25,1042.5000000000016,61.297233850000005,981.2027661500016,DELTA_EXIT,PUT,48587.64513975023,53218.66283525023,4631.017695499999,validation,2024-08-01 00:00:00+05:30,PUT,PUT,False,,,,981.2027661500016,
2024-08-01,2024-07-31 15:14:00+05:30,2024-08-01 11:13:00+05:30,PUT,-0.2442300896021814,-0.0396802249189416,24800.0,24750.0,25,1109.9999999999998,55.4676202,1054.5323797999995,DELTA_EXIT,PUT,49642.17751955024,53218.66283525023,3576.485315699996,validation,2024-08-01 00:00:00+05:30,PUT,PUT,False,,,,1054.5323797999995,
2024-08-08,2024-08-02 09:20:00+05:30,2024-08-05 09:15:00+05:30,PUT,-0.2464598924620651,-0.7141969953170051,24550.0,24500.0,25,-3487.500000000004,135.97492225,-3623.474922250004,DELTA_EXIT,CALL,46018.70259730023,53218.66283525023,7199.960237949999,validation,2024-08-08 00:00:00+05:30,PUT,PUT,False,,,,-3623.474922250004,
2024-08-08,2024-08-05 09:20:00+05:30,2024-08-08 10:33:00+05:30,CALL,0.2620828676002249,0.0395348512287965,24550.0,24600.0,25,1515.0000000000014,64.54523769999999,1450.4547623000014,DELTA_EXIT,CALL,47469.15735960024,53218.66283525023,5749.505475649996,validation,2024-08-08 00:00:00+05:30,CALL,CALL,False,,,,1450.4547623000014,
2024-08-14,2024-08-09 09:20:00+05:30,2024-08-13 13:50:00+05:30,CALL,0.2407829941419628,0.0397519503719557,24650.0,24700.0,25,1665.0000000000005,62.55039309999999,1602.4496069000004,DELTA_EXIT,CALL,49071.60696650024,53218.66283525023,4147.055868749994,validation,2024-08-14 00:00:00+05:30,CALL,CALL,False,,,,1602.4496069000004,
2024-08-14,2024-08-13 13:51:00+05:30,2024-08-14 12:41:00+05:30,CALL,0.2592962769691855,0.0371169426884284,24350.0,24400.0,25,1439.999999999999,56.69577159999999,1383.3042283999991,DELTA_EXIT,CALL,50454.91119490023,53218.66283525023,2763.7516403499976,validation,2024-08-14 00:00:00+05:30,CALL,CALL,False,,,,1383.3042283999991,
2024-08-22,2024-08-16 09:20:00+05:30,2024-08-19 09:15:00+05:30,CALL,0.2643955825447538,0.5430957040014801,24600.0,24650.0,25,-2084.9999999999995,95.71990569999998,-2180.7199057,DELTA_EXIT,PUT,48274.19128920024,53218.66283525023,4944.471546049994,validation,2024-08-22 00:00:00+05:30,CALL,CALL,False,,,,-2180.7199057,
2024-08-22,2024-08-19 09:20:00+05:30,2024-08-21 15:07:00+05:30,PUT,-0.2497873632178272,-0.0397463139359531,24400.0,24350.0,25,1192.5000000000005,60.50126664999999,1131.9987333500003,DELTA_EXIT,PUT,49406.19002255024,53218.66283525023,3812.472812699991,validation,2024-08-22 00:00:00+05:30,PUT,PUT,False,,,,1131.9987333500003,
2024-08-22,2024-08-21 15:08:00+05:30,2024-08-22 11:36:00+05:30,PUT,-0.2206199235718517,-0.037695994081905,24650.0,24600.0,25,892.4999999999993,52.18523724999999,840.3147627499993,DELTA_EXIT,PUT,50246.50478530024,53218.66283525023,2972.1580499499905,validation,2024-08-22 00:00:00+05:30,PUT,PUT,False,,,,840.3147627499993,
2024-08-29,2024-08-23 09:20:00+05:30,2024-08-27 10:55:00+05:30,PUT,-0.233683250209734,-0.0394742402332354,24550.0,24500.0,25,1230.0000000000005,60.72601599999999,1169.2739840000004,DELTA_EXIT,PUT,51415.77876930024,53218.66283525023,1802.884065949991,validation,2024-08-29 00:00:00+05:30,PUT,PUT,False,,,,1169.2739840000004,
2024-08-29,2024-08-27 10:56:00+05:30,2024-08-29 10:26:00+05:30,PUT,-0.2190911315350637,-0.0390361387639004,24850.0,24800.0,25,1079.9999999999998,54.59054259999999,1025.4094573999998,DELTA_EXIT,PUT,52441.18822670024,53218.66283525023,777.4746085499937,validation,2024-08-29 00:00:00+05:30,PUT,PUT,False,,,,1025.4094573999998,
2024-09-05,2024-08-30 09:20:00+05:30,2024-09-05 11:32:00+05:30,PUT,-0.2505809883527455,-0.0394259888932183,25000.0,24950.0,25,1357.500000000001,60.81217795,1296.6878220500007,DELTA_EXIT,PUT,53737.87604875024,53737.87604875024,0.0,validation,2024-09-05 00:00:00+05:30,PUT,PUT,False,,,,1296.6878220500007,
2024-09-12,2024-09-06 09:20:00+05:30,2024-09-06 13:24:00+05:30,PUT,-0.2389521550656754,-0.5028827634007548,24850.0,24800.0,25,-2145.000000000002,101.29681689999998,-2246.296816900002,DELTA_EXIT,CALL,51491.57923185024,53737.87604875024,2246.296816900001,validation,2024-09-12 00:00:00+05:30,PUT,PUT,False,,,,-2246.296816900002,
2024-09-12,2024-09-06 13:25:00+05:30,2024-09-10 13:12:00+05:30,CALL,0.257638161214907,0.5067135883612565,25100.0,25150.0,25,-1799.999999999998,82.2587566,-1882.258756599998,DELTA_EXIT,PUT,49609.32047525024,53737.87604875024,4128.555573500002,validation,2024-09-12 00:00:00+05:30,CALL,CALL,False,,,,-1882.258756599998,
2024-09-12,2024-09-10 13:13:00+05:30,2024-09-11 14:13:00+05:30,PUT,-0.2575602192663884,-0.503873969841578,24950.0,24900.0,25,-2332.4999999999995,77.71134415,-2410.21134415,DELTA_EXIT,CALL,47199.10913110024,53737.87604875024,6538.766917649999,validation,2024-09-12 00:00:00+05:30,PUT,PUT,False,,,,-2410.21134415,
2024-09-12,2024-09-11 14:14:00+05:30,2024-09-12 09:21:00+05:30,CALL,0.262210882698298,0.5133891501104988,25050.0,25100.0,25,-1679.999999999999,64.2286144,-1744.2286143999993,DELTA_EXIT,PUT,45454.88051670024,53737.87604875024,8282.995532050001,validation,2024-09-12 00:00:00+05:30,CALL,CALL,False,,,,-1744.2286143999993,
2024-09-19,2024-09-13 09:20:00+05:30,2024-09-19 09:15:00+05:30,PUT,-0.2565154309638024,-0.0265049909558775,25100.0,25050.0,25,1342.5000000000005,63.191690050000005,1279.3083099500004,DELTA_EXIT,PUT,46734.18882665024,53737.87604875024,7003.687222100001,validation,2024-09-19 00:00:00+05:30,PUT,PUT,False,,,,1279.3083099500004,
2024-09-26,2024-09-20 09:20:00+05:30,2024-09-24 12:40:00+05:30,PUT,-0.2653551899280579,-0.0395854543893385,25200.0,25150.0,25,1297.5000000000018,67.90491115,1229.5950888500015,DELTA_EXIT,PUT,47963.78391550024,53737.87604875024,5774.09213325,validation,2024-09-26 00:00:00+05:30,PUT,PUT,False,,,,1229.5950888500015,
2024-09-26,2024-09-24 12:41:00+05:30,2024-09-26 11:42:00+05:30,PUT,-0.2337058590535929,-0.0397241006199183,25750.0,25700.0,25,1020.0000000000002,57.4527544,962.5472456000002,DELTA_EXIT,PUT,48926.33116110024,53737.87604875024,4811.544887650001,validation,2024-09-26 00:00:00+05:30,PUT,PUT,False,,,,962.5472456000002,
2024-10-03,2024-09-27 09:20:00+05:30,2024-09-30 10:40:00+05:30,PUT,-0.2322593805251219,-0.5012371273511831,25950.0,25900.0,25,-1612.499999999998,86.56572954999999,-1699.065729549998,DELTA_EXIT,CALL,47227.26543155024,53737.87604875024,6510.6106172,validation,2024-10-03 00:00:00+05:30,PUT,PUT,False,,,,-1699.065729549998,
2024-10-03,2024-09-30 10:41:00+05:30,2024-10-01 14:43:00+05:30,CALL,0.2345615858021148,0.0384839555473507,26200.0,26250.0,25,1477.5000000000014,59.377170115,1418.1228298850017,DELTA_EXIT,CALL,48645.38826143524,53737.87604875024,5092.487787314996,validation,2024-10-03 00:00:00+05:30,CALL,CALL,False,,,,1418.1228298850017,
2024-10-03,2024-10-01 14:44:00+05:30,2024-10-03 10:02:00+05:30,CALL,0.2446920763331008,0.0389929831190457,25900.0,25950.0,25,1312.5,55.448656675,1257.051343325,DELTA_EXIT,CALL,49902.43960476024,53737.87604875024,3835.4364439899946,validation,2024-10-03 00:00:00+05:30,CALL,CALL,False,,,,1257.051343325,
2024-10-10,2024-10-04 09:20:00+05:30,2024-10-09 14:28:00+05:30,CALL,0.2639168126405249,0.0387255340202415,25500.0,25550.0,25,1965.000000000001,70.01411758,1894.9858824200007,DELTA_EXIT,CALL,51797.42548718024,53737.87604875024,1940.4505615699964,validation,2024-10-10 00:00:00+05:30,CALL,CALL,False,,,,1894.9858824200007,
2024-10-10,2024-10-09 14:29:00+05:30,2024-10-10 13:52:00+05:30,CALL,0.2298014963390436,0.0399334491435555,25200.0,25250.0,25,1109.999999999999,54.99264067,1055.0073593299994,DELTA_EXIT,CALL,52852.43284651024,53737.87604875024,885.4432022399997,validation,2024-10-10 00:00:00+05:30,CALL,CALL,False,,,,1055.0073593299994,
2024-10-17,2024-10-11 09:20:00+05:30,2024-10-17 09:34:00+05:30,CALL,0.2486113208916048,0.0375357389704127,25250.0,25300.0,25,1687.500000000001,64.694887135,1622.8051128650009,DELTA_EXIT,CALL,54475.23795937524,54475.23795937524,0.0,validation,2024-10-17 00:00:00+05:30,CALL,CALL,False,,,,1622.8051128650009,
2024-10-24,2024-10-18 09:20:00+05:30,2024-10-21 09:15:00+05:30,CALL,0.2511350431830973,0.5728157421554223,24900.0,24950.0,25,-2519.9999999999995,102.01965094,-2622.01965094,DELTA_EXIT,PUT,51853.21830843525,54475.23795937524,2622.019650939997,validation,2024-10-24 00:00:00+05:30,CALL,CALL,False,,,,-2622.01965094,
2024-10-24,2024-10-21 09:20:00+05:30,2024-10-21 09:51:00+05:30,PUT,-0.2387958124392839,-0.5062128576228511,24700.0,24650.0,25,-2722.500000000003,98.645080855,-2821.145080855003,DELTA_EXIT,CALL,49032.07322758024,54475.23795937524,5443.164731794997,validation,2024-10-24 00:00:00+05:30,PUT,PUT,False,,,,-2821.145080855003,
2024-10-24,2024-10-21 09:52:00+05:30,2024-10-23 12:17:00+05:30,CALL,0.2262724576041981,0.0397028098622492,24950.0,25000.0,25,1222.5000000000014,59.796869305,1162.7031306950014,DELTA_EXIT,CALL,50194.776358275245,54475.23795937524,4280.461601099996,validation,2024-10-24 00:00:00+05:30,CALL,CALL,False,,,,1162.7031306950014,
2024-10-24,2024-10-23 12:18:00+05:30,2024-10-24 09:40:00+05:30,CALL,0.2250766204659111,0.0395608364616927,24700.0,24750.0,25,1275.0,55.61989455999999,1219.38010544,DELTA_EXIT,CALL,51414.15646371525,54475.23795937524,3061.0814956599934,validation,2024-10-24 00:00:00+05:30,CALL,CALL,False,,,,1219.38010544,
2024-10-31,2024-10-25 09:20:00+05:30,2024-10-30 15:14:00+05:30,CALL,0.2328971329360867,0.0393745661931493,24700.0,24750.0,25,1455.0000000000016,61.88105896,1393.1189410400016,DELTA_EXIT,CALL,52807.27540475525,54475.23795937524,1667.9625546199895,validation,2024-10-31 00:00:00+05:30,CALL,CALL,False,,,,1393.1189410400016,
2024-10-31,2024-10-30 15:15:00+05:30,2024-10-31 12:24:00+05:30,CALL,0.28971873648419,0.0388091250793919,24450.0,24500.0,25,1927.500000000001,57.136051165,1870.3639488350009,DELTA_EXIT,CALL,54677.63935359025,54677.63935359025,0.0,validation,2024-10-31 00:00:00+05:30,CALL,CALL,False,,,,1870.3639488350009,
2024-11-07,2024-11-04 09:20:00+05:30,2024-11-06 13:10:00+05:30,CALL,0.2606573306599177,0.5092203040423254,24450.0,24500.0,25,-1312.4999999999957,89.899756135,-1402.3997561349956,DELTA_EXIT,PUT,53275.23959745526,54677.63935359025,1402.399756134997,validation,2024-11-07 00:00:00+05:30,CALL,CALL,False,,,,-1402.3997561349956,
2024-11-07,2024-11-06 13:11:00+05:30,2024-11-07 09:58:00+05:30,PUT,-0.2351144293857233,-0.5122305080744328,24300.0,24250.0,25,-1650.0,71.81081461,-1721.81081461,DELTA_EXIT,CALL,51553.42878284526,54677.63935359025,3124.2105707449955,validation,2024-11-07 00:00:00+05:30,PUT,PUT,False,,,,-1721.81081461,
2024-11-14,2024-11-08 09:20:00+05:30,2024-11-13 09:39:00+05:30,CALL,0.2355766329011681,0.0381782163979315,24400.0,24450.0,25,1672.4999999999995,64.589391565,1607.9106084349996,DELTA_EXIT,CALL,53161.33939128026,54677.63935359025,1516.2999623099968,validation,2024-11-14 00:00:00+05:30,CALL,CALL,False,,,,1607.9106084349996,
2024-11-14,2024-11-13 09:40:00+05:30,2024-11-14 09:28:00+05:30,CALL,0.2360156285391289,0.0386308942948778,24000.0,24050.0,25,1312.5,58.760093035,1253.739906965,DELTA_EXIT,CALL,54415.079298245255,54677.63935359025,262.56005534499855,validation,2024-11-14 00:00:00+05:30,CALL,CALL,False,,,,1253.739906965,
2024-11-21,2024-11-18 09:20:00+05:30,2024-11-19 11:25:00+05:30,CALL,0.2453271384734682,0.5095257873815882,23750.0,23800.0,25,-2384.999999999998,83.47934368000001,-2468.4793436799987,DELTA_EXIT,PUT,51946.59995456526,54677.63935359025,2731.039399024994,validation,2024-11-21 00:00:00+05:30,CALL,CALL,False,,,,-2468.4793436799987,
2024-11-21,2024-11-19 11:26:00+05:30,2024-11-19 14:58:00+05:30,PUT,-0.2551332504707406,-0.5072945145319424,23600.0,23550.0,25,-2564.999999999999,85.81949491,-2650.819494909999,DELTA_EXIT,CALL,49295.78045965526,54677.63935359025,5381.858893934994,validation,2024-11-21 00:00:00+05:30,PUT,PUT,False,,,,-2650.819494909999,
2024-11-21,2024-11-19 14:59:00+05:30,2024-11-21 09:32:00+05:30,CALL,0.2254371756363263,0.0365545637828104,23750.0,23800.0,25,1237.5,55.426313185,1182.073686815,DELTA_EXIT,CALL,50477.85414647026,54677.63935359025,4199.785207119996,validation,2024-11-21 00:00:00+05:30,CALL,CALL,False,,,,1182.073686815,
2024-11-28,2024-11-22 09:20:00+05:30,2024-11-22 13:00:00+05:30,CALL,0.269068034498489,0.5013156931512168,23700.0,23750.0,25,-1642.5000000000027,122.166525745,-1764.666525745003,DELTA_EXIT,PUT,48713.18762072526,54677.63935359025,5964.451732864996,validation,2024-11-28 00:00:00+05:30,CALL,CALL,False,,,,-1764.666525745003,
2024-11-28,2024-11-22 13:01:00+05:30,2024-11-25 10:24:00+05:30,PUT,-0.2562439832815735,-0.0397457223896999,23350.0,23300.0,25,1282.4999999999975,73.25412437499999,1209.2458756249976,DELTA_EXIT,PUT,49922.433496350255,54677.63935359025,4755.205857239998,validation,2024-11-28 00:00:00+05:30,PUT,PUT,False,,,,1209.2458756249976,
2024-11-28,2024-11-25 10:25:00+05:30,2024-11-28 11:23:00+05:30,PUT,-0.2493387845104554,-0.5024477588270337,24050.0,24000.0,25,-2294.999999999998,82.17596872,-2377.1759687199988,DELTA_EXIT,CALL,47545.25752763026,54677.63935359025,7132.381825959994,validation,2024-11-28 00:00:00+05:30,PUT,PUT,False,,,,-2377.1759687199988,
2024-12-05,2024-11-29 09:20:00+05:30,2024-12-03 10:16:00+05:30,CALL,0.2359016819011996,0.5126856105906095,24350.0,24400.0,25,-2032.4999999999995,100.593354505,-2133.093354505,DELTA_EXIT,PUT,45412.16417312526,54677.63935359025,9265.475180464991,validation,2024-12-05 00:00:00+05:30,CALL,CALL,False,,,,-2133.093354505,
2024-12-05,2024-12-03 10:17:00+05:30,2024-12-05 13:41:00+05:30,PUT,-0.2538591047898213,-0.0360969983076299,24100.0,24050.0,25,1275.000000000001,64.31943076,1210.680569240001,DELTA_EXIT,PUT,46622.84474236526,54677.63935359025,8054.794611224992,validation,2024-12-05 00:00:00+05:30,PUT,PUT,False,,,,1210.680569240001,
2024-12-12,2024-12-06 09:20:00+05:30,2024-12-12 12:34:00+05:30,PUT,-0.2571967101992445,-0.0392856053689635,24300.0,24250.0,25,1500.000000000002,74.62946353000001,1425.370536470002,DELTA_EXIT,PUT,48048.21527883526,54677.63935359025,6629.424074754992,validation,2024-12-12 00:00:00+05:30,PUT,PUT,False,,,,1425.370536470002,
2024-12-19,2024-12-13 09:20:00+05:30,2024-12-19 09:15:00+05:30,PUT,-0.2533552271275807,-0.9618725045398364,24150.0,24100.0,25,-3907.500000000004,113.392764775,-4020.892764775004,DELTA_EXIT,CALL,44027.32251406026,54677.63935359025,10650.316839529994,validation,2024-12-19 00:00:00+05:30,PUT,PUT,False,,,,-4020.892764775004,
2024-12-26,2024-12-20 09:20:00+05:30,2024-12-24 09:32:00+05:30,CALL,0.2470146248560069,0.0389268490595745,24300.0,24350.0,25,1425.0,69.59787097,1355.40212903,DELTA_EXIT,CALL,45382.72464309026,54677.63935359025,9294.914710499994,validation,2024-12-26 00:00:00+05:30,CALL,CALL,False,,,,1355.40212903,
2024-12-26,2024-12-24 09:33:00+05:30,2024-12-26 14:09:00+05:30,CALL,0.2271109493938163,0.0389377335159653,23900.0,23950.0,25,1072.499999999999,55.514666305000006,1016.9853336949992,DELTA_EXIT,CALL,46399.709976785256,54677.63935359025,8277.929376804997,validation,2024-12-26 00:00:00+05:30,CALL,CALL,False,,,,1016.9853336949992,
2025-01-02,2024-12-27 09:20:00+05:30,2024-12-31 10:12:00+05:30,CALL,0.238717774783331,0.0398275154342585,24150.0,24200.0,75,4860.000000000002,101.16499378,4758.835006220002,DELTA_EXIT,CALL,51158.54498300526,54677.63935359025,3519.094370584993,validation,2025-01-02 00:00:00+05:30,CALL,CALL,False,,,,4758.835006220002,
2025-01-02,2024-12-31 10:13:00+05:30,2025-01-01 10:49:00+05:30,CALL,0.2585361047319261,0.5141660210042458,23700.0,23750.0,75,-7987.500000000007,212.525025835,-8200.025025835008,DELTA_EXIT,PUT,42958.519957170254,54677.63935359025,11719.11939642,validation,2025-01-02 00:00:00+05:30,CALL,CALL,False,,,,-8200.025025835008,
2025-01-02,2025-01-01 10:50:00+05:30,2025-01-02 12:25:00+05:30,PUT,-0.2277662272212616,-0.0391718312502711,23500.0,23450.0,75,3397.500000000005,84.607090735,3312.892909265005,DELTA_EXIT,PUT,46271.41286643526,54677.63935359025,8406.226487154992,validation,2025-01-02 00:00:00+05:30,PUT,PUT,False,,,,3312.892909265005,
2025-01-09,2025-01-03 09:20:00+05:30,2025-01-06 10:51:00+05:30,PUT,-0.252052627518272,-0.5046209301038151,23850.0,23800.0,75,-6615.000000000014,239.18406061,-6854.184060610014,DELTA_EXIT,CALL,39417.228805825245,54677.63935359025,15260.410547765008,validation,2025-01-09 00:00:00+05:30,PUT,PUT,False,,,,-6854.184060610014,
2025-01-09,2025-01-06 10:52:00+05:30,2025-01-08 10:34:00+05:30,CALL,0.2666290032242678,0.0395172516175198,24100.0,24150.0,75,4680.000000000003,101.2460719,4578.753928100003,DELTA_EXIT,CALL,43995.98273392525,54677.63935359025,10681.656619665002,validation,2025-01-09 00:00:00+05:30,CALL,CALL,False,,,,4578.753928100003,
2025-01-09,2025-01-08 10:35:00+05:30,2025-01-09 13:01:00+05:30,CALL,0.2457203471241914,0.0387194485191789,23750.0,23800.0,75,3554.999999999999,72.41292274,3482.587077259999,DELTA_EXIT,CALL,47478.56981118525,54677.63935359025,7199.069542404999,validation,2025-01-09 00:00:00+05:30,CALL,CALL,False,,,,3482.587077259999,
2025-01-16,2025-01-10 09:20:00+05:30,2025-01-13 14:23:00+05:30,CALL,0.2364975293481895,0.0398452270329859,23900.0,23950.0,75,4657.500000000004,99.530330935,4557.969669065004,DELTA_EXIT,CALL,52036.539480250256,54677.63935359025,2641.099873339997,validation,2025-01-16 00:00:00+05:30,CALL,CALL,False,,,,4557.969669065004,
2025-01-16,2025-01-13 14:24:00+05:30,2025-01-16 09:32:00+05:30,CALL,0.2545159326974913,0.5333869162552348,23350.0,23400.0,75,-337.4999999999968,108.641657155,-446.1416571549968,DELTA_EXIT,PUT,51590.397823095256,54677.63935359025,3087.2415304949973,validation,2025-01-16 00:00:00+05:30,CALL,CALL,False,,,,-446.1416571549968,
2025-01-23,2025-01-17 09:20:00+05:30,2025-01-23 10:07:00+05:30,PUT,-0.2620542323617574,-0.038793956398282,22900.0,22850.0,75,4365.000000000002,108.96497401,4256.0350259900015,DELTA_EXIT,PUT,55846.43284908526,55846.43284908526,0.0,validation,2025-01-23 00:00:00+05:30,PUT,PUT,False,,,,4256.0350259900015,
2025-01-30,2025-01-24 09:20:00+05:30,2025-01-27 09:15:00+05:30,PUT,-0.2509314528969544,-0.5035611645579499,22950.0,22900.0,25,-1395.0000000000018,108.61285675,-1503.6128567500018,DELTA_EXIT,CALL,54342.81999233525,55846.43284908526,1503.6128567500054,validation,2025-01-30 00:00:00+05:30,PUT,PUT,False,,,,-1503.6128567500018,
2025-01-30,2025-01-27 09:20:00+05:30,2025-01-30 09:32:00+05:30,CALL,0.2579164752576057,0.5032822081224928,23200.0,23250.0,25,-1717.4999999999964,93.225240145,-1810.7252401449964,DELTA_EXIT,PUT,52532.094752190256,55846.43284908526,3314.3380968950005,validation,2025-01-30 00:00:00+05:30,CALL,CALL,False,,,,-1810.7252401449964,
2025-02-06,2025-01-31 09:20:00+05:30,2025-02-04 09:15:00+05:30,PUT,-0.2410977908213649,-0.0300861543482554,22750.0,22700.0,75,4140.000000000002,146.82511507,3993.174884930002,DELTA_EXIT,PUT,56525.26963712026,56525.26963712026,0.0,validation,2025-02-06 00:00:00+05:30,PUT,PUT,False,,,,3993.174884930002,
2025-02-06,2025-02-04 09:20:00+05:30,2025-02-06 09:16:00+05:30,PUT,-0.2690075782620217,-0.0357104618927088,23350.0,23300.0,75,3622.5000000000055,85.05297197499999,3537.447028025005,DELTA_EXIT,PUT,60062.716665145264,60062.716665145264,0.0,validation,2025-02-06 00:00:00+05:30,PUT,PUT,False,,,,3537.447028025005,
2025-02-13,2025-02-07 09:20:00+05:30,2025-02-11 12:09:00+05:30,PUT,-0.2466716117721463,-0.5026679066932199,23250.0,23200.0,75,-5242.499999999996,176.81316443500003,-5419.313164434996,DELTA_EXIT,CALL,54643.403500710265,60062.716665145264,5419.313164435,validation,2025-02-13 00:00:00+05:30,PUT,PUT,False,,,,-5419.313164434996,
2025-02-13,2025-02-11 12:10:00+05:30,2025-02-12 09:46:00+05:30,CALL,0.2636708651670499,0.0380918532023415,23450.0,23500.0,75,4522.500000000002,90.709193695,4431.790806305002,DELTA_EXIT,CALL,59075.19430701526,60062.716665145264,987.5223581300016,validation,2025-02-13 00:00:00+05:30,CALL,CALL,False,,,,4431.790806305002,
2025-02-13,2025-02-12 09:47:00+05:30,2025-02-12 11:45:00+05:30,CALL,0.2634885007034673,0.5012464887005315,23050.0,23100.0,75,-5534.999999999993,169.70465722000003,-5704.704657219992,DELTA_EXIT,PUT,53370.48964979527,60062.716665145264,6692.227015349992,validation,2025-02-13 00:00:00+05:30,CALL,CALL,False,,,,-5704.704657219992,
2025-02-13,2025-02-12 11:46:00+05:30,2025-02-13 11:01:00+05:30,PUT,-0.2754261050941847,-0.039787480801768,22850.0,22800.0,75,4275.000000000004,83.66460601000001,4191.335393990004,DELTA_EXIT,PUT,57561.82504378528,60062.716665145264,2500.891621359988,validation,2025-02-13 00:00:00+05:30,PUT,PUT,False,,,,4191.335393990004,
2025-02-20,2025-02-14 09:20:00+05:30,2025-02-14 13:02:00+05:30,PUT,-0.2482652724131272,-0.507157274942019,22800.0,22750.0,75,-5265.000000000007,224.68477981,-5489.684779810007,DELTA_EXIT,CALL,52072.14026397527,60062.716665145264,7990.576401169994,validation,2025-02-20 00:00:00+05:30,PUT,PUT,False,,,,-5489.684779810007,
2025-02-20,2025-02-14 13:03:00+05:30,2025-02-20 12:30:00+05:30,CALL,0.2554355098637857,0.0397690802998631,23100.0,23150.0,75,4995.000000000004,107.08160845000002,4887.918391550003,DELTA_EXIT,CALL,56960.05865552528,60062.716665145264,3102.6580096199905,validation,2025-02-20 00:00:00+05:30,CALL,CALL,False,,,,4887.918391550003,
2025-02-27,2025-02-21 09:20:00+05:30,2025-02-24 13:38:00+05:30,CALL,0.2438016935245619,0.0389096153559849,23200.0,23250.0,75,4725.000000000004,97.43729467,4627.562705330004,DELTA_EXIT,CALL,61587.62136085528,61587.62136085528,0.0,validation,2025-02-27 00:00:00+05:30,CALL,CALL,False,,,,4627.562705330004,
2025-02-27,2025-02-24 13:39:00+05:30,2025-02-27 11:12:00+05:30,CALL,0.242467523897118,0.039473219794202,22750.0,22800.0,75,4770.000000000004,82.64184511000002,4687.358154890004,DELTA_EXIT,CALL,66274.97951574528,66274.97951574528,0.0,validation,2025-02-27 00:00:00+05:30,CALL,CALL,False,,,,4687.358154890004,
2025-03-06,2025-02-28 09:20:00+05:30,2025-03-04 09:15:00+05:30,CALL,0.2480355984666965,0.0316895861180052,22600.0,22650.0,75,5557.500000000004,96.978119305,5460.521880695003,DELTA_EXIT,CALL,71735.50139644028,71735.50139644028,0.0,validation,2025-03-06 00:00:00+05:30,CALL,CALL,False,,,,5460.521880695003,
2025-03-06,2025-03-04 09:20:00+05:30,2025-03-05 09:31:00+05:30,CALL,0.2345473131887481,0.5023538262924179,22200.0,22250.0,75,-6817.5,135.343878925,-6952.843878925,DELTA_EXIT,PUT,64782.65751751528,71735.50139644028,6952.843878924999,validation,2025-03-06 00:00:00+05:30,CALL,CALL,False,,,,-6952.843878925,
2025-03-06,2025-03-05 09:32:00+05:30,2025-03-06 09:15:00+05:30,PUT,-0.2455453250215431,-0.0356329486123552,22050.0,22000.0,75,3600.000000000004,75.25508125,3524.744918750004,DELTA_EXIT,PUT,68307.40243626529,71735.50139644028,3428.0989601749898,validation,2025-03-06 00:00:00+05:30,PUT,PUT,False,,,,3524.744918750004,
2025-03-13,2025-03-07 09:20:00+05:30,2025-03-13 10:00:00+05:30,PUT,-0.2307536757365913,-0.0390812599789431,22250.0,22200.0,75,3757.500000000004,92.905935025,3664.594064975004,DELTA_EXIT,PUT,71971.99650124028,71971.99650124028,0.0,validation,2025-03-13 00:00:00+05:30,PUT,PUT,False,,,,3664.594064975004,
2025-03-20,2025-03-17 09:20:00+05:30,2025-03-19 09:15:00+05:30,PUT,-0.2359820904285788,-0.0377588174239802,22300.0,22250.0,75,3285.0,83.56330677999999,3201.43669322,DELTA_EXIT,PUT,75173.43319446029,75173.43319446029,0.0,validation,2025-03-20 00:00:00+05:30,PUT,PUT,False,,,,3201.43669322,
2025-03-20,2025-03-19 09:20:00+05:30,2025-03-20 09:44:00+05:30,PUT,-0.242187294395975,-0.0395287883803241,22700.0,22650.0,75,3172.500000000002,75.78439802499999,3096.715601975002,DELTA_EXIT,PUT,78270.14879643529,78270.14879643529,0.0,validation,2025-03-20 00:00:00+05:30,PUT,PUT,False,,,,3096.715601975002,
2025-03-27,2025-03-21 09:20:00+05:30,2025-03-25 09:34:00+05:30,PUT,-0.2427956890334068,-0.0392645044612242,22950.0,22900.0,75,4117.5000000000055,92.99634596500002,4024.5036540350056,DELTA_EXIT,PUT,82294.6524504703,82294.6524504703,0.0,validation,2025-03-27 00:00:00+05:30,PUT,PUT,False,,,,4024.5036540350056,
2025-03-27,2025-03-25 09:35:00+05:30,2025-03-26 13:18:00+05:30,PUT,-0.264548339989586,-0.5226757873252132,23550.0,23500.0,75,-4882.500000000001,150.089359765,-5032.589359765001,DELTA_EXIT,CALL,77262.0630907053,82294.6524504703,5032.589359764999,validation,2025-03-27 00:00:00+05:30,PUT,PUT,False,,,,-5032.589359765001,
2025-03-27,2025-03-26 13:19:00+05:30,2025-03-27 14:31:00+05:30,CALL,0.2687109913015247,0.0352590002581931,23700.0,23750.0,75,5332.499999999999,79.399764355,5253.100235644999,DELTA_EXIT,CALL,82515.1633263503,82515.1633263503,0.0,validation,2025-03-27 00:00:00+05:30,CALL,CALL,False,,,,5253.100235644999,
2025-04-03,2025-03-28 09:20:00+05:30,2025-04-01 10:31:00+05:30,CALL,0.2520534252390087,0.0398726707922235,23900.0,23950.0,75,4410.000000000002,104.01964447,4305.980355530002,DELTA_EXIT,CALL,86821.1436818803,86821.1436818803,0.0,validation,2025-04-03 00:00:00+05:30,CALL,CALL,False,,,,4305.980355530002,
2025-04-03,2025-04-01 10:32:00+05:30,2025-04-03 09:15:00+05:30,CALL,0.2307781126841512,0.0373670015221406,23500.0,23550.0,75,4477.5,79.40603465500001,4398.093965345,DELTA_EXIT,CALL,91219.23764722532,91219.23764722532,0.0,validation,2025-04-03 00:00:00+05:30,CALL,CALL,False,,,,4398.093965345,
2025-09-02,2025-08-26 09:20:00+05:30,2025-08-28 15:07:00+05:30,CALL,0.2360071350568398,0.038878559532598,25100.0,25150.0,75,3937.500000000004,90.762224935,3846.737775065004,DELTA_EXIT,CALL,95065.97542229031,95065.97542229031,0.0,validation,2025-09-02 00:00:00+05:30,CALL,CALL,False,,,,3846.737775065004,
2025-09-02,2025-08-28 15:08:00+05:30,2025-09-02 09:50:00+05:30,CALL,0.2671114388717115,0.5030799174681255,24700.0,24750.0,75,-3239.9999999999964,108.51782782,-3348.5178278199965,DELTA_EXIT,PUT,91717.45759447032,95065.97542229031,3348.517827819989,validation,2025-09-02 00:00:00+05:30,CALL,CALL,False,,,,-3348.5178278199965,
2025-09-09,2025-09-03 09:20:00+05:30,2025-09-08 09:15:00+05:30,PUT,-0.2629061775385238,-0.0372077195388231,24350.0,24300.0,75,3915.000000000002,91.31958859,3823.6804114100014,DELTA_EXIT,PUT,95541.13800588032,95541.13800588032,0.0,validation,2025-09-09 00:00:00+05:30,PUT,PUT,False,,,,3823.6804114100014,
2025-09-09,2025-09-08 09:20:00+05:30,2025-09-09 13:28:00+05:30,PUT,-0.2186539597158526,-0.0396472703374533,24650.0,24600.0,75,2812.499999999999,66.727852195,2745.772147804999,DELTA_EXIT,PUT,98286.91015368533,98286.91015368533,0.0,validation,2025-09-09 00:00:00+05:30,PUT,PUT,False,,,,2745.772147804999,
2025-09-16,2025-09-10 09:20:00+05:30,2025-09-15 12:00:00+05:30,PUT,-0.2316645279620411,-0.0398033965105834,24750.0,24700.0,75,3442.500000000001,82.22952752500001,3360.270472475001,DELTA_EXIT,PUT,101647.18062616032,101647.18062616032,0.0,validation,2025-09-16 00:00:00+05:30,PUT,PUT,False,,,,3360.270472475001,
2025-09-16,2025-09-15 12:01:00+05:30,2025-09-16 13:23:00+05:30,PUT,-0.2134899584594698,-0.0395112492573852,25000.0,24950.0,75,2542.499999999999,62.00859842499999,2480.491401574999,DELTA_EXIT,PUT,104127.67202773532,104127.67202773532,0.0,validation,2025-09-16 00:00:00+05:30,PUT,PUT,False,,,,2480.491401574999,
2025-09-23,2025-09-17 09:20:00+05:30,2025-09-23 11:13:00+05:30,PUT,-0.2275288257024507,-0.5037915216327065,25100.0,25050.0,75,-4252.499999999998,93.441010675,-4345.941010674998,DELTA_EXIT,CALL,99781.73101706032,104127.67202773532,4345.941010675,validation,2025-09-23 00:00:00+05:30,PUT,PUT,False,,,,-4345.941010674998,
2025-09-30,2025-09-24 09:20:00+05:30,2025-09-26 14:08:00+05:30,CALL,0.2610792859428108,0.0393592817763555,25300.0,25350.0,75,5129.999999999999,93.29798308,5036.702016919999,DELTA_EXIT,CALL,104818.43303398031,104818.43303398031,0.0,validation,2025-09-30 00:00:00+05:30,CALL,CALL,False,,,,5036.702016919999,
2025-09-30,2025-09-26 14:09:00+05:30,2025-09-30 13:23:00+05:30,CALL,0.2400503351547434,0.0390236271304358,24850.0,24900.0,75,3915.000000000002,78.22818976,3836.771810240001,DELTA_EXIT,CALL,108655.20484422032,108655.20484422032,0.0,validation,2025-09-30 00:00:00+05:30,CALL,CALL,False,,,,3836.771810240001,
2025-10-07,2025-10-01 09:20:00+05:30,2025-10-01 14:43:00+05:30,CALL,0.2470084026836889,0.5156659804697101,24850.0,24900.0,75,-7289.999999999994,164.22308392000002,-7454.223083919995,DELTA_EXIT,PUT,101200.98176030032,108655.20484422032,7454.223083919991,validation,2025-10-07 00:00:00+05:30,CALL,CALL,False,,,,-7454.223083919995,
2025-10-07,2025-10-01 14:44:00+05:30,2025-10-07 09:15:00+05:30,PUT,-0.2693811844329352,-0.0248741792139224,24700.0,24650.0,75,3667.500000000001,81.24419474499999,3586.2558052550007,DELTA_EXIT,PUT,104787.23756555532,108655.20484422032,3867.96727866499,validation,2025-10-07 00:00:00+05:30,PUT,PUT,False,,,,3586.2558052550007,
2025-10-14,2025-10-08 09:20:00+05:30,2025-10-14 09:28:00+05:30,PUT,-0.2765703977037801,-0.0390634966429455,25000.0,24950.0,75,4027.500000000005,84.36541184499998,3943.1345881550046,DELTA_EXIT,PUT,108730.37215371033,108730.37215371033,0.0,validation,2025-10-14 00:00:00+05:30,PUT,PUT,False,,,,3943.1345881550046,
2025-10-28,2025-10-23 09:20:00+05:30,2025-10-24 11:06:00+05:30,PUT,-0.2387523398411525,-0.5011172136221073,25800.0,25750.0,75,-5804.999999999999,141.32827759,-5946.328277589999,DELTA_EXIT,CALL,102784.04387612033,108730.37215371033,5946.328277590001,validation,2025-10-28 00:00:00+05:30,PUT,PUT,False,,,,-5946.328277589999,
2025-10-28,2025-10-24 11:07:00+05:30,2025-10-27 12:05:00+05:30,CALL,0.2684352192738208,0.5032456363472864,26000.0,26050.0,75,-8527.499999999993,160.739421115,-8688.239421114993,DELTA_EXIT,PUT,94095.80445500532,108730.37215371033,14634.567698704996,validation,2025-10-28 00:00:00+05:30,CALL,CALL,False,,,,-8688.239421114993,
2025-10-28,2025-10-27 12:06:00+05:30,2025-10-28 10:07:00+05:30,PUT,-0.2827095172861511,-0.5013945725812503,25900.0,25850.0,75,-6097.499999999997,111.27825152500002,-6208.778251524997,DELTA_EXIT,CALL,87887.02620348033,108730.37215371033,20843.34595023,validation,2025-10-28 00:00:00+05:30,PUT,PUT,False,,,,-6208.778251524997,
2025-11-04,2025-10-29 09:20:00+05:30,2025-11-03 09:15:00+05:30,CALL,0.2472452076437811,0.0319796468643294,26300.0,26350.0,75,5085.0000000000055,102.83161639,4982.168383610006,DELTA_EXIT,CALL,92869.19458709034,108730.37215371033,15861.177566619985,validation,2025-11-04 00:00:00+05:30,CALL,CALL,False,,,,4982.168383610006,
2025-11-04,2025-11-03 09:20:00+05:30,2025-11-04 12:28:00+05:30,CALL,0.2362563689494086,0.0395734241877175,25900.0,25950.0,75,3847.5,78.595350295,3768.904649705,DELTA_EXIT,CALL,96638.09923679534,108730.37215371033,12092.272916914982,validation,2025-11-04 00:00:00+05:30,CALL,CALL,False,,,,3768.904649705,
2025-11-11,2025-11-06 09:20:00+05:30,2025-11-07 10:09:00+05:30,CALL,0.2610257279615894,0.0396211996717623,25900.0,25950.0,75,5354.999999999999,94.45947133,5260.540528669999,DELTA_EXIT,CALL,101898.63976546534,108730.37215371033,6831.7323882449855,validation,2025-11-11 00:00:00+05:30,CALL,CALL,False,,,,5260.540528669999,
2025-11-11,2025-11-07 10:10:00+05:30,2025-11-07 12:50:00+05:30,CALL,0.2771078578745833,0.503545837443212,25500.0,25550.0,75,-5444.999999999991,150.51110701000002,-5595.511107009991,DELTA_EXIT,PUT,96303.12865845536,108730.37215371033,12427.24349525498,validation,2025-11-11 00:00:00+05:30,CALL,CALL,False,,,,-5595.511107009991,
2025-11-11,2025-11-07 12:51:00+05:30,2025-11-11 12:21:00+05:30,PUT,-0.2589614887982101,-0.0393677680880278,25350.0,25300.0,75,3960.0,76.01900466999999,3883.98099533,DELTA_EXIT,PUT,100187.10965378534,108730.37215371033,8543.262499924982,validation,2025-11-11 00:00:00+05:30,PUT,PUT,False,,,,3883.98099533,
2025-11-18,2025-11-12 09:20:00+05:30,2025-11-17 15:09:00+05:30,PUT,-0.2477166811888689,-0.0399285346317598,25600.0,25550.0,75,3375.0,89.28971833,3285.71028167,DELTA_EXIT,PUT,103472.81993545537,108730.37215371033,5257.552218254976,validation,2025-11-18 00:00:00+05:30,PUT,PUT,False,,,,3285.71028167,
2025-11-18,2025-11-17 15:10:00+05:30,2025-11-18 09:59:00+05:30,PUT,-0.2587398893142496,-0.5095234610606307,25900.0,25850.0,75,-6390.0,103.07528653,-6493.07528653,DELTA_EXIT,CALL,96979.74464892536,108730.37215371033,11750.627504784978,validation,2025-11-18 00:00:00+05:30,PUT,PUT,False,,,,-6493.07528653,
2025-11-25,2025-11-19 09:20:00+05:30,2025-11-20 12:00:00+05:30,CALL,0.2434926604255094,0.503129633707321,26150.0,26200.0,75,-6862.5,187.098325825,-7049.598325825,DELTA_EXIT,PUT,89930.14632310034,108730.37215371033,18800.225830609983,validation,2025-11-25 00:00:00+05:30,CALL,CALL,False,,,,-7049.598325825,
2025-11-25,2025-11-20 12:01:00+05:30,2025-11-24 15:20:00+05:30,PUT,-0.2588572809192454,-0.5050850344694031,25950.0,25900.0,75,-3779.999999999993,121.30523212,-3901.305232119993,DELTA_EXIT,CALL,86028.84109098035,108730.37215371033,22701.531062729977,validation,2025-11-25 00:00:00+05:30,PUT,PUT,False,,,,-3901.305232119993,
2025-11-25,2025-11-24 15:21:00+05:30,2025-11-25 14:27:00+05:30,CALL,0.2192921879561044,0.0312435479472955,26100.0,26150.0,75,3914.999999999998,68.25178615,3846.748213849998,DELTA_EXIT,CALL,89875.58930483036,108730.37215371033,18854.78284887997,validation,2025-11-25 00:00:00+05:30,CALL,CALL,False,,,,3846.748213849998,
2025-12-02,2025-11-26 09:20:00+05:30,2025-11-27 09:19:00+05:30,CALL,0.2309530209992929,0.5048996283137503,26250.0,26300.0,75,-7560.000000000005,190.94844406,-7750.948444060005,DELTA_EXIT,PUT,82124.64086077035,108730.37215371033,26605.731292939978,validation,2025-12-02 00:00:00+05:30,CALL,CALL,False,,,,-7750.948444060005,
2025-12-02,2025-11-27 09:20:00+05:30,2025-12-02 10:17:00+05:30,PUT,-0.2439871898412262,-0.5010098468113406,26050.0,26000.0,75,-5309.999999999997,105.91428568,-5415.914285679997,DELTA_EXIT,CALL,76708.72657509035,108730.37215371033,32021.64557861998,validation,2025-12-02 00:00:00+05:30,PUT,PUT,False,,,,-5415.914285679997,
2025-12-09,2025-12-03 09:20:00+05:30,2025-12-09 09:15:00+05:30,CALL,0.2684367338630169,0.0310015518893802,26250.0,26300.0,75,5512.500000000004,95.81974199500002,5416.680258005003,DELTA_EXIT,CALL,82125.40683309535,108730.37215371033,26604.96532061498,validation,2025-12-09 00:00:00+05:30,CALL,CALL,False,,,,5416.680258005003,
2025-12-16,2025-12-10 09:20:00+05:30,2025-12-16 11:42:00+05:30,CALL,0.2404667243489103,0.0398961525009737,26100.0,26150.0,75,4635.000000000002,87.50143011999998,4547.498569880002,DELTA_EXIT,CALL,86672.90540297535,108730.37215371033,22057.46675073498,validation,2025-12-16 00:00:00+05:30,CALL,CALL,False,,,,4547.498569880002,
2025-12-23,2025-12-17 09:20:00+05:30,2025-12-22 09:20:00+05:30,CALL,0.2615788280454714,0.517356504188924,26100.0,26150.0,75,-6074.999999999994,141.44989477,-6216.449894769994,DELTA_EXIT,PUT,80456.45550820536,108730.37215371033,28273.91664550497,validation,2025-12-23 00:00:00+05:30,CALL,CALL,False,,,,-6216.449894769994,
2025-12-23,2025-12-22 09:21:00+05:30,2025-12-23 11:10:00+05:30,PUT,-0.2507879998537381,-0.0379171786961506,26000.0,25950.0,75,3532.499999999999,68.67664433499999,3463.823355665,DELTA_EXIT,PUT,83920.27886387035,108730.37215371033,24810.093289839977,validation,2025-12-23 00:00:00+05:30,PUT,PUT,False,,,,3463.823355665,
2025-12-30,2025-12-24 09:20:00+05:30,2025-12-26 11:47:00+05:30,PUT,-0.2737987131216279,-0.5005227164507458,26050.0,26000.0,75,-3689.9999999999945,116.50801117,-3806.5080111699945,DELTA_EXIT,CALL,80113.77085270036,108730.37215371033,28616.60130100997,validation,2025-12-30 00:00:00+05:30,PUT,PUT,False,,,,-3806.5080111699945,
2025-12-30,2025-12-26 11:48:00+05:30,2025-12-30 09:15:00+05:30,CALL,0.221755634278058,0.0338247574974603,26200.0,26250.0,75,4050.0,67.64374867000001,3982.35625133,DELTA_EXIT,CALL,84096.12710403035,108730.37215371033,24634.24504967997,validation,2025-12-30 00:00:00+05:30,CALL,CALL,False,,,,3982.35625133,
2026-01-06,2025-12-31 09:20:00+05:30,2026-01-02 09:27:00+05:30,CALL,0.2666002166181183,0.5014379144570509,26200.0,26250.0,65,-4913.999999999998,124.274344828,-5038.274344827998,DELTA_EXIT,PUT,79057.85275920236,108730.37215371033,29672.519394507966,holdout,2026-01-06 00:00:00+05:30,CALL,CALL,False,,,,-5038.274344827998,
2026-01-06,2026-01-02 09:28:00+05:30,2026-01-06 14:47:00+05:30,PUT,-0.2723562983460522,-0.0337649832970128,26100.0,26050.0,65,3393.0,67.341941482,3325.658058518,DELTA_EXIT,PUT,82383.51081772037,108730.37215371033,26346.86133598996,holdout,2026-01-06 00:00:00+05:30,PUT,PUT,False,,,,3325.658058518,
2026-01-13,2026-01-07 09:20:00+05:30,2026-01-08 11:58:00+05:30,PUT,-0.2274812972490337,-0.5174506951291287,25950.0,25900.0,65,-4601.999999999996,126.432170758,-4728.432170757997,DELTA_EXIT,CALL,77655.07864696237,108730.37215371033,31075.29350674796,holdout,2026-01-13 00:00:00+05:30,PUT,PUT,False,,,,-4728.432170757997,
2026-01-13,2026-01-08 11:59:00+05:30,2026-01-12 09:15:00+05:30,CALL,0.2330681153697683,0.038603069072254,26150.0,26200.0,65,3549.000000000002,76.611046834,3472.388953166002,DELTA_EXIT,CALL,81127.46760012837,108730.37215371033,27602.90455358196,holdout,2026-01-13 00:00:00+05:30,CALL,CALL,False,,,,3472.388953166002,
2026-01-13,2026-01-12 09:20:00+05:30,2026-01-12 13:36:00+05:30,CALL,0.248098716747344,0.5045172958045796,25750.0,25800.0,65,-5693.999999999995,120.649153414,-5814.649153413995,DELTA_EXIT,PUT,75312.81844671437,108730.37215371033,33417.553706995954,holdout,2026-01-13 00:00:00+05:30,CALL,CALL,False,,,,-5814.649153413995,
2026-01-13,2026-01-12 13:37:00+05:30,2026-01-13 14:46:00+05:30,PUT,-0.235658772696679,-0.0348020149018438,25600.0,25550.0,65,2827.499999999998,65.772565609,2761.7274343909985,DELTA_EXIT,PUT,78074.54588110537,108730.37215371033,30655.82627260496,holdout,2026-01-13 00:00:00+05:30,PUT,PUT,False,,,,2761.7274343909985,
2026-01-20,2026-01-14 09:20:00+05:30,2026-01-20 09:54:00+05:30,PUT,-0.2331016243582196,-0.543153007194054,25450.0,25400.0,65,-6025.499999999996,115.946376127,-6141.446376126996,DELTA_EXIT,CALL,71933.09950497837,108730.37215371033,36797.27264873196,holdout,2026-01-20 00:00:00+05:30,PUT,PUT,False,,,,-6141.446376126996,
2026-01-27,2026-01-21 09:20:00+05:30,2026-01-27 09:21:00+05:30,CALL,0.2505832836136937,0.0358046139310933,25500.0,25550.0,65,4368.000000000002,94.410140536,4273.589859464002,DELTA_EXIT,CALL,76206.68936444237,108730.37215371033,32523.68278926796,holdout,2026-01-27 00:00:00+05:30,CALL,CALL,False,,,,4273.589859464002,
2026-02-03,2026-01-28 09:20:00+05:30,2026-02-01 14:49:00+05:30,CALL,0.238775495581444,0.037620646838275,25800.0,25850.0,65,4134.000000000004,113.011878574,4020.988121426004,DELTA_EXIT,CALL,80227.67748586838,108730.37215371033,28502.694667841948,holdout,2026-02-03 00:00:00+05:30,CALL,CALL,False,,,,4020.988121426004,
2026-02-03,2026-02-01 14:50:00+05:30,2026-02-03 09:23:00+05:30,CALL,0.2506068513987516,0.9274073305596172,25250.0,25300.0,65,-14761.499999999964,503.92660255300007,-15265.426602552963,DELTA_EXIT,PUT,64962.25088331541,108730.37215371033,43768.12127039491,holdout,2026-02-03 00:00:00+05:30,CALL,CALL,False,,,,-15265.426602552963,
2026-02-10,2026-02-04 09:20:00+05:30,2026-02-10 09:15:00+05:30,PUT,-0.2415389026836785,-0.0257485040247704,25400.0,25350.0,65,3510.0,98.043504322,3411.956495678,DELTA_EXIT,PUT,68374.20737899341,108730.37215371033,40356.16477471692,holdout,2026-02-10 00:00:00+05:30,PUT,PUT,False,,,,3411.956495678,
2026-02-17,2026-02-11 09:20:00+05:30,2026-02-13 09:15:00+05:30,PUT,-0.2308011556139203,-0.8195212842538554,25750.0,25700.0,65,-9282.000000000004,189.100199038,-9471.100199038005,DELTA_EXIT,CALL,58903.107179955405,108730.37215371033,49827.26497375492,holdout,2026-02-17 00:00:00+05:30,PUT,PUT,False,,,,-9471.100199038005,
2026-02-17,2026-02-13 09:20:00+05:30,2026-02-17 14:31:00+05:30,CALL,0.2480391773008103,0.0394104674376826,25800.0,25850.0,65,3588.0000000000014,77.505528058,3510.4944719420014,DELTA_EXIT,CALL,62413.60165189741,108730.37215371033,46316.77050181292,holdout,2026-02-17 00:00:00+05:30,CALL,CALL,False,,,,3510.4944719420014,
2026-02-24,2026-02-18 09:20:00+05:30,2026-02-24 09:18:00+05:30,CALL,0.2655651992187415,0.0381525414113055,25950.0,26000.0,65,4153.499999999999,88.30483120900001,4065.195168790999,DELTA_EXIT,CALL,66478.79682068841,108730.37215371033,42251.57533302192,holdout,2026-02-24 00:00:00+05:30,CALL,CALL,False,,,,4065.195168790999,
2026-03-02,2026-02-25 09:20:00+05:30,2026-03-02 09:15:00+05:30,CALL,0.2391534687802912,0.013705931588832,25850.0,25900.0,65,4017.000000000004,87.45426730000001,3929.545732700004,DELTA_EXIT,CALL,70408.34255338841,108730.37215371033,38322.02960032191,holdout,2026-03-02 00:00:00+05:30,CALL,CALL,False,,,,3929.545732700004,
2026-03-10,2026-03-04 09:20:00+05:30,2026-03-09 09:18:00+05:30,CALL,0.2493852556047791,0.0383258543493817,24900.0,24950.0,65,4406.999999999998,129.925969534,4277.074030465999,DELTA_EXIT,CALL,74685.41658385441,108730.37215371033,34044.95556985591,holdout,2026-03-10 00:00:00+05:30,CALL,CALL,False,,,,4277.074030465999,
2026-03-10,2026-03-09 09:20:00+05:30,2026-03-10 09:15:00+05:30,CALL,0.2633865160171249,0.5721428559426204,24150.0,24200.0,65,-5284.500000000004,190.364070907,-5474.864070907003,DELTA_EXIT,PUT,69210.55251294741,108730.37215371033,39519.81964076292,holdout,2026-03-10 00:00:00+05:30,CALL,CALL,False,,,,-5474.864070907003,
2026-03-17,2026-03-11 09:20:00+05:30,2026-03-12 09:15:00+05:30,PUT,-0.2472421565853796,-0.6512901600143601,23850.0,23800.0,65,-7819.499999999982,405.472417087,-8224.972417086981,DELTA_EXIT,CALL,60985.58009586043,108730.37215371033,47744.792057849896,holdout,2026-03-17 00:00:00+05:30,PUT,PUT,False,,,,-8224.972417086981,
2026-03-17,2026-03-12 09:20:00+05:30,2026-03-16 09:21:00+05:30,CALL,0.2608761704709319,0.0388415609383082,24050.0,24100.0,65,4601.999999999998,128.196448234,4473.803551765998,DELTA_EXIT,CALL,65459.383647626426,108730.37215371033,43270.9885060839,holdout,2026-03-17 00:00:00+05:30,CALL,CALL,False,,,,4473.803551765998,
2026-03-17,2026-03-16 09:22:00+05:30,2026-03-16 14:49:00+05:30,CALL,0.2546042107293145,0.5072661774584974,23450.0,23500.0,65,-5070.0,190.85116363,-5260.85116363,DELTA_EXIT,PUT,60198.53248399642,108730.37215371033,48531.8396697139,holdout,2026-03-17 00:00:00+05:30,CALL,CALL,False,,,,-5260.85116363,
2026-03-17,2026-03-16 14:50:00+05:30,2026-03-17 11:02:00+05:30,PUT,-0.2606899033238083,-0.0398298205927789,23150.0,23100.0,65,3451.5000000000064,101.243782273,3350.2562177270065,DELTA_EXIT,PUT,63548.78870172343,108730.37215371033,45181.583451986895,holdout,2026-03-17 00:00:00+05:30,PUT,PUT,False,,,,3350.2562177270065,
2026-03-24,2026-03-18 09:20:00+05:30,2026-03-19 09:18:00+05:30,PUT,-0.2432508427745872,-0.5011548237934513,23300.0,23250.0,65,-4972.5,278.984061457,-5251.484061457,DELTA_EXIT,CALL,58297.30464026643,108730.37215371033,50433.06751344389,holdout,2026-03-24 00:00:00+05:30,PUT,PUT,False,,,,-5251.484061457,
2026-03-24,2026-03-19 09:20:00+05:30,2026-03-23 09:52:00+05:30,CALL,0.2446908895608852,0.0398692868443998,23650.0,23700.0,65,3724.499999999999,105.717536467,3618.782463533,DELTA_EXIT,CALL,61916.08710379943,108730.37215371033,46814.2850499109,holdout,2026-03-24 00:00:00+05:30,CALL,CALL,False,,,,3618.782463533,
2026-03-24,2026-03-23 09:53:00+05:30,2026-03-24 12:52:00+05:30,CALL,0.245992657795766,0.5430879021783652,23000.0,23050.0,65,-5342.999999999996,165.473265838,-5508.473265837996,DELTA_EXIT,PUT,56407.61383796144,108730.37215371033,52322.75831574889,holdout,2026-03-24 00:00:00+05:30,CALL,CALL,False,,,,-5508.473265837996,
2026-03-30,2026-03-25 09:20:00+05:30,2026-03-30 09:15:00+05:30,PUT,-0.2475918689998283,-0.6930335888778659,22650.0,22600.0,65,-9360.000000000004,278.114750404,-9638.114750404004,DELTA_EXIT,CALL,46769.49908755743,108730.37215371033,61960.8730661529,holdout,2026-03-30 00:00:00+05:30,PUT,PUT,False,,,,-9638.114750404004,
2026-04-07,2026-04-01 09:20:00+05:30,2026-04-07 09:15:00+05:30,CALL,0.2477222551328366,0.0143137244966203,23450.0,23500.0,65,4212.000000000004,151.68243371800003,4060.317566282004,DELTA_EXIT,CALL,50829.81665383944,108730.37215371033,57900.55549987089,holdout,2026-04-07 00:00:00+05:30,CALL,CALL,False,,,,4060.317566282004,
2026-04-13,2026-04-08 09:20:00+05:30,2026-04-13 09:15:00+05:30,CALL,0.2593331236274938,0.0115483011186042,24300.0,24350.0,65,4465.500000000002,129.14576458899998,4336.354235411002,DELTA_EXIT,CALL,55166.17088925044,108730.37215371033,53564.20126445989,holdout,2026-04-13 00:00:00+05:30,CALL,CALL,False,,,,4336.354235411002,
2026-04-21,2026-04-15 09:20:00+05:30,2026-04-21 15:08:00+05:30,CALL,0.2480800392205999,0.0284836549541731,24600.0,24650.0,65,4738.500000000002,116.540176087,4621.959823913002,DELTA_EXIT,CALL,59788.13071316344,108730.37215371033,48942.24144054689,holdout,2026-04-21 00:00:00+05:30,CALL,CALL,False,,,,4621.959823913002,
2026-04-28,2026-04-22 09:20:00+05:30,2026-04-24 10:27:00+05:30,CALL,0.2516782089886994,0.0399480510315366,24850.0,24900.0,65,4192.5,125.246555509,4067.253444491,DELTA_EXIT,CALL,63855.38415765444,108730.37215371033,44874.98799605589,holdout,2026-04-28 00:00:00+05:30,CALL,CALL,False,,,,4067.253444491,
2026-04-28,2026-04-24 10:28:00+05:30,2026-04-28 12:19:00+05:30,CALL,0.26250863653347,0.0398761387360957,24250.0,24300.0,65,4251.000000000002,112.090338136,4138.9096618640015,DELTA_EXIT,CALL,67994.29381951844,108730.37215371033,40736.07833419189,holdout,2026-04-28 00:00:00+05:30,CALL,CALL,False,,,,4138.9096618640015,
2026-05-05,2026-04-29 09:20:00+05:30,2026-05-05 09:15:00+05:30,CALL,0.2377491663130361,0.0284619293175615,24450.0,24500.0,65,3919.500000000002,105.397331959,3814.1026680410014,DELTA_EXIT,CALL,71808.39648755944,108730.37215371033,36921.97566615089,holdout,2026-05-05 00:00:00+05:30,CALL,CALL,False,,,,3814.1026680410014,
2026-05-12,2026-05-06 09:20:00+05:30,2026-05-11 09:39:00+05:30,CALL,0.2358668498611394,0.039920961963146,24550.0,24600.0,65,4114.500000000002,113.769939787,4000.7300602130017,DELTA_EXIT,CALL,75809.12654777244,108730.37215371033,32921.24560593789,holdout,2026-05-12 00:00:00+05:30,CALL,CALL,False,,,,4000.7300602130017,
2026-05-12,2026-05-11 09:40:00+05:30,2026-05-12 09:15:00+05:30,CALL,0.2585709064870591,0.0361592188073214,24100.0,24150.0,65,4134.000000000001,95.54577748,4038.4542225200007,DELTA_EXIT,CALL,79847.58077029244,108730.37215371033,28882.79138341789,holdout,2026-05-12 00:00:00+05:30,CALL,CALL,False,,,,4038.4542225200007,
2026-05-19,2026-05-13 09:20:00+05:30,2026-05-19 13:41:00+05:30,CALL,0.2385755934481275,0.0386341959084899,23850.0,23900.0,65,4095.0,122.10046993,3972.89953007,DELTA_EXIT,CALL,83820.48030036244,108730.37215371033,24909.891853347886,holdout,2026-05-19 00:00:00+05:30,CALL,CALL,False,,,,3972.89953007,
