expiry,entry_ts,exit_ts,entry_spot,lot,gross,cost,net,net50,net20,net20_50,repairs_ce,repairs_pe,vix,vix_state
2021-06-03,2021-05-27 10:00:00+05:30,2021-05-27 15:15:00+05:30,15309.3,75,1226.2499999999982,84.80235482500001,1141.4476451749981,1099.0464677624982,1094.247645174998,1028.2464677624982,0,0,20.8700008392334,NORMAL
2021-06-03,2021-05-28 10:00:00+05:30,2021-05-28 15:15:00+05:30,15426.55,75,1488.75,78.899841775,1409.850158225,1370.4002373375,1362.650158225,1299.6002373375,0,0,19.90999984741211,LOW
2021-06-03,2021-05-31 10:00:00+05:30,2021-05-31 15:15:00+05:30,15463.5,75,-1608.75,73.93384682499999,-1682.683846825,-1719.6507702375,-1729.883846825,-1790.4507702375,0,0,17.399999618530273,LOW
2021-06-03,2021-06-01 10:00:00+05:30,2021-06-01 15:15:00+05:30,15612.05,75,1646.25,69.045624325,1577.204375675,1542.6815635125,1530.004375675,1471.8815635125,0,0,17.399999618530273,LOW
2021-06-03,2021-06-02 10:00:00+05:30,2021-06-02 15:15:00+05:30,15510.4,75,-3.7500000000002274,64.165755625,-67.91575562500023,-99.99863343750023,-115.11575562500022,-170.7986334375002,0,0,17.389999389648438,LOW
2021-06-10,2021-06-03 10:00:00+05:30,2021-06-03 15:15:00+05:30,15650.25,75,690.0,79.83008559999999,610.1699144,570.2548716,562.9699144,499.45487160000005,0,0,17.209999084472656,LOW
2021-06-10,2021-06-04 10:00:00+05:30,2021-06-04 15:15:00+05:30,15718.5,75,2077.5,77.12854165,2000.37145835,1961.807187525,1953.17145835,1891.007187525,0,0,15.75,LOW
2021-06-10,2021-06-07 10:00:00+05:30,2021-06-07 15:15:00+05:30,15703.4,75,-198.75,71.431919425,-270.181919425,-305.8978791375,-317.381919425,-376.6978791375,0,0,15.9399995803833,LOW
2021-06-10,2021-06-08 10:00:00+05:30,2021-06-08 15:15:00+05:30,15682.7,75,1196.250000000001,68.126277925,1128.1237220750008,1094.0605831125008,1080.923722075001,1023.260583112501,0,0,15.56999969482422,LOW
2021-06-10,2021-06-09 10:00:00+05:30,2021-06-09 14:42:00+05:30,15790.05,75,-7755.0,66.84474610000001,-7821.8447461,-7855.26711915,-7869.0447461,-7926.06711915,0,0,15.229999542236328,LOW
2021-06-17,2021-06-10 10:00:00+05:30,2021-06-10 15:15:00+05:30,15705.05,75,378.75,79.031253475,299.71874652500003,260.2031197875,252.518746525,189.40311978750003,0,0,14.75,LOW
2021-06-17,2021-06-11 10:00:00+05:30,2021-06-11 15:15:00+05:30,15813.75,75,1481.25,73.922958325,1407.327041675,1370.3655625125,1360.1270416749999,1299.5655625125,0,0,15.0,LOW
2021-06-17,2021-06-14 10:00:00+05:30,2021-06-14 15:15:00+05:30,15719.3,75,-412.49999999999955,72.63955225000001,-485.13955224999955,-521.4593283749996,-532.3395522499995,-592.2593283749995,0,0,14.100000381469728,LOW
2021-06-17,2021-06-15 10:00:00+05:30,2021-06-15 15:15:00+05:30,15885.2,75,588.75,65.60980277499999,523.1401972250001,490.3352958375,475.940197225,419.53529583750003,0,0,14.720000267028809,LOW
2021-06-17,2021-06-16 10:00:00+05:30,2021-06-16 15:15:00+05:30,15834.25,75,0.0,63.4537459,-63.4537459,-95.18061885,-110.65374590000002,-165.98061884999996,0,0,14.609999656677246,LOW
2021-06-24,2021-06-17 10:00:00+05:30,2021-06-17 15:15:00+05:30,15729.0,75,1147.5,81.71627724999999,1065.78372275,1024.9255841250001,1018.58372275,954.1255841249999,0,0,14.869999885559082,LOW
2021-06-24,2021-06-18 10:00:00+05:30,2021-06-18 15:15:00+05:30,15574.25,75,1548.7500000000005,82.75547747499999,1465.9945225250005,1424.6167837875005,1418.7945225250005,1353.8167837875005,0,0,15.289999961853027,LOW
2021-06-24,2021-06-21 10:00:00+05:30,2021-06-21 15:15:00+05:30,15583.45,75,-888.75,76.993658125,-965.743658125,-1004.2404871875,-1012.943658125,-1075.0404871875,0,0,14.800000190734863,LOW
2021-06-24,2021-06-22 10:00:00+05:30,2021-06-22 15:15:00+05:30,15861.55,75,-198.75,66.863783125,-265.613783125,-299.0456746875,-312.813783125,-369.8456746875,0,0,15.0600004196167,LOW
2021-06-24,2021-06-23 10:00:00+05:30,2021-06-23 15:15:00+05:30,15794.25,75,-1098.75,65.12155172499999,-1163.871551725,-1196.4323275875,-1211.071551725,-1267.2323275875,0,0,14.739999771118164,LOW
2021-07-01,2021-06-24 10:00:00+05:30,2021-06-24 15:15:00+05:30,15746.75,75,1068.749999999999,82.412864575,986.3371354249991,945.130703137499,939.1371354249991,874.3307031374991,0,0,15.369999885559082,LOW
2021-07-01,2021-06-25 10:00:00+05:30,2021-06-25 15:15:00+05:30,15788.05,75,2002.5,76.58947165000001,1925.91052835,1887.615792525,1878.71052835,1816.815792525,0,0,15.100000381469728,LOW
2021-07-01,2021-06-28 10:00:00+05:30,2021-06-28 15:15:00+05:30,15861.9,75,97.50000000000091,70.63467594999999,26.865324050000922,-8.452013924999093,-20.33467594999908,-79.25201392499912,0,0,13.369999885559082,LOW
2021-07-01,2021-06-29 10:00:00+05:30,2021-06-29 15:15:00+05:30,15771.7,75,1841.2500000000018,66.788563225,1774.4614367750019,1741.0671551625019,1727.2614367750018,1670.2671551625017,0,0,13.399999618530272,LOW
2021-07-01,2021-06-30 10:00:00+05:30,2021-06-30 15:15:00+05:30,15797.8,75,-375.0,61.7574604,-436.7574604,-467.63619059999996,-483.9574604,-538.4361906,0,0,13.0,LOW
2021-07-08,2021-07-01 10:00:00+05:30,2021-07-01 15:15:00+05:30,15729.6,75,933.75,74.807372275,858.942627725,821.5389415875,811.742627725,750.7389415875,0,0,13.050000190734863,LOW
2021-07-08,2021-07-02 10:00:00+05:30,2021-07-02 15:15:00+05:30,15670.75,75,825.0000000000005,71.112931,753.8870690000005,718.3306035000005,706.6870690000005,647.5306035000004,0,0,12.84000015258789,LOW
2021-07-08,2021-07-05 10:00:00+05:30,2021-07-05 15:15:00+05:30,15815.85,75,341.25,65.143435825,276.106564175,243.53484626250003,228.90656417500003,172.73484626249999,0,0,12.09000015258789,LOW
2021-07-08,2021-07-06 10:00:00+05:30,2021-07-06 15:15:00+05:30,15874.6,75,33.75000000000091,62.199453175,-28.449453174999093,-59.54917976249908,-75.64945317499908,-130.3491797624991,0,0,12.09000015258789,LOW
2021-07-08,2021-07-07 10:00:00+05:30,2021-07-07 15:15:00+05:30,15804.1,75,-678.7499999999982,61.188232824999986,-739.9382328249982,-770.5323492374982,-787.1382328249981,-841.3323492374982,0,0,12.279999732971191,LOW
2021-07-15,2021-07-08 10:00:00+05:30,2021-07-08 15:15:00+05:30,15850.1,75,-1796.25,75.848634175,-1872.098634175,-1910.0229512625,-1919.298634175,-1980.8229512625,0,0,12.210000038146973,LOW
2021-07-15,2021-07-09 10:00:00+05:30,2021-07-09 15:15:00+05:30,15686.45,75,1897.5,73.57482085000001,1823.92517915,1787.1377687250001,1776.72517915,1716.337768725,0,0,13.5600004196167,LOW
2021-07-15,2021-07-12 10:00:00+05:30,2021-07-12 15:15:00+05:30,15763.2,75,-277.5,67.07117335,-344.57117335,-378.10676002499997,-391.77117335,-448.906760025,0,0,12.9399995803833,LOW
2021-07-15,2021-07-13 10:00:00+05:30,2021-07-13 15:15:00+05:30,15774.25,75,-641.25,63.734945875,-704.984945875,-736.8524188125,-752.184945875,-807.6524188125,0,0,12.989999771118164,LOW
2021-07-15,2021-07-14 10:00:00+05:30,2021-07-14 15:15:00+05:30,15767.1,75,-1770.0,62.568885699999996,-1832.5688857,-1863.85332855,-1879.7688857,-1934.65332855,0,0,12.619999885559082,LOW
2021-07-22,2021-07-15 10:00:00+05:30,2021-07-15 15:15:00+05:30,15886.7,75,1046.25,73.635073525,972.614926475,935.7973897125,925.414926475,864.9973897125,0,0,12.59000015258789,LOW
2021-07-22,2021-07-16 10:00:00+05:30,2021-07-16 15:15:00+05:30,15946.4,75,1023.75,69.08780387499999,954.662196125,920.1182941874999,907.462196125,849.3182941875,0,0,12.270000457763672,LOW
2021-07-22,2021-07-19 10:00:00+05:30,2021-07-19 15:15:00+05:30,15826.0,75,-806.25,66.91731527499999,-873.167315275,-906.6259729125,-920.367315275,-977.4259729125,0,0,11.710000038146973,LOW
2021-07-22,2021-07-20 10:00:00+05:30,2021-07-20 15:15:00+05:30,15658.1,75,2122.5,64.16787085,2058.33212915,2026.248193725,2011.13212915,1955.448193725,0,0,12.68000030517578,LOW
2021-07-29,2021-07-22 10:00:00+05:30,2021-07-22 15:15:00+05:30,15784.05,50,1047.5000000000005,64.36251915000001,983.1374808500004,950.9562212750004,935.9374808500005,880.1562212750005,0,0,13.210000038146973,LOW
2021-07-29,2021-07-23 10:00:00+05:30,2021-07-23 15:15:00+05:30,15844.3,50,510.0,61.912803000000004,448.087197,417.1307955,400.887197,346.3307955,0,0,11.890000343322754,LOW
2021-07-29,2021-07-26 10:00:00+05:30,2021-07-26 15:15:00+05:30,15865.4,50,512.5,60.58835085,451.91164915,421.61747372499997,404.71164914999997,350.817473725,0,0,11.760000228881836,LOW
2021-07-29,2021-07-27 10:00:00+05:30,2021-07-27 15:15:00+05:30,15868.3,50,-1722.500000000001,59.28495575,-1781.784955750001,-1811.427433625001,-1828.9849557500008,-1882.227433625001,0,0,12.449999809265137,LOW
2021-07-29,2021-07-28 10:00:00+05:30,2021-07-28 15:15:00+05:30,15655.9,50,930.0,57.6694296,872.3305703999999,843.4958556,825.1305704,772.6958556,0,0,13.229999542236328,LOW
2021-08-05,2021-07-29 10:00:00+05:30,2021-07-29 15:15:00+05:30,15758.45,50,717.5000000000005,65.38513375,652.1148662500004,619.4222993750004,604.9148662500004,548.6222993750005,0,0,13.6899995803833,LOW
2021-08-05,2021-07-30 10:00:00+05:30,2021-07-30 15:15:00+05:30,15819.2,50,510.0,63.107087,446.892913,415.33936950000003,399.692913,344.5393695,0,0,12.949999809265137,LOW
2021-08-05,2021-08-02 10:00:00+05:30,2021-08-02 15:15:00+05:30,15856.8,50,2.5000000000004547,59.85326405,-57.353264049999545,-87.27989607499954,-104.55326404999954,-158.07989607499954,0,0,12.800000190734863,LOW
2021-08-05,2021-08-03 10:00:00+05:30,2021-08-03 15:15:00+05:30,15962.9,50,-4205.0,62.06265969999998,-4267.0626597,-4298.09398955,-4314.2626597,-4368.89398955,0,0,12.8100004196167,LOW
2021-08-05,2021-08-04 10:00:00+05:30,2021-08-04 15:15:00+05:30,16262.15,50,1570.0000000000002,57.30862160000001,1512.6913784000003,1484.0370676000002,1465.4913784000003,1413.2370676000003,0,0,13.75,LOW
2021-08-12,2021-08-05 10:00:00+05:30,2021-08-05 15:15:00+05:30,16253.3,50,582.5,66.88835365,515.61164635,482.167469525,468.41164635,411.36746952499993,0,0,13.210000038146973,LOW
2021-08-12,2021-08-06 10:00:00+05:30,2021-08-06 15:15:00+05:30,16318.0,50,625.0,64.6295611,560.3704389,528.0556583499999,513.1704389,457.25565835,0,0,12.869999885559082,LOW
2021-08-12,2021-08-09 10:00:00+05:30,2021-08-09 15:15:00+05:30,16311.8,50,457.5,60.80625175,396.69374825,366.290622375,349.49374825,295.49062237499993,0,0,12.609999656677246,LOW
2021-08-12,2021-08-10 10:00:00+05:30,2021-08-10 15:15:00+05:30,16309.45,50,817.5,58.71311315,758.78688685,729.430330275,711.58688685,658.630330275,0,0,12.609999656677246,LOW
2021-08-12,2021-08-11 10:00:00+05:30,2021-08-11 15:15:00+05:30,16227.5,50,1467.5,57.138029149999994,1410.36197085,1381.792956275,1363.16197085,1310.9929562749999,0,0,12.710000038146973,LOW
2021-08-18,2021-08-12 10:00:00+05:30,2021-08-12 15:15:00+05:30,16322.95,50,647.5,64.12868415,583.37131585,551.306973775,536.17131585,480.506973775,0,0,12.710000038146973,LOW
2021-08-18,2021-08-13 10:00:00+05:30,2021-08-13 15:15:00+05:30,16440.3,50,-840.0,62.89379140000001,-902.8937914,-934.3406871,-950.0937914,-1005.1406871,0,0,12.369999885559082,LOW
2021-08-18,2021-08-16 10:00:00+05:30,2021-08-16 15:15:00+05:30,16538.4,50,795.0,60.0178351,734.9821649,704.9732473500001,687.7821649,634.17324735,0,0,12.989999771118164,LOW
2021-08-18,2021-08-17 10:00:00+05:30,2021-08-17 15:15:00+05:30,16538.5,50,372.5,57.56558425,314.93441574999997,286.151623625,267.73441575000004,215.35162362500006,0,0,13.460000038146973,LOW
2021-08-26,2021-08-18 10:00:00+05:30,2021-08-18 15:15:00+05:30,16687.3,50,-437.5,66.48844225,-503.98844225,-537.232663375,-551.18844225,-608.032663375,0,0,13.40999984741211,LOW
2021-08-26,2021-08-20 10:00:00+05:30,2021-08-20 15:15:00+05:30,16464.25,50,965.0,66.3751483,898.6248517,865.43727755,851.4248517,794.6372775499999,0,0,12.90999984741211,LOW
2021-08-26,2021-08-23 10:00:00+05:30,2021-08-23 15:15:00+05:30,16497.85,50,1102.5,62.80793885,1039.69206115,1008.288091725,992.49206115,937.488091725,0,0,14.020000457763672,LOW
2021-08-26,2021-08-24 10:00:00+05:30,2021-08-24 15:15:00+05:30,16522.45,50,-1120.000000000001,60.92719739999999,-1180.927197400001,-1211.390796100001,-1228.127197400001,-1282.1907961000009,0,0,13.6899995803833,LOW
2021-08-26,2021-08-25 10:00:00+05:30,2021-08-25 15:15:00+05:30,16679.6,50,-62.5,56.50830494999999,-119.00830495,-147.262457425,-166.20830495,-218.06245742500002,0,0,13.1899995803833,LOW
2021-09-02,2021-08-26 10:00:00+05:30,2021-08-26 15:15:00+05:30,16669.4,50,1360.0,66.58912219999999,1293.4108778,1260.1163167,1246.2108778,1189.3163167,0,0,13.5,LOW
2021-09-02,2021-08-27 10:00:00+05:30,2021-08-27 15:15:00+05:30,16622.35,50,-1557.500000000001,65.07119985,-1622.571199850001,-1655.106799775001,-1669.7711998500008,-1725.9067997750008,0,0,13.539999961853027,LOW
2021-09-02,2021-08-30 10:00:00+05:30,2021-08-30 15:15:00+05:30,16846.6,50,-442.49999999999955,62.040543549999995,-504.54054354999954,-535.5608153249996,-551.7405435499995,-606.3608153249995,0,0,13.40999984741211,LOW
2021-09-02,2021-08-31 10:00:00+05:30,2021-08-31 15:15:00+05:30,16945.7,50,-4487.5,63.08792205,-4550.58792205,-4582.131883075,-4597.78792205,-4652.931883075,0,0,13.31999969482422,LOW
2021-09-02,2021-09-01 10:00:00+05:30,2021-09-01 15:15:00+05:30,17216.1,50,580.0,60.75771760000001,519.2422824,488.86342360000003,472.0422824,418.0634236,0,0,14.520000457763672,LOW
2021-09-09,2021-09-02 10:00:00+05:30,2021-09-02 15:15:00+05:30,17121.65,50,-1200.0,69.3414732,-1269.3414732,-1304.0122098,-1316.5414732,-1374.8122098,0,0,14.1899995803833,LOW
2021-09-09,2021-09-03 10:00:00+05:30,2021-09-03 15:15:00+05:30,17291.45,50,472.5,66.68567285,405.81432715,372.47149072499997,358.61432715,301.671490725,0,0,14.239999771118164,LOW
2021-09-09,2021-09-06 10:00:00+05:30,2021-09-06 15:15:00+05:30,17414.0,50,517.5,64.37020655,453.12979344999997,420.944690175,405.92979345,350.144690175,0,0,14.539999961853027,LOW
2021-09-09,2021-09-07 10:00:00+05:30,2021-09-07 15:15:00+05:30,17342.8,50,1410.0,61.59259780000001,1348.4074022,1317.6111033,1301.2074022,1246.8111033,0,0,15.109999656677246,LOW
2021-09-09,2021-09-08 10:00:00+05:30,2021-09-08 15:15:00+05:30,17373.55,50,1742.5,57.76645625,1684.73354375,1655.850315625,1637.53354375,1585.050315625,0,0,14.899999618530272,LOW
2021-09-16,2021-09-09 10:00:00+05:30,2021-09-09 15:15:00+05:30,17323.85,50,485.00000000000045,66.9994461,418.00055390000045,384.50083085000045,370.80055390000047,313.70083085000044,0,0,14.40999984741211,LOW
2021-09-16,2021-09-13 10:00:00+05:30,2021-09-13 15:15:00+05:30,17293.9,50,717.5,63.423751949999996,654.07624805,622.364372075,606.8762480500001,551.5643720749999,0,0,13.9399995803833,LOW
2021-09-16,2021-09-14 10:00:00+05:30,2021-09-14 15:15:00+05:30,17414.0,50,812.5,59.23067985,753.26932015,723.6539802249999,706.0693201500001,652.853980225,0,0,14.029999732971191,LOW
2021-09-16,2021-09-15 10:00:00+05:30,2021-09-15 15:15:00+05:30,17438.5,50,-365.0,56.9626291,-421.9626291,-450.44394365,-469.1626291,-521.24394365,0,0,13.579999923706056,LOW
2021-09-23,2021-09-16 10:00:00+05:30,2021-09-16 15:15:00+05:30,17512.8,50,-1117.5,68.31183165,-1185.81183165,-1219.967747475,-1233.01183165,-1290.767747475,0,0,13.729999542236328,LOW
2021-09-23,2021-09-17 10:00:00+05:30,2021-09-17 15:15:00+05:30,17756.3,50,-1267.5,67.78030625,-1335.28030625,-1369.170459375,-1382.48030625,-1439.970459375,0,0,14.40999984741211,LOW
2021-09-23,2021-09-20 10:00:00+05:30,2021-09-20 15:15:00+05:30,17536.4,50,-3290.0,67.0017666,-3357.0017666,-3390.5026499,-3404.2017666,-3461.3026499,0,0,15.229999542236328,LOW
2021-09-23,2021-09-21 10:00:00+05:30,2021-09-21 15:15:00+05:30,17405.0,50,235.0,67.3614441,167.6385559,133.95783385000001,120.43855589999998,63.15783385000003,0,0,17.489999771118164,NORMAL
2021-09-23,2021-09-22 10:00:00+05:30,2021-09-22 15:15:00+05:30,17591.7,50,915.0,59.9754473,855.0245527,825.03682905,807.8245527,754.23682905,0,0,16.520000457763672,NORMAL
2021-09-30,2021-09-23 10:00:00+05:30,2021-09-23 15:15:00+05:30,17707.65,50,-2147.5,71.80414845000001,-2219.30414845,-2255.206222675,-2266.50414845,-2326.006222675,0,0,16.489999771118164,LOW
2021-09-30,2021-09-24 10:00:00+05:30,2021-09-24 15:15:00+05:30,17871.95,50,1047.5,70.50389495,976.99610505,941.7441575749999,929.79610505,870.944157575,0,0,16.600000381469727,NORMAL
2021-09-30,2021-09-27 10:00:00+05:30,2021-09-27 15:15:00+05:30,17872.75,50,1625.0,67.40290370000001,1557.5970963,1523.89564445,1510.3970963,1453.09564445,0,0,16.920000076293945,NORMAL
2021-09-30,2021-09-28 10:00:00+05:30,2021-09-28 14:17:00+05:30,17877.95,50,-7010.0,68.9634578,-7078.9634578,-7113.4451867,-7126.1634578,-7184.2451867,0,0,18.049999237060547,NORMAL
2021-09-30,2021-09-29 10:00:00+05:30,2021-09-29 15:15:00+05:30,17646.55,50,1762.5,61.67679625,1700.82320375,1669.984805625,1653.62320375,1599.184805625,0,0,18.540000915527344,NORMAL
2021-10-07,2021-09-30 10:00:00+05:30,2021-09-30 15:15:00+05:30,17710.35,50,892.4999999999964,76.49810345,816.0018965499963,777.7528448249964,768.8018965499964,706.9528448249964,0,0,18.84000015258789,NORMAL
2021-10-07,2021-10-01 10:00:00+05:30,2021-10-01 15:15:00+05:30,17485.25,50,1892.499999999999,73.50672905,1818.993270949999,1782.2399064249992,1771.7932709499992,1711.439906424999,0,0,18.399999618530277,NORMAL
2021-10-07,2021-10-04 10:00:00+05:30,2021-10-04 15:15:00+05:30,17709.4,50,1852.5,67.16971725,1785.33028275,1751.745424125,1738.1302827499999,1680.945424125,0,0,17.209999084472656,NORMAL
2021-10-07,2021-10-05 10:00:00+05:30,2021-10-05 15:15:00+05:30,17653.4,50,-2380.0,65.462692,-2445.462692,-2478.194038,-2492.662692,-2548.994038,0,0,16.739999771118164,NORMAL
2021-10-07,2021-10-06 10:00:00+05:30,2021-10-06 15:15:00+05:30,17855.45,50,-4622.5,62.17042015,-4684.67042015,-4715.7556302250005,-4731.87042015,-4786.555630225,0,0,16.399999618530273,LOW
2021-10-14,2021-10-07 10:00:00+05:30,2021-10-07 15:15:00+05:30,17809.05,50,1579.9999999999982,71.7716198,1508.2283801999981,1472.3425702999982,1461.028380199998,1401.5425702999983,0,0,17.329999923706055,NORMAL
2021-10-14,2021-10-08 10:00:00+05:30,2021-10-08 15:15:00+05:30,17879.65,50,1470.0,69.28142580000001,1400.7185742,1366.0778613,1353.5185741999999,1295.2778613,0,0,16.15999984741211,LOW
2021-10-14,2021-10-11 10:00:00+05:30,2021-10-11 15:15:00+05:30,17966.25,50,657.5,65.41321775,592.0867822499999,559.380173375,544.88678225,488.58017337499996,0,0,15.649999618530272,LOW
2021-10-14,2021-10-12 10:00:00+05:30,2021-10-12 15:15:00+05:30,17970.15,50,987.5,63.51785715,923.98214285,892.223214275,876.78214285,821.423214275,0,0,16.09000015258789,LOW
2021-10-14,2021-10-13 10:00:00+05:30,2021-10-13 15:15:00+05:30,18113.25,50,405.0000000000002,59.4884041,345.5115959000002,315.7673938500002,298.3115959000002,244.96739385000024,0,0,15.850000381469728,LOW
2021-10-21,2021-10-14 10:00:00+05:30,2021-10-14 15:15:00+05:30,18283.75,50,1330.0,70.76019120000001,1259.2398088,1223.8597132,1212.0398088,1153.0597132,0,0,16.100000381469727,LOW
2021-10-21,2021-10-18 10:00:00+05:30,2021-10-18 15:15:00+05:30,18472.8,50,745.0,67.4029275,677.5970725,643.8956087500001,630.3970725,573.09560875,0,0,15.770000457763672,LOW
2021-10-21,2021-10-19 10:00:00+05:30,2021-10-19 15:15:00+05:30,18556.75,50,-1555.0,64.88131750000001,-1619.8813175,-1652.32197625,-1667.0813175,-1723.12197625,0,0,17.18000030517578,NORMAL
2021-10-21,2021-10-20 10:00:00+05:30,2021-10-20 15:15:00+05:30,18432.4,50,-885.0,63.459172300000006,-948.4591723,-980.18875845,-995.6591723,-1050.98875845,0,0,17.3799991607666,NORMAL
2021-10-28,2021-10-21 10:00:00+05:30,2021-10-21 15:15:00+05:30,18279.55,50,922.5,77.17307145,845.32692855,806.740392825,798.12692855,735.940392825,0,0,18.309999465942383,NORMAL
2021-10-28,2021-10-22 10:00:00+05:30,2021-10-22 15:15:00+05:30,18260.3,50,214.99999999999818,73.18451870000001,141.81548129999817,105.2232219499982,94.61548129999817,34.42322194999818,0,0,18.040000915527344,NORMAL
2021-10-28,2021-10-25 10:00:00+05:30,2021-10-25 15:15:00+05:30,17970.6,50,50.0,74.338902,-24.338902000000004,-61.508353,-71.53890200000001,-132.308353,0,0,17.549999237060547,NORMAL
2021-10-28,2021-10-26 10:00:00+05:30,2021-10-26 15:15:00+05:30,18250.5,50,1407.5000000000005,65.97625435,1341.5237456500004,1308.5356184750005,1294.3237456500005,1237.7356184750004,0,0,17.610000610351562,NORMAL
2021-10-28,2021-10-27 10:00:00+05:30,2021-10-27 15:15:00+05:30,18316.25,50,1250.0,61.8251952,1188.1748048,1157.2622072,1140.9748048000001,1086.4622072,0,0,16.75,NORMAL
2021-11-18,2021-11-08 10:00:00+05:30,2021-11-08 15:16:00+05:30,17866.25,50,-1892.4999999999995,82.96847855000001,-1975.4684785499996,-2016.9527178249996,-2022.6684785499995,-2087.7527178249998,0,0,15.75,LOW
2021-11-18,2021-11-09 10:00:00+05:30,2021-11-09 15:15:00+05:30,18063.9,50,1007.4999999999955,77.68985274999999,929.8101472499955,890.9652208749955,882.6101472499955,820.1652208749954,0,0,16.34000015258789,LOW
2021-11-18,2021-11-10 10:00:00+05:30,2021-11-10 15:15:00+05:30,17940.45,50,515.0,75.9379407,439.0620593,401.09308895,391.8620593,330.29308894999997,0,0,16.0,LOW
2021-11-18,2021-11-11 10:00:00+05:30,2021-11-11 15:15:00+05:30,17907.6,50,1642.499999999999,73.78145245,1568.7185475499991,1531.8278213249991,1521.518547549999,1461.027821324999,0,0,16.309999465942383,LOW
2021-11-18,2021-11-12 10:00:00+05:30,2021-11-12 15:15:00+05:30,17980.25,50,-197.5,69.38018985000001,-266.88018985,-301.570284775,-314.08018985,-372.37028477499996,0,0,16.350000381469727,NORMAL
2021-11-18,2021-11-15 10:00:00+05:30,2021-11-15 15:15:00+05:30,18177.5,50,244.9999999999991,65.8669707,179.1330292999991,146.1995439499991,131.93302929999908,75.3995439499991,0,0,15.220000267028809,LOW
2021-11-18,2021-11-16 10:00:00+05:30,2021-11-16 15:15:00+05:30,18059.85,50,1397.5,64.41611674999999,1333.08388325,1300.875824875,1285.88388325,1230.075824875,0,0,15.470000267028809,LOW
2021-11-18,2021-11-17 10:00:00+05:30,2021-11-17 15:15:00+05:30,17957.3,50,1577.5,60.31263975,1517.18736025,1487.031040375,1469.98736025,1416.231040375,0,0,15.199999809265137,LOW
2021-11-25,2021-11-18 10:00:00+05:30,2021-11-18 15:15:00+05:30,17850.55,50,542.5,71.86947945,470.63052055,434.69578082500004,423.43052055,363.895780825,0,0,14.979999542236328,LOW
2021-11-25,2021-11-22 10:00:00+05:30,2021-11-22 14:31:00+05:30,17657.5,50,-7352.5,74.43565495,-7426.93565495,-7464.153482425,-7474.13565495,-7534.953482425,0,0,14.859999656677246,LOW
2021-11-25,2021-11-23 10:00:00+05:30,2021-11-23 15:15:00+05:30,17420.1,50,602.5,66.91267725,535.58732275,502.130984125,488.38732275,431.330984125,0,0,17.520000457763672,NORMAL
2021-11-25,2021-11-24 10:00:00+05:30,2021-11-24 15:15:00+05:30,17547.65,50,-817.5000000000009,61.61203645,-879.1120364500009,-909.9180546750009,-926.312036450001,-980.7180546750009,0,0,18.020000457763672,NORMAL
2021-12-02,2021-11-25 10:00:00+05:30,2021-11-25 15:15:00+05:30,17367.85,50,-725.0000000000018,74.1542735,-799.1542735000019,-836.2314102500018,-846.3542735000018,-907.0314102500018,0,0,17.100000381469727,NORMAL
2021-12-02,2021-11-26 10:00:00+05:30,2021-11-26 15:15:00+05:30,17222.4,50,-1865.0000000000018,75.77650529999998,-1940.7765053000019,-1978.6647579500018,-1987.976505300002,-2049.464757950002,0,0,16.65999984741211,NORMAL
2021-12-02,2021-11-29 10:00:00+05:30,2021-11-29 15:15:00+05:30,17044.1,50,2597.499999999999,75.65488135000001,2521.845118649999,2484.017677974999,2474.645118649999,2413.217677974999,0,0,20.799999237060547,NORMAL
2021-12-02,2021-11-30 10:00:00+05:30,2021-11-30 15:15:00+05:30,17252.25,50,-4507.5,69.99503905,-4577.49503905,-4612.492558575,-4624.69503905,-4683.292558575,0,0,20.82999992370605,NORMAL
2021-12-02,2021-12-01 10:00:00+05:30,2021-12-01 15:15:00+05:30,17135.75,50,2882.5,63.48907105,2819.01092895,2787.266393425,2771.81092895,2716.466393425,0,0,21.170000076293945,NORMAL
2021-12-09,2021-12-02 10:00:00+05:30,2021-12-02 15:15:00+05:30,17255.8,50,170.0,79.6156714,90.3843286,50.576492900000005,43.1843286,-20.223507100000006,0,0,19.450000762939453,NORMAL
2021-12-09,2021-12-03 10:00:00+05:30,2021-12-03 15:15:00+05:30,17374.5,50,-200.00000000000182,74.82032839999998,-274.8203284000018,-312.2304926000018,-322.0203284000018,-383.0304926000018,0,0,18.09000015258789,NORMAL
2021-12-09,2021-12-06 10:00:00+05:30,2021-12-06 15:15:00+05:30,17129.2,50,-1702.5,73.86576395,-1776.36576395,-1813.298645925,-1823.56576395,-1884.098645925,0,0,18.450000762939453,NORMAL
2021-12-09,2021-12-07 10:00:00+05:30,2021-12-07 15:15:00+05:30,17094.95,50,560.0000000000005,67.22846159999999,492.77153840000045,459.1573076000004,445.57153840000046,388.35730760000047,0,0,20.07999992370605,NORMAL
2021-12-09,2021-12-08 10:00:00+05:30,2021-12-08 15:15:00+05:30,17394.7,50,1185.0,61.5440339,1123.4559661,1092.68394915,1076.2559661,1021.88394915,0,0,18.459999084472656,NORMAL
2021-12-16,2021-12-09 10:00:00+05:30,2021-12-09 15:15:00+05:30,17431.7,50,947.4999999999982,74.74600695,872.7539930499981,835.3809895749982,825.5539930499982,764.5809895749983,0,0,17.270000457763672,NORMAL
2021-12-16,2021-12-10 10:00:00+05:30,2021-12-10 15:15:00+05:30,17468.8,50,-55.0,72.1487665,-127.1487665,-163.22314975,-174.34876649999998,-234.02314975,0,0,16.600000381469727,NORMAL
2021-12-16,2021-12-13 10:00:00+05:30,2021-12-13 15:15:00+05:30,17633.65,50,-4650.0,69.403734,-4719.403734,-4754.105601,-4766.603734,-4824.905601,0,0,16.059999465942383,LOW
2021-12-16,2021-12-14 10:00:00+05:30,2021-12-14 15:15:00+05:30,17318.15,50,1177.5000000000005,66.47741095,1111.0225890500005,1077.7838835750006,1063.8225890500005,1006.9838835750005,0,0,16.56999969482422,NORMAL
2021-12-16,2021-12-15 10:00:00+05:30,2021-12-15 15:15:00+05:30,17240.95,50,1255.0,62.52947290000001,1192.4705271,1161.20579065,1145.2705271,1090.40579065,0,0,16.950000762939453,NORMAL
2021-12-23,2021-12-16 10:00:00+05:30,2021-12-16 15:15:00+05:30,17274.65,50,2214.999999999999,75.8787025,2139.121297499999,2101.181946249999,2091.921297499999,2030.3819462499991,0,0,17.219999313354492,NORMAL
2021-12-23,2021-12-17 10:00:00+05:30,2021-12-17 15:15:00+05:30,17087.3,50,74.99999999999818,74.2406913,0.7593086999981864,-36.36103695000183,-46.440691300001816,-107.1610369500018,0,0,15.899999618530272,LOW
2021-12-23,2021-12-20 10:00:00+05:30,2021-12-20 15:15:00+05:30,16664.0,50,1472.499999999999,73.29909785,1399.2009021499991,1362.551353224999,1352.000902149999,1291.751353224999,0,0,16.34000015258789,NORMAL
2021-12-23,2021-12-21 10:00:00+05:30,2021-12-21 15:15:00+05:30,16819.15,50,1390.0,68.146023,1321.853977,1287.7809655,1274.653977,1216.9809655,0,0,18.96999931335449,NORMAL
2021-12-23,2021-12-22 10:00:00+05:30,2021-12-22 15:15:00+05:30,16911.0,50,1665.0,61.544438500000005,1603.4555615,1572.68334225,1556.2555615,1501.88334225,0,0,17.540000915527344,NORMAL
2021-12-30,2021-12-23 10:00:00+05:30,2021-12-23 15:15:00+05:30,17077.15,50,424.9999999999982,72.7646867,352.2353132999982,315.85296994999817,305.03531329999817,245.0529699499982,0,0,16.579999923706055,NORMAL
2021-12-30,2021-12-24 10:00:00+05:30,2021-12-24 15:15:00+05:30,17006.3,50,949.9999999999991,72.585556,877.4144439999991,841.1216659999991,830.214443999999,770.3216659999991,0,0,15.829999923706056,LOW
2021-12-30,2021-12-27 10:00:00+05:30,2021-12-27 15:15:00+05:30,16959.65,50,-1235.0,71.1500471,-1306.1500471,-1341.72507065,-1353.3500471,-1412.52507065,0,0,16.149999618530273,LOW
2021-12-30,2021-12-28 10:00:00+05:30,2021-12-28 15:15:00+05:30,17192.9,50,890.0,63.982641400000006,826.0173586,794.0260379,778.8173586,723.2260378999999,0,0,17.1200008392334,NORMAL
2021-12-30,2021-12-29 10:00:00+05:30,2021-12-29 15:15:00+05:30,17273.05,50,1257.5,59.266605949999985,1198.23339405,1168.600091075,1151.03339405,1097.800091075,0,0,16.479999542236328,NORMAL
2022-01-06,2021-12-30 10:00:00+05:30,2021-12-30 15:15:00+05:30,17232.7,50,647.4999999999991,74.08717535000001,573.412824649999,536.3692369749991,526.2128246499991,465.56923697499906,0,0,16.239999771118164,LOW
2022-01-06,2021-12-31 10:00:00+05:30,2021-12-31 15:15:00+05:30,17346.0,50,497.5,70.42295115,427.07704885,391.865573275,379.87704885000005,321.065573275,0,0,16.56999969482422,NORMAL
2022-01-06,2022-01-03 10:00:00+05:30,2022-01-03 15:15:00+05:30,17494.05,50,-2220.0,66.9618064,-2286.9618064,-2320.4427096,-2334.1618064,-2391.2427096,0,0,16.219999313354492,LOW
2022-01-06,2022-01-04 10:00:00+05:30,2022-01-04 15:15:00+05:30,17699.6,50,247.4999999999991,63.85350855000001,183.64649144999908,151.7197371749991,136.4464914499991,80.91973717499909,0,0,16.450000762939453,NORMAL
2022-01-06,2022-01-05 10:00:00+05:30,2022-01-05 15:15:00+05:30,17835.5,50,152.5,59.420175449999995,93.07982455000001,63.36973682500002,45.87982455000001,-7.430263174999965,0,0,16.1200008392334,LOW
2022-01-13,2022-01-06 10:00:00+05:30,2022-01-06 15:15:00+05:30,17721.55,50,424.9999999999991,77.9047013,347.0952986999991,308.14294804999906,299.8952986999991,237.3429480499991,0,0,17.229999542236328,NORMAL
2022-01-13,2022-01-07 10:00:00+05:30,2022-01-07 15:15:00+05:30,17885.05,50,-272.5,73.05097094999999,-345.55097094999996,-382.076456425,-392.75097095,-452.876456425,0,0,17.979999542236328,NORMAL
2022-01-13,2022-01-10 10:00:00+05:30,2022-01-10 15:15:00+05:30,17959.45,50,124.99999999999909,68.7986071,56.20139289999909,21.802089349999093,9.001392899999104,-48.99791065000093,0,0,17.600000381469727,NORMAL
2022-01-13,2022-01-11 10:00:00+05:30,2022-01-11 15:15:00+05:30,17992.8,50,812.5000000000005,65.99216464999999,746.5078353500005,713.5117530250004,699.3078353500005,642.7117530250005,0,0,17.68000030517578,NORMAL
2022-01-13,2022-01-12 10:00:00+05:30,2022-01-12 15:15:00+05:30,18166.15,50,297.5,59.803224549999996,237.69677545000002,207.795163175,190.49677545,136.995163175,0,0,17.760000228881836,NORMAL
2022-01-20,2022-01-13 10:00:00+05:30,2022-01-13 15:15:00+05:30,18239.2,50,472.4999999999991,73.79166265,398.70833734999906,361.8125060249991,351.5083373499991,291.012506024999,0,0,17.18000030517578,NORMAL
2022-01-20,2022-01-14 10:00:00+05:30,2022-01-14 15:15:00+05:30,18194.35,50,222.5,72.18768544999999,150.31231455,114.21847182500001,103.11231455,43.41847182499998,0,0,16.700000762939453,NORMAL
2022-01-20,2022-01-17 10:00:00+05:30,2022-01-17 15:15:00+05:30,18266.7,50,387.4999999999991,67.57906535000001,319.9209346499991,286.1314019749991,272.7209346499991,215.3314019749991,0,0,16.559999465942383,NORMAL
2022-01-20,2022-01-18 10:00:00+05:30,2022-01-18 15:15:00+05:30,18212.55,50,-642.5000000000009,65.82571935000001,-708.3257193500009,-741.238579025001,-755.5257193500009,-812.0385790250009,0,0,16.770000457763672,NORMAL
2022-01-20,2022-01-19 10:00:00+05:30,2022-01-19 15:15:00+05:30,18046.6,50,795.0,60.23831829999999,734.7616817,704.64252255,687.5616817,633.84252255,0,0,17.780000686645508,NORMAL
2022-01-27,2022-01-20 10:00:00+05:30,2022-01-20 15:15:00+05:30,17860.0,50,872.4999999999991,74.92580404999998,797.5741959499991,760.111293924999,750.374195949999,689.3112939249991,0,0,17.81999969482422,NORMAL
2022-01-27,2022-01-21 10:00:00+05:30,2022-01-21 15:15:00+05:30,17665.05,50,1547.5,75.44356115,1472.05643885,1434.334658275,1424.85643885,1363.534658275,0,0,17.790000915527344,NORMAL
2022-01-27,2022-01-24 10:00:00+05:30,2022-01-24 13:58:00+05:30,17437.6,50,-7232.500000000002,77.23198835000001,-7309.731988350002,-7348.3479825250015,-7356.931988350002,-7419.147982525002,0,0,18.88999938964844,NORMAL
2022-01-27,2022-01-25 10:00:00+05:30,2022-01-25 15:15:00+05:30,17186.6,50,3152.499999999999,70.94180305,3081.558196949999,3046.087295424999,3034.358196949999,2975.2872954249992,0,0,22.82999992370605,NORMAL
2022-02-03,2022-01-27 10:00:00+05:30,2022-01-27 15:15:00+05:30,17025.15,50,3982.5,100.02149985,3882.47850015,3832.467750225,3835.27850015,3761.667750225,0,0,21.36000061035156,NORMAL
2022-02-03,2022-01-28 10:00:00+05:30,2022-01-28 15:15:00+05:30,17341.2,50,-2575.0,93.92050669999999,-2668.9205067,-2715.88076005,-2716.1205067,-2786.68076005,0,0,21.06999969482422,NORMAL
2022-02-03,2022-01-31 10:00:00+05:30,2022-01-31 15:15:00+05:30,17303.15,50,-280.0000000000018,90.4186818,-370.4186818000018,-415.6280227000018,-417.6186818000018,-486.4280227000018,0,0,20.700000762939453,NORMAL
2022-02-03,2022-02-01 10:00:00+05:30,2022-02-01 15:15:00+05:30,17548.75,50,8752.5,83.13128245,8669.36871755,8627.803076325,8622.16871755,8557.003076325,0,0,21.950000762939453,NORMAL
2022-02-03,2022-02-02 10:00:00+05:30,2022-02-02 15:15:00+05:30,17742.3,50,1732.5,61.57600325,1670.92399675,1640.135995125,1623.72399675,1569.335995125,0,0,19.979999542236328,NORMAL
2022-02-10,2022-02-03 10:00:00+05:30,2022-02-03 15:15:00+05:30,17721.7,50,-1550.0,78.37821419999999,-1628.3782142,-1667.5673213,-1675.5782142,-1738.3673213,0,0,18.649999618530277,NORMAL
2022-02-10,2022-02-04 10:00:00+05:30,2022-02-04 15:15:00+05:30,17576.0,50,315.0,75.3823535,239.6176465,201.92646975,192.4176465,131.12646975,0,0,19.15999984741211,NORMAL
2022-02-10,2022-02-07 10:00:00+05:30,2022-02-07 15:15:00+05:30,17415.65,50,-1860.0,72.36509659999999,-1932.3650966,-1968.5476449,-1979.5650966,-2039.3476449,0,0,18.899999618530277,NORMAL
2022-02-10,2022-02-08 10:00:00+05:30,2022-02-08 15:15:00+05:30,17202.85,50,2277.5000000000005,68.60986715,2208.8901328500006,2174.5851992750004,2161.6901328500003,2103.7851992750007,0,0,20.440000534057617,NORMAL
2022-02-10,2022-02-09 10:00:00+05:30,2022-02-09 15:15:00+05:30,17415.05,50,1007.5,60.60699815,946.89300185,916.589502775,899.69300185,845.7895027750001,0,0,19.68000030517578,NORMAL
2022-02-17,2022-02-10 10:00:00+05:30,2022-02-10 15:15:00+05:30,17442.05,50,19.99999999999818,76.488875,-56.48887500000181,-94.73331250000182,-103.68887500000181,-165.5333125000018,0,0,18.559999465942383,NORMAL
2022-02-17,2022-02-11 10:00:00+05:30,2022-02-11 15:15:00+05:30,17338.8,50,677.4999999999991,75.21688995000001,602.2831100499991,564.6746650749991,555.083110049999,493.87466507499914,0,0,17.709999084472656,NORMAL
2022-02-17,2022-02-14 10:00:00+05:30,2022-02-14 15:15:00+05:30,17039.4,50,-560.0,80.3860774,-640.3860774,-680.5791161,-687.5860774,-751.3791161,0,0,18.68000030517578,NORMAL
2022-02-17,2022-02-15 10:00:00+05:30,2022-02-15 13:53:00+05:30,16871.25,50,-7150.0,79.2799248,-7229.2799248,-7268.9198872,-7276.4799248,-7339.7198872,0,0,22.979999542236328,NORMAL
2022-02-17,2022-02-16 10:00:00+05:30,2022-02-16 15:15:00+05:30,17362.1,50,1595.0,64.04079669999999,1530.9592033,1498.93880495,1483.7592033,1428.1388049500001,0,0,20.61000061035156,NORMAL
2022-02-24,2022-02-17 10:00:00+05:30,2022-02-17 15:15:00+05:30,17310.8,50,692.4999999999982,86.43384185000001,606.0661581499982,562.8492372249982,558.8661581499982,492.04923722499814,0,0,20.59000015258789,NORMAL
2022-02-24,2022-02-18 10:00:00+05:30,2022-02-18 15:15:00+05:30,17283.9,50,1129.9999999999982,83.86078219999999,1046.1392177999983,1004.2088266999982,998.9392177999982,933.4088266999981,0,0,22.01000022888184,NORMAL
2022-02-24,2022-02-21 10:00:00+05:30,2022-02-21 15:15:00+05:30,17142.1,50,1214.999999999999,77.31750770000001,1137.682492299999,1099.023738449999,1090.482492299999,1028.223738449999,0,0,22.170000076293945,NORMAL
2022-02-24,2022-02-22 10:00:00+05:30,2022-02-22 15:15:00+05:30,16933.15,50,135.0,76.3209779,58.6790221,20.518533149999996,11.479022099999995,-50.281466850000015,0,0,22.899999618530277,NORMAL
2022-02-24,2022-02-23 10:00:00+05:30,2022-02-23 15:15:00+05:30,17180.55,50,-72.5,65.49920715,-137.99920715000002,-170.748810725,-185.19920715,-241.54881072499998,0,0,26.65999984741211,HIGH
2022-03-03,2022-02-24 10:00:00+05:30,2022-02-24 15:15:00+05:30,16503.7,50,-2720.0,104.77291400000001,-2824.772914,-2877.159371,-2871.972914,-2947.959371,0,0,24.540000915527344,HIGH
2022-03-03,2022-02-25 10:00:00+05:30,2022-02-25 15:15:00+05:30,16645.5,50,-247.50000000000182,91.39066785,-338.8906678500018,-384.5860017750018,-386.0906678500018,-455.3860017750018,0,0,31.979999542236328,HIGH
2022-03-03,2022-02-28 10:00:00+05:30,2022-02-28 15:15:00+05:30,16432.35,50,-6375.000000000001,93.37336849999998,-6468.373368500001,-6515.060052750001,-6515.5733685000005,-6585.860052750001,0,0,26.739999771118164,HIGH
2022-03-03,2022-03-02 10:00:00+05:30,2022-03-02 15:15:00+05:30,16569.55,50,3220.0,78.54329099999998,3141.456709,3102.1850635,3094.2567090000002,3031.3850635,0,0,28.56999969482422,HIGH
2022-03-10,2022-03-03 10:00:00+05:30,2022-03-03 15:15:00+05:30,16646.8,50,2620.0,97.91430140000001,2522.0856986,2473.1285479,2474.8856986,2402.3285479,0,0,29.229999542236328,HIGH
2022-03-10,2022-03-04 10:00:00+05:30,2022-03-04 15:15:00+05:30,16267.85,50,1010.0,93.66873840000002,916.3312616,869.4968924,869.1312616,798.6968924,0,0,28.15999984741211,HIGH
2022-03-10,2022-03-08 10:00:00+05:30,2022-03-08 15:15:00+05:30,15827.3,50,782.4999999999991,85.55571705,696.9442829499991,654.1664244249991,649.744282949999,583.3664244249992,0,0,29.32999992370605,HIGH
2022-03-10,2022-03-09 10:00:00+05:30,2022-03-09 15:15:00+05:30,16135.1,50,-1337.5000000000018,73.49663785,-1410.996637850002,-1447.7449567750018,-1458.1966378500017,-1518.5449567750018,0,0,28.59000015258789,HIGH
2022-03-17,2022-03-10 10:00:00+05:30,2022-03-10 15:15:00+05:30,16695.75,50,-965.0000000000018,91.4229585,-1056.4229585000019,-1102.1344377500018,-1103.622958500002,-1172.9344377500017,0,0,27.46999931335449,HIGH
2022-03-17,2022-03-11 10:00:00+05:30,2022-03-11 15:15:00+05:30,16671.55,50,484.99999999999636,89.9756329,395.02436709999637,350.03655064999634,347.8243670999964,279.2365506499964,0,0,25.57999992370605,HIGH
2022-03-17,2022-03-14 10:00:00+05:30,2022-03-14 15:15:00+05:30,16681.6,50,-1977.500000000001,86.18613145,-2063.686131450001,-2106.7791971750007,-2110.886131450001,-2177.579197175001,0,0,25.350000381469727,HIGH
2022-03-17,2022-03-15 10:00:00+05:30,2022-03-15 15:15:00+05:30,16836.3,50,-160.0,81.8830974,-241.8830974,-282.8246461,-289.08309740000004,-353.62464609999995,0,0,25.68000030517578,HIGH
2022-03-17,2022-03-16 10:00:00+05:30,2022-03-16 15:15:00+05:30,16888.75,50,-1227.5000000000018,70.43341124999999,-1297.9334112500019,-1333.150116875002,-1345.1334112500017,-1403.9501168750019,0,0,26.729999542236328,HIGH
2022-03-24,2022-03-17 10:00:00+05:30,2022-03-17 15:15:00+05:30,17240.25,50,822.5,85.51708965,736.98291035,694.2243655249999,689.7829103500001,623.424365525,0,0,24.1200008392334,HIGH
2022-03-24,2022-03-21 10:00:00+05:30,2022-03-21 15:15:00+05:30,17244.65,50,-352.5,81.62142235,-434.12142235,-474.93213352500004,-481.32142235000003,-545.732133525,0,0,22.61000061035156,NORMAL
2022-03-24,2022-03-22 10:00:00+05:30,2022-03-22 15:15:00+05:30,17057.5,50,-2545.0000000000036,79.56586989999998,-2624.5658699000037,-2664.3488048500035,-2671.7658699000035,-2735.1488048500037,0,0,24.6200008392334,HIGH
2022-03-24,2022-03-23 10:00:00+05:30,2022-03-23 15:15:00+05:30,17354.65,50,429.9999999999991,66.45943600000001,363.5405639999991,330.31084599999906,316.34056399999906,259.5108459999991,0,0,24.06999969482422,HIGH
2022-03-31,2022-03-24 10:00:00+05:30,2022-03-24 15:15:00+05:30,17262.6,50,2907.5,88.94853795,2818.55146205,2774.077193075,2771.35146205,2703.277193075,0,0,24.75,HIGH
2022-03-31,2022-03-25 10:00:00+05:30,2022-03-25 15:15:00+05:30,17237.9,50,212.5,80.96269785,131.53730215000002,91.05595322499998,84.33730215,20.25595322500004,0,0,23.93000030517578,NORMAL
2022-03-31,2022-03-28 10:00:00+05:30,2022-03-28 15:15:00+05:30,17072.55,50,-827.5,77.17150064999998,-904.67150065,-943.257250975,-951.87150065,-1014.057250975,0,0,23.43000030517578,NORMAL
2022-03-31,2022-03-29 10:00:00+05:30,2022-03-29 15:15:00+05:30,17282.65,50,1272.5,66.42758565,1206.07241435,1172.858621525,1158.87241435,1102.058621525,0,0,22.61000061035156,NORMAL
2022-03-31,2022-03-30 10:00:00+05:30,2022-03-30 15:15:00+05:30,17456.95,50,410.00000000000045,61.27672419999999,348.72327580000047,318.08491370000047,301.5232758000004,247.2849137000005,0,0,21.299999237060547,NORMAL
2022-04-07,2022-03-31 10:00:00+05:30,2022-03-31 15:15:00+05:30,17543.0,50,500.0,79.49336319999999,420.5066368,380.75995520000004,373.3066368,309.95995519999997,0,0,20.61000061035156,NORMAL
2022-04-07,2022-04-01 10:00:00+05:30,2022-04-01 15:15:00+05:30,17536.5,50,-127.5,75.02792985,-202.52792985000002,-240.041894775,-249.72792985,-310.841894775,0,0,20.559999465942383,NORMAL
2022-04-07,2022-04-04 10:00:00+05:30,2022-04-04 15:15:00+05:30,17990.45,50,359.9999999999991,68.873113,291.1268869999991,256.69033049999905,243.92688699999908,185.89033049999912,0,0,18.43000030517578,NORMAL
2022-04-07,2022-04-05 10:00:00+05:30,2022-04-05 15:15:00+05:30,17977.5,50,1465.0,65.73842690000001,1399.2615731,1366.39235965,1352.0615731,1295.59235965,0,0,17.90999984741211,NORMAL
2022-04-07,2022-04-06 10:00:00+05:30,2022-04-06 15:15:00+05:30,17815.6,50,1862.5,61.031316450000006,1801.46868355,1770.953025325,1754.2686835499999,1700.153025325,0,0,18.489999771118164,NORMAL
2022-04-13,2022-04-07 10:00:00+05:30,2022-04-07 15:15:00+05:30,17723.35,50,-30.00000000000091,75.5001992,-105.5001992000009,-143.2502988000009,-152.7001992000009,-214.0502988000009,0,0,19.020000457763672,NORMAL
2022-04-13,2022-04-08 10:00:00+05:30,2022-04-08 15:15:00+05:30,17658.9,50,-309.99999999999955,73.9607914,-383.96079139999955,-420.9411870999995,-431.16079139999954,-491.74118709999954,0,0,19.0,NORMAL
2022-04-13,2022-04-11 10:00:00+05:30,2022-04-11 15:15:00+05:30,17693.4,50,1792.5,66.61443944999999,1725.88556055,1692.578340825,1678.68556055,1621.778340825,0,0,17.690000534057617,NORMAL
2022-04-13,2022-04-12 10:00:00+05:30,2022-04-12 15:15:00+05:30,17508.05,50,1362.5000000000005,59.95469964999999,1302.5453003500004,1272.5679505250005,1255.3453003500003,1201.7679505250005,0,0,18.270000457763672,NORMAL
2022-04-21,2022-04-13 10:00:00+05:30,2022-04-13 15:15:00+05:30,17599.65,50,-962.5,72.24855395,-1034.74855395,-1070.872830925,-1081.9485539500001,-1141.672830925,0,0,18.15999984741211,NORMAL
2022-04-21,2022-04-18 10:00:00+05:30,2022-04-18 15:15:00+05:30,17209.85,50,1042.499999999999,71.09036265,971.4096373499991,935.8644560249991,924.2096373499991,865.0644560249991,0,0,17.790000915527344,NORMAL
2022-04-21,2022-04-19 10:00:00+05:30,2022-04-19 15:15:00+05:30,17187.1,50,-3850.0,68.70008700000001,-3918.700087,-3953.0501305,-3965.900087,-4023.8501305,0,0,19.34000015258789,NORMAL
2022-04-21,2022-04-20 10:00:00+05:30,2022-04-20 15:15:00+05:30,17102.15,50,825.0,61.34506590000001,763.6549341,732.98240115,716.4549341,662.18240115,0,0,19.770000457763672,NORMAL
2022-04-28,2022-04-21 10:00:00+05:30,2022-04-21 15:15:00+05:30,17255.8,50,-1872.5,76.60797614999998,-1949.10797615,-1987.411964225,-1996.30797615,-2058.211964225,0,0,18.670000076293945,NORMAL
2022-04-28,2022-04-22 10:00:00+05:30,2022-04-22 15:15:00+05:30,17227.3,50,-130.0,74.00974799999999,-204.009748,-241.01462199999997,-251.209748,-311.814622,0,0,17.850000381469727,NORMAL
2022-04-28,2022-04-25 10:00:00+05:30,2022-04-25 15:15:00+05:30,16977.85,50,125.0,73.40119390000001,51.59880609999999,14.898209150000014,4.398806100000016,-55.901790850000026,0,0,18.350000381469727,NORMAL
2022-04-28,2022-04-26 10:00:00+05:30,2022-04-26 15:15:00+05:30,17163.4,50,760.0,66.65407239999999,693.3459276,660.0188914,646.1459276,589.2188914,0,0,21.26000022888184,NORMAL
2022-04-28,2022-04-27 10:00:00+05:30,2022-04-27 15:15:00+05:30,17076.25,50,1297.5,62.79245695000001,1234.70754305,1203.311314575,1187.50754305,1132.511314575,0,0,19.190000534057617,NORMAL
2022-05-05,2022-04-28 10:00:00+05:30,2022-04-28 15:15:00+05:30,17111.8,50,277.5,78.84610435,198.65389564999998,159.230843475,151.45389565,88.43084347500007,0,0,20.61000061035156,NORMAL
2022-05-05,2022-04-29 10:00:00+05:30,2022-04-29 15:15:00+05:30,17263.05,50,-740.0,76.3913902,-816.3913902,-854.5870853,-863.5913902,-925.3870853000001,0,0,19.3799991607666,NORMAL
2022-05-05,2022-05-02 10:00:00+05:30,2022-05-02 15:15:00+05:30,16981.4,50,1050.0,72.40860299999999,977.591397,941.3870955,930.391397,870.5870955,0,0,19.420000076293945,NORMAL
2022-05-05,2022-05-04 10:00:00+05:30,2022-05-04 14:37:00+05:30,17048.2,50,-7217.5,70.37391125000002,-7287.87391125,-7323.060866875,-7335.07391125,-7393.860866875,0,0,20.280000686645508,NORMAL
2022-05-12,2022-05-05 10:00:00+05:30,2022-05-05 15:15:00+05:30,16835.85,50,337.5,81.32142335,256.17857664999997,215.51786497499998,208.97857665,144.71786497499994,0,0,21.8799991607666,NORMAL
2022-05-12,2022-05-06 10:00:00+05:30,2022-05-06 15:15:00+05:30,16428.35,50,875.0,80.9416051,794.0583948999999,753.58759235,746.8583949,682.7875923500001,0,0,20.290000915527344,NORMAL
2022-05-12,2022-05-09 10:00:00+05:30,2022-05-09 15:15:00+05:30,16233.8,50,877.5,76.11238875000001,801.38761125,763.3314168750001,754.18761125,692.531416875,0,0,21.25,NORMAL
2022-05-12,2022-05-10 10:00:00+05:30,2022-05-10 15:15:00+05:30,16284.5,50,1834.9999999999982,71.77398790000001,1763.2260120999981,1727.339018149998,1716.026012099998,1656.5390181499981,0,0,22.030000686645508,NORMAL
2022-05-12,2022-05-11 10:00:00+05:30,2022-05-11 15:15:00+05:30,16187.3,50,2732.5,66.20507945,2666.29492055,2633.192380825,2619.09492055,2562.392380825,0,0,22.299999237060547,NORMAL
2022-05-19,2022-05-12 10:00:00+05:30,2022-05-12 15:15:00+05:30,15885.0,50,1017.5,85.74046455000001,931.7595354499999,888.889303175,884.55953545,818.0893031749999,0,0,22.799999237060547,NORMAL
2022-05-19,2022-05-13 10:00:00+05:30,2022-05-13 15:15:00+05:30,15928.8,50,755.0,82.1415297,672.8584703,631.78770545,625.6584703,560.98770545,0,0,24.270000457763672,HIGH
2022-05-19,2022-05-16 10:00:00+05:30,2022-05-16 15:15:00+05:30,15933.75,50,315.0,76.3929015,238.6070985,200.41064775,191.4070985,129.61064774999997,0,0,23.489999771118164,NORMAL
2022-05-19,2022-05-17 10:00:00+05:30,2022-05-17 15:15:00+05:30,15960.4,50,-5450.0,75.2565824,-5525.2565824,-5562.8848736,-5572.4565824,-5633.6848736,0,0,24.530000686645508,HIGH
2022-05-19,2022-05-18 10:00:00+05:30,2022-05-18 15:15:00+05:30,16379.55,50,-405.0000000000018,65.45311250000002,-470.45311250000185,-503.17966875000184,-517.6531125000018,-573.9796687500018,0,0,22.739999771118164,NORMAL
2022-05-26,2022-05-19 10:00:00+05:30,2022-05-19 15:15:00+05:30,15934.7,50,-1660.0,84.92783140000002,-1744.9278314,-1787.3917471,-1792.1278314,-1858.1917471000002,0,0,22.299999237060547,NORMAL
2022-05-26,2022-05-20 10:00:00+05:30,2022-05-20 15:15:00+05:30,16159.3,50,59.99999999999909,81.55351499999999,-21.5535150000009,-62.3302725000009,-68.7535150000009,-133.1302725000009,0,0,24.559999465942383,HIGH
2022-05-26,2022-05-23 10:00:00+05:30,2022-05-23 15:15:00+05:30,16309.35,50,1147.5,77.09761354999999,1070.40238645,1031.853579675,1023.2023864500001,961.053579675,0,0,23.100000381469727,NORMAL
2022-05-26,2022-05-24 10:00:00+05:30,2022-05-24 15:15:00+05:30,16142.8,50,1577.5,72.59998475,1504.90001525,1468.600022875,1457.70001525,1397.800022875,0,0,23.399999618530277,NORMAL
2022-05-26,2022-05-25 10:00:00+05:30,2022-05-25 15:15:00+05:30,16136.15,50,-135.0,66.25000790000001,-201.2500079,-234.37501185,-248.4500079,-305.17501185,0,0,25.63999938964844,HIGH
2022-06-02,2022-05-26 10:00:00+05:30,2022-05-26 15:15:00+05:30,16044.0,50,1264.9999999999982,85.18709670000001,1179.8129032999982,1137.2193549499982,1132.6129032999982,1066.4193549499983,0,0,25.280000686645508,HIGH
2022-06-02,2022-05-27 10:00:00+05:30,2022-05-27 15:15:00+05:30,16300.8,50,1372.499999999999,79.42450385000001,1293.075496149999,1253.363244224999,1245.875496149999,1182.5632442249992,0,0,22.71999931335449,NORMAL
2022-06-02,2022-05-30 10:00:00+05:30,2022-05-30 15:15:00+05:30,16610.3,50,257.4999999999982,72.11082334999999,185.3891766499982,149.3337649749982,138.18917664999816,78.53376497499818,0,0,21.479999542236328,NORMAL
2022-06-02,2022-05-31 10:00:00+05:30,2022-05-31 15:15:00+05:30,16575.8,50,600.0,69.05475460000001,530.9452454,496.4178681,483.7452454,425.6178681,0,0,19.979999542236328,NORMAL
2022-06-02,2022-06-01 10:00:00+05:30,2022-06-01 15:15:00+05:30,16560.0,50,1862.5,64.09970765,1798.40029235,1766.350438525,1751.20029235,1695.5504385250001,0,0,20.479999542236328,NORMAL
2022-06-09,2022-06-02 10:00:00+05:30,2022-06-02 15:15:00+05:30,16528.05,50,987.4999999999991,80.99115075,906.5088492499991,866.0132738749991,859.3088492499992,795.213273874999,0,0,20.850000381469727,NORMAL
2022-06-09,2022-06-03 10:00:00+05:30,2022-06-03 15:15:00+05:30,16781.65,50,-1032.5,77.13348015,-1109.63348015,-1148.200220225,-1156.83348015,-1219.000220225,0,0,20.31999969482422,NORMAL
2022-06-09,2022-06-06 10:00:00+05:30,2022-06-06 15:15:00+05:30,16521.25,50,379.9999999999982,72.46191499999999,307.5380849999982,271.30712749999816,260.33808499999816,200.50712749999818,0,0,19.979999542236328,NORMAL
2022-06-09,2022-06-07 10:00:00+05:30,2022-06-07 15:15:00+05:30,16391.55,50,1175.0,68.6837959,1106.3162041,1071.97430615,1059.1162041,1001.17430615,0,0,20.200000762939453,NORMAL
2022-06-09,2022-06-08 10:00:00+05:30,2022-06-08 15:15:00+05:30,16334.25,50,3935.0,64.17655189999999,3870.8234481,3838.73517215,3823.6234481,3767.9351721499997,0,0,20.43000030517578,NORMAL
2022-06-16,2022-06-09 10:00:00+05:30,2022-06-09 15:15:00+05:30,16316.85,50,135.0,78.7738535,56.2261465,16.839219750000026,9.026146499999996,-53.96078025,0,0,19.84000015258789,NORMAL
2022-06-16,2022-06-10 10:00:00+05:30,2022-06-10 15:15:00+05:30,16266.3,50,347.5,75.55508795,271.94491204999997,234.167368075,224.74491204999998,163.36736807499997,0,0,19.13999938964844,NORMAL
2022-06-16,2022-06-13 10:00:00+05:30,2022-06-13 15:15:00+05:30,15786.9,50,317.4999999999991,74.58154895,242.91845104999908,205.6276765749991,195.7184510499991,134.8276765749991,0,0,19.57999992370605,NORMAL
2022-06-16,2022-06-14 10:00:00+05:30,2022-06-14 15:15:00+05:30,15762.5,50,1664.9999999999982,71.98983009999999,1593.0101698999981,1557.0152548499982,1545.810169899998,1486.2152548499982,0,0,22.3700008392334,NORMAL
2022-06-16,2022-06-15 10:00:00+05:30,2022-06-15 15:15:00+05:30,15716.8,50,-235.0,67.6442119,-302.6442119,-336.46631785,-349.8442119,-407.26631784999995,0,0,21.88999938964844,NORMAL
2022-06-23,2022-06-16 10:00:00+05:30,2022-06-16 13:23:00+05:30,15777.0,50,-7232.5,85.00861454999998,-7317.50861455,-7360.012921825,-7364.70861455,-7430.812921825,0,0,22.149999618530277,NORMAL
2022-06-23,2022-06-17 10:00:00+05:30,2022-06-17 15:15:00+05:30,15347.95,50,954.9999999999982,83.40450050000001,871.5954994999981,829.8932492499982,824.3954994999982,759.0932492499982,0,0,22.8700008392334,NORMAL
2022-06-23,2022-06-20 10:00:00+05:30,2022-06-20 15:15:00+05:30,15296.05,50,1310.0,76.14689279999999,1233.8531072,1195.7796607999999,1186.6531072,1124.9796608,0,0,22.76000022888184,NORMAL
2022-06-23,2022-06-21 10:00:00+05:30,2022-06-21 15:15:00+05:30,15550.2,50,525.0000000000005,68.63281629999999,456.36718370000045,422.0507755500005,409.16718370000046,351.25077555000047,0,0,22.40999984741211,NORMAL
2022-06-23,2022-06-22 10:00:00+05:30,2022-06-22 15:15:00+05:30,15455.55,50,1247.5,62.589252550000005,1184.91074745,1153.616121175,1137.71074745,1082.816121175,0,0,21.13999938964844,NORMAL
2022-06-30,2022-06-23 10:00:00+05:30,2022-06-23 15:15:00+05:30,15557.15,50,807.4999999999973,80.11078875,727.3892112499973,687.3338168749973,680.1892112499972,616.5338168749972,0,0,21.299999237060547,NORMAL
2022-06-30,2022-06-24 10:00:00+05:30,2022-06-24 15:15:00+05:30,15713.75,50,1685.0,77.50326670000001,1607.4967333,1568.74509995,1560.2967333,1497.94509995,0,0,20.8799991607666,NORMAL
2022-06-30,2022-06-27 10:00:00+05:30,2022-06-27 15:15:00+05:30,15880.9,50,1112.5,71.81397785,1040.68602215,1004.779033225,993.48602215,933.979033225,0,0,20.549999237060547,NORMAL
2022-06-30,2022-06-28 10:00:00+05:30,2022-06-28 15:15:00+05:30,15719.9,50,-225.00000000000182,68.93793230000001,-293.9379323000018,-328.4068984500018,-341.1379323000018,-399.20689845000186,0,0,21.01000022888184,NORMAL
2022-06-30,2022-06-29 10:00:00+05:30,2022-06-29 15:15:00+05:30,15751.55,50,640.0000000000005,63.563761400000004,576.4362386000005,544.6543579000004,529.2362386000004,473.8543579000005,0,0,21.450000762939453,NORMAL
2022-07-07,2022-06-30 10:00:00+05:30,2022-06-30 15:15:00+05:30,15871.45,50,652.5,81.56212465,570.93787535,530.156813025,523.73787535,459.356813025,0,0,21.899999618530277,NORMAL
2022-07-07,2022-07-01 10:00:00+05:30,2022-07-01 15:15:00+05:30,15627.7,50,835.0,78.16907169999999,756.8309283,717.74639245,709.6309283,646.9463924500001,0,0,21.84000015258789,NORMAL
2022-07-07,2022-07-04 10:00:00+05:30,2022-07-04 15:15:00+05:30,15693.65,50,434.99999999999864,72.96517789999999,362.0348220999987,325.55223314999864,314.83482209999863,254.75223314999866,0,0,21.25,NORMAL
2022-07-07,2022-07-05 10:00:00+05:30,2022-07-05 15:15:00+05:30,15969.45,50,-577.5,67.64107625,-645.14107625,-678.961614375,-692.34107625,-749.761614375,0,0,20.96999931335449,NORMAL
2022-07-07,2022-07-06 10:00:00+05:30,2022-07-06 15:15:00+05:30,15864.7,50,-1825.0,63.89149930000001,-1888.8914993,-1920.83724895,-1936.0914993000001,-1991.63724895,0,0,20.790000915527344,NORMAL
2022-07-14,2022-07-07 10:00:00+05:30,2022-07-07 15:15:00+05:30,16078.25,50,1742.4999999999955,78.02335025000001,1664.4766497499954,1625.4649746249954,1617.2766497499954,1554.6649746249955,0,0,20.270000457763672,NORMAL
2022-07-14,2022-07-08 10:00:00+05:30,2022-07-08 15:15:00+05:30,16203.2,50,1137.5,73.11675415,1064.38324585,1027.824868775,1017.18324585,957.024868775,0,0,19.200000762939453,NORMAL
2022-07-14,2022-07-11 10:00:00+05:30,2022-07-11 15:15:00+05:30,16144.4,50,382.5,68.95559785,313.54440215,279.066603225,266.34440215,208.26660322499998,0,0,18.399999618530277,NORMAL
2022-07-14,2022-07-12 10:00:00+05:30,2022-07-12 15:15:00+05:30,16144.45,50,-182.5000000000009,65.87070134999999,-248.3707013500009,-281.3060520250009,-295.5707013500009,-352.10605202500096,0,0,18.3700008392334,NORMAL
2022-07-14,2022-07-13 10:00:00+05:30,2022-07-13 15:15:00+05:30,16124.6,50,-1602.5,63.078056950000004,-1665.57805695,-1697.117085425,-1712.77805695,-1767.917085425,0,0,18.549999237060547,NORMAL
2022-07-21,2022-07-14 10:00:00+05:30,2022-07-14 15:15:00+05:30,16061.0,50,742.5,76.07681965,666.4231803499999,628.384770525,619.22318035,557.5847705250001,0,0,18.520000457763672,NORMAL
2022-07-21,2022-07-15 10:00:00+05:30,2022-07-15 15:15:00+05:30,15984.35,50,262.4999999999991,71.10635625,191.3936437499991,155.8404656249991,144.1936437499991,85.04046562499911,0,0,18.34000015258789,NORMAL
2022-07-21,2022-07-18 10:00:00+05:30,2022-07-18 15:15:00+05:30,16175.1,50,-87.50000000000045,66.03217245,-153.53217245000047,-186.54825867500045,-200.73217245000046,-257.34825867500047,0,0,17.600000381469727,NORMAL
2022-07-21,2022-07-19 10:00:00+05:30,2022-07-19 15:15:00+05:30,16272.5,50,180.0,64.12051480000001,115.87948519999999,83.81922780000001,68.67948519999999,13.01922780000001,0,0,17.15999984741211,LOW
2022-07-21,2022-07-20 10:00:00+05:30,2022-07-20 15:15:00+05:30,16527.4,50,787.5000000000005,58.85577035000001,728.6442296500004,699.2163444750005,681.4442296500005,628.4163444750004,0,0,17.200000762939453,NORMAL
2022-07-28,2022-07-21 10:00:00+05:30,2022-07-21 15:15:00+05:30,16560.4,50,327.4999999999982,73.21569075000001,254.28430924999816,217.67646387499818,207.08430924999817,146.8764638749982,0,0,16.81999969482422,LOW
2022-07-28,2022-07-22 10:00:00+05:30,2022-07-22 15:15:00+05:30,16635.65,50,-147.5,71.01194165,-218.51194164999998,-254.01791247499997,-265.71194164999997,-324.817912475,0,0,16.860000610351562,LOW
2022-07-28,2022-07-25 10:00:00+05:30,2022-07-25 15:15:00+05:30,16616.05,50,847.5,67.75725595,779.74274405,745.864116075,732.54274405,675.064116075,0,0,16.649999618530273,LOW
2022-07-28,2022-07-26 10:00:00+05:30,2022-07-26 15:15:00+05:30,16522.4,50,832.5,64.26180944999999,768.23819055,736.107285825,721.03819055,665.307285825,0,0,17.68000030517578,NORMAL
2022-07-28,2022-07-27 10:00:00+05:30,2022-07-27 15:15:00+05:30,16493.2,50,-3052.5,63.992548150000005,-3116.49254815,-3148.488822225,-3163.69254815,-3219.288822225,0,0,18.170000076293945,NORMAL
2022-08-04,2022-07-28 10:00:00+05:30,2022-07-28 15:15:00+05:30,16796.85,50,-735.0000000000018,75.1756267,-810.1756267000018,-847.7634400500018,-857.3756267000018,-918.5634400500019,0,0,18.1299991607666,NORMAL
2022-08-04,2022-07-29 10:00:00+05:30,2022-07-29 15:15:00+05:30,17135.7,50,459.9999999999991,70.9652996,389.0347003999991,353.5520505999991,341.83470039999906,282.75205059999905,0,0,17.010000228881836,LOW
2022-08-04,2022-08-01 10:00:00+05:30,2022-08-01 15:15:00+05:30,17250.75,50,-197.5,68.29155405000002,-265.79155405,-299.937331075,-312.99155405,-370.73733107500004,0,0,16.549999237060547,LOW
2022-08-04,2022-08-02 10:00:00+05:30,2022-08-02 15:15:00+05:30,17234.6,50,-580.0000000000005,66.4667188,-646.4667188000004,-679.7000782000005,-693.6667188000005,-750.5000782000004,0,0,17.489999771118164,NORMAL
2022-08-04,2022-08-03 10:00:00+05:30,2022-08-03 15:15:00+05:30,17319.65,50,685.0,63.044314499999984,621.9556855000001,590.43352825,574.7556855,519.6335282499999,0,0,18.530000686645508,NORMAL
2022-08-11,2022-08-04 10:00:00+05:30,2022-08-04 11:47:00+05:30,17462.35,50,-7072.5,83.51742555,-7156.01742555,-7197.776138325,-7203.21742555,-7268.576138325,0,0,18.450000762939453,NORMAL
2022-08-11,2022-08-05 10:00:00+05:30,2022-08-05 15:15:00+05:30,17449.0,50,1532.5,74.86951705000001,1457.63048295,1420.195724425,1410.43048295,1349.395724425,0,0,19.26000022888184,NORMAL
2022-08-11,2022-08-08 10:00:00+05:30,2022-08-08 15:15:00+05:30,17417.55,50,-492.5,69.85282215,-562.35282215,-597.279233225,-609.55282215,-668.079233225,0,0,18.920000076293945,NORMAL
2022-08-11,2022-08-10 10:00:00+05:30,2022-08-10 15:15:00+05:30,17454.15,50,560.0,64.35299319999999,495.6470068,463.4705102,448.4470068,392.67051019999997,0,0,19.299999237060547,NORMAL
2022-08-18,2022-08-11 10:00:00+05:30,2022-08-11 15:15:00+05:30,17689.0,50,1239.9999999999982,72.9887756,1167.0112243999981,1130.5168365999982,1119.811224399998,1059.7168365999983,0,0,19.59000015258789,NORMAL
2022-08-18,2022-08-12 10:00:00+05:30,2022-08-12 15:15:00+05:30,17656.3,50,602.5,68.51577385,533.98422615,499.726339225,486.78422615,428.926339225,0,0,18.36000061035156,NORMAL
2022-08-18,2022-08-16 10:00:00+05:30,2022-08-16 15:15:00+05:30,17822.95,50,710.0000000000005,62.486763800000006,647.5132362000004,616.2698543000005,600.3132362000005,545.4698543000004,0,0,17.610000610351562,NORMAL
2022-08-18,2022-08-17 10:00:00+05:30,2022-08-17 15:15:00+05:30,17894.55,50,-367.5,59.10470645,-426.60470645,-456.157059675,-473.80470645,-526.957059675,0,0,17.68000030517578,NORMAL
2022-08-25,2022-08-18 10:00:00+05:30,2022-08-18 15:15:00+05:30,17943.35,50,1224.999999999999,72.7362695,1152.2637304999992,1115.895595749999,1105.063730499999,1045.0955957499991,0,0,17.68000030517578,NORMAL
2022-08-25,2022-08-19 10:00:00+05:30,2022-08-19 15:15:00+05:30,17957.65,50,-2920.0,70.95192399999999,-2990.951924,-3026.427886,-3038.151924,-3097.227886,0,0,17.350000381469727,NORMAL
2022-08-25,2022-08-22 10:00:00+05:30,2022-08-22 15:15:00+05:30,17614.35,50,112.49999999999909,68.11276845,44.387231549999086,10.330847324999098,-2.8127684500009025,-60.46915267500091,0,0,18.290000915527344,NORMAL
2022-08-25,2022-08-23 10:00:00+05:30,2022-08-23 15:15:00+05:30,17575.1,50,1240.0,63.99949180000001,1176.0005082,1144.0007623000001,1128.8005082,1073.2007623,0,0,19.040000915527344,NORMAL
2022-08-25,2022-08-24 10:00:00+05:30,2022-08-24 15:15:00+05:30,17537.15,50,1415.0,61.6032721,1353.3967279,1322.59509185,1306.1967279,1251.79509185,0,0,19.049999237060547,NORMAL
2022-09-01,2022-08-25 10:00:00+05:30,2022-08-25 15:15:00+05:30,17714.5,50,-3490.000000000002,76.50113200000001,-3566.5011320000017,-3604.751698000002,-3613.701132000002,-3675.551698000002,0,0,18.43000030517578,NORMAL
2022-09-01,2022-08-26 10:00:00+05:30,2022-08-26 15:15:00+05:30,17658.45,50,109.99999999999909,71.8809094,38.1190905999991,2.1786358999990796,-9.080909400000934,-68.62136410000093,0,0,19.56999969482422,NORMAL
2022-09-01,2022-08-29 10:00:00+05:30,2022-08-29 15:15:00+05:30,17304.5,50,865.0,70.1854807,794.8145193,759.72177895,747.6145193,688.92177895,0,0,18.21999931335449,NORMAL
2022-09-01,2022-08-30 10:00:00+05:30,2022-08-30 14:54:00+05:30,17474.1,50,-7107.500000000002,67.02130045,-7174.521300450002,-7208.031950675002,-7221.721300450002,-7278.831950675002,0,0,19.81999969482422,NORMAL
2022-09-08,2022-09-01 10:00:00+05:30,2022-09-01 15:15:00+05:30,17618.65,50,707.4999999999982,80.94459794999999,626.5554020499982,586.0831030749982,579.3554020499982,515.2831030749983,0,0,18.700000762939453,NORMAL
2022-09-08,2022-09-02 10:00:00+05:30,2022-09-02 15:15:00+05:30,17507.2,50,1254.9999999999955,77.36156150000001,1177.6384384999953,1138.9576577499954,1130.4384384999955,1068.1576577499955,0,0,19.8700008392334,NORMAL
2022-09-08,2022-09-05 10:00:00+05:30,2022-09-05 15:15:00+05:30,17636.25,50,750.0,71.89216680000001,678.1078332,642.1617497999999,630.9078332,571.3617498,0,0,19.549999237060547,NORMAL
2022-09-08,2022-09-06 10:00:00+05:30,2022-09-06 15:15:00+05:30,17669.0,50,1210.0,68.4186044,1141.5813956,1107.3720934,1094.3813956,1036.5720934,0,0,19.65999984741211,NORMAL
2022-09-08,2022-09-07 10:00:00+05:30,2022-09-07 15:15:00+05:30,17569.65,50,780.0,63.816707799999996,716.1832922,684.2749383,668.9832922,613.4749383000001,0,0,19.520000457763672,NORMAL
2022-09-15,2022-09-08 10:00:00+05:30,2022-09-08 15:15:00+05:30,17763.85,50,1312.499999999999,77.31206345,1235.187936549999,1196.5319048249992,1187.9879365499992,1125.731904824999,0,0,19.3700008392334,NORMAL
2022-09-15,2022-09-09 10:00:00+05:30,2022-09-09 15:15:00+05:30,17896.7,50,-62.50000000000182,71.83648075,-134.33648075000184,-170.25472112500182,-181.5364807500018,-241.0547211250018,0,0,18.309999465942383,NORMAL
2022-09-15,2022-09-12 10:00:00+05:30,2022-09-12 15:15:00+05:30,17947.0,50,120.0,68.75577900000002,51.24422099999998,16.8663315,4.044220999999993,-53.93366849999998,0,0,17.719999313354492,NORMAL
2022-09-15,2022-09-13 10:00:00+05:30,2022-09-13 15:15:00+05:30,18054.2,50,335.0,65.4849331,269.51506689999997,236.77260035,222.3150669,165.97260035,0,0,17.940000534057617,NORMAL
2022-09-15,2022-09-14 10:00:00+05:30,2022-09-14 15:15:00+05:30,17904.6,50,-545.0,64.5019693,-609.5019693,-641.75295395,-656.7019693,-712.5529539500001,0,0,17.469999313354492,NORMAL
2022-09-22,2022-09-15 10:00:00+05:30,2022-09-15 15:15:00+05:30,17970.05,50,2287.4999999999964,80.44084715000001,2207.0591528499963,2166.8387292749962,2159.8591528499965,2096.0387292749965,0,0,18.280000686645508,NORMAL
2022-09-22,2022-09-16 10:00:00+05:30,2022-09-16 15:15:00+05:30,17650.3,50,-42.5,78.40180595,-120.90180595,-160.102708925,-168.10180595,-230.90270892499996,0,0,18.38999938964844,NORMAL
2022-09-22,2022-09-19 10:00:00+05:30,2022-09-19 15:15:00+05:30,17638.7,50,924.9999999999973,74.6129947,850.3870052999973,813.0805079499974,803.1870052999973,742.2805079499973,0,0,19.81999969482422,NORMAL
2022-09-22,2022-09-20 10:00:00+05:30,2022-09-20 15:15:00+05:30,17836.85,50,437.5,68.41615895,369.08384105,334.875761575,321.88384105,264.075761575,0,0,19.940000534057617,NORMAL
2022-09-22,2022-09-21 10:00:00+05:30,2022-09-21 15:15:00+05:30,17755.55,50,-632.5,68.49286634999999,-700.99286635,-735.239299525,-748.19286635,-806.0392995249999,0,0,18.799999237060547,NORMAL
2022-09-29,2022-09-22 10:00:00+05:30,2022-09-22 15:15:00+05:30,17695.1,50,2095.0,82.22323509999998,2012.7767649,1971.66514735,1965.5767649,1900.86514735,0,0,19.32999992370605,NORMAL
2022-09-29,2022-09-23 10:00:00+05:30,2022-09-23 15:15:00+05:30,17461.4,50,-882.5,80.51291354999998,-963.01291355,-1003.269370325,-1010.2129135499999,-1074.069370325,0,0,18.81999969482422,NORMAL
2022-09-29,2022-09-26 10:00:00+05:30,2022-09-26 15:15:00+05:30,17046.5,50,1022.5,75.48029645000001,947.01970355,909.279555325,899.81970355,838.479555325,0,0,20.59000015258789,NORMAL
2022-09-29,2022-09-27 10:00:00+05:30,2022-09-27 15:15:00+05:30,17076.8,50,1204.999999999999,70.36471850000001,1134.635281499999,1099.4529222499991,1087.435281499999,1028.6529222499992,0,0,21.88999938964844,NORMAL
2022-09-29,2022-09-28 10:00:00+05:30,2022-09-28 15:15:00+05:30,16915.75,50,1877.5,64.36140055,1813.13859945,1780.957899175,1765.93859945,1710.157899175,0,0,21.56999969482422,NORMAL
2022-10-06,2022-09-29 10:00:00+05:30,2022-09-29 15:15:00+05:30,16959.75,50,839.9999999999982,82.887981,757.1120189999982,715.6680284999982,709.9120189999982,644.8680284999982,0,0,22.100000381469727,NORMAL
2022-10-06,2022-09-30 10:00:00+05:30,2022-09-30 15:15:00+05:30,16795.15,50,-2614.9999999999995,81.1068009,-2696.1068008999996,-2736.6602013499996,-2743.3068008999994,-2807.4602013499994,0,0,21.299999237060547,NORMAL
2022-10-06,2022-10-03 10:00:00+05:30,2022-10-03 15:15:00+05:30,16981.8,50,1040.0,72.9935832,967.0064168,930.5096252,919.8064168,859.7096252,0,0,19.96999931335449,NORMAL
2022-10-06,2022-10-04 10:00:00+05:30,2022-10-04 15:15:00+05:30,17225.8,50,842.5000000000005,64.38880625,778.1111937500004,745.9167906250004,730.9111937500004,675.1167906250005,0,0,21.3700008392334,NORMAL
2022-10-13,2022-10-06 10:00:00+05:30,2022-10-06 15:15:00+05:30,17399.9,50,2070.0,77.856661,1992.143339,1953.2150085,1944.943339,1882.4150085,0,0,19.56999969482422,NORMAL
2022-10-13,2022-10-07 10:00:00+05:30,2022-10-07 15:15:00+05:30,17332.5,50,832.5,73.99522404999999,758.5047759500001,721.507163925,711.30477595,650.707163925,0,0,19.31999969482422,NORMAL
2022-10-13,2022-10-10 10:00:00+05:30,2022-10-10 15:15:00+05:30,17071.95,50,-2705.0,71.8840391,-2776.8840391,-2812.82605865,-2824.0840391,-2883.6260586500002,0,0,18.809999465942383,NORMAL
2022-10-13,2022-10-11 10:00:00+05:30,2022-10-11 15:15:00+05:30,17142.35,50,-1557.5,69.67378665,-1627.17378665,-1662.010679975,-1674.37378665,-1732.8106799749999,0,0,19.6200008392334,NORMAL
2022-10-13,2022-10-12 10:00:00+05:30,2022-10-12 15:15:00+05:30,17045.25,50,282.5,64.55293105,217.94706895000002,185.67060342500002,170.74706895,114.87060342499998,0,0,20.489999771118164,NORMAL
2022-10-20,2022-10-13 10:00:00+05:30,2022-10-13 15:15:00+05:30,17042.2,50,900.0,81.7207338,818.2792661999999,777.4188993,771.0792662,706.6188993000001,0,0,20.18000030517578,NORMAL
2022-10-20,2022-10-14 10:00:00+05:30,2022-10-14 15:15:00+05:30,17308.3,50,32.49999999999818,73.93636665,-41.436366650001816,-78.40454997500181,-88.63636665000183,-149.20454997500184,0,0,20.290000915527344,NORMAL
2022-10-20,2022-10-17 10:00:00+05:30,2022-10-17 15:15:00+05:30,17167.5,50,-1454.9999999999995,71.3142671,-1526.3142670999996,-1561.9714006499996,-1573.5142670999996,-1632.7714006499996,0,0,18.26000022888184,NORMAL
2022-10-20,2022-10-18 10:00:00+05:30,2022-10-18 15:15:00+05:30,17513.05,50,967.5,65.11500375,902.38499625,869.827494375,855.18499625,799.027494375,0,0,18.420000076293945,NORMAL
2022-10-20,2022-10-19 10:00:00+05:30,2022-10-19 15:15:00+05:30,17573.35,50,555.0,59.93265489999999,495.0673451,465.10101765,447.86734509999997,394.30101765000006,0,0,17.450000762939453,NORMAL
2022-10-27,2022-10-20 10:00:00+05:30,2022-10-20 15:15:00+05:30,17467.75,50,489.9999999999982,74.67650499999999,415.32349499999816,377.9852424999982,368.1234949999982,307.18524249999814,0,0,17.489999771118164,NORMAL
2022-10-27,2022-10-21 10:00:00+05:30,2022-10-21 15:15:00+05:30,17640.7,50,59.99999999999909,68.4898854,-8.489885400000915,-42.734828100000925,-55.68988540000092,-113.53482810000091,0,0,17.229999542236328,LOW
2022-10-27,2022-10-25 10:00:00+05:30,2022-10-25 15:15:00+05:30,17755.9,50,-1032.500000000001,61.13007455,-1093.630074550001,-1124.1951118250008,-1140.830074550001,-1194.995111825001,0,0,17.420000076293945,NORMAL
2022-11-03,2022-10-27 10:00:00+05:30,2022-10-27 15:15:00+05:30,17743.45,50,897.4999999999964,74.38662695000001,823.1133730499963,785.9200595749963,775.9133730499964,715.1200595749964,0,0,16.8799991607666,LOW
2022-11-03,2022-10-28 10:00:00+05:30,2022-10-28 15:15:00+05:30,17793.3,50,377.4999999999991,70.92008555000001,306.5799144499991,271.1198716749991,259.3799144499991,200.3198716749991,0,0,16.600000381469727,LOW
2022-11-03,2022-10-31 10:00:00+05:30,2022-10-31 15:15:00+05:30,17949.4,50,-627.5,66.65240045,-694.15240045,-727.478600675,-741.35240045,-798.278600675,0,0,15.920000076293944,LOW
2022-11-03,2022-11-01 10:00:00+05:30,2022-11-01 15:15:00+05:30,18140.75,50,472.5,64.01690744999999,408.48309255000004,376.474638825,361.28309255,305.674638825,0,0,15.800000190734863,LOW
2022-11-03,2022-11-02 10:00:00+05:30,2022-11-02 15:15:00+05:30,18120.1,50,130.0,62.819487800000005,67.1805122,35.7707683,19.980512199999993,-35.0292317,0,0,16.1299991607666,LOW
2022-11-10,2022-11-03 10:00:00+05:30,2022-11-03 15:15:00+05:30,18073.95,50,2565.0,76.1941239,2488.8058761,2450.70881415,2441.6058761,2379.90881415,0,0,16.65999984741211,LOW
2022-11-10,2022-11-04 10:00:00+05:30,2022-11-04 15:15:00+05:30,18031.6,50,-15.0,70.22225169999999,-85.22225169999999,-120.33337755000001,-132.4222517,-191.13337754999998,0,0,15.9399995803833,LOW
2022-11-10,2022-11-07 10:00:00+05:30,2022-11-07 15:15:00+05:30,18162.15,50,957.5000000000005,64.50110655,892.9988934500004,860.7483401750005,845.7988934500004,789.9483401750005,0,0,15.65999984741211,LOW
2022-11-10,2022-11-09 10:00:00+05:30,2022-11-09 15:15:00+05:30,18213.55,50,1122.5000000000005,59.24022365000001,1063.2597763500005,1033.6396645250004,1016.0597763500004,962.8396645250004,0,0,15.59000015258789,LOW
2022-11-17,2022-11-10 10:00:00+05:30,2022-11-10 15:15:00+05:30,18025.0,50,1342.4999999999964,72.86079705,1269.6392029499964,1233.2088044249963,1222.4392029499963,1162.4088044249963,0,0,15.920000076293944,LOW
2022-11-17,2022-11-11 10:00:00+05:30,2022-11-11 15:15:00+05:30,18299.55,50,-22.50000000000091,68.01289175,-90.5128917500009,-124.5193376250009,-137.71289175000092,-195.31933762500094,0,0,15.56999969482422,LOW
2022-11-17,2022-11-14 10:00:00+05:30,2022-11-14 15:15:00+05:30,18369.2,50,485.0,64.06885690000001,420.9311431,388.89671465,373.7311431,318.09671464999997,0,0,14.40999984741211,LOW
2022-11-17,2022-11-15 10:00:00+05:30,2022-11-15 15:15:00+05:30,18302.05,50,-985.0,62.786346300000005,-1047.7863463,-1079.17951945,-1094.9863463,-1149.97951945,0,0,14.90999984741211,LOW
2022-11-17,2022-11-16 10:00:00+05:30,2022-11-16 15:15:00+05:30,18379.3,50,945.0,58.1699793,886.8300207,857.74503105,839.6300206999999,786.94503105,0,0,14.640000343322754,LOW
2022-11-24,2022-11-17 10:00:00+05:30,2022-11-17 15:15:00+05:30,18406.8,50,924.9999999999991,70.8050661,854.1949338999991,818.7924008499991,806.9949338999991,747.9924008499991,0,0,15.100000381469728,LOW
2022-11-24,2022-11-18 10:00:00+05:30,2022-11-18 15:15:00+05:30,18292.6,50,757.5,67.84531594999999,689.65468405,655.732026075,642.45468405,584.932026075,0,0,14.880000114440918,LOW
2022-11-24,2022-11-21 10:00:00+05:30,2022-11-21 15:15:00+05:30,18167.85,50,422.5,63.62078025,358.87921975,327.068829625,311.67921975,256.268829625,0,0,14.390000343322754,LOW
2022-11-24,2022-11-22 10:00:00+05:30,2022-11-22 15:15:00+05:30,18195.8,50,60.0,61.016423599999996,-1.016423599999996,-31.524635400000008,-48.21642360000003,-102.3246354,0,0,14.800000190734863,LOW
2022-11-24,2022-11-23 10:00:00+05:30,2022-11-23 15:15:00+05:30,18269.95,50,1257.5,57.30522415,1200.19477585,1171.542163775,1152.99477585,1100.7421637749999,0,0,13.84000015258789,LOW
2022-12-01,2022-11-24 10:00:00+05:30,2022-11-24 15:15:00+05:30,18346.0,50,-2152.5,68.64240175,-2221.14240175,-2255.463602625,-2268.34240175,-2326.263602625,0,0,14.039999961853027,LOW
2022-12-01,2022-11-25 10:00:00+05:30,2022-11-25 15:15:00+05:30,18468.85,50,-97.5,65.53770365,-163.03770365,-195.80655547500004,-210.23770365000001,-266.60655547500005,0,0,13.479999542236328,LOW
2022-12-01,2022-11-28 10:00:00+05:30,2022-11-28 15:15:00+05:30,18533.75,50,295.00000000000045,62.40923529999999,232.59076470000048,201.38614705000043,185.39076470000043,130.58614705000048,0,0,13.329999923706056,LOW
2022-12-01,2022-11-29 10:00:00+05:30,2022-11-29 15:15:00+05:30,18622.4,50,1312.5000000000005,59.91685765,1252.5831423500003,1222.6247135250005,1205.3831423500005,1151.8247135250003,0,0,13.56999969482422,LOW
2022-12-01,2022-11-30 10:00:00+05:30,2022-11-30 15:15:00+05:30,18627.95,50,-1417.5,58.06657425,-1475.56657425,-1504.599861375,-1522.76657425,-1575.399861375,0,0,13.619999885559082,LOW
2022-12-08,2022-12-01 10:00:00+05:30,2022-12-01 15:15:00+05:30,18842.0,50,632.5,69.59036765,562.90963235,528.114448525,515.70963235,457.314448525,0,0,13.8100004196167,LOW
2022-12-08,2022-12-02 10:00:00+05:30,2022-12-02 15:15:00+05:30,18712.8,50,642.5,67.06237924999999,575.43762075,541.906431125,528.23762075,471.106431125,0,0,13.359999656677246,LOW
2022-12-08,2022-12-05 10:00:00+05:30,2022-12-05 15:15:00+05:30,18600.5,50,-712.4999999999998,65.79570754999999,-778.2957075499997,-811.1935613249998,-825.4957075499998,-881.9935613249997,0,0,13.449999809265137,LOW
2022-12-08,2022-12-06 10:00:00+05:30,2022-12-06 15:15:00+05:30,18624.35,50,260.0,62.8857232,197.1142768,165.67141519999998,149.91427679999998,94.8714152,0,0,13.729999542236328,LOW
2022-12-08,2022-12-07 10:00:00+05:30,2022-12-07 15:15:00+05:30,18643.1,50,435.0,59.97963609999999,375.0203639,345.03054585,327.8203639,274.23054585,0,0,14.039999961853027,LOW
2022-12-15,2022-12-08 10:00:00+05:30,2022-12-08 15:15:00+05:30,18615.8,50,1679.9999999999995,69.28878,1610.7112199999995,1576.0668299999995,1563.5112199999996,1505.2668299999996,0,0,14.079999923706056,LOW
2022-12-15,2022-12-09 10:00:00+05:30,2022-12-09 15:15:00+05:30,18628.0,50,-1082.5000000000018,65.65347875,-1148.1534787500018,-1180.9802181250018,-1195.3534787500018,-1251.7802181250017,0,0,13.399999618530272,LOW
2022-12-15,2022-12-12 10:00:00+05:30,2022-12-12 15:15:00+05:30,18478.0,50,492.5,63.46246264999999,429.03753735,397.306306025,381.83753735,326.50630602499996,0,0,13.479999542236328,LOW
2022-12-15,2022-12-13 10:00:00+05:30,2022-12-13 15:15:00+05:30,18508.35,50,-1182.4999999999998,63.120325750000006,-1245.6203257499997,-1277.1804886249997,-1292.8203257499997,-1347.980488625,0,0,13.31999969482422,LOW
2022-12-15,2022-12-14 10:00:00+05:30,2022-12-14 15:15:00+05:30,18657.85,50,477.5,58.77732555,418.72267445,389.334011675,371.52267445,318.534011675,0,0,12.880000114440918,LOW
2022-12-22,2022-12-15 10:00:00+05:30,2022-12-15 15:15:00+05:30,18578.65,50,-2150.0,69.0129142,-2219.0129142,-2253.5193713,-2266.2129142,-2324.3193713,0,0,12.890000343322754,LOW
2022-12-22,2022-12-16 10:00:00+05:30,2022-12-16 15:15:00+05:30,18385.1,50,-1025.0,67.2438245,-1092.2438245,-1125.86573675,-1139.4438245,-1196.66573675,0,0,13.729999542236328,LOW
2022-12-22,2022-12-19 10:00:00+05:30,2022-12-19 15:15:00+05:30,18322.6,50,-1364.9999999999998,65.5992921,-1430.5992920999997,-1463.3989381499998,-1477.7992920999998,-1534.1989381499998,0,0,14.06999969482422,LOW
2022-12-22,2022-12-20 10:00:00+05:30,2022-12-20 15:15:00+05:30,18214.5,50,-2852.500000000002,65.40710115,-2917.907101150002,-2950.610651725002,-2965.1071011500017,-3021.410651725002,0,0,13.550000190734863,LOW
2022-12-22,2022-12-21 10:00:00+05:30,2022-12-21 15:15:00+05:30,18376.25,50,-3495.0,61.85129189999999,-3556.8512919,-3587.77693785,-3604.0512919000003,-3658.57693785,0,0,13.779999732971191,LOW
2022-12-29,2022-12-22 10:00:00+05:30,2022-12-22 15:15:00+05:30,18234.85,50,3127.5,75.00871134999998,3052.49128865,3014.986932975,3005.29128865,2944.1869329749998,0,0,15.5600004196167,LOW
2022-12-29,2022-12-23 10:00:00+05:30,2022-12-23 15:15:00+05:30,17965.75,50,1325.0,72.7522393,1252.2477607,1215.87164105,1205.0477607,1145.07164105,0,0,15.1899995803833,LOW
2022-12-29,2022-12-26 10:00:00+05:30,2022-12-26 15:15:00+05:30,17933.7,50,620.0,67.62756379999999,552.3724362,518.5586543000001,505.1724362,447.7586543,0,0,16.15999984741211,LOW
2022-12-29,2022-12-27 10:00:00+05:30,2022-12-27 15:15:00+05:30,17997.1,50,-435.0,64.9894409,-499.9894409,-532.48416135,-547.1894409,-603.28416135,0,0,16.15999984741211,LOW
2022-12-29,2022-12-28 10:00:00+05:30,2022-12-28 15:15:00+05:30,18128.7,50,1615.0,58.6173479,1556.3826521,1527.07397815,1509.1826521,1456.27397815,0,0,15.289999961853027,LOW
2023-01-05,2022-12-29 10:00:00+05:30,2022-12-29 15:15:00+05:30,18020.0,50,-950.0000000000018,73.6325894,-1023.6325894000018,-1060.4488841000018,-1070.8325894000018,-1131.2488841000018,0,0,15.399999618530272,LOW
2023-01-05,2022-12-30 10:00:00+05:30,2022-12-30 15:15:00+05:30,18242.95,50,-1262.5,68.47539715,-1330.97539715,-1365.213095725,-1378.17539715,-1436.0130957249999,0,0,14.8100004196167,LOW
2023-01-05,2023-01-02 10:00:00+05:30,2023-01-02 15:15:00+05:30,18162.15,50,605.0,65.7214337,539.2785663,506.41784944999995,492.07856630000003,435.61784945,0,0,14.869999885559082,LOW
2023-01-05,2023-01-03 10:00:00+05:30,2023-01-03 15:15:00+05:30,18208.3,50,767.5000000000005,62.290276950000006,705.2097230500004,674.0645845750005,658.0097230500005,603.2645845750004,0,0,14.6899995803833,LOW
2023-01-05,2023-01-04 10:00:00+05:30,2023-01-04 15:15:00+05:30,18116.35,50,1097.5,59.90801595,1037.59198405,1007.637976075,990.39198405,936.837976075,0,0,14.390000343322754,LOW
2023-01-12,2023-01-05 10:00:00+05:30,2023-01-05 15:15:00+05:30,18045.1,50,1670.0,71.352835,1598.647165,1562.9707475,1551.447165,1492.1707475,0,0,15.199999809265137,LOW
2023-01-12,2023-01-06 10:00:00+05:30,2023-01-06 15:15:00+05:30,17960.75,50,567.4999999999991,68.10114214999999,499.3988578499991,465.34828677499905,452.1988578499991,394.5482867749991,0,0,14.979999542236328,LOW
2023-01-12,2023-01-09 10:00:00+05:30,2023-01-09 15:15:00+05:30,18058.15,50,632.5,63.83024404999999,568.66975595,536.754633925,521.46975595,465.954633925,0,0,15.029999732971191,LOW
2023-01-12,2023-01-10 10:00:00+05:30,2023-01-10 15:15:00+05:30,17972.3,50,822.5,62.78894645,759.71105355,728.316580325,712.51105355,657.516580325,0,0,14.649999618530272,LOW
2023-01-12,2023-01-11 10:00:00+05:30,2023-01-11 15:15:00+05:30,17901.15,50,2200.0,61.0421514,2138.9578486,2108.4367729,2091.7578486,2037.6367728999999,0,0,15.510000228881836,LOW
2023-01-19,2023-01-12 10:00:00+05:30,2023-01-12 15:15:00+05:30,17879.7,50,1152.499999999999,73.83778704999999,1078.662212949999,1041.743319424999,1031.4622129499992,970.9433194249991,0,0,15.4399995803833,LOW
2023-01-19,2023-01-13 10:00:00+05:30,2023-01-13 15:15:00+05:30,17792.45,50,-770.0,71.17814299999999,-841.178143,-876.7672145,-888.378143,-947.5672145,0,0,15.279999732971191,LOW
2023-01-19,2023-01-16 10:00:00+05:30,2023-01-16 15:15:00+05:30,17980.1,50,70.0,65.58523819999999,4.414761800000008,-28.377857299999988,-42.78523820000001,-99.17785730000003,0,0,14.460000038146973,LOW
2023-01-19,2023-01-17 10:00:00+05:30,2023-01-17 15:15:00+05:30,18005.2,50,1055.0000000000005,62.534280499999994,992.4657195000004,961.1985792500004,945.2657195000004,890.3985792500005,0,0,15.020000457763672,LOW
2023-01-19,2023-01-18 10:00:00+05:30,2023-01-18 15:15:00+05:30,18109.2,50,870.0,58.64375400000001,811.3562459999999,782.034369,764.156246,711.234369,0,0,14.59000015258789,LOW
2023-01-25,2023-01-19 10:00:00+05:30,2023-01-19 15:15:00+05:30,18097.65,50,992.5,68.70988664999999,923.79011335,889.435170025,876.5901133499999,818.635170025,0,0,14.369999885559082,LOW
2023-01-25,2023-01-20 10:00:00+05:30,2023-01-20 15:15:00+05:30,18099.3,50,355.0,64.72837870000001,290.2716213,257.90743195,243.0716213,187.10743195,0,0,13.960000038146973,LOW
2023-01-25,2023-01-23 10:00:00+05:30,2023-01-23 15:15:00+05:30,18160.4,50,1350.0,60.30696939999999,1289.6930306,1259.5395459,1242.4930306,1188.7395459,0,0,13.789999961853027,LOW
2023-01-25,2023-01-24 10:00:00+05:30,2023-01-24 15:15:00+05:30,18160.65,50,790.0,56.52995700000001,733.470043,705.2050644999999,686.270043,634.4050645,0,0,13.619999885559082,LOW
2023-02-02,2023-01-25 10:00:00+05:30,2023-01-25 15:15:00+05:30,17999.75,50,-122.50000000000182,76.25585515,-198.75585515000182,-236.88378272500182,-245.9558551500018,-307.68378272500183,0,0,13.65999984741211,LOW
2023-02-02,2023-01-27 10:00:00+05:30,2023-01-27 15:15:00+05:30,17743.65,50,62.5,80.77567745,-18.275677450000003,-58.663516174999984,-65.47567744999999,-129.463516175,0,0,14.65999984741211,LOW
2023-02-02,2023-01-30 10:00:00+05:30,2023-01-30 15:15:00+05:30,17621.5,50,1982.499999999999,79.35334184999999,1903.146658149999,1863.4699872249992,1855.9466581499992,1792.6699872249992,0,0,17.31999969482422,NORMAL
2023-02-02,2023-01-31 10:00:00+05:30,2023-01-31 15:15:00+05:30,17556.05,50,-277.5,77.42699365,-354.92699365,-393.640490475,-402.12699365000003,-464.440490475,0,0,17.709999084472656,NORMAL
2023-02-02,2023-02-01 10:00:00+05:30,2023-02-01 15:15:00+05:30,17752.25,50,3849.999999999999,69.0018948,3780.998105199999,3746.497157799999,3733.798105199999,3675.6971577999993,0,0,16.8799991607666,NORMAL
2023-02-09,2023-02-02 10:00:00+05:30,2023-02-02 15:15:00+05:30,17577.5,50,2159.999999999999,78.7148414,2081.2851585999992,2041.927737899999,2034.085158599999,1971.1277378999991,0,0,16.780000686645508,NORMAL
2023-02-09,2023-02-03 10:00:00+05:30,2023-02-03 15:15:00+05:30,17693.55,50,-1082.5,72.03830475000001,-1154.53830475,-1190.557457125,-1201.73830475,-1261.357457125,0,0,15.729999542236328,LOW
2023-02-09,2023-02-06 10:00:00+05:30,2023-02-06 15:15:00+05:30,17776.05,50,445.0,66.6017005,378.3982995,345.09744925,331.19829949999996,274.29744925,0,0,14.399999618530272,LOW
2023-02-09,2023-02-07 10:00:00+05:30,2023-02-07 15:15:00+05:30,17755.95,50,1152.5,63.998724249999995,1088.50127575,1056.501913625,1041.30127575,985.701913625,0,0,14.6899995803833,LOW
2023-02-09,2023-02-08 10:00:00+05:30,2023-02-08 15:15:00+05:30,17851.75,50,1322.5,59.78203065000001,1262.71796935,1232.826954025,1215.51796935,1162.026954025,0,0,14.130000114440918,LOW
2023-02-16,2023-02-09 10:00:00+05:30,2023-02-09 15:15:00+05:30,17856.35,50,27.49999999999909,68.57438135,-41.074381350000905,-75.36157202500091,-88.27438135000091,-146.1615720250009,0,0,13.600000381469728,LOW
2023-02-16,2023-02-10 10:00:00+05:30,2023-02-10 15:15:00+05:30,17823.85,50,602.4999999999991,65.96184345,536.538156549999,503.5572348249991,489.3381565499991,432.7572348249991,0,0,13.039999961853027,LOW
2023-02-16,2023-02-13 10:00:00+05:30,2023-02-13 15:15:00+05:30,17778.25,50,682.5,63.734877450000006,618.76512255,586.8976838250001,571.5651225500001,516.097683825,0,0,12.75,LOW
2023-02-16,2023-02-14 10:00:00+05:30,2023-02-14 15:15:00+05:30,17826.55,50,-344.99999999999955,61.5711659,-406.5711658999995,-437.3567488499996,-453.7711658999996,-508.15674884999953,0,0,13.68000030517578,LOW
2023-02-16,2023-02-15 10:00:00+05:30,2023-02-15 15:15:00+05:30,17893.8,50,-1475.000000000001,58.713214300000004,-1533.7132143000008,-1563.069821450001,-1580.9132143000008,-1633.869821450001,0,0,13.449999809265137,LOW
2023-02-23,2023-02-16 10:00:00+05:30,2023-02-16 15:15:00+05:30,18126.2,50,-112.50000000000091,66.68159115,-179.1815911500009,-212.5223867250009,-226.38159115000093,-283.3223867250009,0,0,12.859999656677246,LOW
2023-02-23,2023-02-17 10:00:00+05:30,2023-02-17 15:15:00+05:30,18021.55,50,407.5,65.32965595,342.17034405,309.505516075,294.97034405,238.70551607500002,0,0,12.890000343322754,LOW
2023-02-23,2023-02-20 10:00:00+05:30,2023-02-20 15:15:00+05:30,17990.75,50,-1970.0,64.0734384,-2034.0734384,-2066.1101576,-2081.2734384,-2136.9101576,0,0,13.09000015258789,LOW
2023-02-23,2023-02-21 10:00:00+05:30,2023-02-21 15:15:00+05:30,17862.25,50,1155.0,61.236537899999995,1093.7634621,1063.14519315,1046.5634621,992.3451931500001,0,0,13.380000114440918,LOW
2023-02-23,2023-02-22 10:00:00+05:30,2023-02-22 15:15:00+05:30,17680.35,50,-1685.000000000001,60.1619679,-1745.161967900001,-1775.242951850001,-1792.361967900001,-1846.042951850001,0,0,14.010000228881836,LOW
2023-03-02,2023-02-23 10:00:00+05:30,2023-02-23 15:15:00+05:30,17567.7,50,1697.5,71.29900535,1626.20099465,1590.551491975,1579.00099465,1519.7514919750001,0,0,15.59000015258789,LOW
2023-03-02,2023-02-24 10:00:00+05:30,2023-02-24 15:15:00+05:30,17541.4,50,657.5,67.01172095,590.48827905,556.982418575,543.28827905,486.18241857500004,0,0,15.079999923706056,LOW
2023-03-02,2023-02-27 10:00:00+05:30,2023-02-27 15:15:00+05:30,17327.7,50,1017.5,64.77159354999999,952.72840645,920.3426096750001,905.52840645,849.542609675,0,0,14.1899995803833,LOW
2023-03-02,2023-02-28 10:00:00+05:30,2023-02-28 15:15:00+05:30,17404.85,50,450.0,61.674469800000004,388.3255302,357.4882953,341.1255302,286.6882953,0,0,13.880000114440918,LOW
2023-03-02,2023-03-01 10:00:00+05:30,2023-03-01 15:15:00+05:30,17398.6,50,817.5,57.85874075000001,759.64125925,730.711888875,712.44125925,659.9118888749999,0,0,14.020000457763672,LOW
2023-03-09,2023-03-02 10:00:00+05:30,2023-03-02 15:15:00+05:30,17361.4,50,1462.5,67.64164745,1394.85835255,1361.037528825,1347.65835255,1290.237528825,0,0,13.0,LOW
2023-03-09,2023-03-03 10:00:00+05:30,2023-03-03 15:15:00+05:30,17478.3,50,-1170.000000000001,63.296297,-1233.296297000001,-1264.944445500001,-1280.4962970000008,-1335.744445500001,0,0,12.970000267028809,LOW
2023-03-09,2023-03-06 10:00:00+05:30,2023-03-06 15:15:00+05:30,17770.65,50,715.0,59.4198601,655.5801399,625.87020985,608.3801399,555.07020985,0,0,12.18000030517578,LOW
2023-03-09,2023-03-08 10:00:00+05:30,2023-03-08 15:15:00+05:30,17687.85,50,780.0,57.3583874,722.6416126,693.9624189,675.4416126,623.1624188999999,0,0,12.270000457763672,LOW
2023-03-16,2023-03-09 10:00:00+05:30,2023-03-09 15:15:00+05:30,17690.0,50,-52.50000000000091,67.84319774999999,-120.3431977500009,-154.26479662500088,-167.5431977500009,-225.06479662500087,0,0,12.449999809265137,LOW
2023-03-16,2023-03-10 10:00:00+05:30,2023-03-10 15:15:00+05:30,17376.1,50,535.0,66.4998603,468.5001397,435.25020955,421.3001397,364.45020955,0,0,12.729999542236328,LOW
2023-03-16,2023-03-13 10:00:00+05:30,2023-03-13 14:20:00+05:30,17454.45,50,-7072.500000000002,68.18924975,-7140.689249750002,-7174.783874625002,-7187.889249750002,-7245.583874625002,0,0,13.40999984741211,LOW
2023-03-16,2023-03-14 10:00:00+05:30,2023-03-14 15:15:00+05:30,17173.95,50,892.5,65.95625045,826.54374955,793.565624325,779.34374955,722.765624325,0,0,16.219999313354492,NORMAL
2023-03-16,2023-03-15 10:00:00+05:30,2023-03-15 15:15:00+05:30,17137.45,50,-2872.5,62.447594949999996,-2934.94759495,-2966.171392425,-2982.14759495,-3036.971392425,0,0,16.219999313354492,NORMAL
2023-03-23,2023-03-16 10:00:00+05:30,2023-03-16 15:15:00+05:30,16866.95,50,-60.0,79.0924998,-139.09249979999998,-178.6387497,-186.2924998,-249.4387497,0,0,16.299999237060547,NORMAL
2023-03-23,2023-03-17 10:00:00+05:30,2023-03-17 15:15:00+05:30,17052.15,50,760.0,71.1877582,688.8122418,653.2183627,641.6122418,582.4183627,0,0,16.219999313354492,NORMAL
2023-03-23,2023-03-20 10:00:00+05:30,2023-03-20 15:15:00+05:30,16913.05,50,199.99999999999818,69.1516444,130.84835559999817,96.27253339999817,83.64835559999817,25.472533399998156,0,0,14.770000457763672,LOW
2023-03-23,2023-03-21 10:00:00+05:30,2023-03-21 15:15:00+05:30,17044.2,50,775.0,65.4412839,709.5587161,676.83807415,662.3587161,606.03807415,0,0,16.010000228881836,NORMAL
2023-03-23,2023-03-22 10:00:00+05:30,2023-03-22 15:15:00+05:30,17148.55,50,320.0,60.767642200000004,259.2323578,228.8485367,212.0323578,158.0485367,0,0,15.079999923706056,LOW
2023-03-29,2023-03-23 10:00:00+05:30,2023-03-23 15:15:00+05:30,17130.85,50,542.5,69.70598805,472.79401195,437.941017925,425.59401195,367.1410179249999,0,0,14.8100004196167,LOW
2023-03-29,2023-03-24 10:00:00+05:30,2023-03-24 15:15:00+05:30,17069.8,50,74.99999999999909,68.01204089999999,6.987959099999102,-27.01806135000089,-40.21204090000093,-97.81806135000087,0,0,14.489999771118164,LOW
2023-03-29,2023-03-27 10:00:00+05:30,2023-03-27 15:15:00+05:30,17025.4,50,1527.5,63.78415535,1463.71584465,1431.823766975,1416.51584465,1361.023766975,0,0,15.239999771118164,LOW
2023-03-29,2023-03-28 10:00:00+05:30,2023-03-28 15:15:00+05:30,16975.6,50,1567.5,59.76305015,1507.73694985,1477.855424775,1460.53694985,1407.055424775,0,0,15.449999809265137,LOW
2023-04-06,2023-03-29 10:00:00+05:30,2023-03-29 15:15:00+05:30,17018.3,50,700.0,71.431732,628.568268,592.852402,581.368268,522.052402,0,0,15.100000381469728,LOW
2023-04-06,2023-03-31 10:00:00+05:30,2023-03-31 15:15:00+05:30,17260.5,50,-1200.0,67.1779818,-1267.1779818,-1300.7669727,-1314.3779818,-1371.5669727,0,0,13.630000114440918,LOW
2023-04-06,2023-04-03 10:00:00+05:30,2023-04-03 15:15:00+05:30,17381.05,50,1727.5,61.79040555,1665.70959445,1634.814391675,1618.50959445,1564.014391675,0,0,12.9399995803833,LOW
2023-04-06,2023-04-05 10:00:00+05:30,2023-04-05 15:15:00+05:30,17471.1,50,-160.0,58.4797244,-218.4797244,-247.71958659999999,-265.6797244,-318.5195866,0,0,12.59000015258789,LOW
2023-04-13,2023-04-06 10:00:00+05:30,2023-04-06 15:15:00+05:30,17527.3,50,1400.0000000000005,65.95335279999999,1334.0466472000005,1301.0699708000004,1286.8466472000005,1230.2699708000005,0,0,12.40999984741211,LOW
2023-04-13,2023-04-10 10:00:00+05:30,2023-04-10 15:15:00+05:30,17625.85,50,790.0000000000005,60.7237312,729.2762688000005,698.9144032000005,682.0762688000004,628.1144032000004,0,0,11.800000190734863,LOW
2023-04-13,2023-04-11 10:00:00+05:30,2023-04-11 15:15:00+05:30,17723.5,50,740.0,58.113585199999996,681.8864148,652.8296222,634.6864148,582.0296222,0,0,12.270000457763672,LOW
2023-04-13,2023-04-12 10:00:00+05:30,2023-04-12 15:15:00+05:30,17755.45,50,-320.0,56.6177314,-376.6177314,-404.9265971,-423.8177314,-475.7265971,0,0,11.979999542236328,LOW
2023-04-20,2023-04-13 10:00:00+05:30,2023-04-13 15:15:00+05:30,17799.65,50,1260.0,65.052737,1194.947263,1162.4208945,1147.747263,1091.6208945,0,0,12.270000457763672,LOW
2023-04-20,2023-04-17 10:00:00+05:30,2023-04-17 15:15:00+05:30,17584.05,50,14.99999999999909,63.91065830000001,-48.91065830000092,-80.8659874500009,-96.1106583000009,-151.66598745000093,0,0,11.90999984741211,LOW
2023-04-20,2023-04-18 10:00:00+05:30,2023-04-18 15:15:00+05:30,17672.05,50,1252.5,59.26052505,1193.23947495,1163.609212425,1146.03947495,1092.809212425,0,0,12.270000457763672,LOW
2023-04-20,2023-04-19 10:00:00+05:30,2023-04-19 15:15:00+05:30,17633.4,50,822.5,56.01827485,766.48172515,738.472587725,719.28172515,667.672587725,0,0,12.079999923706056,LOW
2023-04-27,2023-04-20 10:00:00+05:30,2023-04-20 15:15:00+05:30,17643.65,50,720.0,65.09879,654.90121,622.351815,607.70121,551.551815,0,0,12.149999618530272,LOW
2023-04-27,2023-04-21 10:00:00+05:30,2023-04-21 15:15:00+05:30,17611.6,50,715.0,63.154294300000004,651.8457057,620.26855855,604.6457057,549.46855855,0,0,11.9399995803833,LOW
2023-04-27,2023-04-24 10:00:00+05:30,2023-04-24 15:15:00+05:30,17632.65,50,-817.5,61.033268050000004,-878.5332680500001,-909.049902075,-925.73326805,-979.849902075,0,0,11.630000114440918,LOW
2023-04-27,2023-04-25 10:00:00+05:30,2023-04-25 15:15:00+05:30,17737.65,50,405.0000000000002,57.4810883,347.5189117000002,318.7783675500002,300.3189117000002,247.9783675500002,0,0,11.670000076293944,LOW
2023-04-27,2023-04-26 10:00:00+05:30,2023-04-26 15:15:00+05:30,17734.65,50,-635.0000000000001,56.1243931,-691.1243931000001,-719.1865896500001,-738.3243931000001,-789.98658965,0,0,11.520000457763672,LOW
2023-05-04,2023-04-27 10:00:00+05:30,2023-04-27 15:15:00+05:30,17839.55,50,207.4999999999991,65.00373875,142.4962612499991,109.99439187499907,95.2962612499991,39.1943918749991,0,0,11.649999618530272,LOW
2023-05-04,2023-04-28 10:00:00+05:30,2023-04-28 15:15:00+05:30,17910.65,50,-1995.0,64.07518770000001,-2059.0751877000002,-2091.11278155,-2106.2751877,-2161.91278155,0,0,11.43000030517578,LOW
2023-05-04,2023-05-02 10:00:00+05:30,2023-05-02 15:15:00+05:30,18160.1,50,492.5,58.46025005000001,434.03974995,404.809624925,386.83974995,334.009624925,0,0,10.949999809265137,LOW
2023-05-04,2023-05-03 10:00:00+05:30,2023-05-03 15:15:00+05:30,18087.15,50,325.0,56.455927100000004,268.5440729,240.31610934999998,221.34407290000001,169.51610934999997,0,0,11.899999618530272,LOW
2023-05-11,2023-05-04 10:00:00+05:30,2023-05-04 15:15:00+05:30,18117.4,50,-2242.500000000002,66.57615715,-2309.076157150002,-2342.364235725002,-2356.276157150002,-2413.1642357250016,0,0,11.84000015258789,LOW
2023-05-11,2023-05-05 10:00:00+05:30,2023-05-05 15:15:00+05:30,18191.6,50,-1525.0,63.264178900000005,-1588.2641789,-1619.89626835,-1635.4641789,-1690.69626835,0,0,11.729999542236328,LOW
2023-05-11,2023-05-08 10:00:00+05:30,2023-05-08 15:15:00+05:30,18209.85,50,-275.0,61.5414635,-336.5414635,-367.31219525,-383.7414635,-438.11219525,0,0,12.300000190734863,LOW
2023-05-11,2023-05-09 10:00:00+05:30,2023-05-09 15:15:00+05:30,18321.55,50,677.5,59.00678135,618.49321865,588.989827975,571.29321865,518.1898279750001,0,0,12.640000343322754,LOW
2023-05-11,2023-05-10 10:00:00+05:30,2023-05-10 15:15:00+05:30,18221.1,50,-1177.5,59.21282984999999,-1236.71282985,-1266.319244775,-1283.91282985,-1337.119244775,0,0,12.68000030517578,LOW
2023-05-18,2023-05-11 10:00:00+05:30,2023-05-11 15:15:00+05:30,18311.0,50,760.0,66.91130280000002,693.0886972,659.6330458,645.8886972,588.8330458,0,0,13.079999923706056,LOW
2023-05-18,2023-05-12 10:00:00+05:30,2023-05-12 15:15:00+05:30,18230.0,50,-25.00000000000091,64.55102110000001,-89.55102110000092,-121.82653165000092,-136.7510211000009,-192.62653165000094,0,0,13.220000267028809,LOW
2023-05-18,2023-05-15 10:00:00+05:30,2023-05-15 15:15:00+05:30,18379.6,50,562.5,61.05337904999999,501.44662095,470.91993142499996,454.24662094999996,400.119931425,0,0,12.850000381469728,LOW
2023-05-18,2023-05-16 10:00:00+05:30,2023-05-16 15:15:00+05:30,18398.9,50,-467.5,60.007416649999996,-527.50741665,-557.511124975,-574.70741665,-628.311124975,0,0,13.170000076293944,LOW
2023-05-18,2023-05-17 10:00:00+05:30,2023-05-17 15:15:00+05:30,18267.45,50,990.0,57.14525840000001,932.8547416,904.2821124,885.6547416000001,833.4821124,0,0,13.289999961853027,LOW
2023-05-25,2023-05-18 10:00:00+05:30,2023-05-18 15:15:00+05:30,18244.45,50,362.4999999999991,66.23035505,296.2696449499991,263.1544674249991,249.06964494999912,192.3544674249991,0,0,13.109999656677246,LOW
2023-05-25,2023-05-19 10:00:00+05:30,2023-05-19 15:15:00+05:30,18092.15,50,-687.5,65.26112384999999,-752.76112385,-785.391685775,-799.9611238499999,-856.191685775,0,0,12.800000190734863,LOW
2023-05-25,2023-05-22 10:00:00+05:30,2023-05-22 15:15:00+05:30,18275.2,50,505.0,60.97426190000001,444.0257381,413.53860715,396.82573809999997,342.73860715,0,0,12.300000190734863,LOW
2023-05-25,2023-05-23 10:00:00+05:30,2023-05-23 15:15:00+05:30,18397.7,50,520.0000000000005,58.4523544,461.54764560000046,432.32146840000047,414.3476456000004,361.52146840000046,0,0,12.56999969482422,LOW
2023-05-25,2023-05-24 10:00:00+05:30,2023-05-24 15:15:00+05:30,18351.45,50,727.5000000000005,56.59634115,670.9036588500005,642.6054882750004,623.7036588500005,571.8054882750005,0,0,12.609999656677246,LOW
2023-06-01,2023-05-25 10:00:00+05:30,2023-05-25 15:15:00+05:30,18268.85,50,224.99999999999818,67.9188639,157.08113609999816,123.12170414999818,109.88113609999817,52.3217041499982,0,0,13.109999656677246,LOW
2023-06-01,2023-05-26 10:00:00+05:30,2023-05-26 15:15:00+05:30,18384.2,50,-1177.500000000001,64.67897585,-1242.1789758500008,-1274.5184637750008,-1289.3789758500009,-1345.318463775001,0,0,12.520000457763672,LOW
2023-06-01,2023-05-29 10:00:00+05:30,2023-05-29 15:15:00+05:30,18602.0,50,555.0,61.7194875,493.2805125,462.42076875,446.0805125,391.62076875,0,0,11.899999618530272,LOW
2023-06-01,2023-05-30 10:00:00+05:30,2023-05-30 15:15:00+05:30,18633.3,50,1032.5,59.002152249999995,973.49784775,943.996771625,926.2978477500001,873.196771625,0,0,12.300000190734863,LOW
2023-06-01,2023-05-31 10:00:00+05:30,2023-05-31 15:15:00+05:30,18563.25,50,795.0,56.5406313,738.4593687,710.18905305,691.2593687,639.38905305,0,0,12.010000228881836,LOW
2023-06-08,2023-06-01 10:00:00+05:30,2023-06-01 15:15:00+05:30,18571.05,50,470.0,67.0179506,402.9820494,369.4730741,355.7820494,298.6730741,0,0,11.970000267028809,LOW
2023-06-08,2023-06-02 10:00:00+05:30,2023-06-02 15:15:00+05:30,18497.55,50,782.5,64.50416485000001,717.99583515,685.743752725,670.79583515,614.943752725,0,0,11.600000381469728,LOW
2023-06-08,2023-06-05 10:00:00+05:30,2023-06-05 15:15:00+05:30,18620.85,50,805.0,60.7098201,744.2901799,713.9352698499999,697.0901799000001,643.13526985,0,0,11.130000114440918,LOW
2023-06-08,2023-06-06 10:00:00+05:30,2023-06-06 15:15:00+05:30,18583.4,50,1025.0,57.991669699999996,967.0083303,938.01249545,919.8083303,867.21249545,0,0,11.140000343322754,LOW
2023-06-08,2023-06-07 10:00:00+05:30,2023-06-07 15:15:00+05:30,18654.6,50,-892.5,56.03630335,-948.53630335,-976.554455025,-995.73630335,-1047.3544550249999,0,0,11.380000114440918,LOW
2023-06-15,2023-06-08 10:00:00+05:30,2023-06-08 15:15:00+05:30,18743.95,50,417.5,65.84709175,351.65290825,318.729362375,304.45290825,247.929362375,0,0,11.4399995803833,LOW
2023-06-15,2023-06-09 10:00:00+05:30,2023-06-09 15:15:00+05:30,18659.9,50,35.0,62.9290273,-27.9290273,-59.39354095,-75.12902729999999,-130.19354095,0,0,11.260000228881836,LOW
2023-06-15,2023-06-12 10:00:00+05:30,2023-06-12 15:15:00+05:30,18583.0,50,355.0,60.9250435,294.0749565,263.61243475,246.8749565,192.81243475000002,0,0,11.119999885559082,LOW
2023-06-15,2023-06-13 10:00:00+05:30,2023-06-13 15:15:00+05:30,18689.8,50,450.00000000000045,57.9997498,392.00025020000044,363.0003753000004,344.80025020000045,292.2003753000005,0,0,11.25,LOW
2023-06-15,2023-06-14 10:00:00+05:30,2023-06-14 15:15:00+05:30,18705.3,50,-145.0,56.701947700000005,-201.7019477,-230.05292155,-248.9019477,-300.85292155,0,0,11.109999656677246,LOW
2023-06-22,2023-06-15 10:00:00+05:30,2023-06-15 15:15:00+05:30,18771.45,50,772.5,64.89622225,707.6037777500001,675.155666625,660.40377775,604.355666625,0,0,11.15999984741211,LOW
2023-06-22,2023-06-16 10:00:00+05:30,2023-06-16 15:15:00+05:30,18758.55,50,-950.0000000000007,63.17341760000001,-1013.1734176000007,-1044.7601264000007,-1060.3734176000007,-1115.5601264000006,0,0,11.079999923706056,LOW
2023-06-22,2023-06-19 10:00:00+05:30,2023-06-19 15:15:00+05:30,18829.95,50,385.0,60.00150829999999,324.9984917,294.99773755,277.7984917,224.19773754999997,0,0,10.84000015258789,LOW
2023-06-22,2023-06-20 10:00:00+05:30,2023-06-20 15:15:00+05:30,18706.8,50,-1697.500000000001,59.72876625000001,-1757.228766250001,-1787.0931493750008,-1804.428766250001,-1857.893149375001,0,0,11.229999542236328,LOW
2023-06-22,2023-06-21 10:00:00+05:30,2023-06-21 15:15:00+05:30,18871.75,50,1055.0000000000002,55.9565317,999.0434683000002,971.0652024500002,951.8434683000003,900.2652024500002,0,0,11.130000114440918,LOW
2023-06-28,2023-06-22 10:00:00+05:30,2023-06-22 15:15:00+05:30,18846.7,50,1032.5,65.01491285,967.48508715,934.977630725,920.28508715,864.177630725,0,0,11.289999961853027,LOW
2023-06-28,2023-06-23 10:00:00+05:30,2023-06-23 15:15:00+05:30,18703.3,50,955.0,62.904156300000004,892.0958437,860.64376555,844.8958437,789.84376555,0,0,11.550000190734863,LOW
2023-06-28,2023-06-26 10:00:00+05:30,2023-06-26 15:15:00+05:30,18666.95,50,562.5000000000002,60.98447805,501.5155219500002,471.0232829250002,454.31552195000023,400.22328292500026,0,0,11.239999771118164,LOW
2023-06-28,2023-06-27 10:00:00+05:30,2023-06-27 15:15:00+05:30,18728.25,50,765.0000000000005,56.95889250000001,708.0411075000004,679.5616612500005,660.8411075000005,608.7616612500004,0,0,11.399999618530272,LOW
2023-07-06,2023-06-28 10:00:00+05:30,2023-06-28 15:15:00+05:30,18891.5,50,-650.0000000000009,66.3540258,-716.354025800001,-749.5310387000009,-763.5540258000009,-820.3310387000008,0,0,10.779999732971191,LOW
2023-07-06,2023-06-30 10:00:00+05:30,2023-06-30 15:15:00+05:30,19086.0,50,-822.5000000000009,63.87968855,-886.3796885500009,-918.3195328250009,-933.5796885500009,-989.119532825001,0,0,10.890000343322754,LOW
2023-07-06,2023-07-03 10:00:00+05:30,2023-07-03 15:15:00+05:30,19310.6,50,1457.5,62.665507749999996,1394.83449225,1363.501738375,1347.63449225,1292.701738375,0,0,10.800000190734863,LOW
2023-07-06,2023-07-04 10:00:00+05:30,2023-07-04 15:15:00+05:30,19301.35,50,-142.5,60.52210355,-203.02210355,-233.283155325,-250.22210355,-304.083155325,0,0,11.539999961853027,LOW
2023-07-06,2023-07-05 10:00:00+05:30,2023-07-05 15:15:00+05:30,19378.45,50,1252.5,57.749296449999996,1194.75070355,1165.876055325,1147.55070355,1095.076055325,0,0,11.699999809265137,LOW
2023-07-13,2023-07-06 10:00:00+05:30,2023-07-06 15:15:00+05:30,19426.2,50,787.5,68.11606475,719.38393525,685.325902875,672.18393525,614.5259028749999,0,0,11.880000114440918,LOW
2023-07-13,2023-07-07 10:00:00+05:30,2023-07-07 15:15:00+05:30,19519.75,50,-952.5000000000018,66.61083375,-1019.1108337500018,-1052.4162506250018,-1066.3108337500018,-1123.216250625002,0,0,11.84000015258789,LOW
2023-07-13,2023-07-10 10:00:00+05:30,2023-07-10 15:15:00+05:30,19398.25,50,807.5,61.732595350000004,745.76740465,714.901106975,698.56740465,644.101106975,0,0,11.529999732971191,LOW
2023-07-13,2023-07-11 10:00:00+05:30,2023-07-11 15:15:00+05:30,19479.3,50,597.5,58.528234749999996,538.97176525,509.707647875,491.77176525000004,438.90764787500007,0,0,11.460000038146973,LOW
2023-07-13,2023-07-12 10:00:00+05:30,2023-07-12 15:15:00+05:30,19483.35,50,-987.5,57.43199485000001,-1044.93199485,-1073.647992275,-1092.13199485,-1144.447992275,0,0,11.010000228881836,LOW
2023-07-20,2023-07-13 10:00:00+05:30,2023-07-13 15:15:00+05:30,19544.6,50,230.0,65.6282448,164.3717552,131.5576328,117.1717552,60.75763279999995,0,0,10.9399995803833,LOW
2023-07-20,2023-07-14 10:00:00+05:30,2023-07-14 15:15:00+05:30,19458.25,50,-1107.5,64.31854865,-1171.81854865,-1203.977822975,-1219.01854865,-1274.777822975,0,0,10.9399995803833,LOW
2023-07-20,2023-07-17 10:00:00+05:30,2023-07-17 15:15:00+05:30,19600.3,50,-1637.500000000001,63.17329265000001,-1700.6732926500008,-1732.259938975001,-1747.8732926500008,-1803.059938975001,0,0,10.68000030517578,LOW
2023-07-20,2023-07-18 10:00:00+05:30,2023-07-18 15:15:00+05:30,19762.15,50,1152.5,61.21512385000001,1091.28487615,1060.677314225,1044.0848761500001,989.8773142250001,0,0,11.31999969482422,LOW
2023-07-20,2023-07-19 10:00:00+05:30,2023-07-19 15:15:00+05:30,19835.7,50,1530.0,57.9030504,1472.0969496,1443.1454244,1424.8969496,1372.3454244,0,0,11.710000038146973,LOW
2023-07-27,2023-07-20 10:00:00+05:30,2023-07-20 15:15:00+05:30,19791.5,50,-2182.5,69.70833235,-2252.20833235,-2287.062498525,-2299.40833235,-2357.862498525,0,0,11.600000381469728,LOW
2023-07-27,2023-07-21 10:00:00+05:30,2023-07-21 15:15:00+05:30,19860.65,50,517.4999999999991,67.95305855,449.5469414499991,415.5704121749991,402.3469414499991,344.770412174999,0,0,11.789999961853027,LOW
2023-07-27,2023-07-24 10:00:00+05:30,2023-07-24 15:15:00+05:30,19717.2,50,1132.5,64.93901465,1067.56098535,1035.091478025,1020.36098535,964.2914780250001,0,0,11.489999771118164,LOW
2023-07-27,2023-07-25 10:00:00+05:30,2023-07-25 15:15:00+05:30,19681.1,50,1182.5000000000005,61.41697165,1121.0830283500004,1090.3745425250004,1073.8830283500004,1019.5745425250004,0,0,11.649999618530272,LOW
2023-07-27,2023-07-26 10:00:00+05:30,2023-07-26 15:15:00+05:30,19797.05,50,812.5000000000014,58.59219725,753.9078027500013,724.6117041250013,706.7078027500014,653.8117041250014,0,0,10.239999771118164,LOW
2023-08-03,2023-07-27 10:00:00+05:30,2023-07-27 15:15:00+05:30,19812.75,50,407.5,69.33510075000001,338.16489924999996,303.49734887499994,290.96489925000003,232.697348875,0,0,10.460000038146973,LOW
2023-08-03,2023-07-28 10:00:00+05:30,2023-07-28 15:15:00+05:30,19644.05,50,1242.5,66.24870485000001,1176.25129515,1143.126942725,1129.05129515,1072.326942725,0,0,10.510000228881836,LOW
2023-08-03,2023-07-31 10:00:00+05:30,2023-07-31 15:15:00+05:30,19660.1,50,-207.5,63.65843184999999,-271.15843185,-302.98764777499997,-318.35843185,-373.787647775,0,0,10.140000343322754,LOW
2023-08-03,2023-08-01 10:00:00+05:30,2023-08-01 15:15:00+05:30,19781.15,50,115.0,59.709886899999994,55.290113100000006,25.43516964999999,8.09011310000001,-45.364830350000034,0,0,10.40999984741211,LOW
2023-08-03,2023-08-02 10:00:00+05:30,2023-08-02 15:15:00+05:30,19631.65,50,-2067.5,59.11801065,-2126.61801065,-2156.177015975,-2173.81801065,-2226.977015975,0,0,10.279999732971191,LOW
2023-08-10,2023-08-03 10:00:00+05:30,2023-08-03 15:15:00+05:30,19497.2,50,1380.0,69.23627719999999,1310.7637228,1276.1455842,1263.5637228,1205.3455841999998,0,0,11.279999732971191,LOW
2023-08-10,2023-08-04 10:00:00+05:30,2023-08-04 15:15:00+05:30,19456.2,50,357.4999999999991,65.60416514999999,291.8958348499991,259.0937522749991,244.69583484999907,188.29375227499906,0,0,11.1899995803833,LOW
2023-08-10,2023-08-07 10:00:00+05:30,2023-08-07 15:15:00+05:30,19548.0,50,307.5,62.102899550000004,245.39710044999998,214.345650675,198.19710045,143.54565067500002,0,0,10.56999969482422,LOW
2023-08-10,2023-08-08 10:00:00+05:30,2023-08-08 15:15:00+05:30,19585.15,50,730.0,60.003091,669.996909,639.9953634999999,622.796909,569.1953635000001,0,0,11.100000381469728,LOW
2023-08-10,2023-08-09 10:00:00+05:30,2023-08-09 15:15:00+05:30,19506.5,50,-2607.5,60.124084249999996,-2667.62408425,-2697.686126375,-2714.82408425,-2768.486126375,0,0,11.329999923706056,LOW
2023-08-17,2023-08-10 10:00:00+05:30,2023-08-10 15:15:00+05:30,19583.5,50,1180.0,66.10379259999999,1113.8962074,1080.8443111,1066.6962074,1010.0443111,0,0,11.140000343322754,LOW
2023-08-17,2023-08-11 10:00:00+05:30,2023-08-11 15:15:00+05:30,19474.3,50,865.0,64.2094673,800.7905327,768.68579905,753.5905327,697.88579905,0,0,11.399999618530272,LOW
2023-08-17,2023-08-14 10:00:00+05:30,2023-08-14 15:15:00+05:30,19303.25,50,-1570.0000000000018,62.8373854,-1632.8373854000017,-1664.2560781000018,-1680.0373854000018,-1735.0560781000017,0,0,11.520000457763672,LOW
2023-08-17,2023-08-16 10:00:00+05:30,2023-08-16 15:15:00+05:30,19362.65,50,-865.0,58.6144919,-923.6144919,-952.92173785,-970.8144919,-1023.72173785,0,0,12.0,LOW
2023-08-24,2023-08-17 10:00:00+05:30,2023-08-17 15:15:00+05:30,19383.35,50,947.5,66.75808434999999,880.74191565,847.362873475,833.54191565,776.5628734750001,0,0,12.130000114440918,LOW
2023-08-24,2023-08-18 10:00:00+05:30,2023-08-18 15:15:00+05:30,19264.0,50,300.0,64.7028294,235.29717060000002,202.9457559,188.0971706,132.14575589999998,0,0,12.239999771118164,LOW
2023-08-24,2023-08-21 10:00:00+05:30,2023-08-21 15:15:00+05:30,19320.1,50,10.0,62.02587679999999,-52.02587679999999,-83.03881520000002,-99.22587679999998,-153.8388152,0,0,12.140000343322754,LOW
2023-08-24,2023-08-22 10:00:00+05:30,2023-08-22 15:15:00+05:30,19392.1,50,572.5000000000005,58.791807850000005,513.7081921500004,484.31228822500043,466.50819215000047,413.5122882250005,0,0,11.960000038146973,LOW
2023-08-24,2023-08-23 10:00:00+05:30,2023-08-23 15:15:00+05:30,19386.8,50,822.5000000000009,56.509768650000005,765.990231350001,737.7353470250009,718.7902313500009,666.935347025001,0,0,11.75,LOW
2023-08-31,2023-08-24 10:00:00+05:30,2023-08-24 15:15:00+05:30,19571.45,50,-1852.5,65.90211735,-1918.40211735,-1951.353176025,-1965.60211735,-2022.153176025,0,0,11.729999542236328,LOW
2023-08-31,2023-08-25 10:00:00+05:30,2023-08-25 15:15:00+05:30,19326.6,50,-670.0000000000009,64.83225380000002,-734.8322538000009,-767.2483807000009,-782.032253800001,-838.048380700001,0,0,11.699999809265137,LOW
2023-08-31,2023-08-28 10:00:00+05:30,2023-08-28 15:15:00+05:30,19282.45,50,1005.0000000000005,61.7798681,943.2201319000004,912.3301978500004,896.0201319000005,841.5301978500005,0,0,12.079999923706056,LOW
2023-08-31,2023-08-29 10:00:00+05:30,2023-08-29 15:15:00+05:30,19332.4,50,730.0000000000005,58.01874219999999,671.9812578000004,642.9718867000005,624.7812578000005,572.1718867000004,0,0,12.399999618530272,LOW
2023-08-31,2023-08-30 10:00:00+05:30,2023-08-30 15:15:00+05:30,19432.35,50,-1900.0,56.93774620000001,-1956.9377462,-1985.4066192999999,-2004.1377462,-2056.2066193,0,0,12.229999542236328,LOW
2023-09-07,2023-08-31 10:00:00+05:30,2023-08-31 15:15:00+05:30,19378.9,50,412.5,65.80426365,346.69573635,313.793604525,299.49573635,242.993604525,0,0,11.800000190734863,LOW
2023-09-07,2023-09-01 10:00:00+05:30,2023-09-01 15:15:00+05:30,19309.1,50,-1555.0,65.3039103,-1620.3039103,-1652.95586545,-1667.5039103,-1723.7558654499999,0,0,12.0600004196167,LOW
2023-09-07,2023-09-04 10:00:00+05:30,2023-09-04 15:15:00+05:30,19489.55,50,255.0000000000009,59.884745499999994,195.1152545000009,165.1728817500009,147.9152545000009,94.37288175000091,0,0,11.369999885559082,LOW
2023-09-07,2023-09-05 10:00:00+05:30,2023-09-05 15:15:00+05:30,19579.25,50,1090.0000000000005,57.643535199999995,1032.3564648000004,1003.5346972000004,985.1564648000004,932.7346972000005,0,0,10.960000038146973,LOW
2023-09-07,2023-09-06 10:00:00+05:30,2023-09-06 15:15:00+05:30,19561.05,50,492.50000000000045,55.635309050000004,436.86469095000047,409.04703642500044,389.6646909500005,338.2470364250005,0,0,10.81999969482422,LOW
2023-09-14,2023-09-07 10:00:00+05:30,2023-09-07 15:15:00+05:30,19587.95,50,-1210.0000000000014,65.4065478,-1275.4065478000014,-1308.1098217000012,-1322.6065478000014,-1378.9098217000014,0,0,10.68000030517578,LOW
2023-09-14,2023-09-08 10:00:00+05:30,2023-09-08 15:15:00+05:30,19774.6,50,-617.5,64.10603845,-681.60603845,-713.659057675,-728.80603845,-784.4590576749999,0,0,10.869999885559082,LOW
2023-09-14,2023-09-11 10:00:00+05:30,2023-09-11 15:15:00+05:30,19923.35,50,-472.50000000000045,62.752782350000004,-535.2527823500004,-566.6291735250004,-582.4527823500005,-637.4291735250005,0,0,10.779999732971191,LOW
2023-09-14,2023-09-12 10:00:00+05:30,2023-09-12 15:15:00+05:30,19962.3,50,947.5,61.68237734999999,885.81762265,854.976433975,838.6176226499999,784.176433975,0,0,11.350000381469728,LOW
2023-09-14,2023-09-13 10:00:00+05:30,2023-09-13 15:15:00+05:30,19982.5,50,260.0,58.71491600000001,201.28508399999998,171.927626,154.085084,101.12762600000002,0,0,11.6899995803833,LOW
2023-09-21,2023-09-14 10:00:00+05:30,2023-09-14 15:15:00+05:30,20145.6,50,1685.0,67.38400650000001,1617.6159935,1583.92399025,1570.4159935,1513.1239902500001,0,0,11.829999923706056,LOW
2023-09-21,2023-09-15 10:00:00+05:30,2023-09-15 15:15:00+05:30,20147.8,50,172.5,64.63963444999999,107.86036555000001,75.54054832499999,60.660365549999995,4.74054832500002,0,0,11.31999969482422,LOW
2023-09-21,2023-09-18 10:00:00+05:30,2023-09-18 15:15:00+05:30,20179.0,50,740.0,60.96149320000001,679.0385068,648.5577602,631.8385068,577.7577602,0,0,10.899999618530272,LOW
2023-09-21,2023-09-20 10:00:00+05:30,2023-09-20 15:15:00+05:30,20005.85,50,55.0,58.5299067,-3.529906699999998,-32.79486005000001,-50.72990669999999,-103.59486005000002,0,0,10.84000015258789,LOW
2023-09-28,2023-09-21 10:00:00+05:30,2023-09-21 15:15:00+05:30,19777.15,50,552.5,67.26068085,485.23931915000003,451.608978725,438.03931915,380.808978725,0,0,11.130000114440918,LOW
2023-09-28,2023-09-22 10:00:00+05:30,2023-09-22 15:15:00+05:30,19682.05,50,1262.5,65.45540325000002,1197.04459675,1164.316895125,1149.84459675,1093.516895125,0,0,10.81999969482422,LOW
2023-09-28,2023-09-25 10:00:00+05:30,2023-09-25 15:15:00+05:30,19675.8,50,787.5,61.83688695000001,725.66311305,694.744669575,678.46311305,623.944669575,0,0,10.65999984741211,LOW
2023-09-28,2023-09-26 10:00:00+05:30,2023-09-26 15:15:00+05:30,19681.4,50,817.5,59.53992515,757.96007485,728.190112275,710.76007485,657.390112275,0,0,10.899999618530272,LOW
2023-09-28,2023-09-27 10:00:00+05:30,2023-09-27 15:15:00+05:30,19590.65,50,-1037.5,58.69408505,-1096.19408505,-1125.541127575,-1143.39408505,-1196.341127575,0,0,11.1899995803833,LOW
2023-10-05,2023-09-28 10:00:00+05:30,2023-09-28 15:15:00+05:30,19685.8,50,-1385.0,68.41368969999999,-1453.4136897,-1487.62053455,-1500.6136897,-1558.42053455,0,0,11.59000015258789,LOW
2023-10-05,2023-09-29 10:00:00+05:30,2023-09-29 15:15:00+05:30,19580.85,50,1015.0,64.70424550000001,950.2957544999999,917.94363175,903.0957545,847.14363175,0,0,12.81999969482422,LOW
2023-10-05,2023-10-03 10:00:00+05:30,2023-10-03 15:15:00+05:30,19492.85,50,1187.5,61.20716275,1126.29283725,1095.689255875,1079.09283725,1024.8892558750001,0,0,11.449999809265137,LOW
2023-10-05,2023-10-04 10:00:00+05:30,2023-10-04 15:15:00+05:30,19394.5,50,680.0000000000005,57.613428199999994,622.3865718000004,593.5798577000005,575.1865718000005,522.7798577000004,0,0,11.789999961853027,LOW
2023-10-12,2023-10-05 10:00:00+05:30,2023-10-05 15:15:00+05:30,19534.05,50,535.0,66.3161243,468.6838757,435.52581354999995,421.4838757,364.72581355,0,0,11.65999984741211,LOW
2023-10-12,2023-10-06 10:00:00+05:30,2023-10-06 15:15:00+05:30,19599.9,50,265.00000000000045,64.4489667,200.55103330000046,168.32654995000047,153.35103330000044,97.52654995000051,0,0,10.9399995803833,LOW
2023-10-12,2023-10-09 10:00:00+05:30,2023-10-09 15:15:00+05:30,19569.65,50,295.0,63.865343100000004,231.13465689999998,199.20198534999997,183.9346569,128.40198535000002,0,0,10.300000190734863,LOW
2023-10-12,2023-10-10 10:00:00+05:30,2023-10-10 15:15:00+05:30,19600.55,50,-1887.5,61.923007250000005,-1949.42300725,-1980.384510875,-1996.62300725,-2051.184510875,0,0,11.399999618530272,LOW
2023-10-12,2023-10-11 10:00:00+05:30,2023-10-11 15:15:00+05:30,19810.05,50,797.5000000000005,58.068680549999996,739.4313194500005,710.3969791750005,692.2313194500005,639.5969791750005,0,0,11.270000457763672,LOW
2023-10-19,2023-10-12 10:00:00+05:30,2023-10-12 15:15:00+05:30,19776.7,50,407.5,67.58960875,339.91039125,306.11558687499996,292.71039125,235.315586875,0,0,10.989999771118164,LOW
2023-10-19,2023-10-13 10:00:00+05:30,2023-10-13 15:15:00+05:30,19710.15,50,-49.999999999999545,65.3152748,-115.31527479999954,-147.97291219999954,-162.51527479999953,-218.77291219999952,0,0,10.619999885559082,LOW
2023-10-19,2023-10-16 10:00:00+05:30,2023-10-16 15:15:00+05:30,19726.45,50,-15.0,62.70285590000001,-77.7028559,-109.05428384999999,-124.90285589999999,-179.85428385,0,0,10.619999885559082,LOW
2023-10-19,2023-10-17 10:00:00+05:30,2023-10-17 15:15:00+05:30,19828.35,50,95.0,59.713123700000004,35.286876299999996,5.430314449999997,-11.9131237,-65.36968554999999,0,0,11.06999969482422,LOW
2023-10-19,2023-10-18 10:00:00+05:30,2023-10-18 15:15:00+05:30,19816.4,50,-1592.500000000001,58.561126350000016,-1651.061126350001,-1680.341689525001,-1698.261126350001,-1751.1416895250009,0,0,10.699999809265137,LOW
2023-10-26,2023-10-19 10:00:00+05:30,2023-10-19 15:15:00+05:30,19587.1,50,647.5,67.68856915,579.81143085,545.967146275,532.61143085,475.16714627499994,0,0,10.970000267028809,LOW
2023-10-26,2023-10-20 10:00:00+05:30,2023-10-20 15:15:00+05:30,19551.1,50,335.0,65.2874169,269.7125831,237.06887465,222.5125831,166.26887465,0,0,10.899999618530272,LOW
2023-10-26,2023-10-23 10:00:00+05:30,2023-10-23 15:02:00+05:30,19542.55,50,-8222.5,67.40615835,-8289.90615835,-8323.609237525,-8337.10615835,-8394.409237525,0,0,10.81999969482422,LOW
2023-10-26,2023-10-25 10:00:00+05:30,2023-10-25 15:15:00+05:30,19306.8,50,-2795.000000000002,61.4623999,-2856.462399900002,-2887.1935998500016,-2903.6623999000017,-2957.993599850002,0,0,10.90999984741211,LOW
2023-11-02,2023-10-26 10:00:00+05:30,2023-10-26 15:15:00+05:30,18930.7,50,1312.5,73.62815665,1238.87184335,1202.057765025,1191.67184335,1131.257765025,0,0,11.3100004196167,LOW
2023-11-02,2023-10-27 10:00:00+05:30,2023-10-27 15:15:00+05:30,19003.3,50,582.5,68.82676845,513.67323155,479.259847325,466.47323155000004,408.459847325,0,0,11.729999542236328,LOW
2023-11-02,2023-10-30 10:00:00+05:30,2023-10-30 15:15:00+05:30,18965.9,50,-3087.5,67.58795465,-3155.08795465,-3188.881931975,-3202.28795465,-3259.6819319749998,0,0,10.90999984741211,LOW
2023-11-02,2023-10-31 10:00:00+05:30,2023-10-31 15:15:00+05:30,19124.8,50,1070.0,62.1574908,1007.8425092,976.7637638,960.6425092,905.9637638,0,0,11.489999771118164,LOW
2023-11-02,2023-11-01 10:00:00+05:30,2023-11-01 15:15:00+05:30,19039.9,50,270.0,59.512549199999995,210.4874508,180.7311762,163.2874508,109.93117620000001,0,0,11.829999923706056,LOW
2023-11-09,2023-11-02 10:00:00+05:30,2023-11-02 15:15:00+05:30,19139.25,50,465.0,67.50336349999999,397.4966365,363.74495475,350.2966365,292.94495474999997,0,0,12.050000190734863,LOW
2023-11-09,2023-11-03 10:00:00+05:30,2023-11-03 15:15:00+05:30,19252.0,50,432.5,64.76291845,367.73708154999997,335.355622325,320.53708155,264.555622325,0,0,11.079999923706056,LOW
2023-11-09,2023-11-06 10:00:00+05:30,2023-11-06 15:15:00+05:30,19350.3,50,-352.5,61.359934949999996,-413.85993495,-444.539902425,-461.05993495,-515.339902425,0,0,10.880000114440918,LOW
2023-11-09,2023-11-07 10:00:00+05:30,2023-11-07 15:15:00+05:30,19356.0,50,97.50000000000023,59.527834750000004,37.972165250000224,8.208247875000211,-9.227834749999744,-62.59175212499974,0,0,11.109999656677246,LOW
2023-11-09,2023-11-08 10:00:00+05:30,2023-11-08 15:15:00+05:30,19447.95,50,705.0,56.297966499999994,648.7020335,620.55305025,601.5020335,549.75305025,0,0,11.1899995803833,LOW
2023-11-16,2023-11-09 10:00:00+05:30,2023-11-09 15:15:00+05:30,19438.6,50,427.5,65.47340795,362.02659205,329.289888075,314.82659205,258.489888075,0,0,11.039999961853027,LOW
2023-11-16,2023-11-10 10:00:00+05:30,2023-11-10 15:15:00+05:30,19336.7,50,-430.0,63.49347999999999,-493.49348,-525.24022,-540.69348,-596.0402200000001,0,0,10.979999542236328,LOW
2023-11-16,2023-11-13 10:00:00+05:30,2023-11-13 15:15:00+05:30,19464.3,50,442.50000000000045,59.18950584999999,383.31049415000047,353.71574122500044,336.1104941500005,282.9157412250005,0,0,11.109999656677246,LOW
2023-11-16,2023-11-15 10:00:00+05:30,2023-11-15 15:15:00+05:30,19634.3,50,302.5,56.09783825000001,246.40216175,218.353242625,199.20216175000002,147.553242625,0,0,11.1899995803833,LOW
2023-11-23,2023-11-16 10:00:00+05:30,2023-11-16 15:15:00+05:30,19692.55,50,-432.5,66.08111715,-498.58111715,-531.6216757249999,-545.78111715,-602.421675725,0,0,11.140000343322754,LOW
2023-11-23,2023-11-17 10:00:00+05:30,2023-11-17 15:15:00+05:30,19805.65,50,467.5,65.52664855,401.97335145,369.210027175,354.77335145,298.410027175,0,0,11.649999618530272,LOW
2023-11-23,2023-11-20 10:00:00+05:30,2023-11-20 15:15:00+05:30,19713.6,50,520.0,63.004413799999995,456.9955862,425.4933793,409.7955862,354.69337930000006,0,0,11.829999923706056,LOW
2023-11-23,2023-11-21 10:00:00+05:30,2023-11-21 15:15:00+05:30,19772.4,50,382.5000000000002,60.06736885,322.43263115000025,292.3989467250002,275.2326311500002,221.5989467250002,0,0,12.149999618530272,LOW
2023-11-23,2023-11-22 10:00:00+05:30,2023-11-22 15:15:00+05:30,19810.65,50,1320.0,56.733566,1263.266434,1234.899651,1216.066434,1164.099651,0,0,12.229999542236328,LOW
2023-11-30,2023-11-23 10:00:00+05:30,2023-11-23 15:15:00+05:30,19846.2,50,812.5,64.76113345,747.73886655,715.358299825,700.53886655,644.558299825,0,0,11.869999885559082,LOW
2023-11-30,2023-11-24 10:00:00+05:30,2023-11-24 15:15:00+05:30,19791.1,50,645.0,62.651162299999996,582.3488377,551.02325655,535.1488377000001,480.22325655000003,0,0,11.31999969482422,LOW
2023-11-30,2023-11-28 10:00:00+05:30,2023-11-28 15:15:00+05:30,19824.25,50,-1622.5,61.25312055,-1683.75312055,-1714.379680825,-1730.95312055,-1785.179680825,0,0,11.329999923706056,LOW
2023-11-30,2023-11-29 10:00:00+05:30,2023-11-29 15:15:00+05:30,20002.55,50,-2480.000000000001,58.818446,-2538.818446000001,-2568.227669000001,-2586.018446000001,-2639.027669000001,0,0,12.18000030517578,LOW
2023-12-07,2023-11-30 10:00:00+05:30,2023-11-30 15:15:00+05:30,20047.6,50,-1207.5,73.58124685000001,-1281.08124685,-1317.871870275,-1328.2812468500001,-1388.671870275,0,0,12.710000038146973,LOW
2023-12-07,2023-12-01 10:00:00+05:30,2023-12-01 15:15:00+05:30,20254.2,50,439.99999999999727,70.8353278,369.16467219999726,333.7470082999973,321.96467219999727,262.94700829999726,0,0,12.6899995803833,LOW
2023-12-07,2023-12-04 10:00:00+05:30,2023-12-04 15:15:00+05:30,20559.1,50,-2790.0,66.5304076,-2856.5304076,-2889.7956114,-2903.7304076,-2960.5956114,0,0,12.380000114440918,LOW
2023-12-07,2023-12-05 10:00:00+05:30,2023-12-05 15:15:00+05:30,20774.75,50,209.99999999999932,65.245636,144.75436399999933,112.13154599999933,97.55436399999931,41.33154599999935,0,0,12.989999771118164,LOW
2023-12-07,2023-12-06 10:00:00+05:30,2023-12-06 15:15:00+05:30,20937.05,50,1710.0,59.75721320000001,1650.2427868,1620.3641802,1603.0427868,1549.5641802,0,0,13.460000038146973,LOW
2023-12-14,2023-12-07 10:00:00+05:30,2023-12-07 15:15:00+05:30,20875.75,50,809.9999999999991,70.936216,739.063783999999,703.5956759999991,691.8637839999991,632.795675999999,0,0,13.739999771118164,NORMAL
2023-12-14,2023-12-08 10:00:00+05:30,2023-12-08 15:15:00+05:30,20990.65,50,1197.5,67.68683175000001,1129.81316825,1095.969752375,1082.61316825,1025.169752375,0,0,12.670000076293944,LOW
2023-12-14,2023-12-11 10:00:00+05:30,2023-12-11 15:15:00+05:30,21000.7,50,422.5,64.33735065,358.16264935,325.993974025,310.96264935,255.193974025,0,0,12.470000267028809,LOW
2023-12-14,2023-12-12 10:00:00+05:30,2023-12-12 15:15:00+05:30,21029.05,50,-1107.500000000001,62.85784745000001,-1170.357847450001,-1201.786771175001,-1217.557847450001,-1272.5867711750009,0,0,12.760000228881836,LOW
2023-12-14,2023-12-13 10:00:00+05:30,2023-12-13 15:15:00+05:30,20833.8,50,692.5,59.35115545000001,633.14884455,603.473266825,585.94884455,532.6732668249999,0,0,12.710000038146973,LOW
2023-12-21,2023-12-14 10:00:00+05:30,2023-12-14 15:15:00+05:30,21181.3,50,-245.0000000000009,69.0376305,-314.0376305000009,-348.5564457500009,-361.23763050000093,-419.35644575000094,0,0,12.06999969482422,LOW
2023-12-21,2023-12-15 10:00:00+05:30,2023-12-15 15:15:00+05:30,21289.05,50,-4905.000000000002,70.7931661,-4975.793166100002,-5011.189749150002,-5022.993166100002,-5081.989749150001,0,0,12.31999969482422,LOW
2023-12-21,2023-12-18 10:00:00+05:30,2023-12-18 15:15:00+05:30,21441.7,50,607.5,66.94631855,540.55368145,507.080522175,493.35368145,436.280522175,0,0,13.130000114440918,LOW
2023-12-21,2023-12-19 10:00:00+05:30,2023-12-19 15:15:00+05:30,21377.55,50,777.5,62.86283355,714.63716645,683.205749675,667.43716645,612.405749675,0,0,13.899999618530272,NORMAL
2023-12-21,2023-12-20 10:00:00+05:30,2023-12-20 14:04:00+05:30,21565.85,50,-7757.5,63.96164385000001,-7821.46164385,-7853.442465775,-7868.66164385,-7924.242465775,0,0,13.869999885559082,NORMAL
2023-12-28,2023-12-21 10:00:00+05:30,2023-12-21 15:15:00+05:30,21068.4,50,-4517.5,78.94460065,-4596.44460065,-4635.916900975,-4643.64460065,-4706.716900975,0,0,14.449999809265137,NORMAL
2023-12-28,2023-12-22 10:00:00+05:30,2023-12-22 15:15:00+05:30,21336.05,50,724.9999999999991,71.74233389999999,653.2576660999991,617.386499149999,606.0576660999991,546.5864991499991,0,0,13.760000228881836,NORMAL
2023-12-28,2023-12-26 10:00:00+05:30,2023-12-26 15:15:00+05:30,21401.9,50,879.9999999999991,66.3544542,813.6455457999991,780.4683186999991,766.4455457999991,709.6683186999991,0,0,13.710000038146973,NORMAL
2023-12-28,2023-12-27 10:00:00+05:30,2023-12-27 15:15:00+05:30,21551.75,50,-1500.0,62.80308960000001,-1562.8030896,-1594.2046344,-1610.0030896,-1665.0046344,0,0,14.68000030517578,NORMAL
2024-01-04,2023-12-28 10:00:00+05:30,2023-12-28 15:15:00+05:30,21735.15,50,1729.9999999999982,80.4288698,1649.5711301999982,1609.3566952999981,1602.371130199998,1538.5566952999982,0,0,15.5600004196167,NORMAL
2024-01-04,2023-12-29 10:00:00+05:30,2023-12-29 15:15:00+05:30,21729.9,50,1724.9999999999973,74.24466589999999,1650.7553340999973,1613.6330011499972,1603.5553340999973,1542.8330011499972,0,0,15.140000343322754,NORMAL
2024-01-04,2024-01-01 10:00:00+05:30,2024-01-01 15:15:00+05:30,21724.0,50,767.4999999999991,68.89099275,698.6090072499991,664.1635108749991,651.4090072499991,593.3635108749991,0,0,14.5,NORMAL
2024-01-04,2024-01-02 10:00:00+05:30,2024-01-02 15:15:00+05:30,21633.2,50,1350.0000000000005,64.63395220000001,1285.3660478000004,1253.0490717000005,1238.1660478000003,1182.2490717000005,0,0,14.5,NORMAL
2024-01-04,2024-01-03 10:00:00+05:30,2024-01-03 15:15:00+05:30,21581.65,50,492.5,60.98662005000001,431.51337995,401.02006992500003,384.31337995,330.22006992499996,0,0,14.579999923706056,NORMAL
2024-01-11,2024-01-04 10:00:00+05:30,2024-01-04 15:15:00+05:30,21607.15,50,707.5,72.55704954999999,634.94295045,598.664425675,587.74295045,527.864425675,0,0,14.100000381469728,NORMAL
2024-01-11,2024-01-05 10:00:00+05:30,2024-01-05 15:15:00+05:30,21742.2,50,785.0,68.13139790000001,716.8686021,682.80290315,669.6686021,612.0029031500001,0,0,13.329999923706056,LOW
2024-01-11,2024-01-08 10:00:00+05:30,2024-01-08 15:15:00+05:30,21673.3,50,-995.0,66.78422269999999,-1061.7842227,-1095.17633405,-1108.9842227,-1165.9763340499999,0,0,12.630000114440918,LOW
2024-01-11,2024-01-09 10:00:00+05:30,2024-01-09 15:15:00+05:30,21638.3,50,-542.5000000000009,63.673604350000005,-606.1736043500009,-638.0104065250009,-653.373604350001,-708.8104065250009,0,0,13.460000038146973,LOW
2024-01-11,2024-01-10 10:00:00+05:30,2024-01-10 15:15:00+05:30,21530.7,50,557.5,61.66281375,495.83718625,465.005779375,448.63718625,394.20577937499996,0,0,13.260000228881836,LOW
2024-01-18,2024-01-11 10:00:00+05:30,2024-01-11 15:15:00+05:30,21669.35,50,812.4999999999973,73.32323104999999,739.1767689499973,702.5151534249973,691.9767689499973,631.7151534249972,0,0,12.970000267028809,LOW
2024-01-18,2024-01-12 10:00:00+05:30,2024-01-12 15:15:00+05:30,21753.85,50,-2654.9999999999995,72.4087815,-2727.4087814999993,-2763.6131722499995,-2774.6087814999996,-2834.4131722499997,0,0,12.770000457763672,LOW
2024-01-18,2024-01-15 10:00:00+05:30,2024-01-15 15:15:00+05:30,21969.55,50,-1150.0000000000018,71.39581780000002,-1221.3958178000019,-1257.0937267000018,-1268.595817800002,-1327.8937267000017,0,0,13.100000381469728,LOW
2024-01-18,2024-01-16 10:00:00+05:30,2024-01-16 15:15:00+05:30,22074.65,50,1495.0,65.43959410000001,1429.5604059,1396.84060885,1382.3604059,1326.04060885,0,0,13.789999961853027,NORMAL
2024-01-18,2024-01-17 10:00:00+05:30,2024-01-17 15:15:00+05:30,21790.6,50,-4170.0,65.4078806,-4235.4078806,-4268.1118209,-4282.6078806,-4338.9118209,0,0,13.56999969482422,NORMAL
2024-01-25,2024-01-18 10:00:00+05:30,2024-01-18 15:15:00+05:30,21319.15,50,1167.5,84.08553154999998,1083.41446845,1041.371702675,1036.21446845,970.571702675,0,0,15.079999923706056,NORMAL
2024-01-25,2024-01-19 10:00:00+05:30,2024-01-19 15:15:00+05:30,21644.85,50,669.9999999999973,74.8632636,595.1367363999973,557.7051045999973,547.9367363999972,486.9051045999973,0,0,14.06999969482422,NORMAL
2024-01-25,2024-01-20 10:00:00+05:30,2024-01-20 15:15:00+05:30,21649.1,50,782.4999999999991,72.14298905,710.3570109499991,674.2855164249991,663.1570109499991,603.4855164249991,0,0,13.880000114440918,NORMAL
2024-01-25,2024-01-23 10:00:00+05:30,2024-01-23 13:10:00+05:30,21661.4,50,-7147.5,72.63172205000001,-7220.1317220500005,-7256.447583075,-7267.33172205,-7327.247583075,0,0,13.880000114440918,NORMAL
2024-01-25,2024-01-24 10:00:00+05:30,2024-01-24 15:15:00+05:30,21394.35,50,3375.0,66.6649371,3308.3350629,3275.00259435,3261.1350629,3204.20259435,0,0,14.850000381469728,NORMAL
2024-02-01,2024-01-25 10:00:00+05:30,2024-01-25 15:15:00+05:30,21371.45,50,3107.499999999999,84.41923135,3023.0807686499993,2980.871152974999,2975.880768649999,2910.071152974999,0,0,14.380000114440918,NORMAL
2024-02-01,2024-01-29 10:00:00+05:30,2024-01-29 15:15:00+05:30,21589.25,50,-12.5,82.36105495,-94.86105495,-136.041582425,-142.06105495,-206.84158242499996,0,0,13.869999885559082,NORMAL
2024-02-01,2024-01-30 10:00:00+05:30,2024-01-30 15:15:00+05:30,21745.6,50,1039.9999999999982,78.836388,961.1636119999982,921.7454179999982,913.9636119999982,850.9454179999982,0,0,15.68000030517578,NORMAL
2024-02-01,2024-01-31 10:00:00+05:30,2024-01-31 15:15:00+05:30,21540.3,50,-162.50000000000182,73.56600295000001,-236.06600295000183,-272.8490044250018,-283.2660029500018,-343.64900442500186,0,0,16.100000381469727,NORMAL
2024-02-08,2024-02-01 10:00:00+05:30,2024-02-01 15:15:00+05:30,21755.6,50,5905.0,85.30890509999999,5819.6910949,5777.03664235,5772.4910949000005,5706.23664235,0,0,16.049999237060547,NORMAL
2024-02-08,2024-02-02 10:00:00+05:30,2024-02-02 15:15:00+05:30,21929.6,50,299.9999999999982,76.20470300000001,223.7952969999982,185.6929454999982,176.5952969999982,114.8929454999982,0,0,14.460000038146973,NORMAL
2024-02-08,2024-02-05 10:00:00+05:30,2024-02-05 15:15:00+05:30,21942.45,50,-1562.5,77.39839795,-1639.89839795,-1678.597596925,-1687.09839795,-1749.397596925,0,0,14.699999809265137,NORMAL
2024-02-08,2024-02-06 10:00:00+05:30,2024-02-06 15:15:00+05:30,21862.4,50,1434.999999999999,71.5171859,1363.4828140999991,1327.724221149999,1316.282814099999,1256.924221149999,0,0,15.619999885559082,NORMAL
2024-02-08,2024-02-07 10:00:00+05:30,2024-02-07 15:15:00+05:30,22004.85,50,2167.5,64.55791715000001,2102.94208285,2070.663124275,2055.74208285,1999.863124275,0,0,15.789999961853027,NORMAL
2024-02-15,2024-02-08 10:00:00+05:30,2024-02-08 15:15:00+05:30,21975.7,50,-1755.0,80.77928909999999,-1835.7792891,-1876.1689336499999,-1882.9792891,-1946.96893365,0,0,15.510000228881836,NORMAL
2024-02-15,2024-02-09 10:00:00+05:30,2024-02-09 15:15:00+05:30,21663.45,50,1532.5,80.01871845,1452.48128155,1412.471922325,1405.28128155,1341.671922325,0,0,15.829999923706056,NORMAL
2024-02-15,2024-02-12 10:00:00+05:30,2024-02-12 15:15:00+05:30,21711.1,50,-395.0,73.54965829999999,-468.5496583,-505.32448745,-515.7496583,-576.1244874500001,0,0,15.449999809265137,NORMAL
2024-02-15,2024-02-13 10:00:00+05:30,2024-02-13 15:15:00+05:30,21671.95,50,715.0000000000005,70.4072729,644.5927271000005,609.3890906500004,597.3927271000005,538.5890906500005,0,0,16.059999465942383,NORMAL
2024-02-15,2024-02-14 10:00:00+05:30,2024-02-14 15:00:00+05:30,21612.8,50,-7447.5,68.82181805,-7516.32181805,-7550.732727075,-7563.52181805,-7621.532727075,0,0,15.8100004196167,NORMAL
2024-02-22,2024-02-15 10:00:00+05:30,2024-02-15 15:15:00+05:30,21814.1,50,-335.0000000000018,79.24954410000001,-414.2495441000018,-453.87431615000185,-461.44954410000184,-524.6743161500018,0,0,15.4399995803833,NORMAL
2024-02-22,2024-02-16 10:00:00+05:30,2024-02-16 15:15:00+05:30,22008.5,50,577.5,76.51463255,500.98536745,462.728051175,453.78536744999997,391.928051175,0,0,15.229999542236328,NORMAL
2024-02-22,2024-02-19 10:00:00+05:30,2024-02-19 15:15:00+05:30,22037.6,50,575.0,73.2410913,501.7589087,465.13836305,454.5589087,394.33836305000005,0,0,15.220000267028809,NORMAL
2024-02-22,2024-02-20 10:00:00+05:30,2024-02-20 15:15:00+05:30,22070.85,50,-522.5,70.81769795,-593.31769795,-628.726546925,-640.51769795,-699.526546925,0,0,15.220000267028809,NORMAL
2024-02-22,2024-02-21 10:00:00+05:30,2024-02-21 15:15:00+05:30,22243.8,50,-1627.5000000000018,65.83584625,-1693.3358462500019,-1726.2537693750019,-1740.535846250002,-1797.0537693750018,0,0,16.06999969482422,NORMAL
2024-02-29,2024-02-22 10:00:00+05:30,2024-02-22 15:15:00+05:30,21933.65,50,-2517.4999999999995,83.01221105,-2600.5122110499997,-2642.0183165749995,-2647.7122110499995,-2712.8183165749997,0,0,15.93000030517578,NORMAL
2024-02-29,2024-02-23 10:00:00+05:30,2024-02-23 15:15:00+05:30,22262.35,50,1594.999999999999,76.2868011,1518.713198899999,1480.569798349999,1471.513198899999,1409.769798349999,0,0,15.199999809265137,NORMAL
2024-02-29,2024-02-26 10:00:00+05:30,2024-02-26 15:15:00+05:30,22122.1,50,1534.999999999999,73.7104273,1461.289572699999,1424.434359049999,1414.089572699999,1353.6343590499991,0,0,14.970000267028809,NORMAL
2024-02-29,2024-02-27 10:00:00+05:30,2024-02-27 15:15:00+05:30,22143.15,50,1662.499999999999,69.25831004999999,1593.241689949999,1558.6125349249992,1546.0416899499992,1487.812534924999,0,0,15.600000381469728,NORMAL
2024-02-29,2024-02-28 10:00:00+05:30,2024-02-28 13:07:00+05:30,22183.2,50,-7220.000000000002,68.799928,-7288.799928000002,-7323.1998920000015,-7335.999928000002,-7393.999892000002,0,0,15.729999542236328,NORMAL
2024-03-07,2024-02-29 10:00:00+05:30,2024-02-29 15:15:00+05:30,22010.05,50,1990.0,81.1722628,1908.8277372,1868.2416058,1861.6277372,1797.4416058,0,0,16.329999923706055,NORMAL
2024-03-07,2024-03-01 10:00:00+05:30,2024-03-01 15:15:00+05:30,22166.1,50,-2072.5,79.44231814999999,-2151.94231815,-2191.663477225,-2199.14231815,-2262.463477225,0,0,15.56999969482422,NORMAL
2024-03-07,2024-03-04 10:00:00+05:30,2024-03-04 15:15:00+05:30,22369.7,50,1334.999999999999,72.1764459,1262.823554099999,1226.7353311499992,1215.6235540999992,1155.935331149999,0,0,15.239999771118164,NORMAL
2024-03-07,2024-03-05 10:00:00+05:30,2024-03-05 15:15:00+05:30,22329.6,50,1685.0,66.79605129999999,1618.2039487,1584.80592305,1571.0039487,1514.0059230499999,0,0,14.920000076293944,NORMAL
2024-03-07,2024-03-06 10:00:00+05:30,2024-03-06 15:15:00+05:30,22271.05,50,-4940.000000000002,67.50765940000001,-5007.507659400002,-5041.261489100002,-5054.707659400002,-5112.061489100002,0,0,14.380000114440918,NORMAL
2024-03-14,2024-03-07 10:00:00+05:30,2024-03-07 15:15:00+05:30,22479.3,50,2044.9999999999982,73.0904611,1971.909538899998,1935.3643083499983,1924.7095388999983,1864.564308349998,0,0,14.300000190734863,NORMAL
2024-03-14,2024-03-11 10:00:00+05:30,2024-03-11 15:15:00+05:30,22452.8,50,-142.5,70.11771615,-212.61771615,-247.67657422499997,-259.81771614999997,-318.476574225,0,0,13.609999656677246,LOW
2024-03-14,2024-03-12 10:00:00+05:30,2024-03-12 15:15:00+05:30,22430.85,50,434.9999999999991,66.4884839,368.5115160999991,335.2672741499991,321.3115160999991,264.46727414999907,0,0,14.0,NORMAL
2024-03-14,2024-03-13 10:00:00+05:30,2024-03-13 14:13:00+05:30,22280.3,50,-7332.500000000002,69.87576535,-7402.3757653500015,-7437.313648025001,-7449.575765350002,-7508.113648025002,0,0,13.640000343322754,NORMAL
2024-03-21,2024-03-14 10:00:00+05:30,2024-03-14 15:15:00+05:30,22030.25,50,259.9999999999982,79.362249,180.63775099999816,140.95662649999818,133.43775099999817,70.15662649999817,0,0,14.43000030517578,NORMAL
2024-03-21,2024-03-15 10:00:00+05:30,2024-03-15 15:15:00+05:30,21986.6,50,1880.0,76.2291932,1803.7708068,1765.6562102,1756.5708068,1694.8562102,0,0,13.619999885559082,LOW
2024-03-21,2024-03-18 10:00:00+05:30,2024-03-18 15:15:00+05:30,21998.95,50,1490.0,72.12609699999999,1417.873903,1381.8108545,1370.6739029999999,1311.0108545,0,0,13.6899995803833,NORMAL
2024-03-21,2024-03-19 10:00:00+05:30,2024-03-19 15:15:00+05:30,21886.2,50,1857.5,69.21986115,1788.28013885,1753.670208275,1741.08013885,1682.870208275,0,0,13.899999618530272,NORMAL
2024-03-21,2024-03-20 10:00:00+05:30,2024-03-20 15:15:00+05:30,21823.7,50,1857.5,63.91448415,1793.58551585,1761.628273775,1746.38551585,1690.828273775,0,0,14.109999656677246,NORMAL
2024-03-28,2024-03-21 10:00:00+05:30,2024-03-21 15:15:00+05:30,22008.4,50,1049.9999999999982,74.3010838,975.6989161999982,938.5483742999982,928.4989161999981,867.7483742999982,0,0,13.470000267028809,LOW
2024-03-28,2024-03-22 10:00:00+05:30,2024-03-22 15:15:00+05:30,21993.0,50,-619.9999999999995,72.141448,-692.1414479999995,-728.2121719999996,-739.3414479999996,-799.0121719999995,0,0,12.510000228881836,LOW
2024-03-28,2024-03-26 10:00:00+05:30,2024-03-26 15:15:00+05:30,22031.6,50,1412.5000000000005,66.92398225,1345.5760177500006,1312.1140266250004,1298.3760177500005,1241.3140266250005,0,0,12.220000267028809,LOW
2024-03-28,2024-03-27 10:00:00+05:30,2024-03-27 15:15:00+05:30,22139.1,50,2707.5,60.97035275,2646.52964725,2616.044470875,2599.32964725,2545.244470875,0,0,12.81999969482422,LOW
2024-04-04,2024-03-28 10:00:00+05:30,2024-03-28 15:15:00+05:30,22294.05,50,762.5,73.83659705000001,688.66340295,651.745104425,641.46340295,580.945104425,0,0,12.699999809265137,LOW
2024-04-04,2024-04-01 10:00:00+05:30,2024-04-01 15:15:00+05:30,22520.0,50,1787.5,68.80859715,1718.69140285,1684.287104275,1671.49140285,1613.487104275,0,0,12.829999923706056,LOW
2024-04-04,2024-04-02 10:00:00+05:30,2024-04-02 15:15:00+05:30,22437.55,50,1295.0,64.6589303,1230.3410697,1198.01160455,1183.1410697000001,1127.21160455,0,0,12.079999923706056,LOW
2024-04-04,2024-04-03 10:00:00+05:30,2024-04-03 15:15:00+05:30,22384.6,50,1580.0000000000005,60.08141679999999,1519.9185832000005,1489.8778748000004,1472.7185832000005,1419.0778748000005,0,0,11.649999618530272,LOW
2024-04-10,2024-04-04 10:00:00+05:30,2024-04-04 15:15:00+05:30,22417.9,50,-367.5000000000018,73.10538965,-440.6053896500018,-477.15808447500183,-487.8053896500018,-547.9580844750018,0,0,11.369999885559082,LOW
2024-04-10,2024-04-05 10:00:00+05:30,2024-04-05 15:15:00+05:30,22473.65,50,1002.5,71.09224284999999,931.40775715,895.861635725,884.20775715,825.0616357250001,0,0,11.220000267028809,LOW
2024-04-10,2024-04-08 10:00:00+05:30,2024-04-08 15:15:00+05:30,22592.45,50,202.4999999999991,65.80150285,136.69849714999907,103.79774572499907,89.49849714999908,32.997745724999106,0,0,11.34000015258789,LOW
2024-04-10,2024-04-09 10:00:00+05:30,2024-04-09 15:15:00+05:30,22745.9,50,742.5,60.32145764999999,682.17854235,652.0178135250001,634.97854235,581.217813525,0,0,11.609999656677246,LOW
2024-04-18,2024-04-10 10:00:00+05:30,2024-04-10 15:15:00+05:30,22696.7,50,512.4999999999982,72.66439944999999,439.83560054999816,403.50340082499815,392.6356005499982,332.7034008249982,0,0,11.359999656677246,LOW
2024-04-18,2024-04-12 10:00:00+05:30,2024-04-12 15:15:00+05:30,22654.3,50,87.5,69.72220775,17.777792250000005,-17.083311625000007,-29.422207750000013,-87.88331162500003,0,0,11.109999656677246,LOW
2024-04-18,2024-04-15 10:00:00+05:30,2024-04-15 15:15:00+05:30,22337.9,50,2110.0,68.52558540000001,2041.4744146,2007.2116219,1994.2744146,1936.4116219,0,0,11.529999732971191,LOW
2024-04-18,2024-04-16 10:00:00+05:30,2024-04-16 15:15:00+05:30,22201.55,50,995.0,62.70475989999999,932.2952401,900.94286015,885.0952401,830.1428601499999,0,0,12.470000267028809,LOW
2024-04-25,2024-04-18 10:00:00+05:30,2024-04-18 15:15:00+05:30,22210.5,50,-2130.0,76.45098540000001,-2206.4509854,-2244.6764781,-2253.6509854,-2315.4764781,0,0,12.619999885559082,LOW
2024-04-25,2024-04-19 10:00:00+05:30,2024-04-19 15:15:00+05:30,21877.75,50,-2352.500000000002,80.78297215,-2433.282972150002,-2473.6744582250017,-2480.482972150002,-2544.474458225002,0,0,13.039999961853027,LOW
2024-04-25,2024-04-22 10:00:00+05:30,2024-04-22 15:15:00+05:30,22231.2,50,570.0,71.17257380000001,498.8274262,463.2411393,451.6274262,392.44113930000003,0,0,13.460000038146973,LOW
2024-04-25,2024-04-23 10:00:00+05:30,2024-04-23 15:15:00+05:30,22394.95,50,1342.5,65.11173124999999,1277.38826875,1244.832403125,1230.18826875,1174.032403125,0,0,12.699999809265137,LOW
2024-04-25,2024-04-24 10:00:00+05:30,2024-04-24 15:15:00+05:30,22438.85,50,1147.5,59.812649349999994,1087.68735065,1057.781025975,1040.48735065,986.981025975,0,0,10.199999809265137,LOW
2024-05-02,2024-04-25 10:00:00+05:30,2024-04-25 15:15:00+05:30,22402.35,25,-1261.25,60.792159174999995,-1322.042159175,-1352.4382387625,-1369.242159175,-1423.2382387625,0,0,10.279999732971191,LOW
2024-05-02,2024-04-26 10:00:00+05:30,2024-04-26 15:15:00+05:30,22583.7,25,189.99999999999818,59.35094719999999,130.64905279999817,100.97357919999818,83.44905279999819,30.173579199998215,0,0,10.729999542236328,LOW
2024-05-02,2024-04-29 10:00:00+05:30,2024-04-29 15:15:00+05:30,22458.05,25,-1185.0,59.098060299999986,-1244.0980603,-1273.64709045,-1291.2980603,-1344.44709045,0,0,10.93000030517578,LOW
2024-05-02,2024-04-30 10:00:00+05:30,2024-04-30 15:15:00+05:30,22740.95,25,107.49999999999955,55.125739149999994,52.37426084999955,24.81139127499955,5.174260849999541,-45.98860872500043,0,0,12.239999771118164,LOW
2024-05-09,2024-05-02 10:00:00+05:30,2024-05-02 15:15:00+05:30,22642.1,25,245.0,60.722362700000005,184.27763729999998,153.91645595,137.07763730000002,83.11645594999996,0,0,12.869999885559082,LOW
2024-05-09,2024-05-03 10:00:00+05:30,2024-05-03 15:15:00+05:30,22767.45,25,-1378.75,60.741126025,-1439.491126025,-1469.8616890375,-1486.691126025,-1540.6616890375,0,0,13.449999809265137,LOW
2024-05-09,2024-05-06 10:00:00+05:30,2024-05-06 15:15:00+05:30,22446.95,25,968.7499999999991,59.958135775,908.7918642249991,878.8127963374991,861.5918642249991,808.0127963374991,0,0,14.619999885559082,NORMAL
2024-05-09,2024-05-07 10:00:00+05:30,2024-05-07 15:15:00+05:30,22391.6,25,410.0,58.249673599999994,351.7503264,322.6254896,304.5503264,251.8254896,0,0,16.600000381469727,NORMAL
2024-05-09,2024-05-08 10:00:00+05:30,2024-05-08 15:15:00+05:30,22246.45,25,953.75,55.399317175000014,898.350682825,870.6510242375,851.150682825,799.8510242375,0,0,17.010000228881836,NORMAL
2024-05-16,2024-05-09 10:00:00+05:30,2024-05-09 15:15:00+05:30,22230.4,25,-1077.500000000001,63.64765045,-1141.1476504500008,-1172.9714756750009,-1188.3476504500009,-1243.7714756750008,0,0,17.079999923706055,NORMAL
2024-05-16,2024-05-10 10:00:00+05:30,2024-05-10 15:15:00+05:30,22109.45,25,886.25,61.708941124999996,824.541058875,793.6865883125,777.3410588749999,722.8865883125,0,0,18.200000762939453,NORMAL
2024-05-16,2024-05-13 10:00:00+05:30,2024-05-13 15:15:00+05:30,21844.45,25,-874.9999999999999,61.3813371,-936.3813370999999,-967.0720056499999,-983.5813370999999,-1037.87200565,0,0,18.46999931335449,NORMAL
2024-05-16,2024-05-14 10:00:00+05:30,2024-05-14 15:15:00+05:30,22140.8,25,451.24999999999955,57.43398512500001,393.81601487499955,365.0990223124995,346.61601487499956,294.2990223124995,0,0,20.600000381469727,NORMAL
2024-05-16,2024-05-15 10:00:00+05:30,2024-05-15 15:15:00+05:30,22230.2,25,842.5,54.898841850000004,787.60115815,760.151737225,740.40115815,689.351737225,0,0,20.200000762939453,NORMAL
2024-05-23,2024-05-16 10:00:00+05:30,2024-05-16 15:15:00+05:30,22233.2,25,-462.5,62.923416450000005,-525.42341645,-556.885124675,-572.62341645,-627.685124675,0,0,20.270000457763672,NORMAL
2024-05-23,2024-05-17 10:00:00+05:30,2024-05-17 15:15:00+05:30,22400.15,25,533.75,60.542996974999994,473.207003025,442.9355045375,426.007003025,372.13550453749997,0,0,20.0,NORMAL
2024-05-23,2024-05-18 10:00:00+05:30,2024-05-21 15:15:00+05:30,22481.9,25,860.0,57.77951649999999,802.2204835,773.33072525,755.0204835,702.53072525,0,0,19.799999237060547,NORMAL
2024-05-23,2024-05-22 10:00:00+05:30,2024-05-22 15:15:00+05:30,22550.3,25,588.7500000000002,55.24479567499999,533.5052043250002,505.88280648750026,486.3052043250002,435.0828064875002,0,0,21.809999465942383,HIGH
2024-05-30,2024-05-23 10:00:00+05:30,2024-05-23 15:15:00+05:30,22676.3,25,-2908.75,63.930813924999995,-2972.680813925,-3004.6462208875,-3019.880813925,-3075.4462208875,0,0,21.46999931335449,HIGH
2024-05-30,2024-05-24 10:00:00+05:30,2024-05-24 15:15:00+05:30,22929.45,25,551.25,62.424607124999994,488.82539287500003,457.6130893125,441.625392875,386.8130893125,0,0,21.3799991607666,HIGH
2024-05-30,2024-05-27 10:00:00+05:30,2024-05-27 15:15:00+05:30,22951.1,25,628.75,60.52991887499999,568.220081125,537.9551216875,521.0200811249999,467.1551216875,0,0,21.709999084472656,HIGH
2024-05-30,2024-05-28 10:00:00+05:30,2024-05-28 15:15:00+05:30,22959.65,25,963.75,58.486760274999995,905.263239725,876.0198595875,858.063239725,805.2198595875,0,0,23.190000534057617,HIGH
2024-05-30,2024-05-29 10:00:00+05:30,2024-05-29 15:15:00+05:30,22804.15,25,876.25,56.044600625,820.205399375,792.1830990625,773.005399375,721.3830990625,0,0,24.200000762939453,HIGH
2024-06-06,2024-05-30 10:00:00+05:30,2024-05-30 15:15:00+05:30,22593.65,25,510.0,87.02262410000002,422.97737589999997,379.46606385,375.7773759,308.66606385,0,0,24.18000030517578,HIGH
2024-06-06,2024-05-31 10:00:00+05:30,2024-05-31 15:15:00+05:30,22566.75,25,-1577.5,84.57571635000001,-1662.07571635,-1704.3635745249999,-1709.27571635,-1775.163574525,0,0,24.18000030517578,HIGH
2024-06-06,2024-06-03 10:00:00+05:30,2024-06-03 15:15:00+05:30,23177.8,25,-2201.25,75.48010307499997,-2276.730103075,-2314.4701546125,-2323.930103075,-2385.2701546125,0,0,24.600000381469727,HIGH
2024-06-06,2024-06-04 10:00:00+05:30,2024-06-04 11:06:00+05:30,22737.75,25,-7324.999999999996,88.55016759999998,-7413.550167599997,-7457.825251399996,-7460.7501675999965,-7528.625251399996,0,0,20.940000534057617,NORMAL
2024-06-06,2024-06-05 10:00:00+05:30,2024-06-05 14:39:00+05:30,21904.25,25,-7021.249999999998,69.02097347499999,-7090.270973474998,-7124.781460212498,-7137.470973474999,-7195.581460212498,0,0,26.75,HIGH
2024-06-13,2024-06-06 10:00:00+05:30,2024-06-06 15:15:00+05:30,22758.25,25,1681.25,70.723441025,1610.526558975,1575.1648384625,1563.326558975,1504.3648384625,0,0,18.88999938964844,NORMAL
2024-06-13,2024-06-07 10:00:00+05:30,2024-06-07 15:15:00+05:30,22977.95,25,-1183.75,68.51834722499999,-1252.268347225,-1286.5275208375,-1299.468347225,-1357.3275208375,0,0,16.799999237060547,NORMAL
2024-06-13,2024-06-10 10:00:00+05:30,2024-06-10 15:15:00+05:30,23248.25,25,1531.25,64.69361582500001,1466.556384175,1434.2095762625,1419.356384175,1363.4095762625,0,0,16.8799991607666,NORMAL
2024-06-13,2024-06-11 10:00:00+05:30,2024-06-11 15:15:00+05:30,23274.9,25,1188.749999999999,59.410366875,1129.3396331249992,1099.634449687499,1082.1396331249991,1028.834449687499,0,0,16.399999618530273,NORMAL
2024-06-13,2024-06-12 10:00:00+05:30,2024-06-12 15:15:00+05:30,23400.85,25,478.75,55.963091575,422.786908425,394.8053626375,375.586908425,324.00536263749996,0,0,14.770000457763672,NORMAL
2024-06-20,2024-06-13 10:00:00+05:30,2024-06-13 15:15:00+05:30,23396.35,25,853.7499999999995,61.20318517500001,792.5468148249995,761.9452222374996,745.3468148249996,691.1452222374995,0,0,14.390000343322754,NORMAL
2024-06-20,2024-06-14 10:00:00+05:30,2024-06-14 15:15:00+05:30,23420.85,25,361.25,58.68647202499999,302.563527975,273.2202919625,255.363527975,202.4202919625,0,0,13.489999771118164,LOW
2024-06-20,2024-06-18 10:00:00+05:30,2024-06-18 15:15:00+05:30,23560.05,25,587.5,55.71409895,531.78590105,503.928851575,484.58590104999996,433.128851575,0,0,12.81999969482422,LOW
2024-06-20,2024-06-19 10:00:00+05:30,2024-06-19 15:15:00+05:30,23578.65,25,-75.0,54.864742400000004,-129.8647424,-157.2971136,-177.0647424,-228.0971136,0,0,12.970000267028809,LOW
2024-06-27,2024-06-20 10:00:00+05:30,2024-06-20 15:15:00+05:30,23497.4,25,859.9999999999991,61.78266459999999,798.2173353999991,767.3260030999991,751.0173353999991,696.5260030999991,0,0,13.710000038146973,NORMAL
2024-06-27,2024-06-21 10:00:00+05:30,2024-06-21 15:15:00+05:30,23617.05,25,-526.25,59.648878575000005,-585.898878575,-615.7233178625,-633.098878575,-686.5233178625,0,0,13.350000381469728,LOW
2024-06-27,2024-06-24 10:00:00+05:30,2024-06-24 15:15:00+05:30,23410.45,25,-637.5,58.89576625,-696.39576625,-725.843649375,-743.59576625,-796.643649375,0,0,13.18000030517578,LOW
2024-06-27,2024-06-25 10:00:00+05:30,2024-06-25 15:15:00+05:30,23583.1,25,-842.5000000000009,57.41771485,-899.917714850001,-928.6265722750009,-947.1177148500009,-999.4265722750009,0,0,14.0600004196167,NORMAL
2024-06-27,2024-06-26 10:00:00+05:30,2024-06-26 15:15:00+05:30,23702.0,25,-850.0000000000009,56.12703490000001,-906.1270349000009,-934.1905523500009,-953.3270349000009,-1004.9905523500009,0,0,14.3100004196167,NORMAL
2024-07-04,2024-06-27 10:00:00+05:30,2024-06-27 15:15:00+05:30,23917.4,25,-31.25,63.312388775,-94.562388775,-126.2185831625,-141.76238877500003,-197.0185831625,0,0,14.050000190734863,NORMAL
2024-07-04,2024-06-28 10:00:00+05:30,2024-06-28 15:15:00+05:30,24138.3,25,672.5,61.95885005,610.54114995,579.561724925,563.34114995,508.76172492499995,0,0,14.149999618530272,NORMAL
2024-07-04,2024-07-01 10:00:00+05:30,2024-07-01 15:15:00+05:30,24077.75,25,374.99999999999864,59.43354510000001,315.56645489999863,285.84968234999866,268.36645489999864,215.04968234999862,0,0,13.800000190734863,NORMAL
2024-07-04,2024-07-02 10:00:00+05:30,2024-07-02 15:15:00+05:30,24125.35,25,888.75,57.777734475,830.972265525,802.0833982875,783.772265525,731.2833982875,0,0,13.829999923706056,NORMAL
2024-07-04,2024-07-03 10:00:00+05:30,2024-07-03 15:15:00+05:30,24277.1,25,785.0000000000002,55.1894934,729.8105066000003,702.2157599000002,682.6105066000002,631.4157599000002,0,0,13.640000343322754,NORMAL
2024-07-11,2024-07-04 10:00:00+05:30,2024-07-04 15:15:00+05:30,24395.85,25,651.2499999999991,60.803029824999996,590.4469701749991,560.0454552624991,543.2469701749991,489.24545526249915,0,0,13.210000038146973,LOW
2024-07-11,2024-07-05 10:00:00+05:30,2024-07-05 15:15:00+05:30,24191.9,25,-623.7500000000009,59.488960424999995,-683.2389604250009,-712.983440637501,-730.4389604250009,-783.7834406375009,0,0,12.859999656677246,LOW
2024-07-11,2024-07-08 10:00:00+05:30,2024-07-08 15:15:00+05:30,24280.6,25,207.5,57.18347525000001,150.31652474999999,121.72478712499999,103.11652475,50.92478712500002,0,0,12.699999809265137,LOW
2024-07-11,2024-07-09 10:00:00+05:30,2024-07-09 15:15:00+05:30,24368.85,25,-43.75,56.037317825,-99.787317825,-127.80597673749999,-146.987317825,-198.60597673750001,0,0,13.600000381469728,NORMAL
2024-07-11,2024-07-10 10:00:00+05:30,2024-07-10 15:15:00+05:30,24358.9,25,580.0,54.27183680000001,525.7281632,498.5922448,478.5281632,427.7922448,0,0,14.279999732971191,NORMAL
2024-07-18,2024-07-11 10:00:00+05:30,2024-07-11 15:15:00+05:30,24344.1,25,368.74999999999955,59.219240975,309.53075902499955,279.92113853749953,262.33075902499957,209.12113853749958,0,0,14.43000030517578,NORMAL
2024-07-18,2024-07-12 10:00:00+05:30,2024-07-12 15:15:00+05:30,24384.95,25,-501.2499999999998,58.464328775,-559.7143287749998,-588.9464931624998,-606.9143287749997,-659.7464931624997,0,0,14.0,NORMAL
2024-07-18,2024-07-15 10:00:00+05:30,2024-07-15 15:15:00+05:30,24545.75,25,237.49999999999977,56.97880715,180.52119284999978,152.03178927499977,133.32119284999976,81.23178927499978,0,0,13.729999542236328,NORMAL
2024-07-18,2024-07-16 10:00:00+05:30,2024-07-16 15:15:00+05:30,24632.5,25,882.5000000000002,54.48125895,828.0187410500002,800.7781115750003,780.8187410500002,729.9781115750003,0,0,14.1899995803833,NORMAL
2024-07-25,2024-07-18 10:00:00+05:30,2024-07-18 15:15:00+05:30,24641.95,25,-556.25,68.564929775,-624.814929775,-659.0973946624999,-672.014929775,-729.8973946625,0,0,14.220000267028809,NORMAL
2024-07-25,2024-07-19 10:00:00+05:30,2024-07-19 15:15:00+05:30,24711.3,25,-956.25,68.335688175,-1024.585688175,-1058.7535322625,-1071.785688175,-1129.5535322625,0,0,14.510000228881836,NORMAL
2024-07-25,2024-07-22 10:00:00+05:30,2024-07-22 15:15:00+05:30,24516.4,25,726.25,68.158705425,658.091294575,624.0119418625,610.8912945750001,553.2119418625,0,0,14.829999923706056,NORMAL
2024-07-25,2024-07-23 10:00:00+05:30,2024-07-23 15:15:00+05:30,24473.6,25,5367.5,64.22376514999999,5303.27623485,5271.164352275,5256.07623485,5200.364352275,0,0,15.4399995803833,NORMAL
2024-07-25,2024-07-24 10:00:00+05:30,2024-07-24 15:15:00+05:30,24455.0,25,922.5,55.88495915000001,866.61504085,838.672561275,819.41504085,767.872561275,0,0,12.75,LOW
2024-08-01,2024-07-25 10:00:00+05:30,2024-07-25 15:15:00+05:30,24276.7,25,418.7499999999991,62.612561675000016,356.1374383249991,324.8311574874991,308.9374383249991,254.0311574874991,0,0,11.760000228881836,LOW
2024-08-01,2024-07-26 10:00:00+05:30,2024-07-26 15:15:00+05:30,24579.25,25,-2430.0,61.704196,-2491.704196,-2522.556294,-2538.904196,-2593.356294,0,0,12.619999885559082,LOW
2024-08-01,2024-07-29 10:00:00+05:30,2024-07-29 15:15:00+05:30,24904.75,25,68.74999999999955,58.188343974999995,10.56165602499955,-18.53251596250047,-36.63834397500045,-89.33251596250048,0,0,12.25,LOW
2024-08-01,2024-07-30 10:00:00+05:30,2024-07-30 15:15:00+05:30,24862.85,25,618.75,56.785619575,561.964380425,533.5715706375,514.764380425,462.77157063749996,0,0,12.949999809265137,LOW
2024-08-01,2024-07-31 10:00:00+05:30,2024-07-31 15:15:00+05:30,24915.6,25,318.75,55.469931775000006,263.280068225,235.54510233750003,216.080068225,164.74510233750001,0,0,12.880000114440918,LOW
2024-08-08,2024-08-01 10:00:00+05:30,2024-08-01 15:15:00+05:30,25051.35,25,432.5,61.49701105,371.00298895000003,340.254483425,323.80298895,269.454483425,0,0,13.25,LOW
2024-08-08,2024-08-02 10:00:00+05:30,2024-08-02 15:15:00+05:30,24742.05,25,375.0,61.79914610000001,313.20085389999997,282.30128085,266.0008539,211.50128085,0,0,12.93000030517578,LOW
2024-08-08,2024-08-05 10:00:00+05:30,2024-08-05 15:15:00+05:30,24324.5,25,-1980.000000000001,63.849980200000005,-2043.849980200001,-2075.774970300001,-2091.049980200001,-2146.574970300001,0,0,14.31999969482422,NORMAL
2024-08-08,2024-08-06 10:00:00+05:30,2024-08-06 15:15:00+05:30,24345.15,25,-3111.25,62.345561375,-3173.595561375,-3204.7683420625,-3220.795561375,-3275.5683420625,0,0,20.3700008392334,NORMAL
2024-08-08,2024-08-07 10:00:00+05:30,2024-08-07 15:15:00+05:30,24241.9,25,378.75,56.80838427500001,321.941615725,293.5374235875,274.741615725,222.7374235875,0,0,18.739999771118164,NORMAL
2024-08-14,2024-08-08 10:00:00+05:30,2024-08-08 15:15:00+05:30,24204.6,25,688.75,65.77505807499999,622.974941925,590.0874128875,575.774941925,519.2874128875001,0,0,16.170000076293945,NORMAL
2024-08-14,2024-08-09 10:00:00+05:30,2024-08-09 15:15:00+05:30,24373.8,25,649.9999999999995,61.511189900000005,588.4888100999996,557.7332151499995,541.2888100999995,486.93321514999957,0,0,16.600000381469727,NORMAL
2024-08-14,2024-08-12 10:00:00+05:30,2024-08-12 15:15:00+05:30,24224.8,25,282.5,60.02843204999999,222.47156795,192.457351925,175.27156795,121.65735192500003,0,0,15.34000015258789,NORMAL
2024-08-14,2024-08-13 10:00:00+05:30,2024-08-13 15:15:00+05:30,24324.8,25,-606.25,57.01602737499999,-663.266027375,-691.7740410625,-710.466027375,-762.5740410625,0,0,15.869999885559082,NORMAL
2024-08-22,2024-08-14 10:00:00+05:30,2024-08-14 15:15:00+05:30,24119.65,25,725.0,64.92802499999999,660.0719750000001,627.6079625,612.871975,556.8079625,0,0,16.170000076293945,NORMAL
2024-08-22,2024-08-16 10:00:00+05:30,2024-08-16 15:15:00+05:30,24278.0,25,-1697.500000000001,62.17934515,-1759.679345150001,-1790.7690177250008,-1806.879345150001,-1861.5690177250008,0,0,15.4399995803833,NORMAL
2024-08-22,2024-08-19 10:00:00+05:30,2024-08-19 15:15:00+05:30,24590.8,25,481.25,57.587602225,423.662397775,394.86859666249995,376.462397775,324.0685966625,0,0,14.399999618530272,NORMAL
2024-08-22,2024-08-20 10:00:00+05:30,2024-08-20 15:15:00+05:30,24702.7,25,511.25,55.616771825,455.633228175,427.8248422625,408.433228175,357.0248422625,0,0,14.31999969482422,NORMAL
2024-08-22,2024-08-21 10:00:00+05:30,2024-08-21 15:15:00+05:30,24696.9,25,566.2500000000001,53.92898292499999,512.3210170750001,485.3565256125001,465.1210170750001,414.5565256125001,0,0,13.81999969482422,NORMAL
2024-08-29,2024-08-22 10:00:00+05:30,2024-08-22 15:15:00+05:30,24818.05,25,307.5,60.25175935000001,247.24824064999999,217.122360975,200.04824065,146.32236097499998,0,0,13.329999923706056,LOW
2024-08-29,2024-08-23 10:00:00+05:30,2024-08-23 15:15:00+05:30,24813.45,25,-45.000000000000455,59.278738000000004,-104.27873800000046,-133.91810700000045,-151.47873800000048,-204.71810700000043,0,0,13.0,LOW
2024-08-29,2024-08-26 10:00:00+05:30,2024-08-26 15:15:00+05:30,24976.75,25,183.74999999999955,57.037459275,126.71254072499954,98.19381108749955,79.51254072499955,27.39381108749953,0,0,13.550000190734863,NORMAL
2024-08-29,2024-08-27 10:00:00+05:30,2024-08-27 15:15:00+05:30,25023.25,25,546.25,55.174734425000004,491.075265575,463.4878983625,443.875265575,392.6878983625,0,0,13.800000190734863,NORMAL
2024-08-29,2024-08-28 10:00:00+05:30,2024-08-28 15:15:00+05:30,25023.55,25,553.7500000000001,53.59683607499999,500.1531639250001,473.35474588750014,452.9531639250001,402.5547458875001,0,0,13.630000114440918,NORMAL
2024-09-05,2024-08-29 10:00:00+05:30,2024-08-29 15:15:00+05:30,25102.05,25,152.5,60.772931750000005,91.72706825,61.340602375,44.527068249999985,-9.45939762499998,0,0,13.949999809265137,NORMAL
2024-09-05,2024-08-30 10:00:00+05:30,2024-08-30 15:15:00+05:30,25232.55,25,513.75,59.12457647499999,454.62542352500003,425.0631352875,407.425423525,354.26313528749995,0,0,13.789999961853027,NORMAL
2024-09-05,2024-09-02 10:00:00+05:30,2024-09-02 15:15:00+05:30,25299.1,25,406.25,57.32643292499999,348.923567075,320.2603506125,301.723567075,249.46035061249998,0,0,13.390000343322754,LOW
2024-09-05,2024-09-03 10:00:00+05:30,2024-09-03 15:15:00+05:30,25254.45,25,376.25,55.622543324999995,320.627456675,292.8161850125,273.42745667500003,222.0161850125,0,0,14.0600004196167,NORMAL
2024-09-05,2024-09-04 10:00:00+05:30,2024-09-04 15:15:00+05:30,25118.8,25,205.0,54.5369331,150.4630669,123.19460035,103.26306690000001,52.39460034999999,0,0,13.84000015258789,NORMAL
2024-09-12,2024-09-05 10:00:00+05:30,2024-09-05 15:15:00+05:30,25204.35,25,463.7499999999991,60.67605087500001,403.0739491249991,372.73592368749905,355.8739491249991,301.9359236874991,0,0,14.380000114440918,NORMAL
2024-09-12,2024-09-06 10:00:00+05:30,2024-09-06 15:15:00+05:30,24976.7,25,-290.0000000000018,61.69777,-351.6977700000018,-382.5466550000018,-398.8977700000018,-453.34665500000176,0,0,14.210000038146973,NORMAL
2024-09-12,2024-09-09 10:00:00+05:30,2024-09-09 15:15:00+05:30,24833.5,25,465.0,58.55542030000001,406.44457969999996,377.16686955,359.24457970000003,306.36686955,0,0,15.220000267028809,NORMAL
2024-09-12,2024-09-10 10:00:00+05:30,2024-09-10 15:15:00+05:30,24914.85,25,-8.75,56.667839325,-65.417839325,-93.7517589875,-112.61783932499998,-164.5517589875,0,0,14.239999771118164,NORMAL
2024-09-12,2024-09-11 10:00:00+05:30,2024-09-11 15:15:00+05:30,25038.45,25,-1143.75,55.080772025,-1198.830772025,-1226.3711580375,-1246.030772025,-1297.1711580375,0,0,13.359999656677246,LOW
2024-09-19,2024-09-12 10:00:00+05:30,2024-09-12 15:15:00+05:30,24995.7,25,-3695.000000000001,63.8151846,-3758.815184600001,-3790.722776900001,-3806.015184600001,-3861.5227769000007,0,0,13.630000114440918,NORMAL
2024-09-19,2024-09-13 10:00:00+05:30,2024-09-13 15:15:00+05:30,25347.3,25,464.9999999999982,59.70836369999999,405.2916362999982,375.4374544499982,358.0916362999982,304.63745444999824,0,0,13.18000030517578,LOW
2024-09-19,2024-09-16 10:00:00+05:30,2024-09-16 15:15:00+05:30,25423.0,25,428.75,57.62480757500001,371.12519242499997,342.31278863750003,323.925192425,271.51278863749997,0,0,12.550000190734863,LOW
2024-09-19,2024-09-17 10:00:00+05:30,2024-09-17 15:15:00+05:30,25359.35,25,132.49999999999955,57.023360749999995,75.47663924999955,46.96495887499955,28.276639249999548,-23.83504112500046,0,0,12.460000038146973,LOW
2024-09-19,2024-09-18 10:00:00+05:30,2024-09-18 15:15:00+05:30,25425.35,25,-598.75,56.67605032499999,-655.426050325,-683.7640754875,-702.626050325,-754.5640754875,0,0,12.59000015258789,LOW
2024-09-26,2024-09-19 10:00:00+05:30,2024-09-19 15:15:00+05:30,25545.8,25,230.0,61.74452509999999,168.25547490000002,137.38321235,121.05547489999998,66.58321235000003,0,0,13.369999885559082,LOW
2024-09-26,2024-09-20 10:00:00+05:30,2024-09-20 15:15:00+05:30,25586.6,25,-1093.750000000001,61.347264425000006,-1155.097264425001,-1185.770896637501,-1202.297264425001,-1256.570896637501,0,0,12.470000267028809,LOW
2024-09-26,2024-09-23 10:00:00+05:30,2024-09-23 15:15:00+05:30,25909.9,25,861.2499999999995,59.528825424999994,801.7211745749995,771.9567618624995,754.5211745749996,701.1567618624995,0,0,12.789999961853027,LOW
2024-09-26,2024-09-24 10:00:00+05:30,2024-09-24 15:15:00+05:30,25962.05,25,812.5,57.083265350000005,755.41673465,726.875101975,708.21673465,656.075101975,0,0,13.789999961853027,NORMAL
2024-09-26,2024-09-25 10:00:00+05:30,2024-09-25 15:15:00+05:30,25944.3,25,498.75,54.641548975000006,444.108451025,416.78767653750003,396.908451025,345.98767653749996,0,0,13.390000343322754,LOW
2024-10-03,2024-09-26 10:00:00+05:30,2024-09-26 15:15:00+05:30,26048.45,25,-643.7500000000009,62.030050724999995,-705.7800507250009,-736.7950760875009,-752.9800507250009,-807.5950760875008,0,0,12.739999771118164,LOW
2024-10-03,2024-09-27 10:00:00+05:30,2024-09-27 15:15:00+05:30,26257.2,25,656.2499999999995,59.855980225,596.3940197749995,566.4660296624995,549.1940197749996,495.66602966249957,0,0,12.0,LOW
2024-10-03,2024-09-30 10:00:00+05:30,2024-09-30 15:15:00+05:30,25966.75,25,337.5,58.90333465,278.59666535,249.144998025,231.39666534999998,178.34499802500002,0,0,11.960000038146973,LOW
2024-10-03,2024-10-01 10:00:00+05:30,2024-10-01 15:15:00+05:30,25847.1,25,1058.75,55.637789022499994,1003.1122109775,975.29331646625,955.9122109775,904.49331646625,0,0,12.789999961853027,LOW
2024-10-10,2024-10-03 10:00:00+05:30,2024-10-03 15:15:00+05:30,25562.5,25,-526.2500000000009,63.8843091975,-590.1343091975009,-622.0764637962509,-637.3343091975009,-692.8764637962508,0,0,11.989999771118164,LOW
2024-10-10,2024-10-04 10:00:00+05:30,2024-10-04 15:15:00+05:30,25290.6,25,-872.5000000000009,64.68572143000002,-937.185721430001,-969.5285821450009,-984.3857214300009,-1040.3285821450008,0,0,13.170000076293944,LOW
2024-10-10,2024-10-07 10:00:00+05:30,2024-10-07 15:15:00+05:30,25070.25,25,-970.0,63.92282692,-1033.92282692,-1065.88424038,-1081.12282692,-1136.68424038,0,0,14.130000114440918,NORMAL
2024-10-10,2024-10-08 10:00:00+05:30,2024-10-08 15:15:00+05:30,24867.2,25,1406.25,63.069971532500006,1343.1800284675,1311.64504270125,1295.9800284675,1240.84504270125,0,0,15.079999923706056,NORMAL
2024-10-10,2024-10-09 10:00:00+05:30,2024-10-09 15:15:00+05:30,25080.9,25,1181.249999999999,58.7069604175,1122.5430395824992,1093.189559373749,1075.3430395824992,1022.3895593737491,0,0,14.59000015258789,NORMAL
2024-10-17,2024-10-10 10:00:00+05:30,2024-10-10 15:15:00+05:30,25066.45,25,604.9999999999982,63.954724815000006,541.0452751849982,509.0679127774982,493.8452751849982,438.26791277749817,0,0,14.119999885559082,NORMAL
2024-10-17,2024-10-11 10:00:00+05:30,2024-10-11 15:15:00+05:30,24987.95,25,704.9999999999995,61.41908839,643.5809116099996,612.8713674149996,596.3809116099995,542.0713674149995,0,0,13.5,NORMAL
2024-10-17,2024-10-14 10:00:00+05:30,2024-10-14 15:15:00+05:30,25122.65,25,744.9999999999995,58.884753569999994,686.1152464299995,656.6728696449995,638.9152464299996,585.8728696449996,0,0,13.220000267028809,LOW
2024-10-17,2024-10-15 10:00:00+05:30,2024-10-15 15:15:00+05:30,25082.15,25,873.75,57.547554197500006,816.2024458025,787.42866870375,769.0024458025,716.62866870375,0,0,13.0,LOW
2024-10-17,2024-10-16 10:00:00+05:30,2024-10-16 15:15:00+05:30,25064.3,25,572.5,54.755339019999994,517.74466098,490.36699147,470.54466098,419.56699147,0,0,13.0,LOW
2024-10-24,2024-10-17 10:00:00+05:30,2024-10-17 15:15:00+05:30,24830.35,25,198.75,62.114837602499996,136.6351623975,105.57774359625,89.43516239750001,34.77774359624999,0,0,13.050000190734863,LOW
2024-10-24,2024-10-18 10:00:00+05:30,2024-10-18 15:15:00+05:30,24641.85,25,-640.0,62.63529280499999,-702.635292805,-733.9529392075,-749.835292805,-804.7529392075,0,0,13.390000343322754,LOW
2024-10-24,2024-10-21 10:00:00+05:30,2024-10-21 15:15:00+05:30,24749.0,25,960.0,59.477792835,900.522207165,870.7833107475,853.322207165,799.9833107475,0,0,13.039999961853027,LOW
2024-10-24,2024-10-22 10:00:00+05:30,2024-10-22 15:15:00+05:30,24878.9,25,-5975.0,59.559053539999994,-6034.55905354,-6064.33858031,-6081.75905354,-6135.13858031,0,0,13.760000228881836,NORMAL
2024-10-24,2024-10-23 10:00:00+05:30,2024-10-23 15:15:00+05:30,24484.25,25,1735.0,57.323318865000005,1677.676681135,1649.0150217025,1630.476681135,1578.2150217025,0,0,14.399999618530272,NORMAL
2024-10-31,2024-10-24 10:00:00+05:30,2024-10-24 15:15:00+05:30,24415.6,25,498.74999999999955,62.964251687499996,435.78574831249955,404.30362246874955,388.5857483124995,333.50362246874954,0,0,14.619999885559082,NORMAL
2024-10-31,2024-10-25 10:00:00+05:30,2024-10-25 15:15:00+05:30,24255.15,25,891.25,62.3571567025,828.8928432975,797.7142649462501,781.6928432975,726.91426494625,0,0,13.970000267028809,NORMAL
2024-10-31,2024-10-28 10:00:00+05:30,2024-10-28 15:15:00+05:30,24288.0,25,691.2499999999986,59.311201017500004,631.9387989824986,602.2831984737486,584.7387989824986,531.4831984737486,0,0,14.630000114440918,NORMAL
2024-10-31,2024-10-29 10:00:00+05:30,2024-10-29 15:15:00+05:30,24203.7,25,-1665.000000000001,59.63354327,-1724.633543270001,-1754.4503149050008,-1771.833543270001,-1825.250314905001,0,0,14.289999961853027,NORMAL
2024-10-31,2024-10-30 10:00:00+05:30,2024-10-30 15:15:00+05:30,24399.2,25,946.25,55.449927177499994,890.8000728225,863.07510923375,843.6000728225,792.27510923375,0,0,14.520000457763672,NORMAL
2024-11-14,2024-11-04 10:00:00+05:30,2024-11-04 15:15:00+05:30,24046.15,25,596.25,74.0169201975,522.2330798025,485.22461970375,475.03307980249997,414.42461970375,0,0,15.899999618530272,NORMAL
2024-11-14,2024-11-05 10:00:00+05:30,2024-11-05 15:15:00+05:30,23991.55,25,53.75,73.1036810675,-19.353681067500005,-55.90552160125,-66.55368106750001,-126.70552160125001,0,0,16.690000534057617,NORMAL
2024-11-14,2024-11-06 10:00:00+05:30,2024-11-06 15:15:00+05:30,24371.9,25,66.24999999999864,67.33343861750001,-1.083438617501372,-34.750157926251376,-48.28343861750136,-105.55015792625136,0,0,16.1200008392334,NORMAL
2024-11-14,2024-11-07 10:00:00+05:30,2024-11-07 15:15:00+05:30,24258.25,25,842.5,65.1012283,777.3987717,744.84815755,730.1987717,674.04815755,0,0,14.869999885559082,NORMAL
2024-11-14,2024-11-08 10:00:00+05:30,2024-11-08 15:15:00+05:30,24173.5,25,1322.5,62.806017915000005,1259.693982085,1228.2909731275,1212.493982085,1157.4909731275,0,0,14.9399995803833,NORMAL
2024-11-14,2024-11-11 10:00:00+05:30,2024-11-11 15:15:00+05:30,24155.4,25,788.7499999999991,59.2392206825,729.5107793174991,699.8911689762491,682.310779317499,629.0911689762492,0,0,14.470000267028809,NORMAL
2024-11-14,2024-11-12 10:00:00+05:30,2024-11-12 15:15:00+05:30,24207.45,25,-3361.25,58.9429920725,-3420.1929920725,-3449.66448810875,-3467.3929920725,-3520.46448810875,0,0,14.270000457763672,NORMAL
2024-11-14,2024-11-13 10:00:00+05:30,2024-11-13 15:15:00+05:30,23784.9,25,-947.5,57.794953795,-1005.294953795,-1034.1924306925,-1052.494953795,-1104.9924306925,0,0,14.59000015258789,NORMAL
2024-11-21,2024-11-14 10:00:00+05:30,2024-11-14 15:15:00+05:30,23641.1,25,1150.0,62.373906250000005,1087.62609375,1056.439140625,1040.42609375,985.639140625,0,0,15.4399995803833,NORMAL
2024-11-21,2024-11-18 10:00:00+05:30,2024-11-18 15:15:00+05:30,23415.6,25,781.2499999999995,59.6939458425,721.5560541574996,691.7090812362495,674.3560541574996,620.9090812362496,0,0,14.779999732971191,NORMAL
2024-11-21,2024-11-19 10:00:00+05:30,2024-11-19 15:15:00+05:30,23692.2,25,-2746.25,57.66973795250001,-2803.9197379525,-2832.75460692875,-2851.1197379525,-2903.5546069287498,0,0,15.170000076293944,NORMAL
2024-11-28,2024-11-21 10:00:00+05:30,2024-11-21 15:15:00+05:30,23303.4,25,-22.50000000000091,65.306105495,-87.8061054950009,-120.4591582425009,-135.00610549500092,-191.2591582425009,0,0,15.65999984741211,NORMAL
2024-11-28,2024-11-22 10:00:00+05:30,2024-11-22 15:15:00+05:30,23494.75,25,-4141.25,66.1908177575,-4207.4408177575,-4240.53622663625,-4254.6408177575,-4311.33622663625,0,0,15.989999771118164,NORMAL
2024-11-28,2024-11-25 10:00:00+05:30,2024-11-25 15:15:00+05:30,24298.95,25,892.4999999999995,61.269151635,831.2308483649996,800.5962725474996,784.0308483649995,729.7962725474996,0,0,16.100000381469727,NORMAL
2024-11-28,2024-11-26 10:00:00+05:30,2024-11-26 15:15:00+05:30,24222.3,25,822.5,58.601954925,763.898045075,734.5970676125,716.698045075,663.7970676125,0,0,15.300000190734863,NORMAL
2024-11-28,2024-11-27 10:00:00+05:30,2024-11-27 15:15:00+05:30,24197.95,25,6.25,55.45472842249999,-49.20472842249999,-76.93209263375,-96.40472842250001,-147.73209263375003,0,0,15.3100004196167,NORMAL
2024-12-05,2024-11-28 10:00:00+05:30,2024-11-28 15:15:00+05:30,24312.45,25,-2081.25,64.6291671825,-2145.8791671825,-2178.19375077375,-2193.0791671825,-2248.99375077375,0,0,14.630000114440918,NORMAL
2024-12-05,2024-11-29 10:00:00+05:30,2024-11-29 15:15:00+05:30,24046.2,25,1250.0,64.88727484,1185.11272516,1152.6690877400001,1137.91272516,1081.86908774,0,0,15.210000038146973,NORMAL
2024-12-05,2024-12-02 10:00:00+05:30,2024-12-02 15:15:00+05:30,24131.95,25,-948.7500000000009,62.1569778625,-1010.9069778625009,-1041.985466793751,-1058.106977862501,-1112.7854667937509,0,0,14.43000030517578,NORMAL
2024-12-05,2024-12-03 10:00:00+05:30,2024-12-03 15:15:00+05:30,24343.55,25,347.4999999999982,60.79435398500001,286.7056460149982,256.30846902249823,239.50564601499818,185.5084690224982,0,0,14.699999809265137,NORMAL
2024-12-05,2024-12-04 10:00:00+05:30,2024-12-04 15:15:00+05:30,24549.3,25,-32.5,58.414122670000005,-90.91412267000001,-120.12118400499999,-138.11412267,-190.921184005,0,0,14.369999885559082,NORMAL
2024-12-12,2024-12-05 10:00:00+05:30,2024-12-05 15:15:00+05:30,24432.7,25,-73.75,70.46472289750001,-144.2147228975,-179.44708434625,-191.41472289749998,-250.24708434625003,0,0,14.449999809265137,NORMAL
2024-12-12,2024-12-06 10:00:00+05:30,2024-12-06 15:15:00+05:30,24694.7,25,2211.249999999999,67.2208412125,2144.029158787499,2110.418738181249,2096.829158787499,2039.618738181249,0,0,14.529999732971191,NORMAL
2024-12-12,2024-12-09 10:00:00+05:30,2024-12-09 15:15:00+05:30,24622.2,25,1153.75,62.545272412500005,1091.2047275875,1059.93209138125,1044.0047275875,989.13209138125,0,0,14.140000343322754,NORMAL
2024-12-12,2024-12-10 10:00:00+05:30,2024-12-10 15:15:00+05:30,24674.5,25,473.75,59.1916820075,414.5583179925,384.96247698875,367.3583179925,314.16247698875,0,0,14.109999656677246,NORMAL
2024-12-12,2024-12-11 10:00:00+05:30,2024-12-11 15:15:00+05:30,24629.95,25,1358.75,55.1308238075,1303.6191761925,1276.05376428875,1256.4191761925,1205.25376428875,0,0,13.779999732971191,NORMAL
2024-12-19,2024-12-12 10:00:00+05:30,2024-12-12 15:15:00+05:30,24634.2,25,-95.00000000000182,62.740594025,-157.74059402500183,-189.1108910375018,-204.94059402500181,-259.9108910375018,0,0,13.270000457763672,LOW
2024-12-19,2024-12-13 10:00:00+05:30,2024-12-13 15:15:00+05:30,24377.65,25,-2793.75,63.89773815749999,-2857.6477381575,-2889.59660723625,-2904.8477381575,-2960.39660723625,0,0,13.1899995803833,LOW
2024-12-19,2024-12-16 10:00:00+05:30,2024-12-16 15:15:00+05:30,24729.6,25,-167.5,61.741934505,-229.24193450500002,-260.1129017575,-276.441934505,-330.9129017575,0,0,13.050000190734863,LOW
2024-12-19,2024-12-17 10:00:00+05:30,2024-12-17 15:15:00+05:30,24511.4,25,1182.499999999999,61.25779360999999,1121.2422063899992,1090.6133095849991,1074.0422063899991,1019.8133095849992,0,0,14.020000457763672,NORMAL
2024-12-19,2024-12-18 10:00:00+05:30,2024-12-18 15:15:00+05:30,24252.25,25,1130.0,56.262837985000004,1073.737162015,1045.6057430225,1026.537162015,974.8057430225,0,0,14.489999771118164,NORMAL
2024-12-26,2024-12-19 10:00:00+05:30,2024-12-19 15:15:00+05:30,23956.5,25,-1.2500000000027285,66.6248500525,-67.87485005250272,-101.18727507875275,-115.07485005250271,-171.98727507875273,0,0,14.369999885559082,NORMAL
2024-12-26,2024-12-20 10:00:00+05:30,2024-12-20 15:15:00+05:30,23855.4,25,860.0,67.80844289000001,792.19155711,758.287335665,744.99155711,687.487335665,0,0,14.510000228881836,NORMAL
2024-12-26,2024-12-23 10:00:00+05:30,2024-12-23 15:15:00+05:30,23719.25,25,931.2499999999995,58.241938422500006,873.0080615774996,843.8870923662496,825.8080615774995,773.0870923662495,0,0,15.06999969482422,NORMAL
2024-12-26,2024-12-24 10:00:00+05:30,2024-12-24 15:15:00+05:30,23807.5,25,1062.5000000000002,54.93686298,1007.5631370200002,980.0947055300003,960.3631370200002,909.2947055300002,0,0,13.520000457763672,NORMAL
2025-01-02,2024-12-26 10:00:00+05:30,2024-12-26 15:15:00+05:30,23797.9,75,-1905.0000000000036,95.996730685,-2000.9967306850037,-2048.9950960275037,-2048.196730685004,-2119.795096027504,0,0,13.18000030517578,LOW
2025-01-02,2024-12-27 10:00:00+05:30,2024-12-27 15:15:00+05:30,23913.85,75,4020.0,91.630096525,3928.369903475,3882.5548552125,3881.169903475,3811.7548552125,0,0,14.039999961853027,NORMAL
2025-01-02,2024-12-30 10:00:00+05:30,2024-12-30 15:15:00+05:30,23752.2,75,-1713.75,82.3350992575,-1796.0850992575,-1837.25264888625,-1843.2850992575,-1908.0526488862502,0,0,13.239999771118164,LOW
2025-01-02,2024-12-31 10:00:00+05:30,2024-12-31 15:15:00+05:30,23523.4,75,-4316.25,85.6331275075,-4401.8831275075,-4444.69969126125,-4449.0831275075,-4515.49969126125,0,0,13.970000267028809,NORMAL
2025-01-02,2025-01-01 10:00:00+05:30,2025-01-01 12:21:00+05:30,23606.35,75,-7233.75,84.65311681749999,-7318.4031168175,-7360.72967522625,-7365.6031168174995,-7431.52967522625,0,0,14.449999809265137,NORMAL
2025-01-09,2025-01-02 10:00:00+05:30,2025-01-02 15:15:00+05:30,23831.0,75,-3030.0,111.13131811000001,-3141.13131811,-3196.696977165,-3188.33131811,-3267.496977165,0,0,14.449999809265137,NORMAL
2025-01-09,2025-01-03 10:00:00+05:30,2025-01-03 15:15:00+05:30,24070.1,75,3269.999999999998,95.62313037999999,3174.376869619998,3126.5653044299984,3127.1768696199983,3055.765304429998,0,0,13.739999771118164,NORMAL
2025-01-09,2025-01-06 10:00:00+05:30,2025-01-06 11:12:00+05:30,24004.0,75,-7177.500000000004,95.71267280500001,-7273.212672805003,-7321.069009207504,-7320.412672805003,-7391.869009207504,0,0,13.539999961853027,NORMAL
2025-01-09,2025-01-07 10:00:00+05:30,2025-01-07 15:15:00+05:30,23673.5,75,4409.9999999999945,88.718282815,4321.281717184995,4276.922575777495,4274.081717184995,4206.122575777495,0,0,15.649999618530272,NORMAL
2025-01-09,2025-01-08 10:00:00+05:30,2025-01-08 15:15:00+05:30,23659.65,75,1537.5000000000005,70.010236975,1467.4897630250005,1432.4846445375003,1420.2897630250004,1361.6846445375004,0,0,14.65999984741211,NORMAL
2025-01-16,2025-01-09 10:00:00+05:30,2025-01-09 15:15:00+05:30,23629.9,75,-33.75000000000182,97.62340182250001,-131.37340182250182,-180.18510273375185,-178.57340182250184,-250.9851027337518,0,0,14.470000267028809,NORMAL
2025-01-16,2025-01-10 10:00:00+05:30,2025-01-10 15:15:00+05:30,23365.55,75,4575.0,101.01273727,4473.98726273,4423.480894095,4426.78726273,4352.680894095,0,0,14.65999984741211,NORMAL
2025-01-16,2025-01-13 10:00:00+05:30,2025-01-13 15:15:00+05:30,23225.5,75,2756.2499999999964,89.9613066475,2666.2886933524965,2621.3080400287463,2619.088693352496,2550.5080400287466,0,0,14.920000076293944,NORMAL
2025-01-16,2025-01-14 10:00:00+05:30,2025-01-14 15:15:00+05:30,23168.85,75,2130.0,77.41859079999999,2052.5814092,2013.8721138,2005.3814092,1943.0721138,0,0,16.0,NORMAL
2025-01-16,2025-01-15 10:00:00+05:30,2025-01-15 15:15:00+05:30,23227.15,75,2883.75,67.0325150125,2816.7174849875,2783.20122748125,2769.5174849875,2712.40122748125,0,0,15.470000267028809,NORMAL
2025-01-23,2025-01-16 10:00:00+05:30,2025-01-16 15:15:00+05:30,23322.75,75,-2111.25,96.25801081750001,-2207.5080108175,-2255.63701622625,-2254.7080108175,-2326.43701622625,0,0,15.260000228881836,NORMAL
2025-01-23,2025-01-17 10:00:00+05:30,2025-01-17 15:15:00+05:30,23226.05,75,292.4999999999982,92.88112820499998,199.6188717949982,153.17830769249818,152.41887179499818,82.3783076924982,0,0,15.470000267028809,NORMAL
2025-01-23,2025-01-20 10:00:00+05:30,2025-01-20 15:15:00+05:30,23224.8,75,645.0,93.46602025,551.53397975,504.800969625,504.33397975,434.0009696249999,0,0,15.75,NORMAL
2025-01-23,2025-01-21 10:00:00+05:30,2025-01-21 15:15:00+05:30,23282.3,75,7.5,88.93334824,-81.43334824,-125.90002236000001,-128.63334824,-196.70002236,0,0,16.420000076293945,NORMAL
2025-01-23,2025-01-22 10:00:00+05:30,2025-01-22 15:15:00+05:30,23097.4,75,4845.0,72.93333641500001,4772.066663585,4735.5999953775,4724.866663585,4664.7999953775,0,0,17.059999465942383,NORMAL
2025-01-30,2025-01-23 10:00:00+05:30,2025-01-23 15:15:00+05:30,23191.15,25,294.9999999999991,65.31510072500001,229.68489927499908,197.0273489124991,182.48489927499912,126.22734891249908,0,0,16.770000457763672,NORMAL
2025-01-30,2025-01-24 10:00:00+05:30,2025-01-24 15:15:00+05:30,23139.95,25,1465.0,64.86994341999998,1400.13005658,1367.69508487,1352.93005658,1296.89508487,0,0,16.700000762939453,NORMAL
2025-01-30,2025-01-27 10:00:00+05:30,2025-01-27 15:15:00+05:30,22973.8,25,820.0,63.07913270000001,756.9208672999999,725.38130095,709.7208673,654.58130095,0,0,16.75,NORMAL
2025-01-30,2025-01-28 10:00:00+05:30,2025-01-28 15:15:00+05:30,22910.55,25,743.75,61.932492867499995,681.8175071325,650.85126069875,634.6175071325,580.05126069875,0,0,18.1299991607666,NORMAL
2025-01-30,2025-01-29 10:00:00+05:30,2025-01-29 15:15:00+05:30,23052.85,25,-62.5,61.573032514999994,-124.073032515,-154.85954877249998,-171.273032515,-225.6595487725,0,0,18.200000762939453,NORMAL
2025-02-06,2025-01-30 10:00:00+05:30,2025-01-30 15:15:00+05:30,23233.0,75,5587.5,141.683028655,5445.816971345,5374.9754570175,5398.616971345,5304.1754570175,0,0,18.63999938964844,NORMAL
2025-02-06,2025-01-31 10:00:00+05:30,2025-01-31 15:15:00+05:30,23391.85,75,7496.249999999998,131.07136330749998,7365.178636692498,7299.642955038748,7317.978636692498,7228.842955038748,0,0,17.389999389648438,NORMAL
2025-02-06,2025-02-01 10:00:00+05:30,2025-02-01 15:15:00+05:30,23559.2,75,13781.249999999998,108.0350112175,13673.214988782498,13619.197483173748,13626.014988782497,13548.397483173749,0,0,16.25,NORMAL
2025-02-06,2025-02-03 10:00:00+05:30,2025-02-03 15:15:00+05:30,23239.95,75,-101.25,84.6045018175,-185.8545018175,-228.15675272625,-233.05450181749998,-298.95675272625004,0,0,16.25,NORMAL
2025-02-06,2025-02-04 10:00:00+05:30,2025-02-04 15:15:00+05:30,23562.25,75,2786.25,83.19863731750002,2703.0513626825,2661.45204402375,2655.8513626825,2590.65204402375,0,0,14.350000381469728,NORMAL
2025-02-06,2025-02-05 10:00:00+05:30,2025-02-05 15:15:00+05:30,23767.15,75,-416.25,69.9782242525,-486.2282242525,-521.21733637875,-533.4282242525001,-592.01733637875,0,0,14.020000457763672,NORMAL
2025-02-13,2025-02-06 10:00:00+05:30,2025-02-06 15:15:00+05:30,23637.75,75,2043.7499999999945,103.1351040325,1940.6148959674945,1889.0473439512446,1893.4148959674944,1818.2473439512446,0,0,14.079999923706056,NORMAL
2025-02-13,2025-02-07 10:00:00+05:30,2025-02-07 15:15:00+05:30,23603.75,75,5396.249999999998,97.1349408475,5299.115059152498,5250.547588728748,5251.9150591524985,5179.747588728748,0,0,14.18000030517578,NORMAL
2025-02-13,2025-02-10 10:00:00+05:30,2025-02-10 15:15:00+05:30,23448.35,75,1121.2499999999982,87.7721964025,1033.4778035974982,989.5917053962482,986.2778035974982,918.7917053962482,0,0,13.6899995803833,NORMAL
2025-02-13,2025-02-11 10:00:00+05:30,2025-02-11 13:13:00+05:30,23303.7,75,-7245.0,85.5000748,-7330.5000748,-7373.2501122,-7377.7000748,-7444.0501122,0,0,14.449999809265137,NORMAL
2025-02-13,2025-02-12 10:00:00+05:30,2025-02-12 11:44:00+05:30,22818.35,75,-7372.5,79.85369632,-7452.35369632,-7492.28054448,-7499.55369632,-7563.08054448,0,0,14.869999885559082,NORMAL
2025-02-20,2025-02-13 10:00:00+05:30,2025-02-13 15:15:00+05:30,23180.15,75,855.0,100.41524712999998,754.58475287,704.3771293049999,707.38475287,633.577129305,0,0,14.899999618530272,NORMAL
2025-02-20,2025-02-14 10:00:00+05:30,2025-02-14 15:15:00+05:30,23055.35,75,749.9999999999982,95.56554571000001,654.4344542899981,606.6516814349982,607.2344542899982,535.8516814349982,0,0,14.960000038146973,NORMAL
2025-02-20,2025-02-17 10:00:00+05:30,2025-02-17 15:15:00+05:30,22757.0,75,-2358.7500000000073,96.36247747749998,-2455.112477477507,-2503.293716216257,-2502.3124774775074,-2574.0937162162572,0,0,15.020000457763672,NORMAL
2025-02-20,2025-02-18 10:00:00+05:30,2025-02-18 15:15:00+05:30,22926.65,75,2591.25,84.59140237749997,2506.6585976225,2464.36289643375,2459.4585976225,2393.56289643375,0,0,15.720000267028809,NORMAL
2025-02-20,2025-02-19 10:00:00+05:30,2025-02-19 15:15:00+05:30,22988.4,75,2643.75,75.1666428925,2568.5833571075,2531.00003566125,2521.3833571075,2460.20003566125,0,0,15.670000076293944,NORMAL
2025-02-27,2025-02-20 10:00:00+05:30,2025-02-20 15:15:00+05:30,22872.55,75,1852.5,97.131574195,1755.368425805,1706.8026387075001,1708.168425805,1636.0026387075,0,0,15.420000076293944,NORMAL
2025-02-27,2025-02-21 10:00:00+05:30,2025-02-21 15:15:00+05:30,22805.05,75,3119.999999999998,92.05653439,3027.9434656099984,2981.915198414998,2980.743465609998,2911.1151984149983,0,0,14.68000030517578,NORMAL
2025-02-27,2025-02-24 10:00:00+05:30,2025-02-24 15:15:00+05:30,22583.05,75,3333.75,80.7771406525,3252.9728593475,3212.58428902125,3205.7728593475,3141.78428902125,0,0,14.529999732971191,NORMAL
2025-02-27,2025-02-25 10:00:00+05:30,2025-02-25 15:15:00+05:30,22598.25,75,2865.0,67.01289763,2797.98710237,2764.480653555,2750.78710237,2693.680653555,0,0,14.4399995803833,NORMAL
2025-03-06,2025-02-27 10:00:00+05:30,2025-02-27 15:15:00+05:30,22541.75,75,93.75,87.94035562750001,5.809644372499989,-38.16053344125001,-41.390355627499986,-108.96053344124999,0,0,13.720000267028809,NORMAL
2025-03-06,2025-02-28 10:00:00+05:30,2025-02-28 15:15:00+05:30,22233.75,75,-990.0,87.60065438500001,-1077.600654385,-1121.4009815775,-1124.800654385,-1192.2009815775,0,0,13.3100004196167,LOW
2025-03-06,2025-03-03 10:00:00+05:30,2025-03-03 15:15:00+05:30,22049.4,75,922.5,84.655520125,837.844479875,795.5167198125,790.644479875,724.7167198125,0,0,13.90999984741211,NORMAL
2025-03-06,2025-03-04 10:00:00+05:30,2025-03-04 15:15:00+05:30,22065.8,75,836.25,75.8054084725,760.4445915275,722.54188729125,713.2445915275,651.74188729125,0,0,13.760000228881836,NORMAL
2025-03-06,2025-03-05 10:00:00+05:30,2025-03-05 15:15:00+05:30,22261.1,75,-318.75,72.26353759749999,-391.0135375975,-427.14530639625,-438.2135375975,-497.94530639625,0,0,13.829999923706056,NORMAL
2025-03-13,2025-03-06 10:00:00+05:30,2025-03-06 15:15:00+05:30,22316.5,75,-3513.749999999999,97.4439891475,-3611.193989147499,-3659.915983721249,-3658.3939891474993,-3730.715983721249,0,0,13.670000076293944,NORMAL
2025-03-13,2025-03-07 10:00:00+05:30,2025-03-07 15:15:00+05:30,22551.15,75,1121.2499999999964,87.8072751775,1033.4427248224963,989.5390872337464,986.2427248224964,918.7390872337463,0,0,13.729999542236328,NORMAL
2025-03-13,2025-03-10 10:00:00+05:30,2025-03-10 15:15:00+05:30,22652.35,75,-2235.0,83.52403066000001,-2318.52403066,-2360.28604599,-2365.72403066,-2431.08604599,0,0,13.470000267028809,LOW
2025-03-13,2025-03-11 10:00:00+05:30,2025-03-11 15:15:00+05:30,22400.3,75,-112.5,79.46702078499999,-191.967020785,-231.7005311775,-239.167020785,-302.50053117749997,0,0,13.989999771118164,NORMAL
2025-03-13,2025-03-12 10:00:00+05:30,2025-03-12 15:15:00+05:30,22459.4,75,2100.0,69.104402635,2030.895597365,1996.3433960475,1983.695597365,1925.5433960475,0,0,14.06999969482422,NORMAL
2025-03-20,2025-03-13 10:00:00+05:30,2025-03-13 15:15:00+05:30,22532.6,75,-33.75000000000182,86.5314931675,-120.28149316750182,-163.54723975125182,-167.4814931675018,-234.3472397512518,0,0,13.6899995803833,NORMAL
2025-03-20,2025-03-17 10:00:00+05:30,2025-03-17 15:15:00+05:30,22539.45,75,468.75,79.78751368750001,388.9624863125,349.06872946875,341.7624863125,278.26872946875005,0,0,13.279999732971191,LOW
2025-03-20,2025-03-18 10:00:00+05:30,2025-03-18 15:15:00+05:30,22709.25,75,-1173.75,79.34168893750001,-1253.0916889375,-1292.76253340625,-1300.2916889375,-1363.56253340625,0,0,13.420000076293944,LOW
2025-03-20,2025-03-19 10:00:00+05:30,2025-03-19 15:15:00+05:30,22870.05,75,-577.4999999999995,71.90301605500001,-649.4030160549995,-685.3545240824996,-696.6030160549996,-756.1545240824996,0,0,13.210000038146973,LOW
2025-03-27,2025-03-20 10:00:00+05:30,2025-03-20 15:15:00+05:30,23025.05,75,-127.5,89.49227543500001,-216.992275435,-261.7384131525,-264.192275435,-332.5384131525,0,0,13.300000190734863,LOW
2025-03-27,2025-03-21 10:00:00+05:30,2025-03-21 15:15:00+05:30,23259.8,75,-1428.75,85.1603584225,-1513.9103584225,-1556.4905376337501,-1561.1103584225,-1627.2905376337499,0,0,12.600000381469728,LOW
2025-03-27,2025-03-24 10:00:00+05:30,2025-03-24 15:15:00+05:30,23535.05,75,-3146.25,84.97983613749999,-3231.2298361375,-3273.71975420625,-3278.4298361375,-3344.51975420625,0,0,12.579999923706056,LOW
2025-03-27,2025-03-25 10:00:00+05:30,2025-03-25 15:15:00+05:30,23859.25,75,2036.25,84.3152116225,1951.9347883775,1909.77718256625,1904.7347883775,1838.97718256625,0,0,13.699999809265137,NORMAL
2025-03-27,2025-03-26 10:00:00+05:30,2025-03-26 15:15:00+05:30,23665.9,75,-791.2500000000018,73.4585733625,-864.7085733625019,-901.4378600437518,-911.9085733625018,-972.2378600437519,0,0,13.640000343322754,NORMAL
2025-04-03,2025-03-27 10:00:00+05:30,2025-03-27 15:15:00+05:30,23581.9,75,1005.0,94.15978612,910.84021388,863.7603208200001,863.64021388,792.96032082,0,0,13.470000267028809,LOW
2025-04-03,2025-03-28 10:00:00+05:30,2025-03-28 15:15:00+05:30,23552.15,75,4856.25,87.0579996025,4769.1920003975,4725.66300059625,4721.9920003975,4654.86300059625,0,0,13.300000190734863,LOW
2025-04-03,2025-04-01 10:00:00+05:30,2025-04-01 11:10:00+05:30,23500.35,75,-7121.25,80.18251734249998,-7201.4325173425,-7241.52377601375,-7248.6325173425,-7312.32377601375,0,0,12.720000267028809,LOW
2025-04-03,2025-04-02 10:00:00+05:30,2025-04-02 15:15:00+05:30,23226.4,75,1770.0,71.666465575,1698.333534425,1662.5003016375001,1651.133534425,1591.7003016375,0,0,13.779999732971191,NORMAL
2025-04-09,2025-04-03 10:00:00+05:30,2025-04-03 15:15:00+05:30,23233.85,75,1256.2499999999982,92.8469204725,1163.4030795274982,1116.9796192912481,1116.2030795274982,1046.1796192912482,0,0,13.720000267028809,NORMAL
2025-04-09,2025-04-04 10:00:00+05:30,2025-04-04 15:15:00+05:30,22977.25,75,3104.999999999998,87.762633085,3017.2373669149983,2973.3560503724984,2970.037366914998,2902.5560503724982,0,0,13.600000381469728,NORMAL
2025-04-09,2025-04-07 10:00:00+05:30,2025-04-07 12:19:00+05:30,21984.4,75,-7218.75,126.3760710475,-7345.1260710475,-7408.31410657125,-7392.3260710475,-7479.11410657125,0,0,13.760000228881836,NORMAL
2025-04-09,2025-04-08 10:00:00+05:30,2025-04-08 12:32:00+05:30,22409.75,75,-7702.5,99.46404391000002,-7801.96404391,-7851.696065865,-7849.16404391,-7922.496065865,0,0,22.790000915527344,HIGH
2025-04-17,2025-04-09 10:00:00+05:30,2025-04-09 15:15:00+05:30,22386.7,75,465.0,134.329682185,330.670317815,263.5054767225,283.47031781500004,192.7054767225,0,0,20.440000534057617,NORMAL
2025-04-17,2025-04-11 10:00:00+05:30,2025-04-11 15:15:00+05:30,22835.85,75,-375.0,116.36184741999999,-491.36184742,-549.54277113,-538.5618474199999,-620.34277113,0,0,21.43000030517578,HIGH
2025-04-17,2025-04-15 10:00:00+05:30,2025-04-15 15:15:00+05:30,23316.75,75,4451.25,80.6736786925,4370.5763213075,4330.23948196125,4323.3763213075,4259.43948196125,0,0,20.11000061035156,NORMAL
2025-04-17,2025-04-16 10:00:00+05:30,2025-04-16 15:15:00+05:30,23360.35,75,-2122.5,67.33010458000001,-2189.83010458,-2223.49515687,-2237.03010458,-2294.29515687,0,0,16.1299991607666,NORMAL
2025-04-24,2025-04-17 10:00:00+05:30,2025-04-17 11:43:00+05:30,23406.55,75,-7728.750000000002,104.7376840525,-7833.487684052502,-7885.856526078752,-7880.687684052502,-7956.656526078752,0,0,15.869999885559082,NORMAL
2025-04-24,2025-04-21 10:00:00+05:30,2025-04-21 15:15:00+05:30,24020.3,75,2111.250000000001,90.2167578025,2021.0332421975008,1975.9248632962508,1973.833242197501,1905.1248632962509,0,0,15.470000267028809,NORMAL
2025-04-24,2025-04-22 10:00:00+05:30,2025-04-22 15:15:00+05:30,24176.1,75,1046.25,76.10369961250001,970.1463003875,932.0944505812499,922.9463003875001,861.29445058125,0,0,15.520000457763672,NORMAL
2025-04-24,2025-04-23 10:00:00+05:30,2025-04-23 15:15:00+05:30,24314.75,75,2302.5,68.23444094499999,2234.265559055,2200.1483385825,2187.065559055,2129.3483385825,0,0,15.229999542236328,NORMAL
2025-04-30,2025-04-24 10:00:00+05:30,2025-04-24 15:15:00+05:30,24271.4,75,397.4999999999982,102.34719641499998,295.1528035849982,243.97920537749818,247.95280358499818,173.1792053774982,0,0,15.960000038146973,NORMAL
2025-04-30,2025-04-25 10:00:00+05:30,2025-04-25 15:15:00+05:30,24024.15,75,3738.75,102.4698389725,3636.2801610275,3585.04524154125,3589.0801610275,3514.24524154125,0,0,16.25,NORMAL
2025-04-30,2025-04-28 10:00:00+05:30,2025-04-28 15:15:00+05:30,24224.5,75,-915.0000000000018,82.59270154,-997.5927015400018,-1038.8890523100017,-1044.7927015400019,-1109.689052310002,0,0,17.15999984741211,NORMAL
2025-04-30,2025-04-29 10:00:00+05:30,2025-04-29 15:15:00+05:30,24373.2,75,3817.500000000002,68.941152925,3748.5588470750017,3714.0882706125017,3701.358847075002,3643.288270612502,0,0,16.940000534057617,NORMAL
2025-05-08,2025-04-30 10:00:00+05:30,2025-04-30 15:15:00+05:30,24361.65,75,-416.25,112.19903784249999,-528.4490378425,-584.54855676375,-575.6490378425,-655.34855676375,0,0,17.3700008392334,NORMAL
2025-05-08,2025-05-02 10:00:00+05:30,2025-05-02 12:29:00+05:30,24577.7,75,-7132.5,104.06219899,-7236.56219899,-7288.593298485,-7283.76219899,-7359.393298485,0,0,18.21999931335449,NORMAL
2025-05-08,2025-05-05 10:00:00+05:30,2025-05-05 15:15:00+05:30,24503.25,75,3975.0,81.69500971000001,3893.30499029,3852.457485435,3846.10499029,3781.657485435,0,0,18.26000022888184,NORMAL
2025-05-08,2025-05-06 10:00:00+05:30,2025-05-06 15:15:00+05:30,24387.0,75,-187.4999999999991,69.05434414,-256.5543441399991,-291.0815162099991,-303.7543441399991,-361.88151620999906,0,0,18.34000015258789,NORMAL
2025-05-08,2025-05-07 10:00:00+05:30,2025-05-07 15:15:00+05:30,24362.9,75,2527.5,69.16440928,2458.33559072,2423.75338608,2411.13559072,2352.95338608,0,0,19.0,NORMAL
2025-05-15,2025-05-08 10:00:00+05:30,2025-05-08 14:47:00+05:30,24385.35,75,-7140.000000000002,105.80548448500001,-7245.805484485002,-7298.708226727502,-7293.005484485002,-7369.508226727502,0,0,19.059999465942383,NORMAL
2025-05-15,2025-05-09 10:00:00+05:30,2025-05-09 15:15:00+05:30,24005.8,75,1935.0,117.082299385,1817.917700615,1759.3765509225,1770.717700615,1688.5765509225,0,0,21.01000022888184,HIGH
2025-05-15,2025-05-12 10:00:00+05:30,2025-05-12 13:31:00+05:30,24713.15,75,-7241.250000000002,98.2881070375,-7339.5381070375015,-7388.682160556252,-7386.738107037502,-7459.482160556252,0,0,21.6299991607666,HIGH
2025-05-15,2025-05-13 10:00:00+05:30,2025-05-13 15:15:00+05:30,24732.35,75,3720.0,98.570509075,3621.429490925,3572.1442363875,3574.229490925,3501.3442363875,0,0,18.38999938964844,NORMAL
2025-05-15,2025-05-14 10:00:00+05:30,2025-05-14 15:15:00+05:30,24724.2,75,682.4999999999982,77.200640395,605.2993596049982,566.6990394074982,558.0993596049982,495.8990394074982,0,0,18.200000762939453,NORMAL
2025-05-22,2025-05-15 10:00:00+05:30,2025-05-15 13:14:00+05:30,24544.15,75,-7522.5,112.48138037499999,-7634.981380375,-7691.2220705625,-7682.181380375,-7762.0220705625,0,0,17.229999542236328,NORMAL
2025-05-22,2025-05-16 10:00:00+05:30,2025-05-16 15:15:00+05:30,24999.7,75,1109.9999999999982,99.33922802500001,1010.6607719749982,960.9911579624982,963.4607719749981,890.1911579624982,0,0,16.889999389648438,NORMAL
2025-05-22,2025-05-19 10:00:00+05:30,2025-05-19 15:15:00+05:30,25004.7,75,596.25,92.94075001750001,503.3092499825,456.83887497374997,456.10924998250005,386.03887497375,0,0,16.549999237060547,NORMAL
2025-05-22,2025-05-20 10:00:00+05:30,2025-05-20 15:15:00+05:30,24892.25,75,-491.25,86.68845643750001,-577.9384564375,-621.28268465625,-625.1384564375,-692.08268465625,0,0,17.360000610351562,NORMAL
2025-05-22,2025-05-21 10:00:00+05:30,2025-05-21 15:15:00+05:30,24812.25,75,2688.75,81.7552145725,2606.9947854275,2566.11717814125,2559.7947854275,2495.31717814125,0,0,17.389999389648438,NORMAL
2025-05-29,2025-05-22 10:00:00+05:30,2025-05-22 15:15:00+05:30,24623.2,75,2099.999999999998,107.59985031999999,1992.400149679998,1938.6002245199982,1945.200149679998,1867.8002245199982,0,0,17.549999237060547,NORMAL
2025-05-29,2025-05-23 10:00:00+05:30,2025-05-23 15:15:00+05:30,24786.55,75,-596.2500000000018,104.3452970575,-700.5952970575019,-752.7679455862518,-747.7952970575018,-823.5679455862519,0,0,17.260000228881836,NORMAL
2025-05-29,2025-05-26 10:00:00+05:30,2025-05-26 15:15:00+05:30,25061.45,75,127.49999999999636,104.15961055,23.340389449996366,-28.73941582500362,-23.859610550003595,-99.53941582500363,0,0,17.280000686645508,NORMAL
2025-05-29,2025-05-27 10:00:00+05:30,2025-05-27 11:30:00+05:30,24763.25,75,-8992.5,111.24224875,-9103.74224875,-9159.363373125,-9150.94224875,-9230.163373125,0,0,18.020000457763672,NORMAL
2025-05-29,2025-05-28 10:00:00+05:30,2025-05-28 15:15:00+05:30,24775.7,75,6502.499999999998,88.68779781999999,6413.812202179998,6369.468303269999,6366.612202179998,6298.668303269998,0,0,18.540000915527344,NORMAL
2025-06-05,2025-05-29 10:00:00+05:30,2025-05-29 15:15:00+05:30,24800.05,75,2789.999999999998,108.432618925,2681.567381074998,2627.3510716124983,2634.3673810749983,2556.551071612498,0,0,18.020000457763672,NORMAL
2025-06-05,2025-05-30 10:00:00+05:30,2025-05-30 15:15:00+05:30,24804.6,75,-33.75,104.6391568225,-138.3891568225,-190.70873523375002,-185.5891568225,-261.50873523375003,0,0,16.420000076293945,NORMAL
2025-06-05,2025-06-02 10:00:00+05:30,2025-06-02 12:33:00+05:30,24602.1,75,-7188.75,102.90888906250001,-7291.6588890625,-7343.11333359375,-7338.8588890625,-7413.91333359375,0,0,16.079999923706055,NORMAL
2025-06-05,2025-06-03 10:00:00+05:30,2025-06-03 15:15:00+05:30,24632.85,75,11006.25,102.90062851750001,10903.3493714825,10851.89905722375,10856.1493714825,10781.09905722375,0,0,17.15999984741211,NORMAL
2025-06-05,2025-06-04 10:00:00+05:30,2025-06-04 15:15:00+05:30,24574.5,75,723.75,72.1307163925,651.6192836074999,615.55392541125,604.4192836075,544.75392541125,0,0,16.559999465942383,NORMAL
2025-06-12,2025-06-05 10:00:00+05:30,2025-06-05 15:15:00+05:30,24754.25,75,438.74999999999636,100.7290238725,338.0209761274964,287.65646419124636,290.82097612749635,216.85646419124637,0,0,15.75,NORMAL
2025-06-12,2025-06-06 10:00:00+05:30,2025-06-06 11:03:00+05:30,24712.15,75,-7762.5,101.06259907,-7863.56259907,-7914.093898605,-7910.76259907,-7984.893898605,0,0,15.079999923706056,NORMAL
2025-06-12,2025-06-09 10:00:00+05:30,2025-06-09 15:15:00+05:30,25096.05,75,2954.999999999998,89.22633342999998,2865.773666569998,2821.1604998549983,2818.5736665699983,2750.360499854998,0,0,14.630000114440918,NORMAL
2025-06-12,2025-06-10 10:00:00+05:30,2025-06-10 15:15:00+05:30,25131.5,75,2107.5,76.76222884,2030.73777116,1992.35665674,1983.53777116,1921.55665674,0,0,14.6899995803833,NORMAL
2025-06-12,2025-06-11 10:00:00+05:30,2025-06-11 15:15:00+05:30,25149.6,75,-146.2499999999991,67.4922976375,-213.7422976374991,-247.4884464562491,-260.9422976374991,-318.2884464562491,0,0,14.020000457763672,NORMAL
2025-06-19,2025-06-12 10:00:00+05:30,2025-06-12 15:15:00+05:30,25070.65,75,-738.75,98.41802913249998,-837.1680291325,-886.37704369875,-884.3680291325,-957.1770436987499,0,0,13.670000076293944,NORMAL
2025-06-19,2025-06-13 10:00:00+05:30,2025-06-13 15:15:00+05:30,24633.35,75,903.7499999999982,99.7267917475,804.0232082524982,754.1598123787483,756.8232082524983,683.3598123787482,0,0,14.020000457763672,NORMAL
2025-06-19,2025-06-16 10:00:00+05:30,2025-06-16 15:15:00+05:30,24736.8,75,-5148.750000000004,88.91965213750002,-5237.669652137503,-5282.129478206253,-5284.869652137504,-5352.929478206253,0,0,15.079999923706056,NORMAL
2025-06-19,2025-06-17 10:00:00+05:30,2025-06-17 15:15:00+05:30,24875.35,75,701.25,78.43398339250001,622.8160166074999,583.59902491125,575.6160166075,512.79902491125,0,0,14.84000015258789,NORMAL
2025-06-19,2025-06-18 10:00:00+05:30,2025-06-18 15:15:00+05:30,24913.45,75,363.7499999999982,74.43969366249999,289.3103063374982,252.09045950624818,242.11030633749817,181.29045950624817,0,0,14.399999618530272,NORMAL
2025-06-26,2025-06-19 10:00:00+05:30,2025-06-19 15:15:00+05:30,24833.7,75,-1863.7500000000018,98.83356256750001,-1962.5835625675018,-2012.0003438512517,-2009.7835625675018,-2082.800343851252,0,0,14.279999732971191,NORMAL
2025-06-26,2025-06-20 10:00:00+05:30,2025-06-20 10:30:00+05:30,24865.2,75,-7117.499999999999,94.54909445499999,-7212.049094454999,-7259.323641682499,-7259.249094454999,-7330.1236416824995,0,0,14.260000228881836,NORMAL
2025-06-26,2025-06-23 10:00:00+05:30,2025-06-23 15:15:00+05:30,24852.95,75,-1338.75,89.16790999749999,-1427.9179099975,-1472.5018649962499,-1475.1179099975,-1543.30186499625,0,0,13.670000076293944,NORMAL
2025-06-26,2025-06-24 10:00:00+05:30,2025-06-24 15:15:00+05:30,25202.7,75,832.5,81.65122151499999,750.848778485,710.0231677275,703.648778485,639.2231677275,0,0,14.050000190734863,NORMAL
2025-06-26,2025-06-25 10:00:00+05:30,2025-06-25 15:15:00+05:30,25204.85,75,1998.7500000000018,70.95305811249999,1927.7969418875018,1892.3204128312518,1880.5969418875018,1821.5204128312519,0,0,13.640000343322754,NORMAL
2025-07-03,2025-06-26 10:00:00+05:30,2025-06-26 15:15:00+05:30,25426.15,75,2366.2499999999964,99.15222108249999,2267.0977789174963,2217.5216683762465,2219.8977789174965,2146.7216683762463,0,0,12.960000038146973,LOW
2025-07-03,2025-06-27 10:00:00+05:30,2025-06-27 15:15:00+05:30,25548.35,75,1740.0,91.548596755,1648.451403245,1602.6771048675,1601.251403245,1531.8771048675,0,0,12.59000015258789,LOW
2025-07-03,2025-06-30 10:00:00+05:30,2025-06-30 15:15:00+05:30,25561.65,75,1560.0,85.245337825,1474.754662175,1432.1319932625,1427.554662175,1361.3319932625,0,0,12.390000343322754,LOW
2025-07-03,2025-07-01 10:00:00+05:30,2025-07-01 15:15:00+05:30,25564.7,75,2921.25,76.8096177175,2844.4403822825,2806.03557342375,2797.2403822825,2735.23557342375,0,0,12.789999961853027,LOW
2025-07-03,2025-07-02 10:00:00+05:30,2025-07-02 15:15:00+05:30,25531.85,75,-536.25,69.6253625425,-605.8753625424999,-640.68804381375,-653.0753625425,-711.48804381375,0,0,12.529999732971191,LOW
2025-07-10,2025-07-03 10:00:00+05:30,2025-07-03 15:15:00+05:30,25555.55,75,-15.000000000005457,93.06874694499999,-108.06874694500544,-154.60312041750544,-155.26874694500543,-225.40312041750545,0,0,12.449999809265137,LOW
2025-07-10,2025-07-04 10:00:00+05:30,2025-07-04 15:15:00+05:30,25421.65,75,1567.499999999999,88.67967952,1478.820320479999,1434.4804807199992,1431.620320479999,1363.6804807199992,0,0,12.390000343322754,LOW
2025-07-10,2025-07-07 10:00:00+05:30,2025-07-07 15:15:00+05:30,25467.8,75,870.0000000000009,80.77139237499999,789.2286076250009,748.8429114375009,742.0286076250009,678.0429114375008,0,0,12.31999969482422,LOW
2025-07-10,2025-07-08 10:00:00+05:30,2025-07-08 15:15:00+05:30,25449.35,75,-382.49999999999955,75.238869865,-457.7388698649995,-495.35830479749956,-504.93886986499956,-566.1583047974996,0,0,12.5600004196167,LOW
2025-07-10,2025-07-09 10:00:00+05:30,2025-07-09 15:15:00+05:30,25512.8,75,903.75,66.55630210749999,837.1936978925,803.91554683875,789.9936978925,733.11554683875,0,0,12.199999809265137,LOW
2025-07-17,2025-07-10 10:00:00+05:30,2025-07-10 15:15:00+05:30,25434.3,75,986.25,88.4995017175,897.7504982825,853.50074742375,850.5504982825,782.70074742375,0,0,11.9399995803833,LOW
2025-07-17,2025-07-11 10:00:00+05:30,2025-07-11 15:15:00+05:30,25276.4,75,-997.5,82.62284659,-1080.1228465899999,-1121.434269885,-1127.32284659,-1192.234269885,0,0,11.670000076293944,LOW
2025-07-17,2025-07-14 10:00:00+05:30,2025-07-14 15:15:00+05:30,25124.35,75,1503.75,78.6969123025,1425.0530876975,1385.70463154625,1377.8530876975,1314.90463154625,0,0,11.81999969482422,LOW
2025-07-17,2025-07-15 10:00:00+05:30,2025-07-15 15:15:00+05:30,25104.7,75,-423.75,72.17753382250001,-495.9275338225,-532.01630073375,-543.1275338225,-602.81630073375,0,0,11.979999542236328,LOW
2025-07-17,2025-07-16 10:00:00+05:30,2025-07-16 15:15:00+05:30,25151.7,75,78.75000000000091,64.8512466775,13.898753322500909,-18.52687001624909,-33.30124667749908,-89.32687001624907,0,0,11.479999542236328,LOW
2025-07-24,2025-07-17 10:00:00+05:30,2025-07-17 15:15:00+05:30,25190.55,75,228.75,84.3015119875,144.44848801249998,102.29773201875001,97.24848801249999,31.497732018749957,0,0,11.239999771118164,LOW
2025-07-24,2025-07-18 10:00:00+05:30,2025-07-18 15:15:00+05:30,25033.1,75,150.0,82.68828124000001,67.31171875999999,25.967578139999986,20.111718760000002,-44.83242186000001,0,0,11.239999771118164,LOW
2025-07-24,2025-07-21 10:00:00+05:30,2025-07-21 15:15:00+05:30,25032.55,75,1721.25,76.91516170749999,1644.3348382925,1605.87725743875,1597.1348382925,1535.07725743875,0,0,11.390000343322754,LOW
2025-07-24,2025-07-22 10:00:00+05:30,2025-07-22 15:15:00+05:30,25096.0,75,2021.25,69.2170476175,1952.0329523825,1917.42442857375,1904.8329523825,1846.62442857375,0,0,11.199999809265137,LOW
2025-07-24,2025-07-23 10:00:00+05:30,2025-07-23 15:15:00+05:30,25113.95,75,-2370.000000000002,65.48419135,-2435.4841913500018,-2468.226287025002,-2482.684191350002,-2539.0262870250017,0,0,10.75,LOW
2025-07-31,2025-07-24 10:00:00+05:30,2025-07-24 15:15:00+05:30,25170.35,75,329.9999999999982,82.69840793499999,247.3015920649982,205.95238809749816,200.10159206499816,135.15238809749815,0,0,10.520000457763672,LOW
2025-07-31,2025-07-25 10:00:00+05:30,2025-07-25 15:15:00+05:30,24926.4,75,-423.7500000000018,82.57488273249999,-506.3248827325018,-547.6123240987519,-553.5248827325019,-618.4123240987518,0,0,10.720000267028809,LOW
2025-07-31,2025-07-28 10:00:00+05:30,2025-07-28 15:15:00+05:30,24804.0,75,-67.5,79.432719745,-146.93271974499999,-186.6490796175,-194.13271974499997,-257.4490796175,0,0,11.279999732971191,LOW
2025-07-31,2025-07-29 10:00:00+05:30,2025-07-29 15:15:00+05:30,24700.2,75,-258.7500000000018,75.2743334725,-334.02433347250184,-371.6615002087518,-381.2243334725018,-442.4615002087518,0,0,12.0600004196167,LOW
2025-07-31,2025-07-30 10:00:00+05:30,2025-07-30 15:15:00+05:30,24835.25,75,1710.0,66.31240753,1643.68759247,1610.531388705,1596.48759247,1539.731388705,0,0,11.529999732971191,LOW
2025-08-07,2025-07-31 10:00:00+05:30,2025-07-31 13:11:00+05:30,24668.1,75,-7162.5,96.14089310499999,-7258.640893105,-7306.7113396575,-7305.840893105,-7377.5113396575,0,0,11.210000038146973,LOW
2025-08-07,2025-08-01 10:00:00+05:30,2025-08-01 15:15:00+05:30,24691.6,75,-1432.5,90.11517058,-1522.61517058,-1567.67275587,-1569.81517058,-1638.47275587,0,0,11.539999961853027,LOW
2025-08-07,2025-08-04 10:00:00+05:30,2025-08-04 15:15:00+05:30,24608.75,75,1080.000000000001,86.22626344,993.7737365600009,950.6606048400009,946.573736560001,879.8606048400009,0,0,11.979999542236328,LOW
2025-08-07,2025-08-05 10:00:00+05:30,2025-08-05 15:15:00+05:30,24597.4,75,2621.25,77.08506301749999,2544.1649369825,2505.62240547375,2496.9649369825,2434.82240547375,0,0,11.970000267028809,LOW
2025-08-07,2025-08-06 10:00:00+05:30,2025-08-06 15:15:00+05:30,24627.2,75,1890.0,71.31073603,1818.68926397,1783.033895955,1771.48926397,1712.233895955,0,0,11.710000038146973,LOW
2025-08-14,2025-08-07 10:00:00+05:30,2025-08-07 15:15:00+05:30,24484.15,75,-547.5,88.376527285,-635.876527285,-680.0647909275,-683.076527285,-750.8647909275,0,0,11.960000038146973,LOW
2025-08-14,2025-08-08 10:00:00+05:30,2025-08-08 15:15:00+05:30,24469.3,75,547.5,85.44883507,462.05116493,419.326747395,414.85116493,348.5267473949999,0,0,11.6899995803833,LOW
2025-08-14,2025-08-11 10:00:00+05:30,2025-08-11 15:15:00+05:30,24410.75,75,-1417.5,82.650666505,-1500.1506665050001,-1541.4759997575,-1547.350666505,-1612.2759997575,0,0,12.029999732971191,LOW
2025-08-14,2025-08-12 10:00:00+05:30,2025-08-12 15:15:00+05:30,24679.95,75,-3011.25,74.9496396925,-3086.1996396925,-3123.67445953875,-3133.3996396925,-3194.47445953875,0,0,12.220000267028809,LOW
2025-08-14,2025-08-13 10:00:00+05:30,2025-08-13 15:15:00+05:30,24598.3,75,1931.25,67.4334903775,1863.8165096225,1830.0997644337501,1816.6165096225,1759.29976443375,0,0,12.229999542236328,LOW
2025-08-21,2025-08-14 10:00:00+05:30,2025-08-14 15:15:00+05:30,24630.45,75,543.7499999999982,87.4359828625,456.3140171374982,412.59602570624816,409.1140171374982,341.7960257062482,0,0,12.140000343322754,LOW
2025-08-21,2025-08-18 10:00:00+05:30,2025-08-18 15:15:00+05:30,25007.7,75,3506.25,83.3584119325,3422.8915880675,3381.21238210125,3375.6915880675,3310.41238210125,0,0,12.359999656677246,LOW
2025-08-21,2025-08-19 10:00:00+05:30,2025-08-19 15:15:00+05:30,24911.05,75,-108.75000000000136,72.1689464575,-180.91894645750136,-217.00341968625133,-228.11894645750135,-287.8034196862514,0,0,12.34000015258789,LOW
2025-08-21,2025-08-20 10:00:00+05:30,2025-08-20 15:15:00+05:30,24978.15,75,1481.25,66.21198741250001,1415.0380125875,1381.93201888125,1367.8380125875,1311.1320188812501,0,0,11.789999961853027,LOW
2025-08-28,2025-08-21 10:00:00+05:30,2025-08-21 15:15:00+05:30,25106.05,75,1545.000000000001,83.498155585,1461.501844415001,1419.752766622501,1414.301844415001,1348.9527666225008,0,0,11.789999961853027,LOW
2025-08-28,2025-08-22 10:00:00+05:30,2025-08-22 15:15:00+05:30,24959.15,75,772.5,80.40138014499999,692.098619855,651.8979297825,644.898619855,581.0979297824999,0,0,11.369999885559082,LOW
2025-08-28,2025-08-25 10:00:00+05:30,2025-08-25 15:15:00+05:30,24925.8,75,1935.000000000001,72.34282975,1862.657170250001,1826.485755375001,1815.457170250001,1755.685755375001,0,0,11.729999542236328,LOW
2025-08-28,2025-08-26 10:00:00+05:30,2025-08-26 15:15:00+05:30,24781.4,75,-363.75,68.13048016750001,-431.8804801675,-465.94572025125,-479.0804801675,-536.7457202512501,0,0,11.760000228881836,LOW
2025-09-02,2025-08-28 10:00:00+05:30,2025-08-28 15:15:00+05:30,24590.0,75,794.9999999999982,80.82622219000001,714.1737778099982,673.7606667149981,666.9737778099982,602.9606667149982,0,0,12.1899995803833,LOW
2025-09-02,2025-08-29 10:00:00+05:30,2025-08-29 15:15:00+05:30,24486.3,75,1803.75,75.41170810749999,1728.3382918925,1690.63243783875,1681.1382918925,1619.83243783875,0,0,12.18000030517578,LOW
2025-09-02,2025-09-01 10:00:00+05:30,2025-09-01 15:15:00+05:30,24546.45,75,-907.5,65.47789684,-972.97789684,-1005.71684526,-1020.17789684,-1076.51684526,0,0,11.75,LOW
2025-09-09,2025-09-02 10:00:00+05:30,2025-09-02 15:15:00+05:30,24725.9,75,-1353.7500000000018,84.5021736775,-1438.2521736775018,-1480.5032605162519,-1485.4521736775018,-1551.3032605162518,0,0,11.289999961853027,LOW
2025-09-09,2025-09-03 10:00:00+05:30,2025-09-03 15:15:00+05:30,24591.8,75,-1515.0,81.55803150999998,-1596.55803151,-1637.337047265,-1643.75803151,-1708.137047265,0,0,11.399999618530272,LOW
2025-09-09,2025-09-04 10:00:00+05:30,2025-09-04 15:15:00+05:30,24911.6,75,-2797.500000000002,77.18960584,-2874.6896058400016,-2913.284408760002,-2921.889605840002,-2984.0844087600017,0,0,10.93000030517578,LOW
2025-09-09,2025-09-05 10:00:00+05:30,2025-09-05 15:15:00+05:30,24789.4,75,-438.75,70.3251152575,-509.0751152575,-544.23767288625,-556.2751152574999,-615.03767288625,0,0,10.850000381469728,LOW
2025-09-09,2025-09-08 10:00:00+05:30,2025-09-08 15:15:00+05:30,24817.7,75,1683.75,65.0824427875,1618.6675572125,1586.12633581875,1571.4675572125,1515.32633581875,0,0,10.779999732971191,LOW
2025-09-16,2025-09-09 10:00:00+05:30,2025-09-09 15:15:00+05:30,24845.95,75,1196.25,84.7707494875,1111.4792505125,1069.09387576875,1064.2792505124999,998.29387576875,0,0,10.84000015258789,LOW
2025-09-16,2025-09-10 10:00:00+05:30,2025-09-10 15:15:00+05:30,25005.3,75,1950.000000000001,81.042625195,1868.9573748050009,1828.436062207501,1821.7573748050008,1757.636062207501,0,0,10.6899995803833,LOW
2025-09-16,2025-09-11 10:00:00+05:30,2025-09-11 15:15:00+05:30,24984.55,75,611.25,75.0788970325,536.1711029675,498.63165445125003,488.9711029675,427.8316544512501,0,0,10.539999961853027,LOW
2025-09-16,2025-09-12 10:00:00+05:30,2025-09-12 15:15:00+05:30,25062.85,75,-457.49999999999955,70.31251363,-527.8125136299996,-562.9687704449996,-575.0125136299996,-633.7687704449995,0,0,10.359999656677246,LOW
2025-09-16,2025-09-15 10:00:00+05:30,2025-09-15 15:15:00+05:30,25090.75,75,1920.0,62.85025399,1857.14974601,1825.724619015,1809.94974601,1754.924619015,0,0,10.119999885559082,LOW
2025-09-23,2025-09-16 10:00:00+05:30,2025-09-16 15:15:00+05:30,25165.9,75,-645.0,85.607126845,-730.607126845,-773.4106902675001,-777.807126845,-844.2106902675,0,0,10.399999618530272,LOW
2025-09-23,2025-09-17 10:00:00+05:30,2025-09-17 15:15:00+05:30,25316.25,75,-176.25,78.95552281750001,-255.20552281750003,-294.68328422625,-302.4055228175,-365.48328422624996,0,0,10.270000457763672,LOW
2025-09-23,2025-09-18 10:00:00+05:30,2025-09-18 15:15:00+05:30,25416.5,75,705.0000000000005,72.637280635,632.3627193650004,596.0440790475004,585.1627193650005,525.2440790475005,0,0,10.25,LOW
2025-09-23,2025-09-19 10:00:00+05:30,2025-09-19 15:15:00+05:30,25299.6,75,1162.5,70.18616548,1092.31383452,1057.22075178,1045.11383452,986.42075178,0,0,9.890000343322754,LOW
2025-09-23,2025-09-22 10:00:00+05:30,2025-09-22 15:15:00+05:30,25318.0,75,-615.0,64.51127005000001,-679.51127005,-711.766905075,-726.71127005,-782.566905075,0,0,9.970000267028809,LOW
2025-09-30,2025-09-23 10:00:00+05:30,2025-09-23 15:15:00+05:30,25140.6,75,431.25,85.28370961750001,345.9662903825,303.32443557375,298.7662903825,232.52443557374997,0,0,10.5600004196167,LOW
2025-09-30,2025-09-24 10:00:00+05:30,2025-09-24 15:15:00+05:30,25092.4,75,978.75,78.47736607750001,900.2726339225,861.03395088375,853.0726339225,790.23395088375,0,0,10.630000114440918,LOW
2025-09-30,2025-09-25 10:00:00+05:30,2025-09-25 15:15:00+05:30,25046.45,75,-663.75,74.83235704750001,-738.5823570475,-775.99853557125,-785.7823570475,-846.79853557125,0,0,10.520000457763672,LOW
2025-09-30,2025-09-26 10:00:00+05:30,2025-09-29 15:15:00+05:30,24803.95,75,2362.5,72.094143175,2290.4058568250002,2254.3587852375,2243.205856825,2183.5587852375,0,0,10.779999732971191,LOW
2025-10-07,2025-09-30 10:00:00+05:30,2025-09-30 15:15:00+05:30,24666.4,75,3161.249999999998,88.83175395250001,3072.418246047498,3028.0023690712483,3025.2182460474983,2957.202369071248,0,0,11.369999885559082,LOW
2025-10-07,2025-10-01 10:00:00+05:30,2025-10-01 15:15:00+05:30,24675.4,75,-869.9999999999995,81.04299742,-951.0429974199996,-991.5644961299995,-998.2429974199996,-1062.3644961299995,0,0,11.06999969482422,LOW
2025-10-07,2025-10-03 10:00:00+05:30,2025-10-03 15:15:00+05:30,24820.25,75,-375.00000000000136,71.40488938,-446.40488938000135,-482.10733407000134,-493.6048893800014,-552.9073340700014,0,0,10.289999961853027,LOW
2025-10-07,2025-10-06 10:00:00+05:30,2025-10-06 15:15:00+05:30,24960.35,75,-4897.500000000002,65.17741775500001,-4962.677417755001,-4995.266126632502,-5009.877417755002,-5066.066126632501,0,0,10.0600004196167,LOW
2025-10-14,2025-10-07 10:00:00+05:30,2025-10-07 15:15:00+05:30,25189.65,75,2205.0,81.517087945,2123.482912055,2082.7243680825,2076.282912055,2011.9243680825,0,0,10.1899995803833,LOW
2025-10-14,2025-10-08 10:00:00+05:30,2025-10-08 15:15:00+05:30,25162.15,75,150.0,77.26510262500001,72.73489737499999,34.102346062500004,25.534897375,-36.69765393749998,0,0,10.050000190734863,LOW
2025-10-14,2025-10-09 10:00:00+05:30,2025-10-09 15:15:00+05:30,25039.35,75,-1781.2499999999995,76.10043433749999,-1857.3504343374996,-1895.4006515062495,-1904.5504343374996,-1966.2006515062494,0,0,10.3100004196167,LOW
2025-10-14,2025-10-13 10:00:00+05:30,2025-10-13 15:15:00+05:30,25193.6,75,2490.000000000001,67.511550865,2422.488449135001,2388.732673702501,2375.288449135001,2317.932673702501,0,0,10.100000381469728,LOW
2025-11-04,2025-10-27 10:00:00+05:30,2025-10-27 15:15:00+05:30,25939.05,75,821.25,100.07264577250001,721.1773542275,671.14103134125,673.9773542275,600.3410313412501,0,0,11.59000015258789,LOW
2025-11-04,2025-10-28 10:00:00+05:30,2025-10-28 15:15:00+05:30,25958.05,75,3723.749999999998,98.88452892250001,3624.865471077498,3575.423206616248,3577.6654710774983,3504.6232066162484,0,0,11.859999656677246,LOW
2025-11-04,2025-10-29 10:00:00+05:30,2025-10-29 15:15:00+05:30,25998.65,75,-727.4999999999991,90.56934766,-818.069347659999,-863.354021489999,-865.2693476599991,-934.1540214899991,0,0,11.949999809265137,LOW
2025-11-04,2025-10-30 10:00:00+05:30,2025-10-30 15:15:00+05:30,25905.5,75,2658.75,85.4379674575,2573.3120325425,2530.59304881375,2526.1120325425,2459.79304881375,0,0,11.970000267028809,LOW
2025-11-04,2025-10-31 10:00:00+05:30,2025-10-31 15:15:00+05:30,25919.05,75,795.0,78.91092107499999,716.089078925,676.6336183875001,668.889078925,605.8336183875,0,0,12.06999969482422,LOW
2025-11-04,2025-11-03 10:00:00+05:30,2025-11-03 15:15:00+05:30,25746.05,75,2831.25,71.83389195250001,2759.4161080475,2723.49916207125,2712.2161080475,2652.69916207125,0,0,12.149999618530272,LOW
2025-11-11,2025-11-04 10:00:00+05:30,2025-11-04 15:15:00+05:30,25712.3,75,2778.749999999998,91.27714957750001,2687.472850422498,2641.8342756337483,2640.2728504224983,2571.034275633748,0,0,12.670000076293944,LOW
2025-11-11,2025-11-06 10:00:00+05:30,2025-11-06 15:15:00+05:30,25637.7,75,1057.5,80.51855788,976.98144212,936.72216318,929.7814421200001,865.92216318,0,0,12.649999618530272,LOW
2025-11-11,2025-11-07 10:00:00+05:30,2025-11-07 15:15:00+05:30,25335.8,75,-3472.500000000002,76.04840325999999,-3548.5484032600016,-3586.572604890002,-3595.748403260002,-3657.3726048900016,0,0,12.40999984741211,LOW
2025-11-11,2025-11-10 10:00:00+05:30,2025-11-10 15:15:00+05:30,25567.9,75,795.0000000000005,67.629587035,727.3704129650005,693.5556194475005,680.1704129650004,622.7556194475004,0,0,12.5600004196167,LOW
2025-11-18,2025-11-11 10:00:00+05:30,2025-11-11 15:15:00+05:30,25514.25,75,-3450.0,95.87180787999999,-3545.87180788,-3593.80771182,-3593.07180788,-3664.60771182,0,0,12.300000190734863,LOW
2025-11-18,2025-11-12 10:00:00+05:30,2025-11-12 15:15:00+05:30,25859.95,75,195.0,86.70908659,108.29091341,64.93637011499999,61.09091341000001,-5.863629884999966,0,0,12.489999771118164,LOW
2025-11-18,2025-11-13 10:00:00+05:30,2025-11-13 15:15:00+05:30,25874.4,75,-1458.7500000000018,83.9811930925,-1542.7311930925018,-1584.7217896387517,-1589.9311930925019,-1655.521789638752,0,0,12.109999656677246,LOW
2025-11-18,2025-11-14 10:00:00+05:30,2025-11-14 15:15:00+05:30,25809.05,75,1773.75,82.8268426525,1690.9231573475,1649.50973602125,1643.7231573475,1578.70973602125,0,0,12.15999984741211,LOW
2025-11-18,2025-11-17 10:00:00+05:30,2025-11-17 15:15:00+05:30,25966.85,75,1567.5,69.61085743,1497.88914257,1463.083713855,1450.68914257,1392.283713855,0,0,11.9399995803833,LOW
2025-11-25,2025-11-18 10:00:00+05:30,2025-11-18 15:15:00+05:30,25892.75,75,1878.7499999999982,95.37984306250002,1783.3701569374982,1735.6802354062481,1736.1701569374982,1664.8802354062482,0,0,11.789999961853027,LOW
2025-11-25,2025-11-19 10:00:00+05:30,2025-11-19 15:15:00+05:30,25917.75,75,-2730.0,89.324520715,-2819.324520715,-2863.9867810725,-2866.524520715,-2934.7867810725,0,0,12.100000381469728,LOW
2025-11-25,2025-11-20 10:00:00+05:30,2025-11-20 15:15:00+05:30,26082.55,75,-581.25,84.5821744675,-665.8321744675,-708.12326170125,-713.0321744675,-778.9232617012501,0,0,11.970000267028809,LOW
2025-11-25,2025-11-21 10:00:00+05:30,2025-11-21 15:15:00+05:30,26117.05,75,1395.0,78.42317227000001,1316.5768277299999,1277.365241595,1269.37682773,1206.565241595,0,0,12.140000343322754,LOW
2025-11-25,2025-11-24 10:00:00+05:30,2025-11-24 15:15:00+05:30,26094.1,75,-648.75,69.9917453425,-718.7417453425,-753.73761801375,-765.9417453425,-824.53761801375,0,0,13.630000114440918,NORMAL
2025-12-02,2025-11-25 10:00:00+05:30,2025-11-25 15:15:00+05:30,25995.9,75,2107.5,91.558456135,2015.941543865,1970.1623157975,1968.741543865,1899.3623157975,0,0,13.239999771118164,NORMAL
2025-12-02,2025-11-26 10:00:00+05:30,2025-11-26 15:15:00+05:30,26086.55,75,-457.5,87.31870375000001,-544.81870375,-588.478055625,-592.01870375,-659.278055625,0,0,12.239999771118164,LOW
2025-12-02,2025-11-27 10:00:00+05:30,2025-11-27 15:15:00+05:30,26286.9,75,1743.75,79.9709118775,1663.7790881225,1623.79363218375,1616.5790881225,1552.99363218375,0,0,11.970000267028809,LOW
2025-12-02,2025-11-28 10:00:00+05:30,2025-11-28 15:15:00+05:30,26253.45,75,2137.500000000001,74.594879035,2062.905120965001,2025.607681447501,2015.7051209650008,1954.807681447501,0,0,11.789999961853027,LOW
2025-12-02,2025-12-01 10:00:00+05:30,2025-12-01 15:15:00+05:30,26271.05,75,1410.0,68.34179158,1341.65820842,1307.48731263,1294.45820842,1236.68731263,0,0,11.619999885559082,LOW
2025-12-09,2025-12-02 10:00:00+05:30,2025-12-02 15:15:00+05:30,26072.5,75,2572.5,90.563239765,2481.936760235,2436.6551403525,2434.736760235,2365.8551403525,0,0,11.630000114440918,LOW
2025-12-09,2025-12-03 10:00:00+05:30,2025-12-03 15:15:00+05:30,25940.75,75,1436.250000000001,84.8380392025,1351.4119607975008,1308.992941196251,1304.211960797501,1238.192941196251,0,0,11.229999542236328,LOW
2025-12-09,2025-12-04 10:00:00+05:30,2025-12-04 15:15:00+05:30,26031.75,75,1597.500000000001,78.63363684999999,1518.866363150001,1479.549544725001,1471.666363150001,1408.749544725001,0,0,11.210000038146973,LOW
2025-12-09,2025-12-05 10:00:00+05:30,2025-12-05 15:15:00+05:30,26008.8,75,-2985.0,77.14076287,-3062.14076287,-3100.711144305,-3109.34076287,-3171.511144305,0,0,10.81999969482422,LOW
2025-12-09,2025-12-08 10:00:00+05:30,2025-12-08 15:15:00+05:30,26084.65,75,-3022.5,69.29299279,-3091.79299279,-3126.439489185,-3138.99299279,-3197.239489185,0,0,10.31999969482422,LOW
2025-12-16,2025-12-09 10:00:00+05:30,2025-12-09 15:15:00+05:30,25736.45,75,2092.499999999998,91.13725158999998,2001.3627484099982,1955.7941226149983,1954.1627484099981,1884.994122614998,0,0,11.130000114440918,LOW
2025-12-16,2025-12-10 10:00:00+05:30,2025-12-10 15:15:00+05:30,25884.5,75,-1245.0,83.44292026000001,-1328.44292026,-1370.16438039,-1375.64292026,-1440.9643803899999,0,0,10.949999809265137,LOW
2025-12-16,2025-12-11 10:00:00+05:30,2025-12-11 15:15:00+05:30,25723.25,75,-2437.5,83.531054485,-2521.031054485,-2562.7965817275,-2568.231054485,-2633.5965817275,0,0,10.90999984741211,LOW
2025-12-16,2025-12-12 10:00:00+05:30,2025-12-12 15:15:00+05:30,26006.2,75,1968.75,72.80469894250001,1895.9453010575,1859.54295158625,1848.7453010575,1788.74295158625,0,0,10.399999618530272,LOW
2025-12-16,2025-12-15 10:00:00+05:30,2025-12-15 15:15:00+05:30,25952.65,75,727.5,67.10574668499999,660.394253315,626.8413799725,613.194253315,556.0413799725,0,0,10.109999656677246,LOW
2025-12-23,2025-12-16 10:00:00+05:30,2025-12-16 15:15:00+05:30,25898.9,75,2054.999999999998,85.95546841000001,1969.044531589998,1926.0667973849982,1921.8445315899983,1855.2667973849982,0,0,10.25,LOW
2025-12-23,2025-12-17 10:00:00+05:30,2025-12-17 15:15:00+05:30,25865.6,75,1470.0,81.79904665000001,1388.20095335,1347.301430025,1341.00095335,1276.501430025,0,0,10.0600004196167,LOW
2025-12-23,2025-12-18 10:00:00+05:30,2025-12-18 15:15:00+05:30,25736.8,75,266.2499999999982,77.47232260749999,188.7776773924982,150.04151608874815,141.57767739249817,79.24151608874817,0,0,9.84000015258789,LOW
2025-12-23,2025-12-19 10:00:00+05:30,2025-12-19 15:15:00+05:30,25961.3,75,2156.25,71.9274622525,2084.3225377475,2048.35880662125,2037.1225377475,1977.55880662125,0,0,9.710000038146973,LOW
2025-12-23,2025-12-22 10:00:00+05:30,2025-12-22 15:15:00+05:30,26136.2,75,1608.7500000000005,64.5058546525,1544.2441453475005,1511.9912180212505,1497.0441453475005,1441.1912180212505,0,0,9.520000457763672,LOW
2025-12-30,2025-12-23 10:00:00+05:30,2025-12-23 15:15:00+05:30,26173.4,75,2013.749999999999,81.7716115675,1931.978388432499,1891.0925826487492,1884.778388432499,1820.292582648749,0,0,9.68000030517578,LOW
2025-12-30,2025-12-24 10:00:00+05:30,2025-12-24 15:15:00+05:30,26218.15,75,1923.75,74.4245606125,1849.3254393875,1812.11315908125,1802.1254393875001,1741.31315908125,0,0,9.380000114440918,LOW
2025-12-30,2025-12-26 10:00:00+05:30,2025-12-26 15:15:00+05:30,26087.7,75,630.0000000000009,67.45835722000001,562.5416427800009,528.8124641700009,515.3416427800009,458.0124641700009,0,0,9.1899995803833,LOW
2025-12-30,2025-12-29 10:00:00+05:30,2025-12-29 15:15:00+05:30,26030.7,75,-2325.0,62.762856145,-2387.762856145,-2419.1442842175,-2434.962856145,-2489.9442842175,0,0,9.149999618530272,LOW
2026-01-06,2025-12-30 10:00:00+05:30,2025-12-30 15:15:00+05:30,25934.6,65,1371.5,76.412284595,1295.087715405,1256.8815731075001,1247.887715405,1186.0815731075,0,0,9.720000267028809,LOW
2026-01-06,2025-12-31 10:00:00+05:30,2025-12-31 15:15:00+05:30,25979.3,65,-3588.000000000002,73.952204206,-3661.9522042060016,-3698.928306309002,-3709.152204206002,-3769.7283063090017,0,0,9.68000030517578,LOW
2026-01-06,2026-01-01 10:00:00+05:30,2026-01-01 15:15:00+05:30,26163.25,65,1023.75,68.3240077425,955.4259922575,921.26398838625,908.2259922575,850.46398838625,0,0,9.479999542236328,LOW
2026-01-06,2026-01-02 10:00:00+05:30,2026-01-02 15:15:00+05:30,26253.9,65,217.7500000000009,65.7989050715,151.9510949285009,119.05164239275088,104.75109492850092,48.25164239275091,0,0,9.479999542236328,LOW
2026-01-06,2026-01-05 10:00:00+05:30,2026-01-05 15:15:00+05:30,26318.85,65,-71.49999999999818,61.873618998999994,-133.37361899899818,-164.3104284984982,-180.5736189989982,-235.1104284984982,0,0,9.449999809265137,LOW
2026-01-13,2026-01-06 10:00:00+05:30,2026-01-06 15:15:00+05:30,26262.9,65,2131.999999999998,77.10946442900001,2054.890535570998,2016.3358033564982,2007.6905355709982,1945.5358033564983,0,0,10.020000457763672,LOW
2026-01-13,2026-01-07 10:00:00+05:30,2026-01-07 15:15:00+05:30,26140.3,65,1160.25,72.0566438055,1088.1933561945,1052.16503429175,1040.9933561945,981.36503429175,0,0,10.020000457763672,LOW
2026-01-13,2026-01-08 10:00:00+05:30,2026-01-08 15:15:00+05:30,26081.9,65,-4309.500000000002,70.945176429,-4380.445176429002,-4415.917764643502,-4427.645176429001,-4486.717764643502,0,0,9.949999809265137,LOW
2026-01-13,2026-01-09 10:00:00+05:30,2026-01-09 15:15:00+05:30,25893.75,65,-3802.500000000002,71.62277422,-3874.1227742200017,-3909.9341613300016,-3921.322774220002,-3980.734161330002,0,0,10.600000381469728,LOW
2026-01-13,2026-01-12 10:00:00+05:30,2026-01-12 14:53:00+05:30,25564.15,65,-7507.5,70.774379296,-7578.274379296,-7613.661568944,-7625.474379296,-7684.461568944,0,0,10.93000030517578,LOW
2026-01-20,2026-01-13 10:00:00+05:30,2026-01-13 15:15:00+05:30,25714.65,65,2928.25,85.78616336249999,2842.4638366375,2799.57075495625,2795.2638366375,2728.77075495625,0,0,11.369999885559082,LOW
2026-01-20,2026-01-14 10:00:00+05:30,2026-01-14 15:15:00+05:30,25727.85,65,117.0,79.068984472,37.931015528,-1.6034767080000023,-9.268984472,-72.40347670799997,0,0,11.199999809265137,LOW
2026-01-20,2026-01-16 10:00:00+05:30,2026-01-16 15:15:00+05:30,25740.5,65,195.0,72.74071838500001,122.25928161499999,85.8889224225,75.05928161499997,15.08892242249999,0,0,11.31999969482422,LOW
2026-01-20,2026-01-19 10:00:00+05:30,2026-01-19 15:15:00+05:30,25520.6,65,1339.0,67.349004447,1271.650995553,1237.9764933295,1224.450995553,1167.1764933295,0,0,11.369999885559082,LOW
2026-01-27,2026-01-20 10:00:00+05:30,2026-01-20 15:15:00+05:30,25466.8,65,-1605.5,87.02571613800002,-1692.525716138,-1736.038574207,-1739.725716138,-1806.838574207,0,0,11.829999923706056,LOW
2026-01-27,2026-01-21 10:00:00+05:30,2026-01-21 15:15:00+05:30,25151.55,65,-435.5,84.656371095,-520.1563710949999,-562.4845566425,-567.356371095,-633.2845566425,0,0,12.729999542236328,LOW
2026-01-27,2026-01-22 10:00:00+05:30,2026-01-22 15:15:00+05:30,25404.05,65,2587.0,79.798749755,2507.201250245,2467.3018753675,2460.001250245,2396.5018753675,0,0,13.779999732971191,NORMAL
2026-01-27,2026-01-23 10:00:00+05:30,2026-01-23 15:15:00+05:30,25292.7,65,-2983.5,76.489025155,-3059.989025155,-3098.2335377325,-3107.189025155,-3169.0335377325,0,0,13.350000381469728,NORMAL
2026-02-03,2026-01-27 10:00:00+05:30,2026-01-27 15:15:00+05:30,25139.8,65,4598.749999999998,115.87310147749999,4482.876898522498,4424.940347783748,4435.676898522498,4354.140347783748,0,0,14.1899995803833,NORMAL
2026-02-03,2026-01-28 10:00:00+05:30,2026-01-28 15:15:00+05:30,25304.45,65,2268.499999999998,102.755577376,2165.744422623998,2114.3666339359984,2118.5444226239983,2043.5666339359982,0,0,14.449999809265137,NORMAL
2026-02-03,2026-01-29 10:00:00+05:30,2026-01-29 15:15:00+05:30,25180.45,65,-2080.0,98.633968625,-2178.633968625,-2227.9509529375,-2225.833968625,-2298.7509529375,0,0,13.529999732971191,NORMAL
2026-02-03,2026-01-30 10:00:00+05:30,2026-01-30 15:15:00+05:30,25288.25,65,507.0,95.35274415900001,411.647255841,363.9708837615,364.447255841,293.1708837615,0,0,13.369999885559082,NORMAL
2026-02-03,2026-02-01 10:00:00+05:30,2026-02-01 12:28:00+05:30,25332.25,65,-7358.0,98.506267025,-7456.506267025,-7505.7594005375,-7503.706267025,-7576.5594005375,0,0,13.630000114440918,NORMAL
2026-02-03,2026-02-02 10:00:00+05:30,2026-02-02 15:15:00+05:30,24852.55,65,507.0,81.89091346499998,425.109086535,384.1636298025,377.90908653500003,313.3636298025,0,0,13.630000114440918,NORMAL
2026-02-10,2026-02-03 10:00:00+05:30,2026-02-03 15:15:00+05:30,25717.45,65,7003.75,102.61092474450001,6901.1390752555,6849.83361288325,6853.9390752555,6779.03361288325,0,0,13.869999885559082,NORMAL
2026-02-10,2026-02-04 10:00:00+05:30,2026-02-04 15:15:00+05:30,25778.5,65,1673.7499999999982,88.5827106225,1585.1672893774983,1540.8759340662482,1537.9672893774982,1470.0759340662482,0,0,12.899999618530272,NORMAL
2026-02-10,2026-02-05 10:00:00+05:30,2026-02-05 15:15:00+05:30,25634.15,65,2096.25,82.57961538149999,2013.6703846185,1972.38057692775,1966.4703846185,1901.58057692775,0,0,12.25,LOW
2026-02-10,2026-02-06 10:00:00+05:30,2026-02-06 15:15:00+05:30,25550.45,65,51.999999999998636,75.644640354,-23.644640354001368,-61.46696053100136,-70.84464035400137,-132.26696053100133,0,0,12.170000076293944,LOW
2026-02-10,2026-02-09 10:00:00+05:30,2026-02-09 15:15:00+05:30,25823.6,65,789.7500000000005,67.1768631725,722.5731368275004,688.9847052412505,675.3731368275005,618.1847052412504,0,0,11.9399995803833,LOW
2026-02-17,2026-02-10 10:00:00+05:30,2026-02-10 15:15:00+05:30,25955.45,65,1650.9999999999982,83.157151022,1567.842848977998,1526.2642734669982,1520.6428489779983,1455.4642734669983,0,0,12.1899995803833,LOW
2026-02-17,2026-02-11 10:00:00+05:30,2026-02-11 15:15:00+05:30,25929.65,65,838.5,78.063000389,760.436999611,721.4054994165,713.236999611,650.6054994165,0,0,11.670000076293944,LOW
2026-02-17,2026-02-12 10:00:00+05:30,2026-02-12 15:15:00+05:30,25867.5,65,604.5,74.60533383900001,529.894666161,492.5919992415,482.694666161,421.7919992415,0,0,11.550000190734863,LOW
2026-02-17,2026-02-13 10:00:00+05:30,2026-02-13 15:15:00+05:30,25536.6,65,-841.7500000000009,73.66981023049999,-915.4198102305008,-952.2547153457509,-962.6198102305009,-1023.0547153457509,0,0,11.729999542236328,LOW
2026-02-17,2026-02-16 10:00:00+05:30,2026-02-16 15:15:00+05:30,25499.85,65,-5148.0,69.40148390200001,-5217.401483902,-5252.102225853,-5264.601483902,-5322.902225853,0,0,13.289999961853027,NORMAL
2026-02-24,2026-02-17 10:00:00+05:30,2026-02-17 15:15:00+05:30,25660.4,65,256.7499999999982,87.1779877445,169.57201225549818,125.98301838324818,122.37201225549819,55.183018383248225,0,0,13.329999923706056,NORMAL
2026-02-24,2026-02-18 10:00:00+05:30,2026-02-18 15:15:00+05:30,25656.85,65,-1868.7500000000018,82.8819878675,-1951.6319878675017,-1993.072981801252,-1998.8319878675018,-2063.8729818012516,0,0,12.670000076293944,LOW
2026-02-24,2026-02-19 10:00:00+05:30,2026-02-19 14:48:00+05:30,25773.4,65,-7039.5,79.969832771,-7119.469832771,-7159.4547491565,-7166.669832771,-7230.2547491565,0,0,12.220000267028809,LOW
2026-02-24,2026-02-20 10:00:00+05:30,2026-02-20 15:15:00+05:30,25511.05,65,-578.5000000000009,79.57683159099999,-658.0768315910009,-697.8652473865009,-705.2768315910009,-768.6652473865009,0,0,13.460000038146973,NORMAL
2026-02-24,2026-02-23 10:00:00+05:30,2026-02-23 15:15:00+05:30,25722.65,65,2278.25,71.2490425435,2207.0009574565,2171.3764361847498,2159.8009574565,2100.57643618475,0,0,14.359999656677246,NORMAL
2026-03-02,2026-02-24 10:00:00+05:30,2026-02-24 15:15:00+05:30,25516.9,65,1442.9999999999964,92.875989437,1350.1240105629963,1303.6860158444963,1302.9240105629963,1232.8860158444963,0,0,14.170000076293944,NORMAL
2026-03-02,2026-02-25 10:00:00+05:30,2026-02-25 15:15:00+05:30,25605.65,65,-1066.0000000000018,82.02789597299999,-1148.0278959730017,-1189.0418439595019,-1195.2278959730018,-1259.8418439595018,0,0,14.149999618530272,NORMAL
2026-03-02,2026-02-26 10:00:00+05:30,2026-02-26 15:15:00+05:30,25522.45,65,1365.0,78.26363,1286.73637,1247.6045550000001,1239.53637,1176.804555,0,0,13.489999771118164,NORMAL
2026-03-02,2026-02-27 10:00:00+05:30,2026-02-27 15:15:00+05:30,25331.4,65,-1573.0000000000018,74.357929032,-1647.3579290320017,-1684.536893548002,-1694.5579290320018,-1755.3368935480019,0,0,13.0600004196167,NORMAL
2026-03-10,2026-03-02 10:00:00+05:30,2026-03-02 15:15:00+05:30,24939.65,65,-806.0,112.13605882399999,-918.136058824,-974.204088236,-965.336058824,-1045.0040882360001,0,0,13.699999809265137,NORMAL
2026-03-10,2026-03-04 10:00:00+05:30,2026-03-04 15:15:00+05:30,24315.45,65,-1670.5,126.546679243,-1797.046679243,-1860.3200188645,-1844.246679243,-1931.1200188645,0,0,17.1299991607666,NORMAL
2026-03-10,2026-03-05 10:00:00+05:30,2026-03-05 15:15:00+05:30,24635.25,65,923.0,103.43460017500001,819.565399825,767.8480997375,772.3653998249999,697.0480997375,0,0,21.13999938964844,HIGH
2026-03-10,2026-03-06 10:00:00+05:30,2026-03-06 15:15:00+05:30,24631.95,65,-3610.75,100.83747039949999,-3711.5874703995,-3762.00620559925,-3758.7874703995,-3832.80620559925,0,0,17.860000610351562,NORMAL
2026-03-10,2026-03-09 10:00:00+05:30,2026-03-09 15:15:00+05:30,23769.0,65,-3474.25,103.37836354650003,-3577.6283635465,-3629.31754531975,-3624.8283635465,-3700.11754531975,0,0,19.8799991607666,NORMAL
2026-03-17,2026-03-10 10:00:00+05:30,2026-03-10 15:15:00+05:30,24098.7,65,3197.9999999999945,124.47534773400001,3073.5246522659945,3011.2869783989945,3026.3246522659947,2940.4869783989943,0,0,23.36000061035156,HIGH
2026-03-17,2026-03-11 10:00:00+05:30,2026-03-11 15:15:00+05:30,24146.0,65,-4520.75,113.5478547225,-4634.2978547225,-4691.07178208375,-4681.4978547225,-4761.87178208375,0,0,18.90999984741211,NORMAL
2026-03-17,2026-03-12 10:00:00+05:30,2026-03-12 15:15:00+05:30,23676.75,65,3834.999999999989,114.41734542900001,3720.5826545709892,3663.373981856489,3673.382654570989,3592.573981856489,0,0,21.059999465942383,HIGH
2026-03-17,2026-03-13 10:00:00+05:30,2026-03-13 15:15:00+05:30,23335.05,65,-1196.0,107.064411061,-1303.064411061,-1356.5966165915002,-1350.264411061,-1427.3966165915,0,0,21.520000457763672,HIGH
2026-03-17,2026-03-16 10:00:00+05:30,2026-03-16 15:15:00+05:30,23187.95,65,-523.2500000000036,90.64853093749998,-613.8985309375037,-659.2227964062536,-661.0985309375036,-730.0227964062536,0,0,22.649999618530277,HIGH
2026-03-24,2026-03-17 10:00:00+05:30,2026-03-17 15:15:00+05:30,23498.15,65,3266.25,116.23617226350001,3150.0138277365,3091.89574160475,3102.8138277365,3021.09574160475,0,0,21.600000381469727,HIGH
2026-03-24,2026-03-18 10:00:00+05:30,2026-03-18 15:15:00+05:30,23686.7,65,812.4999999999964,102.098059944,710.4019400559964,659.3529100839964,663.2019400559964,588.5529100839964,0,0,19.790000915527344,NORMAL
2026-03-24,2026-03-19 10:00:00+05:30,2026-03-19 15:15:00+05:30,23231.15,65,-3354.0,108.68096165900002,-3462.680961659,-3517.0214424885,-3509.880961659,-3587.8214424885,0,0,18.71999931335449,NORMAL
2026-03-24,2026-03-20 10:00:00+05:30,2026-03-20 15:15:00+05:30,23246.45,65,620.75,107.3527035135,513.3972964865,459.72094472975,466.1972964865,388.92094472975,0,0,22.799999237060547,HIGH
2026-03-24,2026-03-23 10:00:00+05:30,2026-03-23 15:15:00+05:30,22587.75,65,4078.75,101.6726451035,3977.0773548965,3926.2410323447502,3929.8773548965,3855.44103234475,0,0,22.809999465942383,HIGH
2026-03-30,2026-03-24 10:00:00+05:30,2026-03-24 15:15:00+05:30,22747.3,65,2362.7499999999964,132.7863916375,2229.9636083624964,2163.5704125437464,2182.7636083624966,2092.7704125437463,0,0,26.729999542236328,HIGH
2026-03-30,2026-03-25 10:00:00+05:30,2026-03-25 15:15:00+05:30,23296.3,65,1865.5,117.122491171,1748.377508829,1689.8162632435,1701.177508829,1619.0162632435,0,0,24.739999771118164,HIGH
2026-03-30,2026-03-27 10:00:00+05:30,2026-03-27 15:15:00+05:30,23001.35,65,3792.7499999999964,106.68396699049998,3686.0660330094966,3632.7240495142464,3638.8660330094963,3561.9240495142462,0,0,24.63999938964844,HIGH
2026-04-07,2026-03-30 10:00:00+05:30,2026-03-30 15:15:00+05:30,22605.5,65,6392.75,153.31024197149998,6239.4397580285,6162.78463704275,6192.2397580285,6091.98463704275,0,0,26.799999237060547,HIGH
2026-04-07,2026-04-01 10:00:00+05:30,2026-04-01 15:15:00+05:30,22904.35,65,-897.0,141.39320651,-1038.39320651,-1109.089809765,-1085.59320651,-1179.8898097649999,0,0,27.88999938964844,HIGH
2026-04-07,2026-04-02 10:00:00+05:30,2026-04-02 14:15:00+05:30,22211.15,65,-7923.5,146.361226125,-8069.861226125,-8143.0418391875,-8117.061226125,-8213.8418391875,0,0,25.01000022888184,HIGH
2026-04-07,2026-04-06 10:00:00+05:30,2026-04-06 15:01:00+05:30,22568.0,65,-7029.750000000004,114.9062071075,-7144.656207107504,-7202.109310661253,-7191.856207107504,-7272.909310661254,0,0,25.520000457763672,HIGH
2026-04-13,2026-04-07 10:00:00+05:30,2026-04-07 15:15:00+05:30,22897.8,65,828.75,157.9990742105,670.7509257895,591.7513886842501,623.5509257895001,520.9513886842501,0,0,25.46999931335449,HIGH
2026-04-13,2026-04-08 10:00:00+05:30,2026-04-08 15:15:00+05:30,23909.3,65,1417.0,118.036292618,1298.963707382,1239.9455610730001,1251.7637073820001,1169.145561073,0,0,24.700000762939453,HIGH
2026-04-13,2026-04-09 10:00:00+05:30,2026-04-09 15:15:00+05:30,23781.2,65,2577.25,112.23553168449999,2465.0144683155,2408.89670247325,2417.8144683155,2338.09670247325,0,0,19.700000762939453,NORMAL
2026-04-13,2026-04-10 10:00:00+05:30,2026-04-10 15:15:00+05:30,23995.7,65,1231.75,94.66473839249998,1137.0852616075001,1089.75289241125,1089.8852616075,1018.9528924112501,0,0,20.43000030517578,HIGH
2026-04-21,2026-04-13 10:00:00+05:30,2026-04-13 15:15:00+05:30,23657.45,65,-1085.5,143.87446814999998,-1229.37446815,-1301.311702225,-1276.57446815,-1372.111702225,0,0,18.850000381469727,NORMAL
2026-04-21,2026-04-15 10:00:00+05:30,2026-04-15 15:15:00+05:30,24221.9,65,789.7499999999982,117.54058992349998,672.2094100764982,613.4391151147481,625.0094100764982,542.6391151147482,0,0,20.5,HIGH
2026-04-21,2026-04-16 10:00:00+05:30,2026-04-16 15:15:00+05:30,24273.4,65,1374.75,107.84577312949999,1266.9042268705,1212.9813403057499,1219.7042268705,1142.18134030575,0,0,18.670000076293945,NORMAL
2026-04-21,2026-04-17 10:00:00+05:30,2026-04-17 15:15:00+05:30,24234.85,65,783.2499999999964,99.6979943085,683.5520056914963,633.7030085372463,636.3520056914964,562.9030085372464,0,0,18.09000015258789,NORMAL
2026-04-21,2026-04-20 10:00:00+05:30,2026-04-20 15:15:00+05:30,24332.5,65,516.7499999999982,89.20010263149999,427.5498973684982,382.94984605274817,380.3498973684982,312.14984605274816,0,0,17.209999084472656,NORMAL
2026-04-28,2026-04-21 10:00:00+05:30,2026-04-21 15:15:00+05:30,24503.5,65,1020.5,125.635113822,894.864886178,832.047329267,847.664886178,761.2473292669999,0,0,18.790000915527344,NORMAL
2026-04-28,2026-04-22 10:00:00+05:30,2026-04-22 15:15:00+05:30,24363.4,65,1969.4999999999982,119.49800909499999,1850.0019909049981,1790.2529863574982,1802.801990904998,1719.4529863574983,0,0,17.530000686645508,NORMAL
2026-04-28,2026-04-23 10:00:00+05:30,2026-04-23 15:15:00+05:30,24278.2,65,968.4999999999964,110.06296668599998,858.4370333139964,803.4055499709964,811.2370333139963,732.6055499709964,0,0,18.299999237060547,NORMAL
2026-04-28,2026-04-24 10:00:00+05:30,2026-04-24 15:15:00+05:30,23976.45,65,334.7499999999982,101.8186388865,232.93136111349818,182.02204167024817,185.7313611134982,111.22204167024819,0,0,18.59000015258789,NORMAL
2026-04-28,2026-04-27 10:00:00+05:30,2026-04-27 15:15:00+05:30,24099.9,65,2057.25,80.0688825595,1977.1811174405,1937.14667616075,1929.9811174405,1866.3466761607501,0,0,19.709999084472656,NORMAL
2026-05-05,2026-04-28 10:00:00+05:30,2026-04-28 15:15:00+05:30,24158.6,65,331.5,116.745309574,214.754690426,156.382035639,167.55469042600004,85.582035639,0,0,18.3799991607666,NORMAL
2026-05-05,2026-04-29 10:00:00+05:30,2026-04-29 15:15:00+05:30,24187.3,65,-100.75000000000182,104.9736461575,-205.72364615750183,-258.2104692362518,-252.92364615750185,-329.01046923625177,0,0,18.049999237060547,NORMAL
2026-05-05,2026-04-30 10:00:00+05:30,2026-04-30 15:15:00+05:30,23862.85,65,-1313.0000000000073,106.11299449099998,-1419.1129944910072,-1472.1694917365073,-1466.3129944910072,-1542.9694917365073,0,0,17.440000534057617,NORMAL
2026-05-05,2026-05-04 10:00:00+05:30,2026-05-04 15:15:00+05:30,24255.4,65,500.4999999999982,83.343672903,417.1563270969982,375.48449064549817,369.95632709699817,304.6844906454982,0,0,18.459999084472656,NORMAL
2026-05-12,2026-05-05 10:00:00+05:30,2026-05-05 15:15:00+05:30,24036.25,65,3119.9999999999964,117.962682406,3002.0373175939962,2943.0559763909964,2954.8373175939964,2872.2559763909962,0,0,18.299999237060547,NORMAL
2026-05-12,2026-05-06 10:00:00+05:30,2026-05-06 15:15:00+05:30,24129.25,65,-3256.5,109.94725623400001,-3366.447256234,-3421.420884351,-3413.647256234,-3492.220884351,0,0,17.90999984741211,NORMAL
2026-05-12,2026-05-07 10:00:00+05:30,2026-05-07 15:15:00+05:30,24356.65,65,1254.4999999999982,101.88208211700001,1152.6179178829982,1101.676876824498,1105.4179178829982,1030.8768768244981,0,0,16.68000030517578,NORMAL
2026-05-12,2026-05-08 10:00:00+05:30,2026-05-08 15:15:00+05:30,24199.45,65,2492.75,97.0555843825,2395.6944156175,2347.16662342625,2348.4944156175,2276.36662342625,0,0,16.6200008392334,NORMAL
2026-05-12,2026-05-11 10:00:00+05:30,2026-05-11 15:15:00+05:30,23880.5,65,3159.0,83.80283812900001,3075.197161871,3033.2957428065,3027.997161871,2962.4957428065,0,0,16.84000015258789,NORMAL
2026-05-19,2026-05-12 10:00:00+05:30,2026-05-12 15:15:00+05:30,23622.15,65,-195.0,121.59795035399999,-316.597950354,-377.39692553099997,-363.797950354,-448.19692553100003,0,0,18.549999237060547,NORMAL
2026-05-19,2026-05-13 10:00:00+05:30,2026-05-13 15:15:00+05:30,23362.45,65,1920.7499999999964,121.23825433549997,1799.5117456644964,1738.8926184967463,1752.3117456644964,1668.0926184967464,0,0,19.280000686645508,NORMAL
2026-05-19,2026-05-14 10:00:00+05:30,2026-05-14 15:15:00+05:30,23455.45,65,-851.5,109.29546043999999,-960.7954604399999,-1015.44319066,-1007.99546044,-1086.24319066,0,0,19.43000030517578,NORMAL
2026-05-19,2026-05-15 10:00:00+05:30,2026-05-15 15:15:00+05:30,23805.15,65,-152.75,100.4894559405,-253.2394559405,-303.48418391074995,-300.4394559405,-374.28418391075,0,0,18.61000061035156,NORMAL
2026-05-19,2026-05-18 10:00:00+05:30,2026-05-18 13:02:00+05:30,23343.75,65,-7462.0,90.205015053,-7552.205015053,-7597.3075225795,-7599.405015053,-7668.1075225795,0,0,18.790000915527344,NORMAL
2026-05-26,2026-05-19 10:00:00+05:30,2026-05-19 15:15:00+05:30,23690.7,65,2512.25,120.20899584549998,2392.0410041545,2331.93650623175,2344.8410041545,2261.13650623175,0,0,19.6299991607666,NORMAL
2026-05-26,2026-05-20 10:00:00+05:30,2026-05-20 15:15:00+05:30,23530.6,65,2118.999999999998,115.92474815700001,2003.0752518429981,1945.112877764498,1955.8752518429983,1874.3128777644981,0,0,18.68000030517578,NORMAL
2026-05-26,2026-05-21 10:00:00+05:30,2026-05-21 15:15:00+05:30,23775.25,65,-1225.25,101.82013171549998,-1327.0701317154999,-1377.98019757325,-1374.2701317155,-1448.78019757325,0,0,18.440000534057617,NORMAL
