expiry,signal,net,gross,cost,trades,candidate_id,period
2024-01-18 00:00:00+05:30,-1,-2673.127055500003,-2265.000000000004,408.1270555,4,3,validation
2024-01-25 00:00:00+05:30,-1,57.22456260000445,330.0000000000041,272.77543740000004,3,3,validation
2024-02-08 00:00:00+05:30,1,2664.0624647000036,2745.0000000000036,80.93753530000001,1,3,validation
2024-02-15 00:00:00+05:30,1,4251.488973700001,4395.000000000001,143.5110263,2,3,validation
2024-02-22 00:00:00+05:30,1,24.957074700000703,285.0000000000009,260.0429253,3,3,validation
2024-02-29 00:00:00+05:30,-1,5635.763691700002,5775.000000000002,139.2363083,2,3,validation
2024-03-07 00:00:00+05:30,-1,-1405.8777434000062,-1170.0000000000064,235.87774339999999,2,3,validation
2024-03-21 00:00:00+05:30,-1,326.27392090000694,495.0000000000073,168.7260791,2,3,validation
2024-03-28 00:00:00+05:30,1,4350.6122515000025,4485.000000000002,134.38774850000001,2,3,validation
2024-04-10 00:00:00+05:30,1,4764.947661100003,4905.000000000003,140.0523389,2,3,validation
2024-04-18 00:00:00+05:30,1,-4393.768676400008,-4080.000000000009,313.7686764,3,3,validation
2024-04-25 00:00:00+05:30,1,6885.587923800001,7110.000000000002,224.4120762,3,3,validation
2024-05-02 00:00:00+05:30,1,1041.0746745500003,1102.5000000000002,61.425325449999995,1,3,validation
2024-05-09 00:00:00+05:30,1,1303.6706719500003,1522.5000000000005,218.82932805,3,3,validation
2024-05-16 00:00:00+05:30,-1,-798.5401035499975,-652.4999999999975,146.04010355000003,2,3,validation
2024-05-23 00:00:00+05:30,1,2227.700610250001,2347.500000000001,119.79938974999999,2,3,validation
2024-05-30 00:00:00+05:30,-1,3265.8046372000003,3390.0,124.19536280000001,2,3,validation
2024-06-06 00:00:00+05:30,1,12177.242484150001,12562.500000000002,385.25751585,3,3,validation
2024-06-13 00:00:00+05:30,1,2593.2129616000047,2730.0000000000045,136.7870384,2,3,validation
2024-06-20 00:00:00+05:30,1,1354.6442826500004,1417.5000000000005,62.85571734999999,1,3,validation
2024-06-27 00:00:00+05:30,1,2275.1952191500004,2392.5000000000005,117.30478085000001,2,3,validation
2024-07-04 00:00:00+05:30,1,2510.7417155500016,2632.500000000001,121.75828445,2,3,validation
2024-07-11 00:00:00+05:30,1,600.1372779000039,795.0000000000036,194.8627221,3,3,validation
2024-07-18 00:00:00+05:30,-1,-1124.0847054500014,-967.5000000000016,156.58470544999997,2,3,validation
2024-07-25 00:00:00+05:30,1,-1360.235041100001,-1155.0000000000007,205.2350411,2,3,validation
2024-08-01 00:00:00+05:30,-1,-463.2671962500028,-247.50000000000273,215.76719624999998,3,3,validation
2024-08-08 00:00:00+05:30,1,-2173.0201599500024,-1972.5000000000027,200.52015995,2,3,validation
2024-08-14 00:00:00+05:30,-1,2985.7538352999995,3104.9999999999995,119.24616469999998,2,3,validation
2024-08-22 00:00:00+05:30,-1,-208.4064095999995,2.2737367544323206e-13,208.40640959999996,3,3,validation
2024-08-29 00:00:00+05:30,1,2194.6834414000004,2310.0,115.31655859999998,2,3,validation
2024-09-05 00:00:00+05:30,1,1296.6878220500007,1357.5000000000007,60.81217795,1,3,validation
2024-09-12 00:00:00+05:30,1,-8282.99553205,-7957.499999999999,325.49553204999995,4,3,validation
2024-09-19 00:00:00+05:30,1,1279.3083099500004,1342.5000000000005,63.191690050000005,1,3,validation
2024-09-26 00:00:00+05:30,1,2192.1423344500017,2317.500000000002,125.35766555000001,2,3,validation
2024-10-03 00:00:00+05:30,1,976.1084436600036,1177.5000000000034,201.39155633999997,3,3,validation
2024-10-10 00:00:00+05:30,-1,2949.993241750001,3075.000000000001,125.00675825,2,3,validation
2024-10-17 00:00:00+05:30,-1,1622.8051128650009,1687.500000000001,64.694887135,1,3,validation
2024-10-24 00:00:00+05:30,-1,-3061.0814956600016,-2745.0000000000014,316.08149566,4,3,validation
2024-10-31 00:00:00+05:30,-1,3263.482889875002,3382.5000000000023,119.017110125,2,3,validation
2024-11-14 00:00:00+05:30,-1,2861.6505153999997,2984.9999999999995,123.34948460000001,2,3,validation
2024-11-28 00:00:00+05:30,-1,-2932.596618840004,-2655.0000000000036,277.59661883999996,3,3,validation
2024-12-05 00:00:00+05:30,-1,-922.4127852649988,-757.4999999999986,164.91278526500002,2,3,validation
2024-12-12 00:00:00+05:30,1,1425.370536470002,1500.000000000002,74.62946353000001,1,3,validation
2024-12-19 00:00:00+05:30,1,-4020.8927647750043,-3907.500000000004,113.392764775,1,3,validation
2024-12-26 00:00:00+05:30,-1,2372.3874627249993,2497.499999999999,125.11253727500001,2,3,validation
2025-01-02 00:00:00+05:30,-1,-128.29711035000082,270.0,398.29711034999997,3,3,validation
2025-01-09 00:00:00+05:30,1,1207.1569447499878,1619.9999999999882,412.84305524999996,3,3,validation
2025-01-16 00:00:00+05:30,-1,4111.828011910006,4320.000000000007,208.17198809,2,3,validation
2025-01-23 00:00:00+05:30,1,4256.0350259900015,4365.000000000002,108.96497401,1,3,validation
2025-01-30 00:00:00+05:30,1,-3314.338096894998,-3112.499999999998,201.838096895,2,3,validation
2025-02-06 00:00:00+05:30,1,7530.621912955007,7762.500000000007,231.878087045,2,3,validation
2025-02-13 00:00:00+05:30,1,-2500.891621359983,-1979.9999999999836,520.8916213600002,4,3,validation
2025-02-20 00:00:00+05:30,1,-601.7663882600036,-270.00000000000364,331.76638826,2,3,validation
2025-02-27 00:00:00+05:30,-1,9314.920860220009,9495.000000000007,180.07913978000005,2,3,validation
2025-03-06 00:00:00+05:30,-1,2032.4229205200068,2340.0000000000073,307.57707948,3,3,validation
2025-03-13 00:00:00+05:30,1,3664.594064975004,3757.500000000004,92.905935025,1,3,validation
2025-03-27 00:00:00+05:30,1,4245.014529915004,4567.500000000004,322.48547008500003,3,3,validation
2025-04-03 00:00:00+05:30,-1,8704.074320875003,8887.500000000002,183.42567912500002,2,3,validation
2025-04-07 00:00:00+05:30,0,0.0,0.0,0.0,0,3,validation
2025-04-21 00:00:00+05:30,0,0.0,0.0,0.0,0,3,validation
2025-04-28 00:00:00+05:30,0,0.0,0.0,0.0,0,3,validation
2025-05-05 00:00:00+05:30,0,0.0,0.0,0.0,0,3,validation
2025-05-12 00:00:00+05:30,0,0.0,0.0,0.0,0,3,validation
2025-05-19 00:00:00+05:30,0,0.0,0.0,0.0,0,3,validation
2025-05-26 00:00:00+05:30,0,0.0,0.0,0.0,0,3,validation
2025-06-02 00:00:00+05:30,0,0.0,0.0,0.0,0,3,validation
2025-06-09 00:00:00+05:30,0,0.0,0.0,0.0,0,3,validation
2025-06-16 00:00:00+05:30,0,0.0,0.0,0.0,0,3,validation
2025-06-23 00:00:00+05:30,0,0.0,0.0,0.0,0,3,validation
2025-06-30 00:00:00+05:30,0,0.0,0.0,0.0,0,3,validation
2025-07-07 00:00:00+05:30,0,0.0,0.0,0.0,0,3,validation
2025-07-14 00:00:00+05:30,0,0.0,0.0,0.0,0,3,validation
2025-07-21 00:00:00+05:30,0,0.0,0.0,0.0,0,3,validation
2025-07-28 00:00:00+05:30,0,0.0,0.0,0.0,0,3,validation
2025-08-04 00:00:00+05:30,0,0.0,0.0,0.0,0,3,validation
2025-08-11 00:00:00+05:30,0,0.0,0.0,0.0,0,3,validation
2025-08-18 00:00:00+05:30,0,0.0,0.0,0.0,0,3,validation
2025-08-25 00:00:00+05:30,0,0.0,0.0,0.0,0,3,validation
2025-09-09 00:00:00+05:30,1,6569.452559215,6727.5,158.047440785,2,3,validation
2025-09-16 00:00:00+05:30,1,5840.76187405,5985.0,144.23812594999998,2,3,validation
2025-09-23 00:00:00+05:30,1,-4345.941010674998,-4252.499999999998,93.441010675,1,3,validation
2025-09-30 00:00:00+05:30,-1,8873.47382716,9045.0,171.52617284000002,2,3,validation
2025-10-07 00:00:00+05:30,-1,-3867.967278664994,-3622.4999999999936,245.467278665,2,3,validation
2025-10-14 00:00:00+05:30,1,3943.1345881550046,4027.5000000000045,84.36541184499998,1,3,validation
2025-10-21 00:00:00+05:30,0,0.0,0.0,0.0,0,3,validation
2025-11-04 00:00:00+05:30,-1,8751.073033315006,8932.500000000005,181.42696668500002,2,3,validation
2025-11-18 00:00:00+05:30,1,-3207.36500486,-3015.0,192.36500486,2,3,validation
2025-11-25 00:00:00+05:30,-1,-7104.155344094994,-6727.4999999999945,376.655344095,3,3,validation
2025-12-02 00:00:00+05:30,-1,-13166.862729740002,-12870.000000000004,296.86272973999996,2,3,validation
2025-12-09 00:00:00+05:30,-1,5416.680258005003,5512.500000000004,95.81974199500002,1,3,validation
2025-12-16 00:00:00+05:30,-1,4547.498569880002,4635.000000000002,87.50143011999998,1,3,validation
2025-12-23 00:00:00+05:30,-1,-2752.6265391049947,-2542.4999999999945,210.12653910499998,2,3,validation
2025-12-30 00:00:00+05:30,1,175.8482401600054,360.00000000000546,184.15175984,2,3,validation
2026-01-06 00:00:00+05:30,-1,-1712.616286309998,-1520.9999999999982,191.61628631,2,3,holdout
2026-01-13 00:00:00+05:30,1,-4308.964936614991,-3919.4999999999914,389.46493661500006,4,3,holdout
2026-01-20 00:00:00+05:30,1,-6141.446376126996,-6025.499999999996,115.94637612700001,1,3,holdout
2026-01-27 00:00:00+05:30,-1,4273.589859464002,4368.000000000002,94.410140536,1,3,holdout
2026-02-03 00:00:00+05:30,-1,-11244.43848112696,-10627.49999999996,616.938481127,2,3,holdout
2026-02-10 00:00:00+05:30,1,3411.956495678,3510.0,98.04350432199999,1,3,holdout
2026-02-17 00:00:00+05:30,1,-5960.605727096001,-5694.000000000002,266.60572709599995,2,3,holdout
2026-02-24 00:00:00+05:30,-1,4065.195168790999,4153.499999999999,88.30483120900001,1,3,holdout
2026-03-02 00:00:00+05:30,-1,3929.545732700004,4017.000000000004,87.45426730000001,1,3,holdout
2026-03-10 00:00:00+05:30,-1,-1197.7900404410047,-877.5000000000055,320.290040441,2,3,holdout
2026-03-17 00:00:00+05:30,1,-5661.7638112239765,-4835.999999999977,825.7638112239999,4,3,holdout
2026-03-24 00:00:00+05:30,1,-7141.1748637619985,-6590.999999999998,550.174863762,3,3,holdout
2026-03-30 00:00:00+05:30,-1,4656.204723095,4777.5,121.29527690500001,1,3,holdout
2026-04-07 00:00:00+05:30,-1,4060.3175662820036,4212.000000000004,151.68243371800003,1,3,holdout
2026-04-13 00:00:00+05:30,-1,4336.354235411002,4465.500000000002,129.14576458899998,1,3,holdout
2026-04-21 00:00:00+05:30,1,3400.3949484469986,3529.4999999999986,129.105051553,1,3,holdout
2026-04-28 00:00:00+05:30,-1,8206.163106355001,8443.500000000002,237.33689364499998,2,3,holdout
2026-05-05 00:00:00+05:30,-1,3814.1026680410014,3919.5000000000014,105.39733195900001,1,3,holdout
2026-05-12 00:00:00+05:30,-1,8039.184282733002,8248.500000000004,209.31571726700003,2,3,holdout
2026-05-19 00:00:00+05:30,-1,3972.89953007,4095.0,122.10046992999999,1,3,holdout
2024-01-18 00:00:00+05:30,-1,-2673.127055500003,-2265.000000000004,408.1270555,4,199,validation
2024-01-25 00:00:00+05:30,-1,57.22456260000445,330.0000000000041,272.77543740000004,3,199,validation
2024-02-08 00:00:00+05:30,1,2664.0624647000036,2745.0000000000036,80.93753530000001,1,199,validation
2024-02-15 00:00:00+05:30,1,4251.488973700001,4395.000000000001,143.5110263,2,199,validation
2024-02-22 00:00:00+05:30,1,24.957074700000703,285.0000000000009,260.0429253,3,199,validation
2024-02-29 00:00:00+05:30,-1,5635.763691700002,5775.000000000002,139.2363083,2,199,validation
2024-03-07 00:00:00+05:30,-1,-1405.8777434000062,-1170.0000000000064,235.87774339999999,2,199,validation
2024-03-21 00:00:00+05:30,-1,326.27392090000694,495.0000000000073,168.7260791,2,199,validation
2024-03-28 00:00:00+05:30,1,4350.6122515000025,4485.000000000002,134.38774850000001,2,199,validation
2024-04-10 00:00:00+05:30,1,4764.947661100003,4905.000000000003,140.0523389,2,199,validation
2024-04-18 00:00:00+05:30,1,-4393.768676400008,-4080.000000000009,313.7686764,3,199,validation
2024-04-25 00:00:00+05:30,1,6885.587923800001,7110.000000000002,224.4120762,3,199,validation
2024-05-02 00:00:00+05:30,1,1041.0746745500003,1102.5000000000002,61.425325449999995,1,199,validation
2024-05-09 00:00:00+05:30,1,1303.6706719500003,1522.5000000000005,218.82932805,3,199,validation
2024-05-16 00:00:00+05:30,-1,-798.5401035499975,-652.4999999999975,146.04010355000003,2,199,validation
2024-05-23 00:00:00+05:30,1,2227.700610250001,2347.500000000001,119.79938974999999,2,199,validation
2024-05-30 00:00:00+05:30,1,-1933.3995683499968,-1852.4999999999968,80.89956835000001,1,199,validation
2024-06-06 00:00:00+05:30,1,12177.242484150001,12562.500000000002,385.25751585,3,199,validation
2024-06-13 00:00:00+05:30,1,2593.2129616000047,2730.0000000000045,136.7870384,2,199,validation
2024-06-20 00:00:00+05:30,1,1354.6442826500004,1417.5000000000005,62.85571734999999,1,199,validation
2024-06-27 00:00:00+05:30,1,2275.1952191500004,2392.5000000000005,117.30478085000001,2,199,validation
2024-07-04 00:00:00+05:30,1,2510.7417155500016,2632.500000000001,121.75828445,2,199,validation
2024-07-11 00:00:00+05:30,1,600.1372779000039,795.0000000000036,194.8627221,3,199,validation
2024-07-18 00:00:00+05:30,-1,-1124.0847054500014,-967.5000000000016,156.58470544999997,2,199,validation
2024-07-25 00:00:00+05:30,1,-1360.235041100001,-1155.0000000000007,205.2350411,2,199,validation
2024-08-01 00:00:00+05:30,-1,-463.2671962500028,-247.50000000000273,215.76719624999998,3,199,validation
2024-08-08 00:00:00+05:30,1,-2173.0201599500024,-1972.5000000000027,200.52015995,2,199,validation
2024-08-14 00:00:00+05:30,-1,2985.7538352999995,3104.9999999999995,119.24616469999998,2,199,validation
2024-08-22 00:00:00+05:30,-1,-208.4064095999995,2.2737367544323206e-13,208.40640959999996,3,199,validation
2024-08-29 00:00:00+05:30,1,2194.6834414000004,2310.0,115.31655859999998,2,199,validation
2024-09-05 00:00:00+05:30,1,1296.6878220500007,1357.5000000000007,60.81217795,1,199,validation
2024-09-12 00:00:00+05:30,1,-8282.99553205,-7957.499999999999,325.49553204999995,4,199,validation
2024-09-19 00:00:00+05:30,1,1279.3083099500004,1342.5000000000005,63.191690050000005,1,199,validation
2024-09-26 00:00:00+05:30,1,2192.1423344500017,2317.500000000002,125.35766555000001,2,199,validation
2024-10-03 00:00:00+05:30,1,976.1084436600036,1177.5000000000034,201.39155633999997,3,199,validation
2024-10-10 00:00:00+05:30,-1,2949.993241750001,3075.000000000001,125.00675825,2,199,validation
2024-10-17 00:00:00+05:30,-1,1622.8051128650009,1687.500000000001,64.694887135,1,199,validation
2024-10-24 00:00:00+05:30,-1,-3061.0814956600016,-2745.0000000000014,316.08149566,4,199,validation
2024-10-31 00:00:00+05:30,-1,3263.482889875002,3382.5000000000023,119.017110125,2,199,validation
2024-11-14 00:00:00+05:30,-1,2861.6505153999997,2984.9999999999995,123.34948460000001,2,199,validation
2024-11-28 00:00:00+05:30,-1,-2932.596618840004,-2655.0000000000036,277.59661883999996,3,199,validation
2024-12-05 00:00:00+05:30,-1,-922.4127852649988,-757.4999999999986,164.91278526500002,2,199,validation
2024-12-12 00:00:00+05:30,1,1425.370536470002,1500.000000000002,74.62946353000001,1,199,validation
2024-12-19 00:00:00+05:30,1,-4020.8927647750043,-3907.500000000004,113.392764775,1,199,validation
2024-12-26 00:00:00+05:30,-1,2372.3874627249993,2497.499999999999,125.11253727500001,2,199,validation
2025-01-02 00:00:00+05:30,-1,-128.29711035000082,270.0,398.29711034999997,3,199,validation
2025-01-09 00:00:00+05:30,1,1207.1569447499878,1619.9999999999882,412.84305524999996,3,199,validation
2025-01-16 00:00:00+05:30,-1,4111.828011910006,4320.000000000007,208.17198809,2,199,validation
2025-01-23 00:00:00+05:30,1,4256.0350259900015,4365.000000000002,108.96497401,1,199,validation
2025-01-30 00:00:00+05:30,1,-3314.338096894998,-3112.499999999998,201.838096895,2,199,validation
2025-02-06 00:00:00+05:30,1,7530.621912955007,7762.500000000007,231.878087045,2,199,validation
2025-02-13 00:00:00+05:30,1,-2500.891621359983,-1979.9999999999836,520.8916213600002,4,199,validation
2025-02-20 00:00:00+05:30,1,-601.7663882600036,-270.00000000000364,331.76638826,2,199,validation
2025-02-27 00:00:00+05:30,-1,9314.920860220009,9495.000000000007,180.07913978000005,2,199,validation
2025-03-06 00:00:00+05:30,-1,2032.4229205200068,2340.0000000000073,307.57707948,3,199,validation
2025-03-13 00:00:00+05:30,1,3664.594064975004,3757.500000000004,92.905935025,1,199,validation
2025-03-27 00:00:00+05:30,1,4245.014529915004,4567.500000000004,322.48547008500003,3,199,validation
2025-04-03 00:00:00+05:30,-1,8704.074320875003,8887.500000000002,183.42567912500002,2,199,validation
2025-04-07 00:00:00+05:30,0,0.0,0.0,0.0,0,199,validation
2025-04-21 00:00:00+05:30,0,0.0,0.0,0.0,0,199,validation
2025-04-28 00:00:00+05:30,0,0.0,0.0,0.0,0,199,validation
2025-05-05 00:00:00+05:30,0,0.0,0.0,0.0,0,199,validation
2025-05-12 00:00:00+05:30,0,0.0,0.0,0.0,0,199,validation
2025-05-19 00:00:00+05:30,0,0.0,0.0,0.0,0,199,validation
2025-05-26 00:00:00+05:30,0,0.0,0.0,0.0,0,199,validation
2025-06-02 00:00:00+05:30,0,0.0,0.0,0.0,0,199,validation
2025-06-09 00:00:00+05:30,0,0.0,0.0,0.0,0,199,validation
2025-06-16 00:00:00+05:30,0,0.0,0.0,0.0,0,199,validation
2025-06-23 00:00:00+05:30,0,0.0,0.0,0.0,0,199,validation
2025-06-30 00:00:00+05:30,0,0.0,0.0,0.0,0,199,validation
2025-07-07 00:00:00+05:30,0,0.0,0.0,0.0,0,199,validation
2025-07-14 00:00:00+05:30,0,0.0,0.0,0.0,0,199,validation
2025-07-21 00:00:00+05:30,0,0.0,0.0,0.0,0,199,validation
2025-07-28 00:00:00+05:30,0,0.0,0.0,0.0,0,199,validation
2025-08-04 00:00:00+05:30,0,0.0,0.0,0.0,0,199,validation
2025-08-11 00:00:00+05:30,0,0.0,0.0,0.0,0,199,validation
2025-08-18 00:00:00+05:30,0,0.0,0.0,0.0,0,199,validation
2025-08-25 00:00:00+05:30,0,0.0,0.0,0.0,0,199,validation
2025-09-09 00:00:00+05:30,1,6569.452559215,6727.5,158.047440785,2,199,validation
2025-09-16 00:00:00+05:30,1,5840.76187405,5985.0,144.23812594999998,2,199,validation
2025-09-23 00:00:00+05:30,1,-4345.941010674998,-4252.499999999998,93.441010675,1,199,validation
2025-09-30 00:00:00+05:30,-1,8873.47382716,9045.0,171.52617284000002,2,199,validation
2025-10-07 00:00:00+05:30,-1,-3867.967278664994,-3622.4999999999936,245.467278665,2,199,validation
2025-10-14 00:00:00+05:30,1,3943.1345881550046,4027.5000000000045,84.36541184499998,1,199,validation
2025-10-21 00:00:00+05:30,0,0.0,0.0,0.0,0,199,validation
2025-11-04 00:00:00+05:30,-1,8751.073033315006,8932.500000000005,181.42696668500002,2,199,validation
2025-11-18 00:00:00+05:30,1,-3207.36500486,-3015.0,192.36500486,2,199,validation
2025-11-25 00:00:00+05:30,-1,-7104.155344094994,-6727.4999999999945,376.655344095,3,199,validation
2025-12-02 00:00:00+05:30,-1,-13166.862729740002,-12870.000000000004,296.86272973999996,2,199,validation
2025-12-09 00:00:00+05:30,-1,5416.680258005003,5512.500000000004,95.81974199500002,1,199,validation
2025-12-16 00:00:00+05:30,-1,4547.498569880002,4635.000000000002,87.50143011999998,1,199,validation
2025-12-23 00:00:00+05:30,-1,-2752.6265391049947,-2542.4999999999945,210.12653910499998,2,199,validation
2025-12-30 00:00:00+05:30,1,175.8482401600054,360.00000000000546,184.15175984,2,199,validation
2026-01-06 00:00:00+05:30,-1,-1712.616286309998,-1520.9999999999982,191.61628631,2,199,holdout
2026-01-13 00:00:00+05:30,1,-4308.964936614991,-3919.4999999999914,389.46493661500006,4,199,holdout
2026-01-20 00:00:00+05:30,1,-6141.446376126996,-6025.499999999996,115.94637612700001,1,199,holdout
2026-01-27 00:00:00+05:30,-1,4273.589859464002,4368.000000000002,94.410140536,1,199,holdout
2026-02-03 00:00:00+05:30,-1,-11244.43848112696,-10627.49999999996,616.938481127,2,199,holdout
2026-02-10 00:00:00+05:30,1,3411.956495678,3510.0,98.04350432199999,1,199,holdout
2026-02-17 00:00:00+05:30,1,-5960.605727096001,-5694.000000000002,266.60572709599995,2,199,holdout
2026-02-24 00:00:00+05:30,-1,4065.195168790999,4153.499999999999,88.30483120900001,1,199,holdout
2026-03-02 00:00:00+05:30,-1,3929.545732700004,4017.000000000004,87.45426730000001,1,199,holdout
2026-03-10 00:00:00+05:30,-1,-1197.7900404410047,-877.5000000000055,320.290040441,2,199,holdout
2026-03-17 00:00:00+05:30,1,-5661.7638112239765,-4835.999999999977,825.7638112239999,4,199,holdout
2026-03-24 00:00:00+05:30,1,-7141.1748637619985,-6590.999999999998,550.174863762,3,199,holdout
2026-03-30 00:00:00+05:30,-1,4656.204723095,4777.5,121.29527690500001,1,199,holdout
2026-04-07 00:00:00+05:30,-1,4060.3175662820036,4212.000000000004,151.68243371800003,1,199,holdout
2026-04-13 00:00:00+05:30,1,3680.590312298004,3822.000000000004,141.40968770199996,1,199,holdout
2026-04-21 00:00:00+05:30,1,3400.3949484469986,3529.4999999999986,129.105051553,1,199,holdout
2026-04-28 00:00:00+05:30,-1,8206.163106355001,8443.500000000002,237.33689364499998,2,199,holdout
2026-05-05 00:00:00+05:30,-1,3814.1026680410014,3919.5000000000014,105.39733195900001,1,199,holdout
2026-05-12 00:00:00+05:30,-1,8039.184282733002,8248.500000000004,209.31571726700003,2,199,holdout
2026-05-19 00:00:00+05:30,-1,3972.89953007,4095.0,122.10046992999999,1,199,holdout
2024-01-18 00:00:00+05:30,-1,-2673.127055500003,-2265.000000000004,408.1270555,4,426,validation
2024-01-25 00:00:00+05:30,1,-1304.5220732000007,-1080.000000000001,224.5220732,2,426,validation
2024-02-08 00:00:00+05:30,-1,3201.393818300001,3285.000000000001,83.60618170000001,1,426,validation
2024-02-15 00:00:00+05:30,1,4251.488973700001,4395.000000000001,143.5110263,2,426,validation
2024-02-22 00:00:00+05:30,1,24.957074700000703,285.0000000000009,260.0429253,3,426,validation
2024-02-29 00:00:00+05:30,-1,5635.763691700002,5775.000000000002,139.2363083,2,426,validation
2024-03-07 00:00:00+05:30,1,4908.150738100004,5055.000000000004,146.8492619,2,426,validation
2024-03-21 00:00:00+05:30,-1,326.27392090000694,495.0000000000073,168.7260791,2,426,validation
2024-03-28 00:00:00+05:30,-1,-3022.909101099997,-2924.999999999997,97.9091011,1,426,validation
2024-04-10 00:00:00+05:30,1,4764.947661100003,4905.000000000003,140.0523389,2,426,validation
2024-04-18 00:00:00+05:30,1,-4393.768676400008,-4080.000000000009,313.7686764,3,426,validation
2024-04-25 00:00:00+05:30,1,6885.587923800001,7110.000000000002,224.4120762,3,426,validation
2024-05-02 00:00:00+05:30,1,1041.0746745500003,1102.5000000000002,61.425325449999995,1,426,validation
2024-05-09 00:00:00+05:30,1,1303.6706719500003,1522.5000000000005,218.82932805,3,426,validation
2024-05-16 00:00:00+05:30,-1,-798.5401035499975,-652.4999999999975,146.04010355000003,2,426,validation
2024-05-23 00:00:00+05:30,1,2227.700610250001,2347.500000000001,119.79938974999999,2,426,validation
2024-05-30 00:00:00+05:30,1,-1933.3995683499968,-1852.4999999999968,80.89956835000001,1,426,validation
2024-06-06 00:00:00+05:30,-1,-3315.530125300004,-3225.000000000004,90.5301253,1,426,validation
2024-06-13 00:00:00+05:30,1,2593.2129616000047,2730.0000000000045,136.7870384,2,426,validation
2024-06-20 00:00:00+05:30,-1,-6680.426421899998,-6464.999999999998,215.4264219,3,426,validation
2024-06-27 00:00:00+05:30,1,2275.1952191500004,2392.5000000000005,117.30478085000001,2,426,validation
2024-07-04 00:00:00+05:30,1,2510.7417155500016,2632.500000000001,121.75828445,2,426,validation
2024-07-11 00:00:00+05:30,1,600.1372779000039,795.0000000000036,194.8627221,3,426,validation
2024-07-18 00:00:00+05:30,-1,-1124.0847054500014,-967.5000000000016,156.58470544999997,2,426,validation
2024-07-25 00:00:00+05:30,1,-1360.235041100001,-1155.0000000000007,205.2350411,2,426,validation
2024-08-01 00:00:00+05:30,-1,-463.2671962500028,-247.50000000000273,215.76719624999998,3,426,validation
2024-08-08 00:00:00+05:30,1,-2173.0201599500024,-1972.5000000000027,200.52015995,2,426,validation
2024-08-14 00:00:00+05:30,-1,2985.7538352999995,3104.9999999999995,119.24616469999998,2,426,validation
2024-08-22 00:00:00+05:30,1,2258.87678245,2377.5,118.62321754999999,2,426,validation
2024-08-29 00:00:00+05:30,1,2194.6834414000004,2310.0,115.31655859999998,2,426,validation
2024-09-05 00:00:00+05:30,1,1296.6878220500007,1357.5000000000007,60.81217795,1,426,validation
2024-09-12 00:00:00+05:30,1,-8282.99553205,-7957.499999999999,325.49553204999995,4,426,validation
2024-09-19 00:00:00+05:30,1,1279.3083099500004,1342.5000000000005,63.191690050000005,1,426,validation
2024-09-26 00:00:00+05:30,1,2192.1423344500017,2317.500000000002,125.35766555000001,2,426,validation
2024-10-03 00:00:00+05:30,1,976.1084436600036,1177.5000000000034,201.39155633999997,3,426,validation
2024-10-10 00:00:00+05:30,-1,2949.993241750001,3075.000000000001,125.00675825,2,426,validation
2024-10-17 00:00:00+05:30,-1,1622.8051128650009,1687.500000000001,64.694887135,1,426,validation
2024-10-24 00:00:00+05:30,-1,-3061.0814956600016,-2745.0000000000014,316.08149566,4,426,validation
2024-10-31 00:00:00+05:30,-1,3263.482889875002,3382.5000000000023,119.017110125,2,426,validation
2024-11-14 00:00:00+05:30,-1,2861.6505153999997,2984.9999999999995,123.34948460000001,2,426,validation
2024-11-28 00:00:00+05:30,-1,-2932.596618840004,-2655.0000000000036,277.59661883999996,3,426,validation
2024-12-05 00:00:00+05:30,-1,-922.4127852649988,-757.4999999999986,164.91278526500002,2,426,validation
2024-12-12 00:00:00+05:30,1,1425.370536470002,1500.000000000002,74.62946353000001,1,426,validation
2024-12-19 00:00:00+05:30,1,-4020.8927647750043,-3907.500000000004,113.392764775,1,426,validation
2024-12-26 00:00:00+05:30,-1,2372.3874627249993,2497.499999999999,125.11253727500001,2,426,validation
2025-01-02 00:00:00+05:30,-1,-128.29711035000082,270.0,398.29711034999997,3,426,validation
2025-01-09 00:00:00+05:30,-1,5970.716637725011,6367.50000000001,396.783362275,4,426,validation
2025-01-16 00:00:00+05:30,-1,4111.828011910006,4320.000000000007,208.17198809,2,426,validation
2025-01-23 00:00:00+05:30,1,4256.0350259900015,4365.000000000002,108.96497401,1,426,validation
2025-01-30 00:00:00+05:30,1,-3314.338096894998,-3112.499999999998,201.838096895,2,426,validation
2025-02-06 00:00:00+05:30,-1,5883.605259890009,6030.000000000009,146.39474011000001,1,426,validation
2025-02-13 00:00:00+05:30,1,-2500.891621359983,-1979.9999999999836,520.8916213600002,4,426,validation
2025-02-20 00:00:00+05:30,1,-601.7663882600036,-270.00000000000364,331.76638826,2,426,validation
2025-02-27 00:00:00+05:30,-1,9314.920860220009,9495.000000000007,180.07913978000005,2,426,validation
2025-03-06 00:00:00+05:30,-1,2032.4229205200068,2340.0000000000073,307.57707948,3,426,validation
2025-03-13 00:00:00+05:30,1,3664.594064975004,3757.500000000004,92.905935025,1,426,validation
2025-03-27 00:00:00+05:30,1,4245.014529915004,4567.500000000004,322.48547008500003,3,426,validation
2025-04-03 00:00:00+05:30,-1,8704.074320875003,8887.500000000002,183.42567912500002,2,426,validation
2025-04-07 00:00:00+05:30,1,0.0,0.0,0.0,0,426,validation
2025-04-21 00:00:00+05:30,1,0.0,0.0,0.0,0,426,validation
2025-04-28 00:00:00+05:30,0,0.0,0.0,0.0,0,426,validation
2025-05-05 00:00:00+05:30,0,0.0,0.0,0.0,0,426,validation
2025-05-12 00:00:00+05:30,0,0.0,0.0,0.0,0,426,validation
2025-05-19 00:00:00+05:30,1,0.0,0.0,0.0,0,426,validation
2025-05-26 00:00:00+05:30,0,0.0,0.0,0.0,0,426,validation
2025-06-02 00:00:00+05:30,0,0.0,0.0,0.0,0,426,validation
2025-06-09 00:00:00+05:30,0,0.0,0.0,0.0,0,426,validation
2025-06-16 00:00:00+05:30,0,0.0,0.0,0.0,0,426,validation
2025-06-23 00:00:00+05:30,0,0.0,0.0,0.0,0,426,validation
2025-06-30 00:00:00+05:30,0,0.0,0.0,0.0,0,426,validation
2025-07-07 00:00:00+05:30,0,0.0,0.0,0.0,0,426,validation
2025-07-14 00:00:00+05:30,0,0.0,0.0,0.0,0,426,validation
2025-07-21 00:00:00+05:30,0,0.0,0.0,0.0,0,426,validation
2025-07-28 00:00:00+05:30,0,0.0,0.0,0.0,0,426,validation
2025-08-04 00:00:00+05:30,0,0.0,0.0,0.0,0,426,validation
2025-08-11 00:00:00+05:30,0,0.0,0.0,0.0,0,426,validation
2025-08-18 00:00:00+05:30,0,0.0,0.0,0.0,0,426,validation
2025-08-25 00:00:00+05:30,0,0.0,0.0,0.0,0,426,validation
2025-09-09 00:00:00+05:30,1,6569.452559215,6727.5,158.047440785,2,426,validation
2025-09-16 00:00:00+05:30,1,5840.76187405,5985.0,144.23812594999998,2,426,validation
2025-09-23 00:00:00+05:30,1,-4345.941010674998,-4252.499999999998,93.441010675,1,426,validation
2025-09-30 00:00:00+05:30,-1,8873.47382716,9045.0,171.52617284000002,2,426,validation
2025-10-07 00:00:00+05:30,-1,-3867.967278664994,-3622.4999999999936,245.467278665,2,426,validation
2025-10-14 00:00:00+05:30,1,3943.1345881550046,4027.5000000000045,84.36541184499998,1,426,validation
2025-10-21 00:00:00+05:30,0,0.0,0.0,0.0,0,426,validation
2025-11-04 00:00:00+05:30,-1,8751.073033315006,8932.500000000005,181.42696668500002,2,426,validation
2025-11-18 00:00:00+05:30,1,-3207.36500486,-3015.0,192.36500486,2,426,validation
2025-11-25 00:00:00+05:30,-1,-7104.155344094994,-6727.4999999999945,376.655344095,3,426,validation
2025-12-02 00:00:00+05:30,1,2910.044392215002,3172.500000000002,262.455607785,3,426,validation
2025-12-09 00:00:00+05:30,-1,5416.680258005003,5512.500000000004,95.81974199500002,1,426,validation
2025-12-16 00:00:00+05:30,-1,4547.498569880002,4635.000000000002,87.50143011999998,1,426,validation
2025-12-23 00:00:00+05:30,-1,-2752.6265391049947,-2542.4999999999945,210.12653910499998,2,426,validation
2025-12-30 00:00:00+05:30,1,175.8482401600054,360.00000000000546,184.15175984,2,426,validation
2026-01-06 00:00:00+05:30,-1,-1712.616286309998,-1520.9999999999982,191.61628631,2,426,holdout
2026-01-13 00:00:00+05:30,1,-4308.964936614991,-3919.4999999999914,389.46493661500006,4,426,holdout
2026-01-20 00:00:00+05:30,1,-6141.446376126996,-6025.499999999996,115.94637612700001,1,426,holdout
2026-01-27 00:00:00+05:30,-1,4273.589859464002,4368.000000000002,94.410140536,1,426,holdout
2026-02-03 00:00:00+05:30,-1,-11244.43848112696,-10627.49999999996,616.938481127,2,426,holdout
2026-02-10 00:00:00+05:30,-1,3783.5719115510014,3880.5000000000014,96.92808844899999,1,426,holdout
2026-02-17 00:00:00+05:30,-1,598.1746839990024,877.5000000000027,279.32531600100003,3,426,holdout
2026-02-24 00:00:00+05:30,1,-17067.91743718498,-16633.49999999998,434.417437185,3,426,holdout
2026-03-02 00:00:00+05:30,-1,3929.545732700004,4017.000000000004,87.45426730000001,1,426,holdout
2026-03-10 00:00:00+05:30,-1,-1197.7900404410047,-877.5000000000055,320.290040441,2,426,holdout
2026-03-17 00:00:00+05:30,-1,8511.354467596007,8736.000000000007,224.645532404,2,426,holdout
2026-03-24 00:00:00+05:30,1,-7141.1748637619985,-6590.999999999998,550.174863762,3,426,holdout
2026-03-30 00:00:00+05:30,1,-9638.114750404005,-9360.000000000005,278.114750404,1,426,holdout
2026-04-07 00:00:00+05:30,-1,4060.3175662820036,4212.000000000004,151.68243371800003,1,426,holdout
2026-04-13 00:00:00+05:30,-1,4336.354235411002,4465.500000000002,129.14576458899998,1,426,holdout
2026-04-21 00:00:00+05:30,-1,4621.959823913002,4738.500000000002,116.54017608699999,1,426,holdout
2026-04-28 00:00:00+05:30,-1,8206.163106355001,8443.500000000002,237.33689364499998,2,426,holdout
2026-05-05 00:00:00+05:30,-1,3814.1026680410014,3919.5000000000014,105.39733195900001,1,426,holdout
2026-05-12 00:00:00+05:30,-1,8039.184282733002,8248.500000000004,209.31571726700003,2,426,holdout
2026-05-19 00:00:00+05:30,-1,3972.89953007,4095.0,122.10046992999999,1,426,holdout
2024-01-18 00:00:00+05:30,-1,-2673.127055500003,-2265.000000000004,408.1270555,4,566,validation
2024-01-25 00:00:00+05:30,1,-1304.5220732000007,-1080.000000000001,224.5220732,2,566,validation
2024-02-08 00:00:00+05:30,-1,3201.393818300001,3285.000000000001,83.60618170000001,1,566,validation
2024-02-15 00:00:00+05:30,1,4251.488973700001,4395.000000000001,143.5110263,2,566,validation
2024-02-22 00:00:00+05:30,1,24.957074700000703,285.0000000000009,260.0429253,3,566,validation
2024-02-29 00:00:00+05:30,-1,5635.763691700002,5775.000000000002,139.2363083,2,566,validation
2024-03-07 00:00:00+05:30,1,4908.150738100004,5055.000000000004,146.8492619,2,566,validation
2024-03-21 00:00:00+05:30,-1,326.27392090000694,495.0000000000073,168.7260791,2,566,validation
2024-03-28 00:00:00+05:30,-1,-3022.909101099997,-2924.999999999997,97.9091011,1,566,validation
2024-04-10 00:00:00+05:30,1,4764.947661100003,4905.000000000003,140.0523389,2,566,validation
2024-04-18 00:00:00+05:30,1,-4393.768676400008,-4080.000000000009,313.7686764,3,566,validation
2024-04-25 00:00:00+05:30,1,6885.587923800001,7110.000000000002,224.4120762,3,566,validation
2024-05-02 00:00:00+05:30,1,1041.0746745500003,1102.5000000000002,61.425325449999995,1,566,validation
2024-05-09 00:00:00+05:30,1,1303.6706719500003,1522.5000000000005,218.82932805,3,566,validation
2024-05-16 00:00:00+05:30,-1,-798.5401035499975,-652.4999999999975,146.04010355000003,2,566,validation
2024-05-23 00:00:00+05:30,1,2227.700610250001,2347.500000000001,119.79938974999999,2,566,validation
2024-05-30 00:00:00+05:30,1,-1933.3995683499968,-1852.4999999999968,80.89956835000001,1,566,validation
2024-06-06 00:00:00+05:30,-1,-3315.530125300004,-3225.000000000004,90.5301253,1,566,validation
2024-06-13 00:00:00+05:30,1,2593.2129616000047,2730.0000000000045,136.7870384,2,566,validation
2024-06-20 00:00:00+05:30,-1,-6680.426421899998,-6464.999999999998,215.4264219,3,566,validation
2024-06-27 00:00:00+05:30,1,2275.1952191500004,2392.5000000000005,117.30478085000001,2,566,validation
2024-07-04 00:00:00+05:30,1,2510.7417155500016,2632.500000000001,121.75828445,2,566,validation
2024-07-11 00:00:00+05:30,1,600.1372779000039,795.0000000000036,194.8627221,3,566,validation
2024-07-18 00:00:00+05:30,-1,-1124.0847054500014,-967.5000000000016,156.58470544999997,2,566,validation
2024-07-25 00:00:00+05:30,1,-1360.235041100001,-1155.0000000000007,205.2350411,2,566,validation
2024-08-01 00:00:00+05:30,-1,-463.2671962500028,-247.50000000000273,215.76719624999998,3,566,validation
2024-08-08 00:00:00+05:30,1,-2173.0201599500024,-1972.5000000000027,200.52015995,2,566,validation
2024-08-14 00:00:00+05:30,-1,2985.7538352999995,3104.9999999999995,119.24616469999998,2,566,validation
2024-08-22 00:00:00+05:30,1,2258.87678245,2377.5,118.62321754999999,2,566,validation
2024-08-29 00:00:00+05:30,1,2194.6834414000004,2310.0,115.31655859999998,2,566,validation
2024-09-05 00:00:00+05:30,1,1296.6878220500007,1357.5000000000007,60.81217795,1,566,validation
2024-09-12 00:00:00+05:30,1,-8282.99553205,-7957.499999999999,325.49553204999995,4,566,validation
2024-09-19 00:00:00+05:30,1,1279.3083099500004,1342.5000000000005,63.191690050000005,1,566,validation
2024-09-26 00:00:00+05:30,1,2192.1423344500017,2317.500000000002,125.35766555000001,2,566,validation
2024-10-03 00:00:00+05:30,1,976.1084436600036,1177.5000000000034,201.39155633999997,3,566,validation
2024-10-10 00:00:00+05:30,-1,2949.993241750001,3075.000000000001,125.00675825,2,566,validation
2024-10-17 00:00:00+05:30,1,-1114.7365255549998,-982.4999999999998,132.236525555,2,566,validation
2024-10-24 00:00:00+05:30,-1,-3061.0814956600016,-2745.0000000000014,316.08149566,4,566,validation
2024-10-31 00:00:00+05:30,-1,3263.482889875002,3382.5000000000023,119.017110125,2,566,validation
2024-11-14 00:00:00+05:30,-1,2861.6505153999997,2984.9999999999995,123.34948460000001,2,566,validation
2024-11-28 00:00:00+05:30,-1,-2932.596618840004,-2655.0000000000036,277.59661883999996,3,566,validation
2024-12-05 00:00:00+05:30,-1,-922.4127852649988,-757.4999999999986,164.91278526500002,2,566,validation
2024-12-12 00:00:00+05:30,1,1425.370536470002,1500.000000000002,74.62946353000001,1,566,validation
2024-12-19 00:00:00+05:30,1,-4020.8927647750043,-3907.500000000004,113.392764775,1,566,validation
2024-12-26 00:00:00+05:30,-1,2372.3874627249993,2497.499999999999,125.11253727500001,2,566,validation
2025-01-02 00:00:00+05:30,-1,-128.29711035000082,270.0,398.29711034999997,3,566,validation
2025-01-09 00:00:00+05:30,-1,5970.716637725011,6367.50000000001,396.783362275,4,566,validation
2025-01-16 00:00:00+05:30,-1,4111.828011910006,4320.000000000007,208.17198809,2,566,validation
2025-01-23 00:00:00+05:30,1,4256.0350259900015,4365.000000000002,108.96497401,1,566,validation
2025-01-30 00:00:00+05:30,1,-3314.338096894998,-3112.499999999998,201.838096895,2,566,validation
2025-02-06 00:00:00+05:30,-1,5883.605259890009,6030.000000000009,146.39474011000001,1,566,validation
2025-02-13 00:00:00+05:30,1,-2500.891621359983,-1979.9999999999836,520.8916213600002,4,566,validation
2025-02-20 00:00:00+05:30,1,-601.7663882600036,-270.00000000000364,331.76638826,2,566,validation
2025-02-27 00:00:00+05:30,-1,9314.920860220009,9495.000000000007,180.07913978000005,2,566,validation
2025-03-06 00:00:00+05:30,-1,2032.4229205200068,2340.0000000000073,307.57707948,3,566,validation
2025-03-13 00:00:00+05:30,1,3664.594064975004,3757.500000000004,92.905935025,1,566,validation
2025-03-27 00:00:00+05:30,1,4245.014529915004,4567.500000000004,322.48547008500003,3,566,validation
2025-04-03 00:00:00+05:30,-1,8704.074320875003,8887.500000000002,183.42567912500002,2,566,validation
2025-04-07 00:00:00+05:30,1,0.0,0.0,0.0,0,566,validation
2025-04-21 00:00:00+05:30,1,0.0,0.0,0.0,0,566,validation
2025-04-28 00:00:00+05:30,0,0.0,0.0,0.0,0,566,validation
2025-05-05 00:00:00+05:30,0,0.0,0.0,0.0,0,566,validation
2025-05-12 00:00:00+05:30,0,0.0,0.0,0.0,0,566,validation
2025-05-19 00:00:00+05:30,1,0.0,0.0,0.0,0,566,validation
2025-05-26 00:00:00+05:30,0,0.0,0.0,0.0,0,566,validation
2025-06-02 00:00:00+05:30,0,0.0,0.0,0.0,0,566,validation
2025-06-09 00:00:00+05:30,0,0.0,0.0,0.0,0,566,validation
2025-06-16 00:00:00+05:30,0,0.0,0.0,0.0,0,566,validation
2025-06-23 00:00:00+05:30,0,0.0,0.0,0.0,0,566,validation
2025-06-30 00:00:00+05:30,0,0.0,0.0,0.0,0,566,validation
2025-07-07 00:00:00+05:30,0,0.0,0.0,0.0,0,566,validation
2025-07-14 00:00:00+05:30,0,0.0,0.0,0.0,0,566,validation
2025-07-21 00:00:00+05:30,0,0.0,0.0,0.0,0,566,validation
2025-07-28 00:00:00+05:30,0,0.0,0.0,0.0,0,566,validation
2025-08-04 00:00:00+05:30,0,0.0,0.0,0.0,0,566,validation
2025-08-11 00:00:00+05:30,0,0.0,0.0,0.0,0,566,validation
2025-08-18 00:00:00+05:30,0,0.0,0.0,0.0,0,566,validation
2025-08-25 00:00:00+05:30,0,0.0,0.0,0.0,0,566,validation
2025-09-09 00:00:00+05:30,1,6569.452559215,6727.5,158.047440785,2,566,validation
2025-09-16 00:00:00+05:30,1,5840.76187405,5985.0,144.23812594999998,2,566,validation
2025-09-23 00:00:00+05:30,1,-4345.941010674998,-4252.499999999998,93.441010675,1,566,validation
2025-09-30 00:00:00+05:30,-1,8873.47382716,9045.0,171.52617284000002,2,566,validation
2025-10-07 00:00:00+05:30,-1,-3867.967278664994,-3622.4999999999936,245.467278665,2,566,validation
2025-10-14 00:00:00+05:30,1,3943.1345881550046,4027.5000000000045,84.36541184499998,1,566,validation
2025-10-21 00:00:00+05:30,0,0.0,0.0,0.0,0,566,validation
2025-11-04 00:00:00+05:30,-1,8751.073033315006,8932.500000000005,181.42696668500002,2,566,validation
2025-11-18 00:00:00+05:30,1,-3207.36500486,-3015.0,192.36500486,2,566,validation
2025-11-25 00:00:00+05:30,-1,-7104.155344094994,-6727.4999999999945,376.655344095,3,566,validation
2025-12-02 00:00:00+05:30,1,2910.044392215002,3172.500000000002,262.455607785,3,566,validation
2025-12-09 00:00:00+05:30,-1,5416.680258005003,5512.500000000004,95.81974199500002,1,566,validation
2025-12-16 00:00:00+05:30,-1,4547.498569880002,4635.000000000002,87.50143011999998,1,566,validation
2025-12-23 00:00:00+05:30,-1,-2752.6265391049947,-2542.4999999999945,210.12653910499998,2,566,validation
2025-12-30 00:00:00+05:30,1,175.8482401600054,360.00000000000546,184.15175984,2,566,validation
2026-01-06 00:00:00+05:30,-1,-1712.616286309998,-1520.9999999999982,191.61628631,2,566,holdout
2026-01-13 00:00:00+05:30,1,-4308.964936614991,-3919.4999999999914,389.46493661500006,4,566,holdout
2026-01-20 00:00:00+05:30,1,-6141.446376126996,-6025.499999999996,115.94637612700001,1,566,holdout
2026-01-27 00:00:00+05:30,-1,4273.589859464002,4368.000000000002,94.410140536,1,566,holdout
2026-02-03 00:00:00+05:30,-1,-11244.43848112696,-10627.49999999996,616.938481127,2,566,holdout
2026-02-10 00:00:00+05:30,-1,3783.5719115510014,3880.5000000000014,96.92808844899999,1,566,holdout
2026-02-17 00:00:00+05:30,-1,598.1746839990024,877.5000000000027,279.32531600100003,3,566,holdout
2026-02-24 00:00:00+05:30,1,-17067.91743718498,-16633.49999999998,434.417437185,3,566,holdout
2026-03-02 00:00:00+05:30,-1,3929.545732700004,4017.000000000004,87.45426730000001,1,566,holdout
2026-03-10 00:00:00+05:30,-1,-1197.7900404410047,-877.5000000000055,320.290040441,2,566,holdout
2026-03-17 00:00:00+05:30,-1,8511.354467596007,8736.000000000007,224.645532404,2,566,holdout
2026-03-24 00:00:00+05:30,1,-7141.1748637619985,-6590.999999999998,550.174863762,3,566,holdout
2026-03-30 00:00:00+05:30,1,-9638.114750404005,-9360.000000000005,278.114750404,1,566,holdout
2026-04-07 00:00:00+05:30,-1,4060.3175662820036,4212.000000000004,151.68243371800003,1,566,holdout
2026-04-13 00:00:00+05:30,-1,4336.354235411002,4465.500000000002,129.14576458899998,1,566,holdout
2026-04-21 00:00:00+05:30,-1,4621.959823913002,4738.500000000002,116.54017608699999,1,566,holdout
2026-04-28 00:00:00+05:30,-1,8206.163106355001,8443.500000000002,237.33689364499998,2,566,holdout
2026-05-05 00:00:00+05:30,-1,3814.1026680410014,3919.5000000000014,105.39733195900001,1,566,holdout
2026-05-12 00:00:00+05:30,-1,8039.184282733002,8248.500000000004,209.31571726700003,2,566,holdout
2026-05-19 00:00:00+05:30,-1,3972.89953007,4095.0,122.10046992999999,1,566,holdout
2024-01-18 00:00:00+05:30,-1,-2673.127055500003,-2265.000000000004,408.1270555,4,587,validation
2024-01-25 00:00:00+05:30,1,-1304.5220732000007,-1080.000000000001,224.5220732,2,587,validation
2024-02-08 00:00:00+05:30,-1,3201.393818300001,3285.000000000001,83.60618170000001,1,587,validation
2024-02-15 00:00:00+05:30,1,4251.488973700001,4395.000000000001,143.5110263,2,587,validation
2024-02-22 00:00:00+05:30,1,24.957074700000703,285.0000000000009,260.0429253,3,587,validation
2024-02-29 00:00:00+05:30,-1,5635.763691700002,5775.000000000002,139.2363083,2,587,validation
2024-03-07 00:00:00+05:30,1,4908.150738100004,5055.000000000004,146.8492619,2,587,validation
2024-03-21 00:00:00+05:30,-1,326.27392090000694,495.0000000000073,168.7260791,2,587,validation
2024-03-28 00:00:00+05:30,-1,-3022.909101099997,-2924.999999999997,97.9091011,1,587,validation
2024-04-10 00:00:00+05:30,1,4764.947661100003,4905.000000000003,140.0523389,2,587,validation
2024-04-18 00:00:00+05:30,1,-4393.768676400008,-4080.000000000009,313.7686764,3,587,validation
2024-04-25 00:00:00+05:30,1,6885.587923800001,7110.000000000002,224.4120762,3,587,validation
2024-05-02 00:00:00+05:30,1,1041.0746745500003,1102.5000000000002,61.425325449999995,1,587,validation
2024-05-09 00:00:00+05:30,1,1303.6706719500003,1522.5000000000005,218.82932805,3,587,validation
2024-05-16 00:00:00+05:30,-1,-798.5401035499975,-652.4999999999975,146.04010355000003,2,587,validation
2024-05-23 00:00:00+05:30,1,2227.700610250001,2347.500000000001,119.79938974999999,2,587,validation
2024-05-30 00:00:00+05:30,1,-1933.3995683499968,-1852.4999999999968,80.89956835000001,1,587,validation
2024-06-06 00:00:00+05:30,-1,-3315.530125300004,-3225.000000000004,90.5301253,1,587,validation
2024-06-13 00:00:00+05:30,1,2593.2129616000047,2730.0000000000045,136.7870384,2,587,validation
2024-06-20 00:00:00+05:30,-1,-6680.426421899998,-6464.999999999998,215.4264219,3,587,validation
2024-06-27 00:00:00+05:30,1,2275.1952191500004,2392.5000000000005,117.30478085000001,2,587,validation
2024-07-04 00:00:00+05:30,1,2510.7417155500016,2632.500000000001,121.75828445,2,587,validation
2024-07-11 00:00:00+05:30,1,600.1372779000039,795.0000000000036,194.8627221,3,587,validation
2024-07-18 00:00:00+05:30,-1,-1124.0847054500014,-967.5000000000016,156.58470544999997,2,587,validation
2024-07-25 00:00:00+05:30,1,-1360.235041100001,-1155.0000000000007,205.2350411,2,587,validation
2024-08-01 00:00:00+05:30,-1,-463.2671962500028,-247.50000000000273,215.76719624999998,3,587,validation
2024-08-08 00:00:00+05:30,1,-2173.0201599500024,-1972.5000000000027,200.52015995,2,587,validation
2024-08-14 00:00:00+05:30,-1,2985.7538352999995,3104.9999999999995,119.24616469999998,2,587,validation
2024-08-22 00:00:00+05:30,1,2258.87678245,2377.5,118.62321754999999,2,587,validation
2024-08-29 00:00:00+05:30,1,2194.6834414000004,2310.0,115.31655859999998,2,587,validation
2024-09-05 00:00:00+05:30,1,1296.6878220500007,1357.5000000000007,60.81217795,1,587,validation
2024-09-12 00:00:00+05:30,1,-8282.99553205,-7957.499999999999,325.49553204999995,4,587,validation
2024-09-19 00:00:00+05:30,1,1279.3083099500004,1342.5000000000005,63.191690050000005,1,587,validation
2024-09-26 00:00:00+05:30,1,2192.1423344500017,2317.500000000002,125.35766555000001,2,587,validation
2024-10-03 00:00:00+05:30,1,976.1084436600036,1177.5000000000034,201.39155633999997,3,587,validation
2024-10-10 00:00:00+05:30,-1,2949.993241750001,3075.000000000001,125.00675825,2,587,validation
2024-10-17 00:00:00+05:30,1,-1114.7365255549998,-982.4999999999998,132.236525555,2,587,validation
2024-10-24 00:00:00+05:30,-1,-3061.0814956600016,-2745.0000000000014,316.08149566,4,587,validation
2024-10-31 00:00:00+05:30,-1,3263.482889875002,3382.5000000000023,119.017110125,2,587,validation
2024-11-14 00:00:00+05:30,-1,2861.6505153999997,2984.9999999999995,123.34948460000001,2,587,validation
2024-11-28 00:00:00+05:30,-1,-2932.596618840004,-2655.0000000000036,277.59661883999996,3,587,validation
2024-12-05 00:00:00+05:30,-1,-922.4127852649988,-757.4999999999986,164.91278526500002,2,587,validation
2024-12-12 00:00:00+05:30,1,1425.370536470002,1500.000000000002,74.62946353000001,1,587,validation
2024-12-19 00:00:00+05:30,1,-4020.8927647750043,-3907.500000000004,113.392764775,1,587,validation
2024-12-26 00:00:00+05:30,-1,2372.3874627249993,2497.499999999999,125.11253727500001,2,587,validation
2025-01-02 00:00:00+05:30,-1,-128.29711035000082,270.0,398.29711034999997,3,587,validation
2025-01-09 00:00:00+05:30,1,1207.1569447499878,1619.9999999999882,412.84305524999996,3,587,validation
2025-01-16 00:00:00+05:30,-1,4111.828011910006,4320.000000000007,208.17198809,2,587,validation
2025-01-23 00:00:00+05:30,1,4256.0350259900015,4365.000000000002,108.96497401,1,587,validation
2025-01-30 00:00:00+05:30,1,-3314.338096894998,-3112.499999999998,201.838096895,2,587,validation
2025-02-06 00:00:00+05:30,-1,5883.605259890009,6030.000000000009,146.39474011000001,1,587,validation
2025-02-13 00:00:00+05:30,1,-2500.891621359983,-1979.9999999999836,520.8916213600002,4,587,validation
2025-02-20 00:00:00+05:30,1,-601.7663882600036,-270.00000000000364,331.76638826,2,587,validation
2025-02-27 00:00:00+05:30,-1,9314.920860220009,9495.000000000007,180.07913978000005,2,587,validation
2025-03-06 00:00:00+05:30,-1,2032.4229205200068,2340.0000000000073,307.57707948,3,587,validation
2025-03-13 00:00:00+05:30,1,3664.594064975004,3757.500000000004,92.905935025,1,587,validation
2025-03-27 00:00:00+05:30,1,4245.014529915004,4567.500000000004,322.48547008500003,3,587,validation
2025-04-03 00:00:00+05:30,-1,8704.074320875003,8887.500000000002,183.42567912500002,2,587,validation
2025-04-07 00:00:00+05:30,1,0.0,0.0,0.0,0,587,validation
2025-04-21 00:00:00+05:30,1,0.0,0.0,0.0,0,587,validation
2025-04-28 00:00:00+05:30,0,0.0,0.0,0.0,0,587,validation
2025-05-05 00:00:00+05:30,0,0.0,0.0,0.0,0,587,validation
2025-05-12 00:00:00+05:30,0,0.0,0.0,0.0,0,587,validation
2025-05-19 00:00:00+05:30,1,0.0,0.0,0.0,0,587,validation
2025-05-26 00:00:00+05:30,0,0.0,0.0,0.0,0,587,validation
2025-06-02 00:00:00+05:30,0,0.0,0.0,0.0,0,587,validation
2025-06-09 00:00:00+05:30,0,0.0,0.0,0.0,0,587,validation
2025-06-16 00:00:00+05:30,0,0.0,0.0,0.0,0,587,validation
2025-06-23 00:00:00+05:30,0,0.0,0.0,0.0,0,587,validation
2025-06-30 00:00:00+05:30,0,0.0,0.0,0.0,0,587,validation
2025-07-07 00:00:00+05:30,0,0.0,0.0,0.0,0,587,validation
2025-07-14 00:00:00+05:30,0,0.0,0.0,0.0,0,587,validation
2025-07-21 00:00:00+05:30,0,0.0,0.0,0.0,0,587,validation
2025-07-28 00:00:00+05:30,0,0.0,0.0,0.0,0,587,validation
2025-08-04 00:00:00+05:30,0,0.0,0.0,0.0,0,587,validation
2025-08-11 00:00:00+05:30,0,0.0,0.0,0.0,0,587,validation
2025-08-18 00:00:00+05:30,0,0.0,0.0,0.0,0,587,validation
2025-08-25 00:00:00+05:30,0,0.0,0.0,0.0,0,587,validation
2025-09-09 00:00:00+05:30,1,6569.452559215,6727.5,158.047440785,2,587,validation
2025-09-16 00:00:00+05:30,1,5840.76187405,5985.0,144.23812594999998,2,587,validation
2025-09-23 00:00:00+05:30,1,-4345.941010674998,-4252.499999999998,93.441010675,1,587,validation
2025-09-30 00:00:00+05:30,-1,8873.47382716,9045.0,171.52617284000002,2,587,validation
2025-10-07 00:00:00+05:30,-1,-3867.967278664994,-3622.4999999999936,245.467278665,2,587,validation
2025-10-14 00:00:00+05:30,1,3943.1345881550046,4027.5000000000045,84.36541184499998,1,587,validation
2025-10-21 00:00:00+05:30,0,0.0,0.0,0.0,0,587,validation
2025-11-04 00:00:00+05:30,-1,8751.073033315006,8932.500000000005,181.42696668500002,2,587,validation
2025-11-18 00:00:00+05:30,1,-3207.36500486,-3015.0,192.36500486,2,587,validation
2025-11-25 00:00:00+05:30,-1,-7104.155344094994,-6727.4999999999945,376.655344095,3,587,validation
2025-12-02 00:00:00+05:30,1,2910.044392215002,3172.500000000002,262.455607785,3,587,validation
2025-12-09 00:00:00+05:30,-1,5416.680258005003,5512.500000000004,95.81974199500002,1,587,validation
2025-12-16 00:00:00+05:30,-1,4547.498569880002,4635.000000000002,87.50143011999998,1,587,validation
2025-12-23 00:00:00+05:30,-1,-2752.6265391049947,-2542.4999999999945,210.12653910499998,2,587,validation
2025-12-30 00:00:00+05:30,1,175.8482401600054,360.00000000000546,184.15175984,2,587,validation
2026-01-06 00:00:00+05:30,-1,-1712.616286309998,-1520.9999999999982,191.61628631,2,587,holdout
2026-01-13 00:00:00+05:30,1,-4308.964936614991,-3919.4999999999914,389.46493661500006,4,587,holdout
2026-01-20 00:00:00+05:30,1,-6141.446376126996,-6025.499999999996,115.94637612700001,1,587,holdout
2026-01-27 00:00:00+05:30,-1,4273.589859464002,4368.000000000002,94.410140536,1,587,holdout
2026-02-03 00:00:00+05:30,-1,-11244.43848112696,-10627.49999999996,616.938481127,2,587,holdout
2026-02-10 00:00:00+05:30,-1,3783.5719115510014,3880.5000000000014,96.92808844899999,1,587,holdout
2026-02-17 00:00:00+05:30,-1,598.1746839990024,877.5000000000027,279.32531600100003,3,587,holdout
2026-02-24 00:00:00+05:30,1,-17067.91743718498,-16633.49999999998,434.417437185,3,587,holdout
2026-03-02 00:00:00+05:30,-1,3929.545732700004,4017.000000000004,87.45426730000001,1,587,holdout
2026-03-10 00:00:00+05:30,-1,-1197.7900404410047,-877.5000000000055,320.290040441,2,587,holdout
2026-03-17 00:00:00+05:30,-1,8511.354467596007,8736.000000000007,224.645532404,2,587,holdout
2026-03-24 00:00:00+05:30,1,-7141.1748637619985,-6590.999999999998,550.174863762,3,587,holdout
2026-03-30 00:00:00+05:30,1,-9638.114750404005,-9360.000000000005,278.114750404,1,587,holdout
2026-04-07 00:00:00+05:30,-1,4060.3175662820036,4212.000000000004,151.68243371800003,1,587,holdout
2026-04-13 00:00:00+05:30,-1,4336.354235411002,4465.500000000002,129.14576458899998,1,587,holdout
2026-04-21 00:00:00+05:30,-1,4621.959823913002,4738.500000000002,116.54017608699999,1,587,holdout
2026-04-28 00:00:00+05:30,-1,8206.163106355001,8443.500000000002,237.33689364499998,2,587,holdout
2026-05-05 00:00:00+05:30,-1,3814.1026680410014,3919.5000000000014,105.39733195900001,1,587,holdout
2026-05-12 00:00:00+05:30,-1,8039.184282733002,8248.500000000004,209.31571726700003,2,587,holdout
2026-05-19 00:00:00+05:30,-1,3972.89953007,4095.0,122.10046992999999,1,587,holdout
2024-01-18 00:00:00+05:30,-1,-2673.127055500003,-2265.000000000004,408.1270555,4,629,validation
2024-01-25 00:00:00+05:30,1,-1304.5220732000007,-1080.000000000001,224.5220732,2,629,validation
2024-02-08 00:00:00+05:30,-1,3201.393818300001,3285.000000000001,83.60618170000001,1,629,validation
2024-02-15 00:00:00+05:30,1,4251.488973700001,4395.000000000001,143.5110263,2,629,validation
2024-02-22 00:00:00+05:30,1,24.957074700000703,285.0000000000009,260.0429253,3,629,validation
2024-02-29 00:00:00+05:30,1,-2169.153473900001,-1965.0000000000005,204.1534739,2,629,validation
2024-03-07 00:00:00+05:30,1,4908.150738100004,5055.000000000004,146.8492619,2,629,validation
2024-03-21 00:00:00+05:30,-1,326.27392090000694,495.0000000000073,168.7260791,2,629,validation
2024-03-28 00:00:00+05:30,-1,-3022.909101099997,-2924.999999999997,97.9091011,1,629,validation
2024-04-10 00:00:00+05:30,1,4764.947661100003,4905.000000000003,140.0523389,2,629,validation
2024-04-18 00:00:00+05:30,1,-4393.768676400008,-4080.000000000009,313.7686764,3,629,validation
2024-04-25 00:00:00+05:30,1,6885.587923800001,7110.000000000002,224.4120762,3,629,validation
2024-05-02 00:00:00+05:30,1,1041.0746745500003,1102.5000000000002,61.425325449999995,1,629,validation
2024-05-09 00:00:00+05:30,1,1303.6706719500003,1522.5000000000005,218.82932805,3,629,validation
2024-05-16 00:00:00+05:30,-1,-798.5401035499975,-652.4999999999975,146.04010355000003,2,629,validation
2024-05-23 00:00:00+05:30,1,2227.700610250001,2347.500000000001,119.79938974999999,2,629,validation
2024-05-30 00:00:00+05:30,1,-1933.3995683499968,-1852.4999999999968,80.89956835000001,1,629,validation
2024-06-06 00:00:00+05:30,-1,-3315.530125300004,-3225.000000000004,90.5301253,1,629,validation
2024-06-13 00:00:00+05:30,1,2593.2129616000047,2730.0000000000045,136.7870384,2,629,validation
2024-06-20 00:00:00+05:30,-1,-6680.426421899998,-6464.999999999998,215.4264219,3,629,validation
2024-06-27 00:00:00+05:30,1,2275.1952191500004,2392.5000000000005,117.30478085000001,2,629,validation
2024-07-04 00:00:00+05:30,1,2510.7417155500016,2632.500000000001,121.75828445,2,629,validation
2024-07-11 00:00:00+05:30,1,600.1372779000039,795.0000000000036,194.8627221,3,629,validation
2024-07-18 00:00:00+05:30,-1,-1124.0847054500014,-967.5000000000016,156.58470544999997,2,629,validation
2024-07-25 00:00:00+05:30,1,-1360.235041100001,-1155.0000000000007,205.2350411,2,629,validation
2024-08-01 00:00:00+05:30,-1,-463.2671962500028,-247.50000000000273,215.76719624999998,3,629,validation
2024-08-08 00:00:00+05:30,1,-2173.0201599500024,-1972.5000000000027,200.52015995,2,629,validation
2024-08-14 00:00:00+05:30,-1,2985.7538352999995,3104.9999999999995,119.24616469999998,2,629,validation
2024-08-22 00:00:00+05:30,1,2258.87678245,2377.5,118.62321754999999,2,629,validation
2024-08-29 00:00:00+05:30,1,2194.6834414000004,2310.0,115.31655859999998,2,629,validation
2024-09-05 00:00:00+05:30,1,1296.6878220500007,1357.5000000000007,60.81217795,1,629,validation
2024-09-12 00:00:00+05:30,1,-8282.99553205,-7957.499999999999,325.49553204999995,4,629,validation
2024-09-19 00:00:00+05:30,1,1279.3083099500004,1342.5000000000005,63.191690050000005,1,629,validation
2024-09-26 00:00:00+05:30,1,2192.1423344500017,2317.500000000002,125.35766555000001,2,629,validation
2024-10-03 00:00:00+05:30,1,976.1084436600036,1177.5000000000034,201.39155633999997,3,629,validation
2024-10-10 00:00:00+05:30,-1,2949.993241750001,3075.000000000001,125.00675825,2,629,validation
2024-10-17 00:00:00+05:30,-1,1622.8051128650009,1687.500000000001,64.694887135,1,629,validation
2024-10-24 00:00:00+05:30,-1,-3061.0814956600016,-2745.0000000000014,316.08149566,4,629,validation
2024-10-31 00:00:00+05:30,-1,3263.482889875002,3382.5000000000023,119.017110125,2,629,validation
2024-11-14 00:00:00+05:30,-1,2861.6505153999997,2984.9999999999995,123.34948460000001,2,629,validation
2024-11-28 00:00:00+05:30,-1,-2932.596618840004,-2655.0000000000036,277.59661883999996,3,629,validation
2024-12-05 00:00:00+05:30,-1,-922.4127852649988,-757.4999999999986,164.91278526500002,2,629,validation
2024-12-12 00:00:00+05:30,1,1425.370536470002,1500.000000000002,74.62946353000001,1,629,validation
2024-12-19 00:00:00+05:30,1,-4020.8927647750043,-3907.500000000004,113.392764775,1,629,validation
2024-12-26 00:00:00+05:30,-1,2372.3874627249993,2497.499999999999,125.11253727500001,2,629,validation
2025-01-02 00:00:00+05:30,-1,-128.29711035000082,270.0,398.29711034999997,3,629,validation
2025-01-09 00:00:00+05:30,-1,5970.716637725011,6367.50000000001,396.783362275,4,629,validation
2025-01-16 00:00:00+05:30,-1,4111.828011910006,4320.000000000007,208.17198809,2,629,validation
2025-01-23 00:00:00+05:30,1,4256.0350259900015,4365.000000000002,108.96497401,1,629,validation
2025-01-30 00:00:00+05:30,1,-3314.338096894998,-3112.499999999998,201.838096895,2,629,validation
2025-02-06 00:00:00+05:30,-1,5883.605259890009,6030.000000000009,146.39474011000001,1,629,validation
2025-02-13 00:00:00+05:30,1,-2500.891621359983,-1979.9999999999836,520.8916213600002,4,629,validation
2025-02-20 00:00:00+05:30,1,-601.7663882600036,-270.00000000000364,331.76638826,2,629,validation
2025-02-27 00:00:00+05:30,-1,9314.920860220009,9495.000000000007,180.07913978000005,2,629,validation
2025-03-06 00:00:00+05:30,-1,2032.4229205200068,2340.0000000000073,307.57707948,3,629,validation
2025-03-13 00:00:00+05:30,1,3664.594064975004,3757.500000000004,92.905935025,1,629,validation
2025-03-27 00:00:00+05:30,1,4245.014529915004,4567.500000000004,322.48547008500003,3,629,validation
2025-04-03 00:00:00+05:30,-1,8704.074320875003,8887.500000000002,183.42567912500002,2,629,validation
2025-04-07 00:00:00+05:30,1,0.0,0.0,0.0,0,629,validation
2025-04-21 00:00:00+05:30,1,0.0,0.0,0.0,0,629,validation
2025-04-28 00:00:00+05:30,0,0.0,0.0,0.0,0,629,validation
2025-05-05 00:00:00+05:30,0,0.0,0.0,0.0,0,629,validation
2025-05-12 00:00:00+05:30,0,0.0,0.0,0.0,0,629,validation
2025-05-19 00:00:00+05:30,1,0.0,0.0,0.0,0,629,validation
2025-05-26 00:00:00+05:30,0,0.0,0.0,0.0,0,629,validation
2025-06-02 00:00:00+05:30,0,0.0,0.0,0.0,0,629,validation
2025-06-09 00:00:00+05:30,0,0.0,0.0,0.0,0,629,validation
2025-06-16 00:00:00+05:30,0,0.0,0.0,0.0,0,629,validation
2025-06-23 00:00:00+05:30,0,0.0,0.0,0.0,0,629,validation
2025-06-30 00:00:00+05:30,0,0.0,0.0,0.0,0,629,validation
2025-07-07 00:00:00+05:30,0,0.0,0.0,0.0,0,629,validation
2025-07-14 00:00:00+05:30,0,0.0,0.0,0.0,0,629,validation
2025-07-21 00:00:00+05:30,0,0.0,0.0,0.0,0,629,validation
2025-07-28 00:00:00+05:30,0,0.0,0.0,0.0,0,629,validation
2025-08-04 00:00:00+05:30,0,0.0,0.0,0.0,0,629,validation
2025-08-11 00:00:00+05:30,0,0.0,0.0,0.0,0,629,validation
2025-08-18 00:00:00+05:30,0,0.0,0.0,0.0,0,629,validation
2025-08-25 00:00:00+05:30,0,0.0,0.0,0.0,0,629,validation
2025-09-09 00:00:00+05:30,1,6569.452559215,6727.5,158.047440785,2,629,validation
2025-09-16 00:00:00+05:30,1,5840.76187405,5985.0,144.23812594999998,2,629,validation
2025-09-23 00:00:00+05:30,1,-4345.941010674998,-4252.499999999998,93.441010675,1,629,validation
2025-09-30 00:00:00+05:30,-1,8873.47382716,9045.0,171.52617284000002,2,629,validation
2025-10-07 00:00:00+05:30,-1,-3867.967278664994,-3622.4999999999936,245.467278665,2,629,validation
2025-10-14 00:00:00+05:30,1,3943.1345881550046,4027.5000000000045,84.36541184499998,1,629,validation
2025-10-21 00:00:00+05:30,0,0.0,0.0,0.0,0,629,validation
2025-11-04 00:00:00+05:30,-1,8751.073033315006,8932.500000000005,181.42696668500002,2,629,validation
2025-11-18 00:00:00+05:30,1,-3207.36500486,-3015.0,192.36500486,2,629,validation
2025-11-25 00:00:00+05:30,-1,-7104.155344094994,-6727.4999999999945,376.655344095,3,629,validation
2025-12-02 00:00:00+05:30,1,2910.044392215002,3172.500000000002,262.455607785,3,629,validation
2025-12-09 00:00:00+05:30,-1,5416.680258005003,5512.500000000004,95.81974199500002,1,629,validation
2025-12-16 00:00:00+05:30,-1,4547.498569880002,4635.000000000002,87.50143011999998,1,629,validation
2025-12-23 00:00:00+05:30,-1,-2752.6265391049947,-2542.4999999999945,210.12653910499998,2,629,validation
2025-12-30 00:00:00+05:30,1,175.8482401600054,360.00000000000546,184.15175984,2,629,validation
2026-01-06 00:00:00+05:30,-1,-1712.616286309998,-1520.9999999999982,191.61628631,2,629,holdout
2026-01-13 00:00:00+05:30,1,-4308.964936614991,-3919.4999999999914,389.46493661500006,4,629,holdout
2026-01-20 00:00:00+05:30,1,-6141.446376126996,-6025.499999999996,115.94637612700001,1,629,holdout
2026-01-27 00:00:00+05:30,-1,4273.589859464002,4368.000000000002,94.410140536,1,629,holdout
2026-02-03 00:00:00+05:30,-1,-11244.43848112696,-10627.49999999996,616.938481127,2,629,holdout
2026-02-10 00:00:00+05:30,-1,3783.5719115510014,3880.5000000000014,96.92808844899999,1,629,holdout
2026-02-17 00:00:00+05:30,-1,598.1746839990024,877.5000000000027,279.32531600100003,3,629,holdout
2026-02-24 00:00:00+05:30,1,-17067.91743718498,-16633.49999999998,434.417437185,3,629,holdout
2026-03-02 00:00:00+05:30,-1,3929.545732700004,4017.000000000004,87.45426730000001,1,629,holdout
2026-03-10 00:00:00+05:30,-1,-1197.7900404410047,-877.5000000000055,320.290040441,2,629,holdout
2026-03-17 00:00:00+05:30,-1,8511.354467596007,8736.000000000007,224.645532404,2,629,holdout
2026-03-24 00:00:00+05:30,1,-7141.1748637619985,-6590.999999999998,550.174863762,3,629,holdout
2026-03-30 00:00:00+05:30,1,-9638.114750404005,-9360.000000000005,278.114750404,1,629,holdout
2026-04-07 00:00:00+05:30,-1,4060.3175662820036,4212.000000000004,151.68243371800003,1,629,holdout
2026-04-13 00:00:00+05:30,-1,4336.354235411002,4465.500000000002,129.14576458899998,1,629,holdout
2026-04-21 00:00:00+05:30,-1,4621.959823913002,4738.500000000002,116.54017608699999,1,629,holdout
2026-04-28 00:00:00+05:30,-1,8206.163106355001,8443.500000000002,237.33689364499998,2,629,holdout
2026-05-05 00:00:00+05:30,-1,3814.1026680410014,3919.5000000000014,105.39733195900001,1,629,holdout
2026-05-12 00:00:00+05:30,-1,8039.184282733002,8248.500000000004,209.31571726700003,2,629,holdout
2026-05-19 00:00:00+05:30,-1,3972.89953007,4095.0,122.10046992999999,1,629,holdout
2024-01-18 00:00:00+05:30,-1,-2673.127055500003,-2265.000000000004,408.1270555,4,517,validation
2024-01-25 00:00:00+05:30,1,-1304.5220732000007,-1080.000000000001,224.5220732,2,517,validation
2024-02-08 00:00:00+05:30,1,2664.0624647000036,2745.0000000000036,80.93753530000001,1,517,validation
2024-02-15 00:00:00+05:30,1,4251.488973700001,4395.000000000001,143.5110263,2,517,validation
2024-02-22 00:00:00+05:30,1,24.957074700000703,285.0000000000009,260.0429253,3,517,validation
2024-02-29 00:00:00+05:30,1,-2169.153473900001,-1965.0000000000005,204.1534739,2,517,validation
2024-03-07 00:00:00+05:30,1,4908.150738100004,5055.000000000004,146.8492619,2,517,validation
2024-03-21 00:00:00+05:30,-1,326.27392090000694,495.0000000000073,168.7260791,2,517,validation
2024-03-28 00:00:00+05:30,-1,-3022.909101099997,-2924.999999999997,97.9091011,1,517,validation
2024-04-10 00:00:00+05:30,1,4764.947661100003,4905.000000000003,140.0523389,2,517,validation
2024-04-18 00:00:00+05:30,1,-4393.768676400008,-4080.000000000009,313.7686764,3,517,validation
2024-04-25 00:00:00+05:30,1,6885.587923800001,7110.000000000002,224.4120762,3,517,validation
2024-05-02 00:00:00+05:30,1,1041.0746745500003,1102.5000000000002,61.425325449999995,1,517,validation
2024-05-09 00:00:00+05:30,1,1303.6706719500003,1522.5000000000005,218.82932805,3,517,validation
2024-05-16 00:00:00+05:30,-1,-798.5401035499975,-652.4999999999975,146.04010355000003,2,517,validation
2024-05-23 00:00:00+05:30,1,2227.700610250001,2347.500000000001,119.79938974999999,2,517,validation
2024-05-30 00:00:00+05:30,1,-1933.3995683499968,-1852.4999999999968,80.89956835000001,1,517,validation
2024-06-06 00:00:00+05:30,-1,-3315.530125300004,-3225.000000000004,90.5301253,1,517,validation
2024-06-13 00:00:00+05:30,1,2593.2129616000047,2730.0000000000045,136.7870384,2,517,validation
2024-06-20 00:00:00+05:30,-1,-6680.426421899998,-6464.999999999998,215.4264219,3,517,validation
2024-06-27 00:00:00+05:30,1,2275.1952191500004,2392.5000000000005,117.30478085000001,2,517,validation
2024-07-04 00:00:00+05:30,1,2510.7417155500016,2632.500000000001,121.75828445,2,517,validation
2024-07-11 00:00:00+05:30,1,600.1372779000039,795.0000000000036,194.8627221,3,517,validation
2024-07-18 00:00:00+05:30,-1,-1124.0847054500014,-967.5000000000016,156.58470544999997,2,517,validation
2024-07-25 00:00:00+05:30,1,-1360.235041100001,-1155.0000000000007,205.2350411,2,517,validation
2024-08-01 00:00:00+05:30,-1,-463.2671962500028,-247.50000000000273,215.76719624999998,3,517,validation
2024-08-08 00:00:00+05:30,1,-2173.0201599500024,-1972.5000000000027,200.52015995,2,517,validation
2024-08-14 00:00:00+05:30,-1,2985.7538352999995,3104.9999999999995,119.24616469999998,2,517,validation
2024-08-22 00:00:00+05:30,1,2258.87678245,2377.5,118.62321754999999,2,517,validation
2024-08-29 00:00:00+05:30,1,2194.6834414000004,2310.0,115.31655859999998,2,517,validation
2024-09-05 00:00:00+05:30,1,1296.6878220500007,1357.5000000000007,60.81217795,1,517,validation
2024-09-12 00:00:00+05:30,1,-8282.99553205,-7957.499999999999,325.49553204999995,4,517,validation
2024-09-19 00:00:00+05:30,1,1279.3083099500004,1342.5000000000005,63.191690050000005,1,517,validation
2024-09-26 00:00:00+05:30,1,2192.1423344500017,2317.500000000002,125.35766555000001,2,517,validation
2024-10-03 00:00:00+05:30,1,976.1084436600036,1177.5000000000034,201.39155633999997,3,517,validation
2024-10-10 00:00:00+05:30,-1,2949.993241750001,3075.000000000001,125.00675825,2,517,validation
2024-10-17 00:00:00+05:30,-1,1622.8051128650009,1687.500000000001,64.694887135,1,517,validation
2024-10-24 00:00:00+05:30,-1,-3061.0814956600016,-2745.0000000000014,316.08149566,4,517,validation
2024-10-31 00:00:00+05:30,-1,3263.482889875002,3382.5000000000023,119.017110125,2,517,validation
2024-11-14 00:00:00+05:30,-1,2861.6505153999997,2984.9999999999995,123.34948460000001,2,517,validation
2024-11-28 00:00:00+05:30,-1,-2932.596618840004,-2655.0000000000036,277.59661883999996,3,517,validation
2024-12-05 00:00:00+05:30,-1,-922.4127852649988,-757.4999999999986,164.91278526500002,2,517,validation
2024-12-12 00:00:00+05:30,1,1425.370536470002,1500.000000000002,74.62946353000001,1,517,validation
2024-12-19 00:00:00+05:30,1,-4020.8927647750043,-3907.500000000004,113.392764775,1,517,validation
2024-12-26 00:00:00+05:30,-1,2372.3874627249993,2497.499999999999,125.11253727500001,2,517,validation
2025-01-02 00:00:00+05:30,-1,-128.29711035000082,270.0,398.29711034999997,3,517,validation
2025-01-09 00:00:00+05:30,-1,5970.716637725011,6367.50000000001,396.783362275,4,517,validation
2025-01-16 00:00:00+05:30,-1,4111.828011910006,4320.000000000007,208.17198809,2,517,validation
2025-01-23 00:00:00+05:30,1,4256.0350259900015,4365.000000000002,108.96497401,1,517,validation
2025-01-30 00:00:00+05:30,1,-3314.338096894998,-3112.499999999998,201.838096895,2,517,validation
2025-02-06 00:00:00+05:30,-1,5883.605259890009,6030.000000000009,146.39474011000001,1,517,validation
2025-02-13 00:00:00+05:30,1,-2500.891621359983,-1979.9999999999836,520.8916213600002,4,517,validation
2025-02-20 00:00:00+05:30,1,-601.7663882600036,-270.00000000000364,331.76638826,2,517,validation
2025-02-27 00:00:00+05:30,-1,9314.920860220009,9495.000000000007,180.07913978000005,2,517,validation
2025-03-06 00:00:00+05:30,-1,2032.4229205200068,2340.0000000000073,307.57707948,3,517,validation
2025-03-13 00:00:00+05:30,1,3664.594064975004,3757.500000000004,92.905935025,1,517,validation
2025-03-27 00:00:00+05:30,1,4245.014529915004,4567.500000000004,322.48547008500003,3,517,validation
2025-04-03 00:00:00+05:30,-1,8704.074320875003,8887.500000000002,183.42567912500002,2,517,validation
2025-04-07 00:00:00+05:30,1,0.0,0.0,0.0,0,517,validation
2025-04-21 00:00:00+05:30,1,0.0,0.0,0.0,0,517,validation
2025-04-28 00:00:00+05:30,0,0.0,0.0,0.0,0,517,validation
2025-05-05 00:00:00+05:30,0,0.0,0.0,0.0,0,517,validation
2025-05-12 00:00:00+05:30,0,0.0,0.0,0.0,0,517,validation
2025-05-19 00:00:00+05:30,1,0.0,0.0,0.0,0,517,validation
2025-05-26 00:00:00+05:30,0,0.0,0.0,0.0,0,517,validation
2025-06-02 00:00:00+05:30,0,0.0,0.0,0.0,0,517,validation
2025-06-09 00:00:00+05:30,0,0.0,0.0,0.0,0,517,validation
2025-06-16 00:00:00+05:30,0,0.0,0.0,0.0,0,517,validation
2025-06-23 00:00:00+05:30,0,0.0,0.0,0.0,0,517,validation
2025-06-30 00:00:00+05:30,0,0.0,0.0,0.0,0,517,validation
2025-07-07 00:00:00+05:30,0,0.0,0.0,0.0,0,517,validation
2025-07-14 00:00:00+05:30,0,0.0,0.0,0.0,0,517,validation
2025-07-21 00:00:00+05:30,0,0.0,0.0,0.0,0,517,validation
2025-07-28 00:00:00+05:30,0,0.0,0.0,0.0,0,517,validation
2025-08-04 00:00:00+05:30,0,0.0,0.0,0.0,0,517,validation
2025-08-11 00:00:00+05:30,0,0.0,0.0,0.0,0,517,validation
2025-08-18 00:00:00+05:30,0,0.0,0.0,0.0,0,517,validation
2025-08-25 00:00:00+05:30,0,0.0,0.0,0.0,0,517,validation
2025-09-09 00:00:00+05:30,1,6569.452559215,6727.5,158.047440785,2,517,validation
2025-09-16 00:00:00+05:30,1,5840.76187405,5985.0,144.23812594999998,2,517,validation
2025-09-23 00:00:00+05:30,1,-4345.941010674998,-4252.499999999998,93.441010675,1,517,validation
2025-09-30 00:00:00+05:30,-1,8873.47382716,9045.0,171.52617284000002,2,517,validation
2025-10-07 00:00:00+05:30,-1,-3867.967278664994,-3622.4999999999936,245.467278665,2,517,validation
2025-10-14 00:00:00+05:30,1,3943.1345881550046,4027.5000000000045,84.36541184499998,1,517,validation
2025-10-21 00:00:00+05:30,0,0.0,0.0,0.0,0,517,validation
2025-11-04 00:00:00+05:30,-1,8751.073033315006,8932.500000000005,181.42696668500002,2,517,validation
2025-11-18 00:00:00+05:30,1,-3207.36500486,-3015.0,192.36500486,2,517,validation
2025-11-25 00:00:00+05:30,-1,-7104.155344094994,-6727.4999999999945,376.655344095,3,517,validation
2025-12-02 00:00:00+05:30,1,2910.044392215002,3172.500000000002,262.455607785,3,517,validation
2025-12-09 00:00:00+05:30,-1,5416.680258005003,5512.500000000004,95.81974199500002,1,517,validation
2025-12-16 00:00:00+05:30,-1,4547.498569880002,4635.000000000002,87.50143011999998,1,517,validation
2025-12-23 00:00:00+05:30,-1,-2752.6265391049947,-2542.4999999999945,210.12653910499998,2,517,validation
2025-12-30 00:00:00+05:30,1,175.8482401600054,360.00000000000546,184.15175984,2,517,validation
2026-01-06 00:00:00+05:30,-1,-1712.616286309998,-1520.9999999999982,191.61628631,2,517,holdout
2026-01-13 00:00:00+05:30,1,-4308.964936614991,-3919.4999999999914,389.46493661500006,4,517,holdout
2026-01-20 00:00:00+05:30,1,-6141.446376126996,-6025.499999999996,115.94637612700001,1,517,holdout
2026-01-27 00:00:00+05:30,-1,4273.589859464002,4368.000000000002,94.410140536,1,517,holdout
2026-02-03 00:00:00+05:30,-1,-11244.43848112696,-10627.49999999996,616.938481127,2,517,holdout
2026-02-10 00:00:00+05:30,-1,3783.5719115510014,3880.5000000000014,96.92808844899999,1,517,holdout
2026-02-17 00:00:00+05:30,-1,598.1746839990024,877.5000000000027,279.32531600100003,3,517,holdout
2026-02-24 00:00:00+05:30,1,-17067.91743718498,-16633.49999999998,434.417437185,3,517,holdout
2026-03-02 00:00:00+05:30,-1,3929.545732700004,4017.000000000004,87.45426730000001,1,517,holdout
2026-03-10 00:00:00+05:30,-1,-1197.7900404410047,-877.5000000000055,320.290040441,2,517,holdout
2026-03-17 00:00:00+05:30,-1,8511.354467596007,8736.000000000007,224.645532404,2,517,holdout
2026-03-24 00:00:00+05:30,1,-7141.1748637619985,-6590.999999999998,550.174863762,3,517,holdout
2026-03-30 00:00:00+05:30,1,-9638.114750404005,-9360.000000000005,278.114750404,1,517,holdout
2026-04-07 00:00:00+05:30,-1,4060.3175662820036,4212.000000000004,151.68243371800003,1,517,holdout
2026-04-13 00:00:00+05:30,-1,4336.354235411002,4465.500000000002,129.14576458899998,1,517,holdout
2026-04-21 00:00:00+05:30,-1,4621.959823913002,4738.500000000002,116.54017608699999,1,517,holdout
2026-04-28 00:00:00+05:30,-1,8206.163106355001,8443.500000000002,237.33689364499998,2,517,holdout
2026-05-05 00:00:00+05:30,-1,3814.1026680410014,3919.5000000000014,105.39733195900001,1,517,holdout
2026-05-12 00:00:00+05:30,-1,8039.184282733002,8248.500000000004,209.31571726700003,2,517,holdout
2026-05-19 00:00:00+05:30,-1,3972.89953007,4095.0,122.10046992999999,1,517,holdout
2024-01-18 00:00:00+05:30,-1,-2673.127055500003,-2265.000000000004,408.1270555,4,873,validation
2024-01-25 00:00:00+05:30,-1,57.22456260000445,330.0000000000041,272.77543740000004,3,873,validation
2024-02-08 00:00:00+05:30,1,2664.0624647000036,2745.0000000000036,80.93753530000001,1,873,validation
2024-02-15 00:00:00+05:30,1,4251.488973700001,4395.000000000001,143.5110263,2,873,validation
2024-02-22 00:00:00+05:30,1,24.957074700000703,285.0000000000009,260.0429253,3,873,validation
2024-02-29 00:00:00+05:30,-1,5635.763691700002,5775.000000000002,139.2363083,2,873,validation
2024-03-07 00:00:00+05:30,-1,-1405.8777434000062,-1170.0000000000064,235.87774339999999,2,873,validation
2024-03-21 00:00:00+05:30,-1,326.27392090000694,495.0000000000073,168.7260791,2,873,validation
2024-03-28 00:00:00+05:30,1,4350.6122515000025,4485.000000000002,134.38774850000001,2,873,validation
2024-04-10 00:00:00+05:30,1,4764.947661100003,4905.000000000003,140.0523389,2,873,validation
2024-04-18 00:00:00+05:30,1,-4393.768676400008,-4080.000000000009,313.7686764,3,873,validation
2024-04-25 00:00:00+05:30,1,6885.587923800001,7110.000000000002,224.4120762,3,873,validation
2024-05-02 00:00:00+05:30,-1,1771.1349536000014,1830.0000000000014,58.8650464,1,873,validation
2024-05-09 00:00:00+05:30,-1,3216.7308554500023,3337.500000000002,120.76914455000001,2,873,validation
2024-05-16 00:00:00+05:30,-1,-798.5401035499975,-652.4999999999975,146.04010355000003,2,873,validation
2024-05-23 00:00:00+05:30,1,2227.700610250001,2347.500000000001,119.79938974999999,2,873,validation
2024-05-30 00:00:00+05:30,1,-1933.3995683499968,-1852.4999999999968,80.89956835000001,1,873,validation
2024-06-06 00:00:00+05:30,-1,-3315.530125300004,-3225.000000000004,90.5301253,1,873,validation
2024-06-13 00:00:00+05:30,1,2593.2129616000047,2730.0000000000045,136.7870384,2,873,validation
2024-06-20 00:00:00+05:30,1,1354.6442826500004,1417.5000000000005,62.85571734999999,1,873,validation
2024-06-27 00:00:00+05:30,1,2275.1952191500004,2392.5000000000005,117.30478085000001,2,873,validation
2024-07-04 00:00:00+05:30,1,2510.7417155500016,2632.500000000001,121.75828445,2,873,validation
2024-07-11 00:00:00+05:30,1,600.1372779000039,795.0000000000036,194.8627221,3,873,validation
2024-07-18 00:00:00+05:30,-1,-1124.0847054500014,-967.5000000000016,156.58470544999997,2,873,validation
2024-07-25 00:00:00+05:30,1,-1360.235041100001,-1155.0000000000007,205.2350411,2,873,validation
2024-08-01 00:00:00+05:30,-1,-463.2671962500028,-247.50000000000273,215.76719624999998,3,873,validation
2024-08-08 00:00:00+05:30,1,-2173.0201599500024,-1972.5000000000027,200.52015995,2,873,validation
2024-08-14 00:00:00+05:30,-1,2985.7538352999995,3104.9999999999995,119.24616469999998,2,873,validation
2024-08-22 00:00:00+05:30,-1,-208.4064095999995,2.2737367544323206e-13,208.40640959999996,3,873,validation
2024-08-29 00:00:00+05:30,1,2194.6834414000004,2310.0,115.31655859999998,2,873,validation
2024-09-05 00:00:00+05:30,1,1296.6878220500007,1357.5000000000007,60.81217795,1,873,validation
2024-09-12 00:00:00+05:30,1,-8282.99553205,-7957.499999999999,325.49553204999995,4,873,validation
2024-09-19 00:00:00+05:30,1,1279.3083099500004,1342.5000000000005,63.191690050000005,1,873,validation
2024-09-26 00:00:00+05:30,1,2192.1423344500017,2317.500000000002,125.35766555000001,2,873,validation
2024-10-03 00:00:00+05:30,1,976.1084436600036,1177.5000000000034,201.39155633999997,3,873,validation
2024-10-10 00:00:00+05:30,-1,2949.993241750001,3075.000000000001,125.00675825,2,873,validation
2024-10-17 00:00:00+05:30,-1,1622.8051128650009,1687.500000000001,64.694887135,1,873,validation
2024-10-24 00:00:00+05:30,-1,-3061.0814956600016,-2745.0000000000014,316.08149566,4,873,validation
2024-10-31 00:00:00+05:30,-1,3263.482889875002,3382.5000000000023,119.017110125,2,873,validation
2024-11-14 00:00:00+05:30,-1,2861.6505153999997,2984.9999999999995,123.34948460000001,2,873,validation
2024-11-28 00:00:00+05:30,-1,-2932.596618840004,-2655.0000000000036,277.59661883999996,3,873,validation
2024-12-05 00:00:00+05:30,-1,-922.4127852649988,-757.4999999999986,164.91278526500002,2,873,validation
2024-12-12 00:00:00+05:30,1,1425.370536470002,1500.000000000002,74.62946353000001,1,873,validation
2024-12-19 00:00:00+05:30,1,-4020.8927647750043,-3907.500000000004,113.392764775,1,873,validation
2024-12-26 00:00:00+05:30,-1,2372.3874627249993,2497.499999999999,125.11253727500001,2,873,validation
2025-01-02 00:00:00+05:30,-1,-128.29711035000082,270.0,398.29711034999997,3,873,validation
2025-01-09 00:00:00+05:30,1,1207.1569447499878,1619.9999999999882,412.84305524999996,3,873,validation
2025-01-16 00:00:00+05:30,-1,4111.828011910006,4320.000000000007,208.17198809,2,873,validation
2025-01-23 00:00:00+05:30,1,4256.0350259900015,4365.000000000002,108.96497401,1,873,validation
2025-01-30 00:00:00+05:30,1,-3314.338096894998,-3112.499999999998,201.838096895,2,873,validation
2025-02-06 00:00:00+05:30,1,7530.621912955007,7762.500000000007,231.878087045,2,873,validation
2025-02-13 00:00:00+05:30,1,-2500.891621359983,-1979.9999999999836,520.8916213600002,4,873,validation
2025-02-20 00:00:00+05:30,1,-601.7663882600036,-270.00000000000364,331.76638826,2,873,validation
2025-02-27 00:00:00+05:30,-1,9314.920860220009,9495.000000000007,180.07913978000005,2,873,validation
2025-03-06 00:00:00+05:30,-1,2032.4229205200068,2340.0000000000073,307.57707948,3,873,validation
2025-03-13 00:00:00+05:30,1,3664.594064975004,3757.500000000004,92.905935025,1,873,validation
2025-03-27 00:00:00+05:30,1,4245.014529915004,4567.500000000004,322.48547008500003,3,873,validation
2025-04-03 00:00:00+05:30,-1,8704.074320875003,8887.500000000002,183.42567912500002,2,873,validation
2025-04-07 00:00:00+05:30,0,0.0,0.0,0.0,0,873,validation
2025-04-21 00:00:00+05:30,0,0.0,0.0,0.0,0,873,validation
2025-04-28 00:00:00+05:30,0,0.0,0.0,0.0,0,873,validation
2025-05-05 00:00:00+05:30,0,0.0,0.0,0.0,0,873,validation
2025-05-12 00:00:00+05:30,0,0.0,0.0,0.0,0,873,validation
2025-05-19 00:00:00+05:30,0,0.0,0.0,0.0,0,873,validation
2025-05-26 00:00:00+05:30,-1,0.0,0.0,0.0,0,873,validation
2025-06-02 00:00:00+05:30,-1,0.0,0.0,0.0,0,873,validation
2025-06-09 00:00:00+05:30,-1,0.0,0.0,0.0,0,873,validation
2025-06-16 00:00:00+05:30,0,0.0,0.0,0.0,0,873,validation
2025-06-23 00:00:00+05:30,0,0.0,0.0,0.0,0,873,validation
2025-06-30 00:00:00+05:30,0,0.0,0.0,0.0,0,873,validation
2025-07-07 00:00:00+05:30,0,0.0,0.0,0.0,0,873,validation
2025-07-14 00:00:00+05:30,0,0.0,0.0,0.0,0,873,validation
2025-07-21 00:00:00+05:30,0,0.0,0.0,0.0,0,873,validation
2025-07-28 00:00:00+05:30,0,0.0,0.0,0.0,0,873,validation
2025-08-04 00:00:00+05:30,-1,0.0,0.0,0.0,0,873,validation
2025-08-11 00:00:00+05:30,0,0.0,0.0,0.0,0,873,validation
2025-08-18 00:00:00+05:30,0,0.0,0.0,0.0,0,873,validation
2025-08-25 00:00:00+05:30,0,0.0,0.0,0.0,0,873,validation
2025-09-09 00:00:00+05:30,1,6569.452559215,6727.5,158.047440785,2,873,validation
2025-09-16 00:00:00+05:30,1,5840.76187405,5985.0,144.23812594999998,2,873,validation
2025-09-23 00:00:00+05:30,1,-4345.941010674998,-4252.499999999998,93.441010675,1,873,validation
2025-09-30 00:00:00+05:30,-1,8873.47382716,9045.0,171.52617284000002,2,873,validation
2025-10-07 00:00:00+05:30,-1,-3867.967278664994,-3622.4999999999936,245.467278665,2,873,validation
2025-10-14 00:00:00+05:30,1,3943.1345881550046,4027.5000000000045,84.36541184499998,1,873,validation
2025-10-21 00:00:00+05:30,0,0.0,0.0,0.0,0,873,validation
2025-11-04 00:00:00+05:30,-1,8751.073033315006,8932.500000000005,181.42696668500002,2,873,validation
2025-11-18 00:00:00+05:30,1,-3207.36500486,-3015.0,192.36500486,2,873,validation
2025-11-25 00:00:00+05:30,-1,-7104.155344094994,-6727.4999999999945,376.655344095,3,873,validation
2025-12-02 00:00:00+05:30,-1,-13166.862729740002,-12870.000000000004,296.86272973999996,2,873,validation
2025-12-09 00:00:00+05:30,-1,5416.680258005003,5512.500000000004,95.81974199500002,1,873,validation
2025-12-16 00:00:00+05:30,-1,4547.498569880002,4635.000000000002,87.50143011999998,1,873,validation
2025-12-23 00:00:00+05:30,-1,-2752.6265391049947,-2542.4999999999945,210.12653910499998,2,873,validation
2025-12-30 00:00:00+05:30,1,175.8482401600054,360.00000000000546,184.15175984,2,873,validation
2026-01-06 00:00:00+05:30,-1,-1712.616286309998,-1520.9999999999982,191.61628631,2,873,holdout
2026-01-13 00:00:00+05:30,1,-4308.964936614991,-3919.4999999999914,389.46493661500006,4,873,holdout
2026-01-20 00:00:00+05:30,1,-6141.446376126996,-6025.499999999996,115.94637612700001,1,873,holdout
2026-01-27 00:00:00+05:30,-1,4273.589859464002,4368.000000000002,94.410140536,1,873,holdout
2026-02-03 00:00:00+05:30,-1,-11244.43848112696,-10627.49999999996,616.938481127,2,873,holdout
2026-02-10 00:00:00+05:30,1,3411.956495678,3510.0,98.04350432199999,1,873,holdout
2026-02-17 00:00:00+05:30,1,-5960.605727096001,-5694.000000000002,266.60572709599995,2,873,holdout
2026-02-24 00:00:00+05:30,-1,4065.195168790999,4153.499999999999,88.30483120900001,1,873,holdout
2026-03-02 00:00:00+05:30,-1,3929.545732700004,4017.000000000004,87.45426730000001,1,873,holdout
2026-03-10 00:00:00+05:30,-1,-1197.7900404410047,-877.5000000000055,320.290040441,2,873,holdout
2026-03-17 00:00:00+05:30,1,-5661.7638112239765,-4835.999999999977,825.7638112239999,4,873,holdout
2026-03-24 00:00:00+05:30,1,-7141.1748637619985,-6590.999999999998,550.174863762,3,873,holdout
2026-03-30 00:00:00+05:30,-1,4656.204723095,4777.5,121.29527690500001,1,873,holdout
2026-04-07 00:00:00+05:30,-1,4060.3175662820036,4212.000000000004,151.68243371800003,1,873,holdout
2026-04-13 00:00:00+05:30,-1,4336.354235411002,4465.500000000002,129.14576458899998,1,873,holdout
2026-04-21 00:00:00+05:30,-1,4621.959823913002,4738.500000000002,116.54017608699999,1,873,holdout
2026-04-28 00:00:00+05:30,-1,8206.163106355001,8443.500000000002,237.33689364499998,2,873,holdout
2026-05-05 00:00:00+05:30,-1,3814.1026680410014,3919.5000000000014,105.39733195900001,1,873,holdout
2026-05-12 00:00:00+05:30,-1,8039.184282733002,8248.500000000004,209.31571726700003,2,873,holdout
2026-05-19 00:00:00+05:30,-1,3972.89953007,4095.0,122.10046992999999,1,873,holdout
2024-01-18 00:00:00+05:30,-1,-2673.127055500003,-2265.000000000004,408.1270555,4,7,validation
2024-01-25 00:00:00+05:30,-1,57.22456260000445,330.0000000000041,272.77543740000004,3,7,validation
2024-02-08 00:00:00+05:30,1,2664.0624647000036,2745.0000000000036,80.93753530000001,1,7,validation
2024-02-15 00:00:00+05:30,1,4251.488973700001,4395.000000000001,143.5110263,2,7,validation
2024-02-22 00:00:00+05:30,1,24.957074700000703,285.0000000000009,260.0429253,3,7,validation
2024-02-29 00:00:00+05:30,-1,5635.763691700002,5775.000000000002,139.2363083,2,7,validation
2024-03-07 00:00:00+05:30,-1,-1405.8777434000062,-1170.0000000000064,235.87774339999999,2,7,validation
2024-03-21 00:00:00+05:30,-1,326.27392090000694,495.0000000000073,168.7260791,2,7,validation
2024-03-28 00:00:00+05:30,1,4350.6122515000025,4485.000000000002,134.38774850000001,2,7,validation
2024-04-10 00:00:00+05:30,1,4764.947661100003,4905.000000000003,140.0523389,2,7,validation
2024-04-18 00:00:00+05:30,1,-4393.768676400008,-4080.000000000009,313.7686764,3,7,validation
2024-04-25 00:00:00+05:30,1,6885.587923800001,7110.000000000002,224.4120762,3,7,validation
2024-05-02 00:00:00+05:30,1,1041.0746745500003,1102.5000000000002,61.425325449999995,1,7,validation
2024-05-09 00:00:00+05:30,1,1303.6706719500003,1522.5000000000005,218.82932805,3,7,validation
2024-05-16 00:00:00+05:30,-1,-798.5401035499975,-652.4999999999975,146.04010355000003,2,7,validation
2024-05-23 00:00:00+05:30,1,2227.700610250001,2347.500000000001,119.79938974999999,2,7,validation
2024-05-30 00:00:00+05:30,1,-1933.3995683499968,-1852.4999999999968,80.89956835000001,1,7,validation
2024-06-06 00:00:00+05:30,-1,-3315.530125300004,-3225.000000000004,90.5301253,1,7,validation
2024-06-13 00:00:00+05:30,1,2593.2129616000047,2730.0000000000045,136.7870384,2,7,validation
2024-06-20 00:00:00+05:30,1,1354.6442826500004,1417.5000000000005,62.85571734999999,1,7,validation
2024-06-27 00:00:00+05:30,1,2275.1952191500004,2392.5000000000005,117.30478085000001,2,7,validation
2024-07-04 00:00:00+05:30,1,2510.7417155500016,2632.500000000001,121.75828445,2,7,validation
2024-07-11 00:00:00+05:30,1,600.1372779000039,795.0000000000036,194.8627221,3,7,validation
2024-07-18 00:00:00+05:30,-1,-1124.0847054500014,-967.5000000000016,156.58470544999997,2,7,validation
2024-07-25 00:00:00+05:30,1,-1360.235041100001,-1155.0000000000007,205.2350411,2,7,validation
2024-08-01 00:00:00+05:30,-1,-463.2671962500028,-247.50000000000273,215.76719624999998,3,7,validation
2024-08-08 00:00:00+05:30,1,-2173.0201599500024,-1972.5000000000027,200.52015995,2,7,validation
2024-08-14 00:00:00+05:30,-1,2985.7538352999995,3104.9999999999995,119.24616469999998,2,7,validation
2024-08-22 00:00:00+05:30,-1,-208.4064095999995,2.2737367544323206e-13,208.40640959999996,3,7,validation
2024-08-29 00:00:00+05:30,1,2194.6834414000004,2310.0,115.31655859999998,2,7,validation
2024-09-05 00:00:00+05:30,1,1296.6878220500007,1357.5000000000007,60.81217795,1,7,validation
2024-09-12 00:00:00+05:30,1,-8282.99553205,-7957.499999999999,325.49553204999995,4,7,validation
2024-09-19 00:00:00+05:30,1,1279.3083099500004,1342.5000000000005,63.191690050000005,1,7,validation
2024-09-26 00:00:00+05:30,1,2192.1423344500017,2317.500000000002,125.35766555000001,2,7,validation
2024-10-03 00:00:00+05:30,1,976.1084436600036,1177.5000000000034,201.39155633999997,3,7,validation
2024-10-10 00:00:00+05:30,-1,2949.993241750001,3075.000000000001,125.00675825,2,7,validation
2024-10-17 00:00:00+05:30,-1,1622.8051128650009,1687.500000000001,64.694887135,1,7,validation
2024-10-24 00:00:00+05:30,-1,-3061.0814956600016,-2745.0000000000014,316.08149566,4,7,validation
2024-10-31 00:00:00+05:30,-1,3263.482889875002,3382.5000000000023,119.017110125,2,7,validation
2024-11-14 00:00:00+05:30,-1,2861.6505153999997,2984.9999999999995,123.34948460000001,2,7,validation
2024-11-28 00:00:00+05:30,-1,-2932.596618840004,-2655.0000000000036,277.59661883999996,3,7,validation
2024-12-05 00:00:00+05:30,-1,-922.4127852649988,-757.4999999999986,164.91278526500002,2,7,validation
2024-12-12 00:00:00+05:30,1,1425.370536470002,1500.000000000002,74.62946353000001,1,7,validation
2024-12-19 00:00:00+05:30,1,-4020.8927647750043,-3907.500000000004,113.392764775,1,7,validation
2024-12-26 00:00:00+05:30,-1,2372.3874627249993,2497.499999999999,125.11253727500001,2,7,validation
2025-01-02 00:00:00+05:30,-1,-128.29711035000082,270.0,398.29711034999997,3,7,validation
2025-01-09 00:00:00+05:30,1,1207.1569447499878,1619.9999999999882,412.84305524999996,3,7,validation
2025-01-16 00:00:00+05:30,-1,4111.828011910006,4320.000000000007,208.17198809,2,7,validation
2025-01-23 00:00:00+05:30,1,4256.0350259900015,4365.000000000002,108.96497401,1,7,validation
2025-01-30 00:00:00+05:30,1,-3314.338096894998,-3112.499999999998,201.838096895,2,7,validation
2025-02-06 00:00:00+05:30,1,7530.621912955007,7762.500000000007,231.878087045,2,7,validation
2025-02-13 00:00:00+05:30,1,-2500.891621359983,-1979.9999999999836,520.8916213600002,4,7,validation
2025-02-20 00:00:00+05:30,1,-601.7663882600036,-270.00000000000364,331.76638826,2,7,validation
2025-02-27 00:00:00+05:30,-1,9314.920860220009,9495.000000000007,180.07913978000005,2,7,validation
2025-03-06 00:00:00+05:30,-1,2032.4229205200068,2340.0000000000073,307.57707948,3,7,validation
2025-03-13 00:00:00+05:30,1,3664.594064975004,3757.500000000004,92.905935025,1,7,validation
2025-03-27 00:00:00+05:30,1,4245.014529915004,4567.500000000004,322.48547008500003,3,7,validation
2025-04-03 00:00:00+05:30,-1,8704.074320875003,8887.500000000002,183.42567912500002,2,7,validation
2025-04-07 00:00:00+05:30,0,0.0,0.0,0.0,0,7,validation
2025-04-21 00:00:00+05:30,0,0.0,0.0,0.0,0,7,validation
2025-04-28 00:00:00+05:30,0,0.0,0.0,0.0,0,7,validation
2025-05-05 00:00:00+05:30,0,0.0,0.0,0.0,0,7,validation
2025-05-12 00:00:00+05:30,0,0.0,0.0,0.0,0,7,validation
2025-05-19 00:00:00+05:30,0,0.0,0.0,0.0,0,7,validation
2025-05-26 00:00:00+05:30,0,0.0,0.0,0.0,0,7,validation
2025-06-02 00:00:00+05:30,0,0.0,0.0,0.0,0,7,validation
2025-06-09 00:00:00+05:30,0,0.0,0.0,0.0,0,7,validation
2025-06-16 00:00:00+05:30,0,0.0,0.0,0.0,0,7,validation
2025-06-23 00:00:00+05:30,0,0.0,0.0,0.0,0,7,validation
2025-06-30 00:00:00+05:30,0,0.0,0.0,0.0,0,7,validation
2025-07-07 00:00:00+05:30,0,0.0,0.0,0.0,0,7,validation
2025-07-14 00:00:00+05:30,0,0.0,0.0,0.0,0,7,validation
2025-07-21 00:00:00+05:30,0,0.0,0.0,0.0,0,7,validation
2025-07-28 00:00:00+05:30,0,0.0,0.0,0.0,0,7,validation
2025-08-04 00:00:00+05:30,0,0.0,0.0,0.0,0,7,validation
2025-08-11 00:00:00+05:30,0,0.0,0.0,0.0,0,7,validation
2025-08-18 00:00:00+05:30,0,0.0,0.0,0.0,0,7,validation
2025-08-25 00:00:00+05:30,0,0.0,0.0,0.0,0,7,validation
2025-09-09 00:00:00+05:30,1,6569.452559215,6727.5,158.047440785,2,7,validation
2025-09-16 00:00:00+05:30,1,5840.76187405,5985.0,144.23812594999998,2,7,validation
2025-09-23 00:00:00+05:30,1,-4345.941010674998,-4252.499999999998,93.441010675,1,7,validation
2025-09-30 00:00:00+05:30,-1,8873.47382716,9045.0,171.52617284000002,2,7,validation
2025-10-07 00:00:00+05:30,-1,-3867.967278664994,-3622.4999999999936,245.467278665,2,7,validation
2025-10-14 00:00:00+05:30,1,3943.1345881550046,4027.5000000000045,84.36541184499998,1,7,validation
2025-10-21 00:00:00+05:30,0,0.0,0.0,0.0,0,7,validation
2025-11-04 00:00:00+05:30,-1,8751.073033315006,8932.500000000005,181.42696668500002,2,7,validation
2025-11-18 00:00:00+05:30,1,-3207.36500486,-3015.0,192.36500486,2,7,validation
2025-11-25 00:00:00+05:30,-1,-7104.155344094994,-6727.4999999999945,376.655344095,3,7,validation
2025-12-02 00:00:00+05:30,-1,-13166.862729740002,-12870.000000000004,296.86272973999996,2,7,validation
2025-12-09 00:00:00+05:30,-1,5416.680258005003,5512.500000000004,95.81974199500002,1,7,validation
2025-12-16 00:00:00+05:30,-1,4547.498569880002,4635.000000000002,87.50143011999998,1,7,validation
2025-12-23 00:00:00+05:30,-1,-2752.6265391049947,-2542.4999999999945,210.12653910499998,2,7,validation
2025-12-30 00:00:00+05:30,1,175.8482401600054,360.00000000000546,184.15175984,2,7,validation
2026-01-06 00:00:00+05:30,-1,-1712.616286309998,-1520.9999999999982,191.61628631,2,7,holdout
2026-01-13 00:00:00+05:30,1,-4308.964936614991,-3919.4999999999914,389.46493661500006,4,7,holdout
2026-01-20 00:00:00+05:30,1,-6141.446376126996,-6025.499999999996,115.94637612700001,1,7,holdout
2026-01-27 00:00:00+05:30,-1,4273.589859464002,4368.000000000002,94.410140536,1,7,holdout
2026-02-03 00:00:00+05:30,-1,-11244.43848112696,-10627.49999999996,616.938481127,2,7,holdout
2026-02-10 00:00:00+05:30,1,3411.956495678,3510.0,98.04350432199999,1,7,holdout
2026-02-17 00:00:00+05:30,1,-5960.605727096001,-5694.000000000002,266.60572709599995,2,7,holdout
2026-02-24 00:00:00+05:30,-1,4065.195168790999,4153.499999999999,88.30483120900001,1,7,holdout
2026-03-02 00:00:00+05:30,-1,3929.545732700004,4017.000000000004,87.45426730000001,1,7,holdout
2026-03-10 00:00:00+05:30,-1,-1197.7900404410047,-877.5000000000055,320.290040441,2,7,holdout
2026-03-17 00:00:00+05:30,1,-5661.7638112239765,-4835.999999999977,825.7638112239999,4,7,holdout
2026-03-24 00:00:00+05:30,1,-7141.1748637619985,-6590.999999999998,550.174863762,3,7,holdout
2026-03-30 00:00:00+05:30,-1,4656.204723095,4777.5,121.29527690500001,1,7,holdout
2026-04-07 00:00:00+05:30,-1,4060.3175662820036,4212.000000000004,151.68243371800003,1,7,holdout
2026-04-13 00:00:00+05:30,-1,4336.354235411002,4465.500000000002,129.14576458899998,1,7,holdout
2026-04-21 00:00:00+05:30,1,3400.3949484469986,3529.4999999999986,129.105051553,1,7,holdout
2026-04-28 00:00:00+05:30,-1,8206.163106355001,8443.500000000002,237.33689364499998,2,7,holdout
2026-05-05 00:00:00+05:30,-1,3814.1026680410014,3919.5000000000014,105.39733195900001,1,7,holdout
2026-05-12 00:00:00+05:30,-1,8039.184282733002,8248.500000000004,209.31571726700003,2,7,holdout
2026-05-19 00:00:00+05:30,-1,3972.89953007,4095.0,122.10046992999999,1,7,holdout
2024-01-18 00:00:00+05:30,-1,-2673.127055500003,-2265.000000000004,408.1270555,4,573,validation
2024-01-25 00:00:00+05:30,1,-1304.5220732000007,-1080.000000000001,224.5220732,2,573,validation
2024-02-08 00:00:00+05:30,-1,3201.393818300001,3285.000000000001,83.60618170000001,1,573,validation
2024-02-15 00:00:00+05:30,1,4251.488973700001,4395.000000000001,143.5110263,2,573,validation
2024-02-22 00:00:00+05:30,1,24.957074700000703,285.0000000000009,260.0429253,3,573,validation
2024-02-29 00:00:00+05:30,1,-2169.153473900001,-1965.0000000000005,204.1534739,2,573,validation
2024-03-07 00:00:00+05:30,1,4908.150738100004,5055.000000000004,146.8492619,2,573,validation
2024-03-21 00:00:00+05:30,-1,326.27392090000694,495.0000000000073,168.7260791,2,573,validation
2024-03-28 00:00:00+05:30,-1,-3022.909101099997,-2924.999999999997,97.9091011,1,573,validation
2024-04-10 00:00:00+05:30,1,4764.947661100003,4905.000000000003,140.0523389,2,573,validation
2024-04-18 00:00:00+05:30,1,-4393.768676400008,-4080.000000000009,313.7686764,3,573,validation
2024-04-25 00:00:00+05:30,1,6885.587923800001,7110.000000000002,224.4120762,3,573,validation
2024-05-02 00:00:00+05:30,1,1041.0746745500003,1102.5000000000002,61.425325449999995,1,573,validation
2024-05-09 00:00:00+05:30,1,1303.6706719500003,1522.5000000000005,218.82932805,3,573,validation
2024-05-16 00:00:00+05:30,-1,-798.5401035499975,-652.4999999999975,146.04010355000003,2,573,validation
2024-05-23 00:00:00+05:30,1,2227.700610250001,2347.500000000001,119.79938974999999,2,573,validation
2024-05-30 00:00:00+05:30,1,-1933.3995683499968,-1852.4999999999968,80.89956835000001,1,573,validation
2024-06-06 00:00:00+05:30,-1,-3315.530125300004,-3225.000000000004,90.5301253,1,573,validation
2024-06-13 00:00:00+05:30,1,2593.2129616000047,2730.0000000000045,136.7870384,2,573,validation
2024-06-20 00:00:00+05:30,-1,-6680.426421899998,-6464.999999999998,215.4264219,3,573,validation
2024-06-27 00:00:00+05:30,1,2275.1952191500004,2392.5000000000005,117.30478085000001,2,573,validation
2024-07-04 00:00:00+05:30,1,2510.7417155500016,2632.500000000001,121.75828445,2,573,validation
2024-07-11 00:00:00+05:30,1,600.1372779000039,795.0000000000036,194.8627221,3,573,validation
2024-07-18 00:00:00+05:30,-1,-1124.0847054500014,-967.5000000000016,156.58470544999997,2,573,validation
2024-07-25 00:00:00+05:30,1,-1360.235041100001,-1155.0000000000007,205.2350411,2,573,validation
2024-08-01 00:00:00+05:30,-1,-463.2671962500028,-247.50000000000273,215.76719624999998,3,573,validation
2024-08-08 00:00:00+05:30,1,-2173.0201599500024,-1972.5000000000027,200.52015995,2,573,validation
2024-08-14 00:00:00+05:30,1,1382.8714920499997,1447.4999999999998,64.62850795,1,573,validation
2024-08-22 00:00:00+05:30,1,2258.87678245,2377.5,118.62321754999999,2,573,validation
2024-08-29 00:00:00+05:30,1,2194.6834414000004,2310.0,115.31655859999998,2,573,validation
2024-09-05 00:00:00+05:30,1,1296.6878220500007,1357.5000000000007,60.81217795,1,573,validation
2024-09-12 00:00:00+05:30,1,-8282.99553205,-7957.499999999999,325.49553204999995,4,573,validation
2024-09-19 00:00:00+05:30,1,1279.3083099500004,1342.5000000000005,63.191690050000005,1,573,validation
2024-09-26 00:00:00+05:30,1,2192.1423344500017,2317.500000000002,125.35766555000001,2,573,validation
2024-10-03 00:00:00+05:30,1,976.1084436600036,1177.5000000000034,201.39155633999997,3,573,validation
2024-10-10 00:00:00+05:30,-1,2949.993241750001,3075.000000000001,125.00675825,2,573,validation
2024-10-17 00:00:00+05:30,1,-1114.7365255549998,-982.4999999999998,132.236525555,2,573,validation
2024-10-24 00:00:00+05:30,-1,-3061.0814956600016,-2745.0000000000014,316.08149566,4,573,validation
2024-10-31 00:00:00+05:30,-1,3263.482889875002,3382.5000000000023,119.017110125,2,573,validation
2024-11-14 00:00:00+05:30,-1,2861.6505153999997,2984.9999999999995,123.34948460000001,2,573,validation
2024-11-28 00:00:00+05:30,-1,-2932.596618840004,-2655.0000000000036,277.59661883999996,3,573,validation
2024-12-05 00:00:00+05:30,-1,-922.4127852649988,-757.4999999999986,164.91278526500002,2,573,validation
2024-12-12 00:00:00+05:30,1,1425.370536470002,1500.000000000002,74.62946353000001,1,573,validation
2024-12-19 00:00:00+05:30,1,-4020.8927647750043,-3907.500000000004,113.392764775,1,573,validation
2024-12-26 00:00:00+05:30,-1,2372.3874627249993,2497.499999999999,125.11253727500001,2,573,validation
2025-01-02 00:00:00+05:30,-1,-128.29711035000082,270.0,398.29711034999997,3,573,validation
2025-01-09 00:00:00+05:30,-1,5970.716637725011,6367.50000000001,396.783362275,4,573,validation
2025-01-16 00:00:00+05:30,-1,4111.828011910006,4320.000000000007,208.17198809,2,573,validation
2025-01-23 00:00:00+05:30,1,4256.0350259900015,4365.000000000002,108.96497401,1,573,validation
2025-01-30 00:00:00+05:30,1,-3314.338096894998,-3112.499999999998,201.838096895,2,573,validation
2025-02-06 00:00:00+05:30,-1,5883.605259890009,6030.000000000009,146.39474011000001,1,573,validation
2025-02-13 00:00:00+05:30,1,-2500.891621359983,-1979.9999999999836,520.8916213600002,4,573,validation
2025-02-20 00:00:00+05:30,1,-601.7663882600036,-270.00000000000364,331.76638826,2,573,validation
2025-02-27 00:00:00+05:30,-1,9314.920860220009,9495.000000000007,180.07913978000005,2,573,validation
2025-03-06 00:00:00+05:30,-1,2032.4229205200068,2340.0000000000073,307.57707948,3,573,validation
2025-03-13 00:00:00+05:30,1,3664.594064975004,3757.500000000004,92.905935025,1,573,validation
2025-03-27 00:00:00+05:30,1,4245.014529915004,4567.500000000004,322.48547008500003,3,573,validation
2025-04-03 00:00:00+05:30,-1,8704.074320875003,8887.500000000002,183.42567912500002,2,573,validation
2025-04-07 00:00:00+05:30,1,0.0,0.0,0.0,0,573,validation
2025-04-21 00:00:00+05:30,1,0.0,0.0,0.0,0,573,validation
2025-04-28 00:00:00+05:30,0,0.0,0.0,0.0,0,573,validation
2025-05-05 00:00:00+05:30,0,0.0,0.0,0.0,0,573,validation
2025-05-12 00:00:00+05:30,0,0.0,0.0,0.0,0,573,validation
2025-05-19 00:00:00+05:30,1,0.0,0.0,0.0,0,573,validation
2025-05-26 00:00:00+05:30,0,0.0,0.0,0.0,0,573,validation
2025-06-02 00:00:00+05:30,0,0.0,0.0,0.0,0,573,validation
2025-06-09 00:00:00+05:30,0,0.0,0.0,0.0,0,573,validation
2025-06-16 00:00:00+05:30,0,0.0,0.0,0.0,0,573,validation
2025-06-23 00:00:00+05:30,0,0.0,0.0,0.0,0,573,validation
2025-06-30 00:00:00+05:30,0,0.0,0.0,0.0,0,573,validation
2025-07-07 00:00:00+05:30,0,0.0,0.0,0.0,0,573,validation
2025-07-14 00:00:00+05:30,0,0.0,0.0,0.0,0,573,validation
2025-07-21 00:00:00+05:30,0,0.0,0.0,0.0,0,573,validation
2025-07-28 00:00:00+05:30,0,0.0,0.0,0.0,0,573,validation
2025-08-04 00:00:00+05:30,0,0.0,0.0,0.0,0,573,validation
2025-08-11 00:00:00+05:30,0,0.0,0.0,0.0,0,573,validation
2025-08-18 00:00:00+05:30,0,0.0,0.0,0.0,0,573,validation
2025-08-25 00:00:00+05:30,0,0.0,0.0,0.0,0,573,validation
2025-09-09 00:00:00+05:30,1,6569.452559215,6727.5,158.047440785,2,573,validation
2025-09-16 00:00:00+05:30,1,5840.76187405,5985.0,144.23812594999998,2,573,validation
2025-09-23 00:00:00+05:30,1,-4345.941010674998,-4252.499999999998,93.441010675,1,573,validation
2025-09-30 00:00:00+05:30,-1,8873.47382716,9045.0,171.52617284000002,2,573,validation
2025-10-07 00:00:00+05:30,-1,-3867.967278664994,-3622.4999999999936,245.467278665,2,573,validation
2025-10-14 00:00:00+05:30,1,3943.1345881550046,4027.5000000000045,84.36541184499998,1,573,validation
2025-10-21 00:00:00+05:30,0,0.0,0.0,0.0,0,573,validation
2025-11-04 00:00:00+05:30,-1,8751.073033315006,8932.500000000005,181.42696668500002,2,573,validation
2025-11-18 00:00:00+05:30,1,-3207.36500486,-3015.0,192.36500486,2,573,validation
2025-11-25 00:00:00+05:30,-1,-7104.155344094994,-6727.4999999999945,376.655344095,3,573,validation
2025-12-02 00:00:00+05:30,1,2910.044392215002,3172.500000000002,262.455607785,3,573,validation
2025-12-09 00:00:00+05:30,-1,5416.680258005003,5512.500000000004,95.81974199500002,1,573,validation
2025-12-16 00:00:00+05:30,-1,4547.498569880002,4635.000000000002,87.50143011999998,1,573,validation
2025-12-23 00:00:00+05:30,-1,-2752.6265391049947,-2542.4999999999945,210.12653910499998,2,573,validation
2025-12-30 00:00:00+05:30,1,175.8482401600054,360.00000000000546,184.15175984,2,573,validation
2026-01-06 00:00:00+05:30,-1,-1712.616286309998,-1520.9999999999982,191.61628631,2,573,holdout
2026-01-13 00:00:00+05:30,1,-4308.964936614991,-3919.4999999999914,389.46493661500006,4,573,holdout
2026-01-20 00:00:00+05:30,1,-6141.446376126996,-6025.499999999996,115.94637612700001,1,573,holdout
2026-01-27 00:00:00+05:30,-1,4273.589859464002,4368.000000000002,94.410140536,1,573,holdout
2026-02-03 00:00:00+05:30,-1,-11244.43848112696,-10627.49999999996,616.938481127,2,573,holdout
2026-02-10 00:00:00+05:30,-1,3783.5719115510014,3880.5000000000014,96.92808844899999,1,573,holdout
2026-02-17 00:00:00+05:30,-1,598.1746839990024,877.5000000000027,279.32531600100003,3,573,holdout
2026-02-24 00:00:00+05:30,1,-17067.91743718498,-16633.49999999998,434.417437185,3,573,holdout
2026-03-02 00:00:00+05:30,-1,3929.545732700004,4017.000000000004,87.45426730000001,1,573,holdout
2026-03-10 00:00:00+05:30,-1,-1197.7900404410047,-877.5000000000055,320.290040441,2,573,holdout
2026-03-17 00:00:00+05:30,-1,8511.354467596007,8736.000000000007,224.645532404,2,573,holdout
2026-03-24 00:00:00+05:30,1,-7141.1748637619985,-6590.999999999998,550.174863762,3,573,holdout
2026-03-30 00:00:00+05:30,1,-9638.114750404005,-9360.000000000005,278.114750404,1,573,holdout
2026-04-07 00:00:00+05:30,-1,4060.3175662820036,4212.000000000004,151.68243371800003,1,573,holdout
2026-04-13 00:00:00+05:30,-1,4336.354235411002,4465.500000000002,129.14576458899998,1,573,holdout
2026-04-21 00:00:00+05:30,-1,4621.959823913002,4738.500000000002,116.54017608699999,1,573,holdout
2026-04-28 00:00:00+05:30,-1,8206.163106355001,8443.500000000002,237.33689364499998,2,573,holdout
2026-05-05 00:00:00+05:30,-1,3814.1026680410014,3919.5000000000014,105.39733195900001,1,573,holdout
2026-05-12 00:00:00+05:30,-1,8039.184282733002,8248.500000000004,209.31571726700003,2,573,holdout
2026-05-19 00:00:00+05:30,-1,3972.89953007,4095.0,122.10046992999999,1,573,holdout
