expiry,entry_ts,exit_ts,shadow_control_direction,action,override,pred_delta,pred_unc,policy_net_rupees,policy_gross_rupees,policy_cost_rupees,call_put_delta,exit_reason,short_strike,long_strike,expiry_date,period,cum_net,peak,drawdown
2021-06-03,2021-05-28 09:20:00+05:30,2021-06-01 09:33:00+05:30,CALL,CALL,False,,,-5770.843548249997,-5647.499999999997,123.34354825,-10586.17443555,DELTA_EXIT,15650.0,15700.0,2021-06-03,development,-5770.843548249997,-5770.843548249997,0.0
2021-06-03,2021-06-01 09:34:00+05:30,2021-06-02 10:11:00+05:30,PUT,PUT,False,,,-5362.739468949999,-5242.499999999999,120.23946895000002,10692.105132149994,DELTA_EXIT,15500.0,15450.0,2021-06-03,development,-11133.583017199995,-5770.843548249997,5362.739468949998
2021-06-03,2021-06-02 10:12:00+05:30,2021-06-03 09:15:00+05:30,CALL,CALL,False,,,-9462.912349000002,-9360.000000000002,102.912349,-13242.327581250001,DELTA_EXIT,15600.0,15650.0,2021-06-03,development,-20596.495366199997,-5770.843548249997,14825.65181795
2021-06-10,2021-06-04 09:20:00+05:30,2021-06-10 13:19:00+05:30,PUT,PUT,False,,,4278.0133139000045,4365.000000000005,86.9866861,1174.3234127999976,DELTA_EXIT,15500.0,15450.0,2021-06-10,development,-16318.482052299993,-5770.843548249997,10547.638504049995
2021-06-17,2021-06-11 09:20:00+05:30,2021-06-17 15:00:00+05:30,PUT,PUT,False,,,3365.936874950001,3442.500000000001,76.56312505000001,2159.026675199999,DELTA_EXIT,15600.0,15550.0,2021-06-17,development,-12952.545177349992,-5770.843548249997,7181.7016290999945
2021-06-24,2021-06-18 09:20:00+05:30,2021-06-18 10:57:00+05:30,PUT,PUT,False,,,-5964.38301595001,-5782.50000000001,181.88301595000001,10322.17507710001,DELTA_EXIT,15500.0,15450.0,2021-06-24,development,-18916.928193300002,-5770.843548249997,13146.084645050005
2021-06-24,2021-06-18 10:58:00+05:30,2021-06-21 15:17:00+05:30,CALL,CALL,False,,,-6351.221376399996,-6209.999999999996,141.2213764,-9904.363996499997,DELTA_EXIT,15750.0,15800.0,2021-06-24,development,-25268.1495697,-5770.843548249997,19497.30602145
2021-06-24,2021-06-21 15:18:00+05:30,2021-06-24 14:03:00+05:30,PUT,PUT,False,,,3387.9547643,3465.0,77.04523569999999,821.293052399998,DELTA_EXIT,15600.0,15550.0,2021-06-24,development,-21880.1948054,-5770.843548249997,16109.351257150001
2021-07-01,2021-06-25 09:20:00+05:30,2021-07-01 13:23:00+05:30,PUT,PUT,False,,,3765.9795372500053,3847.5000000000055,81.52046275000001,1217.780423099995,DELTA_EXIT,15600.0,15550.0,2021-07-01,development,-18114.215268149994,-5770.843548249997,12343.371719899997
2021-07-08,2021-07-02 09:20:00+05:30,2021-07-07 13:36:00+05:30,PUT,PUT,False,,,3796.306887199999,3869.999999999999,73.69311280000001,-9498.765043349997,DELTA_EXIT,15500.0,15450.0,2021-07-08,development,-14317.908380949995,-5770.843548249997,8547.064832699998
2021-07-08,2021-07-07 13:37:00+05:30,2021-07-08 13:00:00+05:30,PUT,PUT,False,,,-4055.6966507500015,-3982.5000000000014,73.19665074999999,7327.74959415,DELTA_EXIT,15750.0,15700.0,2021-07-08,development,-18373.605031699997,-5770.843548249997,12602.76148345
2021-07-15,2021-07-09 09:20:00+05:30,2021-07-14 12:41:00+05:30,CALL,CALL,False,,,-5561.917337649999,-5467.499999999999,94.41733765000001,-9215.699057550002,DELTA_EXIT,15850.0,15900.0,2021-07-15,development,-23935.522369349997,-5770.843548249997,18164.678821100002
2021-07-15,2021-07-14 12:42:00+05:30,2021-07-15 13:09:00+05:30,PUT,PUT,False,,,2547.9677209999995,2609.9999999999995,62.032279,-4913.9999343,DELTA_EXIT,15750.0,15700.0,2021-07-15,development,-21387.554648349997,-5770.843548249997,15616.7111001
2021-07-22,2021-07-16 09:20:00+05:30,2021-07-19 09:15:00+05:30,PUT,PUT,False,,,-6261.644906949995,-6142.4999999999945,119.14490694999999,10018.380800249995,DELTA_EXIT,15800.0,15750.0,2021-07-22,development,-27649.19955529999,-5770.843548249997,21878.356007049995
2021-07-22,2021-07-19 09:20:00+05:30,2021-07-22 13:17:00+05:30,CALL,CALL,False,,,4431.2456966,4500.0,68.7543034,10344.928486499999,DELTA_EXIT,15900.0,15950.0,2021-07-22,development,-23217.95385869999,-5770.843548249997,17447.110310449993
2021-07-29,2021-07-23 09:20:00+05:30,2021-07-28 12:42:00+05:30,CALL,CALL,False,,,3012.5399992999987,3074.9999999999986,62.460000699999995,7242.467187299995,DELTA_EXIT,16000.0,16050.0,2021-07-29,development,-20205.413859399992,-5770.843548249997,14434.570311149995
2021-07-29,2021-07-28 12:43:00+05:30,2021-07-29 09:16:00+05:30,CALL,CALL,False,,,-4601.731540599999,-4529.999999999999,71.7315406,-7107.013942499998,DELTA_EXIT,15750.0,15800.0,2021-07-29,development,-24807.14539999999,-5770.843548249997,19036.301851749995
2021-08-05,2021-07-30 09:20:00+05:30,2021-08-04 09:15:00+05:30,PUT,PUT,False,,,2286.9389549000016,2355.0000000000014,68.0610451,-6690.804425699999,DELTA_EXIT,15600.0,15550.0,2021-08-05,development,-22520.20644509999,-5770.843548249997,16749.36289684999
2021-08-05,2021-08-04 09:20:00+05:30,2021-08-05 13:00:00+05:30,PUT,PUT,False,,,2249.0491453999994,2309.9999999999995,60.9508546,-400.6489911000001,DELTA_EXIT,16100.0,16050.0,2021-08-05,development,-20271.15729969999,-5770.843548249997,14500.313751449992
2021-08-12,2021-08-06 09:20:00+05:30,2021-08-12 11:43:00+05:30,PUT,PUT,False,,,2179.6964594,2250.0,70.3035406,1352.988304200001,DELTA_EXIT,16100.0,16050.0,2021-08-12,development,-18091.460840299987,-5770.843548249997,12320.61729204999
2021-08-18,2021-08-13 09:20:00+05:30,2021-08-18 09:15:00+05:30,PUT,PUT,False,,,2364.5486606000004,2430.0000000000005,65.45133940000001,-6277.5714321,DELTA_EXIT,16250.0,16200.0,2021-08-18,development,-15726.912179699986,-5770.843548249997,9956.068631449989
2021-08-26,2021-08-20 09:20:00+05:30,2021-08-25 09:22:00+05:30,PUT,PUT,False,,,2638.0400873000012,2715.0000000000014,76.9599127,-5710.6788695999985,DELTA_EXIT,16250.0,16200.0,2021-08-26,development,-13088.872092399984,-5770.843548249997,7318.028544149987
2021-08-26,2021-08-25 09:23:00+05:30,2021-08-26 15:08:00+05:30,PUT,PUT,False,,,2563.6660487,2625.0,61.333951299999995,439.8728000999986,DELTA_EXIT,16600.0,16550.0,2021-08-26,development,-10525.206043699985,-5770.843548249997,4754.362495449988
2021-09-02,2021-08-27 09:20:00+05:30,2021-08-31 12:29:00+05:30,PUT,PUT,False,,,2136.7355363000015,2205.0000000000014,68.26446370000001,-5712.564077100001,DELTA_EXIT,16450.0,16400.0,2021-09-02,development,-8388.470507399983,-5770.843548249997,2617.626959149986
2021-09-02,2021-08-31 12:30:00+05:30,2021-09-02 09:27:00+05:30,PUT,PUT,False,,,1813.0623616999992,1874.999999999999,61.93763829999999,-5181.780998399998,DELTA_EXIT,16850.0,16800.0,2021-09-02,development,-6575.408145699984,-5770.843548249997,804.5645974499866
2021-09-09,2021-09-03 09:20:00+05:30,2021-09-09 09:28:00+05:30,PUT,PUT,False,,,2644.5443417000015,2715.0000000000014,70.4556583,-59.265579599999,DELTA_EXIT,17100.0,17050.0,2021-09-09,development,-3930.8638039999823,-3930.8638039999823,0.0
2021-09-16,2021-09-13 09:20:00+05:30,2021-09-15 13:43:00+05:30,PUT,PUT,False,,,2525.8753804999997,2594.9999999999995,69.1246195,-6188.083194,DELTA_EXIT,17150.0,17100.0,2021-09-16,development,-1404.9884234999827,-1404.9884234999827,0.0
2021-09-16,2021-09-15 13:44:00+05:30,2021-09-16 13:41:00+05:30,PUT,PUT,False,,,2371.108035799999,2429.999999999999,58.891964200000004,-3972.8114828999987,DELTA_EXIT,17450.0,17400.0,2021-09-16,development,966.1196123000163,966.1196123000163,0.0
2021-09-23,2021-09-17 09:20:00+05:30,2021-09-20 09:15:00+05:30,PUT,PUT,False,,,-4441.1271315999975,-4319.999999999997,121.12713160000001,6983.858376599998,DELTA_EXIT,17500.0,17450.0,2021-09-23,development,-3475.007519299981,966.1196123000163,4441.1271315999975
2021-09-23,2021-09-20 09:20:00+05:30,2021-09-23 09:15:00+05:30,CALL,CALL,False,,,-3664.633128699998,-3584.999999999998,79.6331287,-6113.9460987,DELTA_EXIT,17650.0,17700.0,2021-09-23,development,-7139.640647999979,966.1196123000163,8105.760260299995
2021-09-30,2021-09-24 09:20:00+05:30,2021-09-28 12:22:00+05:30,PUT,PUT,False,,,-4070.9928630999957,-3944.9999999999955,125.99286310000004,6578.1382718999985,DELTA_EXIT,17700.0,17650.0,2021-09-30,development,-11210.633511099975,966.1196123000163,12176.75312339999
2021-09-30,2021-09-28 12:23:00+05:30,2021-09-30 13:07:00+05:30,CALL,CALL,False,,,3186.2026781000013,3255.0000000000014,68.79732189999999,451.4646281999985,DELTA_EXIT,17850.0,17900.0,2021-09-30,development,-8024.430832999974,966.1196123000163,8990.55044529999
2021-10-07,2021-10-01 09:20:00+05:30,2021-10-05 12:52:00+05:30,CALL,CALL,False,,,-4249.853357199997,-4139.999999999997,109.8533572,-7071.466766999998,DELTA_EXIT,17750.0,17800.0,2021-10-07,development,-12274.28419019997,966.1196123000163,13240.403802499986
2021-10-07,2021-10-05 12:53:00+05:30,2021-10-07 11:55:00+05:30,PUT,PUT,False,,,2289.9705989000013,2355.0000000000014,65.0294011,395.6716589999983,DELTA_EXIT,17600.0,17550.0,2021-10-07,development,-9984.31359129997,966.1196123000163,10950.433203599987
2021-10-14,2021-10-08 09:20:00+05:30,2021-10-13 14:15:00+05:30,PUT,PUT,False,,,2876.1497009000027,2955.0000000000027,78.8502991,-6265.290593999999,DELTA_EXIT,17650.0,17600.0,2021-10-14,development,-7108.1638903999665,966.1196123000163,8074.283502699983
2021-10-14,2021-10-13 14:16:00+05:30,2021-10-14 11:46:00+05:30,PUT,PUT,False,,,1739.7520783999994,1799.9999999999993,60.24792160000001,-4383.685382400001,DELTA_EXIT,18050.0,18000.0,2021-10-14,development,-5368.4118119999675,966.1196123000163,6334.531424299984
2021-10-21,2021-10-18 09:20:00+05:30,2021-10-20 14:15:00+05:30,PUT,PUT,False,,,-3113.874500499997,-3014.999999999997,98.87450050000001,5865.909381299996,DELTA_EXIT,18250.0,18200.0,2021-10-21,development,-8482.286312499964,966.1196123000163,9448.40592479998
2021-10-21,2021-10-20 14:16:00+05:30,2021-10-21 12:12:00+05:30,CALL,CALL,False,,,2891.2803605000004,2955.0000000000005,63.719639499999985,5120.878254900001,DELTA_EXIT,18400.0,18450.0,2021-10-21,development,-5591.005951999963,966.1196123000163,6557.1255642999795
2021-10-28,2021-10-22 09:20:00+05:30,2021-10-28 09:15:00+05:30,CALL,CALL,False,,,3237.0072149000034,3315.0000000000036,77.99278509999999,7493.2767855,DELTA_EXIT,18500.0,18550.0,2021-10-28,development,-2353.9987370999597,966.1196123000163,3320.118349399976
2021-11-11,2021-11-08 09:20:00+05:30,2021-11-11 11:25:00+05:30,CALL,CALL,False,,,2841.897864200002,2910.000000000002,68.1021358,540.6386016000001,DELTA_EXIT,18150.0,18200.0,2021-11-11,development,487.8991271000423,966.1196123000163,478.22048519997406
2021-11-18,2021-11-12 09:20:00+05:30,2021-11-15 09:17:00+05:30,CALL,CALL,False,,,-4676.205101200001,-4560.000000000001,116.20510119999997,-1403.126031600004,DELTA_EXIT,18200.0,18250.0,2021-11-18,development,-4188.305974099959,966.1196123000163,5154.425586399975
2021-11-18,2021-11-15 09:20:00+05:30,2021-11-16 09:37:00+05:30,PUT,PUT,False,,,-3191.054340099996,-3074.999999999996,116.0543401,6810.6255638999955,DELTA_EXIT,18050.0,18000.0,2021-11-18,development,-7379.360314199955,966.1196123000163,8345.479926499971
2021-11-18,2021-11-16 09:38:00+05:30,2021-11-18 09:25:00+05:30,CALL,CALL,False,,,3681.1794373999987,3749.9999999999986,68.82056260000002,7171.405756499998,DELTA_EXIT,18200.0,18250.0,2021-11-18,development,-3698.180876799956,966.1196123000163,4664.300489099973
2021-11-25,2021-11-22 09:20:00+05:30,2021-11-23 09:18:00+05:30,CALL,CALL,False,,,3181.186685300003,3255.0000000000027,73.8133147,6864.759549300006,DELTA_EXIT,17900.0,17950.0,2021-11-25,development,-516.9941914999531,966.1196123000163,1483.1138037999694
2021-11-25,2021-11-23 09:20:00+05:30,2021-11-23 13:32:00+05:30,CALL,CALL,False,,,-4492.345074400001,-4380.000000000001,112.34507439999999,-6832.072914900003,DELTA_EXIT,17500.0,17550.0,2021-11-25,development,-5009.339265899955,966.1196123000163,5975.458878199971
2021-11-25,2021-11-23 13:33:00+05:30,2021-11-25 14:22:00+05:30,PUT,PUT,False,,,2150.6699983999997,2219.9999999999995,69.3300016,964.4272284000012,DELTA_EXIT,17350.0,17300.0,2021-11-25,development,-2858.669267499955,966.1196123000163,3824.7888797999713
2021-12-02,2021-11-26 09:20:00+05:30,2021-11-26 15:05:00+05:30,PUT,PUT,False,,,-3506.6967187000064,-3345.0000000000064,161.6967187,6970.249279500007,DELTA_EXIT,17050.0,17000.0,2021-12-02,development,-6365.365986199961,966.1196123000163,7331.485598499978
2021-12-02,2021-11-26 15:06:00+05:30,2021-11-30 10:26:00+05:30,CALL,CALL,False,,,-4747.735058799997,-4619.999999999997,127.7350588,-7240.2183348,DELTA_EXIT,17300.0,17350.0,2021-12-02,development,-11113.10104499996,966.1196123000163,12079.220657299975
2021-12-02,2021-11-30 10:27:00+05:30,2021-11-30 11:24:00+05:30,PUT,PUT,False,,,-4261.9359127,-4125.0,136.93591270000002,8302.8980085,DELTA_EXIT,17100.0,17050.0,2021-12-02,development,-15375.036957699958,966.1196123000163,16341.156569999974
2021-12-02,2021-11-30 11:25:00+05:30,2021-12-02 11:19:00+05:30,CALL,CALL,False,,,-4147.301489499999,-4064.999999999999,82.3014895,-6663.944136,DELTA_EXIT,17300.0,17350.0,2021-12-02,development,-19522.338447199956,966.1196123000163,20488.45805949997
2021-12-09,2021-12-03 09:20:00+05:30,2021-12-03 14:42:00+05:30,PUT,PUT,False,,,-3754.551613599996,-3599.999999999996,154.5516136,7246.7723502,DELTA_EXIT,17200.0,17150.0,2021-12-09,development,-23276.890060799953,966.1196123000163,24243.00967309997
2021-12-09,2021-12-03 14:43:00+05:30,2021-12-08 13:23:00+05:30,CALL,CALL,False,,,-4089.2321073999974,-3989.9999999999973,99.2321074,-389.4097076999965,DELTA_EXIT,17450.0,17500.0,2021-12-09,development,-27366.122168199952,966.1196123000163,28332.241780499968
2021-12-09,2021-12-08 13:24:00+05:30,2021-12-09 14:35:00+05:30,PUT,PUT,False,,,2592.9681137000007,2655.0000000000005,62.0318863,617.6970992999986,DELTA_EXIT,17350.0,17300.0,2021-12-09,development,-24773.15405449995,966.1196123000163,25739.273666799967
2021-12-16,2021-12-10 09:20:00+05:30,2021-12-15 10:39:00+05:30,PUT,PUT,False,,,-4362.084285099997,-4244.999999999997,117.0842851,7947.4476927,DELTA_EXIT,17200.0,17150.0,2021-12-16,development,-29135.23833959995,966.1196123000163,30101.357951899965
2021-12-16,2021-12-15 10:40:00+05:30,2021-12-16 09:15:00+05:30,CALL,CALL,False,,,-3097.9445892999984,-3014.999999999998,82.9445893,-5672.6236977,DELTA_EXIT,17350.0,17400.0,2021-12-16,development,-32233.182928899947,966.1196123000163,33199.30254119996
2021-12-23,2021-12-17 09:20:00+05:30,2021-12-20 09:15:00+05:30,PUT,PUT,False,,,-6033.4269874,-5850.0,183.42698740000003,8704.8205185,DELTA_EXIT,16950.0,16900.0,2021-12-23,development,-38266.609916299945,966.1196123000163,39232.729528599964
2021-12-23,2021-12-20 09:20:00+05:30,2021-12-23 09:15:00+05:30,CALL,CALL,False,,,-5128.843726299993,-5024.999999999994,103.84372629999999,-1464.761424899988,DELTA_EXIT,17000.0,17050.0,2021-12-23,development,-43395.45364259994,966.1196123000163,44361.57325489996
2021-12-30,2021-12-24 09:20:00+05:30,2021-12-29 12:58:00+05:30,PUT,PUT,False,,,2171.5110206000018,2250.000000000002,78.4889794,1294.1912514000019,DELTA_EXIT,16800.0,16750.0,2021-12-30,development,-41223.94262199994,966.1196123000163,42190.062234299956
2021-12-30,2021-12-29 12:59:00+05:30,2021-12-30 13:50:00+05:30,PUT,PUT,False,,,1592.690545399999,1649.999999999999,57.309454599999995,945.1184883000008,DELTA_EXIT,17100.0,17050.0,2021-12-30,development,-39631.252076599936,966.1196123000163,40597.371688899955
2022-01-06,2021-12-31 09:20:00+05:30,2022-01-04 09:15:00+05:30,PUT,PUT,False,,,2499.4560572000028,2580.0000000000027,80.54394280000001,-6228.4205193,DELTA_EXIT,17050.0,17000.0,2022-01-06,development,-37131.79601939993,966.1196123000163,38097.91563169995
2022-01-06,2022-01-04 09:20:00+05:30,2022-01-05 15:07:00+05:30,PUT,PUT,False,,,2660.7111962000013,2730.0000000000014,69.2888038,-7220.099242800001,DELTA_EXIT,17500.0,17450.0,2022-01-06,development,-34471.08482319993,966.1196123000163,35437.20443549995
2022-01-06,2022-01-05 15:08:00+05:30,2022-01-06 09:15:00+05:30,PUT,PUT,False,,,-4991.351011899998,-4904.999999999998,86.35101189999999,8965.644880799999,DELTA_EXIT,17850.0,17800.0,2022-01-06,development,-39462.43583509993,966.1196123000163,40428.55544739995
2022-01-13,2022-01-07 09:20:00+05:30,2022-01-12 09:15:00+05:30,CALL,CALL,False,,,-6096.782225799997,-5969.999999999997,126.7822258,-9045.3327168,DELTA_EXIT,18100.0,18150.0,2022-01-13,development,-45559.218060899926,966.1196123000163,46525.337673199945
2022-01-13,2022-01-12 09:20:00+05:30,2022-01-13 09:32:00+05:30,PUT,PUT,False,,,2143.7083175000002,2205.0000000000005,61.29168250000001,-4590.877967699998,DELTA_EXIT,18000.0,17950.0,2022-01-13,development,-43415.509743399925,966.1196123000163,44381.629355699944
2022-01-20,2022-01-14 09:20:00+05:30,2022-01-19 12:48:00+05:30,PUT,PUT,False,,,-3465.6757431999945,-3359.9999999999945,105.67574320000001,125.05187369999612,DELTA_EXIT,17900.0,17850.0,2022-01-20,development,-46881.18548659992,966.1196123000163,47847.30509889994
2022-01-20,2022-01-19 12:49:00+05:30,2022-01-20 11:20:00+05:30,CALL,CALL,False,,,2115.095262499999,2174.999999999999,59.9047375,4444.742388000001,DELTA_EXIT,18050.0,18100.0,2022-01-20,development,-44766.09022409992,966.1196123000163,45732.20983639994
2022-01-27,2022-01-21 09:20:00+05:30,2022-01-24 15:22:00+05:30,CALL,CALL,False,,,3354.2705957000007,3435.000000000001,80.72940429999998,7012.328269800011,DELTA_EXIT,17850.0,17900.0,2022-01-27,development,-41411.81962839992,966.1196123000163,42377.93924069994
2022-01-27,2022-01-24 15:23:00+05:30,2022-01-27 09:15:00+05:30,CALL,CALL,False,,,3090.0283631000016,3165.0000000000014,74.9716369,6578.915703600005,DELTA_EXIT,17400.0,17450.0,2022-01-27,development,-38321.79126529992,966.1196123000163,39287.91087759994
2022-02-03,2022-01-28 09:20:00+05:30,2022-02-02 11:49:00+05:30,CALL,CALL,False,,,-3594.938998299999,-3464.999999999999,129.93899829999998,-6983.753494800001,DELTA_EXIT,17750.0,17800.0,2022-02-03,development,-41916.73026359992,966.1196123000163,42882.84987589994
2022-02-03,2022-02-02 11:50:00+05:30,2022-02-03 13:46:00+05:30,PUT,PUT,False,,,-3550.969060000001,-3480.000000000001,70.96906,5875.533320699999,DELTA_EXIT,17600.0,17550.0,2022-02-03,development,-45467.699323599925,966.1196123000163,46433.818935899944
2022-02-10,2022-02-04 09:20:00+05:30,2022-02-08 10:25:00+05:30,CALL,CALL,False,,,3816.5002400000017,3900.000000000002,83.49976,8060.913478800005,DELTA_EXIT,17750.0,17800.0,2022-02-10,development,-41651.199083599924,966.1196123000163,42617.31869589994
2022-02-10,2022-02-08 10:26:00+05:30,2022-02-09 09:23:00+05:30,CALL,CALL,False,,,-4257.945014499998,-4154.999999999998,102.94501450000001,-6882.601847699998,DELTA_EXIT,17400.0,17450.0,2022-02-10,development,-45909.144098099925,966.1196123000163,46875.263710399944
2022-02-10,2022-02-09 09:24:00+05:30,2022-02-10 10:16:00+05:30,PUT,PUT,False,,,2246.017501400001,2310.000000000001,63.9824986,-5889.0819372,DELTA_EXIT,17250.0,17200.0,2022-02-10,development,-43663.12659669993,966.1196123000163,44629.246208999946
2022-02-17,2022-02-11 09:20:00+05:30,2022-02-14 09:15:00+05:30,PUT,PUT,False,,,-4635.421830400003,-4440.000000000004,195.42183039999998,7082.061441600005,DELTA_EXIT,17150.0,17100.0,2022-02-17,development,-48298.54842709993,966.1196123000163,49264.66803939995
2022-02-17,2022-02-14 09:20:00+05:30,2022-02-15 14:01:00+05:30,CALL,CALL,False,,,-3376.094104300004,-3225.000000000004,151.0941043,-5641.772890500006,DELTA_EXIT,17250.0,17300.0,2022-02-17,development,-51674.642531399935,966.1196123000163,52640.762143699954
2022-02-17,2022-02-15 14:02:00+05:30,2022-02-17 09:15:00+05:30,PUT,PUT,False,,,2369.6913551000016,2445.000000000002,75.3086449,-6051.505713299995,DELTA_EXIT,17000.0,16950.0,2022-02-17,development,-49304.95117629993,966.1196123000163,50271.07078859995
2022-02-24,2022-02-18 09:20:00+05:30,2022-02-24 09:15:00+05:30,PUT,PUT,False,,,-7453.601806300002,-7245.000000000002,208.6018063,11236.142273700001,DELTA_EXIT,16850.0,16800.0,2022-02-24,development,-56758.55298259993,966.1196123000163,57724.67259489995
2022-03-03,2022-02-25 09:20:00+05:30,2022-03-03 09:29:00+05:30,CALL,CALL,False,,,3044.548343300001,3135.000000000001,90.4516567,724.427047499998,DELTA_EXIT,17000.0,17050.0,2022-03-03,development,-53714.004639299936,966.1196123000163,54680.124251599955
2022-03-10,2022-03-04 09:20:00+05:30,2022-03-08 11:15:00+05:30,CALL,CALL,False,,,3471.1370306000013,3570.0000000000014,98.86296940000001,8172.5273583,DELTA_EXIT,16700.0,16750.0,2022-03-10,development,-50242.86760869993,966.1196123000163,51208.98722099995
2022-03-10,2022-03-08 11:16:00+05:30,2022-03-09 09:24:00+05:30,CALL,CALL,False,,,-3759.0715192,-3600.0,159.07151919999998,-6587.7568515,DELTA_EXIT,16100.0,16150.0,2022-03-10,development,-54001.93912789993,966.1196123000163,54968.05874019995
2022-03-10,2022-03-09 09:25:00+05:30,2022-03-10 09:15:00+05:30,PUT,PUT,False,,,2887.8517705999993,2969.9999999999995,82.14822940000002,-7183.433191199995,DELTA_EXIT,15850.0,15800.0,2022-03-10,development,-51114.08735729993,966.1196123000163,52080.20696959995
2022-03-17,2022-03-11 09:20:00+05:30,2022-03-16 09:24:00+05:30,PUT,PUT,False,,,2458.4297219000036,2565.0000000000036,106.57027809999998,-7160.497578600008,DELTA_EXIT,16150.0,16100.0,2022-03-17,development,-48655.657635399926,966.1196123000163,49621.777247699945
2022-03-17,2022-03-16 09:25:00+05:30,2022-03-17 09:15:00+05:30,PUT,PUT,False,,,2700.0892673000017,2775.000000000002,74.9107327,-9343.711184700007,DELTA_EXIT,16700.0,16650.0,2022-03-17,development,-45955.56836809992,966.1196123000163,46921.68798039994
2022-03-24,2022-03-21 09:20:00+05:30,2022-03-24 11:03:00+05:30,PUT,PUT,False,,,2729.9314400000017,2820.000000000002,90.06855999999999,878.5053821999995,DELTA_EXIT,16950.0,16900.0,2022-03-24,development,-43225.63692809992,966.1196123000163,44191.75654039994
2022-03-31,2022-03-25 09:20:00+05:30,2022-03-30 09:17:00+05:30,PUT,PUT,False,,,2505.866530100002,2595.000000000002,89.1334699,-5425.942799699999,DELTA_EXIT,16900.0,16850.0,2022-03-31,development,-40719.77039799992,966.1196123000163,41685.89001029994
2022-03-31,2022-03-30 09:20:00+05:30,2022-03-31 10:58:00+05:30,PUT,PUT,False,,,1887.6679838,1950.0,62.332016200000005,-5042.8386831,DELTA_EXIT,17300.0,17250.0,2022-03-31,development,-38832.10241419992,966.1196123000163,39798.22202649994
2022-04-07,2022-04-01 09:20:00+05:30,2022-04-04 13:27:00+05:30,PUT,PUT,False,,,2714.894561900003,2805.0000000000027,90.10543810000001,-7300.873034700007,DELTA_EXIT,17200.0,17150.0,2022-04-07,development,-36117.20785229992,966.1196123000163,37083.32746459994
2022-04-07,2022-04-04 13:28:00+05:30,2022-04-06 10:39:00+05:30,PUT,PUT,False,,,-4185.158378799996,-4079.999999999996,105.1583788,6935.181350399998,DELTA_EXIT,17800.0,17750.0,2022-04-07,development,-40302.36623109992,966.1196123000163,41268.48584339994
2022-04-07,2022-04-06 10:40:00+05:30,2022-04-07 09:37:00+05:30,CALL,CALL,False,,,2232.3862036999994,2294.9999999999995,62.6137963,4158.4353753,DELTA_EXIT,17950.0,18000.0,2022-04-07,development,-38069.98002739992,966.1196123000163,39036.09963969994
2022-04-13,2022-04-08 09:20:00+05:30,2022-04-12 11:37:00+05:30,CALL,CALL,False,,,3027.483095900003,3105.0000000000027,77.51690410000002,-42.575077499999225,DELTA_EXIT,17950.0,18000.0,2022-04-13,development,-35042.49693149992,966.1196123000163,36008.61654379994
2022-04-13,2022-04-12 11:38:00+05:30,2022-04-13 09:30:00+05:30,CALL,CALL,False,,,-3943.719316600001,-3870.000000000001,73.71931659999998,-7029.652280400002,DELTA_EXIT,17650.0,17700.0,2022-04-13,development,-38986.21624809992,966.1196123000163,39952.33586039994
2022-04-21,2022-04-18 09:20:00+05:30,2022-04-19 15:08:00+05:30,PUT,PUT,False,,,-4067.3108697999987,-3929.9999999999986,137.3108698,7217.293822499999,DELTA_EXIT,16950.0,16900.0,2022-04-21,development,-43053.52711789992,966.1196123000163,44019.64673019994
2022-04-21,2022-04-19 15:09:00+05:30,2022-04-20 12:38:00+05:30,CALL,CALL,False,,,-4752.949334199996,-4649.999999999996,102.94933420000002,-7430.902240499997,DELTA_EXIT,17150.0,17200.0,2022-04-21,development,-47806.476452099916,966.1196123000163,48772.596064399935
2022-04-21,2022-04-20 12:39:00+05:30,2022-04-21 10:35:00+05:30,PUT,PUT,False,,,1917.5212567999993,1979.9999999999993,62.4787432,-5769.503482799999,DELTA_EXIT,17000.0,16950.0,2022-04-21,development,-45888.95519529992,966.1196123000163,46855.074807599936
2022-04-28,2022-04-22 09:20:00+05:30,2022-04-25 09:16:00+05:30,PUT,PUT,False,,,-3578.07777400001,-3420.00000000001,158.07777399999998,6964.378914300011,DELTA_EXIT,16950.0,16900.0,2022-04-28,development,-49467.03296929993,966.1196123000163,50433.15258159995
2022-04-28,2022-04-25 09:20:00+05:30,2022-04-26 15:07:00+05:30,CALL,CALL,False,,,-4331.542002099997,-4214.999999999997,116.54200210000002,-7132.1490273,DELTA_EXIT,17200.0,17250.0,2022-04-28,development,-53798.574971399925,966.1196123000163,54764.694583699944
2022-04-28,2022-04-26 15:08:00+05:30,2022-04-27 09:40:00+05:30,PUT,PUT,False,,,-4100.421629799997,-3989.9999999999973,110.4216298,7468.5275463,DELTA_EXIT,17050.0,17000.0,2022-04-28,development,-57898.99660119992,966.1196123000163,58865.11621349994
2022-04-28,2022-04-27 09:41:00+05:30,2022-04-28 12:34:00+05:30,CALL,CALL,False,,,-2939.8588963000007,-2865.0000000000005,74.8588963,-5631.773825100001,DELTA_EXIT,17200.0,17250.0,2022-04-28,development,-60838.85549749992,966.1196123000163,61804.97510979994
2022-05-05,2022-04-29 09:20:00+05:30,2022-05-02 09:15:00+05:30,PUT,PUT,False,,,-5899.3517626000075,-5730.000000000007,169.3517626,9211.57092840001,DELTA_EXIT,17050.0,17000.0,2022-05-05,development,-66738.20726009992,966.1196123000163,67704.32687239994
2022-05-05,2022-05-02 09:20:00+05:30,2022-05-05 09:15:00+05:30,CALL,CALL,False,,,3208.366599500001,3285.000000000001,76.6334005,6856.480329000001,DELTA_EXIT,17200.0,17250.0,2022-05-05,development,-63529.84066059992,966.1196123000163,64495.96027289994
2022-05-12,2022-05-06 09:20:00+05:30,2022-05-11 09:45:00+05:30,CALL,CALL,False,,,3245.2642346000007,3330.000000000001,84.7357654,7328.934881699997,DELTA_EXIT,16700.0,16750.0,2022-05-12,development,-60284.57642599992,966.1196123000163,61250.69603829994
2022-05-12,2022-05-11 09:46:00+05:30,2022-05-12 09:15:00+05:30,CALL,CALL,False,,,3158.085710300001,3225.0000000000014,66.9142897,7145.708744099995,DELTA_EXIT,16400.0,16450.0,2022-05-12,development,-57126.49071569992,966.1196123000163,58092.61032799994
2022-05-19,2022-05-13 09:20:00+05:30,2022-05-17 14:55:00+05:30,CALL,CALL,False,,,-4127.926908999994,-3989.9999999999945,137.926909,-6677.884338599995,DELTA_EXIT,16250.0,16300.0,2022-05-19,development,-61254.41762469991,966.1196123000163,62220.53723699993
2022-05-19,2022-05-17 14:56:00+05:30,2022-05-19 09:15:00+05:30,PUT,PUT,False,,,-4044.105012999996,-3929.999999999996,114.105013,7084.982463299997,DELTA_EXIT,16000.0,15950.0,2022-05-19,development,-65298.522637699905,966.1196123000163,66264.64224999992
2022-05-26,2022-05-20 09:20:00+05:30,2022-05-23 13:30:00+05:30,CALL,CALL,False,,,-4466.592941200001,-4320.000000000002,146.5929412,-7241.304290699996,DELTA_EXIT,16400.0,16450.0,2022-05-26,development,-69765.1155788999,966.1196123000163,70731.23519119991
2022-05-26,2022-05-23 13:31:00+05:30,2022-05-24 14:29:00+05:30,PUT,PUT,False,,,-4909.6351872999985,-4754.999999999998,154.6351873,8045.628557099999,DELTA_EXIT,16100.0,16050.0,2022-05-26,development,-74674.7507661999,966.1196123000163,75640.87037849991
2022-05-26,2022-05-24 14:30:00+05:30,2022-05-26 09:41:00+05:30,CALL,CALL,False,,,2917.6059023000007,2985.000000000001,67.39409769999999,71.502397199999,DELTA_EXIT,16300.0,16350.0,2022-05-26,development,-71757.1448638999,966.1196123000163,72723.26447619991
2022-06-02,2022-05-27 09:20:00+05:30,2022-05-30 09:30:00+05:30,CALL,CALL,False,,,-3909.677243499997,-3764.9999999999973,144.6772435,-6387.2890038000005,DELTA_EXIT,16600.0,16650.0,2022-06-02,development,-75666.8221073999,966.1196123000163,76632.94171969991
2022-06-02,2022-05-30 09:31:00+05:30,2022-06-02 13:34:00+05:30,PUT,PUT,False,,,2950.8104438000005,3030.0000000000005,79.1895562,844.3802472000011,DELTA_EXIT,16350.0,16300.0,2022-06-02,development,-72716.0116635999,966.1196123000163,73682.13127589991
2022-06-09,2022-06-03 09:20:00+05:30,2022-06-06 09:25:00+05:30,PUT,PUT,False,,,-3676.059975099998,-3524.999999999998,151.05997510000003,6898.7468823,DELTA_EXIT,16500.0,16450.0,2022-06-09,development,-76392.0716386999,966.1196123000163,77358.19125099991
2022-06-09,2022-06-06 09:26:00+05:30,2022-06-08 13:31:00+05:30,CALL,CALL,False,,,3046.5989132000013,3120.0000000000014,73.4010868,437.0065185000003,DELTA_EXIT,16750.0,16800.0,2022-06-09,development,-73345.4727254999,966.1196123000163,74311.59233779991
2022-06-09,2022-06-08 13:32:00+05:30,2022-06-09 13:07:00+05:30,CALL,CALL,False,,,2787.951441799999,2849.999999999999,62.04855820000001,-328.11039900000196,DELTA_EXIT,16500.0,16550.0,2022-06-09,development,-70557.5212836999,966.1196123000163,71523.64089599991
2022-06-16,2022-06-10 09:20:00+05:30,2022-06-13 09:27:00+05:30,CALL,CALL,False,,,3310.4001794000014,3390.0000000000014,79.5998206,9696.091576500014,DELTA_EXIT,16550.0,16600.0,2022-06-16,development,-67247.12110429989,966.1196123000163,68213.2407165999
2022-06-16,2022-06-13 09:28:00+05:30,2022-06-16 09:42:00+05:30,CALL,CALL,False,,,2997.6298229000017,3075.000000000002,77.37017709999999,20.08043129999851,DELTA_EXIT,16050.0,16100.0,2022-06-16,development,-64249.49128139989,966.1196123000163,65215.61089369991
2022-06-23,2022-06-17 09:20:00+05:30,2022-06-21 12:49:00+05:30,CALL,CALL,False,,,-4408.170633699996,-4274.999999999996,133.17063370000002,-7161.285729899992,DELTA_EXIT,15650.0,15700.0,2022-06-23,development,-68657.66191509989,966.1196123000163,69623.7815273999
2022-06-23,2022-06-21 12:50:00+05:30,2022-06-22 10:03:00+05:30,PUT,PUT,False,,,-3071.5310064999962,-2954.9999999999964,116.5310065,6690.826626299995,DELTA_EXIT,15450.0,15400.0,2022-06-23,development,-71729.19292159988,966.1196123000163,72695.3125338999
2022-06-23,2022-06-22 10:04:00+05:30,2022-06-23 10:22:00+05:30,CALL,CALL,False,,,-4370.181302199999,-4289.999999999999,80.18130219999999,-6344.267219400001,DELTA_EXIT,15600.0,15650.0,2022-06-23,development,-76099.37422379988,966.1196123000163,77065.4938360999
2022-06-30,2022-06-24 09:20:00+05:30,2022-06-30 09:15:00+05:30,PUT,PUT,False,,,2628.0632225000036,2715.0000000000036,86.93677749999999,906.8152727999977,DELTA_EXIT,15450.0,15400.0,2022-06-30,development,-73471.31100129988,966.1196123000163,74437.43061359989
2022-07-07,2022-07-01 09:20:00+05:30,2022-07-05 09:55:00+05:30,PUT,PUT,False,,,2776.1720507000014,2865.0000000000014,88.8279493,-6530.425859699997,DELTA_EXIT,15350.0,15300.0,2022-07-07,development,-70695.13895059988,966.1196123000163,71661.2585628999
2022-07-07,2022-07-05 09:56:00+05:30,2022-07-07 09:15:00+05:30,PUT,PUT,False,,,2315.965415900001,2385.000000000001,69.0345841,889.6011230999998,DELTA_EXIT,15750.0,15700.0,2022-07-07,development,-68379.17353469988,966.1196123000163,69345.29314699989
2022-07-14,2022-07-08 09:20:00+05:30,2022-07-14 12:03:00+05:30,PUT,PUT,False,,,-3321.6347538999958,-3224.999999999996,96.6347539,6323.8120427999975,DELTA_EXIT,15950.0,15900.0,2022-07-14,development,-71700.80828859987,966.1196123000163,72666.92790089989
2022-07-21,2022-07-15 09:20:00+05:30,2022-07-18 14:48:00+05:30,CALL,CALL,False,,,-4389.5122428999985,-4274.999999999998,114.51224290000003,-7133.0033997,DELTA_EXIT,16250.0,16300.0,2022-07-21,development,-76090.32053149988,966.1196123000163,77056.44014379989
2022-07-21,2022-07-18 14:49:00+05:30,2022-07-20 10:36:00+05:30,PUT,PUT,False,,,2690.0408215999996,2759.9999999999995,69.9591784,-8950.078995300006,DELTA_EXIT,16100.0,16050.0,2022-07-21,development,-73400.27970989989,966.1196123000163,74366.3993221999
2022-07-21,2022-07-20 10:37:00+05:30,2022-07-21 14:15:00+05:30,PUT,PUT,False,,,2817.1157048000005,2880.0000000000005,62.884295200000004,199.83395849999852,DELTA_EXIT,16450.0,16400.0,2022-07-21,development,-70583.16400509988,966.1196123000163,71549.2836173999
2022-07-28,2022-07-22 09:20:00+05:30,2022-07-27 09:29:00+05:30,PUT,PUT,False,,,-3728.413254099997,-3614.9999999999973,113.41325409999999,6554.915954999997,DELTA_EXIT,16450.0,16400.0,2022-07-28,development,-74311.57725919988,966.1196123000163,75277.6968714999
2022-07-28,2022-07-27 09:30:00+05:30,2022-07-27 13:00:00+05:30,CALL,CALL,False,,,-5228.286628599996,-5129.999999999996,98.2866286,-7954.850339999995,DELTA_EXIT,16600.0,16650.0,2022-07-28,development,-79539.86388779987,966.1196123000163,80505.98350009989
2022-07-28,2022-07-27 13:01:00+05:30,2022-07-28 09:15:00+05:30,PUT,PUT,False,,,2455.5691807999997,2519.9999999999995,64.4308192,-7251.909304199997,DELTA_EXIT,16450.0,16400.0,2022-07-28,development,-77084.29470699988,966.1196123000163,78050.41431929989
2022-08-04,2022-07-29 09:20:00+05:30,2022-08-03 15:00:00+05:30,PUT,PUT,False,,,2786.5072007000035,2865.0000000000036,78.4927993,-7063.2759684,DELTA_EXIT,16900.0,16850.0,2022-08-04,development,-74297.78750629988,966.1196123000163,75263.90711859989
2022-08-04,2022-08-03 15:01:00+05:30,2022-08-04 11:43:00+05:30,PUT,PUT,False,,,-3374.6716831,-3285.0,89.6716831,5807.1123285,DELTA_EXIT,17250.0,17200.0,2022-08-04,development,-77672.45918939987,966.1196123000163,78638.57880169988
2022-08-11,2022-08-05 09:20:00+05:30,2022-08-11 09:16:00+05:30,CALL,CALL,False,,,-3247.001571399996,-3149.999999999996,97.00157139999997,-6207.502175699993,DELTA_EXIT,17700.0,17750.0,2022-08-11,development,-80919.46076079986,966.1196123000163,81885.58037309987
2022-08-18,2022-08-12 09:20:00+05:30,2022-08-17 10:33:00+05:30,PUT,PUT,False,,,2908.125124700001,2985.000000000001,76.8748753,-6893.339303399999,DELTA_EXIT,17450.0,17400.0,2022-08-18,development,-78011.33563609986,966.1196123000163,78977.45524839987
2022-08-18,2022-08-17 10:34:00+05:30,2022-08-18 14:15:00+05:30,PUT,PUT,False,,,2129.443130599999,2189.999999999999,60.5568694,50.20930830000043,DELTA_EXIT,17800.0,17750.0,2022-08-18,development,-75881.89250549985,966.1196123000163,76848.01211779987
2022-08-25,2022-08-19 09:20:00+05:30,2022-08-19 12:29:00+05:30,PUT,PUT,False,,,-4101.187961200006,-3960.0000000000055,141.1879612,7328.560136400006,DELTA_EXIT,17750.0,17700.0,2022-08-25,development,-79983.08046669986,966.1196123000163,80949.20007899987
2022-08-25,2022-08-19 12:30:00+05:30,2022-08-23 09:15:00+05:30,CALL,CALL,False,,,3030.873025100003,3105.0000000000027,74.12697490000001,7076.642762399995,DELTA_EXIT,18000.0,18050.0,2022-08-25,development,-76952.20744159985,966.1196123000163,77918.32705389986
2022-08-25,2022-08-23 09:20:00+05:30,2022-08-23 09:51:00+05:30,CALL,CALL,False,,,-4092.688257699996,-3974.999999999996,117.68825769999998,-7008.557854799998,DELTA_EXIT,17550.0,17600.0,2022-08-25,development,-81044.89569929984,966.1196123000163,82011.01531159985
2022-08-25,2022-08-23 09:52:00+05:30,2022-08-25 09:33:00+05:30,PUT,PUT,False,,,2616.3722530999985,2684.9999999999986,68.6277469,-11.178422099995714,DELTA_EXIT,17400.0,17350.0,2022-08-25,development,-78428.52344619985,966.1196123000163,79394.64305849986
2022-09-01,2022-08-26 09:20:00+05:30,2022-08-29 09:15:00+05:30,PUT,PUT,False,,,-6889.0683379000075,-6705.000000000007,184.0683379,10099.750011000007,DELTA_EXIT,17400.0,17350.0,2022-09-01,development,-85317.59178409986,966.1196123000163,86283.71139639987
2022-09-01,2022-08-29 09:20:00+05:30,2022-08-30 09:20:00+05:30,CALL,CALL,False,,,-3949.1709159999973,-3839.9999999999973,109.170916,-6259.128164699998,DELTA_EXIT,17450.0,17500.0,2022-09-01,development,-89266.76270009986,966.1196123000163,90232.88231239987
2022-09-01,2022-08-30 09:21:00+05:30,2022-09-01 10:08:00+05:30,PUT,PUT,False,,,2363.1982010000006,2430.0000000000005,66.80179899999999,-6907.808513399999,DELTA_EXIT,17300.0,17250.0,2022-09-01,development,-86903.56449909986,966.1196123000163,87869.68411139987
2022-09-08,2022-09-02 09:20:00+05:30,2022-09-08 09:15:00+05:30,PUT,PUT,False,,,2856.427554799999,2939.999999999999,83.5724452,589.8557355000007,DELTA_EXIT,17300.0,17250.0,2022-09-08,development,-84047.13694429985,966.1196123000163,85013.25655659987
2022-09-15,2022-09-09 09:20:00+05:30,2022-09-15 09:15:00+05:30,PUT,PUT,False,,,2699.675861300002,2775.000000000002,75.3241387,929.3926001999989,DELTA_EXIT,17650.0,17600.0,2022-09-15,development,-81347.46108299986,966.1196123000163,82313.58069529987
2022-09-22,2022-09-16 09:20:00+05:30,2022-09-19 09:22:00+05:30,PUT,PUT,False,,,-4092.7766794000026,-3930.0000000000027,162.7766794,7258.182355800004,DELTA_EXIT,17500.0,17450.0,2022-09-22,development,-85440.23776239986,966.1196123000163,86406.35737469987
2022-09-22,2022-09-19 09:23:00+05:30,2022-09-20 09:15:00+05:30,CALL,CALL,False,,,-4475.814574900001,-4335.000000000001,140.81457490000003,-7375.5613379999995,DELTA_EXIT,17750.0,17800.0,2022-09-22,development,-89916.05233729986,966.1196123000163,90882.17194959987
2022-09-22,2022-09-20 09:20:00+05:30,2022-09-22 09:16:00+05:30,PUT,PUT,False,,,-3610.6537860999993,-3494.999999999999,115.6537861,6513.1401291,DELTA_EXIT,17600.0,17550.0,2022-09-22,development,-93526.70612339985,966.1196123000163,94492.82573569987
2022-09-29,2022-09-23 09:20:00+05:30,2022-09-26 11:45:00+05:30,CALL,CALL,False,,,3145.5732887000017,3225.000000000002,79.4267113,7994.587077000006,DELTA_EXIT,17850.0,17900.0,2022-09-29,development,-90381.13283469985,966.1196123000163,91347.25244699986
2022-09-29,2022-09-26 11:46:00+05:30,2022-09-28 14:43:00+05:30,CALL,CALL,False,,,2757.2602565000034,2835.000000000003,77.7397435,-237.8064491999985,DELTA_EXIT,17300.0,17350.0,2022-09-29,development,-87623.87257819985,966.1196123000163,88589.99219049986
2022-09-29,2022-09-28 14:44:00+05:30,2022-09-29 13:19:00+05:30,CALL,CALL,False,,,2354.968741699999,2414.999999999999,60.0312583,-581.0364075000016,DELTA_EXIT,17050.0,17100.0,2022-09-29,development,-85268.90383649986,966.1196123000163,86235.02344879987
2022-10-06,2022-09-30 09:20:00+05:30,2022-09-30 12:41:00+05:30,CALL,CALL,False,,,-4290.130201900009,-4125.000000000008,165.1302019,-7171.11943290001,DELTA_EXIT,17100.0,17150.0,2022-10-06,development,-89559.03403839987,966.1196123000163,90525.15365069988
2022-10-06,2022-09-30 12:42:00+05:30,2022-10-06 09:15:00+05:30,PUT,PUT,False,,,2973.5806940000034,3060.000000000003,86.41930599999999,-8609.968722,DELTA_EXIT,16800.0,16750.0,2022-10-06,development,-86585.45334439987,966.1196123000163,87551.57295669988
2022-10-13,2022-10-07 09:20:00+05:30,2022-10-11 15:01:00+05:30,PUT,PUT,False,,,-4286.359786899999,-4154.999999999998,131.35978690000002,7378.317378,DELTA_EXIT,17000.0,16950.0,2022-10-13,development,-90871.81313129986,966.1196123000163,91837.93274359987
2022-10-13,2022-10-11 15:02:00+05:30,2022-10-13 11:58:00+05:30,CALL,CALL,False,,,3049.382513600001,3120.000000000001,70.61748639999999,431.0810325000002,DELTA_EXIT,17200.0,17250.0,2022-10-13,development,-87822.43061769987,966.1196123000163,88788.55022999988
2022-10-20,2022-10-14 09:20:00+05:30,2022-10-19 09:16:00+05:30,CALL,CALL,False,,,-3093.061038699999,-2984.9999999999986,108.0610387,-5625.181529699999,DELTA_EXIT,17550.0,17600.0,2022-10-20,development,-90915.49165639987,966.1196123000163,91881.61126869988
2022-10-20,2022-10-19 09:20:00+05:30,2022-10-20 14:30:00+05:30,PUT,PUT,False,,,2008.9551829999996,2069.9999999999995,61.04481700000001,244.58630760000005,DELTA_EXIT,17400.0,17350.0,2022-10-20,development,-88906.53647339987,966.1196123000163,89872.65608569988
2022-10-27,2022-10-21 09:20:00+05:30,2022-10-27 09:15:00+05:30,PUT,PUT,False,,,2808.4066184000026,2880.0000000000027,71.5933816,661.8431195999974,DELTA_EXIT,17400.0,17350.0,2022-10-27,development,-86098.12985499988,966.1196123000163,87064.24946729989
2022-11-03,2022-10-28 09:20:00+05:30,2022-11-01 09:15:00+05:30,PUT,PUT,False,,,2429.1774179000004,2505.0000000000005,75.82258209999999,-6071.723946599996,DELTA_EXIT,17550.0,17500.0,2022-11-03,development,-83668.95243709987,966.1196123000163,84635.07204939988
2022-11-03,2022-11-01 09:20:00+05:30,2022-11-03 14:51:00+05:30,PUT,PUT,False,,,2481.812041400002,2550.000000000002,68.1879586,667.5481223999982,DELTA_EXIT,17950.0,17900.0,2022-11-03,development,-81187.14039569987,966.1196123000163,82153.26000799988
2022-11-10,2022-11-04 09:20:00+05:30,2022-11-09 09:16:00+05:30,PUT,PUT,False,,,2328.356495600002,2400.000000000002,71.6435044,1335.6363525000002,DELTA_EXIT,17850.0,17800.0,2022-11-10,development,-78858.78390009986,966.1196123000163,79824.90351239988
2022-11-10,2022-11-09 09:20:00+05:30,2022-11-09 14:44:00+05:30,PUT,PUT,False,,,-3594.1615665999952,-3509.9999999999955,84.1615666,7446.589467899996,DELTA_EXIT,18150.0,18100.0,2022-11-10,development,-82452.94546669986,966.1196123000163,83419.06507899988
2022-11-10,2022-11-09 14:45:00+05:30,2022-11-10 10:09:00+05:30,CALL,CALL,False,,,2954.7626813000006,3015.0000000000005,60.2373187,5862.370549800002,DELTA_EXIT,18250.0,18300.0,2022-11-10,development,-79498.18278539987,966.1196123000163,80464.30239769988
2022-11-17,2022-11-11 09:20:00+05:30,2022-11-17 12:00:00+05:30,CALL,CALL,False,,,3232.415728400001,3300.0000000000014,67.58427160000001,660.0241332000005,DELTA_EXIT,18500.0,18550.0,2022-11-17,development,-76265.76705699987,966.1196123000163,77231.88666929989
2022-11-24,2022-11-18 09:20:00+05:30,2022-11-22 14:22:00+05:30,CALL,CALL,False,,,3231.4511144,3300.0,68.5488856,6586.521993299995,DELTA_EXIT,18550.0,18600.0,2022-11-24,development,-73034.31594259987,966.1196123000163,74000.43555489989
2022-11-24,2022-11-22 14:23:00+05:30,2022-11-24 10:08:00+05:30,CALL,CALL,False,,,-2331.576353500001,-2265.000000000001,66.5763535,-4297.6808550000005,DELTA_EXIT,18350.0,18400.0,2022-11-24,development,-75365.89229609988,966.1196123000163,76332.01190839989
2022-12-01,2022-11-25 09:20:00+05:30,2022-11-30 14:00:00+05:30,PUT,PUT,False,,,2244.336317000001,2310.000000000001,65.66368299999999,-5596.0999479,DELTA_EXIT,18300.0,18250.0,2022-12-01,development,-73121.55597909988,966.1196123000163,74087.6755913999
2022-12-01,2022-11-30 14:01:00+05:30,2022-12-01 09:15:00+05:30,PUT,PUT,False,,,1309.2222538999995,1364.9999999999995,55.777746099999995,-5565.436323,DELTA_EXIT,18550.0,18500.0,2022-12-01,development,-71812.33372519989,966.1196123000163,72778.4533374999
2022-12-08,2022-12-02 09:20:00+05:30,2022-12-05 10:03:00+05:30,PUT,PUT,False,,,-3212.446570299996,-3104.999999999996,107.44657030000002,6664.627786199998,DELTA_EXIT,18600.0,18550.0,2022-12-08,development,-75024.78029549989,966.1196123000163,75990.8999077999
2022-12-08,2022-12-05 10:04:00+05:30,2022-12-08 09:18:00+05:30,CALL,CALL,False,,,2768.394658100002,2835.000000000002,66.6053419,357.1092996000011,DELTA_EXIT,18800.0,18850.0,2022-12-08,development,-72256.38563739989,966.1196123000163,73222.5052496999
2022-12-15,2022-12-09 09:20:00+05:30,2022-12-15 09:15:00+05:30,CALL,CALL,False,,,3129.8585009000008,3195.000000000001,65.1414991,6895.693037700002,DELTA_EXIT,18850.0,18900.0,2022-12-15,development,-69126.52713649989,966.1196123000163,70092.6467487999
2022-12-22,2022-12-16 09:20:00+05:30,2022-12-22 09:25:00+05:30,CALL,CALL,False,,,3200.2198214000014,3270.0000000000014,69.7801786,6619.258008,DELTA_EXIT,18550.0,18600.0,2022-12-22,development,-65926.3073150999,966.1196123000163,66892.42692739991
2022-12-29,2022-12-23 09:20:00+05:30,2022-12-29 09:20:00+05:30,CALL,CALL,False,,,4000.305145999999,4079.9999999999986,79.694854,7146.921401699998,DELTA_EXIT,18250.0,18300.0,2022-12-29,development,-61926.0021690999,966.1196123000163,62892.12178139992
2023-01-05,2022-12-30 09:20:00+05:30,2023-01-04 14:19:00+05:30,CALL,CALL,False,,,2976.8439215000017,3045.000000000002,68.1560785,6649.260183299999,DELTA_EXIT,18450.0,18500.0,2023-01-05,development,-58949.158247599895,966.1196123000163,59915.277859899914
2023-01-05,2023-01-04 14:20:00+05:30,2023-01-05 13:17:00+05:30,CALL,CALL,False,,,2699.7696427999995,2759.9999999999995,60.2303572,5729.5466433,DELTA_EXIT,18200.0,18250.0,2023-01-05,development,-56249.3886047999,966.1196123000163,57215.508217099916
2023-01-12,2023-01-06 09:20:00+05:30,2023-01-12 09:28:00+05:30,CALL,CALL,False,,,3123.9054545000013,3195.0000000000014,71.09454550000001,6331.1871297,DELTA_EXIT,18200.0,18250.0,2023-01-12,development,-53125.48315029989,966.1196123000163,54091.60276259991
2023-01-19,2023-01-13 09:20:00+05:30,2023-01-17 15:07:00+05:30,CALL,CALL,False,,,-3919.0695993999943,-3809.9999999999945,109.0695994,-6647.882163299997,DELTA_EXIT,18050.0,18100.0,2023-01-19,development,-57044.552749699884,966.1196123000163,58010.6723619999
2023-01-19,2023-01-17 15:08:00+05:30,2023-01-19 11:03:00+05:30,PUT,PUT,False,,,1814.8537877000008,1875.0000000000007,60.1462123,-5234.498303099999,DELTA_EXIT,17900.0,17850.0,2023-01-19,development,-55229.698961999886,966.1196123000163,56195.818574299905
2023-01-25,2023-01-20 09:20:00+05:30,2023-01-25 11:23:00+05:30,PUT,PUT,False,,,-4261.781269899998,-4184.999999999998,76.78126990000001,7927.7309064,DELTA_EXIT,17900.0,17850.0,2023-01-25,development,-59491.480231899885,966.1196123000163,60457.5998441999
2023-02-02,2023-01-27 09:20:00+05:30,2023-02-01 14:18:00+05:30,CALL,CALL,False,,,3334.5760100000043,3420.000000000004,85.42399,7344.997235100004,DELTA_EXIT,18150.0,18200.0,2023-02-02,development,-56156.90422189988,966.1196123000163,57123.0238341999
2023-02-02,2023-02-01 14:19:00+05:30,2023-02-02 12:30:00+05:30,CALL,CALL,False,,,2275.181764400001,2340.0000000000014,64.8182356,5344.607080200001,DELTA_EXIT,17800.0,17850.0,2023-02-02,development,-53881.722457499876,966.1196123000163,54847.842069799895
2023-02-09,2023-02-03 09:20:00+05:30,2023-02-09 15:01:00+05:30,CALL,CALL,False,,,3229.2738428000016,3300.000000000002,70.7261572,829.2606879000018,DELTA_EXIT,17950.0,18000.0,2023-02-09,development,-50652.448614699875,966.1196123000163,51618.568226999894
2023-02-16,2023-02-10 09:20:00+05:30,2023-02-15 15:04:00+05:30,CALL,CALL,False,,,-3415.565576199999,-3329.999999999999,85.5655762,-5942.1024063,DELTA_EXIT,18000.0,18050.0,2023-02-16,development,-54068.01419089988,966.1196123000163,55034.1338031999
2023-02-16,2023-02-15 15:05:00+05:30,2023-02-16 10:48:00+05:30,PUT,PUT,False,,,1593.9858841999994,1649.9999999999993,56.01411579999999,-5663.5838865,DELTA_EXIT,17900.0,17850.0,2023-02-16,development,-52474.02830669988,966.1196123000163,53440.1479189999
2023-02-23,2023-02-17 09:20:00+05:30,2023-02-22 09:15:00+05:30,PUT,PUT,False,,,-5477.888928999997,-5369.999999999997,107.88892900000002,8322.515272799996,DELTA_EXIT,17800.0,17750.0,2023-02-23,development,-57951.917235699875,966.1196123000163,58918.036847999894
2023-02-23,2023-02-22 09:20:00+05:30,2023-02-23 09:16:00+05:30,CALL,CALL,False,,,2504.510710699999,2564.999999999999,60.489289299999996,5966.895665999998,DELTA_EXIT,17850.0,17900.0,2023-02-23,development,-55447.406524999875,966.1196123000163,56413.526137299894
2023-03-02,2023-02-24 09:20:00+05:30,2023-02-28 10:43:00+05:30,CALL,CALL,False,,,2886.9809381000027,2955.0000000000027,68.0190619,6537.894728100002,DELTA_EXIT,17800.0,17850.0,2023-03-02,development,-52560.42558689987,966.1196123000163,53526.54519919989
2023-03-02,2023-02-28 10:44:00+05:30,2023-03-02 13:03:00+05:30,CALL,CALL,False,,,2711.9402393,2775.0,63.059760700000005,-313.07352089999904,DELTA_EXIT,17500.0,17550.0,2023-03-02,development,-49848.485347599875,966.1196123000163,50814.604959899894
2023-03-09,2023-03-03 09:20:00+05:30,2023-03-03 13:43:00+05:30,CALL,CALL,False,,,-4090.1967213999947,-3989.9999999999945,100.19672140000002,-6364.6619153999945,DELTA_EXIT,17600.0,17650.0,2023-03-09,development,-53938.68206899987,966.1196123000163,54904.80168129989
2023-03-09,2023-03-03 13:44:00+05:30,2023-03-09 09:15:00+05:30,PUT,PUT,False,,,2365.265230999999,2429.999999999999,64.734769,-6537.608023799998,DELTA_EXIT,17450.0,17400.0,2023-03-09,development,-51573.416837999874,966.1196123000163,52539.53645029989
2023-03-16,2023-03-10 09:20:00+05:30,2023-03-13 14:08:00+05:30,PUT,PUT,False,,,-3915.2498040999953,-3794.9999999999955,120.24980409999998,6651.228071999996,DELTA_EXIT,17200.0,17150.0,2023-03-16,development,-55488.666642099866,966.1196123000163,56454.786254399885
2023-03-16,2023-03-13 14:09:00+05:30,2023-03-15 14:36:00+05:30,CALL,CALL,False,,,2647.3003817000003,2715.0000000000005,67.6996183,5869.117487999996,DELTA_EXIT,17400.0,17450.0,2023-03-16,development,-52841.36626039987,966.1196123000163,53807.48587269989
2023-03-16,2023-03-15 14:37:00+05:30,2023-03-16 10:05:00+05:30,CALL,CALL,False,,,2460.474931999999,2519.999999999999,59.525068000000005,6679.019674799996,DELTA_EXIT,17150.0,17200.0,2023-03-16,development,-50380.89132839987,966.1196123000163,51347.01094069989
2023-03-23,2023-03-17 09:20:00+05:30,2023-03-23 09:15:00+05:30,CALL,CALL,False,,,3229.0809200000017,3300.000000000002,70.91908,7279.315442100001,DELTA_EXIT,17350.0,17400.0,2023-03-23,development,-47151.81040839987,966.1196123000163,48117.93002069989
2023-03-29,2023-03-24 09:20:00+05:30,2023-03-28 14:38:00+05:30,CALL,CALL,False,,,3126.192967699999,3194.999999999999,68.8070323,959.2458731999996,DELTA_EXIT,17250.0,17300.0,2023-03-29,development,-44025.61744069987,966.1196123000163,44991.73705299989
2023-03-29,2023-03-28 14:39:00+05:30,2023-03-29 14:15:00+05:30,CALL,CALL,False,,,-2750.5143499000005,-2685.0000000000005,65.5143499,-5495.119022999999,DELTA_EXIT,17050.0,17100.0,2023-03-29,development,-46776.13179059987,966.1196123000163,47742.25140289989
2023-04-06,2023-03-31 09:20:00+05:30,2023-04-05 09:19:00+05:30,PUT,PUT,False,,,2149.6502635999996,2219.9999999999995,70.34973639999998,-6347.050819799998,DELTA_EXIT,17050.0,17000.0,2023-04-06,development,-44626.48152699987,966.1196123000163,45592.60113929989
2023-04-06,2023-04-05 09:20:00+05:30,2023-04-06 10:04:00+05:30,PUT,PUT,False,,,2621.829212300001,2685.000000000001,63.1707877,-6084.120386100001,DELTA_EXIT,17350.0,17300.0,2023-04-06,development,-42004.65231469987,966.1196123000163,42970.77192699989
2023-04-13,2023-04-10 09:20:00+05:30,2023-04-12 14:44:00+05:30,PUT,PUT,False,,,2619.899984300001,2685.000000000001,65.1000157,-6519.914247000001,DELTA_EXIT,17500.0,17450.0,2023-04-13,development,-39384.752330399875,966.1196123000163,40350.871942699894
2023-04-13,2023-04-12 14:45:00+05:30,2023-04-13 14:19:00+05:30,PUT,PUT,False,,,1850.1640199,1905.0,54.83598009999999,31.78250099999991,DELTA_EXIT,17700.0,17650.0,2023-04-13,development,-37534.58831049987,966.1196123000163,38500.70792279989
2023-04-20,2023-04-17 09:20:00+05:30,2023-04-20 14:17:00+05:30,PUT,PUT,False,,,2187.358250599999,2249.999999999999,62.6417494,538.2132864000023,DELTA_EXIT,17500.0,17450.0,2023-04-20,development,-35347.23005989987,966.1196123000163,36313.34967219989
2023-04-27,2023-04-21 09:20:00+05:30,2023-04-26 14:14:00+05:30,PUT,PUT,False,,,2543.9439025999995,2609.9999999999995,66.05609740000001,-6454.706721299998,DELTA_EXIT,17500.0,17450.0,2023-04-27,development,-32803.28615729987,966.1196123000163,33769.40576959989
2023-04-27,2023-04-26 14:15:00+05:30,2023-04-27 13:27:00+05:30,PUT,PUT,False,,,2432.9367326000006,2490.0000000000005,57.0632674,-4627.472438400002,DELTA_EXIT,17750.0,17700.0,2023-04-27,development,-30370.349424699874,966.1196123000163,31336.46903699989
2023-05-04,2023-04-28 09:20:00+05:30,2023-05-03 14:33:00+05:30,PUT,PUT,False,,,2350.7520005000015,2415.0000000000014,64.2479995,-8304.556992299997,DELTA_EXIT,17800.0,17750.0,2023-05-04,development,-28019.597424199874,966.1196123000163,28985.71703649989
2023-05-04,2023-05-03 14:34:00+05:30,2023-05-04 12:31:00+05:30,PUT,PUT,False,,,2014.3019006,2070.0,55.69809940000001,-4231.4700545999995,DELTA_EXIT,18000.0,17950.0,2023-05-04,development,-26005.295523599874,966.1196123000163,26971.41513589989
2023-05-11,2023-05-05 09:20:00+05:30,2023-05-10 15:07:00+05:30,PUT,PUT,False,,,1992.705647299999,2054.999999999999,62.294352700000005,-5510.8946720999975,DELTA_EXIT,18000.0,17950.0,2023-05-11,development,-24012.589876299877,966.1196123000163,24978.709488599892
2023-05-11,2023-05-10 15:08:00+05:30,2023-05-11 15:06:00+05:30,PUT,PUT,False,,,2373.0097034000005,2430.0000000000005,56.99029659999999,241.96806959999867,DELTA_EXIT,18250.0,18200.0,2023-05-11,development,-21639.580172899878,966.1196123000163,22605.699785199893
2023-05-18,2023-05-12 09:20:00+05:30,2023-05-18 11:48:00+05:30,PUT,PUT,False,,,2855.9976887000007,2925.000000000001,69.00231129999999,-6616.154783099995,DELTA_EXIT,18100.0,18050.0,2023-05-18,development,-18783.582484199876,966.1196123000163,19749.702096499892
2023-05-25,2023-05-19 09:20:00+05:30,2023-05-24 10:35:00+05:30,PUT,PUT,False,,,2662.9435886000006,2730.0000000000005,67.0564114,-6969.306485399997,DELTA_EXIT,18000.0,17950.0,2023-05-25,development,-16120.638895599875,966.1196123000163,17086.758507899893
2023-05-25,2023-05-24 10:36:00+05:30,2023-05-24 13:18:00+05:30,PUT,PUT,False,,,-2838.156041200001,-2760.000000000001,78.1560412,6110.1538638,DELTA_EXIT,18300.0,18250.0,2023-05-25,development,-18958.794936799877,966.1196123000163,19924.914549099893
2023-05-25,2023-05-24 13:19:00+05:30,2023-05-25 11:18:00+05:30,CALL,CALL,False,,,2120.414419699999,2174.999999999999,54.5855803,345.6828338999992,DELTA_EXIT,18400.0,18450.0,2023-05-25,development,-16838.38051709988,966.1196123000163,17804.500129399894
2023-06-01,2023-05-26 09:20:00+05:30,2023-05-26 14:26:00+05:30,CALL,CALL,False,,,-4549.212899199999,-4439.999999999999,109.21289920000001,-7358.7770543999995,DELTA_EXIT,18500.0,18550.0,2023-06-01,development,-21387.59341629988,966.1196123000163,22353.713028599894
2023-06-01,2023-05-26 14:27:00+05:30,2023-06-01 09:19:00+05:30,PUT,PUT,False,,,2422.4362202000007,2490.0000000000005,67.5637798,-6686.929509599999,DELTA_EXIT,18350.0,18300.0,2023-06-01,development,-18965.157196099877,966.1196123000163,19931.276808399893
2023-06-08,2023-06-02 09:20:00+05:30,2023-06-07 15:06:00+05:30,PUT,PUT,False,,,2066.3742158000005,2130.0000000000005,63.6257842,-5022.0968022,DELTA_EXIT,18400.0,18350.0,2023-06-08,development,-16898.782980299875,966.1196123000163,17864.90259259989
2023-06-08,2023-06-07 15:07:00+05:30,2023-06-08 14:49:00+05:30,PUT,PUT,False,,,-1663.7801875000005,-1605.0000000000005,58.780187500000004,4100.189530500001,DELTA_EXIT,18650.0,18600.0,2023-06-08,development,-18562.563167799875,966.1196123000163,19528.68278009989
2023-06-15,2023-06-09 09:20:00+05:30,2023-06-15 14:39:00+05:30,CALL,CALL,False,,,3653.007348800001,3720.0000000000014,66.9926512,1421.1723531000002,DELTA_EXIT,18800.0,18850.0,2023-06-15,development,-14909.555818999874,966.1196123000163,15875.67543129989
2023-06-22,2023-06-16 09:20:00+05:30,2023-06-22 14:27:00+05:30,CALL,CALL,False,,,3177.8354168,3240.0,62.164583199999996,990.256683000001,DELTA_EXIT,18900.0,18950.0,2023-06-22,development,-11731.720402199873,966.1196123000163,12697.840014499889
2023-06-28,2023-06-23 09:20:00+05:30,2023-06-28 10:32:00+05:30,CALL,CALL,False,,,-3464.0550393999993,-3389.999999999999,74.0550394,-5486.3934764999985,DELTA_EXIT,18900.0,18950.0,2023-06-28,development,-15195.775441599872,966.1196123000163,16161.895053899887
2023-07-06,2023-06-30 09:20:00+05:30,2023-07-05 09:22:00+05:30,PUT,PUT,False,,,2063.4803738000014,2130.0000000000014,66.5196262,-6631.081419599999,DELTA_EXIT,18900.0,18850.0,2023-07-06,development,-13132.29506779987,966.1196123000163,14098.414680099886
2023-07-06,2023-07-05 09:23:00+05:30,2023-07-06 13:43:00+05:30,PUT,PUT,False,,,2653.1156261000006,2715.0000000000005,61.8843739,-4125.963864300001,DELTA_EXIT,19300.0,19250.0,2023-07-06,development,-10479.179441699871,966.1196123000163,11445.299053999886
2023-07-13,2023-07-07 09:20:00+05:30,2023-07-13 09:16:00+05:30,PUT,PUT,False,,,2392.8585511999986,2459.9999999999986,67.1414488,1168.1636634000024,DELTA_EXIT,19250.0,19200.0,2023-07-13,development,-8086.320890499872,966.1196123000163,9052.440502799887
2023-07-20,2023-07-14 09:20:00+05:30,2023-07-19 09:15:00+05:30,PUT,PUT,False,,,2437.528219100003,2505.0000000000027,67.4717809,-6330.950186400001,DELTA_EXIT,19350.0,19300.0,2023-07-20,development,-5648.7926713998695,966.1196123000163,6614.912283699886
2023-07-20,2023-07-19 09:20:00+05:30,2023-07-20 14:02:00+05:30,PUT,PUT,False,,,2846.1146053999987,2909.9999999999986,63.8853946,-5720.369030099999,DELTA_EXIT,19700.0,19650.0,2023-07-20,development,-2802.678065999871,966.1196123000163,3768.797678299887
2023-07-27,2023-07-21 09:20:00+05:30,2023-07-25 13:22:00+05:30,PUT,PUT,False,,,-4165.133068299997,-4064.9999999999973,100.1330683,7692.388433099999,DELTA_EXIT,19650.0,19600.0,2023-07-27,development,-6967.811134299867,966.1196123000163,7933.930746599884
2023-07-27,2023-07-25 13:23:00+05:30,2023-07-26 09:56:00+05:30,CALL,CALL,False,,,-3985.7267259999985,-3899.9999999999986,85.72672600000001,-6071.933329499998,DELTA_EXIT,19800.0,19850.0,2023-07-27,development,-10953.537860299866,966.1196123000163,11919.657472599883
2023-07-27,2023-07-26 09:57:00+05:30,2023-07-27 13:33:00+05:30,PUT,PUT,False,,,-3750.3069312999987,-3674.9999999999986,75.3069313,6631.070319299997,DELTA_EXIT,19700.0,19650.0,2023-07-27,development,-14703.844791599866,966.1196123000163,15669.964403899881
2023-08-03,2023-07-28 09:20:00+05:30,2023-08-03 09:15:00+05:30,CALL,CALL,False,,,3557.0535170000007,3630.000000000001,72.94648300000001,7431.221864999998,DELTA_EXIT,19800.0,19850.0,2023-08-03,development,-11146.791274599866,966.1196123000163,12112.910886899881
2023-08-10,2023-08-04 09:20:00+05:30,2023-08-10 14:02:00+05:30,CALL,CALL,False,,,3068.4707705,3135.0,66.52922949999999,405.9405878999996,DELTA_EXIT,19650.0,19700.0,2023-08-10,development,-8078.3205040998655,966.1196123000163,9044.440116399881
2023-08-17,2023-08-11 09:20:00+05:30,2023-08-16 11:41:00+05:30,CALL,CALL,False,,,3351.3602935999993,3419.999999999999,68.63970640000001,6769.4449664999975,DELTA_EXIT,19650.0,19700.0,2023-08-17,development,-4726.960210499867,966.1196123000163,5693.079822799883
2023-08-17,2023-08-16 11:42:00+05:30,2023-08-16 15:00:00+05:30,CALL,CALL,False,,,-3615.9672028,-3540.0,75.96720280000001,-5495.5159689,DELTA_EXIT,19450.0,19500.0,2023-08-17,development,-8342.927413299867,966.1196123000163,9309.047025599884
2023-08-17,2023-08-16 15:01:00+05:30,2023-08-17 09:33:00+05:30,PUT,PUT,False,,,-3329.5775089,-3255.0,74.5775089,5060.548919999999,DELTA_EXIT,19400.0,19350.0,2023-08-17,development,-11672.504922199867,966.1196123000163,12638.624534499882
2023-08-24,2023-08-18 09:20:00+05:30,2023-08-23 12:39:00+05:30,CALL,CALL,False,,,-2361.440726799999,-2279.999999999999,81.4407268,-5307.466761300002,DELTA_EXIT,19450.0,19500.0,2023-08-24,development,-14033.945648999867,966.1196123000163,15000.065261299882
2023-08-24,2023-08-23 12:40:00+05:30,2023-08-24 09:43:00+05:30,PUT,PUT,False,,,1968.7227395,2025.0,56.277260500000004,-5692.141820700001,DELTA_EXIT,19350.0,19300.0,2023-08-24,development,-12065.222909499866,966.1196123000163,13031.342521799881
2023-08-31,2023-08-25 09:20:00+05:30,2023-08-30 09:15:00+05:30,PUT,PUT,False,,,2722.2642890000016,2790.0000000000014,67.73571100000001,-5334.9498399,DELTA_EXIT,19100.0,19050.0,2023-08-31,development,-9342.958620499863,966.1196123000163,10309.078232799879
2023-08-31,2023-08-30 09:20:00+05:30,2023-08-30 15:10:00+05:30,PUT,PUT,False,,,-4202.543250699999,-4124.999999999999,77.5432507,6322.654505999997,DELTA_EXIT,19350.0,19300.0,2023-08-31,development,-13545.501871199862,966.1196123000163,14511.62148349988
2023-08-31,2023-08-30 15:11:00+05:30,2023-08-31 13:53:00+05:30,CALL,CALL,False,,,2569.233249499999,2624.999999999999,55.7667505,2922.958495499999,DELTA_EXIT,19400.0,19450.0,2023-08-31,development,-10976.268621699863,966.1196123000163,11942.388233999878
2023-09-07,2023-09-01 09:20:00+05:30,2023-09-01 14:21:00+05:30,CALL,CALL,False,,,-3589.9945863999988,-3479.9999999999986,109.99458639999999,-6072.357835799998,DELTA_EXIT,19450.0,19500.0,2023-09-07,development,-14566.263208099861,966.1196123000163,15532.382820399878
2023-09-07,2023-09-01 14:22:00+05:30,2023-09-06 14:44:00+05:30,PUT,PUT,False,,,2318.225368700001,2385.000000000001,66.7746313,-4429.099181100002,DELTA_EXIT,19300.0,19250.0,2023-09-07,development,-12248.03783939986,966.1196123000163,13214.157451699877
2023-09-07,2023-09-06 14:45:00+05:30,2023-09-07 13:39:00+05:30,PUT,PUT,False,,,3018.3552437,3075.0,56.6447563,-5497.2136134,DELTA_EXIT,19500.0,19450.0,2023-09-07,development,-9229.68259569986,966.1196123000163,10195.802207999877
2023-09-14,2023-09-08 09:20:00+05:30,2023-09-13 11:07:00+05:30,PUT,PUT,False,,,2215.4200976000006,2280.0000000000005,64.5799024,-6038.508304799998,DELTA_EXIT,19600.0,19550.0,2023-09-14,development,-7014.262498099859,966.1196123000163,7980.382110399875
2023-09-14,2023-09-13 11:08:00+05:30,2023-09-14 09:33:00+05:30,PUT,PUT,False,,,2071.335087799999,2129.999999999999,58.6649122,-6290.8168842000005,DELTA_EXIT,19900.0,19850.0,2023-09-14,development,-4942.92741029986,966.1196123000163,5909.047022599876
2023-09-21,2023-09-15 09:20:00+05:30,2023-09-20 09:15:00+05:30,PUT,PUT,False,,,-2262.769515699998,-2174.999999999998,87.7695157,5331.791494199999,DELTA_EXIT,20000.0,19950.0,2023-09-21,development,-7205.696925999858,966.1196123000163,8171.816538299874
2023-09-21,2023-09-20 09:20:00+05:30,2023-09-21 09:15:00+05:30,CALL,CALL,False,,,2789.4948242,2850.0,60.50517579999999,7235.962932899997,DELTA_EXIT,20150.0,20200.0,2023-09-21,development,-4416.202101799858,966.1196123000163,5382.321714099874
2023-09-28,2023-09-22 09:20:00+05:30,2023-09-27 09:15:00+05:30,CALL,CALL,False,,,3171.772128800001,3240.0000000000014,68.2278712,7796.819767799999,DELTA_EXIT,19950.0,20000.0,2023-09-28,development,-1244.4299729998565,966.1196123000163,2210.549585299873
2023-09-28,2023-09-27 09:20:00+05:30,2023-09-27 13:31:00+05:30,CALL,CALL,False,,,-2973.3225816999984,-2894.9999999999986,78.3225817,-5046.173491499998,DELTA_EXIT,19700.0,19750.0,2023-09-28,development,-4217.752554699855,966.1196123000163,5183.872166999871
2023-09-28,2023-09-27 13:32:00+05:30,2023-09-28 13:09:00+05:30,PUT,PUT,False,,,-4264.305726400002,-4200.000000000002,64.3057264,6280.040767800002,DELTA_EXIT,19600.0,19550.0,2023-09-28,development,-8482.058281099857,966.1196123000163,9448.177893399872
2023-10-05,2023-09-29 09:20:00+05:30,2023-10-04 10:00:00+05:30,CALL,CALL,False,,,3499.221078200001,3570.000000000001,70.77892179999999,7432.489643399998,DELTA_EXIT,19750.0,19800.0,2023-10-05,development,-4982.837202899856,966.1196123000163,5948.956815199872
2023-10-05,2023-10-04 10:01:00+05:30,2023-10-05 09:15:00+05:30,CALL,CALL,False,,,-4467.529614100002,-4395.000000000002,72.5296141,-7406.9522529000005,DELTA_EXIT,19500.0,19550.0,2023-10-05,development,-9450.366816999856,966.1196123000163,10416.486429299872
2023-10-12,2023-10-06 09:20:00+05:30,2023-10-11 13:11:00+05:30,PUT,PUT,False,,,2811.3831416000003,2880.0000000000005,68.61685839999998,-8046.697672200001,DELTA_EXIT,19450.0,19400.0,2023-10-12,development,-6638.983675399856,966.1196123000163,7605.103287699872
2023-10-12,2023-10-11 13:12:00+05:30,2023-10-12 12:50:00+05:30,PUT,PUT,False,,,1579.7758180999995,1634.9999999999995,55.2241819,1467.4956449999995,DELTA_EXIT,19700.0,19650.0,2023-10-12,development,-5059.207857299856,966.1196123000163,6025.3274695998725
2023-10-19,2023-10-13 09:20:00+05:30,2023-10-19 09:16:00+05:30,PUT,PUT,False,,,-2409.059357499999,-2324.999999999999,84.05935749999999,5075.971643699998,DELTA_EXIT,19550.0,19500.0,2023-10-19,development,-7468.267214799855,966.1196123000163,8434.386827099872
2023-10-26,2023-10-20 09:20:00+05:30,2023-10-23 15:09:00+05:30,CALL,CALL,False,,,2679.9923759000017,2745.000000000002,65.0076241,7410.750228299999,DELTA_EXIT,19750.0,19800.0,2023-10-26,development,-4788.274838899853,966.1196123000163,5754.39445119987
2023-10-26,2023-10-23 15:10:00+05:30,2023-10-25 15:25:00+05:30,CALL,CALL,False,,,2203.0565782999993,2264.999999999999,61.943421699999995,6400.495795199999,DELTA_EXIT,19450.0,19500.0,2023-10-26,development,-2585.218260599854,966.1196123000163,3551.3378728998705
2023-10-26,2023-10-25 15:26:00+05:30,2023-10-26 11:23:00+05:30,CALL,CALL,False,,,2835.5425121,2895.0,59.457487900000004,6331.628096099999,DELTA_EXIT,19200.0,19250.0,2023-10-26,development,250.3242515001457,966.1196123000163,715.7953607998707
2023-11-02,2023-10-27 09:20:00+05:30,2023-10-30 15:06:00+05:30,CALL,CALL,False,,,-4418.538703899996,-4304.999999999996,113.5387039,-7434.0716864999995,DELTA_EXIT,19150.0,19200.0,2023-11-02,development,-4168.21445239985,966.1196123000163,5134.334064699867
2023-11-02,2023-10-30 15:07:00+05:30,2023-11-01 13:16:00+05:30,PUT,PUT,False,,,-4925.399355400001,-4830.000000000001,95.3993554,8311.1052672,DELTA_EXIT,19000.0,18950.0,2023-11-02,development,-9093.613807799851,966.1196123000163,10059.733420099867
2023-11-02,2023-11-01 13:17:00+05:30,2023-11-02 09:15:00+05:30,CALL,CALL,False,,,-5479.685714799998,-5399.999999999998,79.6857148,-7477.049069699997,DELTA_EXIT,19100.0,19150.0,2023-11-02,development,-14573.29952259985,966.1196123000163,15539.419134899865
2023-11-09,2023-11-03 09:20:00+05:30,2023-11-08 09:46:00+05:30,PUT,PUT,False,,,2214.069637999999,2279.999999999999,65.930362,-5224.025351099999,DELTA_EXIT,19100.0,19050.0,2023-11-09,development,-12359.22988459985,966.1196123000163,13325.349496899868
2023-11-09,2023-11-08 09:47:00+05:30,2023-11-09 13:21:00+05:30,PUT,PUT,False,,,2551.633254199999,2609.999999999999,58.366745800000004,868.1151113999999,DELTA_EXIT,19350.0,19300.0,2023-11-09,development,-9807.59663039985,966.1196123000163,10773.716242699866
2023-11-16,2023-11-10 09:20:00+05:30,2023-11-15 09:15:00+05:30,PUT,PUT,False,,,2978.6904682999993,3044.9999999999995,66.3095317,-5714.520865500001,DELTA_EXIT,19200.0,19150.0,2023-11-16,development,-6828.906162099851,966.1196123000163,7795.025774399867
2023-11-16,2023-11-15 09:20:00+05:30,2023-11-16 09:37:00+05:30,PUT,PUT,False,,,1460.0044408999995,1514.9999999999995,54.9955591,-6901.954608299999,DELTA_EXIT,19500.0,19450.0,2023-11-16,development,-5368.901721199852,966.1196123000163,6335.021333499868
2023-11-23,2023-11-17 09:20:00+05:30,2023-11-23 09:15:00+05:30,PUT,PUT,False,,,2634.220292,2700.0,65.779708,1376.1995208000012,DELTA_EXIT,19600.0,19550.0,2023-11-23,development,-2734.6814291998517,966.1196123000163,3700.801041499868
2023-11-30,2023-11-24 09:20:00+05:30,2023-11-29 11:20:00+05:30,PUT,PUT,False,,,2470.7438608999996,2534.9999999999995,64.25613909999998,-7614.199959,DELTA_EXIT,19700.0,19650.0,2023-11-30,development,-263.93756829985205,966.1196123000163,1230.0571805998684
2023-11-30,2023-11-29 11:21:00+05:30,2023-11-30 13:37:00+05:30,PUT,PUT,False,,,2432.0823602000005,2490.0000000000005,57.917639799999996,-7943.467894799998,DELTA_EXIT,19950.0,19900.0,2023-11-30,development,2168.1447919001484,2168.1447919001484,0.0
2023-12-07,2023-12-01 09:20:00+05:30,2023-12-05 09:15:00+05:30,PUT,PUT,False,,,2534.876531000001,2610.000000000001,75.123469,-7501.324422300005,DELTA_EXIT,20050.0,20000.0,2023-12-07,development,4703.021322900149,4703.021322900149,0.0
2023-12-07,2023-12-05 09:20:00+05:30,2023-12-06 14:31:00+05:30,PUT,PUT,False,,,2600.7566065999995,2669.9999999999995,69.2433934,-8057.969875799994,DELTA_EXIT,20550.0,20500.0,2023-12-07,development,7303.777929500149,7303.777929500149,0.0
2023-12-07,2023-12-06 14:32:00+05:30,2023-12-07 15:01:00+05:30,PUT,PUT,False,,,2505.8060494999995,2564.9999999999995,59.1939505,239.51519400000052,DELTA_EXIT,20850.0,20800.0,2023-12-07,development,9809.583979000148,9809.583979000148,0.0
2023-12-14,2023-12-08 09:20:00+05:30,2023-12-14 09:15:00+05:30,PUT,PUT,False,,,2274.9888416000013,2340.0000000000014,65.0111584,1219.2989249999978,DELTA_EXIT,20750.0,20700.0,2023-12-14,development,12084.57282060015,12084.57282060015,0.0
2023-12-21,2023-12-15 09:20:00+05:30,2023-12-20 09:15:00+05:30,PUT,PUT,False,,,2138.0859959000027,2205.0000000000027,66.9140041,-6256.465906200001,DELTA_EXIT,21100.0,21050.0,2023-12-21,development,14222.658816500152,14222.658816500152,0.0
2023-12-21,2023-12-20 09:20:00+05:30,2023-12-20 13:24:00+05:30,PUT,PUT,False,,,-4262.260896999998,-4169.999999999998,92.260897,7124.018709299999,DELTA_EXIT,21450.0,21400.0,2023-12-21,development,9960.397919500154,14222.658816500152,4262.260896999998
2023-12-21,2023-12-20 13:25:00+05:30,2023-12-20 15:14:00+05:30,CALL,CALL,False,,,2756.086259600001,2820.000000000001,63.9137404,5271.8920254,DELTA_EXIT,21550.0,21600.0,2023-12-21,development,12716.484179100155,14222.658816500152,1506.1746373999977
2023-12-21,2023-12-20 15:15:00+05:30,2023-12-21 12:44:00+05:30,CALL,CALL,False,,,-3299.8895983,-3225.0,74.8895983,-5681.4594858,DELTA_EXIT,21250.0,21300.0,2023-12-21,development,9416.594580800154,14222.658816500152,4806.064235699998
2023-12-28,2023-12-22 09:20:00+05:30,2023-12-27 11:07:00+05:30,PUT,PUT,False,,,2266.1970740000015,2340.0000000000014,73.802926,-6526.027295999998,DELTA_EXIT,21050.0,21000.0,2023-12-28,development,11682.791654800156,14222.658816500152,2539.8671616999964
2023-12-28,2023-12-27 11:08:00+05:30,2023-12-28 12:44:00+05:30,PUT,PUT,False,,,2154.831618800001,2220.000000000001,65.1683812,-6923.854025999999,DELTA_EXIT,21450.0,21400.0,2023-12-28,development,13837.623273600157,14222.658816500152,385.03554289999556
2024-01-04,2023-12-29 09:20:00+05:30,2024-01-04 10:30:00+05:30,PUT,PUT,False,,,2490.7580711000037,2565.0000000000036,74.2419289,996.6671558999956,DELTA_EXIT,21450.0,21400.0,2024-01-04,validation,16328.38134470016,16328.38134470016,0.0
2024-01-11,2024-01-05 09:20:00+05:30,2024-01-08 14:31:00+05:30,PUT,PUT,False,-923.562735218994,6104.834367425851,-3250.5955236999985,-3134.9999999999986,115.5955237,5910.6452702999995,DELTA_EXIT,21550.0,21500.0,2024-01-11,validation,13077.785821000161,16328.38134470016,3250.595523699998
2024-01-11,2024-01-08 14:32:00+05:30,2024-01-11 14:10:00+05:30,CALL,CALL,False,-1081.4469305045764,6104.834367425851,2679.7443323000007,2745.000000000001,65.2556677,-400.97971590000134,DELTA_EXIT,21750.0,21800.0,2024-01-11,validation,15757.530153300162,16328.38134470016,570.8511913999973
2024-01-18,2024-01-12 09:20:00+05:30,2024-01-15 09:15:00+05:30,CALL,CALL,False,-145.41920131148538,6104.834367425851,-5749.74357250001,-5595.00000000001,154.74357249999997,-59.822528100015916,DELTA_EXIT,21950.0,22000.0,2024-01-18,validation,10007.786580800152,16328.38134470016,6320.594763900008
2024-01-18,2024-01-15 09:20:00+05:30,2024-01-17 09:15:00+05:30,PUT,PUT,False,-66.47710366869413,6104.834367425851,-2359.434558099996,-2234.9999999999964,124.4345581,5810.623599599996,DELTA_EXIT,21850.0,21800.0,2024-01-18,validation,7648.352022700155,16328.38134470016,8680.029322000004
2024-01-18,2024-01-17 09:20:00+05:30,2024-01-17 15:17:00+05:30,CALL,CALL,False,-89.03198870949026,6104.834367425851,2994.306114800002,3060.000000000002,65.6938852,7792.239381600004,DELTA_EXIT,22000.0,22050.0,2024-01-18,validation,10642.658137500157,16328.38134470016,5685.723207200002
2024-01-18,2024-01-17 15:18:00+05:30,2024-01-18 09:36:00+05:30,CALL,CALL,False,-1137.83414310657,6104.834367425851,2441.7449603000005,2505.0000000000005,63.25503970000001,5384.3158760999995,DELTA_EXIT,21700.0,21750.0,2024-01-18,validation,13084.403097800157,16328.38134470016,3243.978246900002
2024-01-25,2024-01-19 09:20:00+05:30,2024-01-24 09:15:00+05:30,CALL,CALL,False,-585.2394596070305,6104.834367425851,3097.6239332000027,3180.0000000000027,82.37606680000002,7327.678203600006,DELTA_EXIT,21900.0,21950.0,2024-01-25,validation,16182.02703100016,16328.38134470016,146.3543136999997
2024-01-25,2024-01-24 09:20:00+05:30,2024-01-24 10:31:00+05:30,CALL,CALL,False,-765.6785399334124,6104.834367425851,-5239.900657299999,-5114.999999999999,124.90065729999999,-8088.870444,DELTA_EXIT,21400.0,21450.0,2024-01-25,validation,10942.126373700161,16328.38134470016,5386.2549709999985
2024-01-25,2024-01-24 10:32:00+05:30,2024-01-25 14:55:00+05:30,PUT,PUT,False,35.019879014895594,6104.834367425851,2199.5012867000005,2265.0000000000005,65.4987133,866.5717290000002,DELTA_EXIT,21200.0,21150.0,2024-01-25,validation,13141.627660400161,16328.38134470016,3186.753684299998
2024-02-01,2024-01-29 09:20:00+05:30,2024-02-01 12:06:00+05:30,PUT,PUT,False,373.34315462685754,6104.834367425851,2081.207070800001,2160.000000000001,78.7929292,1598.5556859000026,DELTA_EXIT,21200.0,21150.0,2024-02-01,validation,15222.834731200162,16328.38134470016,1105.546613499997
2024-02-08,2024-02-02 09:20:00+05:30,2024-02-08 09:16:00+05:30,PUT,PUT,False,-359.6906091990614,6104.834367425851,2664.0624647000036,2745.0000000000036,80.93753530000001,537.3313535999973,DELTA_EXIT,21650.0,21600.0,2024-02-08,validation,17886.897195900165,17886.897195900165,0.0
2024-02-15,2024-02-09 09:20:00+05:30,2024-02-14 15:17:00+05:30,PUT,PUT,False,-134.1417587910873,6104.834367425851,2631.6185141000014,2715.0000000000014,83.3814859,674.041276499996,DELTA_EXIT,21400.0,21350.0,2024-02-15,validation,20518.515710000167,20518.515710000167,0.0
2024-02-15,2024-02-14 15:18:00+05:30,2024-02-15 13:39:00+05:30,PUT,PUT,False,1151.486688534367,6104.834367425851,1619.8704595999993,1679.9999999999993,60.1295404,-3139.163331599996,DELTA_EXIT,21700.0,21650.0,2024-02-15,validation,22138.386169600166,22138.386169600166,0.0
2024-02-22,2024-02-16 09:20:00+05:30,2024-02-21 12:35:00+05:30,PUT,PUT,False,204.18151682087705,6104.834367425851,2542.7752655,2625.0,82.2247345,1170.3409350000043,DELTA_EXIT,21750.0,21700.0,2024-02-22,validation,24681.161435100166,24681.161435100166,0.0
2024-02-22,2024-02-21 12:36:00+05:30,2024-02-21 14:23:00+05:30,PUT,PUT,False,-100.30943122988992,6104.834367425851,-5259.832186299997,-5144.999999999997,114.83218629999999,8482.778237399998,DELTA_EXIT,22100.0,22050.0,2024-02-22,validation,19421.329248800168,24681.161435100166,5259.832186299998
2024-02-22,2024-02-21 14:24:00+05:30,2024-02-22 11:19:00+05:30,CALL,CALL,False,-799.5108674946089,6104.834367425851,2742.013995499998,2804.999999999998,62.9860045,7837.256234399998,DELTA_EXIT,22200.0,22250.0,2024-02-22,validation,22163.343244300166,24681.161435100166,2517.8181908000006
2024-02-29,2024-02-23 09:20:00+05:30,2024-02-28 10:50:00+05:30,CALL,CALL,False,-416.07782180105164,6104.834367425851,3208.173676700003,3285.0000000000027,76.8263233,7891.720944600005,DELTA_EXIT,22550.0,22600.0,2024-02-29,validation,25371.51692100017,25371.51692100017,0.0
2024-02-29,2024-02-28 10:51:00+05:30,2024-02-29 10:10:00+05:30,CALL,CALL,False,-968.6725053005887,6104.834367425851,2427.5900149999993,2489.999999999999,62.409985,7368.654777899999,DELTA_EXIT,22300.0,22350.0,2024-02-29,validation,27799.106936000167,27799.106936000167,0.0
2024-03-07,2024-03-01 09:20:00+05:30,2024-03-02 09:34:00+05:30,CALL,CALL,False,68.85220657609221,6104.834367425851,-3799.744929100006,-3645.0000000000064,154.74492909999998,-6223.7409918000085,DELTA_EXIT,22400.0,22450.0,2024-03-07,validation,23999.362006900163,27799.106936000167,3799.744929100005
2024-03-07,2024-03-02 09:35:00+05:30,2024-03-07 09:15:00+05:30,PUT,PUT,False,-66.47710366869251,6104.834367425851,2393.8671857,2475.0,81.13281430000002,890.207451900003,DELTA_EXIT,22100.0,22050.0,2024-03-07,validation,26393.229192600164,27799.106936000167,1405.877743400004
2024-03-14,2024-03-11 09:20:00+05:30,2024-03-13 11:04:00+05:30,PUT,PUT,False,68.85220657609062,6104.834367425851,-3286.721467599996,-3179.999999999996,106.7214676,6618.690339899997,DELTA_EXIT,22250.0,22200.0,2024-03-14,validation,23106.507725000167,27799.106936000167,4692.599211000001
2024-03-14,2024-03-13 11:05:00+05:30,2024-03-14 09:15:00+05:30,CALL,CALL,False,-382.2454942398559,6104.834367425851,3067.506156500001,3135.000000000001,67.4938435,6793.356293399998,DELTA_EXIT,22400.0,22450.0,2024-03-14,validation,26174.013881500166,27799.106936000167,1625.093054500001
2024-03-21,2024-03-15 09:20:00+05:30,2024-03-19 15:11:00+05:30,CALL,CALL,False,35.019879014896446,6104.834367425851,3385.0333619000035,3465.0000000000036,79.9666381,7645.690395900001,DELTA_EXIT,22350.0,22400.0,2024-03-21,validation,29559.04724340017,29559.04724340017,0.0
2024-03-21,2024-03-19 15:12:00+05:30,2024-03-21 09:15:00+05:30,CALL,CALL,False,-979.9499478209867,6104.834367425851,-3058.7594409999965,-2969.9999999999964,88.759441,-6094.510656899995,DELTA_EXIT,22000.0,22050.0,2024-03-21,validation,26500.287802400177,29559.04724340017,3058.7594409999947
2024-03-28,2024-03-22 09:20:00+05:30,2024-03-27 11:37:00+05:30,PUT,PUT,False,576.3371199940323,6104.834367425851,2149.264418000002,2220.000000000002,70.73558200000001,-5172.173519099999,DELTA_EXIT,21750.0,21700.0,2024-03-28,validation,28649.55222040018,29559.04724340017,909.4950229999922
2024-03-28,2024-03-27 11:38:00+05:30,2024-03-28 10:41:00+05:30,PUT,PUT,False,-32.64477610749714,6104.834367425851,2201.3478335000004,2265.0000000000005,63.65216650000001,-7723.592165699998,DELTA_EXIT,22050.0,22000.0,2024-03-28,validation,30850.90005390018,30850.90005390018,0.0
2024-04-04,2024-04-01 09:20:00+05:30,2024-04-04 13:27:00+05:30,PUT,PUT,False,-776.9559824538128,6104.834367425851,2803.6662296000045,2880.0000000000045,76.33377039999999,-53.670818400003554,DELTA_EXIT,22300.0,22250.0,2024-04-04,validation,33654.566283500186,33654.566283500186,0.0
2024-04-10,2024-04-05 09:20:00+05:30,2024-04-09 09:15:00+05:30,PUT,PUT,False,-134.14175879108572,6104.834367425851,2608.5450995000033,2685.000000000003,76.4549005,-6626.297010300002,DELTA_EXIT,22200.0,22150.0,2024-04-10,validation,36263.11138300019,36263.11138300019,0.0
2024-04-10,2024-04-09 09:20:00+05:30,2024-04-10 13:39:00+05:30,PUT,PUT,False,-292.025954076667,6104.834367425851,2156.4025615999994,2219.9999999999995,63.5974384,558.8724861000005,DELTA_EXIT,22550.0,22500.0,2024-04-10,validation,38419.51394460019,38419.51394460019,0.0
2024-04-18,2024-04-12 09:20:00+05:30,2024-04-15 09:15:00+05:30,PUT,PUT,False,-370.96805171945783,6104.834367425851,-5256.172393600008,-5100.000000000008,156.1723936,8496.845141700009,DELTA_EXIT,22500.0,22450.0,2024-04-18,validation,33163.34155100019,38419.51394460019,5256.172393600005
2024-04-18,2024-04-15 09:20:00+05:30,2024-04-16 13:25:00+05:30,CALL,CALL,False,429.73036722884945,6104.834367425851,4015.479826099999,4094.999999999999,79.52017389999999,6904.859550599997,DELTA_EXIT,22550.0,22600.0,2024-04-18,validation,37178.82137710018,38419.51394460019,1240.6925675000093
2024-04-18,2024-04-16 13:26:00+05:30,2024-04-18 09:15:00+05:30,CALL,CALL,False,-867.1755226170005,6104.834367425851,-3153.0761089,-3075.0,78.07610890000001,-5547.7260860999995,DELTA_EXIT,22250.0,22300.0,2024-04-18,validation,34025.74526820018,38419.51394460019,4393.76867640001
2024-04-25,2024-04-19 09:20:00+05:30,2024-04-22 09:16:00+05:30,PUT,PUT,False,283.1236144636666,6104.834367425851,2131.4052787999995,2219.9999999999995,88.59472120000001,-6721.969878300002,DELTA_EXIT,21450.0,21400.0,2024-04-25,validation,36157.15054700018,38419.51394460019,2262.363397600013
2024-04-25,2024-04-22 09:20:00+05:30,2024-04-24 15:19:00+05:30,PUT,PUT,False,-337.13572415826206,6104.834367425851,2967.0599795000016,3045.000000000002,77.9400205,-6955.608966599998,DELTA_EXIT,22050.0,22000.0,2024-04-25,validation,39124.21052650018,39124.21052650018,0.0
2024-04-25,2024-04-24 15:20:00+05:30,2024-04-25 14:20:00+05:30,PUT,PUT,False,474.84013731044445,6104.834367425851,1787.1226655,1845.0,57.877334499999996,-7102.488677099997,DELTA_EXIT,22300.0,22250.0,2024-04-25,validation,40911.33319200018,40911.33319200018,0.0
2024-05-02,2024-04-26 09:20:00+05:30,2024-05-02 10:28:00+05:30,PUT,PUT,False,305.678499504466,6104.834367425851,1041.0746745500003,1102.5000000000002,61.425325449999995,730.0602790500011,DELTA_EXIT,22350.0,22300.0,2024-05-02,validation,41952.40786655018,41952.40786655018,0.0
2024-05-09,2024-05-03 09:20:00+05:30,2024-05-03 11:22:00+05:30,PUT,PUT,False,23.742436494496758,6104.834367425851,-1834.9268302000014,-1740.0000000000014,94.92683019999998,3476.139949350003,DELTA_EXIT,22550.0,22500.0,2024-05-09,validation,40117.48103635018,41952.40786655018,1834.9268301999982
2024-05-09,2024-05-03 11:23:00+05:30,2024-05-08 09:15:00+05:30,CALL,CALL,False,46.297321535292895,6104.834367425851,1787.0757747500004,1852.5000000000005,65.42422525,3766.4734603499996,DELTA_EXIT,22800.0,22850.0,2024-05-09,validation,41904.556811100185,41952.40786655018,47.85105544999533
2024-05-09,2024-05-08 09:20:00+05:30,2024-05-09 11:54:00+05:30,CALL,CALL,False,-720.5687698518177,6104.834367425851,1351.5217274000013,1410.0000000000014,58.4782726,3573.3117985500003,DELTA_EXIT,22400.0,22450.0,2024-05-09,validation,43256.07853850019,43256.07853850019,0.0
2024-05-16,2024-05-10 09:20:00+05:30,2024-05-14 13:52:00+05:30,CALL,CALL,False,215.45895934127668,6104.834367425851,-1822.1581349499972,-1732.4999999999973,89.65813495,-3038.094365699998,DELTA_EXIT,22250.0,22300.0,2024-05-16,validation,41433.92040355019,43256.07853850019,1822.1581349499975
2024-05-16,2024-05-14 13:53:00+05:30,2024-05-16 14:43:00+05:30,PUT,PUT,False,294.40105698406626,6104.834367425851,1023.6180313999997,1079.9999999999998,56.38196860000001,628.8617411999998,DELTA_EXIT,22050.0,22000.0,2024-05-16,validation,42457.53843495019,43256.07853850019,798.5401035499963
2024-05-23,2024-05-17 09:20:00+05:30,2024-05-22 13:42:00+05:30,PUT,PUT,False,68.85220657609221,6104.834367425851,1121.6829137000009,1185.000000000001,63.31708629999999,-3203.866540049999,DELTA_EXIT,22100.0,22050.0,2024-05-23,validation,43579.22134865019,43579.22134865019,0.0
2024-05-23,2024-05-22 13:43:00+05:30,2024-05-23 12:34:00+05:30,PUT,PUT,False,35.019879014896446,6104.834367425851,1106.01769655,1162.5,56.482303449999996,-3061.3469228999993,DELTA_EXIT,22450.0,22400.0,2024-05-23,validation,44685.23904520019,44685.23904520019,0.0
2024-05-30,2024-05-24 09:20:00+05:30,2024-05-30 09:16:00+05:30,PUT,PUT,False,452.2852522696455,6104.834367425851,-1933.3995683499968,-1852.4999999999968,80.89956835000001,3771.6023746499973,DELTA_EXIT,22650.0,22600.0,2024-05-30,validation,42751.8394768502,44685.23904520019,1933.3995683499961
2024-06-06,2024-05-31 09:20:00+05:30,2024-06-04 12:02:00+05:30,CALL,PUT,True,-17963.77838354144,6104.834367425851,8710.893058550002,8932.500000000002,221.60694145,-12026.423183850005,DELTA_EXIT,21900.0,21850.0,2024-06-06,validation,51462.732535400195,51462.732535400195,0.0
2024-06-06,2024-06-04 12:03:00+05:30,2024-06-05 15:01:00+05:30,CALL,CALL,False,-1509.9897462797246,6104.834367425851,-1516.630803850002,-1387.500000000002,129.13080384999998,-3477.20102475,DELTA_EXIT,22650.0,22700.0,2024-06-06,validation,49946.101731550196,51462.732535400195,1516.6308038499992
2024-06-06,2024-06-05 15:02:00+05:30,2024-06-06 11:02:00+05:30,CALL,CALL,False,-923.5627352189948,6104.834367425851,-1525.7777960499977,-1447.4999999999977,78.27779605,-2809.5177802499998,DELTA_EXIT,22900.0,22950.0,2024-06-06,validation,48420.3239355002,51462.732535400195,3042.4085998999944
2024-06-13,2024-06-07 09:20:00+05:30,2024-06-10 13:58:00+05:30,PUT,PUT,False,-292.0259540766666,6104.834367425851,1165.8096036500021,1237.500000000002,71.69039635,-3571.5950140500045,DELTA_EXIT,22450.0,22400.0,2024-06-13,validation,49586.1335391502,51462.732535400195,1876.5989962499953
2024-06-13,2024-06-10 13:59:00+05:30,2024-06-13 09:15:00+05:30,PUT,PUT,False,-652.904114729427,6104.834367425851,1427.4033579500026,1492.5000000000025,65.09664205,1.4469209999990653,DELTA_EXIT,23050.0,23000.0,2024-06-13,validation,51013.5368971002,51462.732535400195,449.1956382999924
2024-06-20,2024-06-14 09:20:00+05:30,2024-06-20 10:42:00+05:30,PUT,PUT,False,-889.7304076577982,6104.834367425851,1354.6442826500004,1417.5000000000005,62.85571734999999,-4089.2922625499987,DELTA_EXIT,23200.0,23150.0,2024-06-20,validation,52368.1811797502,52368.1811797502,0.0
2024-06-27,2024-06-21 09:20:00+05:30,2024-06-26 13:40:00+05:30,PUT,PUT,False,-540.1296895254384,6104.834367425851,1272.492661100001,1335.000000000001,62.50733890000001,-3595.100974649999,DELTA_EXIT,23350.0,23300.0,2024-06-27,validation,53640.6738408502,53640.6738408502,0.0
2024-06-27,2024-06-26 13:41:00+05:30,2024-06-27 12:51:00+05:30,PUT,PUT,False,215.45895934127418,6104.834367425851,1002.7025580499995,1057.4999999999995,54.79744195,-3167.5421231999985,DELTA_EXIT,23700.0,23650.0,2024-06-27,validation,54643.3763989002,54643.3763989002,0.0
2024-07-04,2024-06-28 09:20:00+05:30,2024-07-03 12:57:00+05:30,PUT,PUT,False,12.464993974098718,6104.834367425851,1216.9284051500008,1282.5000000000007,65.57159485,-2454.056554499999,DELTA_EXIT,23800.0,23750.0,2024-07-04,validation,55860.304804050196,55860.304804050196,0.0
2024-07-04,2024-07-03 12:58:00+05:30,2024-07-04 12:22:00+05:30,PUT,PUT,False,-66.47710366869333,6104.834367425851,1293.8133104000005,1350.0000000000005,56.18668960000001,487.9819678499987,DELTA_EXIT,24150.0,24100.0,2024-07-04,validation,57154.1181144502,57154.1181144502,0.0
2024-07-11,2024-07-05 09:20:00+05:30,2024-07-10 09:15:00+05:30,PUT,PUT,False,-483.7424769234465,6104.834367425851,1229.0356508000013,1290.0000000000014,60.964349199999994,181.9445789999993,DELTA_EXIT,23950.0,23900.0,2024-07-11,validation,58383.1537652502,58383.1537652502,0.0
2024-07-11,2024-07-10 09:20:00+05:30,2024-07-10 10:27:00+05:30,PUT,PUT,False,-325.8582816378632,6104.834367425851,-2207.502873999998,-2129.999999999998,77.502874,3533.2778279999984,DELTA_EXIT,24250.0,24200.0,2024-07-11,validation,56175.6508912502,58383.1537652502,2207.502873999998
2024-07-11,2024-07-10 10:28:00+05:30,2024-07-11 14:42:00+05:30,CALL,CALL,False,-438.6327068418502,6104.834367425851,1578.6045011000006,1635.0000000000005,56.39549890000001,240.7278515999999,DELTA_EXIT,24400.0,24450.0,2024-07-11,validation,57754.255392350206,58383.1537652502,628.8983728999956
2024-07-18,2024-07-12 09:20:00+05:30,2024-07-12 11:01:00+05:30,CALL,CALL,False,328.2333845452621,6104.834367425851,-2404.302508600003,-2310.000000000003,94.30250859999998,-3545.4044040000035,DELTA_EXIT,24550.0,24600.0,2024-07-18,validation,55349.9528837502,58383.1537652502,3033.200881500001
2024-07-18,2024-07-12 11:02:00+05:30,2024-07-18 10:01:00+05:30,PUT,PUT,False,147.7943042188835,6104.834367425851,1280.2178031500016,1342.5000000000016,62.28219685,-2967.551032349999,DELTA_EXIT,24350.0,24300.0,2024-07-18,validation,56630.1706869002,58383.1537652502,1752.9830783500001
2024-07-25,2024-07-19 09:20:00+05:30,2024-07-23 12:19:00+05:30,PUT,PUT,False,-55.19966114829447,6104.834367425851,-2716.982144200003,-2580.0000000000027,136.9821442,4489.980104700005,DELTA_EXIT,24350.0,24300.0,2024-07-25,validation,53913.1885427002,58383.1537652502,4469.965222550003
2024-07-25,2024-07-23 12:20:00+05:30,2024-07-25 09:21:00+05:30,CALL,CALL,False,-55.19966114829447,6104.834367425851,1356.747103100002,1425.000000000002,68.2528969,416.82139574999997,DELTA_EXIT,24600.0,24650.0,2024-07-25,validation,55269.9356458002,58383.1537652502,3113.218119450001
2024-08-01,2024-07-26 09:20:00+05:30,2024-07-26 12:40:00+05:30,CALL,CALL,False,-348.4131666786601,6104.834367425851,-2499.002342200004,-2400.000000000004,99.00234219999999,-3754.708039800005,DELTA_EXIT,24700.0,24750.0,2024-08-01,validation,52770.9333036002,58383.1537652502,5612.220461650002
2024-08-01,2024-07-26 12:41:00+05:30,2024-07-31 15:13:00+05:30,PUT,PUT,False,238.01384438207117,6104.834367425851,981.2027661500016,1042.5000000000016,61.297233850000005,-3390.791321400004,DELTA_EXIT,24450.0,24400.0,2024-08-01,validation,53752.1360697502,58383.1537652502,4631.017695499999
2024-08-01,2024-07-31 15:14:00+05:30,2024-08-01 11:13:00+05:30,PUT,PUT,False,-325.8582816378632,6104.834367425851,1054.5323797999997,1109.9999999999998,55.4676202,286.4723751000006,DELTA_EXIT,24800.0,24750.0,2024-08-01,validation,54806.668449550205,58383.1537652502,3576.485315699996
2024-08-08,2024-08-02 09:20:00+05:30,2024-08-05 09:15:00+05:30,PUT,PUT,False,-585.2394596070337,6104.834367425851,-3623.474922250004,-3487.500000000004,135.97492225,5023.4641026000045,DELTA_EXIT,24550.0,24500.0,2024-08-08,validation,51183.1935273002,58383.1537652502,7199.960237949999
2024-08-08,2024-08-05 09:20:00+05:30,2024-08-08 10:33:00+05:30,CALL,CALL,False,-337.1357241582604,6104.834367425851,1450.4547623000014,1515.0000000000014,64.54523769999999,2953.3220166000046,DELTA_EXIT,24550.0,24600.0,2024-08-08,validation,52633.648289600205,58383.1537652502,5749.505475649996
2024-08-14,2024-08-09 09:20:00+05:30,2024-08-13 13:50:00+05:30,CALL,CALL,False,-190.52897139307922,6104.834367425851,1602.4496069000004,1665.0000000000005,62.55039309999999,219.5781148500007,DELTA_EXIT,24650.0,24700.0,2024-08-14,validation,54236.09789650021,58383.1537652502,4147.055868749994
2024-08-14,2024-08-13 13:51:00+05:30,2024-08-14 12:41:00+05:30,CALL,CALL,False,-867.1755226170013,6104.834367425851,1383.3042283999991,1439.999999999999,56.695771599999986,-157.5013744500004,DELTA_EXIT,24350.0,24400.0,2024-08-14,validation,55619.4021249002,58383.1537652502,2763.7516403499976
2024-08-22,2024-08-16 09:20:00+05:30,2024-08-19 09:15:00+05:30,CALL,CALL,False,362.0657121064579,6104.834367425851,-2180.7199056999993,-2084.9999999999995,95.71990569999998,-3295.8765547499997,DELTA_EXIT,24600.0,24650.0,2024-08-22,validation,53438.68221920021,58383.1537652502,4944.471546049994
2024-08-22,2024-08-19 09:20:00+05:30,2024-08-21 15:07:00+05:30,PUT,PUT,False,305.678499504466,6104.834367425851,1131.9987333500005,1192.5000000000005,60.50126664999999,-2650.266320399998,DELTA_EXIT,24400.0,24350.0,2024-08-22,validation,54570.68095255021,58383.1537652502,3812.4728126999908
2024-08-22,2024-08-21 15:08:00+05:30,2024-08-22 11:36:00+05:30,PUT,PUT,False,147.7943042188827,6104.834367425851,840.3147627499993,892.4999999999993,52.18523724999999,637.0829704500002,DELTA_EXIT,24650.0,24600.0,2024-08-22,validation,55410.99571530021,58383.1537652502,2972.1580499499905
2024-08-29,2024-08-23 09:20:00+05:30,2024-08-27 10:55:00+05:30,PUT,PUT,False,-122.86431627068444,6104.834367425851,1169.2739840000004,1230.0000000000005,60.72601599999999,-3577.1482442999973,DELTA_EXIT,24550.0,24500.0,2024-08-29,validation,56580.26969930021,58383.1537652502,1802.884065949991
2024-08-29,2024-08-27 10:56:00+05:30,2024-08-29 10:26:00+05:30,PUT,PUT,False,147.7943042188827,6104.834367425851,1025.4094573999998,1079.9999999999998,54.59054259999999,-3640.9501896,DELTA_EXIT,24850.0,24800.0,2024-08-29,validation,57605.67915670021,58383.1537652502,777.4746085499937
2024-09-05,2024-08-30 09:20:00+05:30,2024-09-05 11:32:00+05:30,PUT,PUT,False,-111.58687375028799,6104.834367425851,1296.6878220500007,1357.5000000000007,60.81217795,360.5543495999998,DELTA_EXIT,25000.0,24950.0,2024-09-05,validation,58902.36697875021,58902.36697875021,0.0
2024-09-12,2024-09-06 09:20:00+05:30,2024-09-06 13:24:00+05:30,PUT,PUT,False,-427.355264321453,6104.834367425851,-2246.296816900002,-2145.000000000002,101.29681689999998,3612.5246976000026,DELTA_EXIT,24850.0,24800.0,2024-09-12,validation,56656.070161850206,58902.36697875021,2246.2968169000014
2024-09-12,2024-09-06 13:25:00+05:30,2024-09-10 13:12:00+05:30,CALL,CALL,False,-201.8064139134773,6104.834367425851,-1882.258756599998,-1799.999999999998,82.2587566,-3086.2310938499986,DELTA_EXIT,25100.0,25150.0,2024-09-12,validation,54773.811405250206,58902.36697875021,4128.555573500002
2024-09-12,2024-09-10 13:13:00+05:30,2024-09-11 14:13:00+05:30,PUT,PUT,False,-709.2913273314189,6104.834367425851,-2410.2113441499996,-2332.4999999999995,77.71134415,3742.4161013999997,DELTA_EXIT,24950.0,24900.0,2024-09-12,validation,52363.60006110021,58902.36697875021,6538.7669176499985
2024-09-12,2024-09-11 14:14:00+05:30,2024-09-12 09:21:00+05:30,CALL,CALL,False,-1431.0476486369364,6104.834367425851,-1744.2286143999993,-1679.9999999999993,64.2286144,-3270.49342635,DELTA_EXIT,25050.0,25100.0,2024-09-12,validation,50619.37144670021,58902.36697875021,8282.995532050001
2024-09-19,2024-09-13 09:20:00+05:30,2024-09-19 09:15:00+05:30,PUT,PUT,False,-382.2454942398559,6104.834367425851,1279.3083099500004,1342.5000000000005,63.191690050000005,-3120.2900077499976,DELTA_EXIT,25100.0,25050.0,2024-09-19,validation,51898.67975665021,58902.36697875021,7003.687222100001
2024-09-26,2024-09-20 09:20:00+05:30,2024-09-24 12:40:00+05:30,PUT,PUT,False,-21.36733358710029,6104.834367425851,1229.5950888500017,1297.5000000000018,67.90491115,-3396.0498076500053,DELTA_EXIT,25200.0,25150.0,2024-09-26,validation,53128.27484550021,58902.36697875021,5774.09213325
2024-09-26,2024-09-24 12:41:00+05:30,2024-09-26 11:42:00+05:30,PUT,PUT,False,-370.96805171945783,6104.834367425851,962.5472456000002,1020.0000000000002,57.4527544,-3659.6388206999995,DELTA_EXIT,25750.0,25700.0,2024-09-26,validation,54090.822091100206,58902.36697875021,4811.544887650001
2024-10-03,2024-09-27 09:20:00+05:30,2024-09-30 10:40:00+05:30,PUT,PUT,False,-280.7485115562685,6104.834367425851,-1699.065729549998,-1612.499999999998,86.56572954999999,3078.047225699999,DELTA_EXIT,25950.0,25900.0,2024-10-03,validation,52391.75636155021,58902.36697875021,6510.6106172
2024-10-03,2024-09-30 10:41:00+05:30,2024-10-01 14:43:00+05:30,CALL,CALL,False,-77.75454618909222,6104.834367425851,1418.1228298850015,1477.5000000000014,59.377170115,3818.5430670599994,DELTA_EXIT,26200.0,26250.0,2024-10-03,validation,53809.87919143521,58902.36697875021,5092.487787314996
2024-10-03,2024-10-01 14:44:00+05:30,2024-10-03 10:02:00+05:30,CALL,CALL,False,12.464993974097922,6104.834367425851,1257.051343325,1312.5,55.448656674999995,3609.3879466200033,DELTA_EXIT,25900.0,25950.0,2024-10-03,validation,55066.93053476021,58902.36697875021,3835.4364439899946
2024-10-10,2024-10-04 09:20:00+05:30,2024-10-09 14:28:00+05:30,CALL,CALL,False,711.6664302388185,6104.834367425851,1894.9858824200014,1965.0000000000014,70.01411758,3749.0159551500046,DELTA_EXIT,25500.0,25550.0,2024-10-10,validation,56961.91641718021,58902.36697875021,1940.4505615699964
2024-10-10,2024-10-09 14:29:00+05:30,2024-10-10 13:52:00+05:30,CALL,CALL,False,-1273.1634533513547,6104.834367425851,1055.0073593299994,1109.9999999999993,54.99264067,-365.0977681650013,DELTA_EXIT,25200.0,25250.0,2024-10-10,validation,58016.92377651021,58902.36697875021,885.4432022399997
2024-10-17,2024-10-11 09:20:00+05:30,2024-10-17 09:34:00+05:30,CALL,CALL,False,35.019879014896446,6104.834367425851,1622.8051128650009,1687.500000000001,64.694887135,479.99170416000015,DELTA_EXIT,25250.0,25300.0,2024-10-17,validation,59639.72888937521,59639.72888937521,0.0
2024-10-24,2024-10-18 09:20:00+05:30,2024-10-21 09:15:00+05:30,CALL,CALL,False,68.85220657608897,6104.834367425851,-2622.0196509399993,-2519.9999999999995,102.01965094,-3800.525854620002,DELTA_EXIT,24900.0,24950.0,2024-10-24,validation,57017.709238435215,59639.72888937521,2622.0196509399975
2024-10-24,2024-10-21 09:20:00+05:30,2024-10-21 09:51:00+05:30,PUT,PUT,False,-495.0199194438445,6104.834367425851,-2821.145080855003,-2722.500000000003,98.64508085499999,4104.996721410003,DELTA_EXIT,24700.0,24650.0,2024-10-24,validation,54196.564157580215,59639.72888937521,5443.164731794997
2024-10-24,2024-10-21 09:52:00+05:30,2024-10-23 12:17:00+05:30,CALL,CALL,False,-619.0717871682295,6104.834367425851,1162.7031306950014,1222.5000000000014,59.796869305,3593.2551897149997,DELTA_EXIT,24950.0,25000.0,2024-10-24,validation,55359.267288275216,59639.72888937521,4280.461601099996
2024-10-24,2024-10-23 12:18:00+05:30,2024-10-24 09:40:00+05:30,CALL,CALL,False,-855.8980800966025,6104.834367425851,1219.38010544,1275.0,55.61989455999999,3128.3684626349977,DELTA_EXIT,24700.0,24750.0,2024-10-24,validation,56578.64739371522,59639.72888937521,3061.0814956599934
2024-10-31,2024-10-25 09:20:00+05:30,2024-10-30 15:14:00+05:30,CALL,CALL,False,-619.071787168228,6104.834367425851,1393.1189410400016,1455.0000000000016,61.881058960000004,3138.018548790005,DELTA_EXIT,24700.0,24750.0,2024-10-31,validation,57971.76633475522,59639.72888937521,1667.9625546199895
2024-10-31,2024-10-30 15:15:00+05:30,2024-10-31 12:24:00+05:30,CALL,CALL,False,666.5566601572224,6104.834367425851,1870.3639488350007,1927.5000000000007,57.136051165,3202.062292545001,DELTA_EXIT,24450.0,24500.0,2024-10-31,validation,59842.130283590224,59842.130283590224,0.0
2024-11-07,2024-11-04 09:20:00+05:30,2024-11-06 13:10:00+05:30,CALL,CALL,False,204.18151682087705,6104.834367425851,-1402.3997561349956,-1312.4999999999957,89.899756135,-2757.5773810049977,DELTA_EXIT,24450.0,24500.0,2024-11-07,validation,58439.73052745523,59842.130283590224,1402.399756134997
2024-11-07,2024-11-06 13:11:00+05:30,2024-11-07 09:58:00+05:30,PUT,PUT,False,-878.4529651374002,6104.834367425851,-1721.81081461,-1650.0,71.81081461,2768.4448420649996,DELTA_EXIT,24300.0,24250.0,2024-11-07,validation,56717.91971284523,59842.130283590224,3124.2105707449955
2024-11-14,2024-11-08 09:20:00+05:30,2024-11-13 09:39:00+05:30,CALL,CALL,False,-201.8064139134773,6104.834367425851,1607.9106084349996,1672.4999999999995,64.589391565,3827.8593492299983,DELTA_EXIT,24400.0,24450.0,2024-11-14,validation,58325.83032128023,59842.130283590224,1516.2999623099968
2024-11-14,2024-11-13 09:40:00+05:30,2024-11-14 09:28:00+05:30,CALL,CALL,False,-923.5627352189948,6104.834367425851,1253.739906965,1312.5,58.760093035000004,3361.187140784999,DELTA_EXIT,24000.0,24050.0,2024-11-14,validation,59579.570228245226,59842.130283590224,262.56005534499855
2024-11-21,2024-11-18 09:20:00+05:30,2024-11-19 11:25:00+05:30,CALL,CALL,False,-698.0138848110208,6104.834367425851,-2468.4793436799987,-2384.9999999999986,83.47934368000001,-3852.0182429849997,DELTA_EXIT,23750.0,23800.0,2024-11-21,validation,57111.09088456523,59842.130283590224,2731.039399024994
2024-11-21,2024-11-19 11:26:00+05:30,2024-11-19 14:58:00+05:30,PUT,PUT,False,294.4010569840648,6104.834367425851,-2650.819494909999,-2564.999999999999,85.81949491,4392.657839219999,DELTA_EXIT,23600.0,23550.0,2024-11-21,validation,54460.27138965523,59842.130283590224,5381.858893934994
2024-11-21,2024-11-19 14:59:00+05:30,2024-11-21 09:32:00+05:30,CALL,CALL,False,-1092.7243730249752,6104.834367425851,1182.073686815,1237.5,55.426313185,4221.528864479997,DELTA_EXIT,23750.0,23800.0,2024-11-21,validation,55642.34507647023,59842.130283590224,4199.785207119996
2024-11-28,2024-11-22 09:20:00+05:30,2024-11-22 13:00:00+05:30,CALL,CALL,False,170.34918925967798,6104.834367425851,-1764.6665257450027,-1642.5000000000027,122.16652574499999,-3015.2318318550024,DELTA_EXIT,23700.0,23750.0,2024-11-28,validation,53877.67855072523,59842.130283590224,5964.451732864996
2024-11-28,2024-11-22 13:01:00+05:30,2024-11-25 10:24:00+05:30,PUT,PUT,False,80.12964909649185,6104.834367425851,1209.2458756249976,1282.4999999999975,73.25412437499999,-4562.62197237001,DELTA_EXIT,23350.0,23300.0,2024-11-28,validation,55086.924426350226,59842.130283590224,4755.205857239998
2024-11-28,2024-11-25 10:25:00+05:30,2024-11-28 11:23:00+05:30,PUT,PUT,False,-709.2913273314189,6104.834367425851,-2377.1759687199988,-2294.9999999999986,82.17596872,3605.557344389999,DELTA_EXIT,24050.0,24000.0,2024-11-28,validation,52709.74845763023,59842.130283590224,7132.381825959994
2024-12-05,2024-11-29 09:20:00+05:30,2024-12-03 10:16:00+05:30,CALL,CALL,False,-43.92221862789643,6104.834367425851,-2133.0933545049998,-2032.4999999999995,100.59335450500001,-3324.6699663150007,DELTA_EXIT,24350.0,24400.0,2024-12-05,validation,50576.65510312523,59842.130283590224,9265.475180464993
2024-12-05,2024-12-03 10:17:00+05:30,2024-12-05 13:41:00+05:30,PUT,PUT,False,-337.13572415826206,6104.834367425851,1210.680569240001,1275.000000000001,64.31943076,-3886.3534610849993,DELTA_EXIT,24100.0,24050.0,2024-12-05,validation,51787.33567236523,59842.130283590224,8054.794611224992
2024-12-12,2024-12-06 09:20:00+05:30,2024-12-12 12:34:00+05:30,PUT,PUT,False,-438.632706841851,6104.834367425851,1425.370536470002,1500.000000000002,74.62946353000001,161.78039635499977,DELTA_EXIT,24300.0,24250.0,2024-12-12,validation,53212.70620883523,59842.130283590224,6629.424074754992
2024-12-19,2024-12-13 09:20:00+05:30,2024-12-19 09:15:00+05:30,PUT,PUT,False,-280.7485115562685,6104.834367425851,-4020.8927647750043,-3907.500000000004,113.392764775,1527.451364805001,DELTA_EXIT,24150.0,24100.0,2024-12-19,validation,49191.81344406023,59842.130283590224,10650.316839529994
2024-12-26,2024-12-20 09:20:00+05:30,2024-12-24 09:32:00+05:30,CALL,CALL,False,-822.0657525354075,6104.834367425851,1355.40212903,1425.0,69.59787097,3095.787070154999,DELTA_EXIT,24300.0,24350.0,2024-12-26,validation,50547.21557309023,59842.130283590224,9294.914710499994
2024-12-26,2024-12-24 09:33:00+05:30,2024-12-26 14:09:00+05:30,CALL,CALL,False,-675.458999770224,6104.834367425851,1016.9853336949993,1072.4999999999993,55.514666305000006,53.491821974999084,DELTA_EXIT,23900.0,23950.0,2024-12-26,validation,51564.20090678523,59842.130283590224,8277.929376804997
2025-01-02,2024-12-27 09:20:00+05:30,2024-12-31 10:12:00+05:30,CALL,CALL,False,-393.52293676025715,6104.834367425851,4758.835006220002,4860.000000000002,101.16499377999999,11008.213262235,DELTA_EXIT,24150.0,24200.0,2025-01-02,validation,56323.03591300523,59842.130283590224,3519.094370584993
2025-01-02,2024-12-31 10:13:00+05:30,2025-01-01 10:49:00+05:30,CALL,CALL,False,-585.2394596070337,6104.834367425851,-8200.025025835008,-7987.500000000007,212.525025835,-12477.444073065013,DELTA_EXIT,23700.0,23750.0,2025-01-02,validation,48123.010887170225,59842.130283590224,11719.11939642
2025-01-02,2025-01-01 10:50:00+05:30,2025-01-02 12:25:00+05:30,PUT,PUT,False,102.68453413728633,6104.834367425851,3312.8929092650055,3397.5000000000055,84.607090735,-9673.538125634994,DELTA_EXIT,23500.0,23450.0,2025-01-02,validation,51435.90379643523,59842.130283590224,8406.226487154992
2025-01-09,2025-01-03 09:20:00+05:30,2025-01-06 10:51:00+05:30,PUT,PUT,False,-472.4650344030468,6104.834367425851,-6854.184060610014,-6615.000000000014,239.18406060999996,11721.02353141502,DELTA_EXIT,23850.0,23800.0,2025-01-09,validation,44581.719735825216,59842.130283590224,15260.410547765008
2025-01-09,2025-01-06 10:52:00+05:30,2025-01-08 10:34:00+05:30,CALL,CALL,False,-607.7943446478299,6104.834367425851,4578.753928100003,4680.000000000003,101.2460719,10408.500895769997,DELTA_EXIT,24100.0,24150.0,2025-01-09,validation,49160.47366392522,59842.130283590224,10681.656619665002
2025-01-09,2025-01-08 10:35:00+05:30,2025-01-09 13:01:00+05:30,CALL,CALL,False,-1002.5048328617861,6104.834367425851,3482.587077259999,3554.999999999999,72.41292274,-605.3742504450042,DELTA_EXIT,23750.0,23800.0,2025-01-09,validation,52643.060741185225,59842.130283590224,7199.069542404999
2025-01-16,2025-01-10 09:20:00+05:30,2025-01-13 14:23:00+05:30,CALL,CALL,False,-607.7943446478316,6104.834367425851,4557.9696690650035,4657.500000000004,99.53033093500001,10834.719808365,DELTA_EXIT,23900.0,23950.0,2025-01-16,validation,57201.03041025023,59842.130283590224,2641.0998733399974
2025-01-16,2025-01-13 14:24:00+05:30,2025-01-16 09:32:00+05:30,CALL,CALL,False,-619.071787168228,6104.834367425851,-446.14165715499684,-337.4999999999968,108.641657155,-4808.2131436049995,DELTA_EXIT,23350.0,23400.0,2025-01-16,validation,56754.88875309523,59842.130283590224,3087.2415304949973
2025-01-23,2025-01-17 09:20:00+05:30,2025-01-23 10:07:00+05:30,PUT,PUT,False,-483.7424769234465,6104.834367425851,4256.0350259900015,4365.000000000002,108.96497401,342.0719471250004,DELTA_EXIT,22900.0,22850.0,2025-01-23,validation,61010.92377908523,61010.92377908523,0.0
2025-01-30,2025-01-24 09:20:00+05:30,2025-01-27 09:15:00+05:30,PUT,PUT,False,-393.52293676025715,6104.834367425851,-1503.6128567500018,-1395.0000000000018,108.61285674999999,3005.409774855003,DELTA_EXIT,22950.0,22900.0,2025-01-30,validation,59507.31092233522,61010.92377908523,1503.6128567500054
2025-01-30,2025-01-27 09:20:00+05:30,2025-01-30 09:32:00+05:30,CALL,CALL,False,-776.9559824538104,6104.834367425851,-1810.7252401449964,-1717.4999999999964,93.22524014500001,-3243.3781303049973,DELTA_EXIT,23200.0,23250.0,2025-01-30,validation,57696.58568219023,61010.92377908523,3314.3380968950005
2025-02-06,2025-01-31 09:20:00+05:30,2025-02-04 09:15:00+05:30,PUT,PUT,False,215.45895934127827,6104.834367425851,3993.174884930002,4140.000000000002,146.82511507,1890.4303749600067,DELTA_EXIT,22750.0,22700.0,2025-02-06,validation,61689.76056712023,61689.76056712023,0.0
2025-02-06,2025-02-04 09:20:00+05:30,2025-02-06 09:16:00+05:30,PUT,PUT,False,-799.5108674946089,6104.834367425851,3537.4470280250052,3622.5000000000055,85.05297197499999,-10488.070335645,DELTA_EXIT,23350.0,23300.0,2025-02-06,validation,65227.207595145235,65227.207595145235,0.0
2025-02-13,2025-02-07 09:20:00+05:30,2025-02-11 12:09:00+05:30,PUT,PUT,False,-472.4650344030452,6104.834367425851,-5419.313164434996,-5242.499999999996,176.81316443500003,9994.152301245002,DELTA_EXIT,23250.0,23200.0,2025-02-13,validation,59807.894430710236,65227.207595145235,5419.313164435
2025-02-13,2025-02-11 12:10:00+05:30,2025-02-12 09:46:00+05:30,CALL,CALL,False,-246.91618399507354,6104.834367425851,4431.790806305002,4522.500000000002,90.709193695,11824.418814660006,DELTA_EXIT,23450.0,23500.0,2025-02-13,validation,64239.685237015234,65227.207595145235,987.5223581300015
2025-02-13,2025-02-12 09:47:00+05:30,2025-02-12 11:45:00+05:30,CALL,CALL,False,-483.7424769234449,6104.834367425851,-5704.704657219992,-5534.999999999993,169.70465722000003,-9879.465245174993,DELTA_EXIT,23050.0,23100.0,2025-02-13,validation,58534.98057979524,65227.207595145235,6692.227015349992
2025-02-13,2025-02-12 11:46:00+05:30,2025-02-13 11:01:00+05:30,PUT,PUT,False,-765.6785399334124,6104.834367425851,4191.3353939900035,4275.000000000004,83.66460601000001,-9754.181145719998,DELTA_EXIT,22850.0,22800.0,2025-02-13,validation,62726.31597378525,65227.207595145235,2500.8916213599878
2025-02-20,2025-02-14 09:20:00+05:30,2025-02-14 13:02:00+05:30,PUT,PUT,False,-269.47106903587047,6104.834367425851,-5489.684779810007,-5265.000000000007,224.68477980999998,10112.069857950006,DELTA_EXIT,22800.0,22750.0,2025-02-20,validation,57236.63119397524,65227.207595145235,7990.576401169994
2025-02-20,2025-02-14 13:03:00+05:30,2025-02-20 12:30:00+05:30,CALL,CALL,False,-551.4071320458364,6104.834367425851,4887.918391550003,4995.000000000004,107.08160845000002,583.7060062800019,DELTA_EXIT,23100.0,23150.0,2025-02-20,validation,62124.549585525245,65227.207595145235,3102.6580096199905
2025-02-27,2025-02-21 09:20:00+05:30,2025-02-24 13:38:00+05:30,CALL,CALL,False,-528.8522470050387,6104.834367425851,4627.562705330004,4725.000000000004,97.43729467000001,10376.498274795002,DELTA_EXIT,23200.0,23250.0,2025-02-27,validation,66752.11229085525,66752.11229085525,0.0
2025-02-27,2025-02-24 13:39:00+05:30,2025-02-27 11:12:00+05:30,CALL,CALL,False,-235.63874147467305,6104.834367425851,4687.358154890004,4770.000000000004,82.64184511000002,1141.365937275004,DELTA_EXIT,22750.0,22800.0,2025-02-27,validation,71439.47044574525,71439.47044574525,0.0
2025-03-06,2025-02-28 09:20:00+05:30,2025-03-04 09:15:00+05:30,CALL,CALL,False,283.1236144636682,6104.834367425851,5460.521880695003,5557.500000000004,96.978119305,10834.941059190005,DELTA_EXIT,22600.0,22650.0,2025-03-06,validation,76899.99232644025,76899.99232644025,0.0
2025-03-06,2025-03-04 09:20:00+05:30,2025-03-05 09:31:00+05:30,CALL,CALL,False,-754.4010974130135,6104.834367425851,-6952.843878925,-6817.5,135.343878925,-10872.963197955003,DELTA_EXIT,22200.0,22250.0,2025-03-06,validation,69947.14844751524,76899.99232644025,6952.843878925007
2025-03-06,2025-03-05 09:32:00+05:30,2025-03-06 09:15:00+05:30,PUT,PUT,False,-573.9620170866358,6104.834367425851,3524.7449187500038,3600.0000000000036,75.25508125,-10442.324020320004,DELTA_EXIT,22050.0,22000.0,2025-03-06,validation,73471.89336626524,76899.99232644025,3428.0989601750043
2025-03-13,2025-03-07 09:20:00+05:30,2025-03-13 10:00:00+05:30,PUT,PUT,False,-43.92221862789643,6104.834367425851,3664.594064975004,3757.500000000004,92.905935025,1190.9745105749994,DELTA_EXIT,22250.0,22200.0,2025-03-13,validation,77136.48743124024,77136.48743124024,0.0
2025-03-20,2025-03-17 09:20:00+05:30,2025-03-19 09:15:00+05:30,PUT,PUT,False,-21.367333587097107,6104.834367425851,3201.43669322,3285.0,83.56330677999999,-10391.052543389997,DELTA_EXIT,22300.0,22250.0,2025-03-20,validation,80337.92412446025,80337.92412446025,0.0
2025-03-20,2025-03-19 09:20:00+05:30,2025-03-20 09:44:00+05:30,PUT,PUT,False,339.5108270656593,6104.834367425851,3096.715601975002,3172.500000000002,75.78439802499999,-7284.717257310001,DELTA_EXIT,22700.0,22650.0,2025-03-20,validation,83434.63972643524,83434.63972643524,0.0
2025-03-27,2025-03-21 09:20:00+05:30,2025-03-25 09:34:00+05:30,PUT,PUT,False,-145.41920131148376,6104.834367425851,4024.5036540350056,4117.5000000000055,92.99634596500002,-10413.446833350004,DELTA_EXIT,22950.0,22900.0,2025-03-27,validation,87459.14338047025,87459.14338047025,0.0
2025-03-27,2025-03-25 09:35:00+05:30,2025-03-26 13:18:00+05:30,PUT,PUT,False,-495.0199194438429,6104.834367425851,-5032.589359765001,-4882.500000000001,150.089359765,9437.408011125004,DELTA_EXIT,23550.0,23500.0,2025-03-27,validation,82426.55402070525,87459.14338047025,5032.589359764999
2025-03-27,2025-03-26 13:19:00+05:30,2025-03-27 14:31:00+05:30,CALL,CALL,False,1.1875514536990295,6104.834367425851,5253.100235644999,5332.499999999999,79.399764355,1456.9287692850016,DELTA_EXIT,23700.0,23750.0,2025-03-27,validation,87679.65425635026,87679.65425635026,0.0
2025-04-03,2025-03-28 09:20:00+05:30,2025-04-01 10:31:00+05:30,CALL,CALL,False,-370.96805171945783,6104.834367425851,4305.980355530002,4410.000000000002,104.01964447,10074.595287464996,DELTA_EXIT,23900.0,23950.0,2025-04-03,validation,91985.63461188026,91985.63461188026,0.0
2025-04-03,2025-04-01 10:32:00+05:30,2025-04-03 09:15:00+05:30,CALL,CALL,False,-77.75454618909299,6104.834367425851,4398.093965345,4477.5,79.40603465500001,1103.9226831449932,DELTA_EXIT,23500.0,23550.0,2025-04-03,validation,96383.72857722527,96383.72857722527,0.0
2025-09-02,2025-08-26 09:20:00+05:30,2025-08-28 15:07:00+05:30,CALL,CALL,False,-280.7485115562685,6104.834367425851,3846.7377750650035,3937.5000000000036,90.76222493499999,10356.966412874997,DELTA_EXIT,25100.0,25150.0,2025-09-02,validation,100230.46635229027,100230.46635229027,0.0
2025-09-02,2025-08-28 15:08:00+05:30,2025-09-02 09:50:00+05:30,CALL,CALL,False,508.6724648716415,6104.834367425851,-3348.5178278199965,-3239.9999999999964,108.51782782000001,-6464.628569339997,DELTA_EXIT,24700.0,24750.0,2025-09-02,validation,96881.94852447027,100230.46635229027,3348.5178278200037
2025-09-09,2025-09-03 09:20:00+05:30,2025-09-08 09:15:00+05:30,PUT,PUT,False,-619.0717871682295,6104.834367425851,3823.6804114100014,3915.0000000000014,91.31958859000001,-13159.893747330012,DELTA_EXIT,24350.0,24300.0,2025-09-09,validation,100705.62893588026,100705.62893588026,0.0
2025-09-09,2025-09-08 09:20:00+05:30,2025-09-09 13:28:00+05:30,PUT,PUT,False,362.0657121064579,6104.834367425851,2745.772147804999,2812.499999999999,66.727852195,2244.530918880003,DELTA_EXIT,24650.0,24600.0,2025-09-09,validation,103451.40108368525,103451.40108368525,0.0
2025-09-16,2025-09-10 09:20:00+05:30,2025-09-15 12:00:00+05:30,PUT,PUT,False,-348.4131666786609,6104.834367425851,3360.270472475001,3442.500000000001,82.22952752500001,-8606.95362999,DELTA_EXIT,24750.0,24700.0,2025-09-16,validation,106811.67155616026,106811.67155616026,0.0
2025-09-16,2025-09-15 12:01:00+05:30,2025-09-16 13:23:00+05:30,PUT,PUT,False,249.29128690247092,6104.834367425851,2480.491401574999,2542.499999999999,62.00859842499999,-7421.535597374998,DELTA_EXIT,25000.0,24950.0,2025-09-16,validation,109292.16295773526,109292.16295773526,0.0
2025-09-23,2025-09-17 09:20:00+05:30,2025-09-23 11:13:00+05:30,PUT,PUT,False,576.3371199940323,6104.834367425851,-4345.941010674998,-4252.499999999998,93.441010675,9881.023082174997,DELTA_EXIT,25100.0,25050.0,2025-09-23,validation,104946.22194706026,109292.16295773526,4345.941010675
2025-09-30,2025-09-24 09:20:00+05:30,2025-09-26 14:08:00+05:30,CALL,CALL,False,125.23941917808412,6104.834367425851,5036.702016919999,5129.999999999999,93.29798308,8626.948531739996,DELTA_EXIT,25300.0,25350.0,2025-09-30,validation,109982.92396398025,109982.92396398025,0.0
2025-09-30,2025-09-26 14:09:00+05:30,2025-09-30 13:23:00+05:30,CALL,CALL,False,-495.0199194438445,6104.834367425851,3836.7718102400013,3915.0000000000014,78.22818976,355.7001360600002,DELTA_EXIT,24850.0,24900.0,2025-09-30,validation,113819.69577422025,113819.69577422025,0.0
2025-10-07,2025-10-01 09:20:00+05:30,2025-10-01 14:43:00+05:30,CALL,CALL,False,-111.58687375028799,6104.834367425851,-7454.223083919995,-7289.9999999999945,164.22308392000002,-10859.008691564995,DELTA_EXIT,24850.0,24900.0,2025-10-07,validation,106365.47269030026,113819.69577422025,7454.223083919991
2025-10-07,2025-10-01 14:44:00+05:30,2025-10-07 09:15:00+05:30,PUT,PUT,False,-438.6327068418494,6104.834367425851,3586.2558052550007,3667.500000000001,81.24419474499999,-10018.493717759999,DELTA_EXIT,24700.0,24650.0,2025-10-07,validation,109951.72849555526,113819.69577422025,3867.96727866499
2025-10-14,2025-10-08 09:20:00+05:30,2025-10-14 09:28:00+05:30,PUT,PUT,False,-325.85828163786397,6104.834367425851,3943.1345881550046,4027.5000000000045,84.36541184499998,852.9436383299967,DELTA_EXIT,25000.0,24950.0,2025-10-14,validation,113894.86308371027,113894.86308371027,0.0
2025-10-28,2025-10-23 09:20:00+05:30,2025-10-24 11:06:00+05:30,PUT,PUT,False,666.5566601572233,6104.834367425851,-5946.328277589999,-5804.999999999999,141.32827759,11499.879408975004,DELTA_EXIT,25800.0,25750.0,2025-10-28,validation,107948.53480612027,113894.86308371027,5946.328277590001
2025-10-28,2025-10-24 11:07:00+05:30,2025-10-27 12:05:00+05:30,CALL,CALL,False,125.23941917808577,6104.834367425851,-8688.239421114993,-8527.499999999993,160.739421115,-11872.638268469995,DELTA_EXIT,26000.0,26050.0,2025-10-28,validation,99260.29538500527,113894.86308371027,14634.567698704996
2025-10-28,2025-10-27 12:06:00+05:30,2025-10-28 10:07:00+05:30,PUT,PUT,False,587.6145625144312,6104.834367425851,-6208.778251524997,-6097.499999999997,111.27825152500002,11866.429494989998,DELTA_EXIT,25900.0,25850.0,2025-10-28,validation,93051.51713348027,113894.86308371027,20843.345950229996
2025-11-04,2025-10-29 09:20:00+05:30,2025-11-03 09:15:00+05:30,CALL,CALL,False,-10.089891066697419,6104.834367425851,4982.168383610006,5085.0000000000055,102.83161639000001,10160.75269098,DELTA_EXIT,26300.0,26350.0,2025-11-04,validation,98033.68551709029,113894.86308371027,15861.177566619983
2025-11-04,2025-11-03 09:20:00+05:30,2025-11-04 12:28:00+05:30,CALL,CALL,False,-596.5169021274319,6104.834367425851,3768.904649705,3847.5,78.595350295,81.28487682000059,DELTA_EXIT,25900.0,25950.0,2025-11-04,validation,101802.59016679529,113894.86308371027,12092.272916914982
2025-11-11,2025-11-06 09:20:00+05:30,2025-11-07 10:09:00+05:30,CALL,CALL,False,339.5108270656593,6104.834367425851,5260.540528669999,5354.999999999999,94.45947133,14225.931353474996,DELTA_EXIT,25900.0,25950.0,2025-11-11,validation,107063.13069546528,113894.86308371027,6831.7323882449855
2025-11-11,2025-11-07 10:10:00+05:30,2025-11-07 12:50:00+05:30,CALL,CALL,False,-89.03198870949026,6104.834367425851,-5595.511107009991,-5444.999999999991,150.51110701000002,-9251.991366479991,DELTA_EXIT,25500.0,25550.0,2025-11-11,validation,101467.61958845529,113894.86308371027,12427.243495254981
2025-11-11,2025-11-07 12:51:00+05:30,2025-11-11 12:21:00+05:30,PUT,PUT,False,-528.8522470050403,6104.834367425851,3883.98099533,3960.0,76.01900466999999,-10465.802329274997,DELTA_EXIT,25350.0,25300.0,2025-11-11,validation,105351.60058378529,113894.86308371027,8543.262499924982
2025-11-18,2025-11-12 09:20:00+05:30,2025-11-17 15:09:00+05:30,PUT,PUT,False,238.01384438207276,6104.834367425851,3285.71028167,3375.0,89.28971833,2020.397745420004,DELTA_EXIT,25600.0,25550.0,2025-11-18,validation,108637.31086545529,113894.86308371027,5257.552218254976
2025-11-18,2025-11-17 15:10:00+05:30,2025-11-18 09:59:00+05:30,PUT,PUT,False,-1070.1694879841775,6104.834367425851,-6493.07528653,-6390.0,103.07528653000001,9579.151411199999,DELTA_EXIT,25900.0,25850.0,2025-11-18,validation,102144.23557892529,113894.86308371027,11750.627504784978
2025-11-25,2025-11-19 09:20:00+05:30,2025-11-20 12:00:00+05:30,CALL,CALL,False,-698.0138848110224,6104.834367425851,-7049.598325825,-6862.5,187.098325825,-11631.804005385005,DELTA_EXIT,26150.0,26200.0,2025-11-25,validation,95094.63725310029,113894.86308371027,18800.225830609983
2025-11-25,2025-11-20 12:01:00+05:30,2025-11-24 15:20:00+05:30,PUT,PUT,False,12.464993974097126,6104.834367425851,-3901.305232119993,-3779.999999999993,121.30523212000001,9258.453046529998,DELTA_EXIT,25950.0,25900.0,2025-11-25,validation,91193.33202098029,113894.86308371027,22701.531062729977
2025-11-25,2025-11-24 15:21:00+05:30,2025-11-25 14:27:00+05:30,CALL,CALL,False,-630.3492296886285,6104.834367425851,3846.748213849998,3914.999999999998,68.25178615,223.96479533999945,DELTA_EXIT,26100.0,26150.0,2025-11-25,validation,95040.0802348303,113894.86308371027,18854.78284887997
2025-12-02,2025-11-26 09:20:00+05:30,2025-11-27 09:19:00+05:30,CALL,CALL,False,-10.08989106669901,6104.834367425851,-7750.948444060005,-7560.0000000000055,190.94844405999999,-11291.047427475007,DELTA_EXIT,26250.0,26300.0,2025-12-02,validation,87289.13179077029,113894.86308371027,26605.731292939978
2025-12-02,2025-11-27 09:20:00+05:30,2025-12-02 10:17:00+05:30,PUT,PUT,False,452.28525226964723,6104.834367425851,-5415.914285679997,-5309.999999999997,105.91428567999999,11128.84642521,DELTA_EXIT,26050.0,26000.0,2025-12-02,validation,81873.21750509029,113894.86308371027,32021.64557861998
2025-12-09,2025-12-03 09:20:00+05:30,2025-12-09 09:15:00+05:30,CALL,CALL,False,136.5168616984838,6104.834367425851,5416.680258005003,5512.500000000004,95.81974199500002,10792.373050575003,DELTA_EXIT,26250.0,26300.0,2025-12-09,validation,87289.89776309529,113894.86308371027,26604.96532061498
2025-12-16,2025-12-10 09:20:00+05:30,2025-12-16 11:42:00+05:30,CALL,CALL,False,-596.5169021274335,6104.834367425851,4547.498569880002,4635.000000000002,87.50143011999998,385.0716792149997,DELTA_EXIT,26100.0,26150.0,2025-12-16,validation,91837.39633297529,113894.86308371027,22057.46675073498
2025-12-23,2025-12-17 09:20:00+05:30,2025-12-22 09:20:00+05:30,CALL,CALL,False,1.1875514536990295,6104.834367425851,-6216.449894769994,-6074.999999999994,141.44989477,-10291.151445524998,DELTA_EXIT,26100.0,26150.0,2025-12-23,validation,85620.9464382053,113894.86308371027,28273.91664550497
2025-12-23,2025-12-22 09:21:00+05:30,2025-12-23 11:10:00+05:30,PUT,PUT,False,-506.29736196424216,6104.834367425851,3463.8233556649993,3532.499999999999,68.67664433499999,476.6697158849993,DELTA_EXIT,26000.0,25950.0,2025-12-23,validation,89084.76979387029,113894.86308371027,24810.093289839977
2025-12-30,2025-12-24 09:20:00+05:30,2025-12-26 11:47:00+05:30,PUT,PUT,False,-540.1296895254384,6104.834367425851,-3806.5080111699945,-3689.9999999999945,116.50801116999999,8181.544612859997,DELTA_EXIT,26050.0,26000.0,2025-12-30,validation,85278.2617827003,113894.86308371027,28616.60130100997
2025-12-30,2025-12-26 11:48:00+05:30,2025-12-30 09:15:00+05:30,CALL,CALL,False,-630.3492296886277,6104.834367425851,3982.35625133,4050.0,67.64374867000001,8236.236185505002,DELTA_EXIT,26200.0,26250.0,2025-12-30,validation,89260.6180340303,113894.86308371027,24634.245049679972
2026-01-06,2025-12-31 09:20:00+05:30,2026-01-02 09:27:00+05:30,CALL,CALL,False,238.01384438207197,6104.834367425851,-5038.274344827998,-4913.999999999998,124.274344828,-8180.692147718997,DELTA_EXIT,26200.0,26250.0,2026-01-06,holdout,84222.3436892023,113894.86308371027,29672.519394507966
2026-01-06,2026-01-02 09:28:00+05:30,2026-01-06 14:47:00+05:30,PUT,PUT,False,-506.29736196424295,6104.834367425851,3325.658058518,3393.0,67.341941482,-9527.299906682998,DELTA_EXIT,26100.0,26050.0,2026-01-06,holdout,87548.00174772031,113894.86308371027,26346.86133598996
2026-01-13,2026-01-07 09:20:00+05:30,2026-01-08 11:58:00+05:30,PUT,PUT,False,-585.2394596070337,6104.834367425851,-4728.432170757997,-4601.999999999996,126.43217075800001,8027.2485786869975,DELTA_EXIT,25950.0,25900.0,2026-01-13,holdout,82819.56957696231,113894.86308371027,31075.293506747956
2026-01-13,2026-01-08 11:59:00+05:30,2026-01-12 09:15:00+05:30,CALL,CALL,False,-765.6785399334117,6104.834367425851,3472.388953166002,3549.000000000002,76.611046834,7003.963212519,DELTA_EXIT,26150.0,26200.0,2026-01-13,holdout,86291.95853012831,113894.86308371027,27602.90455358196
2026-01-13,2026-01-12 09:20:00+05:30,2026-01-12 13:36:00+05:30,CALL,CALL,False,-213.08385643387615,6104.834367425851,-5814.649153413995,-5693.999999999995,120.649153414,-8554.241105669995,DELTA_EXIT,25750.0,25800.0,2026-01-13,holdout,80477.30937671431,113894.86308371027,33417.553706995954
2026-01-13,2026-01-12 13:37:00+05:30,2026-01-13 14:46:00+05:30,PUT,PUT,False,-573.9620170866341,6104.834367425851,2761.7274343909985,2827.4999999999986,65.772565609,173.39013560700096,DELTA_EXIT,25600.0,25550.0,2026-01-13,holdout,83239.03681110531,113894.86308371027,30655.826272604958
2026-01-20,2026-01-14 09:20:00+05:30,2026-01-20 09:54:00+05:30,PUT,PUT,False,-10.08989106669901,6104.834367425851,-6141.446376126996,-6025.499999999996,115.94637612700001,10188.154255382997,DELTA_EXIT,25450.0,25400.0,2026-01-20,holdout,77097.59043497831,113894.86308371027,36797.27264873196
2026-01-27,2026-01-21 09:20:00+05:30,2026-01-27 09:21:00+05:30,CALL,CALL,False,91.40709161688835,6104.834367425851,4273.589859464002,4368.000000000002,94.410140536,9766.074700629011,DELTA_EXIT,25500.0,25550.0,2026-01-27,holdout,81371.18029444231,113894.86308371027,32523.682789267958
2026-02-03,2026-01-28 09:20:00+05:30,2026-02-01 14:49:00+05:30,CALL,CALL,False,-427.355264321453,6104.834367425851,4020.9881214260035,4134.000000000004,113.011878574,10101.937534883995,DELTA_EXIT,25800.0,25850.0,2026-02-03,holdout,85392.16841586832,113894.86308371027,28502.694667841948
2026-02-03,2026-02-01 14:50:00+05:30,2026-02-03 09:23:00+05:30,CALL,CALL,False,-416.0778218010549,6104.834367425851,-15265.426602552963,-14761.499999999964,503.92660255300007,-18710.56355699697,DELTA_EXIT,25250.0,25300.0,2026-02-03,holdout,70126.74181331536,113894.86308371027,43768.12127039491
2026-02-10,2026-02-04 09:20:00+05:30,2026-02-10 09:15:00+05:30,PUT,PUT,False,-483.7424769234449,6104.834367425851,3411.956495678,3510.0,98.04350432199999,371.61541587300144,DELTA_EXIT,25400.0,25350.0,2026-02-10,holdout,73538.69830899335,113894.86308371027,40356.16477471692
2026-02-17,2026-02-11 09:20:00+05:30,2026-02-13 09:15:00+05:30,PUT,PUT,False,339.51082706565865,6104.834367425851,-9471.100199038003,-9282.000000000004,189.10019903799997,13985.836471776005,DELTA_EXIT,25750.0,25700.0,2026-02-17,holdout,64067.59810995535,113894.86308371027,49827.26497375492
2026-02-17,2026-02-13 09:20:00+05:30,2026-02-17 14:31:00+05:30,CALL,CALL,False,-55.19966114829447,6104.834367425851,3510.4944719420014,3588.0000000000014,77.505528058,1185.5849962710022,DELTA_EXIT,25800.0,25850.0,2026-02-17,holdout,67578.09258189735,113894.86308371027,46316.77050181292
2026-02-24,2026-02-18 09:20:00+05:30,2026-02-24 09:18:00+05:30,CALL,CALL,False,-280.7485115562701,6104.834367425851,4065.195168790999,4153.499999999999,88.30483120900001,9195.96958406099,DELTA_EXIT,25950.0,26000.0,2026-02-24,holdout,71643.28775068835,113894.86308371027,42251.575333021916
2026-03-02,2026-02-25 09:20:00+05:30,2026-03-02 09:15:00+05:30,CALL,CALL,False,-179.25152887267956,6104.834367425851,3929.545732700004,4017.000000000004,87.45426730000001,9312.137671667999,DELTA_EXIT,25850.0,25900.0,2026-03-02,holdout,75572.83348338836,113894.86308371027,38322.02960032191
2026-03-10,2026-03-04 09:20:00+05:30,2026-03-09 09:18:00+05:30,CALL,CALL,False,12.464993974097126,6104.834367425851,4277.0740304659985,4406.999999999998,129.925969534,9173.222661993015,DELTA_EXIT,24900.0,24950.0,2026-03-10,holdout,79849.90751385436,113894.86308371027,34044.95556985591
2026-03-10,2026-03-09 09:20:00+05:30,2026-03-10 09:15:00+05:30,CALL,CALL,False,-10.08989106669901,6104.834367425851,-5474.864070907003,-5284.500000000004,190.36407090699998,-9139.69606613701,DELTA_EXIT,24150.0,24200.0,2026-03-10,holdout,74375.04344294735,113894.86308371027,39519.819640762915
2026-03-17,2026-03-11 09:20:00+05:30,2026-03-12 09:15:00+05:30,PUT,PUT,False,12.464993974097126,6104.834367425851,-8224.972417086981,-7819.499999999982,405.472417087,12344.708359385986,DELTA_EXIT,23850.0,23800.0,2026-03-17,holdout,66150.07102586038,113894.86308371027,47744.79205784989
2026-03-17,2026-03-12 09:20:00+05:30,2026-03-16 09:21:00+05:30,CALL,CALL,False,-66.47710366869251,6104.834367425851,4473.803551765998,4601.999999999998,128.196448234,10299.97135857301,DELTA_EXIT,24050.0,24100.0,2026-03-17,holdout,70623.87457762638,113894.86308371027,43270.988506083886
2026-03-17,2026-03-16 09:22:00+05:30,2026-03-16 14:49:00+05:30,CALL,CALL,False,-32.64477610749833,6104.834367425851,-5260.85116363,-5070.0,190.85116363,-8422.367401851003,DELTA_EXIT,23450.0,23500.0,2026-03-17,holdout,65363.02341399638,113894.86308371027,48531.83966971389
2026-03-17,2026-03-16 14:50:00+05:30,2026-03-17 11:02:00+05:30,PUT,PUT,False,-483.74247692344807,6104.834367425851,3350.2562177270065,3451.5000000000064,101.24378227300001,426.02835557099525,DELTA_EXIT,23150.0,23100.0,2026-03-17,holdout,68713.27963172339,113894.86308371027,45181.58345198688
2026-03-24,2026-03-18 09:20:00+05:30,2026-03-19 09:18:00+05:30,PUT,PUT,False,113.96197665768761,6104.834367425851,-5251.484061457,-4972.5,278.984061457,9439.851847647005,DELTA_EXIT,23300.0,23250.0,2026-03-24,holdout,63461.79557026639,113894.86308371027,50433.06751344388
2026-03-24,2026-03-19 09:20:00+05:30,2026-03-23 09:52:00+05:30,CALL,CALL,False,-461.18759188265034,6104.834367425851,3618.7824635329985,3724.4999999999986,105.71753646699999,12427.787340111005,DELTA_EXIT,23650.0,23700.0,2026-03-24,holdout,67080.5780337994,113894.86308371027,46814.285049910875
2026-03-24,2026-03-23 09:53:00+05:30,2026-03-24 12:52:00+05:30,CALL,CALL,False,-517.5748044846406,6104.834367425851,-5508.473265837996,-5342.999999999996,165.473265838,-9153.614067974999,DELTA_EXIT,23000.0,23050.0,2026-03-24,holdout,61572.1047679614,113894.86308371027,52322.75831574887
2026-03-30,2026-03-25 09:20:00+05:30,2026-03-30 09:15:00+05:30,PUT,PUT,False,-269.47106903587047,6104.834367425851,-9638.114750404005,-9360.000000000005,278.114750404,14294.319473499007,DELTA_EXIT,22650.0,22600.0,2026-03-30,holdout,51933.99001755739,113894.86308371027,61960.873066152875
2026-04-07,2026-04-01 09:20:00+05:30,2026-04-07 09:15:00+05:30,CALL,CALL,False,-528.8522470050387,6104.834367425851,4060.3175662820036,4212.000000000004,151.68243371800003,9947.046702996016,DELTA_EXIT,23450.0,23500.0,2026-04-07,holdout,55994.3075838394,113894.86308371027,57900.55549987087
2026-04-13,2026-04-08 09:20:00+05:30,2026-04-13 09:15:00+05:30,CALL,CALL,False,-517.5748044846406,6104.834367425851,4336.354235411002,4465.500000000002,129.14576458899998,655.7639231129983,DELTA_EXIT,24300.0,24350.0,2026-04-13,holdout,60330.6618192504,113894.86308371027,53564.201264459865
2026-04-21,2026-04-15 09:20:00+05:30,2026-04-21 15:08:00+05:30,CALL,CALL,False,-55.19966114829123,6104.834367425851,4621.959823913002,4738.500000000002,116.54017608699999,1221.5648754660033,DELTA_EXIT,24600.0,24650.0,2026-04-21,holdout,64952.6216431634,113894.86308371027,48942.241440546866
2026-04-28,2026-04-22 09:20:00+05:30,2026-04-24 10:27:00+05:30,CALL,CALL,False,-292.0259540766698,6104.834367425851,4067.253444491,4192.5,125.24655550899999,9432.088886843998,DELTA_EXIT,24850.0,24900.0,2026-04-28,holdout,69019.8750876544,113894.86308371027,44874.98799605586
2026-04-28,2026-04-24 10:28:00+05:30,2026-04-28 12:19:00+05:30,CALL,CALL,False,-370.96805171945783,6104.834367425851,4138.9096618640015,4251.000000000002,112.09033813599999,556.6007990789999,DELTA_EXIT,24250.0,24300.0,2026-04-28,holdout,73158.78474951841,113894.86308371027,40736.07833419186
2026-05-05,2026-04-29 09:20:00+05:30,2026-05-05 09:15:00+05:30,CALL,CALL,False,-709.2913273314205,6104.834367425851,3814.1026680410014,3919.5000000000014,105.39733195900001,166.1950594979994,DELTA_EXIT,24450.0,24500.0,2026-05-05,holdout,76972.88741755941,113894.86308371027,36921.97566615086
2026-05-12,2026-05-06 09:20:00+05:30,2026-05-11 09:39:00+05:30,CALL,CALL,False,-145.41920131148376,6104.834367425851,4000.7300602130017,4114.500000000002,113.76993978700001,8654.274857709002,DELTA_EXIT,24550.0,24600.0,2026-05-12,holdout,80973.61747777241,113894.86308371027,32921.24560593786
2026-05-12,2026-05-11 09:40:00+05:30,2026-05-12 09:15:00+05:30,CALL,CALL,False,-754.401097413016,6104.834367425851,4038.4542225200007,4134.000000000001,95.54577748,8269.183610999995,DELTA_EXIT,24100.0,24150.0,2026-05-12,holdout,85012.0717002924,113894.86308371027,28882.79138341786
2026-05-19,2026-05-13 09:20:00+05:30,2026-05-19 13:41:00+05:30,CALL,CALL,False,-506.29736196424255,6104.834367425851,3972.89953007,4095.0,122.10046992999999,202.43871086399986,DELTA_EXIT,23850.0,23900.0,2026-05-19,holdout,88984.97123036241,113894.86308371027,24909.891853347857
