n,x_n,expiry,entry_ts,direction,x_max,high_n_threshold,eligible_95pct,selected
6,10.800000000000004,2021-06-03,2021-05-28 10:15:00+05:30,BULLISH,10.800000000000004,10.260000000000003,True,True
7,8.75,2021-06-03,2021-05-28 10:15:00+05:30,BULLISH,10.800000000000004,10.260000000000003,False,False
8,6.849999999999998,2021-06-03,2021-05-28 10:15:00+05:30,BULLISH,10.800000000000004,10.260000000000003,False,False
9,5.600000000000001,2021-06-03,2021-05-28 10:15:00+05:30,BULLISH,10.800000000000004,10.260000000000003,False,False
10,4.950000000000001,2021-06-03,2021-05-28 10:15:00+05:30,BULLISH,10.800000000000004,10.260000000000003,False,False
11,4.35,2021-06-03,2021-05-28 10:15:00+05:30,BULLISH,10.800000000000004,10.260000000000003,False,False
12,4.050000000000001,2021-06-03,2021-05-28 10:15:00+05:30,BULLISH,10.800000000000004,10.260000000000003,False,False
13,4.149999999999999,2021-06-03,2021-05-28 10:15:00+05:30,BULLISH,10.800000000000004,10.260000000000003,False,False
14,3.3499999999999988,2021-06-03,2021-05-28 10:15:00+05:30,BULLISH,10.800000000000004,10.260000000000003,False,False
15,3.1500000000000004,2021-06-03,2021-05-28 10:15:00+05:30,BULLISH,10.800000000000004,10.260000000000003,False,False
6,9.800000000000004,2021-06-10,2021-06-04 10:15:00+05:30,BULLISH,9.800000000000004,9.310000000000004,True,True
7,8.45,2021-06-10,2021-06-04 10:15:00+05:30,BULLISH,9.800000000000004,9.310000000000004,False,False
8,7.149999999999999,2021-06-10,2021-06-04 10:15:00+05:30,BULLISH,9.800000000000004,9.310000000000004,False,False
9,6.850000000000001,2021-06-10,2021-06-04 10:15:00+05:30,BULLISH,9.800000000000004,9.310000000000004,False,False
10,6.100000000000001,2021-06-10,2021-06-04 10:15:00+05:30,BULLISH,9.800000000000004,9.310000000000004,False,False
11,5.799999999999999,2021-06-10,2021-06-04 10:15:00+05:30,BULLISH,9.800000000000004,9.310000000000004,False,False
12,5.4,2021-06-10,2021-06-04 10:15:00+05:30,BULLISH,9.800000000000004,9.310000000000004,False,False
13,5.05,2021-06-10,2021-06-04 10:15:00+05:30,BULLISH,9.800000000000004,9.310000000000004,False,False
14,4.5,2021-06-10,2021-06-04 10:15:00+05:30,BULLISH,9.800000000000004,9.310000000000004,False,False
15,4.35,2021-06-10,2021-06-04 10:15:00+05:30,BULLISH,9.800000000000004,9.310000000000004,False,False
6,10.650000000000002,2021-07-01,2021-06-25 10:15:00+05:30,BULLISH,10.650000000000002,10.117500000000001,True,True
7,8.599999999999998,2021-07-01,2021-06-25 10:15:00+05:30,BULLISH,10.650000000000002,10.117500000000001,False,False
8,6.9999999999999964,2021-07-01,2021-06-25 10:15:00+05:30,BULLISH,10.650000000000002,10.117500000000001,False,False
9,5.9,2021-07-01,2021-06-25 10:15:00+05:30,BULLISH,10.650000000000002,10.117500000000001,False,False
10,5.100000000000001,2021-07-01,2021-06-25 10:15:00+05:30,BULLISH,10.650000000000002,10.117500000000001,False,False
11,4.899999999999999,2021-07-01,2021-06-25 10:15:00+05:30,BULLISH,10.650000000000002,10.117500000000001,False,False
12,4.350000000000001,2021-07-01,2021-06-25 10:15:00+05:30,BULLISH,10.650000000000002,10.117500000000001,False,False
13,4.2,2021-07-01,2021-06-25 10:15:00+05:30,BULLISH,10.650000000000002,10.117500000000001,False,False
14,4.199999999999999,2021-07-01,2021-06-25 10:15:00+05:30,BULLISH,10.650000000000002,10.117500000000001,False,False
15,3.5999999999999996,2021-07-01,2021-06-25 10:15:00+05:30,BULLISH,10.650000000000002,10.117500000000001,False,False
6,4.249999999999998,2021-07-08,2021-07-02 10:15:00+05:30,BULLISH,4.450000000000001,4.227500000000001,True,False
7,4.450000000000001,2021-07-08,2021-07-02 10:15:00+05:30,BULLISH,4.450000000000001,4.227500000000001,True,True
8,4.149999999999999,2021-07-08,2021-07-02 10:15:00+05:30,BULLISH,4.450000000000001,4.227500000000001,False,False
9,4.100000000000001,2021-07-08,2021-07-02 10:15:00+05:30,BULLISH,4.450000000000001,4.227500000000001,False,False
10,3.499999999999999,2021-07-08,2021-07-02 10:15:00+05:30,BULLISH,4.450000000000001,4.227500000000001,False,False
11,3.1999999999999993,2021-07-08,2021-07-02 10:15:00+05:30,BULLISH,4.450000000000001,4.227500000000001,False,False
12,2.95,2021-07-08,2021-07-02 10:15:00+05:30,BULLISH,4.450000000000001,4.227500000000001,False,False
13,2.6000000000000005,2021-07-08,2021-07-02 10:15:00+05:30,BULLISH,4.450000000000001,4.227500000000001,False,False
14,2.1499999999999995,2021-07-08,2021-07-02 10:15:00+05:30,BULLISH,4.450000000000001,4.227500000000001,False,False
15,2.05,2021-07-08,2021-07-02 10:15:00+05:30,BULLISH,4.450000000000001,4.227500000000001,False,False
6,7.600000000000001,2021-07-15,2021-07-09 10:15:00+05:30,BULLISH,7.600000000000001,7.220000000000001,True,True
7,6.449999999999999,2021-07-15,2021-07-09 10:15:00+05:30,BULLISH,7.600000000000001,7.220000000000001,False,False
8,5.950000000000001,2021-07-15,2021-07-09 10:15:00+05:30,BULLISH,7.600000000000001,7.220000000000001,False,False
9,5.4,2021-07-15,2021-07-09 10:15:00+05:30,BULLISH,7.600000000000001,7.220000000000001,False,False
10,5.300000000000001,2021-07-15,2021-07-09 10:15:00+05:30,BULLISH,7.600000000000001,7.220000000000001,False,False
11,4.85,2021-07-15,2021-07-09 10:15:00+05:30,BULLISH,7.600000000000001,7.220000000000001,False,False
12,4.099999999999999,2021-07-15,2021-07-09 10:15:00+05:30,BULLISH,7.600000000000001,7.220000000000001,False,False
13,3.55,2021-07-15,2021-07-09 10:15:00+05:30,BULLISH,7.600000000000001,7.220000000000001,False,False
14,3.1000000000000005,2021-07-15,2021-07-09 10:15:00+05:30,BULLISH,7.600000000000001,7.220000000000001,False,False
15,2.75,2021-07-15,2021-07-09 10:15:00+05:30,BULLISH,7.600000000000001,7.220000000000001,False,False
6,11.250000000000004,2021-08-12,2021-08-06 10:15:00+05:30,BULLISH,11.250000000000004,10.687500000000004,True,True
7,9.400000000000002,2021-08-12,2021-08-06 10:15:00+05:30,BULLISH,11.250000000000004,10.687500000000004,False,False
8,8.399999999999999,2021-08-12,2021-08-06 10:15:00+05:30,BULLISH,11.250000000000004,10.687500000000004,False,False
9,7.250000000000002,2021-08-12,2021-08-06 10:15:00+05:30,BULLISH,11.250000000000004,10.687500000000004,False,False
10,6.599999999999998,2021-08-12,2021-08-06 10:15:00+05:30,BULLISH,11.250000000000004,10.687500000000004,False,False
11,5.949999999999999,2021-08-12,2021-08-06 10:15:00+05:30,BULLISH,11.250000000000004,10.687500000000004,False,False
12,5.500000000000002,2021-08-12,2021-08-06 10:15:00+05:30,BULLISH,11.250000000000004,10.687500000000004,False,False
13,5.049999999999999,2021-08-12,2021-08-06 10:15:00+05:30,BULLISH,11.250000000000004,10.687500000000004,False,False
14,4.45,2021-08-12,2021-08-06 10:15:00+05:30,BULLISH,11.250000000000004,10.687500000000004,False,False
15,4.0,2021-08-12,2021-08-06 10:15:00+05:30,BULLISH,11.250000000000004,10.687500000000004,False,False
6,8.0,2021-09-02,2021-08-27 10:15:00+05:30,BULLISH,8.0,7.6,True,True
7,6.700000000000001,2021-09-02,2021-08-27 10:15:00+05:30,BULLISH,8.0,7.6,False,False
8,6.150000000000002,2021-09-02,2021-08-27 10:15:00+05:30,BULLISH,8.0,7.6,False,False
9,5.499999999999998,2021-09-02,2021-08-27 10:15:00+05:30,BULLISH,8.0,7.6,False,False
10,5.0,2021-09-02,2021-08-27 10:15:00+05:30,BULLISH,8.0,7.6,False,False
11,4.7,2021-09-02,2021-08-27 10:15:00+05:30,BULLISH,8.0,7.6,False,False
12,4.25,2021-09-02,2021-08-27 10:15:00+05:30,BULLISH,8.0,7.6,False,False
13,3.6999999999999993,2021-09-02,2021-08-27 10:15:00+05:30,BULLISH,8.0,7.6,False,False
14,3.700000000000001,2021-09-02,2021-08-27 10:15:00+05:30,BULLISH,8.0,7.6,False,False
15,3.3,2021-09-02,2021-08-27 10:15:00+05:30,BULLISH,8.0,7.6,False,False
6,11.799999999999994,2021-09-09,2021-09-03 10:15:00+05:30,BULLISH,11.799999999999994,11.209999999999994,True,True
7,10.600000000000001,2021-09-09,2021-09-03 10:15:00+05:30,BULLISH,11.799999999999994,11.209999999999994,False,False
8,9.500000000000004,2021-09-09,2021-09-03 10:15:00+05:30,BULLISH,11.799999999999994,11.209999999999994,False,False
9,8.7,2021-09-09,2021-09-03 10:15:00+05:30,BULLISH,11.799999999999994,11.209999999999994,False,False
10,7.749999999999998,2021-09-09,2021-09-03 10:15:00+05:30,BULLISH,11.799999999999994,11.209999999999994,False,False
11,6.850000000000003,2021-09-09,2021-09-03 10:15:00+05:30,BULLISH,11.799999999999994,11.209999999999994,False,False
12,6.25,2021-09-09,2021-09-03 10:15:00+05:30,BULLISH,11.799999999999994,11.209999999999994,False,False
13,5.950000000000001,2021-09-09,2021-09-03 10:15:00+05:30,BULLISH,11.799999999999994,11.209999999999994,False,False
14,5.450000000000001,2021-09-09,2021-09-03 10:15:00+05:30,BULLISH,11.799999999999994,11.209999999999994,False,False
15,5.1000000000000005,2021-09-09,2021-09-03 10:15:00+05:30,BULLISH,11.799999999999994,11.209999999999994,False,False
6,11.450000000000003,2021-09-16,2021-09-09 10:15:00+05:30,BULLISH,11.450000000000003,10.877500000000003,True,True
7,10.2,2021-09-16,2021-09-09 10:15:00+05:30,BULLISH,11.450000000000003,10.877500000000003,False,False
8,8.399999999999999,2021-09-16,2021-09-09 10:15:00+05:30,BULLISH,11.450000000000003,10.877500000000003,False,False
9,7.35,2021-09-16,2021-09-09 10:15:00+05:30,BULLISH,11.450000000000003,10.877500000000003,False,False
10,6.25,2021-09-16,2021-09-09 10:15:00+05:30,BULLISH,11.450000000000003,10.877500000000003,False,False
11,6.449999999999999,2021-09-16,2021-09-09 10:15:00+05:30,BULLISH,11.450000000000003,10.877500000000003,False,False
12,5.850000000000001,2021-09-16,2021-09-09 10:15:00+05:30,BULLISH,11.450000000000003,10.877500000000003,False,False
13,5.6,2021-09-16,2021-09-09 10:15:00+05:30,BULLISH,11.450000000000003,10.877500000000003,False,False
14,5.500000000000001,2021-09-16,2021-09-09 10:15:00+05:30,BULLISH,11.450000000000003,10.877500000000003,False,False
15,5.3,2021-09-16,2021-09-09 10:15:00+05:30,BULLISH,11.450000000000003,10.877500000000003,False,False
6,12.150000000000002,2021-09-23,2021-09-17 10:15:00+05:30,BULLISH,12.150000000000002,11.542500000000002,True,True
7,11.049999999999997,2021-09-23,2021-09-17 10:15:00+05:30,BULLISH,12.150000000000002,11.542500000000002,False,False
8,10.100000000000001,2021-09-23,2021-09-17 10:15:00+05:30,BULLISH,12.150000000000002,11.542500000000002,False,False
9,9.149999999999997,2021-09-23,2021-09-17 10:15:00+05:30,BULLISH,12.150000000000002,11.542500000000002,False,False
10,8.5,2021-09-23,2021-09-17 10:15:00+05:30,BULLISH,12.150000000000002,11.542500000000002,False,False
11,7.4499999999999975,2021-09-23,2021-09-17 10:15:00+05:30,BULLISH,12.150000000000002,11.542500000000002,False,False
12,6.85,2021-09-23,2021-09-17 10:15:00+05:30,BULLISH,12.150000000000002,11.542500000000002,False,False
13,6.75,2021-09-23,2021-09-17 10:15:00+05:30,BULLISH,12.150000000000002,11.542500000000002,False,False
14,6.15,2021-09-23,2021-09-17 10:15:00+05:30,BULLISH,12.150000000000002,11.542500000000002,False,False
15,5.499999999999999,2021-09-23,2021-09-17 10:15:00+05:30,BULLISH,12.150000000000002,11.542500000000002,False,False
6,33.0,2021-10-07,2021-10-01 10:15:00+05:30,BULLISH,33.0,31.349999999999998,True,True
7,27.799999999999997,2021-10-07,2021-10-01 10:15:00+05:30,BULLISH,33.0,31.349999999999998,False,False
8,22.799999999999997,2021-10-07,2021-10-01 10:15:00+05:30,BULLISH,33.0,31.349999999999998,False,False
9,18.650000000000006,2021-10-07,2021-10-01 10:15:00+05:30,BULLISH,33.0,31.349999999999998,False,False
10,15.300000000000004,2021-10-07,2021-10-01 10:15:00+05:30,BULLISH,33.0,31.349999999999998,False,False
11,12.900000000000002,2021-10-07,2021-10-01 10:15:00+05:30,BULLISH,33.0,31.349999999999998,False,False
12,11.3,2021-10-07,2021-10-01 10:15:00+05:30,BULLISH,33.0,31.349999999999998,False,False
13,9.75,2021-10-07,2021-10-01 10:15:00+05:30,BULLISH,33.0,31.349999999999998,False,False
14,8.150000000000002,2021-10-07,2021-10-01 10:15:00+05:30,BULLISH,33.0,31.349999999999998,False,False
15,7.199999999999999,2021-10-07,2021-10-01 10:15:00+05:30,BULLISH,33.0,31.349999999999998,False,False
6,15.950000000000003,2021-10-14,2021-10-08 10:15:00+05:30,BULLISH,15.950000000000003,15.152500000000002,True,True
7,12.999999999999996,2021-10-14,2021-10-08 10:15:00+05:30,BULLISH,15.950000000000003,15.152500000000002,False,False
8,10.549999999999997,2021-10-14,2021-10-08 10:15:00+05:30,BULLISH,15.950000000000003,15.152500000000002,False,False
9,9.05,2021-10-14,2021-10-08 10:15:00+05:30,BULLISH,15.950000000000003,15.152500000000002,False,False
10,7.400000000000002,2021-10-14,2021-10-08 10:15:00+05:30,BULLISH,15.950000000000003,15.152500000000002,False,False
11,6.550000000000001,2021-10-14,2021-10-08 10:15:00+05:30,BULLISH,15.950000000000003,15.152500000000002,False,False
12,5.699999999999999,2021-10-14,2021-10-08 10:15:00+05:30,BULLISH,15.950000000000003,15.152500000000002,False,False
13,5.5,2021-10-14,2021-10-08 10:15:00+05:30,BULLISH,15.950000000000003,15.152500000000002,False,False
14,5.1000000000000005,2021-10-14,2021-10-08 10:15:00+05:30,BULLISH,15.950000000000003,15.152500000000002,False,False
15,4.750000000000002,2021-10-14,2021-10-08 10:15:00+05:30,BULLISH,15.950000000000003,15.152500000000002,False,False
6,19.9,2021-10-21,2021-10-14 10:15:00+05:30,BULLISH,19.9,18.904999999999998,True,True
7,16.9,2021-10-21,2021-10-14 10:15:00+05:30,BULLISH,19.9,18.904999999999998,False,False
8,14.200000000000003,2021-10-21,2021-10-14 10:15:00+05:30,BULLISH,19.9,18.904999999999998,False,False
9,12.799999999999994,2021-10-21,2021-10-14 10:15:00+05:30,BULLISH,19.9,18.904999999999998,False,False
10,11.200000000000003,2021-10-21,2021-10-14 10:15:00+05:30,BULLISH,19.9,18.904999999999998,False,False
11,9.900000000000002,2021-10-21,2021-10-14 10:15:00+05:30,BULLISH,19.9,18.904999999999998,False,False
12,8.799999999999999,2021-10-21,2021-10-14 10:15:00+05:30,BULLISH,19.9,18.904999999999998,False,False
13,7.5,2021-10-21,2021-10-14 10:15:00+05:30,BULLISH,19.9,18.904999999999998,False,False
14,6.699999999999999,2021-10-21,2021-10-14 10:15:00+05:30,BULLISH,19.9,18.904999999999998,False,False
15,5.950000000000001,2021-10-21,2021-10-14 10:15:00+05:30,BULLISH,19.9,18.904999999999998,False,False
6,9.949999999999996,2021-11-18,2021-11-12 10:15:00+05:30,BULLISH,9.949999999999996,9.452499999999995,True,True
7,8.000000000000004,2021-11-18,2021-11-12 10:15:00+05:30,BULLISH,9.949999999999996,9.452499999999995,False,False
8,6.099999999999998,2021-11-18,2021-11-12 10:15:00+05:30,BULLISH,9.949999999999996,9.452499999999995,False,False
9,4.9,2021-11-18,2021-11-12 10:15:00+05:30,BULLISH,9.949999999999996,9.452499999999995,False,False
10,4.550000000000001,2021-11-18,2021-11-12 10:15:00+05:30,BULLISH,9.949999999999996,9.452499999999995,False,False
11,3.5999999999999996,2021-11-18,2021-11-12 10:15:00+05:30,BULLISH,9.949999999999996,9.452499999999995,False,False
12,3.4499999999999993,2021-11-18,2021-11-12 10:15:00+05:30,BULLISH,9.949999999999996,9.452499999999995,False,False
13,3.1999999999999993,2021-11-18,2021-11-12 10:15:00+05:30,BULLISH,9.949999999999996,9.452499999999995,False,False
14,3.25,2021-11-18,2021-11-12 10:15:00+05:30,BULLISH,9.949999999999996,9.452499999999995,False,False
15,3.1500000000000004,2021-11-18,2021-11-12 10:15:00+05:30,BULLISH,9.949999999999996,9.452499999999995,False,False
6,27.000000000000014,2021-12-02,2021-11-26 10:15:00+05:30,BULLISH,27.000000000000014,25.650000000000013,True,True
7,23.249999999999993,2021-12-02,2021-11-26 10:15:00+05:30,BULLISH,27.000000000000014,25.650000000000013,False,False
8,18.89999999999999,2021-12-02,2021-11-26 10:15:00+05:30,BULLISH,27.000000000000014,25.650000000000013,False,False
9,15.550000000000004,2021-12-02,2021-11-26 10:15:00+05:30,BULLISH,27.000000000000014,25.650000000000013,False,False
10,12.599999999999998,2021-12-02,2021-11-26 10:15:00+05:30,BULLISH,27.000000000000014,25.650000000000013,False,False
11,10.55,2021-12-02,2021-11-26 10:15:00+05:30,BULLISH,27.000000000000014,25.650000000000013,False,False
12,8.75,2021-12-02,2021-11-26 10:15:00+05:30,BULLISH,27.000000000000014,25.650000000000013,False,False
13,7.5,2021-12-02,2021-11-26 10:15:00+05:30,BULLISH,27.000000000000014,25.650000000000013,False,False
14,6.050000000000001,2021-12-02,2021-11-26 10:15:00+05:30,BULLISH,27.000000000000014,25.650000000000013,False,False
15,5.25,2021-12-02,2021-11-26 10:15:00+05:30,BULLISH,27.000000000000014,25.650000000000013,False,False
6,35.39999999999999,2021-12-09,2021-12-03 10:15:00+05:30,BULLISH,35.39999999999999,33.62999999999999,True,True
7,30.499999999999993,2021-12-09,2021-12-03 10:15:00+05:30,BULLISH,35.39999999999999,33.62999999999999,False,False
8,25.849999999999994,2021-12-09,2021-12-03 10:15:00+05:30,BULLISH,35.39999999999999,33.62999999999999,False,False
9,21.949999999999996,2021-12-09,2021-12-03 10:15:00+05:30,BULLISH,35.39999999999999,33.62999999999999,False,False
10,19.25,2021-12-09,2021-12-03 10:15:00+05:30,BULLISH,35.39999999999999,33.62999999999999,False,False
11,16.549999999999994,2021-12-09,2021-12-03 10:15:00+05:30,BULLISH,35.39999999999999,33.62999999999999,False,False
12,14.2,2021-12-09,2021-12-03 10:15:00+05:30,BULLISH,35.39999999999999,33.62999999999999,False,False
13,12.300000000000004,2021-12-09,2021-12-03 10:15:00+05:30,BULLISH,35.39999999999999,33.62999999999999,False,False
14,10.850000000000001,2021-12-09,2021-12-03 10:15:00+05:30,BULLISH,35.39999999999999,33.62999999999999,False,False
15,9.500000000000004,2021-12-09,2021-12-03 10:15:00+05:30,BULLISH,35.39999999999999,33.62999999999999,False,False
6,25.550000000000004,2021-12-16,2021-12-10 10:15:00+05:30,BULLISH,25.550000000000004,24.272500000000004,True,True
7,21.650000000000006,2021-12-16,2021-12-10 10:15:00+05:30,BULLISH,25.550000000000004,24.272500000000004,False,False
8,18.050000000000004,2021-12-16,2021-12-10 10:15:00+05:30,BULLISH,25.550000000000004,24.272500000000004,False,False
9,15.25,2021-12-16,2021-12-10 10:15:00+05:30,BULLISH,25.550000000000004,24.272500000000004,False,False
10,12.999999999999996,2021-12-16,2021-12-10 10:15:00+05:30,BULLISH,25.550000000000004,24.272500000000004,False,False
11,11.3,2021-12-16,2021-12-10 10:15:00+05:30,BULLISH,25.550000000000004,24.272500000000004,False,False
12,9.45,2021-12-16,2021-12-10 10:15:00+05:30,BULLISH,25.550000000000004,24.272500000000004,False,False
13,8.35,2021-12-16,2021-12-10 10:15:00+05:30,BULLISH,25.550000000000004,24.272500000000004,False,False
14,7.250000000000002,2021-12-16,2021-12-10 10:15:00+05:30,BULLISH,25.550000000000004,24.272500000000004,False,False
15,6.450000000000001,2021-12-16,2021-12-10 10:15:00+05:30,BULLISH,25.550000000000004,24.272500000000004,False,False
6,28.050000000000004,2021-12-23,2021-12-17 10:15:00+05:30,BULLISH,28.050000000000004,26.647500000000004,True,True
7,22.25,2021-12-23,2021-12-17 10:15:00+05:30,BULLISH,28.050000000000004,26.647500000000004,False,False
8,18.299999999999997,2021-12-23,2021-12-17 10:15:00+05:30,BULLISH,28.050000000000004,26.647500000000004,False,False
9,15.549999999999997,2021-12-23,2021-12-17 10:15:00+05:30,BULLISH,28.050000000000004,26.647500000000004,False,False
10,12.650000000000006,2021-12-23,2021-12-17 10:15:00+05:30,BULLISH,28.050000000000004,26.647500000000004,False,False
11,10.3,2021-12-23,2021-12-17 10:15:00+05:30,BULLISH,28.050000000000004,26.647500000000004,False,False
12,8.299999999999997,2021-12-23,2021-12-17 10:15:00+05:30,BULLISH,28.050000000000004,26.647500000000004,False,False
13,7.399999999999999,2021-12-23,2021-12-17 10:15:00+05:30,BULLISH,28.050000000000004,26.647500000000004,False,False
14,5.85,2021-12-23,2021-12-17 10:15:00+05:30,BULLISH,28.050000000000004,26.647500000000004,False,False
15,5.15,2021-12-23,2021-12-17 10:15:00+05:30,BULLISH,28.050000000000004,26.647500000000004,False,False
6,20.6,2022-01-06,2021-12-31 10:15:00+05:30,BULLISH,20.6,19.57,True,True
7,16.65,2022-01-06,2021-12-31 10:15:00+05:30,BULLISH,20.6,19.57,False,False
8,14.149999999999999,2022-01-06,2021-12-31 10:15:00+05:30,BULLISH,20.6,19.57,False,False
9,12.200000000000003,2022-01-06,2021-12-31 10:15:00+05:30,BULLISH,20.6,19.57,False,False
10,10.450000000000003,2022-01-06,2021-12-31 10:15:00+05:30,BULLISH,20.6,19.57,False,False
11,8.900000000000002,2022-01-06,2021-12-31 10:15:00+05:30,BULLISH,20.6,19.57,False,False
12,8.0,2022-01-06,2021-12-31 10:15:00+05:30,BULLISH,20.6,19.57,False,False
13,6.999999999999998,2022-01-06,2021-12-31 10:15:00+05:30,BULLISH,20.6,19.57,False,False
14,6.249999999999998,2022-01-06,2021-12-31 10:15:00+05:30,BULLISH,20.6,19.57,False,False
15,5.800000000000001,2022-01-06,2021-12-31 10:15:00+05:30,BULLISH,20.6,19.57,False,False
6,20.85,2022-01-13,2022-01-07 10:15:00+05:30,BULLISH,20.85,19.8075,True,True
7,17.4,2022-01-13,2022-01-07 10:15:00+05:30,BULLISH,20.85,19.8075,False,False
8,14.400000000000002,2022-01-13,2022-01-07 10:15:00+05:30,BULLISH,20.85,19.8075,False,False
9,12.099999999999994,2022-01-13,2022-01-07 10:15:00+05:30,BULLISH,20.85,19.8075,False,False
10,10.2,2022-01-13,2022-01-07 10:15:00+05:30,BULLISH,20.85,19.8075,False,False
11,9.400000000000002,2022-01-13,2022-01-07 10:15:00+05:30,BULLISH,20.85,19.8075,False,False
12,8.3,2022-01-13,2022-01-07 10:15:00+05:30,BULLISH,20.85,19.8075,False,False
13,7.399999999999999,2022-01-13,2022-01-07 10:15:00+05:30,BULLISH,20.85,19.8075,False,False
14,6.699999999999999,2022-01-13,2022-01-07 10:15:00+05:30,BULLISH,20.85,19.8075,False,False
15,6.200000000000001,2022-01-13,2022-01-07 10:15:00+05:30,BULLISH,20.85,19.8075,False,False
6,19.10000000000001,2022-01-20,2022-01-14 10:15:00+05:30,BULLISH,19.10000000000001,18.145000000000007,True,True
7,14.949999999999996,2022-01-20,2022-01-14 10:15:00+05:30,BULLISH,19.10000000000001,18.145000000000007,False,False
8,12.3,2022-01-20,2022-01-14 10:15:00+05:30,BULLISH,19.10000000000001,18.145000000000007,False,False
9,10.200000000000003,2022-01-20,2022-01-14 10:15:00+05:30,BULLISH,19.10000000000001,18.145000000000007,False,False
10,8.5,2022-01-20,2022-01-14 10:15:00+05:30,BULLISH,19.10000000000001,18.145000000000007,False,False
11,8.000000000000002,2022-01-20,2022-01-14 10:15:00+05:30,BULLISH,19.10000000000001,18.145000000000007,False,False
12,6.799999999999997,2022-01-20,2022-01-14 10:15:00+05:30,BULLISH,19.10000000000001,18.145000000000007,False,False
13,6.1,2022-01-20,2022-01-14 10:15:00+05:30,BULLISH,19.10000000000001,18.145000000000007,False,False
14,5.4,2022-01-20,2022-01-14 10:15:00+05:30,BULLISH,19.10000000000001,18.145000000000007,False,False
15,4.949999999999999,2022-01-20,2022-01-14 10:15:00+05:30,BULLISH,19.10000000000001,18.145000000000007,False,False
6,88.4,2022-02-03,2022-01-28 10:15:00+05:30,BULLISH,88.4,83.98,True,True
7,77.30000000000001,2022-02-03,2022-01-28 10:15:00+05:30,BULLISH,88.4,83.98,False,False
8,67.3,2022-02-03,2022-01-28 10:15:00+05:30,BULLISH,88.4,83.98,False,False
9,58.0,2022-02-03,2022-01-28 10:15:00+05:30,BULLISH,88.4,83.98,False,False
10,50.25000000000003,2022-02-03,2022-01-28 10:15:00+05:30,BULLISH,88.4,83.98,False,False
11,44.05,2022-02-03,2022-01-28 10:15:00+05:30,BULLISH,88.4,83.98,False,False
12,37.7,2022-02-03,2022-01-28 10:15:00+05:30,BULLISH,88.4,83.98,False,False
13,33.5,2022-02-03,2022-01-28 10:15:00+05:30,BULLISH,88.4,83.98,False,False
14,29.6,2022-02-03,2022-01-28 10:15:00+05:30,BULLISH,88.4,83.98,False,False
15,26.1,2022-02-03,2022-01-28 10:15:00+05:30,BULLISH,88.4,83.98,False,False
6,33.25,2022-02-10,2022-02-04 10:15:00+05:30,BULLISH,33.25,31.5875,True,True
7,28.549999999999997,2022-02-10,2022-02-04 10:15:00+05:30,BULLISH,33.25,31.5875,False,False
8,25.099999999999994,2022-02-10,2022-02-04 10:15:00+05:30,BULLISH,33.25,31.5875,False,False
9,21.950000000000003,2022-02-10,2022-02-04 10:15:00+05:30,BULLISH,33.25,31.5875,False,False
10,18.65,2022-02-10,2022-02-04 10:15:00+05:30,BULLISH,33.25,31.5875,False,False
11,15.699999999999996,2022-02-10,2022-02-04 10:15:00+05:30,BULLISH,33.25,31.5875,False,False
12,13.899999999999999,2022-02-10,2022-02-04 10:15:00+05:30,BULLISH,33.25,31.5875,False,False
13,12.100000000000001,2022-02-10,2022-02-04 10:15:00+05:30,BULLISH,33.25,31.5875,False,False
14,10.100000000000001,2022-02-10,2022-02-04 10:15:00+05:30,BULLISH,33.25,31.5875,False,False
15,8.9,2022-02-10,2022-02-04 10:15:00+05:30,BULLISH,33.25,31.5875,False,False
6,37.0,2022-02-17,2022-02-11 10:15:00+05:30,BULLISH,37.0,35.15,True,True
7,32.05,2022-02-17,2022-02-11 10:15:00+05:30,BULLISH,37.0,35.15,False,False
8,27.400000000000006,2022-02-17,2022-02-11 10:15:00+05:30,BULLISH,37.0,35.15,False,False
9,23.449999999999996,2022-02-17,2022-02-11 10:15:00+05:30,BULLISH,37.0,35.15,False,False
10,19.700000000000003,2022-02-17,2022-02-11 10:15:00+05:30,BULLISH,37.0,35.15,False,False
11,17.000000000000007,2022-02-17,2022-02-11 10:15:00+05:30,BULLISH,37.0,35.15,False,False
12,14.95,2022-02-17,2022-02-11 10:15:00+05:30,BULLISH,37.0,35.15,False,False
13,12.899999999999999,2022-02-17,2022-02-11 10:15:00+05:30,BULLISH,37.0,35.15,False,False
14,11.149999999999999,2022-02-17,2022-02-11 10:15:00+05:30,BULLISH,37.0,35.15,False,False
15,9.500000000000002,2022-02-17,2022-02-11 10:15:00+05:30,BULLISH,37.0,35.15,False,False
6,147.4,2022-03-03,2022-02-24 10:15:00+05:30,BULLISH,147.4,140.03,True,True
7,137.54999999999998,2022-03-03,2022-02-24 10:15:00+05:30,BULLISH,147.4,140.03,False,False
8,128.04999999999998,2022-03-03,2022-02-24 10:15:00+05:30,BULLISH,147.4,140.03,False,False
9,116.54999999999998,2022-03-03,2022-02-24 10:15:00+05:30,BULLISH,147.4,140.03,False,False
10,106.59999999999997,2022-03-03,2022-02-24 10:15:00+05:30,BULLISH,147.4,140.03,False,False
11,98.5,2022-03-03,2022-02-24 10:15:00+05:30,BULLISH,147.4,140.03,False,False
12,95.75000000000001,2022-03-03,2022-02-24 10:15:00+05:30,BULLISH,147.4,140.03,False,False
13,88.3,2022-03-03,2022-02-24 10:15:00+05:30,BULLISH,147.4,140.03,False,False
14,77.0,2022-03-03,2022-02-24 10:15:00+05:30,BULLISH,147.4,140.03,False,False
15,72.55000000000001,2022-03-03,2022-02-24 10:15:00+05:30,BULLISH,147.4,140.03,False,False
6,109.74999999999997,2022-03-10,2022-03-04 10:15:00+05:30,BULLISH,109.74999999999997,104.26249999999997,True,True
7,99.85000000000002,2022-03-10,2022-03-04 10:15:00+05:30,BULLISH,109.74999999999997,104.26249999999997,False,False
8,89.85,2022-03-10,2022-03-04 10:15:00+05:30,BULLISH,109.74999999999997,104.26249999999997,False,False
9,82.99999999999999,2022-03-10,2022-03-04 10:15:00+05:30,BULLISH,109.74999999999997,104.26249999999997,False,False
10,75.10000000000001,2022-03-10,2022-03-04 10:15:00+05:30,BULLISH,109.74999999999997,104.26249999999997,False,False
11,67.1,2022-03-10,2022-03-04 10:15:00+05:30,BULLISH,109.74999999999997,104.26249999999997,False,False
12,60.849999999999994,2022-03-10,2022-03-04 10:15:00+05:30,BULLISH,109.74999999999997,104.26249999999997,False,False
13,55.44999999999999,2022-03-10,2022-03-04 10:15:00+05:30,BULLISH,109.74999999999997,104.26249999999997,False,False
14,50.25,2022-03-10,2022-03-04 10:15:00+05:30,BULLISH,109.74999999999997,104.26249999999997,False,False
15,44.9,2022-03-10,2022-03-04 10:15:00+05:30,BULLISH,109.74999999999997,104.26249999999997,False,False
6,99.79999999999998,2022-03-17,2022-03-11 10:15:00+05:30,BULLISH,99.79999999999998,94.80999999999997,True,True
7,90.25000000000001,2022-03-17,2022-03-11 10:15:00+05:30,BULLISH,99.79999999999998,94.80999999999997,False,False
8,82.1,2022-03-17,2022-03-11 10:15:00+05:30,BULLISH,99.79999999999998,94.80999999999997,False,False
9,72.99999999999997,2022-03-17,2022-03-11 10:15:00+05:30,BULLISH,99.79999999999998,94.80999999999997,False,False
10,66.35,2022-03-17,2022-03-11 10:15:00+05:30,BULLISH,99.79999999999998,94.80999999999997,False,False
11,60.800000000000026,2022-03-17,2022-03-11 10:15:00+05:30,BULLISH,99.79999999999998,94.80999999999997,False,False
12,53.849999999999994,2022-03-17,2022-03-11 10:15:00+05:30,BULLISH,99.79999999999998,94.80999999999997,False,False
13,48.7,2022-03-17,2022-03-11 10:15:00+05:30,BULLISH,99.79999999999998,94.80999999999997,False,False
14,44.45,2022-03-17,2022-03-11 10:15:00+05:30,BULLISH,99.79999999999998,94.80999999999997,False,False
15,39.699999999999996,2022-03-17,2022-03-11 10:15:00+05:30,BULLISH,99.79999999999998,94.80999999999997,False,False
6,70.95,2022-03-24,2022-03-17 10:15:00+05:30,BULLISH,70.95,67.4025,True,True
7,64.6,2022-03-24,2022-03-17 10:15:00+05:30,BULLISH,70.95,67.4025,False,False
8,57.30000000000001,2022-03-24,2022-03-17 10:15:00+05:30,BULLISH,70.95,67.4025,False,False
9,51.75,2022-03-24,2022-03-17 10:15:00+05:30,BULLISH,70.95,67.4025,False,False
10,46.099999999999994,2022-03-24,2022-03-17 10:15:00+05:30,BULLISH,70.95,67.4025,False,False
11,42.40000000000001,2022-03-24,2022-03-17 10:15:00+05:30,BULLISH,70.95,67.4025,False,False
12,38.0,2022-03-24,2022-03-17 10:15:00+05:30,BULLISH,70.95,67.4025,False,False
13,34.4,2022-03-24,2022-03-17 10:15:00+05:30,BULLISH,70.95,67.4025,False,False
14,31.349999999999987,2022-03-24,2022-03-17 10:15:00+05:30,BULLISH,70.95,67.4025,False,False
15,28.250000000000007,2022-03-24,2022-03-17 10:15:00+05:30,BULLISH,70.95,67.4025,False,False
6,35.55,2022-04-07,2022-04-01 10:15:00+05:30,BULLISH,35.55,33.772499999999994,True,True
7,30.0,2022-04-07,2022-04-01 10:15:00+05:30,BULLISH,35.55,33.772499999999994,False,False
8,24.949999999999996,2022-04-07,2022-04-01 10:15:00+05:30,BULLISH,35.55,33.772499999999994,False,False
9,21.550000000000004,2022-04-07,2022-04-01 10:15:00+05:30,BULLISH,35.55,33.772499999999994,False,False
10,18.250000000000007,2022-04-07,2022-04-01 10:15:00+05:30,BULLISH,35.55,33.772499999999994,False,False
11,15.249999999999996,2022-04-07,2022-04-01 10:15:00+05:30,BULLISH,35.55,33.772499999999994,False,False
12,12.749999999999993,2022-04-07,2022-04-01 10:15:00+05:30,BULLISH,35.55,33.772499999999994,False,False
13,10.95,2022-04-07,2022-04-01 10:15:00+05:30,BULLISH,35.55,33.772499999999994,False,False
14,9.5,2022-04-07,2022-04-01 10:15:00+05:30,BULLISH,35.55,33.772499999999994,False,False
15,8.3,2022-04-07,2022-04-01 10:15:00+05:30,BULLISH,35.55,33.772499999999994,False,False
6,26.799999999999997,2022-04-13,2022-04-07 10:15:00+05:30,BULLISH,26.799999999999997,25.459999999999997,True,True
7,22.700000000000003,2022-04-13,2022-04-07 10:15:00+05:30,BULLISH,26.799999999999997,25.459999999999997,False,False
8,18.900000000000006,2022-04-13,2022-04-07 10:15:00+05:30,BULLISH,26.799999999999997,25.459999999999997,False,False
9,16.2,2022-04-13,2022-04-07 10:15:00+05:30,BULLISH,26.799999999999997,25.459999999999997,False,False
10,13.349999999999994,2022-04-13,2022-04-07 10:15:00+05:30,BULLISH,26.799999999999997,25.459999999999997,False,False
11,10.55,2022-04-13,2022-04-07 10:15:00+05:30,BULLISH,26.799999999999997,25.459999999999997,False,False
12,10.05,2022-04-13,2022-04-07 10:15:00+05:30,BULLISH,26.799999999999997,25.459999999999997,False,False
13,8.350000000000001,2022-04-13,2022-04-07 10:15:00+05:30,BULLISH,26.799999999999997,25.459999999999997,False,False
14,7.649999999999999,2022-04-13,2022-04-07 10:15:00+05:30,BULLISH,26.799999999999997,25.459999999999997,False,False
15,5.799999999999999,2022-04-13,2022-04-07 10:15:00+05:30,BULLISH,26.799999999999997,25.459999999999997,False,False
6,17.299999999999997,2022-04-21,2022-04-13 10:15:00+05:30,BULLISH,17.299999999999997,16.434999999999995,True,True
7,13.450000000000006,2022-04-21,2022-04-13 10:15:00+05:30,BULLISH,17.299999999999997,16.434999999999995,False,False
8,10.8,2022-04-21,2022-04-13 10:15:00+05:30,BULLISH,17.299999999999997,16.434999999999995,False,False
9,8.899999999999999,2022-04-21,2022-04-13 10:15:00+05:30,BULLISH,17.299999999999997,16.434999999999995,False,False
10,7.699999999999999,2022-04-21,2022-04-13 10:15:00+05:30,BULLISH,17.299999999999997,16.434999999999995,False,False
11,5.899999999999999,2022-04-21,2022-04-13 10:15:00+05:30,BULLISH,17.299999999999997,16.434999999999995,False,False
12,4.699999999999999,2022-04-21,2022-04-13 10:15:00+05:30,BULLISH,17.299999999999997,16.434999999999995,False,False
13,3.5500000000000007,2022-04-21,2022-04-13 10:15:00+05:30,BULLISH,17.299999999999997,16.434999999999995,False,False
14,3.6000000000000005,2022-04-21,2022-04-13 10:15:00+05:30,BULLISH,17.299999999999997,16.434999999999995,False,False
15,2.6000000000000005,2022-04-21,2022-04-13 10:15:00+05:30,BULLISH,17.299999999999997,16.434999999999995,False,False
6,52.30000000000001,2022-05-12,2022-05-06 10:15:00+05:30,BULLISH,52.30000000000001,49.68500000000001,True,True
7,44.400000000000006,2022-05-12,2022-05-06 10:15:00+05:30,BULLISH,52.30000000000001,49.68500000000001,False,False
8,38.64999999999999,2022-05-12,2022-05-06 10:15:00+05:30,BULLISH,52.30000000000001,49.68500000000001,False,False
9,33.25,2022-05-12,2022-05-06 10:15:00+05:30,BULLISH,52.30000000000001,49.68500000000001,False,False
10,28.5,2022-05-12,2022-05-06 10:15:00+05:30,BULLISH,52.30000000000001,49.68500000000001,False,False
11,24.44999999999999,2022-05-12,2022-05-06 10:15:00+05:30,BULLISH,52.30000000000001,49.68500000000001,False,False
12,20.6,2022-05-12,2022-05-06 10:15:00+05:30,BULLISH,52.30000000000001,49.68500000000001,False,False
13,18.0,2022-05-12,2022-05-06 10:15:00+05:30,BULLISH,52.30000000000001,49.68500000000001,False,False
14,15.349999999999994,2022-05-12,2022-05-06 10:15:00+05:30,BULLISH,52.30000000000001,49.68500000000001,False,False
15,13.199999999999996,2022-05-12,2022-05-06 10:15:00+05:30,BULLISH,52.30000000000001,49.68500000000001,False,False
6,55.35000000000001,2022-05-19,2022-05-13 10:15:00+05:30,BULLISH,55.35000000000001,52.5825,True,True
7,47.349999999999994,2022-05-19,2022-05-13 10:15:00+05:30,BULLISH,55.35000000000001,52.5825,False,False
8,40.95,2022-05-19,2022-05-13 10:15:00+05:30,BULLISH,55.35000000000001,52.5825,False,False
9,35.7,2022-05-19,2022-05-13 10:15:00+05:30,BULLISH,55.35000000000001,52.5825,False,False
10,30.049999999999997,2022-05-19,2022-05-13 10:15:00+05:30,BULLISH,55.35000000000001,52.5825,False,False
11,25.450000000000003,2022-05-19,2022-05-13 10:15:00+05:30,BULLISH,55.35000000000001,52.5825,False,False
12,21.950000000000003,2022-05-19,2022-05-13 10:15:00+05:30,BULLISH,55.35000000000001,52.5825,False,False
13,19.250000000000004,2022-05-19,2022-05-13 10:15:00+05:30,BULLISH,55.35000000000001,52.5825,False,False
14,16.549999999999997,2022-05-19,2022-05-13 10:15:00+05:30,BULLISH,55.35000000000001,52.5825,False,False
15,13.849999999999998,2022-05-19,2022-05-13 10:15:00+05:30,BULLISH,55.35000000000001,52.5825,False,False
6,43.10000000000001,2022-06-02,2022-05-27 10:15:00+05:30,BULLISH,43.10000000000001,40.94500000000001,True,True
7,37.550000000000004,2022-06-02,2022-05-27 10:15:00+05:30,BULLISH,43.10000000000001,40.94500000000001,False,False
8,32.0,2022-06-02,2022-05-27 10:15:00+05:30,BULLISH,43.10000000000001,40.94500000000001,False,False
9,27.450000000000003,2022-06-02,2022-05-27 10:15:00+05:30,BULLISH,43.10000000000001,40.94500000000001,False,False
10,22.950000000000003,2022-06-02,2022-05-27 10:15:00+05:30,BULLISH,43.10000000000001,40.94500000000001,False,False
11,19.549999999999997,2022-06-02,2022-05-27 10:15:00+05:30,BULLISH,43.10000000000001,40.94500000000001,False,False
12,16.5,2022-06-02,2022-05-27 10:15:00+05:30,BULLISH,43.10000000000001,40.94500000000001,False,False
13,14.049999999999997,2022-06-02,2022-05-27 10:15:00+05:30,BULLISH,43.10000000000001,40.94500000000001,False,False
14,11.5,2022-06-02,2022-05-27 10:15:00+05:30,BULLISH,43.10000000000001,40.94500000000001,False,False
15,9.900000000000002,2022-06-02,2022-05-27 10:15:00+05:30,BULLISH,43.10000000000001,40.94500000000001,False,False
6,33.35000000000001,2022-06-09,2022-06-03 10:15:00+05:30,BULLISH,33.35000000000001,31.682500000000008,True,True
7,27.9,2022-06-09,2022-06-03 10:15:00+05:30,BULLISH,33.35000000000001,31.682500000000008,False,False
8,23.000000000000014,2022-06-09,2022-06-03 10:15:00+05:30,BULLISH,33.35000000000001,31.682500000000008,False,False
9,19.200000000000003,2022-06-09,2022-06-03 10:15:00+05:30,BULLISH,33.35000000000001,31.682500000000008,False,False
10,16.449999999999996,2022-06-09,2022-06-03 10:15:00+05:30,BULLISH,33.35000000000001,31.682500000000008,False,False
11,13.95,2022-06-09,2022-06-03 10:15:00+05:30,BULLISH,33.35000000000001,31.682500000000008,False,False
12,11.799999999999997,2022-06-09,2022-06-03 10:15:00+05:30,BULLISH,33.35000000000001,31.682500000000008,False,False
13,9.8,2022-06-09,2022-06-03 10:15:00+05:30,BULLISH,33.35000000000001,31.682500000000008,False,False
14,8.55,2022-06-09,2022-06-03 10:15:00+05:30,BULLISH,33.35000000000001,31.682500000000008,False,False
15,7.350000000000001,2022-06-09,2022-06-03 10:15:00+05:30,BULLISH,33.35000000000001,31.682500000000008,False,False
6,25.450000000000003,2022-06-16,2022-06-10 10:15:00+05:30,BULLISH,25.450000000000003,24.177500000000002,True,True
7,20.75,2022-06-16,2022-06-10 10:15:00+05:30,BULLISH,25.450000000000003,24.177500000000002,False,False
8,16.549999999999997,2022-06-16,2022-06-10 10:15:00+05:30,BULLISH,25.450000000000003,24.177500000000002,False,False
9,13.399999999999995,2022-06-16,2022-06-10 10:15:00+05:30,BULLISH,25.450000000000003,24.177500000000002,False,False
10,10.8,2022-06-16,2022-06-10 10:15:00+05:30,BULLISH,25.450000000000003,24.177500000000002,False,False
11,8.700000000000003,2022-06-16,2022-06-10 10:15:00+05:30,BULLISH,25.450000000000003,24.177500000000002,False,False
12,7.1,2022-06-16,2022-06-10 10:15:00+05:30,BULLISH,25.450000000000003,24.177500000000002,False,False
13,6.0,2022-06-16,2022-06-10 10:15:00+05:30,BULLISH,25.450000000000003,24.177500000000002,False,False
14,5.250000000000002,2022-06-16,2022-06-10 10:15:00+05:30,BULLISH,25.450000000000003,24.177500000000002,False,False
15,4.6,2022-06-16,2022-06-10 10:15:00+05:30,BULLISH,25.450000000000003,24.177500000000002,False,False
6,67.5,2022-06-23,2022-06-17 10:15:00+05:30,BULLISH,67.5,64.125,True,True
7,59.55,2022-06-23,2022-06-17 10:15:00+05:30,BULLISH,67.5,64.125,False,False
8,52.85000000000001,2022-06-23,2022-06-17 10:15:00+05:30,BULLISH,67.5,64.125,False,False
9,46.25,2022-06-23,2022-06-17 10:15:00+05:30,BULLISH,67.5,64.125,False,False
10,40.89999999999999,2022-06-23,2022-06-17 10:15:00+05:30,BULLISH,67.5,64.125,False,False
11,35.900000000000006,2022-06-23,2022-06-17 10:15:00+05:30,BULLISH,67.5,64.125,False,False
12,31.449999999999996,2022-06-23,2022-06-17 10:15:00+05:30,BULLISH,67.5,64.125,False,False
13,27.900000000000006,2022-06-23,2022-06-17 10:15:00+05:30,BULLISH,67.5,64.125,False,False
14,24.75,2022-06-23,2022-06-17 10:15:00+05:30,BULLISH,67.5,64.125,False,False
15,21.5,2022-06-23,2022-06-17 10:15:00+05:30,BULLISH,67.5,64.125,False,False
6,46.45,2022-07-07,2022-07-01 10:15:00+05:30,BULLISH,46.45,44.1275,True,True
7,38.650000000000006,2022-07-07,2022-07-01 10:15:00+05:30,BULLISH,46.45,44.1275,False,False
8,32.8,2022-07-07,2022-07-01 10:15:00+05:30,BULLISH,46.45,44.1275,False,False
9,26.800000000000004,2022-07-07,2022-07-01 10:15:00+05:30,BULLISH,46.45,44.1275,False,False
10,22.799999999999997,2022-07-07,2022-07-01 10:15:00+05:30,BULLISH,46.45,44.1275,False,False
11,18.199999999999996,2022-07-07,2022-07-01 10:15:00+05:30,BULLISH,46.45,44.1275,False,False
12,15.449999999999996,2022-07-07,2022-07-01 10:15:00+05:30,BULLISH,46.45,44.1275,False,False
13,12.95,2022-07-07,2022-07-01 10:15:00+05:30,BULLISH,46.45,44.1275,False,False
14,10.850000000000001,2022-07-07,2022-07-01 10:15:00+05:30,BULLISH,46.45,44.1275,False,False
15,8.75,2022-07-07,2022-07-01 10:15:00+05:30,BULLISH,46.45,44.1275,False,False
6,27.04999999999999,2022-07-14,2022-07-08 10:15:00+05:30,BULLISH,27.04999999999999,25.69749999999999,True,True
7,21.900000000000006,2022-07-14,2022-07-08 10:15:00+05:30,BULLISH,27.04999999999999,25.69749999999999,False,False
8,17.500000000000007,2022-07-14,2022-07-08 10:15:00+05:30,BULLISH,27.04999999999999,25.69749999999999,False,False
9,14.499999999999996,2022-07-14,2022-07-08 10:15:00+05:30,BULLISH,27.04999999999999,25.69749999999999,False,False
10,11.649999999999999,2022-07-14,2022-07-08 10:15:00+05:30,BULLISH,27.04999999999999,25.69749999999999,False,False
11,9.45,2022-07-14,2022-07-08 10:15:00+05:30,BULLISH,27.04999999999999,25.69749999999999,False,False
12,7.899999999999999,2022-07-14,2022-07-08 10:15:00+05:30,BULLISH,27.04999999999999,25.69749999999999,False,False
13,6.65,2022-07-14,2022-07-08 10:15:00+05:30,BULLISH,27.04999999999999,25.69749999999999,False,False
14,5.549999999999999,2022-07-14,2022-07-08 10:15:00+05:30,BULLISH,27.04999999999999,25.69749999999999,False,False
15,4.9,2022-07-14,2022-07-08 10:15:00+05:30,BULLISH,27.04999999999999,25.69749999999999,False,False
6,18.0,2022-07-21,2022-07-15 10:15:00+05:30,BULLISH,18.0,17.099999999999998,True,True
7,14.399999999999999,2022-07-21,2022-07-15 10:15:00+05:30,BULLISH,18.0,17.099999999999998,False,False
8,11.45,2022-07-21,2022-07-15 10:15:00+05:30,BULLISH,18.0,17.099999999999998,False,False
9,8.95,2022-07-21,2022-07-15 10:15:00+05:30,BULLISH,18.0,17.099999999999998,False,False
10,7.0,2022-07-21,2022-07-15 10:15:00+05:30,BULLISH,18.0,17.099999999999998,False,False
11,5.650000000000002,2022-07-21,2022-07-15 10:15:00+05:30,BULLISH,18.0,17.099999999999998,False,False
12,4.649999999999999,2022-07-21,2022-07-15 10:15:00+05:30,BULLISH,18.0,17.099999999999998,False,False
13,4.0,2022-07-21,2022-07-15 10:15:00+05:30,BULLISH,18.0,17.099999999999998,False,False
14,3.3499999999999988,2022-07-21,2022-07-15 10:15:00+05:30,BULLISH,18.0,17.099999999999998,False,False
15,3.05,2022-07-21,2022-07-15 10:15:00+05:30,BULLISH,18.0,17.099999999999998,False,False
6,15.599999999999994,2022-08-04,2022-07-29 10:15:00+05:30,BULLISH,15.599999999999994,14.819999999999993,True,True
7,13.049999999999997,2022-08-04,2022-07-29 10:15:00+05:30,BULLISH,15.599999999999994,14.819999999999993,False,False
8,10.749999999999996,2022-08-04,2022-07-29 10:15:00+05:30,BULLISH,15.599999999999994,14.819999999999993,False,False
9,8.950000000000003,2022-08-04,2022-07-29 10:15:00+05:30,BULLISH,15.599999999999994,14.819999999999993,False,False
10,7.650000000000002,2022-08-04,2022-07-29 10:15:00+05:30,BULLISH,15.599999999999994,14.819999999999993,False,False
11,6.700000000000001,2022-08-04,2022-07-29 10:15:00+05:30,BULLISH,15.599999999999994,14.819999999999993,False,False
12,5.65,2022-08-04,2022-07-29 10:15:00+05:30,BULLISH,15.599999999999994,14.819999999999993,False,False
13,5.25,2022-08-04,2022-07-29 10:15:00+05:30,BULLISH,15.599999999999994,14.819999999999993,False,False
14,4.6,2022-08-04,2022-07-29 10:15:00+05:30,BULLISH,15.599999999999994,14.819999999999993,False,False
15,4.299999999999999,2022-08-04,2022-07-29 10:15:00+05:30,BULLISH,15.599999999999994,14.819999999999993,False,False
6,43.75,2022-08-11,2022-08-04 10:15:00+05:30,BULLISH,43.75,41.5625,True,True
7,37.349999999999994,2022-08-11,2022-08-04 10:15:00+05:30,BULLISH,43.75,41.5625,False,False
8,30.900000000000006,2022-08-11,2022-08-04 10:15:00+05:30,BULLISH,43.75,41.5625,False,False
9,26.650000000000006,2022-08-11,2022-08-04 10:15:00+05:30,BULLISH,43.75,41.5625,False,False
10,22.75,2022-08-11,2022-08-04 10:15:00+05:30,BULLISH,43.75,41.5625,False,False
11,19.6,2022-08-11,2022-08-04 10:15:00+05:30,BULLISH,43.75,41.5625,False,False
12,16.65,2022-08-11,2022-08-04 10:15:00+05:30,BULLISH,43.75,41.5625,False,False
13,15.000000000000004,2022-08-11,2022-08-04 10:15:00+05:30,BULLISH,43.75,41.5625,False,False
14,12.400000000000002,2022-08-11,2022-08-04 10:15:00+05:30,BULLISH,43.75,41.5625,False,False
15,11.100000000000001,2022-08-11,2022-08-04 10:15:00+05:30,BULLISH,43.75,41.5625,False,False
6,26.69999999999999,2022-08-18,2022-08-11 10:15:00+05:30,BULLISH,26.69999999999999,25.364999999999988,True,True
7,22.6,2022-08-18,2022-08-11 10:15:00+05:30,BULLISH,26.69999999999999,25.364999999999988,False,False
8,19.6,2022-08-18,2022-08-11 10:15:00+05:30,BULLISH,26.69999999999999,25.364999999999988,False,False
9,16.45,2022-08-18,2022-08-11 10:15:00+05:30,BULLISH,26.69999999999999,25.364999999999988,False,False
10,13.500000000000004,2022-08-18,2022-08-11 10:15:00+05:30,BULLISH,26.69999999999999,25.364999999999988,False,False
11,11.7,2022-08-18,2022-08-11 10:15:00+05:30,BULLISH,26.69999999999999,25.364999999999988,False,False
12,10.05,2022-08-18,2022-08-11 10:15:00+05:30,BULLISH,26.69999999999999,25.364999999999988,False,False
13,9.200000000000001,2022-08-18,2022-08-11 10:15:00+05:30,BULLISH,26.69999999999999,25.364999999999988,False,False
14,8.1,2022-08-18,2022-08-11 10:15:00+05:30,BULLISH,26.69999999999999,25.364999999999988,False,False
15,7.300000000000001,2022-08-18,2022-08-11 10:15:00+05:30,BULLISH,26.69999999999999,25.364999999999988,False,False
6,23.700000000000003,2022-09-01,2022-08-25 10:15:00+05:30,BULLISH,23.700000000000003,22.515,True,True
7,19.85,2022-09-01,2022-08-25 10:15:00+05:30,BULLISH,23.700000000000003,22.515,False,False
8,16.15,2022-09-01,2022-08-25 10:15:00+05:30,BULLISH,23.700000000000003,22.515,False,False
9,13.700000000000003,2022-09-01,2022-08-25 10:15:00+05:30,BULLISH,23.700000000000003,22.515,False,False
10,11.5,2022-09-01,2022-08-25 10:15:00+05:30,BULLISH,23.700000000000003,22.515,False,False
11,9.7,2022-09-01,2022-08-25 10:15:00+05:30,BULLISH,23.700000000000003,22.515,False,False
12,8.500000000000002,2022-09-01,2022-08-25 10:15:00+05:30,BULLISH,23.700000000000003,22.515,False,False
13,7.35,2022-09-01,2022-08-25 10:15:00+05:30,BULLISH,23.700000000000003,22.515,False,False
14,5.949999999999999,2022-09-01,2022-08-25 10:15:00+05:30,BULLISH,23.700000000000003,22.515,False,False
15,5.75,2022-09-01,2022-08-25 10:15:00+05:30,BULLISH,23.700000000000003,22.515,False,False
6,40.0,2022-09-08,2022-09-02 10:15:00+05:30,BULLISH,40.0,38.0,True,True
7,33.050000000000004,2022-09-08,2022-09-02 10:15:00+05:30,BULLISH,40.0,38.0,False,False
8,27.5,2022-09-08,2022-09-02 10:15:00+05:30,BULLISH,40.0,38.0,False,False
9,23.099999999999994,2022-09-08,2022-09-02 10:15:00+05:30,BULLISH,40.0,38.0,False,False
10,19.25,2022-09-08,2022-09-02 10:15:00+05:30,BULLISH,40.0,38.0,False,False
11,15.350000000000001,2022-09-08,2022-09-02 10:15:00+05:30,BULLISH,40.0,38.0,False,False
12,12.8,2022-09-08,2022-09-02 10:15:00+05:30,BULLISH,40.0,38.0,False,False
13,10.400000000000002,2022-09-08,2022-09-02 10:15:00+05:30,BULLISH,40.0,38.0,False,False
14,8.5,2022-09-08,2022-09-02 10:15:00+05:30,BULLISH,40.0,38.0,False,False
15,7.249999999999998,2022-09-08,2022-09-02 10:15:00+05:30,BULLISH,40.0,38.0,False,False
6,19.799999999999997,2022-09-15,2022-09-09 10:15:00+05:30,BULLISH,19.799999999999997,18.809999999999995,True,True
7,16.4,2022-09-15,2022-09-09 10:15:00+05:30,BULLISH,19.799999999999997,18.809999999999995,False,False
8,13.350000000000001,2022-09-15,2022-09-09 10:15:00+05:30,BULLISH,19.799999999999997,18.809999999999995,False,False
9,11.299999999999997,2022-09-15,2022-09-09 10:15:00+05:30,BULLISH,19.799999999999997,18.809999999999995,False,False
10,9.600000000000001,2022-09-15,2022-09-09 10:15:00+05:30,BULLISH,19.799999999999997,18.809999999999995,False,False
11,8.149999999999999,2022-09-15,2022-09-09 10:15:00+05:30,BULLISH,19.799999999999997,18.809999999999995,False,False
12,6.950000000000003,2022-09-15,2022-09-09 10:15:00+05:30,BULLISH,19.799999999999997,18.809999999999995,False,False
13,6.0500000000000025,2022-09-15,2022-09-09 10:15:00+05:30,BULLISH,19.799999999999997,18.809999999999995,False,False
14,5.300000000000001,2022-09-15,2022-09-09 10:15:00+05:30,BULLISH,19.799999999999997,18.809999999999995,False,False
15,5.1,2022-09-15,2022-09-09 10:15:00+05:30,BULLISH,19.799999999999997,18.809999999999995,False,False
6,34.25,2022-09-22,2022-09-16 10:15:00+05:30,BULLISH,34.25,32.5375,True,True
7,28.049999999999997,2022-09-22,2022-09-16 10:15:00+05:30,BULLISH,34.25,32.5375,False,False
8,23.400000000000006,2022-09-22,2022-09-16 10:15:00+05:30,BULLISH,34.25,32.5375,False,False
9,19.15,2022-09-22,2022-09-16 10:15:00+05:30,BULLISH,34.25,32.5375,False,False
10,15.95,2022-09-22,2022-09-16 10:15:00+05:30,BULLISH,34.25,32.5375,False,False
11,13.099999999999998,2022-09-22,2022-09-16 10:15:00+05:30,BULLISH,34.25,32.5375,False,False
12,10.849999999999998,2022-09-22,2022-09-16 10:15:00+05:30,BULLISH,34.25,32.5375,False,False
13,8.8,2022-09-22,2022-09-16 10:15:00+05:30,BULLISH,34.25,32.5375,False,False
14,7.3000000000000025,2022-09-22,2022-09-16 10:15:00+05:30,BULLISH,34.25,32.5375,False,False
15,6.35,2022-09-22,2022-09-16 10:15:00+05:30,BULLISH,34.25,32.5375,False,False
6,54.35000000000001,2022-10-06,2022-09-29 10:15:00+05:30,BULLISH,54.35000000000001,51.63250000000001,True,True
7,46.650000000000006,2022-10-06,2022-09-29 10:15:00+05:30,BULLISH,54.35000000000001,51.63250000000001,False,False
8,40.349999999999994,2022-10-06,2022-09-29 10:15:00+05:30,BULLISH,54.35000000000001,51.63250000000001,False,False
9,34.550000000000004,2022-10-06,2022-09-29 10:15:00+05:30,BULLISH,54.35000000000001,51.63250000000001,False,False
10,29.800000000000004,2022-10-06,2022-09-29 10:15:00+05:30,BULLISH,54.35000000000001,51.63250000000001,False,False
11,24.749999999999993,2022-10-06,2022-09-29 10:15:00+05:30,BULLISH,54.35000000000001,51.63250000000001,False,False
12,21.200000000000003,2022-10-06,2022-09-29 10:15:00+05:30,BULLISH,54.35000000000001,51.63250000000001,False,False
13,18.049999999999994,2022-10-06,2022-09-29 10:15:00+05:30,BULLISH,54.35000000000001,51.63250000000001,False,False
14,15.45,2022-10-06,2022-09-29 10:15:00+05:30,BULLISH,54.35000000000001,51.63250000000001,False,False
15,13.050000000000004,2022-10-06,2022-09-29 10:15:00+05:30,BULLISH,54.35000000000001,51.63250000000001,False,False
6,27.799999999999997,2022-10-13,2022-10-07 10:15:00+05:30,BULLISH,27.799999999999997,26.409999999999997,True,True
7,22.550000000000004,2022-10-13,2022-10-07 10:15:00+05:30,BULLISH,27.799999999999997,26.409999999999997,False,False
8,18.65,2022-10-13,2022-10-07 10:15:00+05:30,BULLISH,27.799999999999997,26.409999999999997,False,False
9,15.249999999999996,2022-10-13,2022-10-07 10:15:00+05:30,BULLISH,27.799999999999997,26.409999999999997,False,False
10,12.400000000000006,2022-10-13,2022-10-07 10:15:00+05:30,BULLISH,27.799999999999997,26.409999999999997,False,False
11,10.100000000000001,2022-10-13,2022-10-07 10:15:00+05:30,BULLISH,27.799999999999997,26.409999999999997,False,False
12,8.5,2022-10-13,2022-10-07 10:15:00+05:30,BULLISH,27.799999999999997,26.409999999999997,False,False
13,7.25,2022-10-13,2022-10-07 10:15:00+05:30,BULLISH,27.799999999999997,26.409999999999997,False,False
14,5.949999999999999,2022-10-13,2022-10-07 10:15:00+05:30,BULLISH,27.799999999999997,26.409999999999997,False,False
15,5.15,2022-10-13,2022-10-07 10:15:00+05:30,BULLISH,27.799999999999997,26.409999999999997,False,False
6,22.750000000000007,2022-10-20,2022-10-14 10:15:00+05:30,BULLISH,22.750000000000007,21.612500000000004,True,True
7,18.300000000000004,2022-10-20,2022-10-14 10:15:00+05:30,BULLISH,22.750000000000007,21.612500000000004,False,False
8,14.799999999999997,2022-10-20,2022-10-14 10:15:00+05:30,BULLISH,22.750000000000007,21.612500000000004,False,False
9,12.099999999999998,2022-10-20,2022-10-14 10:15:00+05:30,BULLISH,22.750000000000007,21.612500000000004,False,False
10,9.799999999999997,2022-10-20,2022-10-14 10:15:00+05:30,BULLISH,22.750000000000007,21.612500000000004,False,False
11,8.3,2022-10-20,2022-10-14 10:15:00+05:30,BULLISH,22.750000000000007,21.612500000000004,False,False
12,7.050000000000001,2022-10-20,2022-10-14 10:15:00+05:30,BULLISH,22.750000000000007,21.612500000000004,False,False
13,6.050000000000001,2022-10-20,2022-10-14 10:15:00+05:30,BULLISH,22.750000000000007,21.612500000000004,False,False
14,5.25,2022-10-20,2022-10-14 10:15:00+05:30,BULLISH,22.750000000000007,21.612500000000004,False,False
15,4.749999999999998,2022-10-20,2022-10-14 10:15:00+05:30,BULLISH,22.750000000000007,21.612500000000004,False,False
6,20.199999999999996,2022-11-03,2022-10-28 10:15:00+05:30,BULLISH,20.199999999999996,19.189999999999994,True,True
7,16.200000000000003,2022-11-03,2022-10-28 10:15:00+05:30,BULLISH,20.199999999999996,19.189999999999994,False,False
8,12.649999999999999,2022-11-03,2022-10-28 10:15:00+05:30,BULLISH,20.199999999999996,19.189999999999994,False,False
9,10.349999999999994,2022-11-03,2022-10-28 10:15:00+05:30,BULLISH,20.199999999999996,19.189999999999994,False,False
10,8.55,2022-11-03,2022-10-28 10:15:00+05:30,BULLISH,20.199999999999996,19.189999999999994,False,False
11,6.800000000000001,2022-11-03,2022-10-28 10:15:00+05:30,BULLISH,20.199999999999996,19.189999999999994,False,False
12,5.850000000000001,2022-11-03,2022-10-28 10:15:00+05:30,BULLISH,20.199999999999996,19.189999999999994,False,False
13,5.149999999999999,2022-11-03,2022-10-28 10:15:00+05:30,BULLISH,20.199999999999996,19.189999999999994,False,False
14,4.4,2022-11-03,2022-10-28 10:15:00+05:30,BULLISH,20.199999999999996,19.189999999999994,False,False
15,3.8500000000000005,2022-11-03,2022-10-28 10:15:00+05:30,BULLISH,20.199999999999996,19.189999999999994,False,False
6,30.950000000000003,2022-11-10,2022-11-03 10:15:00+05:30,BULLISH,30.950000000000003,29.4025,True,True
7,25.5,2022-11-10,2022-11-03 10:15:00+05:30,BULLISH,30.950000000000003,29.4025,False,False
8,21.0,2022-11-10,2022-11-03 10:15:00+05:30,BULLISH,30.950000000000003,29.4025,False,False
9,17.099999999999994,2022-11-10,2022-11-03 10:15:00+05:30,BULLISH,30.950000000000003,29.4025,False,False
10,13.849999999999998,2022-11-10,2022-11-03 10:15:00+05:30,BULLISH,30.950000000000003,29.4025,False,False
11,11.75,2022-11-10,2022-11-03 10:15:00+05:30,BULLISH,30.950000000000003,29.4025,False,False
12,9.700000000000003,2022-11-10,2022-11-03 10:15:00+05:30,BULLISH,30.950000000000003,29.4025,False,False
13,7.549999999999997,2022-11-10,2022-11-03 10:15:00+05:30,BULLISH,30.950000000000003,29.4025,False,False
14,6.4,2022-11-10,2022-11-03 10:15:00+05:30,BULLISH,30.950000000000003,29.4025,False,False
15,5.600000000000001,2022-11-10,2022-11-03 10:15:00+05:30,BULLISH,30.950000000000003,29.4025,False,False
6,7.949999999999999,2022-11-17,2022-11-11 10:15:00+05:30,BULLISH,7.949999999999999,7.552499999999999,True,True
7,6.549999999999997,2022-11-17,2022-11-11 10:15:00+05:30,BULLISH,7.949999999999999,7.552499999999999,False,False
8,5.099999999999998,2022-11-17,2022-11-11 10:15:00+05:30,BULLISH,7.949999999999999,7.552499999999999,False,False
9,4.600000000000001,2022-11-17,2022-11-11 10:15:00+05:30,BULLISH,7.949999999999999,7.552499999999999,False,False
10,4.300000000000001,2022-11-17,2022-11-11 10:15:00+05:30,BULLISH,7.949999999999999,7.552499999999999,False,False
11,3.8,2022-11-17,2022-11-11 10:15:00+05:30,BULLISH,7.949999999999999,7.552499999999999,False,False
12,3.4499999999999984,2022-11-17,2022-11-11 10:15:00+05:30,BULLISH,7.949999999999999,7.552499999999999,False,False
13,3.3,2022-11-17,2022-11-11 10:15:00+05:30,BULLISH,7.949999999999999,7.552499999999999,False,False
14,2.75,2022-11-17,2022-11-11 10:15:00+05:30,BULLISH,7.949999999999999,7.552499999999999,False,False
15,2.5500000000000007,2022-11-17,2022-11-11 10:15:00+05:30,BULLISH,7.949999999999999,7.552499999999999,False,False
6,5.400000000000002,2022-12-01,2022-11-25 10:15:00+05:30,BULLISH,5.400000000000002,5.130000000000002,True,True
7,4.649999999999999,2022-12-01,2022-11-25 10:15:00+05:30,BULLISH,5.400000000000002,5.130000000000002,False,False
8,4.049999999999999,2022-12-01,2022-11-25 10:15:00+05:30,BULLISH,5.400000000000002,5.130000000000002,False,False
9,3.3999999999999995,2022-12-01,2022-11-25 10:15:00+05:30,BULLISH,5.400000000000002,5.130000000000002,False,False
10,3.299999999999999,2022-12-01,2022-11-25 10:15:00+05:30,BULLISH,5.400000000000002,5.130000000000002,False,False
11,3.1500000000000004,2022-12-01,2022-11-25 10:15:00+05:30,BULLISH,5.400000000000002,5.130000000000002,False,False
12,3.1499999999999995,2022-12-01,2022-11-25 10:15:00+05:30,BULLISH,5.400000000000002,5.130000000000002,False,False
13,2.95,2022-12-01,2022-11-25 10:15:00+05:30,BULLISH,5.400000000000002,5.130000000000002,False,False
14,2.7,2022-12-01,2022-11-25 10:15:00+05:30,BULLISH,5.400000000000002,5.130000000000002,False,False
15,2.5,2022-12-01,2022-11-25 10:15:00+05:30,BULLISH,5.400000000000002,5.130000000000002,False,False
6,6.5,2022-12-08,2022-12-02 10:15:00+05:30,BULLISH,6.5,6.175,True,True
7,5.549999999999999,2022-12-08,2022-12-02 10:15:00+05:30,BULLISH,6.5,6.175,False,False
8,4.799999999999999,2022-12-08,2022-12-02 10:15:00+05:30,BULLISH,6.5,6.175,False,False
9,4.350000000000001,2022-12-08,2022-12-02 10:15:00+05:30,BULLISH,6.5,6.175,False,False
10,4.1000000000000005,2022-12-08,2022-12-02 10:15:00+05:30,BULLISH,6.5,6.175,False,False
11,3.700000000000001,2022-12-08,2022-12-02 10:15:00+05:30,BULLISH,6.5,6.175,False,False
12,3.4000000000000004,2022-12-08,2022-12-02 10:15:00+05:30,BULLISH,6.5,6.175,False,False
13,3.3499999999999996,2022-12-08,2022-12-02 10:15:00+05:30,BULLISH,6.5,6.175,False,False
14,2.950000000000001,2022-12-08,2022-12-02 10:15:00+05:30,BULLISH,6.5,6.175,False,False
15,2.6499999999999995,2022-12-08,2022-12-02 10:15:00+05:30,BULLISH,6.5,6.175,False,False
6,4.5,2022-12-15,2022-12-09 10:15:00+05:30,BULLISH,4.5,4.2749999999999995,True,True
7,4.1,2022-12-15,2022-12-09 10:15:00+05:30,BULLISH,4.5,4.2749999999999995,False,False
8,3.6500000000000004,2022-12-15,2022-12-09 10:15:00+05:30,BULLISH,4.5,4.2749999999999995,False,False
9,3.45,2022-12-15,2022-12-09 10:15:00+05:30,BULLISH,4.5,4.2749999999999995,False,False
10,3.3000000000000007,2022-12-15,2022-12-09 10:15:00+05:30,BULLISH,4.5,4.2749999999999995,False,False
11,3.0,2022-12-15,2022-12-09 10:15:00+05:30,BULLISH,4.5,4.2749999999999995,False,False
12,2.55,2022-12-15,2022-12-09 10:15:00+05:30,BULLISH,4.5,4.2749999999999995,False,False
13,2.3999999999999995,2022-12-15,2022-12-09 10:15:00+05:30,BULLISH,4.5,4.2749999999999995,False,False
14,2.0000000000000004,2022-12-15,2022-12-09 10:15:00+05:30,BULLISH,4.5,4.2749999999999995,False,False
15,2.0,2022-12-15,2022-12-09 10:15:00+05:30,BULLISH,4.5,4.2749999999999995,False,False
6,9.45,2022-12-22,2022-12-16 10:15:00+05:30,BULLISH,9.45,8.9775,True,True
7,7.300000000000001,2022-12-22,2022-12-16 10:15:00+05:30,BULLISH,9.45,8.9775,False,False
8,6.149999999999999,2022-12-22,2022-12-16 10:15:00+05:30,BULLISH,9.45,8.9775,False,False
9,5.300000000000001,2022-12-22,2022-12-16 10:15:00+05:30,BULLISH,9.45,8.9775,False,False
10,4.75,2022-12-22,2022-12-16 10:15:00+05:30,BULLISH,9.45,8.9775,False,False
11,4.25,2022-12-22,2022-12-16 10:15:00+05:30,BULLISH,9.45,8.9775,False,False
12,3.8499999999999996,2022-12-22,2022-12-16 10:15:00+05:30,BULLISH,9.45,8.9775,False,False
13,3.6999999999999993,2022-12-22,2022-12-16 10:15:00+05:30,BULLISH,9.45,8.9775,False,False
14,3.3,2022-12-22,2022-12-16 10:15:00+05:30,BULLISH,9.45,8.9775,False,False
15,2.8999999999999995,2022-12-22,2022-12-16 10:15:00+05:30,BULLISH,9.45,8.9775,False,False
6,11.350000000000001,2023-01-05,2022-12-30 10:15:00+05:30,BULLISH,11.350000000000001,10.7825,True,True
7,9.3,2023-01-05,2022-12-30 10:15:00+05:30,BULLISH,11.350000000000001,10.7825,False,False
8,7.549999999999997,2023-01-05,2022-12-30 10:15:00+05:30,BULLISH,11.350000000000001,10.7825,False,False
9,6.349999999999998,2023-01-05,2022-12-30 10:15:00+05:30,BULLISH,11.350000000000001,10.7825,False,False
10,5.500000000000002,2023-01-05,2022-12-30 10:15:00+05:30,BULLISH,11.350000000000001,10.7825,False,False
11,4.949999999999999,2023-01-05,2022-12-30 10:15:00+05:30,BULLISH,11.350000000000001,10.7825,False,False
12,4.550000000000002,2023-01-05,2022-12-30 10:15:00+05:30,BULLISH,11.350000000000001,10.7825,False,False
13,4.2,2023-01-05,2022-12-30 10:15:00+05:30,BULLISH,11.350000000000001,10.7825,False,False
14,3.799999999999999,2023-01-05,2022-12-30 10:15:00+05:30,BULLISH,11.350000000000001,10.7825,False,False
15,3.5500000000000007,2023-01-05,2022-12-30 10:15:00+05:30,BULLISH,11.350000000000001,10.7825,False,False
6,8.250000000000007,2023-01-12,2023-01-06 10:15:00+05:30,BULLISH,8.250000000000007,7.837500000000007,True,True
7,6.5,2023-01-12,2023-01-06 10:15:00+05:30,BULLISH,8.250000000000007,7.837500000000007,False,False
8,5.300000000000001,2023-01-12,2023-01-06 10:15:00+05:30,BULLISH,8.250000000000007,7.837500000000007,False,False
9,3.8499999999999996,2023-01-12,2023-01-06 10:15:00+05:30,BULLISH,8.250000000000007,7.837500000000007,False,False
10,3.5,2023-01-12,2023-01-06 10:15:00+05:30,BULLISH,8.250000000000007,7.837500000000007,False,False
11,3.0999999999999996,2023-01-12,2023-01-06 10:15:00+05:30,BULLISH,8.250000000000007,7.837500000000007,False,False
12,3.05,2023-01-12,2023-01-06 10:15:00+05:30,BULLISH,8.250000000000007,7.837500000000007,False,False
13,2.5,2023-01-12,2023-01-06 10:15:00+05:30,BULLISH,8.250000000000007,7.837500000000007,False,False
14,2.3499999999999996,2023-01-12,2023-01-06 10:15:00+05:30,BULLISH,8.250000000000007,7.837500000000007,False,False
15,2.1500000000000004,2023-01-12,2023-01-06 10:15:00+05:30,BULLISH,8.250000000000007,7.837500000000007,False,False
6,12.0,2023-01-19,2023-01-13 10:15:00+05:30,BULLISH,12.0,11.399999999999999,True,True
7,9.049999999999997,2023-01-19,2023-01-13 10:15:00+05:30,BULLISH,12.0,11.399999999999999,False,False
8,6.649999999999999,2023-01-19,2023-01-13 10:15:00+05:30,BULLISH,12.0,11.399999999999999,False,False
9,5.350000000000001,2023-01-19,2023-01-13 10:15:00+05:30,BULLISH,12.0,11.399999999999999,False,False
10,4.35,2023-01-19,2023-01-13 10:15:00+05:30,BULLISH,12.0,11.399999999999999,False,False
11,3.6999999999999993,2023-01-19,2023-01-13 10:15:00+05:30,BULLISH,12.0,11.399999999999999,False,False
12,3.299999999999999,2023-01-19,2023-01-13 10:15:00+05:30,BULLISH,12.0,11.399999999999999,False,False
13,3.1000000000000005,2023-01-19,2023-01-13 10:15:00+05:30,BULLISH,12.0,11.399999999999999,False,False
14,2.9499999999999993,2023-01-19,2023-01-13 10:15:00+05:30,BULLISH,12.0,11.399999999999999,False,False
15,2.5999999999999996,2023-01-19,2023-01-13 10:15:00+05:30,BULLISH,12.0,11.399999999999999,False,False
6,42.25,2023-02-02,2023-01-27 10:15:00+05:30,BULLISH,42.25,40.137499999999996,True,True
7,36.050000000000004,2023-02-02,2023-01-27 10:15:00+05:30,BULLISH,42.25,40.137499999999996,False,False
8,31.200000000000003,2023-02-02,2023-01-27 10:15:00+05:30,BULLISH,42.25,40.137499999999996,False,False
9,26.650000000000006,2023-02-02,2023-01-27 10:15:00+05:30,BULLISH,42.25,40.137499999999996,False,False
10,22.15,2023-02-02,2023-01-27 10:15:00+05:30,BULLISH,42.25,40.137499999999996,False,False
11,18.85,2023-02-02,2023-01-27 10:15:00+05:30,BULLISH,42.25,40.137499999999996,False,False
12,15.95,2023-02-02,2023-01-27 10:15:00+05:30,BULLISH,42.25,40.137499999999996,False,False
13,13.599999999999998,2023-02-02,2023-01-27 10:15:00+05:30,BULLISH,42.25,40.137499999999996,False,False
14,11.45,2023-02-02,2023-01-27 10:15:00+05:30,BULLISH,42.25,40.137499999999996,False,False
15,9.75,2023-02-02,2023-01-27 10:15:00+05:30,BULLISH,42.25,40.137499999999996,False,False
6,18.35,2023-02-09,2023-02-03 10:15:00+05:30,BULLISH,18.35,17.4325,True,True
7,14.599999999999994,2023-02-09,2023-02-03 10:15:00+05:30,BULLISH,18.35,17.4325,False,False
8,11.899999999999999,2023-02-09,2023-02-03 10:15:00+05:30,BULLISH,18.35,17.4325,False,False
9,9.899999999999999,2023-02-09,2023-02-03 10:15:00+05:30,BULLISH,18.35,17.4325,False,False
10,8.400000000000002,2023-02-09,2023-02-03 10:15:00+05:30,BULLISH,18.35,17.4325,False,False
11,7.249999999999998,2023-02-09,2023-02-03 10:15:00+05:30,BULLISH,18.35,17.4325,False,False
12,6.749999999999998,2023-02-09,2023-02-03 10:15:00+05:30,BULLISH,18.35,17.4325,False,False
13,5.949999999999999,2023-02-09,2023-02-03 10:15:00+05:30,BULLISH,18.35,17.4325,False,False
14,5.299999999999999,2023-02-09,2023-02-03 10:15:00+05:30,BULLISH,18.35,17.4325,False,False
15,4.6499999999999995,2023-02-09,2023-02-03 10:15:00+05:30,BULLISH,18.35,17.4325,False,False
6,5.25,2023-02-16,2023-02-10 10:15:00+05:30,BULLISH,5.25,4.9875,True,True
7,4.5,2023-02-16,2023-02-10 10:15:00+05:30,BULLISH,5.25,4.9875,False,False
8,3.9499999999999993,2023-02-16,2023-02-10 10:15:00+05:30,BULLISH,5.25,4.9875,False,False
9,3.6499999999999995,2023-02-16,2023-02-10 10:15:00+05:30,BULLISH,5.25,4.9875,False,False
10,3.1999999999999993,2023-02-16,2023-02-10 10:15:00+05:30,BULLISH,5.25,4.9875,False,False
11,3.05,2023-02-16,2023-02-10 10:15:00+05:30,BULLISH,5.25,4.9875,False,False
12,2.8,2023-02-16,2023-02-10 10:15:00+05:30,BULLISH,5.25,4.9875,False,False
13,2.3999999999999995,2023-02-16,2023-02-10 10:15:00+05:30,BULLISH,5.25,4.9875,False,False
14,2.1499999999999995,2023-02-16,2023-02-10 10:15:00+05:30,BULLISH,5.25,4.9875,False,False
15,1.9499999999999997,2023-02-16,2023-02-10 10:15:00+05:30,BULLISH,5.25,4.9875,False,False
6,8.000000000000004,2023-03-02,2023-02-24 10:15:00+05:30,BULLISH,8.000000000000004,7.600000000000003,True,True
7,6.050000000000001,2023-03-02,2023-02-24 10:15:00+05:30,BULLISH,8.000000000000004,7.600000000000003,False,False
8,5.200000000000001,2023-03-02,2023-02-24 10:15:00+05:30,BULLISH,8.000000000000004,7.600000000000003,False,False
9,4.400000000000002,2023-03-02,2023-02-24 10:15:00+05:30,BULLISH,8.000000000000004,7.600000000000003,False,False
10,3.75,2023-03-02,2023-02-24 10:15:00+05:30,BULLISH,8.000000000000004,7.600000000000003,False,False
11,3.1000000000000005,2023-03-02,2023-02-24 10:15:00+05:30,BULLISH,8.000000000000004,7.600000000000003,False,False
12,2.999999999999999,2023-03-02,2023-02-24 10:15:00+05:30,BULLISH,8.000000000000004,7.600000000000003,False,False
13,3.0,2023-03-02,2023-02-24 10:15:00+05:30,BULLISH,8.000000000000004,7.600000000000003,False,False
14,2.6999999999999997,2023-03-02,2023-02-24 10:15:00+05:30,BULLISH,8.000000000000004,7.600000000000003,False,False
15,2.3499999999999996,2023-03-02,2023-02-24 10:15:00+05:30,BULLISH,8.000000000000004,7.600000000000003,False,False
6,11.8,2023-03-16,2023-03-10 10:15:00+05:30,BULLISH,11.8,11.21,True,True
7,9.5,2023-03-16,2023-03-10 10:15:00+05:30,BULLISH,11.8,11.21,False,False
8,7.550000000000001,2023-03-16,2023-03-10 10:15:00+05:30,BULLISH,11.8,11.21,False,False
9,6.350000000000001,2023-03-16,2023-03-10 10:15:00+05:30,BULLISH,11.8,11.21,False,False
10,5.5,2023-03-16,2023-03-10 10:15:00+05:30,BULLISH,11.8,11.21,False,False
11,4.699999999999999,2023-03-16,2023-03-10 10:15:00+05:30,BULLISH,11.8,11.21,False,False
12,4.1,2023-03-16,2023-03-10 10:15:00+05:30,BULLISH,11.8,11.21,False,False
13,3.6999999999999993,2023-03-16,2023-03-10 10:15:00+05:30,BULLISH,11.8,11.21,False,False
14,3.299999999999999,2023-03-16,2023-03-10 10:15:00+05:30,BULLISH,11.8,11.21,False,False
15,3.0999999999999996,2023-03-16,2023-03-10 10:15:00+05:30,BULLISH,11.8,11.21,False,False
6,19.900000000000006,2023-03-23,2023-03-17 10:15:00+05:30,BULLISH,19.900000000000006,18.905000000000005,True,True
7,16.0,2023-03-23,2023-03-17 10:15:00+05:30,BULLISH,19.900000000000006,18.905000000000005,False,False
8,13.200000000000003,2023-03-23,2023-03-17 10:15:00+05:30,BULLISH,19.900000000000006,18.905000000000005,False,False
9,10.8,2023-03-23,2023-03-17 10:15:00+05:30,BULLISH,19.900000000000006,18.905000000000005,False,False
10,9.05,2023-03-23,2023-03-17 10:15:00+05:30,BULLISH,19.900000000000006,18.905000000000005,False,False
11,7.850000000000001,2023-03-23,2023-03-17 10:15:00+05:30,BULLISH,19.900000000000006,18.905000000000005,False,False
12,6.5,2023-03-23,2023-03-17 10:15:00+05:30,BULLISH,19.900000000000006,18.905000000000005,False,False
13,5.399999999999999,2023-03-23,2023-03-17 10:15:00+05:30,BULLISH,19.900000000000006,18.905000000000005,False,False
14,4.9,2023-03-23,2023-03-17 10:15:00+05:30,BULLISH,19.900000000000006,18.905000000000005,False,False
15,4.3500000000000005,2023-03-23,2023-03-17 10:15:00+05:30,BULLISH,19.900000000000006,18.905000000000005,False,False
6,15.450000000000003,2023-04-06,2023-03-29 10:15:00+05:30,BULLISH,15.450000000000003,14.677500000000002,True,True
7,12.549999999999997,2023-04-06,2023-03-29 10:15:00+05:30,BULLISH,15.450000000000003,14.677500000000002,False,False
8,10.000000000000004,2023-04-06,2023-03-29 10:15:00+05:30,BULLISH,15.450000000000003,14.677500000000002,False,False
9,8.25,2023-04-06,2023-03-29 10:15:00+05:30,BULLISH,15.450000000000003,14.677500000000002,False,False
10,6.65,2023-04-06,2023-03-29 10:15:00+05:30,BULLISH,15.450000000000003,14.677500000000002,False,False
11,5.850000000000001,2023-04-06,2023-03-29 10:15:00+05:30,BULLISH,15.450000000000003,14.677500000000002,False,False
12,4.949999999999999,2023-04-06,2023-03-29 10:15:00+05:30,BULLISH,15.450000000000003,14.677500000000002,False,False
13,4.299999999999999,2023-04-06,2023-03-29 10:15:00+05:30,BULLISH,15.450000000000003,14.677500000000002,False,False
14,3.799999999999999,2023-04-06,2023-03-29 10:15:00+05:30,BULLISH,15.450000000000003,14.677500000000002,False,False
15,3.3499999999999988,2023-04-06,2023-03-29 10:15:00+05:30,BULLISH,15.450000000000003,14.677500000000002,False,False
6,9.049999999999997,2023-04-13,2023-04-06 10:15:00+05:30,BULLISH,9.049999999999997,8.597499999999997,True,True
7,8.05,2023-04-13,2023-04-06 10:15:00+05:30,BULLISH,9.049999999999997,8.597499999999997,False,False
8,6.700000000000001,2023-04-13,2023-04-06 10:15:00+05:30,BULLISH,9.049999999999997,8.597499999999997,False,False
9,5.700000000000001,2023-04-13,2023-04-06 10:15:00+05:30,BULLISH,9.049999999999997,8.597499999999997,False,False
10,5.200000000000001,2023-04-13,2023-04-06 10:15:00+05:30,BULLISH,9.049999999999997,8.597499999999997,False,False
11,4.8,2023-04-13,2023-04-06 10:15:00+05:30,BULLISH,9.049999999999997,8.597499999999997,False,False
12,4.049999999999999,2023-04-13,2023-04-06 10:15:00+05:30,BULLISH,9.049999999999997,8.597499999999997,False,False
13,3.799999999999999,2023-04-13,2023-04-06 10:15:00+05:30,BULLISH,9.049999999999997,8.597499999999997,False,False
14,3.549999999999999,2023-04-13,2023-04-06 10:15:00+05:30,BULLISH,9.049999999999997,8.597499999999997,False,False
15,3.25,2023-04-13,2023-04-06 10:15:00+05:30,BULLISH,9.049999999999997,8.597499999999997,False,False
6,7.75,2023-04-20,2023-04-13 10:15:00+05:30,BULLISH,7.75,7.3625,True,True
7,6.399999999999999,2023-04-20,2023-04-13 10:15:00+05:30,BULLISH,7.75,7.3625,False,False
8,5.950000000000001,2023-04-20,2023-04-13 10:15:00+05:30,BULLISH,7.75,7.3625,False,False
9,5.550000000000001,2023-04-20,2023-04-13 10:15:00+05:30,BULLISH,7.75,7.3625,False,False
10,4.750000000000002,2023-04-20,2023-04-13 10:15:00+05:30,BULLISH,7.75,7.3625,False,False
11,4.55,2023-04-20,2023-04-13 10:15:00+05:30,BULLISH,7.75,7.3625,False,False
12,4.1,2023-04-20,2023-04-13 10:15:00+05:30,BULLISH,7.75,7.3625,False,False
13,3.950000000000001,2023-04-20,2023-04-13 10:15:00+05:30,BULLISH,7.75,7.3625,False,False
14,3.549999999999999,2023-04-20,2023-04-13 10:15:00+05:30,BULLISH,7.75,7.3625,False,False
15,3.1999999999999993,2023-04-20,2023-04-13 10:15:00+05:30,BULLISH,7.75,7.3625,False,False
6,8.95,2023-05-04,2023-04-27 10:15:00+05:30,BULLISH,8.95,8.5025,True,True
7,7.0,2023-05-04,2023-04-27 10:15:00+05:30,BULLISH,8.95,8.5025,False,False
8,6.4,2023-05-04,2023-04-27 10:15:00+05:30,BULLISH,8.95,8.5025,False,False
9,5.899999999999999,2023-05-04,2023-04-27 10:15:00+05:30,BULLISH,8.95,8.5025,False,False
10,5.100000000000001,2023-05-04,2023-04-27 10:15:00+05:30,BULLISH,8.95,8.5025,False,False
11,5.050000000000001,2023-05-04,2023-04-27 10:15:00+05:30,BULLISH,8.95,8.5025,False,False
12,4.7,2023-05-04,2023-04-27 10:15:00+05:30,BULLISH,8.95,8.5025,False,False
13,4.0,2023-05-04,2023-04-27 10:15:00+05:30,BULLISH,8.95,8.5025,False,False
14,3.8000000000000007,2023-05-04,2023-04-27 10:15:00+05:30,BULLISH,8.95,8.5025,False,False
15,3.5999999999999996,2023-05-04,2023-04-27 10:15:00+05:30,BULLISH,8.95,8.5025,False,False
6,4.1,2023-05-11,2023-05-05 10:15:00+05:30,BULLISH,4.1,3.8949999999999996,True,False
7,3.950000000000001,2023-05-11,2023-05-05 10:15:00+05:30,BULLISH,4.1,3.8949999999999996,True,True
8,3.5999999999999996,2023-05-11,2023-05-05 10:15:00+05:30,BULLISH,4.1,3.8949999999999996,False,False
9,3.25,2023-05-11,2023-05-05 10:15:00+05:30,BULLISH,4.1,3.8949999999999996,False,False
10,2.75,2023-05-11,2023-05-05 10:15:00+05:30,BULLISH,4.1,3.8949999999999996,False,False
11,2.5999999999999996,2023-05-11,2023-05-05 10:15:00+05:30,BULLISH,4.1,3.8949999999999996,False,False
12,2.3000000000000007,2023-05-11,2023-05-05 10:15:00+05:30,BULLISH,4.1,3.8949999999999996,False,False
13,1.9999999999999996,2023-05-11,2023-05-05 10:15:00+05:30,BULLISH,4.1,3.8949999999999996,False,False
14,1.9500000000000002,2023-05-11,2023-05-05 10:15:00+05:30,BULLISH,4.1,3.8949999999999996,False,False
15,1.9,2023-05-11,2023-05-05 10:15:00+05:30,BULLISH,4.1,3.8949999999999996,False,False
6,6.399999999999999,2023-05-18,2023-05-12 10:15:00+05:30,BULLISH,6.399999999999999,6.079999999999998,True,True
7,5.199999999999999,2023-05-18,2023-05-12 10:15:00+05:30,BULLISH,6.399999999999999,6.079999999999998,False,False
8,4.449999999999999,2023-05-18,2023-05-12 10:15:00+05:30,BULLISH,6.399999999999999,6.079999999999998,False,False
9,4.000000000000002,2023-05-18,2023-05-12 10:15:00+05:30,BULLISH,6.399999999999999,6.079999999999998,False,False
10,3.8499999999999996,2023-05-18,2023-05-12 10:15:00+05:30,BULLISH,6.399999999999999,6.079999999999998,False,False
11,3.4499999999999984,2023-05-18,2023-05-12 10:15:00+05:30,BULLISH,6.399999999999999,6.079999999999998,False,False
12,3.3999999999999995,2023-05-18,2023-05-12 10:15:00+05:30,BULLISH,6.399999999999999,6.079999999999998,False,False
13,3.0500000000000007,2023-05-18,2023-05-12 10:15:00+05:30,BULLISH,6.399999999999999,6.079999999999998,False,False
14,2.7499999999999996,2023-05-18,2023-05-12 10:15:00+05:30,BULLISH,6.399999999999999,6.079999999999998,False,False
15,2.3500000000000005,2023-05-18,2023-05-12 10:15:00+05:30,BULLISH,6.399999999999999,6.079999999999998,False,False
6,6.449999999999999,2023-06-01,2023-05-26 10:15:00+05:30,BULLISH,6.449999999999999,6.127499999999999,True,True
7,5.550000000000001,2023-06-01,2023-05-26 10:15:00+05:30,BULLISH,6.449999999999999,6.127499999999999,False,False
8,4.449999999999999,2023-06-01,2023-05-26 10:15:00+05:30,BULLISH,6.449999999999999,6.127499999999999,False,False
9,4.1,2023-06-01,2023-05-26 10:15:00+05:30,BULLISH,6.449999999999999,6.127499999999999,False,False
10,3.8000000000000007,2023-06-01,2023-05-26 10:15:00+05:30,BULLISH,6.449999999999999,6.127499999999999,False,False
11,3.4000000000000004,2023-06-01,2023-05-26 10:15:00+05:30,BULLISH,6.449999999999999,6.127499999999999,False,False
12,3.05,2023-06-01,2023-05-26 10:15:00+05:30,BULLISH,6.449999999999999,6.127499999999999,False,False
13,2.750000000000001,2023-06-01,2023-05-26 10:15:00+05:30,BULLISH,6.449999999999999,6.127499999999999,False,False
14,2.6000000000000005,2023-06-01,2023-05-26 10:15:00+05:30,BULLISH,6.449999999999999,6.127499999999999,False,False
15,2.2499999999999996,2023-06-01,2023-05-26 10:15:00+05:30,BULLISH,6.449999999999999,6.127499999999999,False,False
6,4.749999999999998,2023-06-08,2023-06-02 10:15:00+05:30,BULLISH,4.749999999999998,4.512499999999998,True,True
7,3.8500000000000014,2023-06-08,2023-06-02 10:15:00+05:30,BULLISH,4.749999999999998,4.512499999999998,False,False
8,3.4000000000000004,2023-06-08,2023-06-02 10:15:00+05:30,BULLISH,4.749999999999998,4.512499999999998,False,False
9,3.3,2023-06-08,2023-06-02 10:15:00+05:30,BULLISH,4.749999999999998,4.512499999999998,False,False
10,2.5999999999999996,2023-06-08,2023-06-02 10:15:00+05:30,BULLISH,4.749999999999998,4.512499999999998,False,False
11,2.5999999999999996,2023-06-08,2023-06-02 10:15:00+05:30,BULLISH,4.749999999999998,4.512499999999998,False,False
12,2.05,2023-06-08,2023-06-02 10:15:00+05:30,BULLISH,4.749999999999998,4.512499999999998,False,False
13,1.8499999999999996,2023-06-08,2023-06-02 10:15:00+05:30,BULLISH,4.749999999999998,4.512499999999998,False,False
14,2.0000000000000004,2023-06-08,2023-06-02 10:15:00+05:30,BULLISH,4.749999999999998,4.512499999999998,False,False
15,2.0000000000000004,2023-06-08,2023-06-02 10:15:00+05:30,BULLISH,4.749999999999998,4.512499999999998,False,False
6,3.9000000000000004,2023-06-15,2023-06-09 10:15:00+05:30,BULLISH,3.9000000000000004,3.705,True,False
7,3.8000000000000007,2023-06-15,2023-06-09 10:15:00+05:30,BULLISH,3.9000000000000004,3.705,True,True
8,3.55,2023-06-15,2023-06-09 10:15:00+05:30,BULLISH,3.9000000000000004,3.705,False,False
9,3.1999999999999993,2023-06-15,2023-06-09 10:15:00+05:30,BULLISH,3.9000000000000004,3.705,False,False
10,3.1500000000000004,2023-06-15,2023-06-09 10:15:00+05:30,BULLISH,3.9000000000000004,3.705,False,False
11,2.95,2023-06-15,2023-06-09 10:15:00+05:30,BULLISH,3.9000000000000004,3.705,False,False
12,2.7,2023-06-15,2023-06-09 10:15:00+05:30,BULLISH,3.9000000000000004,3.705,False,False
13,2.25,2023-06-15,2023-06-09 10:15:00+05:30,BULLISH,3.9000000000000004,3.705,False,False
14,2.2,2023-06-15,2023-06-09 10:15:00+05:30,BULLISH,3.9000000000000004,3.705,False,False
15,2.1499999999999995,2023-06-15,2023-06-09 10:15:00+05:30,BULLISH,3.9000000000000004,3.705,False,False
6,3.75,2023-06-22,2023-06-16 10:15:00+05:30,BULLISH,3.75,3.5625,True,False
7,3.6500000000000004,2023-06-22,2023-06-16 10:15:00+05:30,BULLISH,3.75,3.5625,True,True
8,3.3,2023-06-22,2023-06-16 10:15:00+05:30,BULLISH,3.75,3.5625,False,False
9,3.2,2023-06-22,2023-06-16 10:15:00+05:30,BULLISH,3.75,3.5625,False,False
10,3.0999999999999996,2023-06-22,2023-06-16 10:15:00+05:30,BULLISH,3.75,3.5625,False,False
11,3.0,2023-06-22,2023-06-16 10:15:00+05:30,BULLISH,3.75,3.5625,False,False
12,2.8,2023-06-22,2023-06-16 10:15:00+05:30,BULLISH,3.75,3.5625,False,False
13,2.6000000000000005,2023-06-22,2023-06-16 10:15:00+05:30,BULLISH,3.75,3.5625,False,False
14,2.5999999999999996,2023-06-22,2023-06-16 10:15:00+05:30,BULLISH,3.75,3.5625,False,False
15,2.3000000000000003,2023-06-22,2023-06-16 10:15:00+05:30,BULLISH,3.75,3.5625,False,False
6,6.649999999999999,2023-07-06,2023-06-30 10:15:00+05:30,BULLISH,6.649999999999999,6.317499999999998,True,True
7,5.849999999999998,2023-07-06,2023-06-30 10:15:00+05:30,BULLISH,6.649999999999999,6.317499999999998,False,False
8,5.250000000000002,2023-07-06,2023-06-30 10:15:00+05:30,BULLISH,6.649999999999999,6.317499999999998,False,False
9,4.849999999999998,2023-07-06,2023-06-30 10:15:00+05:30,BULLISH,6.649999999999999,6.317499999999998,False,False
10,4.599999999999999,2023-07-06,2023-06-30 10:15:00+05:30,BULLISH,6.649999999999999,6.317499999999998,False,False
11,4.35,2023-07-06,2023-06-30 10:15:00+05:30,BULLISH,6.649999999999999,6.317499999999998,False,False
12,3.8500000000000005,2023-07-06,2023-06-30 10:15:00+05:30,BULLISH,6.649999999999999,6.317499999999998,False,False
13,3.75,2023-07-06,2023-06-30 10:15:00+05:30,BULLISH,6.649999999999999,6.317499999999998,False,False
14,3.6000000000000014,2023-07-06,2023-06-30 10:15:00+05:30,BULLISH,6.649999999999999,6.317499999999998,False,False
15,3.3499999999999996,2023-07-06,2023-06-30 10:15:00+05:30,BULLISH,6.649999999999999,6.317499999999998,False,False
6,8.099999999999998,2023-07-13,2023-07-07 10:15:00+05:30,BULLISH,8.099999999999998,7.694999999999998,True,True
7,7.050000000000001,2023-07-13,2023-07-07 10:15:00+05:30,BULLISH,8.099999999999998,7.694999999999998,False,False
8,6.000000000000002,2023-07-13,2023-07-07 10:15:00+05:30,BULLISH,8.099999999999998,7.694999999999998,False,False
9,5.149999999999999,2023-07-13,2023-07-07 10:15:00+05:30,BULLISH,8.099999999999998,7.694999999999998,False,False
10,4.5,2023-07-13,2023-07-07 10:15:00+05:30,BULLISH,8.099999999999998,7.694999999999998,False,False
11,4.549999999999999,2023-07-13,2023-07-07 10:15:00+05:30,BULLISH,8.099999999999998,7.694999999999998,False,False
12,4.5,2023-07-13,2023-07-07 10:15:00+05:30,BULLISH,8.099999999999998,7.694999999999998,False,False
13,4.05,2023-07-13,2023-07-07 10:15:00+05:30,BULLISH,8.099999999999998,7.694999999999998,False,False
14,3.7,2023-07-13,2023-07-07 10:15:00+05:30,BULLISH,8.099999999999998,7.694999999999998,False,False
15,3.500000000000001,2023-07-13,2023-07-07 10:15:00+05:30,BULLISH,8.099999999999998,7.694999999999998,False,False
6,4.500000000000002,2023-07-20,2023-07-14 10:15:00+05:30,BULLISH,4.500000000000002,4.275000000000001,True,False
7,4.399999999999999,2023-07-20,2023-07-14 10:15:00+05:30,BULLISH,4.500000000000002,4.275000000000001,True,True
8,3.8000000000000016,2023-07-20,2023-07-14 10:15:00+05:30,BULLISH,4.500000000000002,4.275000000000001,False,False
9,3.450000000000001,2023-07-20,2023-07-14 10:15:00+05:30,BULLISH,4.500000000000002,4.275000000000001,False,False
10,3.499999999999999,2023-07-20,2023-07-14 10:15:00+05:30,BULLISH,4.500000000000002,4.275000000000001,False,False
11,2.9499999999999993,2023-07-20,2023-07-14 10:15:00+05:30,BULLISH,4.500000000000002,4.275000000000001,False,False
12,2.75,2023-07-20,2023-07-14 10:15:00+05:30,BULLISH,4.500000000000002,4.275000000000001,False,False
13,2.6500000000000004,2023-07-20,2023-07-14 10:15:00+05:30,BULLISH,4.500000000000002,4.275000000000001,False,False
14,2.4000000000000004,2023-07-20,2023-07-14 10:15:00+05:30,BULLISH,4.500000000000002,4.275000000000001,False,False
15,2.25,2023-07-20,2023-07-14 10:15:00+05:30,BULLISH,4.500000000000002,4.275000000000001,False,False
6,5.649999999999999,2023-08-03,2023-07-28 10:15:00+05:30,BEARISH,5.649999999999999,5.367499999999999,True,True
7,4.0,2023-08-03,2023-07-28 10:15:00+05:30,BEARISH,5.649999999999999,5.367499999999999,False,False
8,3.3499999999999996,2023-08-03,2023-07-28 10:15:00+05:30,BEARISH,5.649999999999999,5.367499999999999,False,False
9,3.5,2023-08-03,2023-07-28 10:15:00+05:30,BEARISH,5.649999999999999,5.367499999999999,False,False
10,3.4499999999999993,2023-08-03,2023-07-28 10:15:00+05:30,BEARISH,5.649999999999999,5.367499999999999,False,False
11,3.3500000000000014,2023-08-03,2023-07-28 10:15:00+05:30,BEARISH,5.649999999999999,5.367499999999999,False,False
12,3.25,2023-08-03,2023-07-28 10:15:00+05:30,BEARISH,5.649999999999999,5.367499999999999,False,False
13,3.049999999999999,2023-08-03,2023-07-28 10:15:00+05:30,BEARISH,5.649999999999999,5.367499999999999,False,False
14,2.8,2023-08-03,2023-07-28 10:15:00+05:30,BEARISH,5.649999999999999,5.367499999999999,False,False
15,2.8000000000000003,2023-08-03,2023-07-28 10:15:00+05:30,BEARISH,5.649999999999999,5.367499999999999,False,False
6,6.0,2023-08-10,2023-08-04 10:15:00+05:30,BULLISH,6.0,5.699999999999999,True,True
7,5.199999999999999,2023-08-10,2023-08-04 10:15:00+05:30,BULLISH,6.0,5.699999999999999,False,False
8,4.75,2023-08-10,2023-08-04 10:15:00+05:30,BULLISH,6.0,5.699999999999999,False,False
9,4.05,2023-08-10,2023-08-04 10:15:00+05:30,BULLISH,6.0,5.699999999999999,False,False
10,3.75,2023-08-10,2023-08-04 10:15:00+05:30,BULLISH,6.0,5.699999999999999,False,False
11,3.5500000000000007,2023-08-10,2023-08-04 10:15:00+05:30,BULLISH,6.0,5.699999999999999,False,False
12,3.3499999999999996,2023-08-10,2023-08-04 10:15:00+05:30,BULLISH,6.0,5.699999999999999,False,False
13,2.8999999999999995,2023-08-10,2023-08-04 10:15:00+05:30,BULLISH,6.0,5.699999999999999,False,False
14,2.7,2023-08-10,2023-08-04 10:15:00+05:30,BULLISH,6.0,5.699999999999999,False,False
15,2.6,2023-08-10,2023-08-04 10:15:00+05:30,BULLISH,6.0,5.699999999999999,False,False
6,7.350000000000001,2023-08-17,2023-08-10 10:15:00+05:30,BULLISH,7.350000000000001,6.982500000000001,True,True
7,6.550000000000001,2023-08-17,2023-08-10 10:15:00+05:30,BULLISH,7.350000000000001,6.982500000000001,False,False
8,5.849999999999998,2023-08-17,2023-08-10 10:15:00+05:30,BULLISH,7.350000000000001,6.982500000000001,False,False
9,5.649999999999999,2023-08-17,2023-08-10 10:15:00+05:30,BULLISH,7.350000000000001,6.982500000000001,False,False
10,5.35,2023-08-17,2023-08-10 10:15:00+05:30,BULLISH,7.350000000000001,6.982500000000001,False,False
11,4.799999999999999,2023-08-17,2023-08-10 10:15:00+05:30,BULLISH,7.350000000000001,6.982500000000001,False,False
12,4.25,2023-08-17,2023-08-10 10:15:00+05:30,BULLISH,7.350000000000001,6.982500000000001,False,False
13,4.1499999999999995,2023-08-17,2023-08-10 10:15:00+05:30,BULLISH,7.350000000000001,6.982500000000001,False,False
14,3.8500000000000005,2023-08-17,2023-08-10 10:15:00+05:30,BULLISH,7.350000000000001,6.982500000000001,False,False
15,3.549999999999999,2023-08-17,2023-08-10 10:15:00+05:30,BULLISH,7.350000000000001,6.982500000000001,False,False
6,4.300000000000001,2023-08-24,2023-08-18 10:15:00+05:30,BULLISH,4.300000000000001,4.085000000000001,True,True
7,4.000000000000002,2023-08-24,2023-08-18 10:15:00+05:30,BULLISH,4.300000000000001,4.085000000000001,False,False
8,3.55,2023-08-24,2023-08-18 10:15:00+05:30,BULLISH,4.300000000000001,4.085000000000001,False,False
9,2.9499999999999993,2023-08-24,2023-08-18 10:15:00+05:30,BULLISH,4.300000000000001,4.085000000000001,False,False
10,2.6500000000000004,2023-08-24,2023-08-18 10:15:00+05:30,BULLISH,4.300000000000001,4.085000000000001,False,False
11,2.3,2023-08-24,2023-08-18 10:15:00+05:30,BULLISH,4.300000000000001,4.085000000000001,False,False
12,2.4000000000000004,2023-08-24,2023-08-18 10:15:00+05:30,BULLISH,4.300000000000001,4.085000000000001,False,False
13,2.4000000000000004,2023-08-24,2023-08-18 10:15:00+05:30,BULLISH,4.300000000000001,4.085000000000001,False,False
14,2.1,2023-08-24,2023-08-18 10:15:00+05:30,BULLISH,4.300000000000001,4.085000000000001,False,False
15,1.9999999999999996,2023-08-24,2023-08-18 10:15:00+05:30,BULLISH,4.300000000000001,4.085000000000001,False,False
6,4.399999999999997,2023-09-07,2023-09-01 10:15:00+05:30,BULLISH,4.399999999999997,4.179999999999997,True,True
7,4.100000000000001,2023-09-07,2023-09-01 10:15:00+05:30,BULLISH,4.399999999999997,4.179999999999997,False,False
8,3.700000000000001,2023-09-07,2023-09-01 10:15:00+05:30,BULLISH,4.399999999999997,4.179999999999997,False,False
9,3.3999999999999995,2023-09-07,2023-09-01 10:15:00+05:30,BULLISH,4.399999999999997,4.179999999999997,False,False
10,3.0500000000000007,2023-09-07,2023-09-01 10:15:00+05:30,BULLISH,4.399999999999997,4.179999999999997,False,False
11,2.9499999999999993,2023-09-07,2023-09-01 10:15:00+05:30,BULLISH,4.399999999999997,4.179999999999997,False,False
12,2.65,2023-09-07,2023-09-01 10:15:00+05:30,BULLISH,4.399999999999997,4.179999999999997,False,False
13,2.1500000000000004,2023-09-07,2023-09-01 10:15:00+05:30,BULLISH,4.399999999999997,4.179999999999997,False,False
14,2.25,2023-09-07,2023-09-01 10:15:00+05:30,BULLISH,4.399999999999997,4.179999999999997,False,False
15,2.2,2023-09-07,2023-09-01 10:15:00+05:30,BULLISH,4.399999999999997,4.179999999999997,False,False
6,5.450000000000003,2023-09-14,2023-09-08 10:15:00+05:30,BULLISH,5.450000000000003,5.177500000000003,True,True
7,5.149999999999999,2023-09-14,2023-09-08 10:15:00+05:30,BULLISH,5.450000000000003,5.177500000000003,False,False
8,4.75,2023-09-14,2023-09-08 10:15:00+05:30,BULLISH,5.450000000000003,5.177500000000003,False,False
9,4.349999999999999,2023-09-14,2023-09-08 10:15:00+05:30,BULLISH,5.450000000000003,5.177500000000003,False,False
10,4.2,2023-09-14,2023-09-08 10:15:00+05:30,BULLISH,5.450000000000003,5.177500000000003,False,False
11,4.050000000000001,2023-09-14,2023-09-08 10:15:00+05:30,BULLISH,5.450000000000003,5.177500000000003,False,False
12,3.4000000000000004,2023-09-14,2023-09-08 10:15:00+05:30,BULLISH,5.450000000000003,5.177500000000003,False,False
13,3.0999999999999996,2023-09-14,2023-09-08 10:15:00+05:30,BULLISH,5.450000000000003,5.177500000000003,False,False
14,2.75,2023-09-14,2023-09-08 10:15:00+05:30,BULLISH,5.450000000000003,5.177500000000003,False,False
15,2.75,2023-09-14,2023-09-08 10:15:00+05:30,BULLISH,5.450000000000003,5.177500000000003,False,False
6,12.699999999999996,2023-09-21,2023-09-14 10:15:00+05:30,BULLISH,12.699999999999996,12.064999999999996,True,True
7,11.949999999999996,2023-09-21,2023-09-14 10:15:00+05:30,BULLISH,12.699999999999996,12.064999999999996,False,False
8,9.900000000000002,2023-09-21,2023-09-14 10:15:00+05:30,BULLISH,12.699999999999996,12.064999999999996,False,False
9,8.65,2023-09-21,2023-09-14 10:15:00+05:30,BULLISH,12.699999999999996,12.064999999999996,False,False
10,7.899999999999999,2023-09-21,2023-09-14 10:15:00+05:30,BULLISH,12.699999999999996,12.064999999999996,False,False
11,7.25,2023-09-21,2023-09-14 10:15:00+05:30,BULLISH,12.699999999999996,12.064999999999996,False,False
12,6.35,2023-09-21,2023-09-14 10:15:00+05:30,BULLISH,12.699999999999996,12.064999999999996,False,False
13,5.4,2023-09-21,2023-09-14 10:15:00+05:30,BULLISH,12.699999999999996,12.064999999999996,False,False
14,5.049999999999999,2023-09-21,2023-09-14 10:15:00+05:30,BULLISH,12.699999999999996,12.064999999999996,False,False
15,4.450000000000001,2023-09-21,2023-09-14 10:15:00+05:30,BULLISH,12.699999999999996,12.064999999999996,False,False
6,12.149999999999999,2023-10-05,2023-09-28 10:15:00+05:30,BULLISH,12.149999999999999,11.542499999999999,True,True
7,9.25,2023-10-05,2023-09-28 10:15:00+05:30,BULLISH,12.149999999999999,11.542499999999999,False,False
8,8.600000000000001,2023-10-05,2023-09-28 10:15:00+05:30,BULLISH,12.149999999999999,11.542499999999999,False,False
9,7.050000000000001,2023-10-05,2023-09-28 10:15:00+05:30,BULLISH,12.149999999999999,11.542499999999999,False,False
10,6.0,2023-10-05,2023-09-28 10:15:00+05:30,BULLISH,12.149999999999999,11.542499999999999,False,False
11,5.200000000000001,2023-10-05,2023-09-28 10:15:00+05:30,BULLISH,12.149999999999999,11.542499999999999,False,False
12,4.75,2023-10-05,2023-09-28 10:15:00+05:30,BULLISH,12.149999999999999,11.542499999999999,False,False
13,5.0,2023-10-05,2023-09-28 10:15:00+05:30,BULLISH,12.149999999999999,11.542499999999999,False,False
14,4.199999999999999,2023-10-05,2023-09-28 10:15:00+05:30,BULLISH,12.149999999999999,11.542499999999999,False,False
15,3.8999999999999986,2023-10-05,2023-09-28 10:15:00+05:30,BULLISH,12.149999999999999,11.542499999999999,False,False
6,4.599999999999998,2023-10-12,2023-10-06 10:15:00+05:30,BULLISH,4.599999999999998,4.369999999999997,True,True
7,4.15,2023-10-12,2023-10-06 10:15:00+05:30,BULLISH,4.599999999999998,4.369999999999997,False,False
8,3.6999999999999993,2023-10-12,2023-10-06 10:15:00+05:30,BULLISH,4.599999999999998,4.369999999999997,False,False
9,3.3999999999999995,2023-10-12,2023-10-06 10:15:00+05:30,BULLISH,4.599999999999998,4.369999999999997,False,False
10,3.2499999999999982,2023-10-12,2023-10-06 10:15:00+05:30,BULLISH,4.599999999999998,4.369999999999997,False,False
11,3.1499999999999995,2023-10-12,2023-10-06 10:15:00+05:30,BULLISH,4.599999999999998,4.369999999999997,False,False
12,2.700000000000001,2023-10-12,2023-10-06 10:15:00+05:30,BULLISH,4.599999999999998,4.369999999999997,False,False
13,2.4999999999999996,2023-10-12,2023-10-06 10:15:00+05:30,BULLISH,4.599999999999998,4.369999999999997,False,False
14,2.249999999999999,2023-10-12,2023-10-06 10:15:00+05:30,BULLISH,4.599999999999998,4.369999999999997,False,False
15,2.0000000000000004,2023-10-12,2023-10-06 10:15:00+05:30,BULLISH,4.599999999999998,4.369999999999997,False,False
6,7.25,2023-10-19,2023-10-13 10:15:00+05:30,BULLISH,7.25,6.887499999999999,True,True
7,6.25,2023-10-19,2023-10-13 10:15:00+05:30,BULLISH,7.25,6.887499999999999,False,False
8,5.35,2023-10-19,2023-10-13 10:15:00+05:30,BULLISH,7.25,6.887499999999999,False,False
9,4.9,2023-10-19,2023-10-13 10:15:00+05:30,BULLISH,7.25,6.887499999999999,False,False
10,4.449999999999999,2023-10-19,2023-10-13 10:15:00+05:30,BULLISH,7.25,6.887499999999999,False,False
11,4.200000000000001,2023-10-19,2023-10-13 10:15:00+05:30,BULLISH,7.25,6.887499999999999,False,False
12,3.75,2023-10-19,2023-10-13 10:15:00+05:30,BULLISH,7.25,6.887499999999999,False,False
13,3.3,2023-10-19,2023-10-13 10:15:00+05:30,BULLISH,7.25,6.887499999999999,False,False
14,2.8999999999999995,2023-10-19,2023-10-13 10:15:00+05:30,BULLISH,7.25,6.887499999999999,False,False
15,2.6999999999999997,2023-10-19,2023-10-13 10:15:00+05:30,BULLISH,7.25,6.887499999999999,False,False
6,13.799999999999997,2023-11-02,2023-10-27 10:15:00+05:30,BULLISH,13.799999999999997,13.109999999999996,True,True
7,11.700000000000003,2023-11-02,2023-10-27 10:15:00+05:30,BULLISH,13.799999999999997,13.109999999999996,False,False
8,9.950000000000003,2023-11-02,2023-10-27 10:15:00+05:30,BULLISH,13.799999999999997,13.109999999999996,False,False
9,8.55,2023-11-02,2023-10-27 10:15:00+05:30,BULLISH,13.799999999999997,13.109999999999996,False,False
10,7.099999999999998,2023-11-02,2023-10-27 10:15:00+05:30,BULLISH,13.799999999999997,13.109999999999996,False,False
11,6.349999999999998,2023-11-02,2023-10-27 10:15:00+05:30,BULLISH,13.799999999999997,13.109999999999996,False,False
12,5.450000000000001,2023-11-02,2023-10-27 10:15:00+05:30,BULLISH,13.799999999999997,13.109999999999996,False,False
13,5.049999999999999,2023-11-02,2023-10-27 10:15:00+05:30,BULLISH,13.799999999999997,13.109999999999996,False,False
14,4.449999999999999,2023-11-02,2023-10-27 10:15:00+05:30,BULLISH,13.799999999999997,13.109999999999996,False,False
15,4.0,2023-11-02,2023-10-27 10:15:00+05:30,BULLISH,13.799999999999997,13.109999999999996,False,False
6,5.900000000000002,2023-11-09,2023-11-03 10:15:00+05:30,BULLISH,5.900000000000002,5.605000000000002,True,True
7,5.100000000000001,2023-11-09,2023-11-03 10:15:00+05:30,BULLISH,5.900000000000002,5.605000000000002,False,False
8,4.6,2023-11-09,2023-11-03 10:15:00+05:30,BULLISH,5.900000000000002,5.605000000000002,False,False
9,4.35,2023-11-09,2023-11-03 10:15:00+05:30,BULLISH,5.900000000000002,5.605000000000002,False,False
10,3.7500000000000018,2023-11-09,2023-11-03 10:15:00+05:30,BULLISH,5.900000000000002,5.605000000000002,False,False
11,3.450000000000001,2023-11-09,2023-11-03 10:15:00+05:30,BULLISH,5.900000000000002,5.605000000000002,False,False
12,3.05,2023-11-09,2023-11-03 10:15:00+05:30,BULLISH,5.900000000000002,5.605000000000002,False,False
13,2.6999999999999993,2023-11-09,2023-11-03 10:15:00+05:30,BULLISH,5.900000000000002,5.605000000000002,False,False
14,2.6,2023-11-09,2023-11-03 10:15:00+05:30,BULLISH,5.900000000000002,5.605000000000002,False,False
15,2.45,2023-11-09,2023-11-03 10:15:00+05:30,BULLISH,5.900000000000002,5.605000000000002,False,False
6,3.0,2023-11-16,2023-11-10 10:15:00+05:30,BULLISH,3.0,2.8499999999999996,True,True
7,2.499999999999999,2023-11-16,2023-11-10 10:15:00+05:30,BULLISH,3.0,2.8499999999999996,False,False
8,2.5,2023-11-16,2023-11-10 10:15:00+05:30,BULLISH,3.0,2.8499999999999996,False,False
9,2.3000000000000007,2023-11-16,2023-11-10 10:15:00+05:30,BULLISH,3.0,2.8499999999999996,False,False
10,2.1500000000000004,2023-11-16,2023-11-10 10:15:00+05:30,BULLISH,3.0,2.8499999999999996,False,False
11,2.0500000000000003,2023-11-16,2023-11-10 10:15:00+05:30,BULLISH,3.0,2.8499999999999996,False,False
12,1.9000000000000004,2023-11-16,2023-11-10 10:15:00+05:30,BULLISH,3.0,2.8499999999999996,False,False
13,1.7999999999999998,2023-11-16,2023-11-10 10:15:00+05:30,BULLISH,3.0,2.8499999999999996,False,False
14,1.7499999999999996,2023-11-16,2023-11-10 10:15:00+05:30,BULLISH,3.0,2.8499999999999996,False,False
15,1.6500000000000004,2023-11-16,2023-11-10 10:15:00+05:30,BULLISH,3.0,2.8499999999999996,False,False
6,6.85,2023-11-23,2023-11-17 10:15:00+05:30,BULLISH,6.85,6.507499999999999,True,True
7,5.85,2023-11-23,2023-11-17 10:15:00+05:30,BULLISH,6.85,6.507499999999999,False,False
8,5.25,2023-11-23,2023-11-17 10:15:00+05:30,BULLISH,6.85,6.507499999999999,False,False
9,4.800000000000001,2023-11-23,2023-11-17 10:15:00+05:30,BULLISH,6.85,6.507499999999999,False,False
10,4.5,2023-11-23,2023-11-17 10:15:00+05:30,BULLISH,6.85,6.507499999999999,False,False
11,3.9499999999999993,2023-11-23,2023-11-17 10:15:00+05:30,BULLISH,6.85,6.507499999999999,False,False
12,3.5999999999999996,2023-11-23,2023-11-17 10:15:00+05:30,BULLISH,6.85,6.507499999999999,False,False
13,3.25,2023-11-23,2023-11-17 10:15:00+05:30,BULLISH,6.85,6.507499999999999,False,False
14,3.05,2023-11-23,2023-11-17 10:15:00+05:30,BULLISH,6.85,6.507499999999999,False,False
15,2.8,2023-11-23,2023-11-17 10:15:00+05:30,BULLISH,6.85,6.507499999999999,False,False
6,14.900000000000002,2023-12-07,2023-12-01 10:15:00+05:30,BULLISH,14.900000000000002,14.155000000000001,True,True
7,12.249999999999996,2023-12-07,2023-12-01 10:15:00+05:30,BULLISH,14.900000000000002,14.155000000000001,False,False
8,10.649999999999999,2023-12-07,2023-12-01 10:15:00+05:30,BULLISH,14.900000000000002,14.155000000000001,False,False
9,9.0,2023-12-07,2023-12-01 10:15:00+05:30,BULLISH,14.900000000000002,14.155000000000001,False,False
10,8.150000000000002,2023-12-07,2023-12-01 10:15:00+05:30,BULLISH,14.900000000000002,14.155000000000001,False,False
11,7.349999999999998,2023-12-07,2023-12-01 10:15:00+05:30,BULLISH,14.900000000000002,14.155000000000001,False,False
12,6.449999999999999,2023-12-07,2023-12-01 10:15:00+05:30,BULLISH,14.900000000000002,14.155000000000001,False,False
13,6.050000000000001,2023-12-07,2023-12-01 10:15:00+05:30,BULLISH,14.900000000000002,14.155000000000001,False,False
14,5.25,2023-12-07,2023-12-01 10:15:00+05:30,BULLISH,14.900000000000002,14.155000000000001,False,False
15,4.699999999999999,2023-12-07,2023-12-01 10:15:00+05:30,BULLISH,14.900000000000002,14.155000000000001,False,False
6,9.25,2023-12-14,2023-12-08 10:15:00+05:30,BEARISH,9.25,8.7875,True,True
7,7.300000000000001,2023-12-14,2023-12-08 10:15:00+05:30,BEARISH,9.25,8.7875,False,False
8,5.850000000000001,2023-12-14,2023-12-08 10:15:00+05:30,BEARISH,9.25,8.7875,False,False
9,4.800000000000001,2023-12-14,2023-12-08 10:15:00+05:30,BEARISH,9.25,8.7875,False,False
10,3.549999999999999,2023-12-14,2023-12-08 10:15:00+05:30,BEARISH,9.25,8.7875,False,False
11,3.200000000000001,2023-12-14,2023-12-08 10:15:00+05:30,BEARISH,9.25,8.7875,False,False
12,2.700000000000001,2023-12-14,2023-12-08 10:15:00+05:30,BEARISH,9.25,8.7875,False,False
13,2.3999999999999995,2023-12-14,2023-12-08 10:15:00+05:30,BEARISH,9.25,8.7875,False,False
14,2.15,2023-12-14,2023-12-08 10:15:00+05:30,BEARISH,9.25,8.7875,False,False
15,2.0,2023-12-14,2023-12-08 10:15:00+05:30,BEARISH,9.25,8.7875,False,False
6,12.600000000000005,2023-12-21,2023-12-15 10:15:00+05:30,BULLISH,12.600000000000005,11.970000000000004,True,True
7,10.55,2023-12-21,2023-12-15 10:15:00+05:30,BULLISH,12.600000000000005,11.970000000000004,False,False
8,9.45,2023-12-21,2023-12-15 10:15:00+05:30,BULLISH,12.600000000000005,11.970000000000004,False,False
9,8.5,2023-12-21,2023-12-15 10:15:00+05:30,BULLISH,12.600000000000005,11.970000000000004,False,False
10,7.7499999999999964,2023-12-21,2023-12-15 10:15:00+05:30,BULLISH,12.600000000000005,11.970000000000004,False,False
11,7.199999999999999,2023-12-21,2023-12-15 10:15:00+05:30,BULLISH,12.600000000000005,11.970000000000004,False,False
12,6.950000000000001,2023-12-21,2023-12-15 10:15:00+05:30,BULLISH,12.600000000000005,11.970000000000004,False,False
13,6.1,2023-12-21,2023-12-15 10:15:00+05:30,BULLISH,12.600000000000005,11.970000000000004,False,False
14,5.300000000000001,2023-12-21,2023-12-15 10:15:00+05:30,BULLISH,12.600000000000005,11.970000000000004,False,False
15,4.950000000000001,2023-12-21,2023-12-15 10:15:00+05:30,BULLISH,12.600000000000005,11.970000000000004,False,False
6,23.250000000000014,2024-01-04,2023-12-29 10:15:00+05:30,BULLISH,23.250000000000014,22.087500000000013,True,True
7,18.950000000000003,2024-01-04,2023-12-29 10:15:00+05:30,BULLISH,23.250000000000014,22.087500000000013,False,False
8,15.25,2024-01-04,2023-12-29 10:15:00+05:30,BULLISH,23.250000000000014,22.087500000000013,False,False
9,12.399999999999999,2024-01-04,2023-12-29 10:15:00+05:30,BULLISH,23.250000000000014,22.087500000000013,False,False
10,10.499999999999996,2024-01-04,2023-12-29 10:15:00+05:30,BULLISH,23.250000000000014,22.087500000000013,False,False
11,8.950000000000003,2024-01-04,2023-12-29 10:15:00+05:30,BULLISH,23.250000000000014,22.087500000000013,False,False
12,7.350000000000001,2024-01-04,2023-12-29 10:15:00+05:30,BULLISH,23.250000000000014,22.087500000000013,False,False
13,6.3000000000000025,2024-01-04,2023-12-29 10:15:00+05:30,BULLISH,23.250000000000014,22.087500000000013,False,False
14,5.4,2024-01-04,2023-12-29 10:15:00+05:30,BULLISH,23.250000000000014,22.087500000000013,False,False
15,4.549999999999999,2024-01-04,2023-12-29 10:15:00+05:30,BULLISH,23.250000000000014,22.087500000000013,False,False
6,10.150000000000006,2024-01-11,2024-01-05 10:15:00+05:30,BULLISH,10.150000000000006,9.642500000000005,True,True
7,8.399999999999999,2024-01-11,2024-01-05 10:15:00+05:30,BULLISH,10.150000000000006,9.642500000000005,False,False
8,6.699999999999999,2024-01-11,2024-01-05 10:15:00+05:30,BULLISH,10.150000000000006,9.642500000000005,False,False
9,5.600000000000001,2024-01-11,2024-01-05 10:15:00+05:30,BULLISH,10.150000000000006,9.642500000000005,False,False
10,4.75,2024-01-11,2024-01-05 10:15:00+05:30,BULLISH,10.150000000000006,9.642500000000005,False,False
11,4.399999999999999,2024-01-11,2024-01-05 10:15:00+05:30,BULLISH,10.150000000000006,9.642500000000005,False,False
12,4.1499999999999995,2024-01-11,2024-01-05 10:15:00+05:30,BULLISH,10.150000000000006,9.642500000000005,False,False
13,3.700000000000001,2024-01-11,2024-01-05 10:15:00+05:30,BULLISH,10.150000000000006,9.642500000000005,False,False
14,3.200000000000001,2024-01-11,2024-01-05 10:15:00+05:30,BULLISH,10.150000000000006,9.642500000000005,False,False
15,2.75,2024-01-11,2024-01-05 10:15:00+05:30,BULLISH,10.150000000000006,9.642500000000005,False,False
6,19.450000000000003,2024-01-18,2024-01-12 10:15:00+05:30,BULLISH,19.450000000000003,18.477500000000003,True,True
7,16.1,2024-01-18,2024-01-12 10:15:00+05:30,BULLISH,19.450000000000003,18.477500000000003,False,False
8,13.400000000000006,2024-01-18,2024-01-12 10:15:00+05:30,BULLISH,19.450000000000003,18.477500000000003,False,False
9,11.149999999999999,2024-01-18,2024-01-12 10:15:00+05:30,BULLISH,19.450000000000003,18.477500000000003,False,False
10,9.749999999999996,2024-01-18,2024-01-12 10:15:00+05:30,BULLISH,19.450000000000003,18.477500000000003,False,False
11,8.349999999999998,2024-01-18,2024-01-12 10:15:00+05:30,BULLISH,19.450000000000003,18.477500000000003,False,False
12,7.299999999999999,2024-01-18,2024-01-12 10:15:00+05:30,BULLISH,19.450000000000003,18.477500000000003,False,False
13,6.449999999999999,2024-01-18,2024-01-12 10:15:00+05:30,BULLISH,19.450000000000003,18.477500000000003,False,False
14,5.850000000000001,2024-01-18,2024-01-12 10:15:00+05:30,BULLISH,19.450000000000003,18.477500000000003,False,False
15,5.3500000000000005,2024-01-18,2024-01-12 10:15:00+05:30,BULLISH,19.450000000000003,18.477500000000003,False,False
6,61.94999999999999,2024-02-01,2024-01-25 10:15:00+05:30,BEARISH,61.94999999999999,58.852499999999985,True,True
7,51.94999999999999,2024-02-01,2024-01-25 10:15:00+05:30,BEARISH,61.94999999999999,58.852499999999985,False,False
8,42.05,2024-02-01,2024-01-25 10:15:00+05:30,BEARISH,61.94999999999999,58.852499999999985,False,False
9,35.0,2024-02-01,2024-01-25 10:15:00+05:30,BEARISH,61.94999999999999,58.852499999999985,False,False
10,28.75,2024-02-01,2024-01-25 10:15:00+05:30,BEARISH,61.94999999999999,58.852499999999985,False,False
11,23.599999999999994,2024-02-01,2024-01-25 10:15:00+05:30,BEARISH,61.94999999999999,58.852499999999985,False,False
12,19.5,2024-02-01,2024-01-25 10:15:00+05:30,BEARISH,61.94999999999999,58.852499999999985,False,False
13,16.150000000000002,2024-02-01,2024-01-25 10:15:00+05:30,BEARISH,61.94999999999999,58.852499999999985,False,False
14,13.349999999999994,2024-02-01,2024-01-25 10:15:00+05:30,BEARISH,61.94999999999999,58.852499999999985,False,False
15,10.149999999999999,2024-02-01,2024-01-25 10:15:00+05:30,BEARISH,61.94999999999999,58.852499999999985,False,False
6,26.64999999999999,2024-02-08,2024-02-02 10:15:00+05:30,BULLISH,26.64999999999999,25.317499999999992,True,True
7,22.750000000000007,2024-02-08,2024-02-02 10:15:00+05:30,BULLISH,26.64999999999999,25.317499999999992,False,False
8,19.14999999999999,2024-02-08,2024-02-02 10:15:00+05:30,BULLISH,26.64999999999999,25.317499999999992,False,False
9,16.649999999999995,2024-02-08,2024-02-02 10:15:00+05:30,BULLISH,26.64999999999999,25.317499999999992,False,False
10,14.300000000000004,2024-02-08,2024-02-02 10:15:00+05:30,BULLISH,26.64999999999999,25.317499999999992,False,False
11,12.650000000000002,2024-02-08,2024-02-02 10:15:00+05:30,BULLISH,26.64999999999999,25.317499999999992,False,False
12,11.049999999999997,2024-02-08,2024-02-02 10:15:00+05:30,BULLISH,26.64999999999999,25.317499999999992,False,False
13,9.65,2024-02-08,2024-02-02 10:15:00+05:30,BULLISH,26.64999999999999,25.317499999999992,False,False
14,8.650000000000002,2024-02-08,2024-02-02 10:15:00+05:30,BULLISH,26.64999999999999,25.317499999999992,False,False
15,7.599999999999998,2024-02-08,2024-02-02 10:15:00+05:30,BULLISH,26.64999999999999,25.317499999999992,False,False
6,40.599999999999994,2024-02-15,2024-02-09 10:15:00+05:30,BULLISH,40.599999999999994,38.56999999999999,True,True
7,33.99999999999999,2024-02-15,2024-02-09 10:15:00+05:30,BULLISH,40.599999999999994,38.56999999999999,False,False
8,28.900000000000013,2024-02-15,2024-02-09 10:15:00+05:30,BULLISH,40.599999999999994,38.56999999999999,False,False
9,24.450000000000003,2024-02-15,2024-02-09 10:15:00+05:30,BULLISH,40.599999999999994,38.56999999999999,False,False
10,20.699999999999996,2024-02-15,2024-02-09 10:15:00+05:30,BULLISH,40.599999999999994,38.56999999999999,False,False
11,17.2,2024-02-15,2024-02-09 10:15:00+05:30,BULLISH,40.599999999999994,38.56999999999999,False,False
12,14.399999999999999,2024-02-15,2024-02-09 10:15:00+05:30,BULLISH,40.599999999999994,38.56999999999999,False,False
13,12.5,2024-02-15,2024-02-09 10:15:00+05:30,BULLISH,40.599999999999994,38.56999999999999,False,False
14,10.25,2024-02-15,2024-02-09 10:15:00+05:30,BULLISH,40.599999999999994,38.56999999999999,False,False
15,8.4,2024-02-15,2024-02-09 10:15:00+05:30,BULLISH,40.599999999999994,38.56999999999999,False,False
6,31.950000000000003,2024-02-22,2024-02-16 10:15:00+05:30,BULLISH,31.950000000000003,30.352500000000003,True,True
7,26.6,2024-02-22,2024-02-16 10:15:00+05:30,BULLISH,31.950000000000003,30.352500000000003,False,False
8,22.35,2024-02-22,2024-02-16 10:15:00+05:30,BULLISH,31.950000000000003,30.352500000000003,False,False
9,18.5,2024-02-22,2024-02-16 10:15:00+05:30,BULLISH,31.950000000000003,30.352500000000003,False,False
10,15.600000000000001,2024-02-22,2024-02-16 10:15:00+05:30,BULLISH,31.950000000000003,30.352500000000003,False,False
11,13.399999999999999,2024-02-22,2024-02-16 10:15:00+05:30,BULLISH,31.950000000000003,30.352500000000003,False,False
12,11.45,2024-02-22,2024-02-16 10:15:00+05:30,BULLISH,31.950000000000003,30.352500000000003,False,False
13,9.649999999999999,2024-02-22,2024-02-16 10:15:00+05:30,BULLISH,31.950000000000003,30.352500000000003,False,False
14,8.450000000000003,2024-02-22,2024-02-16 10:15:00+05:30,BULLISH,31.950000000000003,30.352500000000003,False,False
15,7.200000000000001,2024-02-22,2024-02-16 10:15:00+05:30,BULLISH,31.950000000000003,30.352500000000003,False,False
6,23.349999999999994,2024-03-14,2024-03-07 10:15:00+05:30,BULLISH,23.349999999999994,22.182499999999994,True,True
7,18.0,2024-03-14,2024-03-07 10:15:00+05:30,BULLISH,23.349999999999994,22.182499999999994,False,False
8,14.849999999999998,2024-03-14,2024-03-07 10:15:00+05:30,BULLISH,23.349999999999994,22.182499999999994,False,False
9,12.149999999999995,2024-03-14,2024-03-07 10:15:00+05:30,BULLISH,23.349999999999994,22.182499999999994,False,False
10,9.599999999999998,2024-03-14,2024-03-07 10:15:00+05:30,BULLISH,23.349999999999994,22.182499999999994,False,False
11,8.450000000000003,2024-03-14,2024-03-07 10:15:00+05:30,BULLISH,23.349999999999994,22.182499999999994,False,False
12,7.049999999999999,2024-03-14,2024-03-07 10:15:00+05:30,BULLISH,23.349999999999994,22.182499999999994,False,False
13,5.25,2024-03-14,2024-03-07 10:15:00+05:30,BULLISH,23.349999999999994,22.182499999999994,False,False
14,4.550000000000001,2024-03-14,2024-03-07 10:15:00+05:30,BULLISH,23.349999999999994,22.182499999999994,False,False
15,4.249999999999999,2024-03-14,2024-03-07 10:15:00+05:30,BULLISH,23.349999999999994,22.182499999999994,False,False
6,29.35,2024-03-21,2024-03-15 10:15:00+05:30,BULLISH,29.35,27.8825,True,True
7,24.299999999999997,2024-03-21,2024-03-15 10:15:00+05:30,BULLISH,29.35,27.8825,False,False
8,20.150000000000006,2024-03-21,2024-03-15 10:15:00+05:30,BULLISH,29.35,27.8825,False,False
9,16.650000000000002,2024-03-21,2024-03-15 10:15:00+05:30,BULLISH,29.35,27.8825,False,False
10,13.25,2024-03-21,2024-03-15 10:15:00+05:30,BULLISH,29.35,27.8825,False,False
11,11.350000000000001,2024-03-21,2024-03-15 10:15:00+05:30,BULLISH,29.35,27.8825,False,False
12,9.400000000000002,2024-03-21,2024-03-15 10:15:00+05:30,BULLISH,29.35,27.8825,False,False
13,7.649999999999999,2024-03-21,2024-03-15 10:15:00+05:30,BULLISH,29.35,27.8825,False,False
14,6.25,2024-03-21,2024-03-15 10:15:00+05:30,BULLISH,29.35,27.8825,False,False
15,5.500000000000002,2024-03-21,2024-03-15 10:15:00+05:30,BULLISH,29.35,27.8825,False,False
6,18.25,2024-04-04,2024-03-28 10:15:00+05:30,BULLISH,18.25,17.3375,True,True
7,14.699999999999996,2024-04-04,2024-03-28 10:15:00+05:30,BULLISH,18.25,17.3375,False,False
8,11.75,2024-04-04,2024-03-28 10:15:00+05:30,BULLISH,18.25,17.3375,False,False
9,9.350000000000001,2024-04-04,2024-03-28 10:15:00+05:30,BULLISH,18.25,17.3375,False,False
10,7.5,2024-04-04,2024-03-28 10:15:00+05:30,BULLISH,18.25,17.3375,False,False
11,6.149999999999999,2024-04-04,2024-03-28 10:15:00+05:30,BULLISH,18.25,17.3375,False,False
12,5.25,2024-04-04,2024-03-28 10:15:00+05:30,BULLISH,18.25,17.3375,False,False
13,5.65,2024-04-04,2024-03-28 10:15:00+05:30,BULLISH,18.25,17.3375,False,False
14,4.500000000000002,2024-04-04,2024-03-28 10:15:00+05:30,BULLISH,18.25,17.3375,False,False
15,3.8500000000000005,2024-04-04,2024-03-28 10:15:00+05:30,BULLISH,18.25,17.3375,False,False
6,15.600000000000001,2024-04-10,2024-04-04 10:15:00+05:30,BULLISH,15.600000000000001,14.82,True,True
7,12.600000000000001,2024-04-10,2024-04-04 10:15:00+05:30,BULLISH,15.600000000000001,14.82,False,False
8,10.049999999999997,2024-04-10,2024-04-04 10:15:00+05:30,BULLISH,15.600000000000001,14.82,False,False
9,7.649999999999999,2024-04-10,2024-04-04 10:15:00+05:30,BULLISH,15.600000000000001,14.82,False,False
10,5.549999999999999,2024-04-10,2024-04-04 10:15:00+05:30,BULLISH,15.600000000000001,14.82,False,False
11,5.25,2024-04-10,2024-04-04 10:15:00+05:30,BULLISH,15.600000000000001,14.82,False,False
12,4.0,2024-04-10,2024-04-04 10:15:00+05:30,BULLISH,15.600000000000001,14.82,False,False
13,3.8500000000000005,2024-04-10,2024-04-04 10:15:00+05:30,BULLISH,15.600000000000001,14.82,False,False
14,3.6999999999999993,2024-04-10,2024-04-04 10:15:00+05:30,BULLISH,15.600000000000001,14.82,False,False
15,3.0,2024-04-10,2024-04-04 10:15:00+05:30,BULLISH,15.600000000000001,14.82,False,False
6,19.049999999999997,2024-04-18,2024-04-10 10:15:00+05:30,BULLISH,19.049999999999997,18.097499999999997,True,True
7,15.250000000000004,2024-04-18,2024-04-10 10:15:00+05:30,BULLISH,19.049999999999997,18.097499999999997,False,False
8,12.0,2024-04-18,2024-04-10 10:15:00+05:30,BULLISH,19.049999999999997,18.097499999999997,False,False
9,9.799999999999997,2024-04-18,2024-04-10 10:15:00+05:30,BULLISH,19.049999999999997,18.097499999999997,False,False
10,7.899999999999999,2024-04-18,2024-04-10 10:15:00+05:30,BULLISH,19.049999999999997,18.097499999999997,False,False
11,6.950000000000001,2024-04-18,2024-04-10 10:15:00+05:30,BULLISH,19.049999999999997,18.097499999999997,False,False
12,7.0,2024-04-18,2024-04-10 10:15:00+05:30,BULLISH,19.049999999999997,18.097499999999997,False,False
13,5.700000000000001,2024-04-18,2024-04-10 10:15:00+05:30,BULLISH,19.049999999999997,18.097499999999997,False,False
14,4.299999999999999,2024-04-18,2024-04-10 10:15:00+05:30,BULLISH,19.049999999999997,18.097499999999997,False,False
15,4.1,2024-04-18,2024-04-10 10:15:00+05:30,BULLISH,19.049999999999997,18.097499999999997,False,False
6,21.4,2024-05-02,2024-04-25 10:15:00+05:30,BULLISH,21.4,20.33,True,True
7,18.15,2024-05-02,2024-04-25 10:15:00+05:30,BULLISH,21.4,20.33,False,False
8,15.399999999999999,2024-05-02,2024-04-25 10:15:00+05:30,BULLISH,21.4,20.33,False,False
9,12.100000000000001,2024-05-02,2024-04-25 10:15:00+05:30,BULLISH,21.4,20.33,False,False
10,10.600000000000001,2024-05-02,2024-04-25 10:15:00+05:30,BULLISH,21.4,20.33,False,False
11,9.0,2024-05-02,2024-04-25 10:15:00+05:30,BULLISH,21.4,20.33,False,False
12,7.700000000000001,2024-05-02,2024-04-25 10:15:00+05:30,BULLISH,21.4,20.33,False,False
13,6.5500000000000025,2024-05-02,2024-04-25 10:15:00+05:30,BULLISH,21.4,20.33,False,False
14,5.700000000000001,2024-05-02,2024-04-25 10:15:00+05:30,BULLISH,21.4,20.33,False,False
15,5.75,2024-05-02,2024-04-25 10:15:00+05:30,BULLISH,21.4,20.33,False,False
6,19.85,2024-05-09,2024-05-03 10:15:00+05:30,BULLISH,19.85,18.8575,True,True
7,16.450000000000003,2024-05-09,2024-05-03 10:15:00+05:30,BULLISH,19.85,18.8575,False,False
8,13.399999999999999,2024-05-09,2024-05-03 10:15:00+05:30,BULLISH,19.85,18.8575,False,False
9,11.000000000000004,2024-05-09,2024-05-03 10:15:00+05:30,BULLISH,19.85,18.8575,False,False
10,8.95,2024-05-09,2024-05-03 10:15:00+05:30,BULLISH,19.85,18.8575,False,False
11,7.700000000000003,2024-05-09,2024-05-03 10:15:00+05:30,BULLISH,19.85,18.8575,False,False
12,6.499999999999998,2024-05-09,2024-05-03 10:15:00+05:30,BULLISH,19.85,18.8575,False,False
13,5.549999999999999,2024-05-09,2024-05-03 10:15:00+05:30,BULLISH,19.85,18.8575,False,False
14,4.800000000000001,2024-05-09,2024-05-03 10:15:00+05:30,BULLISH,19.85,18.8575,False,False
15,4.300000000000001,2024-05-09,2024-05-03 10:15:00+05:30,BULLISH,19.85,18.8575,False,False
6,26.800000000000004,2024-05-16,2024-05-10 10:15:00+05:30,BULLISH,26.800000000000004,25.460000000000004,True,True
7,22.700000000000003,2024-05-16,2024-05-10 10:15:00+05:30,BULLISH,26.800000000000004,25.460000000000004,False,False
8,19.250000000000007,2024-05-16,2024-05-10 10:15:00+05:30,BULLISH,26.800000000000004,25.460000000000004,False,False
9,16.05,2024-05-16,2024-05-10 10:15:00+05:30,BULLISH,26.800000000000004,25.460000000000004,False,False
10,14.100000000000001,2024-05-16,2024-05-10 10:15:00+05:30,BULLISH,26.800000000000004,25.460000000000004,False,False
11,12.0,2024-05-16,2024-05-10 10:15:00+05:30,BULLISH,26.800000000000004,25.460000000000004,False,False
12,9.900000000000002,2024-05-16,2024-05-10 10:15:00+05:30,BULLISH,26.800000000000004,25.460000000000004,False,False
13,8.849999999999998,2024-05-16,2024-05-10 10:15:00+05:30,BULLISH,26.800000000000004,25.460000000000004,False,False
14,7.7499999999999964,2024-05-16,2024-05-10 10:15:00+05:30,BULLISH,26.800000000000004,25.460000000000004,False,False
15,6.500000000000002,2024-05-16,2024-05-10 10:15:00+05:30,BULLISH,26.800000000000004,25.460000000000004,False,False
6,26.549999999999997,2024-05-23,2024-05-17 10:15:00+05:30,BULLISH,26.549999999999997,25.222499999999997,True,True
7,22.200000000000003,2024-05-23,2024-05-17 10:15:00+05:30,BULLISH,26.549999999999997,25.222499999999997,False,False
8,18.700000000000003,2024-05-23,2024-05-17 10:15:00+05:30,BULLISH,26.549999999999997,25.222499999999997,False,False
9,15.249999999999996,2024-05-23,2024-05-17 10:15:00+05:30,BULLISH,26.549999999999997,25.222499999999997,False,False
10,12.799999999999997,2024-05-23,2024-05-17 10:15:00+05:30,BULLISH,26.549999999999997,25.222499999999997,False,False
11,11.400000000000002,2024-05-23,2024-05-17 10:15:00+05:30,BULLISH,26.549999999999997,25.222499999999997,False,False
12,9.500000000000004,2024-05-23,2024-05-17 10:15:00+05:30,BULLISH,26.549999999999997,25.222499999999997,False,False
13,8.550000000000002,2024-05-23,2024-05-17 10:15:00+05:30,BULLISH,26.549999999999997,25.222499999999997,False,False
14,7.449999999999999,2024-05-23,2024-05-17 10:15:00+05:30,BULLISH,26.549999999999997,25.222499999999997,False,False
15,6.549999999999999,2024-05-23,2024-05-17 10:15:00+05:30,BULLISH,26.549999999999997,25.222499999999997,False,False
6,76.1,2024-06-13,2024-06-07 10:15:00+05:30,BULLISH,76.1,72.29499999999999,True,True
7,67.85000000000001,2024-06-13,2024-06-07 10:15:00+05:30,BULLISH,76.1,72.29499999999999,False,False
8,59.150000000000006,2024-06-13,2024-06-07 10:15:00+05:30,BULLISH,76.1,72.29499999999999,False,False
9,52.349999999999994,2024-06-13,2024-06-07 10:15:00+05:30,BULLISH,76.1,72.29499999999999,False,False
10,47.3,2024-06-13,2024-06-07 10:15:00+05:30,BULLISH,76.1,72.29499999999999,False,False
11,42.35000000000001,2024-06-13,2024-06-07 10:15:00+05:30,BULLISH,76.1,72.29499999999999,False,False
12,37.900000000000006,2024-06-13,2024-06-07 10:15:00+05:30,BULLISH,76.1,72.29499999999999,False,False
13,33.35,2024-06-13,2024-06-07 10:15:00+05:30,BULLISH,76.1,72.29499999999999,False,False
14,29.999999999999993,2024-06-13,2024-06-07 10:15:00+05:30,BULLISH,76.1,72.29499999999999,False,False
15,27.199999999999996,2024-06-13,2024-06-07 10:15:00+05:30,BULLISH,76.1,72.29499999999999,False,False
6,30.500000000000007,2024-06-20,2024-06-13 10:15:00+05:30,BULLISH,30.500000000000007,28.975000000000005,True,True
7,26.750000000000014,2024-06-20,2024-06-13 10:15:00+05:30,BULLISH,30.500000000000007,28.975000000000005,False,False
8,20.450000000000003,2024-06-20,2024-06-13 10:15:00+05:30,BULLISH,30.500000000000007,28.975000000000005,False,False
9,17.099999999999994,2024-06-20,2024-06-13 10:15:00+05:30,BULLISH,30.500000000000007,28.975000000000005,False,False
10,15.299999999999997,2024-06-20,2024-06-13 10:15:00+05:30,BULLISH,30.500000000000007,28.975000000000005,False,False
11,12.150000000000002,2024-06-20,2024-06-13 10:15:00+05:30,BULLISH,30.500000000000007,28.975000000000005,False,False
12,9.95,2024-06-20,2024-06-13 10:15:00+05:30,BULLISH,30.500000000000007,28.975000000000005,False,False
13,8.950000000000001,2024-06-20,2024-06-13 10:15:00+05:30,BULLISH,30.500000000000007,28.975000000000005,False,False
14,7.199999999999999,2024-06-20,2024-06-13 10:15:00+05:30,BULLISH,30.500000000000007,28.975000000000005,False,False
15,5.9,2024-06-20,2024-06-13 10:15:00+05:30,BULLISH,30.500000000000007,28.975000000000005,False,False
6,39.0,2024-07-04,2024-06-28 10:15:00+05:30,BULLISH,39.0,37.05,True,True
7,33.599999999999994,2024-07-04,2024-06-28 10:15:00+05:30,BULLISH,39.0,37.05,False,False
8,28.599999999999994,2024-07-04,2024-06-28 10:15:00+05:30,BULLISH,39.0,37.05,False,False
9,24.499999999999993,2024-07-04,2024-06-28 10:15:00+05:30,BULLISH,39.0,37.05,False,False
10,21.150000000000006,2024-07-04,2024-06-28 10:15:00+05:30,BULLISH,39.0,37.05,False,False
11,18.449999999999996,2024-07-04,2024-06-28 10:15:00+05:30,BULLISH,39.0,37.05,False,False
12,15.95,2024-07-04,2024-06-28 10:15:00+05:30,BULLISH,39.0,37.05,False,False
13,13.700000000000003,2024-07-04,2024-06-28 10:15:00+05:30,BULLISH,39.0,37.05,False,False
14,12.25,2024-07-04,2024-06-28 10:15:00+05:30,BULLISH,39.0,37.05,False,False
15,10.750000000000004,2024-07-04,2024-06-28 10:15:00+05:30,BULLISH,39.0,37.05,False,False
6,14.850000000000001,2024-07-11,2024-07-05 10:15:00+05:30,BULLISH,14.850000000000001,14.1075,True,True
7,11.849999999999998,2024-07-11,2024-07-05 10:15:00+05:30,BULLISH,14.850000000000001,14.1075,False,False
8,9.849999999999998,2024-07-11,2024-07-05 10:15:00+05:30,BULLISH,14.850000000000001,14.1075,False,False
9,7.800000000000001,2024-07-11,2024-07-05 10:15:00+05:30,BULLISH,14.850000000000001,14.1075,False,False
10,6.750000000000002,2024-07-11,2024-07-05 10:15:00+05:30,BULLISH,14.850000000000001,14.1075,False,False
11,5.899999999999997,2024-07-11,2024-07-05 10:15:00+05:30,BULLISH,14.850000000000001,14.1075,False,False
12,5.050000000000001,2024-07-11,2024-07-05 10:15:00+05:30,BULLISH,14.850000000000001,14.1075,False,False
13,4.700000000000001,2024-07-11,2024-07-05 10:15:00+05:30,BULLISH,14.850000000000001,14.1075,False,False
14,4.200000000000001,2024-07-11,2024-07-05 10:15:00+05:30,BULLISH,14.850000000000001,14.1075,False,False
15,3.3499999999999996,2024-07-11,2024-07-05 10:15:00+05:30,BULLISH,14.850000000000001,14.1075,False,False
6,17.299999999999997,2024-07-18,2024-07-11 10:15:00+05:30,BULLISH,17.299999999999997,16.434999999999995,True,True
7,13.899999999999999,2024-07-18,2024-07-11 10:15:00+05:30,BULLISH,17.299999999999997,16.434999999999995,False,False
8,11.5,2024-07-18,2024-07-11 10:15:00+05:30,BULLISH,17.299999999999997,16.434999999999995,False,False
9,8.950000000000003,2024-07-18,2024-07-11 10:15:00+05:30,BULLISH,17.299999999999997,16.434999999999995,False,False
10,7.450000000000001,2024-07-18,2024-07-11 10:15:00+05:30,BULLISH,17.299999999999997,16.434999999999995,False,False
11,6.800000000000001,2024-07-18,2024-07-11 10:15:00+05:30,BULLISH,17.299999999999997,16.434999999999995,False,False
12,6.199999999999999,2024-07-18,2024-07-11 10:15:00+05:30,BULLISH,17.299999999999997,16.434999999999995,False,False
13,5.35,2024-07-18,2024-07-11 10:15:00+05:30,BULLISH,17.299999999999997,16.434999999999995,False,False
14,4.550000000000001,2024-07-18,2024-07-11 10:15:00+05:30,BULLISH,17.299999999999997,16.434999999999995,False,False
15,4.1,2024-07-18,2024-07-11 10:15:00+05:30,BULLISH,17.299999999999997,16.434999999999995,False,False
6,24.9,2024-08-01,2024-07-26 10:15:00+05:30,BULLISH,24.9,23.654999999999998,True,True
7,20.85,2024-08-01,2024-07-26 10:15:00+05:30,BULLISH,24.9,23.654999999999998,False,False
8,17.200000000000003,2024-08-01,2024-07-26 10:15:00+05:30,BULLISH,24.9,23.654999999999998,False,False
9,14.450000000000003,2024-08-01,2024-07-26 10:15:00+05:30,BULLISH,24.9,23.654999999999998,False,False
10,12.2,2024-08-01,2024-07-26 10:15:00+05:30,BULLISH,24.9,23.654999999999998,False,False
11,10.599999999999998,2024-08-01,2024-07-26 10:15:00+05:30,BULLISH,24.9,23.654999999999998,False,False
12,8.650000000000002,2024-08-01,2024-07-26 10:15:00+05:30,BULLISH,24.9,23.654999999999998,False,False
13,7.7500000000000036,2024-08-01,2024-07-26 10:15:00+05:30,BULLISH,24.9,23.654999999999998,False,False
14,6.950000000000001,2024-08-01,2024-07-26 10:15:00+05:30,BULLISH,24.9,23.654999999999998,False,False
15,6.199999999999999,2024-08-01,2024-07-26 10:15:00+05:30,BULLISH,24.9,23.654999999999998,False,False
6,35.500000000000014,2024-08-08,2024-08-02 10:15:00+05:30,BULLISH,35.500000000000014,33.72500000000001,True,True
7,29.0,2024-08-08,2024-08-02 10:15:00+05:30,BULLISH,35.500000000000014,33.72500000000001,False,False
8,24.199999999999996,2024-08-08,2024-08-02 10:15:00+05:30,BULLISH,35.500000000000014,33.72500000000001,False,False
9,20.449999999999996,2024-08-08,2024-08-02 10:15:00+05:30,BULLISH,35.500000000000014,33.72500000000001,False,False
10,16.849999999999998,2024-08-08,2024-08-02 10:15:00+05:30,BULLISH,35.500000000000014,33.72500000000001,False,False
11,14.149999999999999,2024-08-08,2024-08-02 10:15:00+05:30,BULLISH,35.500000000000014,33.72500000000001,False,False
12,11.900000000000002,2024-08-08,2024-08-02 10:15:00+05:30,BULLISH,35.500000000000014,33.72500000000001,False,False
13,10.25,2024-08-08,2024-08-02 10:15:00+05:30,BULLISH,35.500000000000014,33.72500000000001,False,False
14,9.0,2024-08-08,2024-08-02 10:15:00+05:30,BULLISH,35.500000000000014,33.72500000000001,False,False
15,7.75,2024-08-08,2024-08-02 10:15:00+05:30,BULLISH,35.500000000000014,33.72500000000001,False,False
6,60.0,2024-08-14,2024-08-08 10:15:00+05:30,BULLISH,60.0,57.0,True,True
7,53.5,2024-08-14,2024-08-08 10:15:00+05:30,BULLISH,60.0,57.0,False,False
8,44.5,2024-08-14,2024-08-08 10:15:00+05:30,BULLISH,60.0,57.0,False,False
9,41.50000000000001,2024-08-14,2024-08-08 10:15:00+05:30,BULLISH,60.0,57.0,False,False
10,36.199999999999996,2024-08-14,2024-08-08 10:15:00+05:30,BULLISH,60.0,57.0,False,False
11,30.85000000000001,2024-08-14,2024-08-08 10:15:00+05:30,BULLISH,60.0,57.0,False,False
12,29.349999999999994,2024-08-14,2024-08-08 10:15:00+05:30,BULLISH,60.0,57.0,False,False
13,23.950000000000003,2024-08-14,2024-08-08 10:15:00+05:30,BULLISH,60.0,57.0,False,False
14,20.199999999999996,2024-08-14,2024-08-08 10:15:00+05:30,BULLISH,60.0,57.0,False,False
15,19.6,2024-08-14,2024-08-08 10:15:00+05:30,BULLISH,60.0,57.0,False,False
6,27.950000000000003,2024-08-22,2024-08-16 10:15:00+05:30,BULLISH,27.950000000000003,26.552500000000002,True,True
7,23.4,2024-08-22,2024-08-16 10:15:00+05:30,BULLISH,27.950000000000003,26.552500000000002,False,False
8,19.550000000000004,2024-08-22,2024-08-16 10:15:00+05:30,BULLISH,27.950000000000003,26.552500000000002,False,False
9,15.949999999999996,2024-08-22,2024-08-16 10:15:00+05:30,BULLISH,27.950000000000003,26.552500000000002,False,False
10,13.350000000000001,2024-08-22,2024-08-16 10:15:00+05:30,BULLISH,27.950000000000003,26.552500000000002,False,False
11,11.599999999999998,2024-08-22,2024-08-16 10:15:00+05:30,BULLISH,27.950000000000003,26.552500000000002,False,False
12,9.950000000000003,2024-08-22,2024-08-16 10:15:00+05:30,BULLISH,27.950000000000003,26.552500000000002,False,False
13,8.2,2024-08-22,2024-08-16 10:15:00+05:30,BULLISH,27.950000000000003,26.552500000000002,False,False
14,7.149999999999997,2024-08-22,2024-08-16 10:15:00+05:30,BULLISH,27.950000000000003,26.552500000000002,False,False
15,6.6,2024-08-22,2024-08-16 10:15:00+05:30,BULLISH,27.950000000000003,26.552500000000002,False,False
6,15.0,2024-09-05,2024-08-30 10:15:00+05:30,BULLISH,15.0,14.25,True,True
7,12.350000000000001,2024-09-05,2024-08-30 10:15:00+05:30,BULLISH,15.0,14.25,False,False
8,10.399999999999999,2024-09-05,2024-08-30 10:15:00+05:30,BULLISH,15.0,14.25,False,False
9,9.25,2024-09-05,2024-08-30 10:15:00+05:30,BULLISH,15.0,14.25,False,False
10,7.699999999999999,2024-09-05,2024-08-30 10:15:00+05:30,BULLISH,15.0,14.25,False,False
11,7.049999999999997,2024-09-05,2024-08-30 10:15:00+05:30,BULLISH,15.0,14.25,False,False
12,6.650000000000002,2024-09-05,2024-08-30 10:15:00+05:30,BULLISH,15.0,14.25,False,False
13,6.200000000000001,2024-09-05,2024-08-30 10:15:00+05:30,BULLISH,15.0,14.25,False,False
14,5.199999999999999,2024-09-05,2024-08-30 10:15:00+05:30,BULLISH,15.0,14.25,False,False
15,4.750000000000001,2024-09-05,2024-08-30 10:15:00+05:30,BULLISH,15.0,14.25,False,False
6,34.300000000000004,2024-09-12,2024-09-06 10:15:00+05:30,BULLISH,34.300000000000004,32.585,True,True
7,29.65,2024-09-12,2024-09-06 10:15:00+05:30,BULLISH,34.300000000000004,32.585,False,False
8,25.199999999999996,2024-09-12,2024-09-06 10:15:00+05:30,BULLISH,34.300000000000004,32.585,False,False
9,21.699999999999996,2024-09-12,2024-09-06 10:15:00+05:30,BULLISH,34.300000000000004,32.585,False,False
10,18.85,2024-09-12,2024-09-06 10:15:00+05:30,BULLISH,34.300000000000004,32.585,False,False
11,16.599999999999998,2024-09-12,2024-09-06 10:15:00+05:30,BULLISH,34.300000000000004,32.585,False,False
12,14.599999999999998,2024-09-12,2024-09-06 10:15:00+05:30,BULLISH,34.300000000000004,32.585,False,False
13,13.049999999999997,2024-09-12,2024-09-06 10:15:00+05:30,BULLISH,34.300000000000004,32.585,False,False
14,11.100000000000001,2024-09-12,2024-09-06 10:15:00+05:30,BULLISH,34.300000000000004,32.585,False,False
15,10.200000000000001,2024-09-12,2024-09-06 10:15:00+05:30,BULLISH,34.300000000000004,32.585,False,False
6,29.15,2024-09-19,2024-09-13 10:15:00+05:30,BULLISH,29.15,27.6925,True,True
7,23.79999999999999,2024-09-19,2024-09-13 10:15:00+05:30,BULLISH,29.15,27.6925,False,False
8,20.1,2024-09-19,2024-09-13 10:15:00+05:30,BULLISH,29.15,27.6925,False,False
9,17.150000000000006,2024-09-19,2024-09-13 10:15:00+05:30,BULLISH,29.15,27.6925,False,False
10,14.900000000000002,2024-09-19,2024-09-13 10:15:00+05:30,BULLISH,29.15,27.6925,False,False
11,12.900000000000006,2024-09-19,2024-09-13 10:15:00+05:30,BULLISH,29.15,27.6925,False,False
12,11.25,2024-09-19,2024-09-13 10:15:00+05:30,BULLISH,29.15,27.6925,False,False
13,9.900000000000002,2024-09-19,2024-09-13 10:15:00+05:30,BULLISH,29.15,27.6925,False,False
14,9.05,2024-09-19,2024-09-13 10:15:00+05:30,BULLISH,29.15,27.6925,False,False
15,8.450000000000001,2024-09-19,2024-09-13 10:15:00+05:30,BULLISH,29.15,27.6925,False,False
6,27.10000000000001,2024-10-03,2024-09-26 10:15:00+05:30,BEARISH,27.10000000000001,25.745000000000008,True,True
7,20.64999999999999,2024-10-03,2024-09-26 10:15:00+05:30,BEARISH,27.10000000000001,25.745000000000008,False,False
8,16.14999999999999,2024-10-03,2024-09-26 10:15:00+05:30,BEARISH,27.10000000000001,25.745000000000008,False,False
9,12.199999999999996,2024-10-03,2024-09-26 10:15:00+05:30,BEARISH,27.10000000000001,25.745000000000008,False,False
10,10.000000000000004,2024-10-03,2024-09-26 10:15:00+05:30,BEARISH,27.10000000000001,25.745000000000008,False,False
11,7.800000000000004,2024-10-03,2024-09-26 10:15:00+05:30,BEARISH,27.10000000000001,25.745000000000008,False,False
12,6.25,2024-10-03,2024-09-26 10:15:00+05:30,BEARISH,27.10000000000001,25.745000000000008,False,False
13,5.249999999999998,2024-10-03,2024-09-26 10:15:00+05:30,BEARISH,27.10000000000001,25.745000000000008,False,False
14,4.699999999999999,2024-10-03,2024-09-26 10:15:00+05:30,BEARISH,27.10000000000001,25.745000000000008,False,False
15,3.75,2024-10-03,2024-09-26 10:15:00+05:30,BEARISH,27.10000000000001,25.745000000000008,False,False
6,57.099999999999994,2024-10-10,2024-10-04 10:15:00+05:30,BULLISH,57.099999999999994,54.24499999999999,True,True
7,52.5,2024-10-10,2024-10-04 10:15:00+05:30,BULLISH,57.099999999999994,54.24499999999999,False,False
8,46.849999999999994,2024-10-10,2024-10-04 10:15:00+05:30,BULLISH,57.099999999999994,54.24499999999999,False,False
9,42.75000000000001,2024-10-10,2024-10-04 10:15:00+05:30,BULLISH,57.099999999999994,54.24499999999999,False,False
10,39.2,2024-10-10,2024-10-04 10:15:00+05:30,BULLISH,57.099999999999994,54.24499999999999,False,False
11,35.9,2024-10-10,2024-10-04 10:15:00+05:30,BULLISH,57.099999999999994,54.24499999999999,False,False
12,32.949999999999996,2024-10-10,2024-10-04 10:15:00+05:30,BULLISH,57.099999999999994,54.24499999999999,False,False
13,29.699999999999996,2024-10-10,2024-10-04 10:15:00+05:30,BULLISH,57.099999999999994,54.24499999999999,False,False
14,27.199999999999996,2024-10-10,2024-10-04 10:15:00+05:30,BULLISH,57.099999999999994,54.24499999999999,False,False
15,25.5,2024-10-10,2024-10-04 10:15:00+05:30,BULLISH,57.099999999999994,54.24499999999999,False,False
6,26.249999999999993,2024-10-17,2024-10-11 10:15:00+05:30,BULLISH,26.249999999999993,24.937499999999993,True,True
7,21.89999999999999,2024-10-17,2024-10-11 10:15:00+05:30,BULLISH,26.249999999999993,24.937499999999993,False,False
8,18.800000000000004,2024-10-17,2024-10-11 10:15:00+05:30,BULLISH,26.249999999999993,24.937499999999993,False,False
9,15.8,2024-10-17,2024-10-11 10:15:00+05:30,BULLISH,26.249999999999993,24.937499999999993,False,False
10,13.200000000000003,2024-10-17,2024-10-11 10:15:00+05:30,BULLISH,26.249999999999993,24.937499999999993,False,False
11,11.45,2024-10-17,2024-10-11 10:15:00+05:30,BULLISH,26.249999999999993,24.937499999999993,False,False
12,9.7,2024-10-17,2024-10-11 10:15:00+05:30,BULLISH,26.249999999999993,24.937499999999993,False,False
13,8.399999999999999,2024-10-17,2024-10-11 10:15:00+05:30,BULLISH,26.249999999999993,24.937499999999993,False,False
14,7.1,2024-10-17,2024-10-11 10:15:00+05:30,BULLISH,26.249999999999993,24.937499999999993,False,False
15,6.199999999999999,2024-10-17,2024-10-11 10:15:00+05:30,BULLISH,26.249999999999993,24.937499999999993,False,False
6,31.050000000000004,2024-10-24,2024-10-18 10:15:00+05:30,BULLISH,31.050000000000004,29.497500000000002,True,True
7,26.299999999999997,2024-10-24,2024-10-18 10:15:00+05:30,BULLISH,31.050000000000004,29.497500000000002,False,False
8,22.39999999999999,2024-10-24,2024-10-18 10:15:00+05:30,BULLISH,31.050000000000004,29.497500000000002,False,False
9,18.950000000000003,2024-10-24,2024-10-18 10:15:00+05:30,BULLISH,31.050000000000004,29.497500000000002,False,False
10,16.049999999999994,2024-10-24,2024-10-18 10:15:00+05:30,BULLISH,31.050000000000004,29.497500000000002,False,False
11,14.250000000000004,2024-10-24,2024-10-18 10:15:00+05:30,BULLISH,31.050000000000004,29.497500000000002,False,False
12,12.149999999999999,2024-10-24,2024-10-18 10:15:00+05:30,BULLISH,31.050000000000004,29.497500000000002,False,False
13,10.649999999999999,2024-10-24,2024-10-18 10:15:00+05:30,BULLISH,31.050000000000004,29.497500000000002,False,False
14,9.049999999999997,2024-10-24,2024-10-18 10:15:00+05:30,BULLISH,31.050000000000004,29.497500000000002,False,False
15,8.349999999999998,2024-10-24,2024-10-18 10:15:00+05:30,BULLISH,31.050000000000004,29.497500000000002,False,False
6,32.699999999999996,2024-11-14,2024-11-08 10:15:00+05:30,BULLISH,32.699999999999996,31.064999999999994,True,True
7,27.500000000000007,2024-11-14,2024-11-08 10:15:00+05:30,BULLISH,32.699999999999996,31.064999999999994,False,False
8,22.64999999999999,2024-11-14,2024-11-08 10:15:00+05:30,BULLISH,32.699999999999996,31.064999999999994,False,False
9,19.549999999999997,2024-11-14,2024-11-08 10:15:00+05:30,BULLISH,32.699999999999996,31.064999999999994,False,False
10,16.35,2024-11-14,2024-11-08 10:15:00+05:30,BULLISH,32.699999999999996,31.064999999999994,False,False
11,14.350000000000001,2024-11-14,2024-11-08 10:15:00+05:30,BULLISH,32.699999999999996,31.064999999999994,False,False
12,12.550000000000004,2024-11-14,2024-11-08 10:15:00+05:30,BULLISH,32.699999999999996,31.064999999999994,False,False
13,10.900000000000002,2024-11-14,2024-11-08 10:15:00+05:30,BULLISH,32.699999999999996,31.064999999999994,False,False
14,8.999999999999998,2024-11-14,2024-11-08 10:15:00+05:30,BULLISH,32.699999999999996,31.064999999999994,False,False
15,7.9999999999999964,2024-11-14,2024-11-08 10:15:00+05:30,BULLISH,32.699999999999996,31.064999999999994,False,False
6,50.89999999999999,2024-11-21,2024-11-13 10:15:00+05:30,BULLISH,50.89999999999999,48.35499999999999,True,True
7,44.60000000000001,2024-11-21,2024-11-13 10:15:00+05:30,BULLISH,50.89999999999999,48.35499999999999,False,False
8,39.6,2024-11-21,2024-11-13 10:15:00+05:30,BULLISH,50.89999999999999,48.35499999999999,False,False
9,34.65,2024-11-21,2024-11-13 10:15:00+05:30,BULLISH,50.89999999999999,48.35499999999999,False,False
10,30.050000000000004,2024-11-21,2024-11-13 10:15:00+05:30,BULLISH,50.89999999999999,48.35499999999999,False,False
11,25.9,2024-11-21,2024-11-13 10:15:00+05:30,BULLISH,50.89999999999999,48.35499999999999,False,False
12,24.049999999999997,2024-11-21,2024-11-13 10:15:00+05:30,BULLISH,50.89999999999999,48.35499999999999,False,False
13,23.8,2024-11-21,2024-11-13 10:15:00+05:30,BULLISH,50.89999999999999,48.35499999999999,False,False
14,19.6,2024-11-21,2024-11-13 10:15:00+05:30,BULLISH,50.89999999999999,48.35499999999999,False,False
15,16.699999999999996,2024-11-21,2024-11-13 10:15:00+05:30,BULLISH,50.89999999999999,48.35499999999999,False,False
6,51.10000000000002,2024-12-05,2024-11-29 10:15:00+05:30,BEARISH,51.10000000000002,48.545000000000016,True,True
7,41.0,2024-12-05,2024-11-29 10:15:00+05:30,BEARISH,51.10000000000002,48.545000000000016,False,False
8,32.0,2024-12-05,2024-11-29 10:15:00+05:30,BEARISH,51.10000000000002,48.545000000000016,False,False
9,25.500000000000014,2024-12-05,2024-11-29 10:15:00+05:30,BEARISH,51.10000000000002,48.545000000000016,False,False
10,19.999999999999993,2024-12-05,2024-11-29 10:15:00+05:30,BEARISH,51.10000000000002,48.545000000000016,False,False
11,15.099999999999994,2024-12-05,2024-11-29 10:15:00+05:30,BEARISH,51.10000000000002,48.545000000000016,False,False
12,12.100000000000001,2024-12-05,2024-11-29 10:15:00+05:30,BEARISH,51.10000000000002,48.545000000000016,False,False
13,9.150000000000002,2024-12-05,2024-11-29 10:15:00+05:30,BEARISH,51.10000000000002,48.545000000000016,False,False
14,7.099999999999998,2024-12-05,2024-11-29 10:15:00+05:30,BEARISH,51.10000000000002,48.545000000000016,False,False
15,5.650000000000002,2024-12-05,2024-11-29 10:15:00+05:30,BEARISH,51.10000000000002,48.545000000000016,False,False
6,62.999999999999986,2024-12-12,2024-12-06 10:15:00+05:30,BULLISH,62.999999999999986,59.84999999999999,True,True
7,54.70000000000002,2024-12-12,2024-12-06 10:15:00+05:30,BULLISH,62.999999999999986,59.84999999999999,False,False
8,47.55000000000001,2024-12-12,2024-12-06 10:15:00+05:30,BULLISH,62.999999999999986,59.84999999999999,False,False
9,41.5,2024-12-12,2024-12-06 10:15:00+05:30,BULLISH,62.999999999999986,59.84999999999999,False,False
10,35.849999999999994,2024-12-12,2024-12-06 10:15:00+05:30,BULLISH,62.999999999999986,59.84999999999999,False,False
11,31.049999999999997,2024-12-12,2024-12-06 10:15:00+05:30,BULLISH,62.999999999999986,59.84999999999999,False,False
12,27.049999999999997,2024-12-12,2024-12-06 10:15:00+05:30,BULLISH,62.999999999999986,59.84999999999999,False,False
13,23.200000000000003,2024-12-12,2024-12-06 10:15:00+05:30,BULLISH,62.999999999999986,59.84999999999999,False,False
14,20.449999999999996,2024-12-12,2024-12-06 10:15:00+05:30,BULLISH,62.999999999999986,59.84999999999999,False,False
15,17.749999999999993,2024-12-12,2024-12-06 10:15:00+05:30,BULLISH,62.999999999999986,59.84999999999999,False,False
6,31.5,2024-12-19,2024-12-13 10:15:00+05:30,BULLISH,31.5,29.924999999999997,True,True
7,26.64999999999999,2024-12-19,2024-12-13 10:15:00+05:30,BULLISH,31.5,29.924999999999997,False,False
8,21.75,2024-12-19,2024-12-13 10:15:00+05:30,BULLISH,31.5,29.924999999999997,False,False
9,18.199999999999996,2024-12-19,2024-12-13 10:15:00+05:30,BULLISH,31.5,29.924999999999997,False,False
10,14.149999999999999,2024-12-19,2024-12-13 10:15:00+05:30,BULLISH,31.5,29.924999999999997,False,False
11,12.550000000000004,2024-12-19,2024-12-13 10:15:00+05:30,BULLISH,31.5,29.924999999999997,False,False
12,10.650000000000002,2024-12-19,2024-12-13 10:15:00+05:30,BULLISH,31.5,29.924999999999997,False,False
13,8.75,2024-12-19,2024-12-13 10:15:00+05:30,BULLISH,31.5,29.924999999999997,False,False
14,7.25,2024-12-19,2024-12-13 10:15:00+05:30,BULLISH,31.5,29.924999999999997,False,False
15,6.099999999999998,2024-12-19,2024-12-13 10:15:00+05:30,BULLISH,31.5,29.924999999999997,False,False
6,32.449999999999996,2025-01-02,2024-12-27 10:15:00+05:30,BULLISH,32.449999999999996,30.827499999999993,True,True
7,27.749999999999993,2025-01-02,2024-12-27 10:15:00+05:30,BULLISH,32.449999999999996,30.827499999999993,False,False
8,23.700000000000003,2025-01-02,2024-12-27 10:15:00+05:30,BULLISH,32.449999999999996,30.827499999999993,False,False
9,20.199999999999996,2025-01-02,2024-12-27 10:15:00+05:30,BULLISH,32.449999999999996,30.827499999999993,False,False
10,17.15,2025-01-02,2024-12-27 10:15:00+05:30,BULLISH,32.449999999999996,30.827499999999993,False,False
11,14.500000000000004,2025-01-02,2024-12-27 10:15:00+05:30,BULLISH,32.449999999999996,30.827499999999993,False,False
12,12.650000000000002,2025-01-02,2024-12-27 10:15:00+05:30,BULLISH,32.449999999999996,30.827499999999993,False,False
13,11.050000000000004,2025-01-02,2024-12-27 10:15:00+05:30,BULLISH,32.449999999999996,30.827499999999993,False,False
14,9.650000000000002,2025-01-02,2024-12-27 10:15:00+05:30,BULLISH,32.449999999999996,30.827499999999993,False,False
15,8.450000000000001,2025-01-02,2024-12-27 10:15:00+05:30,BULLISH,32.449999999999996,30.827499999999993,False,False
6,36.849999999999994,2025-01-09,2025-01-03 10:15:00+05:30,BULLISH,36.849999999999994,35.00749999999999,True,True
7,30.9,2025-01-09,2025-01-03 10:15:00+05:30,BULLISH,36.849999999999994,35.00749999999999,False,False
8,25.699999999999996,2025-01-09,2025-01-03 10:15:00+05:30,BULLISH,36.849999999999994,35.00749999999999,False,False
9,21.650000000000006,2025-01-09,2025-01-03 10:15:00+05:30,BULLISH,36.849999999999994,35.00749999999999,False,False
10,18.049999999999997,2025-01-09,2025-01-03 10:15:00+05:30,BULLISH,36.849999999999994,35.00749999999999,False,False
11,14.649999999999999,2025-01-09,2025-01-03 10:15:00+05:30,BULLISH,36.849999999999994,35.00749999999999,False,False
12,12.300000000000004,2025-01-09,2025-01-03 10:15:00+05:30,BULLISH,36.849999999999994,35.00749999999999,False,False
13,9.850000000000001,2025-01-09,2025-01-03 10:15:00+05:30,BULLISH,36.849999999999994,35.00749999999999,False,False
14,8.5,2025-01-09,2025-01-03 10:15:00+05:30,BULLISH,36.849999999999994,35.00749999999999,False,False
15,7.35,2025-01-09,2025-01-03 10:15:00+05:30,BULLISH,36.849999999999994,35.00749999999999,False,False
6,49.599999999999994,2025-01-16,2025-01-10 10:15:00+05:30,BULLISH,49.599999999999994,47.11999999999999,True,True
7,42.95,2025-01-16,2025-01-10 10:15:00+05:30,BULLISH,49.599999999999994,47.11999999999999,False,False
8,36.20000000000001,2025-01-16,2025-01-10 10:15:00+05:30,BULLISH,49.599999999999994,47.11999999999999,False,False
9,30.45000000000001,2025-01-16,2025-01-10 10:15:00+05:30,BULLISH,49.599999999999994,47.11999999999999,False,False
10,26.75,2025-01-16,2025-01-10 10:15:00+05:30,BULLISH,49.599999999999994,47.11999999999999,False,False
11,22.5,2025-01-16,2025-01-10 10:15:00+05:30,BULLISH,49.599999999999994,47.11999999999999,False,False
12,19.199999999999996,2025-01-16,2025-01-10 10:15:00+05:30,BULLISH,49.599999999999994,47.11999999999999,False,False
13,16.549999999999997,2025-01-16,2025-01-10 10:15:00+05:30,BULLISH,49.599999999999994,47.11999999999999,False,False
14,14.249999999999996,2025-01-16,2025-01-10 10:15:00+05:30,BULLISH,49.599999999999994,47.11999999999999,False,False
15,12.649999999999999,2025-01-16,2025-01-10 10:15:00+05:30,BULLISH,49.599999999999994,47.11999999999999,False,False
6,33.449999999999996,2025-01-23,2025-01-17 10:15:00+05:30,BULLISH,33.449999999999996,31.777499999999993,True,True
7,28.200000000000003,2025-01-23,2025-01-17 10:15:00+05:30,BULLISH,33.449999999999996,31.777499999999993,False,False
8,23.650000000000006,2025-01-23,2025-01-17 10:15:00+05:30,BULLISH,33.449999999999996,31.777499999999993,False,False
9,19.799999999999997,2025-01-23,2025-01-17 10:15:00+05:30,BULLISH,33.449999999999996,31.777499999999993,False,False
10,16.800000000000004,2025-01-23,2025-01-17 10:15:00+05:30,BULLISH,33.449999999999996,31.777499999999993,False,False
11,14.550000000000004,2025-01-23,2025-01-17 10:15:00+05:30,BULLISH,33.449999999999996,31.777499999999993,False,False
12,12.7,2025-01-23,2025-01-17 10:15:00+05:30,BULLISH,33.449999999999996,31.777499999999993,False,False
13,10.899999999999999,2025-01-23,2025-01-17 10:15:00+05:30,BULLISH,33.449999999999996,31.777499999999993,False,False
14,9.199999999999998,2025-01-23,2025-01-17 10:15:00+05:30,BULLISH,33.449999999999996,31.777499999999993,False,False
15,8.150000000000002,2025-01-23,2025-01-17 10:15:00+05:30,BULLISH,33.449999999999996,31.777499999999993,False,False
6,77.04999999999998,2025-02-06,2025-02-01 10:15:00+05:30,BULLISH,77.04999999999998,73.19749999999998,True,True
7,67.45000000000002,2025-02-06,2025-02-01 10:15:00+05:30,BULLISH,77.04999999999998,73.19749999999998,False,False
8,61.50000000000003,2025-02-06,2025-02-01 10:15:00+05:30,BULLISH,77.04999999999998,73.19749999999998,False,False
9,56.15000000000002,2025-02-06,2025-02-01 10:15:00+05:30,BULLISH,77.04999999999998,73.19749999999998,False,False
10,51.0,2025-02-06,2025-02-01 10:15:00+05:30,BULLISH,77.04999999999998,73.19749999999998,False,False
11,47.2,2025-02-06,2025-02-01 10:15:00+05:30,BULLISH,77.04999999999998,73.19749999999998,False,False
12,42.39999999999999,2025-02-06,2025-02-01 10:15:00+05:30,BULLISH,77.04999999999998,73.19749999999998,False,False
13,39.3,2025-02-06,2025-02-01 10:15:00+05:30,BULLISH,77.04999999999998,73.19749999999998,False,False
14,35.35,2025-02-06,2025-02-01 10:15:00+05:30,BULLISH,77.04999999999998,73.19749999999998,False,False
15,32.699999999999996,2025-02-06,2025-02-01 10:15:00+05:30,BULLISH,77.04999999999998,73.19749999999998,False,False
6,31.39999999999999,2025-02-13,2025-02-07 10:15:00+05:30,BULLISH,31.39999999999999,29.82999999999999,True,True
7,25.699999999999996,2025-02-13,2025-02-07 10:15:00+05:30,BULLISH,31.39999999999999,29.82999999999999,False,False
8,23.15,2025-02-13,2025-02-07 10:15:00+05:30,BULLISH,31.39999999999999,29.82999999999999,False,False
9,18.900000000000006,2025-02-13,2025-02-07 10:15:00+05:30,BULLISH,31.39999999999999,29.82999999999999,False,False
10,15.700000000000003,2025-02-13,2025-02-07 10:15:00+05:30,BULLISH,31.39999999999999,29.82999999999999,False,False
11,13.249999999999996,2025-02-13,2025-02-07 10:15:00+05:30,BULLISH,31.39999999999999,29.82999999999999,False,False
12,11.25,2025-02-13,2025-02-07 10:15:00+05:30,BULLISH,31.39999999999999,29.82999999999999,False,False
13,9.200000000000003,2025-02-13,2025-02-07 10:15:00+05:30,BULLISH,31.39999999999999,29.82999999999999,False,False
14,7.900000000000002,2025-02-13,2025-02-07 10:15:00+05:30,BULLISH,31.39999999999999,29.82999999999999,False,False
15,6.249999999999998,2025-02-13,2025-02-07 10:15:00+05:30,BULLISH,31.39999999999999,29.82999999999999,False,False
6,30.14999999999999,2025-02-20,2025-02-14 10:15:00+05:30,BULLISH,30.14999999999999,28.64249999999999,True,True
7,24.35,2025-02-20,2025-02-14 10:15:00+05:30,BULLISH,30.14999999999999,28.64249999999999,False,False
8,20.150000000000006,2025-02-20,2025-02-14 10:15:00+05:30,BULLISH,30.14999999999999,28.64249999999999,False,False
9,17.449999999999996,2025-02-20,2025-02-14 10:15:00+05:30,BULLISH,30.14999999999999,28.64249999999999,False,False
10,14.149999999999995,2025-02-20,2025-02-14 10:15:00+05:30,BULLISH,30.14999999999999,28.64249999999999,False,False
11,11.500000000000004,2025-02-20,2025-02-14 10:15:00+05:30,BULLISH,30.14999999999999,28.64249999999999,False,False
12,9.600000000000001,2025-02-20,2025-02-14 10:15:00+05:30,BULLISH,30.14999999999999,28.64249999999999,False,False
13,7.800000000000001,2025-02-20,2025-02-14 10:15:00+05:30,BULLISH,30.14999999999999,28.64249999999999,False,False
14,6.699999999999999,2025-02-20,2025-02-14 10:15:00+05:30,BULLISH,30.14999999999999,28.64249999999999,False,False
15,5.499999999999998,2025-02-20,2025-02-14 10:15:00+05:30,BULLISH,30.14999999999999,28.64249999999999,False,False
6,15.549999999999997,2025-03-06,2025-02-28 10:15:00+05:30,BULLISH,15.549999999999997,14.772499999999997,True,True
7,12.549999999999997,2025-03-06,2025-02-28 10:15:00+05:30,BULLISH,15.549999999999997,14.772499999999997,False,False
8,10.449999999999996,2025-03-06,2025-02-28 10:15:00+05:30,BULLISH,15.549999999999997,14.772499999999997,False,False
9,8.55,2025-03-06,2025-02-28 10:15:00+05:30,BULLISH,15.549999999999997,14.772499999999997,False,False
10,7.25,2025-03-06,2025-02-28 10:15:00+05:30,BULLISH,15.549999999999997,14.772499999999997,False,False
11,6.25,2025-03-06,2025-02-28 10:15:00+05:30,BULLISH,15.549999999999997,14.772499999999997,False,False
12,5.300000000000001,2025-03-06,2025-02-28 10:15:00+05:30,BULLISH,15.549999999999997,14.772499999999997,False,False
13,4.699999999999999,2025-03-06,2025-02-28 10:15:00+05:30,BULLISH,15.549999999999997,14.772499999999997,False,False
14,4.55,2025-03-06,2025-02-28 10:15:00+05:30,BULLISH,15.549999999999997,14.772499999999997,False,False
15,4.000000000000001,2025-03-06,2025-02-28 10:15:00+05:30,BULLISH,15.549999999999997,14.772499999999997,False,False
6,23.299999999999997,2025-03-13,2025-03-07 10:15:00+05:30,BULLISH,23.299999999999997,22.134999999999998,True,True
7,19.299999999999997,2025-03-13,2025-03-07 10:15:00+05:30,BULLISH,23.299999999999997,22.134999999999998,False,False
8,16.15,2025-03-13,2025-03-07 10:15:00+05:30,BULLISH,23.299999999999997,22.134999999999998,False,False
9,13.199999999999996,2025-03-13,2025-03-07 10:15:00+05:30,BULLISH,23.299999999999997,22.134999999999998,False,False
10,11.000000000000004,2025-03-13,2025-03-07 10:15:00+05:30,BULLISH,23.299999999999997,22.134999999999998,False,False
11,9.199999999999996,2025-03-13,2025-03-07 10:15:00+05:30,BULLISH,23.299999999999997,22.134999999999998,False,False
12,7.4,2025-03-13,2025-03-07 10:15:00+05:30,BULLISH,23.299999999999997,22.134999999999998,False,False
13,6.2500000000000036,2025-03-13,2025-03-07 10:15:00+05:30,BULLISH,23.299999999999997,22.134999999999998,False,False
14,5.449999999999999,2025-03-13,2025-03-07 10:15:00+05:30,BULLISH,23.299999999999997,22.134999999999998,False,False
15,4.799999999999999,2025-03-13,2025-03-07 10:15:00+05:30,BULLISH,23.299999999999997,22.134999999999998,False,False
6,21.500000000000007,2025-03-20,2025-03-13 10:15:00+05:30,BULLISH,21.500000000000007,20.425000000000004,True,True
7,17.65,2025-03-20,2025-03-13 10:15:00+05:30,BULLISH,21.500000000000007,20.425000000000004,False,False
8,14.25,2025-03-20,2025-03-13 10:15:00+05:30,BULLISH,21.500000000000007,20.425000000000004,False,False
9,11.499999999999996,2025-03-20,2025-03-13 10:15:00+05:30,BULLISH,21.500000000000007,20.425000000000004,False,False
10,9.750000000000004,2025-03-20,2025-03-13 10:15:00+05:30,BULLISH,21.500000000000007,20.425000000000004,False,False
11,8.0,2025-03-20,2025-03-13 10:15:00+05:30,BULLISH,21.500000000000007,20.425000000000004,False,False
12,7.15,2025-03-20,2025-03-13 10:15:00+05:30,BULLISH,21.500000000000007,20.425000000000004,False,False
13,6.25,2025-03-20,2025-03-13 10:15:00+05:30,BULLISH,21.500000000000007,20.425000000000004,False,False
14,5.699999999999999,2025-03-20,2025-03-13 10:15:00+05:30,BULLISH,21.500000000000007,20.425000000000004,False,False
15,4.949999999999999,2025-03-20,2025-03-13 10:15:00+05:30,BULLISH,21.500000000000007,20.425000000000004,False,False
6,43.650000000000006,2025-04-03,2025-03-27 10:15:00+05:30,BEARISH,43.650000000000006,41.4675,True,True
7,37.0,2025-04-03,2025-03-27 10:15:00+05:30,BEARISH,43.650000000000006,41.4675,False,False
8,33.199999999999996,2025-04-03,2025-03-27 10:15:00+05:30,BEARISH,43.650000000000006,41.4675,False,False
9,28.60000000000001,2025-04-03,2025-03-27 10:15:00+05:30,BEARISH,43.650000000000006,41.4675,False,False
10,26.0,2025-04-03,2025-03-27 10:15:00+05:30,BEARISH,43.650000000000006,41.4675,False,False
11,23.750000000000007,2025-04-03,2025-03-27 10:15:00+05:30,BEARISH,43.650000000000006,41.4675,False,False
12,20.75,2025-04-03,2025-03-27 10:15:00+05:30,BEARISH,43.650000000000006,41.4675,False,False
13,18.600000000000005,2025-04-03,2025-03-27 10:15:00+05:30,BEARISH,43.650000000000006,41.4675,False,False
14,17.2,2025-04-03,2025-03-27 10:15:00+05:30,BEARISH,43.650000000000006,41.4675,False,False
15,15.749999999999993,2025-04-03,2025-03-27 10:15:00+05:30,BEARISH,43.650000000000006,41.4675,False,False
6,31.250000000000007,2025-04-09,2025-04-03 10:15:00+05:30,BULLISH,31.250000000000007,29.687500000000007,True,True
7,26.69999999999999,2025-04-09,2025-04-03 10:15:00+05:30,BULLISH,31.250000000000007,29.687500000000007,False,False
8,22.5,2025-04-09,2025-04-03 10:15:00+05:30,BULLISH,31.250000000000007,29.687500000000007,False,False
9,19.60000000000001,2025-04-09,2025-04-03 10:15:00+05:30,BULLISH,31.250000000000007,29.687500000000007,False,False
10,15.899999999999999,2025-04-09,2025-04-03 10:15:00+05:30,BULLISH,31.250000000000007,29.687500000000007,False,False
11,14.400000000000002,2025-04-09,2025-04-03 10:15:00+05:30,BULLISH,31.250000000000007,29.687500000000007,False,False
12,12.95,2025-04-09,2025-04-03 10:15:00+05:30,BULLISH,31.250000000000007,29.687500000000007,False,False
13,11.0,2025-04-09,2025-04-03 10:15:00+05:30,BULLISH,31.250000000000007,29.687500000000007,False,False
14,9.200000000000001,2025-04-09,2025-04-03 10:15:00+05:30,BULLISH,31.250000000000007,29.687500000000007,False,False
15,8.1,2025-04-09,2025-04-03 10:15:00+05:30,BULLISH,31.250000000000007,29.687500000000007,False,False
6,148.05,2025-04-17,2025-04-09 10:15:00+05:30,BULLISH,148.05,140.6475,True,True
7,138.0,2025-04-17,2025-04-09 10:15:00+05:30,BULLISH,148.05,140.6475,False,False
8,128.0,2025-04-17,2025-04-09 10:15:00+05:30,BULLISH,148.05,140.6475,False,False
9,119.44999999999999,2025-04-17,2025-04-09 10:15:00+05:30,BULLISH,148.05,140.6475,False,False
10,110.04999999999998,2025-04-17,2025-04-09 10:15:00+05:30,BULLISH,148.05,140.6475,False,False
11,103.55000000000001,2025-04-17,2025-04-09 10:15:00+05:30,BULLISH,148.05,140.6475,False,False
12,95.20000000000002,2025-04-17,2025-04-09 10:15:00+05:30,BULLISH,148.05,140.6475,False,False
13,88.5,2025-04-17,2025-04-09 10:15:00+05:30,BULLISH,148.05,140.6475,False,False
14,83.75,2025-04-17,2025-04-09 10:15:00+05:30,BULLISH,148.05,140.6475,False,False
15,75.35000000000002,2025-04-17,2025-04-09 10:15:00+05:30,BULLISH,148.05,140.6475,False,False
6,52.64999999999999,2025-04-24,2025-04-17 10:15:00+05:30,BULLISH,52.64999999999999,50.01749999999999,True,True
7,46.3,2025-04-24,2025-04-17 10:15:00+05:30,BULLISH,52.64999999999999,50.01749999999999,False,False
8,40.150000000000006,2025-04-24,2025-04-17 10:15:00+05:30,BULLISH,52.64999999999999,50.01749999999999,False,False
9,35.89999999999999,2025-04-24,2025-04-17 10:15:00+05:30,BULLISH,52.64999999999999,50.01749999999999,False,False
10,31.10000000000001,2025-04-24,2025-04-17 10:15:00+05:30,BULLISH,52.64999999999999,50.01749999999999,False,False
11,27.700000000000003,2025-04-24,2025-04-17 10:15:00+05:30,BULLISH,52.64999999999999,50.01749999999999,False,False
12,25.15,2025-04-24,2025-04-17 10:15:00+05:30,BULLISH,52.64999999999999,50.01749999999999,False,False
13,23.250000000000007,2025-04-24,2025-04-17 10:15:00+05:30,BULLISH,52.64999999999999,50.01749999999999,False,False
14,20.449999999999996,2025-04-24,2025-04-17 10:15:00+05:30,BULLISH,52.64999999999999,50.01749999999999,False,False
15,18.249999999999996,2025-04-24,2025-04-17 10:15:00+05:30,BULLISH,52.64999999999999,50.01749999999999,False,False
6,58.499999999999986,2025-05-08,2025-05-02 10:15:00+05:30,BULLISH,58.499999999999986,55.57499999999998,True,True
7,53.29999999999998,2025-05-08,2025-05-02 10:15:00+05:30,BULLISH,58.499999999999986,55.57499999999998,False,False
8,49.10000000000001,2025-05-08,2025-05-02 10:15:00+05:30,BULLISH,58.499999999999986,55.57499999999998,False,False
9,45.35,2025-05-08,2025-05-02 10:15:00+05:30,BULLISH,58.499999999999986,55.57499999999998,False,False
10,41.45,2025-05-08,2025-05-02 10:15:00+05:30,BULLISH,58.499999999999986,55.57499999999998,False,False
11,38.2,2025-05-08,2025-05-02 10:15:00+05:30,BULLISH,58.499999999999986,55.57499999999998,False,False
12,35.14999999999999,2025-05-08,2025-05-02 10:15:00+05:30,BULLISH,58.499999999999986,55.57499999999998,False,False
13,32.150000000000006,2025-05-08,2025-05-02 10:15:00+05:30,BULLISH,58.499999999999986,55.57499999999998,False,False
14,30.099999999999987,2025-05-08,2025-05-02 10:15:00+05:30,BULLISH,58.499999999999986,55.57499999999998,False,False
15,28.150000000000006,2025-05-08,2025-05-02 10:15:00+05:30,BULLISH,58.499999999999986,55.57499999999998,False,False
6,137.8,2025-05-15,2025-05-09 10:15:00+05:30,BULLISH,137.8,130.91,True,True
7,130.10000000000002,2025-05-15,2025-05-09 10:15:00+05:30,BULLISH,137.8,130.91,False,False
8,122.79999999999995,2025-05-15,2025-05-09 10:15:00+05:30,BULLISH,137.8,130.91,False,False
9,116.1,2025-05-15,2025-05-09 10:15:00+05:30,BULLISH,137.8,130.91,False,False
10,108.85000000000002,2025-05-15,2025-05-09 10:15:00+05:30,BULLISH,137.8,130.91,False,False
11,103.89999999999998,2025-05-15,2025-05-09 10:15:00+05:30,BULLISH,137.8,130.91,False,False
12,98.45,2025-05-15,2025-05-09 10:15:00+05:30,BULLISH,137.8,130.91,False,False
13,93.6,2025-05-15,2025-05-09 10:15:00+05:30,BULLISH,137.8,130.91,False,False
14,89.29999999999998,2025-05-15,2025-05-09 10:15:00+05:30,BULLISH,137.8,130.91,False,False
15,84.25000000000001,2025-05-15,2025-05-09 10:15:00+05:30,BULLISH,137.8,130.91,False,False
6,51.000000000000014,2025-05-22,2025-05-16 10:15:00+05:30,BULLISH,51.000000000000014,48.45000000000001,True,True
7,45.900000000000006,2025-05-22,2025-05-16 10:15:00+05:30,BULLISH,51.000000000000014,48.45000000000001,False,False
8,40.7,2025-05-22,2025-05-16 10:15:00+05:30,BULLISH,51.000000000000014,48.45000000000001,False,False
9,36.14999999999999,2025-05-22,2025-05-16 10:15:00+05:30,BULLISH,51.000000000000014,48.45000000000001,False,False
10,32.599999999999994,2025-05-22,2025-05-16 10:15:00+05:30,BULLISH,51.000000000000014,48.45000000000001,False,False
11,29.499999999999993,2025-05-22,2025-05-16 10:15:00+05:30,BULLISH,51.000000000000014,48.45000000000001,False,False
12,26.299999999999997,2025-05-22,2025-05-16 10:15:00+05:30,BULLISH,51.000000000000014,48.45000000000001,False,False
13,23.299999999999997,2025-05-22,2025-05-16 10:15:00+05:30,BULLISH,51.000000000000014,48.45000000000001,False,False
14,21.55,2025-05-22,2025-05-16 10:15:00+05:30,BULLISH,51.000000000000014,48.45000000000001,False,False
15,19.650000000000002,2025-05-22,2025-05-16 10:15:00+05:30,BULLISH,51.000000000000014,48.45000000000001,False,False
6,58.349999999999994,2025-06-05,2025-05-30 10:15:00+05:30,BEARISH,58.349999999999994,55.43249999999999,True,True
7,49.35000000000001,2025-06-05,2025-05-30 10:15:00+05:30,BEARISH,58.349999999999994,55.43249999999999,False,False
8,41.55,2025-06-05,2025-05-30 10:15:00+05:30,BEARISH,58.349999999999994,55.43249999999999,False,False
9,34.749999999999986,2025-06-05,2025-05-30 10:15:00+05:30,BEARISH,58.349999999999994,55.43249999999999,False,False
10,29.39999999999999,2025-06-05,2025-05-30 10:15:00+05:30,BEARISH,58.349999999999994,55.43249999999999,False,False
11,24.65,2025-06-05,2025-05-30 10:15:00+05:30,BEARISH,58.349999999999994,55.43249999999999,False,False
12,20.800000000000004,2025-06-05,2025-05-30 10:15:00+05:30,BEARISH,58.349999999999994,55.43249999999999,False,False
13,17.25,2025-06-05,2025-05-30 10:15:00+05:30,BEARISH,58.349999999999994,55.43249999999999,False,False
14,13.999999999999993,2025-06-05,2025-05-30 10:15:00+05:30,BEARISH,58.349999999999994,55.43249999999999,False,False
15,11.75,2025-06-05,2025-05-30 10:15:00+05:30,BEARISH,58.349999999999994,55.43249999999999,False,False
6,35.5,2025-06-12,2025-06-06 10:15:00+05:30,BEARISH,35.5,33.725,True,True
7,29.450000000000003,2025-06-12,2025-06-06 10:15:00+05:30,BEARISH,35.5,33.725,False,False
8,23.799999999999997,2025-06-12,2025-06-06 10:15:00+05:30,BEARISH,35.5,33.725,False,False
9,19.549999999999997,2025-06-12,2025-06-06 10:15:00+05:30,BEARISH,35.5,33.725,False,False
10,15.5,2025-06-12,2025-06-06 10:15:00+05:30,BEARISH,35.5,33.725,False,False
11,13.150000000000006,2025-06-12,2025-06-06 10:15:00+05:30,BEARISH,35.5,33.725,False,False
12,10.900000000000002,2025-06-12,2025-06-06 10:15:00+05:30,BEARISH,35.5,33.725,False,False
13,8.849999999999998,2025-06-12,2025-06-06 10:15:00+05:30,BEARISH,35.5,33.725,False,False
14,7.4499999999999975,2025-06-12,2025-06-06 10:15:00+05:30,BEARISH,35.5,33.725,False,False
15,5.9499999999999975,2025-06-12,2025-06-06 10:15:00+05:30,BEARISH,35.5,33.725,False,False
6,64.1,2025-06-19,2025-06-13 10:15:00+05:30,BULLISH,64.1,60.89499999999999,True,True
7,57.000000000000014,2025-06-19,2025-06-13 10:15:00+05:30,BULLISH,64.1,60.89499999999999,False,False
8,50.75,2025-06-19,2025-06-13 10:15:00+05:30,BULLISH,64.1,60.89499999999999,False,False
9,45.19999999999999,2025-06-19,2025-06-13 10:15:00+05:30,BULLISH,64.1,60.89499999999999,False,False
10,40.5,2025-06-19,2025-06-13 10:15:00+05:30,BULLISH,64.1,60.89499999999999,False,False
11,36.49999999999999,2025-06-19,2025-06-13 10:15:00+05:30,BULLISH,64.1,60.89499999999999,False,False
12,32.65000000000001,2025-06-19,2025-06-13 10:15:00+05:30,BULLISH,64.1,60.89499999999999,False,False
13,29.25,2025-06-19,2025-06-13 10:15:00+05:30,BULLISH,64.1,60.89499999999999,False,False
14,26.749999999999993,2025-06-19,2025-06-13 10:15:00+05:30,BULLISH,64.1,60.89499999999999,False,False
15,24.199999999999996,2025-06-19,2025-06-13 10:15:00+05:30,BULLISH,64.1,60.89499999999999,False,False
6,32.94999999999999,2025-07-03,2025-06-27 10:15:00+05:30,BULLISH,32.94999999999999,31.302499999999988,True,True
7,28.54999999999999,2025-07-03,2025-06-27 10:15:00+05:30,BULLISH,32.94999999999999,31.302499999999988,False,False
8,24.799999999999997,2025-07-03,2025-06-27 10:15:00+05:30,BULLISH,32.94999999999999,31.302499999999988,False,False
9,21.949999999999996,2025-07-03,2025-06-27 10:15:00+05:30,BULLISH,32.94999999999999,31.302499999999988,False,False
10,19.500000000000004,2025-07-03,2025-06-27 10:15:00+05:30,BULLISH,32.94999999999999,31.302499999999988,False,False
11,17.050000000000004,2025-07-03,2025-06-27 10:15:00+05:30,BULLISH,32.94999999999999,31.302499999999988,False,False
12,14.900000000000002,2025-07-03,2025-06-27 10:15:00+05:30,BULLISH,32.94999999999999,31.302499999999988,False,False
13,13.5,2025-07-03,2025-06-27 10:15:00+05:30,BULLISH,32.94999999999999,31.302499999999988,False,False
14,11.899999999999999,2025-07-03,2025-06-27 10:15:00+05:30,BULLISH,32.94999999999999,31.302499999999988,False,False
15,10.699999999999998,2025-07-03,2025-06-27 10:15:00+05:30,BULLISH,32.94999999999999,31.302499999999988,False,False
6,20.65,2025-07-10,2025-07-04 10:15:00+05:30,BEARISH,20.65,19.617499999999996,True,True
7,16.1,2025-07-10,2025-07-04 10:15:00+05:30,BEARISH,20.65,19.617499999999996,False,False
8,12.45,2025-07-10,2025-07-04 10:15:00+05:30,BEARISH,20.65,19.617499999999996,False,False
9,10.049999999999997,2025-07-10,2025-07-04 10:15:00+05:30,BEARISH,20.65,19.617499999999996,False,False
10,8.400000000000002,2025-07-10,2025-07-04 10:15:00+05:30,BEARISH,20.65,19.617499999999996,False,False
11,6.5500000000000025,2025-07-10,2025-07-04 10:15:00+05:30,BEARISH,20.65,19.617499999999996,False,False
12,4.999999999999998,2025-07-10,2025-07-04 10:15:00+05:30,BEARISH,20.65,19.617499999999996,False,False
13,4.099999999999998,2025-07-10,2025-07-04 10:15:00+05:30,BEARISH,20.65,19.617499999999996,False,False
14,3.3499999999999996,2025-07-10,2025-07-04 10:15:00+05:30,BEARISH,20.65,19.617499999999996,False,False
15,2.95,2025-07-10,2025-07-04 10:15:00+05:30,BEARISH,20.65,19.617499999999996,False,False
6,14.450000000000003,2025-07-17,2025-07-11 10:15:00+05:30,BULLISH,14.450000000000003,13.727500000000003,True,True
7,12.200000000000003,2025-07-17,2025-07-11 10:15:00+05:30,BULLISH,14.450000000000003,13.727500000000003,False,False
8,10.55,2025-07-17,2025-07-11 10:15:00+05:30,BULLISH,14.450000000000003,13.727500000000003,False,False
9,8.899999999999999,2025-07-17,2025-07-11 10:15:00+05:30,BULLISH,14.450000000000003,13.727500000000003,False,False
10,7.9999999999999964,2025-07-17,2025-07-11 10:15:00+05:30,BULLISH,14.450000000000003,13.727500000000003,False,False
11,7.300000000000001,2025-07-17,2025-07-11 10:15:00+05:30,BULLISH,14.450000000000003,13.727500000000003,False,False
12,6.65,2025-07-17,2025-07-11 10:15:00+05:30,BULLISH,14.450000000000003,13.727500000000003,False,False
13,5.9,2025-07-17,2025-07-11 10:15:00+05:30,BULLISH,14.450000000000003,13.727500000000003,False,False
14,5.250000000000002,2025-07-17,2025-07-11 10:15:00+05:30,BULLISH,14.450000000000003,13.727500000000003,False,False
15,4.8500000000000005,2025-07-17,2025-07-11 10:15:00+05:30,BULLISH,14.450000000000003,13.727500000000003,False,False
6,18.500000000000007,2025-07-24,2025-07-18 10:15:00+05:30,BULLISH,18.500000000000007,17.575000000000006,True,True
7,15.899999999999999,2025-07-24,2025-07-18 10:15:00+05:30,BULLISH,18.500000000000007,17.575000000000006,False,False
8,13.549999999999994,2025-07-24,2025-07-18 10:15:00+05:30,BULLISH,18.500000000000007,17.575000000000006,False,False
9,11.750000000000004,2025-07-24,2025-07-18 10:15:00+05:30,BULLISH,18.500000000000007,17.575000000000006,False,False
10,10.200000000000003,2025-07-24,2025-07-18 10:15:00+05:30,BULLISH,18.500000000000007,17.575000000000006,False,False
11,8.75,2025-07-24,2025-07-18 10:15:00+05:30,BULLISH,18.500000000000007,17.575000000000006,False,False
12,7.699999999999999,2025-07-24,2025-07-18 10:15:00+05:30,BULLISH,18.500000000000007,17.575000000000006,False,False
13,6.850000000000001,2025-07-24,2025-07-18 10:15:00+05:30,BULLISH,18.500000000000007,17.575000000000006,False,False
14,6.149999999999999,2025-07-24,2025-07-18 10:15:00+05:30,BULLISH,18.500000000000007,17.575000000000006,False,False
15,5.6,2025-07-24,2025-07-18 10:15:00+05:30,BULLISH,18.500000000000007,17.575000000000006,False,False
6,23.64999999999999,2025-08-07,2025-08-01 10:15:00+05:30,BULLISH,23.64999999999999,22.46749999999999,True,True
7,20.4,2025-08-07,2025-08-01 10:15:00+05:30,BULLISH,23.64999999999999,22.46749999999999,False,False
8,17.549999999999997,2025-08-07,2025-08-01 10:15:00+05:30,BULLISH,23.64999999999999,22.46749999999999,False,False
9,14.75,2025-08-07,2025-08-01 10:15:00+05:30,BULLISH,23.64999999999999,22.46749999999999,False,False
10,12.8,2025-08-07,2025-08-01 10:15:00+05:30,BULLISH,23.64999999999999,22.46749999999999,False,False
11,11.350000000000001,2025-08-07,2025-08-01 10:15:00+05:30,BULLISH,23.64999999999999,22.46749999999999,False,False
12,10.2,2025-08-07,2025-08-01 10:15:00+05:30,BULLISH,23.64999999999999,22.46749999999999,False,False
13,8.850000000000001,2025-08-07,2025-08-01 10:15:00+05:30,BULLISH,23.64999999999999,22.46749999999999,False,False
14,8.2,2025-08-07,2025-08-01 10:15:00+05:30,BULLISH,23.64999999999999,22.46749999999999,False,False
15,7.15,2025-08-07,2025-08-01 10:15:00+05:30,BULLISH,23.64999999999999,22.46749999999999,False,False
6,20.0,2025-08-14,2025-08-08 10:15:00+05:30,BULLISH,20.0,19.0,True,True
7,16.700000000000003,2025-08-14,2025-08-08 10:15:00+05:30,BULLISH,20.0,19.0,False,False
8,13.899999999999999,2025-08-14,2025-08-08 10:15:00+05:30,BULLISH,20.0,19.0,False,False
9,11.499999999999993,2025-08-14,2025-08-08 10:15:00+05:30,BULLISH,20.0,19.0,False,False
10,10.149999999999999,2025-08-14,2025-08-08 10:15:00+05:30,BULLISH,20.0,19.0,False,False
11,8.7,2025-08-14,2025-08-08 10:15:00+05:30,BULLISH,20.0,19.0,False,False
12,7.500000000000002,2025-08-14,2025-08-08 10:15:00+05:30,BULLISH,20.0,19.0,False,False
13,6.75,2025-08-14,2025-08-08 10:15:00+05:30,BULLISH,20.0,19.0,False,False
14,6.0,2025-08-14,2025-08-08 10:15:00+05:30,BULLISH,20.0,19.0,False,False
15,5.399999999999999,2025-08-14,2025-08-08 10:15:00+05:30,BULLISH,20.0,19.0,False,False
6,25.25,2025-08-21,2025-08-14 10:15:00+05:30,BULLISH,25.25,23.987499999999997,True,True
7,21.25,2025-08-21,2025-08-14 10:15:00+05:30,BULLISH,25.25,23.987499999999997,False,False
8,18.349999999999994,2025-08-21,2025-08-14 10:15:00+05:30,BULLISH,25.25,23.987499999999997,False,False
9,16.05,2025-08-21,2025-08-14 10:15:00+05:30,BULLISH,25.25,23.987499999999997,False,False
10,14.100000000000001,2025-08-21,2025-08-14 10:15:00+05:30,BULLISH,25.25,23.987499999999997,False,False
11,12.799999999999997,2025-08-21,2025-08-14 10:15:00+05:30,BULLISH,25.25,23.987499999999997,False,False
12,11.05,2025-08-21,2025-08-14 10:15:00+05:30,BULLISH,25.25,23.987499999999997,False,False
13,9.550000000000002,2025-08-21,2025-08-14 10:15:00+05:30,BULLISH,25.25,23.987499999999997,False,False
14,9.249999999999998,2025-08-21,2025-08-14 10:15:00+05:30,BULLISH,25.25,23.987499999999997,False,False
15,8.249999999999996,2025-08-21,2025-08-14 10:15:00+05:30,BULLISH,25.25,23.987499999999997,False,False
6,21.199999999999996,2025-09-02,2025-08-26 10:15:00+05:30,BULLISH,21.199999999999996,20.139999999999993,True,True
7,18.15,2025-09-02,2025-08-26 10:15:00+05:30,BULLISH,21.199999999999996,20.139999999999993,False,False
8,15.849999999999998,2025-09-02,2025-08-26 10:15:00+05:30,BULLISH,21.199999999999996,20.139999999999993,False,False
9,13.7,2025-09-02,2025-08-26 10:15:00+05:30,BULLISH,21.199999999999996,20.139999999999993,False,False
10,12.149999999999999,2025-09-02,2025-08-26 10:15:00+05:30,BULLISH,21.199999999999996,20.139999999999993,False,False
11,10.899999999999999,2025-09-02,2025-08-26 10:15:00+05:30,BULLISH,21.199999999999996,20.139999999999993,False,False
12,10.249999999999998,2025-09-02,2025-08-26 10:15:00+05:30,BULLISH,21.199999999999996,20.139999999999993,False,False
13,9.3,2025-09-02,2025-08-26 10:15:00+05:30,BULLISH,21.199999999999996,20.139999999999993,False,False
14,8.6,2025-09-02,2025-08-26 10:15:00+05:30,BULLISH,21.199999999999996,20.139999999999993,False,False
15,8.049999999999999,2025-09-02,2025-08-26 10:15:00+05:30,BULLISH,21.199999999999996,20.139999999999993,False,False
6,11.899999999999999,2025-09-09,2025-09-03 10:15:00+05:30,BULLISH,11.899999999999999,11.304999999999998,True,True
7,9.849999999999998,2025-09-09,2025-09-03 10:15:00+05:30,BULLISH,11.899999999999999,11.304999999999998,False,False
8,8.150000000000002,2025-09-09,2025-09-03 10:15:00+05:30,BULLISH,11.899999999999999,11.304999999999998,False,False
9,6.85,2025-09-09,2025-09-03 10:15:00+05:30,BULLISH,11.899999999999999,11.304999999999998,False,False
10,6.100000000000001,2025-09-09,2025-09-03 10:15:00+05:30,BULLISH,11.899999999999999,11.304999999999998,False,False
11,5.600000000000001,2025-09-09,2025-09-03 10:15:00+05:30,BULLISH,11.899999999999999,11.304999999999998,False,False
12,4.75,2025-09-09,2025-09-03 10:15:00+05:30,BULLISH,11.899999999999999,11.304999999999998,False,False
13,4.549999999999999,2025-09-09,2025-09-03 10:15:00+05:30,BULLISH,11.899999999999999,11.304999999999998,False,False
14,4.350000000000001,2025-09-09,2025-09-03 10:15:00+05:30,BULLISH,11.899999999999999,11.304999999999998,False,False
15,3.8,2025-09-09,2025-09-03 10:15:00+05:30,BULLISH,11.899999999999999,11.304999999999998,False,False
6,13.400000000000002,2025-09-16,2025-09-10 10:15:00+05:30,BULLISH,13.400000000000002,12.730000000000002,True,True
7,11.199999999999996,2025-09-16,2025-09-10 10:15:00+05:30,BULLISH,13.400000000000002,12.730000000000002,False,False
8,9.450000000000003,2025-09-16,2025-09-10 10:15:00+05:30,BULLISH,13.400000000000002,12.730000000000002,False,False
9,8.45,2025-09-16,2025-09-10 10:15:00+05:30,BULLISH,13.400000000000002,12.730000000000002,False,False
10,7.35,2025-09-16,2025-09-10 10:15:00+05:30,BULLISH,13.400000000000002,12.730000000000002,False,False
11,6.700000000000001,2025-09-16,2025-09-10 10:15:00+05:30,BULLISH,13.400000000000002,12.730000000000002,False,False
12,5.950000000000001,2025-09-16,2025-09-10 10:15:00+05:30,BULLISH,13.400000000000002,12.730000000000002,False,False
13,5.549999999999999,2025-09-16,2025-09-10 10:15:00+05:30,BULLISH,13.400000000000002,12.730000000000002,False,False
14,5.249999999999999,2025-09-16,2025-09-10 10:15:00+05:30,BULLISH,13.400000000000002,12.730000000000002,False,False
15,4.850000000000001,2025-09-16,2025-09-10 10:15:00+05:30,BULLISH,13.400000000000002,12.730000000000002,False,False
6,9.349999999999998,2025-09-23,2025-09-17 10:15:00+05:30,BULLISH,9.349999999999998,8.882499999999997,True,True
7,8.65,2025-09-23,2025-09-17 10:15:00+05:30,BULLISH,9.349999999999998,8.882499999999997,False,False
8,7.850000000000001,2025-09-23,2025-09-17 10:15:00+05:30,BULLISH,9.349999999999998,8.882499999999997,False,False
9,7.099999999999998,2025-09-23,2025-09-17 10:15:00+05:30,BULLISH,9.349999999999998,8.882499999999997,False,False
10,6.5,2025-09-23,2025-09-17 10:15:00+05:30,BULLISH,9.349999999999998,8.882499999999997,False,False
11,6.050000000000001,2025-09-23,2025-09-17 10:15:00+05:30,BULLISH,9.349999999999998,8.882499999999997,False,False
12,5.650000000000001,2025-09-23,2025-09-17 10:15:00+05:30,BULLISH,9.349999999999998,8.882499999999997,False,False
13,5.400000000000001,2025-09-23,2025-09-17 10:15:00+05:30,BULLISH,9.349999999999998,8.882499999999997,False,False
14,5.15,2025-09-23,2025-09-17 10:15:00+05:30,BULLISH,9.349999999999998,8.882499999999997,False,False
15,4.8500000000000005,2025-09-23,2025-09-17 10:15:00+05:30,BULLISH,9.349999999999998,8.882499999999997,False,False
6,26.400000000000006,2025-10-07,2025-09-30 10:15:00+05:30,BULLISH,26.400000000000006,25.080000000000005,True,True
7,22.799999999999997,2025-10-07,2025-09-30 10:15:00+05:30,BULLISH,26.400000000000006,25.080000000000005,False,False
8,19.25,2025-10-07,2025-09-30 10:15:00+05:30,BULLISH,26.400000000000006,25.080000000000005,False,False
9,16.85,2025-10-07,2025-09-30 10:15:00+05:30,BULLISH,26.400000000000006,25.080000000000005,False,False
10,14.799999999999997,2025-10-07,2025-09-30 10:15:00+05:30,BULLISH,26.400000000000006,25.080000000000005,False,False
11,13.25,2025-10-07,2025-09-30 10:15:00+05:30,BULLISH,26.400000000000006,25.080000000000005,False,False
12,11.55,2025-10-07,2025-09-30 10:15:00+05:30,BULLISH,26.400000000000006,25.080000000000005,False,False
13,10.249999999999998,2025-10-07,2025-09-30 10:15:00+05:30,BULLISH,26.400000000000006,25.080000000000005,False,False
14,9.4,2025-10-07,2025-09-30 10:15:00+05:30,BULLISH,26.400000000000006,25.080000000000005,False,False
15,8.499999999999996,2025-10-07,2025-09-30 10:15:00+05:30,BULLISH,26.400000000000006,25.080000000000005,False,False
6,18.949999999999996,2025-10-14,2025-10-07 10:15:00+05:30,BULLISH,18.949999999999996,18.002499999999994,True,True
7,16.200000000000003,2025-10-14,2025-10-07 10:15:00+05:30,BULLISH,18.949999999999996,18.002499999999994,False,False
8,14.450000000000003,2025-10-14,2025-10-07 10:15:00+05:30,BULLISH,18.949999999999996,18.002499999999994,False,False
9,13.05,2025-10-14,2025-10-07 10:15:00+05:30,BULLISH,18.949999999999996,18.002499999999994,False,False
10,11.55,2025-10-14,2025-10-07 10:15:00+05:30,BULLISH,18.949999999999996,18.002499999999994,False,False
11,10.3,2025-10-14,2025-10-07 10:15:00+05:30,BULLISH,18.949999999999996,18.002499999999994,False,False
12,9.599999999999998,2025-10-14,2025-10-07 10:15:00+05:30,BULLISH,18.949999999999996,18.002499999999994,False,False
13,8.8,2025-10-14,2025-10-07 10:15:00+05:30,BULLISH,18.949999999999996,18.002499999999994,False,False
14,8.049999999999999,2025-10-14,2025-10-07 10:15:00+05:30,BULLISH,18.949999999999996,18.002499999999994,False,False
15,7.550000000000001,2025-10-14,2025-10-07 10:15:00+05:30,BULLISH,18.949999999999996,18.002499999999994,False,False
6,28.85,2025-11-04,2025-10-29 10:15:00+05:30,BEARISH,28.85,27.4075,True,True
7,22.799999999999997,2025-11-04,2025-10-29 10:15:00+05:30,BEARISH,28.85,27.4075,False,False
8,18.349999999999994,2025-11-04,2025-10-29 10:15:00+05:30,BEARISH,28.85,27.4075,False,False
9,14.650000000000006,2025-11-04,2025-10-29 10:15:00+05:30,BEARISH,28.85,27.4075,False,False
10,10.749999999999996,2025-11-04,2025-10-29 10:15:00+05:30,BEARISH,28.85,27.4075,False,False
11,8.3,2025-11-04,2025-10-29 10:15:00+05:30,BEARISH,28.85,27.4075,False,False
12,6.5,2025-11-04,2025-10-29 10:15:00+05:30,BEARISH,28.85,27.4075,False,False
13,5.300000000000001,2025-11-04,2025-10-29 10:15:00+05:30,BEARISH,28.85,27.4075,False,False
14,4.35,2025-11-04,2025-10-29 10:15:00+05:30,BEARISH,28.85,27.4075,False,False
15,3.75,2025-11-04,2025-10-29 10:15:00+05:30,BEARISH,28.85,27.4075,False,False
6,25.60000000000001,2025-11-11,2025-11-04 10:15:00+05:30,BULLISH,25.60000000000001,24.320000000000007,True,True
7,20.9,2025-11-11,2025-11-04 10:15:00+05:30,BULLISH,25.60000000000001,24.320000000000007,False,False
8,17.099999999999994,2025-11-11,2025-11-04 10:15:00+05:30,BULLISH,25.60000000000001,24.320000000000007,False,False
9,14.249999999999996,2025-11-11,2025-11-04 10:15:00+05:30,BULLISH,25.60000000000001,24.320000000000007,False,False
10,12.5,2025-11-11,2025-11-04 10:15:00+05:30,BULLISH,25.60000000000001,24.320000000000007,False,False
11,10.099999999999998,2025-11-11,2025-11-04 10:15:00+05:30,BULLISH,25.60000000000001,24.320000000000007,False,False
12,8.849999999999998,2025-11-11,2025-11-04 10:15:00+05:30,BULLISH,25.60000000000001,24.320000000000007,False,False
13,7.800000000000001,2025-11-11,2025-11-04 10:15:00+05:30,BULLISH,25.60000000000001,24.320000000000007,False,False
14,6.200000000000001,2025-11-11,2025-11-04 10:15:00+05:30,BULLISH,25.60000000000001,24.320000000000007,False,False
15,5.6,2025-11-11,2025-11-04 10:15:00+05:30,BULLISH,25.60000000000001,24.320000000000007,False,False
6,20.049999999999997,2025-11-18,2025-11-12 10:15:00+05:30,BULLISH,20.049999999999997,19.047499999999996,True,True
7,16.999999999999996,2025-11-18,2025-11-12 10:15:00+05:30,BULLISH,20.049999999999997,19.047499999999996,False,False
8,14.450000000000006,2025-11-18,2025-11-12 10:15:00+05:30,BULLISH,20.049999999999997,19.047499999999996,False,False
9,12.149999999999999,2025-11-18,2025-11-12 10:15:00+05:30,BULLISH,20.049999999999997,19.047499999999996,False,False
10,11.149999999999999,2025-11-18,2025-11-12 10:15:00+05:30,BULLISH,20.049999999999997,19.047499999999996,False,False
11,9.8,2025-11-18,2025-11-12 10:15:00+05:30,BULLISH,20.049999999999997,19.047499999999996,False,False
12,8.75,2025-11-18,2025-11-12 10:15:00+05:30,BULLISH,20.049999999999997,19.047499999999996,False,False
13,8.0,2025-11-18,2025-11-12 10:15:00+05:30,BULLISH,20.049999999999997,19.047499999999996,False,False
14,7.600000000000001,2025-11-18,2025-11-12 10:15:00+05:30,BULLISH,20.049999999999997,19.047499999999996,False,False
15,7.050000000000001,2025-11-18,2025-11-12 10:15:00+05:30,BULLISH,20.049999999999997,19.047499999999996,False,False
6,17.5,2025-12-02,2025-11-26 10:15:00+05:30,BULLISH,17.5,16.625,True,True
7,14.05,2025-12-02,2025-11-26 10:15:00+05:30,BULLISH,17.5,16.625,False,False
8,11.500000000000004,2025-12-02,2025-11-26 10:15:00+05:30,BULLISH,17.5,16.625,False,False
9,9.749999999999996,2025-12-02,2025-11-26 10:15:00+05:30,BULLISH,17.5,16.625,False,False
10,8.550000000000004,2025-12-02,2025-11-26 10:15:00+05:30,BULLISH,17.5,16.625,False,False
11,7.4,2025-12-02,2025-11-26 10:15:00+05:30,BULLISH,17.5,16.625,False,False
12,6.550000000000001,2025-12-02,2025-11-26 10:15:00+05:30,BULLISH,17.5,16.625,False,False
13,6.1,2025-12-02,2025-11-26 10:15:00+05:30,BULLISH,17.5,16.625,False,False
14,5.25,2025-12-02,2025-11-26 10:15:00+05:30,BULLISH,17.5,16.625,False,False
15,4.800000000000001,2025-12-02,2025-11-26 10:15:00+05:30,BULLISH,17.5,16.625,False,False
6,15.399999999999999,2025-12-09,2025-12-03 10:15:00+05:30,BULLISH,15.399999999999999,14.629999999999997,True,True
7,12.149999999999999,2025-12-09,2025-12-03 10:15:00+05:30,BULLISH,15.399999999999999,14.629999999999997,False,False
8,9.75,2025-12-09,2025-12-03 10:15:00+05:30,BULLISH,15.399999999999999,14.629999999999997,False,False
9,8.5,2025-12-09,2025-12-03 10:15:00+05:30,BULLISH,15.399999999999999,14.629999999999997,False,False
10,7.350000000000001,2025-12-09,2025-12-03 10:15:00+05:30,BULLISH,15.399999999999999,14.629999999999997,False,False
11,6.499999999999998,2025-12-09,2025-12-03 10:15:00+05:30,BULLISH,15.399999999999999,14.629999999999997,False,False
12,5.75,2025-12-09,2025-12-03 10:15:00+05:30,BULLISH,15.399999999999999,14.629999999999997,False,False
13,5.15,2025-12-09,2025-12-03 10:15:00+05:30,BULLISH,15.399999999999999,14.629999999999997,False,False
14,4.699999999999999,2025-12-09,2025-12-03 10:15:00+05:30,BULLISH,15.399999999999999,14.629999999999997,False,False
15,4.35,2025-12-09,2025-12-03 10:15:00+05:30,BULLISH,15.399999999999999,14.629999999999997,False,False
6,11.999999999999993,2025-12-16,2025-12-10 10:15:00+05:30,BULLISH,11.999999999999993,11.399999999999993,True,True
7,10.300000000000004,2025-12-16,2025-12-10 10:15:00+05:30,BULLISH,11.999999999999993,11.399999999999993,False,False
8,8.100000000000001,2025-12-16,2025-12-10 10:15:00+05:30,BULLISH,11.999999999999993,11.399999999999993,False,False
9,6.75,2025-12-16,2025-12-10 10:15:00+05:30,BULLISH,11.999999999999993,11.399999999999993,False,False
10,5.9999999999999964,2025-12-16,2025-12-10 10:15:00+05:30,BULLISH,11.999999999999993,11.399999999999993,False,False
11,5.4,2025-12-16,2025-12-10 10:15:00+05:30,BULLISH,11.999999999999993,11.399999999999993,False,False
12,5.15,2025-12-16,2025-12-10 10:15:00+05:30,BULLISH,11.999999999999993,11.399999999999993,False,False
13,4.9,2025-12-16,2025-12-10 10:15:00+05:30,BULLISH,11.999999999999993,11.399999999999993,False,False
14,4.65,2025-12-16,2025-12-10 10:15:00+05:30,BULLISH,11.999999999999993,11.399999999999993,False,False
15,4.449999999999999,2025-12-16,2025-12-10 10:15:00+05:30,BULLISH,11.999999999999993,11.399999999999993,False,False
6,11.899999999999999,2025-12-23,2025-12-17 10:15:00+05:30,BULLISH,11.899999999999999,11.304999999999998,True,True
7,9.600000000000001,2025-12-23,2025-12-17 10:15:00+05:30,BULLISH,11.899999999999999,11.304999999999998,False,False
8,7.850000000000001,2025-12-23,2025-12-17 10:15:00+05:30,BULLISH,11.899999999999999,11.304999999999998,False,False
9,6.449999999999999,2025-12-23,2025-12-17 10:15:00+05:30,BULLISH,11.899999999999999,11.304999999999998,False,False
10,5.700000000000001,2025-12-23,2025-12-17 10:15:00+05:30,BULLISH,11.899999999999999,11.304999999999998,False,False
11,5.4,2025-12-23,2025-12-17 10:15:00+05:30,BULLISH,11.899999999999999,11.304999999999998,False,False
12,4.8500000000000005,2025-12-23,2025-12-17 10:15:00+05:30,BULLISH,11.899999999999999,11.304999999999998,False,False
13,4.6000000000000005,2025-12-23,2025-12-17 10:15:00+05:30,BULLISH,11.899999999999999,11.304999999999998,False,False
14,4.4,2025-12-23,2025-12-17 10:15:00+05:30,BULLISH,11.899999999999999,11.304999999999998,False,False
15,4.299999999999999,2025-12-23,2025-12-17 10:15:00+05:30,BULLISH,11.899999999999999,11.304999999999998,False,False
6,5.100000000000003,2026-01-06,2025-12-31 10:15:00+05:30,BULLISH,5.100000000000003,4.845000000000002,True,True
7,4.6,2026-01-06,2025-12-31 10:15:00+05:30,BULLISH,5.100000000000003,4.845000000000002,False,False
8,4.25,2026-01-06,2025-12-31 10:15:00+05:30,BULLISH,5.100000000000003,4.845000000000002,False,False
9,3.999999999999999,2026-01-06,2025-12-31 10:15:00+05:30,BULLISH,5.100000000000003,4.845000000000002,False,False
10,4.0,2026-01-06,2025-12-31 10:15:00+05:30,BULLISH,5.100000000000003,4.845000000000002,False,False
11,3.9000000000000004,2026-01-06,2025-12-31 10:15:00+05:30,BULLISH,5.100000000000003,4.845000000000002,False,False
12,3.4499999999999993,2026-01-06,2025-12-31 10:15:00+05:30,BULLISH,5.100000000000003,4.845000000000002,False,False
13,3.3499999999999996,2026-01-06,2025-12-31 10:15:00+05:30,BULLISH,5.100000000000003,4.845000000000002,False,False
14,3.0999999999999996,2026-01-06,2025-12-31 10:15:00+05:30,BULLISH,5.100000000000003,4.845000000000002,False,False
15,2.9499999999999997,2026-01-06,2025-12-31 10:15:00+05:30,BULLISH,5.100000000000003,4.845000000000002,False,False
6,6.899999999999999,2026-01-13,2026-01-07 10:15:00+05:30,BULLISH,6.899999999999999,6.554999999999998,True,True
7,5.750000000000002,2026-01-13,2026-01-07 10:15:00+05:30,BULLISH,6.899999999999999,6.554999999999998,False,False
8,4.800000000000001,2026-01-13,2026-01-07 10:15:00+05:30,BULLISH,6.899999999999999,6.554999999999998,False,False
9,4.5,2026-01-13,2026-01-07 10:15:00+05:30,BULLISH,6.899999999999999,6.554999999999998,False,False
10,4.45,2026-01-13,2026-01-07 10:15:00+05:30,BULLISH,6.899999999999999,6.554999999999998,False,False
11,4.25,2026-01-13,2026-01-07 10:15:00+05:30,BULLISH,6.899999999999999,6.554999999999998,False,False
12,4.199999999999999,2026-01-13,2026-01-07 10:15:00+05:30,BULLISH,6.899999999999999,6.554999999999998,False,False
13,3.9499999999999993,2026-01-13,2026-01-07 10:15:00+05:30,BULLISH,6.899999999999999,6.554999999999998,False,False
14,3.6000000000000005,2026-01-13,2026-01-07 10:15:00+05:30,BULLISH,6.899999999999999,6.554999999999998,False,False
15,3.5,2026-01-13,2026-01-07 10:15:00+05:30,BULLISH,6.899999999999999,6.554999999999998,False,False
6,30.700000000000003,2026-01-20,2026-01-13 10:15:00+05:30,BULLISH,30.700000000000003,29.165000000000003,True,True
7,26.75,2026-01-20,2026-01-13 10:15:00+05:30,BULLISH,30.700000000000003,29.165000000000003,False,False
8,22.700000000000003,2026-01-20,2026-01-13 10:15:00+05:30,BULLISH,30.700000000000003,29.165000000000003,False,False
9,20.049999999999997,2026-01-20,2026-01-13 10:15:00+05:30,BULLISH,30.700000000000003,29.165000000000003,False,False
10,18.0,2026-01-20,2026-01-13 10:15:00+05:30,BULLISH,30.700000000000003,29.165000000000003,False,False
11,15.25,2026-01-20,2026-01-13 10:15:00+05:30,BULLISH,30.700000000000003,29.165000000000003,False,False
12,13.850000000000001,2026-01-20,2026-01-13 10:15:00+05:30,BULLISH,30.700000000000003,29.165000000000003,False,False
13,12.55,2026-01-20,2026-01-13 10:15:00+05:30,BULLISH,30.700000000000003,29.165000000000003,False,False
14,11.049999999999997,2026-01-20,2026-01-13 10:15:00+05:30,BULLISH,30.700000000000003,29.165000000000003,False,False
15,9.900000000000002,2026-01-20,2026-01-13 10:15:00+05:30,BULLISH,30.700000000000003,29.165000000000003,False,False
6,58.349999999999994,2026-02-03,2026-01-29 10:15:00+05:30,BEARISH,58.349999999999994,55.43249999999999,True,True
7,50.20000000000002,2026-02-03,2026-01-29 10:15:00+05:30,BEARISH,58.349999999999994,55.43249999999999,False,False
8,42.650000000000006,2026-02-03,2026-01-29 10:15:00+05:30,BEARISH,58.349999999999994,55.43249999999999,False,False
9,36.599999999999994,2026-02-03,2026-01-29 10:15:00+05:30,BEARISH,58.349999999999994,55.43249999999999,False,False
10,31.5,2026-02-03,2026-01-29 10:15:00+05:30,BEARISH,58.349999999999994,55.43249999999999,False,False
11,27.150000000000006,2026-02-03,2026-01-29 10:15:00+05:30,BEARISH,58.349999999999994,55.43249999999999,False,False
12,23.400000000000006,2026-02-03,2026-01-29 10:15:00+05:30,BEARISH,58.349999999999994,55.43249999999999,False,False
13,20.050000000000004,2026-02-03,2026-01-29 10:15:00+05:30,BEARISH,58.349999999999994,55.43249999999999,False,False
14,17.4,2026-02-03,2026-01-29 10:15:00+05:30,BEARISH,58.349999999999994,55.43249999999999,False,False
15,15.2,2026-02-03,2026-01-29 10:15:00+05:30,BEARISH,58.349999999999994,55.43249999999999,False,False
6,43.5,2026-02-10,2026-02-04 10:15:00+05:30,BULLISH,43.5,41.324999999999996,True,True
7,37.74999999999999,2026-02-10,2026-02-04 10:15:00+05:30,BULLISH,43.5,41.324999999999996,False,False
8,33.1,2026-02-10,2026-02-04 10:15:00+05:30,BULLISH,43.5,41.324999999999996,False,False
9,29.25,2026-02-10,2026-02-04 10:15:00+05:30,BULLISH,43.5,41.324999999999996,False,False
10,25.700000000000003,2026-02-10,2026-02-04 10:15:00+05:30,BULLISH,43.5,41.324999999999996,False,False
11,22.800000000000004,2026-02-10,2026-02-04 10:15:00+05:30,BULLISH,43.5,41.324999999999996,False,False
12,20.449999999999996,2026-02-10,2026-02-04 10:15:00+05:30,BULLISH,43.5,41.324999999999996,False,False
13,18.400000000000006,2026-02-10,2026-02-04 10:15:00+05:30,BULLISH,43.5,41.324999999999996,False,False
14,17.100000000000005,2026-02-10,2026-02-04 10:15:00+05:30,BULLISH,43.5,41.324999999999996,False,False
15,15.75,2026-02-10,2026-02-04 10:15:00+05:30,BULLISH,43.5,41.324999999999996,False,False
6,19.199999999999996,2026-02-17,2026-02-11 10:15:00+05:30,BULLISH,19.199999999999996,18.239999999999995,True,True
7,17.35,2026-02-17,2026-02-11 10:15:00+05:30,BULLISH,19.199999999999996,18.239999999999995,False,False
8,15.3,2026-02-17,2026-02-11 10:15:00+05:30,BULLISH,19.199999999999996,18.239999999999995,False,False
9,13.45,2026-02-17,2026-02-11 10:15:00+05:30,BULLISH,19.199999999999996,18.239999999999995,False,False
10,12.3,2026-02-17,2026-02-11 10:15:00+05:30,BULLISH,19.199999999999996,18.239999999999995,False,False
11,11.349999999999998,2026-02-17,2026-02-11 10:15:00+05:30,BULLISH,19.199999999999996,18.239999999999995,False,False
12,10.599999999999998,2026-02-17,2026-02-11 10:15:00+05:30,BULLISH,19.199999999999996,18.239999999999995,False,False
13,10.05,2026-02-17,2026-02-11 10:15:00+05:30,BULLISH,19.199999999999996,18.239999999999995,False,False
14,9.549999999999999,2026-02-17,2026-02-11 10:15:00+05:30,BULLISH,19.199999999999996,18.239999999999995,False,False
15,9.15,2026-02-17,2026-02-11 10:15:00+05:30,BULLISH,19.199999999999996,18.239999999999995,False,False
6,51.45,2026-03-02,2026-02-24 10:15:00+05:30,BULLISH,51.45,48.8775,True,True
7,44.80000000000001,2026-03-02,2026-02-24 10:15:00+05:30,BULLISH,51.45,48.8775,False,False
8,39.199999999999996,2026-03-02,2026-02-24 10:15:00+05:30,BULLISH,51.45,48.8775,False,False
9,34.25,2026-03-02,2026-02-24 10:15:00+05:30,BULLISH,51.45,48.8775,False,False
10,29.949999999999996,2026-03-02,2026-02-24 10:15:00+05:30,BULLISH,51.45,48.8775,False,False
11,26.050000000000004,2026-03-02,2026-02-24 10:15:00+05:30,BULLISH,51.45,48.8775,False,False
12,22.85,2026-03-02,2026-02-24 10:15:00+05:30,BULLISH,51.45,48.8775,False,False
13,20.599999999999998,2026-03-02,2026-02-24 10:15:00+05:30,BULLISH,51.45,48.8775,False,False
14,18.55,2026-03-02,2026-02-24 10:15:00+05:30,BULLISH,51.45,48.8775,False,False
15,16.099999999999998,2026-03-02,2026-02-24 10:15:00+05:30,BULLISH,51.45,48.8775,False,False
6,165.65000000000003,2026-03-10,2026-03-04 10:15:00+05:30,BULLISH,165.65000000000003,157.36750000000004,True,True
7,155.59999999999997,2026-03-10,2026-03-04 10:15:00+05:30,BULLISH,165.65000000000003,157.36750000000004,False,False
8,146.29999999999998,2026-03-10,2026-03-04 10:15:00+05:30,BULLISH,165.65000000000003,157.36750000000004,False,False
9,137.14999999999998,2026-03-10,2026-03-04 10:15:00+05:30,BULLISH,165.65000000000003,157.36750000000004,False,False
10,128.95,2026-03-10,2026-03-04 10:15:00+05:30,BULLISH,165.65000000000003,157.36750000000004,False,False
11,121.90000000000003,2026-03-10,2026-03-04 10:15:00+05:30,BULLISH,165.65000000000003,157.36750000000004,False,False
12,114.90000000000003,2026-03-10,2026-03-04 10:15:00+05:30,BULLISH,165.65000000000003,157.36750000000004,False,False
13,108.75,2026-03-10,2026-03-04 10:15:00+05:30,BULLISH,165.65000000000003,157.36750000000004,False,False
14,102.55,2026-03-10,2026-03-04 10:15:00+05:30,BULLISH,165.65000000000003,157.36750000000004,False,False
15,96.99999999999999,2026-03-10,2026-03-04 10:15:00+05:30,BULLISH,165.65000000000003,157.36750000000004,False,False
6,117.25,2026-03-17,2026-03-11 10:15:00+05:30,BULLISH,117.25,111.38749999999999,True,True
7,107.1,2026-03-17,2026-03-11 10:15:00+05:30,BULLISH,117.25,111.38749999999999,False,False
8,97.95000000000002,2026-03-17,2026-03-11 10:15:00+05:30,BULLISH,117.25,111.38749999999999,False,False
9,90.30000000000001,2026-03-17,2026-03-11 10:15:00+05:30,BULLISH,117.25,111.38749999999999,False,False
10,83.15000000000002,2026-03-17,2026-03-11 10:15:00+05:30,BULLISH,117.25,111.38749999999999,False,False
11,76.10000000000001,2026-03-17,2026-03-11 10:15:00+05:30,BULLISH,117.25,111.38749999999999,False,False
12,69.65,2026-03-17,2026-03-11 10:15:00+05:30,BULLISH,117.25,111.38749999999999,False,False
13,63.650000000000006,2026-03-17,2026-03-11 10:15:00+05:30,BULLISH,117.25,111.38749999999999,False,False
14,58.849999999999994,2026-03-17,2026-03-11 10:15:00+05:30,BULLISH,117.25,111.38749999999999,False,False
15,53.94999999999999,2026-03-17,2026-03-11 10:15:00+05:30,BULLISH,117.25,111.38749999999999,False,False
6,92.0,2026-03-24,2026-03-18 10:15:00+05:30,BULLISH,92.0,87.39999999999999,True,True
7,83.70000000000002,2026-03-24,2026-03-18 10:15:00+05:30,BULLISH,92.0,87.39999999999999,False,False
8,76.75,2026-03-24,2026-03-18 10:15:00+05:30,BULLISH,92.0,87.39999999999999,False,False
9,70.2,2026-03-24,2026-03-18 10:15:00+05:30,BULLISH,92.0,87.39999999999999,False,False
10,64.3,2026-03-24,2026-03-18 10:15:00+05:30,BULLISH,92.0,87.39999999999999,False,False
11,59.10000000000001,2026-03-24,2026-03-18 10:15:00+05:30,BULLISH,92.0,87.39999999999999,False,False
12,54.5,2026-03-24,2026-03-18 10:15:00+05:30,BULLISH,92.0,87.39999999999999,False,False
13,50.25,2026-03-24,2026-03-18 10:15:00+05:30,BULLISH,92.0,87.39999999999999,False,False
14,46.099999999999994,2026-03-24,2026-03-18 10:15:00+05:30,BULLISH,92.0,87.39999999999999,False,False
15,42.749999999999986,2026-03-24,2026-03-18 10:15:00+05:30,BULLISH,92.0,87.39999999999999,False,False
6,196.7,2026-04-13,2026-04-07 10:15:00+05:30,BULLISH,196.7,186.86499999999998,True,True
7,183.2,2026-04-13,2026-04-07 10:15:00+05:30,BULLISH,196.7,186.86499999999998,False,False
8,170.64999999999998,2026-04-13,2026-04-07 10:15:00+05:30,BULLISH,196.7,186.86499999999998,False,False
9,156.6,2026-04-13,2026-04-07 10:15:00+05:30,BULLISH,196.7,186.86499999999998,False,False
10,145.2,2026-04-13,2026-04-07 10:15:00+05:30,BULLISH,196.7,186.86499999999998,False,False
11,135.39999999999998,2026-04-13,2026-04-07 10:15:00+05:30,BULLISH,196.7,186.86499999999998,False,False
12,125.05000000000001,2026-04-13,2026-04-07 10:15:00+05:30,BULLISH,196.7,186.86499999999998,False,False
13,114.80000000000001,2026-04-13,2026-04-07 10:15:00+05:30,BULLISH,196.7,186.86499999999998,False,False
14,105.19999999999999,2026-04-13,2026-04-07 10:15:00+05:30,BULLISH,196.7,186.86499999999998,False,False
15,97.49999999999999,2026-04-13,2026-04-07 10:15:00+05:30,BULLISH,196.7,186.86499999999998,False,False
6,79.60000000000001,2026-04-21,2026-04-15 10:15:00+05:30,BULLISH,79.60000000000001,75.62,True,True
7,71.60000000000002,2026-04-21,2026-04-15 10:15:00+05:30,BULLISH,79.60000000000001,75.62,False,False
8,63.400000000000006,2026-04-21,2026-04-15 10:15:00+05:30,BULLISH,79.60000000000001,75.62,False,False
9,56.60000000000001,2026-04-21,2026-04-15 10:15:00+05:30,BULLISH,79.60000000000001,75.62,False,False
10,50.75,2026-04-21,2026-04-15 10:15:00+05:30,BULLISH,79.60000000000001,75.62,False,False
11,44.95,2026-04-21,2026-04-15 10:15:00+05:30,BULLISH,79.60000000000001,75.62,False,False
12,40.199999999999996,2026-04-21,2026-04-15 10:15:00+05:30,BULLISH,79.60000000000001,75.62,False,False
13,36.349999999999994,2026-04-21,2026-04-15 10:15:00+05:30,BULLISH,79.60000000000001,75.62,False,False
14,32.4,2026-04-21,2026-04-15 10:15:00+05:30,BULLISH,79.60000000000001,75.62,False,False
15,28.75,2026-04-21,2026-04-15 10:15:00+05:30,BULLISH,79.60000000000001,75.62,False,False
6,69.05,2026-05-05,2026-04-28 10:15:00+05:30,BULLISH,69.05,65.5975,True,True
7,59.35000000000001,2026-05-05,2026-04-28 10:15:00+05:30,BULLISH,69.05,65.5975,False,False
8,51.10000000000001,2026-05-05,2026-04-28 10:15:00+05:30,BULLISH,69.05,65.5975,False,False
9,45.35000000000001,2026-05-05,2026-04-28 10:15:00+05:30,BULLISH,69.05,65.5975,False,False
10,38.6,2026-05-05,2026-04-28 10:15:00+05:30,BULLISH,69.05,65.5975,False,False
11,34.2,2026-05-05,2026-04-28 10:15:00+05:30,BULLISH,69.05,65.5975,False,False
12,29.299999999999997,2026-05-05,2026-04-28 10:15:00+05:30,BULLISH,69.05,65.5975,False,False
13,25.4,2026-05-05,2026-04-28 10:15:00+05:30,BULLISH,69.05,65.5975,False,False
14,22.300000000000004,2026-05-05,2026-04-28 10:15:00+05:30,BULLISH,69.05,65.5975,False,False
15,19.300000000000004,2026-05-05,2026-04-28 10:15:00+05:30,BULLISH,69.05,65.5975,False,False
6,47.8,2026-05-12,2026-05-06 10:15:00+05:30,BEARISH,47.8,45.41,True,True
7,39.5,2026-05-12,2026-05-06 10:15:00+05:30,BEARISH,47.8,45.41,False,False
8,31.849999999999994,2026-05-12,2026-05-06 10:15:00+05:30,BEARISH,47.8,45.41,False,False
9,25.849999999999994,2026-05-12,2026-05-06 10:15:00+05:30,BEARISH,47.8,45.41,False,False
10,20.75,2026-05-12,2026-05-06 10:15:00+05:30,BEARISH,47.8,45.41,False,False
11,16.650000000000006,2026-05-12,2026-05-06 10:15:00+05:30,BEARISH,47.8,45.41,False,False
12,13.449999999999996,2026-05-12,2026-05-06 10:15:00+05:30,BEARISH,47.8,45.41,False,False
13,10.900000000000002,2026-05-12,2026-05-06 10:15:00+05:30,BEARISH,47.8,45.41,False,False
14,8.899999999999999,2026-05-12,2026-05-06 10:15:00+05:30,BEARISH,47.8,45.41,False,False
15,7.400000000000002,2026-05-12,2026-05-06 10:15:00+05:30,BEARISH,47.8,45.41,False,False
6,83.39999999999998,2026-05-19,2026-05-13 10:15:00+05:30,BEARISH,83.39999999999998,79.22999999999998,True,True
7,72.24999999999997,2026-05-19,2026-05-13 10:15:00+05:30,BEARISH,83.39999999999998,79.22999999999998,False,False
8,62.45,2026-05-19,2026-05-13 10:15:00+05:30,BEARISH,83.39999999999998,79.22999999999998,False,False
9,53.099999999999994,2026-05-19,2026-05-13 10:15:00+05:30,BEARISH,83.39999999999998,79.22999999999998,False,False
10,45.94999999999999,2026-05-19,2026-05-13 10:15:00+05:30,BEARISH,83.39999999999998,79.22999999999998,False,False
11,39.35000000000001,2026-05-19,2026-05-13 10:15:00+05:30,BEARISH,83.39999999999998,79.22999999999998,False,False
12,33.85000000000001,2026-05-19,2026-05-13 10:15:00+05:30,BEARISH,83.39999999999998,79.22999999999998,False,False
13,28.849999999999987,2026-05-19,2026-05-13 10:15:00+05:30,BEARISH,83.39999999999998,79.22999999999998,False,False
14,24.85000000000001,2026-05-19,2026-05-13 10:15:00+05:30,BEARISH,83.39999999999998,79.22999999999998,False,False
15,21.5,2026-05-19,2026-05-13 10:15:00+05:30,BEARISH,83.39999999999998,79.22999999999998,False,False
6,41.099999999999994,2026-07-07,2026-06-29 10:15:00+05:30,BULLISH,41.099999999999994,39.044999999999995,True,True
7,34.65000000000001,2026-07-07,2026-06-29 10:15:00+05:30,BULLISH,41.099999999999994,39.044999999999995,False,False
8,28.20000000000001,2026-07-07,2026-06-29 10:15:00+05:30,BULLISH,41.099999999999994,39.044999999999995,False,False
9,23.799999999999997,2026-07-07,2026-06-29 10:15:00+05:30,BULLISH,41.099999999999994,39.044999999999995,False,False
10,19.549999999999997,2026-07-07,2026-06-29 10:15:00+05:30,BULLISH,41.099999999999994,39.044999999999995,False,False
11,16.15,2026-07-07,2026-06-29 10:15:00+05:30,BULLISH,41.099999999999994,39.044999999999995,False,False
12,13.799999999999997,2026-07-07,2026-06-29 10:15:00+05:30,BULLISH,41.099999999999994,39.044999999999995,False,False
13,11.7,2026-07-07,2026-06-29 10:15:00+05:30,BULLISH,41.099999999999994,39.044999999999995,False,False
14,9.850000000000001,2026-07-07,2026-06-29 10:15:00+05:30,BULLISH,41.099999999999994,39.044999999999995,False,False
15,9.149999999999999,2026-07-07,2026-06-29 10:15:00+05:30,BULLISH,41.099999999999994,39.044999999999995,False,False
