configuration_id,candidate_id,family_id,split,event_id,expiry,threshold_pct,parent_status,eligible,classification_reason,max_range_proxy_pct,expected_leg_count,observed_leg_count
fe6add04f5cb79f886ae,PH52-043,BEAR_CALL_SPREAD,development,01f752daf3bb0e90d7b1,2021-05-27,2,EXCLUDED_OHLC_RANGE_PROXY,False,OHLC_RANGE_PROXY_EXCEEDS_THRESHOLD,5.384615384615379,2,2
fe6add04f5cb79f886ae,PH52-043,BEAR_CALL_SPREAD,development,0ddaab2f8946678d3082,2021-12-09,2,EXCLUDED_OHLC_RANGE_PROXY,False,OHLC_RANGE_PROXY_EXCEEDS_THRESHOLD,13.180515759312314,2,2
fe6add04f5cb79f886ae,PH52-043,BEAR_CALL_SPREAD,development,044eef05c3277601504c,2022-06-16,2,EXCLUDED_OHLC_RANGE_PROXY,False,OHLC_RANGE_PROXY_EXCEEDS_THRESHOLD,10.924369747899156,2,2
fe6add04f5cb79f886ae,PH52-043,BEAR_CALL_SPREAD,development,307dafef42b72c870148,2022-12-15,2,EXCLUDED_OHLC_RANGE_PROXY,False,OHLC_RANGE_PROXY_EXCEEDS_THRESHOLD,5.957446808510648,2,2
fe6add04f5cb79f886ae,PH52-043,BEAR_CALL_SPREAD,development,c8a686f986a21faa7ed5,2023-06-22,2,EXCLUDED_OHLC_RANGE_PROXY,False,OHLC_RANGE_PROXY_EXCEEDS_THRESHOLD,12.765957446808503,2,2
fe6add04f5cb79f886ae,PH52-043,BEAR_CALL_SPREAD,development,84c7352397ed038c3ea2,2023-12-28,2,EXCLUDED_OHLC_RANGE_PROXY,False,OHLC_RANGE_PROXY_EXCEEDS_THRESHOLD,4.511278195488715,2,2
fe6add04f5cb79f886ae,PH52-043,BEAR_CALL_SPREAD,validation,f104c6f1662847c5bbcc,2024-01-04,2,EXCLUDED_OHLC_RANGE_PROXY,False,OHLC_RANGE_PROXY_EXCEEDS_THRESHOLD,8.63309352517985,2,2
fe6add04f5cb79f886ae,PH52-043,BEAR_CALL_SPREAD,validation,0cd34c6b63a9f995c503,2024-05-30,2,EXCLUDED_OHLC_RANGE_PROXY,False,OHLC_RANGE_PROXY_EXCEEDS_THRESHOLD,8.391608391608392,2,2
fe6add04f5cb79f886ae,PH52-043,BEAR_CALL_SPREAD,validation,75007ced19cb5e12e01f,2024-10-17,2,EXCLUDED_OHLC_RANGE_PROXY,False,OHLC_RANGE_PROXY_EXCEEDS_THRESHOLD,17.452830188679247,2,2
fe6add04f5cb79f886ae,PH52-043,BEAR_CALL_SPREAD,validation,8eb8f1add17ecb221cbd,2025-03-13,2,BLOCKED_LEG_ELIGIBILITY,False,REQUIRED_LEG_PRIOR_OI_BELOW_100,14.285714285714286,2,2
fe6add04f5cb79f886ae,PH52-043,BEAR_CALL_SPREAD,validation,14d9997729e438213524,2025-07-31,2,BLOCKED_LEG_ELIGIBILITY,False,REQUIRED_LEG_PRIOR_OI_BELOW_100,14.367816091954024,2,2
fe6add04f5cb79f886ae,PH52-043,BEAR_CALL_SPREAD,validation,4a919e0bde313b9b9ee1,2025-12-30,2,BLOCKED_LEG_ELIGIBILITY,False,REQUIRED_LEG_PRIOR_OI_BELOW_100,17.257683215130037,2,2
7fbbaa60e31b671300e2,PH52-043,BEAR_CALL_SPREAD,development,01f752daf3bb0e90d7b1,2021-05-27,2,EXCLUDED_OHLC_RANGE_PROXY,False,OHLC_RANGE_PROXY_EXCEEDS_THRESHOLD,5.246913580246912,2,2
7fbbaa60e31b671300e2,PH52-043,BEAR_CALL_SPREAD,development,0ddaab2f8946678d3082,2021-12-09,2,EXCLUDED_OHLC_RANGE_PROXY,False,OHLC_RANGE_PROXY_EXCEEDS_THRESHOLD,11.158798283261808,2,2
7fbbaa60e31b671300e2,PH52-043,BEAR_CALL_SPREAD,development,044eef05c3277601504c,2022-06-16,2,EXCLUDED_OHLC_RANGE_PROXY,False,OHLC_RANGE_PROXY_EXCEEDS_THRESHOLD,10.736196319018415,2,2
7fbbaa60e31b671300e2,PH52-043,BEAR_CALL_SPREAD,development,307dafef42b72c870148,2022-12-15,2,EXCLUDED_OHLC_RANGE_PROXY,False,OHLC_RANGE_PROXY_EXCEEDS_THRESHOLD,5.957446808510648,2,2
7fbbaa60e31b671300e2,PH52-043,BEAR_CALL_SPREAD,development,c8a686f986a21faa7ed5,2023-06-22,2,EXCLUDED_OHLC_RANGE_PROXY,False,OHLC_RANGE_PROXY_EXCEEDS_THRESHOLD,11.021505376344088,2,2
7fbbaa60e31b671300e2,PH52-043,BEAR_CALL_SPREAD,development,84c7352397ed038c3ea2,2023-12-28,2,EXCLUDED_OHLC_RANGE_PROXY,False,OHLC_RANGE_PROXY_EXCEEDS_THRESHOLD,4.341736694677863,2,2
7fbbaa60e31b671300e2,PH52-043,BEAR_CALL_SPREAD,validation,f104c6f1662847c5bbcc,2024-01-04,2,EXCLUDED_OHLC_RANGE_PROXY,False,OHLC_RANGE_PROXY_EXCEEDS_THRESHOLD,6.666666666666658,2,2
7fbbaa60e31b671300e2,PH52-043,BEAR_CALL_SPREAD,validation,0cd34c6b63a9f995c503,2024-05-30,2,EXCLUDED_OHLC_RANGE_PROXY,False,OHLC_RANGE_PROXY_EXCEEDS_THRESHOLD,8.620689655172415,2,2
7fbbaa60e31b671300e2,PH52-043,BEAR_CALL_SPREAD,validation,75007ced19cb5e12e01f,2024-10-17,2,EXCLUDED_OHLC_RANGE_PROXY,False,OHLC_RANGE_PROXY_EXCEEDS_THRESHOLD,17.452830188679247,2,2
7fbbaa60e31b671300e2,PH52-043,BEAR_CALL_SPREAD,validation,8eb8f1add17ecb221cbd,2025-03-13,2,BLOCKED_LEG_ELIGIBILITY,False,REQUIRED_LEG_PRIOR_OI_BELOW_100,14.285714285714286,2,2
7fbbaa60e31b671300e2,PH52-043,BEAR_CALL_SPREAD,validation,14d9997729e438213524,2025-07-31,2,BLOCKED_LEG_ELIGIBILITY,False,REQUIRED_LEG_PRIOR_OI_BELOW_100,12.925170068027214,2,2
7fbbaa60e31b671300e2,PH52-043,BEAR_CALL_SPREAD,validation,4a919e0bde313b9b9ee1,2025-12-30,2,BLOCKED_LEG_ELIGIBILITY,False,REQUIRED_LEG_PRIOR_OI_BELOW_100,17.257683215130037,2,2
16d864e72053099b92bd,PH52-043,BEAR_CALL_SPREAD,development,01f752daf3bb0e90d7b1,2021-05-27,2,EXCLUDED_OHLC_RANGE_PROXY,False,OHLC_RANGE_PROXY_EXCEEDS_THRESHOLD,5.9999999999999964,2,2
16d864e72053099b92bd,PH52-043,BEAR_CALL_SPREAD,development,0ddaab2f8946678d3082,2021-12-09,2,EXCLUDED_OHLC_RANGE_PROXY,False,OHLC_RANGE_PROXY_EXCEEDS_THRESHOLD,10.596026490066224,2,2
16d864e72053099b92bd,PH52-043,BEAR_CALL_SPREAD,development,044eef05c3277601504c,2022-06-16,2,EXCLUDED_OHLC_RANGE_PROXY,False,OHLC_RANGE_PROXY_EXCEEDS_THRESHOLD,9.78260869565216,2,2
16d864e72053099b92bd,PH52-043,BEAR_CALL_SPREAD,development,307dafef42b72c870148,2022-12-15,2,EXCLUDED_OHLC_RANGE_PROXY,False,OHLC_RANGE_PROXY_EXCEEDS_THRESHOLD,3.63636363636364,2,2
16d864e72053099b92bd,PH52-043,BEAR_CALL_SPREAD,development,c8a686f986a21faa7ed5,2023-06-22,2,EXCLUDED_OHLC_RANGE_PROXY,False,OHLC_RANGE_PROXY_EXCEEDS_THRESHOLD,7.547169811320744,2,2
16d864e72053099b92bd,PH52-043,BEAR_CALL_SPREAD,development,84c7352397ed038c3ea2,2023-12-28,2,EXCLUDED_OHLC_RANGE_PROXY,False,OHLC_RANGE_PROXY_EXCEEDS_THRESHOLD,4.784688995215311,2,2
16d864e72053099b92bd,PH52-043,BEAR_CALL_SPREAD,validation,f104c6f1662847c5bbcc,2024-01-04,2,EXCLUDED_OHLC_RANGE_PROXY,False,OHLC_RANGE_PROXY_EXCEEDS_THRESHOLD,5.882352941176485,2,2
16d864e72053099b92bd,PH52-043,BEAR_CALL_SPREAD,validation,0cd34c6b63a9f995c503,2024-05-30,2,EXCLUDED_OHLC_RANGE_PROXY,False,OHLC_RANGE_PROXY_EXCEEDS_THRESHOLD,8.739837398373977,2,2
16d864e72053099b92bd,PH52-043,BEAR_CALL_SPREAD,validation,75007ced19cb5e12e01f,2024-10-17,2,EXCLUDED_OHLC_RANGE_PROXY,False,OHLC_RANGE_PROXY_EXCEEDS_THRESHOLD,15.302491103202849,2,2
16d864e72053099b92bd,PH52-043,BEAR_CALL_SPREAD,validation,8eb8f1add17ecb221cbd,2025-03-13,2,BLOCKED_LEG_ELIGIBILITY,False,REQUIRED_LEG_PRIOR_OI_BELOW_100,12.37113402061857,2,2
16d864e72053099b92bd,PH52-043,BEAR_CALL_SPREAD,validation,14d9997729e438213524,2025-07-31,2,BLOCKED_LEG_ELIGIBILITY,False,REQUIRED_LEG_PRIOR_OI_BELOW_100,12.925170068027214,2,2
16d864e72053099b92bd,PH52-043,BEAR_CALL_SPREAD,validation,4a919e0bde313b9b9ee1,2025-12-30,2,BLOCKED_LEG_ELIGIBILITY,False,REQUIRED_LEG_PRIOR_OI_BELOW_100,17.187500000000007,2,2
996fe2c49ae57ab7d9a0,PH52-043,BEAR_CALL_SPREAD,development,01f752daf3bb0e90d7b1,2021-05-27,2,EXCLUDED_OHLC_RANGE_PROXY,False,OHLC_RANGE_PROXY_EXCEEDS_THRESHOLD,5.9999999999999964,2,2
996fe2c49ae57ab7d9a0,PH52-043,BEAR_CALL_SPREAD,development,0ddaab2f8946678d3082,2021-12-09,2,EXCLUDED_OHLC_RANGE_PROXY,False,OHLC_RANGE_PROXY_EXCEEDS_THRESHOLD,10.596026490066224,2,2
996fe2c49ae57ab7d9a0,PH52-043,BEAR_CALL_SPREAD,development,044eef05c3277601504c,2022-06-16,2,EXCLUDED_OHLC_RANGE_PROXY,False,OHLC_RANGE_PROXY_EXCEEDS_THRESHOLD,9.78260869565216,2,2
996fe2c49ae57ab7d9a0,PH52-043,BEAR_CALL_SPREAD,development,307dafef42b72c870148,2022-12-15,2,EXCLUDED_OHLC_RANGE_PROXY,False,OHLC_RANGE_PROXY_EXCEEDS_THRESHOLD,3.8461538461538494,2,2
996fe2c49ae57ab7d9a0,PH52-043,BEAR_CALL_SPREAD,development,c8a686f986a21faa7ed5,2023-06-22,2,EXCLUDED_OHLC_RANGE_PROXY,False,OHLC_RANGE_PROXY_EXCEEDS_THRESHOLD,7.547169811320744,2,2
996fe2c49ae57ab7d9a0,PH52-043,BEAR_CALL_SPREAD,development,84c7352397ed038c3ea2,2023-12-28,2,EXCLUDED_OHLC_RANGE_PROXY,False,OHLC_RANGE_PROXY_EXCEEDS_THRESHOLD,4.784688995215311,2,2
996fe2c49ae57ab7d9a0,PH52-043,BEAR_CALL_SPREAD,validation,f104c6f1662847c5bbcc,2024-01-04,2,EXCLUDED_OHLC_RANGE_PROXY,False,OHLC_RANGE_PROXY_EXCEEDS_THRESHOLD,7.1428571428571335,2,2
996fe2c49ae57ab7d9a0,PH52-043,BEAR_CALL_SPREAD,validation,0cd34c6b63a9f995c503,2024-05-30,2,EXCLUDED_OHLC_RANGE_PROXY,False,OHLC_RANGE_PROXY_EXCEEDS_THRESHOLD,8.739837398373977,2,2
996fe2c49ae57ab7d9a0,PH52-043,BEAR_CALL_SPREAD,validation,75007ced19cb5e12e01f,2024-10-17,2,EXCLUDED_OHLC_RANGE_PROXY,False,OHLC_RANGE_PROXY_EXCEEDS_THRESHOLD,15.302491103202849,2,2
996fe2c49ae57ab7d9a0,PH52-043,BEAR_CALL_SPREAD,validation,8eb8f1add17ecb221cbd,2025-03-13,2,BLOCKED_LEG_ELIGIBILITY,False,REQUIRED_LEG_PRIOR_OI_BELOW_100,12.37113402061857,2,2
996fe2c49ae57ab7d9a0,PH52-043,BEAR_CALL_SPREAD,validation,14d9997729e438213524,2025-07-31,2,BLOCKED_LEG_ELIGIBILITY,False,REQUIRED_LEG_PRIOR_OI_BELOW_100,12.385321100917428,2,2
996fe2c49ae57ab7d9a0,PH52-043,BEAR_CALL_SPREAD,validation,4a919e0bde313b9b9ee1,2025-12-30,2,BLOCKED_LEG_ELIGIBILITY,False,REQUIRED_LEG_PRIOR_OI_BELOW_100,15.51724137931035,2,2
60c2d16b969965ff2b15,PH52-043,BEAR_CALL_SPREAD,development,ce8e12389ff297becff9,2021-05-27,2,EXCLUDED_OHLC_RANGE_PROXY,False,OHLC_RANGE_PROXY_EXCEEDS_THRESHOLD,10.322580645161288,2,2
60c2d16b969965ff2b15,PH52-043,BEAR_CALL_SPREAD,development,061c004245393c77b5c7,2021-12-09,2,EXCLUDED_OHLC_RANGE_PROXY,False,OHLC_RANGE_PROXY_EXCEEDS_THRESHOLD,9.48509485094851,2,2
60c2d16b969965ff2b15,PH52-043,BEAR_CALL_SPREAD,development,b58d771555d73891d2fd,2022-06-16,2,EXCLUDED_OHLC_RANGE_PROXY,False,OHLC_RANGE_PROXY_EXCEEDS_THRESHOLD,22.22222222222222,2,2
60c2d16b969965ff2b15,PH52-043,BEAR_CALL_SPREAD,development,8c9b97c314b368f7a743,2022-12-15,2,EXCLUDED_OHLC_RANGE_PROXY,False,OHLC_RANGE_PROXY_EXCEEDS_THRESHOLD,8.231707317073157,2,2
60c2d16b969965ff2b15,PH52-043,BEAR_CALL_SPREAD,development,b2b9482e70f4a2ace098,2023-06-22,2,EXCLUDED_OHLC_RANGE_PROXY,False,OHLC_RANGE_PROXY_EXCEEDS_THRESHOLD,11.874999999999991,2,2
60c2d16b969965ff2b15,PH52-043,BEAR_CALL_SPREAD,development,804301753400916af24f,2023-12-28,2,EXCLUDED_OHLC_RANGE_PROXY,False,OHLC_RANGE_PROXY_EXCEEDS_THRESHOLD,12.962962962962964,2,2
60c2d16b969965ff2b15,PH52-043,BEAR_CALL_SPREAD,validation,c1472f0b801661762bc6,2024-01-04,2,EXCLUDED_OHLC_RANGE_PROXY,False,OHLC_RANGE_PROXY_EXCEEDS_THRESHOLD,17.58241758241759,2,2
60c2d16b969965ff2b15,PH52-043,BEAR_CALL_SPREAD,validation,1d33307443bd39106f13,2024-05-30,2,EXCLUDED_OHLC_RANGE_PROXY,False,OHLC_RANGE_PROXY_EXCEEDS_THRESHOLD,12.436548223350252,2,2
60c2d16b969965ff2b15,PH52-043,BEAR_CALL_SPREAD,validation,50696f11ab0417607875,2024-10-17,2,EXCLUDED_OHLC_RANGE_PROXY,False,OHLC_RANGE_PROXY_EXCEEDS_THRESHOLD,17.857142857142858,2,2
60c2d16b969965ff2b15,PH52-043,BEAR_CALL_SPREAD,validation,58a4c4843286bd3943a2,2025-03-13,2,BLOCKED_LEG_ELIGIBILITY,False,REQUIRED_LEG_PRIOR_OI_BELOW_100,10.0,2,2
60c2d16b969965ff2b15,PH52-043,BEAR_CALL_SPREAD,validation,e5919e2053dc59805884,2025-07-31,2,BLOCKED_LEG_ELIGIBILITY,False,REQUIRED_LEG_PRIOR_OI_BELOW_100,31.39158576051781,2,2
60c2d16b969965ff2b15,PH52-043,BEAR_CALL_SPREAD,validation,2744fff722d389044d25,2025-12-30,2,EXCLUDED_OHLC_RANGE_PROXY,False,OHLC_RANGE_PROXY_EXCEEDS_THRESHOLD,11.363636363636365,2,2
f96abfc5c945c889729f,PH52-043,BEAR_CALL_SPREAD,development,ce8e12389ff297becff9,2021-05-27,2,EXCLUDED_OHLC_RANGE_PROXY,False,OHLC_RANGE_PROXY_EXCEEDS_THRESHOLD,10.322580645161288,2,2
f96abfc5c945c889729f,PH52-043,BEAR_CALL_SPREAD,development,061c004245393c77b5c7,2021-12-09,2,EXCLUDED_OHLC_RANGE_PROXY,False,OHLC_RANGE_PROXY_EXCEEDS_THRESHOLD,9.48509485094851,2,2
f96abfc5c945c889729f,PH52-043,BEAR_CALL_SPREAD,development,b58d771555d73891d2fd,2022-06-16,2,EXCLUDED_OHLC_RANGE_PROXY,False,OHLC_RANGE_PROXY_EXCEEDS_THRESHOLD,21.229050279329606,2,2
f96abfc5c945c889729f,PH52-043,BEAR_CALL_SPREAD,development,8c9b97c314b368f7a743,2022-12-15,2,EXCLUDED_OHLC_RANGE_PROXY,False,OHLC_RANGE_PROXY_EXCEEDS_THRESHOLD,8.231707317073157,2,2
f96abfc5c945c889729f,PH52-043,BEAR_CALL_SPREAD,development,b2b9482e70f4a2ace098,2023-06-22,2,EXCLUDED_OHLC_RANGE_PROXY,False,OHLC_RANGE_PROXY_EXCEEDS_THRESHOLD,11.874999999999991,2,2
f96abfc5c945c889729f,PH52-043,BEAR_CALL_SPREAD,development,804301753400916af24f,2023-12-28,2,EXCLUDED_OHLC_RANGE_PROXY,False,OHLC_RANGE_PROXY_EXCEEDS_THRESHOLD,12.962962962962964,2,2
f96abfc5c945c889729f,PH52-043,BEAR_CALL_SPREAD,validation,c1472f0b801661762bc6,2024-01-04,2,EXCLUDED_OHLC_RANGE_PROXY,False,OHLC_RANGE_PROXY_EXCEEDS_THRESHOLD,17.58241758241759,2,2
f96abfc5c945c889729f,PH52-043,BEAR_CALL_SPREAD,validation,1d33307443bd39106f13,2024-05-30,2,EXCLUDED_OHLC_RANGE_PROXY,False,OHLC_RANGE_PROXY_EXCEEDS_THRESHOLD,12.436548223350252,2,2
f96abfc5c945c889729f,PH52-043,BEAR_CALL_SPREAD,validation,50696f11ab0417607875,2024-10-17,2,EXCLUDED_OHLC_RANGE_PROXY,False,OHLC_RANGE_PROXY_EXCEEDS_THRESHOLD,17.857142857142858,2,2
f96abfc5c945c889729f,PH52-043,BEAR_CALL_SPREAD,validation,58a4c4843286bd3943a2,2025-03-13,2,BLOCKED_LEG_ELIGIBILITY,False,REQUIRED_LEG_PRIOR_OI_BELOW_100,10.0,2,2
f96abfc5c945c889729f,PH52-043,BEAR_CALL_SPREAD,validation,e5919e2053dc59805884,2025-07-31,2,BLOCKED_LEG_ELIGIBILITY,False,REQUIRED_LEG_PRIOR_OI_BELOW_100,31.521739130434792,2,2
f96abfc5c945c889729f,PH52-043,BEAR_CALL_SPREAD,validation,2744fff722d389044d25,2025-12-30,2,EXCLUDED_OHLC_RANGE_PROXY,False,OHLC_RANGE_PROXY_EXCEEDS_THRESHOLD,11.363636363636365,2,2
31945d66866929a2f44e,PH52-043,BEAR_CALL_SPREAD,development,ce8e12389ff297becff9,2021-05-27,2,EXCLUDED_OHLC_RANGE_PROXY,False,OHLC_RANGE_PROXY_EXCEEDS_THRESHOLD,10.000000000000009,2,2
31945d66866929a2f44e,PH52-043,BEAR_CALL_SPREAD,development,061c004245393c77b5c7,2021-12-09,2,EXCLUDED_OHLC_RANGE_PROXY,False,OHLC_RANGE_PROXY_EXCEEDS_THRESHOLD,7.499999999999996,2,2
31945d66866929a2f44e,PH52-043,BEAR_CALL_SPREAD,development,b58d771555d73891d2fd,2022-06-16,2,EXCLUDED_OHLC_RANGE_PROXY,False,OHLC_RANGE_PROXY_EXCEEDS_THRESHOLD,21.73913043478261,2,2
31945d66866929a2f44e,PH52-043,BEAR_CALL_SPREAD,development,8c9b97c314b368f7a743,2022-12-15,2,EXCLUDED_OHLC_RANGE_PROXY,False,OHLC_RANGE_PROXY_EXCEEDS_THRESHOLD,7.142857142857159,2,2
31945d66866929a2f44e,PH52-043,BEAR_CALL_SPREAD,development,b2b9482e70f4a2ace098,2023-06-22,2,EXCLUDED_OHLC_RANGE_PROXY,False,OHLC_RANGE_PROXY_EXCEEDS_THRESHOLD,8.695652173913052,2,2
31945d66866929a2f44e,PH52-043,BEAR_CALL_SPREAD,development,804301753400916af24f,2023-12-28,2,EXCLUDED_OHLC_RANGE_PROXY,False,OHLC_RANGE_PROXY_EXCEEDS_THRESHOLD,9.803921568627452,2,2
31945d66866929a2f44e,PH52-043,BEAR_CALL_SPREAD,validation,c1472f0b801661762bc6,2024-01-04,2,EXCLUDED_OHLC_RANGE_PROXY,False,OHLC_RANGE_PROXY_EXCEEDS_THRESHOLD,15.384615384615381,2,2
31945d66866929a2f44e,PH52-043,BEAR_CALL_SPREAD,validation,1d33307443bd39106f13,2024-05-30,2,EXCLUDED_OHLC_RANGE_PROXY,False,OHLC_RANGE_PROXY_EXCEEDS_THRESHOLD,12.22222222222222,2,2
31945d66866929a2f44e,PH52-043,BEAR_CALL_SPREAD,validation,50696f11ab0417607875,2024-10-17,2,EXCLUDED_OHLC_RANGE_PROXY,False,OHLC_RANGE_PROXY_EXCEEDS_THRESHOLD,14.285714285714299,2,2
31945d66866929a2f44e,PH52-043,BEAR_CALL_SPREAD,validation,58a4c4843286bd3943a2,2025-03-13,2,BLOCKED_LEG_ELIGIBILITY,False,REQUIRED_LEG_PRIOR_OI_BELOW_100,8.510638297872347,2,2
31945d66866929a2f44e,PH52-043,BEAR_CALL_SPREAD,validation,e5919e2053dc59805884,2025-07-31,2,BLOCKED_LEG_ELIGIBILITY,False,REQUIRED_LEG_PRIOR_OI_BELOW_100,34.78260869565216,2,2
31945d66866929a2f44e,PH52-043,BEAR_CALL_SPREAD,validation,2744fff722d389044d25,2025-12-30,2,EXCLUDED_OHLC_RANGE_PROXY,False,OHLC_RANGE_PROXY_EXCEEDS_THRESHOLD,8.333333333333341,2,2
1a0635bb11fffe02e510,PH52-043,BEAR_CALL_SPREAD,development,ce8e12389ff297becff9,2021-05-27,2,EXCLUDED_OHLC_RANGE_PROXY,False,OHLC_RANGE_PROXY_EXCEEDS_THRESHOLD,14.285714285714299,2,2
1a0635bb11fffe02e510,PH52-043,BEAR_CALL_SPREAD,development,061c004245393c77b5c7,2021-12-09,2,EXCLUDED_OHLC_RANGE_PROXY,False,OHLC_RANGE_PROXY_EXCEEDS_THRESHOLD,9.090909090909099,2,2
1a0635bb11fffe02e510,PH52-043,BEAR_CALL_SPREAD,development,b58d771555d73891d2fd,2022-06-16,2,EXCLUDED_OHLC_RANGE_PROXY,False,OHLC_RANGE_PROXY_EXCEEDS_THRESHOLD,21.73913043478261,2,2
1a0635bb11fffe02e510,PH52-043,BEAR_CALL_SPREAD,development,8c9b97c314b368f7a743,2022-12-15,2,EXCLUDED_OHLC_RANGE_PROXY,False,OHLC_RANGE_PROXY_EXCEEDS_THRESHOLD,8.571428571428566,2,2
1a0635bb11fffe02e510,PH52-043,BEAR_CALL_SPREAD,development,b2b9482e70f4a2ace098,2023-06-22,2,EXCLUDED_OHLC_RANGE_PROXY,False,OHLC_RANGE_PROXY_EXCEEDS_THRESHOLD,6.250000000000005,2,2
1a0635bb11fffe02e510,PH52-043,BEAR_CALL_SPREAD,development,804301753400916af24f,2023-12-28,2,EXCLUDED_OHLC_RANGE_PROXY,False,OHLC_RANGE_PROXY_EXCEEDS_THRESHOLD,9.803921568627452,2,2
1a0635bb11fffe02e510,PH52-043,BEAR_CALL_SPREAD,validation,c1472f0b801661762bc6,2024-01-04,2,EXCLUDED_OHLC_RANGE_PROXY,False,OHLC_RANGE_PROXY_EXCEEDS_THRESHOLD,19.999999999999996,2,2
1a0635bb11fffe02e510,PH52-043,BEAR_CALL_SPREAD,validation,1d33307443bd39106f13,2024-05-30,2,EXCLUDED_OHLC_RANGE_PROXY,False,OHLC_RANGE_PROXY_EXCEEDS_THRESHOLD,12.056737588652478,2,2
1a0635bb11fffe02e510,PH52-043,BEAR_CALL_SPREAD,validation,50696f11ab0417607875,2024-10-17,2,EXCLUDED_OHLC_RANGE_PROXY,False,OHLC_RANGE_PROXY_EXCEEDS_THRESHOLD,14.285714285714288,2,2
1a0635bb11fffe02e510,PH52-043,BEAR_CALL_SPREAD,validation,58a4c4843286bd3943a2,2025-03-13,2,BLOCKED_LEG_ELIGIBILITY,False,REQUIRED_LEG_PRIOR_OI_BELOW_100,8.510638297872347,2,2
1a0635bb11fffe02e510,PH52-043,BEAR_CALL_SPREAD,validation,e5919e2053dc59805884,2025-07-31,2,BLOCKED_LEG_ELIGIBILITY,False,REQUIRED_LEG_PRIOR_OI_BELOW_100,34.78260869565216,2,2
1a0635bb11fffe02e510,PH52-043,BEAR_CALL_SPREAD,validation,2744fff722d389044d25,2025-12-30,2,EXCLUDED_OHLC_RANGE_PROXY,False,OHLC_RANGE_PROXY_EXCEEDS_THRESHOLD,7.1428571428571495,2,2
060d90e4f65e45f6cff8,PH52-025,BULL_CALL_SPREAD,development,01f752daf3bb0e90d7b1,2021-05-27,2,EXCLUDED_OHLC_RANGE_PROXY,False,OHLC_RANGE_PROXY_EXCEEDS_THRESHOLD,5.384615384615379,2,2
060d90e4f65e45f6cff8,PH52-025,BULL_CALL_SPREAD,development,0ddaab2f8946678d3082,2021-12-09,2,EXCLUDED_OHLC_RANGE_PROXY,False,OHLC_RANGE_PROXY_EXCEEDS_THRESHOLD,13.180515759312314,2,2
060d90e4f65e45f6cff8,PH52-025,BULL_CALL_SPREAD,development,044eef05c3277601504c,2022-06-16,2,EXCLUDED_OHLC_RANGE_PROXY,False,OHLC_RANGE_PROXY_EXCEEDS_THRESHOLD,10.924369747899156,2,2
060d90e4f65e45f6cff8,PH52-025,BULL_CALL_SPREAD,development,307dafef42b72c870148,2022-12-15,2,EXCLUDED_OHLC_RANGE_PROXY,False,OHLC_RANGE_PROXY_EXCEEDS_THRESHOLD,5.957446808510648,2,2
060d90e4f65e45f6cff8,PH52-025,BULL_CALL_SPREAD,development,c8a686f986a21faa7ed5,2023-06-22,2,EXCLUDED_OHLC_RANGE_PROXY,False,OHLC_RANGE_PROXY_EXCEEDS_THRESHOLD,12.765957446808503,2,2
060d90e4f65e45f6cff8,PH52-025,BULL_CALL_SPREAD,development,84c7352397ed038c3ea2,2023-12-28,2,EXCLUDED_OHLC_RANGE_PROXY,False,OHLC_RANGE_PROXY_EXCEEDS_THRESHOLD,4.511278195488715,2,2
060d90e4f65e45f6cff8,PH52-025,BULL_CALL_SPREAD,validation,f104c6f1662847c5bbcc,2024-01-04,2,EXCLUDED_OHLC_RANGE_PROXY,False,OHLC_RANGE_PROXY_EXCEEDS_THRESHOLD,8.63309352517985,2,2
060d90e4f65e45f6cff8,PH52-025,BULL_CALL_SPREAD,validation,0cd34c6b63a9f995c503,2024-05-30,2,EXCLUDED_OHLC_RANGE_PROXY,False,OHLC_RANGE_PROXY_EXCEEDS_THRESHOLD,8.391608391608392,2,2
060d90e4f65e45f6cff8,PH52-025,BULL_CALL_SPREAD,validation,75007ced19cb5e12e01f,2024-10-17,2,EXCLUDED_OHLC_RANGE_PROXY,False,OHLC_RANGE_PROXY_EXCEEDS_THRESHOLD,17.452830188679247,2,2
060d90e4f65e45f6cff8,PH52-025,BULL_CALL_SPREAD,validation,8eb8f1add17ecb221cbd,2025-03-13,2,BLOCKED_LEG_ELIGIBILITY,False,REQUIRED_LEG_PRIOR_OI_BELOW_100,14.285714285714286,2,2
060d90e4f65e45f6cff8,PH52-025,BULL_CALL_SPREAD,validation,14d9997729e438213524,2025-07-31,2,BLOCKED_LEG_ELIGIBILITY,False,REQUIRED_LEG_PRIOR_OI_BELOW_100,14.367816091954024,2,2
060d90e4f65e45f6cff8,PH52-025,BULL_CALL_SPREAD,validation,4a919e0bde313b9b9ee1,2025-12-30,2,BLOCKED_LEG_ELIGIBILITY,False,REQUIRED_LEG_PRIOR_OI_BELOW_100,17.257683215130037,2,2
15e3134481edf2a4beeb,PH52-025,BULL_CALL_SPREAD,development,01f752daf3bb0e90d7b1,2021-05-27,2,EXCLUDED_OHLC_RANGE_PROXY,False,OHLC_RANGE_PROXY_EXCEEDS_THRESHOLD,5.246913580246912,2,2
15e3134481edf2a4beeb,PH52-025,BULL_CALL_SPREAD,development,0ddaab2f8946678d3082,2021-12-09,2,EXCLUDED_OHLC_RANGE_PROXY,False,OHLC_RANGE_PROXY_EXCEEDS_THRESHOLD,11.158798283261808,2,2
15e3134481edf2a4beeb,PH52-025,BULL_CALL_SPREAD,development,044eef05c3277601504c,2022-06-16,2,EXCLUDED_OHLC_RANGE_PROXY,False,OHLC_RANGE_PROXY_EXCEEDS_THRESHOLD,10.736196319018415,2,2
15e3134481edf2a4beeb,PH52-025,BULL_CALL_SPREAD,development,307dafef42b72c870148,2022-12-15,2,EXCLUDED_OHLC_RANGE_PROXY,False,OHLC_RANGE_PROXY_EXCEEDS_THRESHOLD,5.957446808510648,2,2
15e3134481edf2a4beeb,PH52-025,BULL_CALL_SPREAD,development,c8a686f986a21faa7ed5,2023-06-22,2,EXCLUDED_OHLC_RANGE_PROXY,False,OHLC_RANGE_PROXY_EXCEEDS_THRESHOLD,11.021505376344088,2,2
15e3134481edf2a4beeb,PH52-025,BULL_CALL_SPREAD,development,84c7352397ed038c3ea2,2023-12-28,2,EXCLUDED_OHLC_RANGE_PROXY,False,OHLC_RANGE_PROXY_EXCEEDS_THRESHOLD,4.341736694677863,2,2
15e3134481edf2a4beeb,PH52-025,BULL_CALL_SPREAD,validation,f104c6f1662847c5bbcc,2024-01-04,2,EXCLUDED_OHLC_RANGE_PROXY,False,OHLC_RANGE_PROXY_EXCEEDS_THRESHOLD,6.666666666666658,2,2
15e3134481edf2a4beeb,PH52-025,BULL_CALL_SPREAD,validation,0cd34c6b63a9f995c503,2024-05-30,2,EXCLUDED_OHLC_RANGE_PROXY,False,OHLC_RANGE_PROXY_EXCEEDS_THRESHOLD,8.620689655172415,2,2
15e3134481edf2a4beeb,PH52-025,BULL_CALL_SPREAD,validation,75007ced19cb5e12e01f,2024-10-17,2,EXCLUDED_OHLC_RANGE_PROXY,False,OHLC_RANGE_PROXY_EXCEEDS_THRESHOLD,17.452830188679247,2,2
15e3134481edf2a4beeb,PH52-025,BULL_CALL_SPREAD,validation,8eb8f1add17ecb221cbd,2025-03-13,2,BLOCKED_LEG_ELIGIBILITY,False,REQUIRED_LEG_PRIOR_OI_BELOW_100,14.285714285714286,2,2
15e3134481edf2a4beeb,PH52-025,BULL_CALL_SPREAD,validation,14d9997729e438213524,2025-07-31,2,BLOCKED_LEG_ELIGIBILITY,False,REQUIRED_LEG_PRIOR_OI_BELOW_100,12.925170068027214,2,2
15e3134481edf2a4beeb,PH52-025,BULL_CALL_SPREAD,validation,4a919e0bde313b9b9ee1,2025-12-30,2,BLOCKED_LEG_ELIGIBILITY,False,REQUIRED_LEG_PRIOR_OI_BELOW_100,17.257683215130037,2,2
f32415bb61dd6e9f83f2,PH52-025,BULL_CALL_SPREAD,development,01f752daf3bb0e90d7b1,2021-05-27,2,EXCLUDED_OHLC_RANGE_PROXY,False,OHLC_RANGE_PROXY_EXCEEDS_THRESHOLD,5.9999999999999964,2,2
f32415bb61dd6e9f83f2,PH52-025,BULL_CALL_SPREAD,development,0ddaab2f8946678d3082,2021-12-09,2,EXCLUDED_OHLC_RANGE_PROXY,False,OHLC_RANGE_PROXY_EXCEEDS_THRESHOLD,10.596026490066224,2,2
f32415bb61dd6e9f83f2,PH52-025,BULL_CALL_SPREAD,development,044eef05c3277601504c,2022-06-16,2,EXCLUDED_OHLC_RANGE_PROXY,False,OHLC_RANGE_PROXY_EXCEEDS_THRESHOLD,9.78260869565216,2,2
f32415bb61dd6e9f83f2,PH52-025,BULL_CALL_SPREAD,development,307dafef42b72c870148,2022-12-15,2,EXCLUDED_OHLC_RANGE_PROXY,False,OHLC_RANGE_PROXY_EXCEEDS_THRESHOLD,3.63636363636364,2,2
f32415bb61dd6e9f83f2,PH52-025,BULL_CALL_SPREAD,development,c8a686f986a21faa7ed5,2023-06-22,2,EXCLUDED_OHLC_RANGE_PROXY,False,OHLC_RANGE_PROXY_EXCEEDS_THRESHOLD,7.547169811320744,2,2
f32415bb61dd6e9f83f2,PH52-025,BULL_CALL_SPREAD,development,84c7352397ed038c3ea2,2023-12-28,2,EXCLUDED_OHLC_RANGE_PROXY,False,OHLC_RANGE_PROXY_EXCEEDS_THRESHOLD,4.784688995215311,2,2
f32415bb61dd6e9f83f2,PH52-025,BULL_CALL_SPREAD,validation,f104c6f1662847c5bbcc,2024-01-04,2,EXCLUDED_OHLC_RANGE_PROXY,False,OHLC_RANGE_PROXY_EXCEEDS_THRESHOLD,5.882352941176485,2,2
f32415bb61dd6e9f83f2,PH52-025,BULL_CALL_SPREAD,validation,0cd34c6b63a9f995c503,2024-05-30,2,EXCLUDED_OHLC_RANGE_PROXY,False,OHLC_RANGE_PROXY_EXCEEDS_THRESHOLD,8.739837398373977,2,2
f32415bb61dd6e9f83f2,PH52-025,BULL_CALL_SPREAD,validation,75007ced19cb5e12e01f,2024-10-17,2,EXCLUDED_OHLC_RANGE_PROXY,False,OHLC_RANGE_PROXY_EXCEEDS_THRESHOLD,15.302491103202849,2,2
f32415bb61dd6e9f83f2,PH52-025,BULL_CALL_SPREAD,validation,8eb8f1add17ecb221cbd,2025-03-13,2,BLOCKED_LEG_ELIGIBILITY,False,REQUIRED_LEG_PRIOR_OI_BELOW_100,12.37113402061857,2,2
f32415bb61dd6e9f83f2,PH52-025,BULL_CALL_SPREAD,validation,14d9997729e438213524,2025-07-31,2,BLOCKED_LEG_ELIGIBILITY,False,REQUIRED_LEG_PRIOR_OI_BELOW_100,12.925170068027214,2,2
f32415bb61dd6e9f83f2,PH52-025,BULL_CALL_SPREAD,validation,4a919e0bde313b9b9ee1,2025-12-30,2,BLOCKED_LEG_ELIGIBILITY,False,REQUIRED_LEG_PRIOR_OI_BELOW_100,17.187500000000007,2,2
9373cc117634bae8f765,PH52-025,BULL_CALL_SPREAD,development,01f752daf3bb0e90d7b1,2021-05-27,2,EXCLUDED_OHLC_RANGE_PROXY,False,OHLC_RANGE_PROXY_EXCEEDS_THRESHOLD,5.9999999999999964,2,2
9373cc117634bae8f765,PH52-025,BULL_CALL_SPREAD,development,0ddaab2f8946678d3082,2021-12-09,2,EXCLUDED_OHLC_RANGE_PROXY,False,OHLC_RANGE_PROXY_EXCEEDS_THRESHOLD,10.596026490066224,2,2
9373cc117634bae8f765,PH52-025,BULL_CALL_SPREAD,development,044eef05c3277601504c,2022-06-16,2,EXCLUDED_OHLC_RANGE_PROXY,False,OHLC_RANGE_PROXY_EXCEEDS_THRESHOLD,9.78260869565216,2,2
9373cc117634bae8f765,PH52-025,BULL_CALL_SPREAD,development,307dafef42b72c870148,2022-12-15,2,EXCLUDED_OHLC_RANGE_PROXY,False,OHLC_RANGE_PROXY_EXCEEDS_THRESHOLD,3.8461538461538494,2,2
9373cc117634bae8f765,PH52-025,BULL_CALL_SPREAD,development,c8a686f986a21faa7ed5,2023-06-22,2,EXCLUDED_OHLC_RANGE_PROXY,False,OHLC_RANGE_PROXY_EXCEEDS_THRESHOLD,7.547169811320744,2,2
9373cc117634bae8f765,PH52-025,BULL_CALL_SPREAD,development,84c7352397ed038c3ea2,2023-12-28,2,EXCLUDED_OHLC_RANGE_PROXY,False,OHLC_RANGE_PROXY_EXCEEDS_THRESHOLD,4.784688995215311,2,2
9373cc117634bae8f765,PH52-025,BULL_CALL_SPREAD,validation,f104c6f1662847c5bbcc,2024-01-04,2,EXCLUDED_OHLC_RANGE_PROXY,False,OHLC_RANGE_PROXY_EXCEEDS_THRESHOLD,7.1428571428571335,2,2
9373cc117634bae8f765,PH52-025,BULL_CALL_SPREAD,validation,0cd34c6b63a9f995c503,2024-05-30,2,EXCLUDED_OHLC_RANGE_PROXY,False,OHLC_RANGE_PROXY_EXCEEDS_THRESHOLD,8.739837398373977,2,2
9373cc117634bae8f765,PH52-025,BULL_CALL_SPREAD,validation,75007ced19cb5e12e01f,2024-10-17,2,EXCLUDED_OHLC_RANGE_PROXY,False,OHLC_RANGE_PROXY_EXCEEDS_THRESHOLD,15.302491103202849,2,2
9373cc117634bae8f765,PH52-025,BULL_CALL_SPREAD,validation,8eb8f1add17ecb221cbd,2025-03-13,2,BLOCKED_LEG_ELIGIBILITY,False,REQUIRED_LEG_PRIOR_OI_BELOW_100,12.37113402061857,2,2
9373cc117634bae8f765,PH52-025,BULL_CALL_SPREAD,validation,14d9997729e438213524,2025-07-31,2,BLOCKED_LEG_ELIGIBILITY,False,REQUIRED_LEG_PRIOR_OI_BELOW_100,12.385321100917428,2,2
9373cc117634bae8f765,PH52-025,BULL_CALL_SPREAD,validation,4a919e0bde313b9b9ee1,2025-12-30,2,BLOCKED_LEG_ELIGIBILITY,False,REQUIRED_LEG_PRIOR_OI_BELOW_100,15.51724137931035,2,2
739fae891dcde1c84104,PH52-025,BULL_CALL_SPREAD,development,ce8e12389ff297becff9,2021-05-27,2,EXCLUDED_OHLC_RANGE_PROXY,False,OHLC_RANGE_PROXY_EXCEEDS_THRESHOLD,10.322580645161288,2,2
739fae891dcde1c84104,PH52-025,BULL_CALL_SPREAD,development,061c004245393c77b5c7,2021-12-09,2,EXCLUDED_OHLC_RANGE_PROXY,False,OHLC_RANGE_PROXY_EXCEEDS_THRESHOLD,9.48509485094851,2,2
739fae891dcde1c84104,PH52-025,BULL_CALL_SPREAD,development,b58d771555d73891d2fd,2022-06-16,2,EXCLUDED_OHLC_RANGE_PROXY,False,OHLC_RANGE_PROXY_EXCEEDS_THRESHOLD,22.22222222222222,2,2
739fae891dcde1c84104,PH52-025,BULL_CALL_SPREAD,development,8c9b97c314b368f7a743,2022-12-15,2,EXCLUDED_OHLC_RANGE_PROXY,False,OHLC_RANGE_PROXY_EXCEEDS_THRESHOLD,8.231707317073157,2,2
739fae891dcde1c84104,PH52-025,BULL_CALL_SPREAD,development,b2b9482e70f4a2ace098,2023-06-22,2,EXCLUDED_OHLC_RANGE_PROXY,False,OHLC_RANGE_PROXY_EXCEEDS_THRESHOLD,11.874999999999991,2,2
739fae891dcde1c84104,PH52-025,BULL_CALL_SPREAD,development,804301753400916af24f,2023-12-28,2,EXCLUDED_OHLC_RANGE_PROXY,False,OHLC_RANGE_PROXY_EXCEEDS_THRESHOLD,12.962962962962964,2,2
739fae891dcde1c84104,PH52-025,BULL_CALL_SPREAD,validation,c1472f0b801661762bc6,2024-01-04,2,EXCLUDED_OHLC_RANGE_PROXY,False,OHLC_RANGE_PROXY_EXCEEDS_THRESHOLD,17.58241758241759,2,2
739fae891dcde1c84104,PH52-025,BULL_CALL_SPREAD,validation,1d33307443bd39106f13,2024-05-30,2,EXCLUDED_OHLC_RANGE_PROXY,False,OHLC_RANGE_PROXY_EXCEEDS_THRESHOLD,12.436548223350252,2,2
739fae891dcde1c84104,PH52-025,BULL_CALL_SPREAD,validation,50696f11ab0417607875,2024-10-17,2,EXCLUDED_OHLC_RANGE_PROXY,False,OHLC_RANGE_PROXY_EXCEEDS_THRESHOLD,17.857142857142858,2,2
739fae891dcde1c84104,PH52-025,BULL_CALL_SPREAD,validation,58a4c4843286bd3943a2,2025-03-13,2,BLOCKED_LEG_ELIGIBILITY,False,REQUIRED_LEG_PRIOR_OI_BELOW_100,10.0,2,2
739fae891dcde1c84104,PH52-025,BULL_CALL_SPREAD,validation,e5919e2053dc59805884,2025-07-31,2,BLOCKED_LEG_ELIGIBILITY,False,REQUIRED_LEG_PRIOR_OI_BELOW_100,31.39158576051781,2,2
739fae891dcde1c84104,PH52-025,BULL_CALL_SPREAD,validation,2744fff722d389044d25,2025-12-30,2,EXCLUDED_OHLC_RANGE_PROXY,False,OHLC_RANGE_PROXY_EXCEEDS_THRESHOLD,11.363636363636365,2,2
ad24b0d8ca9a87353e8a,PH52-025,BULL_CALL_SPREAD,development,ce8e12389ff297becff9,2021-05-27,2,EXCLUDED_OHLC_RANGE_PROXY,False,OHLC_RANGE_PROXY_EXCEEDS_THRESHOLD,10.322580645161288,2,2
ad24b0d8ca9a87353e8a,PH52-025,BULL_CALL_SPREAD,development,061c004245393c77b5c7,2021-12-09,2,EXCLUDED_OHLC_RANGE_PROXY,False,OHLC_RANGE_PROXY_EXCEEDS_THRESHOLD,9.48509485094851,2,2
ad24b0d8ca9a87353e8a,PH52-025,BULL_CALL_SPREAD,development,b58d771555d73891d2fd,2022-06-16,2,EXCLUDED_OHLC_RANGE_PROXY,False,OHLC_RANGE_PROXY_EXCEEDS_THRESHOLD,21.229050279329606,2,2
ad24b0d8ca9a87353e8a,PH52-025,BULL_CALL_SPREAD,development,8c9b97c314b368f7a743,2022-12-15,2,EXCLUDED_OHLC_RANGE_PROXY,False,OHLC_RANGE_PROXY_EXCEEDS_THRESHOLD,8.231707317073157,2,2
ad24b0d8ca9a87353e8a,PH52-025,BULL_CALL_SPREAD,development,b2b9482e70f4a2ace098,2023-06-22,2,EXCLUDED_OHLC_RANGE_PROXY,False,OHLC_RANGE_PROXY_EXCEEDS_THRESHOLD,11.874999999999991,2,2
ad24b0d8ca9a87353e8a,PH52-025,BULL_CALL_SPREAD,development,804301753400916af24f,2023-12-28,2,EXCLUDED_OHLC_RANGE_PROXY,False,OHLC_RANGE_PROXY_EXCEEDS_THRESHOLD,12.962962962962964,2,2
ad24b0d8ca9a87353e8a,PH52-025,BULL_CALL_SPREAD,validation,c1472f0b801661762bc6,2024-01-04,2,EXCLUDED_OHLC_RANGE_PROXY,False,OHLC_RANGE_PROXY_EXCEEDS_THRESHOLD,17.58241758241759,2,2
ad24b0d8ca9a87353e8a,PH52-025,BULL_CALL_SPREAD,validation,1d33307443bd39106f13,2024-05-30,2,EXCLUDED_OHLC_RANGE_PROXY,False,OHLC_RANGE_PROXY_EXCEEDS_THRESHOLD,12.436548223350252,2,2
ad24b0d8ca9a87353e8a,PH52-025,BULL_CALL_SPREAD,validation,50696f11ab0417607875,2024-10-17,2,EXCLUDED_OHLC_RANGE_PROXY,False,OHLC_RANGE_PROXY_EXCEEDS_THRESHOLD,17.857142857142858,2,2
ad24b0d8ca9a87353e8a,PH52-025,BULL_CALL_SPREAD,validation,58a4c4843286bd3943a2,2025-03-13,2,BLOCKED_LEG_ELIGIBILITY,False,REQUIRED_LEG_PRIOR_OI_BELOW_100,10.0,2,2
ad24b0d8ca9a87353e8a,PH52-025,BULL_CALL_SPREAD,validation,e5919e2053dc59805884,2025-07-31,2,BLOCKED_LEG_ELIGIBILITY,False,REQUIRED_LEG_PRIOR_OI_BELOW_100,31.521739130434792,2,2
ad24b0d8ca9a87353e8a,PH52-025,BULL_CALL_SPREAD,validation,2744fff722d389044d25,2025-12-30,2,EXCLUDED_OHLC_RANGE_PROXY,False,OHLC_RANGE_PROXY_EXCEEDS_THRESHOLD,11.363636363636365,2,2
cf6ec0b712b4aff6231f,PH52-025,BULL_CALL_SPREAD,development,ce8e12389ff297becff9,2021-05-27,2,EXCLUDED_OHLC_RANGE_PROXY,False,OHLC_RANGE_PROXY_EXCEEDS_THRESHOLD,10.000000000000009,2,2
cf6ec0b712b4aff6231f,PH52-025,BULL_CALL_SPREAD,development,061c004245393c77b5c7,2021-12-09,2,EXCLUDED_OHLC_RANGE_PROXY,False,OHLC_RANGE_PROXY_EXCEEDS_THRESHOLD,7.499999999999996,2,2
cf6ec0b712b4aff6231f,PH52-025,BULL_CALL_SPREAD,development,b58d771555d73891d2fd,2022-06-16,2,EXCLUDED_OHLC_RANGE_PROXY,False,OHLC_RANGE_PROXY_EXCEEDS_THRESHOLD,21.73913043478261,2,2
cf6ec0b712b4aff6231f,PH52-025,BULL_CALL_SPREAD,development,8c9b97c314b368f7a743,2022-12-15,2,EXCLUDED_OHLC_RANGE_PROXY,False,OHLC_RANGE_PROXY_EXCEEDS_THRESHOLD,7.142857142857159,2,2
cf6ec0b712b4aff6231f,PH52-025,BULL_CALL_SPREAD,development,b2b9482e70f4a2ace098,2023-06-22,2,EXCLUDED_OHLC_RANGE_PROXY,False,OHLC_RANGE_PROXY_EXCEEDS_THRESHOLD,8.695652173913052,2,2
cf6ec0b712b4aff6231f,PH52-025,BULL_CALL_SPREAD,development,804301753400916af24f,2023-12-28,2,EXCLUDED_OHLC_RANGE_PROXY,False,OHLC_RANGE_PROXY_EXCEEDS_THRESHOLD,9.803921568627452,2,2
cf6ec0b712b4aff6231f,PH52-025,BULL_CALL_SPREAD,validation,c1472f0b801661762bc6,2024-01-04,2,EXCLUDED_OHLC_RANGE_PROXY,False,OHLC_RANGE_PROXY_EXCEEDS_THRESHOLD,15.384615384615381,2,2
cf6ec0b712b4aff6231f,PH52-025,BULL_CALL_SPREAD,validation,1d33307443bd39106f13,2024-05-30,2,EXCLUDED_OHLC_RANGE_PROXY,False,OHLC_RANGE_PROXY_EXCEEDS_THRESHOLD,12.22222222222222,2,2
cf6ec0b712b4aff6231f,PH52-025,BULL_CALL_SPREAD,validation,50696f11ab0417607875,2024-10-17,2,EXCLUDED_OHLC_RANGE_PROXY,False,OHLC_RANGE_PROXY_EXCEEDS_THRESHOLD,14.285714285714299,2,2
cf6ec0b712b4aff6231f,PH52-025,BULL_CALL_SPREAD,validation,58a4c4843286bd3943a2,2025-03-13,2,BLOCKED_LEG_ELIGIBILITY,False,REQUIRED_LEG_PRIOR_OI_BELOW_100,8.510638297872347,2,2
cf6ec0b712b4aff6231f,PH52-025,BULL_CALL_SPREAD,validation,e5919e2053dc59805884,2025-07-31,2,BLOCKED_LEG_ELIGIBILITY,False,REQUIRED_LEG_PRIOR_OI_BELOW_100,34.78260869565216,2,2
cf6ec0b712b4aff6231f,PH52-025,BULL_CALL_SPREAD,validation,2744fff722d389044d25,2025-12-30,2,EXCLUDED_OHLC_RANGE_PROXY,False,OHLC_RANGE_PROXY_EXCEEDS_THRESHOLD,8.333333333333341,2,2
a4f8558870d4a10947fe,PH52-025,BULL_CALL_SPREAD,development,ce8e12389ff297becff9,2021-05-27,2,EXCLUDED_OHLC_RANGE_PROXY,False,OHLC_RANGE_PROXY_EXCEEDS_THRESHOLD,14.285714285714299,2,2
a4f8558870d4a10947fe,PH52-025,BULL_CALL_SPREAD,development,061c004245393c77b5c7,2021-12-09,2,EXCLUDED_OHLC_RANGE_PROXY,False,OHLC_RANGE_PROXY_EXCEEDS_THRESHOLD,9.090909090909099,2,2
a4f8558870d4a10947fe,PH52-025,BULL_CALL_SPREAD,development,b58d771555d73891d2fd,2022-06-16,2,EXCLUDED_OHLC_RANGE_PROXY,False,OHLC_RANGE_PROXY_EXCEEDS_THRESHOLD,21.73913043478261,2,2
a4f8558870d4a10947fe,PH52-025,BULL_CALL_SPREAD,development,8c9b97c314b368f7a743,2022-12-15,2,EXCLUDED_OHLC_RANGE_PROXY,False,OHLC_RANGE_PROXY_EXCEEDS_THRESHOLD,8.571428571428566,2,2
a4f8558870d4a10947fe,PH52-025,BULL_CALL_SPREAD,development,b2b9482e70f4a2ace098,2023-06-22,2,EXCLUDED_OHLC_RANGE_PROXY,False,OHLC_RANGE_PROXY_EXCEEDS_THRESHOLD,6.250000000000005,2,2
a4f8558870d4a10947fe,PH52-025,BULL_CALL_SPREAD,development,804301753400916af24f,2023-12-28,2,EXCLUDED_OHLC_RANGE_PROXY,False,OHLC_RANGE_PROXY_EXCEEDS_THRESHOLD,9.803921568627452,2,2
a4f8558870d4a10947fe,PH52-025,BULL_CALL_SPREAD,validation,c1472f0b801661762bc6,2024-01-04,2,EXCLUDED_OHLC_RANGE_PROXY,False,OHLC_RANGE_PROXY_EXCEEDS_THRESHOLD,19.999999999999996,2,2
a4f8558870d4a10947fe,PH52-025,BULL_CALL_SPREAD,validation,1d33307443bd39106f13,2024-05-30,2,EXCLUDED_OHLC_RANGE_PROXY,False,OHLC_RANGE_PROXY_EXCEEDS_THRESHOLD,12.056737588652478,2,2
a4f8558870d4a10947fe,PH52-025,BULL_CALL_SPREAD,validation,50696f11ab0417607875,2024-10-17,2,EXCLUDED_OHLC_RANGE_PROXY,False,OHLC_RANGE_PROXY_EXCEEDS_THRESHOLD,14.285714285714288,2,2
a4f8558870d4a10947fe,PH52-025,BULL_CALL_SPREAD,validation,58a4c4843286bd3943a2,2025-03-13,2,BLOCKED_LEG_ELIGIBILITY,False,REQUIRED_LEG_PRIOR_OI_BELOW_100,8.510638297872347,2,2
a4f8558870d4a10947fe,PH52-025,BULL_CALL_SPREAD,validation,e5919e2053dc59805884,2025-07-31,2,BLOCKED_LEG_ELIGIBILITY,False,REQUIRED_LEG_PRIOR_OI_BELOW_100,34.78260869565216,2,2
a4f8558870d4a10947fe,PH52-025,BULL_CALL_SPREAD,validation,2744fff722d389044d25,2025-12-30,2,EXCLUDED_OHLC_RANGE_PROXY,False,OHLC_RANGE_PROXY_EXCEEDS_THRESHOLD,7.1428571428571495,2,2
4dfc85b9cb14f0282a2e,PH52-001,BUY_CALL,development,01f752daf3bb0e90d7b1,2021-05-27,2,EXCLUDED_OHLC_RANGE_PROXY,False,OHLC_RANGE_PROXY_EXCEEDS_THRESHOLD,5.246913580246912,1,1
4dfc85b9cb14f0282a2e,PH52-001,BUY_CALL,development,0ddaab2f8946678d3082,2021-12-09,2,EXCLUDED_OHLC_RANGE_PROXY,False,OHLC_RANGE_PROXY_EXCEEDS_THRESHOLD,11.158798283261808,1,1
4dfc85b9cb14f0282a2e,PH52-001,BUY_CALL,development,044eef05c3277601504c,2022-06-16,2,EXCLUDED_OHLC_RANGE_PROXY,False,OHLC_RANGE_PROXY_EXCEEDS_THRESHOLD,10.736196319018415,1,1
4dfc85b9cb14f0282a2e,PH52-001,BUY_CALL,development,307dafef42b72c870148,2022-12-15,2,EXCLUDED_OHLC_RANGE_PROXY,False,OHLC_RANGE_PROXY_EXCEEDS_THRESHOLD,5.957446808510648,1,1
4dfc85b9cb14f0282a2e,PH52-001,BUY_CALL,development,c8a686f986a21faa7ed5,2023-06-22,2,EXCLUDED_OHLC_RANGE_PROXY,False,OHLC_RANGE_PROXY_EXCEEDS_THRESHOLD,11.021505376344088,1,1
4dfc85b9cb14f0282a2e,PH52-001,BUY_CALL,development,84c7352397ed038c3ea2,2023-12-28,2,EXCLUDED_OHLC_RANGE_PROXY,False,OHLC_RANGE_PROXY_EXCEEDS_THRESHOLD,4.341736694677863,1,1
4dfc85b9cb14f0282a2e,PH52-001,BUY_CALL,validation,f104c6f1662847c5bbcc,2024-01-04,2,EXCLUDED_OHLC_RANGE_PROXY,False,OHLC_RANGE_PROXY_EXCEEDS_THRESHOLD,6.666666666666658,1,1
4dfc85b9cb14f0282a2e,PH52-001,BUY_CALL,validation,0cd34c6b63a9f995c503,2024-05-30,2,EXCLUDED_OHLC_RANGE_PROXY,False,OHLC_RANGE_PROXY_EXCEEDS_THRESHOLD,8.21529745042493,1,1
4dfc85b9cb14f0282a2e,PH52-001,BUY_CALL,validation,75007ced19cb5e12e01f,2024-10-17,2,EXCLUDED_OHLC_RANGE_PROXY,False,OHLC_RANGE_PROXY_EXCEEDS_THRESHOLD,17.452830188679247,1,1
4dfc85b9cb14f0282a2e,PH52-001,BUY_CALL,validation,8eb8f1add17ecb221cbd,2025-03-13,2,BLOCKED_LEG_ELIGIBILITY,False,REQUIRED_LEG_PRIOR_OI_BELOW_100,14.285714285714286,1,1
4dfc85b9cb14f0282a2e,PH52-001,BUY_CALL,validation,14d9997729e438213524,2025-07-31,2,BLOCKED_LEG_ELIGIBILITY,False,REQUIRED_LEG_PRIOR_OI_BELOW_100,12.089810017271157,1,1
4dfc85b9cb14f0282a2e,PH52-001,BUY_CALL,validation,4a919e0bde313b9b9ee1,2025-12-30,2,BLOCKED_LEG_ELIGIBILITY,False,REQUIRED_LEG_PRIOR_OI_BELOW_100,17.257683215130037,1,1
7f2f9e5e0437e0f7df04,PH52-001,BUY_CALL,development,01f752daf3bb0e90d7b1,2021-05-27,2,EXCLUDED_OHLC_RANGE_PROXY,False,OHLC_RANGE_PROXY_EXCEEDS_THRESHOLD,5.9999999999999964,1,1
7f2f9e5e0437e0f7df04,PH52-001,BUY_CALL,development,0ddaab2f8946678d3082,2021-12-09,2,EXCLUDED_OHLC_RANGE_PROXY,False,OHLC_RANGE_PROXY_EXCEEDS_THRESHOLD,10.596026490066224,1,1
7f2f9e5e0437e0f7df04,PH52-001,BUY_CALL,development,044eef05c3277601504c,2022-06-16,2,EXCLUDED_OHLC_RANGE_PROXY,False,OHLC_RANGE_PROXY_EXCEEDS_THRESHOLD,9.78260869565216,1,1
7f2f9e5e0437e0f7df04,PH52-001,BUY_CALL,development,307dafef42b72c870148,2022-12-15,2,EXCLUDED_OHLC_RANGE_PROXY,False,OHLC_RANGE_PROXY_EXCEEDS_THRESHOLD,3.63636363636364,1,1
7f2f9e5e0437e0f7df04,PH52-001,BUY_CALL,development,c8a686f986a21faa7ed5,2023-06-22,2,EXCLUDED_OHLC_RANGE_PROXY,False,OHLC_RANGE_PROXY_EXCEEDS_THRESHOLD,7.547169811320744,1,1
7f2f9e5e0437e0f7df04,PH52-001,BUY_CALL,development,84c7352397ed038c3ea2,2023-12-28,2,EXCLUDED_OHLC_RANGE_PROXY,False,OHLC_RANGE_PROXY_EXCEEDS_THRESHOLD,4.784688995215311,1,1
7f2f9e5e0437e0f7df04,PH52-001,BUY_CALL,validation,f104c6f1662847c5bbcc,2024-01-04,2,EXCLUDED_OHLC_RANGE_PROXY,False,OHLC_RANGE_PROXY_EXCEEDS_THRESHOLD,5.882352941176485,1,1
7f2f9e5e0437e0f7df04,PH52-001,BUY_CALL,validation,0cd34c6b63a9f995c503,2024-05-30,2,EXCLUDED_OHLC_RANGE_PROXY,False,OHLC_RANGE_PROXY_EXCEEDS_THRESHOLD,8.739837398373977,1,1
7f2f9e5e0437e0f7df04,PH52-001,BUY_CALL,validation,75007ced19cb5e12e01f,2024-10-17,2,EXCLUDED_OHLC_RANGE_PROXY,False,OHLC_RANGE_PROXY_EXCEEDS_THRESHOLD,15.302491103202849,1,1
7f2f9e5e0437e0f7df04,PH52-001,BUY_CALL,validation,8eb8f1add17ecb221cbd,2025-03-13,2,BLOCKED_LEG_ELIGIBILITY,False,REQUIRED_LEG_PRIOR_OI_BELOW_100,12.37113402061857,1,1
7f2f9e5e0437e0f7df04,PH52-001,BUY_CALL,validation,14d9997729e438213524,2025-07-31,2,BLOCKED_LEG_ELIGIBILITY,False,REQUIRED_LEG_PRIOR_OI_BELOW_100,12.385321100917428,1,1
7f2f9e5e0437e0f7df04,PH52-001,BUY_CALL,validation,4a919e0bde313b9b9ee1,2025-12-30,2,BLOCKED_LEG_ELIGIBILITY,False,REQUIRED_LEG_PRIOR_OI_BELOW_100,15.51724137931035,1,1
824453c4ca52e0a8f423,PH52-001,BUY_CALL,development,ce8e12389ff297becff9,2021-05-27,2,EXCLUDED_OHLC_RANGE_PROXY,False,OHLC_RANGE_PROXY_EXCEEDS_THRESHOLD,10.322580645161288,1,1
824453c4ca52e0a8f423,PH52-001,BUY_CALL,development,061c004245393c77b5c7,2021-12-09,2,EXCLUDED_OHLC_RANGE_PROXY,False,OHLC_RANGE_PROXY_EXCEEDS_THRESHOLD,9.48509485094851,1,1
824453c4ca52e0a8f423,PH52-001,BUY_CALL,development,b58d771555d73891d2fd,2022-06-16,2,EXCLUDED_OHLC_RANGE_PROXY,False,OHLC_RANGE_PROXY_EXCEEDS_THRESHOLD,21.229050279329606,1,1
824453c4ca52e0a8f423,PH52-001,BUY_CALL,development,8c9b97c314b368f7a743,2022-12-15,2,EXCLUDED_OHLC_RANGE_PROXY,False,OHLC_RANGE_PROXY_EXCEEDS_THRESHOLD,8.231707317073157,1,1
824453c4ca52e0a8f423,PH52-001,BUY_CALL,development,b2b9482e70f4a2ace098,2023-06-22,2,EXCLUDED_OHLC_RANGE_PROXY,False,OHLC_RANGE_PROXY_EXCEEDS_THRESHOLD,11.874999999999991,1,1
824453c4ca52e0a8f423,PH52-001,BUY_CALL,development,804301753400916af24f,2023-12-28,2,EXCLUDED_OHLC_RANGE_PROXY,False,OHLC_RANGE_PROXY_EXCEEDS_THRESHOLD,12.962962962962964,1,1
824453c4ca52e0a8f423,PH52-001,BUY_CALL,validation,c1472f0b801661762bc6,2024-01-04,2,EXCLUDED_OHLC_RANGE_PROXY,False,OHLC_RANGE_PROXY_EXCEEDS_THRESHOLD,17.58241758241759,1,1
824453c4ca52e0a8f423,PH52-001,BUY_CALL,validation,1d33307443bd39106f13,2024-05-30,2,EXCLUDED_OHLC_RANGE_PROXY,False,OHLC_RANGE_PROXY_EXCEEDS_THRESHOLD,12.436548223350252,1,1
824453c4ca52e0a8f423,PH52-001,BUY_CALL,validation,50696f11ab0417607875,2024-10-17,2,EXCLUDED_OHLC_RANGE_PROXY,False,OHLC_RANGE_PROXY_EXCEEDS_THRESHOLD,17.857142857142858,1,1
824453c4ca52e0a8f423,PH52-001,BUY_CALL,validation,58a4c4843286bd3943a2,2025-03-13,2,BLOCKED_LEG_ELIGIBILITY,False,REQUIRED_LEG_PRIOR_OI_BELOW_100,10.0,1,1
824453c4ca52e0a8f423,PH52-001,BUY_CALL,validation,e5919e2053dc59805884,2025-07-31,2,BLOCKED_LEG_ELIGIBILITY,False,REQUIRED_LEG_PRIOR_OI_BELOW_100,27.142857142857146,1,1
824453c4ca52e0a8f423,PH52-001,BUY_CALL,validation,2744fff722d389044d25,2025-12-30,2,EXCLUDED_OHLC_RANGE_PROXY,False,OHLC_RANGE_PROXY_EXCEEDS_THRESHOLD,11.363636363636365,1,1
a85d75f96c0c6721a862,PH52-001,BUY_CALL,development,ce8e12389ff297becff9,2021-05-27,2,EXCLUDED_OHLC_RANGE_PROXY,False,OHLC_RANGE_PROXY_EXCEEDS_THRESHOLD,10.000000000000009,1,1
a85d75f96c0c6721a862,PH52-001,BUY_CALL,development,061c004245393c77b5c7,2021-12-09,2,EXCLUDED_OHLC_RANGE_PROXY,False,OHLC_RANGE_PROXY_EXCEEDS_THRESHOLD,7.499999999999996,1,1
a85d75f96c0c6721a862,PH52-001,BUY_CALL,development,b58d771555d73891d2fd,2022-06-16,2,EXCLUDED_OHLC_RANGE_PROXY,False,OHLC_RANGE_PROXY_EXCEEDS_THRESHOLD,21.73913043478261,1,1
a85d75f96c0c6721a862,PH52-001,BUY_CALL,development,8c9b97c314b368f7a743,2022-12-15,2,REPLAY_PASS,True,ELIGIBLE_FOR_OHLC_PRICE_REFERENCE_SIMULATION,1.7543859649122744,1,1
a85d75f96c0c6721a862,PH52-001,BUY_CALL,development,b2b9482e70f4a2ace098,2023-06-22,2,EXCLUDED_OHLC_RANGE_PROXY,False,OHLC_RANGE_PROXY_EXCEEDS_THRESHOLD,6.250000000000005,1,1
a85d75f96c0c6721a862,PH52-001,BUY_CALL,development,804301753400916af24f,2023-12-28,2,EXCLUDED_OHLC_RANGE_PROXY,False,OHLC_RANGE_PROXY_EXCEEDS_THRESHOLD,9.803921568627452,1,1
a85d75f96c0c6721a862,PH52-001,BUY_CALL,validation,c1472f0b801661762bc6,2024-01-04,2,EXCLUDED_OHLC_RANGE_PROXY,False,OHLC_RANGE_PROXY_EXCEEDS_THRESHOLD,15.384615384615381,1,1
a85d75f96c0c6721a862,PH52-001,BUY_CALL,validation,1d33307443bd39106f13,2024-05-30,2,EXCLUDED_OHLC_RANGE_PROXY,False,OHLC_RANGE_PROXY_EXCEEDS_THRESHOLD,12.056737588652478,1,1
a85d75f96c0c6721a862,PH52-001,BUY_CALL,validation,50696f11ab0417607875,2024-10-17,2,EXCLUDED_OHLC_RANGE_PROXY,False,OHLC_RANGE_PROXY_EXCEEDS_THRESHOLD,14.285714285714288,1,1
a85d75f96c0c6721a862,PH52-001,BUY_CALL,validation,58a4c4843286bd3943a2,2025-03-13,2,BLOCKED_LEG_ELIGIBILITY,False,REQUIRED_LEG_PRIOR_OI_BELOW_100,8.510638297872347,1,1
a85d75f96c0c6721a862,PH52-001,BUY_CALL,validation,e5919e2053dc59805884,2025-07-31,2,BLOCKED_LEG_ELIGIBILITY,False,REQUIRED_LEG_PRIOR_OI_BELOW_100,34.78260869565216,1,1
a85d75f96c0c6721a862,PH52-001,BUY_CALL,validation,2744fff722d389044d25,2025-12-30,2,EXCLUDED_OHLC_RANGE_PROXY,False,OHLC_RANGE_PROXY_EXCEEDS_THRESHOLD,7.1428571428571495,1,1
d4f27239e30ac6922af1,PH52-007,BUY_PUT,development,01f752daf3bb0e90d7b1,2021-05-27,2,EXCLUDED_OHLC_RANGE_PROXY,False,OHLC_RANGE_PROXY_EXCEEDS_THRESHOLD,5.2631578947368425,1,1
d4f27239e30ac6922af1,PH52-007,BUY_PUT,development,0ddaab2f8946678d3082,2021-12-09,2,EXCLUDED_OHLC_RANGE_PROXY,False,OHLC_RANGE_PROXY_EXCEEDS_THRESHOLD,17.18213058419244,1,1
d4f27239e30ac6922af1,PH52-007,BUY_PUT,development,044eef05c3277601504c,2022-06-16,2,EXCLUDED_OHLC_RANGE_PROXY,False,OHLC_RANGE_PROXY_EXCEEDS_THRESHOLD,13.354037267080747,1,1
d4f27239e30ac6922af1,PH52-007,BUY_PUT,development,307dafef42b72c870148,2022-12-15,2,EXCLUDED_OHLC_RANGE_PROXY,False,OHLC_RANGE_PROXY_EXCEEDS_THRESHOLD,9.302325581395358,1,1
d4f27239e30ac6922af1,PH52-007,BUY_PUT,development,c8a686f986a21faa7ed5,2023-06-22,2,EXCLUDED_OHLC_RANGE_PROXY,False,OHLC_RANGE_PROXY_EXCEEDS_THRESHOLD,8.185053380782907,1,1
d4f27239e30ac6922af1,PH52-007,BUY_PUT,development,84c7352397ed038c3ea2,2023-12-28,2,EXCLUDED_OHLC_RANGE_PROXY,False,OHLC_RANGE_PROXY_EXCEEDS_THRESHOLD,4.437869822485207,1,1
d4f27239e30ac6922af1,PH52-007,BUY_PUT,validation,f104c6f1662847c5bbcc,2024-01-04,2,EXCLUDED_OHLC_RANGE_PROXY,False,OHLC_RANGE_PROXY_EXCEEDS_THRESHOLD,10.970464135021087,1,1
d4f27239e30ac6922af1,PH52-007,BUY_PUT,validation,0cd34c6b63a9f995c503,2024-05-30,2,EXCLUDED_OHLC_RANGE_PROXY,False,OHLC_RANGE_PROXY_EXCEEDS_THRESHOLD,10.26677445432497,1,1
d4f27239e30ac6922af1,PH52-007,BUY_PUT,validation,75007ced19cb5e12e01f,2024-10-17,2,EXCLUDED_OHLC_RANGE_PROXY,False,OHLC_RANGE_PROXY_EXCEEDS_THRESHOLD,34.10326086956523,1,1
d4f27239e30ac6922af1,PH52-007,BUY_PUT,validation,8eb8f1add17ecb221cbd,2025-03-13,2,BLOCKED_LEG_ELIGIBILITY,False,REQUIRED_LEG_PRIOR_OI_BELOW_100,13.874345549738212,1,1
d4f27239e30ac6922af1,PH52-007,BUY_PUT,validation,14d9997729e438213524,2025-07-31,2,BLOCKED_LEG_ELIGIBILITY,False,REQUIRED_LEG_PRIOR_OI_BELOW_100,8.320726172465951,1,1
d4f27239e30ac6922af1,PH52-007,BUY_PUT,validation,4a919e0bde313b9b9ee1,2025-12-30,2,BLOCKED_LEG_ELIGIBILITY,False,REQUIRED_LEG_PRIOR_OI_BELOW_100,11.554621848739496,1,1
c039247dcd6929eb8c8b,PH52-007,BUY_PUT,development,01f752daf3bb0e90d7b1,2021-05-27,2,EXCLUDED_OHLC_RANGE_PROXY,False,OHLC_RANGE_PROXY_EXCEEDS_THRESHOLD,6.329113924050633,1,1
c039247dcd6929eb8c8b,PH52-007,BUY_PUT,development,0ddaab2f8946678d3082,2021-12-09,2,EXCLUDED_OHLC_RANGE_PROXY,False,OHLC_RANGE_PROXY_EXCEEDS_THRESHOLD,20.888888888888886,1,1
c039247dcd6929eb8c8b,PH52-007,BUY_PUT,development,044eef05c3277601504c,2022-06-16,2,EXCLUDED_OHLC_RANGE_PROXY,False,OHLC_RANGE_PROXY_EXCEEDS_THRESHOLD,13.705583756345176,1,1
c039247dcd6929eb8c8b,PH52-007,BUY_PUT,development,307dafef42b72c870148,2022-12-15,2,EXCLUDED_OHLC_RANGE_PROXY,False,OHLC_RANGE_PROXY_EXCEEDS_THRESHOLD,8.771929824561402,1,1
c039247dcd6929eb8c8b,PH52-007,BUY_PUT,development,c8a686f986a21faa7ed5,2023-06-22,2,EXCLUDED_OHLC_RANGE_PROXY,False,OHLC_RANGE_PROXY_EXCEEDS_THRESHOLD,4.477611940298504,1,1
c039247dcd6929eb8c8b,PH52-007,BUY_PUT,development,84c7352397ed038c3ea2,2023-12-28,2,EXCLUDED_OHLC_RANGE_PROXY,False,OHLC_RANGE_PROXY_EXCEEDS_THRESHOLD,5.2044609665427455,1,1
c039247dcd6929eb8c8b,PH52-007,BUY_PUT,validation,f104c6f1662847c5bbcc,2024-01-04,2,EXCLUDED_OHLC_RANGE_PROXY,False,OHLC_RANGE_PROXY_EXCEEDS_THRESHOLD,12.90322580645161,1,1
c039247dcd6929eb8c8b,PH52-007,BUY_PUT,validation,0cd34c6b63a9f995c503,2024-05-30,2,EXCLUDED_OHLC_RANGE_PROXY,False,OHLC_RANGE_PROXY_EXCEEDS_THRESHOLD,12.335526315789474,1,1
c039247dcd6929eb8c8b,PH52-007,BUY_PUT,validation,75007ced19cb5e12e01f,2024-10-17,2,EXCLUDED_OHLC_RANGE_PROXY,False,OHLC_RANGE_PROXY_EXCEEDS_THRESHOLD,44.444444444444436,1,1
c039247dcd6929eb8c8b,PH52-007,BUY_PUT,validation,8eb8f1add17ecb221cbd,2025-03-13,2,BLOCKED_LEG_ELIGIBILITY,False,REQUIRED_LEG_PRIOR_OI_BELOW_100,12.318840579710141,1,1
c039247dcd6929eb8c8b,PH52-007,BUY_PUT,validation,14d9997729e438213524,2025-07-31,2,BLOCKED_LEG_ELIGIBILITY,False,REQUIRED_LEG_PRIOR_OI_BELOW_100,8.812260536398469,1,1
c039247dcd6929eb8c8b,PH52-007,BUY_PUT,validation,4a919e0bde313b9b9ee1,2025-12-30,2,BLOCKED_LEG_ELIGIBILITY,False,REQUIRED_LEG_PRIOR_OI_BELOW_100,10.909090909090903,1,1
c31e45a39d28e22b70b2,PH52-007,BUY_PUT,development,ce8e12389ff297becff9,2021-05-27,2,EXCLUDED_OHLC_RANGE_PROXY,False,OHLC_RANGE_PROXY_EXCEEDS_THRESHOLD,6.333333333333329,1,1
c31e45a39d28e22b70b2,PH52-007,BUY_PUT,development,061c004245393c77b5c7,2021-12-09,2,EXCLUDED_OHLC_RANGE_PROXY,False,OHLC_RANGE_PROXY_EXCEEDS_THRESHOLD,10.270270270270263,1,1
c31e45a39d28e22b70b2,PH52-007,BUY_PUT,development,b58d771555d73891d2fd,2022-06-16,2,EXCLUDED_OHLC_RANGE_PROXY,False,OHLC_RANGE_PROXY_EXCEEDS_THRESHOLD,25.89118198874296,1,1
c31e45a39d28e22b70b2,PH52-007,BUY_PUT,development,8c9b97c314b368f7a743,2022-12-15,2,EXCLUDED_OHLC_RANGE_PROXY,False,OHLC_RANGE_PROXY_EXCEEDS_THRESHOLD,16.250000000000007,1,1
c31e45a39d28e22b70b2,PH52-007,BUY_PUT,development,b2b9482e70f4a2ace098,2023-06-22,2,EXCLUDED_OHLC_RANGE_PROXY,False,OHLC_RANGE_PROXY_EXCEEDS_THRESHOLD,9.230769230769225,1,1
c31e45a39d28e22b70b2,PH52-007,BUY_PUT,development,804301753400916af24f,2023-12-28,2,EXCLUDED_OHLC_RANGE_PROXY,False,OHLC_RANGE_PROXY_EXCEEDS_THRESHOLD,13.793103448275865,1,1
c31e45a39d28e22b70b2,PH52-007,BUY_PUT,validation,c1472f0b801661762bc6,2024-01-04,2,EXCLUDED_OHLC_RANGE_PROXY,False,OHLC_RANGE_PROXY_EXCEEDS_THRESHOLD,16.091954022988492,1,1
c31e45a39d28e22b70b2,PH52-007,BUY_PUT,validation,1d33307443bd39106f13,2024-05-30,2,EXCLUDED_OHLC_RANGE_PROXY,False,OHLC_RANGE_PROXY_EXCEEDS_THRESHOLD,11.267605633802809,1,1
c31e45a39d28e22b70b2,PH52-007,BUY_PUT,validation,50696f11ab0417607875,2024-10-17,2,EXCLUDED_OHLC_RANGE_PROXY,False,OHLC_RANGE_PROXY_EXCEEDS_THRESHOLD,11.585365853658528,1,1
c31e45a39d28e22b70b2,PH52-007,BUY_PUT,validation,58a4c4843286bd3943a2,2025-03-13,2,BLOCKED_LEG_ELIGIBILITY,False,REQUIRED_LEG_PRIOR_OI_BELOW_100,14.736842105263161,1,1
c31e45a39d28e22b70b2,PH52-007,BUY_PUT,validation,e5919e2053dc59805884,2025-07-31,2,BLOCKED_LEG_ELIGIBILITY,False,REQUIRED_LEG_PRIOR_OI_BELOW_100,8.666666666666679,1,1
c31e45a39d28e22b70b2,PH52-007,BUY_PUT,validation,2744fff722d389044d25,2025-12-30,2,EXCLUDED_OHLC_RANGE_PROXY,False,OHLC_RANGE_PROXY_EXCEEDS_THRESHOLD,13.46153846153846,1,1
5819a5202b9b3b1cdd0b,PH52-007,BUY_PUT,development,ce8e12389ff297becff9,2021-05-27,2,EXCLUDED_OHLC_RANGE_PROXY,False,OHLC_RANGE_PROXY_EXCEEDS_THRESHOLD,6.493506493506482,1,1
5819a5202b9b3b1cdd0b,PH52-007,BUY_PUT,development,061c004245393c77b5c7,2021-12-09,2,EXCLUDED_OHLC_RANGE_PROXY,False,OHLC_RANGE_PROXY_EXCEEDS_THRESHOLD,4.255319148936174,1,1
5819a5202b9b3b1cdd0b,PH52-007,BUY_PUT,development,b58d771555d73891d2fd,2022-06-16,2,EXCLUDED_OHLC_RANGE_PROXY,False,OHLC_RANGE_PROXY_EXCEEDS_THRESHOLD,32.28346456692912,1,1
5819a5202b9b3b1cdd0b,PH52-007,BUY_PUT,development,8c9b97c314b368f7a743,2022-12-15,2,EXCLUDED_OHLC_RANGE_PROXY,False,OHLC_RANGE_PROXY_EXCEEDS_THRESHOLD,10.526315789473683,1,1
5819a5202b9b3b1cdd0b,PH52-007,BUY_PUT,development,b2b9482e70f4a2ace098,2023-06-22,2,EXCLUDED_OHLC_RANGE_PROXY,False,OHLC_RANGE_PROXY_EXCEEDS_THRESHOLD,11.111111111111104,1,1
5819a5202b9b3b1cdd0b,PH52-007,BUY_PUT,development,804301753400916af24f,2023-12-28,2,EXCLUDED_OHLC_RANGE_PROXY,False,OHLC_RANGE_PROXY_EXCEEDS_THRESHOLD,11.49425287356322,1,1
5819a5202b9b3b1cdd0b,PH52-007,BUY_PUT,validation,c1472f0b801661762bc6,2024-01-04,2,EXCLUDED_OHLC_RANGE_PROXY,False,OHLC_RANGE_PROXY_EXCEEDS_THRESHOLD,8.695652173913052,1,1
5819a5202b9b3b1cdd0b,PH52-007,BUY_PUT,validation,1d33307443bd39106f13,2024-05-30,2,EXCLUDED_OHLC_RANGE_PROXY,False,OHLC_RANGE_PROXY_EXCEEDS_THRESHOLD,9.022556390977451,1,1
5819a5202b9b3b1cdd0b,PH52-007,BUY_PUT,validation,50696f11ab0417607875,2024-10-17,2,EXCLUDED_OHLC_RANGE_PROXY,False,OHLC_RANGE_PROXY_EXCEEDS_THRESHOLD,11.111111111111109,1,1
5819a5202b9b3b1cdd0b,PH52-007,BUY_PUT,validation,58a4c4843286bd3943a2,2025-03-13,2,BLOCKED_LEG_ELIGIBILITY,False,REQUIRED_LEG_PRIOR_OI_BELOW_100,8.000000000000007,1,1
5819a5202b9b3b1cdd0b,PH52-007,BUY_PUT,validation,e5919e2053dc59805884,2025-07-31,2,BLOCKED_LEG_ELIGIBILITY,False,REQUIRED_LEG_PRIOR_OI_BELOW_100,7.042253521126761,1,1
5819a5202b9b3b1cdd0b,PH52-007,BUY_PUT,validation,2744fff722d389044d25,2025-12-30,2,EXCLUDED_OHLC_RANGE_PROXY,False,OHLC_RANGE_PROXY_EXCEEDS_THRESHOLD,10.526315789473683,1,1
98dbdd88c3b8df3d0d98,PH52-049,LONG_STRADDLE,development,01f752daf3bb0e90d7b1,2021-05-27,2,EXCLUDED_OHLC_RANGE_PROXY,False,OHLC_RANGE_PROXY_EXCEEDS_THRESHOLD,5.246913580246912,2,2
98dbdd88c3b8df3d0d98,PH52-049,LONG_STRADDLE,development,0ddaab2f8946678d3082,2021-12-09,2,EXCLUDED_OHLC_RANGE_PROXY,False,OHLC_RANGE_PROXY_EXCEEDS_THRESHOLD,13.059427732942025,2,2
98dbdd88c3b8df3d0d98,PH52-049,LONG_STRADDLE,development,044eef05c3277601504c,2022-06-16,2,EXCLUDED_OHLC_RANGE_PROXY,False,OHLC_RANGE_PROXY_EXCEEDS_THRESHOLD,10.736196319018415,2,2
98dbdd88c3b8df3d0d98,PH52-049,LONG_STRADDLE,development,307dafef42b72c870148,2022-12-15,2,EXCLUDED_OHLC_RANGE_PROXY,False,OHLC_RANGE_PROXY_EXCEEDS_THRESHOLD,5.957446808510648,2,2
98dbdd88c3b8df3d0d98,PH52-049,LONG_STRADDLE,development,c8a686f986a21faa7ed5,2023-06-22,2,EXCLUDED_OHLC_RANGE_PROXY,False,OHLC_RANGE_PROXY_EXCEEDS_THRESHOLD,11.021505376344088,2,2
98dbdd88c3b8df3d0d98,PH52-049,LONG_STRADDLE,development,84c7352397ed038c3ea2,2023-12-28,2,EXCLUDED_OHLC_RANGE_PROXY,False,OHLC_RANGE_PROXY_EXCEEDS_THRESHOLD,4.341736694677863,2,2
98dbdd88c3b8df3d0d98,PH52-049,LONG_STRADDLE,validation,f104c6f1662847c5bbcc,2024-01-04,2,EXCLUDED_OHLC_RANGE_PROXY,False,OHLC_RANGE_PROXY_EXCEEDS_THRESHOLD,6.666666666666658,2,2
98dbdd88c3b8df3d0d98,PH52-049,LONG_STRADDLE,validation,0cd34c6b63a9f995c503,2024-05-30,2,EXCLUDED_OHLC_RANGE_PROXY,False,OHLC_RANGE_PROXY_EXCEEDS_THRESHOLD,8.21529745042493,2,2
98dbdd88c3b8df3d0d98,PH52-049,LONG_STRADDLE,validation,75007ced19cb5e12e01f,2024-10-17,2,EXCLUDED_OHLC_RANGE_PROXY,False,OHLC_RANGE_PROXY_EXCEEDS_THRESHOLD,20.713899405083833,2,2
98dbdd88c3b8df3d0d98,PH52-049,LONG_STRADDLE,validation,8eb8f1add17ecb221cbd,2025-03-13,2,BLOCKED_LEG_ELIGIBILITY,False,REQUIRED_LEG_PRIOR_OI_BELOW_100,14.285714285714286,2,2
98dbdd88c3b8df3d0d98,PH52-049,LONG_STRADDLE,validation,14d9997729e438213524,2025-07-31,2,BLOCKED_LEG_ELIGIBILITY,False,REQUIRED_LEG_PRIOR_OI_BELOW_100,12.089810017271157,2,2
98dbdd88c3b8df3d0d98,PH52-049,LONG_STRADDLE,validation,4a919e0bde313b9b9ee1,2025-12-30,2,BLOCKED_LEG_ELIGIBILITY,False,REQUIRED_LEG_PRIOR_OI_BELOW_100,17.257683215130037,2,2
c4749ba6933734c7ed45,PH52-049,LONG_STRADDLE,development,01f752daf3bb0e90d7b1,2021-05-27,2,EXCLUDED_OHLC_RANGE_PROXY,False,OHLC_RANGE_PROXY_EXCEEDS_THRESHOLD,5.9999999999999964,2,2
c4749ba6933734c7ed45,PH52-049,LONG_STRADDLE,development,0ddaab2f8946678d3082,2021-12-09,2,EXCLUDED_OHLC_RANGE_PROXY,False,OHLC_RANGE_PROXY_EXCEEDS_THRESHOLD,10.596026490066224,2,2
c4749ba6933734c7ed45,PH52-049,LONG_STRADDLE,development,044eef05c3277601504c,2022-06-16,2,EXCLUDED_OHLC_RANGE_PROXY,False,OHLC_RANGE_PROXY_EXCEEDS_THRESHOLD,9.78260869565216,2,2
c4749ba6933734c7ed45,PH52-049,LONG_STRADDLE,development,307dafef42b72c870148,2022-12-15,2,EXCLUDED_OHLC_RANGE_PROXY,False,OHLC_RANGE_PROXY_EXCEEDS_THRESHOLD,3.63636363636364,2,2
c4749ba6933734c7ed45,PH52-049,LONG_STRADDLE,development,c8a686f986a21faa7ed5,2023-06-22,2,EXCLUDED_OHLC_RANGE_PROXY,False,OHLC_RANGE_PROXY_EXCEEDS_THRESHOLD,7.547169811320744,2,2
c4749ba6933734c7ed45,PH52-049,LONG_STRADDLE,development,84c7352397ed038c3ea2,2023-12-28,2,EXCLUDED_OHLC_RANGE_PROXY,False,OHLC_RANGE_PROXY_EXCEEDS_THRESHOLD,4.784688995215311,2,2
c4749ba6933734c7ed45,PH52-049,LONG_STRADDLE,validation,f104c6f1662847c5bbcc,2024-01-04,2,EXCLUDED_OHLC_RANGE_PROXY,False,OHLC_RANGE_PROXY_EXCEEDS_THRESHOLD,5.882352941176485,2,2
c4749ba6933734c7ed45,PH52-049,LONG_STRADDLE,validation,0cd34c6b63a9f995c503,2024-05-30,2,EXCLUDED_OHLC_RANGE_PROXY,False,OHLC_RANGE_PROXY_EXCEEDS_THRESHOLD,8.739837398373977,2,2
c4749ba6933734c7ed45,PH52-049,LONG_STRADDLE,validation,75007ced19cb5e12e01f,2024-10-17,2,EXCLUDED_OHLC_RANGE_PROXY,False,OHLC_RANGE_PROXY_EXCEEDS_THRESHOLD,15.302491103202849,2,2
c4749ba6933734c7ed45,PH52-049,LONG_STRADDLE,validation,8eb8f1add17ecb221cbd,2025-03-13,2,BLOCKED_LEG_ELIGIBILITY,False,REQUIRED_LEG_PRIOR_OI_BELOW_100,12.37113402061857,2,2
c4749ba6933734c7ed45,PH52-049,LONG_STRADDLE,validation,14d9997729e438213524,2025-07-31,2,BLOCKED_LEG_ELIGIBILITY,False,REQUIRED_LEG_PRIOR_OI_BELOW_100,12.385321100917428,2,2
c4749ba6933734c7ed45,PH52-049,LONG_STRADDLE,validation,4a919e0bde313b9b9ee1,2025-12-30,2,BLOCKED_LEG_ELIGIBILITY,False,REQUIRED_LEG_PRIOR_OI_BELOW_100,15.51724137931035,2,2
0a2c71c6e12e773afc2d,PH52-049,LONG_STRADDLE,development,ce8e12389ff297becff9,2021-05-27,2,EXCLUDED_OHLC_RANGE_PROXY,False,OHLC_RANGE_PROXY_EXCEEDS_THRESHOLD,10.322580645161288,2,2
0a2c71c6e12e773afc2d,PH52-049,LONG_STRADDLE,development,061c004245393c77b5c7,2021-12-09,2,EXCLUDED_OHLC_RANGE_PROXY,False,OHLC_RANGE_PROXY_EXCEEDS_THRESHOLD,9.48509485094851,2,2
0a2c71c6e12e773afc2d,PH52-049,LONG_STRADDLE,development,b58d771555d73891d2fd,2022-06-16,2,EXCLUDED_OHLC_RANGE_PROXY,False,OHLC_RANGE_PROXY_EXCEEDS_THRESHOLD,21.229050279329606,2,2
0a2c71c6e12e773afc2d,PH52-049,LONG_STRADDLE,development,8c9b97c314b368f7a743,2022-12-15,2,EXCLUDED_OHLC_RANGE_PROXY,False,OHLC_RANGE_PROXY_EXCEEDS_THRESHOLD,8.940852819807427,2,2
0a2c71c6e12e773afc2d,PH52-049,LONG_STRADDLE,development,b2b9482e70f4a2ace098,2023-06-22,2,EXCLUDED_OHLC_RANGE_PROXY,False,OHLC_RANGE_PROXY_EXCEEDS_THRESHOLD,11.874999999999991,2,2
0a2c71c6e12e773afc2d,PH52-049,LONG_STRADDLE,development,804301753400916af24f,2023-12-28,2,EXCLUDED_OHLC_RANGE_PROXY,False,OHLC_RANGE_PROXY_EXCEEDS_THRESHOLD,12.962962962962964,2,2
0a2c71c6e12e773afc2d,PH52-049,LONG_STRADDLE,validation,c1472f0b801661762bc6,2024-01-04,2,EXCLUDED_OHLC_RANGE_PROXY,False,OHLC_RANGE_PROXY_EXCEEDS_THRESHOLD,17.58241758241759,2,2
0a2c71c6e12e773afc2d,PH52-049,LONG_STRADDLE,validation,1d33307443bd39106f13,2024-05-30,2,EXCLUDED_OHLC_RANGE_PROXY,False,OHLC_RANGE_PROXY_EXCEEDS_THRESHOLD,12.436548223350252,2,2
0a2c71c6e12e773afc2d,PH52-049,LONG_STRADDLE,validation,50696f11ab0417607875,2024-10-17,2,EXCLUDED_OHLC_RANGE_PROXY,False,OHLC_RANGE_PROXY_EXCEEDS_THRESHOLD,17.857142857142858,2,2
0a2c71c6e12e773afc2d,PH52-049,LONG_STRADDLE,validation,58a4c4843286bd3943a2,2025-03-13,2,BLOCKED_LEG_ELIGIBILITY,False,REQUIRED_LEG_PRIOR_OI_BELOW_100,10.0,2,2
0a2c71c6e12e773afc2d,PH52-049,LONG_STRADDLE,validation,e5919e2053dc59805884,2025-07-31,2,BLOCKED_LEG_ELIGIBILITY,False,REQUIRED_LEG_PRIOR_OI_BELOW_100,27.142857142857146,2,2
0a2c71c6e12e773afc2d,PH52-049,LONG_STRADDLE,validation,2744fff722d389044d25,2025-12-30,2,EXCLUDED_OHLC_RANGE_PROXY,False,OHLC_RANGE_PROXY_EXCEEDS_THRESHOLD,11.363636363636365,2,2
2432b3ba491006a1f15a,PH52-049,LONG_STRADDLE,development,ce8e12389ff297becff9,2021-05-27,2,EXCLUDED_OHLC_RANGE_PROXY,False,OHLC_RANGE_PROXY_EXCEEDS_THRESHOLD,10.000000000000009,2,2
2432b3ba491006a1f15a,PH52-049,LONG_STRADDLE,development,061c004245393c77b5c7,2021-12-09,2,EXCLUDED_OHLC_RANGE_PROXY,False,OHLC_RANGE_PROXY_EXCEEDS_THRESHOLD,7.499999999999996,2,2
2432b3ba491006a1f15a,PH52-049,LONG_STRADDLE,development,b58d771555d73891d2fd,2022-06-16,2,EXCLUDED_OHLC_RANGE_PROXY,False,OHLC_RANGE_PROXY_EXCEEDS_THRESHOLD,21.73913043478261,2,2
2432b3ba491006a1f15a,PH52-049,LONG_STRADDLE,development,8c9b97c314b368f7a743,2022-12-15,2,EXCLUDED_OHLC_RANGE_PROXY,False,OHLC_RANGE_PROXY_EXCEEDS_THRESHOLD,3.741358275721845,2,2
2432b3ba491006a1f15a,PH52-049,LONG_STRADDLE,development,b2b9482e70f4a2ace098,2023-06-22,2,EXCLUDED_OHLC_RANGE_PROXY,False,OHLC_RANGE_PROXY_EXCEEDS_THRESHOLD,6.250000000000005,2,2
2432b3ba491006a1f15a,PH52-049,LONG_STRADDLE,development,804301753400916af24f,2023-12-28,2,EXCLUDED_OHLC_RANGE_PROXY,False,OHLC_RANGE_PROXY_EXCEEDS_THRESHOLD,9.803921568627452,2,2
2432b3ba491006a1f15a,PH52-049,LONG_STRADDLE,validation,c1472f0b801661762bc6,2024-01-04,2,EXCLUDED_OHLC_RANGE_PROXY,False,OHLC_RANGE_PROXY_EXCEEDS_THRESHOLD,15.384615384615381,2,2
2432b3ba491006a1f15a,PH52-049,LONG_STRADDLE,validation,1d33307443bd39106f13,2024-05-30,2,EXCLUDED_OHLC_RANGE_PROXY,False,OHLC_RANGE_PROXY_EXCEEDS_THRESHOLD,12.056737588652478,2,2
2432b3ba491006a1f15a,PH52-049,LONG_STRADDLE,validation,50696f11ab0417607875,2024-10-17,2,EXCLUDED_OHLC_RANGE_PROXY,False,OHLC_RANGE_PROXY_EXCEEDS_THRESHOLD,14.285714285714288,2,2
2432b3ba491006a1f15a,PH52-049,LONG_STRADDLE,validation,58a4c4843286bd3943a2,2025-03-13,2,BLOCKED_LEG_ELIGIBILITY,False,REQUIRED_LEG_PRIOR_OI_BELOW_100,8.510638297872347,2,2
2432b3ba491006a1f15a,PH52-049,LONG_STRADDLE,validation,e5919e2053dc59805884,2025-07-31,2,BLOCKED_LEG_ELIGIBILITY,False,REQUIRED_LEG_PRIOR_OI_BELOW_100,34.78260869565216,2,2
2432b3ba491006a1f15a,PH52-049,LONG_STRADDLE,validation,2744fff722d389044d25,2025-12-30,2,EXCLUDED_OHLC_RANGE_PROXY,False,OHLC_RANGE_PROXY_EXCEEDS_THRESHOLD,7.1428571428571495,2,2
722daeb1f1c06b54a1ee,PH52-061,LONG_STRANGLE,development,01f752daf3bb0e90d7b1,2021-05-27,2,EXCLUDED_OHLC_RANGE_PROXY,False,OHLC_RANGE_PROXY_EXCEEDS_THRESHOLD,5.2631578947368425,2,2
722daeb1f1c06b54a1ee,PH52-061,LONG_STRANGLE,development,0ddaab2f8946678d3082,2021-12-09,2,EXCLUDED_OHLC_RANGE_PROXY,False,OHLC_RANGE_PROXY_EXCEEDS_THRESHOLD,17.18213058419244,2,2
722daeb1f1c06b54a1ee,PH52-061,LONG_STRANGLE,development,044eef05c3277601504c,2022-06-16,2,EXCLUDED_OHLC_RANGE_PROXY,False,OHLC_RANGE_PROXY_EXCEEDS_THRESHOLD,13.354037267080747,2,2
722daeb1f1c06b54a1ee,PH52-061,LONG_STRANGLE,development,307dafef42b72c870148,2022-12-15,2,EXCLUDED_OHLC_RANGE_PROXY,False,OHLC_RANGE_PROXY_EXCEEDS_THRESHOLD,9.302325581395358,2,2
722daeb1f1c06b54a1ee,PH52-061,LONG_STRANGLE,development,c8a686f986a21faa7ed5,2023-06-22,2,EXCLUDED_OHLC_RANGE_PROXY,False,OHLC_RANGE_PROXY_EXCEEDS_THRESHOLD,11.021505376344088,2,2
722daeb1f1c06b54a1ee,PH52-061,LONG_STRANGLE,development,84c7352397ed038c3ea2,2023-12-28,2,EXCLUDED_OHLC_RANGE_PROXY,False,OHLC_RANGE_PROXY_EXCEEDS_THRESHOLD,4.437869822485207,2,2
722daeb1f1c06b54a1ee,PH52-061,LONG_STRANGLE,validation,f104c6f1662847c5bbcc,2024-01-04,2,EXCLUDED_OHLC_RANGE_PROXY,False,OHLC_RANGE_PROXY_EXCEEDS_THRESHOLD,10.970464135021087,2,2
722daeb1f1c06b54a1ee,PH52-061,LONG_STRANGLE,validation,0cd34c6b63a9f995c503,2024-05-30,2,EXCLUDED_OHLC_RANGE_PROXY,False,OHLC_RANGE_PROXY_EXCEEDS_THRESHOLD,10.26677445432497,2,2
722daeb1f1c06b54a1ee,PH52-061,LONG_STRANGLE,validation,75007ced19cb5e12e01f,2024-10-17,2,EXCLUDED_OHLC_RANGE_PROXY,False,OHLC_RANGE_PROXY_EXCEEDS_THRESHOLD,34.10326086956523,2,2
722daeb1f1c06b54a1ee,PH52-061,LONG_STRANGLE,validation,8eb8f1add17ecb221cbd,2025-03-13,2,BLOCKED_LEG_ELIGIBILITY,False,REQUIRED_LEG_PRIOR_OI_BELOW_100,14.285714285714286,2,2
722daeb1f1c06b54a1ee,PH52-061,LONG_STRANGLE,validation,14d9997729e438213524,2025-07-31,2,BLOCKED_LEG_ELIGIBILITY,False,REQUIRED_LEG_PRIOR_OI_BELOW_100,12.089810017271157,2,2
722daeb1f1c06b54a1ee,PH52-061,LONG_STRANGLE,validation,4a919e0bde313b9b9ee1,2025-12-30,2,BLOCKED_LEG_ELIGIBILITY,False,REQUIRED_LEG_PRIOR_OI_BELOW_100,17.257683215130037,2,2
2173cfebeda92408e9c0,PH52-061,LONG_STRANGLE,development,01f752daf3bb0e90d7b1,2021-05-27,2,EXCLUDED_OHLC_RANGE_PROXY,False,OHLC_RANGE_PROXY_EXCEEDS_THRESHOLD,6.329113924050633,2,2
2173cfebeda92408e9c0,PH52-061,LONG_STRANGLE,development,0ddaab2f8946678d3082,2021-12-09,2,EXCLUDED_OHLC_RANGE_PROXY,False,OHLC_RANGE_PROXY_EXCEEDS_THRESHOLD,20.888888888888886,2,2
2173cfebeda92408e9c0,PH52-061,LONG_STRANGLE,development,044eef05c3277601504c,2022-06-16,2,EXCLUDED_OHLC_RANGE_PROXY,False,OHLC_RANGE_PROXY_EXCEEDS_THRESHOLD,13.705583756345176,2,2
2173cfebeda92408e9c0,PH52-061,LONG_STRANGLE,development,307dafef42b72c870148,2022-12-15,2,EXCLUDED_OHLC_RANGE_PROXY,False,OHLC_RANGE_PROXY_EXCEEDS_THRESHOLD,8.771929824561402,2,2
2173cfebeda92408e9c0,PH52-061,LONG_STRANGLE,development,c8a686f986a21faa7ed5,2023-06-22,2,EXCLUDED_OHLC_RANGE_PROXY,False,OHLC_RANGE_PROXY_EXCEEDS_THRESHOLD,7.547169811320744,2,2
2173cfebeda92408e9c0,PH52-061,LONG_STRANGLE,development,84c7352397ed038c3ea2,2023-12-28,2,EXCLUDED_OHLC_RANGE_PROXY,False,OHLC_RANGE_PROXY_EXCEEDS_THRESHOLD,5.2044609665427455,2,2
2173cfebeda92408e9c0,PH52-061,LONG_STRANGLE,validation,f104c6f1662847c5bbcc,2024-01-04,2,EXCLUDED_OHLC_RANGE_PROXY,False,OHLC_RANGE_PROXY_EXCEEDS_THRESHOLD,12.90322580645161,2,2
2173cfebeda92408e9c0,PH52-061,LONG_STRANGLE,validation,0cd34c6b63a9f995c503,2024-05-30,2,EXCLUDED_OHLC_RANGE_PROXY,False,OHLC_RANGE_PROXY_EXCEEDS_THRESHOLD,12.335526315789474,2,2
2173cfebeda92408e9c0,PH52-061,LONG_STRANGLE,validation,75007ced19cb5e12e01f,2024-10-17,2,EXCLUDED_OHLC_RANGE_PROXY,False,OHLC_RANGE_PROXY_EXCEEDS_THRESHOLD,44.444444444444436,2,2
2173cfebeda92408e9c0,PH52-061,LONG_STRANGLE,validation,8eb8f1add17ecb221cbd,2025-03-13,2,BLOCKED_LEG_ELIGIBILITY,False,REQUIRED_LEG_PRIOR_OI_BELOW_100,12.37113402061857,2,2
2173cfebeda92408e9c0,PH52-061,LONG_STRANGLE,validation,14d9997729e438213524,2025-07-31,2,BLOCKED_LEG_ELIGIBILITY,False,REQUIRED_LEG_PRIOR_OI_BELOW_100,12.385321100917428,2,2
2173cfebeda92408e9c0,PH52-061,LONG_STRANGLE,validation,4a919e0bde313b9b9ee1,2025-12-30,2,BLOCKED_LEG_ELIGIBILITY,False,REQUIRED_LEG_PRIOR_OI_BELOW_100,15.51724137931035,2,2
2f22cd4cb483cbbd04af,PH52-061,LONG_STRANGLE,development,ce8e12389ff297becff9,2021-05-27,2,EXCLUDED_OHLC_RANGE_PROXY,False,OHLC_RANGE_PROXY_EXCEEDS_THRESHOLD,10.322580645161288,2,2
2f22cd4cb483cbbd04af,PH52-061,LONG_STRANGLE,development,061c004245393c77b5c7,2021-12-09,2,EXCLUDED_OHLC_RANGE_PROXY,False,OHLC_RANGE_PROXY_EXCEEDS_THRESHOLD,10.270270270270263,2,2
2f22cd4cb483cbbd04af,PH52-061,LONG_STRANGLE,development,b58d771555d73891d2fd,2022-06-16,2,EXCLUDED_OHLC_RANGE_PROXY,False,OHLC_RANGE_PROXY_EXCEEDS_THRESHOLD,25.89118198874296,2,2
2f22cd4cb483cbbd04af,PH52-061,LONG_STRANGLE,development,8c9b97c314b368f7a743,2022-12-15,2,EXCLUDED_OHLC_RANGE_PROXY,False,OHLC_RANGE_PROXY_EXCEEDS_THRESHOLD,16.250000000000007,2,2
2f22cd4cb483cbbd04af,PH52-061,LONG_STRANGLE,development,b2b9482e70f4a2ace098,2023-06-22,2,EXCLUDED_OHLC_RANGE_PROXY,False,OHLC_RANGE_PROXY_EXCEEDS_THRESHOLD,11.874999999999991,2,2
2f22cd4cb483cbbd04af,PH52-061,LONG_STRANGLE,development,804301753400916af24f,2023-12-28,2,EXCLUDED_OHLC_RANGE_PROXY,False,OHLC_RANGE_PROXY_EXCEEDS_THRESHOLD,13.793103448275865,2,2
2f22cd4cb483cbbd04af,PH52-061,LONG_STRANGLE,validation,c1472f0b801661762bc6,2024-01-04,2,EXCLUDED_OHLC_RANGE_PROXY,False,OHLC_RANGE_PROXY_EXCEEDS_THRESHOLD,17.58241758241759,2,2
2f22cd4cb483cbbd04af,PH52-061,LONG_STRANGLE,validation,1d33307443bd39106f13,2024-05-30,2,EXCLUDED_OHLC_RANGE_PROXY,False,OHLC_RANGE_PROXY_EXCEEDS_THRESHOLD,12.436548223350252,2,2
2f22cd4cb483cbbd04af,PH52-061,LONG_STRANGLE,validation,50696f11ab0417607875,2024-10-17,2,EXCLUDED_OHLC_RANGE_PROXY,False,OHLC_RANGE_PROXY_EXCEEDS_THRESHOLD,17.857142857142858,2,2
2f22cd4cb483cbbd04af,PH52-061,LONG_STRANGLE,validation,58a4c4843286bd3943a2,2025-03-13,2,BLOCKED_LEG_ELIGIBILITY,False,REQUIRED_LEG_PRIOR_OI_BELOW_100,14.736842105263161,2,2
2f22cd4cb483cbbd04af,PH52-061,LONG_STRANGLE,validation,e5919e2053dc59805884,2025-07-31,2,BLOCKED_LEG_ELIGIBILITY,False,REQUIRED_LEG_PRIOR_OI_BELOW_100,27.142857142857146,2,2
2f22cd4cb483cbbd04af,PH52-061,LONG_STRANGLE,validation,2744fff722d389044d25,2025-12-30,2,EXCLUDED_OHLC_RANGE_PROXY,False,OHLC_RANGE_PROXY_EXCEEDS_THRESHOLD,13.46153846153846,2,2
4bd35f1260b64365d38b,PH52-061,LONG_STRANGLE,development,ce8e12389ff297becff9,2021-05-27,2,EXCLUDED_OHLC_RANGE_PROXY,False,OHLC_RANGE_PROXY_EXCEEDS_THRESHOLD,10.000000000000009,2,2
4bd35f1260b64365d38b,PH52-061,LONG_STRANGLE,development,061c004245393c77b5c7,2021-12-09,2,EXCLUDED_OHLC_RANGE_PROXY,False,OHLC_RANGE_PROXY_EXCEEDS_THRESHOLD,7.499999999999996,2,2
4bd35f1260b64365d38b,PH52-061,LONG_STRANGLE,development,b58d771555d73891d2fd,2022-06-16,2,EXCLUDED_OHLC_RANGE_PROXY,False,OHLC_RANGE_PROXY_EXCEEDS_THRESHOLD,32.28346456692912,2,2
4bd35f1260b64365d38b,PH52-061,LONG_STRANGLE,development,8c9b97c314b368f7a743,2022-12-15,2,EXCLUDED_OHLC_RANGE_PROXY,False,OHLC_RANGE_PROXY_EXCEEDS_THRESHOLD,10.526315789473683,2,2
4bd35f1260b64365d38b,PH52-061,LONG_STRANGLE,development,b2b9482e70f4a2ace098,2023-06-22,2,EXCLUDED_OHLC_RANGE_PROXY,False,OHLC_RANGE_PROXY_EXCEEDS_THRESHOLD,11.111111111111104,2,2
4bd35f1260b64365d38b,PH52-061,LONG_STRANGLE,development,804301753400916af24f,2023-12-28,2,EXCLUDED_OHLC_RANGE_PROXY,False,OHLC_RANGE_PROXY_EXCEEDS_THRESHOLD,11.49425287356322,2,2
4bd35f1260b64365d38b,PH52-061,LONG_STRANGLE,validation,c1472f0b801661762bc6,2024-01-04,2,EXCLUDED_OHLC_RANGE_PROXY,False,OHLC_RANGE_PROXY_EXCEEDS_THRESHOLD,15.384615384615381,2,2
4bd35f1260b64365d38b,PH52-061,LONG_STRANGLE,validation,1d33307443bd39106f13,2024-05-30,2,EXCLUDED_OHLC_RANGE_PROXY,False,OHLC_RANGE_PROXY_EXCEEDS_THRESHOLD,12.056737588652478,2,2
4bd35f1260b64365d38b,PH52-061,LONG_STRANGLE,validation,50696f11ab0417607875,2024-10-17,2,EXCLUDED_OHLC_RANGE_PROXY,False,OHLC_RANGE_PROXY_EXCEEDS_THRESHOLD,14.285714285714288,2,2
4bd35f1260b64365d38b,PH52-061,LONG_STRANGLE,validation,58a4c4843286bd3943a2,2025-03-13,2,BLOCKED_LEG_ELIGIBILITY,False,REQUIRED_LEG_PRIOR_OI_BELOW_100,8.510638297872347,2,2
4bd35f1260b64365d38b,PH52-061,LONG_STRANGLE,validation,e5919e2053dc59805884,2025-07-31,2,BLOCKED_LEG_ELIGIBILITY,False,REQUIRED_LEG_PRIOR_OI_BELOW_100,34.78260869565216,2,2
4bd35f1260b64365d38b,PH52-061,LONG_STRANGLE,validation,2744fff722d389044d25,2025-12-30,2,EXCLUDED_OHLC_RANGE_PROXY,False,OHLC_RANGE_PROXY_EXCEEDS_THRESHOLD,10.526315789473683,2,2
89f52cd7e0b3bc8ec28c,PH52-073,SHORT_IRON_CONDOR,development,01f752daf3bb0e90d7b1,2021-05-27,2,EXCLUDED_OHLC_RANGE_PROXY,False,OHLC_RANGE_PROXY_EXCEEDS_THRESHOLD,5.448717948717936,4,4
89f52cd7e0b3bc8ec28c,PH52-073,SHORT_IRON_CONDOR,development,0ddaab2f8946678d3082,2021-12-09,2,EXCLUDED_OHLC_RANGE_PROXY,False,OHLC_RANGE_PROXY_EXCEEDS_THRESHOLD,19.444444444444443,4,4
89f52cd7e0b3bc8ec28c,PH52-073,SHORT_IRON_CONDOR,development,044eef05c3277601504c,2022-06-16,2,EXCLUDED_OHLC_RANGE_PROXY,False,OHLC_RANGE_PROXY_EXCEEDS_THRESHOLD,14.363143631436328,4,4
89f52cd7e0b3bc8ec28c,PH52-073,SHORT_IRON_CONDOR,development,307dafef42b72c870148,2022-12-15,2,EXCLUDED_OHLC_RANGE_PROXY,False,OHLC_RANGE_PROXY_EXCEEDS_THRESHOLD,10.144927536231886,4,4
89f52cd7e0b3bc8ec28c,PH52-073,SHORT_IRON_CONDOR,development,c8a686f986a21faa7ed5,2023-06-22,2,EXCLUDED_OHLC_RANGE_PROXY,False,OHLC_RANGE_PROXY_EXCEEDS_THRESHOLD,12.765957446808503,4,4
89f52cd7e0b3bc8ec28c,PH52-073,SHORT_IRON_CONDOR,development,84c7352397ed038c3ea2,2023-12-28,2,EXCLUDED_OHLC_RANGE_PROXY,False,OHLC_RANGE_PROXY_EXCEEDS_THRESHOLD,5.502392344497618,4,4
89f52cd7e0b3bc8ec28c,PH52-073,SHORT_IRON_CONDOR,validation,f104c6f1662847c5bbcc,2024-01-04,2,EXCLUDED_OHLC_RANGE_PROXY,False,OHLC_RANGE_PROXY_EXCEEDS_THRESHOLD,10.970464135021087,4,4
89f52cd7e0b3bc8ec28c,PH52-073,SHORT_IRON_CONDOR,validation,0cd34c6b63a9f995c503,2024-05-30,2,EXCLUDED_OHLC_RANGE_PROXY,False,OHLC_RANGE_PROXY_EXCEEDS_THRESHOLD,12.13151927437642,4,4
89f52cd7e0b3bc8ec28c,PH52-073,SHORT_IRON_CONDOR,validation,75007ced19cb5e12e01f,2024-10-17,2,EXCLUDED_OHLC_RANGE_PROXY,False,OHLC_RANGE_PROXY_EXCEEDS_THRESHOLD,38.80952380952382,4,4
89f52cd7e0b3bc8ec28c,PH52-073,SHORT_IRON_CONDOR,validation,8eb8f1add17ecb221cbd,2025-03-13,2,BLOCKED_LEG_ELIGIBILITY,False,REQUIRED_LEG_PRIOR_OI_BELOW_100,14.285714285714286,4,4
89f52cd7e0b3bc8ec28c,PH52-073,SHORT_IRON_CONDOR,validation,14d9997729e438213524,2025-07-31,2,BLOCKED_LEG_ELIGIBILITY,False,REQUIRED_LEG_PRIOR_OI_BELOW_100,14.367816091954024,4,4
89f52cd7e0b3bc8ec28c,PH52-073,SHORT_IRON_CONDOR,validation,4a919e0bde313b9b9ee1,2025-12-30,2,BLOCKED_LEG_ELIGIBILITY,False,REQUIRED_LEG_PRIOR_OI_BELOW_100,17.257683215130037,4,4
ed63864fa6c58959e82b,PH52-073,SHORT_IRON_CONDOR,development,01f752daf3bb0e90d7b1,2021-05-27,2,EXCLUDED_OHLC_RANGE_PROXY,False,OHLC_RANGE_PROXY_EXCEEDS_THRESHOLD,6.25,4,4
ed63864fa6c58959e82b,PH52-073,SHORT_IRON_CONDOR,development,0ddaab2f8946678d3082,2021-12-09,2,EXCLUDED_OHLC_RANGE_PROXY,False,OHLC_RANGE_PROXY_EXCEEDS_THRESHOLD,21.01449275362318,4,4
ed63864fa6c58959e82b,PH52-073,SHORT_IRON_CONDOR,development,044eef05c3277601504c,2022-06-16,2,EXCLUDED_OHLC_RANGE_PROXY,False,OHLC_RANGE_PROXY_EXCEEDS_THRESHOLD,13.354037267080747,4,4
ed63864fa6c58959e82b,PH52-073,SHORT_IRON_CONDOR,development,307dafef42b72c870148,2022-12-15,2,EXCLUDED_OHLC_RANGE_PROXY,False,OHLC_RANGE_PROXY_EXCEEDS_THRESHOLD,9.302325581395358,4,4
ed63864fa6c58959e82b,PH52-073,SHORT_IRON_CONDOR,development,c8a686f986a21faa7ed5,2023-06-22,2,EXCLUDED_OHLC_RANGE_PROXY,False,OHLC_RANGE_PROXY_EXCEEDS_THRESHOLD,11.021505376344088,4,4
ed63864fa6c58959e82b,PH52-073,SHORT_IRON_CONDOR,development,84c7352397ed038c3ea2,2023-12-28,2,EXCLUDED_OHLC_RANGE_PROXY,False,OHLC_RANGE_PROXY_EXCEEDS_THRESHOLD,5.681818181818182,4,4
ed63864fa6c58959e82b,PH52-073,SHORT_IRON_CONDOR,validation,f104c6f1662847c5bbcc,2024-01-04,2,EXCLUDED_OHLC_RANGE_PROXY,False,OHLC_RANGE_PROXY_EXCEEDS_THRESHOLD,10.970464135021087,4,4
ed63864fa6c58959e82b,PH52-073,SHORT_IRON_CONDOR,validation,0cd34c6b63a9f995c503,2024-05-30,2,EXCLUDED_OHLC_RANGE_PROXY,False,OHLC_RANGE_PROXY_EXCEEDS_THRESHOLD,14.496314496314492,4,4
ed63864fa6c58959e82b,PH52-073,SHORT_IRON_CONDOR,validation,75007ced19cb5e12e01f,2024-10-17,2,EXCLUDED_OHLC_RANGE_PROXY,False,OHLC_RANGE_PROXY_EXCEEDS_THRESHOLD,44.02985074626865,4,4
ed63864fa6c58959e82b,PH52-073,SHORT_IRON_CONDOR,validation,8eb8f1add17ecb221cbd,2025-03-13,2,BLOCKED_LEG_ELIGIBILITY,False,REQUIRED_LEG_PRIOR_OI_BELOW_100,14.285714285714286,4,4
ed63864fa6c58959e82b,PH52-073,SHORT_IRON_CONDOR,validation,14d9997729e438213524,2025-07-31,2,BLOCKED_LEG_ELIGIBILITY,False,REQUIRED_LEG_PRIOR_OI_BELOW_100,12.925170068027214,4,4
ed63864fa6c58959e82b,PH52-073,SHORT_IRON_CONDOR,validation,4a919e0bde313b9b9ee1,2025-12-30,2,BLOCKED_LEG_ELIGIBILITY,False,REQUIRED_LEG_PRIOR_OI_BELOW_100,17.257683215130037,4,4
d1522f8d7f12e8386fbd,PH52-073,SHORT_IRON_CONDOR,development,01f752daf3bb0e90d7b1,2021-05-27,2,EXCLUDED_OHLC_RANGE_PROXY,False,OHLC_RANGE_PROXY_EXCEEDS_THRESHOLD,6.329113924050633,4,4
d1522f8d7f12e8386fbd,PH52-073,SHORT_IRON_CONDOR,development,0ddaab2f8946678d3082,2021-12-09,2,EXCLUDED_OHLC_RANGE_PROXY,False,OHLC_RANGE_PROXY_EXCEEDS_THRESHOLD,21.01449275362318,4,4
d1522f8d7f12e8386fbd,PH52-073,SHORT_IRON_CONDOR,development,044eef05c3277601504c,2022-06-16,2,EXCLUDED_OHLC_RANGE_PROXY,False,OHLC_RANGE_PROXY_EXCEEDS_THRESHOLD,13.705583756345176,4,4
d1522f8d7f12e8386fbd,PH52-073,SHORT_IRON_CONDOR,development,307dafef42b72c870148,2022-12-15,2,EXCLUDED_OHLC_RANGE_PROXY,False,OHLC_RANGE_PROXY_EXCEEDS_THRESHOLD,8.771929824561402,4,4
d1522f8d7f12e8386fbd,PH52-073,SHORT_IRON_CONDOR,development,c8a686f986a21faa7ed5,2023-06-22,2,EXCLUDED_OHLC_RANGE_PROXY,False,OHLC_RANGE_PROXY_EXCEEDS_THRESHOLD,7.547169811320744,4,4
d1522f8d7f12e8386fbd,PH52-073,SHORT_IRON_CONDOR,development,84c7352397ed038c3ea2,2023-12-28,2,EXCLUDED_OHLC_RANGE_PROXY,False,OHLC_RANGE_PROXY_EXCEEDS_THRESHOLD,5.681818181818182,4,4
d1522f8d7f12e8386fbd,PH52-073,SHORT_IRON_CONDOR,validation,f104c6f1662847c5bbcc,2024-01-04,2,EXCLUDED_OHLC_RANGE_PROXY,False,OHLC_RANGE_PROXY_EXCEEDS_THRESHOLD,12.90322580645161,4,4
d1522f8d7f12e8386fbd,PH52-073,SHORT_IRON_CONDOR,validation,0cd34c6b63a9f995c503,2024-05-30,2,EXCLUDED_OHLC_RANGE_PROXY,False,OHLC_RANGE_PROXY_EXCEEDS_THRESHOLD,14.496314496314492,4,4
d1522f8d7f12e8386fbd,PH52-073,SHORT_IRON_CONDOR,validation,75007ced19cb5e12e01f,2024-10-17,2,EXCLUDED_OHLC_RANGE_PROXY,False,OHLC_RANGE_PROXY_EXCEEDS_THRESHOLD,44.444444444444436,4,4
d1522f8d7f12e8386fbd,PH52-073,SHORT_IRON_CONDOR,validation,8eb8f1add17ecb221cbd,2025-03-13,2,BLOCKED_LEG_ELIGIBILITY,False,REQUIRED_LEG_PRIOR_OI_BELOW_100,12.37113402061857,4,4
d1522f8d7f12e8386fbd,PH52-073,SHORT_IRON_CONDOR,validation,14d9997729e438213524,2025-07-31,2,BLOCKED_LEG_ELIGIBILITY,False,REQUIRED_LEG_PRIOR_OI_BELOW_100,12.925170068027214,4,4
d1522f8d7f12e8386fbd,PH52-073,SHORT_IRON_CONDOR,validation,4a919e0bde313b9b9ee1,2025-12-30,2,BLOCKED_LEG_ELIGIBILITY,False,REQUIRED_LEG_PRIOR_OI_BELOW_100,17.187500000000007,4,4
88f406f18831fffb35a5,PH52-073,SHORT_IRON_CONDOR,development,01f752daf3bb0e90d7b1,2021-05-27,2,EXCLUDED_OHLC_RANGE_PROXY,False,OHLC_RANGE_PROXY_EXCEEDS_THRESHOLD,9.677419354838703,4,4
88f406f18831fffb35a5,PH52-073,SHORT_IRON_CONDOR,development,0ddaab2f8946678d3082,2021-12-09,2,EXCLUDED_OHLC_RANGE_PROXY,False,OHLC_RANGE_PROXY_EXCEEDS_THRESHOLD,20.888888888888886,4,4
88f406f18831fffb35a5,PH52-073,SHORT_IRON_CONDOR,development,044eef05c3277601504c,2022-06-16,2,EXCLUDED_OHLC_RANGE_PROXY,False,OHLC_RANGE_PROXY_EXCEEDS_THRESHOLD,13.705583756345176,4,4
88f406f18831fffb35a5,PH52-073,SHORT_IRON_CONDOR,development,307dafef42b72c870148,2022-12-15,2,EXCLUDED_OHLC_RANGE_PROXY,False,OHLC_RANGE_PROXY_EXCEEDS_THRESHOLD,8.771929824561402,4,4
88f406f18831fffb35a5,PH52-073,SHORT_IRON_CONDOR,development,c8a686f986a21faa7ed5,2023-06-22,2,EXCLUDED_OHLC_RANGE_PROXY,False,OHLC_RANGE_PROXY_EXCEEDS_THRESHOLD,7.547169811320744,4,4
88f406f18831fffb35a5,PH52-073,SHORT_IRON_CONDOR,development,84c7352397ed038c3ea2,2023-12-28,2,EXCLUDED_OHLC_RANGE_PROXY,False,OHLC_RANGE_PROXY_EXCEEDS_THRESHOLD,5.2044609665427455,4,4
88f406f18831fffb35a5,PH52-073,SHORT_IRON_CONDOR,validation,f104c6f1662847c5bbcc,2024-01-04,2,EXCLUDED_OHLC_RANGE_PROXY,False,OHLC_RANGE_PROXY_EXCEEDS_THRESHOLD,12.90322580645161,4,4
88f406f18831fffb35a5,PH52-073,SHORT_IRON_CONDOR,validation,0cd34c6b63a9f995c503,2024-05-30,2,EXCLUDED_OHLC_RANGE_PROXY,False,OHLC_RANGE_PROXY_EXCEEDS_THRESHOLD,16.000000000000004,4,4
88f406f18831fffb35a5,PH52-073,SHORT_IRON_CONDOR,validation,75007ced19cb5e12e01f,2024-10-17,2,EXCLUDED_OHLC_RANGE_PROXY,False,OHLC_RANGE_PROXY_EXCEEDS_THRESHOLD,44.444444444444436,4,4
88f406f18831fffb35a5,PH52-073,SHORT_IRON_CONDOR,validation,8eb8f1add17ecb221cbd,2025-03-13,2,BLOCKED_LEG_ELIGIBILITY,False,REQUIRED_LEG_PRIOR_OI_BELOW_100,12.37113402061857,4,4
88f406f18831fffb35a5,PH52-073,SHORT_IRON_CONDOR,validation,14d9997729e438213524,2025-07-31,2,BLOCKED_LEG_ELIGIBILITY,False,REQUIRED_LEG_PRIOR_OI_BELOW_100,12.385321100917428,4,4
88f406f18831fffb35a5,PH52-073,SHORT_IRON_CONDOR,validation,4a919e0bde313b9b9ee1,2025-12-30,2,BLOCKED_LEG_ELIGIBILITY,False,REQUIRED_LEG_PRIOR_OI_BELOW_100,15.51724137931035,4,4
3bb7fb2966c25f63f7b8,PH52-073,SHORT_IRON_CONDOR,development,ce8e12389ff297becff9,2021-05-27,2,EXCLUDED_OHLC_RANGE_PROXY,False,OHLC_RANGE_PROXY_EXCEEDS_THRESHOLD,10.322580645161288,4,4
3bb7fb2966c25f63f7b8,PH52-073,SHORT_IRON_CONDOR,development,061c004245393c77b5c7,2021-12-09,2,EXCLUDED_OHLC_RANGE_PROXY,False,OHLC_RANGE_PROXY_EXCEEDS_THRESHOLD,10.270270270270263,4,4
3bb7fb2966c25f63f7b8,PH52-073,SHORT_IRON_CONDOR,development,b58d771555d73891d2fd,2022-06-16,2,EXCLUDED_OHLC_RANGE_PROXY,False,OHLC_RANGE_PROXY_EXCEEDS_THRESHOLD,32.28346456692915,4,4
3bb7fb2966c25f63f7b8,PH52-073,SHORT_IRON_CONDOR,development,8c9b97c314b368f7a743,2022-12-15,2,EXCLUDED_OHLC_RANGE_PROXY,False,OHLC_RANGE_PROXY_EXCEEDS_THRESHOLD,16.250000000000007,4,4
3bb7fb2966c25f63f7b8,PH52-073,SHORT_IRON_CONDOR,development,b2b9482e70f4a2ace098,2023-06-22,2,EXCLUDED_OHLC_RANGE_PROXY,False,OHLC_RANGE_PROXY_EXCEEDS_THRESHOLD,11.874999999999991,4,4
3bb7fb2966c25f63f7b8,PH52-073,SHORT_IRON_CONDOR,development,804301753400916af24f,2023-12-28,2,EXCLUDED_OHLC_RANGE_PROXY,False,OHLC_RANGE_PROXY_EXCEEDS_THRESHOLD,13.793103448275865,4,4
3bb7fb2966c25f63f7b8,PH52-073,SHORT_IRON_CONDOR,validation,c1472f0b801661762bc6,2024-01-04,2,EXCLUDED_OHLC_RANGE_PROXY,False,OHLC_RANGE_PROXY_EXCEEDS_THRESHOLD,17.58241758241759,4,4
3bb7fb2966c25f63f7b8,PH52-073,SHORT_IRON_CONDOR,validation,1d33307443bd39106f13,2024-05-30,2,EXCLUDED_OHLC_RANGE_PROXY,False,OHLC_RANGE_PROXY_EXCEEDS_THRESHOLD,12.436548223350252,4,4
3bb7fb2966c25f63f7b8,PH52-073,SHORT_IRON_CONDOR,validation,50696f11ab0417607875,2024-10-17,2,EXCLUDED_OHLC_RANGE_PROXY,False,OHLC_RANGE_PROXY_EXCEEDS_THRESHOLD,17.857142857142858,4,4
3bb7fb2966c25f63f7b8,PH52-073,SHORT_IRON_CONDOR,validation,58a4c4843286bd3943a2,2025-03-13,2,BLOCKED_LEG_ELIGIBILITY,False,REQUIRED_LEG_PRIOR_OI_BELOW_100,14.736842105263161,4,4
3bb7fb2966c25f63f7b8,PH52-073,SHORT_IRON_CONDOR,validation,e5919e2053dc59805884,2025-07-31,2,BLOCKED_LEG_ELIGIBILITY,False,REQUIRED_LEG_PRIOR_OI_BELOW_100,31.39158576051781,4,4
3bb7fb2966c25f63f7b8,PH52-073,SHORT_IRON_CONDOR,validation,2744fff722d389044d25,2025-12-30,2,EXCLUDED_OHLC_RANGE_PROXY,False,OHLC_RANGE_PROXY_EXCEEDS_THRESHOLD,13.46153846153846,4,4
afd015454460bea2a27d,PH52-073,SHORT_IRON_CONDOR,development,ce8e12389ff297becff9,2021-05-27,2,EXCLUDED_OHLC_RANGE_PROXY,False,OHLC_RANGE_PROXY_EXCEEDS_THRESHOLD,10.322580645161288,4,4
afd015454460bea2a27d,PH52-073,SHORT_IRON_CONDOR,development,061c004245393c77b5c7,2021-12-09,2,EXCLUDED_OHLC_RANGE_PROXY,False,OHLC_RANGE_PROXY_EXCEEDS_THRESHOLD,10.270270270270263,4,4
afd015454460bea2a27d,PH52-073,SHORT_IRON_CONDOR,development,b58d771555d73891d2fd,2022-06-16,2,EXCLUDED_OHLC_RANGE_PROXY,False,OHLC_RANGE_PROXY_EXCEEDS_THRESHOLD,25.89118198874296,4,4
afd015454460bea2a27d,PH52-073,SHORT_IRON_CONDOR,development,8c9b97c314b368f7a743,2022-12-15,2,EXCLUDED_OHLC_RANGE_PROXY,False,OHLC_RANGE_PROXY_EXCEEDS_THRESHOLD,16.250000000000007,4,4
afd015454460bea2a27d,PH52-073,SHORT_IRON_CONDOR,development,b2b9482e70f4a2ace098,2023-06-22,2,EXCLUDED_OHLC_RANGE_PROXY,False,OHLC_RANGE_PROXY_EXCEEDS_THRESHOLD,14.285714285714299,4,4
afd015454460bea2a27d,PH52-073,SHORT_IRON_CONDOR,development,804301753400916af24f,2023-12-28,2,EXCLUDED_OHLC_RANGE_PROXY,False,OHLC_RANGE_PROXY_EXCEEDS_THRESHOLD,13.793103448275865,4,4
afd015454460bea2a27d,PH52-073,SHORT_IRON_CONDOR,validation,c1472f0b801661762bc6,2024-01-04,2,EXCLUDED_OHLC_RANGE_PROXY,False,OHLC_RANGE_PROXY_EXCEEDS_THRESHOLD,17.58241758241759,4,4
afd015454460bea2a27d,PH52-073,SHORT_IRON_CONDOR,validation,1d33307443bd39106f13,2024-05-30,2,EXCLUDED_OHLC_RANGE_PROXY,False,OHLC_RANGE_PROXY_EXCEEDS_THRESHOLD,12.436548223350252,4,4
afd015454460bea2a27d,PH52-073,SHORT_IRON_CONDOR,validation,50696f11ab0417607875,2024-10-17,2,EXCLUDED_OHLC_RANGE_PROXY,False,OHLC_RANGE_PROXY_EXCEEDS_THRESHOLD,17.857142857142858,4,4
afd015454460bea2a27d,PH52-073,SHORT_IRON_CONDOR,validation,58a4c4843286bd3943a2,2025-03-13,2,BLOCKED_LEG_ELIGIBILITY,False,REQUIRED_LEG_PRIOR_OI_BELOW_100,14.736842105263161,4,4
afd015454460bea2a27d,PH52-073,SHORT_IRON_CONDOR,validation,e5919e2053dc59805884,2025-07-31,2,BLOCKED_LEG_ELIGIBILITY,False,REQUIRED_LEG_PRIOR_OI_BELOW_100,31.521739130434792,4,4
afd015454460bea2a27d,PH52-073,SHORT_IRON_CONDOR,validation,2744fff722d389044d25,2025-12-30,2,EXCLUDED_OHLC_RANGE_PROXY,False,OHLC_RANGE_PROXY_EXCEEDS_THRESHOLD,13.46153846153846,4,4
2f542b011d83f30b511e,PH52-073,SHORT_IRON_CONDOR,development,ce8e12389ff297becff9,2021-05-27,2,EXCLUDED_OHLC_RANGE_PROXY,False,OHLC_RANGE_PROXY_EXCEEDS_THRESHOLD,10.000000000000009,4,4
2f542b011d83f30b511e,PH52-073,SHORT_IRON_CONDOR,development,061c004245393c77b5c7,2021-12-09,2,EXCLUDED_OHLC_RANGE_PROXY,False,OHLC_RANGE_PROXY_EXCEEDS_THRESHOLD,9.090909090909086,4,4
2f542b011d83f30b511e,PH52-073,SHORT_IRON_CONDOR,development,b58d771555d73891d2fd,2022-06-16,2,EXCLUDED_OHLC_RANGE_PROXY,False,OHLC_RANGE_PROXY_EXCEEDS_THRESHOLD,32.28346456692912,4,4
2f542b011d83f30b511e,PH52-073,SHORT_IRON_CONDOR,development,8c9b97c314b368f7a743,2022-12-15,2,EXCLUDED_OHLC_RANGE_PROXY,False,OHLC_RANGE_PROXY_EXCEEDS_THRESHOLD,10.526315789473683,4,4
2f542b011d83f30b511e,PH52-073,SHORT_IRON_CONDOR,development,b2b9482e70f4a2ace098,2023-06-22,2,EXCLUDED_OHLC_RANGE_PROXY,False,OHLC_RANGE_PROXY_EXCEEDS_THRESHOLD,14.285714285714299,4,4
2f542b011d83f30b511e,PH52-073,SHORT_IRON_CONDOR,development,804301753400916af24f,2023-12-28,2,EXCLUDED_OHLC_RANGE_PROXY,False,OHLC_RANGE_PROXY_EXCEEDS_THRESHOLD,11.49425287356322,4,4
2f542b011d83f30b511e,PH52-073,SHORT_IRON_CONDOR,validation,c1472f0b801661762bc6,2024-01-04,2,EXCLUDED_OHLC_RANGE_PROXY,False,OHLC_RANGE_PROXY_EXCEEDS_THRESHOLD,15.384615384615381,4,4
2f542b011d83f30b511e,PH52-073,SHORT_IRON_CONDOR,validation,1d33307443bd39106f13,2024-05-30,2,EXCLUDED_OHLC_RANGE_PROXY,False,OHLC_RANGE_PROXY_EXCEEDS_THRESHOLD,12.22222222222222,4,4
2f542b011d83f30b511e,PH52-073,SHORT_IRON_CONDOR,validation,50696f11ab0417607875,2024-10-17,2,EXCLUDED_OHLC_RANGE_PROXY,False,OHLC_RANGE_PROXY_EXCEEDS_THRESHOLD,14.285714285714299,4,4
2f542b011d83f30b511e,PH52-073,SHORT_IRON_CONDOR,validation,58a4c4843286bd3943a2,2025-03-13,2,BLOCKED_LEG_ELIGIBILITY,False,REQUIRED_LEG_PRIOR_OI_BELOW_100,8.510638297872347,4,4
2f542b011d83f30b511e,PH52-073,SHORT_IRON_CONDOR,validation,e5919e2053dc59805884,2025-07-31,2,BLOCKED_LEG_ELIGIBILITY,False,REQUIRED_LEG_PRIOR_OI_BELOW_100,34.78260869565216,4,4
2f542b011d83f30b511e,PH52-073,SHORT_IRON_CONDOR,validation,2744fff722d389044d25,2025-12-30,2,EXCLUDED_OHLC_RANGE_PROXY,False,OHLC_RANGE_PROXY_EXCEEDS_THRESHOLD,12.50000000000001,4,4
8ac7e282e4555d32f4b1,PH52-073,SHORT_IRON_CONDOR,development,ce8e12389ff297becff9,2021-05-27,2,EXCLUDED_OHLC_RANGE_PROXY,False,OHLC_RANGE_PROXY_EXCEEDS_THRESHOLD,14.285714285714299,4,4
8ac7e282e4555d32f4b1,PH52-073,SHORT_IRON_CONDOR,development,061c004245393c77b5c7,2021-12-09,2,EXCLUDED_OHLC_RANGE_PROXY,False,OHLC_RANGE_PROXY_EXCEEDS_THRESHOLD,10.000000000000009,4,4
8ac7e282e4555d32f4b1,PH52-073,SHORT_IRON_CONDOR,development,b58d771555d73891d2fd,2022-06-16,2,EXCLUDED_OHLC_RANGE_PROXY,False,OHLC_RANGE_PROXY_EXCEEDS_THRESHOLD,32.28346456692912,4,4
8ac7e282e4555d32f4b1,PH52-073,SHORT_IRON_CONDOR,development,8c9b97c314b368f7a743,2022-12-15,2,EXCLUDED_OHLC_RANGE_PROXY,False,OHLC_RANGE_PROXY_EXCEEDS_THRESHOLD,22.22222222222223,4,4
8ac7e282e4555d32f4b1,PH52-073,SHORT_IRON_CONDOR,development,b2b9482e70f4a2ace098,2023-06-22,2,EXCLUDED_OHLC_RANGE_PROXY,False,OHLC_RANGE_PROXY_EXCEEDS_THRESHOLD,12.499999999999996,4,4
8ac7e282e4555d32f4b1,PH52-073,SHORT_IRON_CONDOR,development,804301753400916af24f,2023-12-28,2,EXCLUDED_OHLC_RANGE_PROXY,False,OHLC_RANGE_PROXY_EXCEEDS_THRESHOLD,11.49425287356322,4,4
8ac7e282e4555d32f4b1,PH52-073,SHORT_IRON_CONDOR,validation,c1472f0b801661762bc6,2024-01-04,2,EXCLUDED_OHLC_RANGE_PROXY,False,OHLC_RANGE_PROXY_EXCEEDS_THRESHOLD,19.999999999999996,4,4
8ac7e282e4555d32f4b1,PH52-073,SHORT_IRON_CONDOR,validation,1d33307443bd39106f13,2024-05-30,2,EXCLUDED_OHLC_RANGE_PROXY,False,OHLC_RANGE_PROXY_EXCEEDS_THRESHOLD,12.056737588652478,4,4
8ac7e282e4555d32f4b1,PH52-073,SHORT_IRON_CONDOR,validation,50696f11ab0417607875,2024-10-17,2,EXCLUDED_OHLC_RANGE_PROXY,False,OHLC_RANGE_PROXY_EXCEEDS_THRESHOLD,14.285714285714288,4,4
8ac7e282e4555d32f4b1,PH52-073,SHORT_IRON_CONDOR,validation,58a4c4843286bd3943a2,2025-03-13,2,BLOCKED_LEG_ELIGIBILITY,False,REQUIRED_LEG_PRIOR_OI_BELOW_100,10.000000000000009,4,4
8ac7e282e4555d32f4b1,PH52-073,SHORT_IRON_CONDOR,validation,e5919e2053dc59805884,2025-07-31,2,BLOCKED_LEG_ELIGIBILITY,False,REQUIRED_LEG_PRIOR_OI_BELOW_100,34.78260869565216,4,4
8ac7e282e4555d32f4b1,PH52-073,SHORT_IRON_CONDOR,validation,2744fff722d389044d25,2025-12-30,2,EXCLUDED_OHLC_RANGE_PROXY,False,OHLC_RANGE_PROXY_EXCEEDS_THRESHOLD,10.526315789473683,4,4
fe6add04f5cb79f886ae,PH52-043,BEAR_CALL_SPREAD,development,01f752daf3bb0e90d7b1,2021-05-27,3,EXCLUDED_OHLC_RANGE_PROXY,False,OHLC_RANGE_PROXY_EXCEEDS_THRESHOLD,5.384615384615379,2,2
fe6add04f5cb79f886ae,PH52-043,BEAR_CALL_SPREAD,development,0ddaab2f8946678d3082,2021-12-09,3,EXCLUDED_OHLC_RANGE_PROXY,False,OHLC_RANGE_PROXY_EXCEEDS_THRESHOLD,13.180515759312314,2,2
fe6add04f5cb79f886ae,PH52-043,BEAR_CALL_SPREAD,development,044eef05c3277601504c,2022-06-16,3,EXCLUDED_OHLC_RANGE_PROXY,False,OHLC_RANGE_PROXY_EXCEEDS_THRESHOLD,10.924369747899156,2,2
fe6add04f5cb79f886ae,PH52-043,BEAR_CALL_SPREAD,development,307dafef42b72c870148,2022-12-15,3,EXCLUDED_OHLC_RANGE_PROXY,False,OHLC_RANGE_PROXY_EXCEEDS_THRESHOLD,5.957446808510648,2,2
fe6add04f5cb79f886ae,PH52-043,BEAR_CALL_SPREAD,development,c8a686f986a21faa7ed5,2023-06-22,3,EXCLUDED_OHLC_RANGE_PROXY,False,OHLC_RANGE_PROXY_EXCEEDS_THRESHOLD,12.765957446808503,2,2
fe6add04f5cb79f886ae,PH52-043,BEAR_CALL_SPREAD,development,84c7352397ed038c3ea2,2023-12-28,3,EXCLUDED_OHLC_RANGE_PROXY,False,OHLC_RANGE_PROXY_EXCEEDS_THRESHOLD,4.511278195488715,2,2
fe6add04f5cb79f886ae,PH52-043,BEAR_CALL_SPREAD,validation,f104c6f1662847c5bbcc,2024-01-04,3,EXCLUDED_OHLC_RANGE_PROXY,False,OHLC_RANGE_PROXY_EXCEEDS_THRESHOLD,8.63309352517985,2,2
fe6add04f5cb79f886ae,PH52-043,BEAR_CALL_SPREAD,validation,0cd34c6b63a9f995c503,2024-05-30,3,EXCLUDED_OHLC_RANGE_PROXY,False,OHLC_RANGE_PROXY_EXCEEDS_THRESHOLD,8.391608391608392,2,2
fe6add04f5cb79f886ae,PH52-043,BEAR_CALL_SPREAD,validation,75007ced19cb5e12e01f,2024-10-17,3,EXCLUDED_OHLC_RANGE_PROXY,False,OHLC_RANGE_PROXY_EXCEEDS_THRESHOLD,17.452830188679247,2,2
fe6add04f5cb79f886ae,PH52-043,BEAR_CALL_SPREAD,validation,8eb8f1add17ecb221cbd,2025-03-13,3,BLOCKED_LEG_ELIGIBILITY,False,REQUIRED_LEG_PRIOR_OI_BELOW_100,14.285714285714286,2,2
fe6add04f5cb79f886ae,PH52-043,BEAR_CALL_SPREAD,validation,14d9997729e438213524,2025-07-31,3,BLOCKED_LEG_ELIGIBILITY,False,REQUIRED_LEG_PRIOR_OI_BELOW_100,14.367816091954024,2,2
fe6add04f5cb79f886ae,PH52-043,BEAR_CALL_SPREAD,validation,4a919e0bde313b9b9ee1,2025-12-30,3,BLOCKED_LEG_ELIGIBILITY,False,REQUIRED_LEG_PRIOR_OI_BELOW_100,17.257683215130037,2,2
7fbbaa60e31b671300e2,PH52-043,BEAR_CALL_SPREAD,development,01f752daf3bb0e90d7b1,2021-05-27,3,EXCLUDED_OHLC_RANGE_PROXY,False,OHLC_RANGE_PROXY_EXCEEDS_THRESHOLD,5.246913580246912,2,2
7fbbaa60e31b671300e2,PH52-043,BEAR_CALL_SPREAD,development,0ddaab2f8946678d3082,2021-12-09,3,EXCLUDED_OHLC_RANGE_PROXY,False,OHLC_RANGE_PROXY_EXCEEDS_THRESHOLD,11.158798283261808,2,2
7fbbaa60e31b671300e2,PH52-043,BEAR_CALL_SPREAD,development,044eef05c3277601504c,2022-06-16,3,EXCLUDED_OHLC_RANGE_PROXY,False,OHLC_RANGE_PROXY_EXCEEDS_THRESHOLD,10.736196319018415,2,2
7fbbaa60e31b671300e2,PH52-043,BEAR_CALL_SPREAD,development,307dafef42b72c870148,2022-12-15,3,EXCLUDED_OHLC_RANGE_PROXY,False,OHLC_RANGE_PROXY_EXCEEDS_THRESHOLD,5.957446808510648,2,2
7fbbaa60e31b671300e2,PH52-043,BEAR_CALL_SPREAD,development,c8a686f986a21faa7ed5,2023-06-22,3,EXCLUDED_OHLC_RANGE_PROXY,False,OHLC_RANGE_PROXY_EXCEEDS_THRESHOLD,11.021505376344088,2,2
7fbbaa60e31b671300e2,PH52-043,BEAR_CALL_SPREAD,development,84c7352397ed038c3ea2,2023-12-28,3,EXCLUDED_OHLC_RANGE_PROXY,False,OHLC_RANGE_PROXY_EXCEEDS_THRESHOLD,4.341736694677863,2,2
7fbbaa60e31b671300e2,PH52-043,BEAR_CALL_SPREAD,validation,f104c6f1662847c5bbcc,2024-01-04,3,EXCLUDED_OHLC_RANGE_PROXY,False,OHLC_RANGE_PROXY_EXCEEDS_THRESHOLD,6.666666666666658,2,2
7fbbaa60e31b671300e2,PH52-043,BEAR_CALL_SPREAD,validation,0cd34c6b63a9f995c503,2024-05-30,3,EXCLUDED_OHLC_RANGE_PROXY,False,OHLC_RANGE_PROXY_EXCEEDS_THRESHOLD,8.620689655172415,2,2
7fbbaa60e31b671300e2,PH52-043,BEAR_CALL_SPREAD,validation,75007ced19cb5e12e01f,2024-10-17,3,EXCLUDED_OHLC_RANGE_PROXY,False,OHLC_RANGE_PROXY_EXCEEDS_THRESHOLD,17.452830188679247,2,2
7fbbaa60e31b671300e2,PH52-043,BEAR_CALL_SPREAD,validation,8eb8f1add17ecb221cbd,2025-03-13,3,BLOCKED_LEG_ELIGIBILITY,False,REQUIRED_LEG_PRIOR_OI_BELOW_100,14.285714285714286,2,2
7fbbaa60e31b671300e2,PH52-043,BEAR_CALL_SPREAD,validation,14d9997729e438213524,2025-07-31,3,BLOCKED_LEG_ELIGIBILITY,False,REQUIRED_LEG_PRIOR_OI_BELOW_100,12.925170068027214,2,2
7fbbaa60e31b671300e2,PH52-043,BEAR_CALL_SPREAD,validation,4a919e0bde313b9b9ee1,2025-12-30,3,BLOCKED_LEG_ELIGIBILITY,False,REQUIRED_LEG_PRIOR_OI_BELOW_100,17.257683215130037,2,2
16d864e72053099b92bd,PH52-043,BEAR_CALL_SPREAD,development,01f752daf3bb0e90d7b1,2021-05-27,3,EXCLUDED_OHLC_RANGE_PROXY,False,OHLC_RANGE_PROXY_EXCEEDS_THRESHOLD,5.9999999999999964,2,2
16d864e72053099b92bd,PH52-043,BEAR_CALL_SPREAD,development,0ddaab2f8946678d3082,2021-12-09,3,EXCLUDED_OHLC_RANGE_PROXY,False,OHLC_RANGE_PROXY_EXCEEDS_THRESHOLD,10.596026490066224,2,2
16d864e72053099b92bd,PH52-043,BEAR_CALL_SPREAD,development,044eef05c3277601504c,2022-06-16,3,EXCLUDED_OHLC_RANGE_PROXY,False,OHLC_RANGE_PROXY_EXCEEDS_THRESHOLD,9.78260869565216,2,2
16d864e72053099b92bd,PH52-043,BEAR_CALL_SPREAD,development,307dafef42b72c870148,2022-12-15,3,EXCLUDED_OHLC_RANGE_PROXY,False,OHLC_RANGE_PROXY_EXCEEDS_THRESHOLD,3.63636363636364,2,2
16d864e72053099b92bd,PH52-043,BEAR_CALL_SPREAD,development,c8a686f986a21faa7ed5,2023-06-22,3,EXCLUDED_OHLC_RANGE_PROXY,False,OHLC_RANGE_PROXY_EXCEEDS_THRESHOLD,7.547169811320744,2,2
16d864e72053099b92bd,PH52-043,BEAR_CALL_SPREAD,development,84c7352397ed038c3ea2,2023-12-28,3,EXCLUDED_OHLC_RANGE_PROXY,False,OHLC_RANGE_PROXY_EXCEEDS_THRESHOLD,4.784688995215311,2,2
16d864e72053099b92bd,PH52-043,BEAR_CALL_SPREAD,validation,f104c6f1662847c5bbcc,2024-01-04,3,EXCLUDED_OHLC_RANGE_PROXY,False,OHLC_RANGE_PROXY_EXCEEDS_THRESHOLD,5.882352941176485,2,2
16d864e72053099b92bd,PH52-043,BEAR_CALL_SPREAD,validation,0cd34c6b63a9f995c503,2024-05-30,3,EXCLUDED_OHLC_RANGE_PROXY,False,OHLC_RANGE_PROXY_EXCEEDS_THRESHOLD,8.739837398373977,2,2
16d864e72053099b92bd,PH52-043,BEAR_CALL_SPREAD,validation,75007ced19cb5e12e01f,2024-10-17,3,EXCLUDED_OHLC_RANGE_PROXY,False,OHLC_RANGE_PROXY_EXCEEDS_THRESHOLD,15.302491103202849,2,2
16d864e72053099b92bd,PH52-043,BEAR_CALL_SPREAD,validation,8eb8f1add17ecb221cbd,2025-03-13,3,BLOCKED_LEG_ELIGIBILITY,False,REQUIRED_LEG_PRIOR_OI_BELOW_100,12.37113402061857,2,2
16d864e72053099b92bd,PH52-043,BEAR_CALL_SPREAD,validation,14d9997729e438213524,2025-07-31,3,BLOCKED_LEG_ELIGIBILITY,False,REQUIRED_LEG_PRIOR_OI_BELOW_100,12.925170068027214,2,2
16d864e72053099b92bd,PH52-043,BEAR_CALL_SPREAD,validation,4a919e0bde313b9b9ee1,2025-12-30,3,BLOCKED_LEG_ELIGIBILITY,False,REQUIRED_LEG_PRIOR_OI_BELOW_100,17.187500000000007,2,2
996fe2c49ae57ab7d9a0,PH52-043,BEAR_CALL_SPREAD,development,01f752daf3bb0e90d7b1,2021-05-27,3,EXCLUDED_OHLC_RANGE_PROXY,False,OHLC_RANGE_PROXY_EXCEEDS_THRESHOLD,5.9999999999999964,2,2
996fe2c49ae57ab7d9a0,PH52-043,BEAR_CALL_SPREAD,development,0ddaab2f8946678d3082,2021-12-09,3,EXCLUDED_OHLC_RANGE_PROXY,False,OHLC_RANGE_PROXY_EXCEEDS_THRESHOLD,10.596026490066224,2,2
996fe2c49ae57ab7d9a0,PH52-043,BEAR_CALL_SPREAD,development,044eef05c3277601504c,2022-06-16,3,EXCLUDED_OHLC_RANGE_PROXY,False,OHLC_RANGE_PROXY_EXCEEDS_THRESHOLD,9.78260869565216,2,2
996fe2c49ae57ab7d9a0,PH52-043,BEAR_CALL_SPREAD,development,307dafef42b72c870148,2022-12-15,3,EXCLUDED_OHLC_RANGE_PROXY,False,OHLC_RANGE_PROXY_EXCEEDS_THRESHOLD,3.8461538461538494,2,2
996fe2c49ae57ab7d9a0,PH52-043,BEAR_CALL_SPREAD,development,c8a686f986a21faa7ed5,2023-06-22,3,EXCLUDED_OHLC_RANGE_PROXY,False,OHLC_RANGE_PROXY_EXCEEDS_THRESHOLD,7.547169811320744,2,2
996fe2c49ae57ab7d9a0,PH52-043,BEAR_CALL_SPREAD,development,84c7352397ed038c3ea2,2023-12-28,3,EXCLUDED_OHLC_RANGE_PROXY,False,OHLC_RANGE_PROXY_EXCEEDS_THRESHOLD,4.784688995215311,2,2
996fe2c49ae57ab7d9a0,PH52-043,BEAR_CALL_SPREAD,validation,f104c6f1662847c5bbcc,2024-01-04,3,EXCLUDED_OHLC_RANGE_PROXY,False,OHLC_RANGE_PROXY_EXCEEDS_THRESHOLD,7.1428571428571335,2,2
996fe2c49ae57ab7d9a0,PH52-043,BEAR_CALL_SPREAD,validation,0cd34c6b63a9f995c503,2024-05-30,3,EXCLUDED_OHLC_RANGE_PROXY,False,OHLC_RANGE_PROXY_EXCEEDS_THRESHOLD,8.739837398373977,2,2
996fe2c49ae57ab7d9a0,PH52-043,BEAR_CALL_SPREAD,validation,75007ced19cb5e12e01f,2024-10-17,3,EXCLUDED_OHLC_RANGE_PROXY,False,OHLC_RANGE_PROXY_EXCEEDS_THRESHOLD,15.302491103202849,2,2
996fe2c49ae57ab7d9a0,PH52-043,BEAR_CALL_SPREAD,validation,8eb8f1add17ecb221cbd,2025-03-13,3,BLOCKED_LEG_ELIGIBILITY,False,REQUIRED_LEG_PRIOR_OI_BELOW_100,12.37113402061857,2,2
996fe2c49ae57ab7d9a0,PH52-043,BEAR_CALL_SPREAD,validation,14d9997729e438213524,2025-07-31,3,BLOCKED_LEG_ELIGIBILITY,False,REQUIRED_LEG_PRIOR_OI_BELOW_100,12.385321100917428,2,2
996fe2c49ae57ab7d9a0,PH52-043,BEAR_CALL_SPREAD,validation,4a919e0bde313b9b9ee1,2025-12-30,3,BLOCKED_LEG_ELIGIBILITY,False,REQUIRED_LEG_PRIOR_OI_BELOW_100,15.51724137931035,2,2
60c2d16b969965ff2b15,PH52-043,BEAR_CALL_SPREAD,development,ce8e12389ff297becff9,2021-05-27,3,EXCLUDED_OHLC_RANGE_PROXY,False,OHLC_RANGE_PROXY_EXCEEDS_THRESHOLD,10.322580645161288,2,2
60c2d16b969965ff2b15,PH52-043,BEAR_CALL_SPREAD,development,061c004245393c77b5c7,2021-12-09,3,EXCLUDED_OHLC_RANGE_PROXY,False,OHLC_RANGE_PROXY_EXCEEDS_THRESHOLD,9.48509485094851,2,2
60c2d16b969965ff2b15,PH52-043,BEAR_CALL_SPREAD,development,b58d771555d73891d2fd,2022-06-16,3,EXCLUDED_OHLC_RANGE_PROXY,False,OHLC_RANGE_PROXY_EXCEEDS_THRESHOLD,22.22222222222222,2,2
60c2d16b969965ff2b15,PH52-043,BEAR_CALL_SPREAD,development,8c9b97c314b368f7a743,2022-12-15,3,EXCLUDED_OHLC_RANGE_PROXY,False,OHLC_RANGE_PROXY_EXCEEDS_THRESHOLD,8.231707317073157,2,2
60c2d16b969965ff2b15,PH52-043,BEAR_CALL_SPREAD,development,b2b9482e70f4a2ace098,2023-06-22,3,EXCLUDED_OHLC_RANGE_PROXY,False,OHLC_RANGE_PROXY_EXCEEDS_THRESHOLD,11.874999999999991,2,2
60c2d16b969965ff2b15,PH52-043,BEAR_CALL_SPREAD,development,804301753400916af24f,2023-12-28,3,EXCLUDED_OHLC_RANGE_PROXY,False,OHLC_RANGE_PROXY_EXCEEDS_THRESHOLD,12.962962962962964,2,2
60c2d16b969965ff2b15,PH52-043,BEAR_CALL_SPREAD,validation,c1472f0b801661762bc6,2024-01-04,3,EXCLUDED_OHLC_RANGE_PROXY,False,OHLC_RANGE_PROXY_EXCEEDS_THRESHOLD,17.58241758241759,2,2
60c2d16b969965ff2b15,PH52-043,BEAR_CALL_SPREAD,validation,1d33307443bd39106f13,2024-05-30,3,EXCLUDED_OHLC_RANGE_PROXY,False,OHLC_RANGE_PROXY_EXCEEDS_THRESHOLD,12.436548223350252,2,2
60c2d16b969965ff2b15,PH52-043,BEAR_CALL_SPREAD,validation,50696f11ab0417607875,2024-10-17,3,EXCLUDED_OHLC_RANGE_PROXY,False,OHLC_RANGE_PROXY_EXCEEDS_THRESHOLD,17.857142857142858,2,2
60c2d16b969965ff2b15,PH52-043,BEAR_CALL_SPREAD,validation,58a4c4843286bd3943a2,2025-03-13,3,BLOCKED_LEG_ELIGIBILITY,False,REQUIRED_LEG_PRIOR_OI_BELOW_100,10.0,2,2
60c2d16b969965ff2b15,PH52-043,BEAR_CALL_SPREAD,validation,e5919e2053dc59805884,2025-07-31,3,BLOCKED_LEG_ELIGIBILITY,False,REQUIRED_LEG_PRIOR_OI_BELOW_100,31.39158576051781,2,2
60c2d16b969965ff2b15,PH52-043,BEAR_CALL_SPREAD,validation,2744fff722d389044d25,2025-12-30,3,EXCLUDED_OHLC_RANGE_PROXY,False,OHLC_RANGE_PROXY_EXCEEDS_THRESHOLD,11.363636363636365,2,2
f96abfc5c945c889729f,PH52-043,BEAR_CALL_SPREAD,development,ce8e12389ff297becff9,2021-05-27,3,EXCLUDED_OHLC_RANGE_PROXY,False,OHLC_RANGE_PROXY_EXCEEDS_THRESHOLD,10.322580645161288,2,2
f96abfc5c945c889729f,PH52-043,BEAR_CALL_SPREAD,development,061c004245393c77b5c7,2021-12-09,3,EXCLUDED_OHLC_RANGE_PROXY,False,OHLC_RANGE_PROXY_EXCEEDS_THRESHOLD,9.48509485094851,2,2
f96abfc5c945c889729f,PH52-043,BEAR_CALL_SPREAD,development,b58d771555d73891d2fd,2022-06-16,3,EXCLUDED_OHLC_RANGE_PROXY,False,OHLC_RANGE_PROXY_EXCEEDS_THRESHOLD,21.229050279329606,2,2
f96abfc5c945c889729f,PH52-043,BEAR_CALL_SPREAD,development,8c9b97c314b368f7a743,2022-12-15,3,EXCLUDED_OHLC_RANGE_PROXY,False,OHLC_RANGE_PROXY_EXCEEDS_THRESHOLD,8.231707317073157,2,2
f96abfc5c945c889729f,PH52-043,BEAR_CALL_SPREAD,development,b2b9482e70f4a2ace098,2023-06-22,3,EXCLUDED_OHLC_RANGE_PROXY,False,OHLC_RANGE_PROXY_EXCEEDS_THRESHOLD,11.874999999999991,2,2
f96abfc5c945c889729f,PH52-043,BEAR_CALL_SPREAD,development,804301753400916af24f,2023-12-28,3,EXCLUDED_OHLC_RANGE_PROXY,False,OHLC_RANGE_PROXY_EXCEEDS_THRESHOLD,12.962962962962964,2,2
f96abfc5c945c889729f,PH52-043,BEAR_CALL_SPREAD,validation,c1472f0b801661762bc6,2024-01-04,3,EXCLUDED_OHLC_RANGE_PROXY,False,OHLC_RANGE_PROXY_EXCEEDS_THRESHOLD,17.58241758241759,2,2
f96abfc5c945c889729f,PH52-043,BEAR_CALL_SPREAD,validation,1d33307443bd39106f13,2024-05-30,3,EXCLUDED_OHLC_RANGE_PROXY,False,OHLC_RANGE_PROXY_EXCEEDS_THRESHOLD,12.436548223350252,2,2
f96abfc5c945c889729f,PH52-043,BEAR_CALL_SPREAD,validation,50696f11ab0417607875,2024-10-17,3,EXCLUDED_OHLC_RANGE_PROXY,False,OHLC_RANGE_PROXY_EXCEEDS_THRESHOLD,17.857142857142858,2,2
f96abfc5c945c889729f,PH52-043,BEAR_CALL_SPREAD,validation,58a4c4843286bd3943a2,2025-03-13,3,BLOCKED_LEG_ELIGIBILITY,False,REQUIRED_LEG_PRIOR_OI_BELOW_100,10.0,2,2
f96abfc5c945c889729f,PH52-043,BEAR_CALL_SPREAD,validation,e5919e2053dc59805884,2025-07-31,3,BLOCKED_LEG_ELIGIBILITY,False,REQUIRED_LEG_PRIOR_OI_BELOW_100,31.521739130434792,2,2
f96abfc5c945c889729f,PH52-043,BEAR_CALL_SPREAD,validation,2744fff722d389044d25,2025-12-30,3,EXCLUDED_OHLC_RANGE_PROXY,False,OHLC_RANGE_PROXY_EXCEEDS_THRESHOLD,11.363636363636365,2,2
31945d66866929a2f44e,PH52-043,BEAR_CALL_SPREAD,development,ce8e12389ff297becff9,2021-05-27,3,EXCLUDED_OHLC_RANGE_PROXY,False,OHLC_RANGE_PROXY_EXCEEDS_THRESHOLD,10.000000000000009,2,2
31945d66866929a2f44e,PH52-043,BEAR_CALL_SPREAD,development,061c004245393c77b5c7,2021-12-09,3,EXCLUDED_OHLC_RANGE_PROXY,False,OHLC_RANGE_PROXY_EXCEEDS_THRESHOLD,7.499999999999996,2,2
31945d66866929a2f44e,PH52-043,BEAR_CALL_SPREAD,development,b58d771555d73891d2fd,2022-06-16,3,EXCLUDED_OHLC_RANGE_PROXY,False,OHLC_RANGE_PROXY_EXCEEDS_THRESHOLD,21.73913043478261,2,2
31945d66866929a2f44e,PH52-043,BEAR_CALL_SPREAD,development,8c9b97c314b368f7a743,2022-12-15,3,EXCLUDED_OHLC_RANGE_PROXY,False,OHLC_RANGE_PROXY_EXCEEDS_THRESHOLD,7.142857142857159,2,2
31945d66866929a2f44e,PH52-043,BEAR_CALL_SPREAD,development,b2b9482e70f4a2ace098,2023-06-22,3,EXCLUDED_OHLC_RANGE_PROXY,False,OHLC_RANGE_PROXY_EXCEEDS_THRESHOLD,8.695652173913052,2,2
31945d66866929a2f44e,PH52-043,BEAR_CALL_SPREAD,development,804301753400916af24f,2023-12-28,3,EXCLUDED_OHLC_RANGE_PROXY,False,OHLC_RANGE_PROXY_EXCEEDS_THRESHOLD,9.803921568627452,2,2
31945d66866929a2f44e,PH52-043,BEAR_CALL_SPREAD,validation,c1472f0b801661762bc6,2024-01-04,3,EXCLUDED_OHLC_RANGE_PROXY,False,OHLC_RANGE_PROXY_EXCEEDS_THRESHOLD,15.384615384615381,2,2
31945d66866929a2f44e,PH52-043,BEAR_CALL_SPREAD,validation,1d33307443bd39106f13,2024-05-30,3,EXCLUDED_OHLC_RANGE_PROXY,False,OHLC_RANGE_PROXY_EXCEEDS_THRESHOLD,12.22222222222222,2,2
31945d66866929a2f44e,PH52-043,BEAR_CALL_SPREAD,validation,50696f11ab0417607875,2024-10-17,3,EXCLUDED_OHLC_RANGE_PROXY,False,OHLC_RANGE_PROXY_EXCEEDS_THRESHOLD,14.285714285714299,2,2
31945d66866929a2f44e,PH52-043,BEAR_CALL_SPREAD,validation,58a4c4843286bd3943a2,2025-03-13,3,BLOCKED_LEG_ELIGIBILITY,False,REQUIRED_LEG_PRIOR_OI_BELOW_100,8.510638297872347,2,2
31945d66866929a2f44e,PH52-043,BEAR_CALL_SPREAD,validation,e5919e2053dc59805884,2025-07-31,3,BLOCKED_LEG_ELIGIBILITY,False,REQUIRED_LEG_PRIOR_OI_BELOW_100,34.78260869565216,2,2
31945d66866929a2f44e,PH52-043,BEAR_CALL_SPREAD,validation,2744fff722d389044d25,2025-12-30,3,EXCLUDED_OHLC_RANGE_PROXY,False,OHLC_RANGE_PROXY_EXCEEDS_THRESHOLD,8.333333333333341,2,2
1a0635bb11fffe02e510,PH52-043,BEAR_CALL_SPREAD,development,ce8e12389ff297becff9,2021-05-27,3,EXCLUDED_OHLC_RANGE_PROXY,False,OHLC_RANGE_PROXY_EXCEEDS_THRESHOLD,14.285714285714299,2,2
1a0635bb11fffe02e510,PH52-043,BEAR_CALL_SPREAD,development,061c004245393c77b5c7,2021-12-09,3,EXCLUDED_OHLC_RANGE_PROXY,False,OHLC_RANGE_PROXY_EXCEEDS_THRESHOLD,9.090909090909099,2,2
1a0635bb11fffe02e510,PH52-043,BEAR_CALL_SPREAD,development,b58d771555d73891d2fd,2022-06-16,3,EXCLUDED_OHLC_RANGE_PROXY,False,OHLC_RANGE_PROXY_EXCEEDS_THRESHOLD,21.73913043478261,2,2
1a0635bb11fffe02e510,PH52-043,BEAR_CALL_SPREAD,development,8c9b97c314b368f7a743,2022-12-15,3,EXCLUDED_OHLC_RANGE_PROXY,False,OHLC_RANGE_PROXY_EXCEEDS_THRESHOLD,8.571428571428566,2,2
1a0635bb11fffe02e510,PH52-043,BEAR_CALL_SPREAD,development,b2b9482e70f4a2ace098,2023-06-22,3,EXCLUDED_OHLC_RANGE_PROXY,False,OHLC_RANGE_PROXY_EXCEEDS_THRESHOLD,6.250000000000005,2,2
1a0635bb11fffe02e510,PH52-043,BEAR_CALL_SPREAD,development,804301753400916af24f,2023-12-28,3,EXCLUDED_OHLC_RANGE_PROXY,False,OHLC_RANGE_PROXY_EXCEEDS_THRESHOLD,9.803921568627452,2,2
1a0635bb11fffe02e510,PH52-043,BEAR_CALL_SPREAD,validation,c1472f0b801661762bc6,2024-01-04,3,EXCLUDED_OHLC_RANGE_PROXY,False,OHLC_RANGE_PROXY_EXCEEDS_THRESHOLD,19.999999999999996,2,2
1a0635bb11fffe02e510,PH52-043,BEAR_CALL_SPREAD,validation,1d33307443bd39106f13,2024-05-30,3,EXCLUDED_OHLC_RANGE_PROXY,False,OHLC_RANGE_PROXY_EXCEEDS_THRESHOLD,12.056737588652478,2,2
1a0635bb11fffe02e510,PH52-043,BEAR_CALL_SPREAD,validation,50696f11ab0417607875,2024-10-17,3,EXCLUDED_OHLC_RANGE_PROXY,False,OHLC_RANGE_PROXY_EXCEEDS_THRESHOLD,14.285714285714288,2,2
1a0635bb11fffe02e510,PH52-043,BEAR_CALL_SPREAD,validation,58a4c4843286bd3943a2,2025-03-13,3,BLOCKED_LEG_ELIGIBILITY,False,REQUIRED_LEG_PRIOR_OI_BELOW_100,8.510638297872347,2,2
1a0635bb11fffe02e510,PH52-043,BEAR_CALL_SPREAD,validation,e5919e2053dc59805884,2025-07-31,3,BLOCKED_LEG_ELIGIBILITY,False,REQUIRED_LEG_PRIOR_OI_BELOW_100,34.78260869565216,2,2
1a0635bb11fffe02e510,PH52-043,BEAR_CALL_SPREAD,validation,2744fff722d389044d25,2025-12-30,3,EXCLUDED_OHLC_RANGE_PROXY,False,OHLC_RANGE_PROXY_EXCEEDS_THRESHOLD,7.1428571428571495,2,2
060d90e4f65e45f6cff8,PH52-025,BULL_CALL_SPREAD,development,01f752daf3bb0e90d7b1,2021-05-27,3,EXCLUDED_OHLC_RANGE_PROXY,False,OHLC_RANGE_PROXY_EXCEEDS_THRESHOLD,5.384615384615379,2,2
060d90e4f65e45f6cff8,PH52-025,BULL_CALL_SPREAD,development,0ddaab2f8946678d3082,2021-12-09,3,EXCLUDED_OHLC_RANGE_PROXY,False,OHLC_RANGE_PROXY_EXCEEDS_THRESHOLD,13.180515759312314,2,2
060d90e4f65e45f6cff8,PH52-025,BULL_CALL_SPREAD,development,044eef05c3277601504c,2022-06-16,3,EXCLUDED_OHLC_RANGE_PROXY,False,OHLC_RANGE_PROXY_EXCEEDS_THRESHOLD,10.924369747899156,2,2
060d90e4f65e45f6cff8,PH52-025,BULL_CALL_SPREAD,development,307dafef42b72c870148,2022-12-15,3,EXCLUDED_OHLC_RANGE_PROXY,False,OHLC_RANGE_PROXY_EXCEEDS_THRESHOLD,5.957446808510648,2,2
060d90e4f65e45f6cff8,PH52-025,BULL_CALL_SPREAD,development,c8a686f986a21faa7ed5,2023-06-22,3,EXCLUDED_OHLC_RANGE_PROXY,False,OHLC_RANGE_PROXY_EXCEEDS_THRESHOLD,12.765957446808503,2,2
060d90e4f65e45f6cff8,PH52-025,BULL_CALL_SPREAD,development,84c7352397ed038c3ea2,2023-12-28,3,EXCLUDED_OHLC_RANGE_PROXY,False,OHLC_RANGE_PROXY_EXCEEDS_THRESHOLD,4.511278195488715,2,2
060d90e4f65e45f6cff8,PH52-025,BULL_CALL_SPREAD,validation,f104c6f1662847c5bbcc,2024-01-04,3,EXCLUDED_OHLC_RANGE_PROXY,False,OHLC_RANGE_PROXY_EXCEEDS_THRESHOLD,8.63309352517985,2,2
060d90e4f65e45f6cff8,PH52-025,BULL_CALL_SPREAD,validation,0cd34c6b63a9f995c503,2024-05-30,3,EXCLUDED_OHLC_RANGE_PROXY,False,OHLC_RANGE_PROXY_EXCEEDS_THRESHOLD,8.391608391608392,2,2
060d90e4f65e45f6cff8,PH52-025,BULL_CALL_SPREAD,validation,75007ced19cb5e12e01f,2024-10-17,3,EXCLUDED_OHLC_RANGE_PROXY,False,OHLC_RANGE_PROXY_EXCEEDS_THRESHOLD,17.452830188679247,2,2
060d90e4f65e45f6cff8,PH52-025,BULL_CALL_SPREAD,validation,8eb8f1add17ecb221cbd,2025-03-13,3,BLOCKED_LEG_ELIGIBILITY,False,REQUIRED_LEG_PRIOR_OI_BELOW_100,14.285714285714286,2,2
060d90e4f65e45f6cff8,PH52-025,BULL_CALL_SPREAD,validation,14d9997729e438213524,2025-07-31,3,BLOCKED_LEG_ELIGIBILITY,False,REQUIRED_LEG_PRIOR_OI_BELOW_100,14.367816091954024,2,2
060d90e4f65e45f6cff8,PH52-025,BULL_CALL_SPREAD,validation,4a919e0bde313b9b9ee1,2025-12-30,3,BLOCKED_LEG_ELIGIBILITY,False,REQUIRED_LEG_PRIOR_OI_BELOW_100,17.257683215130037,2,2
15e3134481edf2a4beeb,PH52-025,BULL_CALL_SPREAD,development,01f752daf3bb0e90d7b1,2021-05-27,3,EXCLUDED_OHLC_RANGE_PROXY,False,OHLC_RANGE_PROXY_EXCEEDS_THRESHOLD,5.246913580246912,2,2
15e3134481edf2a4beeb,PH52-025,BULL_CALL_SPREAD,development,0ddaab2f8946678d3082,2021-12-09,3,EXCLUDED_OHLC_RANGE_PROXY,False,OHLC_RANGE_PROXY_EXCEEDS_THRESHOLD,11.158798283261808,2,2
15e3134481edf2a4beeb,PH52-025,BULL_CALL_SPREAD,development,044eef05c3277601504c,2022-06-16,3,EXCLUDED_OHLC_RANGE_PROXY,False,OHLC_RANGE_PROXY_EXCEEDS_THRESHOLD,10.736196319018415,2,2
15e3134481edf2a4beeb,PH52-025,BULL_CALL_SPREAD,development,307dafef42b72c870148,2022-12-15,3,EXCLUDED_OHLC_RANGE_PROXY,False,OHLC_RANGE_PROXY_EXCEEDS_THRESHOLD,5.957446808510648,2,2
15e3134481edf2a4beeb,PH52-025,BULL_CALL_SPREAD,development,c8a686f986a21faa7ed5,2023-06-22,3,EXCLUDED_OHLC_RANGE_PROXY,False,OHLC_RANGE_PROXY_EXCEEDS_THRESHOLD,11.021505376344088,2,2
15e3134481edf2a4beeb,PH52-025,BULL_CALL_SPREAD,development,84c7352397ed038c3ea2,2023-12-28,3,EXCLUDED_OHLC_RANGE_PROXY,False,OHLC_RANGE_PROXY_EXCEEDS_THRESHOLD,4.341736694677863,2,2
15e3134481edf2a4beeb,PH52-025,BULL_CALL_SPREAD,validation,f104c6f1662847c5bbcc,2024-01-04,3,EXCLUDED_OHLC_RANGE_PROXY,False,OHLC_RANGE_PROXY_EXCEEDS_THRESHOLD,6.666666666666658,2,2
15e3134481edf2a4beeb,PH52-025,BULL_CALL_SPREAD,validation,0cd34c6b63a9f995c503,2024-05-30,3,EXCLUDED_OHLC_RANGE_PROXY,False,OHLC_RANGE_PROXY_EXCEEDS_THRESHOLD,8.620689655172415,2,2
15e3134481edf2a4beeb,PH52-025,BULL_CALL_SPREAD,validation,75007ced19cb5e12e01f,2024-10-17,3,EXCLUDED_OHLC_RANGE_PROXY,False,OHLC_RANGE_PROXY_EXCEEDS_THRESHOLD,17.452830188679247,2,2
15e3134481edf2a4beeb,PH52-025,BULL_CALL_SPREAD,validation,8eb8f1add17ecb221cbd,2025-03-13,3,BLOCKED_LEG_ELIGIBILITY,False,REQUIRED_LEG_PRIOR_OI_BELOW_100,14.285714285714286,2,2
15e3134481edf2a4beeb,PH52-025,BULL_CALL_SPREAD,validation,14d9997729e438213524,2025-07-31,3,BLOCKED_LEG_ELIGIBILITY,False,REQUIRED_LEG_PRIOR_OI_BELOW_100,12.925170068027214,2,2
15e3134481edf2a4beeb,PH52-025,BULL_CALL_SPREAD,validation,4a919e0bde313b9b9ee1,2025-12-30,3,BLOCKED_LEG_ELIGIBILITY,False,REQUIRED_LEG_PRIOR_OI_BELOW_100,17.257683215130037,2,2
f32415bb61dd6e9f83f2,PH52-025,BULL_CALL_SPREAD,development,01f752daf3bb0e90d7b1,2021-05-27,3,EXCLUDED_OHLC_RANGE_PROXY,False,OHLC_RANGE_PROXY_EXCEEDS_THRESHOLD,5.9999999999999964,2,2
f32415bb61dd6e9f83f2,PH52-025,BULL_CALL_SPREAD,development,0ddaab2f8946678d3082,2021-12-09,3,EXCLUDED_OHLC_RANGE_PROXY,False,OHLC_RANGE_PROXY_EXCEEDS_THRESHOLD,10.596026490066224,2,2
f32415bb61dd6e9f83f2,PH52-025,BULL_CALL_SPREAD,development,044eef05c3277601504c,2022-06-16,3,EXCLUDED_OHLC_RANGE_PROXY,False,OHLC_RANGE_PROXY_EXCEEDS_THRESHOLD,9.78260869565216,2,2
f32415bb61dd6e9f83f2,PH52-025,BULL_CALL_SPREAD,development,307dafef42b72c870148,2022-12-15,3,EXCLUDED_OHLC_RANGE_PROXY,False,OHLC_RANGE_PROXY_EXCEEDS_THRESHOLD,3.63636363636364,2,2
f32415bb61dd6e9f83f2,PH52-025,BULL_CALL_SPREAD,development,c8a686f986a21faa7ed5,2023-06-22,3,EXCLUDED_OHLC_RANGE_PROXY,False,OHLC_RANGE_PROXY_EXCEEDS_THRESHOLD,7.547169811320744,2,2
f32415bb61dd6e9f83f2,PH52-025,BULL_CALL_SPREAD,development,84c7352397ed038c3ea2,2023-12-28,3,EXCLUDED_OHLC_RANGE_PROXY,False,OHLC_RANGE_PROXY_EXCEEDS_THRESHOLD,4.784688995215311,2,2
f32415bb61dd6e9f83f2,PH52-025,BULL_CALL_SPREAD,validation,f104c6f1662847c5bbcc,2024-01-04,3,EXCLUDED_OHLC_RANGE_PROXY,False,OHLC_RANGE_PROXY_EXCEEDS_THRESHOLD,5.882352941176485,2,2
f32415bb61dd6e9f83f2,PH52-025,BULL_CALL_SPREAD,validation,0cd34c6b63a9f995c503,2024-05-30,3,EXCLUDED_OHLC_RANGE_PROXY,False,OHLC_RANGE_PROXY_EXCEEDS_THRESHOLD,8.739837398373977,2,2
f32415bb61dd6e9f83f2,PH52-025,BULL_CALL_SPREAD,validation,75007ced19cb5e12e01f,2024-10-17,3,EXCLUDED_OHLC_RANGE_PROXY,False,OHLC_RANGE_PROXY_EXCEEDS_THRESHOLD,15.302491103202849,2,2
f32415bb61dd6e9f83f2,PH52-025,BULL_CALL_SPREAD,validation,8eb8f1add17ecb221cbd,2025-03-13,3,BLOCKED_LEG_ELIGIBILITY,False,REQUIRED_LEG_PRIOR_OI_BELOW_100,12.37113402061857,2,2
f32415bb61dd6e9f83f2,PH52-025,BULL_CALL_SPREAD,validation,14d9997729e438213524,2025-07-31,3,BLOCKED_LEG_ELIGIBILITY,False,REQUIRED_LEG_PRIOR_OI_BELOW_100,12.925170068027214,2,2
f32415bb61dd6e9f83f2,PH52-025,BULL_CALL_SPREAD,validation,4a919e0bde313b9b9ee1,2025-12-30,3,BLOCKED_LEG_ELIGIBILITY,False,REQUIRED_LEG_PRIOR_OI_BELOW_100,17.187500000000007,2,2
9373cc117634bae8f765,PH52-025,BULL_CALL_SPREAD,development,01f752daf3bb0e90d7b1,2021-05-27,3,EXCLUDED_OHLC_RANGE_PROXY,False,OHLC_RANGE_PROXY_EXCEEDS_THRESHOLD,5.9999999999999964,2,2
9373cc117634bae8f765,PH52-025,BULL_CALL_SPREAD,development,0ddaab2f8946678d3082,2021-12-09,3,EXCLUDED_OHLC_RANGE_PROXY,False,OHLC_RANGE_PROXY_EXCEEDS_THRESHOLD,10.596026490066224,2,2
9373cc117634bae8f765,PH52-025,BULL_CALL_SPREAD,development,044eef05c3277601504c,2022-06-16,3,EXCLUDED_OHLC_RANGE_PROXY,False,OHLC_RANGE_PROXY_EXCEEDS_THRESHOLD,9.78260869565216,2,2
9373cc117634bae8f765,PH52-025,BULL_CALL_SPREAD,development,307dafef42b72c870148,2022-12-15,3,EXCLUDED_OHLC_RANGE_PROXY,False,OHLC_RANGE_PROXY_EXCEEDS_THRESHOLD,3.8461538461538494,2,2
9373cc117634bae8f765,PH52-025,BULL_CALL_SPREAD,development,c8a686f986a21faa7ed5,2023-06-22,3,EXCLUDED_OHLC_RANGE_PROXY,False,OHLC_RANGE_PROXY_EXCEEDS_THRESHOLD,7.547169811320744,2,2
9373cc117634bae8f765,PH52-025,BULL_CALL_SPREAD,development,84c7352397ed038c3ea2,2023-12-28,3,EXCLUDED_OHLC_RANGE_PROXY,False,OHLC_RANGE_PROXY_EXCEEDS_THRESHOLD,4.784688995215311,2,2
9373cc117634bae8f765,PH52-025,BULL_CALL_SPREAD,validation,f104c6f1662847c5bbcc,2024-01-04,3,EXCLUDED_OHLC_RANGE_PROXY,False,OHLC_RANGE_PROXY_EXCEEDS_THRESHOLD,7.1428571428571335,2,2
9373cc117634bae8f765,PH52-025,BULL_CALL_SPREAD,validation,0cd34c6b63a9f995c503,2024-05-30,3,EXCLUDED_OHLC_RANGE_PROXY,False,OHLC_RANGE_PROXY_EXCEEDS_THRESHOLD,8.739837398373977,2,2
9373cc117634bae8f765,PH52-025,BULL_CALL_SPREAD,validation,75007ced19cb5e12e01f,2024-10-17,3,EXCLUDED_OHLC_RANGE_PROXY,False,OHLC_RANGE_PROXY_EXCEEDS_THRESHOLD,15.302491103202849,2,2
9373cc117634bae8f765,PH52-025,BULL_CALL_SPREAD,validation,8eb8f1add17ecb221cbd,2025-03-13,3,BLOCKED_LEG_ELIGIBILITY,False,REQUIRED_LEG_PRIOR_OI_BELOW_100,12.37113402061857,2,2
9373cc117634bae8f765,PH52-025,BULL_CALL_SPREAD,validation,14d9997729e438213524,2025-07-31,3,BLOCKED_LEG_ELIGIBILITY,False,REQUIRED_LEG_PRIOR_OI_BELOW_100,12.385321100917428,2,2
9373cc117634bae8f765,PH52-025,BULL_CALL_SPREAD,validation,4a919e0bde313b9b9ee1,2025-12-30,3,BLOCKED_LEG_ELIGIBILITY,False,REQUIRED_LEG_PRIOR_OI_BELOW_100,15.51724137931035,2,2
739fae891dcde1c84104,PH52-025,BULL_CALL_SPREAD,development,ce8e12389ff297becff9,2021-05-27,3,EXCLUDED_OHLC_RANGE_PROXY,False,OHLC_RANGE_PROXY_EXCEEDS_THRESHOLD,10.322580645161288,2,2
739fae891dcde1c84104,PH52-025,BULL_CALL_SPREAD,development,061c004245393c77b5c7,2021-12-09,3,EXCLUDED_OHLC_RANGE_PROXY,False,OHLC_RANGE_PROXY_EXCEEDS_THRESHOLD,9.48509485094851,2,2
739fae891dcde1c84104,PH52-025,BULL_CALL_SPREAD,development,b58d771555d73891d2fd,2022-06-16,3,EXCLUDED_OHLC_RANGE_PROXY,False,OHLC_RANGE_PROXY_EXCEEDS_THRESHOLD,22.22222222222222,2,2
739fae891dcde1c84104,PH52-025,BULL_CALL_SPREAD,development,8c9b97c314b368f7a743,2022-12-15,3,EXCLUDED_OHLC_RANGE_PROXY,False,OHLC_RANGE_PROXY_EXCEEDS_THRESHOLD,8.231707317073157,2,2
739fae891dcde1c84104,PH52-025,BULL_CALL_SPREAD,development,b2b9482e70f4a2ace098,2023-06-22,3,EXCLUDED_OHLC_RANGE_PROXY,False,OHLC_RANGE_PROXY_EXCEEDS_THRESHOLD,11.874999999999991,2,2
739fae891dcde1c84104,PH52-025,BULL_CALL_SPREAD,development,804301753400916af24f,2023-12-28,3,EXCLUDED_OHLC_RANGE_PROXY,False,OHLC_RANGE_PROXY_EXCEEDS_THRESHOLD,12.962962962962964,2,2
739fae891dcde1c84104,PH52-025,BULL_CALL_SPREAD,validation,c1472f0b801661762bc6,2024-01-04,3,EXCLUDED_OHLC_RANGE_PROXY,False,OHLC_RANGE_PROXY_EXCEEDS_THRESHOLD,17.58241758241759,2,2
739fae891dcde1c84104,PH52-025,BULL_CALL_SPREAD,validation,1d33307443bd39106f13,2024-05-30,3,EXCLUDED_OHLC_RANGE_PROXY,False,OHLC_RANGE_PROXY_EXCEEDS_THRESHOLD,12.436548223350252,2,2
739fae891dcde1c84104,PH52-025,BULL_CALL_SPREAD,validation,50696f11ab0417607875,2024-10-17,3,EXCLUDED_OHLC_RANGE_PROXY,False,OHLC_RANGE_PROXY_EXCEEDS_THRESHOLD,17.857142857142858,2,2
739fae891dcde1c84104,PH52-025,BULL_CALL_SPREAD,validation,58a4c4843286bd3943a2,2025-03-13,3,BLOCKED_LEG_ELIGIBILITY,False,REQUIRED_LEG_PRIOR_OI_BELOW_100,10.0,2,2
739fae891dcde1c84104,PH52-025,BULL_CALL_SPREAD,validation,e5919e2053dc59805884,2025-07-31,3,BLOCKED_LEG_ELIGIBILITY,False,REQUIRED_LEG_PRIOR_OI_BELOW_100,31.39158576051781,2,2
739fae891dcde1c84104,PH52-025,BULL_CALL_SPREAD,validation,2744fff722d389044d25,2025-12-30,3,EXCLUDED_OHLC_RANGE_PROXY,False,OHLC_RANGE_PROXY_EXCEEDS_THRESHOLD,11.363636363636365,2,2
ad24b0d8ca9a87353e8a,PH52-025,BULL_CALL_SPREAD,development,ce8e12389ff297becff9,2021-05-27,3,EXCLUDED_OHLC_RANGE_PROXY,False,OHLC_RANGE_PROXY_EXCEEDS_THRESHOLD,10.322580645161288,2,2
ad24b0d8ca9a87353e8a,PH52-025,BULL_CALL_SPREAD,development,061c004245393c77b5c7,2021-12-09,3,EXCLUDED_OHLC_RANGE_PROXY,False,OHLC_RANGE_PROXY_EXCEEDS_THRESHOLD,9.48509485094851,2,2
ad24b0d8ca9a87353e8a,PH52-025,BULL_CALL_SPREAD,development,b58d771555d73891d2fd,2022-06-16,3,EXCLUDED_OHLC_RANGE_PROXY,False,OHLC_RANGE_PROXY_EXCEEDS_THRESHOLD,21.229050279329606,2,2
ad24b0d8ca9a87353e8a,PH52-025,BULL_CALL_SPREAD,development,8c9b97c314b368f7a743,2022-12-15,3,EXCLUDED_OHLC_RANGE_PROXY,False,OHLC_RANGE_PROXY_EXCEEDS_THRESHOLD,8.231707317073157,2,2
ad24b0d8ca9a87353e8a,PH52-025,BULL_CALL_SPREAD,development,b2b9482e70f4a2ace098,2023-06-22,3,EXCLUDED_OHLC_RANGE_PROXY,False,OHLC_RANGE_PROXY_EXCEEDS_THRESHOLD,11.874999999999991,2,2
ad24b0d8ca9a87353e8a,PH52-025,BULL_CALL_SPREAD,development,804301753400916af24f,2023-12-28,3,EXCLUDED_OHLC_RANGE_PROXY,False,OHLC_RANGE_PROXY_EXCEEDS_THRESHOLD,12.962962962962964,2,2
ad24b0d8ca9a87353e8a,PH52-025,BULL_CALL_SPREAD,validation,c1472f0b801661762bc6,2024-01-04,3,EXCLUDED_OHLC_RANGE_PROXY,False,OHLC_RANGE_PROXY_EXCEEDS_THRESHOLD,17.58241758241759,2,2
ad24b0d8ca9a87353e8a,PH52-025,BULL_CALL_SPREAD,validation,1d33307443bd39106f13,2024-05-30,3,EXCLUDED_OHLC_RANGE_PROXY,False,OHLC_RANGE_PROXY_EXCEEDS_THRESHOLD,12.436548223350252,2,2
ad24b0d8ca9a87353e8a,PH52-025,BULL_CALL_SPREAD,validation,50696f11ab0417607875,2024-10-17,3,EXCLUDED_OHLC_RANGE_PROXY,False,OHLC_RANGE_PROXY_EXCEEDS_THRESHOLD,17.857142857142858,2,2
ad24b0d8ca9a87353e8a,PH52-025,BULL_CALL_SPREAD,validation,58a4c4843286bd3943a2,2025-03-13,3,BLOCKED_LEG_ELIGIBILITY,False,REQUIRED_LEG_PRIOR_OI_BELOW_100,10.0,2,2
ad24b0d8ca9a87353e8a,PH52-025,BULL_CALL_SPREAD,validation,e5919e2053dc59805884,2025-07-31,3,BLOCKED_LEG_ELIGIBILITY,False,REQUIRED_LEG_PRIOR_OI_BELOW_100,31.521739130434792,2,2
ad24b0d8ca9a87353e8a,PH52-025,BULL_CALL_SPREAD,validation,2744fff722d389044d25,2025-12-30,3,EXCLUDED_OHLC_RANGE_PROXY,False,OHLC_RANGE_PROXY_EXCEEDS_THRESHOLD,11.363636363636365,2,2
cf6ec0b712b4aff6231f,PH52-025,BULL_CALL_SPREAD,development,ce8e12389ff297becff9,2021-05-27,3,EXCLUDED_OHLC_RANGE_PROXY,False,OHLC_RANGE_PROXY_EXCEEDS_THRESHOLD,10.000000000000009,2,2
cf6ec0b712b4aff6231f,PH52-025,BULL_CALL_SPREAD,development,061c004245393c77b5c7,2021-12-09,3,EXCLUDED_OHLC_RANGE_PROXY,False,OHLC_RANGE_PROXY_EXCEEDS_THRESHOLD,7.499999999999996,2,2
cf6ec0b712b4aff6231f,PH52-025,BULL_CALL_SPREAD,development,b58d771555d73891d2fd,2022-06-16,3,EXCLUDED_OHLC_RANGE_PROXY,False,OHLC_RANGE_PROXY_EXCEEDS_THRESHOLD,21.73913043478261,2,2
cf6ec0b712b4aff6231f,PH52-025,BULL_CALL_SPREAD,development,8c9b97c314b368f7a743,2022-12-15,3,EXCLUDED_OHLC_RANGE_PROXY,False,OHLC_RANGE_PROXY_EXCEEDS_THRESHOLD,7.142857142857159,2,2
cf6ec0b712b4aff6231f,PH52-025,BULL_CALL_SPREAD,development,b2b9482e70f4a2ace098,2023-06-22,3,EXCLUDED_OHLC_RANGE_PROXY,False,OHLC_RANGE_PROXY_EXCEEDS_THRESHOLD,8.695652173913052,2,2
cf6ec0b712b4aff6231f,PH52-025,BULL_CALL_SPREAD,development,804301753400916af24f,2023-12-28,3,EXCLUDED_OHLC_RANGE_PROXY,False,OHLC_RANGE_PROXY_EXCEEDS_THRESHOLD,9.803921568627452,2,2
cf6ec0b712b4aff6231f,PH52-025,BULL_CALL_SPREAD,validation,c1472f0b801661762bc6,2024-01-04,3,EXCLUDED_OHLC_RANGE_PROXY,False,OHLC_RANGE_PROXY_EXCEEDS_THRESHOLD,15.384615384615381,2,2
cf6ec0b712b4aff6231f,PH52-025,BULL_CALL_SPREAD,validation,1d33307443bd39106f13,2024-05-30,3,EXCLUDED_OHLC_RANGE_PROXY,False,OHLC_RANGE_PROXY_EXCEEDS_THRESHOLD,12.22222222222222,2,2
cf6ec0b712b4aff6231f,PH52-025,BULL_CALL_SPREAD,validation,50696f11ab0417607875,2024-10-17,3,EXCLUDED_OHLC_RANGE_PROXY,False,OHLC_RANGE_PROXY_EXCEEDS_THRESHOLD,14.285714285714299,2,2
cf6ec0b712b4aff6231f,PH52-025,BULL_CALL_SPREAD,validation,58a4c4843286bd3943a2,2025-03-13,3,BLOCKED_LEG_ELIGIBILITY,False,REQUIRED_LEG_PRIOR_OI_BELOW_100,8.510638297872347,2,2
cf6ec0b712b4aff6231f,PH52-025,BULL_CALL_SPREAD,validation,e5919e2053dc59805884,2025-07-31,3,BLOCKED_LEG_ELIGIBILITY,False,REQUIRED_LEG_PRIOR_OI_BELOW_100,34.78260869565216,2,2
cf6ec0b712b4aff6231f,PH52-025,BULL_CALL_SPREAD,validation,2744fff722d389044d25,2025-12-30,3,EXCLUDED_OHLC_RANGE_PROXY,False,OHLC_RANGE_PROXY_EXCEEDS_THRESHOLD,8.333333333333341,2,2
a4f8558870d4a10947fe,PH52-025,BULL_CALL_SPREAD,development,ce8e12389ff297becff9,2021-05-27,3,EXCLUDED_OHLC_RANGE_PROXY,False,OHLC_RANGE_PROXY_EXCEEDS_THRESHOLD,14.285714285714299,2,2
a4f8558870d4a10947fe,PH52-025,BULL_CALL_SPREAD,development,061c004245393c77b5c7,2021-12-09,3,EXCLUDED_OHLC_RANGE_PROXY,False,OHLC_RANGE_PROXY_EXCEEDS_THRESHOLD,9.090909090909099,2,2
a4f8558870d4a10947fe,PH52-025,BULL_CALL_SPREAD,development,b58d771555d73891d2fd,2022-06-16,3,EXCLUDED_OHLC_RANGE_PROXY,False,OHLC_RANGE_PROXY_EXCEEDS_THRESHOLD,21.73913043478261,2,2
a4f8558870d4a10947fe,PH52-025,BULL_CALL_SPREAD,development,8c9b97c314b368f7a743,2022-12-15,3,EXCLUDED_OHLC_RANGE_PROXY,False,OHLC_RANGE_PROXY_EXCEEDS_THRESHOLD,8.571428571428566,2,2
a4f8558870d4a10947fe,PH52-025,BULL_CALL_SPREAD,development,b2b9482e70f4a2ace098,2023-06-22,3,EXCLUDED_OHLC_RANGE_PROXY,False,OHLC_RANGE_PROXY_EXCEEDS_THRESHOLD,6.250000000000005,2,2
a4f8558870d4a10947fe,PH52-025,BULL_CALL_SPREAD,development,804301753400916af24f,2023-12-28,3,EXCLUDED_OHLC_RANGE_PROXY,False,OHLC_RANGE_PROXY_EXCEEDS_THRESHOLD,9.803921568627452,2,2
a4f8558870d4a10947fe,PH52-025,BULL_CALL_SPREAD,validation,c1472f0b801661762bc6,2024-01-04,3,EXCLUDED_OHLC_RANGE_PROXY,False,OHLC_RANGE_PROXY_EXCEEDS_THRESHOLD,19.999999999999996,2,2
a4f8558870d4a10947fe,PH52-025,BULL_CALL_SPREAD,validation,1d33307443bd39106f13,2024-05-30,3,EXCLUDED_OHLC_RANGE_PROXY,False,OHLC_RANGE_PROXY_EXCEEDS_THRESHOLD,12.056737588652478,2,2
a4f8558870d4a10947fe,PH52-025,BULL_CALL_SPREAD,validation,50696f11ab0417607875,2024-10-17,3,EXCLUDED_OHLC_RANGE_PROXY,False,OHLC_RANGE_PROXY_EXCEEDS_THRESHOLD,14.285714285714288,2,2
a4f8558870d4a10947fe,PH52-025,BULL_CALL_SPREAD,validation,58a4c4843286bd3943a2,2025-03-13,3,BLOCKED_LEG_ELIGIBILITY,False,REQUIRED_LEG_PRIOR_OI_BELOW_100,8.510638297872347,2,2
a4f8558870d4a10947fe,PH52-025,BULL_CALL_SPREAD,validation,e5919e2053dc59805884,2025-07-31,3,BLOCKED_LEG_ELIGIBILITY,False,REQUIRED_LEG_PRIOR_OI_BELOW_100,34.78260869565216,2,2
a4f8558870d4a10947fe,PH52-025,BULL_CALL_SPREAD,validation,2744fff722d389044d25,2025-12-30,3,EXCLUDED_OHLC_RANGE_PROXY,False,OHLC_RANGE_PROXY_EXCEEDS_THRESHOLD,7.1428571428571495,2,2
4dfc85b9cb14f0282a2e,PH52-001,BUY_CALL,development,01f752daf3bb0e90d7b1,2021-05-27,3,EXCLUDED_OHLC_RANGE_PROXY,False,OHLC_RANGE_PROXY_EXCEEDS_THRESHOLD,5.246913580246912,1,1
4dfc85b9cb14f0282a2e,PH52-001,BUY_CALL,development,0ddaab2f8946678d3082,2021-12-09,3,EXCLUDED_OHLC_RANGE_PROXY,False,OHLC_RANGE_PROXY_EXCEEDS_THRESHOLD,11.158798283261808,1,1
4dfc85b9cb14f0282a2e,PH52-001,BUY_CALL,development,044eef05c3277601504c,2022-06-16,3,EXCLUDED_OHLC_RANGE_PROXY,False,OHLC_RANGE_PROXY_EXCEEDS_THRESHOLD,10.736196319018415,1,1
4dfc85b9cb14f0282a2e,PH52-001,BUY_CALL,development,307dafef42b72c870148,2022-12-15,3,EXCLUDED_OHLC_RANGE_PROXY,False,OHLC_RANGE_PROXY_EXCEEDS_THRESHOLD,5.957446808510648,1,1
4dfc85b9cb14f0282a2e,PH52-001,BUY_CALL,development,c8a686f986a21faa7ed5,2023-06-22,3,EXCLUDED_OHLC_RANGE_PROXY,False,OHLC_RANGE_PROXY_EXCEEDS_THRESHOLD,11.021505376344088,1,1
4dfc85b9cb14f0282a2e,PH52-001,BUY_CALL,development,84c7352397ed038c3ea2,2023-12-28,3,EXCLUDED_OHLC_RANGE_PROXY,False,OHLC_RANGE_PROXY_EXCEEDS_THRESHOLD,4.341736694677863,1,1
4dfc85b9cb14f0282a2e,PH52-001,BUY_CALL,validation,f104c6f1662847c5bbcc,2024-01-04,3,EXCLUDED_OHLC_RANGE_PROXY,False,OHLC_RANGE_PROXY_EXCEEDS_THRESHOLD,6.666666666666658,1,1
4dfc85b9cb14f0282a2e,PH52-001,BUY_CALL,validation,0cd34c6b63a9f995c503,2024-05-30,3,EXCLUDED_OHLC_RANGE_PROXY,False,OHLC_RANGE_PROXY_EXCEEDS_THRESHOLD,8.21529745042493,1,1
4dfc85b9cb14f0282a2e,PH52-001,BUY_CALL,validation,75007ced19cb5e12e01f,2024-10-17,3,EXCLUDED_OHLC_RANGE_PROXY,False,OHLC_RANGE_PROXY_EXCEEDS_THRESHOLD,17.452830188679247,1,1
4dfc85b9cb14f0282a2e,PH52-001,BUY_CALL,validation,8eb8f1add17ecb221cbd,2025-03-13,3,BLOCKED_LEG_ELIGIBILITY,False,REQUIRED_LEG_PRIOR_OI_BELOW_100,14.285714285714286,1,1
4dfc85b9cb14f0282a2e,PH52-001,BUY_CALL,validation,14d9997729e438213524,2025-07-31,3,BLOCKED_LEG_ELIGIBILITY,False,REQUIRED_LEG_PRIOR_OI_BELOW_100,12.089810017271157,1,1
4dfc85b9cb14f0282a2e,PH52-001,BUY_CALL,validation,4a919e0bde313b9b9ee1,2025-12-30,3,BLOCKED_LEG_ELIGIBILITY,False,REQUIRED_LEG_PRIOR_OI_BELOW_100,17.257683215130037,1,1
7f2f9e5e0437e0f7df04,PH52-001,BUY_CALL,development,01f752daf3bb0e90d7b1,2021-05-27,3,EXCLUDED_OHLC_RANGE_PROXY,False,OHLC_RANGE_PROXY_EXCEEDS_THRESHOLD,5.9999999999999964,1,1
7f2f9e5e0437e0f7df04,PH52-001,BUY_CALL,development,0ddaab2f8946678d3082,2021-12-09,3,EXCLUDED_OHLC_RANGE_PROXY,False,OHLC_RANGE_PROXY_EXCEEDS_THRESHOLD,10.596026490066224,1,1
7f2f9e5e0437e0f7df04,PH52-001,BUY_CALL,development,044eef05c3277601504c,2022-06-16,3,EXCLUDED_OHLC_RANGE_PROXY,False,OHLC_RANGE_PROXY_EXCEEDS_THRESHOLD,9.78260869565216,1,1
7f2f9e5e0437e0f7df04,PH52-001,BUY_CALL,development,307dafef42b72c870148,2022-12-15,3,EXCLUDED_OHLC_RANGE_PROXY,False,OHLC_RANGE_PROXY_EXCEEDS_THRESHOLD,3.63636363636364,1,1
7f2f9e5e0437e0f7df04,PH52-001,BUY_CALL,development,c8a686f986a21faa7ed5,2023-06-22,3,EXCLUDED_OHLC_RANGE_PROXY,False,OHLC_RANGE_PROXY_EXCEEDS_THRESHOLD,7.547169811320744,1,1
7f2f9e5e0437e0f7df04,PH52-001,BUY_CALL,development,84c7352397ed038c3ea2,2023-12-28,3,EXCLUDED_OHLC_RANGE_PROXY,False,OHLC_RANGE_PROXY_EXCEEDS_THRESHOLD,4.784688995215311,1,1
7f2f9e5e0437e0f7df04,PH52-001,BUY_CALL,validation,f104c6f1662847c5bbcc,2024-01-04,3,EXCLUDED_OHLC_RANGE_PROXY,False,OHLC_RANGE_PROXY_EXCEEDS_THRESHOLD,5.882352941176485,1,1
7f2f9e5e0437e0f7df04,PH52-001,BUY_CALL,validation,0cd34c6b63a9f995c503,2024-05-30,3,EXCLUDED_OHLC_RANGE_PROXY,False,OHLC_RANGE_PROXY_EXCEEDS_THRESHOLD,8.739837398373977,1,1
7f2f9e5e0437e0f7df04,PH52-001,BUY_CALL,validation,75007ced19cb5e12e01f,2024-10-17,3,EXCLUDED_OHLC_RANGE_PROXY,False,OHLC_RANGE_PROXY_EXCEEDS_THRESHOLD,15.302491103202849,1,1
7f2f9e5e0437e0f7df04,PH52-001,BUY_CALL,validation,8eb8f1add17ecb221cbd,2025-03-13,3,BLOCKED_LEG_ELIGIBILITY,False,REQUIRED_LEG_PRIOR_OI_BELOW_100,12.37113402061857,1,1
7f2f9e5e0437e0f7df04,PH52-001,BUY_CALL,validation,14d9997729e438213524,2025-07-31,3,BLOCKED_LEG_ELIGIBILITY,False,REQUIRED_LEG_PRIOR_OI_BELOW_100,12.385321100917428,1,1
7f2f9e5e0437e0f7df04,PH52-001,BUY_CALL,validation,4a919e0bde313b9b9ee1,2025-12-30,3,BLOCKED_LEG_ELIGIBILITY,False,REQUIRED_LEG_PRIOR_OI_BELOW_100,15.51724137931035,1,1
824453c4ca52e0a8f423,PH52-001,BUY_CALL,development,ce8e12389ff297becff9,2021-05-27,3,EXCLUDED_OHLC_RANGE_PROXY,False,OHLC_RANGE_PROXY_EXCEEDS_THRESHOLD,10.322580645161288,1,1
824453c4ca52e0a8f423,PH52-001,BUY_CALL,development,061c004245393c77b5c7,2021-12-09,3,EXCLUDED_OHLC_RANGE_PROXY,False,OHLC_RANGE_PROXY_EXCEEDS_THRESHOLD,9.48509485094851,1,1
824453c4ca52e0a8f423,PH52-001,BUY_CALL,development,b58d771555d73891d2fd,2022-06-16,3,EXCLUDED_OHLC_RANGE_PROXY,False,OHLC_RANGE_PROXY_EXCEEDS_THRESHOLD,21.229050279329606,1,1
824453c4ca52e0a8f423,PH52-001,BUY_CALL,development,8c9b97c314b368f7a743,2022-12-15,3,EXCLUDED_OHLC_RANGE_PROXY,False,OHLC_RANGE_PROXY_EXCEEDS_THRESHOLD,8.231707317073157,1,1
824453c4ca52e0a8f423,PH52-001,BUY_CALL,development,b2b9482e70f4a2ace098,2023-06-22,3,EXCLUDED_OHLC_RANGE_PROXY,False,OHLC_RANGE_PROXY_EXCEEDS_THRESHOLD,11.874999999999991,1,1
824453c4ca52e0a8f423,PH52-001,BUY_CALL,development,804301753400916af24f,2023-12-28,3,EXCLUDED_OHLC_RANGE_PROXY,False,OHLC_RANGE_PROXY_EXCEEDS_THRESHOLD,12.962962962962964,1,1
824453c4ca52e0a8f423,PH52-001,BUY_CALL,validation,c1472f0b801661762bc6,2024-01-04,3,EXCLUDED_OHLC_RANGE_PROXY,False,OHLC_RANGE_PROXY_EXCEEDS_THRESHOLD,17.58241758241759,1,1
824453c4ca52e0a8f423,PH52-001,BUY_CALL,validation,1d33307443bd39106f13,2024-05-30,3,EXCLUDED_OHLC_RANGE_PROXY,False,OHLC_RANGE_PROXY_EXCEEDS_THRESHOLD,12.436548223350252,1,1
824453c4ca52e0a8f423,PH52-001,BUY_CALL,validation,50696f11ab0417607875,2024-10-17,3,EXCLUDED_OHLC_RANGE_PROXY,False,OHLC_RANGE_PROXY_EXCEEDS_THRESHOLD,17.857142857142858,1,1
824453c4ca52e0a8f423,PH52-001,BUY_CALL,validation,58a4c4843286bd3943a2,2025-03-13,3,BLOCKED_LEG_ELIGIBILITY,False,REQUIRED_LEG_PRIOR_OI_BELOW_100,10.0,1,1
824453c4ca52e0a8f423,PH52-001,BUY_CALL,validation,e5919e2053dc59805884,2025-07-31,3,BLOCKED_LEG_ELIGIBILITY,False,REQUIRED_LEG_PRIOR_OI_BELOW_100,27.142857142857146,1,1
824453c4ca52e0a8f423,PH52-001,BUY_CALL,validation,2744fff722d389044d25,2025-12-30,3,EXCLUDED_OHLC_RANGE_PROXY,False,OHLC_RANGE_PROXY_EXCEEDS_THRESHOLD,11.363636363636365,1,1
a85d75f96c0c6721a862,PH52-001,BUY_CALL,development,ce8e12389ff297becff9,2021-05-27,3,EXCLUDED_OHLC_RANGE_PROXY,False,OHLC_RANGE_PROXY_EXCEEDS_THRESHOLD,10.000000000000009,1,1
a85d75f96c0c6721a862,PH52-001,BUY_CALL,development,061c004245393c77b5c7,2021-12-09,3,EXCLUDED_OHLC_RANGE_PROXY,False,OHLC_RANGE_PROXY_EXCEEDS_THRESHOLD,7.499999999999996,1,1
a85d75f96c0c6721a862,PH52-001,BUY_CALL,development,b58d771555d73891d2fd,2022-06-16,3,EXCLUDED_OHLC_RANGE_PROXY,False,OHLC_RANGE_PROXY_EXCEEDS_THRESHOLD,21.73913043478261,1,1
a85d75f96c0c6721a862,PH52-001,BUY_CALL,development,8c9b97c314b368f7a743,2022-12-15,3,REPLAY_PASS,True,ELIGIBLE_FOR_OHLC_PRICE_REFERENCE_SIMULATION,1.7543859649122744,1,1
a85d75f96c0c6721a862,PH52-001,BUY_CALL,development,b2b9482e70f4a2ace098,2023-06-22,3,EXCLUDED_OHLC_RANGE_PROXY,False,OHLC_RANGE_PROXY_EXCEEDS_THRESHOLD,6.250000000000005,1,1
a85d75f96c0c6721a862,PH52-001,BUY_CALL,development,804301753400916af24f,2023-12-28,3,EXCLUDED_OHLC_RANGE_PROXY,False,OHLC_RANGE_PROXY_EXCEEDS_THRESHOLD,9.803921568627452,1,1
a85d75f96c0c6721a862,PH52-001,BUY_CALL,validation,c1472f0b801661762bc6,2024-01-04,3,EXCLUDED_OHLC_RANGE_PROXY,False,OHLC_RANGE_PROXY_EXCEEDS_THRESHOLD,15.384615384615381,1,1
a85d75f96c0c6721a862,PH52-001,BUY_CALL,validation,1d33307443bd39106f13,2024-05-30,3,EXCLUDED_OHLC_RANGE_PROXY,False,OHLC_RANGE_PROXY_EXCEEDS_THRESHOLD,12.056737588652478,1,1
a85d75f96c0c6721a862,PH52-001,BUY_CALL,validation,50696f11ab0417607875,2024-10-17,3,EXCLUDED_OHLC_RANGE_PROXY,False,OHLC_RANGE_PROXY_EXCEEDS_THRESHOLD,14.285714285714288,1,1
a85d75f96c0c6721a862,PH52-001,BUY_CALL,validation,58a4c4843286bd3943a2,2025-03-13,3,BLOCKED_LEG_ELIGIBILITY,False,REQUIRED_LEG_PRIOR_OI_BELOW_100,8.510638297872347,1,1
a85d75f96c0c6721a862,PH52-001,BUY_CALL,validation,e5919e2053dc59805884,2025-07-31,3,BLOCKED_LEG_ELIGIBILITY,False,REQUIRED_LEG_PRIOR_OI_BELOW_100,34.78260869565216,1,1
a85d75f96c0c6721a862,PH52-001,BUY_CALL,validation,2744fff722d389044d25,2025-12-30,3,EXCLUDED_OHLC_RANGE_PROXY,False,OHLC_RANGE_PROXY_EXCEEDS_THRESHOLD,7.1428571428571495,1,1
d4f27239e30ac6922af1,PH52-007,BUY_PUT,development,01f752daf3bb0e90d7b1,2021-05-27,3,EXCLUDED_OHLC_RANGE_PROXY,False,OHLC_RANGE_PROXY_EXCEEDS_THRESHOLD,5.2631578947368425,1,1
d4f27239e30ac6922af1,PH52-007,BUY_PUT,development,0ddaab2f8946678d3082,2021-12-09,3,EXCLUDED_OHLC_RANGE_PROXY,False,OHLC_RANGE_PROXY_EXCEEDS_THRESHOLD,17.18213058419244,1,1
d4f27239e30ac6922af1,PH52-007,BUY_PUT,development,044eef05c3277601504c,2022-06-16,3,EXCLUDED_OHLC_RANGE_PROXY,False,OHLC_RANGE_PROXY_EXCEEDS_THRESHOLD,13.354037267080747,1,1
d4f27239e30ac6922af1,PH52-007,BUY_PUT,development,307dafef42b72c870148,2022-12-15,3,EXCLUDED_OHLC_RANGE_PROXY,False,OHLC_RANGE_PROXY_EXCEEDS_THRESHOLD,9.302325581395358,1,1
d4f27239e30ac6922af1,PH52-007,BUY_PUT,development,c8a686f986a21faa7ed5,2023-06-22,3,EXCLUDED_OHLC_RANGE_PROXY,False,OHLC_RANGE_PROXY_EXCEEDS_THRESHOLD,8.185053380782907,1,1
d4f27239e30ac6922af1,PH52-007,BUY_PUT,development,84c7352397ed038c3ea2,2023-12-28,3,EXCLUDED_OHLC_RANGE_PROXY,False,OHLC_RANGE_PROXY_EXCEEDS_THRESHOLD,4.437869822485207,1,1
d4f27239e30ac6922af1,PH52-007,BUY_PUT,validation,f104c6f1662847c5bbcc,2024-01-04,3,EXCLUDED_OHLC_RANGE_PROXY,False,OHLC_RANGE_PROXY_EXCEEDS_THRESHOLD,10.970464135021087,1,1
d4f27239e30ac6922af1,PH52-007,BUY_PUT,validation,0cd34c6b63a9f995c503,2024-05-30,3,EXCLUDED_OHLC_RANGE_PROXY,False,OHLC_RANGE_PROXY_EXCEEDS_THRESHOLD,10.26677445432497,1,1
d4f27239e30ac6922af1,PH52-007,BUY_PUT,validation,75007ced19cb5e12e01f,2024-10-17,3,EXCLUDED_OHLC_RANGE_PROXY,False,OHLC_RANGE_PROXY_EXCEEDS_THRESHOLD,34.10326086956523,1,1
d4f27239e30ac6922af1,PH52-007,BUY_PUT,validation,8eb8f1add17ecb221cbd,2025-03-13,3,BLOCKED_LEG_ELIGIBILITY,False,REQUIRED_LEG_PRIOR_OI_BELOW_100,13.874345549738212,1,1
d4f27239e30ac6922af1,PH52-007,BUY_PUT,validation,14d9997729e438213524,2025-07-31,3,BLOCKED_LEG_ELIGIBILITY,False,REQUIRED_LEG_PRIOR_OI_BELOW_100,8.320726172465951,1,1
d4f27239e30ac6922af1,PH52-007,BUY_PUT,validation,4a919e0bde313b9b9ee1,2025-12-30,3,BLOCKED_LEG_ELIGIBILITY,False,REQUIRED_LEG_PRIOR_OI_BELOW_100,11.554621848739496,1,1
c039247dcd6929eb8c8b,PH52-007,BUY_PUT,development,01f752daf3bb0e90d7b1,2021-05-27,3,EXCLUDED_OHLC_RANGE_PROXY,False,OHLC_RANGE_PROXY_EXCEEDS_THRESHOLD,6.329113924050633,1,1
c039247dcd6929eb8c8b,PH52-007,BUY_PUT,development,0ddaab2f8946678d3082,2021-12-09,3,EXCLUDED_OHLC_RANGE_PROXY,False,OHLC_RANGE_PROXY_EXCEEDS_THRESHOLD,20.888888888888886,1,1
c039247dcd6929eb8c8b,PH52-007,BUY_PUT,development,044eef05c3277601504c,2022-06-16,3,EXCLUDED_OHLC_RANGE_PROXY,False,OHLC_RANGE_PROXY_EXCEEDS_THRESHOLD,13.705583756345176,1,1
c039247dcd6929eb8c8b,PH52-007,BUY_PUT,development,307dafef42b72c870148,2022-12-15,3,EXCLUDED_OHLC_RANGE_PROXY,False,OHLC_RANGE_PROXY_EXCEEDS_THRESHOLD,8.771929824561402,1,1
c039247dcd6929eb8c8b,PH52-007,BUY_PUT,development,c8a686f986a21faa7ed5,2023-06-22,3,EXCLUDED_OHLC_RANGE_PROXY,False,OHLC_RANGE_PROXY_EXCEEDS_THRESHOLD,4.477611940298504,1,1
c039247dcd6929eb8c8b,PH52-007,BUY_PUT,development,84c7352397ed038c3ea2,2023-12-28,3,EXCLUDED_OHLC_RANGE_PROXY,False,OHLC_RANGE_PROXY_EXCEEDS_THRESHOLD,5.2044609665427455,1,1
c039247dcd6929eb8c8b,PH52-007,BUY_PUT,validation,f104c6f1662847c5bbcc,2024-01-04,3,EXCLUDED_OHLC_RANGE_PROXY,False,OHLC_RANGE_PROXY_EXCEEDS_THRESHOLD,12.90322580645161,1,1
c039247dcd6929eb8c8b,PH52-007,BUY_PUT,validation,0cd34c6b63a9f995c503,2024-05-30,3,EXCLUDED_OHLC_RANGE_PROXY,False,OHLC_RANGE_PROXY_EXCEEDS_THRESHOLD,12.335526315789474,1,1
c039247dcd6929eb8c8b,PH52-007,BUY_PUT,validation,75007ced19cb5e12e01f,2024-10-17,3,EXCLUDED_OHLC_RANGE_PROXY,False,OHLC_RANGE_PROXY_EXCEEDS_THRESHOLD,44.444444444444436,1,1
c039247dcd6929eb8c8b,PH52-007,BUY_PUT,validation,8eb8f1add17ecb221cbd,2025-03-13,3,BLOCKED_LEG_ELIGIBILITY,False,REQUIRED_LEG_PRIOR_OI_BELOW_100,12.318840579710141,1,1
c039247dcd6929eb8c8b,PH52-007,BUY_PUT,validation,14d9997729e438213524,2025-07-31,3,BLOCKED_LEG_ELIGIBILITY,False,REQUIRED_LEG_PRIOR_OI_BELOW_100,8.812260536398469,1,1
c039247dcd6929eb8c8b,PH52-007,BUY_PUT,validation,4a919e0bde313b9b9ee1,2025-12-30,3,BLOCKED_LEG_ELIGIBILITY,False,REQUIRED_LEG_PRIOR_OI_BELOW_100,10.909090909090903,1,1
c31e45a39d28e22b70b2,PH52-007,BUY_PUT,development,ce8e12389ff297becff9,2021-05-27,3,EXCLUDED_OHLC_RANGE_PROXY,False,OHLC_RANGE_PROXY_EXCEEDS_THRESHOLD,6.333333333333329,1,1
c31e45a39d28e22b70b2,PH52-007,BUY_PUT,development,061c004245393c77b5c7,2021-12-09,3,EXCLUDED_OHLC_RANGE_PROXY,False,OHLC_RANGE_PROXY_EXCEEDS_THRESHOLD,10.270270270270263,1,1
c31e45a39d28e22b70b2,PH52-007,BUY_PUT,development,b58d771555d73891d2fd,2022-06-16,3,EXCLUDED_OHLC_RANGE_PROXY,False,OHLC_RANGE_PROXY_EXCEEDS_THRESHOLD,25.89118198874296,1,1
c31e45a39d28e22b70b2,PH52-007,BUY_PUT,development,8c9b97c314b368f7a743,2022-12-15,3,EXCLUDED_OHLC_RANGE_PROXY,False,OHLC_RANGE_PROXY_EXCEEDS_THRESHOLD,16.250000000000007,1,1
c31e45a39d28e22b70b2,PH52-007,BUY_PUT,development,b2b9482e70f4a2ace098,2023-06-22,3,EXCLUDED_OHLC_RANGE_PROXY,False,OHLC_RANGE_PROXY_EXCEEDS_THRESHOLD,9.230769230769225,1,1
c31e45a39d28e22b70b2,PH52-007,BUY_PUT,development,804301753400916af24f,2023-12-28,3,EXCLUDED_OHLC_RANGE_PROXY,False,OHLC_RANGE_PROXY_EXCEEDS_THRESHOLD,13.793103448275865,1,1
c31e45a39d28e22b70b2,PH52-007,BUY_PUT,validation,c1472f0b801661762bc6,2024-01-04,3,EXCLUDED_OHLC_RANGE_PROXY,False,OHLC_RANGE_PROXY_EXCEEDS_THRESHOLD,16.091954022988492,1,1
c31e45a39d28e22b70b2,PH52-007,BUY_PUT,validation,1d33307443bd39106f13,2024-05-30,3,EXCLUDED_OHLC_RANGE_PROXY,False,OHLC_RANGE_PROXY_EXCEEDS_THRESHOLD,11.267605633802809,1,1
c31e45a39d28e22b70b2,PH52-007,BUY_PUT,validation,50696f11ab0417607875,2024-10-17,3,EXCLUDED_OHLC_RANGE_PROXY,False,OHLC_RANGE_PROXY_EXCEEDS_THRESHOLD,11.585365853658528,1,1
c31e45a39d28e22b70b2,PH52-007,BUY_PUT,validation,58a4c4843286bd3943a2,2025-03-13,3,BLOCKED_LEG_ELIGIBILITY,False,REQUIRED_LEG_PRIOR_OI_BELOW_100,14.736842105263161,1,1
c31e45a39d28e22b70b2,PH52-007,BUY_PUT,validation,e5919e2053dc59805884,2025-07-31,3,BLOCKED_LEG_ELIGIBILITY,False,REQUIRED_LEG_PRIOR_OI_BELOW_100,8.666666666666679,1,1
c31e45a39d28e22b70b2,PH52-007,BUY_PUT,validation,2744fff722d389044d25,2025-12-30,3,EXCLUDED_OHLC_RANGE_PROXY,False,OHLC_RANGE_PROXY_EXCEEDS_THRESHOLD,13.46153846153846,1,1
5819a5202b9b3b1cdd0b,PH52-007,BUY_PUT,development,ce8e12389ff297becff9,2021-05-27,3,EXCLUDED_OHLC_RANGE_PROXY,False,OHLC_RANGE_PROXY_EXCEEDS_THRESHOLD,6.493506493506482,1,1
5819a5202b9b3b1cdd0b,PH52-007,BUY_PUT,development,061c004245393c77b5c7,2021-12-09,3,EXCLUDED_OHLC_RANGE_PROXY,False,OHLC_RANGE_PROXY_EXCEEDS_THRESHOLD,4.255319148936174,1,1
5819a5202b9b3b1cdd0b,PH52-007,BUY_PUT,development,b58d771555d73891d2fd,2022-06-16,3,EXCLUDED_OHLC_RANGE_PROXY,False,OHLC_RANGE_PROXY_EXCEEDS_THRESHOLD,32.28346456692912,1,1
5819a5202b9b3b1cdd0b,PH52-007,BUY_PUT,development,8c9b97c314b368f7a743,2022-12-15,3,EXCLUDED_OHLC_RANGE_PROXY,False,OHLC_RANGE_PROXY_EXCEEDS_THRESHOLD,10.526315789473683,1,1
5819a5202b9b3b1cdd0b,PH52-007,BUY_PUT,development,b2b9482e70f4a2ace098,2023-06-22,3,EXCLUDED_OHLC_RANGE_PROXY,False,OHLC_RANGE_PROXY_EXCEEDS_THRESHOLD,11.111111111111104,1,1
5819a5202b9b3b1cdd0b,PH52-007,BUY_PUT,development,804301753400916af24f,2023-12-28,3,EXCLUDED_OHLC_RANGE_PROXY,False,OHLC_RANGE_PROXY_EXCEEDS_THRESHOLD,11.49425287356322,1,1
5819a5202b9b3b1cdd0b,PH52-007,BUY_PUT,validation,c1472f0b801661762bc6,2024-01-04,3,EXCLUDED_OHLC_RANGE_PROXY,False,OHLC_RANGE_PROXY_EXCEEDS_THRESHOLD,8.695652173913052,1,1
5819a5202b9b3b1cdd0b,PH52-007,BUY_PUT,validation,1d33307443bd39106f13,2024-05-30,3,EXCLUDED_OHLC_RANGE_PROXY,False,OHLC_RANGE_PROXY_EXCEEDS_THRESHOLD,9.022556390977451,1,1
5819a5202b9b3b1cdd0b,PH52-007,BUY_PUT,validation,50696f11ab0417607875,2024-10-17,3,EXCLUDED_OHLC_RANGE_PROXY,False,OHLC_RANGE_PROXY_EXCEEDS_THRESHOLD,11.111111111111109,1,1
5819a5202b9b3b1cdd0b,PH52-007,BUY_PUT,validation,58a4c4843286bd3943a2,2025-03-13,3,BLOCKED_LEG_ELIGIBILITY,False,REQUIRED_LEG_PRIOR_OI_BELOW_100,8.000000000000007,1,1
5819a5202b9b3b1cdd0b,PH52-007,BUY_PUT,validation,e5919e2053dc59805884,2025-07-31,3,BLOCKED_LEG_ELIGIBILITY,False,REQUIRED_LEG_PRIOR_OI_BELOW_100,7.042253521126761,1,1
5819a5202b9b3b1cdd0b,PH52-007,BUY_PUT,validation,2744fff722d389044d25,2025-12-30,3,EXCLUDED_OHLC_RANGE_PROXY,False,OHLC_RANGE_PROXY_EXCEEDS_THRESHOLD,10.526315789473683,1,1
98dbdd88c3b8df3d0d98,PH52-049,LONG_STRADDLE,development,01f752daf3bb0e90d7b1,2021-05-27,3,EXCLUDED_OHLC_RANGE_PROXY,False,OHLC_RANGE_PROXY_EXCEEDS_THRESHOLD,5.246913580246912,2,2
98dbdd88c3b8df3d0d98,PH52-049,LONG_STRADDLE,development,0ddaab2f8946678d3082,2021-12-09,3,EXCLUDED_OHLC_RANGE_PROXY,False,OHLC_RANGE_PROXY_EXCEEDS_THRESHOLD,13.059427732942025,2,2
98dbdd88c3b8df3d0d98,PH52-049,LONG_STRADDLE,development,044eef05c3277601504c,2022-06-16,3,EXCLUDED_OHLC_RANGE_PROXY,False,OHLC_RANGE_PROXY_EXCEEDS_THRESHOLD,10.736196319018415,2,2
98dbdd88c3b8df3d0d98,PH52-049,LONG_STRADDLE,development,307dafef42b72c870148,2022-12-15,3,EXCLUDED_OHLC_RANGE_PROXY,False,OHLC_RANGE_PROXY_EXCEEDS_THRESHOLD,5.957446808510648,2,2
98dbdd88c3b8df3d0d98,PH52-049,LONG_STRADDLE,development,c8a686f986a21faa7ed5,2023-06-22,3,EXCLUDED_OHLC_RANGE_PROXY,False,OHLC_RANGE_PROXY_EXCEEDS_THRESHOLD,11.021505376344088,2,2
98dbdd88c3b8df3d0d98,PH52-049,LONG_STRADDLE,development,84c7352397ed038c3ea2,2023-12-28,3,EXCLUDED_OHLC_RANGE_PROXY,False,OHLC_RANGE_PROXY_EXCEEDS_THRESHOLD,4.341736694677863,2,2
98dbdd88c3b8df3d0d98,PH52-049,LONG_STRADDLE,validation,f104c6f1662847c5bbcc,2024-01-04,3,EXCLUDED_OHLC_RANGE_PROXY,False,OHLC_RANGE_PROXY_EXCEEDS_THRESHOLD,6.666666666666658,2,2
98dbdd88c3b8df3d0d98,PH52-049,LONG_STRADDLE,validation,0cd34c6b63a9f995c503,2024-05-30,3,EXCLUDED_OHLC_RANGE_PROXY,False,OHLC_RANGE_PROXY_EXCEEDS_THRESHOLD,8.21529745042493,2,2
98dbdd88c3b8df3d0d98,PH52-049,LONG_STRADDLE,validation,75007ced19cb5e12e01f,2024-10-17,3,EXCLUDED_OHLC_RANGE_PROXY,False,OHLC_RANGE_PROXY_EXCEEDS_THRESHOLD,20.713899405083833,2,2
98dbdd88c3b8df3d0d98,PH52-049,LONG_STRADDLE,validation,8eb8f1add17ecb221cbd,2025-03-13,3,BLOCKED_LEG_ELIGIBILITY,False,REQUIRED_LEG_PRIOR_OI_BELOW_100,14.285714285714286,2,2
98dbdd88c3b8df3d0d98,PH52-049,LONG_STRADDLE,validation,14d9997729e438213524,2025-07-31,3,BLOCKED_LEG_ELIGIBILITY,False,REQUIRED_LEG_PRIOR_OI_BELOW_100,12.089810017271157,2,2
98dbdd88c3b8df3d0d98,PH52-049,LONG_STRADDLE,validation,4a919e0bde313b9b9ee1,2025-12-30,3,BLOCKED_LEG_ELIGIBILITY,False,REQUIRED_LEG_PRIOR_OI_BELOW_100,17.257683215130037,2,2
c4749ba6933734c7ed45,PH52-049,LONG_STRADDLE,development,01f752daf3bb0e90d7b1,2021-05-27,3,EXCLUDED_OHLC_RANGE_PROXY,False,OHLC_RANGE_PROXY_EXCEEDS_THRESHOLD,5.9999999999999964,2,2
c4749ba6933734c7ed45,PH52-049,LONG_STRADDLE,development,0ddaab2f8946678d3082,2021-12-09,3,EXCLUDED_OHLC_RANGE_PROXY,False,OHLC_RANGE_PROXY_EXCEEDS_THRESHOLD,10.596026490066224,2,2
c4749ba6933734c7ed45,PH52-049,LONG_STRADDLE,development,044eef05c3277601504c,2022-06-16,3,EXCLUDED_OHLC_RANGE_PROXY,False,OHLC_RANGE_PROXY_EXCEEDS_THRESHOLD,9.78260869565216,2,2
c4749ba6933734c7ed45,PH52-049,LONG_STRADDLE,development,307dafef42b72c870148,2022-12-15,3,EXCLUDED_OHLC_RANGE_PROXY,False,OHLC_RANGE_PROXY_EXCEEDS_THRESHOLD,3.63636363636364,2,2
c4749ba6933734c7ed45,PH52-049,LONG_STRADDLE,development,c8a686f986a21faa7ed5,2023-06-22,3,EXCLUDED_OHLC_RANGE_PROXY,False,OHLC_RANGE_PROXY_EXCEEDS_THRESHOLD,7.547169811320744,2,2
c4749ba6933734c7ed45,PH52-049,LONG_STRADDLE,development,84c7352397ed038c3ea2,2023-12-28,3,EXCLUDED_OHLC_RANGE_PROXY,False,OHLC_RANGE_PROXY_EXCEEDS_THRESHOLD,4.784688995215311,2,2
c4749ba6933734c7ed45,PH52-049,LONG_STRADDLE,validation,f104c6f1662847c5bbcc,2024-01-04,3,EXCLUDED_OHLC_RANGE_PROXY,False,OHLC_RANGE_PROXY_EXCEEDS_THRESHOLD,5.882352941176485,2,2
c4749ba6933734c7ed45,PH52-049,LONG_STRADDLE,validation,0cd34c6b63a9f995c503,2024-05-30,3,EXCLUDED_OHLC_RANGE_PROXY,False,OHLC_RANGE_PROXY_EXCEEDS_THRESHOLD,8.739837398373977,2,2
c4749ba6933734c7ed45,PH52-049,LONG_STRADDLE,validation,75007ced19cb5e12e01f,2024-10-17,3,EXCLUDED_OHLC_RANGE_PROXY,False,OHLC_RANGE_PROXY_EXCEEDS_THRESHOLD,15.302491103202849,2,2
c4749ba6933734c7ed45,PH52-049,LONG_STRADDLE,validation,8eb8f1add17ecb221cbd,2025-03-13,3,BLOCKED_LEG_ELIGIBILITY,False,REQUIRED_LEG_PRIOR_OI_BELOW_100,12.37113402061857,2,2
c4749ba6933734c7ed45,PH52-049,LONG_STRADDLE,validation,14d9997729e438213524,2025-07-31,3,BLOCKED_LEG_ELIGIBILITY,False,REQUIRED_LEG_PRIOR_OI_BELOW_100,12.385321100917428,2,2
c4749ba6933734c7ed45,PH52-049,LONG_STRADDLE,validation,4a919e0bde313b9b9ee1,2025-12-30,3,BLOCKED_LEG_ELIGIBILITY,False,REQUIRED_LEG_PRIOR_OI_BELOW_100,15.51724137931035,2,2
0a2c71c6e12e773afc2d,PH52-049,LONG_STRADDLE,development,ce8e12389ff297becff9,2021-05-27,3,EXCLUDED_OHLC_RANGE_PROXY,False,OHLC_RANGE_PROXY_EXCEEDS_THRESHOLD,10.322580645161288,2,2
0a2c71c6e12e773afc2d,PH52-049,LONG_STRADDLE,development,061c004245393c77b5c7,2021-12-09,3,EXCLUDED_OHLC_RANGE_PROXY,False,OHLC_RANGE_PROXY_EXCEEDS_THRESHOLD,9.48509485094851,2,2
0a2c71c6e12e773afc2d,PH52-049,LONG_STRADDLE,development,b58d771555d73891d2fd,2022-06-16,3,EXCLUDED_OHLC_RANGE_PROXY,False,OHLC_RANGE_PROXY_EXCEEDS_THRESHOLD,21.229050279329606,2,2
0a2c71c6e12e773afc2d,PH52-049,LONG_STRADDLE,development,8c9b97c314b368f7a743,2022-12-15,3,EXCLUDED_OHLC_RANGE_PROXY,False,OHLC_RANGE_PROXY_EXCEEDS_THRESHOLD,8.940852819807427,2,2
0a2c71c6e12e773afc2d,PH52-049,LONG_STRADDLE,development,b2b9482e70f4a2ace098,2023-06-22,3,EXCLUDED_OHLC_RANGE_PROXY,False,OHLC_RANGE_PROXY_EXCEEDS_THRESHOLD,11.874999999999991,2,2
0a2c71c6e12e773afc2d,PH52-049,LONG_STRADDLE,development,804301753400916af24f,2023-12-28,3,EXCLUDED_OHLC_RANGE_PROXY,False,OHLC_RANGE_PROXY_EXCEEDS_THRESHOLD,12.962962962962964,2,2
0a2c71c6e12e773afc2d,PH52-049,LONG_STRADDLE,validation,c1472f0b801661762bc6,2024-01-04,3,EXCLUDED_OHLC_RANGE_PROXY,False,OHLC_RANGE_PROXY_EXCEEDS_THRESHOLD,17.58241758241759,2,2
0a2c71c6e12e773afc2d,PH52-049,LONG_STRADDLE,validation,1d33307443bd39106f13,2024-05-30,3,EXCLUDED_OHLC_RANGE_PROXY,False,OHLC_RANGE_PROXY_EXCEEDS_THRESHOLD,12.436548223350252,2,2
0a2c71c6e12e773afc2d,PH52-049,LONG_STRADDLE,validation,50696f11ab0417607875,2024-10-17,3,EXCLUDED_OHLC_RANGE_PROXY,False,OHLC_RANGE_PROXY_EXCEEDS_THRESHOLD,17.857142857142858,2,2
0a2c71c6e12e773afc2d,PH52-049,LONG_STRADDLE,validation,58a4c4843286bd3943a2,2025-03-13,3,BLOCKED_LEG_ELIGIBILITY,False,REQUIRED_LEG_PRIOR_OI_BELOW_100,10.0,2,2
0a2c71c6e12e773afc2d,PH52-049,LONG_STRADDLE,validation,e5919e2053dc59805884,2025-07-31,3,BLOCKED_LEG_ELIGIBILITY,False,REQUIRED_LEG_PRIOR_OI_BELOW_100,27.142857142857146,2,2
0a2c71c6e12e773afc2d,PH52-049,LONG_STRADDLE,validation,2744fff722d389044d25,2025-12-30,3,EXCLUDED_OHLC_RANGE_PROXY,False,OHLC_RANGE_PROXY_EXCEEDS_THRESHOLD,11.363636363636365,2,2
2432b3ba491006a1f15a,PH52-049,LONG_STRADDLE,development,ce8e12389ff297becff9,2021-05-27,3,EXCLUDED_OHLC_RANGE_PROXY,False,OHLC_RANGE_PROXY_EXCEEDS_THRESHOLD,10.000000000000009,2,2
2432b3ba491006a1f15a,PH52-049,LONG_STRADDLE,development,061c004245393c77b5c7,2021-12-09,3,EXCLUDED_OHLC_RANGE_PROXY,False,OHLC_RANGE_PROXY_EXCEEDS_THRESHOLD,7.499999999999996,2,2
2432b3ba491006a1f15a,PH52-049,LONG_STRADDLE,development,b58d771555d73891d2fd,2022-06-16,3,EXCLUDED_OHLC_RANGE_PROXY,False,OHLC_RANGE_PROXY_EXCEEDS_THRESHOLD,21.73913043478261,2,2
2432b3ba491006a1f15a,PH52-049,LONG_STRADDLE,development,8c9b97c314b368f7a743,2022-12-15,3,EXCLUDED_OHLC_RANGE_PROXY,False,OHLC_RANGE_PROXY_EXCEEDS_THRESHOLD,3.741358275721845,2,2
2432b3ba491006a1f15a,PH52-049,LONG_STRADDLE,development,b2b9482e70f4a2ace098,2023-06-22,3,EXCLUDED_OHLC_RANGE_PROXY,False,OHLC_RANGE_PROXY_EXCEEDS_THRESHOLD,6.250000000000005,2,2
2432b3ba491006a1f15a,PH52-049,LONG_STRADDLE,development,804301753400916af24f,2023-12-28,3,EXCLUDED_OHLC_RANGE_PROXY,False,OHLC_RANGE_PROXY_EXCEEDS_THRESHOLD,9.803921568627452,2,2
2432b3ba491006a1f15a,PH52-049,LONG_STRADDLE,validation,c1472f0b801661762bc6,2024-01-04,3,EXCLUDED_OHLC_RANGE_PROXY,False,OHLC_RANGE_PROXY_EXCEEDS_THRESHOLD,15.384615384615381,2,2
2432b3ba491006a1f15a,PH52-049,LONG_STRADDLE,validation,1d33307443bd39106f13,2024-05-30,3,EXCLUDED_OHLC_RANGE_PROXY,False,OHLC_RANGE_PROXY_EXCEEDS_THRESHOLD,12.056737588652478,2,2
2432b3ba491006a1f15a,PH52-049,LONG_STRADDLE,validation,50696f11ab0417607875,2024-10-17,3,EXCLUDED_OHLC_RANGE_PROXY,False,OHLC_RANGE_PROXY_EXCEEDS_THRESHOLD,14.285714285714288,2,2
2432b3ba491006a1f15a,PH52-049,LONG_STRADDLE,validation,58a4c4843286bd3943a2,2025-03-13,3,BLOCKED_LEG_ELIGIBILITY,False,REQUIRED_LEG_PRIOR_OI_BELOW_100,8.510638297872347,2,2
2432b3ba491006a1f15a,PH52-049,LONG_STRADDLE,validation,e5919e2053dc59805884,2025-07-31,3,BLOCKED_LEG_ELIGIBILITY,False,REQUIRED_LEG_PRIOR_OI_BELOW_100,34.78260869565216,2,2
2432b3ba491006a1f15a,PH52-049,LONG_STRADDLE,validation,2744fff722d389044d25,2025-12-30,3,EXCLUDED_OHLC_RANGE_PROXY,False,OHLC_RANGE_PROXY_EXCEEDS_THRESHOLD,7.1428571428571495,2,2
722daeb1f1c06b54a1ee,PH52-061,LONG_STRANGLE,development,01f752daf3bb0e90d7b1,2021-05-27,3,EXCLUDED_OHLC_RANGE_PROXY,False,OHLC_RANGE_PROXY_EXCEEDS_THRESHOLD,5.2631578947368425,2,2
722daeb1f1c06b54a1ee,PH52-061,LONG_STRANGLE,development,0ddaab2f8946678d3082,2021-12-09,3,EXCLUDED_OHLC_RANGE_PROXY,False,OHLC_RANGE_PROXY_EXCEEDS_THRESHOLD,17.18213058419244,2,2
722daeb1f1c06b54a1ee,PH52-061,LONG_STRANGLE,development,044eef05c3277601504c,2022-06-16,3,EXCLUDED_OHLC_RANGE_PROXY,False,OHLC_RANGE_PROXY_EXCEEDS_THRESHOLD,13.354037267080747,2,2
722daeb1f1c06b54a1ee,PH52-061,LONG_STRANGLE,development,307dafef42b72c870148,2022-12-15,3,EXCLUDED_OHLC_RANGE_PROXY,False,OHLC_RANGE_PROXY_EXCEEDS_THRESHOLD,9.302325581395358,2,2
722daeb1f1c06b54a1ee,PH52-061,LONG_STRANGLE,development,c8a686f986a21faa7ed5,2023-06-22,3,EXCLUDED_OHLC_RANGE_PROXY,False,OHLC_RANGE_PROXY_EXCEEDS_THRESHOLD,11.021505376344088,2,2
722daeb1f1c06b54a1ee,PH52-061,LONG_STRANGLE,development,84c7352397ed038c3ea2,2023-12-28,3,EXCLUDED_OHLC_RANGE_PROXY,False,OHLC_RANGE_PROXY_EXCEEDS_THRESHOLD,4.437869822485207,2,2
722daeb1f1c06b54a1ee,PH52-061,LONG_STRANGLE,validation,f104c6f1662847c5bbcc,2024-01-04,3,EXCLUDED_OHLC_RANGE_PROXY,False,OHLC_RANGE_PROXY_EXCEEDS_THRESHOLD,10.970464135021087,2,2
722daeb1f1c06b54a1ee,PH52-061,LONG_STRANGLE,validation,0cd34c6b63a9f995c503,2024-05-30,3,EXCLUDED_OHLC_RANGE_PROXY,False,OHLC_RANGE_PROXY_EXCEEDS_THRESHOLD,10.26677445432497,2,2
722daeb1f1c06b54a1ee,PH52-061,LONG_STRANGLE,validation,75007ced19cb5e12e01f,2024-10-17,3,EXCLUDED_OHLC_RANGE_PROXY,False,OHLC_RANGE_PROXY_EXCEEDS_THRESHOLD,34.10326086956523,2,2
722daeb1f1c06b54a1ee,PH52-061,LONG_STRANGLE,validation,8eb8f1add17ecb221cbd,2025-03-13,3,BLOCKED_LEG_ELIGIBILITY,False,REQUIRED_LEG_PRIOR_OI_BELOW_100,14.285714285714286,2,2
722daeb1f1c06b54a1ee,PH52-061,LONG_STRANGLE,validation,14d9997729e438213524,2025-07-31,3,BLOCKED_LEG_ELIGIBILITY,False,REQUIRED_LEG_PRIOR_OI_BELOW_100,12.089810017271157,2,2
722daeb1f1c06b54a1ee,PH52-061,LONG_STRANGLE,validation,4a919e0bde313b9b9ee1,2025-12-30,3,BLOCKED_LEG_ELIGIBILITY,False,REQUIRED_LEG_PRIOR_OI_BELOW_100,17.257683215130037,2,2
2173cfebeda92408e9c0,PH52-061,LONG_STRANGLE,development,01f752daf3bb0e90d7b1,2021-05-27,3,EXCLUDED_OHLC_RANGE_PROXY,False,OHLC_RANGE_PROXY_EXCEEDS_THRESHOLD,6.329113924050633,2,2
2173cfebeda92408e9c0,PH52-061,LONG_STRANGLE,development,0ddaab2f8946678d3082,2021-12-09,3,EXCLUDED_OHLC_RANGE_PROXY,False,OHLC_RANGE_PROXY_EXCEEDS_THRESHOLD,20.888888888888886,2,2
2173cfebeda92408e9c0,PH52-061,LONG_STRANGLE,development,044eef05c3277601504c,2022-06-16,3,EXCLUDED_OHLC_RANGE_PROXY,False,OHLC_RANGE_PROXY_EXCEEDS_THRESHOLD,13.705583756345176,2,2
2173cfebeda92408e9c0,PH52-061,LONG_STRANGLE,development,307dafef42b72c870148,2022-12-15,3,EXCLUDED_OHLC_RANGE_PROXY,False,OHLC_RANGE_PROXY_EXCEEDS_THRESHOLD,8.771929824561402,2,2
2173cfebeda92408e9c0,PH52-061,LONG_STRANGLE,development,c8a686f986a21faa7ed5,2023-06-22,3,EXCLUDED_OHLC_RANGE_PROXY,False,OHLC_RANGE_PROXY_EXCEEDS_THRESHOLD,7.547169811320744,2,2
2173cfebeda92408e9c0,PH52-061,LONG_STRANGLE,development,84c7352397ed038c3ea2,2023-12-28,3,EXCLUDED_OHLC_RANGE_PROXY,False,OHLC_RANGE_PROXY_EXCEEDS_THRESHOLD,5.2044609665427455,2,2
2173cfebeda92408e9c0,PH52-061,LONG_STRANGLE,validation,f104c6f1662847c5bbcc,2024-01-04,3,EXCLUDED_OHLC_RANGE_PROXY,False,OHLC_RANGE_PROXY_EXCEEDS_THRESHOLD,12.90322580645161,2,2
2173cfebeda92408e9c0,PH52-061,LONG_STRANGLE,validation,0cd34c6b63a9f995c503,2024-05-30,3,EXCLUDED_OHLC_RANGE_PROXY,False,OHLC_RANGE_PROXY_EXCEEDS_THRESHOLD,12.335526315789474,2,2
2173cfebeda92408e9c0,PH52-061,LONG_STRANGLE,validation,75007ced19cb5e12e01f,2024-10-17,3,EXCLUDED_OHLC_RANGE_PROXY,False,OHLC_RANGE_PROXY_EXCEEDS_THRESHOLD,44.444444444444436,2,2
2173cfebeda92408e9c0,PH52-061,LONG_STRANGLE,validation,8eb8f1add17ecb221cbd,2025-03-13,3,BLOCKED_LEG_ELIGIBILITY,False,REQUIRED_LEG_PRIOR_OI_BELOW_100,12.37113402061857,2,2
2173cfebeda92408e9c0,PH52-061,LONG_STRANGLE,validation,14d9997729e438213524,2025-07-31,3,BLOCKED_LEG_ELIGIBILITY,False,REQUIRED_LEG_PRIOR_OI_BELOW_100,12.385321100917428,2,2
2173cfebeda92408e9c0,PH52-061,LONG_STRANGLE,validation,4a919e0bde313b9b9ee1,2025-12-30,3,BLOCKED_LEG_ELIGIBILITY,False,REQUIRED_LEG_PRIOR_OI_BELOW_100,15.51724137931035,2,2
2f22cd4cb483cbbd04af,PH52-061,LONG_STRANGLE,development,ce8e12389ff297becff9,2021-05-27,3,EXCLUDED_OHLC_RANGE_PROXY,False,OHLC_RANGE_PROXY_EXCEEDS_THRESHOLD,10.322580645161288,2,2
2f22cd4cb483cbbd04af,PH52-061,LONG_STRANGLE,development,061c004245393c77b5c7,2021-12-09,3,EXCLUDED_OHLC_RANGE_PROXY,False,OHLC_RANGE_PROXY_EXCEEDS_THRESHOLD,10.270270270270263,2,2
2f22cd4cb483cbbd04af,PH52-061,LONG_STRANGLE,development,b58d771555d73891d2fd,2022-06-16,3,EXCLUDED_OHLC_RANGE_PROXY,False,OHLC_RANGE_PROXY_EXCEEDS_THRESHOLD,25.89118198874296,2,2
2f22cd4cb483cbbd04af,PH52-061,LONG_STRANGLE,development,8c9b97c314b368f7a743,2022-12-15,3,EXCLUDED_OHLC_RANGE_PROXY,False,OHLC_RANGE_PROXY_EXCEEDS_THRESHOLD,16.250000000000007,2,2
2f22cd4cb483cbbd04af,PH52-061,LONG_STRANGLE,development,b2b9482e70f4a2ace098,2023-06-22,3,EXCLUDED_OHLC_RANGE_PROXY,False,OHLC_RANGE_PROXY_EXCEEDS_THRESHOLD,11.874999999999991,2,2
2f22cd4cb483cbbd04af,PH52-061,LONG_STRANGLE,development,804301753400916af24f,2023-12-28,3,EXCLUDED_OHLC_RANGE_PROXY,False,OHLC_RANGE_PROXY_EXCEEDS_THRESHOLD,13.793103448275865,2,2
2f22cd4cb483cbbd04af,PH52-061,LONG_STRANGLE,validation,c1472f0b801661762bc6,2024-01-04,3,EXCLUDED_OHLC_RANGE_PROXY,False,OHLC_RANGE_PROXY_EXCEEDS_THRESHOLD,17.58241758241759,2,2
2f22cd4cb483cbbd04af,PH52-061,LONG_STRANGLE,validation,1d33307443bd39106f13,2024-05-30,3,EXCLUDED_OHLC_RANGE_PROXY,False,OHLC_RANGE_PROXY_EXCEEDS_THRESHOLD,12.436548223350252,2,2
2f22cd4cb483cbbd04af,PH52-061,LONG_STRANGLE,validation,50696f11ab0417607875,2024-10-17,3,EXCLUDED_OHLC_RANGE_PROXY,False,OHLC_RANGE_PROXY_EXCEEDS_THRESHOLD,17.857142857142858,2,2
2f22cd4cb483cbbd04af,PH52-061,LONG_STRANGLE,validation,58a4c4843286bd3943a2,2025-03-13,3,BLOCKED_LEG_ELIGIBILITY,False,REQUIRED_LEG_PRIOR_OI_BELOW_100,14.736842105263161,2,2
2f22cd4cb483cbbd04af,PH52-061,LONG_STRANGLE,validation,e5919e2053dc59805884,2025-07-31,3,BLOCKED_LEG_ELIGIBILITY,False,REQUIRED_LEG_PRIOR_OI_BELOW_100,27.142857142857146,2,2
2f22cd4cb483cbbd04af,PH52-061,LONG_STRANGLE,validation,2744fff722d389044d25,2025-12-30,3,EXCLUDED_OHLC_RANGE_PROXY,False,OHLC_RANGE_PROXY_EXCEEDS_THRESHOLD,13.46153846153846,2,2
4bd35f1260b64365d38b,PH52-061,LONG_STRANGLE,development,ce8e12389ff297becff9,2021-05-27,3,EXCLUDED_OHLC_RANGE_PROXY,False,OHLC_RANGE_PROXY_EXCEEDS_THRESHOLD,10.000000000000009,2,2
4bd35f1260b64365d38b,PH52-061,LONG_STRANGLE,development,061c004245393c77b5c7,2021-12-09,3,EXCLUDED_OHLC_RANGE_PROXY,False,OHLC_RANGE_PROXY_EXCEEDS_THRESHOLD,7.499999999999996,2,2
4bd35f1260b64365d38b,PH52-061,LONG_STRANGLE,development,b58d771555d73891d2fd,2022-06-16,3,EXCLUDED_OHLC_RANGE_PROXY,False,OHLC_RANGE_PROXY_EXCEEDS_THRESHOLD,32.28346456692912,2,2
4bd35f1260b64365d38b,PH52-061,LONG_STRANGLE,development,8c9b97c314b368f7a743,2022-12-15,3,EXCLUDED_OHLC_RANGE_PROXY,False,OHLC_RANGE_PROXY_EXCEEDS_THRESHOLD,10.526315789473683,2,2
4bd35f1260b64365d38b,PH52-061,LONG_STRANGLE,development,b2b9482e70f4a2ace098,2023-06-22,3,EXCLUDED_OHLC_RANGE_PROXY,False,OHLC_RANGE_PROXY_EXCEEDS_THRESHOLD,11.111111111111104,2,2
4bd35f1260b64365d38b,PH52-061,LONG_STRANGLE,development,804301753400916af24f,2023-12-28,3,EXCLUDED_OHLC_RANGE_PROXY,False,OHLC_RANGE_PROXY_EXCEEDS_THRESHOLD,11.49425287356322,2,2
4bd35f1260b64365d38b,PH52-061,LONG_STRANGLE,validation,c1472f0b801661762bc6,2024-01-04,3,EXCLUDED_OHLC_RANGE_PROXY,False,OHLC_RANGE_PROXY_EXCEEDS_THRESHOLD,15.384615384615381,2,2
4bd35f1260b64365d38b,PH52-061,LONG_STRANGLE,validation,1d33307443bd39106f13,2024-05-30,3,EXCLUDED_OHLC_RANGE_PROXY,False,OHLC_RANGE_PROXY_EXCEEDS_THRESHOLD,12.056737588652478,2,2
4bd35f1260b64365d38b,PH52-061,LONG_STRANGLE,validation,50696f11ab0417607875,2024-10-17,3,EXCLUDED_OHLC_RANGE_PROXY,False,OHLC_RANGE_PROXY_EXCEEDS_THRESHOLD,14.285714285714288,2,2
4bd35f1260b64365d38b,PH52-061,LONG_STRANGLE,validation,58a4c4843286bd3943a2,2025-03-13,3,BLOCKED_LEG_ELIGIBILITY,False,REQUIRED_LEG_PRIOR_OI_BELOW_100,8.510638297872347,2,2
4bd35f1260b64365d38b,PH52-061,LONG_STRANGLE,validation,e5919e2053dc59805884,2025-07-31,3,BLOCKED_LEG_ELIGIBILITY,False,REQUIRED_LEG_PRIOR_OI_BELOW_100,34.78260869565216,2,2
4bd35f1260b64365d38b,PH52-061,LONG_STRANGLE,validation,2744fff722d389044d25,2025-12-30,3,EXCLUDED_OHLC_RANGE_PROXY,False,OHLC_RANGE_PROXY_EXCEEDS_THRESHOLD,10.526315789473683,2,2
89f52cd7e0b3bc8ec28c,PH52-073,SHORT_IRON_CONDOR,development,01f752daf3bb0e90d7b1,2021-05-27,3,EXCLUDED_OHLC_RANGE_PROXY,False,OHLC_RANGE_PROXY_EXCEEDS_THRESHOLD,5.448717948717936,4,4
89f52cd7e0b3bc8ec28c,PH52-073,SHORT_IRON_CONDOR,development,0ddaab2f8946678d3082,2021-12-09,3,EXCLUDED_OHLC_RANGE_PROXY,False,OHLC_RANGE_PROXY_EXCEEDS_THRESHOLD,19.444444444444443,4,4
89f52cd7e0b3bc8ec28c,PH52-073,SHORT_IRON_CONDOR,development,044eef05c3277601504c,2022-06-16,3,EXCLUDED_OHLC_RANGE_PROXY,False,OHLC_RANGE_PROXY_EXCEEDS_THRESHOLD,14.363143631436328,4,4
89f52cd7e0b3bc8ec28c,PH52-073,SHORT_IRON_CONDOR,development,307dafef42b72c870148,2022-12-15,3,EXCLUDED_OHLC_RANGE_PROXY,False,OHLC_RANGE_PROXY_EXCEEDS_THRESHOLD,10.144927536231886,4,4
89f52cd7e0b3bc8ec28c,PH52-073,SHORT_IRON_CONDOR,development,c8a686f986a21faa7ed5,2023-06-22,3,EXCLUDED_OHLC_RANGE_PROXY,False,OHLC_RANGE_PROXY_EXCEEDS_THRESHOLD,12.765957446808503,4,4
89f52cd7e0b3bc8ec28c,PH52-073,SHORT_IRON_CONDOR,development,84c7352397ed038c3ea2,2023-12-28,3,EXCLUDED_OHLC_RANGE_PROXY,False,OHLC_RANGE_PROXY_EXCEEDS_THRESHOLD,5.502392344497618,4,4
89f52cd7e0b3bc8ec28c,PH52-073,SHORT_IRON_CONDOR,validation,f104c6f1662847c5bbcc,2024-01-04,3,EXCLUDED_OHLC_RANGE_PROXY,False,OHLC_RANGE_PROXY_EXCEEDS_THRESHOLD,10.970464135021087,4,4
89f52cd7e0b3bc8ec28c,PH52-073,SHORT_IRON_CONDOR,validation,0cd34c6b63a9f995c503,2024-05-30,3,EXCLUDED_OHLC_RANGE_PROXY,False,OHLC_RANGE_PROXY_EXCEEDS_THRESHOLD,12.13151927437642,4,4
89f52cd7e0b3bc8ec28c,PH52-073,SHORT_IRON_CONDOR,validation,75007ced19cb5e12e01f,2024-10-17,3,EXCLUDED_OHLC_RANGE_PROXY,False,OHLC_RANGE_PROXY_EXCEEDS_THRESHOLD,38.80952380952382,4,4
89f52cd7e0b3bc8ec28c,PH52-073,SHORT_IRON_CONDOR,validation,8eb8f1add17ecb221cbd,2025-03-13,3,BLOCKED_LEG_ELIGIBILITY,False,REQUIRED_LEG_PRIOR_OI_BELOW_100,14.285714285714286,4,4
89f52cd7e0b3bc8ec28c,PH52-073,SHORT_IRON_CONDOR,validation,14d9997729e438213524,2025-07-31,3,BLOCKED_LEG_ELIGIBILITY,False,REQUIRED_LEG_PRIOR_OI_BELOW_100,14.367816091954024,4,4
89f52cd7e0b3bc8ec28c,PH52-073,SHORT_IRON_CONDOR,validation,4a919e0bde313b9b9ee1,2025-12-30,3,BLOCKED_LEG_ELIGIBILITY,False,REQUIRED_LEG_PRIOR_OI_BELOW_100,17.257683215130037,4,4
ed63864fa6c58959e82b,PH52-073,SHORT_IRON_CONDOR,development,01f752daf3bb0e90d7b1,2021-05-27,3,EXCLUDED_OHLC_RANGE_PROXY,False,OHLC_RANGE_PROXY_EXCEEDS_THRESHOLD,6.25,4,4
ed63864fa6c58959e82b,PH52-073,SHORT_IRON_CONDOR,development,0ddaab2f8946678d3082,2021-12-09,3,EXCLUDED_OHLC_RANGE_PROXY,False,OHLC_RANGE_PROXY_EXCEEDS_THRESHOLD,21.01449275362318,4,4
ed63864fa6c58959e82b,PH52-073,SHORT_IRON_CONDOR,development,044eef05c3277601504c,2022-06-16,3,EXCLUDED_OHLC_RANGE_PROXY,False,OHLC_RANGE_PROXY_EXCEEDS_THRESHOLD,13.354037267080747,4,4
ed63864fa6c58959e82b,PH52-073,SHORT_IRON_CONDOR,development,307dafef42b72c870148,2022-12-15,3,EXCLUDED_OHLC_RANGE_PROXY,False,OHLC_RANGE_PROXY_EXCEEDS_THRESHOLD,9.302325581395358,4,4
ed63864fa6c58959e82b,PH52-073,SHORT_IRON_CONDOR,development,c8a686f986a21faa7ed5,2023-06-22,3,EXCLUDED_OHLC_RANGE_PROXY,False,OHLC_RANGE_PROXY_EXCEEDS_THRESHOLD,11.021505376344088,4,4
ed63864fa6c58959e82b,PH52-073,SHORT_IRON_CONDOR,development,84c7352397ed038c3ea2,2023-12-28,3,EXCLUDED_OHLC_RANGE_PROXY,False,OHLC_RANGE_PROXY_EXCEEDS_THRESHOLD,5.681818181818182,4,4
ed63864fa6c58959e82b,PH52-073,SHORT_IRON_CONDOR,validation,f104c6f1662847c5bbcc,2024-01-04,3,EXCLUDED_OHLC_RANGE_PROXY,False,OHLC_RANGE_PROXY_EXCEEDS_THRESHOLD,10.970464135021087,4,4
ed63864fa6c58959e82b,PH52-073,SHORT_IRON_CONDOR,validation,0cd34c6b63a9f995c503,2024-05-30,3,EXCLUDED_OHLC_RANGE_PROXY,False,OHLC_RANGE_PROXY_EXCEEDS_THRESHOLD,14.496314496314492,4,4
ed63864fa6c58959e82b,PH52-073,SHORT_IRON_CONDOR,validation,75007ced19cb5e12e01f,2024-10-17,3,EXCLUDED_OHLC_RANGE_PROXY,False,OHLC_RANGE_PROXY_EXCEEDS_THRESHOLD,44.02985074626865,4,4
ed63864fa6c58959e82b,PH52-073,SHORT_IRON_CONDOR,validation,8eb8f1add17ecb221cbd,2025-03-13,3,BLOCKED_LEG_ELIGIBILITY,False,REQUIRED_LEG_PRIOR_OI_BELOW_100,14.285714285714286,4,4
ed63864fa6c58959e82b,PH52-073,SHORT_IRON_CONDOR,validation,14d9997729e438213524,2025-07-31,3,BLOCKED_LEG_ELIGIBILITY,False,REQUIRED_LEG_PRIOR_OI_BELOW_100,12.925170068027214,4,4
ed63864fa6c58959e82b,PH52-073,SHORT_IRON_CONDOR,validation,4a919e0bde313b9b9ee1,2025-12-30,3,BLOCKED_LEG_ELIGIBILITY,False,REQUIRED_LEG_PRIOR_OI_BELOW_100,17.257683215130037,4,4
d1522f8d7f12e8386fbd,PH52-073,SHORT_IRON_CONDOR,development,01f752daf3bb0e90d7b1,2021-05-27,3,EXCLUDED_OHLC_RANGE_PROXY,False,OHLC_RANGE_PROXY_EXCEEDS_THRESHOLD,6.329113924050633,4,4
d1522f8d7f12e8386fbd,PH52-073,SHORT_IRON_CONDOR,development,0ddaab2f8946678d3082,2021-12-09,3,EXCLUDED_OHLC_RANGE_PROXY,False,OHLC_RANGE_PROXY_EXCEEDS_THRESHOLD,21.01449275362318,4,4
d1522f8d7f12e8386fbd,PH52-073,SHORT_IRON_CONDOR,development,044eef05c3277601504c,2022-06-16,3,EXCLUDED_OHLC_RANGE_PROXY,False,OHLC_RANGE_PROXY_EXCEEDS_THRESHOLD,13.705583756345176,4,4
d1522f8d7f12e8386fbd,PH52-073,SHORT_IRON_CONDOR,development,307dafef42b72c870148,2022-12-15,3,EXCLUDED_OHLC_RANGE_PROXY,False,OHLC_RANGE_PROXY_EXCEEDS_THRESHOLD,8.771929824561402,4,4
d1522f8d7f12e8386fbd,PH52-073,SHORT_IRON_CONDOR,development,c8a686f986a21faa7ed5,2023-06-22,3,EXCLUDED_OHLC_RANGE_PROXY,False,OHLC_RANGE_PROXY_EXCEEDS_THRESHOLD,7.547169811320744,4,4
d1522f8d7f12e8386fbd,PH52-073,SHORT_IRON_CONDOR,development,84c7352397ed038c3ea2,2023-12-28,3,EXCLUDED_OHLC_RANGE_PROXY,False,OHLC_RANGE_PROXY_EXCEEDS_THRESHOLD,5.681818181818182,4,4
d1522f8d7f12e8386fbd,PH52-073,SHORT_IRON_CONDOR,validation,f104c6f1662847c5bbcc,2024-01-04,3,EXCLUDED_OHLC_RANGE_PROXY,False,OHLC_RANGE_PROXY_EXCEEDS_THRESHOLD,12.90322580645161,4,4
d1522f8d7f12e8386fbd,PH52-073,SHORT_IRON_CONDOR,validation,0cd34c6b63a9f995c503,2024-05-30,3,EXCLUDED_OHLC_RANGE_PROXY,False,OHLC_RANGE_PROXY_EXCEEDS_THRESHOLD,14.496314496314492,4,4
d1522f8d7f12e8386fbd,PH52-073,SHORT_IRON_CONDOR,validation,75007ced19cb5e12e01f,2024-10-17,3,EXCLUDED_OHLC_RANGE_PROXY,False,OHLC_RANGE_PROXY_EXCEEDS_THRESHOLD,44.444444444444436,4,4
d1522f8d7f12e8386fbd,PH52-073,SHORT_IRON_CONDOR,validation,8eb8f1add17ecb221cbd,2025-03-13,3,BLOCKED_LEG_ELIGIBILITY,False,REQUIRED_LEG_PRIOR_OI_BELOW_100,12.37113402061857,4,4
d1522f8d7f12e8386fbd,PH52-073,SHORT_IRON_CONDOR,validation,14d9997729e438213524,2025-07-31,3,BLOCKED_LEG_ELIGIBILITY,False,REQUIRED_LEG_PRIOR_OI_BELOW_100,12.925170068027214,4,4
d1522f8d7f12e8386fbd,PH52-073,SHORT_IRON_CONDOR,validation,4a919e0bde313b9b9ee1,2025-12-30,3,BLOCKED_LEG_ELIGIBILITY,False,REQUIRED_LEG_PRIOR_OI_BELOW_100,17.187500000000007,4,4
88f406f18831fffb35a5,PH52-073,SHORT_IRON_CONDOR,development,01f752daf3bb0e90d7b1,2021-05-27,3,EXCLUDED_OHLC_RANGE_PROXY,False,OHLC_RANGE_PROXY_EXCEEDS_THRESHOLD,9.677419354838703,4,4
88f406f18831fffb35a5,PH52-073,SHORT_IRON_CONDOR,development,0ddaab2f8946678d3082,2021-12-09,3,EXCLUDED_OHLC_RANGE_PROXY,False,OHLC_RANGE_PROXY_EXCEEDS_THRESHOLD,20.888888888888886,4,4
88f406f18831fffb35a5,PH52-073,SHORT_IRON_CONDOR,development,044eef05c3277601504c,2022-06-16,3,EXCLUDED_OHLC_RANGE_PROXY,False,OHLC_RANGE_PROXY_EXCEEDS_THRESHOLD,13.705583756345176,4,4
88f406f18831fffb35a5,PH52-073,SHORT_IRON_CONDOR,development,307dafef42b72c870148,2022-12-15,3,EXCLUDED_OHLC_RANGE_PROXY,False,OHLC_RANGE_PROXY_EXCEEDS_THRESHOLD,8.771929824561402,4,4
88f406f18831fffb35a5,PH52-073,SHORT_IRON_CONDOR,development,c8a686f986a21faa7ed5,2023-06-22,3,EXCLUDED_OHLC_RANGE_PROXY,False,OHLC_RANGE_PROXY_EXCEEDS_THRESHOLD,7.547169811320744,4,4
88f406f18831fffb35a5,PH52-073,SHORT_IRON_CONDOR,development,84c7352397ed038c3ea2,2023-12-28,3,EXCLUDED_OHLC_RANGE_PROXY,False,OHLC_RANGE_PROXY_EXCEEDS_THRESHOLD,5.2044609665427455,4,4
88f406f18831fffb35a5,PH52-073,SHORT_IRON_CONDOR,validation,f104c6f1662847c5bbcc,2024-01-04,3,EXCLUDED_OHLC_RANGE_PROXY,False,OHLC_RANGE_PROXY_EXCEEDS_THRESHOLD,12.90322580645161,4,4
88f406f18831fffb35a5,PH52-073,SHORT_IRON_CONDOR,validation,0cd34c6b63a9f995c503,2024-05-30,3,EXCLUDED_OHLC_RANGE_PROXY,False,OHLC_RANGE_PROXY_EXCEEDS_THRESHOLD,16.000000000000004,4,4
88f406f18831fffb35a5,PH52-073,SHORT_IRON_CONDOR,validation,75007ced19cb5e12e01f,2024-10-17,3,EXCLUDED_OHLC_RANGE_PROXY,False,OHLC_RANGE_PROXY_EXCEEDS_THRESHOLD,44.444444444444436,4,4
88f406f18831fffb35a5,PH52-073,SHORT_IRON_CONDOR,validation,8eb8f1add17ecb221cbd,2025-03-13,3,BLOCKED_LEG_ELIGIBILITY,False,REQUIRED_LEG_PRIOR_OI_BELOW_100,12.37113402061857,4,4
88f406f18831fffb35a5,PH52-073,SHORT_IRON_CONDOR,validation,14d9997729e438213524,2025-07-31,3,BLOCKED_LEG_ELIGIBILITY,False,REQUIRED_LEG_PRIOR_OI_BELOW_100,12.385321100917428,4,4
88f406f18831fffb35a5,PH52-073,SHORT_IRON_CONDOR,validation,4a919e0bde313b9b9ee1,2025-12-30,3,BLOCKED_LEG_ELIGIBILITY,False,REQUIRED_LEG_PRIOR_OI_BELOW_100,15.51724137931035,4,4
3bb7fb2966c25f63f7b8,PH52-073,SHORT_IRON_CONDOR,development,ce8e12389ff297becff9,2021-05-27,3,EXCLUDED_OHLC_RANGE_PROXY,False,OHLC_RANGE_PROXY_EXCEEDS_THRESHOLD,10.322580645161288,4,4
3bb7fb2966c25f63f7b8,PH52-073,SHORT_IRON_CONDOR,development,061c004245393c77b5c7,2021-12-09,3,EXCLUDED_OHLC_RANGE_PROXY,False,OHLC_RANGE_PROXY_EXCEEDS_THRESHOLD,10.270270270270263,4,4
3bb7fb2966c25f63f7b8,PH52-073,SHORT_IRON_CONDOR,development,b58d771555d73891d2fd,2022-06-16,3,EXCLUDED_OHLC_RANGE_PROXY,False,OHLC_RANGE_PROXY_EXCEEDS_THRESHOLD,32.28346456692915,4,4
3bb7fb2966c25f63f7b8,PH52-073,SHORT_IRON_CONDOR,development,8c9b97c314b368f7a743,2022-12-15,3,EXCLUDED_OHLC_RANGE_PROXY,False,OHLC_RANGE_PROXY_EXCEEDS_THRESHOLD,16.250000000000007,4,4
3bb7fb2966c25f63f7b8,PH52-073,SHORT_IRON_CONDOR,development,b2b9482e70f4a2ace098,2023-06-22,3,EXCLUDED_OHLC_RANGE_PROXY,False,OHLC_RANGE_PROXY_EXCEEDS_THRESHOLD,11.874999999999991,4,4
3bb7fb2966c25f63f7b8,PH52-073,SHORT_IRON_CONDOR,development,804301753400916af24f,2023-12-28,3,EXCLUDED_OHLC_RANGE_PROXY,False,OHLC_RANGE_PROXY_EXCEEDS_THRESHOLD,13.793103448275865,4,4
3bb7fb2966c25f63f7b8,PH52-073,SHORT_IRON_CONDOR,validation,c1472f0b801661762bc6,2024-01-04,3,EXCLUDED_OHLC_RANGE_PROXY,False,OHLC_RANGE_PROXY_EXCEEDS_THRESHOLD,17.58241758241759,4,4
3bb7fb2966c25f63f7b8,PH52-073,SHORT_IRON_CONDOR,validation,1d33307443bd39106f13,2024-05-30,3,EXCLUDED_OHLC_RANGE_PROXY,False,OHLC_RANGE_PROXY_EXCEEDS_THRESHOLD,12.436548223350252,4,4
3bb7fb2966c25f63f7b8,PH52-073,SHORT_IRON_CONDOR,validation,50696f11ab0417607875,2024-10-17,3,EXCLUDED_OHLC_RANGE_PROXY,False,OHLC_RANGE_PROXY_EXCEEDS_THRESHOLD,17.857142857142858,4,4
3bb7fb2966c25f63f7b8,PH52-073,SHORT_IRON_CONDOR,validation,58a4c4843286bd3943a2,2025-03-13,3,BLOCKED_LEG_ELIGIBILITY,False,REQUIRED_LEG_PRIOR_OI_BELOW_100,14.736842105263161,4,4
3bb7fb2966c25f63f7b8,PH52-073,SHORT_IRON_CONDOR,validation,e5919e2053dc59805884,2025-07-31,3,BLOCKED_LEG_ELIGIBILITY,False,REQUIRED_LEG_PRIOR_OI_BELOW_100,31.39158576051781,4,4
3bb7fb2966c25f63f7b8,PH52-073,SHORT_IRON_CONDOR,validation,2744fff722d389044d25,2025-12-30,3,EXCLUDED_OHLC_RANGE_PROXY,False,OHLC_RANGE_PROXY_EXCEEDS_THRESHOLD,13.46153846153846,4,4
afd015454460bea2a27d,PH52-073,SHORT_IRON_CONDOR,development,ce8e12389ff297becff9,2021-05-27,3,EXCLUDED_OHLC_RANGE_PROXY,False,OHLC_RANGE_PROXY_EXCEEDS_THRESHOLD,10.322580645161288,4,4
afd015454460bea2a27d,PH52-073,SHORT_IRON_CONDOR,development,061c004245393c77b5c7,2021-12-09,3,EXCLUDED_OHLC_RANGE_PROXY,False,OHLC_RANGE_PROXY_EXCEEDS_THRESHOLD,10.270270270270263,4,4
afd015454460bea2a27d,PH52-073,SHORT_IRON_CONDOR,development,b58d771555d73891d2fd,2022-06-16,3,EXCLUDED_OHLC_RANGE_PROXY,False,OHLC_RANGE_PROXY_EXCEEDS_THRESHOLD,25.89118198874296,4,4
afd015454460bea2a27d,PH52-073,SHORT_IRON_CONDOR,development,8c9b97c314b368f7a743,2022-12-15,3,EXCLUDED_OHLC_RANGE_PROXY,False,OHLC_RANGE_PROXY_EXCEEDS_THRESHOLD,16.250000000000007,4,4
afd015454460bea2a27d,PH52-073,SHORT_IRON_CONDOR,development,b2b9482e70f4a2ace098,2023-06-22,3,EXCLUDED_OHLC_RANGE_PROXY,False,OHLC_RANGE_PROXY_EXCEEDS_THRESHOLD,14.285714285714299,4,4
afd015454460bea2a27d,PH52-073,SHORT_IRON_CONDOR,development,804301753400916af24f,2023-12-28,3,EXCLUDED_OHLC_RANGE_PROXY,False,OHLC_RANGE_PROXY_EXCEEDS_THRESHOLD,13.793103448275865,4,4
afd015454460bea2a27d,PH52-073,SHORT_IRON_CONDOR,validation,c1472f0b801661762bc6,2024-01-04,3,EXCLUDED_OHLC_RANGE_PROXY,False,OHLC_RANGE_PROXY_EXCEEDS_THRESHOLD,17.58241758241759,4,4
afd015454460bea2a27d,PH52-073,SHORT_IRON_CONDOR,validation,1d33307443bd39106f13,2024-05-30,3,EXCLUDED_OHLC_RANGE_PROXY,False,OHLC_RANGE_PROXY_EXCEEDS_THRESHOLD,12.436548223350252,4,4
afd015454460bea2a27d,PH52-073,SHORT_IRON_CONDOR,validation,50696f11ab0417607875,2024-10-17,3,EXCLUDED_OHLC_RANGE_PROXY,False,OHLC_RANGE_PROXY_EXCEEDS_THRESHOLD,17.857142857142858,4,4
afd015454460bea2a27d,PH52-073,SHORT_IRON_CONDOR,validation,58a4c4843286bd3943a2,2025-03-13,3,BLOCKED_LEG_ELIGIBILITY,False,REQUIRED_LEG_PRIOR_OI_BELOW_100,14.736842105263161,4,4
afd015454460bea2a27d,PH52-073,SHORT_IRON_CONDOR,validation,e5919e2053dc59805884,2025-07-31,3,BLOCKED_LEG_ELIGIBILITY,False,REQUIRED_LEG_PRIOR_OI_BELOW_100,31.521739130434792,4,4
afd015454460bea2a27d,PH52-073,SHORT_IRON_CONDOR,validation,2744fff722d389044d25,2025-12-30,3,EXCLUDED_OHLC_RANGE_PROXY,False,OHLC_RANGE_PROXY_EXCEEDS_THRESHOLD,13.46153846153846,4,4
2f542b011d83f30b511e,PH52-073,SHORT_IRON_CONDOR,development,ce8e12389ff297becff9,2021-05-27,3,EXCLUDED_OHLC_RANGE_PROXY,False,OHLC_RANGE_PROXY_EXCEEDS_THRESHOLD,10.000000000000009,4,4
2f542b011d83f30b511e,PH52-073,SHORT_IRON_CONDOR,development,061c004245393c77b5c7,2021-12-09,3,EXCLUDED_OHLC_RANGE_PROXY,False,OHLC_RANGE_PROXY_EXCEEDS_THRESHOLD,9.090909090909086,4,4
2f542b011d83f30b511e,PH52-073,SHORT_IRON_CONDOR,development,b58d771555d73891d2fd,2022-06-16,3,EXCLUDED_OHLC_RANGE_PROXY,False,OHLC_RANGE_PROXY_EXCEEDS_THRESHOLD,32.28346456692912,4,4
2f542b011d83f30b511e,PH52-073,SHORT_IRON_CONDOR,development,8c9b97c314b368f7a743,2022-12-15,3,EXCLUDED_OHLC_RANGE_PROXY,False,OHLC_RANGE_PROXY_EXCEEDS_THRESHOLD,10.526315789473683,4,4
2f542b011d83f30b511e,PH52-073,SHORT_IRON_CONDOR,development,b2b9482e70f4a2ace098,2023-06-22,3,EXCLUDED_OHLC_RANGE_PROXY,False,OHLC_RANGE_PROXY_EXCEEDS_THRESHOLD,14.285714285714299,4,4
2f542b011d83f30b511e,PH52-073,SHORT_IRON_CONDOR,development,804301753400916af24f,2023-12-28,3,EXCLUDED_OHLC_RANGE_PROXY,False,OHLC_RANGE_PROXY_EXCEEDS_THRESHOLD,11.49425287356322,4,4
2f542b011d83f30b511e,PH52-073,SHORT_IRON_CONDOR,validation,c1472f0b801661762bc6,2024-01-04,3,EXCLUDED_OHLC_RANGE_PROXY,False,OHLC_RANGE_PROXY_EXCEEDS_THRESHOLD,15.384615384615381,4,4
2f542b011d83f30b511e,PH52-073,SHORT_IRON_CONDOR,validation,1d33307443bd39106f13,2024-05-30,3,EXCLUDED_OHLC_RANGE_PROXY,False,OHLC_RANGE_PROXY_EXCEEDS_THRESHOLD,12.22222222222222,4,4
2f542b011d83f30b511e,PH52-073,SHORT_IRON_CONDOR,validation,50696f11ab0417607875,2024-10-17,3,EXCLUDED_OHLC_RANGE_PROXY,False,OHLC_RANGE_PROXY_EXCEEDS_THRESHOLD,14.285714285714299,4,4
2f542b011d83f30b511e,PH52-073,SHORT_IRON_CONDOR,validation,58a4c4843286bd3943a2,2025-03-13,3,BLOCKED_LEG_ELIGIBILITY,False,REQUIRED_LEG_PRIOR_OI_BELOW_100,8.510638297872347,4,4
2f542b011d83f30b511e,PH52-073,SHORT_IRON_CONDOR,validation,e5919e2053dc59805884,2025-07-31,3,BLOCKED_LEG_ELIGIBILITY,False,REQUIRED_LEG_PRIOR_OI_BELOW_100,34.78260869565216,4,4
2f542b011d83f30b511e,PH52-073,SHORT_IRON_CONDOR,validation,2744fff722d389044d25,2025-12-30,3,EXCLUDED_OHLC_RANGE_PROXY,False,OHLC_RANGE_PROXY_EXCEEDS_THRESHOLD,12.50000000000001,4,4
8ac7e282e4555d32f4b1,PH52-073,SHORT_IRON_CONDOR,development,ce8e12389ff297becff9,2021-05-27,3,EXCLUDED_OHLC_RANGE_PROXY,False,OHLC_RANGE_PROXY_EXCEEDS_THRESHOLD,14.285714285714299,4,4
8ac7e282e4555d32f4b1,PH52-073,SHORT_IRON_CONDOR,development,061c004245393c77b5c7,2021-12-09,3,EXCLUDED_OHLC_RANGE_PROXY,False,OHLC_RANGE_PROXY_EXCEEDS_THRESHOLD,10.000000000000009,4,4
8ac7e282e4555d32f4b1,PH52-073,SHORT_IRON_CONDOR,development,b58d771555d73891d2fd,2022-06-16,3,EXCLUDED_OHLC_RANGE_PROXY,False,OHLC_RANGE_PROXY_EXCEEDS_THRESHOLD,32.28346456692912,4,4
8ac7e282e4555d32f4b1,PH52-073,SHORT_IRON_CONDOR,development,8c9b97c314b368f7a743,2022-12-15,3,EXCLUDED_OHLC_RANGE_PROXY,False,OHLC_RANGE_PROXY_EXCEEDS_THRESHOLD,22.22222222222223,4,4
8ac7e282e4555d32f4b1,PH52-073,SHORT_IRON_CONDOR,development,b2b9482e70f4a2ace098,2023-06-22,3,EXCLUDED_OHLC_RANGE_PROXY,False,OHLC_RANGE_PROXY_EXCEEDS_THRESHOLD,12.499999999999996,4,4
8ac7e282e4555d32f4b1,PH52-073,SHORT_IRON_CONDOR,development,804301753400916af24f,2023-12-28,3,EXCLUDED_OHLC_RANGE_PROXY,False,OHLC_RANGE_PROXY_EXCEEDS_THRESHOLD,11.49425287356322,4,4
8ac7e282e4555d32f4b1,PH52-073,SHORT_IRON_CONDOR,validation,c1472f0b801661762bc6,2024-01-04,3,EXCLUDED_OHLC_RANGE_PROXY,False,OHLC_RANGE_PROXY_EXCEEDS_THRESHOLD,19.999999999999996,4,4
8ac7e282e4555d32f4b1,PH52-073,SHORT_IRON_CONDOR,validation,1d33307443bd39106f13,2024-05-30,3,EXCLUDED_OHLC_RANGE_PROXY,False,OHLC_RANGE_PROXY_EXCEEDS_THRESHOLD,12.056737588652478,4,4
8ac7e282e4555d32f4b1,PH52-073,SHORT_IRON_CONDOR,validation,50696f11ab0417607875,2024-10-17,3,EXCLUDED_OHLC_RANGE_PROXY,False,OHLC_RANGE_PROXY_EXCEEDS_THRESHOLD,14.285714285714288,4,4
8ac7e282e4555d32f4b1,PH52-073,SHORT_IRON_CONDOR,validation,58a4c4843286bd3943a2,2025-03-13,3,BLOCKED_LEG_ELIGIBILITY,False,REQUIRED_LEG_PRIOR_OI_BELOW_100,10.000000000000009,4,4
8ac7e282e4555d32f4b1,PH52-073,SHORT_IRON_CONDOR,validation,e5919e2053dc59805884,2025-07-31,3,BLOCKED_LEG_ELIGIBILITY,False,REQUIRED_LEG_PRIOR_OI_BELOW_100,34.78260869565216,4,4
8ac7e282e4555d32f4b1,PH52-073,SHORT_IRON_CONDOR,validation,2744fff722d389044d25,2025-12-30,3,EXCLUDED_OHLC_RANGE_PROXY,False,OHLC_RANGE_PROXY_EXCEEDS_THRESHOLD,10.526315789473683,4,4
fe6add04f5cb79f886ae,PH52-043,BEAR_CALL_SPREAD,development,01f752daf3bb0e90d7b1,2021-05-27,4,EXCLUDED_OHLC_RANGE_PROXY,False,OHLC_RANGE_PROXY_EXCEEDS_THRESHOLD,5.384615384615379,2,2
fe6add04f5cb79f886ae,PH52-043,BEAR_CALL_SPREAD,development,0ddaab2f8946678d3082,2021-12-09,4,EXCLUDED_OHLC_RANGE_PROXY,False,OHLC_RANGE_PROXY_EXCEEDS_THRESHOLD,13.180515759312314,2,2
fe6add04f5cb79f886ae,PH52-043,BEAR_CALL_SPREAD,development,044eef05c3277601504c,2022-06-16,4,EXCLUDED_OHLC_RANGE_PROXY,False,OHLC_RANGE_PROXY_EXCEEDS_THRESHOLD,10.924369747899156,2,2
fe6add04f5cb79f886ae,PH52-043,BEAR_CALL_SPREAD,development,307dafef42b72c870148,2022-12-15,4,EXCLUDED_OHLC_RANGE_PROXY,False,OHLC_RANGE_PROXY_EXCEEDS_THRESHOLD,5.957446808510648,2,2
fe6add04f5cb79f886ae,PH52-043,BEAR_CALL_SPREAD,development,c8a686f986a21faa7ed5,2023-06-22,4,EXCLUDED_OHLC_RANGE_PROXY,False,OHLC_RANGE_PROXY_EXCEEDS_THRESHOLD,12.765957446808503,2,2
fe6add04f5cb79f886ae,PH52-043,BEAR_CALL_SPREAD,development,84c7352397ed038c3ea2,2023-12-28,4,EXCLUDED_OHLC_RANGE_PROXY,False,OHLC_RANGE_PROXY_EXCEEDS_THRESHOLD,4.511278195488715,2,2
fe6add04f5cb79f886ae,PH52-043,BEAR_CALL_SPREAD,validation,f104c6f1662847c5bbcc,2024-01-04,4,EXCLUDED_OHLC_RANGE_PROXY,False,OHLC_RANGE_PROXY_EXCEEDS_THRESHOLD,8.63309352517985,2,2
fe6add04f5cb79f886ae,PH52-043,BEAR_CALL_SPREAD,validation,0cd34c6b63a9f995c503,2024-05-30,4,EXCLUDED_OHLC_RANGE_PROXY,False,OHLC_RANGE_PROXY_EXCEEDS_THRESHOLD,8.391608391608392,2,2
fe6add04f5cb79f886ae,PH52-043,BEAR_CALL_SPREAD,validation,75007ced19cb5e12e01f,2024-10-17,4,EXCLUDED_OHLC_RANGE_PROXY,False,OHLC_RANGE_PROXY_EXCEEDS_THRESHOLD,17.452830188679247,2,2
fe6add04f5cb79f886ae,PH52-043,BEAR_CALL_SPREAD,validation,8eb8f1add17ecb221cbd,2025-03-13,4,BLOCKED_LEG_ELIGIBILITY,False,REQUIRED_LEG_PRIOR_OI_BELOW_100,14.285714285714286,2,2
fe6add04f5cb79f886ae,PH52-043,BEAR_CALL_SPREAD,validation,14d9997729e438213524,2025-07-31,4,BLOCKED_LEG_ELIGIBILITY,False,REQUIRED_LEG_PRIOR_OI_BELOW_100,14.367816091954024,2,2
fe6add04f5cb79f886ae,PH52-043,BEAR_CALL_SPREAD,validation,4a919e0bde313b9b9ee1,2025-12-30,4,BLOCKED_LEG_ELIGIBILITY,False,REQUIRED_LEG_PRIOR_OI_BELOW_100,17.257683215130037,2,2
7fbbaa60e31b671300e2,PH52-043,BEAR_CALL_SPREAD,development,01f752daf3bb0e90d7b1,2021-05-27,4,EXCLUDED_OHLC_RANGE_PROXY,False,OHLC_RANGE_PROXY_EXCEEDS_THRESHOLD,5.246913580246912,2,2
7fbbaa60e31b671300e2,PH52-043,BEAR_CALL_SPREAD,development,0ddaab2f8946678d3082,2021-12-09,4,EXCLUDED_OHLC_RANGE_PROXY,False,OHLC_RANGE_PROXY_EXCEEDS_THRESHOLD,11.158798283261808,2,2
7fbbaa60e31b671300e2,PH52-043,BEAR_CALL_SPREAD,development,044eef05c3277601504c,2022-06-16,4,EXCLUDED_OHLC_RANGE_PROXY,False,OHLC_RANGE_PROXY_EXCEEDS_THRESHOLD,10.736196319018415,2,2
7fbbaa60e31b671300e2,PH52-043,BEAR_CALL_SPREAD,development,307dafef42b72c870148,2022-12-15,4,EXCLUDED_OHLC_RANGE_PROXY,False,OHLC_RANGE_PROXY_EXCEEDS_THRESHOLD,5.957446808510648,2,2
7fbbaa60e31b671300e2,PH52-043,BEAR_CALL_SPREAD,development,c8a686f986a21faa7ed5,2023-06-22,4,EXCLUDED_OHLC_RANGE_PROXY,False,OHLC_RANGE_PROXY_EXCEEDS_THRESHOLD,11.021505376344088,2,2
7fbbaa60e31b671300e2,PH52-043,BEAR_CALL_SPREAD,development,84c7352397ed038c3ea2,2023-12-28,4,EXCLUDED_OHLC_RANGE_PROXY,False,OHLC_RANGE_PROXY_EXCEEDS_THRESHOLD,4.341736694677863,2,2
7fbbaa60e31b671300e2,PH52-043,BEAR_CALL_SPREAD,validation,f104c6f1662847c5bbcc,2024-01-04,4,EXCLUDED_OHLC_RANGE_PROXY,False,OHLC_RANGE_PROXY_EXCEEDS_THRESHOLD,6.666666666666658,2,2
7fbbaa60e31b671300e2,PH52-043,BEAR_CALL_SPREAD,validation,0cd34c6b63a9f995c503,2024-05-30,4,EXCLUDED_OHLC_RANGE_PROXY,False,OHLC_RANGE_PROXY_EXCEEDS_THRESHOLD,8.620689655172415,2,2
7fbbaa60e31b671300e2,PH52-043,BEAR_CALL_SPREAD,validation,75007ced19cb5e12e01f,2024-10-17,4,EXCLUDED_OHLC_RANGE_PROXY,False,OHLC_RANGE_PROXY_EXCEEDS_THRESHOLD,17.452830188679247,2,2
7fbbaa60e31b671300e2,PH52-043,BEAR_CALL_SPREAD,validation,8eb8f1add17ecb221cbd,2025-03-13,4,BLOCKED_LEG_ELIGIBILITY,False,REQUIRED_LEG_PRIOR_OI_BELOW_100,14.285714285714286,2,2
7fbbaa60e31b671300e2,PH52-043,BEAR_CALL_SPREAD,validation,14d9997729e438213524,2025-07-31,4,BLOCKED_LEG_ELIGIBILITY,False,REQUIRED_LEG_PRIOR_OI_BELOW_100,12.925170068027214,2,2
7fbbaa60e31b671300e2,PH52-043,BEAR_CALL_SPREAD,validation,4a919e0bde313b9b9ee1,2025-12-30,4,BLOCKED_LEG_ELIGIBILITY,False,REQUIRED_LEG_PRIOR_OI_BELOW_100,17.257683215130037,2,2
16d864e72053099b92bd,PH52-043,BEAR_CALL_SPREAD,development,01f752daf3bb0e90d7b1,2021-05-27,4,EXCLUDED_OHLC_RANGE_PROXY,False,OHLC_RANGE_PROXY_EXCEEDS_THRESHOLD,5.9999999999999964,2,2
16d864e72053099b92bd,PH52-043,BEAR_CALL_SPREAD,development,0ddaab2f8946678d3082,2021-12-09,4,EXCLUDED_OHLC_RANGE_PROXY,False,OHLC_RANGE_PROXY_EXCEEDS_THRESHOLD,10.596026490066224,2,2
16d864e72053099b92bd,PH52-043,BEAR_CALL_SPREAD,development,044eef05c3277601504c,2022-06-16,4,EXCLUDED_OHLC_RANGE_PROXY,False,OHLC_RANGE_PROXY_EXCEEDS_THRESHOLD,9.78260869565216,2,2
16d864e72053099b92bd,PH52-043,BEAR_CALL_SPREAD,development,307dafef42b72c870148,2022-12-15,4,EXCLUDED_OHLC_RANGE_PROXY,True,ELIGIBLE_FOR_OHLC_PRICE_REFERENCE_SIMULATION,3.63636363636364,2,2
16d864e72053099b92bd,PH52-043,BEAR_CALL_SPREAD,development,c8a686f986a21faa7ed5,2023-06-22,4,EXCLUDED_OHLC_RANGE_PROXY,False,OHLC_RANGE_PROXY_EXCEEDS_THRESHOLD,7.547169811320744,2,2
16d864e72053099b92bd,PH52-043,BEAR_CALL_SPREAD,development,84c7352397ed038c3ea2,2023-12-28,4,EXCLUDED_OHLC_RANGE_PROXY,False,OHLC_RANGE_PROXY_EXCEEDS_THRESHOLD,4.784688995215311,2,2
16d864e72053099b92bd,PH52-043,BEAR_CALL_SPREAD,validation,f104c6f1662847c5bbcc,2024-01-04,4,EXCLUDED_OHLC_RANGE_PROXY,False,OHLC_RANGE_PROXY_EXCEEDS_THRESHOLD,5.882352941176485,2,2
16d864e72053099b92bd,PH52-043,BEAR_CALL_SPREAD,validation,0cd34c6b63a9f995c503,2024-05-30,4,EXCLUDED_OHLC_RANGE_PROXY,False,OHLC_RANGE_PROXY_EXCEEDS_THRESHOLD,8.739837398373977,2,2
16d864e72053099b92bd,PH52-043,BEAR_CALL_SPREAD,validation,75007ced19cb5e12e01f,2024-10-17,4,EXCLUDED_OHLC_RANGE_PROXY,False,OHLC_RANGE_PROXY_EXCEEDS_THRESHOLD,15.302491103202849,2,2
16d864e72053099b92bd,PH52-043,BEAR_CALL_SPREAD,validation,8eb8f1add17ecb221cbd,2025-03-13,4,BLOCKED_LEG_ELIGIBILITY,False,REQUIRED_LEG_PRIOR_OI_BELOW_100,12.37113402061857,2,2
16d864e72053099b92bd,PH52-043,BEAR_CALL_SPREAD,validation,14d9997729e438213524,2025-07-31,4,BLOCKED_LEG_ELIGIBILITY,False,REQUIRED_LEG_PRIOR_OI_BELOW_100,12.925170068027214,2,2
16d864e72053099b92bd,PH52-043,BEAR_CALL_SPREAD,validation,4a919e0bde313b9b9ee1,2025-12-30,4,BLOCKED_LEG_ELIGIBILITY,False,REQUIRED_LEG_PRIOR_OI_BELOW_100,17.187500000000007,2,2
996fe2c49ae57ab7d9a0,PH52-043,BEAR_CALL_SPREAD,development,01f752daf3bb0e90d7b1,2021-05-27,4,EXCLUDED_OHLC_RANGE_PROXY,False,OHLC_RANGE_PROXY_EXCEEDS_THRESHOLD,5.9999999999999964,2,2
996fe2c49ae57ab7d9a0,PH52-043,BEAR_CALL_SPREAD,development,0ddaab2f8946678d3082,2021-12-09,4,EXCLUDED_OHLC_RANGE_PROXY,False,OHLC_RANGE_PROXY_EXCEEDS_THRESHOLD,10.596026490066224,2,2
996fe2c49ae57ab7d9a0,PH52-043,BEAR_CALL_SPREAD,development,044eef05c3277601504c,2022-06-16,4,EXCLUDED_OHLC_RANGE_PROXY,False,OHLC_RANGE_PROXY_EXCEEDS_THRESHOLD,9.78260869565216,2,2
996fe2c49ae57ab7d9a0,PH52-043,BEAR_CALL_SPREAD,development,307dafef42b72c870148,2022-12-15,4,EXCLUDED_OHLC_RANGE_PROXY,True,ELIGIBLE_FOR_OHLC_PRICE_REFERENCE_SIMULATION,3.8461538461538494,2,2
996fe2c49ae57ab7d9a0,PH52-043,BEAR_CALL_SPREAD,development,c8a686f986a21faa7ed5,2023-06-22,4,EXCLUDED_OHLC_RANGE_PROXY,False,OHLC_RANGE_PROXY_EXCEEDS_THRESHOLD,7.547169811320744,2,2
996fe2c49ae57ab7d9a0,PH52-043,BEAR_CALL_SPREAD,development,84c7352397ed038c3ea2,2023-12-28,4,EXCLUDED_OHLC_RANGE_PROXY,False,OHLC_RANGE_PROXY_EXCEEDS_THRESHOLD,4.784688995215311,2,2
996fe2c49ae57ab7d9a0,PH52-043,BEAR_CALL_SPREAD,validation,f104c6f1662847c5bbcc,2024-01-04,4,EXCLUDED_OHLC_RANGE_PROXY,False,OHLC_RANGE_PROXY_EXCEEDS_THRESHOLD,7.1428571428571335,2,2
996fe2c49ae57ab7d9a0,PH52-043,BEAR_CALL_SPREAD,validation,0cd34c6b63a9f995c503,2024-05-30,4,EXCLUDED_OHLC_RANGE_PROXY,False,OHLC_RANGE_PROXY_EXCEEDS_THRESHOLD,8.739837398373977,2,2
996fe2c49ae57ab7d9a0,PH52-043,BEAR_CALL_SPREAD,validation,75007ced19cb5e12e01f,2024-10-17,4,EXCLUDED_OHLC_RANGE_PROXY,False,OHLC_RANGE_PROXY_EXCEEDS_THRESHOLD,15.302491103202849,2,2
996fe2c49ae57ab7d9a0,PH52-043,BEAR_CALL_SPREAD,validation,8eb8f1add17ecb221cbd,2025-03-13,4,BLOCKED_LEG_ELIGIBILITY,False,REQUIRED_LEG_PRIOR_OI_BELOW_100,12.37113402061857,2,2
996fe2c49ae57ab7d9a0,PH52-043,BEAR_CALL_SPREAD,validation,14d9997729e438213524,2025-07-31,4,BLOCKED_LEG_ELIGIBILITY,False,REQUIRED_LEG_PRIOR_OI_BELOW_100,12.385321100917428,2,2
996fe2c49ae57ab7d9a0,PH52-043,BEAR_CALL_SPREAD,validation,4a919e0bde313b9b9ee1,2025-12-30,4,BLOCKED_LEG_ELIGIBILITY,False,REQUIRED_LEG_PRIOR_OI_BELOW_100,15.51724137931035,2,2
60c2d16b969965ff2b15,PH52-043,BEAR_CALL_SPREAD,development,ce8e12389ff297becff9,2021-05-27,4,EXCLUDED_OHLC_RANGE_PROXY,False,OHLC_RANGE_PROXY_EXCEEDS_THRESHOLD,10.322580645161288,2,2
60c2d16b969965ff2b15,PH52-043,BEAR_CALL_SPREAD,development,061c004245393c77b5c7,2021-12-09,4,EXCLUDED_OHLC_RANGE_PROXY,False,OHLC_RANGE_PROXY_EXCEEDS_THRESHOLD,9.48509485094851,2,2
60c2d16b969965ff2b15,PH52-043,BEAR_CALL_SPREAD,development,b58d771555d73891d2fd,2022-06-16,4,EXCLUDED_OHLC_RANGE_PROXY,False,OHLC_RANGE_PROXY_EXCEEDS_THRESHOLD,22.22222222222222,2,2
60c2d16b969965ff2b15,PH52-043,BEAR_CALL_SPREAD,development,8c9b97c314b368f7a743,2022-12-15,4,EXCLUDED_OHLC_RANGE_PROXY,False,OHLC_RANGE_PROXY_EXCEEDS_THRESHOLD,8.231707317073157,2,2
60c2d16b969965ff2b15,PH52-043,BEAR_CALL_SPREAD,development,b2b9482e70f4a2ace098,2023-06-22,4,EXCLUDED_OHLC_RANGE_PROXY,False,OHLC_RANGE_PROXY_EXCEEDS_THRESHOLD,11.874999999999991,2,2
60c2d16b969965ff2b15,PH52-043,BEAR_CALL_SPREAD,development,804301753400916af24f,2023-12-28,4,EXCLUDED_OHLC_RANGE_PROXY,False,OHLC_RANGE_PROXY_EXCEEDS_THRESHOLD,12.962962962962964,2,2
60c2d16b969965ff2b15,PH52-043,BEAR_CALL_SPREAD,validation,c1472f0b801661762bc6,2024-01-04,4,EXCLUDED_OHLC_RANGE_PROXY,False,OHLC_RANGE_PROXY_EXCEEDS_THRESHOLD,17.58241758241759,2,2
60c2d16b969965ff2b15,PH52-043,BEAR_CALL_SPREAD,validation,1d33307443bd39106f13,2024-05-30,4,EXCLUDED_OHLC_RANGE_PROXY,False,OHLC_RANGE_PROXY_EXCEEDS_THRESHOLD,12.436548223350252,2,2
60c2d16b969965ff2b15,PH52-043,BEAR_CALL_SPREAD,validation,50696f11ab0417607875,2024-10-17,4,EXCLUDED_OHLC_RANGE_PROXY,False,OHLC_RANGE_PROXY_EXCEEDS_THRESHOLD,17.857142857142858,2,2
60c2d16b969965ff2b15,PH52-043,BEAR_CALL_SPREAD,validation,58a4c4843286bd3943a2,2025-03-13,4,BLOCKED_LEG_ELIGIBILITY,False,REQUIRED_LEG_PRIOR_OI_BELOW_100,10.0,2,2
60c2d16b969965ff2b15,PH52-043,BEAR_CALL_SPREAD,validation,e5919e2053dc59805884,2025-07-31,4,BLOCKED_LEG_ELIGIBILITY,False,REQUIRED_LEG_PRIOR_OI_BELOW_100,31.39158576051781,2,2
60c2d16b969965ff2b15,PH52-043,BEAR_CALL_SPREAD,validation,2744fff722d389044d25,2025-12-30,4,EXCLUDED_OHLC_RANGE_PROXY,False,OHLC_RANGE_PROXY_EXCEEDS_THRESHOLD,11.363636363636365,2,2
f96abfc5c945c889729f,PH52-043,BEAR_CALL_SPREAD,development,ce8e12389ff297becff9,2021-05-27,4,EXCLUDED_OHLC_RANGE_PROXY,False,OHLC_RANGE_PROXY_EXCEEDS_THRESHOLD,10.322580645161288,2,2
f96abfc5c945c889729f,PH52-043,BEAR_CALL_SPREAD,development,061c004245393c77b5c7,2021-12-09,4,EXCLUDED_OHLC_RANGE_PROXY,False,OHLC_RANGE_PROXY_EXCEEDS_THRESHOLD,9.48509485094851,2,2
f96abfc5c945c889729f,PH52-043,BEAR_CALL_SPREAD,development,b58d771555d73891d2fd,2022-06-16,4,EXCLUDED_OHLC_RANGE_PROXY,False,OHLC_RANGE_PROXY_EXCEEDS_THRESHOLD,21.229050279329606,2,2
f96abfc5c945c889729f,PH52-043,BEAR_CALL_SPREAD,development,8c9b97c314b368f7a743,2022-12-15,4,EXCLUDED_OHLC_RANGE_PROXY,False,OHLC_RANGE_PROXY_EXCEEDS_THRESHOLD,8.231707317073157,2,2
f96abfc5c945c889729f,PH52-043,BEAR_CALL_SPREAD,development,b2b9482e70f4a2ace098,2023-06-22,4,EXCLUDED_OHLC_RANGE_PROXY,False,OHLC_RANGE_PROXY_EXCEEDS_THRESHOLD,11.874999999999991,2,2
f96abfc5c945c889729f,PH52-043,BEAR_CALL_SPREAD,development,804301753400916af24f,2023-12-28,4,EXCLUDED_OHLC_RANGE_PROXY,False,OHLC_RANGE_PROXY_EXCEEDS_THRESHOLD,12.962962962962964,2,2
f96abfc5c945c889729f,PH52-043,BEAR_CALL_SPREAD,validation,c1472f0b801661762bc6,2024-01-04,4,EXCLUDED_OHLC_RANGE_PROXY,False,OHLC_RANGE_PROXY_EXCEEDS_THRESHOLD,17.58241758241759,2,2
f96abfc5c945c889729f,PH52-043,BEAR_CALL_SPREAD,validation,1d33307443bd39106f13,2024-05-30,4,EXCLUDED_OHLC_RANGE_PROXY,False,OHLC_RANGE_PROXY_EXCEEDS_THRESHOLD,12.436548223350252,2,2
f96abfc5c945c889729f,PH52-043,BEAR_CALL_SPREAD,validation,50696f11ab0417607875,2024-10-17,4,EXCLUDED_OHLC_RANGE_PROXY,False,OHLC_RANGE_PROXY_EXCEEDS_THRESHOLD,17.857142857142858,2,2
f96abfc5c945c889729f,PH52-043,BEAR_CALL_SPREAD,validation,58a4c4843286bd3943a2,2025-03-13,4,BLOCKED_LEG_ELIGIBILITY,False,REQUIRED_LEG_PRIOR_OI_BELOW_100,10.0,2,2
f96abfc5c945c889729f,PH52-043,BEAR_CALL_SPREAD,validation,e5919e2053dc59805884,2025-07-31,4,BLOCKED_LEG_ELIGIBILITY,False,REQUIRED_LEG_PRIOR_OI_BELOW_100,31.521739130434792,2,2
f96abfc5c945c889729f,PH52-043,BEAR_CALL_SPREAD,validation,2744fff722d389044d25,2025-12-30,4,EXCLUDED_OHLC_RANGE_PROXY,False,OHLC_RANGE_PROXY_EXCEEDS_THRESHOLD,11.363636363636365,2,2
31945d66866929a2f44e,PH52-043,BEAR_CALL_SPREAD,development,ce8e12389ff297becff9,2021-05-27,4,EXCLUDED_OHLC_RANGE_PROXY,False,OHLC_RANGE_PROXY_EXCEEDS_THRESHOLD,10.000000000000009,2,2
31945d66866929a2f44e,PH52-043,BEAR_CALL_SPREAD,development,061c004245393c77b5c7,2021-12-09,4,EXCLUDED_OHLC_RANGE_PROXY,False,OHLC_RANGE_PROXY_EXCEEDS_THRESHOLD,7.499999999999996,2,2
31945d66866929a2f44e,PH52-043,BEAR_CALL_SPREAD,development,b58d771555d73891d2fd,2022-06-16,4,EXCLUDED_OHLC_RANGE_PROXY,False,OHLC_RANGE_PROXY_EXCEEDS_THRESHOLD,21.73913043478261,2,2
31945d66866929a2f44e,PH52-043,BEAR_CALL_SPREAD,development,8c9b97c314b368f7a743,2022-12-15,4,EXCLUDED_OHLC_RANGE_PROXY,False,OHLC_RANGE_PROXY_EXCEEDS_THRESHOLD,7.142857142857159,2,2
31945d66866929a2f44e,PH52-043,BEAR_CALL_SPREAD,development,b2b9482e70f4a2ace098,2023-06-22,4,EXCLUDED_OHLC_RANGE_PROXY,False,OHLC_RANGE_PROXY_EXCEEDS_THRESHOLD,8.695652173913052,2,2
31945d66866929a2f44e,PH52-043,BEAR_CALL_SPREAD,development,804301753400916af24f,2023-12-28,4,EXCLUDED_OHLC_RANGE_PROXY,False,OHLC_RANGE_PROXY_EXCEEDS_THRESHOLD,9.803921568627452,2,2
31945d66866929a2f44e,PH52-043,BEAR_CALL_SPREAD,validation,c1472f0b801661762bc6,2024-01-04,4,EXCLUDED_OHLC_RANGE_PROXY,False,OHLC_RANGE_PROXY_EXCEEDS_THRESHOLD,15.384615384615381,2,2
31945d66866929a2f44e,PH52-043,BEAR_CALL_SPREAD,validation,1d33307443bd39106f13,2024-05-30,4,EXCLUDED_OHLC_RANGE_PROXY,False,OHLC_RANGE_PROXY_EXCEEDS_THRESHOLD,12.22222222222222,2,2
31945d66866929a2f44e,PH52-043,BEAR_CALL_SPREAD,validation,50696f11ab0417607875,2024-10-17,4,EXCLUDED_OHLC_RANGE_PROXY,False,OHLC_RANGE_PROXY_EXCEEDS_THRESHOLD,14.285714285714299,2,2
31945d66866929a2f44e,PH52-043,BEAR_CALL_SPREAD,validation,58a4c4843286bd3943a2,2025-03-13,4,BLOCKED_LEG_ELIGIBILITY,False,REQUIRED_LEG_PRIOR_OI_BELOW_100,8.510638297872347,2,2
31945d66866929a2f44e,PH52-043,BEAR_CALL_SPREAD,validation,e5919e2053dc59805884,2025-07-31,4,BLOCKED_LEG_ELIGIBILITY,False,REQUIRED_LEG_PRIOR_OI_BELOW_100,34.78260869565216,2,2
31945d66866929a2f44e,PH52-043,BEAR_CALL_SPREAD,validation,2744fff722d389044d25,2025-12-30,4,EXCLUDED_OHLC_RANGE_PROXY,False,OHLC_RANGE_PROXY_EXCEEDS_THRESHOLD,8.333333333333341,2,2
1a0635bb11fffe02e510,PH52-043,BEAR_CALL_SPREAD,development,ce8e12389ff297becff9,2021-05-27,4,EXCLUDED_OHLC_RANGE_PROXY,False,OHLC_RANGE_PROXY_EXCEEDS_THRESHOLD,14.285714285714299,2,2
1a0635bb11fffe02e510,PH52-043,BEAR_CALL_SPREAD,development,061c004245393c77b5c7,2021-12-09,4,EXCLUDED_OHLC_RANGE_PROXY,False,OHLC_RANGE_PROXY_EXCEEDS_THRESHOLD,9.090909090909099,2,2
1a0635bb11fffe02e510,PH52-043,BEAR_CALL_SPREAD,development,b58d771555d73891d2fd,2022-06-16,4,EXCLUDED_OHLC_RANGE_PROXY,False,OHLC_RANGE_PROXY_EXCEEDS_THRESHOLD,21.73913043478261,2,2
1a0635bb11fffe02e510,PH52-043,BEAR_CALL_SPREAD,development,8c9b97c314b368f7a743,2022-12-15,4,EXCLUDED_OHLC_RANGE_PROXY,False,OHLC_RANGE_PROXY_EXCEEDS_THRESHOLD,8.571428571428566,2,2
1a0635bb11fffe02e510,PH52-043,BEAR_CALL_SPREAD,development,b2b9482e70f4a2ace098,2023-06-22,4,EXCLUDED_OHLC_RANGE_PROXY,False,OHLC_RANGE_PROXY_EXCEEDS_THRESHOLD,6.250000000000005,2,2
1a0635bb11fffe02e510,PH52-043,BEAR_CALL_SPREAD,development,804301753400916af24f,2023-12-28,4,EXCLUDED_OHLC_RANGE_PROXY,False,OHLC_RANGE_PROXY_EXCEEDS_THRESHOLD,9.803921568627452,2,2
1a0635bb11fffe02e510,PH52-043,BEAR_CALL_SPREAD,validation,c1472f0b801661762bc6,2024-01-04,4,EXCLUDED_OHLC_RANGE_PROXY,False,OHLC_RANGE_PROXY_EXCEEDS_THRESHOLD,19.999999999999996,2,2
1a0635bb11fffe02e510,PH52-043,BEAR_CALL_SPREAD,validation,1d33307443bd39106f13,2024-05-30,4,EXCLUDED_OHLC_RANGE_PROXY,False,OHLC_RANGE_PROXY_EXCEEDS_THRESHOLD,12.056737588652478,2,2
1a0635bb11fffe02e510,PH52-043,BEAR_CALL_SPREAD,validation,50696f11ab0417607875,2024-10-17,4,EXCLUDED_OHLC_RANGE_PROXY,False,OHLC_RANGE_PROXY_EXCEEDS_THRESHOLD,14.285714285714288,2,2
1a0635bb11fffe02e510,PH52-043,BEAR_CALL_SPREAD,validation,58a4c4843286bd3943a2,2025-03-13,4,BLOCKED_LEG_ELIGIBILITY,False,REQUIRED_LEG_PRIOR_OI_BELOW_100,8.510638297872347,2,2
1a0635bb11fffe02e510,PH52-043,BEAR_CALL_SPREAD,validation,e5919e2053dc59805884,2025-07-31,4,BLOCKED_LEG_ELIGIBILITY,False,REQUIRED_LEG_PRIOR_OI_BELOW_100,34.78260869565216,2,2
1a0635bb11fffe02e510,PH52-043,BEAR_CALL_SPREAD,validation,2744fff722d389044d25,2025-12-30,4,EXCLUDED_OHLC_RANGE_PROXY,False,OHLC_RANGE_PROXY_EXCEEDS_THRESHOLD,7.1428571428571495,2,2
060d90e4f65e45f6cff8,PH52-025,BULL_CALL_SPREAD,development,01f752daf3bb0e90d7b1,2021-05-27,4,EXCLUDED_OHLC_RANGE_PROXY,False,OHLC_RANGE_PROXY_EXCEEDS_THRESHOLD,5.384615384615379,2,2
060d90e4f65e45f6cff8,PH52-025,BULL_CALL_SPREAD,development,0ddaab2f8946678d3082,2021-12-09,4,EXCLUDED_OHLC_RANGE_PROXY,False,OHLC_RANGE_PROXY_EXCEEDS_THRESHOLD,13.180515759312314,2,2
060d90e4f65e45f6cff8,PH52-025,BULL_CALL_SPREAD,development,044eef05c3277601504c,2022-06-16,4,EXCLUDED_OHLC_RANGE_PROXY,False,OHLC_RANGE_PROXY_EXCEEDS_THRESHOLD,10.924369747899156,2,2
060d90e4f65e45f6cff8,PH52-025,BULL_CALL_SPREAD,development,307dafef42b72c870148,2022-12-15,4,EXCLUDED_OHLC_RANGE_PROXY,False,OHLC_RANGE_PROXY_EXCEEDS_THRESHOLD,5.957446808510648,2,2
060d90e4f65e45f6cff8,PH52-025,BULL_CALL_SPREAD,development,c8a686f986a21faa7ed5,2023-06-22,4,EXCLUDED_OHLC_RANGE_PROXY,False,OHLC_RANGE_PROXY_EXCEEDS_THRESHOLD,12.765957446808503,2,2
060d90e4f65e45f6cff8,PH52-025,BULL_CALL_SPREAD,development,84c7352397ed038c3ea2,2023-12-28,4,EXCLUDED_OHLC_RANGE_PROXY,False,OHLC_RANGE_PROXY_EXCEEDS_THRESHOLD,4.511278195488715,2,2
060d90e4f65e45f6cff8,PH52-025,BULL_CALL_SPREAD,validation,f104c6f1662847c5bbcc,2024-01-04,4,EXCLUDED_OHLC_RANGE_PROXY,False,OHLC_RANGE_PROXY_EXCEEDS_THRESHOLD,8.63309352517985,2,2
060d90e4f65e45f6cff8,PH52-025,BULL_CALL_SPREAD,validation,0cd34c6b63a9f995c503,2024-05-30,4,EXCLUDED_OHLC_RANGE_PROXY,False,OHLC_RANGE_PROXY_EXCEEDS_THRESHOLD,8.391608391608392,2,2
060d90e4f65e45f6cff8,PH52-025,BULL_CALL_SPREAD,validation,75007ced19cb5e12e01f,2024-10-17,4,EXCLUDED_OHLC_RANGE_PROXY,False,OHLC_RANGE_PROXY_EXCEEDS_THRESHOLD,17.452830188679247,2,2
060d90e4f65e45f6cff8,PH52-025,BULL_CALL_SPREAD,validation,8eb8f1add17ecb221cbd,2025-03-13,4,BLOCKED_LEG_ELIGIBILITY,False,REQUIRED_LEG_PRIOR_OI_BELOW_100,14.285714285714286,2,2
060d90e4f65e45f6cff8,PH52-025,BULL_CALL_SPREAD,validation,14d9997729e438213524,2025-07-31,4,BLOCKED_LEG_ELIGIBILITY,False,REQUIRED_LEG_PRIOR_OI_BELOW_100,14.367816091954024,2,2
060d90e4f65e45f6cff8,PH52-025,BULL_CALL_SPREAD,validation,4a919e0bde313b9b9ee1,2025-12-30,4,BLOCKED_LEG_ELIGIBILITY,False,REQUIRED_LEG_PRIOR_OI_BELOW_100,17.257683215130037,2,2
15e3134481edf2a4beeb,PH52-025,BULL_CALL_SPREAD,development,01f752daf3bb0e90d7b1,2021-05-27,4,EXCLUDED_OHLC_RANGE_PROXY,False,OHLC_RANGE_PROXY_EXCEEDS_THRESHOLD,5.246913580246912,2,2
15e3134481edf2a4beeb,PH52-025,BULL_CALL_SPREAD,development,0ddaab2f8946678d3082,2021-12-09,4,EXCLUDED_OHLC_RANGE_PROXY,False,OHLC_RANGE_PROXY_EXCEEDS_THRESHOLD,11.158798283261808,2,2
15e3134481edf2a4beeb,PH52-025,BULL_CALL_SPREAD,development,044eef05c3277601504c,2022-06-16,4,EXCLUDED_OHLC_RANGE_PROXY,False,OHLC_RANGE_PROXY_EXCEEDS_THRESHOLD,10.736196319018415,2,2
15e3134481edf2a4beeb,PH52-025,BULL_CALL_SPREAD,development,307dafef42b72c870148,2022-12-15,4,EXCLUDED_OHLC_RANGE_PROXY,False,OHLC_RANGE_PROXY_EXCEEDS_THRESHOLD,5.957446808510648,2,2
15e3134481edf2a4beeb,PH52-025,BULL_CALL_SPREAD,development,c8a686f986a21faa7ed5,2023-06-22,4,EXCLUDED_OHLC_RANGE_PROXY,False,OHLC_RANGE_PROXY_EXCEEDS_THRESHOLD,11.021505376344088,2,2
15e3134481edf2a4beeb,PH52-025,BULL_CALL_SPREAD,development,84c7352397ed038c3ea2,2023-12-28,4,EXCLUDED_OHLC_RANGE_PROXY,False,OHLC_RANGE_PROXY_EXCEEDS_THRESHOLD,4.341736694677863,2,2
15e3134481edf2a4beeb,PH52-025,BULL_CALL_SPREAD,validation,f104c6f1662847c5bbcc,2024-01-04,4,EXCLUDED_OHLC_RANGE_PROXY,False,OHLC_RANGE_PROXY_EXCEEDS_THRESHOLD,6.666666666666658,2,2
15e3134481edf2a4beeb,PH52-025,BULL_CALL_SPREAD,validation,0cd34c6b63a9f995c503,2024-05-30,4,EXCLUDED_OHLC_RANGE_PROXY,False,OHLC_RANGE_PROXY_EXCEEDS_THRESHOLD,8.620689655172415,2,2
15e3134481edf2a4beeb,PH52-025,BULL_CALL_SPREAD,validation,75007ced19cb5e12e01f,2024-10-17,4,EXCLUDED_OHLC_RANGE_PROXY,False,OHLC_RANGE_PROXY_EXCEEDS_THRESHOLD,17.452830188679247,2,2
15e3134481edf2a4beeb,PH52-025,BULL_CALL_SPREAD,validation,8eb8f1add17ecb221cbd,2025-03-13,4,BLOCKED_LEG_ELIGIBILITY,False,REQUIRED_LEG_PRIOR_OI_BELOW_100,14.285714285714286,2,2
15e3134481edf2a4beeb,PH52-025,BULL_CALL_SPREAD,validation,14d9997729e438213524,2025-07-31,4,BLOCKED_LEG_ELIGIBILITY,False,REQUIRED_LEG_PRIOR_OI_BELOW_100,12.925170068027214,2,2
15e3134481edf2a4beeb,PH52-025,BULL_CALL_SPREAD,validation,4a919e0bde313b9b9ee1,2025-12-30,4,BLOCKED_LEG_ELIGIBILITY,False,REQUIRED_LEG_PRIOR_OI_BELOW_100,17.257683215130037,2,2
f32415bb61dd6e9f83f2,PH52-025,BULL_CALL_SPREAD,development,01f752daf3bb0e90d7b1,2021-05-27,4,EXCLUDED_OHLC_RANGE_PROXY,False,OHLC_RANGE_PROXY_EXCEEDS_THRESHOLD,5.9999999999999964,2,2
f32415bb61dd6e9f83f2,PH52-025,BULL_CALL_SPREAD,development,0ddaab2f8946678d3082,2021-12-09,4,EXCLUDED_OHLC_RANGE_PROXY,False,OHLC_RANGE_PROXY_EXCEEDS_THRESHOLD,10.596026490066224,2,2
f32415bb61dd6e9f83f2,PH52-025,BULL_CALL_SPREAD,development,044eef05c3277601504c,2022-06-16,4,EXCLUDED_OHLC_RANGE_PROXY,False,OHLC_RANGE_PROXY_EXCEEDS_THRESHOLD,9.78260869565216,2,2
f32415bb61dd6e9f83f2,PH52-025,BULL_CALL_SPREAD,development,307dafef42b72c870148,2022-12-15,4,EXCLUDED_OHLC_RANGE_PROXY,True,ELIGIBLE_FOR_OHLC_PRICE_REFERENCE_SIMULATION,3.63636363636364,2,2
f32415bb61dd6e9f83f2,PH52-025,BULL_CALL_SPREAD,development,c8a686f986a21faa7ed5,2023-06-22,4,EXCLUDED_OHLC_RANGE_PROXY,False,OHLC_RANGE_PROXY_EXCEEDS_THRESHOLD,7.547169811320744,2,2
f32415bb61dd6e9f83f2,PH52-025,BULL_CALL_SPREAD,development,84c7352397ed038c3ea2,2023-12-28,4,EXCLUDED_OHLC_RANGE_PROXY,False,OHLC_RANGE_PROXY_EXCEEDS_THRESHOLD,4.784688995215311,2,2
f32415bb61dd6e9f83f2,PH52-025,BULL_CALL_SPREAD,validation,f104c6f1662847c5bbcc,2024-01-04,4,EXCLUDED_OHLC_RANGE_PROXY,False,OHLC_RANGE_PROXY_EXCEEDS_THRESHOLD,5.882352941176485,2,2
f32415bb61dd6e9f83f2,PH52-025,BULL_CALL_SPREAD,validation,0cd34c6b63a9f995c503,2024-05-30,4,EXCLUDED_OHLC_RANGE_PROXY,False,OHLC_RANGE_PROXY_EXCEEDS_THRESHOLD,8.739837398373977,2,2
f32415bb61dd6e9f83f2,PH52-025,BULL_CALL_SPREAD,validation,75007ced19cb5e12e01f,2024-10-17,4,EXCLUDED_OHLC_RANGE_PROXY,False,OHLC_RANGE_PROXY_EXCEEDS_THRESHOLD,15.302491103202849,2,2
f32415bb61dd6e9f83f2,PH52-025,BULL_CALL_SPREAD,validation,8eb8f1add17ecb221cbd,2025-03-13,4,BLOCKED_LEG_ELIGIBILITY,False,REQUIRED_LEG_PRIOR_OI_BELOW_100,12.37113402061857,2,2
f32415bb61dd6e9f83f2,PH52-025,BULL_CALL_SPREAD,validation,14d9997729e438213524,2025-07-31,4,BLOCKED_LEG_ELIGIBILITY,False,REQUIRED_LEG_PRIOR_OI_BELOW_100,12.925170068027214,2,2
f32415bb61dd6e9f83f2,PH52-025,BULL_CALL_SPREAD,validation,4a919e0bde313b9b9ee1,2025-12-30,4,BLOCKED_LEG_ELIGIBILITY,False,REQUIRED_LEG_PRIOR_OI_BELOW_100,17.187500000000007,2,2
9373cc117634bae8f765,PH52-025,BULL_CALL_SPREAD,development,01f752daf3bb0e90d7b1,2021-05-27,4,EXCLUDED_OHLC_RANGE_PROXY,False,OHLC_RANGE_PROXY_EXCEEDS_THRESHOLD,5.9999999999999964,2,2
9373cc117634bae8f765,PH52-025,BULL_CALL_SPREAD,development,0ddaab2f8946678d3082,2021-12-09,4,EXCLUDED_OHLC_RANGE_PROXY,False,OHLC_RANGE_PROXY_EXCEEDS_THRESHOLD,10.596026490066224,2,2
9373cc117634bae8f765,PH52-025,BULL_CALL_SPREAD,development,044eef05c3277601504c,2022-06-16,4,EXCLUDED_OHLC_RANGE_PROXY,False,OHLC_RANGE_PROXY_EXCEEDS_THRESHOLD,9.78260869565216,2,2
9373cc117634bae8f765,PH52-025,BULL_CALL_SPREAD,development,307dafef42b72c870148,2022-12-15,4,EXCLUDED_OHLC_RANGE_PROXY,True,ELIGIBLE_FOR_OHLC_PRICE_REFERENCE_SIMULATION,3.8461538461538494,2,2
9373cc117634bae8f765,PH52-025,BULL_CALL_SPREAD,development,c8a686f986a21faa7ed5,2023-06-22,4,EXCLUDED_OHLC_RANGE_PROXY,False,OHLC_RANGE_PROXY_EXCEEDS_THRESHOLD,7.547169811320744,2,2
9373cc117634bae8f765,PH52-025,BULL_CALL_SPREAD,development,84c7352397ed038c3ea2,2023-12-28,4,EXCLUDED_OHLC_RANGE_PROXY,False,OHLC_RANGE_PROXY_EXCEEDS_THRESHOLD,4.784688995215311,2,2
9373cc117634bae8f765,PH52-025,BULL_CALL_SPREAD,validation,f104c6f1662847c5bbcc,2024-01-04,4,EXCLUDED_OHLC_RANGE_PROXY,False,OHLC_RANGE_PROXY_EXCEEDS_THRESHOLD,7.1428571428571335,2,2
9373cc117634bae8f765,PH52-025,BULL_CALL_SPREAD,validation,0cd34c6b63a9f995c503,2024-05-30,4,EXCLUDED_OHLC_RANGE_PROXY,False,OHLC_RANGE_PROXY_EXCEEDS_THRESHOLD,8.739837398373977,2,2
9373cc117634bae8f765,PH52-025,BULL_CALL_SPREAD,validation,75007ced19cb5e12e01f,2024-10-17,4,EXCLUDED_OHLC_RANGE_PROXY,False,OHLC_RANGE_PROXY_EXCEEDS_THRESHOLD,15.302491103202849,2,2
9373cc117634bae8f765,PH52-025,BULL_CALL_SPREAD,validation,8eb8f1add17ecb221cbd,2025-03-13,4,BLOCKED_LEG_ELIGIBILITY,False,REQUIRED_LEG_PRIOR_OI_BELOW_100,12.37113402061857,2,2
9373cc117634bae8f765,PH52-025,BULL_CALL_SPREAD,validation,14d9997729e438213524,2025-07-31,4,BLOCKED_LEG_ELIGIBILITY,False,REQUIRED_LEG_PRIOR_OI_BELOW_100,12.385321100917428,2,2
9373cc117634bae8f765,PH52-025,BULL_CALL_SPREAD,validation,4a919e0bde313b9b9ee1,2025-12-30,4,BLOCKED_LEG_ELIGIBILITY,False,REQUIRED_LEG_PRIOR_OI_BELOW_100,15.51724137931035,2,2
739fae891dcde1c84104,PH52-025,BULL_CALL_SPREAD,development,ce8e12389ff297becff9,2021-05-27,4,EXCLUDED_OHLC_RANGE_PROXY,False,OHLC_RANGE_PROXY_EXCEEDS_THRESHOLD,10.322580645161288,2,2
739fae891dcde1c84104,PH52-025,BULL_CALL_SPREAD,development,061c004245393c77b5c7,2021-12-09,4,EXCLUDED_OHLC_RANGE_PROXY,False,OHLC_RANGE_PROXY_EXCEEDS_THRESHOLD,9.48509485094851,2,2
739fae891dcde1c84104,PH52-025,BULL_CALL_SPREAD,development,b58d771555d73891d2fd,2022-06-16,4,EXCLUDED_OHLC_RANGE_PROXY,False,OHLC_RANGE_PROXY_EXCEEDS_THRESHOLD,22.22222222222222,2,2
739fae891dcde1c84104,PH52-025,BULL_CALL_SPREAD,development,8c9b97c314b368f7a743,2022-12-15,4,EXCLUDED_OHLC_RANGE_PROXY,False,OHLC_RANGE_PROXY_EXCEEDS_THRESHOLD,8.231707317073157,2,2
739fae891dcde1c84104,PH52-025,BULL_CALL_SPREAD,development,b2b9482e70f4a2ace098,2023-06-22,4,EXCLUDED_OHLC_RANGE_PROXY,False,OHLC_RANGE_PROXY_EXCEEDS_THRESHOLD,11.874999999999991,2,2
739fae891dcde1c84104,PH52-025,BULL_CALL_SPREAD,development,804301753400916af24f,2023-12-28,4,EXCLUDED_OHLC_RANGE_PROXY,False,OHLC_RANGE_PROXY_EXCEEDS_THRESHOLD,12.962962962962964,2,2
739fae891dcde1c84104,PH52-025,BULL_CALL_SPREAD,validation,c1472f0b801661762bc6,2024-01-04,4,EXCLUDED_OHLC_RANGE_PROXY,False,OHLC_RANGE_PROXY_EXCEEDS_THRESHOLD,17.58241758241759,2,2
739fae891dcde1c84104,PH52-025,BULL_CALL_SPREAD,validation,1d33307443bd39106f13,2024-05-30,4,EXCLUDED_OHLC_RANGE_PROXY,False,OHLC_RANGE_PROXY_EXCEEDS_THRESHOLD,12.436548223350252,2,2
739fae891dcde1c84104,PH52-025,BULL_CALL_SPREAD,validation,50696f11ab0417607875,2024-10-17,4,EXCLUDED_OHLC_RANGE_PROXY,False,OHLC_RANGE_PROXY_EXCEEDS_THRESHOLD,17.857142857142858,2,2
739fae891dcde1c84104,PH52-025,BULL_CALL_SPREAD,validation,58a4c4843286bd3943a2,2025-03-13,4,BLOCKED_LEG_ELIGIBILITY,False,REQUIRED_LEG_PRIOR_OI_BELOW_100,10.0,2,2
739fae891dcde1c84104,PH52-025,BULL_CALL_SPREAD,validation,e5919e2053dc59805884,2025-07-31,4,BLOCKED_LEG_ELIGIBILITY,False,REQUIRED_LEG_PRIOR_OI_BELOW_100,31.39158576051781,2,2
739fae891dcde1c84104,PH52-025,BULL_CALL_SPREAD,validation,2744fff722d389044d25,2025-12-30,4,EXCLUDED_OHLC_RANGE_PROXY,False,OHLC_RANGE_PROXY_EXCEEDS_THRESHOLD,11.363636363636365,2,2
ad24b0d8ca9a87353e8a,PH52-025,BULL_CALL_SPREAD,development,ce8e12389ff297becff9,2021-05-27,4,EXCLUDED_OHLC_RANGE_PROXY,False,OHLC_RANGE_PROXY_EXCEEDS_THRESHOLD,10.322580645161288,2,2
ad24b0d8ca9a87353e8a,PH52-025,BULL_CALL_SPREAD,development,061c004245393c77b5c7,2021-12-09,4,EXCLUDED_OHLC_RANGE_PROXY,False,OHLC_RANGE_PROXY_EXCEEDS_THRESHOLD,9.48509485094851,2,2
ad24b0d8ca9a87353e8a,PH52-025,BULL_CALL_SPREAD,development,b58d771555d73891d2fd,2022-06-16,4,EXCLUDED_OHLC_RANGE_PROXY,False,OHLC_RANGE_PROXY_EXCEEDS_THRESHOLD,21.229050279329606,2,2
ad24b0d8ca9a87353e8a,PH52-025,BULL_CALL_SPREAD,development,8c9b97c314b368f7a743,2022-12-15,4,EXCLUDED_OHLC_RANGE_PROXY,False,OHLC_RANGE_PROXY_EXCEEDS_THRESHOLD,8.231707317073157,2,2
ad24b0d8ca9a87353e8a,PH52-025,BULL_CALL_SPREAD,development,b2b9482e70f4a2ace098,2023-06-22,4,EXCLUDED_OHLC_RANGE_PROXY,False,OHLC_RANGE_PROXY_EXCEEDS_THRESHOLD,11.874999999999991,2,2
ad24b0d8ca9a87353e8a,PH52-025,BULL_CALL_SPREAD,development,804301753400916af24f,2023-12-28,4,EXCLUDED_OHLC_RANGE_PROXY,False,OHLC_RANGE_PROXY_EXCEEDS_THRESHOLD,12.962962962962964,2,2
ad24b0d8ca9a87353e8a,PH52-025,BULL_CALL_SPREAD,validation,c1472f0b801661762bc6,2024-01-04,4,EXCLUDED_OHLC_RANGE_PROXY,False,OHLC_RANGE_PROXY_EXCEEDS_THRESHOLD,17.58241758241759,2,2
ad24b0d8ca9a87353e8a,PH52-025,BULL_CALL_SPREAD,validation,1d33307443bd39106f13,2024-05-30,4,EXCLUDED_OHLC_RANGE_PROXY,False,OHLC_RANGE_PROXY_EXCEEDS_THRESHOLD,12.436548223350252,2,2
ad24b0d8ca9a87353e8a,PH52-025,BULL_CALL_SPREAD,validation,50696f11ab0417607875,2024-10-17,4,EXCLUDED_OHLC_RANGE_PROXY,False,OHLC_RANGE_PROXY_EXCEEDS_THRESHOLD,17.857142857142858,2,2
ad24b0d8ca9a87353e8a,PH52-025,BULL_CALL_SPREAD,validation,58a4c4843286bd3943a2,2025-03-13,4,BLOCKED_LEG_ELIGIBILITY,False,REQUIRED_LEG_PRIOR_OI_BELOW_100,10.0,2,2
ad24b0d8ca9a87353e8a,PH52-025,BULL_CALL_SPREAD,validation,e5919e2053dc59805884,2025-07-31,4,BLOCKED_LEG_ELIGIBILITY,False,REQUIRED_LEG_PRIOR_OI_BELOW_100,31.521739130434792,2,2
ad24b0d8ca9a87353e8a,PH52-025,BULL_CALL_SPREAD,validation,2744fff722d389044d25,2025-12-30,4,EXCLUDED_OHLC_RANGE_PROXY,False,OHLC_RANGE_PROXY_EXCEEDS_THRESHOLD,11.363636363636365,2,2
cf6ec0b712b4aff6231f,PH52-025,BULL_CALL_SPREAD,development,ce8e12389ff297becff9,2021-05-27,4,EXCLUDED_OHLC_RANGE_PROXY,False,OHLC_RANGE_PROXY_EXCEEDS_THRESHOLD,10.000000000000009,2,2
cf6ec0b712b4aff6231f,PH52-025,BULL_CALL_SPREAD,development,061c004245393c77b5c7,2021-12-09,4,EXCLUDED_OHLC_RANGE_PROXY,False,OHLC_RANGE_PROXY_EXCEEDS_THRESHOLD,7.499999999999996,2,2
cf6ec0b712b4aff6231f,PH52-025,BULL_CALL_SPREAD,development,b58d771555d73891d2fd,2022-06-16,4,EXCLUDED_OHLC_RANGE_PROXY,False,OHLC_RANGE_PROXY_EXCEEDS_THRESHOLD,21.73913043478261,2,2
cf6ec0b712b4aff6231f,PH52-025,BULL_CALL_SPREAD,development,8c9b97c314b368f7a743,2022-12-15,4,EXCLUDED_OHLC_RANGE_PROXY,False,OHLC_RANGE_PROXY_EXCEEDS_THRESHOLD,7.142857142857159,2,2
cf6ec0b712b4aff6231f,PH52-025,BULL_CALL_SPREAD,development,b2b9482e70f4a2ace098,2023-06-22,4,EXCLUDED_OHLC_RANGE_PROXY,False,OHLC_RANGE_PROXY_EXCEEDS_THRESHOLD,8.695652173913052,2,2
cf6ec0b712b4aff6231f,PH52-025,BULL_CALL_SPREAD,development,804301753400916af24f,2023-12-28,4,EXCLUDED_OHLC_RANGE_PROXY,False,OHLC_RANGE_PROXY_EXCEEDS_THRESHOLD,9.803921568627452,2,2
cf6ec0b712b4aff6231f,PH52-025,BULL_CALL_SPREAD,validation,c1472f0b801661762bc6,2024-01-04,4,EXCLUDED_OHLC_RANGE_PROXY,False,OHLC_RANGE_PROXY_EXCEEDS_THRESHOLD,15.384615384615381,2,2
cf6ec0b712b4aff6231f,PH52-025,BULL_CALL_SPREAD,validation,1d33307443bd39106f13,2024-05-30,4,EXCLUDED_OHLC_RANGE_PROXY,False,OHLC_RANGE_PROXY_EXCEEDS_THRESHOLD,12.22222222222222,2,2
cf6ec0b712b4aff6231f,PH52-025,BULL_CALL_SPREAD,validation,50696f11ab0417607875,2024-10-17,4,EXCLUDED_OHLC_RANGE_PROXY,False,OHLC_RANGE_PROXY_EXCEEDS_THRESHOLD,14.285714285714299,2,2
cf6ec0b712b4aff6231f,PH52-025,BULL_CALL_SPREAD,validation,58a4c4843286bd3943a2,2025-03-13,4,BLOCKED_LEG_ELIGIBILITY,False,REQUIRED_LEG_PRIOR_OI_BELOW_100,8.510638297872347,2,2
cf6ec0b712b4aff6231f,PH52-025,BULL_CALL_SPREAD,validation,e5919e2053dc59805884,2025-07-31,4,BLOCKED_LEG_ELIGIBILITY,False,REQUIRED_LEG_PRIOR_OI_BELOW_100,34.78260869565216,2,2
cf6ec0b712b4aff6231f,PH52-025,BULL_CALL_SPREAD,validation,2744fff722d389044d25,2025-12-30,4,EXCLUDED_OHLC_RANGE_PROXY,False,OHLC_RANGE_PROXY_EXCEEDS_THRESHOLD,8.333333333333341,2,2
a4f8558870d4a10947fe,PH52-025,BULL_CALL_SPREAD,development,ce8e12389ff297becff9,2021-05-27,4,EXCLUDED_OHLC_RANGE_PROXY,False,OHLC_RANGE_PROXY_EXCEEDS_THRESHOLD,14.285714285714299,2,2
a4f8558870d4a10947fe,PH52-025,BULL_CALL_SPREAD,development,061c004245393c77b5c7,2021-12-09,4,EXCLUDED_OHLC_RANGE_PROXY,False,OHLC_RANGE_PROXY_EXCEEDS_THRESHOLD,9.090909090909099,2,2
a4f8558870d4a10947fe,PH52-025,BULL_CALL_SPREAD,development,b58d771555d73891d2fd,2022-06-16,4,EXCLUDED_OHLC_RANGE_PROXY,False,OHLC_RANGE_PROXY_EXCEEDS_THRESHOLD,21.73913043478261,2,2
a4f8558870d4a10947fe,PH52-025,BULL_CALL_SPREAD,development,8c9b97c314b368f7a743,2022-12-15,4,EXCLUDED_OHLC_RANGE_PROXY,False,OHLC_RANGE_PROXY_EXCEEDS_THRESHOLD,8.571428571428566,2,2
a4f8558870d4a10947fe,PH52-025,BULL_CALL_SPREAD,development,b2b9482e70f4a2ace098,2023-06-22,4,EXCLUDED_OHLC_RANGE_PROXY,False,OHLC_RANGE_PROXY_EXCEEDS_THRESHOLD,6.250000000000005,2,2
a4f8558870d4a10947fe,PH52-025,BULL_CALL_SPREAD,development,804301753400916af24f,2023-12-28,4,EXCLUDED_OHLC_RANGE_PROXY,False,OHLC_RANGE_PROXY_EXCEEDS_THRESHOLD,9.803921568627452,2,2
a4f8558870d4a10947fe,PH52-025,BULL_CALL_SPREAD,validation,c1472f0b801661762bc6,2024-01-04,4,EXCLUDED_OHLC_RANGE_PROXY,False,OHLC_RANGE_PROXY_EXCEEDS_THRESHOLD,19.999999999999996,2,2
a4f8558870d4a10947fe,PH52-025,BULL_CALL_SPREAD,validation,1d33307443bd39106f13,2024-05-30,4,EXCLUDED_OHLC_RANGE_PROXY,False,OHLC_RANGE_PROXY_EXCEEDS_THRESHOLD,12.056737588652478,2,2
a4f8558870d4a10947fe,PH52-025,BULL_CALL_SPREAD,validation,50696f11ab0417607875,2024-10-17,4,EXCLUDED_OHLC_RANGE_PROXY,False,OHLC_RANGE_PROXY_EXCEEDS_THRESHOLD,14.285714285714288,2,2
a4f8558870d4a10947fe,PH52-025,BULL_CALL_SPREAD,validation,58a4c4843286bd3943a2,2025-03-13,4,BLOCKED_LEG_ELIGIBILITY,False,REQUIRED_LEG_PRIOR_OI_BELOW_100,8.510638297872347,2,2
a4f8558870d4a10947fe,PH52-025,BULL_CALL_SPREAD,validation,e5919e2053dc59805884,2025-07-31,4,BLOCKED_LEG_ELIGIBILITY,False,REQUIRED_LEG_PRIOR_OI_BELOW_100,34.78260869565216,2,2
a4f8558870d4a10947fe,PH52-025,BULL_CALL_SPREAD,validation,2744fff722d389044d25,2025-12-30,4,EXCLUDED_OHLC_RANGE_PROXY,False,OHLC_RANGE_PROXY_EXCEEDS_THRESHOLD,7.1428571428571495,2,2
4dfc85b9cb14f0282a2e,PH52-001,BUY_CALL,development,01f752daf3bb0e90d7b1,2021-05-27,4,EXCLUDED_OHLC_RANGE_PROXY,False,OHLC_RANGE_PROXY_EXCEEDS_THRESHOLD,5.246913580246912,1,1
4dfc85b9cb14f0282a2e,PH52-001,BUY_CALL,development,0ddaab2f8946678d3082,2021-12-09,4,EXCLUDED_OHLC_RANGE_PROXY,False,OHLC_RANGE_PROXY_EXCEEDS_THRESHOLD,11.158798283261808,1,1
4dfc85b9cb14f0282a2e,PH52-001,BUY_CALL,development,044eef05c3277601504c,2022-06-16,4,EXCLUDED_OHLC_RANGE_PROXY,False,OHLC_RANGE_PROXY_EXCEEDS_THRESHOLD,10.736196319018415,1,1
4dfc85b9cb14f0282a2e,PH52-001,BUY_CALL,development,307dafef42b72c870148,2022-12-15,4,EXCLUDED_OHLC_RANGE_PROXY,False,OHLC_RANGE_PROXY_EXCEEDS_THRESHOLD,5.957446808510648,1,1
4dfc85b9cb14f0282a2e,PH52-001,BUY_CALL,development,c8a686f986a21faa7ed5,2023-06-22,4,EXCLUDED_OHLC_RANGE_PROXY,False,OHLC_RANGE_PROXY_EXCEEDS_THRESHOLD,11.021505376344088,1,1
4dfc85b9cb14f0282a2e,PH52-001,BUY_CALL,development,84c7352397ed038c3ea2,2023-12-28,4,EXCLUDED_OHLC_RANGE_PROXY,False,OHLC_RANGE_PROXY_EXCEEDS_THRESHOLD,4.341736694677863,1,1
4dfc85b9cb14f0282a2e,PH52-001,BUY_CALL,validation,f104c6f1662847c5bbcc,2024-01-04,4,EXCLUDED_OHLC_RANGE_PROXY,False,OHLC_RANGE_PROXY_EXCEEDS_THRESHOLD,6.666666666666658,1,1
4dfc85b9cb14f0282a2e,PH52-001,BUY_CALL,validation,0cd34c6b63a9f995c503,2024-05-30,4,EXCLUDED_OHLC_RANGE_PROXY,False,OHLC_RANGE_PROXY_EXCEEDS_THRESHOLD,8.21529745042493,1,1
4dfc85b9cb14f0282a2e,PH52-001,BUY_CALL,validation,75007ced19cb5e12e01f,2024-10-17,4,EXCLUDED_OHLC_RANGE_PROXY,False,OHLC_RANGE_PROXY_EXCEEDS_THRESHOLD,17.452830188679247,1,1
4dfc85b9cb14f0282a2e,PH52-001,BUY_CALL,validation,8eb8f1add17ecb221cbd,2025-03-13,4,BLOCKED_LEG_ELIGIBILITY,False,REQUIRED_LEG_PRIOR_OI_BELOW_100,14.285714285714286,1,1
4dfc85b9cb14f0282a2e,PH52-001,BUY_CALL,validation,14d9997729e438213524,2025-07-31,4,BLOCKED_LEG_ELIGIBILITY,False,REQUIRED_LEG_PRIOR_OI_BELOW_100,12.089810017271157,1,1
4dfc85b9cb14f0282a2e,PH52-001,BUY_CALL,validation,4a919e0bde313b9b9ee1,2025-12-30,4,BLOCKED_LEG_ELIGIBILITY,False,REQUIRED_LEG_PRIOR_OI_BELOW_100,17.257683215130037,1,1
7f2f9e5e0437e0f7df04,PH52-001,BUY_CALL,development,01f752daf3bb0e90d7b1,2021-05-27,4,EXCLUDED_OHLC_RANGE_PROXY,False,OHLC_RANGE_PROXY_EXCEEDS_THRESHOLD,5.9999999999999964,1,1
7f2f9e5e0437e0f7df04,PH52-001,BUY_CALL,development,0ddaab2f8946678d3082,2021-12-09,4,EXCLUDED_OHLC_RANGE_PROXY,False,OHLC_RANGE_PROXY_EXCEEDS_THRESHOLD,10.596026490066224,1,1
7f2f9e5e0437e0f7df04,PH52-001,BUY_CALL,development,044eef05c3277601504c,2022-06-16,4,EXCLUDED_OHLC_RANGE_PROXY,False,OHLC_RANGE_PROXY_EXCEEDS_THRESHOLD,9.78260869565216,1,1
7f2f9e5e0437e0f7df04,PH52-001,BUY_CALL,development,307dafef42b72c870148,2022-12-15,4,EXCLUDED_OHLC_RANGE_PROXY,True,ELIGIBLE_FOR_OHLC_PRICE_REFERENCE_SIMULATION,3.63636363636364,1,1
7f2f9e5e0437e0f7df04,PH52-001,BUY_CALL,development,c8a686f986a21faa7ed5,2023-06-22,4,EXCLUDED_OHLC_RANGE_PROXY,False,OHLC_RANGE_PROXY_EXCEEDS_THRESHOLD,7.547169811320744,1,1
7f2f9e5e0437e0f7df04,PH52-001,BUY_CALL,development,84c7352397ed038c3ea2,2023-12-28,4,EXCLUDED_OHLC_RANGE_PROXY,False,OHLC_RANGE_PROXY_EXCEEDS_THRESHOLD,4.784688995215311,1,1
7f2f9e5e0437e0f7df04,PH52-001,BUY_CALL,validation,f104c6f1662847c5bbcc,2024-01-04,4,EXCLUDED_OHLC_RANGE_PROXY,False,OHLC_RANGE_PROXY_EXCEEDS_THRESHOLD,5.882352941176485,1,1
7f2f9e5e0437e0f7df04,PH52-001,BUY_CALL,validation,0cd34c6b63a9f995c503,2024-05-30,4,EXCLUDED_OHLC_RANGE_PROXY,False,OHLC_RANGE_PROXY_EXCEEDS_THRESHOLD,8.739837398373977,1,1
7f2f9e5e0437e0f7df04,PH52-001,BUY_CALL,validation,75007ced19cb5e12e01f,2024-10-17,4,EXCLUDED_OHLC_RANGE_PROXY,False,OHLC_RANGE_PROXY_EXCEEDS_THRESHOLD,15.302491103202849,1,1
7f2f9e5e0437e0f7df04,PH52-001,BUY_CALL,validation,8eb8f1add17ecb221cbd,2025-03-13,4,BLOCKED_LEG_ELIGIBILITY,False,REQUIRED_LEG_PRIOR_OI_BELOW_100,12.37113402061857,1,1
7f2f9e5e0437e0f7df04,PH52-001,BUY_CALL,validation,14d9997729e438213524,2025-07-31,4,BLOCKED_LEG_ELIGIBILITY,False,REQUIRED_LEG_PRIOR_OI_BELOW_100,12.385321100917428,1,1
7f2f9e5e0437e0f7df04,PH52-001,BUY_CALL,validation,4a919e0bde313b9b9ee1,2025-12-30,4,BLOCKED_LEG_ELIGIBILITY,False,REQUIRED_LEG_PRIOR_OI_BELOW_100,15.51724137931035,1,1
824453c4ca52e0a8f423,PH52-001,BUY_CALL,development,ce8e12389ff297becff9,2021-05-27,4,EXCLUDED_OHLC_RANGE_PROXY,False,OHLC_RANGE_PROXY_EXCEEDS_THRESHOLD,10.322580645161288,1,1
824453c4ca52e0a8f423,PH52-001,BUY_CALL,development,061c004245393c77b5c7,2021-12-09,4,EXCLUDED_OHLC_RANGE_PROXY,False,OHLC_RANGE_PROXY_EXCEEDS_THRESHOLD,9.48509485094851,1,1
824453c4ca52e0a8f423,PH52-001,BUY_CALL,development,b58d771555d73891d2fd,2022-06-16,4,EXCLUDED_OHLC_RANGE_PROXY,False,OHLC_RANGE_PROXY_EXCEEDS_THRESHOLD,21.229050279329606,1,1
824453c4ca52e0a8f423,PH52-001,BUY_CALL,development,8c9b97c314b368f7a743,2022-12-15,4,EXCLUDED_OHLC_RANGE_PROXY,False,OHLC_RANGE_PROXY_EXCEEDS_THRESHOLD,8.231707317073157,1,1
824453c4ca52e0a8f423,PH52-001,BUY_CALL,development,b2b9482e70f4a2ace098,2023-06-22,4,EXCLUDED_OHLC_RANGE_PROXY,False,OHLC_RANGE_PROXY_EXCEEDS_THRESHOLD,11.874999999999991,1,1
824453c4ca52e0a8f423,PH52-001,BUY_CALL,development,804301753400916af24f,2023-12-28,4,EXCLUDED_OHLC_RANGE_PROXY,False,OHLC_RANGE_PROXY_EXCEEDS_THRESHOLD,12.962962962962964,1,1
824453c4ca52e0a8f423,PH52-001,BUY_CALL,validation,c1472f0b801661762bc6,2024-01-04,4,EXCLUDED_OHLC_RANGE_PROXY,False,OHLC_RANGE_PROXY_EXCEEDS_THRESHOLD,17.58241758241759,1,1
824453c4ca52e0a8f423,PH52-001,BUY_CALL,validation,1d33307443bd39106f13,2024-05-30,4,EXCLUDED_OHLC_RANGE_PROXY,False,OHLC_RANGE_PROXY_EXCEEDS_THRESHOLD,12.436548223350252,1,1
824453c4ca52e0a8f423,PH52-001,BUY_CALL,validation,50696f11ab0417607875,2024-10-17,4,EXCLUDED_OHLC_RANGE_PROXY,False,OHLC_RANGE_PROXY_EXCEEDS_THRESHOLD,17.857142857142858,1,1
824453c4ca52e0a8f423,PH52-001,BUY_CALL,validation,58a4c4843286bd3943a2,2025-03-13,4,BLOCKED_LEG_ELIGIBILITY,False,REQUIRED_LEG_PRIOR_OI_BELOW_100,10.0,1,1
824453c4ca52e0a8f423,PH52-001,BUY_CALL,validation,e5919e2053dc59805884,2025-07-31,4,BLOCKED_LEG_ELIGIBILITY,False,REQUIRED_LEG_PRIOR_OI_BELOW_100,27.142857142857146,1,1
824453c4ca52e0a8f423,PH52-001,BUY_CALL,validation,2744fff722d389044d25,2025-12-30,4,EXCLUDED_OHLC_RANGE_PROXY,False,OHLC_RANGE_PROXY_EXCEEDS_THRESHOLD,11.363636363636365,1,1
a85d75f96c0c6721a862,PH52-001,BUY_CALL,development,ce8e12389ff297becff9,2021-05-27,4,EXCLUDED_OHLC_RANGE_PROXY,False,OHLC_RANGE_PROXY_EXCEEDS_THRESHOLD,10.000000000000009,1,1
a85d75f96c0c6721a862,PH52-001,BUY_CALL,development,061c004245393c77b5c7,2021-12-09,4,EXCLUDED_OHLC_RANGE_PROXY,False,OHLC_RANGE_PROXY_EXCEEDS_THRESHOLD,7.499999999999996,1,1
a85d75f96c0c6721a862,PH52-001,BUY_CALL,development,b58d771555d73891d2fd,2022-06-16,4,EXCLUDED_OHLC_RANGE_PROXY,False,OHLC_RANGE_PROXY_EXCEEDS_THRESHOLD,21.73913043478261,1,1
a85d75f96c0c6721a862,PH52-001,BUY_CALL,development,8c9b97c314b368f7a743,2022-12-15,4,REPLAY_PASS,True,ELIGIBLE_FOR_OHLC_PRICE_REFERENCE_SIMULATION,1.7543859649122744,1,1
a85d75f96c0c6721a862,PH52-001,BUY_CALL,development,b2b9482e70f4a2ace098,2023-06-22,4,EXCLUDED_OHLC_RANGE_PROXY,False,OHLC_RANGE_PROXY_EXCEEDS_THRESHOLD,6.250000000000005,1,1
a85d75f96c0c6721a862,PH52-001,BUY_CALL,development,804301753400916af24f,2023-12-28,4,EXCLUDED_OHLC_RANGE_PROXY,False,OHLC_RANGE_PROXY_EXCEEDS_THRESHOLD,9.803921568627452,1,1
a85d75f96c0c6721a862,PH52-001,BUY_CALL,validation,c1472f0b801661762bc6,2024-01-04,4,EXCLUDED_OHLC_RANGE_PROXY,False,OHLC_RANGE_PROXY_EXCEEDS_THRESHOLD,15.384615384615381,1,1
a85d75f96c0c6721a862,PH52-001,BUY_CALL,validation,1d33307443bd39106f13,2024-05-30,4,EXCLUDED_OHLC_RANGE_PROXY,False,OHLC_RANGE_PROXY_EXCEEDS_THRESHOLD,12.056737588652478,1,1
a85d75f96c0c6721a862,PH52-001,BUY_CALL,validation,50696f11ab0417607875,2024-10-17,4,EXCLUDED_OHLC_RANGE_PROXY,False,OHLC_RANGE_PROXY_EXCEEDS_THRESHOLD,14.285714285714288,1,1
a85d75f96c0c6721a862,PH52-001,BUY_CALL,validation,58a4c4843286bd3943a2,2025-03-13,4,BLOCKED_LEG_ELIGIBILITY,False,REQUIRED_LEG_PRIOR_OI_BELOW_100,8.510638297872347,1,1
a85d75f96c0c6721a862,PH52-001,BUY_CALL,validation,e5919e2053dc59805884,2025-07-31,4,BLOCKED_LEG_ELIGIBILITY,False,REQUIRED_LEG_PRIOR_OI_BELOW_100,34.78260869565216,1,1
a85d75f96c0c6721a862,PH52-001,BUY_CALL,validation,2744fff722d389044d25,2025-12-30,4,EXCLUDED_OHLC_RANGE_PROXY,False,OHLC_RANGE_PROXY_EXCEEDS_THRESHOLD,7.1428571428571495,1,1
d4f27239e30ac6922af1,PH52-007,BUY_PUT,development,01f752daf3bb0e90d7b1,2021-05-27,4,EXCLUDED_OHLC_RANGE_PROXY,False,OHLC_RANGE_PROXY_EXCEEDS_THRESHOLD,5.2631578947368425,1,1
d4f27239e30ac6922af1,PH52-007,BUY_PUT,development,0ddaab2f8946678d3082,2021-12-09,4,EXCLUDED_OHLC_RANGE_PROXY,False,OHLC_RANGE_PROXY_EXCEEDS_THRESHOLD,17.18213058419244,1,1
d4f27239e30ac6922af1,PH52-007,BUY_PUT,development,044eef05c3277601504c,2022-06-16,4,EXCLUDED_OHLC_RANGE_PROXY,False,OHLC_RANGE_PROXY_EXCEEDS_THRESHOLD,13.354037267080747,1,1
d4f27239e30ac6922af1,PH52-007,BUY_PUT,development,307dafef42b72c870148,2022-12-15,4,EXCLUDED_OHLC_RANGE_PROXY,False,OHLC_RANGE_PROXY_EXCEEDS_THRESHOLD,9.302325581395358,1,1
d4f27239e30ac6922af1,PH52-007,BUY_PUT,development,c8a686f986a21faa7ed5,2023-06-22,4,EXCLUDED_OHLC_RANGE_PROXY,False,OHLC_RANGE_PROXY_EXCEEDS_THRESHOLD,8.185053380782907,1,1
d4f27239e30ac6922af1,PH52-007,BUY_PUT,development,84c7352397ed038c3ea2,2023-12-28,4,EXCLUDED_OHLC_RANGE_PROXY,False,OHLC_RANGE_PROXY_EXCEEDS_THRESHOLD,4.437869822485207,1,1
d4f27239e30ac6922af1,PH52-007,BUY_PUT,validation,f104c6f1662847c5bbcc,2024-01-04,4,EXCLUDED_OHLC_RANGE_PROXY,False,OHLC_RANGE_PROXY_EXCEEDS_THRESHOLD,10.970464135021087,1,1
d4f27239e30ac6922af1,PH52-007,BUY_PUT,validation,0cd34c6b63a9f995c503,2024-05-30,4,EXCLUDED_OHLC_RANGE_PROXY,False,OHLC_RANGE_PROXY_EXCEEDS_THRESHOLD,10.26677445432497,1,1
d4f27239e30ac6922af1,PH52-007,BUY_PUT,validation,75007ced19cb5e12e01f,2024-10-17,4,EXCLUDED_OHLC_RANGE_PROXY,False,OHLC_RANGE_PROXY_EXCEEDS_THRESHOLD,34.10326086956523,1,1
d4f27239e30ac6922af1,PH52-007,BUY_PUT,validation,8eb8f1add17ecb221cbd,2025-03-13,4,BLOCKED_LEG_ELIGIBILITY,False,REQUIRED_LEG_PRIOR_OI_BELOW_100,13.874345549738212,1,1
d4f27239e30ac6922af1,PH52-007,BUY_PUT,validation,14d9997729e438213524,2025-07-31,4,BLOCKED_LEG_ELIGIBILITY,False,REQUIRED_LEG_PRIOR_OI_BELOW_100,8.320726172465951,1,1
d4f27239e30ac6922af1,PH52-007,BUY_PUT,validation,4a919e0bde313b9b9ee1,2025-12-30,4,BLOCKED_LEG_ELIGIBILITY,False,REQUIRED_LEG_PRIOR_OI_BELOW_100,11.554621848739496,1,1
c039247dcd6929eb8c8b,PH52-007,BUY_PUT,development,01f752daf3bb0e90d7b1,2021-05-27,4,EXCLUDED_OHLC_RANGE_PROXY,False,OHLC_RANGE_PROXY_EXCEEDS_THRESHOLD,6.329113924050633,1,1
c039247dcd6929eb8c8b,PH52-007,BUY_PUT,development,0ddaab2f8946678d3082,2021-12-09,4,EXCLUDED_OHLC_RANGE_PROXY,False,OHLC_RANGE_PROXY_EXCEEDS_THRESHOLD,20.888888888888886,1,1
c039247dcd6929eb8c8b,PH52-007,BUY_PUT,development,044eef05c3277601504c,2022-06-16,4,EXCLUDED_OHLC_RANGE_PROXY,False,OHLC_RANGE_PROXY_EXCEEDS_THRESHOLD,13.705583756345176,1,1
c039247dcd6929eb8c8b,PH52-007,BUY_PUT,development,307dafef42b72c870148,2022-12-15,4,EXCLUDED_OHLC_RANGE_PROXY,False,OHLC_RANGE_PROXY_EXCEEDS_THRESHOLD,8.771929824561402,1,1
c039247dcd6929eb8c8b,PH52-007,BUY_PUT,development,c8a686f986a21faa7ed5,2023-06-22,4,EXCLUDED_OHLC_RANGE_PROXY,False,OHLC_RANGE_PROXY_EXCEEDS_THRESHOLD,4.477611940298504,1,1
c039247dcd6929eb8c8b,PH52-007,BUY_PUT,development,84c7352397ed038c3ea2,2023-12-28,4,EXCLUDED_OHLC_RANGE_PROXY,False,OHLC_RANGE_PROXY_EXCEEDS_THRESHOLD,5.2044609665427455,1,1
c039247dcd6929eb8c8b,PH52-007,BUY_PUT,validation,f104c6f1662847c5bbcc,2024-01-04,4,EXCLUDED_OHLC_RANGE_PROXY,False,OHLC_RANGE_PROXY_EXCEEDS_THRESHOLD,12.90322580645161,1,1
c039247dcd6929eb8c8b,PH52-007,BUY_PUT,validation,0cd34c6b63a9f995c503,2024-05-30,4,EXCLUDED_OHLC_RANGE_PROXY,False,OHLC_RANGE_PROXY_EXCEEDS_THRESHOLD,12.335526315789474,1,1
c039247dcd6929eb8c8b,PH52-007,BUY_PUT,validation,75007ced19cb5e12e01f,2024-10-17,4,EXCLUDED_OHLC_RANGE_PROXY,False,OHLC_RANGE_PROXY_EXCEEDS_THRESHOLD,44.444444444444436,1,1
c039247dcd6929eb8c8b,PH52-007,BUY_PUT,validation,8eb8f1add17ecb221cbd,2025-03-13,4,BLOCKED_LEG_ELIGIBILITY,False,REQUIRED_LEG_PRIOR_OI_BELOW_100,12.318840579710141,1,1
c039247dcd6929eb8c8b,PH52-007,BUY_PUT,validation,14d9997729e438213524,2025-07-31,4,BLOCKED_LEG_ELIGIBILITY,False,REQUIRED_LEG_PRIOR_OI_BELOW_100,8.812260536398469,1,1
c039247dcd6929eb8c8b,PH52-007,BUY_PUT,validation,4a919e0bde313b9b9ee1,2025-12-30,4,BLOCKED_LEG_ELIGIBILITY,False,REQUIRED_LEG_PRIOR_OI_BELOW_100,10.909090909090903,1,1
c31e45a39d28e22b70b2,PH52-007,BUY_PUT,development,ce8e12389ff297becff9,2021-05-27,4,EXCLUDED_OHLC_RANGE_PROXY,False,OHLC_RANGE_PROXY_EXCEEDS_THRESHOLD,6.333333333333329,1,1
c31e45a39d28e22b70b2,PH52-007,BUY_PUT,development,061c004245393c77b5c7,2021-12-09,4,EXCLUDED_OHLC_RANGE_PROXY,False,OHLC_RANGE_PROXY_EXCEEDS_THRESHOLD,10.270270270270263,1,1
c31e45a39d28e22b70b2,PH52-007,BUY_PUT,development,b58d771555d73891d2fd,2022-06-16,4,EXCLUDED_OHLC_RANGE_PROXY,False,OHLC_RANGE_PROXY_EXCEEDS_THRESHOLD,25.89118198874296,1,1
c31e45a39d28e22b70b2,PH52-007,BUY_PUT,development,8c9b97c314b368f7a743,2022-12-15,4,EXCLUDED_OHLC_RANGE_PROXY,False,OHLC_RANGE_PROXY_EXCEEDS_THRESHOLD,16.250000000000007,1,1
c31e45a39d28e22b70b2,PH52-007,BUY_PUT,development,b2b9482e70f4a2ace098,2023-06-22,4,EXCLUDED_OHLC_RANGE_PROXY,False,OHLC_RANGE_PROXY_EXCEEDS_THRESHOLD,9.230769230769225,1,1
c31e45a39d28e22b70b2,PH52-007,BUY_PUT,development,804301753400916af24f,2023-12-28,4,EXCLUDED_OHLC_RANGE_PROXY,False,OHLC_RANGE_PROXY_EXCEEDS_THRESHOLD,13.793103448275865,1,1
c31e45a39d28e22b70b2,PH52-007,BUY_PUT,validation,c1472f0b801661762bc6,2024-01-04,4,EXCLUDED_OHLC_RANGE_PROXY,False,OHLC_RANGE_PROXY_EXCEEDS_THRESHOLD,16.091954022988492,1,1
c31e45a39d28e22b70b2,PH52-007,BUY_PUT,validation,1d33307443bd39106f13,2024-05-30,4,EXCLUDED_OHLC_RANGE_PROXY,False,OHLC_RANGE_PROXY_EXCEEDS_THRESHOLD,11.267605633802809,1,1
c31e45a39d28e22b70b2,PH52-007,BUY_PUT,validation,50696f11ab0417607875,2024-10-17,4,EXCLUDED_OHLC_RANGE_PROXY,False,OHLC_RANGE_PROXY_EXCEEDS_THRESHOLD,11.585365853658528,1,1
c31e45a39d28e22b70b2,PH52-007,BUY_PUT,validation,58a4c4843286bd3943a2,2025-03-13,4,BLOCKED_LEG_ELIGIBILITY,False,REQUIRED_LEG_PRIOR_OI_BELOW_100,14.736842105263161,1,1
c31e45a39d28e22b70b2,PH52-007,BUY_PUT,validation,e5919e2053dc59805884,2025-07-31,4,BLOCKED_LEG_ELIGIBILITY,False,REQUIRED_LEG_PRIOR_OI_BELOW_100,8.666666666666679,1,1
c31e45a39d28e22b70b2,PH52-007,BUY_PUT,validation,2744fff722d389044d25,2025-12-30,4,EXCLUDED_OHLC_RANGE_PROXY,False,OHLC_RANGE_PROXY_EXCEEDS_THRESHOLD,13.46153846153846,1,1
5819a5202b9b3b1cdd0b,PH52-007,BUY_PUT,development,ce8e12389ff297becff9,2021-05-27,4,EXCLUDED_OHLC_RANGE_PROXY,False,OHLC_RANGE_PROXY_EXCEEDS_THRESHOLD,6.493506493506482,1,1
5819a5202b9b3b1cdd0b,PH52-007,BUY_PUT,development,061c004245393c77b5c7,2021-12-09,4,EXCLUDED_OHLC_RANGE_PROXY,False,OHLC_RANGE_PROXY_EXCEEDS_THRESHOLD,4.255319148936174,1,1
5819a5202b9b3b1cdd0b,PH52-007,BUY_PUT,development,b58d771555d73891d2fd,2022-06-16,4,EXCLUDED_OHLC_RANGE_PROXY,False,OHLC_RANGE_PROXY_EXCEEDS_THRESHOLD,32.28346456692912,1,1
5819a5202b9b3b1cdd0b,PH52-007,BUY_PUT,development,8c9b97c314b368f7a743,2022-12-15,4,EXCLUDED_OHLC_RANGE_PROXY,False,OHLC_RANGE_PROXY_EXCEEDS_THRESHOLD,10.526315789473683,1,1
5819a5202b9b3b1cdd0b,PH52-007,BUY_PUT,development,b2b9482e70f4a2ace098,2023-06-22,4,EXCLUDED_OHLC_RANGE_PROXY,False,OHLC_RANGE_PROXY_EXCEEDS_THRESHOLD,11.111111111111104,1,1
5819a5202b9b3b1cdd0b,PH52-007,BUY_PUT,development,804301753400916af24f,2023-12-28,4,EXCLUDED_OHLC_RANGE_PROXY,False,OHLC_RANGE_PROXY_EXCEEDS_THRESHOLD,11.49425287356322,1,1
5819a5202b9b3b1cdd0b,PH52-007,BUY_PUT,validation,c1472f0b801661762bc6,2024-01-04,4,EXCLUDED_OHLC_RANGE_PROXY,False,OHLC_RANGE_PROXY_EXCEEDS_THRESHOLD,8.695652173913052,1,1
5819a5202b9b3b1cdd0b,PH52-007,BUY_PUT,validation,1d33307443bd39106f13,2024-05-30,4,EXCLUDED_OHLC_RANGE_PROXY,False,OHLC_RANGE_PROXY_EXCEEDS_THRESHOLD,9.022556390977451,1,1
5819a5202b9b3b1cdd0b,PH52-007,BUY_PUT,validation,50696f11ab0417607875,2024-10-17,4,EXCLUDED_OHLC_RANGE_PROXY,False,OHLC_RANGE_PROXY_EXCEEDS_THRESHOLD,11.111111111111109,1,1
5819a5202b9b3b1cdd0b,PH52-007,BUY_PUT,validation,58a4c4843286bd3943a2,2025-03-13,4,BLOCKED_LEG_ELIGIBILITY,False,REQUIRED_LEG_PRIOR_OI_BELOW_100,8.000000000000007,1,1
5819a5202b9b3b1cdd0b,PH52-007,BUY_PUT,validation,e5919e2053dc59805884,2025-07-31,4,BLOCKED_LEG_ELIGIBILITY,False,REQUIRED_LEG_PRIOR_OI_BELOW_100,7.042253521126761,1,1
5819a5202b9b3b1cdd0b,PH52-007,BUY_PUT,validation,2744fff722d389044d25,2025-12-30,4,EXCLUDED_OHLC_RANGE_PROXY,False,OHLC_RANGE_PROXY_EXCEEDS_THRESHOLD,10.526315789473683,1,1
98dbdd88c3b8df3d0d98,PH52-049,LONG_STRADDLE,development,01f752daf3bb0e90d7b1,2021-05-27,4,EXCLUDED_OHLC_RANGE_PROXY,False,OHLC_RANGE_PROXY_EXCEEDS_THRESHOLD,5.246913580246912,2,2
98dbdd88c3b8df3d0d98,PH52-049,LONG_STRADDLE,development,0ddaab2f8946678d3082,2021-12-09,4,EXCLUDED_OHLC_RANGE_PROXY,False,OHLC_RANGE_PROXY_EXCEEDS_THRESHOLD,13.059427732942025,2,2
98dbdd88c3b8df3d0d98,PH52-049,LONG_STRADDLE,development,044eef05c3277601504c,2022-06-16,4,EXCLUDED_OHLC_RANGE_PROXY,False,OHLC_RANGE_PROXY_EXCEEDS_THRESHOLD,10.736196319018415,2,2
98dbdd88c3b8df3d0d98,PH52-049,LONG_STRADDLE,development,307dafef42b72c870148,2022-12-15,4,EXCLUDED_OHLC_RANGE_PROXY,False,OHLC_RANGE_PROXY_EXCEEDS_THRESHOLD,5.957446808510648,2,2
98dbdd88c3b8df3d0d98,PH52-049,LONG_STRADDLE,development,c8a686f986a21faa7ed5,2023-06-22,4,EXCLUDED_OHLC_RANGE_PROXY,False,OHLC_RANGE_PROXY_EXCEEDS_THRESHOLD,11.021505376344088,2,2
98dbdd88c3b8df3d0d98,PH52-049,LONG_STRADDLE,development,84c7352397ed038c3ea2,2023-12-28,4,EXCLUDED_OHLC_RANGE_PROXY,False,OHLC_RANGE_PROXY_EXCEEDS_THRESHOLD,4.341736694677863,2,2
98dbdd88c3b8df3d0d98,PH52-049,LONG_STRADDLE,validation,f104c6f1662847c5bbcc,2024-01-04,4,EXCLUDED_OHLC_RANGE_PROXY,False,OHLC_RANGE_PROXY_EXCEEDS_THRESHOLD,6.666666666666658,2,2
98dbdd88c3b8df3d0d98,PH52-049,LONG_STRADDLE,validation,0cd34c6b63a9f995c503,2024-05-30,4,EXCLUDED_OHLC_RANGE_PROXY,False,OHLC_RANGE_PROXY_EXCEEDS_THRESHOLD,8.21529745042493,2,2
98dbdd88c3b8df3d0d98,PH52-049,LONG_STRADDLE,validation,75007ced19cb5e12e01f,2024-10-17,4,EXCLUDED_OHLC_RANGE_PROXY,False,OHLC_RANGE_PROXY_EXCEEDS_THRESHOLD,20.713899405083833,2,2
98dbdd88c3b8df3d0d98,PH52-049,LONG_STRADDLE,validation,8eb8f1add17ecb221cbd,2025-03-13,4,BLOCKED_LEG_ELIGIBILITY,False,REQUIRED_LEG_PRIOR_OI_BELOW_100,14.285714285714286,2,2
98dbdd88c3b8df3d0d98,PH52-049,LONG_STRADDLE,validation,14d9997729e438213524,2025-07-31,4,BLOCKED_LEG_ELIGIBILITY,False,REQUIRED_LEG_PRIOR_OI_BELOW_100,12.089810017271157,2,2
98dbdd88c3b8df3d0d98,PH52-049,LONG_STRADDLE,validation,4a919e0bde313b9b9ee1,2025-12-30,4,BLOCKED_LEG_ELIGIBILITY,False,REQUIRED_LEG_PRIOR_OI_BELOW_100,17.257683215130037,2,2
c4749ba6933734c7ed45,PH52-049,LONG_STRADDLE,development,01f752daf3bb0e90d7b1,2021-05-27,4,EXCLUDED_OHLC_RANGE_PROXY,False,OHLC_RANGE_PROXY_EXCEEDS_THRESHOLD,5.9999999999999964,2,2
c4749ba6933734c7ed45,PH52-049,LONG_STRADDLE,development,0ddaab2f8946678d3082,2021-12-09,4,EXCLUDED_OHLC_RANGE_PROXY,False,OHLC_RANGE_PROXY_EXCEEDS_THRESHOLD,10.596026490066224,2,2
c4749ba6933734c7ed45,PH52-049,LONG_STRADDLE,development,044eef05c3277601504c,2022-06-16,4,EXCLUDED_OHLC_RANGE_PROXY,False,OHLC_RANGE_PROXY_EXCEEDS_THRESHOLD,9.78260869565216,2,2
c4749ba6933734c7ed45,PH52-049,LONG_STRADDLE,development,307dafef42b72c870148,2022-12-15,4,EXCLUDED_OHLC_RANGE_PROXY,True,ELIGIBLE_FOR_OHLC_PRICE_REFERENCE_SIMULATION,3.63636363636364,2,2
c4749ba6933734c7ed45,PH52-049,LONG_STRADDLE,development,c8a686f986a21faa7ed5,2023-06-22,4,EXCLUDED_OHLC_RANGE_PROXY,False,OHLC_RANGE_PROXY_EXCEEDS_THRESHOLD,7.547169811320744,2,2
c4749ba6933734c7ed45,PH52-049,LONG_STRADDLE,development,84c7352397ed038c3ea2,2023-12-28,4,EXCLUDED_OHLC_RANGE_PROXY,False,OHLC_RANGE_PROXY_EXCEEDS_THRESHOLD,4.784688995215311,2,2
c4749ba6933734c7ed45,PH52-049,LONG_STRADDLE,validation,f104c6f1662847c5bbcc,2024-01-04,4,EXCLUDED_OHLC_RANGE_PROXY,False,OHLC_RANGE_PROXY_EXCEEDS_THRESHOLD,5.882352941176485,2,2
c4749ba6933734c7ed45,PH52-049,LONG_STRADDLE,validation,0cd34c6b63a9f995c503,2024-05-30,4,EXCLUDED_OHLC_RANGE_PROXY,False,OHLC_RANGE_PROXY_EXCEEDS_THRESHOLD,8.739837398373977,2,2
c4749ba6933734c7ed45,PH52-049,LONG_STRADDLE,validation,75007ced19cb5e12e01f,2024-10-17,4,EXCLUDED_OHLC_RANGE_PROXY,False,OHLC_RANGE_PROXY_EXCEEDS_THRESHOLD,15.302491103202849,2,2
c4749ba6933734c7ed45,PH52-049,LONG_STRADDLE,validation,8eb8f1add17ecb221cbd,2025-03-13,4,BLOCKED_LEG_ELIGIBILITY,False,REQUIRED_LEG_PRIOR_OI_BELOW_100,12.37113402061857,2,2
c4749ba6933734c7ed45,PH52-049,LONG_STRADDLE,validation,14d9997729e438213524,2025-07-31,4,BLOCKED_LEG_ELIGIBILITY,False,REQUIRED_LEG_PRIOR_OI_BELOW_100,12.385321100917428,2,2
c4749ba6933734c7ed45,PH52-049,LONG_STRADDLE,validation,4a919e0bde313b9b9ee1,2025-12-30,4,BLOCKED_LEG_ELIGIBILITY,False,REQUIRED_LEG_PRIOR_OI_BELOW_100,15.51724137931035,2,2
0a2c71c6e12e773afc2d,PH52-049,LONG_STRADDLE,development,ce8e12389ff297becff9,2021-05-27,4,EXCLUDED_OHLC_RANGE_PROXY,False,OHLC_RANGE_PROXY_EXCEEDS_THRESHOLD,10.322580645161288,2,2
0a2c71c6e12e773afc2d,PH52-049,LONG_STRADDLE,development,061c004245393c77b5c7,2021-12-09,4,EXCLUDED_OHLC_RANGE_PROXY,False,OHLC_RANGE_PROXY_EXCEEDS_THRESHOLD,9.48509485094851,2,2
0a2c71c6e12e773afc2d,PH52-049,LONG_STRADDLE,development,b58d771555d73891d2fd,2022-06-16,4,EXCLUDED_OHLC_RANGE_PROXY,False,OHLC_RANGE_PROXY_EXCEEDS_THRESHOLD,21.229050279329606,2,2
0a2c71c6e12e773afc2d,PH52-049,LONG_STRADDLE,development,8c9b97c314b368f7a743,2022-12-15,4,EXCLUDED_OHLC_RANGE_PROXY,False,OHLC_RANGE_PROXY_EXCEEDS_THRESHOLD,8.940852819807427,2,2
0a2c71c6e12e773afc2d,PH52-049,LONG_STRADDLE,development,b2b9482e70f4a2ace098,2023-06-22,4,EXCLUDED_OHLC_RANGE_PROXY,False,OHLC_RANGE_PROXY_EXCEEDS_THRESHOLD,11.874999999999991,2,2
0a2c71c6e12e773afc2d,PH52-049,LONG_STRADDLE,development,804301753400916af24f,2023-12-28,4,EXCLUDED_OHLC_RANGE_PROXY,False,OHLC_RANGE_PROXY_EXCEEDS_THRESHOLD,12.962962962962964,2,2
0a2c71c6e12e773afc2d,PH52-049,LONG_STRADDLE,validation,c1472f0b801661762bc6,2024-01-04,4,EXCLUDED_OHLC_RANGE_PROXY,False,OHLC_RANGE_PROXY_EXCEEDS_THRESHOLD,17.58241758241759,2,2
0a2c71c6e12e773afc2d,PH52-049,LONG_STRADDLE,validation,1d33307443bd39106f13,2024-05-30,4,EXCLUDED_OHLC_RANGE_PROXY,False,OHLC_RANGE_PROXY_EXCEEDS_THRESHOLD,12.436548223350252,2,2
0a2c71c6e12e773afc2d,PH52-049,LONG_STRADDLE,validation,50696f11ab0417607875,2024-10-17,4,EXCLUDED_OHLC_RANGE_PROXY,False,OHLC_RANGE_PROXY_EXCEEDS_THRESHOLD,17.857142857142858,2,2
0a2c71c6e12e773afc2d,PH52-049,LONG_STRADDLE,validation,58a4c4843286bd3943a2,2025-03-13,4,BLOCKED_LEG_ELIGIBILITY,False,REQUIRED_LEG_PRIOR_OI_BELOW_100,10.0,2,2
0a2c71c6e12e773afc2d,PH52-049,LONG_STRADDLE,validation,e5919e2053dc59805884,2025-07-31,4,BLOCKED_LEG_ELIGIBILITY,False,REQUIRED_LEG_PRIOR_OI_BELOW_100,27.142857142857146,2,2
0a2c71c6e12e773afc2d,PH52-049,LONG_STRADDLE,validation,2744fff722d389044d25,2025-12-30,4,EXCLUDED_OHLC_RANGE_PROXY,False,OHLC_RANGE_PROXY_EXCEEDS_THRESHOLD,11.363636363636365,2,2
2432b3ba491006a1f15a,PH52-049,LONG_STRADDLE,development,ce8e12389ff297becff9,2021-05-27,4,EXCLUDED_OHLC_RANGE_PROXY,False,OHLC_RANGE_PROXY_EXCEEDS_THRESHOLD,10.000000000000009,2,2
2432b3ba491006a1f15a,PH52-049,LONG_STRADDLE,development,061c004245393c77b5c7,2021-12-09,4,EXCLUDED_OHLC_RANGE_PROXY,False,OHLC_RANGE_PROXY_EXCEEDS_THRESHOLD,7.499999999999996,2,2
2432b3ba491006a1f15a,PH52-049,LONG_STRADDLE,development,b58d771555d73891d2fd,2022-06-16,4,EXCLUDED_OHLC_RANGE_PROXY,False,OHLC_RANGE_PROXY_EXCEEDS_THRESHOLD,21.73913043478261,2,2
2432b3ba491006a1f15a,PH52-049,LONG_STRADDLE,development,8c9b97c314b368f7a743,2022-12-15,4,EXCLUDED_OHLC_RANGE_PROXY,True,ELIGIBLE_FOR_OHLC_PRICE_REFERENCE_SIMULATION,3.741358275721845,2,2
2432b3ba491006a1f15a,PH52-049,LONG_STRADDLE,development,b2b9482e70f4a2ace098,2023-06-22,4,EXCLUDED_OHLC_RANGE_PROXY,False,OHLC_RANGE_PROXY_EXCEEDS_THRESHOLD,6.250000000000005,2,2
2432b3ba491006a1f15a,PH52-049,LONG_STRADDLE,development,804301753400916af24f,2023-12-28,4,EXCLUDED_OHLC_RANGE_PROXY,False,OHLC_RANGE_PROXY_EXCEEDS_THRESHOLD,9.803921568627452,2,2
2432b3ba491006a1f15a,PH52-049,LONG_STRADDLE,validation,c1472f0b801661762bc6,2024-01-04,4,EXCLUDED_OHLC_RANGE_PROXY,False,OHLC_RANGE_PROXY_EXCEEDS_THRESHOLD,15.384615384615381,2,2
2432b3ba491006a1f15a,PH52-049,LONG_STRADDLE,validation,1d33307443bd39106f13,2024-05-30,4,EXCLUDED_OHLC_RANGE_PROXY,False,OHLC_RANGE_PROXY_EXCEEDS_THRESHOLD,12.056737588652478,2,2
2432b3ba491006a1f15a,PH52-049,LONG_STRADDLE,validation,50696f11ab0417607875,2024-10-17,4,EXCLUDED_OHLC_RANGE_PROXY,False,OHLC_RANGE_PROXY_EXCEEDS_THRESHOLD,14.285714285714288,2,2
2432b3ba491006a1f15a,PH52-049,LONG_STRADDLE,validation,58a4c4843286bd3943a2,2025-03-13,4,BLOCKED_LEG_ELIGIBILITY,False,REQUIRED_LEG_PRIOR_OI_BELOW_100,8.510638297872347,2,2
2432b3ba491006a1f15a,PH52-049,LONG_STRADDLE,validation,e5919e2053dc59805884,2025-07-31,4,BLOCKED_LEG_ELIGIBILITY,False,REQUIRED_LEG_PRIOR_OI_BELOW_100,34.78260869565216,2,2
2432b3ba491006a1f15a,PH52-049,LONG_STRADDLE,validation,2744fff722d389044d25,2025-12-30,4,EXCLUDED_OHLC_RANGE_PROXY,False,OHLC_RANGE_PROXY_EXCEEDS_THRESHOLD,7.1428571428571495,2,2
722daeb1f1c06b54a1ee,PH52-061,LONG_STRANGLE,development,01f752daf3bb0e90d7b1,2021-05-27,4,EXCLUDED_OHLC_RANGE_PROXY,False,OHLC_RANGE_PROXY_EXCEEDS_THRESHOLD,5.2631578947368425,2,2
722daeb1f1c06b54a1ee,PH52-061,LONG_STRANGLE,development,0ddaab2f8946678d3082,2021-12-09,4,EXCLUDED_OHLC_RANGE_PROXY,False,OHLC_RANGE_PROXY_EXCEEDS_THRESHOLD,17.18213058419244,2,2
722daeb1f1c06b54a1ee,PH52-061,LONG_STRANGLE,development,044eef05c3277601504c,2022-06-16,4,EXCLUDED_OHLC_RANGE_PROXY,False,OHLC_RANGE_PROXY_EXCEEDS_THRESHOLD,13.354037267080747,2,2
722daeb1f1c06b54a1ee,PH52-061,LONG_STRANGLE,development,307dafef42b72c870148,2022-12-15,4,EXCLUDED_OHLC_RANGE_PROXY,False,OHLC_RANGE_PROXY_EXCEEDS_THRESHOLD,9.302325581395358,2,2
722daeb1f1c06b54a1ee,PH52-061,LONG_STRANGLE,development,c8a686f986a21faa7ed5,2023-06-22,4,EXCLUDED_OHLC_RANGE_PROXY,False,OHLC_RANGE_PROXY_EXCEEDS_THRESHOLD,11.021505376344088,2,2
722daeb1f1c06b54a1ee,PH52-061,LONG_STRANGLE,development,84c7352397ed038c3ea2,2023-12-28,4,EXCLUDED_OHLC_RANGE_PROXY,False,OHLC_RANGE_PROXY_EXCEEDS_THRESHOLD,4.437869822485207,2,2
722daeb1f1c06b54a1ee,PH52-061,LONG_STRANGLE,validation,f104c6f1662847c5bbcc,2024-01-04,4,EXCLUDED_OHLC_RANGE_PROXY,False,OHLC_RANGE_PROXY_EXCEEDS_THRESHOLD,10.970464135021087,2,2
722daeb1f1c06b54a1ee,PH52-061,LONG_STRANGLE,validation,0cd34c6b63a9f995c503,2024-05-30,4,EXCLUDED_OHLC_RANGE_PROXY,False,OHLC_RANGE_PROXY_EXCEEDS_THRESHOLD,10.26677445432497,2,2
722daeb1f1c06b54a1ee,PH52-061,LONG_STRANGLE,validation,75007ced19cb5e12e01f,2024-10-17,4,EXCLUDED_OHLC_RANGE_PROXY,False,OHLC_RANGE_PROXY_EXCEEDS_THRESHOLD,34.10326086956523,2,2
722daeb1f1c06b54a1ee,PH52-061,LONG_STRANGLE,validation,8eb8f1add17ecb221cbd,2025-03-13,4,BLOCKED_LEG_ELIGIBILITY,False,REQUIRED_LEG_PRIOR_OI_BELOW_100,14.285714285714286,2,2
722daeb1f1c06b54a1ee,PH52-061,LONG_STRANGLE,validation,14d9997729e438213524,2025-07-31,4,BLOCKED_LEG_ELIGIBILITY,False,REQUIRED_LEG_PRIOR_OI_BELOW_100,12.089810017271157,2,2
722daeb1f1c06b54a1ee,PH52-061,LONG_STRANGLE,validation,4a919e0bde313b9b9ee1,2025-12-30,4,BLOCKED_LEG_ELIGIBILITY,False,REQUIRED_LEG_PRIOR_OI_BELOW_100,17.257683215130037,2,2
2173cfebeda92408e9c0,PH52-061,LONG_STRANGLE,development,01f752daf3bb0e90d7b1,2021-05-27,4,EXCLUDED_OHLC_RANGE_PROXY,False,OHLC_RANGE_PROXY_EXCEEDS_THRESHOLD,6.329113924050633,2,2
2173cfebeda92408e9c0,PH52-061,LONG_STRANGLE,development,0ddaab2f8946678d3082,2021-12-09,4,EXCLUDED_OHLC_RANGE_PROXY,False,OHLC_RANGE_PROXY_EXCEEDS_THRESHOLD,20.888888888888886,2,2
2173cfebeda92408e9c0,PH52-061,LONG_STRANGLE,development,044eef05c3277601504c,2022-06-16,4,EXCLUDED_OHLC_RANGE_PROXY,False,OHLC_RANGE_PROXY_EXCEEDS_THRESHOLD,13.705583756345176,2,2
2173cfebeda92408e9c0,PH52-061,LONG_STRANGLE,development,307dafef42b72c870148,2022-12-15,4,EXCLUDED_OHLC_RANGE_PROXY,False,OHLC_RANGE_PROXY_EXCEEDS_THRESHOLD,8.771929824561402,2,2
2173cfebeda92408e9c0,PH52-061,LONG_STRANGLE,development,c8a686f986a21faa7ed5,2023-06-22,4,EXCLUDED_OHLC_RANGE_PROXY,False,OHLC_RANGE_PROXY_EXCEEDS_THRESHOLD,7.547169811320744,2,2
2173cfebeda92408e9c0,PH52-061,LONG_STRANGLE,development,84c7352397ed038c3ea2,2023-12-28,4,EXCLUDED_OHLC_RANGE_PROXY,False,OHLC_RANGE_PROXY_EXCEEDS_THRESHOLD,5.2044609665427455,2,2
2173cfebeda92408e9c0,PH52-061,LONG_STRANGLE,validation,f104c6f1662847c5bbcc,2024-01-04,4,EXCLUDED_OHLC_RANGE_PROXY,False,OHLC_RANGE_PROXY_EXCEEDS_THRESHOLD,12.90322580645161,2,2
2173cfebeda92408e9c0,PH52-061,LONG_STRANGLE,validation,0cd34c6b63a9f995c503,2024-05-30,4,EXCLUDED_OHLC_RANGE_PROXY,False,OHLC_RANGE_PROXY_EXCEEDS_THRESHOLD,12.335526315789474,2,2
2173cfebeda92408e9c0,PH52-061,LONG_STRANGLE,validation,75007ced19cb5e12e01f,2024-10-17,4,EXCLUDED_OHLC_RANGE_PROXY,False,OHLC_RANGE_PROXY_EXCEEDS_THRESHOLD,44.444444444444436,2,2
2173cfebeda92408e9c0,PH52-061,LONG_STRANGLE,validation,8eb8f1add17ecb221cbd,2025-03-13,4,BLOCKED_LEG_ELIGIBILITY,False,REQUIRED_LEG_PRIOR_OI_BELOW_100,12.37113402061857,2,2
2173cfebeda92408e9c0,PH52-061,LONG_STRANGLE,validation,14d9997729e438213524,2025-07-31,4,BLOCKED_LEG_ELIGIBILITY,False,REQUIRED_LEG_PRIOR_OI_BELOW_100,12.385321100917428,2,2
2173cfebeda92408e9c0,PH52-061,LONG_STRANGLE,validation,4a919e0bde313b9b9ee1,2025-12-30,4,BLOCKED_LEG_ELIGIBILITY,False,REQUIRED_LEG_PRIOR_OI_BELOW_100,15.51724137931035,2,2
2f22cd4cb483cbbd04af,PH52-061,LONG_STRANGLE,development,ce8e12389ff297becff9,2021-05-27,4,EXCLUDED_OHLC_RANGE_PROXY,False,OHLC_RANGE_PROXY_EXCEEDS_THRESHOLD,10.322580645161288,2,2
2f22cd4cb483cbbd04af,PH52-061,LONG_STRANGLE,development,061c004245393c77b5c7,2021-12-09,4,EXCLUDED_OHLC_RANGE_PROXY,False,OHLC_RANGE_PROXY_EXCEEDS_THRESHOLD,10.270270270270263,2,2
2f22cd4cb483cbbd04af,PH52-061,LONG_STRANGLE,development,b58d771555d73891d2fd,2022-06-16,4,EXCLUDED_OHLC_RANGE_PROXY,False,OHLC_RANGE_PROXY_EXCEEDS_THRESHOLD,25.89118198874296,2,2
2f22cd4cb483cbbd04af,PH52-061,LONG_STRANGLE,development,8c9b97c314b368f7a743,2022-12-15,4,EXCLUDED_OHLC_RANGE_PROXY,False,OHLC_RANGE_PROXY_EXCEEDS_THRESHOLD,16.250000000000007,2,2
2f22cd4cb483cbbd04af,PH52-061,LONG_STRANGLE,development,b2b9482e70f4a2ace098,2023-06-22,4,EXCLUDED_OHLC_RANGE_PROXY,False,OHLC_RANGE_PROXY_EXCEEDS_THRESHOLD,11.874999999999991,2,2
2f22cd4cb483cbbd04af,PH52-061,LONG_STRANGLE,development,804301753400916af24f,2023-12-28,4,EXCLUDED_OHLC_RANGE_PROXY,False,OHLC_RANGE_PROXY_EXCEEDS_THRESHOLD,13.793103448275865,2,2
2f22cd4cb483cbbd04af,PH52-061,LONG_STRANGLE,validation,c1472f0b801661762bc6,2024-01-04,4,EXCLUDED_OHLC_RANGE_PROXY,False,OHLC_RANGE_PROXY_EXCEEDS_THRESHOLD,17.58241758241759,2,2
2f22cd4cb483cbbd04af,PH52-061,LONG_STRANGLE,validation,1d33307443bd39106f13,2024-05-30,4,EXCLUDED_OHLC_RANGE_PROXY,False,OHLC_RANGE_PROXY_EXCEEDS_THRESHOLD,12.436548223350252,2,2
2f22cd4cb483cbbd04af,PH52-061,LONG_STRANGLE,validation,50696f11ab0417607875,2024-10-17,4,EXCLUDED_OHLC_RANGE_PROXY,False,OHLC_RANGE_PROXY_EXCEEDS_THRESHOLD,17.857142857142858,2,2
2f22cd4cb483cbbd04af,PH52-061,LONG_STRANGLE,validation,58a4c4843286bd3943a2,2025-03-13,4,BLOCKED_LEG_ELIGIBILITY,False,REQUIRED_LEG_PRIOR_OI_BELOW_100,14.736842105263161,2,2
2f22cd4cb483cbbd04af,PH52-061,LONG_STRANGLE,validation,e5919e2053dc59805884,2025-07-31,4,BLOCKED_LEG_ELIGIBILITY,False,REQUIRED_LEG_PRIOR_OI_BELOW_100,27.142857142857146,2,2
2f22cd4cb483cbbd04af,PH52-061,LONG_STRANGLE,validation,2744fff722d389044d25,2025-12-30,4,EXCLUDED_OHLC_RANGE_PROXY,False,OHLC_RANGE_PROXY_EXCEEDS_THRESHOLD,13.46153846153846,2,2
4bd35f1260b64365d38b,PH52-061,LONG_STRANGLE,development,ce8e12389ff297becff9,2021-05-27,4,EXCLUDED_OHLC_RANGE_PROXY,False,OHLC_RANGE_PROXY_EXCEEDS_THRESHOLD,10.000000000000009,2,2
4bd35f1260b64365d38b,PH52-061,LONG_STRANGLE,development,061c004245393c77b5c7,2021-12-09,4,EXCLUDED_OHLC_RANGE_PROXY,False,OHLC_RANGE_PROXY_EXCEEDS_THRESHOLD,7.499999999999996,2,2
4bd35f1260b64365d38b,PH52-061,LONG_STRANGLE,development,b58d771555d73891d2fd,2022-06-16,4,EXCLUDED_OHLC_RANGE_PROXY,False,OHLC_RANGE_PROXY_EXCEEDS_THRESHOLD,32.28346456692912,2,2
4bd35f1260b64365d38b,PH52-061,LONG_STRANGLE,development,8c9b97c314b368f7a743,2022-12-15,4,EXCLUDED_OHLC_RANGE_PROXY,False,OHLC_RANGE_PROXY_EXCEEDS_THRESHOLD,10.526315789473683,2,2
4bd35f1260b64365d38b,PH52-061,LONG_STRANGLE,development,b2b9482e70f4a2ace098,2023-06-22,4,EXCLUDED_OHLC_RANGE_PROXY,False,OHLC_RANGE_PROXY_EXCEEDS_THRESHOLD,11.111111111111104,2,2
4bd35f1260b64365d38b,PH52-061,LONG_STRANGLE,development,804301753400916af24f,2023-12-28,4,EXCLUDED_OHLC_RANGE_PROXY,False,OHLC_RANGE_PROXY_EXCEEDS_THRESHOLD,11.49425287356322,2,2
4bd35f1260b64365d38b,PH52-061,LONG_STRANGLE,validation,c1472f0b801661762bc6,2024-01-04,4,EXCLUDED_OHLC_RANGE_PROXY,False,OHLC_RANGE_PROXY_EXCEEDS_THRESHOLD,15.384615384615381,2,2
4bd35f1260b64365d38b,PH52-061,LONG_STRANGLE,validation,1d33307443bd39106f13,2024-05-30,4,EXCLUDED_OHLC_RANGE_PROXY,False,OHLC_RANGE_PROXY_EXCEEDS_THRESHOLD,12.056737588652478,2,2
4bd35f1260b64365d38b,PH52-061,LONG_STRANGLE,validation,50696f11ab0417607875,2024-10-17,4,EXCLUDED_OHLC_RANGE_PROXY,False,OHLC_RANGE_PROXY_EXCEEDS_THRESHOLD,14.285714285714288,2,2
4bd35f1260b64365d38b,PH52-061,LONG_STRANGLE,validation,58a4c4843286bd3943a2,2025-03-13,4,BLOCKED_LEG_ELIGIBILITY,False,REQUIRED_LEG_PRIOR_OI_BELOW_100,8.510638297872347,2,2
4bd35f1260b64365d38b,PH52-061,LONG_STRANGLE,validation,e5919e2053dc59805884,2025-07-31,4,BLOCKED_LEG_ELIGIBILITY,False,REQUIRED_LEG_PRIOR_OI_BELOW_100,34.78260869565216,2,2
4bd35f1260b64365d38b,PH52-061,LONG_STRANGLE,validation,2744fff722d389044d25,2025-12-30,4,EXCLUDED_OHLC_RANGE_PROXY,False,OHLC_RANGE_PROXY_EXCEEDS_THRESHOLD,10.526315789473683,2,2
89f52cd7e0b3bc8ec28c,PH52-073,SHORT_IRON_CONDOR,development,01f752daf3bb0e90d7b1,2021-05-27,4,EXCLUDED_OHLC_RANGE_PROXY,False,OHLC_RANGE_PROXY_EXCEEDS_THRESHOLD,5.448717948717936,4,4
89f52cd7e0b3bc8ec28c,PH52-073,SHORT_IRON_CONDOR,development,0ddaab2f8946678d3082,2021-12-09,4,EXCLUDED_OHLC_RANGE_PROXY,False,OHLC_RANGE_PROXY_EXCEEDS_THRESHOLD,19.444444444444443,4,4
89f52cd7e0b3bc8ec28c,PH52-073,SHORT_IRON_CONDOR,development,044eef05c3277601504c,2022-06-16,4,EXCLUDED_OHLC_RANGE_PROXY,False,OHLC_RANGE_PROXY_EXCEEDS_THRESHOLD,14.363143631436328,4,4
89f52cd7e0b3bc8ec28c,PH52-073,SHORT_IRON_CONDOR,development,307dafef42b72c870148,2022-12-15,4,EXCLUDED_OHLC_RANGE_PROXY,False,OHLC_RANGE_PROXY_EXCEEDS_THRESHOLD,10.144927536231886,4,4
89f52cd7e0b3bc8ec28c,PH52-073,SHORT_IRON_CONDOR,development,c8a686f986a21faa7ed5,2023-06-22,4,EXCLUDED_OHLC_RANGE_PROXY,False,OHLC_RANGE_PROXY_EXCEEDS_THRESHOLD,12.765957446808503,4,4
89f52cd7e0b3bc8ec28c,PH52-073,SHORT_IRON_CONDOR,development,84c7352397ed038c3ea2,2023-12-28,4,EXCLUDED_OHLC_RANGE_PROXY,False,OHLC_RANGE_PROXY_EXCEEDS_THRESHOLD,5.502392344497618,4,4
89f52cd7e0b3bc8ec28c,PH52-073,SHORT_IRON_CONDOR,validation,f104c6f1662847c5bbcc,2024-01-04,4,EXCLUDED_OHLC_RANGE_PROXY,False,OHLC_RANGE_PROXY_EXCEEDS_THRESHOLD,10.970464135021087,4,4
89f52cd7e0b3bc8ec28c,PH52-073,SHORT_IRON_CONDOR,validation,0cd34c6b63a9f995c503,2024-05-30,4,EXCLUDED_OHLC_RANGE_PROXY,False,OHLC_RANGE_PROXY_EXCEEDS_THRESHOLD,12.13151927437642,4,4
89f52cd7e0b3bc8ec28c,PH52-073,SHORT_IRON_CONDOR,validation,75007ced19cb5e12e01f,2024-10-17,4,EXCLUDED_OHLC_RANGE_PROXY,False,OHLC_RANGE_PROXY_EXCEEDS_THRESHOLD,38.80952380952382,4,4
89f52cd7e0b3bc8ec28c,PH52-073,SHORT_IRON_CONDOR,validation,8eb8f1add17ecb221cbd,2025-03-13,4,BLOCKED_LEG_ELIGIBILITY,False,REQUIRED_LEG_PRIOR_OI_BELOW_100,14.285714285714286,4,4
89f52cd7e0b3bc8ec28c,PH52-073,SHORT_IRON_CONDOR,validation,14d9997729e438213524,2025-07-31,4,BLOCKED_LEG_ELIGIBILITY,False,REQUIRED_LEG_PRIOR_OI_BELOW_100,14.367816091954024,4,4
89f52cd7e0b3bc8ec28c,PH52-073,SHORT_IRON_CONDOR,validation,4a919e0bde313b9b9ee1,2025-12-30,4,BLOCKED_LEG_ELIGIBILITY,False,REQUIRED_LEG_PRIOR_OI_BELOW_100,17.257683215130037,4,4
ed63864fa6c58959e82b,PH52-073,SHORT_IRON_CONDOR,development,01f752daf3bb0e90d7b1,2021-05-27,4,EXCLUDED_OHLC_RANGE_PROXY,False,OHLC_RANGE_PROXY_EXCEEDS_THRESHOLD,6.25,4,4
ed63864fa6c58959e82b,PH52-073,SHORT_IRON_CONDOR,development,0ddaab2f8946678d3082,2021-12-09,4,EXCLUDED_OHLC_RANGE_PROXY,False,OHLC_RANGE_PROXY_EXCEEDS_THRESHOLD,21.01449275362318,4,4
ed63864fa6c58959e82b,PH52-073,SHORT_IRON_CONDOR,development,044eef05c3277601504c,2022-06-16,4,EXCLUDED_OHLC_RANGE_PROXY,False,OHLC_RANGE_PROXY_EXCEEDS_THRESHOLD,13.354037267080747,4,4
ed63864fa6c58959e82b,PH52-073,SHORT_IRON_CONDOR,development,307dafef42b72c870148,2022-12-15,4,EXCLUDED_OHLC_RANGE_PROXY,False,OHLC_RANGE_PROXY_EXCEEDS_THRESHOLD,9.302325581395358,4,4
ed63864fa6c58959e82b,PH52-073,SHORT_IRON_CONDOR,development,c8a686f986a21faa7ed5,2023-06-22,4,EXCLUDED_OHLC_RANGE_PROXY,False,OHLC_RANGE_PROXY_EXCEEDS_THRESHOLD,11.021505376344088,4,4
ed63864fa6c58959e82b,PH52-073,SHORT_IRON_CONDOR,development,84c7352397ed038c3ea2,2023-12-28,4,EXCLUDED_OHLC_RANGE_PROXY,False,OHLC_RANGE_PROXY_EXCEEDS_THRESHOLD,5.681818181818182,4,4
ed63864fa6c58959e82b,PH52-073,SHORT_IRON_CONDOR,validation,f104c6f1662847c5bbcc,2024-01-04,4,EXCLUDED_OHLC_RANGE_PROXY,False,OHLC_RANGE_PROXY_EXCEEDS_THRESHOLD,10.970464135021087,4,4
ed63864fa6c58959e82b,PH52-073,SHORT_IRON_CONDOR,validation,0cd34c6b63a9f995c503,2024-05-30,4,EXCLUDED_OHLC_RANGE_PROXY,False,OHLC_RANGE_PROXY_EXCEEDS_THRESHOLD,14.496314496314492,4,4
ed63864fa6c58959e82b,PH52-073,SHORT_IRON_CONDOR,validation,75007ced19cb5e12e01f,2024-10-17,4,EXCLUDED_OHLC_RANGE_PROXY,False,OHLC_RANGE_PROXY_EXCEEDS_THRESHOLD,44.02985074626865,4,4
ed63864fa6c58959e82b,PH52-073,SHORT_IRON_CONDOR,validation,8eb8f1add17ecb221cbd,2025-03-13,4,BLOCKED_LEG_ELIGIBILITY,False,REQUIRED_LEG_PRIOR_OI_BELOW_100,14.285714285714286,4,4
ed63864fa6c58959e82b,PH52-073,SHORT_IRON_CONDOR,validation,14d9997729e438213524,2025-07-31,4,BLOCKED_LEG_ELIGIBILITY,False,REQUIRED_LEG_PRIOR_OI_BELOW_100,12.925170068027214,4,4
ed63864fa6c58959e82b,PH52-073,SHORT_IRON_CONDOR,validation,4a919e0bde313b9b9ee1,2025-12-30,4,BLOCKED_LEG_ELIGIBILITY,False,REQUIRED_LEG_PRIOR_OI_BELOW_100,17.257683215130037,4,4
d1522f8d7f12e8386fbd,PH52-073,SHORT_IRON_CONDOR,development,01f752daf3bb0e90d7b1,2021-05-27,4,EXCLUDED_OHLC_RANGE_PROXY,False,OHLC_RANGE_PROXY_EXCEEDS_THRESHOLD,6.329113924050633,4,4
d1522f8d7f12e8386fbd,PH52-073,SHORT_IRON_CONDOR,development,0ddaab2f8946678d3082,2021-12-09,4,EXCLUDED_OHLC_RANGE_PROXY,False,OHLC_RANGE_PROXY_EXCEEDS_THRESHOLD,21.01449275362318,4,4
d1522f8d7f12e8386fbd,PH52-073,SHORT_IRON_CONDOR,development,044eef05c3277601504c,2022-06-16,4,EXCLUDED_OHLC_RANGE_PROXY,False,OHLC_RANGE_PROXY_EXCEEDS_THRESHOLD,13.705583756345176,4,4
d1522f8d7f12e8386fbd,PH52-073,SHORT_IRON_CONDOR,development,307dafef42b72c870148,2022-12-15,4,EXCLUDED_OHLC_RANGE_PROXY,False,OHLC_RANGE_PROXY_EXCEEDS_THRESHOLD,8.771929824561402,4,4
d1522f8d7f12e8386fbd,PH52-073,SHORT_IRON_CONDOR,development,c8a686f986a21faa7ed5,2023-06-22,4,EXCLUDED_OHLC_RANGE_PROXY,False,OHLC_RANGE_PROXY_EXCEEDS_THRESHOLD,7.547169811320744,4,4
d1522f8d7f12e8386fbd,PH52-073,SHORT_IRON_CONDOR,development,84c7352397ed038c3ea2,2023-12-28,4,EXCLUDED_OHLC_RANGE_PROXY,False,OHLC_RANGE_PROXY_EXCEEDS_THRESHOLD,5.681818181818182,4,4
d1522f8d7f12e8386fbd,PH52-073,SHORT_IRON_CONDOR,validation,f104c6f1662847c5bbcc,2024-01-04,4,EXCLUDED_OHLC_RANGE_PROXY,False,OHLC_RANGE_PROXY_EXCEEDS_THRESHOLD,12.90322580645161,4,4
d1522f8d7f12e8386fbd,PH52-073,SHORT_IRON_CONDOR,validation,0cd34c6b63a9f995c503,2024-05-30,4,EXCLUDED_OHLC_RANGE_PROXY,False,OHLC_RANGE_PROXY_EXCEEDS_THRESHOLD,14.496314496314492,4,4
d1522f8d7f12e8386fbd,PH52-073,SHORT_IRON_CONDOR,validation,75007ced19cb5e12e01f,2024-10-17,4,EXCLUDED_OHLC_RANGE_PROXY,False,OHLC_RANGE_PROXY_EXCEEDS_THRESHOLD,44.444444444444436,4,4
d1522f8d7f12e8386fbd,PH52-073,SHORT_IRON_CONDOR,validation,8eb8f1add17ecb221cbd,2025-03-13,4,BLOCKED_LEG_ELIGIBILITY,False,REQUIRED_LEG_PRIOR_OI_BELOW_100,12.37113402061857,4,4
d1522f8d7f12e8386fbd,PH52-073,SHORT_IRON_CONDOR,validation,14d9997729e438213524,2025-07-31,4,BLOCKED_LEG_ELIGIBILITY,False,REQUIRED_LEG_PRIOR_OI_BELOW_100,12.925170068027214,4,4
d1522f8d7f12e8386fbd,PH52-073,SHORT_IRON_CONDOR,validation,4a919e0bde313b9b9ee1,2025-12-30,4,BLOCKED_LEG_ELIGIBILITY,False,REQUIRED_LEG_PRIOR_OI_BELOW_100,17.187500000000007,4,4
88f406f18831fffb35a5,PH52-073,SHORT_IRON_CONDOR,development,01f752daf3bb0e90d7b1,2021-05-27,4,EXCLUDED_OHLC_RANGE_PROXY,False,OHLC_RANGE_PROXY_EXCEEDS_THRESHOLD,9.677419354838703,4,4
88f406f18831fffb35a5,PH52-073,SHORT_IRON_CONDOR,development,0ddaab2f8946678d3082,2021-12-09,4,EXCLUDED_OHLC_RANGE_PROXY,False,OHLC_RANGE_PROXY_EXCEEDS_THRESHOLD,20.888888888888886,4,4
88f406f18831fffb35a5,PH52-073,SHORT_IRON_CONDOR,development,044eef05c3277601504c,2022-06-16,4,EXCLUDED_OHLC_RANGE_PROXY,False,OHLC_RANGE_PROXY_EXCEEDS_THRESHOLD,13.705583756345176,4,4
88f406f18831fffb35a5,PH52-073,SHORT_IRON_CONDOR,development,307dafef42b72c870148,2022-12-15,4,EXCLUDED_OHLC_RANGE_PROXY,False,OHLC_RANGE_PROXY_EXCEEDS_THRESHOLD,8.771929824561402,4,4
88f406f18831fffb35a5,PH52-073,SHORT_IRON_CONDOR,development,c8a686f986a21faa7ed5,2023-06-22,4,EXCLUDED_OHLC_RANGE_PROXY,False,OHLC_RANGE_PROXY_EXCEEDS_THRESHOLD,7.547169811320744,4,4
88f406f18831fffb35a5,PH52-073,SHORT_IRON_CONDOR,development,84c7352397ed038c3ea2,2023-12-28,4,EXCLUDED_OHLC_RANGE_PROXY,False,OHLC_RANGE_PROXY_EXCEEDS_THRESHOLD,5.2044609665427455,4,4
88f406f18831fffb35a5,PH52-073,SHORT_IRON_CONDOR,validation,f104c6f1662847c5bbcc,2024-01-04,4,EXCLUDED_OHLC_RANGE_PROXY,False,OHLC_RANGE_PROXY_EXCEEDS_THRESHOLD,12.90322580645161,4,4
88f406f18831fffb35a5,PH52-073,SHORT_IRON_CONDOR,validation,0cd34c6b63a9f995c503,2024-05-30,4,EXCLUDED_OHLC_RANGE_PROXY,False,OHLC_RANGE_PROXY_EXCEEDS_THRESHOLD,16.000000000000004,4,4
88f406f18831fffb35a5,PH52-073,SHORT_IRON_CONDOR,validation,75007ced19cb5e12e01f,2024-10-17,4,EXCLUDED_OHLC_RANGE_PROXY,False,OHLC_RANGE_PROXY_EXCEEDS_THRESHOLD,44.444444444444436,4,4
88f406f18831fffb35a5,PH52-073,SHORT_IRON_CONDOR,validation,8eb8f1add17ecb221cbd,2025-03-13,4,BLOCKED_LEG_ELIGIBILITY,False,REQUIRED_LEG_PRIOR_OI_BELOW_100,12.37113402061857,4,4
88f406f18831fffb35a5,PH52-073,SHORT_IRON_CONDOR,validation,14d9997729e438213524,2025-07-31,4,BLOCKED_LEG_ELIGIBILITY,False,REQUIRED_LEG_PRIOR_OI_BELOW_100,12.385321100917428,4,4
88f406f18831fffb35a5,PH52-073,SHORT_IRON_CONDOR,validation,4a919e0bde313b9b9ee1,2025-12-30,4,BLOCKED_LEG_ELIGIBILITY,False,REQUIRED_LEG_PRIOR_OI_BELOW_100,15.51724137931035,4,4
3bb7fb2966c25f63f7b8,PH52-073,SHORT_IRON_CONDOR,development,ce8e12389ff297becff9,2021-05-27,4,EXCLUDED_OHLC_RANGE_PROXY,False,OHLC_RANGE_PROXY_EXCEEDS_THRESHOLD,10.322580645161288,4,4
3bb7fb2966c25f63f7b8,PH52-073,SHORT_IRON_CONDOR,development,061c004245393c77b5c7,2021-12-09,4,EXCLUDED_OHLC_RANGE_PROXY,False,OHLC_RANGE_PROXY_EXCEEDS_THRESHOLD,10.270270270270263,4,4
3bb7fb2966c25f63f7b8,PH52-073,SHORT_IRON_CONDOR,development,b58d771555d73891d2fd,2022-06-16,4,EXCLUDED_OHLC_RANGE_PROXY,False,OHLC_RANGE_PROXY_EXCEEDS_THRESHOLD,32.28346456692915,4,4
3bb7fb2966c25f63f7b8,PH52-073,SHORT_IRON_CONDOR,development,8c9b97c314b368f7a743,2022-12-15,4,EXCLUDED_OHLC_RANGE_PROXY,False,OHLC_RANGE_PROXY_EXCEEDS_THRESHOLD,16.250000000000007,4,4
3bb7fb2966c25f63f7b8,PH52-073,SHORT_IRON_CONDOR,development,b2b9482e70f4a2ace098,2023-06-22,4,EXCLUDED_OHLC_RANGE_PROXY,False,OHLC_RANGE_PROXY_EXCEEDS_THRESHOLD,11.874999999999991,4,4
3bb7fb2966c25f63f7b8,PH52-073,SHORT_IRON_CONDOR,development,804301753400916af24f,2023-12-28,4,EXCLUDED_OHLC_RANGE_PROXY,False,OHLC_RANGE_PROXY_EXCEEDS_THRESHOLD,13.793103448275865,4,4
3bb7fb2966c25f63f7b8,PH52-073,SHORT_IRON_CONDOR,validation,c1472f0b801661762bc6,2024-01-04,4,EXCLUDED_OHLC_RANGE_PROXY,False,OHLC_RANGE_PROXY_EXCEEDS_THRESHOLD,17.58241758241759,4,4
3bb7fb2966c25f63f7b8,PH52-073,SHORT_IRON_CONDOR,validation,1d33307443bd39106f13,2024-05-30,4,EXCLUDED_OHLC_RANGE_PROXY,False,OHLC_RANGE_PROXY_EXCEEDS_THRESHOLD,12.436548223350252,4,4
3bb7fb2966c25f63f7b8,PH52-073,SHORT_IRON_CONDOR,validation,50696f11ab0417607875,2024-10-17,4,EXCLUDED_OHLC_RANGE_PROXY,False,OHLC_RANGE_PROXY_EXCEEDS_THRESHOLD,17.857142857142858,4,4
3bb7fb2966c25f63f7b8,PH52-073,SHORT_IRON_CONDOR,validation,58a4c4843286bd3943a2,2025-03-13,4,BLOCKED_LEG_ELIGIBILITY,False,REQUIRED_LEG_PRIOR_OI_BELOW_100,14.736842105263161,4,4
3bb7fb2966c25f63f7b8,PH52-073,SHORT_IRON_CONDOR,validation,e5919e2053dc59805884,2025-07-31,4,BLOCKED_LEG_ELIGIBILITY,False,REQUIRED_LEG_PRIOR_OI_BELOW_100,31.39158576051781,4,4
3bb7fb2966c25f63f7b8,PH52-073,SHORT_IRON_CONDOR,validation,2744fff722d389044d25,2025-12-30,4,EXCLUDED_OHLC_RANGE_PROXY,False,OHLC_RANGE_PROXY_EXCEEDS_THRESHOLD,13.46153846153846,4,4
afd015454460bea2a27d,PH52-073,SHORT_IRON_CONDOR,development,ce8e12389ff297becff9,2021-05-27,4,EXCLUDED_OHLC_RANGE_PROXY,False,OHLC_RANGE_PROXY_EXCEEDS_THRESHOLD,10.322580645161288,4,4
afd015454460bea2a27d,PH52-073,SHORT_IRON_CONDOR,development,061c004245393c77b5c7,2021-12-09,4,EXCLUDED_OHLC_RANGE_PROXY,False,OHLC_RANGE_PROXY_EXCEEDS_THRESHOLD,10.270270270270263,4,4
afd015454460bea2a27d,PH52-073,SHORT_IRON_CONDOR,development,b58d771555d73891d2fd,2022-06-16,4,EXCLUDED_OHLC_RANGE_PROXY,False,OHLC_RANGE_PROXY_EXCEEDS_THRESHOLD,25.89118198874296,4,4
afd015454460bea2a27d,PH52-073,SHORT_IRON_CONDOR,development,8c9b97c314b368f7a743,2022-12-15,4,EXCLUDED_OHLC_RANGE_PROXY,False,OHLC_RANGE_PROXY_EXCEEDS_THRESHOLD,16.250000000000007,4,4
afd015454460bea2a27d,PH52-073,SHORT_IRON_CONDOR,development,b2b9482e70f4a2ace098,2023-06-22,4,EXCLUDED_OHLC_RANGE_PROXY,False,OHLC_RANGE_PROXY_EXCEEDS_THRESHOLD,14.285714285714299,4,4
afd015454460bea2a27d,PH52-073,SHORT_IRON_CONDOR,development,804301753400916af24f,2023-12-28,4,EXCLUDED_OHLC_RANGE_PROXY,False,OHLC_RANGE_PROXY_EXCEEDS_THRESHOLD,13.793103448275865,4,4
afd015454460bea2a27d,PH52-073,SHORT_IRON_CONDOR,validation,c1472f0b801661762bc6,2024-01-04,4,EXCLUDED_OHLC_RANGE_PROXY,False,OHLC_RANGE_PROXY_EXCEEDS_THRESHOLD,17.58241758241759,4,4
afd015454460bea2a27d,PH52-073,SHORT_IRON_CONDOR,validation,1d33307443bd39106f13,2024-05-30,4,EXCLUDED_OHLC_RANGE_PROXY,False,OHLC_RANGE_PROXY_EXCEEDS_THRESHOLD,12.436548223350252,4,4
afd015454460bea2a27d,PH52-073,SHORT_IRON_CONDOR,validation,50696f11ab0417607875,2024-10-17,4,EXCLUDED_OHLC_RANGE_PROXY,False,OHLC_RANGE_PROXY_EXCEEDS_THRESHOLD,17.857142857142858,4,4
afd015454460bea2a27d,PH52-073,SHORT_IRON_CONDOR,validation,58a4c4843286bd3943a2,2025-03-13,4,BLOCKED_LEG_ELIGIBILITY,False,REQUIRED_LEG_PRIOR_OI_BELOW_100,14.736842105263161,4,4
afd015454460bea2a27d,PH52-073,SHORT_IRON_CONDOR,validation,e5919e2053dc59805884,2025-07-31,4,BLOCKED_LEG_ELIGIBILITY,False,REQUIRED_LEG_PRIOR_OI_BELOW_100,31.521739130434792,4,4
afd015454460bea2a27d,PH52-073,SHORT_IRON_CONDOR,validation,2744fff722d389044d25,2025-12-30,4,EXCLUDED_OHLC_RANGE_PROXY,False,OHLC_RANGE_PROXY_EXCEEDS_THRESHOLD,13.46153846153846,4,4
2f542b011d83f30b511e,PH52-073,SHORT_IRON_CONDOR,development,ce8e12389ff297becff9,2021-05-27,4,EXCLUDED_OHLC_RANGE_PROXY,False,OHLC_RANGE_PROXY_EXCEEDS_THRESHOLD,10.000000000000009,4,4
2f542b011d83f30b511e,PH52-073,SHORT_IRON_CONDOR,development,061c004245393c77b5c7,2021-12-09,4,EXCLUDED_OHLC_RANGE_PROXY,False,OHLC_RANGE_PROXY_EXCEEDS_THRESHOLD,9.090909090909086,4,4
2f542b011d83f30b511e,PH52-073,SHORT_IRON_CONDOR,development,b58d771555d73891d2fd,2022-06-16,4,EXCLUDED_OHLC_RANGE_PROXY,False,OHLC_RANGE_PROXY_EXCEEDS_THRESHOLD,32.28346456692912,4,4
2f542b011d83f30b511e,PH52-073,SHORT_IRON_CONDOR,development,8c9b97c314b368f7a743,2022-12-15,4,EXCLUDED_OHLC_RANGE_PROXY,False,OHLC_RANGE_PROXY_EXCEEDS_THRESHOLD,10.526315789473683,4,4
2f542b011d83f30b511e,PH52-073,SHORT_IRON_CONDOR,development,b2b9482e70f4a2ace098,2023-06-22,4,EXCLUDED_OHLC_RANGE_PROXY,False,OHLC_RANGE_PROXY_EXCEEDS_THRESHOLD,14.285714285714299,4,4
2f542b011d83f30b511e,PH52-073,SHORT_IRON_CONDOR,development,804301753400916af24f,2023-12-28,4,EXCLUDED_OHLC_RANGE_PROXY,False,OHLC_RANGE_PROXY_EXCEEDS_THRESHOLD,11.49425287356322,4,4
2f542b011d83f30b511e,PH52-073,SHORT_IRON_CONDOR,validation,c1472f0b801661762bc6,2024-01-04,4,EXCLUDED_OHLC_RANGE_PROXY,False,OHLC_RANGE_PROXY_EXCEEDS_THRESHOLD,15.384615384615381,4,4
2f542b011d83f30b511e,PH52-073,SHORT_IRON_CONDOR,validation,1d33307443bd39106f13,2024-05-30,4,EXCLUDED_OHLC_RANGE_PROXY,False,OHLC_RANGE_PROXY_EXCEEDS_THRESHOLD,12.22222222222222,4,4
2f542b011d83f30b511e,PH52-073,SHORT_IRON_CONDOR,validation,50696f11ab0417607875,2024-10-17,4,EXCLUDED_OHLC_RANGE_PROXY,False,OHLC_RANGE_PROXY_EXCEEDS_THRESHOLD,14.285714285714299,4,4
2f542b011d83f30b511e,PH52-073,SHORT_IRON_CONDOR,validation,58a4c4843286bd3943a2,2025-03-13,4,BLOCKED_LEG_ELIGIBILITY,False,REQUIRED_LEG_PRIOR_OI_BELOW_100,8.510638297872347,4,4
2f542b011d83f30b511e,PH52-073,SHORT_IRON_CONDOR,validation,e5919e2053dc59805884,2025-07-31,4,BLOCKED_LEG_ELIGIBILITY,False,REQUIRED_LEG_PRIOR_OI_BELOW_100,34.78260869565216,4,4
2f542b011d83f30b511e,PH52-073,SHORT_IRON_CONDOR,validation,2744fff722d389044d25,2025-12-30,4,EXCLUDED_OHLC_RANGE_PROXY,False,OHLC_RANGE_PROXY_EXCEEDS_THRESHOLD,12.50000000000001,4,4
8ac7e282e4555d32f4b1,PH52-073,SHORT_IRON_CONDOR,development,ce8e12389ff297becff9,2021-05-27,4,EXCLUDED_OHLC_RANGE_PROXY,False,OHLC_RANGE_PROXY_EXCEEDS_THRESHOLD,14.285714285714299,4,4
8ac7e282e4555d32f4b1,PH52-073,SHORT_IRON_CONDOR,development,061c004245393c77b5c7,2021-12-09,4,EXCLUDED_OHLC_RANGE_PROXY,False,OHLC_RANGE_PROXY_EXCEEDS_THRESHOLD,10.000000000000009,4,4
8ac7e282e4555d32f4b1,PH52-073,SHORT_IRON_CONDOR,development,b58d771555d73891d2fd,2022-06-16,4,EXCLUDED_OHLC_RANGE_PROXY,False,OHLC_RANGE_PROXY_EXCEEDS_THRESHOLD,32.28346456692912,4,4
8ac7e282e4555d32f4b1,PH52-073,SHORT_IRON_CONDOR,development,8c9b97c314b368f7a743,2022-12-15,4,EXCLUDED_OHLC_RANGE_PROXY,False,OHLC_RANGE_PROXY_EXCEEDS_THRESHOLD,22.22222222222223,4,4
8ac7e282e4555d32f4b1,PH52-073,SHORT_IRON_CONDOR,development,b2b9482e70f4a2ace098,2023-06-22,4,EXCLUDED_OHLC_RANGE_PROXY,False,OHLC_RANGE_PROXY_EXCEEDS_THRESHOLD,12.499999999999996,4,4
8ac7e282e4555d32f4b1,PH52-073,SHORT_IRON_CONDOR,development,804301753400916af24f,2023-12-28,4,EXCLUDED_OHLC_RANGE_PROXY,False,OHLC_RANGE_PROXY_EXCEEDS_THRESHOLD,11.49425287356322,4,4
8ac7e282e4555d32f4b1,PH52-073,SHORT_IRON_CONDOR,validation,c1472f0b801661762bc6,2024-01-04,4,EXCLUDED_OHLC_RANGE_PROXY,False,OHLC_RANGE_PROXY_EXCEEDS_THRESHOLD,19.999999999999996,4,4
8ac7e282e4555d32f4b1,PH52-073,SHORT_IRON_CONDOR,validation,1d33307443bd39106f13,2024-05-30,4,EXCLUDED_OHLC_RANGE_PROXY,False,OHLC_RANGE_PROXY_EXCEEDS_THRESHOLD,12.056737588652478,4,4
8ac7e282e4555d32f4b1,PH52-073,SHORT_IRON_CONDOR,validation,50696f11ab0417607875,2024-10-17,4,EXCLUDED_OHLC_RANGE_PROXY,False,OHLC_RANGE_PROXY_EXCEEDS_THRESHOLD,14.285714285714288,4,4
8ac7e282e4555d32f4b1,PH52-073,SHORT_IRON_CONDOR,validation,58a4c4843286bd3943a2,2025-03-13,4,BLOCKED_LEG_ELIGIBILITY,False,REQUIRED_LEG_PRIOR_OI_BELOW_100,10.000000000000009,4,4
8ac7e282e4555d32f4b1,PH52-073,SHORT_IRON_CONDOR,validation,e5919e2053dc59805884,2025-07-31,4,BLOCKED_LEG_ELIGIBILITY,False,REQUIRED_LEG_PRIOR_OI_BELOW_100,34.78260869565216,4,4
8ac7e282e4555d32f4b1,PH52-073,SHORT_IRON_CONDOR,validation,2744fff722d389044d25,2025-12-30,4,EXCLUDED_OHLC_RANGE_PROXY,False,OHLC_RANGE_PROXY_EXCEEDS_THRESHOLD,10.526315789473683,4,4
fe6add04f5cb79f886ae,PH52-043,BEAR_CALL_SPREAD,development,01f752daf3bb0e90d7b1,2021-05-27,5,EXCLUDED_OHLC_RANGE_PROXY,False,OHLC_RANGE_PROXY_EXCEEDS_THRESHOLD,5.384615384615379,2,2
fe6add04f5cb79f886ae,PH52-043,BEAR_CALL_SPREAD,development,0ddaab2f8946678d3082,2021-12-09,5,EXCLUDED_OHLC_RANGE_PROXY,False,OHLC_RANGE_PROXY_EXCEEDS_THRESHOLD,13.180515759312314,2,2
fe6add04f5cb79f886ae,PH52-043,BEAR_CALL_SPREAD,development,044eef05c3277601504c,2022-06-16,5,EXCLUDED_OHLC_RANGE_PROXY,False,OHLC_RANGE_PROXY_EXCEEDS_THRESHOLD,10.924369747899156,2,2
fe6add04f5cb79f886ae,PH52-043,BEAR_CALL_SPREAD,development,307dafef42b72c870148,2022-12-15,5,EXCLUDED_OHLC_RANGE_PROXY,False,OHLC_RANGE_PROXY_EXCEEDS_THRESHOLD,5.957446808510648,2,2
fe6add04f5cb79f886ae,PH52-043,BEAR_CALL_SPREAD,development,c8a686f986a21faa7ed5,2023-06-22,5,EXCLUDED_OHLC_RANGE_PROXY,False,OHLC_RANGE_PROXY_EXCEEDS_THRESHOLD,12.765957446808503,2,2
fe6add04f5cb79f886ae,PH52-043,BEAR_CALL_SPREAD,development,84c7352397ed038c3ea2,2023-12-28,5,EXCLUDED_OHLC_RANGE_PROXY,True,ELIGIBLE_FOR_OHLC_PRICE_REFERENCE_SIMULATION,4.511278195488715,2,2
fe6add04f5cb79f886ae,PH52-043,BEAR_CALL_SPREAD,validation,f104c6f1662847c5bbcc,2024-01-04,5,EXCLUDED_OHLC_RANGE_PROXY,False,OHLC_RANGE_PROXY_EXCEEDS_THRESHOLD,8.63309352517985,2,2
fe6add04f5cb79f886ae,PH52-043,BEAR_CALL_SPREAD,validation,0cd34c6b63a9f995c503,2024-05-30,5,EXCLUDED_OHLC_RANGE_PROXY,False,OHLC_RANGE_PROXY_EXCEEDS_THRESHOLD,8.391608391608392,2,2
fe6add04f5cb79f886ae,PH52-043,BEAR_CALL_SPREAD,validation,75007ced19cb5e12e01f,2024-10-17,5,EXCLUDED_OHLC_RANGE_PROXY,False,OHLC_RANGE_PROXY_EXCEEDS_THRESHOLD,17.452830188679247,2,2
fe6add04f5cb79f886ae,PH52-043,BEAR_CALL_SPREAD,validation,8eb8f1add17ecb221cbd,2025-03-13,5,BLOCKED_LEG_ELIGIBILITY,False,REQUIRED_LEG_PRIOR_OI_BELOW_100,14.285714285714286,2,2
fe6add04f5cb79f886ae,PH52-043,BEAR_CALL_SPREAD,validation,14d9997729e438213524,2025-07-31,5,BLOCKED_LEG_ELIGIBILITY,False,REQUIRED_LEG_PRIOR_OI_BELOW_100,14.367816091954024,2,2
fe6add04f5cb79f886ae,PH52-043,BEAR_CALL_SPREAD,validation,4a919e0bde313b9b9ee1,2025-12-30,5,BLOCKED_LEG_ELIGIBILITY,False,REQUIRED_LEG_PRIOR_OI_BELOW_100,17.257683215130037,2,2
7fbbaa60e31b671300e2,PH52-043,BEAR_CALL_SPREAD,development,01f752daf3bb0e90d7b1,2021-05-27,5,EXCLUDED_OHLC_RANGE_PROXY,False,OHLC_RANGE_PROXY_EXCEEDS_THRESHOLD,5.246913580246912,2,2
7fbbaa60e31b671300e2,PH52-043,BEAR_CALL_SPREAD,development,0ddaab2f8946678d3082,2021-12-09,5,EXCLUDED_OHLC_RANGE_PROXY,False,OHLC_RANGE_PROXY_EXCEEDS_THRESHOLD,11.158798283261808,2,2
7fbbaa60e31b671300e2,PH52-043,BEAR_CALL_SPREAD,development,044eef05c3277601504c,2022-06-16,5,EXCLUDED_OHLC_RANGE_PROXY,False,OHLC_RANGE_PROXY_EXCEEDS_THRESHOLD,10.736196319018415,2,2
7fbbaa60e31b671300e2,PH52-043,BEAR_CALL_SPREAD,development,307dafef42b72c870148,2022-12-15,5,EXCLUDED_OHLC_RANGE_PROXY,False,OHLC_RANGE_PROXY_EXCEEDS_THRESHOLD,5.957446808510648,2,2
7fbbaa60e31b671300e2,PH52-043,BEAR_CALL_SPREAD,development,c8a686f986a21faa7ed5,2023-06-22,5,EXCLUDED_OHLC_RANGE_PROXY,False,OHLC_RANGE_PROXY_EXCEEDS_THRESHOLD,11.021505376344088,2,2
7fbbaa60e31b671300e2,PH52-043,BEAR_CALL_SPREAD,development,84c7352397ed038c3ea2,2023-12-28,5,EXCLUDED_OHLC_RANGE_PROXY,True,ELIGIBLE_FOR_OHLC_PRICE_REFERENCE_SIMULATION,4.341736694677863,2,2
7fbbaa60e31b671300e2,PH52-043,BEAR_CALL_SPREAD,validation,f104c6f1662847c5bbcc,2024-01-04,5,EXCLUDED_OHLC_RANGE_PROXY,False,OHLC_RANGE_PROXY_EXCEEDS_THRESHOLD,6.666666666666658,2,2
7fbbaa60e31b671300e2,PH52-043,BEAR_CALL_SPREAD,validation,0cd34c6b63a9f995c503,2024-05-30,5,EXCLUDED_OHLC_RANGE_PROXY,False,OHLC_RANGE_PROXY_EXCEEDS_THRESHOLD,8.620689655172415,2,2
7fbbaa60e31b671300e2,PH52-043,BEAR_CALL_SPREAD,validation,75007ced19cb5e12e01f,2024-10-17,5,EXCLUDED_OHLC_RANGE_PROXY,False,OHLC_RANGE_PROXY_EXCEEDS_THRESHOLD,17.452830188679247,2,2
7fbbaa60e31b671300e2,PH52-043,BEAR_CALL_SPREAD,validation,8eb8f1add17ecb221cbd,2025-03-13,5,BLOCKED_LEG_ELIGIBILITY,False,REQUIRED_LEG_PRIOR_OI_BELOW_100,14.285714285714286,2,2
7fbbaa60e31b671300e2,PH52-043,BEAR_CALL_SPREAD,validation,14d9997729e438213524,2025-07-31,5,BLOCKED_LEG_ELIGIBILITY,False,REQUIRED_LEG_PRIOR_OI_BELOW_100,12.925170068027214,2,2
7fbbaa60e31b671300e2,PH52-043,BEAR_CALL_SPREAD,validation,4a919e0bde313b9b9ee1,2025-12-30,5,BLOCKED_LEG_ELIGIBILITY,False,REQUIRED_LEG_PRIOR_OI_BELOW_100,17.257683215130037,2,2
16d864e72053099b92bd,PH52-043,BEAR_CALL_SPREAD,development,01f752daf3bb0e90d7b1,2021-05-27,5,EXCLUDED_OHLC_RANGE_PROXY,False,OHLC_RANGE_PROXY_EXCEEDS_THRESHOLD,5.9999999999999964,2,2
16d864e72053099b92bd,PH52-043,BEAR_CALL_SPREAD,development,0ddaab2f8946678d3082,2021-12-09,5,EXCLUDED_OHLC_RANGE_PROXY,False,OHLC_RANGE_PROXY_EXCEEDS_THRESHOLD,10.596026490066224,2,2
16d864e72053099b92bd,PH52-043,BEAR_CALL_SPREAD,development,044eef05c3277601504c,2022-06-16,5,EXCLUDED_OHLC_RANGE_PROXY,False,OHLC_RANGE_PROXY_EXCEEDS_THRESHOLD,9.78260869565216,2,2
16d864e72053099b92bd,PH52-043,BEAR_CALL_SPREAD,development,307dafef42b72c870148,2022-12-15,5,EXCLUDED_OHLC_RANGE_PROXY,True,ELIGIBLE_FOR_OHLC_PRICE_REFERENCE_SIMULATION,3.63636363636364,2,2
16d864e72053099b92bd,PH52-043,BEAR_CALL_SPREAD,development,c8a686f986a21faa7ed5,2023-06-22,5,EXCLUDED_OHLC_RANGE_PROXY,False,OHLC_RANGE_PROXY_EXCEEDS_THRESHOLD,7.547169811320744,2,2
16d864e72053099b92bd,PH52-043,BEAR_CALL_SPREAD,development,84c7352397ed038c3ea2,2023-12-28,5,EXCLUDED_OHLC_RANGE_PROXY,True,ELIGIBLE_FOR_OHLC_PRICE_REFERENCE_SIMULATION,4.784688995215311,2,2
16d864e72053099b92bd,PH52-043,BEAR_CALL_SPREAD,validation,f104c6f1662847c5bbcc,2024-01-04,5,EXCLUDED_OHLC_RANGE_PROXY,False,OHLC_RANGE_PROXY_EXCEEDS_THRESHOLD,5.882352941176485,2,2
16d864e72053099b92bd,PH52-043,BEAR_CALL_SPREAD,validation,0cd34c6b63a9f995c503,2024-05-30,5,EXCLUDED_OHLC_RANGE_PROXY,False,OHLC_RANGE_PROXY_EXCEEDS_THRESHOLD,8.739837398373977,2,2
16d864e72053099b92bd,PH52-043,BEAR_CALL_SPREAD,validation,75007ced19cb5e12e01f,2024-10-17,5,EXCLUDED_OHLC_RANGE_PROXY,False,OHLC_RANGE_PROXY_EXCEEDS_THRESHOLD,15.302491103202849,2,2
16d864e72053099b92bd,PH52-043,BEAR_CALL_SPREAD,validation,8eb8f1add17ecb221cbd,2025-03-13,5,BLOCKED_LEG_ELIGIBILITY,False,REQUIRED_LEG_PRIOR_OI_BELOW_100,12.37113402061857,2,2
16d864e72053099b92bd,PH52-043,BEAR_CALL_SPREAD,validation,14d9997729e438213524,2025-07-31,5,BLOCKED_LEG_ELIGIBILITY,False,REQUIRED_LEG_PRIOR_OI_BELOW_100,12.925170068027214,2,2
16d864e72053099b92bd,PH52-043,BEAR_CALL_SPREAD,validation,4a919e0bde313b9b9ee1,2025-12-30,5,BLOCKED_LEG_ELIGIBILITY,False,REQUIRED_LEG_PRIOR_OI_BELOW_100,17.187500000000007,2,2
996fe2c49ae57ab7d9a0,PH52-043,BEAR_CALL_SPREAD,development,01f752daf3bb0e90d7b1,2021-05-27,5,EXCLUDED_OHLC_RANGE_PROXY,False,OHLC_RANGE_PROXY_EXCEEDS_THRESHOLD,5.9999999999999964,2,2
996fe2c49ae57ab7d9a0,PH52-043,BEAR_CALL_SPREAD,development,0ddaab2f8946678d3082,2021-12-09,5,EXCLUDED_OHLC_RANGE_PROXY,False,OHLC_RANGE_PROXY_EXCEEDS_THRESHOLD,10.596026490066224,2,2
996fe2c49ae57ab7d9a0,PH52-043,BEAR_CALL_SPREAD,development,044eef05c3277601504c,2022-06-16,5,EXCLUDED_OHLC_RANGE_PROXY,False,OHLC_RANGE_PROXY_EXCEEDS_THRESHOLD,9.78260869565216,2,2
996fe2c49ae57ab7d9a0,PH52-043,BEAR_CALL_SPREAD,development,307dafef42b72c870148,2022-12-15,5,EXCLUDED_OHLC_RANGE_PROXY,True,ELIGIBLE_FOR_OHLC_PRICE_REFERENCE_SIMULATION,3.8461538461538494,2,2
996fe2c49ae57ab7d9a0,PH52-043,BEAR_CALL_SPREAD,development,c8a686f986a21faa7ed5,2023-06-22,5,EXCLUDED_OHLC_RANGE_PROXY,False,OHLC_RANGE_PROXY_EXCEEDS_THRESHOLD,7.547169811320744,2,2
996fe2c49ae57ab7d9a0,PH52-043,BEAR_CALL_SPREAD,development,84c7352397ed038c3ea2,2023-12-28,5,EXCLUDED_OHLC_RANGE_PROXY,True,ELIGIBLE_FOR_OHLC_PRICE_REFERENCE_SIMULATION,4.784688995215311,2,2
996fe2c49ae57ab7d9a0,PH52-043,BEAR_CALL_SPREAD,validation,f104c6f1662847c5bbcc,2024-01-04,5,EXCLUDED_OHLC_RANGE_PROXY,False,OHLC_RANGE_PROXY_EXCEEDS_THRESHOLD,7.1428571428571335,2,2
996fe2c49ae57ab7d9a0,PH52-043,BEAR_CALL_SPREAD,validation,0cd34c6b63a9f995c503,2024-05-30,5,EXCLUDED_OHLC_RANGE_PROXY,False,OHLC_RANGE_PROXY_EXCEEDS_THRESHOLD,8.739837398373977,2,2
996fe2c49ae57ab7d9a0,PH52-043,BEAR_CALL_SPREAD,validation,75007ced19cb5e12e01f,2024-10-17,5,EXCLUDED_OHLC_RANGE_PROXY,False,OHLC_RANGE_PROXY_EXCEEDS_THRESHOLD,15.302491103202849,2,2
996fe2c49ae57ab7d9a0,PH52-043,BEAR_CALL_SPREAD,validation,8eb8f1add17ecb221cbd,2025-03-13,5,BLOCKED_LEG_ELIGIBILITY,False,REQUIRED_LEG_PRIOR_OI_BELOW_100,12.37113402061857,2,2
996fe2c49ae57ab7d9a0,PH52-043,BEAR_CALL_SPREAD,validation,14d9997729e438213524,2025-07-31,5,BLOCKED_LEG_ELIGIBILITY,False,REQUIRED_LEG_PRIOR_OI_BELOW_100,12.385321100917428,2,2
996fe2c49ae57ab7d9a0,PH52-043,BEAR_CALL_SPREAD,validation,4a919e0bde313b9b9ee1,2025-12-30,5,BLOCKED_LEG_ELIGIBILITY,False,REQUIRED_LEG_PRIOR_OI_BELOW_100,15.51724137931035,2,2
60c2d16b969965ff2b15,PH52-043,BEAR_CALL_SPREAD,development,ce8e12389ff297becff9,2021-05-27,5,EXCLUDED_OHLC_RANGE_PROXY,False,OHLC_RANGE_PROXY_EXCEEDS_THRESHOLD,10.322580645161288,2,2
60c2d16b969965ff2b15,PH52-043,BEAR_CALL_SPREAD,development,061c004245393c77b5c7,2021-12-09,5,EXCLUDED_OHLC_RANGE_PROXY,False,OHLC_RANGE_PROXY_EXCEEDS_THRESHOLD,9.48509485094851,2,2
60c2d16b969965ff2b15,PH52-043,BEAR_CALL_SPREAD,development,b58d771555d73891d2fd,2022-06-16,5,EXCLUDED_OHLC_RANGE_PROXY,False,OHLC_RANGE_PROXY_EXCEEDS_THRESHOLD,22.22222222222222,2,2
60c2d16b969965ff2b15,PH52-043,BEAR_CALL_SPREAD,development,8c9b97c314b368f7a743,2022-12-15,5,EXCLUDED_OHLC_RANGE_PROXY,False,OHLC_RANGE_PROXY_EXCEEDS_THRESHOLD,8.231707317073157,2,2
60c2d16b969965ff2b15,PH52-043,BEAR_CALL_SPREAD,development,b2b9482e70f4a2ace098,2023-06-22,5,EXCLUDED_OHLC_RANGE_PROXY,False,OHLC_RANGE_PROXY_EXCEEDS_THRESHOLD,11.874999999999991,2,2
60c2d16b969965ff2b15,PH52-043,BEAR_CALL_SPREAD,development,804301753400916af24f,2023-12-28,5,EXCLUDED_OHLC_RANGE_PROXY,False,OHLC_RANGE_PROXY_EXCEEDS_THRESHOLD,12.962962962962964,2,2
60c2d16b969965ff2b15,PH52-043,BEAR_CALL_SPREAD,validation,c1472f0b801661762bc6,2024-01-04,5,EXCLUDED_OHLC_RANGE_PROXY,False,OHLC_RANGE_PROXY_EXCEEDS_THRESHOLD,17.58241758241759,2,2
60c2d16b969965ff2b15,PH52-043,BEAR_CALL_SPREAD,validation,1d33307443bd39106f13,2024-05-30,5,EXCLUDED_OHLC_RANGE_PROXY,False,OHLC_RANGE_PROXY_EXCEEDS_THRESHOLD,12.436548223350252,2,2
60c2d16b969965ff2b15,PH52-043,BEAR_CALL_SPREAD,validation,50696f11ab0417607875,2024-10-17,5,EXCLUDED_OHLC_RANGE_PROXY,False,OHLC_RANGE_PROXY_EXCEEDS_THRESHOLD,17.857142857142858,2,2
60c2d16b969965ff2b15,PH52-043,BEAR_CALL_SPREAD,validation,58a4c4843286bd3943a2,2025-03-13,5,BLOCKED_LEG_ELIGIBILITY,False,REQUIRED_LEG_PRIOR_OI_BELOW_100,10.0,2,2
60c2d16b969965ff2b15,PH52-043,BEAR_CALL_SPREAD,validation,e5919e2053dc59805884,2025-07-31,5,BLOCKED_LEG_ELIGIBILITY,False,REQUIRED_LEG_PRIOR_OI_BELOW_100,31.39158576051781,2,2
60c2d16b969965ff2b15,PH52-043,BEAR_CALL_SPREAD,validation,2744fff722d389044d25,2025-12-30,5,EXCLUDED_OHLC_RANGE_PROXY,False,OHLC_RANGE_PROXY_EXCEEDS_THRESHOLD,11.363636363636365,2,2
f96abfc5c945c889729f,PH52-043,BEAR_CALL_SPREAD,development,ce8e12389ff297becff9,2021-05-27,5,EXCLUDED_OHLC_RANGE_PROXY,False,OHLC_RANGE_PROXY_EXCEEDS_THRESHOLD,10.322580645161288,2,2
f96abfc5c945c889729f,PH52-043,BEAR_CALL_SPREAD,development,061c004245393c77b5c7,2021-12-09,5,EXCLUDED_OHLC_RANGE_PROXY,False,OHLC_RANGE_PROXY_EXCEEDS_THRESHOLD,9.48509485094851,2,2
f96abfc5c945c889729f,PH52-043,BEAR_CALL_SPREAD,development,b58d771555d73891d2fd,2022-06-16,5,EXCLUDED_OHLC_RANGE_PROXY,False,OHLC_RANGE_PROXY_EXCEEDS_THRESHOLD,21.229050279329606,2,2
f96abfc5c945c889729f,PH52-043,BEAR_CALL_SPREAD,development,8c9b97c314b368f7a743,2022-12-15,5,EXCLUDED_OHLC_RANGE_PROXY,False,OHLC_RANGE_PROXY_EXCEEDS_THRESHOLD,8.231707317073157,2,2
f96abfc5c945c889729f,PH52-043,BEAR_CALL_SPREAD,development,b2b9482e70f4a2ace098,2023-06-22,5,EXCLUDED_OHLC_RANGE_PROXY,False,OHLC_RANGE_PROXY_EXCEEDS_THRESHOLD,11.874999999999991,2,2
f96abfc5c945c889729f,PH52-043,BEAR_CALL_SPREAD,development,804301753400916af24f,2023-12-28,5,EXCLUDED_OHLC_RANGE_PROXY,False,OHLC_RANGE_PROXY_EXCEEDS_THRESHOLD,12.962962962962964,2,2
f96abfc5c945c889729f,PH52-043,BEAR_CALL_SPREAD,validation,c1472f0b801661762bc6,2024-01-04,5,EXCLUDED_OHLC_RANGE_PROXY,False,OHLC_RANGE_PROXY_EXCEEDS_THRESHOLD,17.58241758241759,2,2
f96abfc5c945c889729f,PH52-043,BEAR_CALL_SPREAD,validation,1d33307443bd39106f13,2024-05-30,5,EXCLUDED_OHLC_RANGE_PROXY,False,OHLC_RANGE_PROXY_EXCEEDS_THRESHOLD,12.436548223350252,2,2
f96abfc5c945c889729f,PH52-043,BEAR_CALL_SPREAD,validation,50696f11ab0417607875,2024-10-17,5,EXCLUDED_OHLC_RANGE_PROXY,False,OHLC_RANGE_PROXY_EXCEEDS_THRESHOLD,17.857142857142858,2,2
f96abfc5c945c889729f,PH52-043,BEAR_CALL_SPREAD,validation,58a4c4843286bd3943a2,2025-03-13,5,BLOCKED_LEG_ELIGIBILITY,False,REQUIRED_LEG_PRIOR_OI_BELOW_100,10.0,2,2
f96abfc5c945c889729f,PH52-043,BEAR_CALL_SPREAD,validation,e5919e2053dc59805884,2025-07-31,5,BLOCKED_LEG_ELIGIBILITY,False,REQUIRED_LEG_PRIOR_OI_BELOW_100,31.521739130434792,2,2
f96abfc5c945c889729f,PH52-043,BEAR_CALL_SPREAD,validation,2744fff722d389044d25,2025-12-30,5,EXCLUDED_OHLC_RANGE_PROXY,False,OHLC_RANGE_PROXY_EXCEEDS_THRESHOLD,11.363636363636365,2,2
31945d66866929a2f44e,PH52-043,BEAR_CALL_SPREAD,development,ce8e12389ff297becff9,2021-05-27,5,EXCLUDED_OHLC_RANGE_PROXY,False,OHLC_RANGE_PROXY_EXCEEDS_THRESHOLD,10.000000000000009,2,2
31945d66866929a2f44e,PH52-043,BEAR_CALL_SPREAD,development,061c004245393c77b5c7,2021-12-09,5,EXCLUDED_OHLC_RANGE_PROXY,False,OHLC_RANGE_PROXY_EXCEEDS_THRESHOLD,7.499999999999996,2,2
31945d66866929a2f44e,PH52-043,BEAR_CALL_SPREAD,development,b58d771555d73891d2fd,2022-06-16,5,EXCLUDED_OHLC_RANGE_PROXY,False,OHLC_RANGE_PROXY_EXCEEDS_THRESHOLD,21.73913043478261,2,2
31945d66866929a2f44e,PH52-043,BEAR_CALL_SPREAD,development,8c9b97c314b368f7a743,2022-12-15,5,EXCLUDED_OHLC_RANGE_PROXY,False,OHLC_RANGE_PROXY_EXCEEDS_THRESHOLD,7.142857142857159,2,2
31945d66866929a2f44e,PH52-043,BEAR_CALL_SPREAD,development,b2b9482e70f4a2ace098,2023-06-22,5,EXCLUDED_OHLC_RANGE_PROXY,False,OHLC_RANGE_PROXY_EXCEEDS_THRESHOLD,8.695652173913052,2,2
31945d66866929a2f44e,PH52-043,BEAR_CALL_SPREAD,development,804301753400916af24f,2023-12-28,5,EXCLUDED_OHLC_RANGE_PROXY,False,OHLC_RANGE_PROXY_EXCEEDS_THRESHOLD,9.803921568627452,2,2
31945d66866929a2f44e,PH52-043,BEAR_CALL_SPREAD,validation,c1472f0b801661762bc6,2024-01-04,5,EXCLUDED_OHLC_RANGE_PROXY,False,OHLC_RANGE_PROXY_EXCEEDS_THRESHOLD,15.384615384615381,2,2
31945d66866929a2f44e,PH52-043,BEAR_CALL_SPREAD,validation,1d33307443bd39106f13,2024-05-30,5,EXCLUDED_OHLC_RANGE_PROXY,False,OHLC_RANGE_PROXY_EXCEEDS_THRESHOLD,12.22222222222222,2,2
31945d66866929a2f44e,PH52-043,BEAR_CALL_SPREAD,validation,50696f11ab0417607875,2024-10-17,5,EXCLUDED_OHLC_RANGE_PROXY,False,OHLC_RANGE_PROXY_EXCEEDS_THRESHOLD,14.285714285714299,2,2
31945d66866929a2f44e,PH52-043,BEAR_CALL_SPREAD,validation,58a4c4843286bd3943a2,2025-03-13,5,BLOCKED_LEG_ELIGIBILITY,False,REQUIRED_LEG_PRIOR_OI_BELOW_100,8.510638297872347,2,2
31945d66866929a2f44e,PH52-043,BEAR_CALL_SPREAD,validation,e5919e2053dc59805884,2025-07-31,5,BLOCKED_LEG_ELIGIBILITY,False,REQUIRED_LEG_PRIOR_OI_BELOW_100,34.78260869565216,2,2
31945d66866929a2f44e,PH52-043,BEAR_CALL_SPREAD,validation,2744fff722d389044d25,2025-12-30,5,EXCLUDED_OHLC_RANGE_PROXY,False,OHLC_RANGE_PROXY_EXCEEDS_THRESHOLD,8.333333333333341,2,2
1a0635bb11fffe02e510,PH52-043,BEAR_CALL_SPREAD,development,ce8e12389ff297becff9,2021-05-27,5,EXCLUDED_OHLC_RANGE_PROXY,False,OHLC_RANGE_PROXY_EXCEEDS_THRESHOLD,14.285714285714299,2,2
1a0635bb11fffe02e510,PH52-043,BEAR_CALL_SPREAD,development,061c004245393c77b5c7,2021-12-09,5,EXCLUDED_OHLC_RANGE_PROXY,False,OHLC_RANGE_PROXY_EXCEEDS_THRESHOLD,9.090909090909099,2,2
1a0635bb11fffe02e510,PH52-043,BEAR_CALL_SPREAD,development,b58d771555d73891d2fd,2022-06-16,5,EXCLUDED_OHLC_RANGE_PROXY,False,OHLC_RANGE_PROXY_EXCEEDS_THRESHOLD,21.73913043478261,2,2
1a0635bb11fffe02e510,PH52-043,BEAR_CALL_SPREAD,development,8c9b97c314b368f7a743,2022-12-15,5,EXCLUDED_OHLC_RANGE_PROXY,False,OHLC_RANGE_PROXY_EXCEEDS_THRESHOLD,8.571428571428566,2,2
1a0635bb11fffe02e510,PH52-043,BEAR_CALL_SPREAD,development,b2b9482e70f4a2ace098,2023-06-22,5,EXCLUDED_OHLC_RANGE_PROXY,False,OHLC_RANGE_PROXY_EXCEEDS_THRESHOLD,6.250000000000005,2,2
1a0635bb11fffe02e510,PH52-043,BEAR_CALL_SPREAD,development,804301753400916af24f,2023-12-28,5,EXCLUDED_OHLC_RANGE_PROXY,False,OHLC_RANGE_PROXY_EXCEEDS_THRESHOLD,9.803921568627452,2,2
1a0635bb11fffe02e510,PH52-043,BEAR_CALL_SPREAD,validation,c1472f0b801661762bc6,2024-01-04,5,EXCLUDED_OHLC_RANGE_PROXY,False,OHLC_RANGE_PROXY_EXCEEDS_THRESHOLD,19.999999999999996,2,2
1a0635bb11fffe02e510,PH52-043,BEAR_CALL_SPREAD,validation,1d33307443bd39106f13,2024-05-30,5,EXCLUDED_OHLC_RANGE_PROXY,False,OHLC_RANGE_PROXY_EXCEEDS_THRESHOLD,12.056737588652478,2,2
1a0635bb11fffe02e510,PH52-043,BEAR_CALL_SPREAD,validation,50696f11ab0417607875,2024-10-17,5,EXCLUDED_OHLC_RANGE_PROXY,False,OHLC_RANGE_PROXY_EXCEEDS_THRESHOLD,14.285714285714288,2,2
1a0635bb11fffe02e510,PH52-043,BEAR_CALL_SPREAD,validation,58a4c4843286bd3943a2,2025-03-13,5,BLOCKED_LEG_ELIGIBILITY,False,REQUIRED_LEG_PRIOR_OI_BELOW_100,8.510638297872347,2,2
1a0635bb11fffe02e510,PH52-043,BEAR_CALL_SPREAD,validation,e5919e2053dc59805884,2025-07-31,5,BLOCKED_LEG_ELIGIBILITY,False,REQUIRED_LEG_PRIOR_OI_BELOW_100,34.78260869565216,2,2
1a0635bb11fffe02e510,PH52-043,BEAR_CALL_SPREAD,validation,2744fff722d389044d25,2025-12-30,5,EXCLUDED_OHLC_RANGE_PROXY,False,OHLC_RANGE_PROXY_EXCEEDS_THRESHOLD,7.1428571428571495,2,2
060d90e4f65e45f6cff8,PH52-025,BULL_CALL_SPREAD,development,01f752daf3bb0e90d7b1,2021-05-27,5,EXCLUDED_OHLC_RANGE_PROXY,False,OHLC_RANGE_PROXY_EXCEEDS_THRESHOLD,5.384615384615379,2,2
060d90e4f65e45f6cff8,PH52-025,BULL_CALL_SPREAD,development,0ddaab2f8946678d3082,2021-12-09,5,EXCLUDED_OHLC_RANGE_PROXY,False,OHLC_RANGE_PROXY_EXCEEDS_THRESHOLD,13.180515759312314,2,2
060d90e4f65e45f6cff8,PH52-025,BULL_CALL_SPREAD,development,044eef05c3277601504c,2022-06-16,5,EXCLUDED_OHLC_RANGE_PROXY,False,OHLC_RANGE_PROXY_EXCEEDS_THRESHOLD,10.924369747899156,2,2
060d90e4f65e45f6cff8,PH52-025,BULL_CALL_SPREAD,development,307dafef42b72c870148,2022-12-15,5,EXCLUDED_OHLC_RANGE_PROXY,False,OHLC_RANGE_PROXY_EXCEEDS_THRESHOLD,5.957446808510648,2,2
060d90e4f65e45f6cff8,PH52-025,BULL_CALL_SPREAD,development,c8a686f986a21faa7ed5,2023-06-22,5,EXCLUDED_OHLC_RANGE_PROXY,False,OHLC_RANGE_PROXY_EXCEEDS_THRESHOLD,12.765957446808503,2,2
060d90e4f65e45f6cff8,PH52-025,BULL_CALL_SPREAD,development,84c7352397ed038c3ea2,2023-12-28,5,EXCLUDED_OHLC_RANGE_PROXY,True,ELIGIBLE_FOR_OHLC_PRICE_REFERENCE_SIMULATION,4.511278195488715,2,2
060d90e4f65e45f6cff8,PH52-025,BULL_CALL_SPREAD,validation,f104c6f1662847c5bbcc,2024-01-04,5,EXCLUDED_OHLC_RANGE_PROXY,False,OHLC_RANGE_PROXY_EXCEEDS_THRESHOLD,8.63309352517985,2,2
060d90e4f65e45f6cff8,PH52-025,BULL_CALL_SPREAD,validation,0cd34c6b63a9f995c503,2024-05-30,5,EXCLUDED_OHLC_RANGE_PROXY,False,OHLC_RANGE_PROXY_EXCEEDS_THRESHOLD,8.391608391608392,2,2
060d90e4f65e45f6cff8,PH52-025,BULL_CALL_SPREAD,validation,75007ced19cb5e12e01f,2024-10-17,5,EXCLUDED_OHLC_RANGE_PROXY,False,OHLC_RANGE_PROXY_EXCEEDS_THRESHOLD,17.452830188679247,2,2
060d90e4f65e45f6cff8,PH52-025,BULL_CALL_SPREAD,validation,8eb8f1add17ecb221cbd,2025-03-13,5,BLOCKED_LEG_ELIGIBILITY,False,REQUIRED_LEG_PRIOR_OI_BELOW_100,14.285714285714286,2,2
060d90e4f65e45f6cff8,PH52-025,BULL_CALL_SPREAD,validation,14d9997729e438213524,2025-07-31,5,BLOCKED_LEG_ELIGIBILITY,False,REQUIRED_LEG_PRIOR_OI_BELOW_100,14.367816091954024,2,2
060d90e4f65e45f6cff8,PH52-025,BULL_CALL_SPREAD,validation,4a919e0bde313b9b9ee1,2025-12-30,5,BLOCKED_LEG_ELIGIBILITY,False,REQUIRED_LEG_PRIOR_OI_BELOW_100,17.257683215130037,2,2
15e3134481edf2a4beeb,PH52-025,BULL_CALL_SPREAD,development,01f752daf3bb0e90d7b1,2021-05-27,5,EXCLUDED_OHLC_RANGE_PROXY,False,OHLC_RANGE_PROXY_EXCEEDS_THRESHOLD,5.246913580246912,2,2
15e3134481edf2a4beeb,PH52-025,BULL_CALL_SPREAD,development,0ddaab2f8946678d3082,2021-12-09,5,EXCLUDED_OHLC_RANGE_PROXY,False,OHLC_RANGE_PROXY_EXCEEDS_THRESHOLD,11.158798283261808,2,2
15e3134481edf2a4beeb,PH52-025,BULL_CALL_SPREAD,development,044eef05c3277601504c,2022-06-16,5,EXCLUDED_OHLC_RANGE_PROXY,False,OHLC_RANGE_PROXY_EXCEEDS_THRESHOLD,10.736196319018415,2,2
15e3134481edf2a4beeb,PH52-025,BULL_CALL_SPREAD,development,307dafef42b72c870148,2022-12-15,5,EXCLUDED_OHLC_RANGE_PROXY,False,OHLC_RANGE_PROXY_EXCEEDS_THRESHOLD,5.957446808510648,2,2
15e3134481edf2a4beeb,PH52-025,BULL_CALL_SPREAD,development,c8a686f986a21faa7ed5,2023-06-22,5,EXCLUDED_OHLC_RANGE_PROXY,False,OHLC_RANGE_PROXY_EXCEEDS_THRESHOLD,11.021505376344088,2,2
15e3134481edf2a4beeb,PH52-025,BULL_CALL_SPREAD,development,84c7352397ed038c3ea2,2023-12-28,5,EXCLUDED_OHLC_RANGE_PROXY,True,ELIGIBLE_FOR_OHLC_PRICE_REFERENCE_SIMULATION,4.341736694677863,2,2
15e3134481edf2a4beeb,PH52-025,BULL_CALL_SPREAD,validation,f104c6f1662847c5bbcc,2024-01-04,5,EXCLUDED_OHLC_RANGE_PROXY,False,OHLC_RANGE_PROXY_EXCEEDS_THRESHOLD,6.666666666666658,2,2
15e3134481edf2a4beeb,PH52-025,BULL_CALL_SPREAD,validation,0cd34c6b63a9f995c503,2024-05-30,5,EXCLUDED_OHLC_RANGE_PROXY,False,OHLC_RANGE_PROXY_EXCEEDS_THRESHOLD,8.620689655172415,2,2
15e3134481edf2a4beeb,PH52-025,BULL_CALL_SPREAD,validation,75007ced19cb5e12e01f,2024-10-17,5,EXCLUDED_OHLC_RANGE_PROXY,False,OHLC_RANGE_PROXY_EXCEEDS_THRESHOLD,17.452830188679247,2,2
15e3134481edf2a4beeb,PH52-025,BULL_CALL_SPREAD,validation,8eb8f1add17ecb221cbd,2025-03-13,5,BLOCKED_LEG_ELIGIBILITY,False,REQUIRED_LEG_PRIOR_OI_BELOW_100,14.285714285714286,2,2
15e3134481edf2a4beeb,PH52-025,BULL_CALL_SPREAD,validation,14d9997729e438213524,2025-07-31,5,BLOCKED_LEG_ELIGIBILITY,False,REQUIRED_LEG_PRIOR_OI_BELOW_100,12.925170068027214,2,2
15e3134481edf2a4beeb,PH52-025,BULL_CALL_SPREAD,validation,4a919e0bde313b9b9ee1,2025-12-30,5,BLOCKED_LEG_ELIGIBILITY,False,REQUIRED_LEG_PRIOR_OI_BELOW_100,17.257683215130037,2,2
f32415bb61dd6e9f83f2,PH52-025,BULL_CALL_SPREAD,development,01f752daf3bb0e90d7b1,2021-05-27,5,EXCLUDED_OHLC_RANGE_PROXY,False,OHLC_RANGE_PROXY_EXCEEDS_THRESHOLD,5.9999999999999964,2,2
f32415bb61dd6e9f83f2,PH52-025,BULL_CALL_SPREAD,development,0ddaab2f8946678d3082,2021-12-09,5,EXCLUDED_OHLC_RANGE_PROXY,False,OHLC_RANGE_PROXY_EXCEEDS_THRESHOLD,10.596026490066224,2,2
f32415bb61dd6e9f83f2,PH52-025,BULL_CALL_SPREAD,development,044eef05c3277601504c,2022-06-16,5,EXCLUDED_OHLC_RANGE_PROXY,False,OHLC_RANGE_PROXY_EXCEEDS_THRESHOLD,9.78260869565216,2,2
f32415bb61dd6e9f83f2,PH52-025,BULL_CALL_SPREAD,development,307dafef42b72c870148,2022-12-15,5,EXCLUDED_OHLC_RANGE_PROXY,True,ELIGIBLE_FOR_OHLC_PRICE_REFERENCE_SIMULATION,3.63636363636364,2,2
f32415bb61dd6e9f83f2,PH52-025,BULL_CALL_SPREAD,development,c8a686f986a21faa7ed5,2023-06-22,5,EXCLUDED_OHLC_RANGE_PROXY,False,OHLC_RANGE_PROXY_EXCEEDS_THRESHOLD,7.547169811320744,2,2
f32415bb61dd6e9f83f2,PH52-025,BULL_CALL_SPREAD,development,84c7352397ed038c3ea2,2023-12-28,5,EXCLUDED_OHLC_RANGE_PROXY,True,ELIGIBLE_FOR_OHLC_PRICE_REFERENCE_SIMULATION,4.784688995215311,2,2
f32415bb61dd6e9f83f2,PH52-025,BULL_CALL_SPREAD,validation,f104c6f1662847c5bbcc,2024-01-04,5,EXCLUDED_OHLC_RANGE_PROXY,False,OHLC_RANGE_PROXY_EXCEEDS_THRESHOLD,5.882352941176485,2,2
f32415bb61dd6e9f83f2,PH52-025,BULL_CALL_SPREAD,validation,0cd34c6b63a9f995c503,2024-05-30,5,EXCLUDED_OHLC_RANGE_PROXY,False,OHLC_RANGE_PROXY_EXCEEDS_THRESHOLD,8.739837398373977,2,2
f32415bb61dd6e9f83f2,PH52-025,BULL_CALL_SPREAD,validation,75007ced19cb5e12e01f,2024-10-17,5,EXCLUDED_OHLC_RANGE_PROXY,False,OHLC_RANGE_PROXY_EXCEEDS_THRESHOLD,15.302491103202849,2,2
f32415bb61dd6e9f83f2,PH52-025,BULL_CALL_SPREAD,validation,8eb8f1add17ecb221cbd,2025-03-13,5,BLOCKED_LEG_ELIGIBILITY,False,REQUIRED_LEG_PRIOR_OI_BELOW_100,12.37113402061857,2,2
f32415bb61dd6e9f83f2,PH52-025,BULL_CALL_SPREAD,validation,14d9997729e438213524,2025-07-31,5,BLOCKED_LEG_ELIGIBILITY,False,REQUIRED_LEG_PRIOR_OI_BELOW_100,12.925170068027214,2,2
f32415bb61dd6e9f83f2,PH52-025,BULL_CALL_SPREAD,validation,4a919e0bde313b9b9ee1,2025-12-30,5,BLOCKED_LEG_ELIGIBILITY,False,REQUIRED_LEG_PRIOR_OI_BELOW_100,17.187500000000007,2,2
9373cc117634bae8f765,PH52-025,BULL_CALL_SPREAD,development,01f752daf3bb0e90d7b1,2021-05-27,5,EXCLUDED_OHLC_RANGE_PROXY,False,OHLC_RANGE_PROXY_EXCEEDS_THRESHOLD,5.9999999999999964,2,2
9373cc117634bae8f765,PH52-025,BULL_CALL_SPREAD,development,0ddaab2f8946678d3082,2021-12-09,5,EXCLUDED_OHLC_RANGE_PROXY,False,OHLC_RANGE_PROXY_EXCEEDS_THRESHOLD,10.596026490066224,2,2
9373cc117634bae8f765,PH52-025,BULL_CALL_SPREAD,development,044eef05c3277601504c,2022-06-16,5,EXCLUDED_OHLC_RANGE_PROXY,False,OHLC_RANGE_PROXY_EXCEEDS_THRESHOLD,9.78260869565216,2,2
9373cc117634bae8f765,PH52-025,BULL_CALL_SPREAD,development,307dafef42b72c870148,2022-12-15,5,EXCLUDED_OHLC_RANGE_PROXY,True,ELIGIBLE_FOR_OHLC_PRICE_REFERENCE_SIMULATION,3.8461538461538494,2,2
9373cc117634bae8f765,PH52-025,BULL_CALL_SPREAD,development,c8a686f986a21faa7ed5,2023-06-22,5,EXCLUDED_OHLC_RANGE_PROXY,False,OHLC_RANGE_PROXY_EXCEEDS_THRESHOLD,7.547169811320744,2,2
9373cc117634bae8f765,PH52-025,BULL_CALL_SPREAD,development,84c7352397ed038c3ea2,2023-12-28,5,EXCLUDED_OHLC_RANGE_PROXY,True,ELIGIBLE_FOR_OHLC_PRICE_REFERENCE_SIMULATION,4.784688995215311,2,2
9373cc117634bae8f765,PH52-025,BULL_CALL_SPREAD,validation,f104c6f1662847c5bbcc,2024-01-04,5,EXCLUDED_OHLC_RANGE_PROXY,False,OHLC_RANGE_PROXY_EXCEEDS_THRESHOLD,7.1428571428571335,2,2
9373cc117634bae8f765,PH52-025,BULL_CALL_SPREAD,validation,0cd34c6b63a9f995c503,2024-05-30,5,EXCLUDED_OHLC_RANGE_PROXY,False,OHLC_RANGE_PROXY_EXCEEDS_THRESHOLD,8.739837398373977,2,2
9373cc117634bae8f765,PH52-025,BULL_CALL_SPREAD,validation,75007ced19cb5e12e01f,2024-10-17,5,EXCLUDED_OHLC_RANGE_PROXY,False,OHLC_RANGE_PROXY_EXCEEDS_THRESHOLD,15.302491103202849,2,2
9373cc117634bae8f765,PH52-025,BULL_CALL_SPREAD,validation,8eb8f1add17ecb221cbd,2025-03-13,5,BLOCKED_LEG_ELIGIBILITY,False,REQUIRED_LEG_PRIOR_OI_BELOW_100,12.37113402061857,2,2
9373cc117634bae8f765,PH52-025,BULL_CALL_SPREAD,validation,14d9997729e438213524,2025-07-31,5,BLOCKED_LEG_ELIGIBILITY,False,REQUIRED_LEG_PRIOR_OI_BELOW_100,12.385321100917428,2,2
9373cc117634bae8f765,PH52-025,BULL_CALL_SPREAD,validation,4a919e0bde313b9b9ee1,2025-12-30,5,BLOCKED_LEG_ELIGIBILITY,False,REQUIRED_LEG_PRIOR_OI_BELOW_100,15.51724137931035,2,2
739fae891dcde1c84104,PH52-025,BULL_CALL_SPREAD,development,ce8e12389ff297becff9,2021-05-27,5,EXCLUDED_OHLC_RANGE_PROXY,False,OHLC_RANGE_PROXY_EXCEEDS_THRESHOLD,10.322580645161288,2,2
739fae891dcde1c84104,PH52-025,BULL_CALL_SPREAD,development,061c004245393c77b5c7,2021-12-09,5,EXCLUDED_OHLC_RANGE_PROXY,False,OHLC_RANGE_PROXY_EXCEEDS_THRESHOLD,9.48509485094851,2,2
739fae891dcde1c84104,PH52-025,BULL_CALL_SPREAD,development,b58d771555d73891d2fd,2022-06-16,5,EXCLUDED_OHLC_RANGE_PROXY,False,OHLC_RANGE_PROXY_EXCEEDS_THRESHOLD,22.22222222222222,2,2
739fae891dcde1c84104,PH52-025,BULL_CALL_SPREAD,development,8c9b97c314b368f7a743,2022-12-15,5,EXCLUDED_OHLC_RANGE_PROXY,False,OHLC_RANGE_PROXY_EXCEEDS_THRESHOLD,8.231707317073157,2,2
739fae891dcde1c84104,PH52-025,BULL_CALL_SPREAD,development,b2b9482e70f4a2ace098,2023-06-22,5,EXCLUDED_OHLC_RANGE_PROXY,False,OHLC_RANGE_PROXY_EXCEEDS_THRESHOLD,11.874999999999991,2,2
739fae891dcde1c84104,PH52-025,BULL_CALL_SPREAD,development,804301753400916af24f,2023-12-28,5,EXCLUDED_OHLC_RANGE_PROXY,False,OHLC_RANGE_PROXY_EXCEEDS_THRESHOLD,12.962962962962964,2,2
739fae891dcde1c84104,PH52-025,BULL_CALL_SPREAD,validation,c1472f0b801661762bc6,2024-01-04,5,EXCLUDED_OHLC_RANGE_PROXY,False,OHLC_RANGE_PROXY_EXCEEDS_THRESHOLD,17.58241758241759,2,2
739fae891dcde1c84104,PH52-025,BULL_CALL_SPREAD,validation,1d33307443bd39106f13,2024-05-30,5,EXCLUDED_OHLC_RANGE_PROXY,False,OHLC_RANGE_PROXY_EXCEEDS_THRESHOLD,12.436548223350252,2,2
739fae891dcde1c84104,PH52-025,BULL_CALL_SPREAD,validation,50696f11ab0417607875,2024-10-17,5,EXCLUDED_OHLC_RANGE_PROXY,False,OHLC_RANGE_PROXY_EXCEEDS_THRESHOLD,17.857142857142858,2,2
739fae891dcde1c84104,PH52-025,BULL_CALL_SPREAD,validation,58a4c4843286bd3943a2,2025-03-13,5,BLOCKED_LEG_ELIGIBILITY,False,REQUIRED_LEG_PRIOR_OI_BELOW_100,10.0,2,2
739fae891dcde1c84104,PH52-025,BULL_CALL_SPREAD,validation,e5919e2053dc59805884,2025-07-31,5,BLOCKED_LEG_ELIGIBILITY,False,REQUIRED_LEG_PRIOR_OI_BELOW_100,31.39158576051781,2,2
739fae891dcde1c84104,PH52-025,BULL_CALL_SPREAD,validation,2744fff722d389044d25,2025-12-30,5,EXCLUDED_OHLC_RANGE_PROXY,False,OHLC_RANGE_PROXY_EXCEEDS_THRESHOLD,11.363636363636365,2,2
ad24b0d8ca9a87353e8a,PH52-025,BULL_CALL_SPREAD,development,ce8e12389ff297becff9,2021-05-27,5,EXCLUDED_OHLC_RANGE_PROXY,False,OHLC_RANGE_PROXY_EXCEEDS_THRESHOLD,10.322580645161288,2,2
ad24b0d8ca9a87353e8a,PH52-025,BULL_CALL_SPREAD,development,061c004245393c77b5c7,2021-12-09,5,EXCLUDED_OHLC_RANGE_PROXY,False,OHLC_RANGE_PROXY_EXCEEDS_THRESHOLD,9.48509485094851,2,2
ad24b0d8ca9a87353e8a,PH52-025,BULL_CALL_SPREAD,development,b58d771555d73891d2fd,2022-06-16,5,EXCLUDED_OHLC_RANGE_PROXY,False,OHLC_RANGE_PROXY_EXCEEDS_THRESHOLD,21.229050279329606,2,2
ad24b0d8ca9a87353e8a,PH52-025,BULL_CALL_SPREAD,development,8c9b97c314b368f7a743,2022-12-15,5,EXCLUDED_OHLC_RANGE_PROXY,False,OHLC_RANGE_PROXY_EXCEEDS_THRESHOLD,8.231707317073157,2,2
ad24b0d8ca9a87353e8a,PH52-025,BULL_CALL_SPREAD,development,b2b9482e70f4a2ace098,2023-06-22,5,EXCLUDED_OHLC_RANGE_PROXY,False,OHLC_RANGE_PROXY_EXCEEDS_THRESHOLD,11.874999999999991,2,2
ad24b0d8ca9a87353e8a,PH52-025,BULL_CALL_SPREAD,development,804301753400916af24f,2023-12-28,5,EXCLUDED_OHLC_RANGE_PROXY,False,OHLC_RANGE_PROXY_EXCEEDS_THRESHOLD,12.962962962962964,2,2
ad24b0d8ca9a87353e8a,PH52-025,BULL_CALL_SPREAD,validation,c1472f0b801661762bc6,2024-01-04,5,EXCLUDED_OHLC_RANGE_PROXY,False,OHLC_RANGE_PROXY_EXCEEDS_THRESHOLD,17.58241758241759,2,2
ad24b0d8ca9a87353e8a,PH52-025,BULL_CALL_SPREAD,validation,1d33307443bd39106f13,2024-05-30,5,EXCLUDED_OHLC_RANGE_PROXY,False,OHLC_RANGE_PROXY_EXCEEDS_THRESHOLD,12.436548223350252,2,2
ad24b0d8ca9a87353e8a,PH52-025,BULL_CALL_SPREAD,validation,50696f11ab0417607875,2024-10-17,5,EXCLUDED_OHLC_RANGE_PROXY,False,OHLC_RANGE_PROXY_EXCEEDS_THRESHOLD,17.857142857142858,2,2
ad24b0d8ca9a87353e8a,PH52-025,BULL_CALL_SPREAD,validation,58a4c4843286bd3943a2,2025-03-13,5,BLOCKED_LEG_ELIGIBILITY,False,REQUIRED_LEG_PRIOR_OI_BELOW_100,10.0,2,2
ad24b0d8ca9a87353e8a,PH52-025,BULL_CALL_SPREAD,validation,e5919e2053dc59805884,2025-07-31,5,BLOCKED_LEG_ELIGIBILITY,False,REQUIRED_LEG_PRIOR_OI_BELOW_100,31.521739130434792,2,2
ad24b0d8ca9a87353e8a,PH52-025,BULL_CALL_SPREAD,validation,2744fff722d389044d25,2025-12-30,5,EXCLUDED_OHLC_RANGE_PROXY,False,OHLC_RANGE_PROXY_EXCEEDS_THRESHOLD,11.363636363636365,2,2
cf6ec0b712b4aff6231f,PH52-025,BULL_CALL_SPREAD,development,ce8e12389ff297becff9,2021-05-27,5,EXCLUDED_OHLC_RANGE_PROXY,False,OHLC_RANGE_PROXY_EXCEEDS_THRESHOLD,10.000000000000009,2,2
cf6ec0b712b4aff6231f,PH52-025,BULL_CALL_SPREAD,development,061c004245393c77b5c7,2021-12-09,5,EXCLUDED_OHLC_RANGE_PROXY,False,OHLC_RANGE_PROXY_EXCEEDS_THRESHOLD,7.499999999999996,2,2
cf6ec0b712b4aff6231f,PH52-025,BULL_CALL_SPREAD,development,b58d771555d73891d2fd,2022-06-16,5,EXCLUDED_OHLC_RANGE_PROXY,False,OHLC_RANGE_PROXY_EXCEEDS_THRESHOLD,21.73913043478261,2,2
cf6ec0b712b4aff6231f,PH52-025,BULL_CALL_SPREAD,development,8c9b97c314b368f7a743,2022-12-15,5,EXCLUDED_OHLC_RANGE_PROXY,False,OHLC_RANGE_PROXY_EXCEEDS_THRESHOLD,7.142857142857159,2,2
cf6ec0b712b4aff6231f,PH52-025,BULL_CALL_SPREAD,development,b2b9482e70f4a2ace098,2023-06-22,5,EXCLUDED_OHLC_RANGE_PROXY,False,OHLC_RANGE_PROXY_EXCEEDS_THRESHOLD,8.695652173913052,2,2
cf6ec0b712b4aff6231f,PH52-025,BULL_CALL_SPREAD,development,804301753400916af24f,2023-12-28,5,EXCLUDED_OHLC_RANGE_PROXY,False,OHLC_RANGE_PROXY_EXCEEDS_THRESHOLD,9.803921568627452,2,2
cf6ec0b712b4aff6231f,PH52-025,BULL_CALL_SPREAD,validation,c1472f0b801661762bc6,2024-01-04,5,EXCLUDED_OHLC_RANGE_PROXY,False,OHLC_RANGE_PROXY_EXCEEDS_THRESHOLD,15.384615384615381,2,2
cf6ec0b712b4aff6231f,PH52-025,BULL_CALL_SPREAD,validation,1d33307443bd39106f13,2024-05-30,5,EXCLUDED_OHLC_RANGE_PROXY,False,OHLC_RANGE_PROXY_EXCEEDS_THRESHOLD,12.22222222222222,2,2
cf6ec0b712b4aff6231f,PH52-025,BULL_CALL_SPREAD,validation,50696f11ab0417607875,2024-10-17,5,EXCLUDED_OHLC_RANGE_PROXY,False,OHLC_RANGE_PROXY_EXCEEDS_THRESHOLD,14.285714285714299,2,2
cf6ec0b712b4aff6231f,PH52-025,BULL_CALL_SPREAD,validation,58a4c4843286bd3943a2,2025-03-13,5,BLOCKED_LEG_ELIGIBILITY,False,REQUIRED_LEG_PRIOR_OI_BELOW_100,8.510638297872347,2,2
cf6ec0b712b4aff6231f,PH52-025,BULL_CALL_SPREAD,validation,e5919e2053dc59805884,2025-07-31,5,BLOCKED_LEG_ELIGIBILITY,False,REQUIRED_LEG_PRIOR_OI_BELOW_100,34.78260869565216,2,2
cf6ec0b712b4aff6231f,PH52-025,BULL_CALL_SPREAD,validation,2744fff722d389044d25,2025-12-30,5,EXCLUDED_OHLC_RANGE_PROXY,False,OHLC_RANGE_PROXY_EXCEEDS_THRESHOLD,8.333333333333341,2,2
a4f8558870d4a10947fe,PH52-025,BULL_CALL_SPREAD,development,ce8e12389ff297becff9,2021-05-27,5,EXCLUDED_OHLC_RANGE_PROXY,False,OHLC_RANGE_PROXY_EXCEEDS_THRESHOLD,14.285714285714299,2,2
a4f8558870d4a10947fe,PH52-025,BULL_CALL_SPREAD,development,061c004245393c77b5c7,2021-12-09,5,EXCLUDED_OHLC_RANGE_PROXY,False,OHLC_RANGE_PROXY_EXCEEDS_THRESHOLD,9.090909090909099,2,2
a4f8558870d4a10947fe,PH52-025,BULL_CALL_SPREAD,development,b58d771555d73891d2fd,2022-06-16,5,EXCLUDED_OHLC_RANGE_PROXY,False,OHLC_RANGE_PROXY_EXCEEDS_THRESHOLD,21.73913043478261,2,2
a4f8558870d4a10947fe,PH52-025,BULL_CALL_SPREAD,development,8c9b97c314b368f7a743,2022-12-15,5,EXCLUDED_OHLC_RANGE_PROXY,False,OHLC_RANGE_PROXY_EXCEEDS_THRESHOLD,8.571428571428566,2,2
a4f8558870d4a10947fe,PH52-025,BULL_CALL_SPREAD,development,b2b9482e70f4a2ace098,2023-06-22,5,EXCLUDED_OHLC_RANGE_PROXY,False,OHLC_RANGE_PROXY_EXCEEDS_THRESHOLD,6.250000000000005,2,2
a4f8558870d4a10947fe,PH52-025,BULL_CALL_SPREAD,development,804301753400916af24f,2023-12-28,5,EXCLUDED_OHLC_RANGE_PROXY,False,OHLC_RANGE_PROXY_EXCEEDS_THRESHOLD,9.803921568627452,2,2
a4f8558870d4a10947fe,PH52-025,BULL_CALL_SPREAD,validation,c1472f0b801661762bc6,2024-01-04,5,EXCLUDED_OHLC_RANGE_PROXY,False,OHLC_RANGE_PROXY_EXCEEDS_THRESHOLD,19.999999999999996,2,2
a4f8558870d4a10947fe,PH52-025,BULL_CALL_SPREAD,validation,1d33307443bd39106f13,2024-05-30,5,EXCLUDED_OHLC_RANGE_PROXY,False,OHLC_RANGE_PROXY_EXCEEDS_THRESHOLD,12.056737588652478,2,2
a4f8558870d4a10947fe,PH52-025,BULL_CALL_SPREAD,validation,50696f11ab0417607875,2024-10-17,5,EXCLUDED_OHLC_RANGE_PROXY,False,OHLC_RANGE_PROXY_EXCEEDS_THRESHOLD,14.285714285714288,2,2
a4f8558870d4a10947fe,PH52-025,BULL_CALL_SPREAD,validation,58a4c4843286bd3943a2,2025-03-13,5,BLOCKED_LEG_ELIGIBILITY,False,REQUIRED_LEG_PRIOR_OI_BELOW_100,8.510638297872347,2,2
a4f8558870d4a10947fe,PH52-025,BULL_CALL_SPREAD,validation,e5919e2053dc59805884,2025-07-31,5,BLOCKED_LEG_ELIGIBILITY,False,REQUIRED_LEG_PRIOR_OI_BELOW_100,34.78260869565216,2,2
a4f8558870d4a10947fe,PH52-025,BULL_CALL_SPREAD,validation,2744fff722d389044d25,2025-12-30,5,EXCLUDED_OHLC_RANGE_PROXY,False,OHLC_RANGE_PROXY_EXCEEDS_THRESHOLD,7.1428571428571495,2,2
4dfc85b9cb14f0282a2e,PH52-001,BUY_CALL,development,01f752daf3bb0e90d7b1,2021-05-27,5,EXCLUDED_OHLC_RANGE_PROXY,False,OHLC_RANGE_PROXY_EXCEEDS_THRESHOLD,5.246913580246912,1,1
4dfc85b9cb14f0282a2e,PH52-001,BUY_CALL,development,0ddaab2f8946678d3082,2021-12-09,5,EXCLUDED_OHLC_RANGE_PROXY,False,OHLC_RANGE_PROXY_EXCEEDS_THRESHOLD,11.158798283261808,1,1
4dfc85b9cb14f0282a2e,PH52-001,BUY_CALL,development,044eef05c3277601504c,2022-06-16,5,EXCLUDED_OHLC_RANGE_PROXY,False,OHLC_RANGE_PROXY_EXCEEDS_THRESHOLD,10.736196319018415,1,1
4dfc85b9cb14f0282a2e,PH52-001,BUY_CALL,development,307dafef42b72c870148,2022-12-15,5,EXCLUDED_OHLC_RANGE_PROXY,False,OHLC_RANGE_PROXY_EXCEEDS_THRESHOLD,5.957446808510648,1,1
4dfc85b9cb14f0282a2e,PH52-001,BUY_CALL,development,c8a686f986a21faa7ed5,2023-06-22,5,EXCLUDED_OHLC_RANGE_PROXY,False,OHLC_RANGE_PROXY_EXCEEDS_THRESHOLD,11.021505376344088,1,1
4dfc85b9cb14f0282a2e,PH52-001,BUY_CALL,development,84c7352397ed038c3ea2,2023-12-28,5,EXCLUDED_OHLC_RANGE_PROXY,True,ELIGIBLE_FOR_OHLC_PRICE_REFERENCE_SIMULATION,4.341736694677863,1,1
4dfc85b9cb14f0282a2e,PH52-001,BUY_CALL,validation,f104c6f1662847c5bbcc,2024-01-04,5,EXCLUDED_OHLC_RANGE_PROXY,False,OHLC_RANGE_PROXY_EXCEEDS_THRESHOLD,6.666666666666658,1,1
4dfc85b9cb14f0282a2e,PH52-001,BUY_CALL,validation,0cd34c6b63a9f995c503,2024-05-30,5,EXCLUDED_OHLC_RANGE_PROXY,False,OHLC_RANGE_PROXY_EXCEEDS_THRESHOLD,8.21529745042493,1,1
4dfc85b9cb14f0282a2e,PH52-001,BUY_CALL,validation,75007ced19cb5e12e01f,2024-10-17,5,EXCLUDED_OHLC_RANGE_PROXY,False,OHLC_RANGE_PROXY_EXCEEDS_THRESHOLD,17.452830188679247,1,1
4dfc85b9cb14f0282a2e,PH52-001,BUY_CALL,validation,8eb8f1add17ecb221cbd,2025-03-13,5,BLOCKED_LEG_ELIGIBILITY,False,REQUIRED_LEG_PRIOR_OI_BELOW_100,14.285714285714286,1,1
4dfc85b9cb14f0282a2e,PH52-001,BUY_CALL,validation,14d9997729e438213524,2025-07-31,5,BLOCKED_LEG_ELIGIBILITY,False,REQUIRED_LEG_PRIOR_OI_BELOW_100,12.089810017271157,1,1
4dfc85b9cb14f0282a2e,PH52-001,BUY_CALL,validation,4a919e0bde313b9b9ee1,2025-12-30,5,BLOCKED_LEG_ELIGIBILITY,False,REQUIRED_LEG_PRIOR_OI_BELOW_100,17.257683215130037,1,1
7f2f9e5e0437e0f7df04,PH52-001,BUY_CALL,development,01f752daf3bb0e90d7b1,2021-05-27,5,EXCLUDED_OHLC_RANGE_PROXY,False,OHLC_RANGE_PROXY_EXCEEDS_THRESHOLD,5.9999999999999964,1,1
7f2f9e5e0437e0f7df04,PH52-001,BUY_CALL,development,0ddaab2f8946678d3082,2021-12-09,5,EXCLUDED_OHLC_RANGE_PROXY,False,OHLC_RANGE_PROXY_EXCEEDS_THRESHOLD,10.596026490066224,1,1
7f2f9e5e0437e0f7df04,PH52-001,BUY_CALL,development,044eef05c3277601504c,2022-06-16,5,EXCLUDED_OHLC_RANGE_PROXY,False,OHLC_RANGE_PROXY_EXCEEDS_THRESHOLD,9.78260869565216,1,1
7f2f9e5e0437e0f7df04,PH52-001,BUY_CALL,development,307dafef42b72c870148,2022-12-15,5,EXCLUDED_OHLC_RANGE_PROXY,True,ELIGIBLE_FOR_OHLC_PRICE_REFERENCE_SIMULATION,3.63636363636364,1,1
7f2f9e5e0437e0f7df04,PH52-001,BUY_CALL,development,c8a686f986a21faa7ed5,2023-06-22,5,EXCLUDED_OHLC_RANGE_PROXY,False,OHLC_RANGE_PROXY_EXCEEDS_THRESHOLD,7.547169811320744,1,1
7f2f9e5e0437e0f7df04,PH52-001,BUY_CALL,development,84c7352397ed038c3ea2,2023-12-28,5,EXCLUDED_OHLC_RANGE_PROXY,True,ELIGIBLE_FOR_OHLC_PRICE_REFERENCE_SIMULATION,4.784688995215311,1,1
7f2f9e5e0437e0f7df04,PH52-001,BUY_CALL,validation,f104c6f1662847c5bbcc,2024-01-04,5,EXCLUDED_OHLC_RANGE_PROXY,False,OHLC_RANGE_PROXY_EXCEEDS_THRESHOLD,5.882352941176485,1,1
7f2f9e5e0437e0f7df04,PH52-001,BUY_CALL,validation,0cd34c6b63a9f995c503,2024-05-30,5,EXCLUDED_OHLC_RANGE_PROXY,False,OHLC_RANGE_PROXY_EXCEEDS_THRESHOLD,8.739837398373977,1,1
7f2f9e5e0437e0f7df04,PH52-001,BUY_CALL,validation,75007ced19cb5e12e01f,2024-10-17,5,EXCLUDED_OHLC_RANGE_PROXY,False,OHLC_RANGE_PROXY_EXCEEDS_THRESHOLD,15.302491103202849,1,1
7f2f9e5e0437e0f7df04,PH52-001,BUY_CALL,validation,8eb8f1add17ecb221cbd,2025-03-13,5,BLOCKED_LEG_ELIGIBILITY,False,REQUIRED_LEG_PRIOR_OI_BELOW_100,12.37113402061857,1,1
7f2f9e5e0437e0f7df04,PH52-001,BUY_CALL,validation,14d9997729e438213524,2025-07-31,5,BLOCKED_LEG_ELIGIBILITY,False,REQUIRED_LEG_PRIOR_OI_BELOW_100,12.385321100917428,1,1
7f2f9e5e0437e0f7df04,PH52-001,BUY_CALL,validation,4a919e0bde313b9b9ee1,2025-12-30,5,BLOCKED_LEG_ELIGIBILITY,False,REQUIRED_LEG_PRIOR_OI_BELOW_100,15.51724137931035,1,1
824453c4ca52e0a8f423,PH52-001,BUY_CALL,development,ce8e12389ff297becff9,2021-05-27,5,EXCLUDED_OHLC_RANGE_PROXY,False,OHLC_RANGE_PROXY_EXCEEDS_THRESHOLD,10.322580645161288,1,1
824453c4ca52e0a8f423,PH52-001,BUY_CALL,development,061c004245393c77b5c7,2021-12-09,5,EXCLUDED_OHLC_RANGE_PROXY,False,OHLC_RANGE_PROXY_EXCEEDS_THRESHOLD,9.48509485094851,1,1
824453c4ca52e0a8f423,PH52-001,BUY_CALL,development,b58d771555d73891d2fd,2022-06-16,5,EXCLUDED_OHLC_RANGE_PROXY,False,OHLC_RANGE_PROXY_EXCEEDS_THRESHOLD,21.229050279329606,1,1
824453c4ca52e0a8f423,PH52-001,BUY_CALL,development,8c9b97c314b368f7a743,2022-12-15,5,EXCLUDED_OHLC_RANGE_PROXY,False,OHLC_RANGE_PROXY_EXCEEDS_THRESHOLD,8.231707317073157,1,1
824453c4ca52e0a8f423,PH52-001,BUY_CALL,development,b2b9482e70f4a2ace098,2023-06-22,5,EXCLUDED_OHLC_RANGE_PROXY,False,OHLC_RANGE_PROXY_EXCEEDS_THRESHOLD,11.874999999999991,1,1
824453c4ca52e0a8f423,PH52-001,BUY_CALL,development,804301753400916af24f,2023-12-28,5,EXCLUDED_OHLC_RANGE_PROXY,False,OHLC_RANGE_PROXY_EXCEEDS_THRESHOLD,12.962962962962964,1,1
824453c4ca52e0a8f423,PH52-001,BUY_CALL,validation,c1472f0b801661762bc6,2024-01-04,5,EXCLUDED_OHLC_RANGE_PROXY,False,OHLC_RANGE_PROXY_EXCEEDS_THRESHOLD,17.58241758241759,1,1
824453c4ca52e0a8f423,PH52-001,BUY_CALL,validation,1d33307443bd39106f13,2024-05-30,5,EXCLUDED_OHLC_RANGE_PROXY,False,OHLC_RANGE_PROXY_EXCEEDS_THRESHOLD,12.436548223350252,1,1
824453c4ca52e0a8f423,PH52-001,BUY_CALL,validation,50696f11ab0417607875,2024-10-17,5,EXCLUDED_OHLC_RANGE_PROXY,False,OHLC_RANGE_PROXY_EXCEEDS_THRESHOLD,17.857142857142858,1,1
824453c4ca52e0a8f423,PH52-001,BUY_CALL,validation,58a4c4843286bd3943a2,2025-03-13,5,BLOCKED_LEG_ELIGIBILITY,False,REQUIRED_LEG_PRIOR_OI_BELOW_100,10.0,1,1
824453c4ca52e0a8f423,PH52-001,BUY_CALL,validation,e5919e2053dc59805884,2025-07-31,5,BLOCKED_LEG_ELIGIBILITY,False,REQUIRED_LEG_PRIOR_OI_BELOW_100,27.142857142857146,1,1
824453c4ca52e0a8f423,PH52-001,BUY_CALL,validation,2744fff722d389044d25,2025-12-30,5,EXCLUDED_OHLC_RANGE_PROXY,False,OHLC_RANGE_PROXY_EXCEEDS_THRESHOLD,11.363636363636365,1,1
a85d75f96c0c6721a862,PH52-001,BUY_CALL,development,ce8e12389ff297becff9,2021-05-27,5,EXCLUDED_OHLC_RANGE_PROXY,False,OHLC_RANGE_PROXY_EXCEEDS_THRESHOLD,10.000000000000009,1,1
a85d75f96c0c6721a862,PH52-001,BUY_CALL,development,061c004245393c77b5c7,2021-12-09,5,EXCLUDED_OHLC_RANGE_PROXY,False,OHLC_RANGE_PROXY_EXCEEDS_THRESHOLD,7.499999999999996,1,1
a85d75f96c0c6721a862,PH52-001,BUY_CALL,development,b58d771555d73891d2fd,2022-06-16,5,EXCLUDED_OHLC_RANGE_PROXY,False,OHLC_RANGE_PROXY_EXCEEDS_THRESHOLD,21.73913043478261,1,1
a85d75f96c0c6721a862,PH52-001,BUY_CALL,development,8c9b97c314b368f7a743,2022-12-15,5,REPLAY_PASS,True,ELIGIBLE_FOR_OHLC_PRICE_REFERENCE_SIMULATION,1.7543859649122744,1,1
a85d75f96c0c6721a862,PH52-001,BUY_CALL,development,b2b9482e70f4a2ace098,2023-06-22,5,EXCLUDED_OHLC_RANGE_PROXY,False,OHLC_RANGE_PROXY_EXCEEDS_THRESHOLD,6.250000000000005,1,1
a85d75f96c0c6721a862,PH52-001,BUY_CALL,development,804301753400916af24f,2023-12-28,5,EXCLUDED_OHLC_RANGE_PROXY,False,OHLC_RANGE_PROXY_EXCEEDS_THRESHOLD,9.803921568627452,1,1
a85d75f96c0c6721a862,PH52-001,BUY_CALL,validation,c1472f0b801661762bc6,2024-01-04,5,EXCLUDED_OHLC_RANGE_PROXY,False,OHLC_RANGE_PROXY_EXCEEDS_THRESHOLD,15.384615384615381,1,1
a85d75f96c0c6721a862,PH52-001,BUY_CALL,validation,1d33307443bd39106f13,2024-05-30,5,EXCLUDED_OHLC_RANGE_PROXY,False,OHLC_RANGE_PROXY_EXCEEDS_THRESHOLD,12.056737588652478,1,1
a85d75f96c0c6721a862,PH52-001,BUY_CALL,validation,50696f11ab0417607875,2024-10-17,5,EXCLUDED_OHLC_RANGE_PROXY,False,OHLC_RANGE_PROXY_EXCEEDS_THRESHOLD,14.285714285714288,1,1
a85d75f96c0c6721a862,PH52-001,BUY_CALL,validation,58a4c4843286bd3943a2,2025-03-13,5,BLOCKED_LEG_ELIGIBILITY,False,REQUIRED_LEG_PRIOR_OI_BELOW_100,8.510638297872347,1,1
a85d75f96c0c6721a862,PH52-001,BUY_CALL,validation,e5919e2053dc59805884,2025-07-31,5,BLOCKED_LEG_ELIGIBILITY,False,REQUIRED_LEG_PRIOR_OI_BELOW_100,34.78260869565216,1,1
a85d75f96c0c6721a862,PH52-001,BUY_CALL,validation,2744fff722d389044d25,2025-12-30,5,EXCLUDED_OHLC_RANGE_PROXY,False,OHLC_RANGE_PROXY_EXCEEDS_THRESHOLD,7.1428571428571495,1,1
d4f27239e30ac6922af1,PH52-007,BUY_PUT,development,01f752daf3bb0e90d7b1,2021-05-27,5,EXCLUDED_OHLC_RANGE_PROXY,False,OHLC_RANGE_PROXY_EXCEEDS_THRESHOLD,5.2631578947368425,1,1
d4f27239e30ac6922af1,PH52-007,BUY_PUT,development,0ddaab2f8946678d3082,2021-12-09,5,EXCLUDED_OHLC_RANGE_PROXY,False,OHLC_RANGE_PROXY_EXCEEDS_THRESHOLD,17.18213058419244,1,1
d4f27239e30ac6922af1,PH52-007,BUY_PUT,development,044eef05c3277601504c,2022-06-16,5,EXCLUDED_OHLC_RANGE_PROXY,False,OHLC_RANGE_PROXY_EXCEEDS_THRESHOLD,13.354037267080747,1,1
d4f27239e30ac6922af1,PH52-007,BUY_PUT,development,307dafef42b72c870148,2022-12-15,5,EXCLUDED_OHLC_RANGE_PROXY,False,OHLC_RANGE_PROXY_EXCEEDS_THRESHOLD,9.302325581395358,1,1
d4f27239e30ac6922af1,PH52-007,BUY_PUT,development,c8a686f986a21faa7ed5,2023-06-22,5,EXCLUDED_OHLC_RANGE_PROXY,False,OHLC_RANGE_PROXY_EXCEEDS_THRESHOLD,8.185053380782907,1,1
d4f27239e30ac6922af1,PH52-007,BUY_PUT,development,84c7352397ed038c3ea2,2023-12-28,5,EXCLUDED_OHLC_RANGE_PROXY,True,ELIGIBLE_FOR_OHLC_PRICE_REFERENCE_SIMULATION,4.437869822485207,1,1
d4f27239e30ac6922af1,PH52-007,BUY_PUT,validation,f104c6f1662847c5bbcc,2024-01-04,5,EXCLUDED_OHLC_RANGE_PROXY,False,OHLC_RANGE_PROXY_EXCEEDS_THRESHOLD,10.970464135021087,1,1
d4f27239e30ac6922af1,PH52-007,BUY_PUT,validation,0cd34c6b63a9f995c503,2024-05-30,5,EXCLUDED_OHLC_RANGE_PROXY,False,OHLC_RANGE_PROXY_EXCEEDS_THRESHOLD,10.26677445432497,1,1
d4f27239e30ac6922af1,PH52-007,BUY_PUT,validation,75007ced19cb5e12e01f,2024-10-17,5,EXCLUDED_OHLC_RANGE_PROXY,False,OHLC_RANGE_PROXY_EXCEEDS_THRESHOLD,34.10326086956523,1,1
d4f27239e30ac6922af1,PH52-007,BUY_PUT,validation,8eb8f1add17ecb221cbd,2025-03-13,5,BLOCKED_LEG_ELIGIBILITY,False,REQUIRED_LEG_PRIOR_OI_BELOW_100,13.874345549738212,1,1
d4f27239e30ac6922af1,PH52-007,BUY_PUT,validation,14d9997729e438213524,2025-07-31,5,BLOCKED_LEG_ELIGIBILITY,False,REQUIRED_LEG_PRIOR_OI_BELOW_100,8.320726172465951,1,1
d4f27239e30ac6922af1,PH52-007,BUY_PUT,validation,4a919e0bde313b9b9ee1,2025-12-30,5,BLOCKED_LEG_ELIGIBILITY,False,REQUIRED_LEG_PRIOR_OI_BELOW_100,11.554621848739496,1,1
c039247dcd6929eb8c8b,PH52-007,BUY_PUT,development,01f752daf3bb0e90d7b1,2021-05-27,5,EXCLUDED_OHLC_RANGE_PROXY,False,OHLC_RANGE_PROXY_EXCEEDS_THRESHOLD,6.329113924050633,1,1
c039247dcd6929eb8c8b,PH52-007,BUY_PUT,development,0ddaab2f8946678d3082,2021-12-09,5,EXCLUDED_OHLC_RANGE_PROXY,False,OHLC_RANGE_PROXY_EXCEEDS_THRESHOLD,20.888888888888886,1,1
c039247dcd6929eb8c8b,PH52-007,BUY_PUT,development,044eef05c3277601504c,2022-06-16,5,EXCLUDED_OHLC_RANGE_PROXY,False,OHLC_RANGE_PROXY_EXCEEDS_THRESHOLD,13.705583756345176,1,1
c039247dcd6929eb8c8b,PH52-007,BUY_PUT,development,307dafef42b72c870148,2022-12-15,5,EXCLUDED_OHLC_RANGE_PROXY,False,OHLC_RANGE_PROXY_EXCEEDS_THRESHOLD,8.771929824561402,1,1
c039247dcd6929eb8c8b,PH52-007,BUY_PUT,development,c8a686f986a21faa7ed5,2023-06-22,5,EXCLUDED_OHLC_RANGE_PROXY,True,ELIGIBLE_FOR_OHLC_PRICE_REFERENCE_SIMULATION,4.477611940298504,1,1
c039247dcd6929eb8c8b,PH52-007,BUY_PUT,development,84c7352397ed038c3ea2,2023-12-28,5,EXCLUDED_OHLC_RANGE_PROXY,False,OHLC_RANGE_PROXY_EXCEEDS_THRESHOLD,5.2044609665427455,1,1
c039247dcd6929eb8c8b,PH52-007,BUY_PUT,validation,f104c6f1662847c5bbcc,2024-01-04,5,EXCLUDED_OHLC_RANGE_PROXY,False,OHLC_RANGE_PROXY_EXCEEDS_THRESHOLD,12.90322580645161,1,1
c039247dcd6929eb8c8b,PH52-007,BUY_PUT,validation,0cd34c6b63a9f995c503,2024-05-30,5,EXCLUDED_OHLC_RANGE_PROXY,False,OHLC_RANGE_PROXY_EXCEEDS_THRESHOLD,12.335526315789474,1,1
c039247dcd6929eb8c8b,PH52-007,BUY_PUT,validation,75007ced19cb5e12e01f,2024-10-17,5,EXCLUDED_OHLC_RANGE_PROXY,False,OHLC_RANGE_PROXY_EXCEEDS_THRESHOLD,44.444444444444436,1,1
c039247dcd6929eb8c8b,PH52-007,BUY_PUT,validation,8eb8f1add17ecb221cbd,2025-03-13,5,BLOCKED_LEG_ELIGIBILITY,False,REQUIRED_LEG_PRIOR_OI_BELOW_100,12.318840579710141,1,1
c039247dcd6929eb8c8b,PH52-007,BUY_PUT,validation,14d9997729e438213524,2025-07-31,5,BLOCKED_LEG_ELIGIBILITY,False,REQUIRED_LEG_PRIOR_OI_BELOW_100,8.812260536398469,1,1
c039247dcd6929eb8c8b,PH52-007,BUY_PUT,validation,4a919e0bde313b9b9ee1,2025-12-30,5,BLOCKED_LEG_ELIGIBILITY,False,REQUIRED_LEG_PRIOR_OI_BELOW_100,10.909090909090903,1,1
c31e45a39d28e22b70b2,PH52-007,BUY_PUT,development,ce8e12389ff297becff9,2021-05-27,5,EXCLUDED_OHLC_RANGE_PROXY,False,OHLC_RANGE_PROXY_EXCEEDS_THRESHOLD,6.333333333333329,1,1
c31e45a39d28e22b70b2,PH52-007,BUY_PUT,development,061c004245393c77b5c7,2021-12-09,5,EXCLUDED_OHLC_RANGE_PROXY,False,OHLC_RANGE_PROXY_EXCEEDS_THRESHOLD,10.270270270270263,1,1
c31e45a39d28e22b70b2,PH52-007,BUY_PUT,development,b58d771555d73891d2fd,2022-06-16,5,EXCLUDED_OHLC_RANGE_PROXY,False,OHLC_RANGE_PROXY_EXCEEDS_THRESHOLD,25.89118198874296,1,1
c31e45a39d28e22b70b2,PH52-007,BUY_PUT,development,8c9b97c314b368f7a743,2022-12-15,5,EXCLUDED_OHLC_RANGE_PROXY,False,OHLC_RANGE_PROXY_EXCEEDS_THRESHOLD,16.250000000000007,1,1
c31e45a39d28e22b70b2,PH52-007,BUY_PUT,development,b2b9482e70f4a2ace098,2023-06-22,5,EXCLUDED_OHLC_RANGE_PROXY,False,OHLC_RANGE_PROXY_EXCEEDS_THRESHOLD,9.230769230769225,1,1
c31e45a39d28e22b70b2,PH52-007,BUY_PUT,development,804301753400916af24f,2023-12-28,5,EXCLUDED_OHLC_RANGE_PROXY,False,OHLC_RANGE_PROXY_EXCEEDS_THRESHOLD,13.793103448275865,1,1
c31e45a39d28e22b70b2,PH52-007,BUY_PUT,validation,c1472f0b801661762bc6,2024-01-04,5,EXCLUDED_OHLC_RANGE_PROXY,False,OHLC_RANGE_PROXY_EXCEEDS_THRESHOLD,16.091954022988492,1,1
c31e45a39d28e22b70b2,PH52-007,BUY_PUT,validation,1d33307443bd39106f13,2024-05-30,5,EXCLUDED_OHLC_RANGE_PROXY,False,OHLC_RANGE_PROXY_EXCEEDS_THRESHOLD,11.267605633802809,1,1
c31e45a39d28e22b70b2,PH52-007,BUY_PUT,validation,50696f11ab0417607875,2024-10-17,5,EXCLUDED_OHLC_RANGE_PROXY,False,OHLC_RANGE_PROXY_EXCEEDS_THRESHOLD,11.585365853658528,1,1
c31e45a39d28e22b70b2,PH52-007,BUY_PUT,validation,58a4c4843286bd3943a2,2025-03-13,5,BLOCKED_LEG_ELIGIBILITY,False,REQUIRED_LEG_PRIOR_OI_BELOW_100,14.736842105263161,1,1
c31e45a39d28e22b70b2,PH52-007,BUY_PUT,validation,e5919e2053dc59805884,2025-07-31,5,BLOCKED_LEG_ELIGIBILITY,False,REQUIRED_LEG_PRIOR_OI_BELOW_100,8.666666666666679,1,1
c31e45a39d28e22b70b2,PH52-007,BUY_PUT,validation,2744fff722d389044d25,2025-12-30,5,EXCLUDED_OHLC_RANGE_PROXY,False,OHLC_RANGE_PROXY_EXCEEDS_THRESHOLD,13.46153846153846,1,1
5819a5202b9b3b1cdd0b,PH52-007,BUY_PUT,development,ce8e12389ff297becff9,2021-05-27,5,EXCLUDED_OHLC_RANGE_PROXY,False,OHLC_RANGE_PROXY_EXCEEDS_THRESHOLD,6.493506493506482,1,1
5819a5202b9b3b1cdd0b,PH52-007,BUY_PUT,development,061c004245393c77b5c7,2021-12-09,5,EXCLUDED_OHLC_RANGE_PROXY,True,ELIGIBLE_FOR_OHLC_PRICE_REFERENCE_SIMULATION,4.255319148936174,1,1
5819a5202b9b3b1cdd0b,PH52-007,BUY_PUT,development,b58d771555d73891d2fd,2022-06-16,5,EXCLUDED_OHLC_RANGE_PROXY,False,OHLC_RANGE_PROXY_EXCEEDS_THRESHOLD,32.28346456692912,1,1
5819a5202b9b3b1cdd0b,PH52-007,BUY_PUT,development,8c9b97c314b368f7a743,2022-12-15,5,EXCLUDED_OHLC_RANGE_PROXY,False,OHLC_RANGE_PROXY_EXCEEDS_THRESHOLD,10.526315789473683,1,1
5819a5202b9b3b1cdd0b,PH52-007,BUY_PUT,development,b2b9482e70f4a2ace098,2023-06-22,5,EXCLUDED_OHLC_RANGE_PROXY,False,OHLC_RANGE_PROXY_EXCEEDS_THRESHOLD,11.111111111111104,1,1
5819a5202b9b3b1cdd0b,PH52-007,BUY_PUT,development,804301753400916af24f,2023-12-28,5,EXCLUDED_OHLC_RANGE_PROXY,False,OHLC_RANGE_PROXY_EXCEEDS_THRESHOLD,11.49425287356322,1,1
5819a5202b9b3b1cdd0b,PH52-007,BUY_PUT,validation,c1472f0b801661762bc6,2024-01-04,5,EXCLUDED_OHLC_RANGE_PROXY,False,OHLC_RANGE_PROXY_EXCEEDS_THRESHOLD,8.695652173913052,1,1
5819a5202b9b3b1cdd0b,PH52-007,BUY_PUT,validation,1d33307443bd39106f13,2024-05-30,5,EXCLUDED_OHLC_RANGE_PROXY,False,OHLC_RANGE_PROXY_EXCEEDS_THRESHOLD,9.022556390977451,1,1
5819a5202b9b3b1cdd0b,PH52-007,BUY_PUT,validation,50696f11ab0417607875,2024-10-17,5,EXCLUDED_OHLC_RANGE_PROXY,False,OHLC_RANGE_PROXY_EXCEEDS_THRESHOLD,11.111111111111109,1,1
5819a5202b9b3b1cdd0b,PH52-007,BUY_PUT,validation,58a4c4843286bd3943a2,2025-03-13,5,BLOCKED_LEG_ELIGIBILITY,False,REQUIRED_LEG_PRIOR_OI_BELOW_100,8.000000000000007,1,1
5819a5202b9b3b1cdd0b,PH52-007,BUY_PUT,validation,e5919e2053dc59805884,2025-07-31,5,BLOCKED_LEG_ELIGIBILITY,False,REQUIRED_LEG_PRIOR_OI_BELOW_100,7.042253521126761,1,1
5819a5202b9b3b1cdd0b,PH52-007,BUY_PUT,validation,2744fff722d389044d25,2025-12-30,5,EXCLUDED_OHLC_RANGE_PROXY,False,OHLC_RANGE_PROXY_EXCEEDS_THRESHOLD,10.526315789473683,1,1
98dbdd88c3b8df3d0d98,PH52-049,LONG_STRADDLE,development,01f752daf3bb0e90d7b1,2021-05-27,5,EXCLUDED_OHLC_RANGE_PROXY,False,OHLC_RANGE_PROXY_EXCEEDS_THRESHOLD,5.246913580246912,2,2
98dbdd88c3b8df3d0d98,PH52-049,LONG_STRADDLE,development,0ddaab2f8946678d3082,2021-12-09,5,EXCLUDED_OHLC_RANGE_PROXY,False,OHLC_RANGE_PROXY_EXCEEDS_THRESHOLD,13.059427732942025,2,2
98dbdd88c3b8df3d0d98,PH52-049,LONG_STRADDLE,development,044eef05c3277601504c,2022-06-16,5,EXCLUDED_OHLC_RANGE_PROXY,False,OHLC_RANGE_PROXY_EXCEEDS_THRESHOLD,10.736196319018415,2,2
98dbdd88c3b8df3d0d98,PH52-049,LONG_STRADDLE,development,307dafef42b72c870148,2022-12-15,5,EXCLUDED_OHLC_RANGE_PROXY,False,OHLC_RANGE_PROXY_EXCEEDS_THRESHOLD,5.957446808510648,2,2
98dbdd88c3b8df3d0d98,PH52-049,LONG_STRADDLE,development,c8a686f986a21faa7ed5,2023-06-22,5,EXCLUDED_OHLC_RANGE_PROXY,False,OHLC_RANGE_PROXY_EXCEEDS_THRESHOLD,11.021505376344088,2,2
98dbdd88c3b8df3d0d98,PH52-049,LONG_STRADDLE,development,84c7352397ed038c3ea2,2023-12-28,5,EXCLUDED_OHLC_RANGE_PROXY,True,ELIGIBLE_FOR_OHLC_PRICE_REFERENCE_SIMULATION,4.341736694677863,2,2
98dbdd88c3b8df3d0d98,PH52-049,LONG_STRADDLE,validation,f104c6f1662847c5bbcc,2024-01-04,5,EXCLUDED_OHLC_RANGE_PROXY,False,OHLC_RANGE_PROXY_EXCEEDS_THRESHOLD,6.666666666666658,2,2
98dbdd88c3b8df3d0d98,PH52-049,LONG_STRADDLE,validation,0cd34c6b63a9f995c503,2024-05-30,5,EXCLUDED_OHLC_RANGE_PROXY,False,OHLC_RANGE_PROXY_EXCEEDS_THRESHOLD,8.21529745042493,2,2
98dbdd88c3b8df3d0d98,PH52-049,LONG_STRADDLE,validation,75007ced19cb5e12e01f,2024-10-17,5,EXCLUDED_OHLC_RANGE_PROXY,False,OHLC_RANGE_PROXY_EXCEEDS_THRESHOLD,20.713899405083833,2,2
98dbdd88c3b8df3d0d98,PH52-049,LONG_STRADDLE,validation,8eb8f1add17ecb221cbd,2025-03-13,5,BLOCKED_LEG_ELIGIBILITY,False,REQUIRED_LEG_PRIOR_OI_BELOW_100,14.285714285714286,2,2
98dbdd88c3b8df3d0d98,PH52-049,LONG_STRADDLE,validation,14d9997729e438213524,2025-07-31,5,BLOCKED_LEG_ELIGIBILITY,False,REQUIRED_LEG_PRIOR_OI_BELOW_100,12.089810017271157,2,2
98dbdd88c3b8df3d0d98,PH52-049,LONG_STRADDLE,validation,4a919e0bde313b9b9ee1,2025-12-30,5,BLOCKED_LEG_ELIGIBILITY,False,REQUIRED_LEG_PRIOR_OI_BELOW_100,17.257683215130037,2,2
c4749ba6933734c7ed45,PH52-049,LONG_STRADDLE,development,01f752daf3bb0e90d7b1,2021-05-27,5,EXCLUDED_OHLC_RANGE_PROXY,False,OHLC_RANGE_PROXY_EXCEEDS_THRESHOLD,5.9999999999999964,2,2
c4749ba6933734c7ed45,PH52-049,LONG_STRADDLE,development,0ddaab2f8946678d3082,2021-12-09,5,EXCLUDED_OHLC_RANGE_PROXY,False,OHLC_RANGE_PROXY_EXCEEDS_THRESHOLD,10.596026490066224,2,2
c4749ba6933734c7ed45,PH52-049,LONG_STRADDLE,development,044eef05c3277601504c,2022-06-16,5,EXCLUDED_OHLC_RANGE_PROXY,False,OHLC_RANGE_PROXY_EXCEEDS_THRESHOLD,9.78260869565216,2,2
c4749ba6933734c7ed45,PH52-049,LONG_STRADDLE,development,307dafef42b72c870148,2022-12-15,5,EXCLUDED_OHLC_RANGE_PROXY,True,ELIGIBLE_FOR_OHLC_PRICE_REFERENCE_SIMULATION,3.63636363636364,2,2
c4749ba6933734c7ed45,PH52-049,LONG_STRADDLE,development,c8a686f986a21faa7ed5,2023-06-22,5,EXCLUDED_OHLC_RANGE_PROXY,False,OHLC_RANGE_PROXY_EXCEEDS_THRESHOLD,7.547169811320744,2,2
c4749ba6933734c7ed45,PH52-049,LONG_STRADDLE,development,84c7352397ed038c3ea2,2023-12-28,5,EXCLUDED_OHLC_RANGE_PROXY,True,ELIGIBLE_FOR_OHLC_PRICE_REFERENCE_SIMULATION,4.784688995215311,2,2
c4749ba6933734c7ed45,PH52-049,LONG_STRADDLE,validation,f104c6f1662847c5bbcc,2024-01-04,5,EXCLUDED_OHLC_RANGE_PROXY,False,OHLC_RANGE_PROXY_EXCEEDS_THRESHOLD,5.882352941176485,2,2
c4749ba6933734c7ed45,PH52-049,LONG_STRADDLE,validation,0cd34c6b63a9f995c503,2024-05-30,5,EXCLUDED_OHLC_RANGE_PROXY,False,OHLC_RANGE_PROXY_EXCEEDS_THRESHOLD,8.739837398373977,2,2
c4749ba6933734c7ed45,PH52-049,LONG_STRADDLE,validation,75007ced19cb5e12e01f,2024-10-17,5,EXCLUDED_OHLC_RANGE_PROXY,False,OHLC_RANGE_PROXY_EXCEEDS_THRESHOLD,15.302491103202849,2,2
c4749ba6933734c7ed45,PH52-049,LONG_STRADDLE,validation,8eb8f1add17ecb221cbd,2025-03-13,5,BLOCKED_LEG_ELIGIBILITY,False,REQUIRED_LEG_PRIOR_OI_BELOW_100,12.37113402061857,2,2
c4749ba6933734c7ed45,PH52-049,LONG_STRADDLE,validation,14d9997729e438213524,2025-07-31,5,BLOCKED_LEG_ELIGIBILITY,False,REQUIRED_LEG_PRIOR_OI_BELOW_100,12.385321100917428,2,2
c4749ba6933734c7ed45,PH52-049,LONG_STRADDLE,validation,4a919e0bde313b9b9ee1,2025-12-30,5,BLOCKED_LEG_ELIGIBILITY,False,REQUIRED_LEG_PRIOR_OI_BELOW_100,15.51724137931035,2,2
0a2c71c6e12e773afc2d,PH52-049,LONG_STRADDLE,development,ce8e12389ff297becff9,2021-05-27,5,EXCLUDED_OHLC_RANGE_PROXY,False,OHLC_RANGE_PROXY_EXCEEDS_THRESHOLD,10.322580645161288,2,2
0a2c71c6e12e773afc2d,PH52-049,LONG_STRADDLE,development,061c004245393c77b5c7,2021-12-09,5,EXCLUDED_OHLC_RANGE_PROXY,False,OHLC_RANGE_PROXY_EXCEEDS_THRESHOLD,9.48509485094851,2,2
0a2c71c6e12e773afc2d,PH52-049,LONG_STRADDLE,development,b58d771555d73891d2fd,2022-06-16,5,EXCLUDED_OHLC_RANGE_PROXY,False,OHLC_RANGE_PROXY_EXCEEDS_THRESHOLD,21.229050279329606,2,2
0a2c71c6e12e773afc2d,PH52-049,LONG_STRADDLE,development,8c9b97c314b368f7a743,2022-12-15,5,EXCLUDED_OHLC_RANGE_PROXY,False,OHLC_RANGE_PROXY_EXCEEDS_THRESHOLD,8.940852819807427,2,2
0a2c71c6e12e773afc2d,PH52-049,LONG_STRADDLE,development,b2b9482e70f4a2ace098,2023-06-22,5,EXCLUDED_OHLC_RANGE_PROXY,False,OHLC_RANGE_PROXY_EXCEEDS_THRESHOLD,11.874999999999991,2,2
0a2c71c6e12e773afc2d,PH52-049,LONG_STRADDLE,development,804301753400916af24f,2023-12-28,5,EXCLUDED_OHLC_RANGE_PROXY,False,OHLC_RANGE_PROXY_EXCEEDS_THRESHOLD,12.962962962962964,2,2
0a2c71c6e12e773afc2d,PH52-049,LONG_STRADDLE,validation,c1472f0b801661762bc6,2024-01-04,5,EXCLUDED_OHLC_RANGE_PROXY,False,OHLC_RANGE_PROXY_EXCEEDS_THRESHOLD,17.58241758241759,2,2
0a2c71c6e12e773afc2d,PH52-049,LONG_STRADDLE,validation,1d33307443bd39106f13,2024-05-30,5,EXCLUDED_OHLC_RANGE_PROXY,False,OHLC_RANGE_PROXY_EXCEEDS_THRESHOLD,12.436548223350252,2,2
0a2c71c6e12e773afc2d,PH52-049,LONG_STRADDLE,validation,50696f11ab0417607875,2024-10-17,5,EXCLUDED_OHLC_RANGE_PROXY,False,OHLC_RANGE_PROXY_EXCEEDS_THRESHOLD,17.857142857142858,2,2
0a2c71c6e12e773afc2d,PH52-049,LONG_STRADDLE,validation,58a4c4843286bd3943a2,2025-03-13,5,BLOCKED_LEG_ELIGIBILITY,False,REQUIRED_LEG_PRIOR_OI_BELOW_100,10.0,2,2
0a2c71c6e12e773afc2d,PH52-049,LONG_STRADDLE,validation,e5919e2053dc59805884,2025-07-31,5,BLOCKED_LEG_ELIGIBILITY,False,REQUIRED_LEG_PRIOR_OI_BELOW_100,27.142857142857146,2,2
0a2c71c6e12e773afc2d,PH52-049,LONG_STRADDLE,validation,2744fff722d389044d25,2025-12-30,5,EXCLUDED_OHLC_RANGE_PROXY,False,OHLC_RANGE_PROXY_EXCEEDS_THRESHOLD,11.363636363636365,2,2
2432b3ba491006a1f15a,PH52-049,LONG_STRADDLE,development,ce8e12389ff297becff9,2021-05-27,5,EXCLUDED_OHLC_RANGE_PROXY,False,OHLC_RANGE_PROXY_EXCEEDS_THRESHOLD,10.000000000000009,2,2
2432b3ba491006a1f15a,PH52-049,LONG_STRADDLE,development,061c004245393c77b5c7,2021-12-09,5,EXCLUDED_OHLC_RANGE_PROXY,False,OHLC_RANGE_PROXY_EXCEEDS_THRESHOLD,7.499999999999996,2,2
2432b3ba491006a1f15a,PH52-049,LONG_STRADDLE,development,b58d771555d73891d2fd,2022-06-16,5,EXCLUDED_OHLC_RANGE_PROXY,False,OHLC_RANGE_PROXY_EXCEEDS_THRESHOLD,21.73913043478261,2,2
2432b3ba491006a1f15a,PH52-049,LONG_STRADDLE,development,8c9b97c314b368f7a743,2022-12-15,5,EXCLUDED_OHLC_RANGE_PROXY,True,ELIGIBLE_FOR_OHLC_PRICE_REFERENCE_SIMULATION,3.741358275721845,2,2
2432b3ba491006a1f15a,PH52-049,LONG_STRADDLE,development,b2b9482e70f4a2ace098,2023-06-22,5,EXCLUDED_OHLC_RANGE_PROXY,False,OHLC_RANGE_PROXY_EXCEEDS_THRESHOLD,6.250000000000005,2,2
2432b3ba491006a1f15a,PH52-049,LONG_STRADDLE,development,804301753400916af24f,2023-12-28,5,EXCLUDED_OHLC_RANGE_PROXY,False,OHLC_RANGE_PROXY_EXCEEDS_THRESHOLD,9.803921568627452,2,2
2432b3ba491006a1f15a,PH52-049,LONG_STRADDLE,validation,c1472f0b801661762bc6,2024-01-04,5,EXCLUDED_OHLC_RANGE_PROXY,False,OHLC_RANGE_PROXY_EXCEEDS_THRESHOLD,15.384615384615381,2,2
2432b3ba491006a1f15a,PH52-049,LONG_STRADDLE,validation,1d33307443bd39106f13,2024-05-30,5,EXCLUDED_OHLC_RANGE_PROXY,False,OHLC_RANGE_PROXY_EXCEEDS_THRESHOLD,12.056737588652478,2,2
2432b3ba491006a1f15a,PH52-049,LONG_STRADDLE,validation,50696f11ab0417607875,2024-10-17,5,EXCLUDED_OHLC_RANGE_PROXY,False,OHLC_RANGE_PROXY_EXCEEDS_THRESHOLD,14.285714285714288,2,2
2432b3ba491006a1f15a,PH52-049,LONG_STRADDLE,validation,58a4c4843286bd3943a2,2025-03-13,5,BLOCKED_LEG_ELIGIBILITY,False,REQUIRED_LEG_PRIOR_OI_BELOW_100,8.510638297872347,2,2
2432b3ba491006a1f15a,PH52-049,LONG_STRADDLE,validation,e5919e2053dc59805884,2025-07-31,5,BLOCKED_LEG_ELIGIBILITY,False,REQUIRED_LEG_PRIOR_OI_BELOW_100,34.78260869565216,2,2
2432b3ba491006a1f15a,PH52-049,LONG_STRADDLE,validation,2744fff722d389044d25,2025-12-30,5,EXCLUDED_OHLC_RANGE_PROXY,False,OHLC_RANGE_PROXY_EXCEEDS_THRESHOLD,7.1428571428571495,2,2
722daeb1f1c06b54a1ee,PH52-061,LONG_STRANGLE,development,01f752daf3bb0e90d7b1,2021-05-27,5,EXCLUDED_OHLC_RANGE_PROXY,False,OHLC_RANGE_PROXY_EXCEEDS_THRESHOLD,5.2631578947368425,2,2
722daeb1f1c06b54a1ee,PH52-061,LONG_STRANGLE,development,0ddaab2f8946678d3082,2021-12-09,5,EXCLUDED_OHLC_RANGE_PROXY,False,OHLC_RANGE_PROXY_EXCEEDS_THRESHOLD,17.18213058419244,2,2
722daeb1f1c06b54a1ee,PH52-061,LONG_STRANGLE,development,044eef05c3277601504c,2022-06-16,5,EXCLUDED_OHLC_RANGE_PROXY,False,OHLC_RANGE_PROXY_EXCEEDS_THRESHOLD,13.354037267080747,2,2
722daeb1f1c06b54a1ee,PH52-061,LONG_STRANGLE,development,307dafef42b72c870148,2022-12-15,5,EXCLUDED_OHLC_RANGE_PROXY,False,OHLC_RANGE_PROXY_EXCEEDS_THRESHOLD,9.302325581395358,2,2
722daeb1f1c06b54a1ee,PH52-061,LONG_STRANGLE,development,c8a686f986a21faa7ed5,2023-06-22,5,EXCLUDED_OHLC_RANGE_PROXY,False,OHLC_RANGE_PROXY_EXCEEDS_THRESHOLD,11.021505376344088,2,2
722daeb1f1c06b54a1ee,PH52-061,LONG_STRANGLE,development,84c7352397ed038c3ea2,2023-12-28,5,EXCLUDED_OHLC_RANGE_PROXY,True,ELIGIBLE_FOR_OHLC_PRICE_REFERENCE_SIMULATION,4.437869822485207,2,2
722daeb1f1c06b54a1ee,PH52-061,LONG_STRANGLE,validation,f104c6f1662847c5bbcc,2024-01-04,5,EXCLUDED_OHLC_RANGE_PROXY,False,OHLC_RANGE_PROXY_EXCEEDS_THRESHOLD,10.970464135021087,2,2
722daeb1f1c06b54a1ee,PH52-061,LONG_STRANGLE,validation,0cd34c6b63a9f995c503,2024-05-30,5,EXCLUDED_OHLC_RANGE_PROXY,False,OHLC_RANGE_PROXY_EXCEEDS_THRESHOLD,10.26677445432497,2,2
722daeb1f1c06b54a1ee,PH52-061,LONG_STRANGLE,validation,75007ced19cb5e12e01f,2024-10-17,5,EXCLUDED_OHLC_RANGE_PROXY,False,OHLC_RANGE_PROXY_EXCEEDS_THRESHOLD,34.10326086956523,2,2
722daeb1f1c06b54a1ee,PH52-061,LONG_STRANGLE,validation,8eb8f1add17ecb221cbd,2025-03-13,5,BLOCKED_LEG_ELIGIBILITY,False,REQUIRED_LEG_PRIOR_OI_BELOW_100,14.285714285714286,2,2
722daeb1f1c06b54a1ee,PH52-061,LONG_STRANGLE,validation,14d9997729e438213524,2025-07-31,5,BLOCKED_LEG_ELIGIBILITY,False,REQUIRED_LEG_PRIOR_OI_BELOW_100,12.089810017271157,2,2
722daeb1f1c06b54a1ee,PH52-061,LONG_STRANGLE,validation,4a919e0bde313b9b9ee1,2025-12-30,5,BLOCKED_LEG_ELIGIBILITY,False,REQUIRED_LEG_PRIOR_OI_BELOW_100,17.257683215130037,2,2
2173cfebeda92408e9c0,PH52-061,LONG_STRANGLE,development,01f752daf3bb0e90d7b1,2021-05-27,5,EXCLUDED_OHLC_RANGE_PROXY,False,OHLC_RANGE_PROXY_EXCEEDS_THRESHOLD,6.329113924050633,2,2
2173cfebeda92408e9c0,PH52-061,LONG_STRANGLE,development,0ddaab2f8946678d3082,2021-12-09,5,EXCLUDED_OHLC_RANGE_PROXY,False,OHLC_RANGE_PROXY_EXCEEDS_THRESHOLD,20.888888888888886,2,2
2173cfebeda92408e9c0,PH52-061,LONG_STRANGLE,development,044eef05c3277601504c,2022-06-16,5,EXCLUDED_OHLC_RANGE_PROXY,False,OHLC_RANGE_PROXY_EXCEEDS_THRESHOLD,13.705583756345176,2,2
2173cfebeda92408e9c0,PH52-061,LONG_STRANGLE,development,307dafef42b72c870148,2022-12-15,5,EXCLUDED_OHLC_RANGE_PROXY,False,OHLC_RANGE_PROXY_EXCEEDS_THRESHOLD,8.771929824561402,2,2
2173cfebeda92408e9c0,PH52-061,LONG_STRANGLE,development,c8a686f986a21faa7ed5,2023-06-22,5,EXCLUDED_OHLC_RANGE_PROXY,False,OHLC_RANGE_PROXY_EXCEEDS_THRESHOLD,7.547169811320744,2,2
2173cfebeda92408e9c0,PH52-061,LONG_STRANGLE,development,84c7352397ed038c3ea2,2023-12-28,5,EXCLUDED_OHLC_RANGE_PROXY,False,OHLC_RANGE_PROXY_EXCEEDS_THRESHOLD,5.2044609665427455,2,2
2173cfebeda92408e9c0,PH52-061,LONG_STRANGLE,validation,f104c6f1662847c5bbcc,2024-01-04,5,EXCLUDED_OHLC_RANGE_PROXY,False,OHLC_RANGE_PROXY_EXCEEDS_THRESHOLD,12.90322580645161,2,2
2173cfebeda92408e9c0,PH52-061,LONG_STRANGLE,validation,0cd34c6b63a9f995c503,2024-05-30,5,EXCLUDED_OHLC_RANGE_PROXY,False,OHLC_RANGE_PROXY_EXCEEDS_THRESHOLD,12.335526315789474,2,2
2173cfebeda92408e9c0,PH52-061,LONG_STRANGLE,validation,75007ced19cb5e12e01f,2024-10-17,5,EXCLUDED_OHLC_RANGE_PROXY,False,OHLC_RANGE_PROXY_EXCEEDS_THRESHOLD,44.444444444444436,2,2
2173cfebeda92408e9c0,PH52-061,LONG_STRANGLE,validation,8eb8f1add17ecb221cbd,2025-03-13,5,BLOCKED_LEG_ELIGIBILITY,False,REQUIRED_LEG_PRIOR_OI_BELOW_100,12.37113402061857,2,2
2173cfebeda92408e9c0,PH52-061,LONG_STRANGLE,validation,14d9997729e438213524,2025-07-31,5,BLOCKED_LEG_ELIGIBILITY,False,REQUIRED_LEG_PRIOR_OI_BELOW_100,12.385321100917428,2,2
2173cfebeda92408e9c0,PH52-061,LONG_STRANGLE,validation,4a919e0bde313b9b9ee1,2025-12-30,5,BLOCKED_LEG_ELIGIBILITY,False,REQUIRED_LEG_PRIOR_OI_BELOW_100,15.51724137931035,2,2
2f22cd4cb483cbbd04af,PH52-061,LONG_STRANGLE,development,ce8e12389ff297becff9,2021-05-27,5,EXCLUDED_OHLC_RANGE_PROXY,False,OHLC_RANGE_PROXY_EXCEEDS_THRESHOLD,10.322580645161288,2,2
2f22cd4cb483cbbd04af,PH52-061,LONG_STRANGLE,development,061c004245393c77b5c7,2021-12-09,5,EXCLUDED_OHLC_RANGE_PROXY,False,OHLC_RANGE_PROXY_EXCEEDS_THRESHOLD,10.270270270270263,2,2
2f22cd4cb483cbbd04af,PH52-061,LONG_STRANGLE,development,b58d771555d73891d2fd,2022-06-16,5,EXCLUDED_OHLC_RANGE_PROXY,False,OHLC_RANGE_PROXY_EXCEEDS_THRESHOLD,25.89118198874296,2,2
2f22cd4cb483cbbd04af,PH52-061,LONG_STRANGLE,development,8c9b97c314b368f7a743,2022-12-15,5,EXCLUDED_OHLC_RANGE_PROXY,False,OHLC_RANGE_PROXY_EXCEEDS_THRESHOLD,16.250000000000007,2,2
2f22cd4cb483cbbd04af,PH52-061,LONG_STRANGLE,development,b2b9482e70f4a2ace098,2023-06-22,5,EXCLUDED_OHLC_RANGE_PROXY,False,OHLC_RANGE_PROXY_EXCEEDS_THRESHOLD,11.874999999999991,2,2
2f22cd4cb483cbbd04af,PH52-061,LONG_STRANGLE,development,804301753400916af24f,2023-12-28,5,EXCLUDED_OHLC_RANGE_PROXY,False,OHLC_RANGE_PROXY_EXCEEDS_THRESHOLD,13.793103448275865,2,2
2f22cd4cb483cbbd04af,PH52-061,LONG_STRANGLE,validation,c1472f0b801661762bc6,2024-01-04,5,EXCLUDED_OHLC_RANGE_PROXY,False,OHLC_RANGE_PROXY_EXCEEDS_THRESHOLD,17.58241758241759,2,2
2f22cd4cb483cbbd04af,PH52-061,LONG_STRANGLE,validation,1d33307443bd39106f13,2024-05-30,5,EXCLUDED_OHLC_RANGE_PROXY,False,OHLC_RANGE_PROXY_EXCEEDS_THRESHOLD,12.436548223350252,2,2
2f22cd4cb483cbbd04af,PH52-061,LONG_STRANGLE,validation,50696f11ab0417607875,2024-10-17,5,EXCLUDED_OHLC_RANGE_PROXY,False,OHLC_RANGE_PROXY_EXCEEDS_THRESHOLD,17.857142857142858,2,2
2f22cd4cb483cbbd04af,PH52-061,LONG_STRANGLE,validation,58a4c4843286bd3943a2,2025-03-13,5,BLOCKED_LEG_ELIGIBILITY,False,REQUIRED_LEG_PRIOR_OI_BELOW_100,14.736842105263161,2,2
2f22cd4cb483cbbd04af,PH52-061,LONG_STRANGLE,validation,e5919e2053dc59805884,2025-07-31,5,BLOCKED_LEG_ELIGIBILITY,False,REQUIRED_LEG_PRIOR_OI_BELOW_100,27.142857142857146,2,2
2f22cd4cb483cbbd04af,PH52-061,LONG_STRANGLE,validation,2744fff722d389044d25,2025-12-30,5,EXCLUDED_OHLC_RANGE_PROXY,False,OHLC_RANGE_PROXY_EXCEEDS_THRESHOLD,13.46153846153846,2,2
4bd35f1260b64365d38b,PH52-061,LONG_STRANGLE,development,ce8e12389ff297becff9,2021-05-27,5,EXCLUDED_OHLC_RANGE_PROXY,False,OHLC_RANGE_PROXY_EXCEEDS_THRESHOLD,10.000000000000009,2,2
4bd35f1260b64365d38b,PH52-061,LONG_STRANGLE,development,061c004245393c77b5c7,2021-12-09,5,EXCLUDED_OHLC_RANGE_PROXY,False,OHLC_RANGE_PROXY_EXCEEDS_THRESHOLD,7.499999999999996,2,2
4bd35f1260b64365d38b,PH52-061,LONG_STRANGLE,development,b58d771555d73891d2fd,2022-06-16,5,EXCLUDED_OHLC_RANGE_PROXY,False,OHLC_RANGE_PROXY_EXCEEDS_THRESHOLD,32.28346456692912,2,2
4bd35f1260b64365d38b,PH52-061,LONG_STRANGLE,development,8c9b97c314b368f7a743,2022-12-15,5,EXCLUDED_OHLC_RANGE_PROXY,False,OHLC_RANGE_PROXY_EXCEEDS_THRESHOLD,10.526315789473683,2,2
4bd35f1260b64365d38b,PH52-061,LONG_STRANGLE,development,b2b9482e70f4a2ace098,2023-06-22,5,EXCLUDED_OHLC_RANGE_PROXY,False,OHLC_RANGE_PROXY_EXCEEDS_THRESHOLD,11.111111111111104,2,2
4bd35f1260b64365d38b,PH52-061,LONG_STRANGLE,development,804301753400916af24f,2023-12-28,5,EXCLUDED_OHLC_RANGE_PROXY,False,OHLC_RANGE_PROXY_EXCEEDS_THRESHOLD,11.49425287356322,2,2
4bd35f1260b64365d38b,PH52-061,LONG_STRANGLE,validation,c1472f0b801661762bc6,2024-01-04,5,EXCLUDED_OHLC_RANGE_PROXY,False,OHLC_RANGE_PROXY_EXCEEDS_THRESHOLD,15.384615384615381,2,2
4bd35f1260b64365d38b,PH52-061,LONG_STRANGLE,validation,1d33307443bd39106f13,2024-05-30,5,EXCLUDED_OHLC_RANGE_PROXY,False,OHLC_RANGE_PROXY_EXCEEDS_THRESHOLD,12.056737588652478,2,2
4bd35f1260b64365d38b,PH52-061,LONG_STRANGLE,validation,50696f11ab0417607875,2024-10-17,5,EXCLUDED_OHLC_RANGE_PROXY,False,OHLC_RANGE_PROXY_EXCEEDS_THRESHOLD,14.285714285714288,2,2
4bd35f1260b64365d38b,PH52-061,LONG_STRANGLE,validation,58a4c4843286bd3943a2,2025-03-13,5,BLOCKED_LEG_ELIGIBILITY,False,REQUIRED_LEG_PRIOR_OI_BELOW_100,8.510638297872347,2,2
4bd35f1260b64365d38b,PH52-061,LONG_STRANGLE,validation,e5919e2053dc59805884,2025-07-31,5,BLOCKED_LEG_ELIGIBILITY,False,REQUIRED_LEG_PRIOR_OI_BELOW_100,34.78260869565216,2,2
4bd35f1260b64365d38b,PH52-061,LONG_STRANGLE,validation,2744fff722d389044d25,2025-12-30,5,EXCLUDED_OHLC_RANGE_PROXY,False,OHLC_RANGE_PROXY_EXCEEDS_THRESHOLD,10.526315789473683,2,2
89f52cd7e0b3bc8ec28c,PH52-073,SHORT_IRON_CONDOR,development,01f752daf3bb0e90d7b1,2021-05-27,5,EXCLUDED_OHLC_RANGE_PROXY,False,OHLC_RANGE_PROXY_EXCEEDS_THRESHOLD,5.448717948717936,4,4
89f52cd7e0b3bc8ec28c,PH52-073,SHORT_IRON_CONDOR,development,0ddaab2f8946678d3082,2021-12-09,5,EXCLUDED_OHLC_RANGE_PROXY,False,OHLC_RANGE_PROXY_EXCEEDS_THRESHOLD,19.444444444444443,4,4
89f52cd7e0b3bc8ec28c,PH52-073,SHORT_IRON_CONDOR,development,044eef05c3277601504c,2022-06-16,5,EXCLUDED_OHLC_RANGE_PROXY,False,OHLC_RANGE_PROXY_EXCEEDS_THRESHOLD,14.363143631436328,4,4
89f52cd7e0b3bc8ec28c,PH52-073,SHORT_IRON_CONDOR,development,307dafef42b72c870148,2022-12-15,5,EXCLUDED_OHLC_RANGE_PROXY,False,OHLC_RANGE_PROXY_EXCEEDS_THRESHOLD,10.144927536231886,4,4
89f52cd7e0b3bc8ec28c,PH52-073,SHORT_IRON_CONDOR,development,c8a686f986a21faa7ed5,2023-06-22,5,EXCLUDED_OHLC_RANGE_PROXY,False,OHLC_RANGE_PROXY_EXCEEDS_THRESHOLD,12.765957446808503,4,4
89f52cd7e0b3bc8ec28c,PH52-073,SHORT_IRON_CONDOR,development,84c7352397ed038c3ea2,2023-12-28,5,EXCLUDED_OHLC_RANGE_PROXY,False,OHLC_RANGE_PROXY_EXCEEDS_THRESHOLD,5.502392344497618,4,4
89f52cd7e0b3bc8ec28c,PH52-073,SHORT_IRON_CONDOR,validation,f104c6f1662847c5bbcc,2024-01-04,5,EXCLUDED_OHLC_RANGE_PROXY,False,OHLC_RANGE_PROXY_EXCEEDS_THRESHOLD,10.970464135021087,4,4
89f52cd7e0b3bc8ec28c,PH52-073,SHORT_IRON_CONDOR,validation,0cd34c6b63a9f995c503,2024-05-30,5,EXCLUDED_OHLC_RANGE_PROXY,False,OHLC_RANGE_PROXY_EXCEEDS_THRESHOLD,12.13151927437642,4,4
89f52cd7e0b3bc8ec28c,PH52-073,SHORT_IRON_CONDOR,validation,75007ced19cb5e12e01f,2024-10-17,5,EXCLUDED_OHLC_RANGE_PROXY,False,OHLC_RANGE_PROXY_EXCEEDS_THRESHOLD,38.80952380952382,4,4
89f52cd7e0b3bc8ec28c,PH52-073,SHORT_IRON_CONDOR,validation,8eb8f1add17ecb221cbd,2025-03-13,5,BLOCKED_LEG_ELIGIBILITY,False,REQUIRED_LEG_PRIOR_OI_BELOW_100,14.285714285714286,4,4
89f52cd7e0b3bc8ec28c,PH52-073,SHORT_IRON_CONDOR,validation,14d9997729e438213524,2025-07-31,5,BLOCKED_LEG_ELIGIBILITY,False,REQUIRED_LEG_PRIOR_OI_BELOW_100,14.367816091954024,4,4
89f52cd7e0b3bc8ec28c,PH52-073,SHORT_IRON_CONDOR,validation,4a919e0bde313b9b9ee1,2025-12-30,5,BLOCKED_LEG_ELIGIBILITY,False,REQUIRED_LEG_PRIOR_OI_BELOW_100,17.257683215130037,4,4
ed63864fa6c58959e82b,PH52-073,SHORT_IRON_CONDOR,development,01f752daf3bb0e90d7b1,2021-05-27,5,EXCLUDED_OHLC_RANGE_PROXY,False,OHLC_RANGE_PROXY_EXCEEDS_THRESHOLD,6.25,4,4
ed63864fa6c58959e82b,PH52-073,SHORT_IRON_CONDOR,development,0ddaab2f8946678d3082,2021-12-09,5,EXCLUDED_OHLC_RANGE_PROXY,False,OHLC_RANGE_PROXY_EXCEEDS_THRESHOLD,21.01449275362318,4,4
ed63864fa6c58959e82b,PH52-073,SHORT_IRON_CONDOR,development,044eef05c3277601504c,2022-06-16,5,EXCLUDED_OHLC_RANGE_PROXY,False,OHLC_RANGE_PROXY_EXCEEDS_THRESHOLD,13.354037267080747,4,4
ed63864fa6c58959e82b,PH52-073,SHORT_IRON_CONDOR,development,307dafef42b72c870148,2022-12-15,5,EXCLUDED_OHLC_RANGE_PROXY,False,OHLC_RANGE_PROXY_EXCEEDS_THRESHOLD,9.302325581395358,4,4
ed63864fa6c58959e82b,PH52-073,SHORT_IRON_CONDOR,development,c8a686f986a21faa7ed5,2023-06-22,5,EXCLUDED_OHLC_RANGE_PROXY,False,OHLC_RANGE_PROXY_EXCEEDS_THRESHOLD,11.021505376344088,4,4
ed63864fa6c58959e82b,PH52-073,SHORT_IRON_CONDOR,development,84c7352397ed038c3ea2,2023-12-28,5,EXCLUDED_OHLC_RANGE_PROXY,False,OHLC_RANGE_PROXY_EXCEEDS_THRESHOLD,5.681818181818182,4,4
ed63864fa6c58959e82b,PH52-073,SHORT_IRON_CONDOR,validation,f104c6f1662847c5bbcc,2024-01-04,5,EXCLUDED_OHLC_RANGE_PROXY,False,OHLC_RANGE_PROXY_EXCEEDS_THRESHOLD,10.970464135021087,4,4
ed63864fa6c58959e82b,PH52-073,SHORT_IRON_CONDOR,validation,0cd34c6b63a9f995c503,2024-05-30,5,EXCLUDED_OHLC_RANGE_PROXY,False,OHLC_RANGE_PROXY_EXCEEDS_THRESHOLD,14.496314496314492,4,4
ed63864fa6c58959e82b,PH52-073,SHORT_IRON_CONDOR,validation,75007ced19cb5e12e01f,2024-10-17,5,EXCLUDED_OHLC_RANGE_PROXY,False,OHLC_RANGE_PROXY_EXCEEDS_THRESHOLD,44.02985074626865,4,4
ed63864fa6c58959e82b,PH52-073,SHORT_IRON_CONDOR,validation,8eb8f1add17ecb221cbd,2025-03-13,5,BLOCKED_LEG_ELIGIBILITY,False,REQUIRED_LEG_PRIOR_OI_BELOW_100,14.285714285714286,4,4
ed63864fa6c58959e82b,PH52-073,SHORT_IRON_CONDOR,validation,14d9997729e438213524,2025-07-31,5,BLOCKED_LEG_ELIGIBILITY,False,REQUIRED_LEG_PRIOR_OI_BELOW_100,12.925170068027214,4,4
ed63864fa6c58959e82b,PH52-073,SHORT_IRON_CONDOR,validation,4a919e0bde313b9b9ee1,2025-12-30,5,BLOCKED_LEG_ELIGIBILITY,False,REQUIRED_LEG_PRIOR_OI_BELOW_100,17.257683215130037,4,4
d1522f8d7f12e8386fbd,PH52-073,SHORT_IRON_CONDOR,development,01f752daf3bb0e90d7b1,2021-05-27,5,EXCLUDED_OHLC_RANGE_PROXY,False,OHLC_RANGE_PROXY_EXCEEDS_THRESHOLD,6.329113924050633,4,4
d1522f8d7f12e8386fbd,PH52-073,SHORT_IRON_CONDOR,development,0ddaab2f8946678d3082,2021-12-09,5,EXCLUDED_OHLC_RANGE_PROXY,False,OHLC_RANGE_PROXY_EXCEEDS_THRESHOLD,21.01449275362318,4,4
d1522f8d7f12e8386fbd,PH52-073,SHORT_IRON_CONDOR,development,044eef05c3277601504c,2022-06-16,5,EXCLUDED_OHLC_RANGE_PROXY,False,OHLC_RANGE_PROXY_EXCEEDS_THRESHOLD,13.705583756345176,4,4
d1522f8d7f12e8386fbd,PH52-073,SHORT_IRON_CONDOR,development,307dafef42b72c870148,2022-12-15,5,EXCLUDED_OHLC_RANGE_PROXY,False,OHLC_RANGE_PROXY_EXCEEDS_THRESHOLD,8.771929824561402,4,4
d1522f8d7f12e8386fbd,PH52-073,SHORT_IRON_CONDOR,development,c8a686f986a21faa7ed5,2023-06-22,5,EXCLUDED_OHLC_RANGE_PROXY,False,OHLC_RANGE_PROXY_EXCEEDS_THRESHOLD,7.547169811320744,4,4
d1522f8d7f12e8386fbd,PH52-073,SHORT_IRON_CONDOR,development,84c7352397ed038c3ea2,2023-12-28,5,EXCLUDED_OHLC_RANGE_PROXY,False,OHLC_RANGE_PROXY_EXCEEDS_THRESHOLD,5.681818181818182,4,4
d1522f8d7f12e8386fbd,PH52-073,SHORT_IRON_CONDOR,validation,f104c6f1662847c5bbcc,2024-01-04,5,EXCLUDED_OHLC_RANGE_PROXY,False,OHLC_RANGE_PROXY_EXCEEDS_THRESHOLD,12.90322580645161,4,4
d1522f8d7f12e8386fbd,PH52-073,SHORT_IRON_CONDOR,validation,0cd34c6b63a9f995c503,2024-05-30,5,EXCLUDED_OHLC_RANGE_PROXY,False,OHLC_RANGE_PROXY_EXCEEDS_THRESHOLD,14.496314496314492,4,4
d1522f8d7f12e8386fbd,PH52-073,SHORT_IRON_CONDOR,validation,75007ced19cb5e12e01f,2024-10-17,5,EXCLUDED_OHLC_RANGE_PROXY,False,OHLC_RANGE_PROXY_EXCEEDS_THRESHOLD,44.444444444444436,4,4
d1522f8d7f12e8386fbd,PH52-073,SHORT_IRON_CONDOR,validation,8eb8f1add17ecb221cbd,2025-03-13,5,BLOCKED_LEG_ELIGIBILITY,False,REQUIRED_LEG_PRIOR_OI_BELOW_100,12.37113402061857,4,4
d1522f8d7f12e8386fbd,PH52-073,SHORT_IRON_CONDOR,validation,14d9997729e438213524,2025-07-31,5,BLOCKED_LEG_ELIGIBILITY,False,REQUIRED_LEG_PRIOR_OI_BELOW_100,12.925170068027214,4,4
d1522f8d7f12e8386fbd,PH52-073,SHORT_IRON_CONDOR,validation,4a919e0bde313b9b9ee1,2025-12-30,5,BLOCKED_LEG_ELIGIBILITY,False,REQUIRED_LEG_PRIOR_OI_BELOW_100,17.187500000000007,4,4
88f406f18831fffb35a5,PH52-073,SHORT_IRON_CONDOR,development,01f752daf3bb0e90d7b1,2021-05-27,5,EXCLUDED_OHLC_RANGE_PROXY,False,OHLC_RANGE_PROXY_EXCEEDS_THRESHOLD,9.677419354838703,4,4
88f406f18831fffb35a5,PH52-073,SHORT_IRON_CONDOR,development,0ddaab2f8946678d3082,2021-12-09,5,EXCLUDED_OHLC_RANGE_PROXY,False,OHLC_RANGE_PROXY_EXCEEDS_THRESHOLD,20.888888888888886,4,4
88f406f18831fffb35a5,PH52-073,SHORT_IRON_CONDOR,development,044eef05c3277601504c,2022-06-16,5,EXCLUDED_OHLC_RANGE_PROXY,False,OHLC_RANGE_PROXY_EXCEEDS_THRESHOLD,13.705583756345176,4,4
88f406f18831fffb35a5,PH52-073,SHORT_IRON_CONDOR,development,307dafef42b72c870148,2022-12-15,5,EXCLUDED_OHLC_RANGE_PROXY,False,OHLC_RANGE_PROXY_EXCEEDS_THRESHOLD,8.771929824561402,4,4
88f406f18831fffb35a5,PH52-073,SHORT_IRON_CONDOR,development,c8a686f986a21faa7ed5,2023-06-22,5,EXCLUDED_OHLC_RANGE_PROXY,False,OHLC_RANGE_PROXY_EXCEEDS_THRESHOLD,7.547169811320744,4,4
88f406f18831fffb35a5,PH52-073,SHORT_IRON_CONDOR,development,84c7352397ed038c3ea2,2023-12-28,5,EXCLUDED_OHLC_RANGE_PROXY,False,OHLC_RANGE_PROXY_EXCEEDS_THRESHOLD,5.2044609665427455,4,4
88f406f18831fffb35a5,PH52-073,SHORT_IRON_CONDOR,validation,f104c6f1662847c5bbcc,2024-01-04,5,EXCLUDED_OHLC_RANGE_PROXY,False,OHLC_RANGE_PROXY_EXCEEDS_THRESHOLD,12.90322580645161,4,4
88f406f18831fffb35a5,PH52-073,SHORT_IRON_CONDOR,validation,0cd34c6b63a9f995c503,2024-05-30,5,EXCLUDED_OHLC_RANGE_PROXY,False,OHLC_RANGE_PROXY_EXCEEDS_THRESHOLD,16.000000000000004,4,4
88f406f18831fffb35a5,PH52-073,SHORT_IRON_CONDOR,validation,75007ced19cb5e12e01f,2024-10-17,5,EXCLUDED_OHLC_RANGE_PROXY,False,OHLC_RANGE_PROXY_EXCEEDS_THRESHOLD,44.444444444444436,4,4
88f406f18831fffb35a5,PH52-073,SHORT_IRON_CONDOR,validation,8eb8f1add17ecb221cbd,2025-03-13,5,BLOCKED_LEG_ELIGIBILITY,False,REQUIRED_LEG_PRIOR_OI_BELOW_100,12.37113402061857,4,4
88f406f18831fffb35a5,PH52-073,SHORT_IRON_CONDOR,validation,14d9997729e438213524,2025-07-31,5,BLOCKED_LEG_ELIGIBILITY,False,REQUIRED_LEG_PRIOR_OI_BELOW_100,12.385321100917428,4,4
88f406f18831fffb35a5,PH52-073,SHORT_IRON_CONDOR,validation,4a919e0bde313b9b9ee1,2025-12-30,5,BLOCKED_LEG_ELIGIBILITY,False,REQUIRED_LEG_PRIOR_OI_BELOW_100,15.51724137931035,4,4
3bb7fb2966c25f63f7b8,PH52-073,SHORT_IRON_CONDOR,development,ce8e12389ff297becff9,2021-05-27,5,EXCLUDED_OHLC_RANGE_PROXY,False,OHLC_RANGE_PROXY_EXCEEDS_THRESHOLD,10.322580645161288,4,4
3bb7fb2966c25f63f7b8,PH52-073,SHORT_IRON_CONDOR,development,061c004245393c77b5c7,2021-12-09,5,EXCLUDED_OHLC_RANGE_PROXY,False,OHLC_RANGE_PROXY_EXCEEDS_THRESHOLD,10.270270270270263,4,4
3bb7fb2966c25f63f7b8,PH52-073,SHORT_IRON_CONDOR,development,b58d771555d73891d2fd,2022-06-16,5,EXCLUDED_OHLC_RANGE_PROXY,False,OHLC_RANGE_PROXY_EXCEEDS_THRESHOLD,32.28346456692915,4,4
3bb7fb2966c25f63f7b8,PH52-073,SHORT_IRON_CONDOR,development,8c9b97c314b368f7a743,2022-12-15,5,EXCLUDED_OHLC_RANGE_PROXY,False,OHLC_RANGE_PROXY_EXCEEDS_THRESHOLD,16.250000000000007,4,4
3bb7fb2966c25f63f7b8,PH52-073,SHORT_IRON_CONDOR,development,b2b9482e70f4a2ace098,2023-06-22,5,EXCLUDED_OHLC_RANGE_PROXY,False,OHLC_RANGE_PROXY_EXCEEDS_THRESHOLD,11.874999999999991,4,4
3bb7fb2966c25f63f7b8,PH52-073,SHORT_IRON_CONDOR,development,804301753400916af24f,2023-12-28,5,EXCLUDED_OHLC_RANGE_PROXY,False,OHLC_RANGE_PROXY_EXCEEDS_THRESHOLD,13.793103448275865,4,4
3bb7fb2966c25f63f7b8,PH52-073,SHORT_IRON_CONDOR,validation,c1472f0b801661762bc6,2024-01-04,5,EXCLUDED_OHLC_RANGE_PROXY,False,OHLC_RANGE_PROXY_EXCEEDS_THRESHOLD,17.58241758241759,4,4
3bb7fb2966c25f63f7b8,PH52-073,SHORT_IRON_CONDOR,validation,1d33307443bd39106f13,2024-05-30,5,EXCLUDED_OHLC_RANGE_PROXY,False,OHLC_RANGE_PROXY_EXCEEDS_THRESHOLD,12.436548223350252,4,4
3bb7fb2966c25f63f7b8,PH52-073,SHORT_IRON_CONDOR,validation,50696f11ab0417607875,2024-10-17,5,EXCLUDED_OHLC_RANGE_PROXY,False,OHLC_RANGE_PROXY_EXCEEDS_THRESHOLD,17.857142857142858,4,4
3bb7fb2966c25f63f7b8,PH52-073,SHORT_IRON_CONDOR,validation,58a4c4843286bd3943a2,2025-03-13,5,BLOCKED_LEG_ELIGIBILITY,False,REQUIRED_LEG_PRIOR_OI_BELOW_100,14.736842105263161,4,4
3bb7fb2966c25f63f7b8,PH52-073,SHORT_IRON_CONDOR,validation,e5919e2053dc59805884,2025-07-31,5,BLOCKED_LEG_ELIGIBILITY,False,REQUIRED_LEG_PRIOR_OI_BELOW_100,31.39158576051781,4,4
3bb7fb2966c25f63f7b8,PH52-073,SHORT_IRON_CONDOR,validation,2744fff722d389044d25,2025-12-30,5,EXCLUDED_OHLC_RANGE_PROXY,False,OHLC_RANGE_PROXY_EXCEEDS_THRESHOLD,13.46153846153846,4,4
afd015454460bea2a27d,PH52-073,SHORT_IRON_CONDOR,development,ce8e12389ff297becff9,2021-05-27,5,EXCLUDED_OHLC_RANGE_PROXY,False,OHLC_RANGE_PROXY_EXCEEDS_THRESHOLD,10.322580645161288,4,4
afd015454460bea2a27d,PH52-073,SHORT_IRON_CONDOR,development,061c004245393c77b5c7,2021-12-09,5,EXCLUDED_OHLC_RANGE_PROXY,False,OHLC_RANGE_PROXY_EXCEEDS_THRESHOLD,10.270270270270263,4,4
afd015454460bea2a27d,PH52-073,SHORT_IRON_CONDOR,development,b58d771555d73891d2fd,2022-06-16,5,EXCLUDED_OHLC_RANGE_PROXY,False,OHLC_RANGE_PROXY_EXCEEDS_THRESHOLD,25.89118198874296,4,4
afd015454460bea2a27d,PH52-073,SHORT_IRON_CONDOR,development,8c9b97c314b368f7a743,2022-12-15,5,EXCLUDED_OHLC_RANGE_PROXY,False,OHLC_RANGE_PROXY_EXCEEDS_THRESHOLD,16.250000000000007,4,4
afd015454460bea2a27d,PH52-073,SHORT_IRON_CONDOR,development,b2b9482e70f4a2ace098,2023-06-22,5,EXCLUDED_OHLC_RANGE_PROXY,False,OHLC_RANGE_PROXY_EXCEEDS_THRESHOLD,14.285714285714299,4,4
afd015454460bea2a27d,PH52-073,SHORT_IRON_CONDOR,development,804301753400916af24f,2023-12-28,5,EXCLUDED_OHLC_RANGE_PROXY,False,OHLC_RANGE_PROXY_EXCEEDS_THRESHOLD,13.793103448275865,4,4
afd015454460bea2a27d,PH52-073,SHORT_IRON_CONDOR,validation,c1472f0b801661762bc6,2024-01-04,5,EXCLUDED_OHLC_RANGE_PROXY,False,OHLC_RANGE_PROXY_EXCEEDS_THRESHOLD,17.58241758241759,4,4
afd015454460bea2a27d,PH52-073,SHORT_IRON_CONDOR,validation,1d33307443bd39106f13,2024-05-30,5,EXCLUDED_OHLC_RANGE_PROXY,False,OHLC_RANGE_PROXY_EXCEEDS_THRESHOLD,12.436548223350252,4,4
afd015454460bea2a27d,PH52-073,SHORT_IRON_CONDOR,validation,50696f11ab0417607875,2024-10-17,5,EXCLUDED_OHLC_RANGE_PROXY,False,OHLC_RANGE_PROXY_EXCEEDS_THRESHOLD,17.857142857142858,4,4
afd015454460bea2a27d,PH52-073,SHORT_IRON_CONDOR,validation,58a4c4843286bd3943a2,2025-03-13,5,BLOCKED_LEG_ELIGIBILITY,False,REQUIRED_LEG_PRIOR_OI_BELOW_100,14.736842105263161,4,4
afd015454460bea2a27d,PH52-073,SHORT_IRON_CONDOR,validation,e5919e2053dc59805884,2025-07-31,5,BLOCKED_LEG_ELIGIBILITY,False,REQUIRED_LEG_PRIOR_OI_BELOW_100,31.521739130434792,4,4
afd015454460bea2a27d,PH52-073,SHORT_IRON_CONDOR,validation,2744fff722d389044d25,2025-12-30,5,EXCLUDED_OHLC_RANGE_PROXY,False,OHLC_RANGE_PROXY_EXCEEDS_THRESHOLD,13.46153846153846,4,4
2f542b011d83f30b511e,PH52-073,SHORT_IRON_CONDOR,development,ce8e12389ff297becff9,2021-05-27,5,EXCLUDED_OHLC_RANGE_PROXY,False,OHLC_RANGE_PROXY_EXCEEDS_THRESHOLD,10.000000000000009,4,4
2f542b011d83f30b511e,PH52-073,SHORT_IRON_CONDOR,development,061c004245393c77b5c7,2021-12-09,5,EXCLUDED_OHLC_RANGE_PROXY,False,OHLC_RANGE_PROXY_EXCEEDS_THRESHOLD,9.090909090909086,4,4
2f542b011d83f30b511e,PH52-073,SHORT_IRON_CONDOR,development,b58d771555d73891d2fd,2022-06-16,5,EXCLUDED_OHLC_RANGE_PROXY,False,OHLC_RANGE_PROXY_EXCEEDS_THRESHOLD,32.28346456692912,4,4
2f542b011d83f30b511e,PH52-073,SHORT_IRON_CONDOR,development,8c9b97c314b368f7a743,2022-12-15,5,EXCLUDED_OHLC_RANGE_PROXY,False,OHLC_RANGE_PROXY_EXCEEDS_THRESHOLD,10.526315789473683,4,4
2f542b011d83f30b511e,PH52-073,SHORT_IRON_CONDOR,development,b2b9482e70f4a2ace098,2023-06-22,5,EXCLUDED_OHLC_RANGE_PROXY,False,OHLC_RANGE_PROXY_EXCEEDS_THRESHOLD,14.285714285714299,4,4
2f542b011d83f30b511e,PH52-073,SHORT_IRON_CONDOR,development,804301753400916af24f,2023-12-28,5,EXCLUDED_OHLC_RANGE_PROXY,False,OHLC_RANGE_PROXY_EXCEEDS_THRESHOLD,11.49425287356322,4,4
2f542b011d83f30b511e,PH52-073,SHORT_IRON_CONDOR,validation,c1472f0b801661762bc6,2024-01-04,5,EXCLUDED_OHLC_RANGE_PROXY,False,OHLC_RANGE_PROXY_EXCEEDS_THRESHOLD,15.384615384615381,4,4
2f542b011d83f30b511e,PH52-073,SHORT_IRON_CONDOR,validation,1d33307443bd39106f13,2024-05-30,5,EXCLUDED_OHLC_RANGE_PROXY,False,OHLC_RANGE_PROXY_EXCEEDS_THRESHOLD,12.22222222222222,4,4
2f542b011d83f30b511e,PH52-073,SHORT_IRON_CONDOR,validation,50696f11ab0417607875,2024-10-17,5,EXCLUDED_OHLC_RANGE_PROXY,False,OHLC_RANGE_PROXY_EXCEEDS_THRESHOLD,14.285714285714299,4,4
2f542b011d83f30b511e,PH52-073,SHORT_IRON_CONDOR,validation,58a4c4843286bd3943a2,2025-03-13,5,BLOCKED_LEG_ELIGIBILITY,False,REQUIRED_LEG_PRIOR_OI_BELOW_100,8.510638297872347,4,4
2f542b011d83f30b511e,PH52-073,SHORT_IRON_CONDOR,validation,e5919e2053dc59805884,2025-07-31,5,BLOCKED_LEG_ELIGIBILITY,False,REQUIRED_LEG_PRIOR_OI_BELOW_100,34.78260869565216,4,4
2f542b011d83f30b511e,PH52-073,SHORT_IRON_CONDOR,validation,2744fff722d389044d25,2025-12-30,5,EXCLUDED_OHLC_RANGE_PROXY,False,OHLC_RANGE_PROXY_EXCEEDS_THRESHOLD,12.50000000000001,4,4
8ac7e282e4555d32f4b1,PH52-073,SHORT_IRON_CONDOR,development,ce8e12389ff297becff9,2021-05-27,5,EXCLUDED_OHLC_RANGE_PROXY,False,OHLC_RANGE_PROXY_EXCEEDS_THRESHOLD,14.285714285714299,4,4
8ac7e282e4555d32f4b1,PH52-073,SHORT_IRON_CONDOR,development,061c004245393c77b5c7,2021-12-09,5,EXCLUDED_OHLC_RANGE_PROXY,False,OHLC_RANGE_PROXY_EXCEEDS_THRESHOLD,10.000000000000009,4,4
8ac7e282e4555d32f4b1,PH52-073,SHORT_IRON_CONDOR,development,b58d771555d73891d2fd,2022-06-16,5,EXCLUDED_OHLC_RANGE_PROXY,False,OHLC_RANGE_PROXY_EXCEEDS_THRESHOLD,32.28346456692912,4,4
8ac7e282e4555d32f4b1,PH52-073,SHORT_IRON_CONDOR,development,8c9b97c314b368f7a743,2022-12-15,5,EXCLUDED_OHLC_RANGE_PROXY,False,OHLC_RANGE_PROXY_EXCEEDS_THRESHOLD,22.22222222222223,4,4
8ac7e282e4555d32f4b1,PH52-073,SHORT_IRON_CONDOR,development,b2b9482e70f4a2ace098,2023-06-22,5,EXCLUDED_OHLC_RANGE_PROXY,False,OHLC_RANGE_PROXY_EXCEEDS_THRESHOLD,12.499999999999996,4,4
8ac7e282e4555d32f4b1,PH52-073,SHORT_IRON_CONDOR,development,804301753400916af24f,2023-12-28,5,EXCLUDED_OHLC_RANGE_PROXY,False,OHLC_RANGE_PROXY_EXCEEDS_THRESHOLD,11.49425287356322,4,4
8ac7e282e4555d32f4b1,PH52-073,SHORT_IRON_CONDOR,validation,c1472f0b801661762bc6,2024-01-04,5,EXCLUDED_OHLC_RANGE_PROXY,False,OHLC_RANGE_PROXY_EXCEEDS_THRESHOLD,19.999999999999996,4,4
8ac7e282e4555d32f4b1,PH52-073,SHORT_IRON_CONDOR,validation,1d33307443bd39106f13,2024-05-30,5,EXCLUDED_OHLC_RANGE_PROXY,False,OHLC_RANGE_PROXY_EXCEEDS_THRESHOLD,12.056737588652478,4,4
8ac7e282e4555d32f4b1,PH52-073,SHORT_IRON_CONDOR,validation,50696f11ab0417607875,2024-10-17,5,EXCLUDED_OHLC_RANGE_PROXY,False,OHLC_RANGE_PROXY_EXCEEDS_THRESHOLD,14.285714285714288,4,4
8ac7e282e4555d32f4b1,PH52-073,SHORT_IRON_CONDOR,validation,58a4c4843286bd3943a2,2025-03-13,5,BLOCKED_LEG_ELIGIBILITY,False,REQUIRED_LEG_PRIOR_OI_BELOW_100,10.000000000000009,4,4
8ac7e282e4555d32f4b1,PH52-073,SHORT_IRON_CONDOR,validation,e5919e2053dc59805884,2025-07-31,5,BLOCKED_LEG_ELIGIBILITY,False,REQUIRED_LEG_PRIOR_OI_BELOW_100,34.78260869565216,4,4
8ac7e282e4555d32f4b1,PH52-073,SHORT_IRON_CONDOR,validation,2744fff722d389044d25,2025-12-30,5,EXCLUDED_OHLC_RANGE_PROXY,False,OHLC_RANGE_PROXY_EXCEEDS_THRESHOLD,10.526315789473683,4,4
fe6add04f5cb79f886ae,PH52-043,BEAR_CALL_SPREAD,development,01f752daf3bb0e90d7b1,2021-05-27,6,EXCLUDED_OHLC_RANGE_PROXY,True,ELIGIBLE_FOR_OHLC_PRICE_REFERENCE_SIMULATION,5.384615384615379,2,2
fe6add04f5cb79f886ae,PH52-043,BEAR_CALL_SPREAD,development,0ddaab2f8946678d3082,2021-12-09,6,EXCLUDED_OHLC_RANGE_PROXY,False,OHLC_RANGE_PROXY_EXCEEDS_THRESHOLD,13.180515759312314,2,2
fe6add04f5cb79f886ae,PH52-043,BEAR_CALL_SPREAD,development,044eef05c3277601504c,2022-06-16,6,EXCLUDED_OHLC_RANGE_PROXY,False,OHLC_RANGE_PROXY_EXCEEDS_THRESHOLD,10.924369747899156,2,2
fe6add04f5cb79f886ae,PH52-043,BEAR_CALL_SPREAD,development,307dafef42b72c870148,2022-12-15,6,EXCLUDED_OHLC_RANGE_PROXY,True,ELIGIBLE_FOR_OHLC_PRICE_REFERENCE_SIMULATION,5.957446808510648,2,2
fe6add04f5cb79f886ae,PH52-043,BEAR_CALL_SPREAD,development,c8a686f986a21faa7ed5,2023-06-22,6,EXCLUDED_OHLC_RANGE_PROXY,False,OHLC_RANGE_PROXY_EXCEEDS_THRESHOLD,12.765957446808503,2,2
fe6add04f5cb79f886ae,PH52-043,BEAR_CALL_SPREAD,development,84c7352397ed038c3ea2,2023-12-28,6,EXCLUDED_OHLC_RANGE_PROXY,True,ELIGIBLE_FOR_OHLC_PRICE_REFERENCE_SIMULATION,4.511278195488715,2,2
fe6add04f5cb79f886ae,PH52-043,BEAR_CALL_SPREAD,validation,f104c6f1662847c5bbcc,2024-01-04,6,EXCLUDED_OHLC_RANGE_PROXY,False,OHLC_RANGE_PROXY_EXCEEDS_THRESHOLD,8.63309352517985,2,2
fe6add04f5cb79f886ae,PH52-043,BEAR_CALL_SPREAD,validation,0cd34c6b63a9f995c503,2024-05-30,6,EXCLUDED_OHLC_RANGE_PROXY,False,OHLC_RANGE_PROXY_EXCEEDS_THRESHOLD,8.391608391608392,2,2
fe6add04f5cb79f886ae,PH52-043,BEAR_CALL_SPREAD,validation,75007ced19cb5e12e01f,2024-10-17,6,EXCLUDED_OHLC_RANGE_PROXY,False,OHLC_RANGE_PROXY_EXCEEDS_THRESHOLD,17.452830188679247,2,2
fe6add04f5cb79f886ae,PH52-043,BEAR_CALL_SPREAD,validation,8eb8f1add17ecb221cbd,2025-03-13,6,BLOCKED_LEG_ELIGIBILITY,False,REQUIRED_LEG_PRIOR_OI_BELOW_100,14.285714285714286,2,2
fe6add04f5cb79f886ae,PH52-043,BEAR_CALL_SPREAD,validation,14d9997729e438213524,2025-07-31,6,BLOCKED_LEG_ELIGIBILITY,False,REQUIRED_LEG_PRIOR_OI_BELOW_100,14.367816091954024,2,2
fe6add04f5cb79f886ae,PH52-043,BEAR_CALL_SPREAD,validation,4a919e0bde313b9b9ee1,2025-12-30,6,BLOCKED_LEG_ELIGIBILITY,False,REQUIRED_LEG_PRIOR_OI_BELOW_100,17.257683215130037,2,2
7fbbaa60e31b671300e2,PH52-043,BEAR_CALL_SPREAD,development,01f752daf3bb0e90d7b1,2021-05-27,6,EXCLUDED_OHLC_RANGE_PROXY,True,ELIGIBLE_FOR_OHLC_PRICE_REFERENCE_SIMULATION,5.246913580246912,2,2
7fbbaa60e31b671300e2,PH52-043,BEAR_CALL_SPREAD,development,0ddaab2f8946678d3082,2021-12-09,6,EXCLUDED_OHLC_RANGE_PROXY,False,OHLC_RANGE_PROXY_EXCEEDS_THRESHOLD,11.158798283261808,2,2
7fbbaa60e31b671300e2,PH52-043,BEAR_CALL_SPREAD,development,044eef05c3277601504c,2022-06-16,6,EXCLUDED_OHLC_RANGE_PROXY,False,OHLC_RANGE_PROXY_EXCEEDS_THRESHOLD,10.736196319018415,2,2
7fbbaa60e31b671300e2,PH52-043,BEAR_CALL_SPREAD,development,307dafef42b72c870148,2022-12-15,6,EXCLUDED_OHLC_RANGE_PROXY,True,ELIGIBLE_FOR_OHLC_PRICE_REFERENCE_SIMULATION,5.957446808510648,2,2
7fbbaa60e31b671300e2,PH52-043,BEAR_CALL_SPREAD,development,c8a686f986a21faa7ed5,2023-06-22,6,EXCLUDED_OHLC_RANGE_PROXY,False,OHLC_RANGE_PROXY_EXCEEDS_THRESHOLD,11.021505376344088,2,2
7fbbaa60e31b671300e2,PH52-043,BEAR_CALL_SPREAD,development,84c7352397ed038c3ea2,2023-12-28,6,EXCLUDED_OHLC_RANGE_PROXY,True,ELIGIBLE_FOR_OHLC_PRICE_REFERENCE_SIMULATION,4.341736694677863,2,2
7fbbaa60e31b671300e2,PH52-043,BEAR_CALL_SPREAD,validation,f104c6f1662847c5bbcc,2024-01-04,6,EXCLUDED_OHLC_RANGE_PROXY,False,OHLC_RANGE_PROXY_EXCEEDS_THRESHOLD,6.666666666666658,2,2
7fbbaa60e31b671300e2,PH52-043,BEAR_CALL_SPREAD,validation,0cd34c6b63a9f995c503,2024-05-30,6,EXCLUDED_OHLC_RANGE_PROXY,False,OHLC_RANGE_PROXY_EXCEEDS_THRESHOLD,8.620689655172415,2,2
7fbbaa60e31b671300e2,PH52-043,BEAR_CALL_SPREAD,validation,75007ced19cb5e12e01f,2024-10-17,6,EXCLUDED_OHLC_RANGE_PROXY,False,OHLC_RANGE_PROXY_EXCEEDS_THRESHOLD,17.452830188679247,2,2
7fbbaa60e31b671300e2,PH52-043,BEAR_CALL_SPREAD,validation,8eb8f1add17ecb221cbd,2025-03-13,6,BLOCKED_LEG_ELIGIBILITY,False,REQUIRED_LEG_PRIOR_OI_BELOW_100,14.285714285714286,2,2
7fbbaa60e31b671300e2,PH52-043,BEAR_CALL_SPREAD,validation,14d9997729e438213524,2025-07-31,6,BLOCKED_LEG_ELIGIBILITY,False,REQUIRED_LEG_PRIOR_OI_BELOW_100,12.925170068027214,2,2
7fbbaa60e31b671300e2,PH52-043,BEAR_CALL_SPREAD,validation,4a919e0bde313b9b9ee1,2025-12-30,6,BLOCKED_LEG_ELIGIBILITY,False,REQUIRED_LEG_PRIOR_OI_BELOW_100,17.257683215130037,2,2
16d864e72053099b92bd,PH52-043,BEAR_CALL_SPREAD,development,01f752daf3bb0e90d7b1,2021-05-27,6,EXCLUDED_OHLC_RANGE_PROXY,True,ELIGIBLE_FOR_OHLC_PRICE_REFERENCE_SIMULATION,5.9999999999999964,2,2
16d864e72053099b92bd,PH52-043,BEAR_CALL_SPREAD,development,0ddaab2f8946678d3082,2021-12-09,6,EXCLUDED_OHLC_RANGE_PROXY,False,OHLC_RANGE_PROXY_EXCEEDS_THRESHOLD,10.596026490066224,2,2
16d864e72053099b92bd,PH52-043,BEAR_CALL_SPREAD,development,044eef05c3277601504c,2022-06-16,6,EXCLUDED_OHLC_RANGE_PROXY,False,OHLC_RANGE_PROXY_EXCEEDS_THRESHOLD,9.78260869565216,2,2
16d864e72053099b92bd,PH52-043,BEAR_CALL_SPREAD,development,307dafef42b72c870148,2022-12-15,6,EXCLUDED_OHLC_RANGE_PROXY,True,ELIGIBLE_FOR_OHLC_PRICE_REFERENCE_SIMULATION,3.63636363636364,2,2
16d864e72053099b92bd,PH52-043,BEAR_CALL_SPREAD,development,c8a686f986a21faa7ed5,2023-06-22,6,EXCLUDED_OHLC_RANGE_PROXY,False,OHLC_RANGE_PROXY_EXCEEDS_THRESHOLD,7.547169811320744,2,2
16d864e72053099b92bd,PH52-043,BEAR_CALL_SPREAD,development,84c7352397ed038c3ea2,2023-12-28,6,EXCLUDED_OHLC_RANGE_PROXY,True,ELIGIBLE_FOR_OHLC_PRICE_REFERENCE_SIMULATION,4.784688995215311,2,2
16d864e72053099b92bd,PH52-043,BEAR_CALL_SPREAD,validation,f104c6f1662847c5bbcc,2024-01-04,6,EXCLUDED_OHLC_RANGE_PROXY,True,ELIGIBLE_FOR_OHLC_PRICE_REFERENCE_SIMULATION,5.882352941176485,2,2
16d864e72053099b92bd,PH52-043,BEAR_CALL_SPREAD,validation,0cd34c6b63a9f995c503,2024-05-30,6,EXCLUDED_OHLC_RANGE_PROXY,False,OHLC_RANGE_PROXY_EXCEEDS_THRESHOLD,8.739837398373977,2,2
16d864e72053099b92bd,PH52-043,BEAR_CALL_SPREAD,validation,75007ced19cb5e12e01f,2024-10-17,6,EXCLUDED_OHLC_RANGE_PROXY,False,OHLC_RANGE_PROXY_EXCEEDS_THRESHOLD,15.302491103202849,2,2
16d864e72053099b92bd,PH52-043,BEAR_CALL_SPREAD,validation,8eb8f1add17ecb221cbd,2025-03-13,6,BLOCKED_LEG_ELIGIBILITY,False,REQUIRED_LEG_PRIOR_OI_BELOW_100,12.37113402061857,2,2
16d864e72053099b92bd,PH52-043,BEAR_CALL_SPREAD,validation,14d9997729e438213524,2025-07-31,6,BLOCKED_LEG_ELIGIBILITY,False,REQUIRED_LEG_PRIOR_OI_BELOW_100,12.925170068027214,2,2
16d864e72053099b92bd,PH52-043,BEAR_CALL_SPREAD,validation,4a919e0bde313b9b9ee1,2025-12-30,6,BLOCKED_LEG_ELIGIBILITY,False,REQUIRED_LEG_PRIOR_OI_BELOW_100,17.187500000000007,2,2
996fe2c49ae57ab7d9a0,PH52-043,BEAR_CALL_SPREAD,development,01f752daf3bb0e90d7b1,2021-05-27,6,EXCLUDED_OHLC_RANGE_PROXY,True,ELIGIBLE_FOR_OHLC_PRICE_REFERENCE_SIMULATION,5.9999999999999964,2,2
996fe2c49ae57ab7d9a0,PH52-043,BEAR_CALL_SPREAD,development,0ddaab2f8946678d3082,2021-12-09,6,EXCLUDED_OHLC_RANGE_PROXY,False,OHLC_RANGE_PROXY_EXCEEDS_THRESHOLD,10.596026490066224,2,2
996fe2c49ae57ab7d9a0,PH52-043,BEAR_CALL_SPREAD,development,044eef05c3277601504c,2022-06-16,6,EXCLUDED_OHLC_RANGE_PROXY,False,OHLC_RANGE_PROXY_EXCEEDS_THRESHOLD,9.78260869565216,2,2
996fe2c49ae57ab7d9a0,PH52-043,BEAR_CALL_SPREAD,development,307dafef42b72c870148,2022-12-15,6,EXCLUDED_OHLC_RANGE_PROXY,True,ELIGIBLE_FOR_OHLC_PRICE_REFERENCE_SIMULATION,3.8461538461538494,2,2
996fe2c49ae57ab7d9a0,PH52-043,BEAR_CALL_SPREAD,development,c8a686f986a21faa7ed5,2023-06-22,6,EXCLUDED_OHLC_RANGE_PROXY,False,OHLC_RANGE_PROXY_EXCEEDS_THRESHOLD,7.547169811320744,2,2
996fe2c49ae57ab7d9a0,PH52-043,BEAR_CALL_SPREAD,development,84c7352397ed038c3ea2,2023-12-28,6,EXCLUDED_OHLC_RANGE_PROXY,True,ELIGIBLE_FOR_OHLC_PRICE_REFERENCE_SIMULATION,4.784688995215311,2,2
996fe2c49ae57ab7d9a0,PH52-043,BEAR_CALL_SPREAD,validation,f104c6f1662847c5bbcc,2024-01-04,6,EXCLUDED_OHLC_RANGE_PROXY,False,OHLC_RANGE_PROXY_EXCEEDS_THRESHOLD,7.1428571428571335,2,2
996fe2c49ae57ab7d9a0,PH52-043,BEAR_CALL_SPREAD,validation,0cd34c6b63a9f995c503,2024-05-30,6,EXCLUDED_OHLC_RANGE_PROXY,False,OHLC_RANGE_PROXY_EXCEEDS_THRESHOLD,8.739837398373977,2,2
996fe2c49ae57ab7d9a0,PH52-043,BEAR_CALL_SPREAD,validation,75007ced19cb5e12e01f,2024-10-17,6,EXCLUDED_OHLC_RANGE_PROXY,False,OHLC_RANGE_PROXY_EXCEEDS_THRESHOLD,15.302491103202849,2,2
996fe2c49ae57ab7d9a0,PH52-043,BEAR_CALL_SPREAD,validation,8eb8f1add17ecb221cbd,2025-03-13,6,BLOCKED_LEG_ELIGIBILITY,False,REQUIRED_LEG_PRIOR_OI_BELOW_100,12.37113402061857,2,2
996fe2c49ae57ab7d9a0,PH52-043,BEAR_CALL_SPREAD,validation,14d9997729e438213524,2025-07-31,6,BLOCKED_LEG_ELIGIBILITY,False,REQUIRED_LEG_PRIOR_OI_BELOW_100,12.385321100917428,2,2
996fe2c49ae57ab7d9a0,PH52-043,BEAR_CALL_SPREAD,validation,4a919e0bde313b9b9ee1,2025-12-30,6,BLOCKED_LEG_ELIGIBILITY,False,REQUIRED_LEG_PRIOR_OI_BELOW_100,15.51724137931035,2,2
60c2d16b969965ff2b15,PH52-043,BEAR_CALL_SPREAD,development,ce8e12389ff297becff9,2021-05-27,6,EXCLUDED_OHLC_RANGE_PROXY,False,OHLC_RANGE_PROXY_EXCEEDS_THRESHOLD,10.322580645161288,2,2
60c2d16b969965ff2b15,PH52-043,BEAR_CALL_SPREAD,development,061c004245393c77b5c7,2021-12-09,6,EXCLUDED_OHLC_RANGE_PROXY,False,OHLC_RANGE_PROXY_EXCEEDS_THRESHOLD,9.48509485094851,2,2
60c2d16b969965ff2b15,PH52-043,BEAR_CALL_SPREAD,development,b58d771555d73891d2fd,2022-06-16,6,EXCLUDED_OHLC_RANGE_PROXY,False,OHLC_RANGE_PROXY_EXCEEDS_THRESHOLD,22.22222222222222,2,2
60c2d16b969965ff2b15,PH52-043,BEAR_CALL_SPREAD,development,8c9b97c314b368f7a743,2022-12-15,6,EXCLUDED_OHLC_RANGE_PROXY,False,OHLC_RANGE_PROXY_EXCEEDS_THRESHOLD,8.231707317073157,2,2
60c2d16b969965ff2b15,PH52-043,BEAR_CALL_SPREAD,development,b2b9482e70f4a2ace098,2023-06-22,6,EXCLUDED_OHLC_RANGE_PROXY,False,OHLC_RANGE_PROXY_EXCEEDS_THRESHOLD,11.874999999999991,2,2
60c2d16b969965ff2b15,PH52-043,BEAR_CALL_SPREAD,development,804301753400916af24f,2023-12-28,6,EXCLUDED_OHLC_RANGE_PROXY,False,OHLC_RANGE_PROXY_EXCEEDS_THRESHOLD,12.962962962962964,2,2
60c2d16b969965ff2b15,PH52-043,BEAR_CALL_SPREAD,validation,c1472f0b801661762bc6,2024-01-04,6,EXCLUDED_OHLC_RANGE_PROXY,False,OHLC_RANGE_PROXY_EXCEEDS_THRESHOLD,17.58241758241759,2,2
60c2d16b969965ff2b15,PH52-043,BEAR_CALL_SPREAD,validation,1d33307443bd39106f13,2024-05-30,6,EXCLUDED_OHLC_RANGE_PROXY,False,OHLC_RANGE_PROXY_EXCEEDS_THRESHOLD,12.436548223350252,2,2
60c2d16b969965ff2b15,PH52-043,BEAR_CALL_SPREAD,validation,50696f11ab0417607875,2024-10-17,6,EXCLUDED_OHLC_RANGE_PROXY,False,OHLC_RANGE_PROXY_EXCEEDS_THRESHOLD,17.857142857142858,2,2
60c2d16b969965ff2b15,PH52-043,BEAR_CALL_SPREAD,validation,58a4c4843286bd3943a2,2025-03-13,6,BLOCKED_LEG_ELIGIBILITY,False,REQUIRED_LEG_PRIOR_OI_BELOW_100,10.0,2,2
60c2d16b969965ff2b15,PH52-043,BEAR_CALL_SPREAD,validation,e5919e2053dc59805884,2025-07-31,6,BLOCKED_LEG_ELIGIBILITY,False,REQUIRED_LEG_PRIOR_OI_BELOW_100,31.39158576051781,2,2
60c2d16b969965ff2b15,PH52-043,BEAR_CALL_SPREAD,validation,2744fff722d389044d25,2025-12-30,6,EXCLUDED_OHLC_RANGE_PROXY,False,OHLC_RANGE_PROXY_EXCEEDS_THRESHOLD,11.363636363636365,2,2
f96abfc5c945c889729f,PH52-043,BEAR_CALL_SPREAD,development,ce8e12389ff297becff9,2021-05-27,6,EXCLUDED_OHLC_RANGE_PROXY,False,OHLC_RANGE_PROXY_EXCEEDS_THRESHOLD,10.322580645161288,2,2
f96abfc5c945c889729f,PH52-043,BEAR_CALL_SPREAD,development,061c004245393c77b5c7,2021-12-09,6,EXCLUDED_OHLC_RANGE_PROXY,False,OHLC_RANGE_PROXY_EXCEEDS_THRESHOLD,9.48509485094851,2,2
f96abfc5c945c889729f,PH52-043,BEAR_CALL_SPREAD,development,b58d771555d73891d2fd,2022-06-16,6,EXCLUDED_OHLC_RANGE_PROXY,False,OHLC_RANGE_PROXY_EXCEEDS_THRESHOLD,21.229050279329606,2,2
f96abfc5c945c889729f,PH52-043,BEAR_CALL_SPREAD,development,8c9b97c314b368f7a743,2022-12-15,6,EXCLUDED_OHLC_RANGE_PROXY,False,OHLC_RANGE_PROXY_EXCEEDS_THRESHOLD,8.231707317073157,2,2
f96abfc5c945c889729f,PH52-043,BEAR_CALL_SPREAD,development,b2b9482e70f4a2ace098,2023-06-22,6,EXCLUDED_OHLC_RANGE_PROXY,False,OHLC_RANGE_PROXY_EXCEEDS_THRESHOLD,11.874999999999991,2,2
f96abfc5c945c889729f,PH52-043,BEAR_CALL_SPREAD,development,804301753400916af24f,2023-12-28,6,EXCLUDED_OHLC_RANGE_PROXY,False,OHLC_RANGE_PROXY_EXCEEDS_THRESHOLD,12.962962962962964,2,2
f96abfc5c945c889729f,PH52-043,BEAR_CALL_SPREAD,validation,c1472f0b801661762bc6,2024-01-04,6,EXCLUDED_OHLC_RANGE_PROXY,False,OHLC_RANGE_PROXY_EXCEEDS_THRESHOLD,17.58241758241759,2,2
f96abfc5c945c889729f,PH52-043,BEAR_CALL_SPREAD,validation,1d33307443bd39106f13,2024-05-30,6,EXCLUDED_OHLC_RANGE_PROXY,False,OHLC_RANGE_PROXY_EXCEEDS_THRESHOLD,12.436548223350252,2,2
f96abfc5c945c889729f,PH52-043,BEAR_CALL_SPREAD,validation,50696f11ab0417607875,2024-10-17,6,EXCLUDED_OHLC_RANGE_PROXY,False,OHLC_RANGE_PROXY_EXCEEDS_THRESHOLD,17.857142857142858,2,2
f96abfc5c945c889729f,PH52-043,BEAR_CALL_SPREAD,validation,58a4c4843286bd3943a2,2025-03-13,6,BLOCKED_LEG_ELIGIBILITY,False,REQUIRED_LEG_PRIOR_OI_BELOW_100,10.0,2,2
f96abfc5c945c889729f,PH52-043,BEAR_CALL_SPREAD,validation,e5919e2053dc59805884,2025-07-31,6,BLOCKED_LEG_ELIGIBILITY,False,REQUIRED_LEG_PRIOR_OI_BELOW_100,31.521739130434792,2,2
f96abfc5c945c889729f,PH52-043,BEAR_CALL_SPREAD,validation,2744fff722d389044d25,2025-12-30,6,EXCLUDED_OHLC_RANGE_PROXY,False,OHLC_RANGE_PROXY_EXCEEDS_THRESHOLD,11.363636363636365,2,2
31945d66866929a2f44e,PH52-043,BEAR_CALL_SPREAD,development,ce8e12389ff297becff9,2021-05-27,6,EXCLUDED_OHLC_RANGE_PROXY,False,OHLC_RANGE_PROXY_EXCEEDS_THRESHOLD,10.000000000000009,2,2
31945d66866929a2f44e,PH52-043,BEAR_CALL_SPREAD,development,061c004245393c77b5c7,2021-12-09,6,EXCLUDED_OHLC_RANGE_PROXY,False,OHLC_RANGE_PROXY_EXCEEDS_THRESHOLD,7.499999999999996,2,2
31945d66866929a2f44e,PH52-043,BEAR_CALL_SPREAD,development,b58d771555d73891d2fd,2022-06-16,6,EXCLUDED_OHLC_RANGE_PROXY,False,OHLC_RANGE_PROXY_EXCEEDS_THRESHOLD,21.73913043478261,2,2
31945d66866929a2f44e,PH52-043,BEAR_CALL_SPREAD,development,8c9b97c314b368f7a743,2022-12-15,6,EXCLUDED_OHLC_RANGE_PROXY,False,OHLC_RANGE_PROXY_EXCEEDS_THRESHOLD,7.142857142857159,2,2
31945d66866929a2f44e,PH52-043,BEAR_CALL_SPREAD,development,b2b9482e70f4a2ace098,2023-06-22,6,EXCLUDED_OHLC_RANGE_PROXY,False,OHLC_RANGE_PROXY_EXCEEDS_THRESHOLD,8.695652173913052,2,2
31945d66866929a2f44e,PH52-043,BEAR_CALL_SPREAD,development,804301753400916af24f,2023-12-28,6,EXCLUDED_OHLC_RANGE_PROXY,False,OHLC_RANGE_PROXY_EXCEEDS_THRESHOLD,9.803921568627452,2,2
31945d66866929a2f44e,PH52-043,BEAR_CALL_SPREAD,validation,c1472f0b801661762bc6,2024-01-04,6,EXCLUDED_OHLC_RANGE_PROXY,False,OHLC_RANGE_PROXY_EXCEEDS_THRESHOLD,15.384615384615381,2,2
31945d66866929a2f44e,PH52-043,BEAR_CALL_SPREAD,validation,1d33307443bd39106f13,2024-05-30,6,EXCLUDED_OHLC_RANGE_PROXY,False,OHLC_RANGE_PROXY_EXCEEDS_THRESHOLD,12.22222222222222,2,2
31945d66866929a2f44e,PH52-043,BEAR_CALL_SPREAD,validation,50696f11ab0417607875,2024-10-17,6,EXCLUDED_OHLC_RANGE_PROXY,False,OHLC_RANGE_PROXY_EXCEEDS_THRESHOLD,14.285714285714299,2,2
31945d66866929a2f44e,PH52-043,BEAR_CALL_SPREAD,validation,58a4c4843286bd3943a2,2025-03-13,6,BLOCKED_LEG_ELIGIBILITY,False,REQUIRED_LEG_PRIOR_OI_BELOW_100,8.510638297872347,2,2
31945d66866929a2f44e,PH52-043,BEAR_CALL_SPREAD,validation,e5919e2053dc59805884,2025-07-31,6,BLOCKED_LEG_ELIGIBILITY,False,REQUIRED_LEG_PRIOR_OI_BELOW_100,34.78260869565216,2,2
31945d66866929a2f44e,PH52-043,BEAR_CALL_SPREAD,validation,2744fff722d389044d25,2025-12-30,6,EXCLUDED_OHLC_RANGE_PROXY,False,OHLC_RANGE_PROXY_EXCEEDS_THRESHOLD,8.333333333333341,2,2
1a0635bb11fffe02e510,PH52-043,BEAR_CALL_SPREAD,development,ce8e12389ff297becff9,2021-05-27,6,EXCLUDED_OHLC_RANGE_PROXY,False,OHLC_RANGE_PROXY_EXCEEDS_THRESHOLD,14.285714285714299,2,2
1a0635bb11fffe02e510,PH52-043,BEAR_CALL_SPREAD,development,061c004245393c77b5c7,2021-12-09,6,EXCLUDED_OHLC_RANGE_PROXY,False,OHLC_RANGE_PROXY_EXCEEDS_THRESHOLD,9.090909090909099,2,2
1a0635bb11fffe02e510,PH52-043,BEAR_CALL_SPREAD,development,b58d771555d73891d2fd,2022-06-16,6,EXCLUDED_OHLC_RANGE_PROXY,False,OHLC_RANGE_PROXY_EXCEEDS_THRESHOLD,21.73913043478261,2,2
1a0635bb11fffe02e510,PH52-043,BEAR_CALL_SPREAD,development,8c9b97c314b368f7a743,2022-12-15,6,EXCLUDED_OHLC_RANGE_PROXY,False,OHLC_RANGE_PROXY_EXCEEDS_THRESHOLD,8.571428571428566,2,2
1a0635bb11fffe02e510,PH52-043,BEAR_CALL_SPREAD,development,b2b9482e70f4a2ace098,2023-06-22,6,EXCLUDED_OHLC_RANGE_PROXY,False,OHLC_RANGE_PROXY_EXCEEDS_THRESHOLD,6.250000000000005,2,2
1a0635bb11fffe02e510,PH52-043,BEAR_CALL_SPREAD,development,804301753400916af24f,2023-12-28,6,EXCLUDED_OHLC_RANGE_PROXY,False,OHLC_RANGE_PROXY_EXCEEDS_THRESHOLD,9.803921568627452,2,2
1a0635bb11fffe02e510,PH52-043,BEAR_CALL_SPREAD,validation,c1472f0b801661762bc6,2024-01-04,6,EXCLUDED_OHLC_RANGE_PROXY,False,OHLC_RANGE_PROXY_EXCEEDS_THRESHOLD,19.999999999999996,2,2
1a0635bb11fffe02e510,PH52-043,BEAR_CALL_SPREAD,validation,1d33307443bd39106f13,2024-05-30,6,EXCLUDED_OHLC_RANGE_PROXY,False,OHLC_RANGE_PROXY_EXCEEDS_THRESHOLD,12.056737588652478,2,2
1a0635bb11fffe02e510,PH52-043,BEAR_CALL_SPREAD,validation,50696f11ab0417607875,2024-10-17,6,EXCLUDED_OHLC_RANGE_PROXY,False,OHLC_RANGE_PROXY_EXCEEDS_THRESHOLD,14.285714285714288,2,2
1a0635bb11fffe02e510,PH52-043,BEAR_CALL_SPREAD,validation,58a4c4843286bd3943a2,2025-03-13,6,BLOCKED_LEG_ELIGIBILITY,False,REQUIRED_LEG_PRIOR_OI_BELOW_100,8.510638297872347,2,2
1a0635bb11fffe02e510,PH52-043,BEAR_CALL_SPREAD,validation,e5919e2053dc59805884,2025-07-31,6,BLOCKED_LEG_ELIGIBILITY,False,REQUIRED_LEG_PRIOR_OI_BELOW_100,34.78260869565216,2,2
1a0635bb11fffe02e510,PH52-043,BEAR_CALL_SPREAD,validation,2744fff722d389044d25,2025-12-30,6,EXCLUDED_OHLC_RANGE_PROXY,False,OHLC_RANGE_PROXY_EXCEEDS_THRESHOLD,7.1428571428571495,2,2
060d90e4f65e45f6cff8,PH52-025,BULL_CALL_SPREAD,development,01f752daf3bb0e90d7b1,2021-05-27,6,EXCLUDED_OHLC_RANGE_PROXY,True,ELIGIBLE_FOR_OHLC_PRICE_REFERENCE_SIMULATION,5.384615384615379,2,2
060d90e4f65e45f6cff8,PH52-025,BULL_CALL_SPREAD,development,0ddaab2f8946678d3082,2021-12-09,6,EXCLUDED_OHLC_RANGE_PROXY,False,OHLC_RANGE_PROXY_EXCEEDS_THRESHOLD,13.180515759312314,2,2
060d90e4f65e45f6cff8,PH52-025,BULL_CALL_SPREAD,development,044eef05c3277601504c,2022-06-16,6,EXCLUDED_OHLC_RANGE_PROXY,False,OHLC_RANGE_PROXY_EXCEEDS_THRESHOLD,10.924369747899156,2,2
060d90e4f65e45f6cff8,PH52-025,BULL_CALL_SPREAD,development,307dafef42b72c870148,2022-12-15,6,EXCLUDED_OHLC_RANGE_PROXY,True,ELIGIBLE_FOR_OHLC_PRICE_REFERENCE_SIMULATION,5.957446808510648,2,2
060d90e4f65e45f6cff8,PH52-025,BULL_CALL_SPREAD,development,c8a686f986a21faa7ed5,2023-06-22,6,EXCLUDED_OHLC_RANGE_PROXY,False,OHLC_RANGE_PROXY_EXCEEDS_THRESHOLD,12.765957446808503,2,2
060d90e4f65e45f6cff8,PH52-025,BULL_CALL_SPREAD,development,84c7352397ed038c3ea2,2023-12-28,6,EXCLUDED_OHLC_RANGE_PROXY,True,ELIGIBLE_FOR_OHLC_PRICE_REFERENCE_SIMULATION,4.511278195488715,2,2
060d90e4f65e45f6cff8,PH52-025,BULL_CALL_SPREAD,validation,f104c6f1662847c5bbcc,2024-01-04,6,EXCLUDED_OHLC_RANGE_PROXY,False,OHLC_RANGE_PROXY_EXCEEDS_THRESHOLD,8.63309352517985,2,2
060d90e4f65e45f6cff8,PH52-025,BULL_CALL_SPREAD,validation,0cd34c6b63a9f995c503,2024-05-30,6,EXCLUDED_OHLC_RANGE_PROXY,False,OHLC_RANGE_PROXY_EXCEEDS_THRESHOLD,8.391608391608392,2,2
060d90e4f65e45f6cff8,PH52-025,BULL_CALL_SPREAD,validation,75007ced19cb5e12e01f,2024-10-17,6,EXCLUDED_OHLC_RANGE_PROXY,False,OHLC_RANGE_PROXY_EXCEEDS_THRESHOLD,17.452830188679247,2,2
060d90e4f65e45f6cff8,PH52-025,BULL_CALL_SPREAD,validation,8eb8f1add17ecb221cbd,2025-03-13,6,BLOCKED_LEG_ELIGIBILITY,False,REQUIRED_LEG_PRIOR_OI_BELOW_100,14.285714285714286,2,2
060d90e4f65e45f6cff8,PH52-025,BULL_CALL_SPREAD,validation,14d9997729e438213524,2025-07-31,6,BLOCKED_LEG_ELIGIBILITY,False,REQUIRED_LEG_PRIOR_OI_BELOW_100,14.367816091954024,2,2
060d90e4f65e45f6cff8,PH52-025,BULL_CALL_SPREAD,validation,4a919e0bde313b9b9ee1,2025-12-30,6,BLOCKED_LEG_ELIGIBILITY,False,REQUIRED_LEG_PRIOR_OI_BELOW_100,17.257683215130037,2,2
15e3134481edf2a4beeb,PH52-025,BULL_CALL_SPREAD,development,01f752daf3bb0e90d7b1,2021-05-27,6,EXCLUDED_OHLC_RANGE_PROXY,True,ELIGIBLE_FOR_OHLC_PRICE_REFERENCE_SIMULATION,5.246913580246912,2,2
15e3134481edf2a4beeb,PH52-025,BULL_CALL_SPREAD,development,0ddaab2f8946678d3082,2021-12-09,6,EXCLUDED_OHLC_RANGE_PROXY,False,OHLC_RANGE_PROXY_EXCEEDS_THRESHOLD,11.158798283261808,2,2
15e3134481edf2a4beeb,PH52-025,BULL_CALL_SPREAD,development,044eef05c3277601504c,2022-06-16,6,EXCLUDED_OHLC_RANGE_PROXY,False,OHLC_RANGE_PROXY_EXCEEDS_THRESHOLD,10.736196319018415,2,2
15e3134481edf2a4beeb,PH52-025,BULL_CALL_SPREAD,development,307dafef42b72c870148,2022-12-15,6,EXCLUDED_OHLC_RANGE_PROXY,True,ELIGIBLE_FOR_OHLC_PRICE_REFERENCE_SIMULATION,5.957446808510648,2,2
15e3134481edf2a4beeb,PH52-025,BULL_CALL_SPREAD,development,c8a686f986a21faa7ed5,2023-06-22,6,EXCLUDED_OHLC_RANGE_PROXY,False,OHLC_RANGE_PROXY_EXCEEDS_THRESHOLD,11.021505376344088,2,2
15e3134481edf2a4beeb,PH52-025,BULL_CALL_SPREAD,development,84c7352397ed038c3ea2,2023-12-28,6,EXCLUDED_OHLC_RANGE_PROXY,True,ELIGIBLE_FOR_OHLC_PRICE_REFERENCE_SIMULATION,4.341736694677863,2,2
15e3134481edf2a4beeb,PH52-025,BULL_CALL_SPREAD,validation,f104c6f1662847c5bbcc,2024-01-04,6,EXCLUDED_OHLC_RANGE_PROXY,False,OHLC_RANGE_PROXY_EXCEEDS_THRESHOLD,6.666666666666658,2,2
15e3134481edf2a4beeb,PH52-025,BULL_CALL_SPREAD,validation,0cd34c6b63a9f995c503,2024-05-30,6,EXCLUDED_OHLC_RANGE_PROXY,False,OHLC_RANGE_PROXY_EXCEEDS_THRESHOLD,8.620689655172415,2,2
15e3134481edf2a4beeb,PH52-025,BULL_CALL_SPREAD,validation,75007ced19cb5e12e01f,2024-10-17,6,EXCLUDED_OHLC_RANGE_PROXY,False,OHLC_RANGE_PROXY_EXCEEDS_THRESHOLD,17.452830188679247,2,2
15e3134481edf2a4beeb,PH52-025,BULL_CALL_SPREAD,validation,8eb8f1add17ecb221cbd,2025-03-13,6,BLOCKED_LEG_ELIGIBILITY,False,REQUIRED_LEG_PRIOR_OI_BELOW_100,14.285714285714286,2,2
15e3134481edf2a4beeb,PH52-025,BULL_CALL_SPREAD,validation,14d9997729e438213524,2025-07-31,6,BLOCKED_LEG_ELIGIBILITY,False,REQUIRED_LEG_PRIOR_OI_BELOW_100,12.925170068027214,2,2
15e3134481edf2a4beeb,PH52-025,BULL_CALL_SPREAD,validation,4a919e0bde313b9b9ee1,2025-12-30,6,BLOCKED_LEG_ELIGIBILITY,False,REQUIRED_LEG_PRIOR_OI_BELOW_100,17.257683215130037,2,2
f32415bb61dd6e9f83f2,PH52-025,BULL_CALL_SPREAD,development,01f752daf3bb0e90d7b1,2021-05-27,6,EXCLUDED_OHLC_RANGE_PROXY,True,ELIGIBLE_FOR_OHLC_PRICE_REFERENCE_SIMULATION,5.9999999999999964,2,2
f32415bb61dd6e9f83f2,PH52-025,BULL_CALL_SPREAD,development,0ddaab2f8946678d3082,2021-12-09,6,EXCLUDED_OHLC_RANGE_PROXY,False,OHLC_RANGE_PROXY_EXCEEDS_THRESHOLD,10.596026490066224,2,2
f32415bb61dd6e9f83f2,PH52-025,BULL_CALL_SPREAD,development,044eef05c3277601504c,2022-06-16,6,EXCLUDED_OHLC_RANGE_PROXY,False,OHLC_RANGE_PROXY_EXCEEDS_THRESHOLD,9.78260869565216,2,2
f32415bb61dd6e9f83f2,PH52-025,BULL_CALL_SPREAD,development,307dafef42b72c870148,2022-12-15,6,EXCLUDED_OHLC_RANGE_PROXY,True,ELIGIBLE_FOR_OHLC_PRICE_REFERENCE_SIMULATION,3.63636363636364,2,2
f32415bb61dd6e9f83f2,PH52-025,BULL_CALL_SPREAD,development,c8a686f986a21faa7ed5,2023-06-22,6,EXCLUDED_OHLC_RANGE_PROXY,False,OHLC_RANGE_PROXY_EXCEEDS_THRESHOLD,7.547169811320744,2,2
f32415bb61dd6e9f83f2,PH52-025,BULL_CALL_SPREAD,development,84c7352397ed038c3ea2,2023-12-28,6,EXCLUDED_OHLC_RANGE_PROXY,True,ELIGIBLE_FOR_OHLC_PRICE_REFERENCE_SIMULATION,4.784688995215311,2,2
f32415bb61dd6e9f83f2,PH52-025,BULL_CALL_SPREAD,validation,f104c6f1662847c5bbcc,2024-01-04,6,EXCLUDED_OHLC_RANGE_PROXY,True,ELIGIBLE_FOR_OHLC_PRICE_REFERENCE_SIMULATION,5.882352941176485,2,2
f32415bb61dd6e9f83f2,PH52-025,BULL_CALL_SPREAD,validation,0cd34c6b63a9f995c503,2024-05-30,6,EXCLUDED_OHLC_RANGE_PROXY,False,OHLC_RANGE_PROXY_EXCEEDS_THRESHOLD,8.739837398373977,2,2
f32415bb61dd6e9f83f2,PH52-025,BULL_CALL_SPREAD,validation,75007ced19cb5e12e01f,2024-10-17,6,EXCLUDED_OHLC_RANGE_PROXY,False,OHLC_RANGE_PROXY_EXCEEDS_THRESHOLD,15.302491103202849,2,2
f32415bb61dd6e9f83f2,PH52-025,BULL_CALL_SPREAD,validation,8eb8f1add17ecb221cbd,2025-03-13,6,BLOCKED_LEG_ELIGIBILITY,False,REQUIRED_LEG_PRIOR_OI_BELOW_100,12.37113402061857,2,2
f32415bb61dd6e9f83f2,PH52-025,BULL_CALL_SPREAD,validation,14d9997729e438213524,2025-07-31,6,BLOCKED_LEG_ELIGIBILITY,False,REQUIRED_LEG_PRIOR_OI_BELOW_100,12.925170068027214,2,2
f32415bb61dd6e9f83f2,PH52-025,BULL_CALL_SPREAD,validation,4a919e0bde313b9b9ee1,2025-12-30,6,BLOCKED_LEG_ELIGIBILITY,False,REQUIRED_LEG_PRIOR_OI_BELOW_100,17.187500000000007,2,2
9373cc117634bae8f765,PH52-025,BULL_CALL_SPREAD,development,01f752daf3bb0e90d7b1,2021-05-27,6,EXCLUDED_OHLC_RANGE_PROXY,True,ELIGIBLE_FOR_OHLC_PRICE_REFERENCE_SIMULATION,5.9999999999999964,2,2
9373cc117634bae8f765,PH52-025,BULL_CALL_SPREAD,development,0ddaab2f8946678d3082,2021-12-09,6,EXCLUDED_OHLC_RANGE_PROXY,False,OHLC_RANGE_PROXY_EXCEEDS_THRESHOLD,10.596026490066224,2,2
9373cc117634bae8f765,PH52-025,BULL_CALL_SPREAD,development,044eef05c3277601504c,2022-06-16,6,EXCLUDED_OHLC_RANGE_PROXY,False,OHLC_RANGE_PROXY_EXCEEDS_THRESHOLD,9.78260869565216,2,2
9373cc117634bae8f765,PH52-025,BULL_CALL_SPREAD,development,307dafef42b72c870148,2022-12-15,6,EXCLUDED_OHLC_RANGE_PROXY,True,ELIGIBLE_FOR_OHLC_PRICE_REFERENCE_SIMULATION,3.8461538461538494,2,2
9373cc117634bae8f765,PH52-025,BULL_CALL_SPREAD,development,c8a686f986a21faa7ed5,2023-06-22,6,EXCLUDED_OHLC_RANGE_PROXY,False,OHLC_RANGE_PROXY_EXCEEDS_THRESHOLD,7.547169811320744,2,2
9373cc117634bae8f765,PH52-025,BULL_CALL_SPREAD,development,84c7352397ed038c3ea2,2023-12-28,6,EXCLUDED_OHLC_RANGE_PROXY,True,ELIGIBLE_FOR_OHLC_PRICE_REFERENCE_SIMULATION,4.784688995215311,2,2
9373cc117634bae8f765,PH52-025,BULL_CALL_SPREAD,validation,f104c6f1662847c5bbcc,2024-01-04,6,EXCLUDED_OHLC_RANGE_PROXY,False,OHLC_RANGE_PROXY_EXCEEDS_THRESHOLD,7.1428571428571335,2,2
9373cc117634bae8f765,PH52-025,BULL_CALL_SPREAD,validation,0cd34c6b63a9f995c503,2024-05-30,6,EXCLUDED_OHLC_RANGE_PROXY,False,OHLC_RANGE_PROXY_EXCEEDS_THRESHOLD,8.739837398373977,2,2
9373cc117634bae8f765,PH52-025,BULL_CALL_SPREAD,validation,75007ced19cb5e12e01f,2024-10-17,6,EXCLUDED_OHLC_RANGE_PROXY,False,OHLC_RANGE_PROXY_EXCEEDS_THRESHOLD,15.302491103202849,2,2
9373cc117634bae8f765,PH52-025,BULL_CALL_SPREAD,validation,8eb8f1add17ecb221cbd,2025-03-13,6,BLOCKED_LEG_ELIGIBILITY,False,REQUIRED_LEG_PRIOR_OI_BELOW_100,12.37113402061857,2,2
9373cc117634bae8f765,PH52-025,BULL_CALL_SPREAD,validation,14d9997729e438213524,2025-07-31,6,BLOCKED_LEG_ELIGIBILITY,False,REQUIRED_LEG_PRIOR_OI_BELOW_100,12.385321100917428,2,2
9373cc117634bae8f765,PH52-025,BULL_CALL_SPREAD,validation,4a919e0bde313b9b9ee1,2025-12-30,6,BLOCKED_LEG_ELIGIBILITY,False,REQUIRED_LEG_PRIOR_OI_BELOW_100,15.51724137931035,2,2
739fae891dcde1c84104,PH52-025,BULL_CALL_SPREAD,development,ce8e12389ff297becff9,2021-05-27,6,EXCLUDED_OHLC_RANGE_PROXY,False,OHLC_RANGE_PROXY_EXCEEDS_THRESHOLD,10.322580645161288,2,2
739fae891dcde1c84104,PH52-025,BULL_CALL_SPREAD,development,061c004245393c77b5c7,2021-12-09,6,EXCLUDED_OHLC_RANGE_PROXY,False,OHLC_RANGE_PROXY_EXCEEDS_THRESHOLD,9.48509485094851,2,2
739fae891dcde1c84104,PH52-025,BULL_CALL_SPREAD,development,b58d771555d73891d2fd,2022-06-16,6,EXCLUDED_OHLC_RANGE_PROXY,False,OHLC_RANGE_PROXY_EXCEEDS_THRESHOLD,22.22222222222222,2,2
739fae891dcde1c84104,PH52-025,BULL_CALL_SPREAD,development,8c9b97c314b368f7a743,2022-12-15,6,EXCLUDED_OHLC_RANGE_PROXY,False,OHLC_RANGE_PROXY_EXCEEDS_THRESHOLD,8.231707317073157,2,2
739fae891dcde1c84104,PH52-025,BULL_CALL_SPREAD,development,b2b9482e70f4a2ace098,2023-06-22,6,EXCLUDED_OHLC_RANGE_PROXY,False,OHLC_RANGE_PROXY_EXCEEDS_THRESHOLD,11.874999999999991,2,2
739fae891dcde1c84104,PH52-025,BULL_CALL_SPREAD,development,804301753400916af24f,2023-12-28,6,EXCLUDED_OHLC_RANGE_PROXY,False,OHLC_RANGE_PROXY_EXCEEDS_THRESHOLD,12.962962962962964,2,2
739fae891dcde1c84104,PH52-025,BULL_CALL_SPREAD,validation,c1472f0b801661762bc6,2024-01-04,6,EXCLUDED_OHLC_RANGE_PROXY,False,OHLC_RANGE_PROXY_EXCEEDS_THRESHOLD,17.58241758241759,2,2
739fae891dcde1c84104,PH52-025,BULL_CALL_SPREAD,validation,1d33307443bd39106f13,2024-05-30,6,EXCLUDED_OHLC_RANGE_PROXY,False,OHLC_RANGE_PROXY_EXCEEDS_THRESHOLD,12.436548223350252,2,2
739fae891dcde1c84104,PH52-025,BULL_CALL_SPREAD,validation,50696f11ab0417607875,2024-10-17,6,EXCLUDED_OHLC_RANGE_PROXY,False,OHLC_RANGE_PROXY_EXCEEDS_THRESHOLD,17.857142857142858,2,2
739fae891dcde1c84104,PH52-025,BULL_CALL_SPREAD,validation,58a4c4843286bd3943a2,2025-03-13,6,BLOCKED_LEG_ELIGIBILITY,False,REQUIRED_LEG_PRIOR_OI_BELOW_100,10.0,2,2
739fae891dcde1c84104,PH52-025,BULL_CALL_SPREAD,validation,e5919e2053dc59805884,2025-07-31,6,BLOCKED_LEG_ELIGIBILITY,False,REQUIRED_LEG_PRIOR_OI_BELOW_100,31.39158576051781,2,2
739fae891dcde1c84104,PH52-025,BULL_CALL_SPREAD,validation,2744fff722d389044d25,2025-12-30,6,EXCLUDED_OHLC_RANGE_PROXY,False,OHLC_RANGE_PROXY_EXCEEDS_THRESHOLD,11.363636363636365,2,2
ad24b0d8ca9a87353e8a,PH52-025,BULL_CALL_SPREAD,development,ce8e12389ff297becff9,2021-05-27,6,EXCLUDED_OHLC_RANGE_PROXY,False,OHLC_RANGE_PROXY_EXCEEDS_THRESHOLD,10.322580645161288,2,2
ad24b0d8ca9a87353e8a,PH52-025,BULL_CALL_SPREAD,development,061c004245393c77b5c7,2021-12-09,6,EXCLUDED_OHLC_RANGE_PROXY,False,OHLC_RANGE_PROXY_EXCEEDS_THRESHOLD,9.48509485094851,2,2
ad24b0d8ca9a87353e8a,PH52-025,BULL_CALL_SPREAD,development,b58d771555d73891d2fd,2022-06-16,6,EXCLUDED_OHLC_RANGE_PROXY,False,OHLC_RANGE_PROXY_EXCEEDS_THRESHOLD,21.229050279329606,2,2
ad24b0d8ca9a87353e8a,PH52-025,BULL_CALL_SPREAD,development,8c9b97c314b368f7a743,2022-12-15,6,EXCLUDED_OHLC_RANGE_PROXY,False,OHLC_RANGE_PROXY_EXCEEDS_THRESHOLD,8.231707317073157,2,2
ad24b0d8ca9a87353e8a,PH52-025,BULL_CALL_SPREAD,development,b2b9482e70f4a2ace098,2023-06-22,6,EXCLUDED_OHLC_RANGE_PROXY,False,OHLC_RANGE_PROXY_EXCEEDS_THRESHOLD,11.874999999999991,2,2
ad24b0d8ca9a87353e8a,PH52-025,BULL_CALL_SPREAD,development,804301753400916af24f,2023-12-28,6,EXCLUDED_OHLC_RANGE_PROXY,False,OHLC_RANGE_PROXY_EXCEEDS_THRESHOLD,12.962962962962964,2,2
ad24b0d8ca9a87353e8a,PH52-025,BULL_CALL_SPREAD,validation,c1472f0b801661762bc6,2024-01-04,6,EXCLUDED_OHLC_RANGE_PROXY,False,OHLC_RANGE_PROXY_EXCEEDS_THRESHOLD,17.58241758241759,2,2
ad24b0d8ca9a87353e8a,PH52-025,BULL_CALL_SPREAD,validation,1d33307443bd39106f13,2024-05-30,6,EXCLUDED_OHLC_RANGE_PROXY,False,OHLC_RANGE_PROXY_EXCEEDS_THRESHOLD,12.436548223350252,2,2
ad24b0d8ca9a87353e8a,PH52-025,BULL_CALL_SPREAD,validation,50696f11ab0417607875,2024-10-17,6,EXCLUDED_OHLC_RANGE_PROXY,False,OHLC_RANGE_PROXY_EXCEEDS_THRESHOLD,17.857142857142858,2,2
ad24b0d8ca9a87353e8a,PH52-025,BULL_CALL_SPREAD,validation,58a4c4843286bd3943a2,2025-03-13,6,BLOCKED_LEG_ELIGIBILITY,False,REQUIRED_LEG_PRIOR_OI_BELOW_100,10.0,2,2
ad24b0d8ca9a87353e8a,PH52-025,BULL_CALL_SPREAD,validation,e5919e2053dc59805884,2025-07-31,6,BLOCKED_LEG_ELIGIBILITY,False,REQUIRED_LEG_PRIOR_OI_BELOW_100,31.521739130434792,2,2
ad24b0d8ca9a87353e8a,PH52-025,BULL_CALL_SPREAD,validation,2744fff722d389044d25,2025-12-30,6,EXCLUDED_OHLC_RANGE_PROXY,False,OHLC_RANGE_PROXY_EXCEEDS_THRESHOLD,11.363636363636365,2,2
cf6ec0b712b4aff6231f,PH52-025,BULL_CALL_SPREAD,development,ce8e12389ff297becff9,2021-05-27,6,EXCLUDED_OHLC_RANGE_PROXY,False,OHLC_RANGE_PROXY_EXCEEDS_THRESHOLD,10.000000000000009,2,2
cf6ec0b712b4aff6231f,PH52-025,BULL_CALL_SPREAD,development,061c004245393c77b5c7,2021-12-09,6,EXCLUDED_OHLC_RANGE_PROXY,False,OHLC_RANGE_PROXY_EXCEEDS_THRESHOLD,7.499999999999996,2,2
cf6ec0b712b4aff6231f,PH52-025,BULL_CALL_SPREAD,development,b58d771555d73891d2fd,2022-06-16,6,EXCLUDED_OHLC_RANGE_PROXY,False,OHLC_RANGE_PROXY_EXCEEDS_THRESHOLD,21.73913043478261,2,2
cf6ec0b712b4aff6231f,PH52-025,BULL_CALL_SPREAD,development,8c9b97c314b368f7a743,2022-12-15,6,EXCLUDED_OHLC_RANGE_PROXY,False,OHLC_RANGE_PROXY_EXCEEDS_THRESHOLD,7.142857142857159,2,2
cf6ec0b712b4aff6231f,PH52-025,BULL_CALL_SPREAD,development,b2b9482e70f4a2ace098,2023-06-22,6,EXCLUDED_OHLC_RANGE_PROXY,False,OHLC_RANGE_PROXY_EXCEEDS_THRESHOLD,8.695652173913052,2,2
cf6ec0b712b4aff6231f,PH52-025,BULL_CALL_SPREAD,development,804301753400916af24f,2023-12-28,6,EXCLUDED_OHLC_RANGE_PROXY,False,OHLC_RANGE_PROXY_EXCEEDS_THRESHOLD,9.803921568627452,2,2
cf6ec0b712b4aff6231f,PH52-025,BULL_CALL_SPREAD,validation,c1472f0b801661762bc6,2024-01-04,6,EXCLUDED_OHLC_RANGE_PROXY,False,OHLC_RANGE_PROXY_EXCEEDS_THRESHOLD,15.384615384615381,2,2
cf6ec0b712b4aff6231f,PH52-025,BULL_CALL_SPREAD,validation,1d33307443bd39106f13,2024-05-30,6,EXCLUDED_OHLC_RANGE_PROXY,False,OHLC_RANGE_PROXY_EXCEEDS_THRESHOLD,12.22222222222222,2,2
cf6ec0b712b4aff6231f,PH52-025,BULL_CALL_SPREAD,validation,50696f11ab0417607875,2024-10-17,6,EXCLUDED_OHLC_RANGE_PROXY,False,OHLC_RANGE_PROXY_EXCEEDS_THRESHOLD,14.285714285714299,2,2
cf6ec0b712b4aff6231f,PH52-025,BULL_CALL_SPREAD,validation,58a4c4843286bd3943a2,2025-03-13,6,BLOCKED_LEG_ELIGIBILITY,False,REQUIRED_LEG_PRIOR_OI_BELOW_100,8.510638297872347,2,2
cf6ec0b712b4aff6231f,PH52-025,BULL_CALL_SPREAD,validation,e5919e2053dc59805884,2025-07-31,6,BLOCKED_LEG_ELIGIBILITY,False,REQUIRED_LEG_PRIOR_OI_BELOW_100,34.78260869565216,2,2
cf6ec0b712b4aff6231f,PH52-025,BULL_CALL_SPREAD,validation,2744fff722d389044d25,2025-12-30,6,EXCLUDED_OHLC_RANGE_PROXY,False,OHLC_RANGE_PROXY_EXCEEDS_THRESHOLD,8.333333333333341,2,2
a4f8558870d4a10947fe,PH52-025,BULL_CALL_SPREAD,development,ce8e12389ff297becff9,2021-05-27,6,EXCLUDED_OHLC_RANGE_PROXY,False,OHLC_RANGE_PROXY_EXCEEDS_THRESHOLD,14.285714285714299,2,2
a4f8558870d4a10947fe,PH52-025,BULL_CALL_SPREAD,development,061c004245393c77b5c7,2021-12-09,6,EXCLUDED_OHLC_RANGE_PROXY,False,OHLC_RANGE_PROXY_EXCEEDS_THRESHOLD,9.090909090909099,2,2
a4f8558870d4a10947fe,PH52-025,BULL_CALL_SPREAD,development,b58d771555d73891d2fd,2022-06-16,6,EXCLUDED_OHLC_RANGE_PROXY,False,OHLC_RANGE_PROXY_EXCEEDS_THRESHOLD,21.73913043478261,2,2
a4f8558870d4a10947fe,PH52-025,BULL_CALL_SPREAD,development,8c9b97c314b368f7a743,2022-12-15,6,EXCLUDED_OHLC_RANGE_PROXY,False,OHLC_RANGE_PROXY_EXCEEDS_THRESHOLD,8.571428571428566,2,2
a4f8558870d4a10947fe,PH52-025,BULL_CALL_SPREAD,development,b2b9482e70f4a2ace098,2023-06-22,6,EXCLUDED_OHLC_RANGE_PROXY,False,OHLC_RANGE_PROXY_EXCEEDS_THRESHOLD,6.250000000000005,2,2
a4f8558870d4a10947fe,PH52-025,BULL_CALL_SPREAD,development,804301753400916af24f,2023-12-28,6,EXCLUDED_OHLC_RANGE_PROXY,False,OHLC_RANGE_PROXY_EXCEEDS_THRESHOLD,9.803921568627452,2,2
a4f8558870d4a10947fe,PH52-025,BULL_CALL_SPREAD,validation,c1472f0b801661762bc6,2024-01-04,6,EXCLUDED_OHLC_RANGE_PROXY,False,OHLC_RANGE_PROXY_EXCEEDS_THRESHOLD,19.999999999999996,2,2
a4f8558870d4a10947fe,PH52-025,BULL_CALL_SPREAD,validation,1d33307443bd39106f13,2024-05-30,6,EXCLUDED_OHLC_RANGE_PROXY,False,OHLC_RANGE_PROXY_EXCEEDS_THRESHOLD,12.056737588652478,2,2
a4f8558870d4a10947fe,PH52-025,BULL_CALL_SPREAD,validation,50696f11ab0417607875,2024-10-17,6,EXCLUDED_OHLC_RANGE_PROXY,False,OHLC_RANGE_PROXY_EXCEEDS_THRESHOLD,14.285714285714288,2,2
a4f8558870d4a10947fe,PH52-025,BULL_CALL_SPREAD,validation,58a4c4843286bd3943a2,2025-03-13,6,BLOCKED_LEG_ELIGIBILITY,False,REQUIRED_LEG_PRIOR_OI_BELOW_100,8.510638297872347,2,2
a4f8558870d4a10947fe,PH52-025,BULL_CALL_SPREAD,validation,e5919e2053dc59805884,2025-07-31,6,BLOCKED_LEG_ELIGIBILITY,False,REQUIRED_LEG_PRIOR_OI_BELOW_100,34.78260869565216,2,2
a4f8558870d4a10947fe,PH52-025,BULL_CALL_SPREAD,validation,2744fff722d389044d25,2025-12-30,6,EXCLUDED_OHLC_RANGE_PROXY,False,OHLC_RANGE_PROXY_EXCEEDS_THRESHOLD,7.1428571428571495,2,2
4dfc85b9cb14f0282a2e,PH52-001,BUY_CALL,development,01f752daf3bb0e90d7b1,2021-05-27,6,EXCLUDED_OHLC_RANGE_PROXY,True,ELIGIBLE_FOR_OHLC_PRICE_REFERENCE_SIMULATION,5.246913580246912,1,1
4dfc85b9cb14f0282a2e,PH52-001,BUY_CALL,development,0ddaab2f8946678d3082,2021-12-09,6,EXCLUDED_OHLC_RANGE_PROXY,False,OHLC_RANGE_PROXY_EXCEEDS_THRESHOLD,11.158798283261808,1,1
4dfc85b9cb14f0282a2e,PH52-001,BUY_CALL,development,044eef05c3277601504c,2022-06-16,6,EXCLUDED_OHLC_RANGE_PROXY,False,OHLC_RANGE_PROXY_EXCEEDS_THRESHOLD,10.736196319018415,1,1
4dfc85b9cb14f0282a2e,PH52-001,BUY_CALL,development,307dafef42b72c870148,2022-12-15,6,EXCLUDED_OHLC_RANGE_PROXY,True,ELIGIBLE_FOR_OHLC_PRICE_REFERENCE_SIMULATION,5.957446808510648,1,1
4dfc85b9cb14f0282a2e,PH52-001,BUY_CALL,development,c8a686f986a21faa7ed5,2023-06-22,6,EXCLUDED_OHLC_RANGE_PROXY,False,OHLC_RANGE_PROXY_EXCEEDS_THRESHOLD,11.021505376344088,1,1
4dfc85b9cb14f0282a2e,PH52-001,BUY_CALL,development,84c7352397ed038c3ea2,2023-12-28,6,EXCLUDED_OHLC_RANGE_PROXY,True,ELIGIBLE_FOR_OHLC_PRICE_REFERENCE_SIMULATION,4.341736694677863,1,1
4dfc85b9cb14f0282a2e,PH52-001,BUY_CALL,validation,f104c6f1662847c5bbcc,2024-01-04,6,EXCLUDED_OHLC_RANGE_PROXY,False,OHLC_RANGE_PROXY_EXCEEDS_THRESHOLD,6.666666666666658,1,1
4dfc85b9cb14f0282a2e,PH52-001,BUY_CALL,validation,0cd34c6b63a9f995c503,2024-05-30,6,EXCLUDED_OHLC_RANGE_PROXY,False,OHLC_RANGE_PROXY_EXCEEDS_THRESHOLD,8.21529745042493,1,1
4dfc85b9cb14f0282a2e,PH52-001,BUY_CALL,validation,75007ced19cb5e12e01f,2024-10-17,6,EXCLUDED_OHLC_RANGE_PROXY,False,OHLC_RANGE_PROXY_EXCEEDS_THRESHOLD,17.452830188679247,1,1
4dfc85b9cb14f0282a2e,PH52-001,BUY_CALL,validation,8eb8f1add17ecb221cbd,2025-03-13,6,BLOCKED_LEG_ELIGIBILITY,False,REQUIRED_LEG_PRIOR_OI_BELOW_100,14.285714285714286,1,1
4dfc85b9cb14f0282a2e,PH52-001,BUY_CALL,validation,14d9997729e438213524,2025-07-31,6,BLOCKED_LEG_ELIGIBILITY,False,REQUIRED_LEG_PRIOR_OI_BELOW_100,12.089810017271157,1,1
4dfc85b9cb14f0282a2e,PH52-001,BUY_CALL,validation,4a919e0bde313b9b9ee1,2025-12-30,6,BLOCKED_LEG_ELIGIBILITY,False,REQUIRED_LEG_PRIOR_OI_BELOW_100,17.257683215130037,1,1
7f2f9e5e0437e0f7df04,PH52-001,BUY_CALL,development,01f752daf3bb0e90d7b1,2021-05-27,6,EXCLUDED_OHLC_RANGE_PROXY,True,ELIGIBLE_FOR_OHLC_PRICE_REFERENCE_SIMULATION,5.9999999999999964,1,1
7f2f9e5e0437e0f7df04,PH52-001,BUY_CALL,development,0ddaab2f8946678d3082,2021-12-09,6,EXCLUDED_OHLC_RANGE_PROXY,False,OHLC_RANGE_PROXY_EXCEEDS_THRESHOLD,10.596026490066224,1,1
7f2f9e5e0437e0f7df04,PH52-001,BUY_CALL,development,044eef05c3277601504c,2022-06-16,6,EXCLUDED_OHLC_RANGE_PROXY,False,OHLC_RANGE_PROXY_EXCEEDS_THRESHOLD,9.78260869565216,1,1
7f2f9e5e0437e0f7df04,PH52-001,BUY_CALL,development,307dafef42b72c870148,2022-12-15,6,EXCLUDED_OHLC_RANGE_PROXY,True,ELIGIBLE_FOR_OHLC_PRICE_REFERENCE_SIMULATION,3.63636363636364,1,1
7f2f9e5e0437e0f7df04,PH52-001,BUY_CALL,development,c8a686f986a21faa7ed5,2023-06-22,6,EXCLUDED_OHLC_RANGE_PROXY,False,OHLC_RANGE_PROXY_EXCEEDS_THRESHOLD,7.547169811320744,1,1
7f2f9e5e0437e0f7df04,PH52-001,BUY_CALL,development,84c7352397ed038c3ea2,2023-12-28,6,EXCLUDED_OHLC_RANGE_PROXY,True,ELIGIBLE_FOR_OHLC_PRICE_REFERENCE_SIMULATION,4.784688995215311,1,1
7f2f9e5e0437e0f7df04,PH52-001,BUY_CALL,validation,f104c6f1662847c5bbcc,2024-01-04,6,EXCLUDED_OHLC_RANGE_PROXY,True,ELIGIBLE_FOR_OHLC_PRICE_REFERENCE_SIMULATION,5.882352941176485,1,1
7f2f9e5e0437e0f7df04,PH52-001,BUY_CALL,validation,0cd34c6b63a9f995c503,2024-05-30,6,EXCLUDED_OHLC_RANGE_PROXY,False,OHLC_RANGE_PROXY_EXCEEDS_THRESHOLD,8.739837398373977,1,1
7f2f9e5e0437e0f7df04,PH52-001,BUY_CALL,validation,75007ced19cb5e12e01f,2024-10-17,6,EXCLUDED_OHLC_RANGE_PROXY,False,OHLC_RANGE_PROXY_EXCEEDS_THRESHOLD,15.302491103202849,1,1
7f2f9e5e0437e0f7df04,PH52-001,BUY_CALL,validation,8eb8f1add17ecb221cbd,2025-03-13,6,BLOCKED_LEG_ELIGIBILITY,False,REQUIRED_LEG_PRIOR_OI_BELOW_100,12.37113402061857,1,1
7f2f9e5e0437e0f7df04,PH52-001,BUY_CALL,validation,14d9997729e438213524,2025-07-31,6,BLOCKED_LEG_ELIGIBILITY,False,REQUIRED_LEG_PRIOR_OI_BELOW_100,12.385321100917428,1,1
7f2f9e5e0437e0f7df04,PH52-001,BUY_CALL,validation,4a919e0bde313b9b9ee1,2025-12-30,6,BLOCKED_LEG_ELIGIBILITY,False,REQUIRED_LEG_PRIOR_OI_BELOW_100,15.51724137931035,1,1
824453c4ca52e0a8f423,PH52-001,BUY_CALL,development,ce8e12389ff297becff9,2021-05-27,6,EXCLUDED_OHLC_RANGE_PROXY,False,OHLC_RANGE_PROXY_EXCEEDS_THRESHOLD,10.322580645161288,1,1
824453c4ca52e0a8f423,PH52-001,BUY_CALL,development,061c004245393c77b5c7,2021-12-09,6,EXCLUDED_OHLC_RANGE_PROXY,False,OHLC_RANGE_PROXY_EXCEEDS_THRESHOLD,9.48509485094851,1,1
824453c4ca52e0a8f423,PH52-001,BUY_CALL,development,b58d771555d73891d2fd,2022-06-16,6,EXCLUDED_OHLC_RANGE_PROXY,False,OHLC_RANGE_PROXY_EXCEEDS_THRESHOLD,21.229050279329606,1,1
824453c4ca52e0a8f423,PH52-001,BUY_CALL,development,8c9b97c314b368f7a743,2022-12-15,6,EXCLUDED_OHLC_RANGE_PROXY,False,OHLC_RANGE_PROXY_EXCEEDS_THRESHOLD,8.231707317073157,1,1
824453c4ca52e0a8f423,PH52-001,BUY_CALL,development,b2b9482e70f4a2ace098,2023-06-22,6,EXCLUDED_OHLC_RANGE_PROXY,False,OHLC_RANGE_PROXY_EXCEEDS_THRESHOLD,11.874999999999991,1,1
824453c4ca52e0a8f423,PH52-001,BUY_CALL,development,804301753400916af24f,2023-12-28,6,EXCLUDED_OHLC_RANGE_PROXY,False,OHLC_RANGE_PROXY_EXCEEDS_THRESHOLD,12.962962962962964,1,1
824453c4ca52e0a8f423,PH52-001,BUY_CALL,validation,c1472f0b801661762bc6,2024-01-04,6,EXCLUDED_OHLC_RANGE_PROXY,False,OHLC_RANGE_PROXY_EXCEEDS_THRESHOLD,17.58241758241759,1,1
824453c4ca52e0a8f423,PH52-001,BUY_CALL,validation,1d33307443bd39106f13,2024-05-30,6,EXCLUDED_OHLC_RANGE_PROXY,False,OHLC_RANGE_PROXY_EXCEEDS_THRESHOLD,12.436548223350252,1,1
824453c4ca52e0a8f423,PH52-001,BUY_CALL,validation,50696f11ab0417607875,2024-10-17,6,EXCLUDED_OHLC_RANGE_PROXY,False,OHLC_RANGE_PROXY_EXCEEDS_THRESHOLD,17.857142857142858,1,1
824453c4ca52e0a8f423,PH52-001,BUY_CALL,validation,58a4c4843286bd3943a2,2025-03-13,6,BLOCKED_LEG_ELIGIBILITY,False,REQUIRED_LEG_PRIOR_OI_BELOW_100,10.0,1,1
824453c4ca52e0a8f423,PH52-001,BUY_CALL,validation,e5919e2053dc59805884,2025-07-31,6,BLOCKED_LEG_ELIGIBILITY,False,REQUIRED_LEG_PRIOR_OI_BELOW_100,27.142857142857146,1,1
824453c4ca52e0a8f423,PH52-001,BUY_CALL,validation,2744fff722d389044d25,2025-12-30,6,EXCLUDED_OHLC_RANGE_PROXY,False,OHLC_RANGE_PROXY_EXCEEDS_THRESHOLD,11.363636363636365,1,1
a85d75f96c0c6721a862,PH52-001,BUY_CALL,development,ce8e12389ff297becff9,2021-05-27,6,EXCLUDED_OHLC_RANGE_PROXY,False,OHLC_RANGE_PROXY_EXCEEDS_THRESHOLD,10.000000000000009,1,1
a85d75f96c0c6721a862,PH52-001,BUY_CALL,development,061c004245393c77b5c7,2021-12-09,6,EXCLUDED_OHLC_RANGE_PROXY,False,OHLC_RANGE_PROXY_EXCEEDS_THRESHOLD,7.499999999999996,1,1
a85d75f96c0c6721a862,PH52-001,BUY_CALL,development,b58d771555d73891d2fd,2022-06-16,6,EXCLUDED_OHLC_RANGE_PROXY,False,OHLC_RANGE_PROXY_EXCEEDS_THRESHOLD,21.73913043478261,1,1
a85d75f96c0c6721a862,PH52-001,BUY_CALL,development,8c9b97c314b368f7a743,2022-12-15,6,REPLAY_PASS,True,ELIGIBLE_FOR_OHLC_PRICE_REFERENCE_SIMULATION,1.7543859649122744,1,1
a85d75f96c0c6721a862,PH52-001,BUY_CALL,development,b2b9482e70f4a2ace098,2023-06-22,6,EXCLUDED_OHLC_RANGE_PROXY,False,OHLC_RANGE_PROXY_EXCEEDS_THRESHOLD,6.250000000000005,1,1
a85d75f96c0c6721a862,PH52-001,BUY_CALL,development,804301753400916af24f,2023-12-28,6,EXCLUDED_OHLC_RANGE_PROXY,False,OHLC_RANGE_PROXY_EXCEEDS_THRESHOLD,9.803921568627452,1,1
a85d75f96c0c6721a862,PH52-001,BUY_CALL,validation,c1472f0b801661762bc6,2024-01-04,6,EXCLUDED_OHLC_RANGE_PROXY,False,OHLC_RANGE_PROXY_EXCEEDS_THRESHOLD,15.384615384615381,1,1
a85d75f96c0c6721a862,PH52-001,BUY_CALL,validation,1d33307443bd39106f13,2024-05-30,6,EXCLUDED_OHLC_RANGE_PROXY,False,OHLC_RANGE_PROXY_EXCEEDS_THRESHOLD,12.056737588652478,1,1
a85d75f96c0c6721a862,PH52-001,BUY_CALL,validation,50696f11ab0417607875,2024-10-17,6,EXCLUDED_OHLC_RANGE_PROXY,False,OHLC_RANGE_PROXY_EXCEEDS_THRESHOLD,14.285714285714288,1,1
a85d75f96c0c6721a862,PH52-001,BUY_CALL,validation,58a4c4843286bd3943a2,2025-03-13,6,BLOCKED_LEG_ELIGIBILITY,False,REQUIRED_LEG_PRIOR_OI_BELOW_100,8.510638297872347,1,1
a85d75f96c0c6721a862,PH52-001,BUY_CALL,validation,e5919e2053dc59805884,2025-07-31,6,BLOCKED_LEG_ELIGIBILITY,False,REQUIRED_LEG_PRIOR_OI_BELOW_100,34.78260869565216,1,1
a85d75f96c0c6721a862,PH52-001,BUY_CALL,validation,2744fff722d389044d25,2025-12-30,6,EXCLUDED_OHLC_RANGE_PROXY,False,OHLC_RANGE_PROXY_EXCEEDS_THRESHOLD,7.1428571428571495,1,1
d4f27239e30ac6922af1,PH52-007,BUY_PUT,development,01f752daf3bb0e90d7b1,2021-05-27,6,EXCLUDED_OHLC_RANGE_PROXY,True,ELIGIBLE_FOR_OHLC_PRICE_REFERENCE_SIMULATION,5.2631578947368425,1,1
d4f27239e30ac6922af1,PH52-007,BUY_PUT,development,0ddaab2f8946678d3082,2021-12-09,6,EXCLUDED_OHLC_RANGE_PROXY,False,OHLC_RANGE_PROXY_EXCEEDS_THRESHOLD,17.18213058419244,1,1
d4f27239e30ac6922af1,PH52-007,BUY_PUT,development,044eef05c3277601504c,2022-06-16,6,EXCLUDED_OHLC_RANGE_PROXY,False,OHLC_RANGE_PROXY_EXCEEDS_THRESHOLD,13.354037267080747,1,1
d4f27239e30ac6922af1,PH52-007,BUY_PUT,development,307dafef42b72c870148,2022-12-15,6,EXCLUDED_OHLC_RANGE_PROXY,False,OHLC_RANGE_PROXY_EXCEEDS_THRESHOLD,9.302325581395358,1,1
d4f27239e30ac6922af1,PH52-007,BUY_PUT,development,c8a686f986a21faa7ed5,2023-06-22,6,EXCLUDED_OHLC_RANGE_PROXY,False,OHLC_RANGE_PROXY_EXCEEDS_THRESHOLD,8.185053380782907,1,1
d4f27239e30ac6922af1,PH52-007,BUY_PUT,development,84c7352397ed038c3ea2,2023-12-28,6,EXCLUDED_OHLC_RANGE_PROXY,True,ELIGIBLE_FOR_OHLC_PRICE_REFERENCE_SIMULATION,4.437869822485207,1,1
d4f27239e30ac6922af1,PH52-007,BUY_PUT,validation,f104c6f1662847c5bbcc,2024-01-04,6,EXCLUDED_OHLC_RANGE_PROXY,False,OHLC_RANGE_PROXY_EXCEEDS_THRESHOLD,10.970464135021087,1,1
d4f27239e30ac6922af1,PH52-007,BUY_PUT,validation,0cd34c6b63a9f995c503,2024-05-30,6,EXCLUDED_OHLC_RANGE_PROXY,False,OHLC_RANGE_PROXY_EXCEEDS_THRESHOLD,10.26677445432497,1,1
d4f27239e30ac6922af1,PH52-007,BUY_PUT,validation,75007ced19cb5e12e01f,2024-10-17,6,EXCLUDED_OHLC_RANGE_PROXY,False,OHLC_RANGE_PROXY_EXCEEDS_THRESHOLD,34.10326086956523,1,1
d4f27239e30ac6922af1,PH52-007,BUY_PUT,validation,8eb8f1add17ecb221cbd,2025-03-13,6,BLOCKED_LEG_ELIGIBILITY,False,REQUIRED_LEG_PRIOR_OI_BELOW_100,13.874345549738212,1,1
d4f27239e30ac6922af1,PH52-007,BUY_PUT,validation,14d9997729e438213524,2025-07-31,6,BLOCKED_LEG_ELIGIBILITY,False,REQUIRED_LEG_PRIOR_OI_BELOW_100,8.320726172465951,1,1
d4f27239e30ac6922af1,PH52-007,BUY_PUT,validation,4a919e0bde313b9b9ee1,2025-12-30,6,BLOCKED_LEG_ELIGIBILITY,False,REQUIRED_LEG_PRIOR_OI_BELOW_100,11.554621848739496,1,1
c039247dcd6929eb8c8b,PH52-007,BUY_PUT,development,01f752daf3bb0e90d7b1,2021-05-27,6,EXCLUDED_OHLC_RANGE_PROXY,False,OHLC_RANGE_PROXY_EXCEEDS_THRESHOLD,6.329113924050633,1,1
c039247dcd6929eb8c8b,PH52-007,BUY_PUT,development,0ddaab2f8946678d3082,2021-12-09,6,EXCLUDED_OHLC_RANGE_PROXY,False,OHLC_RANGE_PROXY_EXCEEDS_THRESHOLD,20.888888888888886,1,1
c039247dcd6929eb8c8b,PH52-007,BUY_PUT,development,044eef05c3277601504c,2022-06-16,6,EXCLUDED_OHLC_RANGE_PROXY,False,OHLC_RANGE_PROXY_EXCEEDS_THRESHOLD,13.705583756345176,1,1
c039247dcd6929eb8c8b,PH52-007,BUY_PUT,development,307dafef42b72c870148,2022-12-15,6,EXCLUDED_OHLC_RANGE_PROXY,False,OHLC_RANGE_PROXY_EXCEEDS_THRESHOLD,8.771929824561402,1,1
c039247dcd6929eb8c8b,PH52-007,BUY_PUT,development,c8a686f986a21faa7ed5,2023-06-22,6,EXCLUDED_OHLC_RANGE_PROXY,True,ELIGIBLE_FOR_OHLC_PRICE_REFERENCE_SIMULATION,4.477611940298504,1,1
c039247dcd6929eb8c8b,PH52-007,BUY_PUT,development,84c7352397ed038c3ea2,2023-12-28,6,EXCLUDED_OHLC_RANGE_PROXY,True,ELIGIBLE_FOR_OHLC_PRICE_REFERENCE_SIMULATION,5.2044609665427455,1,1
c039247dcd6929eb8c8b,PH52-007,BUY_PUT,validation,f104c6f1662847c5bbcc,2024-01-04,6,EXCLUDED_OHLC_RANGE_PROXY,False,OHLC_RANGE_PROXY_EXCEEDS_THRESHOLD,12.90322580645161,1,1
c039247dcd6929eb8c8b,PH52-007,BUY_PUT,validation,0cd34c6b63a9f995c503,2024-05-30,6,EXCLUDED_OHLC_RANGE_PROXY,False,OHLC_RANGE_PROXY_EXCEEDS_THRESHOLD,12.335526315789474,1,1
c039247dcd6929eb8c8b,PH52-007,BUY_PUT,validation,75007ced19cb5e12e01f,2024-10-17,6,EXCLUDED_OHLC_RANGE_PROXY,False,OHLC_RANGE_PROXY_EXCEEDS_THRESHOLD,44.444444444444436,1,1
c039247dcd6929eb8c8b,PH52-007,BUY_PUT,validation,8eb8f1add17ecb221cbd,2025-03-13,6,BLOCKED_LEG_ELIGIBILITY,False,REQUIRED_LEG_PRIOR_OI_BELOW_100,12.318840579710141,1,1
c039247dcd6929eb8c8b,PH52-007,BUY_PUT,validation,14d9997729e438213524,2025-07-31,6,BLOCKED_LEG_ELIGIBILITY,False,REQUIRED_LEG_PRIOR_OI_BELOW_100,8.812260536398469,1,1
c039247dcd6929eb8c8b,PH52-007,BUY_PUT,validation,4a919e0bde313b9b9ee1,2025-12-30,6,BLOCKED_LEG_ELIGIBILITY,False,REQUIRED_LEG_PRIOR_OI_BELOW_100,10.909090909090903,1,1
c31e45a39d28e22b70b2,PH52-007,BUY_PUT,development,ce8e12389ff297becff9,2021-05-27,6,EXCLUDED_OHLC_RANGE_PROXY,False,OHLC_RANGE_PROXY_EXCEEDS_THRESHOLD,6.333333333333329,1,1
c31e45a39d28e22b70b2,PH52-007,BUY_PUT,development,061c004245393c77b5c7,2021-12-09,6,EXCLUDED_OHLC_RANGE_PROXY,False,OHLC_RANGE_PROXY_EXCEEDS_THRESHOLD,10.270270270270263,1,1
c31e45a39d28e22b70b2,PH52-007,BUY_PUT,development,b58d771555d73891d2fd,2022-06-16,6,EXCLUDED_OHLC_RANGE_PROXY,False,OHLC_RANGE_PROXY_EXCEEDS_THRESHOLD,25.89118198874296,1,1
c31e45a39d28e22b70b2,PH52-007,BUY_PUT,development,8c9b97c314b368f7a743,2022-12-15,6,EXCLUDED_OHLC_RANGE_PROXY,False,OHLC_RANGE_PROXY_EXCEEDS_THRESHOLD,16.250000000000007,1,1
c31e45a39d28e22b70b2,PH52-007,BUY_PUT,development,b2b9482e70f4a2ace098,2023-06-22,6,EXCLUDED_OHLC_RANGE_PROXY,False,OHLC_RANGE_PROXY_EXCEEDS_THRESHOLD,9.230769230769225,1,1
c31e45a39d28e22b70b2,PH52-007,BUY_PUT,development,804301753400916af24f,2023-12-28,6,EXCLUDED_OHLC_RANGE_PROXY,False,OHLC_RANGE_PROXY_EXCEEDS_THRESHOLD,13.793103448275865,1,1
c31e45a39d28e22b70b2,PH52-007,BUY_PUT,validation,c1472f0b801661762bc6,2024-01-04,6,EXCLUDED_OHLC_RANGE_PROXY,False,OHLC_RANGE_PROXY_EXCEEDS_THRESHOLD,16.091954022988492,1,1
c31e45a39d28e22b70b2,PH52-007,BUY_PUT,validation,1d33307443bd39106f13,2024-05-30,6,EXCLUDED_OHLC_RANGE_PROXY,False,OHLC_RANGE_PROXY_EXCEEDS_THRESHOLD,11.267605633802809,1,1
c31e45a39d28e22b70b2,PH52-007,BUY_PUT,validation,50696f11ab0417607875,2024-10-17,6,EXCLUDED_OHLC_RANGE_PROXY,False,OHLC_RANGE_PROXY_EXCEEDS_THRESHOLD,11.585365853658528,1,1
c31e45a39d28e22b70b2,PH52-007,BUY_PUT,validation,58a4c4843286bd3943a2,2025-03-13,6,BLOCKED_LEG_ELIGIBILITY,False,REQUIRED_LEG_PRIOR_OI_BELOW_100,14.736842105263161,1,1
c31e45a39d28e22b70b2,PH52-007,BUY_PUT,validation,e5919e2053dc59805884,2025-07-31,6,BLOCKED_LEG_ELIGIBILITY,False,REQUIRED_LEG_PRIOR_OI_BELOW_100,8.666666666666679,1,1
c31e45a39d28e22b70b2,PH52-007,BUY_PUT,validation,2744fff722d389044d25,2025-12-30,6,EXCLUDED_OHLC_RANGE_PROXY,False,OHLC_RANGE_PROXY_EXCEEDS_THRESHOLD,13.46153846153846,1,1
5819a5202b9b3b1cdd0b,PH52-007,BUY_PUT,development,ce8e12389ff297becff9,2021-05-27,6,EXCLUDED_OHLC_RANGE_PROXY,False,OHLC_RANGE_PROXY_EXCEEDS_THRESHOLD,6.493506493506482,1,1
5819a5202b9b3b1cdd0b,PH52-007,BUY_PUT,development,061c004245393c77b5c7,2021-12-09,6,EXCLUDED_OHLC_RANGE_PROXY,True,ELIGIBLE_FOR_OHLC_PRICE_REFERENCE_SIMULATION,4.255319148936174,1,1
5819a5202b9b3b1cdd0b,PH52-007,BUY_PUT,development,b58d771555d73891d2fd,2022-06-16,6,EXCLUDED_OHLC_RANGE_PROXY,False,OHLC_RANGE_PROXY_EXCEEDS_THRESHOLD,32.28346456692912,1,1
5819a5202b9b3b1cdd0b,PH52-007,BUY_PUT,development,8c9b97c314b368f7a743,2022-12-15,6,EXCLUDED_OHLC_RANGE_PROXY,False,OHLC_RANGE_PROXY_EXCEEDS_THRESHOLD,10.526315789473683,1,1
5819a5202b9b3b1cdd0b,PH52-007,BUY_PUT,development,b2b9482e70f4a2ace098,2023-06-22,6,EXCLUDED_OHLC_RANGE_PROXY,False,OHLC_RANGE_PROXY_EXCEEDS_THRESHOLD,11.111111111111104,1,1
5819a5202b9b3b1cdd0b,PH52-007,BUY_PUT,development,804301753400916af24f,2023-12-28,6,EXCLUDED_OHLC_RANGE_PROXY,False,OHLC_RANGE_PROXY_EXCEEDS_THRESHOLD,11.49425287356322,1,1
5819a5202b9b3b1cdd0b,PH52-007,BUY_PUT,validation,c1472f0b801661762bc6,2024-01-04,6,EXCLUDED_OHLC_RANGE_PROXY,False,OHLC_RANGE_PROXY_EXCEEDS_THRESHOLD,8.695652173913052,1,1
5819a5202b9b3b1cdd0b,PH52-007,BUY_PUT,validation,1d33307443bd39106f13,2024-05-30,6,EXCLUDED_OHLC_RANGE_PROXY,False,OHLC_RANGE_PROXY_EXCEEDS_THRESHOLD,9.022556390977451,1,1
5819a5202b9b3b1cdd0b,PH52-007,BUY_PUT,validation,50696f11ab0417607875,2024-10-17,6,EXCLUDED_OHLC_RANGE_PROXY,False,OHLC_RANGE_PROXY_EXCEEDS_THRESHOLD,11.111111111111109,1,1
5819a5202b9b3b1cdd0b,PH52-007,BUY_PUT,validation,58a4c4843286bd3943a2,2025-03-13,6,BLOCKED_LEG_ELIGIBILITY,False,REQUIRED_LEG_PRIOR_OI_BELOW_100,8.000000000000007,1,1
5819a5202b9b3b1cdd0b,PH52-007,BUY_PUT,validation,e5919e2053dc59805884,2025-07-31,6,BLOCKED_LEG_ELIGIBILITY,False,REQUIRED_LEG_PRIOR_OI_BELOW_100,7.042253521126761,1,1
5819a5202b9b3b1cdd0b,PH52-007,BUY_PUT,validation,2744fff722d389044d25,2025-12-30,6,EXCLUDED_OHLC_RANGE_PROXY,False,OHLC_RANGE_PROXY_EXCEEDS_THRESHOLD,10.526315789473683,1,1
98dbdd88c3b8df3d0d98,PH52-049,LONG_STRADDLE,development,01f752daf3bb0e90d7b1,2021-05-27,6,EXCLUDED_OHLC_RANGE_PROXY,True,ELIGIBLE_FOR_OHLC_PRICE_REFERENCE_SIMULATION,5.246913580246912,2,2
98dbdd88c3b8df3d0d98,PH52-049,LONG_STRADDLE,development,0ddaab2f8946678d3082,2021-12-09,6,EXCLUDED_OHLC_RANGE_PROXY,False,OHLC_RANGE_PROXY_EXCEEDS_THRESHOLD,13.059427732942025,2,2
98dbdd88c3b8df3d0d98,PH52-049,LONG_STRADDLE,development,044eef05c3277601504c,2022-06-16,6,EXCLUDED_OHLC_RANGE_PROXY,False,OHLC_RANGE_PROXY_EXCEEDS_THRESHOLD,10.736196319018415,2,2
98dbdd88c3b8df3d0d98,PH52-049,LONG_STRADDLE,development,307dafef42b72c870148,2022-12-15,6,EXCLUDED_OHLC_RANGE_PROXY,True,ELIGIBLE_FOR_OHLC_PRICE_REFERENCE_SIMULATION,5.957446808510648,2,2
98dbdd88c3b8df3d0d98,PH52-049,LONG_STRADDLE,development,c8a686f986a21faa7ed5,2023-06-22,6,EXCLUDED_OHLC_RANGE_PROXY,False,OHLC_RANGE_PROXY_EXCEEDS_THRESHOLD,11.021505376344088,2,2
98dbdd88c3b8df3d0d98,PH52-049,LONG_STRADDLE,development,84c7352397ed038c3ea2,2023-12-28,6,EXCLUDED_OHLC_RANGE_PROXY,True,ELIGIBLE_FOR_OHLC_PRICE_REFERENCE_SIMULATION,4.341736694677863,2,2
98dbdd88c3b8df3d0d98,PH52-049,LONG_STRADDLE,validation,f104c6f1662847c5bbcc,2024-01-04,6,EXCLUDED_OHLC_RANGE_PROXY,False,OHLC_RANGE_PROXY_EXCEEDS_THRESHOLD,6.666666666666658,2,2
98dbdd88c3b8df3d0d98,PH52-049,LONG_STRADDLE,validation,0cd34c6b63a9f995c503,2024-05-30,6,EXCLUDED_OHLC_RANGE_PROXY,False,OHLC_RANGE_PROXY_EXCEEDS_THRESHOLD,8.21529745042493,2,2
98dbdd88c3b8df3d0d98,PH52-049,LONG_STRADDLE,validation,75007ced19cb5e12e01f,2024-10-17,6,EXCLUDED_OHLC_RANGE_PROXY,False,OHLC_RANGE_PROXY_EXCEEDS_THRESHOLD,20.713899405083833,2,2
98dbdd88c3b8df3d0d98,PH52-049,LONG_STRADDLE,validation,8eb8f1add17ecb221cbd,2025-03-13,6,BLOCKED_LEG_ELIGIBILITY,False,REQUIRED_LEG_PRIOR_OI_BELOW_100,14.285714285714286,2,2
98dbdd88c3b8df3d0d98,PH52-049,LONG_STRADDLE,validation,14d9997729e438213524,2025-07-31,6,BLOCKED_LEG_ELIGIBILITY,False,REQUIRED_LEG_PRIOR_OI_BELOW_100,12.089810017271157,2,2
98dbdd88c3b8df3d0d98,PH52-049,LONG_STRADDLE,validation,4a919e0bde313b9b9ee1,2025-12-30,6,BLOCKED_LEG_ELIGIBILITY,False,REQUIRED_LEG_PRIOR_OI_BELOW_100,17.257683215130037,2,2
c4749ba6933734c7ed45,PH52-049,LONG_STRADDLE,development,01f752daf3bb0e90d7b1,2021-05-27,6,EXCLUDED_OHLC_RANGE_PROXY,True,ELIGIBLE_FOR_OHLC_PRICE_REFERENCE_SIMULATION,5.9999999999999964,2,2
c4749ba6933734c7ed45,PH52-049,LONG_STRADDLE,development,0ddaab2f8946678d3082,2021-12-09,6,EXCLUDED_OHLC_RANGE_PROXY,False,OHLC_RANGE_PROXY_EXCEEDS_THRESHOLD,10.596026490066224,2,2
c4749ba6933734c7ed45,PH52-049,LONG_STRADDLE,development,044eef05c3277601504c,2022-06-16,6,EXCLUDED_OHLC_RANGE_PROXY,False,OHLC_RANGE_PROXY_EXCEEDS_THRESHOLD,9.78260869565216,2,2
c4749ba6933734c7ed45,PH52-049,LONG_STRADDLE,development,307dafef42b72c870148,2022-12-15,6,EXCLUDED_OHLC_RANGE_PROXY,True,ELIGIBLE_FOR_OHLC_PRICE_REFERENCE_SIMULATION,3.63636363636364,2,2
c4749ba6933734c7ed45,PH52-049,LONG_STRADDLE,development,c8a686f986a21faa7ed5,2023-06-22,6,EXCLUDED_OHLC_RANGE_PROXY,False,OHLC_RANGE_PROXY_EXCEEDS_THRESHOLD,7.547169811320744,2,2
c4749ba6933734c7ed45,PH52-049,LONG_STRADDLE,development,84c7352397ed038c3ea2,2023-12-28,6,EXCLUDED_OHLC_RANGE_PROXY,True,ELIGIBLE_FOR_OHLC_PRICE_REFERENCE_SIMULATION,4.784688995215311,2,2
c4749ba6933734c7ed45,PH52-049,LONG_STRADDLE,validation,f104c6f1662847c5bbcc,2024-01-04,6,EXCLUDED_OHLC_RANGE_PROXY,True,ELIGIBLE_FOR_OHLC_PRICE_REFERENCE_SIMULATION,5.882352941176485,2,2
c4749ba6933734c7ed45,PH52-049,LONG_STRADDLE,validation,0cd34c6b63a9f995c503,2024-05-30,6,EXCLUDED_OHLC_RANGE_PROXY,False,OHLC_RANGE_PROXY_EXCEEDS_THRESHOLD,8.739837398373977,2,2
c4749ba6933734c7ed45,PH52-049,LONG_STRADDLE,validation,75007ced19cb5e12e01f,2024-10-17,6,EXCLUDED_OHLC_RANGE_PROXY,False,OHLC_RANGE_PROXY_EXCEEDS_THRESHOLD,15.302491103202849,2,2
c4749ba6933734c7ed45,PH52-049,LONG_STRADDLE,validation,8eb8f1add17ecb221cbd,2025-03-13,6,BLOCKED_LEG_ELIGIBILITY,False,REQUIRED_LEG_PRIOR_OI_BELOW_100,12.37113402061857,2,2
c4749ba6933734c7ed45,PH52-049,LONG_STRADDLE,validation,14d9997729e438213524,2025-07-31,6,BLOCKED_LEG_ELIGIBILITY,False,REQUIRED_LEG_PRIOR_OI_BELOW_100,12.385321100917428,2,2
c4749ba6933734c7ed45,PH52-049,LONG_STRADDLE,validation,4a919e0bde313b9b9ee1,2025-12-30,6,BLOCKED_LEG_ELIGIBILITY,False,REQUIRED_LEG_PRIOR_OI_BELOW_100,15.51724137931035,2,2
0a2c71c6e12e773afc2d,PH52-049,LONG_STRADDLE,development,ce8e12389ff297becff9,2021-05-27,6,EXCLUDED_OHLC_RANGE_PROXY,False,OHLC_RANGE_PROXY_EXCEEDS_THRESHOLD,10.322580645161288,2,2
0a2c71c6e12e773afc2d,PH52-049,LONG_STRADDLE,development,061c004245393c77b5c7,2021-12-09,6,EXCLUDED_OHLC_RANGE_PROXY,False,OHLC_RANGE_PROXY_EXCEEDS_THRESHOLD,9.48509485094851,2,2
0a2c71c6e12e773afc2d,PH52-049,LONG_STRADDLE,development,b58d771555d73891d2fd,2022-06-16,6,EXCLUDED_OHLC_RANGE_PROXY,False,OHLC_RANGE_PROXY_EXCEEDS_THRESHOLD,21.229050279329606,2,2
0a2c71c6e12e773afc2d,PH52-049,LONG_STRADDLE,development,8c9b97c314b368f7a743,2022-12-15,6,EXCLUDED_OHLC_RANGE_PROXY,False,OHLC_RANGE_PROXY_EXCEEDS_THRESHOLD,8.940852819807427,2,2
0a2c71c6e12e773afc2d,PH52-049,LONG_STRADDLE,development,b2b9482e70f4a2ace098,2023-06-22,6,EXCLUDED_OHLC_RANGE_PROXY,False,OHLC_RANGE_PROXY_EXCEEDS_THRESHOLD,11.874999999999991,2,2
0a2c71c6e12e773afc2d,PH52-049,LONG_STRADDLE,development,804301753400916af24f,2023-12-28,6,EXCLUDED_OHLC_RANGE_PROXY,False,OHLC_RANGE_PROXY_EXCEEDS_THRESHOLD,12.962962962962964,2,2
0a2c71c6e12e773afc2d,PH52-049,LONG_STRADDLE,validation,c1472f0b801661762bc6,2024-01-04,6,EXCLUDED_OHLC_RANGE_PROXY,False,OHLC_RANGE_PROXY_EXCEEDS_THRESHOLD,17.58241758241759,2,2
0a2c71c6e12e773afc2d,PH52-049,LONG_STRADDLE,validation,1d33307443bd39106f13,2024-05-30,6,EXCLUDED_OHLC_RANGE_PROXY,False,OHLC_RANGE_PROXY_EXCEEDS_THRESHOLD,12.436548223350252,2,2
0a2c71c6e12e773afc2d,PH52-049,LONG_STRADDLE,validation,50696f11ab0417607875,2024-10-17,6,EXCLUDED_OHLC_RANGE_PROXY,False,OHLC_RANGE_PROXY_EXCEEDS_THRESHOLD,17.857142857142858,2,2
0a2c71c6e12e773afc2d,PH52-049,LONG_STRADDLE,validation,58a4c4843286bd3943a2,2025-03-13,6,BLOCKED_LEG_ELIGIBILITY,False,REQUIRED_LEG_PRIOR_OI_BELOW_100,10.0,2,2
0a2c71c6e12e773afc2d,PH52-049,LONG_STRADDLE,validation,e5919e2053dc59805884,2025-07-31,6,BLOCKED_LEG_ELIGIBILITY,False,REQUIRED_LEG_PRIOR_OI_BELOW_100,27.142857142857146,2,2
0a2c71c6e12e773afc2d,PH52-049,LONG_STRADDLE,validation,2744fff722d389044d25,2025-12-30,6,EXCLUDED_OHLC_RANGE_PROXY,False,OHLC_RANGE_PROXY_EXCEEDS_THRESHOLD,11.363636363636365,2,2
2432b3ba491006a1f15a,PH52-049,LONG_STRADDLE,development,ce8e12389ff297becff9,2021-05-27,6,EXCLUDED_OHLC_RANGE_PROXY,False,OHLC_RANGE_PROXY_EXCEEDS_THRESHOLD,10.000000000000009,2,2
2432b3ba491006a1f15a,PH52-049,LONG_STRADDLE,development,061c004245393c77b5c7,2021-12-09,6,EXCLUDED_OHLC_RANGE_PROXY,False,OHLC_RANGE_PROXY_EXCEEDS_THRESHOLD,7.499999999999996,2,2
2432b3ba491006a1f15a,PH52-049,LONG_STRADDLE,development,b58d771555d73891d2fd,2022-06-16,6,EXCLUDED_OHLC_RANGE_PROXY,False,OHLC_RANGE_PROXY_EXCEEDS_THRESHOLD,21.73913043478261,2,2
2432b3ba491006a1f15a,PH52-049,LONG_STRADDLE,development,8c9b97c314b368f7a743,2022-12-15,6,EXCLUDED_OHLC_RANGE_PROXY,True,ELIGIBLE_FOR_OHLC_PRICE_REFERENCE_SIMULATION,3.741358275721845,2,2
2432b3ba491006a1f15a,PH52-049,LONG_STRADDLE,development,b2b9482e70f4a2ace098,2023-06-22,6,EXCLUDED_OHLC_RANGE_PROXY,False,OHLC_RANGE_PROXY_EXCEEDS_THRESHOLD,6.250000000000005,2,2
2432b3ba491006a1f15a,PH52-049,LONG_STRADDLE,development,804301753400916af24f,2023-12-28,6,EXCLUDED_OHLC_RANGE_PROXY,False,OHLC_RANGE_PROXY_EXCEEDS_THRESHOLD,9.803921568627452,2,2
2432b3ba491006a1f15a,PH52-049,LONG_STRADDLE,validation,c1472f0b801661762bc6,2024-01-04,6,EXCLUDED_OHLC_RANGE_PROXY,False,OHLC_RANGE_PROXY_EXCEEDS_THRESHOLD,15.384615384615381,2,2
2432b3ba491006a1f15a,PH52-049,LONG_STRADDLE,validation,1d33307443bd39106f13,2024-05-30,6,EXCLUDED_OHLC_RANGE_PROXY,False,OHLC_RANGE_PROXY_EXCEEDS_THRESHOLD,12.056737588652478,2,2
2432b3ba491006a1f15a,PH52-049,LONG_STRADDLE,validation,50696f11ab0417607875,2024-10-17,6,EXCLUDED_OHLC_RANGE_PROXY,False,OHLC_RANGE_PROXY_EXCEEDS_THRESHOLD,14.285714285714288,2,2
2432b3ba491006a1f15a,PH52-049,LONG_STRADDLE,validation,58a4c4843286bd3943a2,2025-03-13,6,BLOCKED_LEG_ELIGIBILITY,False,REQUIRED_LEG_PRIOR_OI_BELOW_100,8.510638297872347,2,2
2432b3ba491006a1f15a,PH52-049,LONG_STRADDLE,validation,e5919e2053dc59805884,2025-07-31,6,BLOCKED_LEG_ELIGIBILITY,False,REQUIRED_LEG_PRIOR_OI_BELOW_100,34.78260869565216,2,2
2432b3ba491006a1f15a,PH52-049,LONG_STRADDLE,validation,2744fff722d389044d25,2025-12-30,6,EXCLUDED_OHLC_RANGE_PROXY,False,OHLC_RANGE_PROXY_EXCEEDS_THRESHOLD,7.1428571428571495,2,2
722daeb1f1c06b54a1ee,PH52-061,LONG_STRANGLE,development,01f752daf3bb0e90d7b1,2021-05-27,6,EXCLUDED_OHLC_RANGE_PROXY,True,ELIGIBLE_FOR_OHLC_PRICE_REFERENCE_SIMULATION,5.2631578947368425,2,2
722daeb1f1c06b54a1ee,PH52-061,LONG_STRANGLE,development,0ddaab2f8946678d3082,2021-12-09,6,EXCLUDED_OHLC_RANGE_PROXY,False,OHLC_RANGE_PROXY_EXCEEDS_THRESHOLD,17.18213058419244,2,2
722daeb1f1c06b54a1ee,PH52-061,LONG_STRANGLE,development,044eef05c3277601504c,2022-06-16,6,EXCLUDED_OHLC_RANGE_PROXY,False,OHLC_RANGE_PROXY_EXCEEDS_THRESHOLD,13.354037267080747,2,2
722daeb1f1c06b54a1ee,PH52-061,LONG_STRANGLE,development,307dafef42b72c870148,2022-12-15,6,EXCLUDED_OHLC_RANGE_PROXY,False,OHLC_RANGE_PROXY_EXCEEDS_THRESHOLD,9.302325581395358,2,2
722daeb1f1c06b54a1ee,PH52-061,LONG_STRANGLE,development,c8a686f986a21faa7ed5,2023-06-22,6,EXCLUDED_OHLC_RANGE_PROXY,False,OHLC_RANGE_PROXY_EXCEEDS_THRESHOLD,11.021505376344088,2,2
722daeb1f1c06b54a1ee,PH52-061,LONG_STRANGLE,development,84c7352397ed038c3ea2,2023-12-28,6,EXCLUDED_OHLC_RANGE_PROXY,True,ELIGIBLE_FOR_OHLC_PRICE_REFERENCE_SIMULATION,4.437869822485207,2,2
722daeb1f1c06b54a1ee,PH52-061,LONG_STRANGLE,validation,f104c6f1662847c5bbcc,2024-01-04,6,EXCLUDED_OHLC_RANGE_PROXY,False,OHLC_RANGE_PROXY_EXCEEDS_THRESHOLD,10.970464135021087,2,2
722daeb1f1c06b54a1ee,PH52-061,LONG_STRANGLE,validation,0cd34c6b63a9f995c503,2024-05-30,6,EXCLUDED_OHLC_RANGE_PROXY,False,OHLC_RANGE_PROXY_EXCEEDS_THRESHOLD,10.26677445432497,2,2
722daeb1f1c06b54a1ee,PH52-061,LONG_STRANGLE,validation,75007ced19cb5e12e01f,2024-10-17,6,EXCLUDED_OHLC_RANGE_PROXY,False,OHLC_RANGE_PROXY_EXCEEDS_THRESHOLD,34.10326086956523,2,2
722daeb1f1c06b54a1ee,PH52-061,LONG_STRANGLE,validation,8eb8f1add17ecb221cbd,2025-03-13,6,BLOCKED_LEG_ELIGIBILITY,False,REQUIRED_LEG_PRIOR_OI_BELOW_100,14.285714285714286,2,2
722daeb1f1c06b54a1ee,PH52-061,LONG_STRANGLE,validation,14d9997729e438213524,2025-07-31,6,BLOCKED_LEG_ELIGIBILITY,False,REQUIRED_LEG_PRIOR_OI_BELOW_100,12.089810017271157,2,2
722daeb1f1c06b54a1ee,PH52-061,LONG_STRANGLE,validation,4a919e0bde313b9b9ee1,2025-12-30,6,BLOCKED_LEG_ELIGIBILITY,False,REQUIRED_LEG_PRIOR_OI_BELOW_100,17.257683215130037,2,2
2173cfebeda92408e9c0,PH52-061,LONG_STRANGLE,development,01f752daf3bb0e90d7b1,2021-05-27,6,EXCLUDED_OHLC_RANGE_PROXY,False,OHLC_RANGE_PROXY_EXCEEDS_THRESHOLD,6.329113924050633,2,2
2173cfebeda92408e9c0,PH52-061,LONG_STRANGLE,development,0ddaab2f8946678d3082,2021-12-09,6,EXCLUDED_OHLC_RANGE_PROXY,False,OHLC_RANGE_PROXY_EXCEEDS_THRESHOLD,20.888888888888886,2,2
2173cfebeda92408e9c0,PH52-061,LONG_STRANGLE,development,044eef05c3277601504c,2022-06-16,6,EXCLUDED_OHLC_RANGE_PROXY,False,OHLC_RANGE_PROXY_EXCEEDS_THRESHOLD,13.705583756345176,2,2
2173cfebeda92408e9c0,PH52-061,LONG_STRANGLE,development,307dafef42b72c870148,2022-12-15,6,EXCLUDED_OHLC_RANGE_PROXY,False,OHLC_RANGE_PROXY_EXCEEDS_THRESHOLD,8.771929824561402,2,2
2173cfebeda92408e9c0,PH52-061,LONG_STRANGLE,development,c8a686f986a21faa7ed5,2023-06-22,6,EXCLUDED_OHLC_RANGE_PROXY,False,OHLC_RANGE_PROXY_EXCEEDS_THRESHOLD,7.547169811320744,2,2
2173cfebeda92408e9c0,PH52-061,LONG_STRANGLE,development,84c7352397ed038c3ea2,2023-12-28,6,EXCLUDED_OHLC_RANGE_PROXY,True,ELIGIBLE_FOR_OHLC_PRICE_REFERENCE_SIMULATION,5.2044609665427455,2,2
2173cfebeda92408e9c0,PH52-061,LONG_STRANGLE,validation,f104c6f1662847c5bbcc,2024-01-04,6,EXCLUDED_OHLC_RANGE_PROXY,False,OHLC_RANGE_PROXY_EXCEEDS_THRESHOLD,12.90322580645161,2,2
2173cfebeda92408e9c0,PH52-061,LONG_STRANGLE,validation,0cd34c6b63a9f995c503,2024-05-30,6,EXCLUDED_OHLC_RANGE_PROXY,False,OHLC_RANGE_PROXY_EXCEEDS_THRESHOLD,12.335526315789474,2,2
2173cfebeda92408e9c0,PH52-061,LONG_STRANGLE,validation,75007ced19cb5e12e01f,2024-10-17,6,EXCLUDED_OHLC_RANGE_PROXY,False,OHLC_RANGE_PROXY_EXCEEDS_THRESHOLD,44.444444444444436,2,2
2173cfebeda92408e9c0,PH52-061,LONG_STRANGLE,validation,8eb8f1add17ecb221cbd,2025-03-13,6,BLOCKED_LEG_ELIGIBILITY,False,REQUIRED_LEG_PRIOR_OI_BELOW_100,12.37113402061857,2,2
2173cfebeda92408e9c0,PH52-061,LONG_STRANGLE,validation,14d9997729e438213524,2025-07-31,6,BLOCKED_LEG_ELIGIBILITY,False,REQUIRED_LEG_PRIOR_OI_BELOW_100,12.385321100917428,2,2
2173cfebeda92408e9c0,PH52-061,LONG_STRANGLE,validation,4a919e0bde313b9b9ee1,2025-12-30,6,BLOCKED_LEG_ELIGIBILITY,False,REQUIRED_LEG_PRIOR_OI_BELOW_100,15.51724137931035,2,2
2f22cd4cb483cbbd04af,PH52-061,LONG_STRANGLE,development,ce8e12389ff297becff9,2021-05-27,6,EXCLUDED_OHLC_RANGE_PROXY,False,OHLC_RANGE_PROXY_EXCEEDS_THRESHOLD,10.322580645161288,2,2
2f22cd4cb483cbbd04af,PH52-061,LONG_STRANGLE,development,061c004245393c77b5c7,2021-12-09,6,EXCLUDED_OHLC_RANGE_PROXY,False,OHLC_RANGE_PROXY_EXCEEDS_THRESHOLD,10.270270270270263,2,2
2f22cd4cb483cbbd04af,PH52-061,LONG_STRANGLE,development,b58d771555d73891d2fd,2022-06-16,6,EXCLUDED_OHLC_RANGE_PROXY,False,OHLC_RANGE_PROXY_EXCEEDS_THRESHOLD,25.89118198874296,2,2
2f22cd4cb483cbbd04af,PH52-061,LONG_STRANGLE,development,8c9b97c314b368f7a743,2022-12-15,6,EXCLUDED_OHLC_RANGE_PROXY,False,OHLC_RANGE_PROXY_EXCEEDS_THRESHOLD,16.250000000000007,2,2
2f22cd4cb483cbbd04af,PH52-061,LONG_STRANGLE,development,b2b9482e70f4a2ace098,2023-06-22,6,EXCLUDED_OHLC_RANGE_PROXY,False,OHLC_RANGE_PROXY_EXCEEDS_THRESHOLD,11.874999999999991,2,2
2f22cd4cb483cbbd04af,PH52-061,LONG_STRANGLE,development,804301753400916af24f,2023-12-28,6,EXCLUDED_OHLC_RANGE_PROXY,False,OHLC_RANGE_PROXY_EXCEEDS_THRESHOLD,13.793103448275865,2,2
2f22cd4cb483cbbd04af,PH52-061,LONG_STRANGLE,validation,c1472f0b801661762bc6,2024-01-04,6,EXCLUDED_OHLC_RANGE_PROXY,False,OHLC_RANGE_PROXY_EXCEEDS_THRESHOLD,17.58241758241759,2,2
2f22cd4cb483cbbd04af,PH52-061,LONG_STRANGLE,validation,1d33307443bd39106f13,2024-05-30,6,EXCLUDED_OHLC_RANGE_PROXY,False,OHLC_RANGE_PROXY_EXCEEDS_THRESHOLD,12.436548223350252,2,2
2f22cd4cb483cbbd04af,PH52-061,LONG_STRANGLE,validation,50696f11ab0417607875,2024-10-17,6,EXCLUDED_OHLC_RANGE_PROXY,False,OHLC_RANGE_PROXY_EXCEEDS_THRESHOLD,17.857142857142858,2,2
2f22cd4cb483cbbd04af,PH52-061,LONG_STRANGLE,validation,58a4c4843286bd3943a2,2025-03-13,6,BLOCKED_LEG_ELIGIBILITY,False,REQUIRED_LEG_PRIOR_OI_BELOW_100,14.736842105263161,2,2
2f22cd4cb483cbbd04af,PH52-061,LONG_STRANGLE,validation,e5919e2053dc59805884,2025-07-31,6,BLOCKED_LEG_ELIGIBILITY,False,REQUIRED_LEG_PRIOR_OI_BELOW_100,27.142857142857146,2,2
2f22cd4cb483cbbd04af,PH52-061,LONG_STRANGLE,validation,2744fff722d389044d25,2025-12-30,6,EXCLUDED_OHLC_RANGE_PROXY,False,OHLC_RANGE_PROXY_EXCEEDS_THRESHOLD,13.46153846153846,2,2
4bd35f1260b64365d38b,PH52-061,LONG_STRANGLE,development,ce8e12389ff297becff9,2021-05-27,6,EXCLUDED_OHLC_RANGE_PROXY,False,OHLC_RANGE_PROXY_EXCEEDS_THRESHOLD,10.000000000000009,2,2
4bd35f1260b64365d38b,PH52-061,LONG_STRANGLE,development,061c004245393c77b5c7,2021-12-09,6,EXCLUDED_OHLC_RANGE_PROXY,False,OHLC_RANGE_PROXY_EXCEEDS_THRESHOLD,7.499999999999996,2,2
4bd35f1260b64365d38b,PH52-061,LONG_STRANGLE,development,b58d771555d73891d2fd,2022-06-16,6,EXCLUDED_OHLC_RANGE_PROXY,False,OHLC_RANGE_PROXY_EXCEEDS_THRESHOLD,32.28346456692912,2,2
4bd35f1260b64365d38b,PH52-061,LONG_STRANGLE,development,8c9b97c314b368f7a743,2022-12-15,6,EXCLUDED_OHLC_RANGE_PROXY,False,OHLC_RANGE_PROXY_EXCEEDS_THRESHOLD,10.526315789473683,2,2
4bd35f1260b64365d38b,PH52-061,LONG_STRANGLE,development,b2b9482e70f4a2ace098,2023-06-22,6,EXCLUDED_OHLC_RANGE_PROXY,False,OHLC_RANGE_PROXY_EXCEEDS_THRESHOLD,11.111111111111104,2,2
4bd35f1260b64365d38b,PH52-061,LONG_STRANGLE,development,804301753400916af24f,2023-12-28,6,EXCLUDED_OHLC_RANGE_PROXY,False,OHLC_RANGE_PROXY_EXCEEDS_THRESHOLD,11.49425287356322,2,2
4bd35f1260b64365d38b,PH52-061,LONG_STRANGLE,validation,c1472f0b801661762bc6,2024-01-04,6,EXCLUDED_OHLC_RANGE_PROXY,False,OHLC_RANGE_PROXY_EXCEEDS_THRESHOLD,15.384615384615381,2,2
4bd35f1260b64365d38b,PH52-061,LONG_STRANGLE,validation,1d33307443bd39106f13,2024-05-30,6,EXCLUDED_OHLC_RANGE_PROXY,False,OHLC_RANGE_PROXY_EXCEEDS_THRESHOLD,12.056737588652478,2,2
4bd35f1260b64365d38b,PH52-061,LONG_STRANGLE,validation,50696f11ab0417607875,2024-10-17,6,EXCLUDED_OHLC_RANGE_PROXY,False,OHLC_RANGE_PROXY_EXCEEDS_THRESHOLD,14.285714285714288,2,2
4bd35f1260b64365d38b,PH52-061,LONG_STRANGLE,validation,58a4c4843286bd3943a2,2025-03-13,6,BLOCKED_LEG_ELIGIBILITY,False,REQUIRED_LEG_PRIOR_OI_BELOW_100,8.510638297872347,2,2
4bd35f1260b64365d38b,PH52-061,LONG_STRANGLE,validation,e5919e2053dc59805884,2025-07-31,6,BLOCKED_LEG_ELIGIBILITY,False,REQUIRED_LEG_PRIOR_OI_BELOW_100,34.78260869565216,2,2
4bd35f1260b64365d38b,PH52-061,LONG_STRANGLE,validation,2744fff722d389044d25,2025-12-30,6,EXCLUDED_OHLC_RANGE_PROXY,False,OHLC_RANGE_PROXY_EXCEEDS_THRESHOLD,10.526315789473683,2,2
89f52cd7e0b3bc8ec28c,PH52-073,SHORT_IRON_CONDOR,development,01f752daf3bb0e90d7b1,2021-05-27,6,EXCLUDED_OHLC_RANGE_PROXY,True,ELIGIBLE_FOR_OHLC_PRICE_REFERENCE_SIMULATION,5.448717948717936,4,4
89f52cd7e0b3bc8ec28c,PH52-073,SHORT_IRON_CONDOR,development,0ddaab2f8946678d3082,2021-12-09,6,EXCLUDED_OHLC_RANGE_PROXY,False,OHLC_RANGE_PROXY_EXCEEDS_THRESHOLD,19.444444444444443,4,4
89f52cd7e0b3bc8ec28c,PH52-073,SHORT_IRON_CONDOR,development,044eef05c3277601504c,2022-06-16,6,EXCLUDED_OHLC_RANGE_PROXY,False,OHLC_RANGE_PROXY_EXCEEDS_THRESHOLD,14.363143631436328,4,4
89f52cd7e0b3bc8ec28c,PH52-073,SHORT_IRON_CONDOR,development,307dafef42b72c870148,2022-12-15,6,EXCLUDED_OHLC_RANGE_PROXY,False,OHLC_RANGE_PROXY_EXCEEDS_THRESHOLD,10.144927536231886,4,4
89f52cd7e0b3bc8ec28c,PH52-073,SHORT_IRON_CONDOR,development,c8a686f986a21faa7ed5,2023-06-22,6,EXCLUDED_OHLC_RANGE_PROXY,False,OHLC_RANGE_PROXY_EXCEEDS_THRESHOLD,12.765957446808503,4,4
89f52cd7e0b3bc8ec28c,PH52-073,SHORT_IRON_CONDOR,development,84c7352397ed038c3ea2,2023-12-28,6,EXCLUDED_OHLC_RANGE_PROXY,True,ELIGIBLE_FOR_OHLC_PRICE_REFERENCE_SIMULATION,5.502392344497618,4,4
89f52cd7e0b3bc8ec28c,PH52-073,SHORT_IRON_CONDOR,validation,f104c6f1662847c5bbcc,2024-01-04,6,EXCLUDED_OHLC_RANGE_PROXY,False,OHLC_RANGE_PROXY_EXCEEDS_THRESHOLD,10.970464135021087,4,4
89f52cd7e0b3bc8ec28c,PH52-073,SHORT_IRON_CONDOR,validation,0cd34c6b63a9f995c503,2024-05-30,6,EXCLUDED_OHLC_RANGE_PROXY,False,OHLC_RANGE_PROXY_EXCEEDS_THRESHOLD,12.13151927437642,4,4
89f52cd7e0b3bc8ec28c,PH52-073,SHORT_IRON_CONDOR,validation,75007ced19cb5e12e01f,2024-10-17,6,EXCLUDED_OHLC_RANGE_PROXY,False,OHLC_RANGE_PROXY_EXCEEDS_THRESHOLD,38.80952380952382,4,4
89f52cd7e0b3bc8ec28c,PH52-073,SHORT_IRON_CONDOR,validation,8eb8f1add17ecb221cbd,2025-03-13,6,BLOCKED_LEG_ELIGIBILITY,False,REQUIRED_LEG_PRIOR_OI_BELOW_100,14.285714285714286,4,4
89f52cd7e0b3bc8ec28c,PH52-073,SHORT_IRON_CONDOR,validation,14d9997729e438213524,2025-07-31,6,BLOCKED_LEG_ELIGIBILITY,False,REQUIRED_LEG_PRIOR_OI_BELOW_100,14.367816091954024,4,4
89f52cd7e0b3bc8ec28c,PH52-073,SHORT_IRON_CONDOR,validation,4a919e0bde313b9b9ee1,2025-12-30,6,BLOCKED_LEG_ELIGIBILITY,False,REQUIRED_LEG_PRIOR_OI_BELOW_100,17.257683215130037,4,4
ed63864fa6c58959e82b,PH52-073,SHORT_IRON_CONDOR,development,01f752daf3bb0e90d7b1,2021-05-27,6,EXCLUDED_OHLC_RANGE_PROXY,False,OHLC_RANGE_PROXY_EXCEEDS_THRESHOLD,6.25,4,4
ed63864fa6c58959e82b,PH52-073,SHORT_IRON_CONDOR,development,0ddaab2f8946678d3082,2021-12-09,6,EXCLUDED_OHLC_RANGE_PROXY,False,OHLC_RANGE_PROXY_EXCEEDS_THRESHOLD,21.01449275362318,4,4
ed63864fa6c58959e82b,PH52-073,SHORT_IRON_CONDOR,development,044eef05c3277601504c,2022-06-16,6,EXCLUDED_OHLC_RANGE_PROXY,False,OHLC_RANGE_PROXY_EXCEEDS_THRESHOLD,13.354037267080747,4,4
ed63864fa6c58959e82b,PH52-073,SHORT_IRON_CONDOR,development,307dafef42b72c870148,2022-12-15,6,EXCLUDED_OHLC_RANGE_PROXY,False,OHLC_RANGE_PROXY_EXCEEDS_THRESHOLD,9.302325581395358,4,4
ed63864fa6c58959e82b,PH52-073,SHORT_IRON_CONDOR,development,c8a686f986a21faa7ed5,2023-06-22,6,EXCLUDED_OHLC_RANGE_PROXY,False,OHLC_RANGE_PROXY_EXCEEDS_THRESHOLD,11.021505376344088,4,4
ed63864fa6c58959e82b,PH52-073,SHORT_IRON_CONDOR,development,84c7352397ed038c3ea2,2023-12-28,6,EXCLUDED_OHLC_RANGE_PROXY,True,ELIGIBLE_FOR_OHLC_PRICE_REFERENCE_SIMULATION,5.681818181818182,4,4
ed63864fa6c58959e82b,PH52-073,SHORT_IRON_CONDOR,validation,f104c6f1662847c5bbcc,2024-01-04,6,EXCLUDED_OHLC_RANGE_PROXY,False,OHLC_RANGE_PROXY_EXCEEDS_THRESHOLD,10.970464135021087,4,4
ed63864fa6c58959e82b,PH52-073,SHORT_IRON_CONDOR,validation,0cd34c6b63a9f995c503,2024-05-30,6,EXCLUDED_OHLC_RANGE_PROXY,False,OHLC_RANGE_PROXY_EXCEEDS_THRESHOLD,14.496314496314492,4,4
ed63864fa6c58959e82b,PH52-073,SHORT_IRON_CONDOR,validation,75007ced19cb5e12e01f,2024-10-17,6,EXCLUDED_OHLC_RANGE_PROXY,False,OHLC_RANGE_PROXY_EXCEEDS_THRESHOLD,44.02985074626865,4,4
ed63864fa6c58959e82b,PH52-073,SHORT_IRON_CONDOR,validation,8eb8f1add17ecb221cbd,2025-03-13,6,BLOCKED_LEG_ELIGIBILITY,False,REQUIRED_LEG_PRIOR_OI_BELOW_100,14.285714285714286,4,4
ed63864fa6c58959e82b,PH52-073,SHORT_IRON_CONDOR,validation,14d9997729e438213524,2025-07-31,6,BLOCKED_LEG_ELIGIBILITY,False,REQUIRED_LEG_PRIOR_OI_BELOW_100,12.925170068027214,4,4
ed63864fa6c58959e82b,PH52-073,SHORT_IRON_CONDOR,validation,4a919e0bde313b9b9ee1,2025-12-30,6,BLOCKED_LEG_ELIGIBILITY,False,REQUIRED_LEG_PRIOR_OI_BELOW_100,17.257683215130037,4,4
d1522f8d7f12e8386fbd,PH52-073,SHORT_IRON_CONDOR,development,01f752daf3bb0e90d7b1,2021-05-27,6,EXCLUDED_OHLC_RANGE_PROXY,False,OHLC_RANGE_PROXY_EXCEEDS_THRESHOLD,6.329113924050633,4,4
d1522f8d7f12e8386fbd,PH52-073,SHORT_IRON_CONDOR,development,0ddaab2f8946678d3082,2021-12-09,6,EXCLUDED_OHLC_RANGE_PROXY,False,OHLC_RANGE_PROXY_EXCEEDS_THRESHOLD,21.01449275362318,4,4
d1522f8d7f12e8386fbd,PH52-073,SHORT_IRON_CONDOR,development,044eef05c3277601504c,2022-06-16,6,EXCLUDED_OHLC_RANGE_PROXY,False,OHLC_RANGE_PROXY_EXCEEDS_THRESHOLD,13.705583756345176,4,4
d1522f8d7f12e8386fbd,PH52-073,SHORT_IRON_CONDOR,development,307dafef42b72c870148,2022-12-15,6,EXCLUDED_OHLC_RANGE_PROXY,False,OHLC_RANGE_PROXY_EXCEEDS_THRESHOLD,8.771929824561402,4,4
d1522f8d7f12e8386fbd,PH52-073,SHORT_IRON_CONDOR,development,c8a686f986a21faa7ed5,2023-06-22,6,EXCLUDED_OHLC_RANGE_PROXY,False,OHLC_RANGE_PROXY_EXCEEDS_THRESHOLD,7.547169811320744,4,4
d1522f8d7f12e8386fbd,PH52-073,SHORT_IRON_CONDOR,development,84c7352397ed038c3ea2,2023-12-28,6,EXCLUDED_OHLC_RANGE_PROXY,True,ELIGIBLE_FOR_OHLC_PRICE_REFERENCE_SIMULATION,5.681818181818182,4,4
d1522f8d7f12e8386fbd,PH52-073,SHORT_IRON_CONDOR,validation,f104c6f1662847c5bbcc,2024-01-04,6,EXCLUDED_OHLC_RANGE_PROXY,False,OHLC_RANGE_PROXY_EXCEEDS_THRESHOLD,12.90322580645161,4,4
d1522f8d7f12e8386fbd,PH52-073,SHORT_IRON_CONDOR,validation,0cd34c6b63a9f995c503,2024-05-30,6,EXCLUDED_OHLC_RANGE_PROXY,False,OHLC_RANGE_PROXY_EXCEEDS_THRESHOLD,14.496314496314492,4,4
d1522f8d7f12e8386fbd,PH52-073,SHORT_IRON_CONDOR,validation,75007ced19cb5e12e01f,2024-10-17,6,EXCLUDED_OHLC_RANGE_PROXY,False,OHLC_RANGE_PROXY_EXCEEDS_THRESHOLD,44.444444444444436,4,4
d1522f8d7f12e8386fbd,PH52-073,SHORT_IRON_CONDOR,validation,8eb8f1add17ecb221cbd,2025-03-13,6,BLOCKED_LEG_ELIGIBILITY,False,REQUIRED_LEG_PRIOR_OI_BELOW_100,12.37113402061857,4,4
d1522f8d7f12e8386fbd,PH52-073,SHORT_IRON_CONDOR,validation,14d9997729e438213524,2025-07-31,6,BLOCKED_LEG_ELIGIBILITY,False,REQUIRED_LEG_PRIOR_OI_BELOW_100,12.925170068027214,4,4
d1522f8d7f12e8386fbd,PH52-073,SHORT_IRON_CONDOR,validation,4a919e0bde313b9b9ee1,2025-12-30,6,BLOCKED_LEG_ELIGIBILITY,False,REQUIRED_LEG_PRIOR_OI_BELOW_100,17.187500000000007,4,4
88f406f18831fffb35a5,PH52-073,SHORT_IRON_CONDOR,development,01f752daf3bb0e90d7b1,2021-05-27,6,EXCLUDED_OHLC_RANGE_PROXY,False,OHLC_RANGE_PROXY_EXCEEDS_THRESHOLD,9.677419354838703,4,4
88f406f18831fffb35a5,PH52-073,SHORT_IRON_CONDOR,development,0ddaab2f8946678d3082,2021-12-09,6,EXCLUDED_OHLC_RANGE_PROXY,False,OHLC_RANGE_PROXY_EXCEEDS_THRESHOLD,20.888888888888886,4,4
88f406f18831fffb35a5,PH52-073,SHORT_IRON_CONDOR,development,044eef05c3277601504c,2022-06-16,6,EXCLUDED_OHLC_RANGE_PROXY,False,OHLC_RANGE_PROXY_EXCEEDS_THRESHOLD,13.705583756345176,4,4
88f406f18831fffb35a5,PH52-073,SHORT_IRON_CONDOR,development,307dafef42b72c870148,2022-12-15,6,EXCLUDED_OHLC_RANGE_PROXY,False,OHLC_RANGE_PROXY_EXCEEDS_THRESHOLD,8.771929824561402,4,4
88f406f18831fffb35a5,PH52-073,SHORT_IRON_CONDOR,development,c8a686f986a21faa7ed5,2023-06-22,6,EXCLUDED_OHLC_RANGE_PROXY,False,OHLC_RANGE_PROXY_EXCEEDS_THRESHOLD,7.547169811320744,4,4
88f406f18831fffb35a5,PH52-073,SHORT_IRON_CONDOR,development,84c7352397ed038c3ea2,2023-12-28,6,EXCLUDED_OHLC_RANGE_PROXY,True,ELIGIBLE_FOR_OHLC_PRICE_REFERENCE_SIMULATION,5.2044609665427455,4,4
88f406f18831fffb35a5,PH52-073,SHORT_IRON_CONDOR,validation,f104c6f1662847c5bbcc,2024-01-04,6,EXCLUDED_OHLC_RANGE_PROXY,False,OHLC_RANGE_PROXY_EXCEEDS_THRESHOLD,12.90322580645161,4,4
88f406f18831fffb35a5,PH52-073,SHORT_IRON_CONDOR,validation,0cd34c6b63a9f995c503,2024-05-30,6,EXCLUDED_OHLC_RANGE_PROXY,False,OHLC_RANGE_PROXY_EXCEEDS_THRESHOLD,16.000000000000004,4,4
88f406f18831fffb35a5,PH52-073,SHORT_IRON_CONDOR,validation,75007ced19cb5e12e01f,2024-10-17,6,EXCLUDED_OHLC_RANGE_PROXY,False,OHLC_RANGE_PROXY_EXCEEDS_THRESHOLD,44.444444444444436,4,4
88f406f18831fffb35a5,PH52-073,SHORT_IRON_CONDOR,validation,8eb8f1add17ecb221cbd,2025-03-13,6,BLOCKED_LEG_ELIGIBILITY,False,REQUIRED_LEG_PRIOR_OI_BELOW_100,12.37113402061857,4,4
88f406f18831fffb35a5,PH52-073,SHORT_IRON_CONDOR,validation,14d9997729e438213524,2025-07-31,6,BLOCKED_LEG_ELIGIBILITY,False,REQUIRED_LEG_PRIOR_OI_BELOW_100,12.385321100917428,4,4
88f406f18831fffb35a5,PH52-073,SHORT_IRON_CONDOR,validation,4a919e0bde313b9b9ee1,2025-12-30,6,BLOCKED_LEG_ELIGIBILITY,False,REQUIRED_LEG_PRIOR_OI_BELOW_100,15.51724137931035,4,4
3bb7fb2966c25f63f7b8,PH52-073,SHORT_IRON_CONDOR,development,ce8e12389ff297becff9,2021-05-27,6,EXCLUDED_OHLC_RANGE_PROXY,False,OHLC_RANGE_PROXY_EXCEEDS_THRESHOLD,10.322580645161288,4,4
3bb7fb2966c25f63f7b8,PH52-073,SHORT_IRON_CONDOR,development,061c004245393c77b5c7,2021-12-09,6,EXCLUDED_OHLC_RANGE_PROXY,False,OHLC_RANGE_PROXY_EXCEEDS_THRESHOLD,10.270270270270263,4,4
3bb7fb2966c25f63f7b8,PH52-073,SHORT_IRON_CONDOR,development,b58d771555d73891d2fd,2022-06-16,6,EXCLUDED_OHLC_RANGE_PROXY,False,OHLC_RANGE_PROXY_EXCEEDS_THRESHOLD,32.28346456692915,4,4
3bb7fb2966c25f63f7b8,PH52-073,SHORT_IRON_CONDOR,development,8c9b97c314b368f7a743,2022-12-15,6,EXCLUDED_OHLC_RANGE_PROXY,False,OHLC_RANGE_PROXY_EXCEEDS_THRESHOLD,16.250000000000007,4,4
3bb7fb2966c25f63f7b8,PH52-073,SHORT_IRON_CONDOR,development,b2b9482e70f4a2ace098,2023-06-22,6,EXCLUDED_OHLC_RANGE_PROXY,False,OHLC_RANGE_PROXY_EXCEEDS_THRESHOLD,11.874999999999991,4,4
3bb7fb2966c25f63f7b8,PH52-073,SHORT_IRON_CONDOR,development,804301753400916af24f,2023-12-28,6,EXCLUDED_OHLC_RANGE_PROXY,False,OHLC_RANGE_PROXY_EXCEEDS_THRESHOLD,13.793103448275865,4,4
3bb7fb2966c25f63f7b8,PH52-073,SHORT_IRON_CONDOR,validation,c1472f0b801661762bc6,2024-01-04,6,EXCLUDED_OHLC_RANGE_PROXY,False,OHLC_RANGE_PROXY_EXCEEDS_THRESHOLD,17.58241758241759,4,4
3bb7fb2966c25f63f7b8,PH52-073,SHORT_IRON_CONDOR,validation,1d33307443bd39106f13,2024-05-30,6,EXCLUDED_OHLC_RANGE_PROXY,False,OHLC_RANGE_PROXY_EXCEEDS_THRESHOLD,12.436548223350252,4,4
3bb7fb2966c25f63f7b8,PH52-073,SHORT_IRON_CONDOR,validation,50696f11ab0417607875,2024-10-17,6,EXCLUDED_OHLC_RANGE_PROXY,False,OHLC_RANGE_PROXY_EXCEEDS_THRESHOLD,17.857142857142858,4,4
3bb7fb2966c25f63f7b8,PH52-073,SHORT_IRON_CONDOR,validation,58a4c4843286bd3943a2,2025-03-13,6,BLOCKED_LEG_ELIGIBILITY,False,REQUIRED_LEG_PRIOR_OI_BELOW_100,14.736842105263161,4,4
3bb7fb2966c25f63f7b8,PH52-073,SHORT_IRON_CONDOR,validation,e5919e2053dc59805884,2025-07-31,6,BLOCKED_LEG_ELIGIBILITY,False,REQUIRED_LEG_PRIOR_OI_BELOW_100,31.39158576051781,4,4
3bb7fb2966c25f63f7b8,PH52-073,SHORT_IRON_CONDOR,validation,2744fff722d389044d25,2025-12-30,6,EXCLUDED_OHLC_RANGE_PROXY,False,OHLC_RANGE_PROXY_EXCEEDS_THRESHOLD,13.46153846153846,4,4
afd015454460bea2a27d,PH52-073,SHORT_IRON_CONDOR,development,ce8e12389ff297becff9,2021-05-27,6,EXCLUDED_OHLC_RANGE_PROXY,False,OHLC_RANGE_PROXY_EXCEEDS_THRESHOLD,10.322580645161288,4,4
afd015454460bea2a27d,PH52-073,SHORT_IRON_CONDOR,development,061c004245393c77b5c7,2021-12-09,6,EXCLUDED_OHLC_RANGE_PROXY,False,OHLC_RANGE_PROXY_EXCEEDS_THRESHOLD,10.270270270270263,4,4
afd015454460bea2a27d,PH52-073,SHORT_IRON_CONDOR,development,b58d771555d73891d2fd,2022-06-16,6,EXCLUDED_OHLC_RANGE_PROXY,False,OHLC_RANGE_PROXY_EXCEEDS_THRESHOLD,25.89118198874296,4,4
afd015454460bea2a27d,PH52-073,SHORT_IRON_CONDOR,development,8c9b97c314b368f7a743,2022-12-15,6,EXCLUDED_OHLC_RANGE_PROXY,False,OHLC_RANGE_PROXY_EXCEEDS_THRESHOLD,16.250000000000007,4,4
afd015454460bea2a27d,PH52-073,SHORT_IRON_CONDOR,development,b2b9482e70f4a2ace098,2023-06-22,6,EXCLUDED_OHLC_RANGE_PROXY,False,OHLC_RANGE_PROXY_EXCEEDS_THRESHOLD,14.285714285714299,4,4
afd015454460bea2a27d,PH52-073,SHORT_IRON_CONDOR,development,804301753400916af24f,2023-12-28,6,EXCLUDED_OHLC_RANGE_PROXY,False,OHLC_RANGE_PROXY_EXCEEDS_THRESHOLD,13.793103448275865,4,4
afd015454460bea2a27d,PH52-073,SHORT_IRON_CONDOR,validation,c1472f0b801661762bc6,2024-01-04,6,EXCLUDED_OHLC_RANGE_PROXY,False,OHLC_RANGE_PROXY_EXCEEDS_THRESHOLD,17.58241758241759,4,4
afd015454460bea2a27d,PH52-073,SHORT_IRON_CONDOR,validation,1d33307443bd39106f13,2024-05-30,6,EXCLUDED_OHLC_RANGE_PROXY,False,OHLC_RANGE_PROXY_EXCEEDS_THRESHOLD,12.436548223350252,4,4
afd015454460bea2a27d,PH52-073,SHORT_IRON_CONDOR,validation,50696f11ab0417607875,2024-10-17,6,EXCLUDED_OHLC_RANGE_PROXY,False,OHLC_RANGE_PROXY_EXCEEDS_THRESHOLD,17.857142857142858,4,4
afd015454460bea2a27d,PH52-073,SHORT_IRON_CONDOR,validation,58a4c4843286bd3943a2,2025-03-13,6,BLOCKED_LEG_ELIGIBILITY,False,REQUIRED_LEG_PRIOR_OI_BELOW_100,14.736842105263161,4,4
afd015454460bea2a27d,PH52-073,SHORT_IRON_CONDOR,validation,e5919e2053dc59805884,2025-07-31,6,BLOCKED_LEG_ELIGIBILITY,False,REQUIRED_LEG_PRIOR_OI_BELOW_100,31.521739130434792,4,4
afd015454460bea2a27d,PH52-073,SHORT_IRON_CONDOR,validation,2744fff722d389044d25,2025-12-30,6,EXCLUDED_OHLC_RANGE_PROXY,False,OHLC_RANGE_PROXY_EXCEEDS_THRESHOLD,13.46153846153846,4,4
2f542b011d83f30b511e,PH52-073,SHORT_IRON_CONDOR,development,ce8e12389ff297becff9,2021-05-27,6,EXCLUDED_OHLC_RANGE_PROXY,False,OHLC_RANGE_PROXY_EXCEEDS_THRESHOLD,10.000000000000009,4,4
2f542b011d83f30b511e,PH52-073,SHORT_IRON_CONDOR,development,061c004245393c77b5c7,2021-12-09,6,EXCLUDED_OHLC_RANGE_PROXY,False,OHLC_RANGE_PROXY_EXCEEDS_THRESHOLD,9.090909090909086,4,4
2f542b011d83f30b511e,PH52-073,SHORT_IRON_CONDOR,development,b58d771555d73891d2fd,2022-06-16,6,EXCLUDED_OHLC_RANGE_PROXY,False,OHLC_RANGE_PROXY_EXCEEDS_THRESHOLD,32.28346456692912,4,4
2f542b011d83f30b511e,PH52-073,SHORT_IRON_CONDOR,development,8c9b97c314b368f7a743,2022-12-15,6,EXCLUDED_OHLC_RANGE_PROXY,False,OHLC_RANGE_PROXY_EXCEEDS_THRESHOLD,10.526315789473683,4,4
2f542b011d83f30b511e,PH52-073,SHORT_IRON_CONDOR,development,b2b9482e70f4a2ace098,2023-06-22,6,EXCLUDED_OHLC_RANGE_PROXY,False,OHLC_RANGE_PROXY_EXCEEDS_THRESHOLD,14.285714285714299,4,4
2f542b011d83f30b511e,PH52-073,SHORT_IRON_CONDOR,development,804301753400916af24f,2023-12-28,6,EXCLUDED_OHLC_RANGE_PROXY,False,OHLC_RANGE_PROXY_EXCEEDS_THRESHOLD,11.49425287356322,4,4
2f542b011d83f30b511e,PH52-073,SHORT_IRON_CONDOR,validation,c1472f0b801661762bc6,2024-01-04,6,EXCLUDED_OHLC_RANGE_PROXY,False,OHLC_RANGE_PROXY_EXCEEDS_THRESHOLD,15.384615384615381,4,4
2f542b011d83f30b511e,PH52-073,SHORT_IRON_CONDOR,validation,1d33307443bd39106f13,2024-05-30,6,EXCLUDED_OHLC_RANGE_PROXY,False,OHLC_RANGE_PROXY_EXCEEDS_THRESHOLD,12.22222222222222,4,4
2f542b011d83f30b511e,PH52-073,SHORT_IRON_CONDOR,validation,50696f11ab0417607875,2024-10-17,6,EXCLUDED_OHLC_RANGE_PROXY,False,OHLC_RANGE_PROXY_EXCEEDS_THRESHOLD,14.285714285714299,4,4
2f542b011d83f30b511e,PH52-073,SHORT_IRON_CONDOR,validation,58a4c4843286bd3943a2,2025-03-13,6,BLOCKED_LEG_ELIGIBILITY,False,REQUIRED_LEG_PRIOR_OI_BELOW_100,8.510638297872347,4,4
2f542b011d83f30b511e,PH52-073,SHORT_IRON_CONDOR,validation,e5919e2053dc59805884,2025-07-31,6,BLOCKED_LEG_ELIGIBILITY,False,REQUIRED_LEG_PRIOR_OI_BELOW_100,34.78260869565216,4,4
2f542b011d83f30b511e,PH52-073,SHORT_IRON_CONDOR,validation,2744fff722d389044d25,2025-12-30,6,EXCLUDED_OHLC_RANGE_PROXY,False,OHLC_RANGE_PROXY_EXCEEDS_THRESHOLD,12.50000000000001,4,4
8ac7e282e4555d32f4b1,PH52-073,SHORT_IRON_CONDOR,development,ce8e12389ff297becff9,2021-05-27,6,EXCLUDED_OHLC_RANGE_PROXY,False,OHLC_RANGE_PROXY_EXCEEDS_THRESHOLD,14.285714285714299,4,4
8ac7e282e4555d32f4b1,PH52-073,SHORT_IRON_CONDOR,development,061c004245393c77b5c7,2021-12-09,6,EXCLUDED_OHLC_RANGE_PROXY,False,OHLC_RANGE_PROXY_EXCEEDS_THRESHOLD,10.000000000000009,4,4
8ac7e282e4555d32f4b1,PH52-073,SHORT_IRON_CONDOR,development,b58d771555d73891d2fd,2022-06-16,6,EXCLUDED_OHLC_RANGE_PROXY,False,OHLC_RANGE_PROXY_EXCEEDS_THRESHOLD,32.28346456692912,4,4
8ac7e282e4555d32f4b1,PH52-073,SHORT_IRON_CONDOR,development,8c9b97c314b368f7a743,2022-12-15,6,EXCLUDED_OHLC_RANGE_PROXY,False,OHLC_RANGE_PROXY_EXCEEDS_THRESHOLD,22.22222222222223,4,4
8ac7e282e4555d32f4b1,PH52-073,SHORT_IRON_CONDOR,development,b2b9482e70f4a2ace098,2023-06-22,6,EXCLUDED_OHLC_RANGE_PROXY,False,OHLC_RANGE_PROXY_EXCEEDS_THRESHOLD,12.499999999999996,4,4
8ac7e282e4555d32f4b1,PH52-073,SHORT_IRON_CONDOR,development,804301753400916af24f,2023-12-28,6,EXCLUDED_OHLC_RANGE_PROXY,False,OHLC_RANGE_PROXY_EXCEEDS_THRESHOLD,11.49425287356322,4,4
8ac7e282e4555d32f4b1,PH52-073,SHORT_IRON_CONDOR,validation,c1472f0b801661762bc6,2024-01-04,6,EXCLUDED_OHLC_RANGE_PROXY,False,OHLC_RANGE_PROXY_EXCEEDS_THRESHOLD,19.999999999999996,4,4
8ac7e282e4555d32f4b1,PH52-073,SHORT_IRON_CONDOR,validation,1d33307443bd39106f13,2024-05-30,6,EXCLUDED_OHLC_RANGE_PROXY,False,OHLC_RANGE_PROXY_EXCEEDS_THRESHOLD,12.056737588652478,4,4
8ac7e282e4555d32f4b1,PH52-073,SHORT_IRON_CONDOR,validation,50696f11ab0417607875,2024-10-17,6,EXCLUDED_OHLC_RANGE_PROXY,False,OHLC_RANGE_PROXY_EXCEEDS_THRESHOLD,14.285714285714288,4,4
8ac7e282e4555d32f4b1,PH52-073,SHORT_IRON_CONDOR,validation,58a4c4843286bd3943a2,2025-03-13,6,BLOCKED_LEG_ELIGIBILITY,False,REQUIRED_LEG_PRIOR_OI_BELOW_100,10.000000000000009,4,4
8ac7e282e4555d32f4b1,PH52-073,SHORT_IRON_CONDOR,validation,e5919e2053dc59805884,2025-07-31,6,BLOCKED_LEG_ELIGIBILITY,False,REQUIRED_LEG_PRIOR_OI_BELOW_100,34.78260869565216,4,4
8ac7e282e4555d32f4b1,PH52-073,SHORT_IRON_CONDOR,validation,2744fff722d389044d25,2025-12-30,6,EXCLUDED_OHLC_RANGE_PROXY,False,OHLC_RANGE_PROXY_EXCEEDS_THRESHOLD,10.526315789473683,4,4
fe6add04f5cb79f886ae,PH52-043,BEAR_CALL_SPREAD,development,01f752daf3bb0e90d7b1,2021-05-27,8,EXCLUDED_OHLC_RANGE_PROXY,True,ELIGIBLE_FOR_OHLC_PRICE_REFERENCE_SIMULATION,5.384615384615379,2,2
fe6add04f5cb79f886ae,PH52-043,BEAR_CALL_SPREAD,development,0ddaab2f8946678d3082,2021-12-09,8,EXCLUDED_OHLC_RANGE_PROXY,False,OHLC_RANGE_PROXY_EXCEEDS_THRESHOLD,13.180515759312314,2,2
fe6add04f5cb79f886ae,PH52-043,BEAR_CALL_SPREAD,development,044eef05c3277601504c,2022-06-16,8,EXCLUDED_OHLC_RANGE_PROXY,False,OHLC_RANGE_PROXY_EXCEEDS_THRESHOLD,10.924369747899156,2,2
fe6add04f5cb79f886ae,PH52-043,BEAR_CALL_SPREAD,development,307dafef42b72c870148,2022-12-15,8,EXCLUDED_OHLC_RANGE_PROXY,True,ELIGIBLE_FOR_OHLC_PRICE_REFERENCE_SIMULATION,5.957446808510648,2,2
fe6add04f5cb79f886ae,PH52-043,BEAR_CALL_SPREAD,development,c8a686f986a21faa7ed5,2023-06-22,8,EXCLUDED_OHLC_RANGE_PROXY,False,OHLC_RANGE_PROXY_EXCEEDS_THRESHOLD,12.765957446808503,2,2
fe6add04f5cb79f886ae,PH52-043,BEAR_CALL_SPREAD,development,84c7352397ed038c3ea2,2023-12-28,8,EXCLUDED_OHLC_RANGE_PROXY,True,ELIGIBLE_FOR_OHLC_PRICE_REFERENCE_SIMULATION,4.511278195488715,2,2
fe6add04f5cb79f886ae,PH52-043,BEAR_CALL_SPREAD,validation,f104c6f1662847c5bbcc,2024-01-04,8,EXCLUDED_OHLC_RANGE_PROXY,False,OHLC_RANGE_PROXY_EXCEEDS_THRESHOLD,8.63309352517985,2,2
fe6add04f5cb79f886ae,PH52-043,BEAR_CALL_SPREAD,validation,0cd34c6b63a9f995c503,2024-05-30,8,EXCLUDED_OHLC_RANGE_PROXY,False,OHLC_RANGE_PROXY_EXCEEDS_THRESHOLD,8.391608391608392,2,2
fe6add04f5cb79f886ae,PH52-043,BEAR_CALL_SPREAD,validation,75007ced19cb5e12e01f,2024-10-17,8,EXCLUDED_OHLC_RANGE_PROXY,False,OHLC_RANGE_PROXY_EXCEEDS_THRESHOLD,17.452830188679247,2,2
fe6add04f5cb79f886ae,PH52-043,BEAR_CALL_SPREAD,validation,8eb8f1add17ecb221cbd,2025-03-13,8,BLOCKED_LEG_ELIGIBILITY,False,REQUIRED_LEG_PRIOR_OI_BELOW_100,14.285714285714286,2,2
fe6add04f5cb79f886ae,PH52-043,BEAR_CALL_SPREAD,validation,14d9997729e438213524,2025-07-31,8,BLOCKED_LEG_ELIGIBILITY,False,REQUIRED_LEG_PRIOR_OI_BELOW_100,14.367816091954024,2,2
fe6add04f5cb79f886ae,PH52-043,BEAR_CALL_SPREAD,validation,4a919e0bde313b9b9ee1,2025-12-30,8,BLOCKED_LEG_ELIGIBILITY,False,REQUIRED_LEG_PRIOR_OI_BELOW_100,17.257683215130037,2,2
7fbbaa60e31b671300e2,PH52-043,BEAR_CALL_SPREAD,development,01f752daf3bb0e90d7b1,2021-05-27,8,EXCLUDED_OHLC_RANGE_PROXY,True,ELIGIBLE_FOR_OHLC_PRICE_REFERENCE_SIMULATION,5.246913580246912,2,2
7fbbaa60e31b671300e2,PH52-043,BEAR_CALL_SPREAD,development,0ddaab2f8946678d3082,2021-12-09,8,EXCLUDED_OHLC_RANGE_PROXY,False,OHLC_RANGE_PROXY_EXCEEDS_THRESHOLD,11.158798283261808,2,2
7fbbaa60e31b671300e2,PH52-043,BEAR_CALL_SPREAD,development,044eef05c3277601504c,2022-06-16,8,EXCLUDED_OHLC_RANGE_PROXY,False,OHLC_RANGE_PROXY_EXCEEDS_THRESHOLD,10.736196319018415,2,2
7fbbaa60e31b671300e2,PH52-043,BEAR_CALL_SPREAD,development,307dafef42b72c870148,2022-12-15,8,EXCLUDED_OHLC_RANGE_PROXY,True,ELIGIBLE_FOR_OHLC_PRICE_REFERENCE_SIMULATION,5.957446808510648,2,2
7fbbaa60e31b671300e2,PH52-043,BEAR_CALL_SPREAD,development,c8a686f986a21faa7ed5,2023-06-22,8,EXCLUDED_OHLC_RANGE_PROXY,False,OHLC_RANGE_PROXY_EXCEEDS_THRESHOLD,11.021505376344088,2,2
7fbbaa60e31b671300e2,PH52-043,BEAR_CALL_SPREAD,development,84c7352397ed038c3ea2,2023-12-28,8,EXCLUDED_OHLC_RANGE_PROXY,True,ELIGIBLE_FOR_OHLC_PRICE_REFERENCE_SIMULATION,4.341736694677863,2,2
7fbbaa60e31b671300e2,PH52-043,BEAR_CALL_SPREAD,validation,f104c6f1662847c5bbcc,2024-01-04,8,EXCLUDED_OHLC_RANGE_PROXY,True,ELIGIBLE_FOR_OHLC_PRICE_REFERENCE_SIMULATION,6.666666666666658,2,2
7fbbaa60e31b671300e2,PH52-043,BEAR_CALL_SPREAD,validation,0cd34c6b63a9f995c503,2024-05-30,8,EXCLUDED_OHLC_RANGE_PROXY,False,OHLC_RANGE_PROXY_EXCEEDS_THRESHOLD,8.620689655172415,2,2
7fbbaa60e31b671300e2,PH52-043,BEAR_CALL_SPREAD,validation,75007ced19cb5e12e01f,2024-10-17,8,EXCLUDED_OHLC_RANGE_PROXY,False,OHLC_RANGE_PROXY_EXCEEDS_THRESHOLD,17.452830188679247,2,2
7fbbaa60e31b671300e2,PH52-043,BEAR_CALL_SPREAD,validation,8eb8f1add17ecb221cbd,2025-03-13,8,BLOCKED_LEG_ELIGIBILITY,False,REQUIRED_LEG_PRIOR_OI_BELOW_100,14.285714285714286,2,2
7fbbaa60e31b671300e2,PH52-043,BEAR_CALL_SPREAD,validation,14d9997729e438213524,2025-07-31,8,BLOCKED_LEG_ELIGIBILITY,False,REQUIRED_LEG_PRIOR_OI_BELOW_100,12.925170068027214,2,2
7fbbaa60e31b671300e2,PH52-043,BEAR_CALL_SPREAD,validation,4a919e0bde313b9b9ee1,2025-12-30,8,BLOCKED_LEG_ELIGIBILITY,False,REQUIRED_LEG_PRIOR_OI_BELOW_100,17.257683215130037,2,2
16d864e72053099b92bd,PH52-043,BEAR_CALL_SPREAD,development,01f752daf3bb0e90d7b1,2021-05-27,8,EXCLUDED_OHLC_RANGE_PROXY,True,ELIGIBLE_FOR_OHLC_PRICE_REFERENCE_SIMULATION,5.9999999999999964,2,2
16d864e72053099b92bd,PH52-043,BEAR_CALL_SPREAD,development,0ddaab2f8946678d3082,2021-12-09,8,EXCLUDED_OHLC_RANGE_PROXY,False,OHLC_RANGE_PROXY_EXCEEDS_THRESHOLD,10.596026490066224,2,2
16d864e72053099b92bd,PH52-043,BEAR_CALL_SPREAD,development,044eef05c3277601504c,2022-06-16,8,EXCLUDED_OHLC_RANGE_PROXY,False,OHLC_RANGE_PROXY_EXCEEDS_THRESHOLD,9.78260869565216,2,2
16d864e72053099b92bd,PH52-043,BEAR_CALL_SPREAD,development,307dafef42b72c870148,2022-12-15,8,EXCLUDED_OHLC_RANGE_PROXY,True,ELIGIBLE_FOR_OHLC_PRICE_REFERENCE_SIMULATION,3.63636363636364,2,2
16d864e72053099b92bd,PH52-043,BEAR_CALL_SPREAD,development,c8a686f986a21faa7ed5,2023-06-22,8,EXCLUDED_OHLC_RANGE_PROXY,True,ELIGIBLE_FOR_OHLC_PRICE_REFERENCE_SIMULATION,7.547169811320744,2,2
16d864e72053099b92bd,PH52-043,BEAR_CALL_SPREAD,development,84c7352397ed038c3ea2,2023-12-28,8,EXCLUDED_OHLC_RANGE_PROXY,True,ELIGIBLE_FOR_OHLC_PRICE_REFERENCE_SIMULATION,4.784688995215311,2,2
16d864e72053099b92bd,PH52-043,BEAR_CALL_SPREAD,validation,f104c6f1662847c5bbcc,2024-01-04,8,EXCLUDED_OHLC_RANGE_PROXY,True,ELIGIBLE_FOR_OHLC_PRICE_REFERENCE_SIMULATION,5.882352941176485,2,2
16d864e72053099b92bd,PH52-043,BEAR_CALL_SPREAD,validation,0cd34c6b63a9f995c503,2024-05-30,8,EXCLUDED_OHLC_RANGE_PROXY,False,OHLC_RANGE_PROXY_EXCEEDS_THRESHOLD,8.739837398373977,2,2
16d864e72053099b92bd,PH52-043,BEAR_CALL_SPREAD,validation,75007ced19cb5e12e01f,2024-10-17,8,EXCLUDED_OHLC_RANGE_PROXY,False,OHLC_RANGE_PROXY_EXCEEDS_THRESHOLD,15.302491103202849,2,2
16d864e72053099b92bd,PH52-043,BEAR_CALL_SPREAD,validation,8eb8f1add17ecb221cbd,2025-03-13,8,BLOCKED_LEG_ELIGIBILITY,False,REQUIRED_LEG_PRIOR_OI_BELOW_100,12.37113402061857,2,2
16d864e72053099b92bd,PH52-043,BEAR_CALL_SPREAD,validation,14d9997729e438213524,2025-07-31,8,BLOCKED_LEG_ELIGIBILITY,False,REQUIRED_LEG_PRIOR_OI_BELOW_100,12.925170068027214,2,2
16d864e72053099b92bd,PH52-043,BEAR_CALL_SPREAD,validation,4a919e0bde313b9b9ee1,2025-12-30,8,BLOCKED_LEG_ELIGIBILITY,False,REQUIRED_LEG_PRIOR_OI_BELOW_100,17.187500000000007,2,2
996fe2c49ae57ab7d9a0,PH52-043,BEAR_CALL_SPREAD,development,01f752daf3bb0e90d7b1,2021-05-27,8,EXCLUDED_OHLC_RANGE_PROXY,True,ELIGIBLE_FOR_OHLC_PRICE_REFERENCE_SIMULATION,5.9999999999999964,2,2
996fe2c49ae57ab7d9a0,PH52-043,BEAR_CALL_SPREAD,development,0ddaab2f8946678d3082,2021-12-09,8,EXCLUDED_OHLC_RANGE_PROXY,False,OHLC_RANGE_PROXY_EXCEEDS_THRESHOLD,10.596026490066224,2,2
996fe2c49ae57ab7d9a0,PH52-043,BEAR_CALL_SPREAD,development,044eef05c3277601504c,2022-06-16,8,EXCLUDED_OHLC_RANGE_PROXY,False,OHLC_RANGE_PROXY_EXCEEDS_THRESHOLD,9.78260869565216,2,2
996fe2c49ae57ab7d9a0,PH52-043,BEAR_CALL_SPREAD,development,307dafef42b72c870148,2022-12-15,8,EXCLUDED_OHLC_RANGE_PROXY,True,ELIGIBLE_FOR_OHLC_PRICE_REFERENCE_SIMULATION,3.8461538461538494,2,2
996fe2c49ae57ab7d9a0,PH52-043,BEAR_CALL_SPREAD,development,c8a686f986a21faa7ed5,2023-06-22,8,EXCLUDED_OHLC_RANGE_PROXY,True,ELIGIBLE_FOR_OHLC_PRICE_REFERENCE_SIMULATION,7.547169811320744,2,2
996fe2c49ae57ab7d9a0,PH52-043,BEAR_CALL_SPREAD,development,84c7352397ed038c3ea2,2023-12-28,8,EXCLUDED_OHLC_RANGE_PROXY,True,ELIGIBLE_FOR_OHLC_PRICE_REFERENCE_SIMULATION,4.784688995215311,2,2
996fe2c49ae57ab7d9a0,PH52-043,BEAR_CALL_SPREAD,validation,f104c6f1662847c5bbcc,2024-01-04,8,EXCLUDED_OHLC_RANGE_PROXY,True,ELIGIBLE_FOR_OHLC_PRICE_REFERENCE_SIMULATION,7.1428571428571335,2,2
996fe2c49ae57ab7d9a0,PH52-043,BEAR_CALL_SPREAD,validation,0cd34c6b63a9f995c503,2024-05-30,8,EXCLUDED_OHLC_RANGE_PROXY,False,OHLC_RANGE_PROXY_EXCEEDS_THRESHOLD,8.739837398373977,2,2
996fe2c49ae57ab7d9a0,PH52-043,BEAR_CALL_SPREAD,validation,75007ced19cb5e12e01f,2024-10-17,8,EXCLUDED_OHLC_RANGE_PROXY,False,OHLC_RANGE_PROXY_EXCEEDS_THRESHOLD,15.302491103202849,2,2
996fe2c49ae57ab7d9a0,PH52-043,BEAR_CALL_SPREAD,validation,8eb8f1add17ecb221cbd,2025-03-13,8,BLOCKED_LEG_ELIGIBILITY,False,REQUIRED_LEG_PRIOR_OI_BELOW_100,12.37113402061857,2,2
996fe2c49ae57ab7d9a0,PH52-043,BEAR_CALL_SPREAD,validation,14d9997729e438213524,2025-07-31,8,BLOCKED_LEG_ELIGIBILITY,False,REQUIRED_LEG_PRIOR_OI_BELOW_100,12.385321100917428,2,2
996fe2c49ae57ab7d9a0,PH52-043,BEAR_CALL_SPREAD,validation,4a919e0bde313b9b9ee1,2025-12-30,8,BLOCKED_LEG_ELIGIBILITY,False,REQUIRED_LEG_PRIOR_OI_BELOW_100,15.51724137931035,2,2
60c2d16b969965ff2b15,PH52-043,BEAR_CALL_SPREAD,development,ce8e12389ff297becff9,2021-05-27,8,EXCLUDED_OHLC_RANGE_PROXY,False,OHLC_RANGE_PROXY_EXCEEDS_THRESHOLD,10.322580645161288,2,2
60c2d16b969965ff2b15,PH52-043,BEAR_CALL_SPREAD,development,061c004245393c77b5c7,2021-12-09,8,EXCLUDED_OHLC_RANGE_PROXY,False,OHLC_RANGE_PROXY_EXCEEDS_THRESHOLD,9.48509485094851,2,2
60c2d16b969965ff2b15,PH52-043,BEAR_CALL_SPREAD,development,b58d771555d73891d2fd,2022-06-16,8,EXCLUDED_OHLC_RANGE_PROXY,False,OHLC_RANGE_PROXY_EXCEEDS_THRESHOLD,22.22222222222222,2,2
60c2d16b969965ff2b15,PH52-043,BEAR_CALL_SPREAD,development,8c9b97c314b368f7a743,2022-12-15,8,EXCLUDED_OHLC_RANGE_PROXY,False,OHLC_RANGE_PROXY_EXCEEDS_THRESHOLD,8.231707317073157,2,2
60c2d16b969965ff2b15,PH52-043,BEAR_CALL_SPREAD,development,b2b9482e70f4a2ace098,2023-06-22,8,EXCLUDED_OHLC_RANGE_PROXY,False,OHLC_RANGE_PROXY_EXCEEDS_THRESHOLD,11.874999999999991,2,2
60c2d16b969965ff2b15,PH52-043,BEAR_CALL_SPREAD,development,804301753400916af24f,2023-12-28,8,EXCLUDED_OHLC_RANGE_PROXY,False,OHLC_RANGE_PROXY_EXCEEDS_THRESHOLD,12.962962962962964,2,2
60c2d16b969965ff2b15,PH52-043,BEAR_CALL_SPREAD,validation,c1472f0b801661762bc6,2024-01-04,8,EXCLUDED_OHLC_RANGE_PROXY,False,OHLC_RANGE_PROXY_EXCEEDS_THRESHOLD,17.58241758241759,2,2
60c2d16b969965ff2b15,PH52-043,BEAR_CALL_SPREAD,validation,1d33307443bd39106f13,2024-05-30,8,EXCLUDED_OHLC_RANGE_PROXY,False,OHLC_RANGE_PROXY_EXCEEDS_THRESHOLD,12.436548223350252,2,2
60c2d16b969965ff2b15,PH52-043,BEAR_CALL_SPREAD,validation,50696f11ab0417607875,2024-10-17,8,EXCLUDED_OHLC_RANGE_PROXY,False,OHLC_RANGE_PROXY_EXCEEDS_THRESHOLD,17.857142857142858,2,2
60c2d16b969965ff2b15,PH52-043,BEAR_CALL_SPREAD,validation,58a4c4843286bd3943a2,2025-03-13,8,BLOCKED_LEG_ELIGIBILITY,False,REQUIRED_LEG_PRIOR_OI_BELOW_100,10.0,2,2
60c2d16b969965ff2b15,PH52-043,BEAR_CALL_SPREAD,validation,e5919e2053dc59805884,2025-07-31,8,BLOCKED_LEG_ELIGIBILITY,False,REQUIRED_LEG_PRIOR_OI_BELOW_100,31.39158576051781,2,2
60c2d16b969965ff2b15,PH52-043,BEAR_CALL_SPREAD,validation,2744fff722d389044d25,2025-12-30,8,EXCLUDED_OHLC_RANGE_PROXY,False,OHLC_RANGE_PROXY_EXCEEDS_THRESHOLD,11.363636363636365,2,2
f96abfc5c945c889729f,PH52-043,BEAR_CALL_SPREAD,development,ce8e12389ff297becff9,2021-05-27,8,EXCLUDED_OHLC_RANGE_PROXY,False,OHLC_RANGE_PROXY_EXCEEDS_THRESHOLD,10.322580645161288,2,2
f96abfc5c945c889729f,PH52-043,BEAR_CALL_SPREAD,development,061c004245393c77b5c7,2021-12-09,8,EXCLUDED_OHLC_RANGE_PROXY,False,OHLC_RANGE_PROXY_EXCEEDS_THRESHOLD,9.48509485094851,2,2
f96abfc5c945c889729f,PH52-043,BEAR_CALL_SPREAD,development,b58d771555d73891d2fd,2022-06-16,8,EXCLUDED_OHLC_RANGE_PROXY,False,OHLC_RANGE_PROXY_EXCEEDS_THRESHOLD,21.229050279329606,2,2
f96abfc5c945c889729f,PH52-043,BEAR_CALL_SPREAD,development,8c9b97c314b368f7a743,2022-12-15,8,EXCLUDED_OHLC_RANGE_PROXY,False,OHLC_RANGE_PROXY_EXCEEDS_THRESHOLD,8.231707317073157,2,2
f96abfc5c945c889729f,PH52-043,BEAR_CALL_SPREAD,development,b2b9482e70f4a2ace098,2023-06-22,8,EXCLUDED_OHLC_RANGE_PROXY,False,OHLC_RANGE_PROXY_EXCEEDS_THRESHOLD,11.874999999999991,2,2
f96abfc5c945c889729f,PH52-043,BEAR_CALL_SPREAD,development,804301753400916af24f,2023-12-28,8,EXCLUDED_OHLC_RANGE_PROXY,False,OHLC_RANGE_PROXY_EXCEEDS_THRESHOLD,12.962962962962964,2,2
f96abfc5c945c889729f,PH52-043,BEAR_CALL_SPREAD,validation,c1472f0b801661762bc6,2024-01-04,8,EXCLUDED_OHLC_RANGE_PROXY,False,OHLC_RANGE_PROXY_EXCEEDS_THRESHOLD,17.58241758241759,2,2
f96abfc5c945c889729f,PH52-043,BEAR_CALL_SPREAD,validation,1d33307443bd39106f13,2024-05-30,8,EXCLUDED_OHLC_RANGE_PROXY,False,OHLC_RANGE_PROXY_EXCEEDS_THRESHOLD,12.436548223350252,2,2
f96abfc5c945c889729f,PH52-043,BEAR_CALL_SPREAD,validation,50696f11ab0417607875,2024-10-17,8,EXCLUDED_OHLC_RANGE_PROXY,False,OHLC_RANGE_PROXY_EXCEEDS_THRESHOLD,17.857142857142858,2,2
f96abfc5c945c889729f,PH52-043,BEAR_CALL_SPREAD,validation,58a4c4843286bd3943a2,2025-03-13,8,BLOCKED_LEG_ELIGIBILITY,False,REQUIRED_LEG_PRIOR_OI_BELOW_100,10.0,2,2
f96abfc5c945c889729f,PH52-043,BEAR_CALL_SPREAD,validation,e5919e2053dc59805884,2025-07-31,8,BLOCKED_LEG_ELIGIBILITY,False,REQUIRED_LEG_PRIOR_OI_BELOW_100,31.521739130434792,2,2
f96abfc5c945c889729f,PH52-043,BEAR_CALL_SPREAD,validation,2744fff722d389044d25,2025-12-30,8,EXCLUDED_OHLC_RANGE_PROXY,False,OHLC_RANGE_PROXY_EXCEEDS_THRESHOLD,11.363636363636365,2,2
31945d66866929a2f44e,PH52-043,BEAR_CALL_SPREAD,development,ce8e12389ff297becff9,2021-05-27,8,EXCLUDED_OHLC_RANGE_PROXY,False,OHLC_RANGE_PROXY_EXCEEDS_THRESHOLD,10.000000000000009,2,2
31945d66866929a2f44e,PH52-043,BEAR_CALL_SPREAD,development,061c004245393c77b5c7,2021-12-09,8,EXCLUDED_OHLC_RANGE_PROXY,True,ELIGIBLE_FOR_OHLC_PRICE_REFERENCE_SIMULATION,7.499999999999996,2,2
31945d66866929a2f44e,PH52-043,BEAR_CALL_SPREAD,development,b58d771555d73891d2fd,2022-06-16,8,EXCLUDED_OHLC_RANGE_PROXY,False,OHLC_RANGE_PROXY_EXCEEDS_THRESHOLD,21.73913043478261,2,2
31945d66866929a2f44e,PH52-043,BEAR_CALL_SPREAD,development,8c9b97c314b368f7a743,2022-12-15,8,EXCLUDED_OHLC_RANGE_PROXY,True,ELIGIBLE_FOR_OHLC_PRICE_REFERENCE_SIMULATION,7.142857142857159,2,2
31945d66866929a2f44e,PH52-043,BEAR_CALL_SPREAD,development,b2b9482e70f4a2ace098,2023-06-22,8,EXCLUDED_OHLC_RANGE_PROXY,False,OHLC_RANGE_PROXY_EXCEEDS_THRESHOLD,8.695652173913052,2,2
31945d66866929a2f44e,PH52-043,BEAR_CALL_SPREAD,development,804301753400916af24f,2023-12-28,8,EXCLUDED_OHLC_RANGE_PROXY,False,OHLC_RANGE_PROXY_EXCEEDS_THRESHOLD,9.803921568627452,2,2
31945d66866929a2f44e,PH52-043,BEAR_CALL_SPREAD,validation,c1472f0b801661762bc6,2024-01-04,8,EXCLUDED_OHLC_RANGE_PROXY,False,OHLC_RANGE_PROXY_EXCEEDS_THRESHOLD,15.384615384615381,2,2
31945d66866929a2f44e,PH52-043,BEAR_CALL_SPREAD,validation,1d33307443bd39106f13,2024-05-30,8,EXCLUDED_OHLC_RANGE_PROXY,False,OHLC_RANGE_PROXY_EXCEEDS_THRESHOLD,12.22222222222222,2,2
31945d66866929a2f44e,PH52-043,BEAR_CALL_SPREAD,validation,50696f11ab0417607875,2024-10-17,8,EXCLUDED_OHLC_RANGE_PROXY,False,OHLC_RANGE_PROXY_EXCEEDS_THRESHOLD,14.285714285714299,2,2
31945d66866929a2f44e,PH52-043,BEAR_CALL_SPREAD,validation,58a4c4843286bd3943a2,2025-03-13,8,BLOCKED_LEG_ELIGIBILITY,False,REQUIRED_LEG_PRIOR_OI_BELOW_100,8.510638297872347,2,2
31945d66866929a2f44e,PH52-043,BEAR_CALL_SPREAD,validation,e5919e2053dc59805884,2025-07-31,8,BLOCKED_LEG_ELIGIBILITY,False,REQUIRED_LEG_PRIOR_OI_BELOW_100,34.78260869565216,2,2
31945d66866929a2f44e,PH52-043,BEAR_CALL_SPREAD,validation,2744fff722d389044d25,2025-12-30,8,EXCLUDED_OHLC_RANGE_PROXY,False,OHLC_RANGE_PROXY_EXCEEDS_THRESHOLD,8.333333333333341,2,2
1a0635bb11fffe02e510,PH52-043,BEAR_CALL_SPREAD,development,ce8e12389ff297becff9,2021-05-27,8,EXCLUDED_OHLC_RANGE_PROXY,False,OHLC_RANGE_PROXY_EXCEEDS_THRESHOLD,14.285714285714299,2,2
1a0635bb11fffe02e510,PH52-043,BEAR_CALL_SPREAD,development,061c004245393c77b5c7,2021-12-09,8,EXCLUDED_OHLC_RANGE_PROXY,False,OHLC_RANGE_PROXY_EXCEEDS_THRESHOLD,9.090909090909099,2,2
1a0635bb11fffe02e510,PH52-043,BEAR_CALL_SPREAD,development,b58d771555d73891d2fd,2022-06-16,8,EXCLUDED_OHLC_RANGE_PROXY,False,OHLC_RANGE_PROXY_EXCEEDS_THRESHOLD,21.73913043478261,2,2
1a0635bb11fffe02e510,PH52-043,BEAR_CALL_SPREAD,development,8c9b97c314b368f7a743,2022-12-15,8,EXCLUDED_OHLC_RANGE_PROXY,False,OHLC_RANGE_PROXY_EXCEEDS_THRESHOLD,8.571428571428566,2,2
1a0635bb11fffe02e510,PH52-043,BEAR_CALL_SPREAD,development,b2b9482e70f4a2ace098,2023-06-22,8,EXCLUDED_OHLC_RANGE_PROXY,True,ELIGIBLE_FOR_OHLC_PRICE_REFERENCE_SIMULATION,6.250000000000005,2,2
1a0635bb11fffe02e510,PH52-043,BEAR_CALL_SPREAD,development,804301753400916af24f,2023-12-28,8,EXCLUDED_OHLC_RANGE_PROXY,False,OHLC_RANGE_PROXY_EXCEEDS_THRESHOLD,9.803921568627452,2,2
1a0635bb11fffe02e510,PH52-043,BEAR_CALL_SPREAD,validation,c1472f0b801661762bc6,2024-01-04,8,EXCLUDED_OHLC_RANGE_PROXY,False,OHLC_RANGE_PROXY_EXCEEDS_THRESHOLD,19.999999999999996,2,2
1a0635bb11fffe02e510,PH52-043,BEAR_CALL_SPREAD,validation,1d33307443bd39106f13,2024-05-30,8,EXCLUDED_OHLC_RANGE_PROXY,False,OHLC_RANGE_PROXY_EXCEEDS_THRESHOLD,12.056737588652478,2,2
1a0635bb11fffe02e510,PH52-043,BEAR_CALL_SPREAD,validation,50696f11ab0417607875,2024-10-17,8,EXCLUDED_OHLC_RANGE_PROXY,False,OHLC_RANGE_PROXY_EXCEEDS_THRESHOLD,14.285714285714288,2,2
1a0635bb11fffe02e510,PH52-043,BEAR_CALL_SPREAD,validation,58a4c4843286bd3943a2,2025-03-13,8,BLOCKED_LEG_ELIGIBILITY,False,REQUIRED_LEG_PRIOR_OI_BELOW_100,8.510638297872347,2,2
1a0635bb11fffe02e510,PH52-043,BEAR_CALL_SPREAD,validation,e5919e2053dc59805884,2025-07-31,8,BLOCKED_LEG_ELIGIBILITY,False,REQUIRED_LEG_PRIOR_OI_BELOW_100,34.78260869565216,2,2
1a0635bb11fffe02e510,PH52-043,BEAR_CALL_SPREAD,validation,2744fff722d389044d25,2025-12-30,8,EXCLUDED_OHLC_RANGE_PROXY,True,ELIGIBLE_FOR_OHLC_PRICE_REFERENCE_SIMULATION,7.1428571428571495,2,2
060d90e4f65e45f6cff8,PH52-025,BULL_CALL_SPREAD,development,01f752daf3bb0e90d7b1,2021-05-27,8,EXCLUDED_OHLC_RANGE_PROXY,True,ELIGIBLE_FOR_OHLC_PRICE_REFERENCE_SIMULATION,5.384615384615379,2,2
060d90e4f65e45f6cff8,PH52-025,BULL_CALL_SPREAD,development,0ddaab2f8946678d3082,2021-12-09,8,EXCLUDED_OHLC_RANGE_PROXY,False,OHLC_RANGE_PROXY_EXCEEDS_THRESHOLD,13.180515759312314,2,2
060d90e4f65e45f6cff8,PH52-025,BULL_CALL_SPREAD,development,044eef05c3277601504c,2022-06-16,8,EXCLUDED_OHLC_RANGE_PROXY,False,OHLC_RANGE_PROXY_EXCEEDS_THRESHOLD,10.924369747899156,2,2
060d90e4f65e45f6cff8,PH52-025,BULL_CALL_SPREAD,development,307dafef42b72c870148,2022-12-15,8,EXCLUDED_OHLC_RANGE_PROXY,True,ELIGIBLE_FOR_OHLC_PRICE_REFERENCE_SIMULATION,5.957446808510648,2,2
060d90e4f65e45f6cff8,PH52-025,BULL_CALL_SPREAD,development,c8a686f986a21faa7ed5,2023-06-22,8,EXCLUDED_OHLC_RANGE_PROXY,False,OHLC_RANGE_PROXY_EXCEEDS_THRESHOLD,12.765957446808503,2,2
060d90e4f65e45f6cff8,PH52-025,BULL_CALL_SPREAD,development,84c7352397ed038c3ea2,2023-12-28,8,EXCLUDED_OHLC_RANGE_PROXY,True,ELIGIBLE_FOR_OHLC_PRICE_REFERENCE_SIMULATION,4.511278195488715,2,2
060d90e4f65e45f6cff8,PH52-025,BULL_CALL_SPREAD,validation,f104c6f1662847c5bbcc,2024-01-04,8,EXCLUDED_OHLC_RANGE_PROXY,False,OHLC_RANGE_PROXY_EXCEEDS_THRESHOLD,8.63309352517985,2,2
060d90e4f65e45f6cff8,PH52-025,BULL_CALL_SPREAD,validation,0cd34c6b63a9f995c503,2024-05-30,8,EXCLUDED_OHLC_RANGE_PROXY,False,OHLC_RANGE_PROXY_EXCEEDS_THRESHOLD,8.391608391608392,2,2
060d90e4f65e45f6cff8,PH52-025,BULL_CALL_SPREAD,validation,75007ced19cb5e12e01f,2024-10-17,8,EXCLUDED_OHLC_RANGE_PROXY,False,OHLC_RANGE_PROXY_EXCEEDS_THRESHOLD,17.452830188679247,2,2
060d90e4f65e45f6cff8,PH52-025,BULL_CALL_SPREAD,validation,8eb8f1add17ecb221cbd,2025-03-13,8,BLOCKED_LEG_ELIGIBILITY,False,REQUIRED_LEG_PRIOR_OI_BELOW_100,14.285714285714286,2,2
060d90e4f65e45f6cff8,PH52-025,BULL_CALL_SPREAD,validation,14d9997729e438213524,2025-07-31,8,BLOCKED_LEG_ELIGIBILITY,False,REQUIRED_LEG_PRIOR_OI_BELOW_100,14.367816091954024,2,2
060d90e4f65e45f6cff8,PH52-025,BULL_CALL_SPREAD,validation,4a919e0bde313b9b9ee1,2025-12-30,8,BLOCKED_LEG_ELIGIBILITY,False,REQUIRED_LEG_PRIOR_OI_BELOW_100,17.257683215130037,2,2
15e3134481edf2a4beeb,PH52-025,BULL_CALL_SPREAD,development,01f752daf3bb0e90d7b1,2021-05-27,8,EXCLUDED_OHLC_RANGE_PROXY,True,ELIGIBLE_FOR_OHLC_PRICE_REFERENCE_SIMULATION,5.246913580246912,2,2
15e3134481edf2a4beeb,PH52-025,BULL_CALL_SPREAD,development,0ddaab2f8946678d3082,2021-12-09,8,EXCLUDED_OHLC_RANGE_PROXY,False,OHLC_RANGE_PROXY_EXCEEDS_THRESHOLD,11.158798283261808,2,2
15e3134481edf2a4beeb,PH52-025,BULL_CALL_SPREAD,development,044eef05c3277601504c,2022-06-16,8,EXCLUDED_OHLC_RANGE_PROXY,False,OHLC_RANGE_PROXY_EXCEEDS_THRESHOLD,10.736196319018415,2,2
15e3134481edf2a4beeb,PH52-025,BULL_CALL_SPREAD,development,307dafef42b72c870148,2022-12-15,8,EXCLUDED_OHLC_RANGE_PROXY,True,ELIGIBLE_FOR_OHLC_PRICE_REFERENCE_SIMULATION,5.957446808510648,2,2
15e3134481edf2a4beeb,PH52-025,BULL_CALL_SPREAD,development,c8a686f986a21faa7ed5,2023-06-22,8,EXCLUDED_OHLC_RANGE_PROXY,False,OHLC_RANGE_PROXY_EXCEEDS_THRESHOLD,11.021505376344088,2,2
15e3134481edf2a4beeb,PH52-025,BULL_CALL_SPREAD,development,84c7352397ed038c3ea2,2023-12-28,8,EXCLUDED_OHLC_RANGE_PROXY,True,ELIGIBLE_FOR_OHLC_PRICE_REFERENCE_SIMULATION,4.341736694677863,2,2
15e3134481edf2a4beeb,PH52-025,BULL_CALL_SPREAD,validation,f104c6f1662847c5bbcc,2024-01-04,8,EXCLUDED_OHLC_RANGE_PROXY,True,ELIGIBLE_FOR_OHLC_PRICE_REFERENCE_SIMULATION,6.666666666666658,2,2
15e3134481edf2a4beeb,PH52-025,BULL_CALL_SPREAD,validation,0cd34c6b63a9f995c503,2024-05-30,8,EXCLUDED_OHLC_RANGE_PROXY,False,OHLC_RANGE_PROXY_EXCEEDS_THRESHOLD,8.620689655172415,2,2
15e3134481edf2a4beeb,PH52-025,BULL_CALL_SPREAD,validation,75007ced19cb5e12e01f,2024-10-17,8,EXCLUDED_OHLC_RANGE_PROXY,False,OHLC_RANGE_PROXY_EXCEEDS_THRESHOLD,17.452830188679247,2,2
15e3134481edf2a4beeb,PH52-025,BULL_CALL_SPREAD,validation,8eb8f1add17ecb221cbd,2025-03-13,8,BLOCKED_LEG_ELIGIBILITY,False,REQUIRED_LEG_PRIOR_OI_BELOW_100,14.285714285714286,2,2
15e3134481edf2a4beeb,PH52-025,BULL_CALL_SPREAD,validation,14d9997729e438213524,2025-07-31,8,BLOCKED_LEG_ELIGIBILITY,False,REQUIRED_LEG_PRIOR_OI_BELOW_100,12.925170068027214,2,2
15e3134481edf2a4beeb,PH52-025,BULL_CALL_SPREAD,validation,4a919e0bde313b9b9ee1,2025-12-30,8,BLOCKED_LEG_ELIGIBILITY,False,REQUIRED_LEG_PRIOR_OI_BELOW_100,17.257683215130037,2,2
f32415bb61dd6e9f83f2,PH52-025,BULL_CALL_SPREAD,development,01f752daf3bb0e90d7b1,2021-05-27,8,EXCLUDED_OHLC_RANGE_PROXY,True,ELIGIBLE_FOR_OHLC_PRICE_REFERENCE_SIMULATION,5.9999999999999964,2,2
f32415bb61dd6e9f83f2,PH52-025,BULL_CALL_SPREAD,development,0ddaab2f8946678d3082,2021-12-09,8,EXCLUDED_OHLC_RANGE_PROXY,False,OHLC_RANGE_PROXY_EXCEEDS_THRESHOLD,10.596026490066224,2,2
f32415bb61dd6e9f83f2,PH52-025,BULL_CALL_SPREAD,development,044eef05c3277601504c,2022-06-16,8,EXCLUDED_OHLC_RANGE_PROXY,False,OHLC_RANGE_PROXY_EXCEEDS_THRESHOLD,9.78260869565216,2,2
f32415bb61dd6e9f83f2,PH52-025,BULL_CALL_SPREAD,development,307dafef42b72c870148,2022-12-15,8,EXCLUDED_OHLC_RANGE_PROXY,True,ELIGIBLE_FOR_OHLC_PRICE_REFERENCE_SIMULATION,3.63636363636364,2,2
f32415bb61dd6e9f83f2,PH52-025,BULL_CALL_SPREAD,development,c8a686f986a21faa7ed5,2023-06-22,8,EXCLUDED_OHLC_RANGE_PROXY,True,ELIGIBLE_FOR_OHLC_PRICE_REFERENCE_SIMULATION,7.547169811320744,2,2
f32415bb61dd6e9f83f2,PH52-025,BULL_CALL_SPREAD,development,84c7352397ed038c3ea2,2023-12-28,8,EXCLUDED_OHLC_RANGE_PROXY,True,ELIGIBLE_FOR_OHLC_PRICE_REFERENCE_SIMULATION,4.784688995215311,2,2
f32415bb61dd6e9f83f2,PH52-025,BULL_CALL_SPREAD,validation,f104c6f1662847c5bbcc,2024-01-04,8,EXCLUDED_OHLC_RANGE_PROXY,True,ELIGIBLE_FOR_OHLC_PRICE_REFERENCE_SIMULATION,5.882352941176485,2,2
f32415bb61dd6e9f83f2,PH52-025,BULL_CALL_SPREAD,validation,0cd34c6b63a9f995c503,2024-05-30,8,EXCLUDED_OHLC_RANGE_PROXY,False,OHLC_RANGE_PROXY_EXCEEDS_THRESHOLD,8.739837398373977,2,2
f32415bb61dd6e9f83f2,PH52-025,BULL_CALL_SPREAD,validation,75007ced19cb5e12e01f,2024-10-17,8,EXCLUDED_OHLC_RANGE_PROXY,False,OHLC_RANGE_PROXY_EXCEEDS_THRESHOLD,15.302491103202849,2,2
f32415bb61dd6e9f83f2,PH52-025,BULL_CALL_SPREAD,validation,8eb8f1add17ecb221cbd,2025-03-13,8,BLOCKED_LEG_ELIGIBILITY,False,REQUIRED_LEG_PRIOR_OI_BELOW_100,12.37113402061857,2,2
f32415bb61dd6e9f83f2,PH52-025,BULL_CALL_SPREAD,validation,14d9997729e438213524,2025-07-31,8,BLOCKED_LEG_ELIGIBILITY,False,REQUIRED_LEG_PRIOR_OI_BELOW_100,12.925170068027214,2,2
f32415bb61dd6e9f83f2,PH52-025,BULL_CALL_SPREAD,validation,4a919e0bde313b9b9ee1,2025-12-30,8,BLOCKED_LEG_ELIGIBILITY,False,REQUIRED_LEG_PRIOR_OI_BELOW_100,17.187500000000007,2,2
9373cc117634bae8f765,PH52-025,BULL_CALL_SPREAD,development,01f752daf3bb0e90d7b1,2021-05-27,8,EXCLUDED_OHLC_RANGE_PROXY,True,ELIGIBLE_FOR_OHLC_PRICE_REFERENCE_SIMULATION,5.9999999999999964,2,2
9373cc117634bae8f765,PH52-025,BULL_CALL_SPREAD,development,0ddaab2f8946678d3082,2021-12-09,8,EXCLUDED_OHLC_RANGE_PROXY,False,OHLC_RANGE_PROXY_EXCEEDS_THRESHOLD,10.596026490066224,2,2
9373cc117634bae8f765,PH52-025,BULL_CALL_SPREAD,development,044eef05c3277601504c,2022-06-16,8,EXCLUDED_OHLC_RANGE_PROXY,False,OHLC_RANGE_PROXY_EXCEEDS_THRESHOLD,9.78260869565216,2,2
9373cc117634bae8f765,PH52-025,BULL_CALL_SPREAD,development,307dafef42b72c870148,2022-12-15,8,EXCLUDED_OHLC_RANGE_PROXY,True,ELIGIBLE_FOR_OHLC_PRICE_REFERENCE_SIMULATION,3.8461538461538494,2,2
9373cc117634bae8f765,PH52-025,BULL_CALL_SPREAD,development,c8a686f986a21faa7ed5,2023-06-22,8,EXCLUDED_OHLC_RANGE_PROXY,True,ELIGIBLE_FOR_OHLC_PRICE_REFERENCE_SIMULATION,7.547169811320744,2,2
9373cc117634bae8f765,PH52-025,BULL_CALL_SPREAD,development,84c7352397ed038c3ea2,2023-12-28,8,EXCLUDED_OHLC_RANGE_PROXY,True,ELIGIBLE_FOR_OHLC_PRICE_REFERENCE_SIMULATION,4.784688995215311,2,2
9373cc117634bae8f765,PH52-025,BULL_CALL_SPREAD,validation,f104c6f1662847c5bbcc,2024-01-04,8,EXCLUDED_OHLC_RANGE_PROXY,True,ELIGIBLE_FOR_OHLC_PRICE_REFERENCE_SIMULATION,7.1428571428571335,2,2
9373cc117634bae8f765,PH52-025,BULL_CALL_SPREAD,validation,0cd34c6b63a9f995c503,2024-05-30,8,EXCLUDED_OHLC_RANGE_PROXY,False,OHLC_RANGE_PROXY_EXCEEDS_THRESHOLD,8.739837398373977,2,2
9373cc117634bae8f765,PH52-025,BULL_CALL_SPREAD,validation,75007ced19cb5e12e01f,2024-10-17,8,EXCLUDED_OHLC_RANGE_PROXY,False,OHLC_RANGE_PROXY_EXCEEDS_THRESHOLD,15.302491103202849,2,2
9373cc117634bae8f765,PH52-025,BULL_CALL_SPREAD,validation,8eb8f1add17ecb221cbd,2025-03-13,8,BLOCKED_LEG_ELIGIBILITY,False,REQUIRED_LEG_PRIOR_OI_BELOW_100,12.37113402061857,2,2
9373cc117634bae8f765,PH52-025,BULL_CALL_SPREAD,validation,14d9997729e438213524,2025-07-31,8,BLOCKED_LEG_ELIGIBILITY,False,REQUIRED_LEG_PRIOR_OI_BELOW_100,12.385321100917428,2,2
9373cc117634bae8f765,PH52-025,BULL_CALL_SPREAD,validation,4a919e0bde313b9b9ee1,2025-12-30,8,BLOCKED_LEG_ELIGIBILITY,False,REQUIRED_LEG_PRIOR_OI_BELOW_100,15.51724137931035,2,2
739fae891dcde1c84104,PH52-025,BULL_CALL_SPREAD,development,ce8e12389ff297becff9,2021-05-27,8,EXCLUDED_OHLC_RANGE_PROXY,False,OHLC_RANGE_PROXY_EXCEEDS_THRESHOLD,10.322580645161288,2,2
739fae891dcde1c84104,PH52-025,BULL_CALL_SPREAD,development,061c004245393c77b5c7,2021-12-09,8,EXCLUDED_OHLC_RANGE_PROXY,False,OHLC_RANGE_PROXY_EXCEEDS_THRESHOLD,9.48509485094851,2,2
739fae891dcde1c84104,PH52-025,BULL_CALL_SPREAD,development,b58d771555d73891d2fd,2022-06-16,8,EXCLUDED_OHLC_RANGE_PROXY,False,OHLC_RANGE_PROXY_EXCEEDS_THRESHOLD,22.22222222222222,2,2
739fae891dcde1c84104,PH52-025,BULL_CALL_SPREAD,development,8c9b97c314b368f7a743,2022-12-15,8,EXCLUDED_OHLC_RANGE_PROXY,False,OHLC_RANGE_PROXY_EXCEEDS_THRESHOLD,8.231707317073157,2,2
739fae891dcde1c84104,PH52-025,BULL_CALL_SPREAD,development,b2b9482e70f4a2ace098,2023-06-22,8,EXCLUDED_OHLC_RANGE_PROXY,False,OHLC_RANGE_PROXY_EXCEEDS_THRESHOLD,11.874999999999991,2,2
739fae891dcde1c84104,PH52-025,BULL_CALL_SPREAD,development,804301753400916af24f,2023-12-28,8,EXCLUDED_OHLC_RANGE_PROXY,False,OHLC_RANGE_PROXY_EXCEEDS_THRESHOLD,12.962962962962964,2,2
739fae891dcde1c84104,PH52-025,BULL_CALL_SPREAD,validation,c1472f0b801661762bc6,2024-01-04,8,EXCLUDED_OHLC_RANGE_PROXY,False,OHLC_RANGE_PROXY_EXCEEDS_THRESHOLD,17.58241758241759,2,2
739fae891dcde1c84104,PH52-025,BULL_CALL_SPREAD,validation,1d33307443bd39106f13,2024-05-30,8,EXCLUDED_OHLC_RANGE_PROXY,False,OHLC_RANGE_PROXY_EXCEEDS_THRESHOLD,12.436548223350252,2,2
739fae891dcde1c84104,PH52-025,BULL_CALL_SPREAD,validation,50696f11ab0417607875,2024-10-17,8,EXCLUDED_OHLC_RANGE_PROXY,False,OHLC_RANGE_PROXY_EXCEEDS_THRESHOLD,17.857142857142858,2,2
739fae891dcde1c84104,PH52-025,BULL_CALL_SPREAD,validation,58a4c4843286bd3943a2,2025-03-13,8,BLOCKED_LEG_ELIGIBILITY,False,REQUIRED_LEG_PRIOR_OI_BELOW_100,10.0,2,2
739fae891dcde1c84104,PH52-025,BULL_CALL_SPREAD,validation,e5919e2053dc59805884,2025-07-31,8,BLOCKED_LEG_ELIGIBILITY,False,REQUIRED_LEG_PRIOR_OI_BELOW_100,31.39158576051781,2,2
739fae891dcde1c84104,PH52-025,BULL_CALL_SPREAD,validation,2744fff722d389044d25,2025-12-30,8,EXCLUDED_OHLC_RANGE_PROXY,False,OHLC_RANGE_PROXY_EXCEEDS_THRESHOLD,11.363636363636365,2,2
ad24b0d8ca9a87353e8a,PH52-025,BULL_CALL_SPREAD,development,ce8e12389ff297becff9,2021-05-27,8,EXCLUDED_OHLC_RANGE_PROXY,False,OHLC_RANGE_PROXY_EXCEEDS_THRESHOLD,10.322580645161288,2,2
ad24b0d8ca9a87353e8a,PH52-025,BULL_CALL_SPREAD,development,061c004245393c77b5c7,2021-12-09,8,EXCLUDED_OHLC_RANGE_PROXY,False,OHLC_RANGE_PROXY_EXCEEDS_THRESHOLD,9.48509485094851,2,2
ad24b0d8ca9a87353e8a,PH52-025,BULL_CALL_SPREAD,development,b58d771555d73891d2fd,2022-06-16,8,EXCLUDED_OHLC_RANGE_PROXY,False,OHLC_RANGE_PROXY_EXCEEDS_THRESHOLD,21.229050279329606,2,2
ad24b0d8ca9a87353e8a,PH52-025,BULL_CALL_SPREAD,development,8c9b97c314b368f7a743,2022-12-15,8,EXCLUDED_OHLC_RANGE_PROXY,False,OHLC_RANGE_PROXY_EXCEEDS_THRESHOLD,8.231707317073157,2,2
ad24b0d8ca9a87353e8a,PH52-025,BULL_CALL_SPREAD,development,b2b9482e70f4a2ace098,2023-06-22,8,EXCLUDED_OHLC_RANGE_PROXY,False,OHLC_RANGE_PROXY_EXCEEDS_THRESHOLD,11.874999999999991,2,2
ad24b0d8ca9a87353e8a,PH52-025,BULL_CALL_SPREAD,development,804301753400916af24f,2023-12-28,8,EXCLUDED_OHLC_RANGE_PROXY,False,OHLC_RANGE_PROXY_EXCEEDS_THRESHOLD,12.962962962962964,2,2
ad24b0d8ca9a87353e8a,PH52-025,BULL_CALL_SPREAD,validation,c1472f0b801661762bc6,2024-01-04,8,EXCLUDED_OHLC_RANGE_PROXY,False,OHLC_RANGE_PROXY_EXCEEDS_THRESHOLD,17.58241758241759,2,2
ad24b0d8ca9a87353e8a,PH52-025,BULL_CALL_SPREAD,validation,1d33307443bd39106f13,2024-05-30,8,EXCLUDED_OHLC_RANGE_PROXY,False,OHLC_RANGE_PROXY_EXCEEDS_THRESHOLD,12.436548223350252,2,2
ad24b0d8ca9a87353e8a,PH52-025,BULL_CALL_SPREAD,validation,50696f11ab0417607875,2024-10-17,8,EXCLUDED_OHLC_RANGE_PROXY,False,OHLC_RANGE_PROXY_EXCEEDS_THRESHOLD,17.857142857142858,2,2
ad24b0d8ca9a87353e8a,PH52-025,BULL_CALL_SPREAD,validation,58a4c4843286bd3943a2,2025-03-13,8,BLOCKED_LEG_ELIGIBILITY,False,REQUIRED_LEG_PRIOR_OI_BELOW_100,10.0,2,2
ad24b0d8ca9a87353e8a,PH52-025,BULL_CALL_SPREAD,validation,e5919e2053dc59805884,2025-07-31,8,BLOCKED_LEG_ELIGIBILITY,False,REQUIRED_LEG_PRIOR_OI_BELOW_100,31.521739130434792,2,2
ad24b0d8ca9a87353e8a,PH52-025,BULL_CALL_SPREAD,validation,2744fff722d389044d25,2025-12-30,8,EXCLUDED_OHLC_RANGE_PROXY,False,OHLC_RANGE_PROXY_EXCEEDS_THRESHOLD,11.363636363636365,2,2
cf6ec0b712b4aff6231f,PH52-025,BULL_CALL_SPREAD,development,ce8e12389ff297becff9,2021-05-27,8,EXCLUDED_OHLC_RANGE_PROXY,False,OHLC_RANGE_PROXY_EXCEEDS_THRESHOLD,10.000000000000009,2,2
cf6ec0b712b4aff6231f,PH52-025,BULL_CALL_SPREAD,development,061c004245393c77b5c7,2021-12-09,8,EXCLUDED_OHLC_RANGE_PROXY,True,ELIGIBLE_FOR_OHLC_PRICE_REFERENCE_SIMULATION,7.499999999999996,2,2
cf6ec0b712b4aff6231f,PH52-025,BULL_CALL_SPREAD,development,b58d771555d73891d2fd,2022-06-16,8,EXCLUDED_OHLC_RANGE_PROXY,False,OHLC_RANGE_PROXY_EXCEEDS_THRESHOLD,21.73913043478261,2,2
cf6ec0b712b4aff6231f,PH52-025,BULL_CALL_SPREAD,development,8c9b97c314b368f7a743,2022-12-15,8,EXCLUDED_OHLC_RANGE_PROXY,True,ELIGIBLE_FOR_OHLC_PRICE_REFERENCE_SIMULATION,7.142857142857159,2,2
cf6ec0b712b4aff6231f,PH52-025,BULL_CALL_SPREAD,development,b2b9482e70f4a2ace098,2023-06-22,8,EXCLUDED_OHLC_RANGE_PROXY,False,OHLC_RANGE_PROXY_EXCEEDS_THRESHOLD,8.695652173913052,2,2
cf6ec0b712b4aff6231f,PH52-025,BULL_CALL_SPREAD,development,804301753400916af24f,2023-12-28,8,EXCLUDED_OHLC_RANGE_PROXY,False,OHLC_RANGE_PROXY_EXCEEDS_THRESHOLD,9.803921568627452,2,2
cf6ec0b712b4aff6231f,PH52-025,BULL_CALL_SPREAD,validation,c1472f0b801661762bc6,2024-01-04,8,EXCLUDED_OHLC_RANGE_PROXY,False,OHLC_RANGE_PROXY_EXCEEDS_THRESHOLD,15.384615384615381,2,2
cf6ec0b712b4aff6231f,PH52-025,BULL_CALL_SPREAD,validation,1d33307443bd39106f13,2024-05-30,8,EXCLUDED_OHLC_RANGE_PROXY,False,OHLC_RANGE_PROXY_EXCEEDS_THRESHOLD,12.22222222222222,2,2
cf6ec0b712b4aff6231f,PH52-025,BULL_CALL_SPREAD,validation,50696f11ab0417607875,2024-10-17,8,EXCLUDED_OHLC_RANGE_PROXY,False,OHLC_RANGE_PROXY_EXCEEDS_THRESHOLD,14.285714285714299,2,2
cf6ec0b712b4aff6231f,PH52-025,BULL_CALL_SPREAD,validation,58a4c4843286bd3943a2,2025-03-13,8,BLOCKED_LEG_ELIGIBILITY,False,REQUIRED_LEG_PRIOR_OI_BELOW_100,8.510638297872347,2,2
cf6ec0b712b4aff6231f,PH52-025,BULL_CALL_SPREAD,validation,e5919e2053dc59805884,2025-07-31,8,BLOCKED_LEG_ELIGIBILITY,False,REQUIRED_LEG_PRIOR_OI_BELOW_100,34.78260869565216,2,2
cf6ec0b712b4aff6231f,PH52-025,BULL_CALL_SPREAD,validation,2744fff722d389044d25,2025-12-30,8,EXCLUDED_OHLC_RANGE_PROXY,False,OHLC_RANGE_PROXY_EXCEEDS_THRESHOLD,8.333333333333341,2,2
a4f8558870d4a10947fe,PH52-025,BULL_CALL_SPREAD,development,ce8e12389ff297becff9,2021-05-27,8,EXCLUDED_OHLC_RANGE_PROXY,False,OHLC_RANGE_PROXY_EXCEEDS_THRESHOLD,14.285714285714299,2,2
a4f8558870d4a10947fe,PH52-025,BULL_CALL_SPREAD,development,061c004245393c77b5c7,2021-12-09,8,EXCLUDED_OHLC_RANGE_PROXY,False,OHLC_RANGE_PROXY_EXCEEDS_THRESHOLD,9.090909090909099,2,2
a4f8558870d4a10947fe,PH52-025,BULL_CALL_SPREAD,development,b58d771555d73891d2fd,2022-06-16,8,EXCLUDED_OHLC_RANGE_PROXY,False,OHLC_RANGE_PROXY_EXCEEDS_THRESHOLD,21.73913043478261,2,2
a4f8558870d4a10947fe,PH52-025,BULL_CALL_SPREAD,development,8c9b97c314b368f7a743,2022-12-15,8,EXCLUDED_OHLC_RANGE_PROXY,False,OHLC_RANGE_PROXY_EXCEEDS_THRESHOLD,8.571428571428566,2,2
a4f8558870d4a10947fe,PH52-025,BULL_CALL_SPREAD,development,b2b9482e70f4a2ace098,2023-06-22,8,EXCLUDED_OHLC_RANGE_PROXY,True,ELIGIBLE_FOR_OHLC_PRICE_REFERENCE_SIMULATION,6.250000000000005,2,2
a4f8558870d4a10947fe,PH52-025,BULL_CALL_SPREAD,development,804301753400916af24f,2023-12-28,8,EXCLUDED_OHLC_RANGE_PROXY,False,OHLC_RANGE_PROXY_EXCEEDS_THRESHOLD,9.803921568627452,2,2
a4f8558870d4a10947fe,PH52-025,BULL_CALL_SPREAD,validation,c1472f0b801661762bc6,2024-01-04,8,EXCLUDED_OHLC_RANGE_PROXY,False,OHLC_RANGE_PROXY_EXCEEDS_THRESHOLD,19.999999999999996,2,2
a4f8558870d4a10947fe,PH52-025,BULL_CALL_SPREAD,validation,1d33307443bd39106f13,2024-05-30,8,EXCLUDED_OHLC_RANGE_PROXY,False,OHLC_RANGE_PROXY_EXCEEDS_THRESHOLD,12.056737588652478,2,2
a4f8558870d4a10947fe,PH52-025,BULL_CALL_SPREAD,validation,50696f11ab0417607875,2024-10-17,8,EXCLUDED_OHLC_RANGE_PROXY,False,OHLC_RANGE_PROXY_EXCEEDS_THRESHOLD,14.285714285714288,2,2
a4f8558870d4a10947fe,PH52-025,BULL_CALL_SPREAD,validation,58a4c4843286bd3943a2,2025-03-13,8,BLOCKED_LEG_ELIGIBILITY,False,REQUIRED_LEG_PRIOR_OI_BELOW_100,8.510638297872347,2,2
a4f8558870d4a10947fe,PH52-025,BULL_CALL_SPREAD,validation,e5919e2053dc59805884,2025-07-31,8,BLOCKED_LEG_ELIGIBILITY,False,REQUIRED_LEG_PRIOR_OI_BELOW_100,34.78260869565216,2,2
a4f8558870d4a10947fe,PH52-025,BULL_CALL_SPREAD,validation,2744fff722d389044d25,2025-12-30,8,EXCLUDED_OHLC_RANGE_PROXY,True,ELIGIBLE_FOR_OHLC_PRICE_REFERENCE_SIMULATION,7.1428571428571495,2,2
4dfc85b9cb14f0282a2e,PH52-001,BUY_CALL,development,01f752daf3bb0e90d7b1,2021-05-27,8,EXCLUDED_OHLC_RANGE_PROXY,True,ELIGIBLE_FOR_OHLC_PRICE_REFERENCE_SIMULATION,5.246913580246912,1,1
4dfc85b9cb14f0282a2e,PH52-001,BUY_CALL,development,0ddaab2f8946678d3082,2021-12-09,8,EXCLUDED_OHLC_RANGE_PROXY,False,OHLC_RANGE_PROXY_EXCEEDS_THRESHOLD,11.158798283261808,1,1
4dfc85b9cb14f0282a2e,PH52-001,BUY_CALL,development,044eef05c3277601504c,2022-06-16,8,EXCLUDED_OHLC_RANGE_PROXY,False,OHLC_RANGE_PROXY_EXCEEDS_THRESHOLD,10.736196319018415,1,1
4dfc85b9cb14f0282a2e,PH52-001,BUY_CALL,development,307dafef42b72c870148,2022-12-15,8,EXCLUDED_OHLC_RANGE_PROXY,True,ELIGIBLE_FOR_OHLC_PRICE_REFERENCE_SIMULATION,5.957446808510648,1,1
4dfc85b9cb14f0282a2e,PH52-001,BUY_CALL,development,c8a686f986a21faa7ed5,2023-06-22,8,EXCLUDED_OHLC_RANGE_PROXY,False,OHLC_RANGE_PROXY_EXCEEDS_THRESHOLD,11.021505376344088,1,1
4dfc85b9cb14f0282a2e,PH52-001,BUY_CALL,development,84c7352397ed038c3ea2,2023-12-28,8,EXCLUDED_OHLC_RANGE_PROXY,True,ELIGIBLE_FOR_OHLC_PRICE_REFERENCE_SIMULATION,4.341736694677863,1,1
4dfc85b9cb14f0282a2e,PH52-001,BUY_CALL,validation,f104c6f1662847c5bbcc,2024-01-04,8,EXCLUDED_OHLC_RANGE_PROXY,True,ELIGIBLE_FOR_OHLC_PRICE_REFERENCE_SIMULATION,6.666666666666658,1,1
4dfc85b9cb14f0282a2e,PH52-001,BUY_CALL,validation,0cd34c6b63a9f995c503,2024-05-30,8,EXCLUDED_OHLC_RANGE_PROXY,False,OHLC_RANGE_PROXY_EXCEEDS_THRESHOLD,8.21529745042493,1,1
4dfc85b9cb14f0282a2e,PH52-001,BUY_CALL,validation,75007ced19cb5e12e01f,2024-10-17,8,EXCLUDED_OHLC_RANGE_PROXY,False,OHLC_RANGE_PROXY_EXCEEDS_THRESHOLD,17.452830188679247,1,1
4dfc85b9cb14f0282a2e,PH52-001,BUY_CALL,validation,8eb8f1add17ecb221cbd,2025-03-13,8,BLOCKED_LEG_ELIGIBILITY,False,REQUIRED_LEG_PRIOR_OI_BELOW_100,14.285714285714286,1,1
4dfc85b9cb14f0282a2e,PH52-001,BUY_CALL,validation,14d9997729e438213524,2025-07-31,8,BLOCKED_LEG_ELIGIBILITY,False,REQUIRED_LEG_PRIOR_OI_BELOW_100,12.089810017271157,1,1
4dfc85b9cb14f0282a2e,PH52-001,BUY_CALL,validation,4a919e0bde313b9b9ee1,2025-12-30,8,BLOCKED_LEG_ELIGIBILITY,False,REQUIRED_LEG_PRIOR_OI_BELOW_100,17.257683215130037,1,1
7f2f9e5e0437e0f7df04,PH52-001,BUY_CALL,development,01f752daf3bb0e90d7b1,2021-05-27,8,EXCLUDED_OHLC_RANGE_PROXY,True,ELIGIBLE_FOR_OHLC_PRICE_REFERENCE_SIMULATION,5.9999999999999964,1,1
7f2f9e5e0437e0f7df04,PH52-001,BUY_CALL,development,0ddaab2f8946678d3082,2021-12-09,8,EXCLUDED_OHLC_RANGE_PROXY,False,OHLC_RANGE_PROXY_EXCEEDS_THRESHOLD,10.596026490066224,1,1
7f2f9e5e0437e0f7df04,PH52-001,BUY_CALL,development,044eef05c3277601504c,2022-06-16,8,EXCLUDED_OHLC_RANGE_PROXY,False,OHLC_RANGE_PROXY_EXCEEDS_THRESHOLD,9.78260869565216,1,1
7f2f9e5e0437e0f7df04,PH52-001,BUY_CALL,development,307dafef42b72c870148,2022-12-15,8,EXCLUDED_OHLC_RANGE_PROXY,True,ELIGIBLE_FOR_OHLC_PRICE_REFERENCE_SIMULATION,3.63636363636364,1,1
7f2f9e5e0437e0f7df04,PH52-001,BUY_CALL,development,c8a686f986a21faa7ed5,2023-06-22,8,EXCLUDED_OHLC_RANGE_PROXY,True,ELIGIBLE_FOR_OHLC_PRICE_REFERENCE_SIMULATION,7.547169811320744,1,1
7f2f9e5e0437e0f7df04,PH52-001,BUY_CALL,development,84c7352397ed038c3ea2,2023-12-28,8,EXCLUDED_OHLC_RANGE_PROXY,True,ELIGIBLE_FOR_OHLC_PRICE_REFERENCE_SIMULATION,4.784688995215311,1,1
7f2f9e5e0437e0f7df04,PH52-001,BUY_CALL,validation,f104c6f1662847c5bbcc,2024-01-04,8,EXCLUDED_OHLC_RANGE_PROXY,True,ELIGIBLE_FOR_OHLC_PRICE_REFERENCE_SIMULATION,5.882352941176485,1,1
7f2f9e5e0437e0f7df04,PH52-001,BUY_CALL,validation,0cd34c6b63a9f995c503,2024-05-30,8,EXCLUDED_OHLC_RANGE_PROXY,False,OHLC_RANGE_PROXY_EXCEEDS_THRESHOLD,8.739837398373977,1,1
7f2f9e5e0437e0f7df04,PH52-001,BUY_CALL,validation,75007ced19cb5e12e01f,2024-10-17,8,EXCLUDED_OHLC_RANGE_PROXY,False,OHLC_RANGE_PROXY_EXCEEDS_THRESHOLD,15.302491103202849,1,1
7f2f9e5e0437e0f7df04,PH52-001,BUY_CALL,validation,8eb8f1add17ecb221cbd,2025-03-13,8,BLOCKED_LEG_ELIGIBILITY,False,REQUIRED_LEG_PRIOR_OI_BELOW_100,12.37113402061857,1,1
7f2f9e5e0437e0f7df04,PH52-001,BUY_CALL,validation,14d9997729e438213524,2025-07-31,8,BLOCKED_LEG_ELIGIBILITY,False,REQUIRED_LEG_PRIOR_OI_BELOW_100,12.385321100917428,1,1
7f2f9e5e0437e0f7df04,PH52-001,BUY_CALL,validation,4a919e0bde313b9b9ee1,2025-12-30,8,BLOCKED_LEG_ELIGIBILITY,False,REQUIRED_LEG_PRIOR_OI_BELOW_100,15.51724137931035,1,1
824453c4ca52e0a8f423,PH52-001,BUY_CALL,development,ce8e12389ff297becff9,2021-05-27,8,EXCLUDED_OHLC_RANGE_PROXY,False,OHLC_RANGE_PROXY_EXCEEDS_THRESHOLD,10.322580645161288,1,1
824453c4ca52e0a8f423,PH52-001,BUY_CALL,development,061c004245393c77b5c7,2021-12-09,8,EXCLUDED_OHLC_RANGE_PROXY,False,OHLC_RANGE_PROXY_EXCEEDS_THRESHOLD,9.48509485094851,1,1
824453c4ca52e0a8f423,PH52-001,BUY_CALL,development,b58d771555d73891d2fd,2022-06-16,8,EXCLUDED_OHLC_RANGE_PROXY,False,OHLC_RANGE_PROXY_EXCEEDS_THRESHOLD,21.229050279329606,1,1
824453c4ca52e0a8f423,PH52-001,BUY_CALL,development,8c9b97c314b368f7a743,2022-12-15,8,EXCLUDED_OHLC_RANGE_PROXY,False,OHLC_RANGE_PROXY_EXCEEDS_THRESHOLD,8.231707317073157,1,1
824453c4ca52e0a8f423,PH52-001,BUY_CALL,development,b2b9482e70f4a2ace098,2023-06-22,8,EXCLUDED_OHLC_RANGE_PROXY,False,OHLC_RANGE_PROXY_EXCEEDS_THRESHOLD,11.874999999999991,1,1
824453c4ca52e0a8f423,PH52-001,BUY_CALL,development,804301753400916af24f,2023-12-28,8,EXCLUDED_OHLC_RANGE_PROXY,False,OHLC_RANGE_PROXY_EXCEEDS_THRESHOLD,12.962962962962964,1,1
824453c4ca52e0a8f423,PH52-001,BUY_CALL,validation,c1472f0b801661762bc6,2024-01-04,8,EXCLUDED_OHLC_RANGE_PROXY,False,OHLC_RANGE_PROXY_EXCEEDS_THRESHOLD,17.58241758241759,1,1
824453c4ca52e0a8f423,PH52-001,BUY_CALL,validation,1d33307443bd39106f13,2024-05-30,8,EXCLUDED_OHLC_RANGE_PROXY,False,OHLC_RANGE_PROXY_EXCEEDS_THRESHOLD,12.436548223350252,1,1
824453c4ca52e0a8f423,PH52-001,BUY_CALL,validation,50696f11ab0417607875,2024-10-17,8,EXCLUDED_OHLC_RANGE_PROXY,False,OHLC_RANGE_PROXY_EXCEEDS_THRESHOLD,17.857142857142858,1,1
824453c4ca52e0a8f423,PH52-001,BUY_CALL,validation,58a4c4843286bd3943a2,2025-03-13,8,BLOCKED_LEG_ELIGIBILITY,False,REQUIRED_LEG_PRIOR_OI_BELOW_100,10.0,1,1
824453c4ca52e0a8f423,PH52-001,BUY_CALL,validation,e5919e2053dc59805884,2025-07-31,8,BLOCKED_LEG_ELIGIBILITY,False,REQUIRED_LEG_PRIOR_OI_BELOW_100,27.142857142857146,1,1
824453c4ca52e0a8f423,PH52-001,BUY_CALL,validation,2744fff722d389044d25,2025-12-30,8,EXCLUDED_OHLC_RANGE_PROXY,False,OHLC_RANGE_PROXY_EXCEEDS_THRESHOLD,11.363636363636365,1,1
a85d75f96c0c6721a862,PH52-001,BUY_CALL,development,ce8e12389ff297becff9,2021-05-27,8,EXCLUDED_OHLC_RANGE_PROXY,False,OHLC_RANGE_PROXY_EXCEEDS_THRESHOLD,10.000000000000009,1,1
a85d75f96c0c6721a862,PH52-001,BUY_CALL,development,061c004245393c77b5c7,2021-12-09,8,EXCLUDED_OHLC_RANGE_PROXY,True,ELIGIBLE_FOR_OHLC_PRICE_REFERENCE_SIMULATION,7.499999999999996,1,1
a85d75f96c0c6721a862,PH52-001,BUY_CALL,development,b58d771555d73891d2fd,2022-06-16,8,EXCLUDED_OHLC_RANGE_PROXY,False,OHLC_RANGE_PROXY_EXCEEDS_THRESHOLD,21.73913043478261,1,1
a85d75f96c0c6721a862,PH52-001,BUY_CALL,development,8c9b97c314b368f7a743,2022-12-15,8,REPLAY_PASS,True,ELIGIBLE_FOR_OHLC_PRICE_REFERENCE_SIMULATION,1.7543859649122744,1,1
a85d75f96c0c6721a862,PH52-001,BUY_CALL,development,b2b9482e70f4a2ace098,2023-06-22,8,EXCLUDED_OHLC_RANGE_PROXY,True,ELIGIBLE_FOR_OHLC_PRICE_REFERENCE_SIMULATION,6.250000000000005,1,1
a85d75f96c0c6721a862,PH52-001,BUY_CALL,development,804301753400916af24f,2023-12-28,8,EXCLUDED_OHLC_RANGE_PROXY,False,OHLC_RANGE_PROXY_EXCEEDS_THRESHOLD,9.803921568627452,1,1
a85d75f96c0c6721a862,PH52-001,BUY_CALL,validation,c1472f0b801661762bc6,2024-01-04,8,EXCLUDED_OHLC_RANGE_PROXY,False,OHLC_RANGE_PROXY_EXCEEDS_THRESHOLD,15.384615384615381,1,1
a85d75f96c0c6721a862,PH52-001,BUY_CALL,validation,1d33307443bd39106f13,2024-05-30,8,EXCLUDED_OHLC_RANGE_PROXY,False,OHLC_RANGE_PROXY_EXCEEDS_THRESHOLD,12.056737588652478,1,1
a85d75f96c0c6721a862,PH52-001,BUY_CALL,validation,50696f11ab0417607875,2024-10-17,8,EXCLUDED_OHLC_RANGE_PROXY,False,OHLC_RANGE_PROXY_EXCEEDS_THRESHOLD,14.285714285714288,1,1
a85d75f96c0c6721a862,PH52-001,BUY_CALL,validation,58a4c4843286bd3943a2,2025-03-13,8,BLOCKED_LEG_ELIGIBILITY,False,REQUIRED_LEG_PRIOR_OI_BELOW_100,8.510638297872347,1,1
a85d75f96c0c6721a862,PH52-001,BUY_CALL,validation,e5919e2053dc59805884,2025-07-31,8,BLOCKED_LEG_ELIGIBILITY,False,REQUIRED_LEG_PRIOR_OI_BELOW_100,34.78260869565216,1,1
a85d75f96c0c6721a862,PH52-001,BUY_CALL,validation,2744fff722d389044d25,2025-12-30,8,EXCLUDED_OHLC_RANGE_PROXY,True,ELIGIBLE_FOR_OHLC_PRICE_REFERENCE_SIMULATION,7.1428571428571495,1,1
d4f27239e30ac6922af1,PH52-007,BUY_PUT,development,01f752daf3bb0e90d7b1,2021-05-27,8,EXCLUDED_OHLC_RANGE_PROXY,True,ELIGIBLE_FOR_OHLC_PRICE_REFERENCE_SIMULATION,5.2631578947368425,1,1
d4f27239e30ac6922af1,PH52-007,BUY_PUT,development,0ddaab2f8946678d3082,2021-12-09,8,EXCLUDED_OHLC_RANGE_PROXY,False,OHLC_RANGE_PROXY_EXCEEDS_THRESHOLD,17.18213058419244,1,1
d4f27239e30ac6922af1,PH52-007,BUY_PUT,development,044eef05c3277601504c,2022-06-16,8,EXCLUDED_OHLC_RANGE_PROXY,False,OHLC_RANGE_PROXY_EXCEEDS_THRESHOLD,13.354037267080747,1,1
d4f27239e30ac6922af1,PH52-007,BUY_PUT,development,307dafef42b72c870148,2022-12-15,8,EXCLUDED_OHLC_RANGE_PROXY,False,OHLC_RANGE_PROXY_EXCEEDS_THRESHOLD,9.302325581395358,1,1
d4f27239e30ac6922af1,PH52-007,BUY_PUT,development,c8a686f986a21faa7ed5,2023-06-22,8,EXCLUDED_OHLC_RANGE_PROXY,False,OHLC_RANGE_PROXY_EXCEEDS_THRESHOLD,8.185053380782907,1,1
d4f27239e30ac6922af1,PH52-007,BUY_PUT,development,84c7352397ed038c3ea2,2023-12-28,8,EXCLUDED_OHLC_RANGE_PROXY,True,ELIGIBLE_FOR_OHLC_PRICE_REFERENCE_SIMULATION,4.437869822485207,1,1
d4f27239e30ac6922af1,PH52-007,BUY_PUT,validation,f104c6f1662847c5bbcc,2024-01-04,8,EXCLUDED_OHLC_RANGE_PROXY,False,OHLC_RANGE_PROXY_EXCEEDS_THRESHOLD,10.970464135021087,1,1
d4f27239e30ac6922af1,PH52-007,BUY_PUT,validation,0cd34c6b63a9f995c503,2024-05-30,8,EXCLUDED_OHLC_RANGE_PROXY,False,OHLC_RANGE_PROXY_EXCEEDS_THRESHOLD,10.26677445432497,1,1
d4f27239e30ac6922af1,PH52-007,BUY_PUT,validation,75007ced19cb5e12e01f,2024-10-17,8,EXCLUDED_OHLC_RANGE_PROXY,False,OHLC_RANGE_PROXY_EXCEEDS_THRESHOLD,34.10326086956523,1,1
d4f27239e30ac6922af1,PH52-007,BUY_PUT,validation,8eb8f1add17ecb221cbd,2025-03-13,8,BLOCKED_LEG_ELIGIBILITY,False,REQUIRED_LEG_PRIOR_OI_BELOW_100,13.874345549738212,1,1
d4f27239e30ac6922af1,PH52-007,BUY_PUT,validation,14d9997729e438213524,2025-07-31,8,BLOCKED_LEG_ELIGIBILITY,False,REQUIRED_LEG_PRIOR_OI_BELOW_100,8.320726172465951,1,1
d4f27239e30ac6922af1,PH52-007,BUY_PUT,validation,4a919e0bde313b9b9ee1,2025-12-30,8,BLOCKED_LEG_ELIGIBILITY,False,REQUIRED_LEG_PRIOR_OI_BELOW_100,11.554621848739496,1,1
c039247dcd6929eb8c8b,PH52-007,BUY_PUT,development,01f752daf3bb0e90d7b1,2021-05-27,8,EXCLUDED_OHLC_RANGE_PROXY,True,ELIGIBLE_FOR_OHLC_PRICE_REFERENCE_SIMULATION,6.329113924050633,1,1
c039247dcd6929eb8c8b,PH52-007,BUY_PUT,development,0ddaab2f8946678d3082,2021-12-09,8,EXCLUDED_OHLC_RANGE_PROXY,False,OHLC_RANGE_PROXY_EXCEEDS_THRESHOLD,20.888888888888886,1,1
c039247dcd6929eb8c8b,PH52-007,BUY_PUT,development,044eef05c3277601504c,2022-06-16,8,EXCLUDED_OHLC_RANGE_PROXY,False,OHLC_RANGE_PROXY_EXCEEDS_THRESHOLD,13.705583756345176,1,1
c039247dcd6929eb8c8b,PH52-007,BUY_PUT,development,307dafef42b72c870148,2022-12-15,8,EXCLUDED_OHLC_RANGE_PROXY,False,OHLC_RANGE_PROXY_EXCEEDS_THRESHOLD,8.771929824561402,1,1
c039247dcd6929eb8c8b,PH52-007,BUY_PUT,development,c8a686f986a21faa7ed5,2023-06-22,8,EXCLUDED_OHLC_RANGE_PROXY,True,ELIGIBLE_FOR_OHLC_PRICE_REFERENCE_SIMULATION,4.477611940298504,1,1
c039247dcd6929eb8c8b,PH52-007,BUY_PUT,development,84c7352397ed038c3ea2,2023-12-28,8,EXCLUDED_OHLC_RANGE_PROXY,True,ELIGIBLE_FOR_OHLC_PRICE_REFERENCE_SIMULATION,5.2044609665427455,1,1
c039247dcd6929eb8c8b,PH52-007,BUY_PUT,validation,f104c6f1662847c5bbcc,2024-01-04,8,EXCLUDED_OHLC_RANGE_PROXY,False,OHLC_RANGE_PROXY_EXCEEDS_THRESHOLD,12.90322580645161,1,1
c039247dcd6929eb8c8b,PH52-007,BUY_PUT,validation,0cd34c6b63a9f995c503,2024-05-30,8,EXCLUDED_OHLC_RANGE_PROXY,False,OHLC_RANGE_PROXY_EXCEEDS_THRESHOLD,12.335526315789474,1,1
c039247dcd6929eb8c8b,PH52-007,BUY_PUT,validation,75007ced19cb5e12e01f,2024-10-17,8,EXCLUDED_OHLC_RANGE_PROXY,False,OHLC_RANGE_PROXY_EXCEEDS_THRESHOLD,44.444444444444436,1,1
c039247dcd6929eb8c8b,PH52-007,BUY_PUT,validation,8eb8f1add17ecb221cbd,2025-03-13,8,BLOCKED_LEG_ELIGIBILITY,False,REQUIRED_LEG_PRIOR_OI_BELOW_100,12.318840579710141,1,1
c039247dcd6929eb8c8b,PH52-007,BUY_PUT,validation,14d9997729e438213524,2025-07-31,8,BLOCKED_LEG_ELIGIBILITY,False,REQUIRED_LEG_PRIOR_OI_BELOW_100,8.812260536398469,1,1
c039247dcd6929eb8c8b,PH52-007,BUY_PUT,validation,4a919e0bde313b9b9ee1,2025-12-30,8,BLOCKED_LEG_ELIGIBILITY,False,REQUIRED_LEG_PRIOR_OI_BELOW_100,10.909090909090903,1,1
c31e45a39d28e22b70b2,PH52-007,BUY_PUT,development,ce8e12389ff297becff9,2021-05-27,8,EXCLUDED_OHLC_RANGE_PROXY,True,ELIGIBLE_FOR_OHLC_PRICE_REFERENCE_SIMULATION,6.333333333333329,1,1
c31e45a39d28e22b70b2,PH52-007,BUY_PUT,development,061c004245393c77b5c7,2021-12-09,8,EXCLUDED_OHLC_RANGE_PROXY,False,OHLC_RANGE_PROXY_EXCEEDS_THRESHOLD,10.270270270270263,1,1
c31e45a39d28e22b70b2,PH52-007,BUY_PUT,development,b58d771555d73891d2fd,2022-06-16,8,EXCLUDED_OHLC_RANGE_PROXY,False,OHLC_RANGE_PROXY_EXCEEDS_THRESHOLD,25.89118198874296,1,1
c31e45a39d28e22b70b2,PH52-007,BUY_PUT,development,8c9b97c314b368f7a743,2022-12-15,8,EXCLUDED_OHLC_RANGE_PROXY,False,OHLC_RANGE_PROXY_EXCEEDS_THRESHOLD,16.250000000000007,1,1
c31e45a39d28e22b70b2,PH52-007,BUY_PUT,development,b2b9482e70f4a2ace098,2023-06-22,8,EXCLUDED_OHLC_RANGE_PROXY,False,OHLC_RANGE_PROXY_EXCEEDS_THRESHOLD,9.230769230769225,1,1
c31e45a39d28e22b70b2,PH52-007,BUY_PUT,development,804301753400916af24f,2023-12-28,8,EXCLUDED_OHLC_RANGE_PROXY,False,OHLC_RANGE_PROXY_EXCEEDS_THRESHOLD,13.793103448275865,1,1
c31e45a39d28e22b70b2,PH52-007,BUY_PUT,validation,c1472f0b801661762bc6,2024-01-04,8,EXCLUDED_OHLC_RANGE_PROXY,False,OHLC_RANGE_PROXY_EXCEEDS_THRESHOLD,16.091954022988492,1,1
c31e45a39d28e22b70b2,PH52-007,BUY_PUT,validation,1d33307443bd39106f13,2024-05-30,8,EXCLUDED_OHLC_RANGE_PROXY,False,OHLC_RANGE_PROXY_EXCEEDS_THRESHOLD,11.267605633802809,1,1
c31e45a39d28e22b70b2,PH52-007,BUY_PUT,validation,50696f11ab0417607875,2024-10-17,8,EXCLUDED_OHLC_RANGE_PROXY,False,OHLC_RANGE_PROXY_EXCEEDS_THRESHOLD,11.585365853658528,1,1
c31e45a39d28e22b70b2,PH52-007,BUY_PUT,validation,58a4c4843286bd3943a2,2025-03-13,8,BLOCKED_LEG_ELIGIBILITY,False,REQUIRED_LEG_PRIOR_OI_BELOW_100,14.736842105263161,1,1
c31e45a39d28e22b70b2,PH52-007,BUY_PUT,validation,e5919e2053dc59805884,2025-07-31,8,BLOCKED_LEG_ELIGIBILITY,False,REQUIRED_LEG_PRIOR_OI_BELOW_100,8.666666666666679,1,1
c31e45a39d28e22b70b2,PH52-007,BUY_PUT,validation,2744fff722d389044d25,2025-12-30,8,EXCLUDED_OHLC_RANGE_PROXY,False,OHLC_RANGE_PROXY_EXCEEDS_THRESHOLD,13.46153846153846,1,1
5819a5202b9b3b1cdd0b,PH52-007,BUY_PUT,development,ce8e12389ff297becff9,2021-05-27,8,EXCLUDED_OHLC_RANGE_PROXY,True,ELIGIBLE_FOR_OHLC_PRICE_REFERENCE_SIMULATION,6.493506493506482,1,1
5819a5202b9b3b1cdd0b,PH52-007,BUY_PUT,development,061c004245393c77b5c7,2021-12-09,8,EXCLUDED_OHLC_RANGE_PROXY,True,ELIGIBLE_FOR_OHLC_PRICE_REFERENCE_SIMULATION,4.255319148936174,1,1
5819a5202b9b3b1cdd0b,PH52-007,BUY_PUT,development,b58d771555d73891d2fd,2022-06-16,8,EXCLUDED_OHLC_RANGE_PROXY,False,OHLC_RANGE_PROXY_EXCEEDS_THRESHOLD,32.28346456692912,1,1
5819a5202b9b3b1cdd0b,PH52-007,BUY_PUT,development,8c9b97c314b368f7a743,2022-12-15,8,EXCLUDED_OHLC_RANGE_PROXY,False,OHLC_RANGE_PROXY_EXCEEDS_THRESHOLD,10.526315789473683,1,1
5819a5202b9b3b1cdd0b,PH52-007,BUY_PUT,development,b2b9482e70f4a2ace098,2023-06-22,8,EXCLUDED_OHLC_RANGE_PROXY,False,OHLC_RANGE_PROXY_EXCEEDS_THRESHOLD,11.111111111111104,1,1
5819a5202b9b3b1cdd0b,PH52-007,BUY_PUT,development,804301753400916af24f,2023-12-28,8,EXCLUDED_OHLC_RANGE_PROXY,False,OHLC_RANGE_PROXY_EXCEEDS_THRESHOLD,11.49425287356322,1,1
5819a5202b9b3b1cdd0b,PH52-007,BUY_PUT,validation,c1472f0b801661762bc6,2024-01-04,8,EXCLUDED_OHLC_RANGE_PROXY,False,OHLC_RANGE_PROXY_EXCEEDS_THRESHOLD,8.695652173913052,1,1
5819a5202b9b3b1cdd0b,PH52-007,BUY_PUT,validation,1d33307443bd39106f13,2024-05-30,8,EXCLUDED_OHLC_RANGE_PROXY,False,OHLC_RANGE_PROXY_EXCEEDS_THRESHOLD,9.022556390977451,1,1
5819a5202b9b3b1cdd0b,PH52-007,BUY_PUT,validation,50696f11ab0417607875,2024-10-17,8,EXCLUDED_OHLC_RANGE_PROXY,False,OHLC_RANGE_PROXY_EXCEEDS_THRESHOLD,11.111111111111109,1,1
5819a5202b9b3b1cdd0b,PH52-007,BUY_PUT,validation,58a4c4843286bd3943a2,2025-03-13,8,BLOCKED_LEG_ELIGIBILITY,False,REQUIRED_LEG_PRIOR_OI_BELOW_100,8.000000000000007,1,1
5819a5202b9b3b1cdd0b,PH52-007,BUY_PUT,validation,e5919e2053dc59805884,2025-07-31,8,BLOCKED_LEG_ELIGIBILITY,False,REQUIRED_LEG_PRIOR_OI_BELOW_100,7.042253521126761,1,1
5819a5202b9b3b1cdd0b,PH52-007,BUY_PUT,validation,2744fff722d389044d25,2025-12-30,8,EXCLUDED_OHLC_RANGE_PROXY,False,OHLC_RANGE_PROXY_EXCEEDS_THRESHOLD,10.526315789473683,1,1
98dbdd88c3b8df3d0d98,PH52-049,LONG_STRADDLE,development,01f752daf3bb0e90d7b1,2021-05-27,8,EXCLUDED_OHLC_RANGE_PROXY,True,ELIGIBLE_FOR_OHLC_PRICE_REFERENCE_SIMULATION,5.246913580246912,2,2
98dbdd88c3b8df3d0d98,PH52-049,LONG_STRADDLE,development,0ddaab2f8946678d3082,2021-12-09,8,EXCLUDED_OHLC_RANGE_PROXY,False,OHLC_RANGE_PROXY_EXCEEDS_THRESHOLD,13.059427732942025,2,2
98dbdd88c3b8df3d0d98,PH52-049,LONG_STRADDLE,development,044eef05c3277601504c,2022-06-16,8,EXCLUDED_OHLC_RANGE_PROXY,False,OHLC_RANGE_PROXY_EXCEEDS_THRESHOLD,10.736196319018415,2,2
98dbdd88c3b8df3d0d98,PH52-049,LONG_STRADDLE,development,307dafef42b72c870148,2022-12-15,8,EXCLUDED_OHLC_RANGE_PROXY,True,ELIGIBLE_FOR_OHLC_PRICE_REFERENCE_SIMULATION,5.957446808510648,2,2
98dbdd88c3b8df3d0d98,PH52-049,LONG_STRADDLE,development,c8a686f986a21faa7ed5,2023-06-22,8,EXCLUDED_OHLC_RANGE_PROXY,False,OHLC_RANGE_PROXY_EXCEEDS_THRESHOLD,11.021505376344088,2,2
98dbdd88c3b8df3d0d98,PH52-049,LONG_STRADDLE,development,84c7352397ed038c3ea2,2023-12-28,8,EXCLUDED_OHLC_RANGE_PROXY,True,ELIGIBLE_FOR_OHLC_PRICE_REFERENCE_SIMULATION,4.341736694677863,2,2
98dbdd88c3b8df3d0d98,PH52-049,LONG_STRADDLE,validation,f104c6f1662847c5bbcc,2024-01-04,8,EXCLUDED_OHLC_RANGE_PROXY,True,ELIGIBLE_FOR_OHLC_PRICE_REFERENCE_SIMULATION,6.666666666666658,2,2
98dbdd88c3b8df3d0d98,PH52-049,LONG_STRADDLE,validation,0cd34c6b63a9f995c503,2024-05-30,8,EXCLUDED_OHLC_RANGE_PROXY,False,OHLC_RANGE_PROXY_EXCEEDS_THRESHOLD,8.21529745042493,2,2
98dbdd88c3b8df3d0d98,PH52-049,LONG_STRADDLE,validation,75007ced19cb5e12e01f,2024-10-17,8,EXCLUDED_OHLC_RANGE_PROXY,False,OHLC_RANGE_PROXY_EXCEEDS_THRESHOLD,20.713899405083833,2,2
98dbdd88c3b8df3d0d98,PH52-049,LONG_STRADDLE,validation,8eb8f1add17ecb221cbd,2025-03-13,8,BLOCKED_LEG_ELIGIBILITY,False,REQUIRED_LEG_PRIOR_OI_BELOW_100,14.285714285714286,2,2
98dbdd88c3b8df3d0d98,PH52-049,LONG_STRADDLE,validation,14d9997729e438213524,2025-07-31,8,BLOCKED_LEG_ELIGIBILITY,False,REQUIRED_LEG_PRIOR_OI_BELOW_100,12.089810017271157,2,2
98dbdd88c3b8df3d0d98,PH52-049,LONG_STRADDLE,validation,4a919e0bde313b9b9ee1,2025-12-30,8,BLOCKED_LEG_ELIGIBILITY,False,REQUIRED_LEG_PRIOR_OI_BELOW_100,17.257683215130037,2,2
c4749ba6933734c7ed45,PH52-049,LONG_STRADDLE,development,01f752daf3bb0e90d7b1,2021-05-27,8,EXCLUDED_OHLC_RANGE_PROXY,True,ELIGIBLE_FOR_OHLC_PRICE_REFERENCE_SIMULATION,5.9999999999999964,2,2
c4749ba6933734c7ed45,PH52-049,LONG_STRADDLE,development,0ddaab2f8946678d3082,2021-12-09,8,EXCLUDED_OHLC_RANGE_PROXY,False,OHLC_RANGE_PROXY_EXCEEDS_THRESHOLD,10.596026490066224,2,2
c4749ba6933734c7ed45,PH52-049,LONG_STRADDLE,development,044eef05c3277601504c,2022-06-16,8,EXCLUDED_OHLC_RANGE_PROXY,False,OHLC_RANGE_PROXY_EXCEEDS_THRESHOLD,9.78260869565216,2,2
c4749ba6933734c7ed45,PH52-049,LONG_STRADDLE,development,307dafef42b72c870148,2022-12-15,8,EXCLUDED_OHLC_RANGE_PROXY,True,ELIGIBLE_FOR_OHLC_PRICE_REFERENCE_SIMULATION,3.63636363636364,2,2
c4749ba6933734c7ed45,PH52-049,LONG_STRADDLE,development,c8a686f986a21faa7ed5,2023-06-22,8,EXCLUDED_OHLC_RANGE_PROXY,True,ELIGIBLE_FOR_OHLC_PRICE_REFERENCE_SIMULATION,7.547169811320744,2,2
c4749ba6933734c7ed45,PH52-049,LONG_STRADDLE,development,84c7352397ed038c3ea2,2023-12-28,8,EXCLUDED_OHLC_RANGE_PROXY,True,ELIGIBLE_FOR_OHLC_PRICE_REFERENCE_SIMULATION,4.784688995215311,2,2
c4749ba6933734c7ed45,PH52-049,LONG_STRADDLE,validation,f104c6f1662847c5bbcc,2024-01-04,8,EXCLUDED_OHLC_RANGE_PROXY,True,ELIGIBLE_FOR_OHLC_PRICE_REFERENCE_SIMULATION,5.882352941176485,2,2
c4749ba6933734c7ed45,PH52-049,LONG_STRADDLE,validation,0cd34c6b63a9f995c503,2024-05-30,8,EXCLUDED_OHLC_RANGE_PROXY,False,OHLC_RANGE_PROXY_EXCEEDS_THRESHOLD,8.739837398373977,2,2
c4749ba6933734c7ed45,PH52-049,LONG_STRADDLE,validation,75007ced19cb5e12e01f,2024-10-17,8,EXCLUDED_OHLC_RANGE_PROXY,False,OHLC_RANGE_PROXY_EXCEEDS_THRESHOLD,15.302491103202849,2,2
c4749ba6933734c7ed45,PH52-049,LONG_STRADDLE,validation,8eb8f1add17ecb221cbd,2025-03-13,8,BLOCKED_LEG_ELIGIBILITY,False,REQUIRED_LEG_PRIOR_OI_BELOW_100,12.37113402061857,2,2
c4749ba6933734c7ed45,PH52-049,LONG_STRADDLE,validation,14d9997729e438213524,2025-07-31,8,BLOCKED_LEG_ELIGIBILITY,False,REQUIRED_LEG_PRIOR_OI_BELOW_100,12.385321100917428,2,2
c4749ba6933734c7ed45,PH52-049,LONG_STRADDLE,validation,4a919e0bde313b9b9ee1,2025-12-30,8,BLOCKED_LEG_ELIGIBILITY,False,REQUIRED_LEG_PRIOR_OI_BELOW_100,15.51724137931035,2,2
0a2c71c6e12e773afc2d,PH52-049,LONG_STRADDLE,development,ce8e12389ff297becff9,2021-05-27,8,EXCLUDED_OHLC_RANGE_PROXY,False,OHLC_RANGE_PROXY_EXCEEDS_THRESHOLD,10.322580645161288,2,2
0a2c71c6e12e773afc2d,PH52-049,LONG_STRADDLE,development,061c004245393c77b5c7,2021-12-09,8,EXCLUDED_OHLC_RANGE_PROXY,False,OHLC_RANGE_PROXY_EXCEEDS_THRESHOLD,9.48509485094851,2,2
0a2c71c6e12e773afc2d,PH52-049,LONG_STRADDLE,development,b58d771555d73891d2fd,2022-06-16,8,EXCLUDED_OHLC_RANGE_PROXY,False,OHLC_RANGE_PROXY_EXCEEDS_THRESHOLD,21.229050279329606,2,2
0a2c71c6e12e773afc2d,PH52-049,LONG_STRADDLE,development,8c9b97c314b368f7a743,2022-12-15,8,EXCLUDED_OHLC_RANGE_PROXY,False,OHLC_RANGE_PROXY_EXCEEDS_THRESHOLD,8.940852819807427,2,2
0a2c71c6e12e773afc2d,PH52-049,LONG_STRADDLE,development,b2b9482e70f4a2ace098,2023-06-22,8,EXCLUDED_OHLC_RANGE_PROXY,False,OHLC_RANGE_PROXY_EXCEEDS_THRESHOLD,11.874999999999991,2,2
0a2c71c6e12e773afc2d,PH52-049,LONG_STRADDLE,development,804301753400916af24f,2023-12-28,8,EXCLUDED_OHLC_RANGE_PROXY,False,OHLC_RANGE_PROXY_EXCEEDS_THRESHOLD,12.962962962962964,2,2
0a2c71c6e12e773afc2d,PH52-049,LONG_STRADDLE,validation,c1472f0b801661762bc6,2024-01-04,8,EXCLUDED_OHLC_RANGE_PROXY,False,OHLC_RANGE_PROXY_EXCEEDS_THRESHOLD,17.58241758241759,2,2
0a2c71c6e12e773afc2d,PH52-049,LONG_STRADDLE,validation,1d33307443bd39106f13,2024-05-30,8,EXCLUDED_OHLC_RANGE_PROXY,False,OHLC_RANGE_PROXY_EXCEEDS_THRESHOLD,12.436548223350252,2,2
0a2c71c6e12e773afc2d,PH52-049,LONG_STRADDLE,validation,50696f11ab0417607875,2024-10-17,8,EXCLUDED_OHLC_RANGE_PROXY,False,OHLC_RANGE_PROXY_EXCEEDS_THRESHOLD,17.857142857142858,2,2
0a2c71c6e12e773afc2d,PH52-049,LONG_STRADDLE,validation,58a4c4843286bd3943a2,2025-03-13,8,BLOCKED_LEG_ELIGIBILITY,False,REQUIRED_LEG_PRIOR_OI_BELOW_100,10.0,2,2
0a2c71c6e12e773afc2d,PH52-049,LONG_STRADDLE,validation,e5919e2053dc59805884,2025-07-31,8,BLOCKED_LEG_ELIGIBILITY,False,REQUIRED_LEG_PRIOR_OI_BELOW_100,27.142857142857146,2,2
0a2c71c6e12e773afc2d,PH52-049,LONG_STRADDLE,validation,2744fff722d389044d25,2025-12-30,8,EXCLUDED_OHLC_RANGE_PROXY,False,OHLC_RANGE_PROXY_EXCEEDS_THRESHOLD,11.363636363636365,2,2
2432b3ba491006a1f15a,PH52-049,LONG_STRADDLE,development,ce8e12389ff297becff9,2021-05-27,8,EXCLUDED_OHLC_RANGE_PROXY,False,OHLC_RANGE_PROXY_EXCEEDS_THRESHOLD,10.000000000000009,2,2
2432b3ba491006a1f15a,PH52-049,LONG_STRADDLE,development,061c004245393c77b5c7,2021-12-09,8,EXCLUDED_OHLC_RANGE_PROXY,True,ELIGIBLE_FOR_OHLC_PRICE_REFERENCE_SIMULATION,7.499999999999996,2,2
2432b3ba491006a1f15a,PH52-049,LONG_STRADDLE,development,b58d771555d73891d2fd,2022-06-16,8,EXCLUDED_OHLC_RANGE_PROXY,False,OHLC_RANGE_PROXY_EXCEEDS_THRESHOLD,21.73913043478261,2,2
2432b3ba491006a1f15a,PH52-049,LONG_STRADDLE,development,8c9b97c314b368f7a743,2022-12-15,8,EXCLUDED_OHLC_RANGE_PROXY,True,ELIGIBLE_FOR_OHLC_PRICE_REFERENCE_SIMULATION,3.741358275721845,2,2
2432b3ba491006a1f15a,PH52-049,LONG_STRADDLE,development,b2b9482e70f4a2ace098,2023-06-22,8,EXCLUDED_OHLC_RANGE_PROXY,True,ELIGIBLE_FOR_OHLC_PRICE_REFERENCE_SIMULATION,6.250000000000005,2,2
2432b3ba491006a1f15a,PH52-049,LONG_STRADDLE,development,804301753400916af24f,2023-12-28,8,EXCLUDED_OHLC_RANGE_PROXY,False,OHLC_RANGE_PROXY_EXCEEDS_THRESHOLD,9.803921568627452,2,2
2432b3ba491006a1f15a,PH52-049,LONG_STRADDLE,validation,c1472f0b801661762bc6,2024-01-04,8,EXCLUDED_OHLC_RANGE_PROXY,False,OHLC_RANGE_PROXY_EXCEEDS_THRESHOLD,15.384615384615381,2,2
2432b3ba491006a1f15a,PH52-049,LONG_STRADDLE,validation,1d33307443bd39106f13,2024-05-30,8,EXCLUDED_OHLC_RANGE_PROXY,False,OHLC_RANGE_PROXY_EXCEEDS_THRESHOLD,12.056737588652478,2,2
2432b3ba491006a1f15a,PH52-049,LONG_STRADDLE,validation,50696f11ab0417607875,2024-10-17,8,EXCLUDED_OHLC_RANGE_PROXY,False,OHLC_RANGE_PROXY_EXCEEDS_THRESHOLD,14.285714285714288,2,2
2432b3ba491006a1f15a,PH52-049,LONG_STRADDLE,validation,58a4c4843286bd3943a2,2025-03-13,8,BLOCKED_LEG_ELIGIBILITY,False,REQUIRED_LEG_PRIOR_OI_BELOW_100,8.510638297872347,2,2
2432b3ba491006a1f15a,PH52-049,LONG_STRADDLE,validation,e5919e2053dc59805884,2025-07-31,8,BLOCKED_LEG_ELIGIBILITY,False,REQUIRED_LEG_PRIOR_OI_BELOW_100,34.78260869565216,2,2
2432b3ba491006a1f15a,PH52-049,LONG_STRADDLE,validation,2744fff722d389044d25,2025-12-30,8,EXCLUDED_OHLC_RANGE_PROXY,True,ELIGIBLE_FOR_OHLC_PRICE_REFERENCE_SIMULATION,7.1428571428571495,2,2
722daeb1f1c06b54a1ee,PH52-061,LONG_STRANGLE,development,01f752daf3bb0e90d7b1,2021-05-27,8,EXCLUDED_OHLC_RANGE_PROXY,True,ELIGIBLE_FOR_OHLC_PRICE_REFERENCE_SIMULATION,5.2631578947368425,2,2
722daeb1f1c06b54a1ee,PH52-061,LONG_STRANGLE,development,0ddaab2f8946678d3082,2021-12-09,8,EXCLUDED_OHLC_RANGE_PROXY,False,OHLC_RANGE_PROXY_EXCEEDS_THRESHOLD,17.18213058419244,2,2
722daeb1f1c06b54a1ee,PH52-061,LONG_STRANGLE,development,044eef05c3277601504c,2022-06-16,8,EXCLUDED_OHLC_RANGE_PROXY,False,OHLC_RANGE_PROXY_EXCEEDS_THRESHOLD,13.354037267080747,2,2
722daeb1f1c06b54a1ee,PH52-061,LONG_STRANGLE,development,307dafef42b72c870148,2022-12-15,8,EXCLUDED_OHLC_RANGE_PROXY,False,OHLC_RANGE_PROXY_EXCEEDS_THRESHOLD,9.302325581395358,2,2
722daeb1f1c06b54a1ee,PH52-061,LONG_STRANGLE,development,c8a686f986a21faa7ed5,2023-06-22,8,EXCLUDED_OHLC_RANGE_PROXY,False,OHLC_RANGE_PROXY_EXCEEDS_THRESHOLD,11.021505376344088,2,2
722daeb1f1c06b54a1ee,PH52-061,LONG_STRANGLE,development,84c7352397ed038c3ea2,2023-12-28,8,EXCLUDED_OHLC_RANGE_PROXY,True,ELIGIBLE_FOR_OHLC_PRICE_REFERENCE_SIMULATION,4.437869822485207,2,2
722daeb1f1c06b54a1ee,PH52-061,LONG_STRANGLE,validation,f104c6f1662847c5bbcc,2024-01-04,8,EXCLUDED_OHLC_RANGE_PROXY,False,OHLC_RANGE_PROXY_EXCEEDS_THRESHOLD,10.970464135021087,2,2
722daeb1f1c06b54a1ee,PH52-061,LONG_STRANGLE,validation,0cd34c6b63a9f995c503,2024-05-30,8,EXCLUDED_OHLC_RANGE_PROXY,False,OHLC_RANGE_PROXY_EXCEEDS_THRESHOLD,10.26677445432497,2,2
722daeb1f1c06b54a1ee,PH52-061,LONG_STRANGLE,validation,75007ced19cb5e12e01f,2024-10-17,8,EXCLUDED_OHLC_RANGE_PROXY,False,OHLC_RANGE_PROXY_EXCEEDS_THRESHOLD,34.10326086956523,2,2
722daeb1f1c06b54a1ee,PH52-061,LONG_STRANGLE,validation,8eb8f1add17ecb221cbd,2025-03-13,8,BLOCKED_LEG_ELIGIBILITY,False,REQUIRED_LEG_PRIOR_OI_BELOW_100,14.285714285714286,2,2
722daeb1f1c06b54a1ee,PH52-061,LONG_STRANGLE,validation,14d9997729e438213524,2025-07-31,8,BLOCKED_LEG_ELIGIBILITY,False,REQUIRED_LEG_PRIOR_OI_BELOW_100,12.089810017271157,2,2
722daeb1f1c06b54a1ee,PH52-061,LONG_STRANGLE,validation,4a919e0bde313b9b9ee1,2025-12-30,8,BLOCKED_LEG_ELIGIBILITY,False,REQUIRED_LEG_PRIOR_OI_BELOW_100,17.257683215130037,2,2
2173cfebeda92408e9c0,PH52-061,LONG_STRANGLE,development,01f752daf3bb0e90d7b1,2021-05-27,8,EXCLUDED_OHLC_RANGE_PROXY,True,ELIGIBLE_FOR_OHLC_PRICE_REFERENCE_SIMULATION,6.329113924050633,2,2
2173cfebeda92408e9c0,PH52-061,LONG_STRANGLE,development,0ddaab2f8946678d3082,2021-12-09,8,EXCLUDED_OHLC_RANGE_PROXY,False,OHLC_RANGE_PROXY_EXCEEDS_THRESHOLD,20.888888888888886,2,2
2173cfebeda92408e9c0,PH52-061,LONG_STRANGLE,development,044eef05c3277601504c,2022-06-16,8,EXCLUDED_OHLC_RANGE_PROXY,False,OHLC_RANGE_PROXY_EXCEEDS_THRESHOLD,13.705583756345176,2,2
2173cfebeda92408e9c0,PH52-061,LONG_STRANGLE,development,307dafef42b72c870148,2022-12-15,8,EXCLUDED_OHLC_RANGE_PROXY,False,OHLC_RANGE_PROXY_EXCEEDS_THRESHOLD,8.771929824561402,2,2
2173cfebeda92408e9c0,PH52-061,LONG_STRANGLE,development,c8a686f986a21faa7ed5,2023-06-22,8,EXCLUDED_OHLC_RANGE_PROXY,True,ELIGIBLE_FOR_OHLC_PRICE_REFERENCE_SIMULATION,7.547169811320744,2,2
2173cfebeda92408e9c0,PH52-061,LONG_STRANGLE,development,84c7352397ed038c3ea2,2023-12-28,8,EXCLUDED_OHLC_RANGE_PROXY,True,ELIGIBLE_FOR_OHLC_PRICE_REFERENCE_SIMULATION,5.2044609665427455,2,2
2173cfebeda92408e9c0,PH52-061,LONG_STRANGLE,validation,f104c6f1662847c5bbcc,2024-01-04,8,EXCLUDED_OHLC_RANGE_PROXY,False,OHLC_RANGE_PROXY_EXCEEDS_THRESHOLD,12.90322580645161,2,2
2173cfebeda92408e9c0,PH52-061,LONG_STRANGLE,validation,0cd34c6b63a9f995c503,2024-05-30,8,EXCLUDED_OHLC_RANGE_PROXY,False,OHLC_RANGE_PROXY_EXCEEDS_THRESHOLD,12.335526315789474,2,2
2173cfebeda92408e9c0,PH52-061,LONG_STRANGLE,validation,75007ced19cb5e12e01f,2024-10-17,8,EXCLUDED_OHLC_RANGE_PROXY,False,OHLC_RANGE_PROXY_EXCEEDS_THRESHOLD,44.444444444444436,2,2
2173cfebeda92408e9c0,PH52-061,LONG_STRANGLE,validation,8eb8f1add17ecb221cbd,2025-03-13,8,BLOCKED_LEG_ELIGIBILITY,False,REQUIRED_LEG_PRIOR_OI_BELOW_100,12.37113402061857,2,2
2173cfebeda92408e9c0,PH52-061,LONG_STRANGLE,validation,14d9997729e438213524,2025-07-31,8,BLOCKED_LEG_ELIGIBILITY,False,REQUIRED_LEG_PRIOR_OI_BELOW_100,12.385321100917428,2,2
2173cfebeda92408e9c0,PH52-061,LONG_STRANGLE,validation,4a919e0bde313b9b9ee1,2025-12-30,8,BLOCKED_LEG_ELIGIBILITY,False,REQUIRED_LEG_PRIOR_OI_BELOW_100,15.51724137931035,2,2
2f22cd4cb483cbbd04af,PH52-061,LONG_STRANGLE,development,ce8e12389ff297becff9,2021-05-27,8,EXCLUDED_OHLC_RANGE_PROXY,False,OHLC_RANGE_PROXY_EXCEEDS_THRESHOLD,10.322580645161288,2,2
2f22cd4cb483cbbd04af,PH52-061,LONG_STRANGLE,development,061c004245393c77b5c7,2021-12-09,8,EXCLUDED_OHLC_RANGE_PROXY,False,OHLC_RANGE_PROXY_EXCEEDS_THRESHOLD,10.270270270270263,2,2
2f22cd4cb483cbbd04af,PH52-061,LONG_STRANGLE,development,b58d771555d73891d2fd,2022-06-16,8,EXCLUDED_OHLC_RANGE_PROXY,False,OHLC_RANGE_PROXY_EXCEEDS_THRESHOLD,25.89118198874296,2,2
2f22cd4cb483cbbd04af,PH52-061,LONG_STRANGLE,development,8c9b97c314b368f7a743,2022-12-15,8,EXCLUDED_OHLC_RANGE_PROXY,False,OHLC_RANGE_PROXY_EXCEEDS_THRESHOLD,16.250000000000007,2,2
2f22cd4cb483cbbd04af,PH52-061,LONG_STRANGLE,development,b2b9482e70f4a2ace098,2023-06-22,8,EXCLUDED_OHLC_RANGE_PROXY,False,OHLC_RANGE_PROXY_EXCEEDS_THRESHOLD,11.874999999999991,2,2
2f22cd4cb483cbbd04af,PH52-061,LONG_STRANGLE,development,804301753400916af24f,2023-12-28,8,EXCLUDED_OHLC_RANGE_PROXY,False,OHLC_RANGE_PROXY_EXCEEDS_THRESHOLD,13.793103448275865,2,2
2f22cd4cb483cbbd04af,PH52-061,LONG_STRANGLE,validation,c1472f0b801661762bc6,2024-01-04,8,EXCLUDED_OHLC_RANGE_PROXY,False,OHLC_RANGE_PROXY_EXCEEDS_THRESHOLD,17.58241758241759,2,2
2f22cd4cb483cbbd04af,PH52-061,LONG_STRANGLE,validation,1d33307443bd39106f13,2024-05-30,8,EXCLUDED_OHLC_RANGE_PROXY,False,OHLC_RANGE_PROXY_EXCEEDS_THRESHOLD,12.436548223350252,2,2
2f22cd4cb483cbbd04af,PH52-061,LONG_STRANGLE,validation,50696f11ab0417607875,2024-10-17,8,EXCLUDED_OHLC_RANGE_PROXY,False,OHLC_RANGE_PROXY_EXCEEDS_THRESHOLD,17.857142857142858,2,2
2f22cd4cb483cbbd04af,PH52-061,LONG_STRANGLE,validation,58a4c4843286bd3943a2,2025-03-13,8,BLOCKED_LEG_ELIGIBILITY,False,REQUIRED_LEG_PRIOR_OI_BELOW_100,14.736842105263161,2,2
2f22cd4cb483cbbd04af,PH52-061,LONG_STRANGLE,validation,e5919e2053dc59805884,2025-07-31,8,BLOCKED_LEG_ELIGIBILITY,False,REQUIRED_LEG_PRIOR_OI_BELOW_100,27.142857142857146,2,2
2f22cd4cb483cbbd04af,PH52-061,LONG_STRANGLE,validation,2744fff722d389044d25,2025-12-30,8,EXCLUDED_OHLC_RANGE_PROXY,False,OHLC_RANGE_PROXY_EXCEEDS_THRESHOLD,13.46153846153846,2,2
4bd35f1260b64365d38b,PH52-061,LONG_STRANGLE,development,ce8e12389ff297becff9,2021-05-27,8,EXCLUDED_OHLC_RANGE_PROXY,False,OHLC_RANGE_PROXY_EXCEEDS_THRESHOLD,10.000000000000009,2,2
4bd35f1260b64365d38b,PH52-061,LONG_STRANGLE,development,061c004245393c77b5c7,2021-12-09,8,EXCLUDED_OHLC_RANGE_PROXY,True,ELIGIBLE_FOR_OHLC_PRICE_REFERENCE_SIMULATION,7.499999999999996,2,2
4bd35f1260b64365d38b,PH52-061,LONG_STRANGLE,development,b58d771555d73891d2fd,2022-06-16,8,EXCLUDED_OHLC_RANGE_PROXY,False,OHLC_RANGE_PROXY_EXCEEDS_THRESHOLD,32.28346456692912,2,2
4bd35f1260b64365d38b,PH52-061,LONG_STRANGLE,development,8c9b97c314b368f7a743,2022-12-15,8,EXCLUDED_OHLC_RANGE_PROXY,False,OHLC_RANGE_PROXY_EXCEEDS_THRESHOLD,10.526315789473683,2,2
4bd35f1260b64365d38b,PH52-061,LONG_STRANGLE,development,b2b9482e70f4a2ace098,2023-06-22,8,EXCLUDED_OHLC_RANGE_PROXY,False,OHLC_RANGE_PROXY_EXCEEDS_THRESHOLD,11.111111111111104,2,2
4bd35f1260b64365d38b,PH52-061,LONG_STRANGLE,development,804301753400916af24f,2023-12-28,8,EXCLUDED_OHLC_RANGE_PROXY,False,OHLC_RANGE_PROXY_EXCEEDS_THRESHOLD,11.49425287356322,2,2
4bd35f1260b64365d38b,PH52-061,LONG_STRANGLE,validation,c1472f0b801661762bc6,2024-01-04,8,EXCLUDED_OHLC_RANGE_PROXY,False,OHLC_RANGE_PROXY_EXCEEDS_THRESHOLD,15.384615384615381,2,2
4bd35f1260b64365d38b,PH52-061,LONG_STRANGLE,validation,1d33307443bd39106f13,2024-05-30,8,EXCLUDED_OHLC_RANGE_PROXY,False,OHLC_RANGE_PROXY_EXCEEDS_THRESHOLD,12.056737588652478,2,2
4bd35f1260b64365d38b,PH52-061,LONG_STRANGLE,validation,50696f11ab0417607875,2024-10-17,8,EXCLUDED_OHLC_RANGE_PROXY,False,OHLC_RANGE_PROXY_EXCEEDS_THRESHOLD,14.285714285714288,2,2
4bd35f1260b64365d38b,PH52-061,LONG_STRANGLE,validation,58a4c4843286bd3943a2,2025-03-13,8,BLOCKED_LEG_ELIGIBILITY,False,REQUIRED_LEG_PRIOR_OI_BELOW_100,8.510638297872347,2,2
4bd35f1260b64365d38b,PH52-061,LONG_STRANGLE,validation,e5919e2053dc59805884,2025-07-31,8,BLOCKED_LEG_ELIGIBILITY,False,REQUIRED_LEG_PRIOR_OI_BELOW_100,34.78260869565216,2,2
4bd35f1260b64365d38b,PH52-061,LONG_STRANGLE,validation,2744fff722d389044d25,2025-12-30,8,EXCLUDED_OHLC_RANGE_PROXY,False,OHLC_RANGE_PROXY_EXCEEDS_THRESHOLD,10.526315789473683,2,2
89f52cd7e0b3bc8ec28c,PH52-073,SHORT_IRON_CONDOR,development,01f752daf3bb0e90d7b1,2021-05-27,8,EXCLUDED_OHLC_RANGE_PROXY,True,ELIGIBLE_FOR_OHLC_PRICE_REFERENCE_SIMULATION,5.448717948717936,4,4
89f52cd7e0b3bc8ec28c,PH52-073,SHORT_IRON_CONDOR,development,0ddaab2f8946678d3082,2021-12-09,8,EXCLUDED_OHLC_RANGE_PROXY,False,OHLC_RANGE_PROXY_EXCEEDS_THRESHOLD,19.444444444444443,4,4
89f52cd7e0b3bc8ec28c,PH52-073,SHORT_IRON_CONDOR,development,044eef05c3277601504c,2022-06-16,8,EXCLUDED_OHLC_RANGE_PROXY,False,OHLC_RANGE_PROXY_EXCEEDS_THRESHOLD,14.363143631436328,4,4
89f52cd7e0b3bc8ec28c,PH52-073,SHORT_IRON_CONDOR,development,307dafef42b72c870148,2022-12-15,8,EXCLUDED_OHLC_RANGE_PROXY,False,OHLC_RANGE_PROXY_EXCEEDS_THRESHOLD,10.144927536231886,4,4
89f52cd7e0b3bc8ec28c,PH52-073,SHORT_IRON_CONDOR,development,c8a686f986a21faa7ed5,2023-06-22,8,EXCLUDED_OHLC_RANGE_PROXY,False,OHLC_RANGE_PROXY_EXCEEDS_THRESHOLD,12.765957446808503,4,4
89f52cd7e0b3bc8ec28c,PH52-073,SHORT_IRON_CONDOR,development,84c7352397ed038c3ea2,2023-12-28,8,EXCLUDED_OHLC_RANGE_PROXY,True,ELIGIBLE_FOR_OHLC_PRICE_REFERENCE_SIMULATION,5.502392344497618,4,4
89f52cd7e0b3bc8ec28c,PH52-073,SHORT_IRON_CONDOR,validation,f104c6f1662847c5bbcc,2024-01-04,8,EXCLUDED_OHLC_RANGE_PROXY,False,OHLC_RANGE_PROXY_EXCEEDS_THRESHOLD,10.970464135021087,4,4
89f52cd7e0b3bc8ec28c,PH52-073,SHORT_IRON_CONDOR,validation,0cd34c6b63a9f995c503,2024-05-30,8,EXCLUDED_OHLC_RANGE_PROXY,False,OHLC_RANGE_PROXY_EXCEEDS_THRESHOLD,12.13151927437642,4,4
89f52cd7e0b3bc8ec28c,PH52-073,SHORT_IRON_CONDOR,validation,75007ced19cb5e12e01f,2024-10-17,8,EXCLUDED_OHLC_RANGE_PROXY,False,OHLC_RANGE_PROXY_EXCEEDS_THRESHOLD,38.80952380952382,4,4
89f52cd7e0b3bc8ec28c,PH52-073,SHORT_IRON_CONDOR,validation,8eb8f1add17ecb221cbd,2025-03-13,8,BLOCKED_LEG_ELIGIBILITY,False,REQUIRED_LEG_PRIOR_OI_BELOW_100,14.285714285714286,4,4
89f52cd7e0b3bc8ec28c,PH52-073,SHORT_IRON_CONDOR,validation,14d9997729e438213524,2025-07-31,8,BLOCKED_LEG_ELIGIBILITY,False,REQUIRED_LEG_PRIOR_OI_BELOW_100,14.367816091954024,4,4
89f52cd7e0b3bc8ec28c,PH52-073,SHORT_IRON_CONDOR,validation,4a919e0bde313b9b9ee1,2025-12-30,8,BLOCKED_LEG_ELIGIBILITY,False,REQUIRED_LEG_PRIOR_OI_BELOW_100,17.257683215130037,4,4
ed63864fa6c58959e82b,PH52-073,SHORT_IRON_CONDOR,development,01f752daf3bb0e90d7b1,2021-05-27,8,EXCLUDED_OHLC_RANGE_PROXY,True,ELIGIBLE_FOR_OHLC_PRICE_REFERENCE_SIMULATION,6.25,4,4
ed63864fa6c58959e82b,PH52-073,SHORT_IRON_CONDOR,development,0ddaab2f8946678d3082,2021-12-09,8,EXCLUDED_OHLC_RANGE_PROXY,False,OHLC_RANGE_PROXY_EXCEEDS_THRESHOLD,21.01449275362318,4,4
ed63864fa6c58959e82b,PH52-073,SHORT_IRON_CONDOR,development,044eef05c3277601504c,2022-06-16,8,EXCLUDED_OHLC_RANGE_PROXY,False,OHLC_RANGE_PROXY_EXCEEDS_THRESHOLD,13.354037267080747,4,4
ed63864fa6c58959e82b,PH52-073,SHORT_IRON_CONDOR,development,307dafef42b72c870148,2022-12-15,8,EXCLUDED_OHLC_RANGE_PROXY,False,OHLC_RANGE_PROXY_EXCEEDS_THRESHOLD,9.302325581395358,4,4
ed63864fa6c58959e82b,PH52-073,SHORT_IRON_CONDOR,development,c8a686f986a21faa7ed5,2023-06-22,8,EXCLUDED_OHLC_RANGE_PROXY,False,OHLC_RANGE_PROXY_EXCEEDS_THRESHOLD,11.021505376344088,4,4
ed63864fa6c58959e82b,PH52-073,SHORT_IRON_CONDOR,development,84c7352397ed038c3ea2,2023-12-28,8,EXCLUDED_OHLC_RANGE_PROXY,True,ELIGIBLE_FOR_OHLC_PRICE_REFERENCE_SIMULATION,5.681818181818182,4,4
ed63864fa6c58959e82b,PH52-073,SHORT_IRON_CONDOR,validation,f104c6f1662847c5bbcc,2024-01-04,8,EXCLUDED_OHLC_RANGE_PROXY,False,OHLC_RANGE_PROXY_EXCEEDS_THRESHOLD,10.970464135021087,4,4
ed63864fa6c58959e82b,PH52-073,SHORT_IRON_CONDOR,validation,0cd34c6b63a9f995c503,2024-05-30,8,EXCLUDED_OHLC_RANGE_PROXY,False,OHLC_RANGE_PROXY_EXCEEDS_THRESHOLD,14.496314496314492,4,4
ed63864fa6c58959e82b,PH52-073,SHORT_IRON_CONDOR,validation,75007ced19cb5e12e01f,2024-10-17,8,EXCLUDED_OHLC_RANGE_PROXY,False,OHLC_RANGE_PROXY_EXCEEDS_THRESHOLD,44.02985074626865,4,4
ed63864fa6c58959e82b,PH52-073,SHORT_IRON_CONDOR,validation,8eb8f1add17ecb221cbd,2025-03-13,8,BLOCKED_LEG_ELIGIBILITY,False,REQUIRED_LEG_PRIOR_OI_BELOW_100,14.285714285714286,4,4
ed63864fa6c58959e82b,PH52-073,SHORT_IRON_CONDOR,validation,14d9997729e438213524,2025-07-31,8,BLOCKED_LEG_ELIGIBILITY,False,REQUIRED_LEG_PRIOR_OI_BELOW_100,12.925170068027214,4,4
ed63864fa6c58959e82b,PH52-073,SHORT_IRON_CONDOR,validation,4a919e0bde313b9b9ee1,2025-12-30,8,BLOCKED_LEG_ELIGIBILITY,False,REQUIRED_LEG_PRIOR_OI_BELOW_100,17.257683215130037,4,4
d1522f8d7f12e8386fbd,PH52-073,SHORT_IRON_CONDOR,development,01f752daf3bb0e90d7b1,2021-05-27,8,EXCLUDED_OHLC_RANGE_PROXY,True,ELIGIBLE_FOR_OHLC_PRICE_REFERENCE_SIMULATION,6.329113924050633,4,4
d1522f8d7f12e8386fbd,PH52-073,SHORT_IRON_CONDOR,development,0ddaab2f8946678d3082,2021-12-09,8,EXCLUDED_OHLC_RANGE_PROXY,False,OHLC_RANGE_PROXY_EXCEEDS_THRESHOLD,21.01449275362318,4,4
d1522f8d7f12e8386fbd,PH52-073,SHORT_IRON_CONDOR,development,044eef05c3277601504c,2022-06-16,8,EXCLUDED_OHLC_RANGE_PROXY,False,OHLC_RANGE_PROXY_EXCEEDS_THRESHOLD,13.705583756345176,4,4
d1522f8d7f12e8386fbd,PH52-073,SHORT_IRON_CONDOR,development,307dafef42b72c870148,2022-12-15,8,EXCLUDED_OHLC_RANGE_PROXY,False,OHLC_RANGE_PROXY_EXCEEDS_THRESHOLD,8.771929824561402,4,4
d1522f8d7f12e8386fbd,PH52-073,SHORT_IRON_CONDOR,development,c8a686f986a21faa7ed5,2023-06-22,8,EXCLUDED_OHLC_RANGE_PROXY,True,ELIGIBLE_FOR_OHLC_PRICE_REFERENCE_SIMULATION,7.547169811320744,4,4
d1522f8d7f12e8386fbd,PH52-073,SHORT_IRON_CONDOR,development,84c7352397ed038c3ea2,2023-12-28,8,EXCLUDED_OHLC_RANGE_PROXY,True,ELIGIBLE_FOR_OHLC_PRICE_REFERENCE_SIMULATION,5.681818181818182,4,4
d1522f8d7f12e8386fbd,PH52-073,SHORT_IRON_CONDOR,validation,f104c6f1662847c5bbcc,2024-01-04,8,EXCLUDED_OHLC_RANGE_PROXY,False,OHLC_RANGE_PROXY_EXCEEDS_THRESHOLD,12.90322580645161,4,4
d1522f8d7f12e8386fbd,PH52-073,SHORT_IRON_CONDOR,validation,0cd34c6b63a9f995c503,2024-05-30,8,EXCLUDED_OHLC_RANGE_PROXY,False,OHLC_RANGE_PROXY_EXCEEDS_THRESHOLD,14.496314496314492,4,4
d1522f8d7f12e8386fbd,PH52-073,SHORT_IRON_CONDOR,validation,75007ced19cb5e12e01f,2024-10-17,8,EXCLUDED_OHLC_RANGE_PROXY,False,OHLC_RANGE_PROXY_EXCEEDS_THRESHOLD,44.444444444444436,4,4
d1522f8d7f12e8386fbd,PH52-073,SHORT_IRON_CONDOR,validation,8eb8f1add17ecb221cbd,2025-03-13,8,BLOCKED_LEG_ELIGIBILITY,False,REQUIRED_LEG_PRIOR_OI_BELOW_100,12.37113402061857,4,4
d1522f8d7f12e8386fbd,PH52-073,SHORT_IRON_CONDOR,validation,14d9997729e438213524,2025-07-31,8,BLOCKED_LEG_ELIGIBILITY,False,REQUIRED_LEG_PRIOR_OI_BELOW_100,12.925170068027214,4,4
d1522f8d7f12e8386fbd,PH52-073,SHORT_IRON_CONDOR,validation,4a919e0bde313b9b9ee1,2025-12-30,8,BLOCKED_LEG_ELIGIBILITY,False,REQUIRED_LEG_PRIOR_OI_BELOW_100,17.187500000000007,4,4
88f406f18831fffb35a5,PH52-073,SHORT_IRON_CONDOR,development,01f752daf3bb0e90d7b1,2021-05-27,8,EXCLUDED_OHLC_RANGE_PROXY,False,OHLC_RANGE_PROXY_EXCEEDS_THRESHOLD,9.677419354838703,4,4
88f406f18831fffb35a5,PH52-073,SHORT_IRON_CONDOR,development,0ddaab2f8946678d3082,2021-12-09,8,EXCLUDED_OHLC_RANGE_PROXY,False,OHLC_RANGE_PROXY_EXCEEDS_THRESHOLD,20.888888888888886,4,4
88f406f18831fffb35a5,PH52-073,SHORT_IRON_CONDOR,development,044eef05c3277601504c,2022-06-16,8,EXCLUDED_OHLC_RANGE_PROXY,False,OHLC_RANGE_PROXY_EXCEEDS_THRESHOLD,13.705583756345176,4,4
88f406f18831fffb35a5,PH52-073,SHORT_IRON_CONDOR,development,307dafef42b72c870148,2022-12-15,8,EXCLUDED_OHLC_RANGE_PROXY,False,OHLC_RANGE_PROXY_EXCEEDS_THRESHOLD,8.771929824561402,4,4
88f406f18831fffb35a5,PH52-073,SHORT_IRON_CONDOR,development,c8a686f986a21faa7ed5,2023-06-22,8,EXCLUDED_OHLC_RANGE_PROXY,True,ELIGIBLE_FOR_OHLC_PRICE_REFERENCE_SIMULATION,7.547169811320744,4,4
88f406f18831fffb35a5,PH52-073,SHORT_IRON_CONDOR,development,84c7352397ed038c3ea2,2023-12-28,8,EXCLUDED_OHLC_RANGE_PROXY,True,ELIGIBLE_FOR_OHLC_PRICE_REFERENCE_SIMULATION,5.2044609665427455,4,4
88f406f18831fffb35a5,PH52-073,SHORT_IRON_CONDOR,validation,f104c6f1662847c5bbcc,2024-01-04,8,EXCLUDED_OHLC_RANGE_PROXY,False,OHLC_RANGE_PROXY_EXCEEDS_THRESHOLD,12.90322580645161,4,4
88f406f18831fffb35a5,PH52-073,SHORT_IRON_CONDOR,validation,0cd34c6b63a9f995c503,2024-05-30,8,EXCLUDED_OHLC_RANGE_PROXY,False,OHLC_RANGE_PROXY_EXCEEDS_THRESHOLD,16.000000000000004,4,4
88f406f18831fffb35a5,PH52-073,SHORT_IRON_CONDOR,validation,75007ced19cb5e12e01f,2024-10-17,8,EXCLUDED_OHLC_RANGE_PROXY,False,OHLC_RANGE_PROXY_EXCEEDS_THRESHOLD,44.444444444444436,4,4
88f406f18831fffb35a5,PH52-073,SHORT_IRON_CONDOR,validation,8eb8f1add17ecb221cbd,2025-03-13,8,BLOCKED_LEG_ELIGIBILITY,False,REQUIRED_LEG_PRIOR_OI_BELOW_100,12.37113402061857,4,4
88f406f18831fffb35a5,PH52-073,SHORT_IRON_CONDOR,validation,14d9997729e438213524,2025-07-31,8,BLOCKED_LEG_ELIGIBILITY,False,REQUIRED_LEG_PRIOR_OI_BELOW_100,12.385321100917428,4,4
88f406f18831fffb35a5,PH52-073,SHORT_IRON_CONDOR,validation,4a919e0bde313b9b9ee1,2025-12-30,8,BLOCKED_LEG_ELIGIBILITY,False,REQUIRED_LEG_PRIOR_OI_BELOW_100,15.51724137931035,4,4
3bb7fb2966c25f63f7b8,PH52-073,SHORT_IRON_CONDOR,development,ce8e12389ff297becff9,2021-05-27,8,EXCLUDED_OHLC_RANGE_PROXY,False,OHLC_RANGE_PROXY_EXCEEDS_THRESHOLD,10.322580645161288,4,4
3bb7fb2966c25f63f7b8,PH52-073,SHORT_IRON_CONDOR,development,061c004245393c77b5c7,2021-12-09,8,EXCLUDED_OHLC_RANGE_PROXY,False,OHLC_RANGE_PROXY_EXCEEDS_THRESHOLD,10.270270270270263,4,4
3bb7fb2966c25f63f7b8,PH52-073,SHORT_IRON_CONDOR,development,b58d771555d73891d2fd,2022-06-16,8,EXCLUDED_OHLC_RANGE_PROXY,False,OHLC_RANGE_PROXY_EXCEEDS_THRESHOLD,32.28346456692915,4,4
3bb7fb2966c25f63f7b8,PH52-073,SHORT_IRON_CONDOR,development,8c9b97c314b368f7a743,2022-12-15,8,EXCLUDED_OHLC_RANGE_PROXY,False,OHLC_RANGE_PROXY_EXCEEDS_THRESHOLD,16.250000000000007,4,4
3bb7fb2966c25f63f7b8,PH52-073,SHORT_IRON_CONDOR,development,b2b9482e70f4a2ace098,2023-06-22,8,EXCLUDED_OHLC_RANGE_PROXY,False,OHLC_RANGE_PROXY_EXCEEDS_THRESHOLD,11.874999999999991,4,4
3bb7fb2966c25f63f7b8,PH52-073,SHORT_IRON_CONDOR,development,804301753400916af24f,2023-12-28,8,EXCLUDED_OHLC_RANGE_PROXY,False,OHLC_RANGE_PROXY_EXCEEDS_THRESHOLD,13.793103448275865,4,4
3bb7fb2966c25f63f7b8,PH52-073,SHORT_IRON_CONDOR,validation,c1472f0b801661762bc6,2024-01-04,8,EXCLUDED_OHLC_RANGE_PROXY,False,OHLC_RANGE_PROXY_EXCEEDS_THRESHOLD,17.58241758241759,4,4
3bb7fb2966c25f63f7b8,PH52-073,SHORT_IRON_CONDOR,validation,1d33307443bd39106f13,2024-05-30,8,EXCLUDED_OHLC_RANGE_PROXY,False,OHLC_RANGE_PROXY_EXCEEDS_THRESHOLD,12.436548223350252,4,4
3bb7fb2966c25f63f7b8,PH52-073,SHORT_IRON_CONDOR,validation,50696f11ab0417607875,2024-10-17,8,EXCLUDED_OHLC_RANGE_PROXY,False,OHLC_RANGE_PROXY_EXCEEDS_THRESHOLD,17.857142857142858,4,4
3bb7fb2966c25f63f7b8,PH52-073,SHORT_IRON_CONDOR,validation,58a4c4843286bd3943a2,2025-03-13,8,BLOCKED_LEG_ELIGIBILITY,False,REQUIRED_LEG_PRIOR_OI_BELOW_100,14.736842105263161,4,4
3bb7fb2966c25f63f7b8,PH52-073,SHORT_IRON_CONDOR,validation,e5919e2053dc59805884,2025-07-31,8,BLOCKED_LEG_ELIGIBILITY,False,REQUIRED_LEG_PRIOR_OI_BELOW_100,31.39158576051781,4,4
3bb7fb2966c25f63f7b8,PH52-073,SHORT_IRON_CONDOR,validation,2744fff722d389044d25,2025-12-30,8,EXCLUDED_OHLC_RANGE_PROXY,False,OHLC_RANGE_PROXY_EXCEEDS_THRESHOLD,13.46153846153846,4,4
afd015454460bea2a27d,PH52-073,SHORT_IRON_CONDOR,development,ce8e12389ff297becff9,2021-05-27,8,EXCLUDED_OHLC_RANGE_PROXY,False,OHLC_RANGE_PROXY_EXCEEDS_THRESHOLD,10.322580645161288,4,4
afd015454460bea2a27d,PH52-073,SHORT_IRON_CONDOR,development,061c004245393c77b5c7,2021-12-09,8,EXCLUDED_OHLC_RANGE_PROXY,False,OHLC_RANGE_PROXY_EXCEEDS_THRESHOLD,10.270270270270263,4,4
afd015454460bea2a27d,PH52-073,SHORT_IRON_CONDOR,development,b58d771555d73891d2fd,2022-06-16,8,EXCLUDED_OHLC_RANGE_PROXY,False,OHLC_RANGE_PROXY_EXCEEDS_THRESHOLD,25.89118198874296,4,4
afd015454460bea2a27d,PH52-073,SHORT_IRON_CONDOR,development,8c9b97c314b368f7a743,2022-12-15,8,EXCLUDED_OHLC_RANGE_PROXY,False,OHLC_RANGE_PROXY_EXCEEDS_THRESHOLD,16.250000000000007,4,4
afd015454460bea2a27d,PH52-073,SHORT_IRON_CONDOR,development,b2b9482e70f4a2ace098,2023-06-22,8,EXCLUDED_OHLC_RANGE_PROXY,False,OHLC_RANGE_PROXY_EXCEEDS_THRESHOLD,14.285714285714299,4,4
afd015454460bea2a27d,PH52-073,SHORT_IRON_CONDOR,development,804301753400916af24f,2023-12-28,8,EXCLUDED_OHLC_RANGE_PROXY,False,OHLC_RANGE_PROXY_EXCEEDS_THRESHOLD,13.793103448275865,4,4
afd015454460bea2a27d,PH52-073,SHORT_IRON_CONDOR,validation,c1472f0b801661762bc6,2024-01-04,8,EXCLUDED_OHLC_RANGE_PROXY,False,OHLC_RANGE_PROXY_EXCEEDS_THRESHOLD,17.58241758241759,4,4
afd015454460bea2a27d,PH52-073,SHORT_IRON_CONDOR,validation,1d33307443bd39106f13,2024-05-30,8,EXCLUDED_OHLC_RANGE_PROXY,False,OHLC_RANGE_PROXY_EXCEEDS_THRESHOLD,12.436548223350252,4,4
afd015454460bea2a27d,PH52-073,SHORT_IRON_CONDOR,validation,50696f11ab0417607875,2024-10-17,8,EXCLUDED_OHLC_RANGE_PROXY,False,OHLC_RANGE_PROXY_EXCEEDS_THRESHOLD,17.857142857142858,4,4
afd015454460bea2a27d,PH52-073,SHORT_IRON_CONDOR,validation,58a4c4843286bd3943a2,2025-03-13,8,BLOCKED_LEG_ELIGIBILITY,False,REQUIRED_LEG_PRIOR_OI_BELOW_100,14.736842105263161,4,4
afd015454460bea2a27d,PH52-073,SHORT_IRON_CONDOR,validation,e5919e2053dc59805884,2025-07-31,8,BLOCKED_LEG_ELIGIBILITY,False,REQUIRED_LEG_PRIOR_OI_BELOW_100,31.521739130434792,4,4
afd015454460bea2a27d,PH52-073,SHORT_IRON_CONDOR,validation,2744fff722d389044d25,2025-12-30,8,EXCLUDED_OHLC_RANGE_PROXY,False,OHLC_RANGE_PROXY_EXCEEDS_THRESHOLD,13.46153846153846,4,4
2f542b011d83f30b511e,PH52-073,SHORT_IRON_CONDOR,development,ce8e12389ff297becff9,2021-05-27,8,EXCLUDED_OHLC_RANGE_PROXY,False,OHLC_RANGE_PROXY_EXCEEDS_THRESHOLD,10.000000000000009,4,4
2f542b011d83f30b511e,PH52-073,SHORT_IRON_CONDOR,development,061c004245393c77b5c7,2021-12-09,8,EXCLUDED_OHLC_RANGE_PROXY,False,OHLC_RANGE_PROXY_EXCEEDS_THRESHOLD,9.090909090909086,4,4
2f542b011d83f30b511e,PH52-073,SHORT_IRON_CONDOR,development,b58d771555d73891d2fd,2022-06-16,8,EXCLUDED_OHLC_RANGE_PROXY,False,OHLC_RANGE_PROXY_EXCEEDS_THRESHOLD,32.28346456692912,4,4
2f542b011d83f30b511e,PH52-073,SHORT_IRON_CONDOR,development,8c9b97c314b368f7a743,2022-12-15,8,EXCLUDED_OHLC_RANGE_PROXY,False,OHLC_RANGE_PROXY_EXCEEDS_THRESHOLD,10.526315789473683,4,4
2f542b011d83f30b511e,PH52-073,SHORT_IRON_CONDOR,development,b2b9482e70f4a2ace098,2023-06-22,8,EXCLUDED_OHLC_RANGE_PROXY,False,OHLC_RANGE_PROXY_EXCEEDS_THRESHOLD,14.285714285714299,4,4
2f542b011d83f30b511e,PH52-073,SHORT_IRON_CONDOR,development,804301753400916af24f,2023-12-28,8,EXCLUDED_OHLC_RANGE_PROXY,False,OHLC_RANGE_PROXY_EXCEEDS_THRESHOLD,11.49425287356322,4,4
2f542b011d83f30b511e,PH52-073,SHORT_IRON_CONDOR,validation,c1472f0b801661762bc6,2024-01-04,8,EXCLUDED_OHLC_RANGE_PROXY,False,OHLC_RANGE_PROXY_EXCEEDS_THRESHOLD,15.384615384615381,4,4
2f542b011d83f30b511e,PH52-073,SHORT_IRON_CONDOR,validation,1d33307443bd39106f13,2024-05-30,8,EXCLUDED_OHLC_RANGE_PROXY,False,OHLC_RANGE_PROXY_EXCEEDS_THRESHOLD,12.22222222222222,4,4
2f542b011d83f30b511e,PH52-073,SHORT_IRON_CONDOR,validation,50696f11ab0417607875,2024-10-17,8,EXCLUDED_OHLC_RANGE_PROXY,False,OHLC_RANGE_PROXY_EXCEEDS_THRESHOLD,14.285714285714299,4,4
2f542b011d83f30b511e,PH52-073,SHORT_IRON_CONDOR,validation,58a4c4843286bd3943a2,2025-03-13,8,BLOCKED_LEG_ELIGIBILITY,False,REQUIRED_LEG_PRIOR_OI_BELOW_100,8.510638297872347,4,4
2f542b011d83f30b511e,PH52-073,SHORT_IRON_CONDOR,validation,e5919e2053dc59805884,2025-07-31,8,BLOCKED_LEG_ELIGIBILITY,False,REQUIRED_LEG_PRIOR_OI_BELOW_100,34.78260869565216,4,4
2f542b011d83f30b511e,PH52-073,SHORT_IRON_CONDOR,validation,2744fff722d389044d25,2025-12-30,8,EXCLUDED_OHLC_RANGE_PROXY,False,OHLC_RANGE_PROXY_EXCEEDS_THRESHOLD,12.50000000000001,4,4
8ac7e282e4555d32f4b1,PH52-073,SHORT_IRON_CONDOR,development,ce8e12389ff297becff9,2021-05-27,8,EXCLUDED_OHLC_RANGE_PROXY,False,OHLC_RANGE_PROXY_EXCEEDS_THRESHOLD,14.285714285714299,4,4
8ac7e282e4555d32f4b1,PH52-073,SHORT_IRON_CONDOR,development,061c004245393c77b5c7,2021-12-09,8,EXCLUDED_OHLC_RANGE_PROXY,False,OHLC_RANGE_PROXY_EXCEEDS_THRESHOLD,10.000000000000009,4,4
8ac7e282e4555d32f4b1,PH52-073,SHORT_IRON_CONDOR,development,b58d771555d73891d2fd,2022-06-16,8,EXCLUDED_OHLC_RANGE_PROXY,False,OHLC_RANGE_PROXY_EXCEEDS_THRESHOLD,32.28346456692912,4,4
8ac7e282e4555d32f4b1,PH52-073,SHORT_IRON_CONDOR,development,8c9b97c314b368f7a743,2022-12-15,8,EXCLUDED_OHLC_RANGE_PROXY,False,OHLC_RANGE_PROXY_EXCEEDS_THRESHOLD,22.22222222222223,4,4
8ac7e282e4555d32f4b1,PH52-073,SHORT_IRON_CONDOR,development,b2b9482e70f4a2ace098,2023-06-22,8,EXCLUDED_OHLC_RANGE_PROXY,False,OHLC_RANGE_PROXY_EXCEEDS_THRESHOLD,12.499999999999996,4,4
8ac7e282e4555d32f4b1,PH52-073,SHORT_IRON_CONDOR,development,804301753400916af24f,2023-12-28,8,EXCLUDED_OHLC_RANGE_PROXY,False,OHLC_RANGE_PROXY_EXCEEDS_THRESHOLD,11.49425287356322,4,4
8ac7e282e4555d32f4b1,PH52-073,SHORT_IRON_CONDOR,validation,c1472f0b801661762bc6,2024-01-04,8,EXCLUDED_OHLC_RANGE_PROXY,False,OHLC_RANGE_PROXY_EXCEEDS_THRESHOLD,19.999999999999996,4,4
8ac7e282e4555d32f4b1,PH52-073,SHORT_IRON_CONDOR,validation,1d33307443bd39106f13,2024-05-30,8,EXCLUDED_OHLC_RANGE_PROXY,False,OHLC_RANGE_PROXY_EXCEEDS_THRESHOLD,12.056737588652478,4,4
8ac7e282e4555d32f4b1,PH52-073,SHORT_IRON_CONDOR,validation,50696f11ab0417607875,2024-10-17,8,EXCLUDED_OHLC_RANGE_PROXY,False,OHLC_RANGE_PROXY_EXCEEDS_THRESHOLD,14.285714285714288,4,4
8ac7e282e4555d32f4b1,PH52-073,SHORT_IRON_CONDOR,validation,58a4c4843286bd3943a2,2025-03-13,8,BLOCKED_LEG_ELIGIBILITY,False,REQUIRED_LEG_PRIOR_OI_BELOW_100,10.000000000000009,4,4
8ac7e282e4555d32f4b1,PH52-073,SHORT_IRON_CONDOR,validation,e5919e2053dc59805884,2025-07-31,8,BLOCKED_LEG_ELIGIBILITY,False,REQUIRED_LEG_PRIOR_OI_BELOW_100,34.78260869565216,4,4
8ac7e282e4555d32f4b1,PH52-073,SHORT_IRON_CONDOR,validation,2744fff722d389044d25,2025-12-30,8,EXCLUDED_OHLC_RANGE_PROXY,False,OHLC_RANGE_PROXY_EXCEEDS_THRESHOLD,10.526315789473683,4,4
fe6add04f5cb79f886ae,PH52-043,BEAR_CALL_SPREAD,development,01f752daf3bb0e90d7b1,2021-05-27,10,EXCLUDED_OHLC_RANGE_PROXY,True,ELIGIBLE_FOR_OHLC_PRICE_REFERENCE_SIMULATION,5.384615384615379,2,2
fe6add04f5cb79f886ae,PH52-043,BEAR_CALL_SPREAD,development,0ddaab2f8946678d3082,2021-12-09,10,EXCLUDED_OHLC_RANGE_PROXY,False,OHLC_RANGE_PROXY_EXCEEDS_THRESHOLD,13.180515759312314,2,2
fe6add04f5cb79f886ae,PH52-043,BEAR_CALL_SPREAD,development,044eef05c3277601504c,2022-06-16,10,EXCLUDED_OHLC_RANGE_PROXY,False,OHLC_RANGE_PROXY_EXCEEDS_THRESHOLD,10.924369747899156,2,2
fe6add04f5cb79f886ae,PH52-043,BEAR_CALL_SPREAD,development,307dafef42b72c870148,2022-12-15,10,EXCLUDED_OHLC_RANGE_PROXY,True,ELIGIBLE_FOR_OHLC_PRICE_REFERENCE_SIMULATION,5.957446808510648,2,2
fe6add04f5cb79f886ae,PH52-043,BEAR_CALL_SPREAD,development,c8a686f986a21faa7ed5,2023-06-22,10,EXCLUDED_OHLC_RANGE_PROXY,False,OHLC_RANGE_PROXY_EXCEEDS_THRESHOLD,12.765957446808503,2,2
fe6add04f5cb79f886ae,PH52-043,BEAR_CALL_SPREAD,development,84c7352397ed038c3ea2,2023-12-28,10,EXCLUDED_OHLC_RANGE_PROXY,True,ELIGIBLE_FOR_OHLC_PRICE_REFERENCE_SIMULATION,4.511278195488715,2,2
fe6add04f5cb79f886ae,PH52-043,BEAR_CALL_SPREAD,validation,f104c6f1662847c5bbcc,2024-01-04,10,EXCLUDED_OHLC_RANGE_PROXY,True,ELIGIBLE_FOR_OHLC_PRICE_REFERENCE_SIMULATION,8.63309352517985,2,2
fe6add04f5cb79f886ae,PH52-043,BEAR_CALL_SPREAD,validation,0cd34c6b63a9f995c503,2024-05-30,10,EXCLUDED_OHLC_RANGE_PROXY,True,ELIGIBLE_FOR_OHLC_PRICE_REFERENCE_SIMULATION,8.391608391608392,2,2
fe6add04f5cb79f886ae,PH52-043,BEAR_CALL_SPREAD,validation,75007ced19cb5e12e01f,2024-10-17,10,EXCLUDED_OHLC_RANGE_PROXY,False,OHLC_RANGE_PROXY_EXCEEDS_THRESHOLD,17.452830188679247,2,2
fe6add04f5cb79f886ae,PH52-043,BEAR_CALL_SPREAD,validation,8eb8f1add17ecb221cbd,2025-03-13,10,BLOCKED_LEG_ELIGIBILITY,False,REQUIRED_LEG_PRIOR_OI_BELOW_100,14.285714285714286,2,2
fe6add04f5cb79f886ae,PH52-043,BEAR_CALL_SPREAD,validation,14d9997729e438213524,2025-07-31,10,BLOCKED_LEG_ELIGIBILITY,False,REQUIRED_LEG_PRIOR_OI_BELOW_100,14.367816091954024,2,2
fe6add04f5cb79f886ae,PH52-043,BEAR_CALL_SPREAD,validation,4a919e0bde313b9b9ee1,2025-12-30,10,BLOCKED_LEG_ELIGIBILITY,False,REQUIRED_LEG_PRIOR_OI_BELOW_100,17.257683215130037,2,2
7fbbaa60e31b671300e2,PH52-043,BEAR_CALL_SPREAD,development,01f752daf3bb0e90d7b1,2021-05-27,10,EXCLUDED_OHLC_RANGE_PROXY,True,ELIGIBLE_FOR_OHLC_PRICE_REFERENCE_SIMULATION,5.246913580246912,2,2
7fbbaa60e31b671300e2,PH52-043,BEAR_CALL_SPREAD,development,0ddaab2f8946678d3082,2021-12-09,10,EXCLUDED_OHLC_RANGE_PROXY,False,OHLC_RANGE_PROXY_EXCEEDS_THRESHOLD,11.158798283261808,2,2
7fbbaa60e31b671300e2,PH52-043,BEAR_CALL_SPREAD,development,044eef05c3277601504c,2022-06-16,10,EXCLUDED_OHLC_RANGE_PROXY,False,OHLC_RANGE_PROXY_EXCEEDS_THRESHOLD,10.736196319018415,2,2
7fbbaa60e31b671300e2,PH52-043,BEAR_CALL_SPREAD,development,307dafef42b72c870148,2022-12-15,10,EXCLUDED_OHLC_RANGE_PROXY,True,ELIGIBLE_FOR_OHLC_PRICE_REFERENCE_SIMULATION,5.957446808510648,2,2
7fbbaa60e31b671300e2,PH52-043,BEAR_CALL_SPREAD,development,c8a686f986a21faa7ed5,2023-06-22,10,EXCLUDED_OHLC_RANGE_PROXY,False,OHLC_RANGE_PROXY_EXCEEDS_THRESHOLD,11.021505376344088,2,2
7fbbaa60e31b671300e2,PH52-043,BEAR_CALL_SPREAD,development,84c7352397ed038c3ea2,2023-12-28,10,EXCLUDED_OHLC_RANGE_PROXY,True,ELIGIBLE_FOR_OHLC_PRICE_REFERENCE_SIMULATION,4.341736694677863,2,2
7fbbaa60e31b671300e2,PH52-043,BEAR_CALL_SPREAD,validation,f104c6f1662847c5bbcc,2024-01-04,10,EXCLUDED_OHLC_RANGE_PROXY,True,ELIGIBLE_FOR_OHLC_PRICE_REFERENCE_SIMULATION,6.666666666666658,2,2
7fbbaa60e31b671300e2,PH52-043,BEAR_CALL_SPREAD,validation,0cd34c6b63a9f995c503,2024-05-30,10,EXCLUDED_OHLC_RANGE_PROXY,True,ELIGIBLE_FOR_OHLC_PRICE_REFERENCE_SIMULATION,8.620689655172415,2,2
7fbbaa60e31b671300e2,PH52-043,BEAR_CALL_SPREAD,validation,75007ced19cb5e12e01f,2024-10-17,10,EXCLUDED_OHLC_RANGE_PROXY,False,OHLC_RANGE_PROXY_EXCEEDS_THRESHOLD,17.452830188679247,2,2
7fbbaa60e31b671300e2,PH52-043,BEAR_CALL_SPREAD,validation,8eb8f1add17ecb221cbd,2025-03-13,10,BLOCKED_LEG_ELIGIBILITY,False,REQUIRED_LEG_PRIOR_OI_BELOW_100,14.285714285714286,2,2
7fbbaa60e31b671300e2,PH52-043,BEAR_CALL_SPREAD,validation,14d9997729e438213524,2025-07-31,10,BLOCKED_LEG_ELIGIBILITY,False,REQUIRED_LEG_PRIOR_OI_BELOW_100,12.925170068027214,2,2
7fbbaa60e31b671300e2,PH52-043,BEAR_CALL_SPREAD,validation,4a919e0bde313b9b9ee1,2025-12-30,10,BLOCKED_LEG_ELIGIBILITY,False,REQUIRED_LEG_PRIOR_OI_BELOW_100,17.257683215130037,2,2
16d864e72053099b92bd,PH52-043,BEAR_CALL_SPREAD,development,01f752daf3bb0e90d7b1,2021-05-27,10,EXCLUDED_OHLC_RANGE_PROXY,True,ELIGIBLE_FOR_OHLC_PRICE_REFERENCE_SIMULATION,5.9999999999999964,2,2
16d864e72053099b92bd,PH52-043,BEAR_CALL_SPREAD,development,0ddaab2f8946678d3082,2021-12-09,10,EXCLUDED_OHLC_RANGE_PROXY,False,OHLC_RANGE_PROXY_EXCEEDS_THRESHOLD,10.596026490066224,2,2
16d864e72053099b92bd,PH52-043,BEAR_CALL_SPREAD,development,044eef05c3277601504c,2022-06-16,10,EXCLUDED_OHLC_RANGE_PROXY,True,ELIGIBLE_FOR_OHLC_PRICE_REFERENCE_SIMULATION,9.78260869565216,2,2
16d864e72053099b92bd,PH52-043,BEAR_CALL_SPREAD,development,307dafef42b72c870148,2022-12-15,10,EXCLUDED_OHLC_RANGE_PROXY,True,ELIGIBLE_FOR_OHLC_PRICE_REFERENCE_SIMULATION,3.63636363636364,2,2
16d864e72053099b92bd,PH52-043,BEAR_CALL_SPREAD,development,c8a686f986a21faa7ed5,2023-06-22,10,EXCLUDED_OHLC_RANGE_PROXY,True,ELIGIBLE_FOR_OHLC_PRICE_REFERENCE_SIMULATION,7.547169811320744,2,2
16d864e72053099b92bd,PH52-043,BEAR_CALL_SPREAD,development,84c7352397ed038c3ea2,2023-12-28,10,EXCLUDED_OHLC_RANGE_PROXY,True,ELIGIBLE_FOR_OHLC_PRICE_REFERENCE_SIMULATION,4.784688995215311,2,2
16d864e72053099b92bd,PH52-043,BEAR_CALL_SPREAD,validation,f104c6f1662847c5bbcc,2024-01-04,10,EXCLUDED_OHLC_RANGE_PROXY,True,ELIGIBLE_FOR_OHLC_PRICE_REFERENCE_SIMULATION,5.882352941176485,2,2
16d864e72053099b92bd,PH52-043,BEAR_CALL_SPREAD,validation,0cd34c6b63a9f995c503,2024-05-30,10,EXCLUDED_OHLC_RANGE_PROXY,True,ELIGIBLE_FOR_OHLC_PRICE_REFERENCE_SIMULATION,8.739837398373977,2,2
16d864e72053099b92bd,PH52-043,BEAR_CALL_SPREAD,validation,75007ced19cb5e12e01f,2024-10-17,10,EXCLUDED_OHLC_RANGE_PROXY,False,OHLC_RANGE_PROXY_EXCEEDS_THRESHOLD,15.302491103202849,2,2
16d864e72053099b92bd,PH52-043,BEAR_CALL_SPREAD,validation,8eb8f1add17ecb221cbd,2025-03-13,10,BLOCKED_LEG_ELIGIBILITY,False,REQUIRED_LEG_PRIOR_OI_BELOW_100,12.37113402061857,2,2
16d864e72053099b92bd,PH52-043,BEAR_CALL_SPREAD,validation,14d9997729e438213524,2025-07-31,10,BLOCKED_LEG_ELIGIBILITY,False,REQUIRED_LEG_PRIOR_OI_BELOW_100,12.925170068027214,2,2
16d864e72053099b92bd,PH52-043,BEAR_CALL_SPREAD,validation,4a919e0bde313b9b9ee1,2025-12-30,10,BLOCKED_LEG_ELIGIBILITY,False,REQUIRED_LEG_PRIOR_OI_BELOW_100,17.187500000000007,2,2
996fe2c49ae57ab7d9a0,PH52-043,BEAR_CALL_SPREAD,development,01f752daf3bb0e90d7b1,2021-05-27,10,EXCLUDED_OHLC_RANGE_PROXY,True,ELIGIBLE_FOR_OHLC_PRICE_REFERENCE_SIMULATION,5.9999999999999964,2,2
996fe2c49ae57ab7d9a0,PH52-043,BEAR_CALL_SPREAD,development,0ddaab2f8946678d3082,2021-12-09,10,EXCLUDED_OHLC_RANGE_PROXY,False,OHLC_RANGE_PROXY_EXCEEDS_THRESHOLD,10.596026490066224,2,2
996fe2c49ae57ab7d9a0,PH52-043,BEAR_CALL_SPREAD,development,044eef05c3277601504c,2022-06-16,10,EXCLUDED_OHLC_RANGE_PROXY,True,ELIGIBLE_FOR_OHLC_PRICE_REFERENCE_SIMULATION,9.78260869565216,2,2
996fe2c49ae57ab7d9a0,PH52-043,BEAR_CALL_SPREAD,development,307dafef42b72c870148,2022-12-15,10,EXCLUDED_OHLC_RANGE_PROXY,True,ELIGIBLE_FOR_OHLC_PRICE_REFERENCE_SIMULATION,3.8461538461538494,2,2
996fe2c49ae57ab7d9a0,PH52-043,BEAR_CALL_SPREAD,development,c8a686f986a21faa7ed5,2023-06-22,10,EXCLUDED_OHLC_RANGE_PROXY,True,ELIGIBLE_FOR_OHLC_PRICE_REFERENCE_SIMULATION,7.547169811320744,2,2
996fe2c49ae57ab7d9a0,PH52-043,BEAR_CALL_SPREAD,development,84c7352397ed038c3ea2,2023-12-28,10,EXCLUDED_OHLC_RANGE_PROXY,True,ELIGIBLE_FOR_OHLC_PRICE_REFERENCE_SIMULATION,4.784688995215311,2,2
996fe2c49ae57ab7d9a0,PH52-043,BEAR_CALL_SPREAD,validation,f104c6f1662847c5bbcc,2024-01-04,10,EXCLUDED_OHLC_RANGE_PROXY,True,ELIGIBLE_FOR_OHLC_PRICE_REFERENCE_SIMULATION,7.1428571428571335,2,2
996fe2c49ae57ab7d9a0,PH52-043,BEAR_CALL_SPREAD,validation,0cd34c6b63a9f995c503,2024-05-30,10,EXCLUDED_OHLC_RANGE_PROXY,True,ELIGIBLE_FOR_OHLC_PRICE_REFERENCE_SIMULATION,8.739837398373977,2,2
996fe2c49ae57ab7d9a0,PH52-043,BEAR_CALL_SPREAD,validation,75007ced19cb5e12e01f,2024-10-17,10,EXCLUDED_OHLC_RANGE_PROXY,False,OHLC_RANGE_PROXY_EXCEEDS_THRESHOLD,15.302491103202849,2,2
996fe2c49ae57ab7d9a0,PH52-043,BEAR_CALL_SPREAD,validation,8eb8f1add17ecb221cbd,2025-03-13,10,BLOCKED_LEG_ELIGIBILITY,False,REQUIRED_LEG_PRIOR_OI_BELOW_100,12.37113402061857,2,2
996fe2c49ae57ab7d9a0,PH52-043,BEAR_CALL_SPREAD,validation,14d9997729e438213524,2025-07-31,10,BLOCKED_LEG_ELIGIBILITY,False,REQUIRED_LEG_PRIOR_OI_BELOW_100,12.385321100917428,2,2
996fe2c49ae57ab7d9a0,PH52-043,BEAR_CALL_SPREAD,validation,4a919e0bde313b9b9ee1,2025-12-30,10,BLOCKED_LEG_ELIGIBILITY,False,REQUIRED_LEG_PRIOR_OI_BELOW_100,15.51724137931035,2,2
60c2d16b969965ff2b15,PH52-043,BEAR_CALL_SPREAD,development,ce8e12389ff297becff9,2021-05-27,10,EXCLUDED_OHLC_RANGE_PROXY,False,OHLC_RANGE_PROXY_EXCEEDS_THRESHOLD,10.322580645161288,2,2
60c2d16b969965ff2b15,PH52-043,BEAR_CALL_SPREAD,development,061c004245393c77b5c7,2021-12-09,10,EXCLUDED_OHLC_RANGE_PROXY,True,ELIGIBLE_FOR_OHLC_PRICE_REFERENCE_SIMULATION,9.48509485094851,2,2
60c2d16b969965ff2b15,PH52-043,BEAR_CALL_SPREAD,development,b58d771555d73891d2fd,2022-06-16,10,EXCLUDED_OHLC_RANGE_PROXY,False,OHLC_RANGE_PROXY_EXCEEDS_THRESHOLD,22.22222222222222,2,2
60c2d16b969965ff2b15,PH52-043,BEAR_CALL_SPREAD,development,8c9b97c314b368f7a743,2022-12-15,10,EXCLUDED_OHLC_RANGE_PROXY,True,ELIGIBLE_FOR_OHLC_PRICE_REFERENCE_SIMULATION,8.231707317073157,2,2
60c2d16b969965ff2b15,PH52-043,BEAR_CALL_SPREAD,development,b2b9482e70f4a2ace098,2023-06-22,10,EXCLUDED_OHLC_RANGE_PROXY,False,OHLC_RANGE_PROXY_EXCEEDS_THRESHOLD,11.874999999999991,2,2
60c2d16b969965ff2b15,PH52-043,BEAR_CALL_SPREAD,development,804301753400916af24f,2023-12-28,10,EXCLUDED_OHLC_RANGE_PROXY,False,OHLC_RANGE_PROXY_EXCEEDS_THRESHOLD,12.962962962962964,2,2
60c2d16b969965ff2b15,PH52-043,BEAR_CALL_SPREAD,validation,c1472f0b801661762bc6,2024-01-04,10,EXCLUDED_OHLC_RANGE_PROXY,False,OHLC_RANGE_PROXY_EXCEEDS_THRESHOLD,17.58241758241759,2,2
60c2d16b969965ff2b15,PH52-043,BEAR_CALL_SPREAD,validation,1d33307443bd39106f13,2024-05-30,10,EXCLUDED_OHLC_RANGE_PROXY,False,OHLC_RANGE_PROXY_EXCEEDS_THRESHOLD,12.436548223350252,2,2
60c2d16b969965ff2b15,PH52-043,BEAR_CALL_SPREAD,validation,50696f11ab0417607875,2024-10-17,10,EXCLUDED_OHLC_RANGE_PROXY,False,OHLC_RANGE_PROXY_EXCEEDS_THRESHOLD,17.857142857142858,2,2
60c2d16b969965ff2b15,PH52-043,BEAR_CALL_SPREAD,validation,58a4c4843286bd3943a2,2025-03-13,10,BLOCKED_LEG_ELIGIBILITY,False,REQUIRED_LEG_PRIOR_OI_BELOW_100,10.0,2,2
60c2d16b969965ff2b15,PH52-043,BEAR_CALL_SPREAD,validation,e5919e2053dc59805884,2025-07-31,10,BLOCKED_LEG_ELIGIBILITY,False,REQUIRED_LEG_PRIOR_OI_BELOW_100,31.39158576051781,2,2
60c2d16b969965ff2b15,PH52-043,BEAR_CALL_SPREAD,validation,2744fff722d389044d25,2025-12-30,10,EXCLUDED_OHLC_RANGE_PROXY,False,OHLC_RANGE_PROXY_EXCEEDS_THRESHOLD,11.363636363636365,2,2
f96abfc5c945c889729f,PH52-043,BEAR_CALL_SPREAD,development,ce8e12389ff297becff9,2021-05-27,10,EXCLUDED_OHLC_RANGE_PROXY,False,OHLC_RANGE_PROXY_EXCEEDS_THRESHOLD,10.322580645161288,2,2
f96abfc5c945c889729f,PH52-043,BEAR_CALL_SPREAD,development,061c004245393c77b5c7,2021-12-09,10,EXCLUDED_OHLC_RANGE_PROXY,True,ELIGIBLE_FOR_OHLC_PRICE_REFERENCE_SIMULATION,9.48509485094851,2,2
f96abfc5c945c889729f,PH52-043,BEAR_CALL_SPREAD,development,b58d771555d73891d2fd,2022-06-16,10,EXCLUDED_OHLC_RANGE_PROXY,False,OHLC_RANGE_PROXY_EXCEEDS_THRESHOLD,21.229050279329606,2,2
f96abfc5c945c889729f,PH52-043,BEAR_CALL_SPREAD,development,8c9b97c314b368f7a743,2022-12-15,10,EXCLUDED_OHLC_RANGE_PROXY,True,ELIGIBLE_FOR_OHLC_PRICE_REFERENCE_SIMULATION,8.231707317073157,2,2
f96abfc5c945c889729f,PH52-043,BEAR_CALL_SPREAD,development,b2b9482e70f4a2ace098,2023-06-22,10,EXCLUDED_OHLC_RANGE_PROXY,False,OHLC_RANGE_PROXY_EXCEEDS_THRESHOLD,11.874999999999991,2,2
f96abfc5c945c889729f,PH52-043,BEAR_CALL_SPREAD,development,804301753400916af24f,2023-12-28,10,EXCLUDED_OHLC_RANGE_PROXY,False,OHLC_RANGE_PROXY_EXCEEDS_THRESHOLD,12.962962962962964,2,2
f96abfc5c945c889729f,PH52-043,BEAR_CALL_SPREAD,validation,c1472f0b801661762bc6,2024-01-04,10,EXCLUDED_OHLC_RANGE_PROXY,False,OHLC_RANGE_PROXY_EXCEEDS_THRESHOLD,17.58241758241759,2,2
f96abfc5c945c889729f,PH52-043,BEAR_CALL_SPREAD,validation,1d33307443bd39106f13,2024-05-30,10,EXCLUDED_OHLC_RANGE_PROXY,False,OHLC_RANGE_PROXY_EXCEEDS_THRESHOLD,12.436548223350252,2,2
f96abfc5c945c889729f,PH52-043,BEAR_CALL_SPREAD,validation,50696f11ab0417607875,2024-10-17,10,EXCLUDED_OHLC_RANGE_PROXY,False,OHLC_RANGE_PROXY_EXCEEDS_THRESHOLD,17.857142857142858,2,2
f96abfc5c945c889729f,PH52-043,BEAR_CALL_SPREAD,validation,58a4c4843286bd3943a2,2025-03-13,10,BLOCKED_LEG_ELIGIBILITY,False,REQUIRED_LEG_PRIOR_OI_BELOW_100,10.0,2,2
f96abfc5c945c889729f,PH52-043,BEAR_CALL_SPREAD,validation,e5919e2053dc59805884,2025-07-31,10,BLOCKED_LEG_ELIGIBILITY,False,REQUIRED_LEG_PRIOR_OI_BELOW_100,31.521739130434792,2,2
f96abfc5c945c889729f,PH52-043,BEAR_CALL_SPREAD,validation,2744fff722d389044d25,2025-12-30,10,EXCLUDED_OHLC_RANGE_PROXY,False,OHLC_RANGE_PROXY_EXCEEDS_THRESHOLD,11.363636363636365,2,2
31945d66866929a2f44e,PH52-043,BEAR_CALL_SPREAD,development,ce8e12389ff297becff9,2021-05-27,10,EXCLUDED_OHLC_RANGE_PROXY,False,OHLC_RANGE_PROXY_EXCEEDS_THRESHOLD,10.000000000000009,2,2
31945d66866929a2f44e,PH52-043,BEAR_CALL_SPREAD,development,061c004245393c77b5c7,2021-12-09,10,EXCLUDED_OHLC_RANGE_PROXY,True,ELIGIBLE_FOR_OHLC_PRICE_REFERENCE_SIMULATION,7.499999999999996,2,2
31945d66866929a2f44e,PH52-043,BEAR_CALL_SPREAD,development,b58d771555d73891d2fd,2022-06-16,10,EXCLUDED_OHLC_RANGE_PROXY,False,OHLC_RANGE_PROXY_EXCEEDS_THRESHOLD,21.73913043478261,2,2
31945d66866929a2f44e,PH52-043,BEAR_CALL_SPREAD,development,8c9b97c314b368f7a743,2022-12-15,10,EXCLUDED_OHLC_RANGE_PROXY,True,ELIGIBLE_FOR_OHLC_PRICE_REFERENCE_SIMULATION,7.142857142857159,2,2
31945d66866929a2f44e,PH52-043,BEAR_CALL_SPREAD,development,b2b9482e70f4a2ace098,2023-06-22,10,EXCLUDED_OHLC_RANGE_PROXY,True,ELIGIBLE_FOR_OHLC_PRICE_REFERENCE_SIMULATION,8.695652173913052,2,2
31945d66866929a2f44e,PH52-043,BEAR_CALL_SPREAD,development,804301753400916af24f,2023-12-28,10,EXCLUDED_OHLC_RANGE_PROXY,True,ELIGIBLE_FOR_OHLC_PRICE_REFERENCE_SIMULATION,9.803921568627452,2,2
31945d66866929a2f44e,PH52-043,BEAR_CALL_SPREAD,validation,c1472f0b801661762bc6,2024-01-04,10,EXCLUDED_OHLC_RANGE_PROXY,False,OHLC_RANGE_PROXY_EXCEEDS_THRESHOLD,15.384615384615381,2,2
31945d66866929a2f44e,PH52-043,BEAR_CALL_SPREAD,validation,1d33307443bd39106f13,2024-05-30,10,EXCLUDED_OHLC_RANGE_PROXY,False,OHLC_RANGE_PROXY_EXCEEDS_THRESHOLD,12.22222222222222,2,2
31945d66866929a2f44e,PH52-043,BEAR_CALL_SPREAD,validation,50696f11ab0417607875,2024-10-17,10,EXCLUDED_OHLC_RANGE_PROXY,False,OHLC_RANGE_PROXY_EXCEEDS_THRESHOLD,14.285714285714299,2,2
31945d66866929a2f44e,PH52-043,BEAR_CALL_SPREAD,validation,58a4c4843286bd3943a2,2025-03-13,10,BLOCKED_LEG_ELIGIBILITY,False,REQUIRED_LEG_PRIOR_OI_BELOW_100,8.510638297872347,2,2
31945d66866929a2f44e,PH52-043,BEAR_CALL_SPREAD,validation,e5919e2053dc59805884,2025-07-31,10,BLOCKED_LEG_ELIGIBILITY,False,REQUIRED_LEG_PRIOR_OI_BELOW_100,34.78260869565216,2,2
31945d66866929a2f44e,PH52-043,BEAR_CALL_SPREAD,validation,2744fff722d389044d25,2025-12-30,10,EXCLUDED_OHLC_RANGE_PROXY,True,ELIGIBLE_FOR_OHLC_PRICE_REFERENCE_SIMULATION,8.333333333333341,2,2
1a0635bb11fffe02e510,PH52-043,BEAR_CALL_SPREAD,development,ce8e12389ff297becff9,2021-05-27,10,EXCLUDED_OHLC_RANGE_PROXY,False,OHLC_RANGE_PROXY_EXCEEDS_THRESHOLD,14.285714285714299,2,2
1a0635bb11fffe02e510,PH52-043,BEAR_CALL_SPREAD,development,061c004245393c77b5c7,2021-12-09,10,EXCLUDED_OHLC_RANGE_PROXY,True,ELIGIBLE_FOR_OHLC_PRICE_REFERENCE_SIMULATION,9.090909090909099,2,2
1a0635bb11fffe02e510,PH52-043,BEAR_CALL_SPREAD,development,b58d771555d73891d2fd,2022-06-16,10,EXCLUDED_OHLC_RANGE_PROXY,False,OHLC_RANGE_PROXY_EXCEEDS_THRESHOLD,21.73913043478261,2,2
1a0635bb11fffe02e510,PH52-043,BEAR_CALL_SPREAD,development,8c9b97c314b368f7a743,2022-12-15,10,EXCLUDED_OHLC_RANGE_PROXY,True,ELIGIBLE_FOR_OHLC_PRICE_REFERENCE_SIMULATION,8.571428571428566,2,2
1a0635bb11fffe02e510,PH52-043,BEAR_CALL_SPREAD,development,b2b9482e70f4a2ace098,2023-06-22,10,EXCLUDED_OHLC_RANGE_PROXY,True,ELIGIBLE_FOR_OHLC_PRICE_REFERENCE_SIMULATION,6.250000000000005,2,2
1a0635bb11fffe02e510,PH52-043,BEAR_CALL_SPREAD,development,804301753400916af24f,2023-12-28,10,EXCLUDED_OHLC_RANGE_PROXY,True,ELIGIBLE_FOR_OHLC_PRICE_REFERENCE_SIMULATION,9.803921568627452,2,2
1a0635bb11fffe02e510,PH52-043,BEAR_CALL_SPREAD,validation,c1472f0b801661762bc6,2024-01-04,10,EXCLUDED_OHLC_RANGE_PROXY,False,OHLC_RANGE_PROXY_EXCEEDS_THRESHOLD,19.999999999999996,2,2
1a0635bb11fffe02e510,PH52-043,BEAR_CALL_SPREAD,validation,1d33307443bd39106f13,2024-05-30,10,EXCLUDED_OHLC_RANGE_PROXY,False,OHLC_RANGE_PROXY_EXCEEDS_THRESHOLD,12.056737588652478,2,2
1a0635bb11fffe02e510,PH52-043,BEAR_CALL_SPREAD,validation,50696f11ab0417607875,2024-10-17,10,EXCLUDED_OHLC_RANGE_PROXY,False,OHLC_RANGE_PROXY_EXCEEDS_THRESHOLD,14.285714285714288,2,2
1a0635bb11fffe02e510,PH52-043,BEAR_CALL_SPREAD,validation,58a4c4843286bd3943a2,2025-03-13,10,BLOCKED_LEG_ELIGIBILITY,False,REQUIRED_LEG_PRIOR_OI_BELOW_100,8.510638297872347,2,2
1a0635bb11fffe02e510,PH52-043,BEAR_CALL_SPREAD,validation,e5919e2053dc59805884,2025-07-31,10,BLOCKED_LEG_ELIGIBILITY,False,REQUIRED_LEG_PRIOR_OI_BELOW_100,34.78260869565216,2,2
1a0635bb11fffe02e510,PH52-043,BEAR_CALL_SPREAD,validation,2744fff722d389044d25,2025-12-30,10,EXCLUDED_OHLC_RANGE_PROXY,True,ELIGIBLE_FOR_OHLC_PRICE_REFERENCE_SIMULATION,7.1428571428571495,2,2
060d90e4f65e45f6cff8,PH52-025,BULL_CALL_SPREAD,development,01f752daf3bb0e90d7b1,2021-05-27,10,EXCLUDED_OHLC_RANGE_PROXY,True,ELIGIBLE_FOR_OHLC_PRICE_REFERENCE_SIMULATION,5.384615384615379,2,2
060d90e4f65e45f6cff8,PH52-025,BULL_CALL_SPREAD,development,0ddaab2f8946678d3082,2021-12-09,10,EXCLUDED_OHLC_RANGE_PROXY,False,OHLC_RANGE_PROXY_EXCEEDS_THRESHOLD,13.180515759312314,2,2
060d90e4f65e45f6cff8,PH52-025,BULL_CALL_SPREAD,development,044eef05c3277601504c,2022-06-16,10,EXCLUDED_OHLC_RANGE_PROXY,False,OHLC_RANGE_PROXY_EXCEEDS_THRESHOLD,10.924369747899156,2,2
060d90e4f65e45f6cff8,PH52-025,BULL_CALL_SPREAD,development,307dafef42b72c870148,2022-12-15,10,EXCLUDED_OHLC_RANGE_PROXY,True,ELIGIBLE_FOR_OHLC_PRICE_REFERENCE_SIMULATION,5.957446808510648,2,2
060d90e4f65e45f6cff8,PH52-025,BULL_CALL_SPREAD,development,c8a686f986a21faa7ed5,2023-06-22,10,EXCLUDED_OHLC_RANGE_PROXY,False,OHLC_RANGE_PROXY_EXCEEDS_THRESHOLD,12.765957446808503,2,2
060d90e4f65e45f6cff8,PH52-025,BULL_CALL_SPREAD,development,84c7352397ed038c3ea2,2023-12-28,10,EXCLUDED_OHLC_RANGE_PROXY,True,ELIGIBLE_FOR_OHLC_PRICE_REFERENCE_SIMULATION,4.511278195488715,2,2
060d90e4f65e45f6cff8,PH52-025,BULL_CALL_SPREAD,validation,f104c6f1662847c5bbcc,2024-01-04,10,EXCLUDED_OHLC_RANGE_PROXY,True,ELIGIBLE_FOR_OHLC_PRICE_REFERENCE_SIMULATION,8.63309352517985,2,2
060d90e4f65e45f6cff8,PH52-025,BULL_CALL_SPREAD,validation,0cd34c6b63a9f995c503,2024-05-30,10,EXCLUDED_OHLC_RANGE_PROXY,True,ELIGIBLE_FOR_OHLC_PRICE_REFERENCE_SIMULATION,8.391608391608392,2,2
060d90e4f65e45f6cff8,PH52-025,BULL_CALL_SPREAD,validation,75007ced19cb5e12e01f,2024-10-17,10,EXCLUDED_OHLC_RANGE_PROXY,False,OHLC_RANGE_PROXY_EXCEEDS_THRESHOLD,17.452830188679247,2,2
060d90e4f65e45f6cff8,PH52-025,BULL_CALL_SPREAD,validation,8eb8f1add17ecb221cbd,2025-03-13,10,BLOCKED_LEG_ELIGIBILITY,False,REQUIRED_LEG_PRIOR_OI_BELOW_100,14.285714285714286,2,2
060d90e4f65e45f6cff8,PH52-025,BULL_CALL_SPREAD,validation,14d9997729e438213524,2025-07-31,10,BLOCKED_LEG_ELIGIBILITY,False,REQUIRED_LEG_PRIOR_OI_BELOW_100,14.367816091954024,2,2
060d90e4f65e45f6cff8,PH52-025,BULL_CALL_SPREAD,validation,4a919e0bde313b9b9ee1,2025-12-30,10,BLOCKED_LEG_ELIGIBILITY,False,REQUIRED_LEG_PRIOR_OI_BELOW_100,17.257683215130037,2,2
15e3134481edf2a4beeb,PH52-025,BULL_CALL_SPREAD,development,01f752daf3bb0e90d7b1,2021-05-27,10,EXCLUDED_OHLC_RANGE_PROXY,True,ELIGIBLE_FOR_OHLC_PRICE_REFERENCE_SIMULATION,5.246913580246912,2,2
15e3134481edf2a4beeb,PH52-025,BULL_CALL_SPREAD,development,0ddaab2f8946678d3082,2021-12-09,10,EXCLUDED_OHLC_RANGE_PROXY,False,OHLC_RANGE_PROXY_EXCEEDS_THRESHOLD,11.158798283261808,2,2
15e3134481edf2a4beeb,PH52-025,BULL_CALL_SPREAD,development,044eef05c3277601504c,2022-06-16,10,EXCLUDED_OHLC_RANGE_PROXY,False,OHLC_RANGE_PROXY_EXCEEDS_THRESHOLD,10.736196319018415,2,2
15e3134481edf2a4beeb,PH52-025,BULL_CALL_SPREAD,development,307dafef42b72c870148,2022-12-15,10,EXCLUDED_OHLC_RANGE_PROXY,True,ELIGIBLE_FOR_OHLC_PRICE_REFERENCE_SIMULATION,5.957446808510648,2,2
15e3134481edf2a4beeb,PH52-025,BULL_CALL_SPREAD,development,c8a686f986a21faa7ed5,2023-06-22,10,EXCLUDED_OHLC_RANGE_PROXY,False,OHLC_RANGE_PROXY_EXCEEDS_THRESHOLD,11.021505376344088,2,2
15e3134481edf2a4beeb,PH52-025,BULL_CALL_SPREAD,development,84c7352397ed038c3ea2,2023-12-28,10,EXCLUDED_OHLC_RANGE_PROXY,True,ELIGIBLE_FOR_OHLC_PRICE_REFERENCE_SIMULATION,4.341736694677863,2,2
15e3134481edf2a4beeb,PH52-025,BULL_CALL_SPREAD,validation,f104c6f1662847c5bbcc,2024-01-04,10,EXCLUDED_OHLC_RANGE_PROXY,True,ELIGIBLE_FOR_OHLC_PRICE_REFERENCE_SIMULATION,6.666666666666658,2,2
15e3134481edf2a4beeb,PH52-025,BULL_CALL_SPREAD,validation,0cd34c6b63a9f995c503,2024-05-30,10,EXCLUDED_OHLC_RANGE_PROXY,True,ELIGIBLE_FOR_OHLC_PRICE_REFERENCE_SIMULATION,8.620689655172415,2,2
15e3134481edf2a4beeb,PH52-025,BULL_CALL_SPREAD,validation,75007ced19cb5e12e01f,2024-10-17,10,EXCLUDED_OHLC_RANGE_PROXY,False,OHLC_RANGE_PROXY_EXCEEDS_THRESHOLD,17.452830188679247,2,2
15e3134481edf2a4beeb,PH52-025,BULL_CALL_SPREAD,validation,8eb8f1add17ecb221cbd,2025-03-13,10,BLOCKED_LEG_ELIGIBILITY,False,REQUIRED_LEG_PRIOR_OI_BELOW_100,14.285714285714286,2,2
15e3134481edf2a4beeb,PH52-025,BULL_CALL_SPREAD,validation,14d9997729e438213524,2025-07-31,10,BLOCKED_LEG_ELIGIBILITY,False,REQUIRED_LEG_PRIOR_OI_BELOW_100,12.925170068027214,2,2
15e3134481edf2a4beeb,PH52-025,BULL_CALL_SPREAD,validation,4a919e0bde313b9b9ee1,2025-12-30,10,BLOCKED_LEG_ELIGIBILITY,False,REQUIRED_LEG_PRIOR_OI_BELOW_100,17.257683215130037,2,2
f32415bb61dd6e9f83f2,PH52-025,BULL_CALL_SPREAD,development,01f752daf3bb0e90d7b1,2021-05-27,10,EXCLUDED_OHLC_RANGE_PROXY,True,ELIGIBLE_FOR_OHLC_PRICE_REFERENCE_SIMULATION,5.9999999999999964,2,2
f32415bb61dd6e9f83f2,PH52-025,BULL_CALL_SPREAD,development,0ddaab2f8946678d3082,2021-12-09,10,EXCLUDED_OHLC_RANGE_PROXY,False,OHLC_RANGE_PROXY_EXCEEDS_THRESHOLD,10.596026490066224,2,2
f32415bb61dd6e9f83f2,PH52-025,BULL_CALL_SPREAD,development,044eef05c3277601504c,2022-06-16,10,EXCLUDED_OHLC_RANGE_PROXY,True,ELIGIBLE_FOR_OHLC_PRICE_REFERENCE_SIMULATION,9.78260869565216,2,2
f32415bb61dd6e9f83f2,PH52-025,BULL_CALL_SPREAD,development,307dafef42b72c870148,2022-12-15,10,EXCLUDED_OHLC_RANGE_PROXY,True,ELIGIBLE_FOR_OHLC_PRICE_REFERENCE_SIMULATION,3.63636363636364,2,2
f32415bb61dd6e9f83f2,PH52-025,BULL_CALL_SPREAD,development,c8a686f986a21faa7ed5,2023-06-22,10,EXCLUDED_OHLC_RANGE_PROXY,True,ELIGIBLE_FOR_OHLC_PRICE_REFERENCE_SIMULATION,7.547169811320744,2,2
f32415bb61dd6e9f83f2,PH52-025,BULL_CALL_SPREAD,development,84c7352397ed038c3ea2,2023-12-28,10,EXCLUDED_OHLC_RANGE_PROXY,True,ELIGIBLE_FOR_OHLC_PRICE_REFERENCE_SIMULATION,4.784688995215311,2,2
f32415bb61dd6e9f83f2,PH52-025,BULL_CALL_SPREAD,validation,f104c6f1662847c5bbcc,2024-01-04,10,EXCLUDED_OHLC_RANGE_PROXY,True,ELIGIBLE_FOR_OHLC_PRICE_REFERENCE_SIMULATION,5.882352941176485,2,2
f32415bb61dd6e9f83f2,PH52-025,BULL_CALL_SPREAD,validation,0cd34c6b63a9f995c503,2024-05-30,10,EXCLUDED_OHLC_RANGE_PROXY,True,ELIGIBLE_FOR_OHLC_PRICE_REFERENCE_SIMULATION,8.739837398373977,2,2
f32415bb61dd6e9f83f2,PH52-025,BULL_CALL_SPREAD,validation,75007ced19cb5e12e01f,2024-10-17,10,EXCLUDED_OHLC_RANGE_PROXY,False,OHLC_RANGE_PROXY_EXCEEDS_THRESHOLD,15.302491103202849,2,2
f32415bb61dd6e9f83f2,PH52-025,BULL_CALL_SPREAD,validation,8eb8f1add17ecb221cbd,2025-03-13,10,BLOCKED_LEG_ELIGIBILITY,False,REQUIRED_LEG_PRIOR_OI_BELOW_100,12.37113402061857,2,2
f32415bb61dd6e9f83f2,PH52-025,BULL_CALL_SPREAD,validation,14d9997729e438213524,2025-07-31,10,BLOCKED_LEG_ELIGIBILITY,False,REQUIRED_LEG_PRIOR_OI_BELOW_100,12.925170068027214,2,2
f32415bb61dd6e9f83f2,PH52-025,BULL_CALL_SPREAD,validation,4a919e0bde313b9b9ee1,2025-12-30,10,BLOCKED_LEG_ELIGIBILITY,False,REQUIRED_LEG_PRIOR_OI_BELOW_100,17.187500000000007,2,2
9373cc117634bae8f765,PH52-025,BULL_CALL_SPREAD,development,01f752daf3bb0e90d7b1,2021-05-27,10,EXCLUDED_OHLC_RANGE_PROXY,True,ELIGIBLE_FOR_OHLC_PRICE_REFERENCE_SIMULATION,5.9999999999999964,2,2
9373cc117634bae8f765,PH52-025,BULL_CALL_SPREAD,development,0ddaab2f8946678d3082,2021-12-09,10,EXCLUDED_OHLC_RANGE_PROXY,False,OHLC_RANGE_PROXY_EXCEEDS_THRESHOLD,10.596026490066224,2,2
9373cc117634bae8f765,PH52-025,BULL_CALL_SPREAD,development,044eef05c3277601504c,2022-06-16,10,EXCLUDED_OHLC_RANGE_PROXY,True,ELIGIBLE_FOR_OHLC_PRICE_REFERENCE_SIMULATION,9.78260869565216,2,2
9373cc117634bae8f765,PH52-025,BULL_CALL_SPREAD,development,307dafef42b72c870148,2022-12-15,10,EXCLUDED_OHLC_RANGE_PROXY,True,ELIGIBLE_FOR_OHLC_PRICE_REFERENCE_SIMULATION,3.8461538461538494,2,2
9373cc117634bae8f765,PH52-025,BULL_CALL_SPREAD,development,c8a686f986a21faa7ed5,2023-06-22,10,EXCLUDED_OHLC_RANGE_PROXY,True,ELIGIBLE_FOR_OHLC_PRICE_REFERENCE_SIMULATION,7.547169811320744,2,2
9373cc117634bae8f765,PH52-025,BULL_CALL_SPREAD,development,84c7352397ed038c3ea2,2023-12-28,10,EXCLUDED_OHLC_RANGE_PROXY,True,ELIGIBLE_FOR_OHLC_PRICE_REFERENCE_SIMULATION,4.784688995215311,2,2
9373cc117634bae8f765,PH52-025,BULL_CALL_SPREAD,validation,f104c6f1662847c5bbcc,2024-01-04,10,EXCLUDED_OHLC_RANGE_PROXY,True,ELIGIBLE_FOR_OHLC_PRICE_REFERENCE_SIMULATION,7.1428571428571335,2,2
9373cc117634bae8f765,PH52-025,BULL_CALL_SPREAD,validation,0cd34c6b63a9f995c503,2024-05-30,10,EXCLUDED_OHLC_RANGE_PROXY,True,ELIGIBLE_FOR_OHLC_PRICE_REFERENCE_SIMULATION,8.739837398373977,2,2
9373cc117634bae8f765,PH52-025,BULL_CALL_SPREAD,validation,75007ced19cb5e12e01f,2024-10-17,10,EXCLUDED_OHLC_RANGE_PROXY,False,OHLC_RANGE_PROXY_EXCEEDS_THRESHOLD,15.302491103202849,2,2
9373cc117634bae8f765,PH52-025,BULL_CALL_SPREAD,validation,8eb8f1add17ecb221cbd,2025-03-13,10,BLOCKED_LEG_ELIGIBILITY,False,REQUIRED_LEG_PRIOR_OI_BELOW_100,12.37113402061857,2,2
9373cc117634bae8f765,PH52-025,BULL_CALL_SPREAD,validation,14d9997729e438213524,2025-07-31,10,BLOCKED_LEG_ELIGIBILITY,False,REQUIRED_LEG_PRIOR_OI_BELOW_100,12.385321100917428,2,2
9373cc117634bae8f765,PH52-025,BULL_CALL_SPREAD,validation,4a919e0bde313b9b9ee1,2025-12-30,10,BLOCKED_LEG_ELIGIBILITY,False,REQUIRED_LEG_PRIOR_OI_BELOW_100,15.51724137931035,2,2
739fae891dcde1c84104,PH52-025,BULL_CALL_SPREAD,development,ce8e12389ff297becff9,2021-05-27,10,EXCLUDED_OHLC_RANGE_PROXY,False,OHLC_RANGE_PROXY_EXCEEDS_THRESHOLD,10.322580645161288,2,2
739fae891dcde1c84104,PH52-025,BULL_CALL_SPREAD,development,061c004245393c77b5c7,2021-12-09,10,EXCLUDED_OHLC_RANGE_PROXY,True,ELIGIBLE_FOR_OHLC_PRICE_REFERENCE_SIMULATION,9.48509485094851,2,2
739fae891dcde1c84104,PH52-025,BULL_CALL_SPREAD,development,b58d771555d73891d2fd,2022-06-16,10,EXCLUDED_OHLC_RANGE_PROXY,False,OHLC_RANGE_PROXY_EXCEEDS_THRESHOLD,22.22222222222222,2,2
739fae891dcde1c84104,PH52-025,BULL_CALL_SPREAD,development,8c9b97c314b368f7a743,2022-12-15,10,EXCLUDED_OHLC_RANGE_PROXY,True,ELIGIBLE_FOR_OHLC_PRICE_REFERENCE_SIMULATION,8.231707317073157,2,2
739fae891dcde1c84104,PH52-025,BULL_CALL_SPREAD,development,b2b9482e70f4a2ace098,2023-06-22,10,EXCLUDED_OHLC_RANGE_PROXY,False,OHLC_RANGE_PROXY_EXCEEDS_THRESHOLD,11.874999999999991,2,2
739fae891dcde1c84104,PH52-025,BULL_CALL_SPREAD,development,804301753400916af24f,2023-12-28,10,EXCLUDED_OHLC_RANGE_PROXY,False,OHLC_RANGE_PROXY_EXCEEDS_THRESHOLD,12.962962962962964,2,2
739fae891dcde1c84104,PH52-025,BULL_CALL_SPREAD,validation,c1472f0b801661762bc6,2024-01-04,10,EXCLUDED_OHLC_RANGE_PROXY,False,OHLC_RANGE_PROXY_EXCEEDS_THRESHOLD,17.58241758241759,2,2
739fae891dcde1c84104,PH52-025,BULL_CALL_SPREAD,validation,1d33307443bd39106f13,2024-05-30,10,EXCLUDED_OHLC_RANGE_PROXY,False,OHLC_RANGE_PROXY_EXCEEDS_THRESHOLD,12.436548223350252,2,2
739fae891dcde1c84104,PH52-025,BULL_CALL_SPREAD,validation,50696f11ab0417607875,2024-10-17,10,EXCLUDED_OHLC_RANGE_PROXY,False,OHLC_RANGE_PROXY_EXCEEDS_THRESHOLD,17.857142857142858,2,2
739fae891dcde1c84104,PH52-025,BULL_CALL_SPREAD,validation,58a4c4843286bd3943a2,2025-03-13,10,BLOCKED_LEG_ELIGIBILITY,False,REQUIRED_LEG_PRIOR_OI_BELOW_100,10.0,2,2
739fae891dcde1c84104,PH52-025,BULL_CALL_SPREAD,validation,e5919e2053dc59805884,2025-07-31,10,BLOCKED_LEG_ELIGIBILITY,False,REQUIRED_LEG_PRIOR_OI_BELOW_100,31.39158576051781,2,2
739fae891dcde1c84104,PH52-025,BULL_CALL_SPREAD,validation,2744fff722d389044d25,2025-12-30,10,EXCLUDED_OHLC_RANGE_PROXY,False,OHLC_RANGE_PROXY_EXCEEDS_THRESHOLD,11.363636363636365,2,2
ad24b0d8ca9a87353e8a,PH52-025,BULL_CALL_SPREAD,development,ce8e12389ff297becff9,2021-05-27,10,EXCLUDED_OHLC_RANGE_PROXY,False,OHLC_RANGE_PROXY_EXCEEDS_THRESHOLD,10.322580645161288,2,2
ad24b0d8ca9a87353e8a,PH52-025,BULL_CALL_SPREAD,development,061c004245393c77b5c7,2021-12-09,10,EXCLUDED_OHLC_RANGE_PROXY,True,ELIGIBLE_FOR_OHLC_PRICE_REFERENCE_SIMULATION,9.48509485094851,2,2
ad24b0d8ca9a87353e8a,PH52-025,BULL_CALL_SPREAD,development,b58d771555d73891d2fd,2022-06-16,10,EXCLUDED_OHLC_RANGE_PROXY,False,OHLC_RANGE_PROXY_EXCEEDS_THRESHOLD,21.229050279329606,2,2
ad24b0d8ca9a87353e8a,PH52-025,BULL_CALL_SPREAD,development,8c9b97c314b368f7a743,2022-12-15,10,EXCLUDED_OHLC_RANGE_PROXY,True,ELIGIBLE_FOR_OHLC_PRICE_REFERENCE_SIMULATION,8.231707317073157,2,2
ad24b0d8ca9a87353e8a,PH52-025,BULL_CALL_SPREAD,development,b2b9482e70f4a2ace098,2023-06-22,10,EXCLUDED_OHLC_RANGE_PROXY,False,OHLC_RANGE_PROXY_EXCEEDS_THRESHOLD,11.874999999999991,2,2
ad24b0d8ca9a87353e8a,PH52-025,BULL_CALL_SPREAD,development,804301753400916af24f,2023-12-28,10,EXCLUDED_OHLC_RANGE_PROXY,False,OHLC_RANGE_PROXY_EXCEEDS_THRESHOLD,12.962962962962964,2,2
ad24b0d8ca9a87353e8a,PH52-025,BULL_CALL_SPREAD,validation,c1472f0b801661762bc6,2024-01-04,10,EXCLUDED_OHLC_RANGE_PROXY,False,OHLC_RANGE_PROXY_EXCEEDS_THRESHOLD,17.58241758241759,2,2
ad24b0d8ca9a87353e8a,PH52-025,BULL_CALL_SPREAD,validation,1d33307443bd39106f13,2024-05-30,10,EXCLUDED_OHLC_RANGE_PROXY,False,OHLC_RANGE_PROXY_EXCEEDS_THRESHOLD,12.436548223350252,2,2
ad24b0d8ca9a87353e8a,PH52-025,BULL_CALL_SPREAD,validation,50696f11ab0417607875,2024-10-17,10,EXCLUDED_OHLC_RANGE_PROXY,False,OHLC_RANGE_PROXY_EXCEEDS_THRESHOLD,17.857142857142858,2,2
ad24b0d8ca9a87353e8a,PH52-025,BULL_CALL_SPREAD,validation,58a4c4843286bd3943a2,2025-03-13,10,BLOCKED_LEG_ELIGIBILITY,False,REQUIRED_LEG_PRIOR_OI_BELOW_100,10.0,2,2
ad24b0d8ca9a87353e8a,PH52-025,BULL_CALL_SPREAD,validation,e5919e2053dc59805884,2025-07-31,10,BLOCKED_LEG_ELIGIBILITY,False,REQUIRED_LEG_PRIOR_OI_BELOW_100,31.521739130434792,2,2
ad24b0d8ca9a87353e8a,PH52-025,BULL_CALL_SPREAD,validation,2744fff722d389044d25,2025-12-30,10,EXCLUDED_OHLC_RANGE_PROXY,False,OHLC_RANGE_PROXY_EXCEEDS_THRESHOLD,11.363636363636365,2,2
cf6ec0b712b4aff6231f,PH52-025,BULL_CALL_SPREAD,development,ce8e12389ff297becff9,2021-05-27,10,EXCLUDED_OHLC_RANGE_PROXY,False,OHLC_RANGE_PROXY_EXCEEDS_THRESHOLD,10.000000000000009,2,2
cf6ec0b712b4aff6231f,PH52-025,BULL_CALL_SPREAD,development,061c004245393c77b5c7,2021-12-09,10,EXCLUDED_OHLC_RANGE_PROXY,True,ELIGIBLE_FOR_OHLC_PRICE_REFERENCE_SIMULATION,7.499999999999996,2,2
cf6ec0b712b4aff6231f,PH52-025,BULL_CALL_SPREAD,development,b58d771555d73891d2fd,2022-06-16,10,EXCLUDED_OHLC_RANGE_PROXY,False,OHLC_RANGE_PROXY_EXCEEDS_THRESHOLD,21.73913043478261,2,2
cf6ec0b712b4aff6231f,PH52-025,BULL_CALL_SPREAD,development,8c9b97c314b368f7a743,2022-12-15,10,EXCLUDED_OHLC_RANGE_PROXY,True,ELIGIBLE_FOR_OHLC_PRICE_REFERENCE_SIMULATION,7.142857142857159,2,2
cf6ec0b712b4aff6231f,PH52-025,BULL_CALL_SPREAD,development,b2b9482e70f4a2ace098,2023-06-22,10,EXCLUDED_OHLC_RANGE_PROXY,True,ELIGIBLE_FOR_OHLC_PRICE_REFERENCE_SIMULATION,8.695652173913052,2,2
cf6ec0b712b4aff6231f,PH52-025,BULL_CALL_SPREAD,development,804301753400916af24f,2023-12-28,10,EXCLUDED_OHLC_RANGE_PROXY,True,ELIGIBLE_FOR_OHLC_PRICE_REFERENCE_SIMULATION,9.803921568627452,2,2
cf6ec0b712b4aff6231f,PH52-025,BULL_CALL_SPREAD,validation,c1472f0b801661762bc6,2024-01-04,10,EXCLUDED_OHLC_RANGE_PROXY,False,OHLC_RANGE_PROXY_EXCEEDS_THRESHOLD,15.384615384615381,2,2
cf6ec0b712b4aff6231f,PH52-025,BULL_CALL_SPREAD,validation,1d33307443bd39106f13,2024-05-30,10,EXCLUDED_OHLC_RANGE_PROXY,False,OHLC_RANGE_PROXY_EXCEEDS_THRESHOLD,12.22222222222222,2,2
cf6ec0b712b4aff6231f,PH52-025,BULL_CALL_SPREAD,validation,50696f11ab0417607875,2024-10-17,10,EXCLUDED_OHLC_RANGE_PROXY,False,OHLC_RANGE_PROXY_EXCEEDS_THRESHOLD,14.285714285714299,2,2
cf6ec0b712b4aff6231f,PH52-025,BULL_CALL_SPREAD,validation,58a4c4843286bd3943a2,2025-03-13,10,BLOCKED_LEG_ELIGIBILITY,False,REQUIRED_LEG_PRIOR_OI_BELOW_100,8.510638297872347,2,2
cf6ec0b712b4aff6231f,PH52-025,BULL_CALL_SPREAD,validation,e5919e2053dc59805884,2025-07-31,10,BLOCKED_LEG_ELIGIBILITY,False,REQUIRED_LEG_PRIOR_OI_BELOW_100,34.78260869565216,2,2
cf6ec0b712b4aff6231f,PH52-025,BULL_CALL_SPREAD,validation,2744fff722d389044d25,2025-12-30,10,EXCLUDED_OHLC_RANGE_PROXY,True,ELIGIBLE_FOR_OHLC_PRICE_REFERENCE_SIMULATION,8.333333333333341,2,2
a4f8558870d4a10947fe,PH52-025,BULL_CALL_SPREAD,development,ce8e12389ff297becff9,2021-05-27,10,EXCLUDED_OHLC_RANGE_PROXY,False,OHLC_RANGE_PROXY_EXCEEDS_THRESHOLD,14.285714285714299,2,2
a4f8558870d4a10947fe,PH52-025,BULL_CALL_SPREAD,development,061c004245393c77b5c7,2021-12-09,10,EXCLUDED_OHLC_RANGE_PROXY,True,ELIGIBLE_FOR_OHLC_PRICE_REFERENCE_SIMULATION,9.090909090909099,2,2
a4f8558870d4a10947fe,PH52-025,BULL_CALL_SPREAD,development,b58d771555d73891d2fd,2022-06-16,10,EXCLUDED_OHLC_RANGE_PROXY,False,OHLC_RANGE_PROXY_EXCEEDS_THRESHOLD,21.73913043478261,2,2
a4f8558870d4a10947fe,PH52-025,BULL_CALL_SPREAD,development,8c9b97c314b368f7a743,2022-12-15,10,EXCLUDED_OHLC_RANGE_PROXY,True,ELIGIBLE_FOR_OHLC_PRICE_REFERENCE_SIMULATION,8.571428571428566,2,2
a4f8558870d4a10947fe,PH52-025,BULL_CALL_SPREAD,development,b2b9482e70f4a2ace098,2023-06-22,10,EXCLUDED_OHLC_RANGE_PROXY,True,ELIGIBLE_FOR_OHLC_PRICE_REFERENCE_SIMULATION,6.250000000000005,2,2
a4f8558870d4a10947fe,PH52-025,BULL_CALL_SPREAD,development,804301753400916af24f,2023-12-28,10,EXCLUDED_OHLC_RANGE_PROXY,True,ELIGIBLE_FOR_OHLC_PRICE_REFERENCE_SIMULATION,9.803921568627452,2,2
a4f8558870d4a10947fe,PH52-025,BULL_CALL_SPREAD,validation,c1472f0b801661762bc6,2024-01-04,10,EXCLUDED_OHLC_RANGE_PROXY,False,OHLC_RANGE_PROXY_EXCEEDS_THRESHOLD,19.999999999999996,2,2
a4f8558870d4a10947fe,PH52-025,BULL_CALL_SPREAD,validation,1d33307443bd39106f13,2024-05-30,10,EXCLUDED_OHLC_RANGE_PROXY,False,OHLC_RANGE_PROXY_EXCEEDS_THRESHOLD,12.056737588652478,2,2
a4f8558870d4a10947fe,PH52-025,BULL_CALL_SPREAD,validation,50696f11ab0417607875,2024-10-17,10,EXCLUDED_OHLC_RANGE_PROXY,False,OHLC_RANGE_PROXY_EXCEEDS_THRESHOLD,14.285714285714288,2,2
a4f8558870d4a10947fe,PH52-025,BULL_CALL_SPREAD,validation,58a4c4843286bd3943a2,2025-03-13,10,BLOCKED_LEG_ELIGIBILITY,False,REQUIRED_LEG_PRIOR_OI_BELOW_100,8.510638297872347,2,2
a4f8558870d4a10947fe,PH52-025,BULL_CALL_SPREAD,validation,e5919e2053dc59805884,2025-07-31,10,BLOCKED_LEG_ELIGIBILITY,False,REQUIRED_LEG_PRIOR_OI_BELOW_100,34.78260869565216,2,2
a4f8558870d4a10947fe,PH52-025,BULL_CALL_SPREAD,validation,2744fff722d389044d25,2025-12-30,10,EXCLUDED_OHLC_RANGE_PROXY,True,ELIGIBLE_FOR_OHLC_PRICE_REFERENCE_SIMULATION,7.1428571428571495,2,2
4dfc85b9cb14f0282a2e,PH52-001,BUY_CALL,development,01f752daf3bb0e90d7b1,2021-05-27,10,EXCLUDED_OHLC_RANGE_PROXY,True,ELIGIBLE_FOR_OHLC_PRICE_REFERENCE_SIMULATION,5.246913580246912,1,1
4dfc85b9cb14f0282a2e,PH52-001,BUY_CALL,development,0ddaab2f8946678d3082,2021-12-09,10,EXCLUDED_OHLC_RANGE_PROXY,False,OHLC_RANGE_PROXY_EXCEEDS_THRESHOLD,11.158798283261808,1,1
4dfc85b9cb14f0282a2e,PH52-001,BUY_CALL,development,044eef05c3277601504c,2022-06-16,10,EXCLUDED_OHLC_RANGE_PROXY,False,OHLC_RANGE_PROXY_EXCEEDS_THRESHOLD,10.736196319018415,1,1
4dfc85b9cb14f0282a2e,PH52-001,BUY_CALL,development,307dafef42b72c870148,2022-12-15,10,EXCLUDED_OHLC_RANGE_PROXY,True,ELIGIBLE_FOR_OHLC_PRICE_REFERENCE_SIMULATION,5.957446808510648,1,1
4dfc85b9cb14f0282a2e,PH52-001,BUY_CALL,development,c8a686f986a21faa7ed5,2023-06-22,10,EXCLUDED_OHLC_RANGE_PROXY,False,OHLC_RANGE_PROXY_EXCEEDS_THRESHOLD,11.021505376344088,1,1
4dfc85b9cb14f0282a2e,PH52-001,BUY_CALL,development,84c7352397ed038c3ea2,2023-12-28,10,EXCLUDED_OHLC_RANGE_PROXY,True,ELIGIBLE_FOR_OHLC_PRICE_REFERENCE_SIMULATION,4.341736694677863,1,1
4dfc85b9cb14f0282a2e,PH52-001,BUY_CALL,validation,f104c6f1662847c5bbcc,2024-01-04,10,EXCLUDED_OHLC_RANGE_PROXY,True,ELIGIBLE_FOR_OHLC_PRICE_REFERENCE_SIMULATION,6.666666666666658,1,1
4dfc85b9cb14f0282a2e,PH52-001,BUY_CALL,validation,0cd34c6b63a9f995c503,2024-05-30,10,EXCLUDED_OHLC_RANGE_PROXY,True,ELIGIBLE_FOR_OHLC_PRICE_REFERENCE_SIMULATION,8.21529745042493,1,1
4dfc85b9cb14f0282a2e,PH52-001,BUY_CALL,validation,75007ced19cb5e12e01f,2024-10-17,10,EXCLUDED_OHLC_RANGE_PROXY,False,OHLC_RANGE_PROXY_EXCEEDS_THRESHOLD,17.452830188679247,1,1
4dfc85b9cb14f0282a2e,PH52-001,BUY_CALL,validation,8eb8f1add17ecb221cbd,2025-03-13,10,BLOCKED_LEG_ELIGIBILITY,False,REQUIRED_LEG_PRIOR_OI_BELOW_100,14.285714285714286,1,1
4dfc85b9cb14f0282a2e,PH52-001,BUY_CALL,validation,14d9997729e438213524,2025-07-31,10,BLOCKED_LEG_ELIGIBILITY,False,REQUIRED_LEG_PRIOR_OI_BELOW_100,12.089810017271157,1,1
4dfc85b9cb14f0282a2e,PH52-001,BUY_CALL,validation,4a919e0bde313b9b9ee1,2025-12-30,10,BLOCKED_LEG_ELIGIBILITY,False,REQUIRED_LEG_PRIOR_OI_BELOW_100,17.257683215130037,1,1
7f2f9e5e0437e0f7df04,PH52-001,BUY_CALL,development,01f752daf3bb0e90d7b1,2021-05-27,10,EXCLUDED_OHLC_RANGE_PROXY,True,ELIGIBLE_FOR_OHLC_PRICE_REFERENCE_SIMULATION,5.9999999999999964,1,1
7f2f9e5e0437e0f7df04,PH52-001,BUY_CALL,development,0ddaab2f8946678d3082,2021-12-09,10,EXCLUDED_OHLC_RANGE_PROXY,False,OHLC_RANGE_PROXY_EXCEEDS_THRESHOLD,10.596026490066224,1,1
7f2f9e5e0437e0f7df04,PH52-001,BUY_CALL,development,044eef05c3277601504c,2022-06-16,10,EXCLUDED_OHLC_RANGE_PROXY,True,ELIGIBLE_FOR_OHLC_PRICE_REFERENCE_SIMULATION,9.78260869565216,1,1
7f2f9e5e0437e0f7df04,PH52-001,BUY_CALL,development,307dafef42b72c870148,2022-12-15,10,EXCLUDED_OHLC_RANGE_PROXY,True,ELIGIBLE_FOR_OHLC_PRICE_REFERENCE_SIMULATION,3.63636363636364,1,1
7f2f9e5e0437e0f7df04,PH52-001,BUY_CALL,development,c8a686f986a21faa7ed5,2023-06-22,10,EXCLUDED_OHLC_RANGE_PROXY,True,ELIGIBLE_FOR_OHLC_PRICE_REFERENCE_SIMULATION,7.547169811320744,1,1
7f2f9e5e0437e0f7df04,PH52-001,BUY_CALL,development,84c7352397ed038c3ea2,2023-12-28,10,EXCLUDED_OHLC_RANGE_PROXY,True,ELIGIBLE_FOR_OHLC_PRICE_REFERENCE_SIMULATION,4.784688995215311,1,1
7f2f9e5e0437e0f7df04,PH52-001,BUY_CALL,validation,f104c6f1662847c5bbcc,2024-01-04,10,EXCLUDED_OHLC_RANGE_PROXY,True,ELIGIBLE_FOR_OHLC_PRICE_REFERENCE_SIMULATION,5.882352941176485,1,1
7f2f9e5e0437e0f7df04,PH52-001,BUY_CALL,validation,0cd34c6b63a9f995c503,2024-05-30,10,EXCLUDED_OHLC_RANGE_PROXY,True,ELIGIBLE_FOR_OHLC_PRICE_REFERENCE_SIMULATION,8.739837398373977,1,1
7f2f9e5e0437e0f7df04,PH52-001,BUY_CALL,validation,75007ced19cb5e12e01f,2024-10-17,10,EXCLUDED_OHLC_RANGE_PROXY,False,OHLC_RANGE_PROXY_EXCEEDS_THRESHOLD,15.302491103202849,1,1
7f2f9e5e0437e0f7df04,PH52-001,BUY_CALL,validation,8eb8f1add17ecb221cbd,2025-03-13,10,BLOCKED_LEG_ELIGIBILITY,False,REQUIRED_LEG_PRIOR_OI_BELOW_100,12.37113402061857,1,1
7f2f9e5e0437e0f7df04,PH52-001,BUY_CALL,validation,14d9997729e438213524,2025-07-31,10,BLOCKED_LEG_ELIGIBILITY,False,REQUIRED_LEG_PRIOR_OI_BELOW_100,12.385321100917428,1,1
7f2f9e5e0437e0f7df04,PH52-001,BUY_CALL,validation,4a919e0bde313b9b9ee1,2025-12-30,10,BLOCKED_LEG_ELIGIBILITY,False,REQUIRED_LEG_PRIOR_OI_BELOW_100,15.51724137931035,1,1
824453c4ca52e0a8f423,PH52-001,BUY_CALL,development,ce8e12389ff297becff9,2021-05-27,10,EXCLUDED_OHLC_RANGE_PROXY,False,OHLC_RANGE_PROXY_EXCEEDS_THRESHOLD,10.322580645161288,1,1
824453c4ca52e0a8f423,PH52-001,BUY_CALL,development,061c004245393c77b5c7,2021-12-09,10,EXCLUDED_OHLC_RANGE_PROXY,True,ELIGIBLE_FOR_OHLC_PRICE_REFERENCE_SIMULATION,9.48509485094851,1,1
824453c4ca52e0a8f423,PH52-001,BUY_CALL,development,b58d771555d73891d2fd,2022-06-16,10,EXCLUDED_OHLC_RANGE_PROXY,False,OHLC_RANGE_PROXY_EXCEEDS_THRESHOLD,21.229050279329606,1,1
824453c4ca52e0a8f423,PH52-001,BUY_CALL,development,8c9b97c314b368f7a743,2022-12-15,10,EXCLUDED_OHLC_RANGE_PROXY,True,ELIGIBLE_FOR_OHLC_PRICE_REFERENCE_SIMULATION,8.231707317073157,1,1
824453c4ca52e0a8f423,PH52-001,BUY_CALL,development,b2b9482e70f4a2ace098,2023-06-22,10,EXCLUDED_OHLC_RANGE_PROXY,False,OHLC_RANGE_PROXY_EXCEEDS_THRESHOLD,11.874999999999991,1,1
824453c4ca52e0a8f423,PH52-001,BUY_CALL,development,804301753400916af24f,2023-12-28,10,EXCLUDED_OHLC_RANGE_PROXY,False,OHLC_RANGE_PROXY_EXCEEDS_THRESHOLD,12.962962962962964,1,1
824453c4ca52e0a8f423,PH52-001,BUY_CALL,validation,c1472f0b801661762bc6,2024-01-04,10,EXCLUDED_OHLC_RANGE_PROXY,False,OHLC_RANGE_PROXY_EXCEEDS_THRESHOLD,17.58241758241759,1,1
824453c4ca52e0a8f423,PH52-001,BUY_CALL,validation,1d33307443bd39106f13,2024-05-30,10,EXCLUDED_OHLC_RANGE_PROXY,False,OHLC_RANGE_PROXY_EXCEEDS_THRESHOLD,12.436548223350252,1,1
824453c4ca52e0a8f423,PH52-001,BUY_CALL,validation,50696f11ab0417607875,2024-10-17,10,EXCLUDED_OHLC_RANGE_PROXY,False,OHLC_RANGE_PROXY_EXCEEDS_THRESHOLD,17.857142857142858,1,1
824453c4ca52e0a8f423,PH52-001,BUY_CALL,validation,58a4c4843286bd3943a2,2025-03-13,10,BLOCKED_LEG_ELIGIBILITY,False,REQUIRED_LEG_PRIOR_OI_BELOW_100,10.0,1,1
824453c4ca52e0a8f423,PH52-001,BUY_CALL,validation,e5919e2053dc59805884,2025-07-31,10,BLOCKED_LEG_ELIGIBILITY,False,REQUIRED_LEG_PRIOR_OI_BELOW_100,27.142857142857146,1,1
824453c4ca52e0a8f423,PH52-001,BUY_CALL,validation,2744fff722d389044d25,2025-12-30,10,EXCLUDED_OHLC_RANGE_PROXY,False,OHLC_RANGE_PROXY_EXCEEDS_THRESHOLD,11.363636363636365,1,1
a85d75f96c0c6721a862,PH52-001,BUY_CALL,development,ce8e12389ff297becff9,2021-05-27,10,EXCLUDED_OHLC_RANGE_PROXY,False,OHLC_RANGE_PROXY_EXCEEDS_THRESHOLD,10.000000000000009,1,1
a85d75f96c0c6721a862,PH52-001,BUY_CALL,development,061c004245393c77b5c7,2021-12-09,10,EXCLUDED_OHLC_RANGE_PROXY,True,ELIGIBLE_FOR_OHLC_PRICE_REFERENCE_SIMULATION,7.499999999999996,1,1
a85d75f96c0c6721a862,PH52-001,BUY_CALL,development,b58d771555d73891d2fd,2022-06-16,10,EXCLUDED_OHLC_RANGE_PROXY,False,OHLC_RANGE_PROXY_EXCEEDS_THRESHOLD,21.73913043478261,1,1
a85d75f96c0c6721a862,PH52-001,BUY_CALL,development,8c9b97c314b368f7a743,2022-12-15,10,REPLAY_PASS,True,ELIGIBLE_FOR_OHLC_PRICE_REFERENCE_SIMULATION,1.7543859649122744,1,1
a85d75f96c0c6721a862,PH52-001,BUY_CALL,development,b2b9482e70f4a2ace098,2023-06-22,10,EXCLUDED_OHLC_RANGE_PROXY,True,ELIGIBLE_FOR_OHLC_PRICE_REFERENCE_SIMULATION,6.250000000000005,1,1
a85d75f96c0c6721a862,PH52-001,BUY_CALL,development,804301753400916af24f,2023-12-28,10,EXCLUDED_OHLC_RANGE_PROXY,True,ELIGIBLE_FOR_OHLC_PRICE_REFERENCE_SIMULATION,9.803921568627452,1,1
a85d75f96c0c6721a862,PH52-001,BUY_CALL,validation,c1472f0b801661762bc6,2024-01-04,10,EXCLUDED_OHLC_RANGE_PROXY,False,OHLC_RANGE_PROXY_EXCEEDS_THRESHOLD,15.384615384615381,1,1
a85d75f96c0c6721a862,PH52-001,BUY_CALL,validation,1d33307443bd39106f13,2024-05-30,10,EXCLUDED_OHLC_RANGE_PROXY,False,OHLC_RANGE_PROXY_EXCEEDS_THRESHOLD,12.056737588652478,1,1
a85d75f96c0c6721a862,PH52-001,BUY_CALL,validation,50696f11ab0417607875,2024-10-17,10,EXCLUDED_OHLC_RANGE_PROXY,False,OHLC_RANGE_PROXY_EXCEEDS_THRESHOLD,14.285714285714288,1,1
a85d75f96c0c6721a862,PH52-001,BUY_CALL,validation,58a4c4843286bd3943a2,2025-03-13,10,BLOCKED_LEG_ELIGIBILITY,False,REQUIRED_LEG_PRIOR_OI_BELOW_100,8.510638297872347,1,1
a85d75f96c0c6721a862,PH52-001,BUY_CALL,validation,e5919e2053dc59805884,2025-07-31,10,BLOCKED_LEG_ELIGIBILITY,False,REQUIRED_LEG_PRIOR_OI_BELOW_100,34.78260869565216,1,1
a85d75f96c0c6721a862,PH52-001,BUY_CALL,validation,2744fff722d389044d25,2025-12-30,10,EXCLUDED_OHLC_RANGE_PROXY,True,ELIGIBLE_FOR_OHLC_PRICE_REFERENCE_SIMULATION,7.1428571428571495,1,1
d4f27239e30ac6922af1,PH52-007,BUY_PUT,development,01f752daf3bb0e90d7b1,2021-05-27,10,EXCLUDED_OHLC_RANGE_PROXY,True,ELIGIBLE_FOR_OHLC_PRICE_REFERENCE_SIMULATION,5.2631578947368425,1,1
d4f27239e30ac6922af1,PH52-007,BUY_PUT,development,0ddaab2f8946678d3082,2021-12-09,10,EXCLUDED_OHLC_RANGE_PROXY,False,OHLC_RANGE_PROXY_EXCEEDS_THRESHOLD,17.18213058419244,1,1
d4f27239e30ac6922af1,PH52-007,BUY_PUT,development,044eef05c3277601504c,2022-06-16,10,EXCLUDED_OHLC_RANGE_PROXY,False,OHLC_RANGE_PROXY_EXCEEDS_THRESHOLD,13.354037267080747,1,1
d4f27239e30ac6922af1,PH52-007,BUY_PUT,development,307dafef42b72c870148,2022-12-15,10,EXCLUDED_OHLC_RANGE_PROXY,True,ELIGIBLE_FOR_OHLC_PRICE_REFERENCE_SIMULATION,9.302325581395358,1,1
d4f27239e30ac6922af1,PH52-007,BUY_PUT,development,c8a686f986a21faa7ed5,2023-06-22,10,EXCLUDED_OHLC_RANGE_PROXY,True,ELIGIBLE_FOR_OHLC_PRICE_REFERENCE_SIMULATION,8.185053380782907,1,1
d4f27239e30ac6922af1,PH52-007,BUY_PUT,development,84c7352397ed038c3ea2,2023-12-28,10,EXCLUDED_OHLC_RANGE_PROXY,True,ELIGIBLE_FOR_OHLC_PRICE_REFERENCE_SIMULATION,4.437869822485207,1,1
d4f27239e30ac6922af1,PH52-007,BUY_PUT,validation,f104c6f1662847c5bbcc,2024-01-04,10,EXCLUDED_OHLC_RANGE_PROXY,False,OHLC_RANGE_PROXY_EXCEEDS_THRESHOLD,10.970464135021087,1,1
d4f27239e30ac6922af1,PH52-007,BUY_PUT,validation,0cd34c6b63a9f995c503,2024-05-30,10,EXCLUDED_OHLC_RANGE_PROXY,False,OHLC_RANGE_PROXY_EXCEEDS_THRESHOLD,10.26677445432497,1,1
d4f27239e30ac6922af1,PH52-007,BUY_PUT,validation,75007ced19cb5e12e01f,2024-10-17,10,EXCLUDED_OHLC_RANGE_PROXY,False,OHLC_RANGE_PROXY_EXCEEDS_THRESHOLD,34.10326086956523,1,1
d4f27239e30ac6922af1,PH52-007,BUY_PUT,validation,8eb8f1add17ecb221cbd,2025-03-13,10,BLOCKED_LEG_ELIGIBILITY,False,REQUIRED_LEG_PRIOR_OI_BELOW_100,13.874345549738212,1,1
d4f27239e30ac6922af1,PH52-007,BUY_PUT,validation,14d9997729e438213524,2025-07-31,10,BLOCKED_LEG_ELIGIBILITY,False,REQUIRED_LEG_PRIOR_OI_BELOW_100,8.320726172465951,1,1
d4f27239e30ac6922af1,PH52-007,BUY_PUT,validation,4a919e0bde313b9b9ee1,2025-12-30,10,BLOCKED_LEG_ELIGIBILITY,False,REQUIRED_LEG_PRIOR_OI_BELOW_100,11.554621848739496,1,1
c039247dcd6929eb8c8b,PH52-007,BUY_PUT,development,01f752daf3bb0e90d7b1,2021-05-27,10,EXCLUDED_OHLC_RANGE_PROXY,True,ELIGIBLE_FOR_OHLC_PRICE_REFERENCE_SIMULATION,6.329113924050633,1,1
c039247dcd6929eb8c8b,PH52-007,BUY_PUT,development,0ddaab2f8946678d3082,2021-12-09,10,EXCLUDED_OHLC_RANGE_PROXY,False,OHLC_RANGE_PROXY_EXCEEDS_THRESHOLD,20.888888888888886,1,1
c039247dcd6929eb8c8b,PH52-007,BUY_PUT,development,044eef05c3277601504c,2022-06-16,10,EXCLUDED_OHLC_RANGE_PROXY,False,OHLC_RANGE_PROXY_EXCEEDS_THRESHOLD,13.705583756345176,1,1
c039247dcd6929eb8c8b,PH52-007,BUY_PUT,development,307dafef42b72c870148,2022-12-15,10,EXCLUDED_OHLC_RANGE_PROXY,True,ELIGIBLE_FOR_OHLC_PRICE_REFERENCE_SIMULATION,8.771929824561402,1,1
c039247dcd6929eb8c8b,PH52-007,BUY_PUT,development,c8a686f986a21faa7ed5,2023-06-22,10,EXCLUDED_OHLC_RANGE_PROXY,True,ELIGIBLE_FOR_OHLC_PRICE_REFERENCE_SIMULATION,4.477611940298504,1,1
c039247dcd6929eb8c8b,PH52-007,BUY_PUT,development,84c7352397ed038c3ea2,2023-12-28,10,EXCLUDED_OHLC_RANGE_PROXY,True,ELIGIBLE_FOR_OHLC_PRICE_REFERENCE_SIMULATION,5.2044609665427455,1,1
c039247dcd6929eb8c8b,PH52-007,BUY_PUT,validation,f104c6f1662847c5bbcc,2024-01-04,10,EXCLUDED_OHLC_RANGE_PROXY,False,OHLC_RANGE_PROXY_EXCEEDS_THRESHOLD,12.90322580645161,1,1
c039247dcd6929eb8c8b,PH52-007,BUY_PUT,validation,0cd34c6b63a9f995c503,2024-05-30,10,EXCLUDED_OHLC_RANGE_PROXY,False,OHLC_RANGE_PROXY_EXCEEDS_THRESHOLD,12.335526315789474,1,1
c039247dcd6929eb8c8b,PH52-007,BUY_PUT,validation,75007ced19cb5e12e01f,2024-10-17,10,EXCLUDED_OHLC_RANGE_PROXY,False,OHLC_RANGE_PROXY_EXCEEDS_THRESHOLD,44.444444444444436,1,1
c039247dcd6929eb8c8b,PH52-007,BUY_PUT,validation,8eb8f1add17ecb221cbd,2025-03-13,10,BLOCKED_LEG_ELIGIBILITY,False,REQUIRED_LEG_PRIOR_OI_BELOW_100,12.318840579710141,1,1
c039247dcd6929eb8c8b,PH52-007,BUY_PUT,validation,14d9997729e438213524,2025-07-31,10,BLOCKED_LEG_ELIGIBILITY,False,REQUIRED_LEG_PRIOR_OI_BELOW_100,8.812260536398469,1,1
c039247dcd6929eb8c8b,PH52-007,BUY_PUT,validation,4a919e0bde313b9b9ee1,2025-12-30,10,BLOCKED_LEG_ELIGIBILITY,False,REQUIRED_LEG_PRIOR_OI_BELOW_100,10.909090909090903,1,1
c31e45a39d28e22b70b2,PH52-007,BUY_PUT,development,ce8e12389ff297becff9,2021-05-27,10,EXCLUDED_OHLC_RANGE_PROXY,True,ELIGIBLE_FOR_OHLC_PRICE_REFERENCE_SIMULATION,6.333333333333329,1,1
c31e45a39d28e22b70b2,PH52-007,BUY_PUT,development,061c004245393c77b5c7,2021-12-09,10,EXCLUDED_OHLC_RANGE_PROXY,False,OHLC_RANGE_PROXY_EXCEEDS_THRESHOLD,10.270270270270263,1,1
c31e45a39d28e22b70b2,PH52-007,BUY_PUT,development,b58d771555d73891d2fd,2022-06-16,10,EXCLUDED_OHLC_RANGE_PROXY,False,OHLC_RANGE_PROXY_EXCEEDS_THRESHOLD,25.89118198874296,1,1
c31e45a39d28e22b70b2,PH52-007,BUY_PUT,development,8c9b97c314b368f7a743,2022-12-15,10,EXCLUDED_OHLC_RANGE_PROXY,False,OHLC_RANGE_PROXY_EXCEEDS_THRESHOLD,16.250000000000007,1,1
c31e45a39d28e22b70b2,PH52-007,BUY_PUT,development,b2b9482e70f4a2ace098,2023-06-22,10,EXCLUDED_OHLC_RANGE_PROXY,True,ELIGIBLE_FOR_OHLC_PRICE_REFERENCE_SIMULATION,9.230769230769225,1,1
c31e45a39d28e22b70b2,PH52-007,BUY_PUT,development,804301753400916af24f,2023-12-28,10,EXCLUDED_OHLC_RANGE_PROXY,False,OHLC_RANGE_PROXY_EXCEEDS_THRESHOLD,13.793103448275865,1,1
c31e45a39d28e22b70b2,PH52-007,BUY_PUT,validation,c1472f0b801661762bc6,2024-01-04,10,EXCLUDED_OHLC_RANGE_PROXY,False,OHLC_RANGE_PROXY_EXCEEDS_THRESHOLD,16.091954022988492,1,1
c31e45a39d28e22b70b2,PH52-007,BUY_PUT,validation,1d33307443bd39106f13,2024-05-30,10,EXCLUDED_OHLC_RANGE_PROXY,False,OHLC_RANGE_PROXY_EXCEEDS_THRESHOLD,11.267605633802809,1,1
c31e45a39d28e22b70b2,PH52-007,BUY_PUT,validation,50696f11ab0417607875,2024-10-17,10,EXCLUDED_OHLC_RANGE_PROXY,False,OHLC_RANGE_PROXY_EXCEEDS_THRESHOLD,11.585365853658528,1,1
c31e45a39d28e22b70b2,PH52-007,BUY_PUT,validation,58a4c4843286bd3943a2,2025-03-13,10,BLOCKED_LEG_ELIGIBILITY,False,REQUIRED_LEG_PRIOR_OI_BELOW_100,14.736842105263161,1,1
c31e45a39d28e22b70b2,PH52-007,BUY_PUT,validation,e5919e2053dc59805884,2025-07-31,10,BLOCKED_LEG_ELIGIBILITY,False,REQUIRED_LEG_PRIOR_OI_BELOW_100,8.666666666666679,1,1
c31e45a39d28e22b70b2,PH52-007,BUY_PUT,validation,2744fff722d389044d25,2025-12-30,10,EXCLUDED_OHLC_RANGE_PROXY,False,OHLC_RANGE_PROXY_EXCEEDS_THRESHOLD,13.46153846153846,1,1
5819a5202b9b3b1cdd0b,PH52-007,BUY_PUT,development,ce8e12389ff297becff9,2021-05-27,10,EXCLUDED_OHLC_RANGE_PROXY,True,ELIGIBLE_FOR_OHLC_PRICE_REFERENCE_SIMULATION,6.493506493506482,1,1
5819a5202b9b3b1cdd0b,PH52-007,BUY_PUT,development,061c004245393c77b5c7,2021-12-09,10,EXCLUDED_OHLC_RANGE_PROXY,True,ELIGIBLE_FOR_OHLC_PRICE_REFERENCE_SIMULATION,4.255319148936174,1,1
5819a5202b9b3b1cdd0b,PH52-007,BUY_PUT,development,b58d771555d73891d2fd,2022-06-16,10,EXCLUDED_OHLC_RANGE_PROXY,False,OHLC_RANGE_PROXY_EXCEEDS_THRESHOLD,32.28346456692912,1,1
5819a5202b9b3b1cdd0b,PH52-007,BUY_PUT,development,8c9b97c314b368f7a743,2022-12-15,10,EXCLUDED_OHLC_RANGE_PROXY,False,OHLC_RANGE_PROXY_EXCEEDS_THRESHOLD,10.526315789473683,1,1
5819a5202b9b3b1cdd0b,PH52-007,BUY_PUT,development,b2b9482e70f4a2ace098,2023-06-22,10,EXCLUDED_OHLC_RANGE_PROXY,False,OHLC_RANGE_PROXY_EXCEEDS_THRESHOLD,11.111111111111104,1,1
5819a5202b9b3b1cdd0b,PH52-007,BUY_PUT,development,804301753400916af24f,2023-12-28,10,EXCLUDED_OHLC_RANGE_PROXY,False,OHLC_RANGE_PROXY_EXCEEDS_THRESHOLD,11.49425287356322,1,1
5819a5202b9b3b1cdd0b,PH52-007,BUY_PUT,validation,c1472f0b801661762bc6,2024-01-04,10,EXCLUDED_OHLC_RANGE_PROXY,True,ELIGIBLE_FOR_OHLC_PRICE_REFERENCE_SIMULATION,8.695652173913052,1,1
5819a5202b9b3b1cdd0b,PH52-007,BUY_PUT,validation,1d33307443bd39106f13,2024-05-30,10,EXCLUDED_OHLC_RANGE_PROXY,True,ELIGIBLE_FOR_OHLC_PRICE_REFERENCE_SIMULATION,9.022556390977451,1,1
5819a5202b9b3b1cdd0b,PH52-007,BUY_PUT,validation,50696f11ab0417607875,2024-10-17,10,EXCLUDED_OHLC_RANGE_PROXY,False,OHLC_RANGE_PROXY_EXCEEDS_THRESHOLD,11.111111111111109,1,1
5819a5202b9b3b1cdd0b,PH52-007,BUY_PUT,validation,58a4c4843286bd3943a2,2025-03-13,10,BLOCKED_LEG_ELIGIBILITY,False,REQUIRED_LEG_PRIOR_OI_BELOW_100,8.000000000000007,1,1
5819a5202b9b3b1cdd0b,PH52-007,BUY_PUT,validation,e5919e2053dc59805884,2025-07-31,10,BLOCKED_LEG_ELIGIBILITY,False,REQUIRED_LEG_PRIOR_OI_BELOW_100,7.042253521126761,1,1
5819a5202b9b3b1cdd0b,PH52-007,BUY_PUT,validation,2744fff722d389044d25,2025-12-30,10,EXCLUDED_OHLC_RANGE_PROXY,False,OHLC_RANGE_PROXY_EXCEEDS_THRESHOLD,10.526315789473683,1,1
98dbdd88c3b8df3d0d98,PH52-049,LONG_STRADDLE,development,01f752daf3bb0e90d7b1,2021-05-27,10,EXCLUDED_OHLC_RANGE_PROXY,True,ELIGIBLE_FOR_OHLC_PRICE_REFERENCE_SIMULATION,5.246913580246912,2,2
98dbdd88c3b8df3d0d98,PH52-049,LONG_STRADDLE,development,0ddaab2f8946678d3082,2021-12-09,10,EXCLUDED_OHLC_RANGE_PROXY,False,OHLC_RANGE_PROXY_EXCEEDS_THRESHOLD,13.059427732942025,2,2
98dbdd88c3b8df3d0d98,PH52-049,LONG_STRADDLE,development,044eef05c3277601504c,2022-06-16,10,EXCLUDED_OHLC_RANGE_PROXY,False,OHLC_RANGE_PROXY_EXCEEDS_THRESHOLD,10.736196319018415,2,2
98dbdd88c3b8df3d0d98,PH52-049,LONG_STRADDLE,development,307dafef42b72c870148,2022-12-15,10,EXCLUDED_OHLC_RANGE_PROXY,True,ELIGIBLE_FOR_OHLC_PRICE_REFERENCE_SIMULATION,5.957446808510648,2,2
98dbdd88c3b8df3d0d98,PH52-049,LONG_STRADDLE,development,c8a686f986a21faa7ed5,2023-06-22,10,EXCLUDED_OHLC_RANGE_PROXY,False,OHLC_RANGE_PROXY_EXCEEDS_THRESHOLD,11.021505376344088,2,2
98dbdd88c3b8df3d0d98,PH52-049,LONG_STRADDLE,development,84c7352397ed038c3ea2,2023-12-28,10,EXCLUDED_OHLC_RANGE_PROXY,True,ELIGIBLE_FOR_OHLC_PRICE_REFERENCE_SIMULATION,4.341736694677863,2,2
98dbdd88c3b8df3d0d98,PH52-049,LONG_STRADDLE,validation,f104c6f1662847c5bbcc,2024-01-04,10,EXCLUDED_OHLC_RANGE_PROXY,True,ELIGIBLE_FOR_OHLC_PRICE_REFERENCE_SIMULATION,6.666666666666658,2,2
98dbdd88c3b8df3d0d98,PH52-049,LONG_STRADDLE,validation,0cd34c6b63a9f995c503,2024-05-30,10,EXCLUDED_OHLC_RANGE_PROXY,True,ELIGIBLE_FOR_OHLC_PRICE_REFERENCE_SIMULATION,8.21529745042493,2,2
98dbdd88c3b8df3d0d98,PH52-049,LONG_STRADDLE,validation,75007ced19cb5e12e01f,2024-10-17,10,EXCLUDED_OHLC_RANGE_PROXY,False,OHLC_RANGE_PROXY_EXCEEDS_THRESHOLD,20.713899405083833,2,2
98dbdd88c3b8df3d0d98,PH52-049,LONG_STRADDLE,validation,8eb8f1add17ecb221cbd,2025-03-13,10,BLOCKED_LEG_ELIGIBILITY,False,REQUIRED_LEG_PRIOR_OI_BELOW_100,14.285714285714286,2,2
98dbdd88c3b8df3d0d98,PH52-049,LONG_STRADDLE,validation,14d9997729e438213524,2025-07-31,10,BLOCKED_LEG_ELIGIBILITY,False,REQUIRED_LEG_PRIOR_OI_BELOW_100,12.089810017271157,2,2
98dbdd88c3b8df3d0d98,PH52-049,LONG_STRADDLE,validation,4a919e0bde313b9b9ee1,2025-12-30,10,BLOCKED_LEG_ELIGIBILITY,False,REQUIRED_LEG_PRIOR_OI_BELOW_100,17.257683215130037,2,2
c4749ba6933734c7ed45,PH52-049,LONG_STRADDLE,development,01f752daf3bb0e90d7b1,2021-05-27,10,EXCLUDED_OHLC_RANGE_PROXY,True,ELIGIBLE_FOR_OHLC_PRICE_REFERENCE_SIMULATION,5.9999999999999964,2,2
c4749ba6933734c7ed45,PH52-049,LONG_STRADDLE,development,0ddaab2f8946678d3082,2021-12-09,10,EXCLUDED_OHLC_RANGE_PROXY,False,OHLC_RANGE_PROXY_EXCEEDS_THRESHOLD,10.596026490066224,2,2
c4749ba6933734c7ed45,PH52-049,LONG_STRADDLE,development,044eef05c3277601504c,2022-06-16,10,EXCLUDED_OHLC_RANGE_PROXY,True,ELIGIBLE_FOR_OHLC_PRICE_REFERENCE_SIMULATION,9.78260869565216,2,2
c4749ba6933734c7ed45,PH52-049,LONG_STRADDLE,development,307dafef42b72c870148,2022-12-15,10,EXCLUDED_OHLC_RANGE_PROXY,True,ELIGIBLE_FOR_OHLC_PRICE_REFERENCE_SIMULATION,3.63636363636364,2,2
c4749ba6933734c7ed45,PH52-049,LONG_STRADDLE,development,c8a686f986a21faa7ed5,2023-06-22,10,EXCLUDED_OHLC_RANGE_PROXY,True,ELIGIBLE_FOR_OHLC_PRICE_REFERENCE_SIMULATION,7.547169811320744,2,2
c4749ba6933734c7ed45,PH52-049,LONG_STRADDLE,development,84c7352397ed038c3ea2,2023-12-28,10,EXCLUDED_OHLC_RANGE_PROXY,True,ELIGIBLE_FOR_OHLC_PRICE_REFERENCE_SIMULATION,4.784688995215311,2,2
c4749ba6933734c7ed45,PH52-049,LONG_STRADDLE,validation,f104c6f1662847c5bbcc,2024-01-04,10,EXCLUDED_OHLC_RANGE_PROXY,True,ELIGIBLE_FOR_OHLC_PRICE_REFERENCE_SIMULATION,5.882352941176485,2,2
c4749ba6933734c7ed45,PH52-049,LONG_STRADDLE,validation,0cd34c6b63a9f995c503,2024-05-30,10,EXCLUDED_OHLC_RANGE_PROXY,True,ELIGIBLE_FOR_OHLC_PRICE_REFERENCE_SIMULATION,8.739837398373977,2,2
c4749ba6933734c7ed45,PH52-049,LONG_STRADDLE,validation,75007ced19cb5e12e01f,2024-10-17,10,EXCLUDED_OHLC_RANGE_PROXY,False,OHLC_RANGE_PROXY_EXCEEDS_THRESHOLD,15.302491103202849,2,2
c4749ba6933734c7ed45,PH52-049,LONG_STRADDLE,validation,8eb8f1add17ecb221cbd,2025-03-13,10,BLOCKED_LEG_ELIGIBILITY,False,REQUIRED_LEG_PRIOR_OI_BELOW_100,12.37113402061857,2,2
c4749ba6933734c7ed45,PH52-049,LONG_STRADDLE,validation,14d9997729e438213524,2025-07-31,10,BLOCKED_LEG_ELIGIBILITY,False,REQUIRED_LEG_PRIOR_OI_BELOW_100,12.385321100917428,2,2
c4749ba6933734c7ed45,PH52-049,LONG_STRADDLE,validation,4a919e0bde313b9b9ee1,2025-12-30,10,BLOCKED_LEG_ELIGIBILITY,False,REQUIRED_LEG_PRIOR_OI_BELOW_100,15.51724137931035,2,2
0a2c71c6e12e773afc2d,PH52-049,LONG_STRADDLE,development,ce8e12389ff297becff9,2021-05-27,10,EXCLUDED_OHLC_RANGE_PROXY,False,OHLC_RANGE_PROXY_EXCEEDS_THRESHOLD,10.322580645161288,2,2
0a2c71c6e12e773afc2d,PH52-049,LONG_STRADDLE,development,061c004245393c77b5c7,2021-12-09,10,EXCLUDED_OHLC_RANGE_PROXY,True,ELIGIBLE_FOR_OHLC_PRICE_REFERENCE_SIMULATION,9.48509485094851,2,2
0a2c71c6e12e773afc2d,PH52-049,LONG_STRADDLE,development,b58d771555d73891d2fd,2022-06-16,10,EXCLUDED_OHLC_RANGE_PROXY,False,OHLC_RANGE_PROXY_EXCEEDS_THRESHOLD,21.229050279329606,2,2
0a2c71c6e12e773afc2d,PH52-049,LONG_STRADDLE,development,8c9b97c314b368f7a743,2022-12-15,10,EXCLUDED_OHLC_RANGE_PROXY,True,ELIGIBLE_FOR_OHLC_PRICE_REFERENCE_SIMULATION,8.940852819807427,2,2
0a2c71c6e12e773afc2d,PH52-049,LONG_STRADDLE,development,b2b9482e70f4a2ace098,2023-06-22,10,EXCLUDED_OHLC_RANGE_PROXY,False,OHLC_RANGE_PROXY_EXCEEDS_THRESHOLD,11.874999999999991,2,2
0a2c71c6e12e773afc2d,PH52-049,LONG_STRADDLE,development,804301753400916af24f,2023-12-28,10,EXCLUDED_OHLC_RANGE_PROXY,False,OHLC_RANGE_PROXY_EXCEEDS_THRESHOLD,12.962962962962964,2,2
0a2c71c6e12e773afc2d,PH52-049,LONG_STRADDLE,validation,c1472f0b801661762bc6,2024-01-04,10,EXCLUDED_OHLC_RANGE_PROXY,False,OHLC_RANGE_PROXY_EXCEEDS_THRESHOLD,17.58241758241759,2,2
0a2c71c6e12e773afc2d,PH52-049,LONG_STRADDLE,validation,1d33307443bd39106f13,2024-05-30,10,EXCLUDED_OHLC_RANGE_PROXY,False,OHLC_RANGE_PROXY_EXCEEDS_THRESHOLD,12.436548223350252,2,2
0a2c71c6e12e773afc2d,PH52-049,LONG_STRADDLE,validation,50696f11ab0417607875,2024-10-17,10,EXCLUDED_OHLC_RANGE_PROXY,False,OHLC_RANGE_PROXY_EXCEEDS_THRESHOLD,17.857142857142858,2,2
0a2c71c6e12e773afc2d,PH52-049,LONG_STRADDLE,validation,58a4c4843286bd3943a2,2025-03-13,10,BLOCKED_LEG_ELIGIBILITY,False,REQUIRED_LEG_PRIOR_OI_BELOW_100,10.0,2,2
0a2c71c6e12e773afc2d,PH52-049,LONG_STRADDLE,validation,e5919e2053dc59805884,2025-07-31,10,BLOCKED_LEG_ELIGIBILITY,False,REQUIRED_LEG_PRIOR_OI_BELOW_100,27.142857142857146,2,2
0a2c71c6e12e773afc2d,PH52-049,LONG_STRADDLE,validation,2744fff722d389044d25,2025-12-30,10,EXCLUDED_OHLC_RANGE_PROXY,False,OHLC_RANGE_PROXY_EXCEEDS_THRESHOLD,11.363636363636365,2,2
2432b3ba491006a1f15a,PH52-049,LONG_STRADDLE,development,ce8e12389ff297becff9,2021-05-27,10,EXCLUDED_OHLC_RANGE_PROXY,False,OHLC_RANGE_PROXY_EXCEEDS_THRESHOLD,10.000000000000009,2,2
2432b3ba491006a1f15a,PH52-049,LONG_STRADDLE,development,061c004245393c77b5c7,2021-12-09,10,EXCLUDED_OHLC_RANGE_PROXY,True,ELIGIBLE_FOR_OHLC_PRICE_REFERENCE_SIMULATION,7.499999999999996,2,2
2432b3ba491006a1f15a,PH52-049,LONG_STRADDLE,development,b58d771555d73891d2fd,2022-06-16,10,EXCLUDED_OHLC_RANGE_PROXY,False,OHLC_RANGE_PROXY_EXCEEDS_THRESHOLD,21.73913043478261,2,2
2432b3ba491006a1f15a,PH52-049,LONG_STRADDLE,development,8c9b97c314b368f7a743,2022-12-15,10,EXCLUDED_OHLC_RANGE_PROXY,True,ELIGIBLE_FOR_OHLC_PRICE_REFERENCE_SIMULATION,3.741358275721845,2,2
2432b3ba491006a1f15a,PH52-049,LONG_STRADDLE,development,b2b9482e70f4a2ace098,2023-06-22,10,EXCLUDED_OHLC_RANGE_PROXY,True,ELIGIBLE_FOR_OHLC_PRICE_REFERENCE_SIMULATION,6.250000000000005,2,2
2432b3ba491006a1f15a,PH52-049,LONG_STRADDLE,development,804301753400916af24f,2023-12-28,10,EXCLUDED_OHLC_RANGE_PROXY,True,ELIGIBLE_FOR_OHLC_PRICE_REFERENCE_SIMULATION,9.803921568627452,2,2
2432b3ba491006a1f15a,PH52-049,LONG_STRADDLE,validation,c1472f0b801661762bc6,2024-01-04,10,EXCLUDED_OHLC_RANGE_PROXY,False,OHLC_RANGE_PROXY_EXCEEDS_THRESHOLD,15.384615384615381,2,2
2432b3ba491006a1f15a,PH52-049,LONG_STRADDLE,validation,1d33307443bd39106f13,2024-05-30,10,EXCLUDED_OHLC_RANGE_PROXY,False,OHLC_RANGE_PROXY_EXCEEDS_THRESHOLD,12.056737588652478,2,2
2432b3ba491006a1f15a,PH52-049,LONG_STRADDLE,validation,50696f11ab0417607875,2024-10-17,10,EXCLUDED_OHLC_RANGE_PROXY,False,OHLC_RANGE_PROXY_EXCEEDS_THRESHOLD,14.285714285714288,2,2
2432b3ba491006a1f15a,PH52-049,LONG_STRADDLE,validation,58a4c4843286bd3943a2,2025-03-13,10,BLOCKED_LEG_ELIGIBILITY,False,REQUIRED_LEG_PRIOR_OI_BELOW_100,8.510638297872347,2,2
2432b3ba491006a1f15a,PH52-049,LONG_STRADDLE,validation,e5919e2053dc59805884,2025-07-31,10,BLOCKED_LEG_ELIGIBILITY,False,REQUIRED_LEG_PRIOR_OI_BELOW_100,34.78260869565216,2,2
2432b3ba491006a1f15a,PH52-049,LONG_STRADDLE,validation,2744fff722d389044d25,2025-12-30,10,EXCLUDED_OHLC_RANGE_PROXY,True,ELIGIBLE_FOR_OHLC_PRICE_REFERENCE_SIMULATION,7.1428571428571495,2,2
722daeb1f1c06b54a1ee,PH52-061,LONG_STRANGLE,development,01f752daf3bb0e90d7b1,2021-05-27,10,EXCLUDED_OHLC_RANGE_PROXY,True,ELIGIBLE_FOR_OHLC_PRICE_REFERENCE_SIMULATION,5.2631578947368425,2,2
722daeb1f1c06b54a1ee,PH52-061,LONG_STRANGLE,development,0ddaab2f8946678d3082,2021-12-09,10,EXCLUDED_OHLC_RANGE_PROXY,False,OHLC_RANGE_PROXY_EXCEEDS_THRESHOLD,17.18213058419244,2,2
722daeb1f1c06b54a1ee,PH52-061,LONG_STRANGLE,development,044eef05c3277601504c,2022-06-16,10,EXCLUDED_OHLC_RANGE_PROXY,False,OHLC_RANGE_PROXY_EXCEEDS_THRESHOLD,13.354037267080747,2,2
722daeb1f1c06b54a1ee,PH52-061,LONG_STRANGLE,development,307dafef42b72c870148,2022-12-15,10,EXCLUDED_OHLC_RANGE_PROXY,True,ELIGIBLE_FOR_OHLC_PRICE_REFERENCE_SIMULATION,9.302325581395358,2,2
722daeb1f1c06b54a1ee,PH52-061,LONG_STRANGLE,development,c8a686f986a21faa7ed5,2023-06-22,10,EXCLUDED_OHLC_RANGE_PROXY,False,OHLC_RANGE_PROXY_EXCEEDS_THRESHOLD,11.021505376344088,2,2
722daeb1f1c06b54a1ee,PH52-061,LONG_STRANGLE,development,84c7352397ed038c3ea2,2023-12-28,10,EXCLUDED_OHLC_RANGE_PROXY,True,ELIGIBLE_FOR_OHLC_PRICE_REFERENCE_SIMULATION,4.437869822485207,2,2
722daeb1f1c06b54a1ee,PH52-061,LONG_STRANGLE,validation,f104c6f1662847c5bbcc,2024-01-04,10,EXCLUDED_OHLC_RANGE_PROXY,False,OHLC_RANGE_PROXY_EXCEEDS_THRESHOLD,10.970464135021087,2,2
722daeb1f1c06b54a1ee,PH52-061,LONG_STRANGLE,validation,0cd34c6b63a9f995c503,2024-05-30,10,EXCLUDED_OHLC_RANGE_PROXY,False,OHLC_RANGE_PROXY_EXCEEDS_THRESHOLD,10.26677445432497,2,2
722daeb1f1c06b54a1ee,PH52-061,LONG_STRANGLE,validation,75007ced19cb5e12e01f,2024-10-17,10,EXCLUDED_OHLC_RANGE_PROXY,False,OHLC_RANGE_PROXY_EXCEEDS_THRESHOLD,34.10326086956523,2,2
722daeb1f1c06b54a1ee,PH52-061,LONG_STRANGLE,validation,8eb8f1add17ecb221cbd,2025-03-13,10,BLOCKED_LEG_ELIGIBILITY,False,REQUIRED_LEG_PRIOR_OI_BELOW_100,14.285714285714286,2,2
722daeb1f1c06b54a1ee,PH52-061,LONG_STRANGLE,validation,14d9997729e438213524,2025-07-31,10,BLOCKED_LEG_ELIGIBILITY,False,REQUIRED_LEG_PRIOR_OI_BELOW_100,12.089810017271157,2,2
722daeb1f1c06b54a1ee,PH52-061,LONG_STRANGLE,validation,4a919e0bde313b9b9ee1,2025-12-30,10,BLOCKED_LEG_ELIGIBILITY,False,REQUIRED_LEG_PRIOR_OI_BELOW_100,17.257683215130037,2,2
2173cfebeda92408e9c0,PH52-061,LONG_STRANGLE,development,01f752daf3bb0e90d7b1,2021-05-27,10,EXCLUDED_OHLC_RANGE_PROXY,True,ELIGIBLE_FOR_OHLC_PRICE_REFERENCE_SIMULATION,6.329113924050633,2,2
2173cfebeda92408e9c0,PH52-061,LONG_STRANGLE,development,0ddaab2f8946678d3082,2021-12-09,10,EXCLUDED_OHLC_RANGE_PROXY,False,OHLC_RANGE_PROXY_EXCEEDS_THRESHOLD,20.888888888888886,2,2
2173cfebeda92408e9c0,PH52-061,LONG_STRANGLE,development,044eef05c3277601504c,2022-06-16,10,EXCLUDED_OHLC_RANGE_PROXY,False,OHLC_RANGE_PROXY_EXCEEDS_THRESHOLD,13.705583756345176,2,2
2173cfebeda92408e9c0,PH52-061,LONG_STRANGLE,development,307dafef42b72c870148,2022-12-15,10,EXCLUDED_OHLC_RANGE_PROXY,True,ELIGIBLE_FOR_OHLC_PRICE_REFERENCE_SIMULATION,8.771929824561402,2,2
2173cfebeda92408e9c0,PH52-061,LONG_STRANGLE,development,c8a686f986a21faa7ed5,2023-06-22,10,EXCLUDED_OHLC_RANGE_PROXY,True,ELIGIBLE_FOR_OHLC_PRICE_REFERENCE_SIMULATION,7.547169811320744,2,2
2173cfebeda92408e9c0,PH52-061,LONG_STRANGLE,development,84c7352397ed038c3ea2,2023-12-28,10,EXCLUDED_OHLC_RANGE_PROXY,True,ELIGIBLE_FOR_OHLC_PRICE_REFERENCE_SIMULATION,5.2044609665427455,2,2
2173cfebeda92408e9c0,PH52-061,LONG_STRANGLE,validation,f104c6f1662847c5bbcc,2024-01-04,10,EXCLUDED_OHLC_RANGE_PROXY,False,OHLC_RANGE_PROXY_EXCEEDS_THRESHOLD,12.90322580645161,2,2
2173cfebeda92408e9c0,PH52-061,LONG_STRANGLE,validation,0cd34c6b63a9f995c503,2024-05-30,10,EXCLUDED_OHLC_RANGE_PROXY,False,OHLC_RANGE_PROXY_EXCEEDS_THRESHOLD,12.335526315789474,2,2
2173cfebeda92408e9c0,PH52-061,LONG_STRANGLE,validation,75007ced19cb5e12e01f,2024-10-17,10,EXCLUDED_OHLC_RANGE_PROXY,False,OHLC_RANGE_PROXY_EXCEEDS_THRESHOLD,44.444444444444436,2,2
2173cfebeda92408e9c0,PH52-061,LONG_STRANGLE,validation,8eb8f1add17ecb221cbd,2025-03-13,10,BLOCKED_LEG_ELIGIBILITY,False,REQUIRED_LEG_PRIOR_OI_BELOW_100,12.37113402061857,2,2
2173cfebeda92408e9c0,PH52-061,LONG_STRANGLE,validation,14d9997729e438213524,2025-07-31,10,BLOCKED_LEG_ELIGIBILITY,False,REQUIRED_LEG_PRIOR_OI_BELOW_100,12.385321100917428,2,2
2173cfebeda92408e9c0,PH52-061,LONG_STRANGLE,validation,4a919e0bde313b9b9ee1,2025-12-30,10,BLOCKED_LEG_ELIGIBILITY,False,REQUIRED_LEG_PRIOR_OI_BELOW_100,15.51724137931035,2,2
2f22cd4cb483cbbd04af,PH52-061,LONG_STRANGLE,development,ce8e12389ff297becff9,2021-05-27,10,EXCLUDED_OHLC_RANGE_PROXY,False,OHLC_RANGE_PROXY_EXCEEDS_THRESHOLD,10.322580645161288,2,2
2f22cd4cb483cbbd04af,PH52-061,LONG_STRANGLE,development,061c004245393c77b5c7,2021-12-09,10,EXCLUDED_OHLC_RANGE_PROXY,False,OHLC_RANGE_PROXY_EXCEEDS_THRESHOLD,10.270270270270263,2,2
2f22cd4cb483cbbd04af,PH52-061,LONG_STRANGLE,development,b58d771555d73891d2fd,2022-06-16,10,EXCLUDED_OHLC_RANGE_PROXY,False,OHLC_RANGE_PROXY_EXCEEDS_THRESHOLD,25.89118198874296,2,2
2f22cd4cb483cbbd04af,PH52-061,LONG_STRANGLE,development,8c9b97c314b368f7a743,2022-12-15,10,EXCLUDED_OHLC_RANGE_PROXY,False,OHLC_RANGE_PROXY_EXCEEDS_THRESHOLD,16.250000000000007,2,2
2f22cd4cb483cbbd04af,PH52-061,LONG_STRANGLE,development,b2b9482e70f4a2ace098,2023-06-22,10,EXCLUDED_OHLC_RANGE_PROXY,False,OHLC_RANGE_PROXY_EXCEEDS_THRESHOLD,11.874999999999991,2,2
2f22cd4cb483cbbd04af,PH52-061,LONG_STRANGLE,development,804301753400916af24f,2023-12-28,10,EXCLUDED_OHLC_RANGE_PROXY,False,OHLC_RANGE_PROXY_EXCEEDS_THRESHOLD,13.793103448275865,2,2
2f22cd4cb483cbbd04af,PH52-061,LONG_STRANGLE,validation,c1472f0b801661762bc6,2024-01-04,10,EXCLUDED_OHLC_RANGE_PROXY,False,OHLC_RANGE_PROXY_EXCEEDS_THRESHOLD,17.58241758241759,2,2
2f22cd4cb483cbbd04af,PH52-061,LONG_STRANGLE,validation,1d33307443bd39106f13,2024-05-30,10,EXCLUDED_OHLC_RANGE_PROXY,False,OHLC_RANGE_PROXY_EXCEEDS_THRESHOLD,12.436548223350252,2,2
2f22cd4cb483cbbd04af,PH52-061,LONG_STRANGLE,validation,50696f11ab0417607875,2024-10-17,10,EXCLUDED_OHLC_RANGE_PROXY,False,OHLC_RANGE_PROXY_EXCEEDS_THRESHOLD,17.857142857142858,2,2
2f22cd4cb483cbbd04af,PH52-061,LONG_STRANGLE,validation,58a4c4843286bd3943a2,2025-03-13,10,BLOCKED_LEG_ELIGIBILITY,False,REQUIRED_LEG_PRIOR_OI_BELOW_100,14.736842105263161,2,2
2f22cd4cb483cbbd04af,PH52-061,LONG_STRANGLE,validation,e5919e2053dc59805884,2025-07-31,10,BLOCKED_LEG_ELIGIBILITY,False,REQUIRED_LEG_PRIOR_OI_BELOW_100,27.142857142857146,2,2
2f22cd4cb483cbbd04af,PH52-061,LONG_STRANGLE,validation,2744fff722d389044d25,2025-12-30,10,EXCLUDED_OHLC_RANGE_PROXY,False,OHLC_RANGE_PROXY_EXCEEDS_THRESHOLD,13.46153846153846,2,2
4bd35f1260b64365d38b,PH52-061,LONG_STRANGLE,development,ce8e12389ff297becff9,2021-05-27,10,EXCLUDED_OHLC_RANGE_PROXY,False,OHLC_RANGE_PROXY_EXCEEDS_THRESHOLD,10.000000000000009,2,2
4bd35f1260b64365d38b,PH52-061,LONG_STRANGLE,development,061c004245393c77b5c7,2021-12-09,10,EXCLUDED_OHLC_RANGE_PROXY,True,ELIGIBLE_FOR_OHLC_PRICE_REFERENCE_SIMULATION,7.499999999999996,2,2
4bd35f1260b64365d38b,PH52-061,LONG_STRANGLE,development,b58d771555d73891d2fd,2022-06-16,10,EXCLUDED_OHLC_RANGE_PROXY,False,OHLC_RANGE_PROXY_EXCEEDS_THRESHOLD,32.28346456692912,2,2
4bd35f1260b64365d38b,PH52-061,LONG_STRANGLE,development,8c9b97c314b368f7a743,2022-12-15,10,EXCLUDED_OHLC_RANGE_PROXY,False,OHLC_RANGE_PROXY_EXCEEDS_THRESHOLD,10.526315789473683,2,2
4bd35f1260b64365d38b,PH52-061,LONG_STRANGLE,development,b2b9482e70f4a2ace098,2023-06-22,10,EXCLUDED_OHLC_RANGE_PROXY,False,OHLC_RANGE_PROXY_EXCEEDS_THRESHOLD,11.111111111111104,2,2
4bd35f1260b64365d38b,PH52-061,LONG_STRANGLE,development,804301753400916af24f,2023-12-28,10,EXCLUDED_OHLC_RANGE_PROXY,False,OHLC_RANGE_PROXY_EXCEEDS_THRESHOLD,11.49425287356322,2,2
4bd35f1260b64365d38b,PH52-061,LONG_STRANGLE,validation,c1472f0b801661762bc6,2024-01-04,10,EXCLUDED_OHLC_RANGE_PROXY,False,OHLC_RANGE_PROXY_EXCEEDS_THRESHOLD,15.384615384615381,2,2
4bd35f1260b64365d38b,PH52-061,LONG_STRANGLE,validation,1d33307443bd39106f13,2024-05-30,10,EXCLUDED_OHLC_RANGE_PROXY,False,OHLC_RANGE_PROXY_EXCEEDS_THRESHOLD,12.056737588652478,2,2
4bd35f1260b64365d38b,PH52-061,LONG_STRANGLE,validation,50696f11ab0417607875,2024-10-17,10,EXCLUDED_OHLC_RANGE_PROXY,False,OHLC_RANGE_PROXY_EXCEEDS_THRESHOLD,14.285714285714288,2,2
4bd35f1260b64365d38b,PH52-061,LONG_STRANGLE,validation,58a4c4843286bd3943a2,2025-03-13,10,BLOCKED_LEG_ELIGIBILITY,False,REQUIRED_LEG_PRIOR_OI_BELOW_100,8.510638297872347,2,2
4bd35f1260b64365d38b,PH52-061,LONG_STRANGLE,validation,e5919e2053dc59805884,2025-07-31,10,BLOCKED_LEG_ELIGIBILITY,False,REQUIRED_LEG_PRIOR_OI_BELOW_100,34.78260869565216,2,2
4bd35f1260b64365d38b,PH52-061,LONG_STRANGLE,validation,2744fff722d389044d25,2025-12-30,10,EXCLUDED_OHLC_RANGE_PROXY,False,OHLC_RANGE_PROXY_EXCEEDS_THRESHOLD,10.526315789473683,2,2
89f52cd7e0b3bc8ec28c,PH52-073,SHORT_IRON_CONDOR,development,01f752daf3bb0e90d7b1,2021-05-27,10,EXCLUDED_OHLC_RANGE_PROXY,True,ELIGIBLE_FOR_OHLC_PRICE_REFERENCE_SIMULATION,5.448717948717936,4,4
89f52cd7e0b3bc8ec28c,PH52-073,SHORT_IRON_CONDOR,development,0ddaab2f8946678d3082,2021-12-09,10,EXCLUDED_OHLC_RANGE_PROXY,False,OHLC_RANGE_PROXY_EXCEEDS_THRESHOLD,19.444444444444443,4,4
89f52cd7e0b3bc8ec28c,PH52-073,SHORT_IRON_CONDOR,development,044eef05c3277601504c,2022-06-16,10,EXCLUDED_OHLC_RANGE_PROXY,False,OHLC_RANGE_PROXY_EXCEEDS_THRESHOLD,14.363143631436328,4,4
89f52cd7e0b3bc8ec28c,PH52-073,SHORT_IRON_CONDOR,development,307dafef42b72c870148,2022-12-15,10,EXCLUDED_OHLC_RANGE_PROXY,False,OHLC_RANGE_PROXY_EXCEEDS_THRESHOLD,10.144927536231886,4,4
89f52cd7e0b3bc8ec28c,PH52-073,SHORT_IRON_CONDOR,development,c8a686f986a21faa7ed5,2023-06-22,10,EXCLUDED_OHLC_RANGE_PROXY,False,OHLC_RANGE_PROXY_EXCEEDS_THRESHOLD,12.765957446808503,4,4
89f52cd7e0b3bc8ec28c,PH52-073,SHORT_IRON_CONDOR,development,84c7352397ed038c3ea2,2023-12-28,10,EXCLUDED_OHLC_RANGE_PROXY,True,ELIGIBLE_FOR_OHLC_PRICE_REFERENCE_SIMULATION,5.502392344497618,4,4
89f52cd7e0b3bc8ec28c,PH52-073,SHORT_IRON_CONDOR,validation,f104c6f1662847c5bbcc,2024-01-04,10,EXCLUDED_OHLC_RANGE_PROXY,False,OHLC_RANGE_PROXY_EXCEEDS_THRESHOLD,10.970464135021087,4,4
89f52cd7e0b3bc8ec28c,PH52-073,SHORT_IRON_CONDOR,validation,0cd34c6b63a9f995c503,2024-05-30,10,EXCLUDED_OHLC_RANGE_PROXY,False,OHLC_RANGE_PROXY_EXCEEDS_THRESHOLD,12.13151927437642,4,4
89f52cd7e0b3bc8ec28c,PH52-073,SHORT_IRON_CONDOR,validation,75007ced19cb5e12e01f,2024-10-17,10,EXCLUDED_OHLC_RANGE_PROXY,False,OHLC_RANGE_PROXY_EXCEEDS_THRESHOLD,38.80952380952382,4,4
89f52cd7e0b3bc8ec28c,PH52-073,SHORT_IRON_CONDOR,validation,8eb8f1add17ecb221cbd,2025-03-13,10,BLOCKED_LEG_ELIGIBILITY,False,REQUIRED_LEG_PRIOR_OI_BELOW_100,14.285714285714286,4,4
89f52cd7e0b3bc8ec28c,PH52-073,SHORT_IRON_CONDOR,validation,14d9997729e438213524,2025-07-31,10,BLOCKED_LEG_ELIGIBILITY,False,REQUIRED_LEG_PRIOR_OI_BELOW_100,14.367816091954024,4,4
89f52cd7e0b3bc8ec28c,PH52-073,SHORT_IRON_CONDOR,validation,4a919e0bde313b9b9ee1,2025-12-30,10,BLOCKED_LEG_ELIGIBILITY,False,REQUIRED_LEG_PRIOR_OI_BELOW_100,17.257683215130037,4,4
ed63864fa6c58959e82b,PH52-073,SHORT_IRON_CONDOR,development,01f752daf3bb0e90d7b1,2021-05-27,10,EXCLUDED_OHLC_RANGE_PROXY,True,ELIGIBLE_FOR_OHLC_PRICE_REFERENCE_SIMULATION,6.25,4,4
ed63864fa6c58959e82b,PH52-073,SHORT_IRON_CONDOR,development,0ddaab2f8946678d3082,2021-12-09,10,EXCLUDED_OHLC_RANGE_PROXY,False,OHLC_RANGE_PROXY_EXCEEDS_THRESHOLD,21.01449275362318,4,4
ed63864fa6c58959e82b,PH52-073,SHORT_IRON_CONDOR,development,044eef05c3277601504c,2022-06-16,10,EXCLUDED_OHLC_RANGE_PROXY,False,OHLC_RANGE_PROXY_EXCEEDS_THRESHOLD,13.354037267080747,4,4
ed63864fa6c58959e82b,PH52-073,SHORT_IRON_CONDOR,development,307dafef42b72c870148,2022-12-15,10,EXCLUDED_OHLC_RANGE_PROXY,True,ELIGIBLE_FOR_OHLC_PRICE_REFERENCE_SIMULATION,9.302325581395358,4,4
ed63864fa6c58959e82b,PH52-073,SHORT_IRON_CONDOR,development,c8a686f986a21faa7ed5,2023-06-22,10,EXCLUDED_OHLC_RANGE_PROXY,False,OHLC_RANGE_PROXY_EXCEEDS_THRESHOLD,11.021505376344088,4,4
ed63864fa6c58959e82b,PH52-073,SHORT_IRON_CONDOR,development,84c7352397ed038c3ea2,2023-12-28,10,EXCLUDED_OHLC_RANGE_PROXY,True,ELIGIBLE_FOR_OHLC_PRICE_REFERENCE_SIMULATION,5.681818181818182,4,4
ed63864fa6c58959e82b,PH52-073,SHORT_IRON_CONDOR,validation,f104c6f1662847c5bbcc,2024-01-04,10,EXCLUDED_OHLC_RANGE_PROXY,False,OHLC_RANGE_PROXY_EXCEEDS_THRESHOLD,10.970464135021087,4,4
ed63864fa6c58959e82b,PH52-073,SHORT_IRON_CONDOR,validation,0cd34c6b63a9f995c503,2024-05-30,10,EXCLUDED_OHLC_RANGE_PROXY,False,OHLC_RANGE_PROXY_EXCEEDS_THRESHOLD,14.496314496314492,4,4
ed63864fa6c58959e82b,PH52-073,SHORT_IRON_CONDOR,validation,75007ced19cb5e12e01f,2024-10-17,10,EXCLUDED_OHLC_RANGE_PROXY,False,OHLC_RANGE_PROXY_EXCEEDS_THRESHOLD,44.02985074626865,4,4
ed63864fa6c58959e82b,PH52-073,SHORT_IRON_CONDOR,validation,8eb8f1add17ecb221cbd,2025-03-13,10,BLOCKED_LEG_ELIGIBILITY,False,REQUIRED_LEG_PRIOR_OI_BELOW_100,14.285714285714286,4,4
ed63864fa6c58959e82b,PH52-073,SHORT_IRON_CONDOR,validation,14d9997729e438213524,2025-07-31,10,BLOCKED_LEG_ELIGIBILITY,False,REQUIRED_LEG_PRIOR_OI_BELOW_100,12.925170068027214,4,4
ed63864fa6c58959e82b,PH52-073,SHORT_IRON_CONDOR,validation,4a919e0bde313b9b9ee1,2025-12-30,10,BLOCKED_LEG_ELIGIBILITY,False,REQUIRED_LEG_PRIOR_OI_BELOW_100,17.257683215130037,4,4
d1522f8d7f12e8386fbd,PH52-073,SHORT_IRON_CONDOR,development,01f752daf3bb0e90d7b1,2021-05-27,10,EXCLUDED_OHLC_RANGE_PROXY,True,ELIGIBLE_FOR_OHLC_PRICE_REFERENCE_SIMULATION,6.329113924050633,4,4
d1522f8d7f12e8386fbd,PH52-073,SHORT_IRON_CONDOR,development,0ddaab2f8946678d3082,2021-12-09,10,EXCLUDED_OHLC_RANGE_PROXY,False,OHLC_RANGE_PROXY_EXCEEDS_THRESHOLD,21.01449275362318,4,4
d1522f8d7f12e8386fbd,PH52-073,SHORT_IRON_CONDOR,development,044eef05c3277601504c,2022-06-16,10,EXCLUDED_OHLC_RANGE_PROXY,False,OHLC_RANGE_PROXY_EXCEEDS_THRESHOLD,13.705583756345176,4,4
d1522f8d7f12e8386fbd,PH52-073,SHORT_IRON_CONDOR,development,307dafef42b72c870148,2022-12-15,10,EXCLUDED_OHLC_RANGE_PROXY,True,ELIGIBLE_FOR_OHLC_PRICE_REFERENCE_SIMULATION,8.771929824561402,4,4
d1522f8d7f12e8386fbd,PH52-073,SHORT_IRON_CONDOR,development,c8a686f986a21faa7ed5,2023-06-22,10,EXCLUDED_OHLC_RANGE_PROXY,True,ELIGIBLE_FOR_OHLC_PRICE_REFERENCE_SIMULATION,7.547169811320744,4,4
d1522f8d7f12e8386fbd,PH52-073,SHORT_IRON_CONDOR,development,84c7352397ed038c3ea2,2023-12-28,10,EXCLUDED_OHLC_RANGE_PROXY,True,ELIGIBLE_FOR_OHLC_PRICE_REFERENCE_SIMULATION,5.681818181818182,4,4
d1522f8d7f12e8386fbd,PH52-073,SHORT_IRON_CONDOR,validation,f104c6f1662847c5bbcc,2024-01-04,10,EXCLUDED_OHLC_RANGE_PROXY,False,OHLC_RANGE_PROXY_EXCEEDS_THRESHOLD,12.90322580645161,4,4
d1522f8d7f12e8386fbd,PH52-073,SHORT_IRON_CONDOR,validation,0cd34c6b63a9f995c503,2024-05-30,10,EXCLUDED_OHLC_RANGE_PROXY,False,OHLC_RANGE_PROXY_EXCEEDS_THRESHOLD,14.496314496314492,4,4
d1522f8d7f12e8386fbd,PH52-073,SHORT_IRON_CONDOR,validation,75007ced19cb5e12e01f,2024-10-17,10,EXCLUDED_OHLC_RANGE_PROXY,False,OHLC_RANGE_PROXY_EXCEEDS_THRESHOLD,44.444444444444436,4,4
d1522f8d7f12e8386fbd,PH52-073,SHORT_IRON_CONDOR,validation,8eb8f1add17ecb221cbd,2025-03-13,10,BLOCKED_LEG_ELIGIBILITY,False,REQUIRED_LEG_PRIOR_OI_BELOW_100,12.37113402061857,4,4
d1522f8d7f12e8386fbd,PH52-073,SHORT_IRON_CONDOR,validation,14d9997729e438213524,2025-07-31,10,BLOCKED_LEG_ELIGIBILITY,False,REQUIRED_LEG_PRIOR_OI_BELOW_100,12.925170068027214,4,4
d1522f8d7f12e8386fbd,PH52-073,SHORT_IRON_CONDOR,validation,4a919e0bde313b9b9ee1,2025-12-30,10,BLOCKED_LEG_ELIGIBILITY,False,REQUIRED_LEG_PRIOR_OI_BELOW_100,17.187500000000007,4,4
88f406f18831fffb35a5,PH52-073,SHORT_IRON_CONDOR,development,01f752daf3bb0e90d7b1,2021-05-27,10,EXCLUDED_OHLC_RANGE_PROXY,True,ELIGIBLE_FOR_OHLC_PRICE_REFERENCE_SIMULATION,9.677419354838703,4,4
88f406f18831fffb35a5,PH52-073,SHORT_IRON_CONDOR,development,0ddaab2f8946678d3082,2021-12-09,10,EXCLUDED_OHLC_RANGE_PROXY,False,OHLC_RANGE_PROXY_EXCEEDS_THRESHOLD,20.888888888888886,4,4
88f406f18831fffb35a5,PH52-073,SHORT_IRON_CONDOR,development,044eef05c3277601504c,2022-06-16,10,EXCLUDED_OHLC_RANGE_PROXY,False,OHLC_RANGE_PROXY_EXCEEDS_THRESHOLD,13.705583756345176,4,4
88f406f18831fffb35a5,PH52-073,SHORT_IRON_CONDOR,development,307dafef42b72c870148,2022-12-15,10,EXCLUDED_OHLC_RANGE_PROXY,True,ELIGIBLE_FOR_OHLC_PRICE_REFERENCE_SIMULATION,8.771929824561402,4,4
88f406f18831fffb35a5,PH52-073,SHORT_IRON_CONDOR,development,c8a686f986a21faa7ed5,2023-06-22,10,EXCLUDED_OHLC_RANGE_PROXY,True,ELIGIBLE_FOR_OHLC_PRICE_REFERENCE_SIMULATION,7.547169811320744,4,4
88f406f18831fffb35a5,PH52-073,SHORT_IRON_CONDOR,development,84c7352397ed038c3ea2,2023-12-28,10,EXCLUDED_OHLC_RANGE_PROXY,True,ELIGIBLE_FOR_OHLC_PRICE_REFERENCE_SIMULATION,5.2044609665427455,4,4
88f406f18831fffb35a5,PH52-073,SHORT_IRON_CONDOR,validation,f104c6f1662847c5bbcc,2024-01-04,10,EXCLUDED_OHLC_RANGE_PROXY,False,OHLC_RANGE_PROXY_EXCEEDS_THRESHOLD,12.90322580645161,4,4
88f406f18831fffb35a5,PH52-073,SHORT_IRON_CONDOR,validation,0cd34c6b63a9f995c503,2024-05-30,10,EXCLUDED_OHLC_RANGE_PROXY,False,OHLC_RANGE_PROXY_EXCEEDS_THRESHOLD,16.000000000000004,4,4
88f406f18831fffb35a5,PH52-073,SHORT_IRON_CONDOR,validation,75007ced19cb5e12e01f,2024-10-17,10,EXCLUDED_OHLC_RANGE_PROXY,False,OHLC_RANGE_PROXY_EXCEEDS_THRESHOLD,44.444444444444436,4,4
88f406f18831fffb35a5,PH52-073,SHORT_IRON_CONDOR,validation,8eb8f1add17ecb221cbd,2025-03-13,10,BLOCKED_LEG_ELIGIBILITY,False,REQUIRED_LEG_PRIOR_OI_BELOW_100,12.37113402061857,4,4
88f406f18831fffb35a5,PH52-073,SHORT_IRON_CONDOR,validation,14d9997729e438213524,2025-07-31,10,BLOCKED_LEG_ELIGIBILITY,False,REQUIRED_LEG_PRIOR_OI_BELOW_100,12.385321100917428,4,4
88f406f18831fffb35a5,PH52-073,SHORT_IRON_CONDOR,validation,4a919e0bde313b9b9ee1,2025-12-30,10,BLOCKED_LEG_ELIGIBILITY,False,REQUIRED_LEG_PRIOR_OI_BELOW_100,15.51724137931035,4,4
3bb7fb2966c25f63f7b8,PH52-073,SHORT_IRON_CONDOR,development,ce8e12389ff297becff9,2021-05-27,10,EXCLUDED_OHLC_RANGE_PROXY,False,OHLC_RANGE_PROXY_EXCEEDS_THRESHOLD,10.322580645161288,4,4
3bb7fb2966c25f63f7b8,PH52-073,SHORT_IRON_CONDOR,development,061c004245393c77b5c7,2021-12-09,10,EXCLUDED_OHLC_RANGE_PROXY,False,OHLC_RANGE_PROXY_EXCEEDS_THRESHOLD,10.270270270270263,4,4
3bb7fb2966c25f63f7b8,PH52-073,SHORT_IRON_CONDOR,development,b58d771555d73891d2fd,2022-06-16,10,EXCLUDED_OHLC_RANGE_PROXY,False,OHLC_RANGE_PROXY_EXCEEDS_THRESHOLD,32.28346456692915,4,4
3bb7fb2966c25f63f7b8,PH52-073,SHORT_IRON_CONDOR,development,8c9b97c314b368f7a743,2022-12-15,10,EXCLUDED_OHLC_RANGE_PROXY,False,OHLC_RANGE_PROXY_EXCEEDS_THRESHOLD,16.250000000000007,4,4
3bb7fb2966c25f63f7b8,PH52-073,SHORT_IRON_CONDOR,development,b2b9482e70f4a2ace098,2023-06-22,10,EXCLUDED_OHLC_RANGE_PROXY,False,OHLC_RANGE_PROXY_EXCEEDS_THRESHOLD,11.874999999999991,4,4
3bb7fb2966c25f63f7b8,PH52-073,SHORT_IRON_CONDOR,development,804301753400916af24f,2023-12-28,10,EXCLUDED_OHLC_RANGE_PROXY,False,OHLC_RANGE_PROXY_EXCEEDS_THRESHOLD,13.793103448275865,4,4
3bb7fb2966c25f63f7b8,PH52-073,SHORT_IRON_CONDOR,validation,c1472f0b801661762bc6,2024-01-04,10,EXCLUDED_OHLC_RANGE_PROXY,False,OHLC_RANGE_PROXY_EXCEEDS_THRESHOLD,17.58241758241759,4,4
3bb7fb2966c25f63f7b8,PH52-073,SHORT_IRON_CONDOR,validation,1d33307443bd39106f13,2024-05-30,10,EXCLUDED_OHLC_RANGE_PROXY,False,OHLC_RANGE_PROXY_EXCEEDS_THRESHOLD,12.436548223350252,4,4
3bb7fb2966c25f63f7b8,PH52-073,SHORT_IRON_CONDOR,validation,50696f11ab0417607875,2024-10-17,10,EXCLUDED_OHLC_RANGE_PROXY,False,OHLC_RANGE_PROXY_EXCEEDS_THRESHOLD,17.857142857142858,4,4
3bb7fb2966c25f63f7b8,PH52-073,SHORT_IRON_CONDOR,validation,58a4c4843286bd3943a2,2025-03-13,10,BLOCKED_LEG_ELIGIBILITY,False,REQUIRED_LEG_PRIOR_OI_BELOW_100,14.736842105263161,4,4
3bb7fb2966c25f63f7b8,PH52-073,SHORT_IRON_CONDOR,validation,e5919e2053dc59805884,2025-07-31,10,BLOCKED_LEG_ELIGIBILITY,False,REQUIRED_LEG_PRIOR_OI_BELOW_100,31.39158576051781,4,4
3bb7fb2966c25f63f7b8,PH52-073,SHORT_IRON_CONDOR,validation,2744fff722d389044d25,2025-12-30,10,EXCLUDED_OHLC_RANGE_PROXY,False,OHLC_RANGE_PROXY_EXCEEDS_THRESHOLD,13.46153846153846,4,4
afd015454460bea2a27d,PH52-073,SHORT_IRON_CONDOR,development,ce8e12389ff297becff9,2021-05-27,10,EXCLUDED_OHLC_RANGE_PROXY,False,OHLC_RANGE_PROXY_EXCEEDS_THRESHOLD,10.322580645161288,4,4
afd015454460bea2a27d,PH52-073,SHORT_IRON_CONDOR,development,061c004245393c77b5c7,2021-12-09,10,EXCLUDED_OHLC_RANGE_PROXY,False,OHLC_RANGE_PROXY_EXCEEDS_THRESHOLD,10.270270270270263,4,4
afd015454460bea2a27d,PH52-073,SHORT_IRON_CONDOR,development,b58d771555d73891d2fd,2022-06-16,10,EXCLUDED_OHLC_RANGE_PROXY,False,OHLC_RANGE_PROXY_EXCEEDS_THRESHOLD,25.89118198874296,4,4
afd015454460bea2a27d,PH52-073,SHORT_IRON_CONDOR,development,8c9b97c314b368f7a743,2022-12-15,10,EXCLUDED_OHLC_RANGE_PROXY,False,OHLC_RANGE_PROXY_EXCEEDS_THRESHOLD,16.250000000000007,4,4
afd015454460bea2a27d,PH52-073,SHORT_IRON_CONDOR,development,b2b9482e70f4a2ace098,2023-06-22,10,EXCLUDED_OHLC_RANGE_PROXY,False,OHLC_RANGE_PROXY_EXCEEDS_THRESHOLD,14.285714285714299,4,4
afd015454460bea2a27d,PH52-073,SHORT_IRON_CONDOR,development,804301753400916af24f,2023-12-28,10,EXCLUDED_OHLC_RANGE_PROXY,False,OHLC_RANGE_PROXY_EXCEEDS_THRESHOLD,13.793103448275865,4,4
afd015454460bea2a27d,PH52-073,SHORT_IRON_CONDOR,validation,c1472f0b801661762bc6,2024-01-04,10,EXCLUDED_OHLC_RANGE_PROXY,False,OHLC_RANGE_PROXY_EXCEEDS_THRESHOLD,17.58241758241759,4,4
afd015454460bea2a27d,PH52-073,SHORT_IRON_CONDOR,validation,1d33307443bd39106f13,2024-05-30,10,EXCLUDED_OHLC_RANGE_PROXY,False,OHLC_RANGE_PROXY_EXCEEDS_THRESHOLD,12.436548223350252,4,4
afd015454460bea2a27d,PH52-073,SHORT_IRON_CONDOR,validation,50696f11ab0417607875,2024-10-17,10,EXCLUDED_OHLC_RANGE_PROXY,False,OHLC_RANGE_PROXY_EXCEEDS_THRESHOLD,17.857142857142858,4,4
afd015454460bea2a27d,PH52-073,SHORT_IRON_CONDOR,validation,58a4c4843286bd3943a2,2025-03-13,10,BLOCKED_LEG_ELIGIBILITY,False,REQUIRED_LEG_PRIOR_OI_BELOW_100,14.736842105263161,4,4
afd015454460bea2a27d,PH52-073,SHORT_IRON_CONDOR,validation,e5919e2053dc59805884,2025-07-31,10,BLOCKED_LEG_ELIGIBILITY,False,REQUIRED_LEG_PRIOR_OI_BELOW_100,31.521739130434792,4,4
afd015454460bea2a27d,PH52-073,SHORT_IRON_CONDOR,validation,2744fff722d389044d25,2025-12-30,10,EXCLUDED_OHLC_RANGE_PROXY,False,OHLC_RANGE_PROXY_EXCEEDS_THRESHOLD,13.46153846153846,4,4
2f542b011d83f30b511e,PH52-073,SHORT_IRON_CONDOR,development,ce8e12389ff297becff9,2021-05-27,10,EXCLUDED_OHLC_RANGE_PROXY,False,OHLC_RANGE_PROXY_EXCEEDS_THRESHOLD,10.000000000000009,4,4
2f542b011d83f30b511e,PH52-073,SHORT_IRON_CONDOR,development,061c004245393c77b5c7,2021-12-09,10,EXCLUDED_OHLC_RANGE_PROXY,True,ELIGIBLE_FOR_OHLC_PRICE_REFERENCE_SIMULATION,9.090909090909086,4,4
2f542b011d83f30b511e,PH52-073,SHORT_IRON_CONDOR,development,b58d771555d73891d2fd,2022-06-16,10,EXCLUDED_OHLC_RANGE_PROXY,False,OHLC_RANGE_PROXY_EXCEEDS_THRESHOLD,32.28346456692912,4,4
2f542b011d83f30b511e,PH52-073,SHORT_IRON_CONDOR,development,8c9b97c314b368f7a743,2022-12-15,10,EXCLUDED_OHLC_RANGE_PROXY,False,OHLC_RANGE_PROXY_EXCEEDS_THRESHOLD,10.526315789473683,4,4
2f542b011d83f30b511e,PH52-073,SHORT_IRON_CONDOR,development,b2b9482e70f4a2ace098,2023-06-22,10,EXCLUDED_OHLC_RANGE_PROXY,False,OHLC_RANGE_PROXY_EXCEEDS_THRESHOLD,14.285714285714299,4,4
2f542b011d83f30b511e,PH52-073,SHORT_IRON_CONDOR,development,804301753400916af24f,2023-12-28,10,EXCLUDED_OHLC_RANGE_PROXY,False,OHLC_RANGE_PROXY_EXCEEDS_THRESHOLD,11.49425287356322,4,4
2f542b011d83f30b511e,PH52-073,SHORT_IRON_CONDOR,validation,c1472f0b801661762bc6,2024-01-04,10,EXCLUDED_OHLC_RANGE_PROXY,False,OHLC_RANGE_PROXY_EXCEEDS_THRESHOLD,15.384615384615381,4,4
2f542b011d83f30b511e,PH52-073,SHORT_IRON_CONDOR,validation,1d33307443bd39106f13,2024-05-30,10,EXCLUDED_OHLC_RANGE_PROXY,False,OHLC_RANGE_PROXY_EXCEEDS_THRESHOLD,12.22222222222222,4,4
2f542b011d83f30b511e,PH52-073,SHORT_IRON_CONDOR,validation,50696f11ab0417607875,2024-10-17,10,EXCLUDED_OHLC_RANGE_PROXY,False,OHLC_RANGE_PROXY_EXCEEDS_THRESHOLD,14.285714285714299,4,4
2f542b011d83f30b511e,PH52-073,SHORT_IRON_CONDOR,validation,58a4c4843286bd3943a2,2025-03-13,10,BLOCKED_LEG_ELIGIBILITY,False,REQUIRED_LEG_PRIOR_OI_BELOW_100,8.510638297872347,4,4
2f542b011d83f30b511e,PH52-073,SHORT_IRON_CONDOR,validation,e5919e2053dc59805884,2025-07-31,10,BLOCKED_LEG_ELIGIBILITY,False,REQUIRED_LEG_PRIOR_OI_BELOW_100,34.78260869565216,4,4
2f542b011d83f30b511e,PH52-073,SHORT_IRON_CONDOR,validation,2744fff722d389044d25,2025-12-30,10,EXCLUDED_OHLC_RANGE_PROXY,False,OHLC_RANGE_PROXY_EXCEEDS_THRESHOLD,12.50000000000001,4,4
8ac7e282e4555d32f4b1,PH52-073,SHORT_IRON_CONDOR,development,ce8e12389ff297becff9,2021-05-27,10,EXCLUDED_OHLC_RANGE_PROXY,False,OHLC_RANGE_PROXY_EXCEEDS_THRESHOLD,14.285714285714299,4,4
8ac7e282e4555d32f4b1,PH52-073,SHORT_IRON_CONDOR,development,061c004245393c77b5c7,2021-12-09,10,EXCLUDED_OHLC_RANGE_PROXY,False,OHLC_RANGE_PROXY_EXCEEDS_THRESHOLD,10.000000000000009,4,4
8ac7e282e4555d32f4b1,PH52-073,SHORT_IRON_CONDOR,development,b58d771555d73891d2fd,2022-06-16,10,EXCLUDED_OHLC_RANGE_PROXY,False,OHLC_RANGE_PROXY_EXCEEDS_THRESHOLD,32.28346456692912,4,4
8ac7e282e4555d32f4b1,PH52-073,SHORT_IRON_CONDOR,development,8c9b97c314b368f7a743,2022-12-15,10,EXCLUDED_OHLC_RANGE_PROXY,False,OHLC_RANGE_PROXY_EXCEEDS_THRESHOLD,22.22222222222223,4,4
8ac7e282e4555d32f4b1,PH52-073,SHORT_IRON_CONDOR,development,b2b9482e70f4a2ace098,2023-06-22,10,EXCLUDED_OHLC_RANGE_PROXY,False,OHLC_RANGE_PROXY_EXCEEDS_THRESHOLD,12.499999999999996,4,4
8ac7e282e4555d32f4b1,PH52-073,SHORT_IRON_CONDOR,development,804301753400916af24f,2023-12-28,10,EXCLUDED_OHLC_RANGE_PROXY,False,OHLC_RANGE_PROXY_EXCEEDS_THRESHOLD,11.49425287356322,4,4
8ac7e282e4555d32f4b1,PH52-073,SHORT_IRON_CONDOR,validation,c1472f0b801661762bc6,2024-01-04,10,EXCLUDED_OHLC_RANGE_PROXY,False,OHLC_RANGE_PROXY_EXCEEDS_THRESHOLD,19.999999999999996,4,4
8ac7e282e4555d32f4b1,PH52-073,SHORT_IRON_CONDOR,validation,1d33307443bd39106f13,2024-05-30,10,EXCLUDED_OHLC_RANGE_PROXY,False,OHLC_RANGE_PROXY_EXCEEDS_THRESHOLD,12.056737588652478,4,4
8ac7e282e4555d32f4b1,PH52-073,SHORT_IRON_CONDOR,validation,50696f11ab0417607875,2024-10-17,10,EXCLUDED_OHLC_RANGE_PROXY,False,OHLC_RANGE_PROXY_EXCEEDS_THRESHOLD,14.285714285714288,4,4
8ac7e282e4555d32f4b1,PH52-073,SHORT_IRON_CONDOR,validation,58a4c4843286bd3943a2,2025-03-13,10,BLOCKED_LEG_ELIGIBILITY,False,REQUIRED_LEG_PRIOR_OI_BELOW_100,10.000000000000009,4,4
8ac7e282e4555d32f4b1,PH52-073,SHORT_IRON_CONDOR,validation,e5919e2053dc59805884,2025-07-31,10,BLOCKED_LEG_ELIGIBILITY,False,REQUIRED_LEG_PRIOR_OI_BELOW_100,34.78260869565216,4,4
8ac7e282e4555d32f4b1,PH52-073,SHORT_IRON_CONDOR,validation,2744fff722d389044d25,2025-12-30,10,EXCLUDED_OHLC_RANGE_PROXY,False,OHLC_RANGE_PROXY_EXCEEDS_THRESHOLD,10.526315789473683,4,4
fe6add04f5cb79f886ae,PH52-043,BEAR_CALL_SPREAD,development,01f752daf3bb0e90d7b1,2021-05-27,12,EXCLUDED_OHLC_RANGE_PROXY,True,ELIGIBLE_FOR_OHLC_PRICE_REFERENCE_SIMULATION,5.384615384615379,2,2
fe6add04f5cb79f886ae,PH52-043,BEAR_CALL_SPREAD,development,0ddaab2f8946678d3082,2021-12-09,12,EXCLUDED_OHLC_RANGE_PROXY,False,OHLC_RANGE_PROXY_EXCEEDS_THRESHOLD,13.180515759312314,2,2
fe6add04f5cb79f886ae,PH52-043,BEAR_CALL_SPREAD,development,044eef05c3277601504c,2022-06-16,12,EXCLUDED_OHLC_RANGE_PROXY,True,ELIGIBLE_FOR_OHLC_PRICE_REFERENCE_SIMULATION,10.924369747899156,2,2
fe6add04f5cb79f886ae,PH52-043,BEAR_CALL_SPREAD,development,307dafef42b72c870148,2022-12-15,12,EXCLUDED_OHLC_RANGE_PROXY,True,ELIGIBLE_FOR_OHLC_PRICE_REFERENCE_SIMULATION,5.957446808510648,2,2
fe6add04f5cb79f886ae,PH52-043,BEAR_CALL_SPREAD,development,c8a686f986a21faa7ed5,2023-06-22,12,EXCLUDED_OHLC_RANGE_PROXY,False,OHLC_RANGE_PROXY_EXCEEDS_THRESHOLD,12.765957446808503,2,2
fe6add04f5cb79f886ae,PH52-043,BEAR_CALL_SPREAD,development,84c7352397ed038c3ea2,2023-12-28,12,EXCLUDED_OHLC_RANGE_PROXY,True,ELIGIBLE_FOR_OHLC_PRICE_REFERENCE_SIMULATION,4.511278195488715,2,2
fe6add04f5cb79f886ae,PH52-043,BEAR_CALL_SPREAD,validation,f104c6f1662847c5bbcc,2024-01-04,12,EXCLUDED_OHLC_RANGE_PROXY,True,ELIGIBLE_FOR_OHLC_PRICE_REFERENCE_SIMULATION,8.63309352517985,2,2
fe6add04f5cb79f886ae,PH52-043,BEAR_CALL_SPREAD,validation,0cd34c6b63a9f995c503,2024-05-30,12,EXCLUDED_OHLC_RANGE_PROXY,True,ELIGIBLE_FOR_OHLC_PRICE_REFERENCE_SIMULATION,8.391608391608392,2,2
fe6add04f5cb79f886ae,PH52-043,BEAR_CALL_SPREAD,validation,75007ced19cb5e12e01f,2024-10-17,12,EXCLUDED_OHLC_RANGE_PROXY,False,OHLC_RANGE_PROXY_EXCEEDS_THRESHOLD,17.452830188679247,2,2
fe6add04f5cb79f886ae,PH52-043,BEAR_CALL_SPREAD,validation,8eb8f1add17ecb221cbd,2025-03-13,12,BLOCKED_LEG_ELIGIBILITY,False,REQUIRED_LEG_PRIOR_OI_BELOW_100,14.285714285714286,2,2
fe6add04f5cb79f886ae,PH52-043,BEAR_CALL_SPREAD,validation,14d9997729e438213524,2025-07-31,12,BLOCKED_LEG_ELIGIBILITY,False,REQUIRED_LEG_PRIOR_OI_BELOW_100,14.367816091954024,2,2
fe6add04f5cb79f886ae,PH52-043,BEAR_CALL_SPREAD,validation,4a919e0bde313b9b9ee1,2025-12-30,12,BLOCKED_LEG_ELIGIBILITY,False,REQUIRED_LEG_PRIOR_OI_BELOW_100,17.257683215130037,2,2
7fbbaa60e31b671300e2,PH52-043,BEAR_CALL_SPREAD,development,01f752daf3bb0e90d7b1,2021-05-27,12,EXCLUDED_OHLC_RANGE_PROXY,True,ELIGIBLE_FOR_OHLC_PRICE_REFERENCE_SIMULATION,5.246913580246912,2,2
7fbbaa60e31b671300e2,PH52-043,BEAR_CALL_SPREAD,development,0ddaab2f8946678d3082,2021-12-09,12,EXCLUDED_OHLC_RANGE_PROXY,True,ELIGIBLE_FOR_OHLC_PRICE_REFERENCE_SIMULATION,11.158798283261808,2,2
7fbbaa60e31b671300e2,PH52-043,BEAR_CALL_SPREAD,development,044eef05c3277601504c,2022-06-16,12,EXCLUDED_OHLC_RANGE_PROXY,True,ELIGIBLE_FOR_OHLC_PRICE_REFERENCE_SIMULATION,10.736196319018415,2,2
7fbbaa60e31b671300e2,PH52-043,BEAR_CALL_SPREAD,development,307dafef42b72c870148,2022-12-15,12,EXCLUDED_OHLC_RANGE_PROXY,True,ELIGIBLE_FOR_OHLC_PRICE_REFERENCE_SIMULATION,5.957446808510648,2,2
7fbbaa60e31b671300e2,PH52-043,BEAR_CALL_SPREAD,development,c8a686f986a21faa7ed5,2023-06-22,12,EXCLUDED_OHLC_RANGE_PROXY,True,ELIGIBLE_FOR_OHLC_PRICE_REFERENCE_SIMULATION,11.021505376344088,2,2
7fbbaa60e31b671300e2,PH52-043,BEAR_CALL_SPREAD,development,84c7352397ed038c3ea2,2023-12-28,12,EXCLUDED_OHLC_RANGE_PROXY,True,ELIGIBLE_FOR_OHLC_PRICE_REFERENCE_SIMULATION,4.341736694677863,2,2
7fbbaa60e31b671300e2,PH52-043,BEAR_CALL_SPREAD,validation,f104c6f1662847c5bbcc,2024-01-04,12,EXCLUDED_OHLC_RANGE_PROXY,True,ELIGIBLE_FOR_OHLC_PRICE_REFERENCE_SIMULATION,6.666666666666658,2,2
7fbbaa60e31b671300e2,PH52-043,BEAR_CALL_SPREAD,validation,0cd34c6b63a9f995c503,2024-05-30,12,EXCLUDED_OHLC_RANGE_PROXY,True,ELIGIBLE_FOR_OHLC_PRICE_REFERENCE_SIMULATION,8.620689655172415,2,2
7fbbaa60e31b671300e2,PH52-043,BEAR_CALL_SPREAD,validation,75007ced19cb5e12e01f,2024-10-17,12,EXCLUDED_OHLC_RANGE_PROXY,False,OHLC_RANGE_PROXY_EXCEEDS_THRESHOLD,17.452830188679247,2,2
7fbbaa60e31b671300e2,PH52-043,BEAR_CALL_SPREAD,validation,8eb8f1add17ecb221cbd,2025-03-13,12,BLOCKED_LEG_ELIGIBILITY,False,REQUIRED_LEG_PRIOR_OI_BELOW_100,14.285714285714286,2,2
7fbbaa60e31b671300e2,PH52-043,BEAR_CALL_SPREAD,validation,14d9997729e438213524,2025-07-31,12,BLOCKED_LEG_ELIGIBILITY,False,REQUIRED_LEG_PRIOR_OI_BELOW_100,12.925170068027214,2,2
7fbbaa60e31b671300e2,PH52-043,BEAR_CALL_SPREAD,validation,4a919e0bde313b9b9ee1,2025-12-30,12,BLOCKED_LEG_ELIGIBILITY,False,REQUIRED_LEG_PRIOR_OI_BELOW_100,17.257683215130037,2,2
16d864e72053099b92bd,PH52-043,BEAR_CALL_SPREAD,development,01f752daf3bb0e90d7b1,2021-05-27,12,EXCLUDED_OHLC_RANGE_PROXY,True,ELIGIBLE_FOR_OHLC_PRICE_REFERENCE_SIMULATION,5.9999999999999964,2,2
16d864e72053099b92bd,PH52-043,BEAR_CALL_SPREAD,development,0ddaab2f8946678d3082,2021-12-09,12,EXCLUDED_OHLC_RANGE_PROXY,True,ELIGIBLE_FOR_OHLC_PRICE_REFERENCE_SIMULATION,10.596026490066224,2,2
16d864e72053099b92bd,PH52-043,BEAR_CALL_SPREAD,development,044eef05c3277601504c,2022-06-16,12,EXCLUDED_OHLC_RANGE_PROXY,True,ELIGIBLE_FOR_OHLC_PRICE_REFERENCE_SIMULATION,9.78260869565216,2,2
16d864e72053099b92bd,PH52-043,BEAR_CALL_SPREAD,development,307dafef42b72c870148,2022-12-15,12,EXCLUDED_OHLC_RANGE_PROXY,True,ELIGIBLE_FOR_OHLC_PRICE_REFERENCE_SIMULATION,3.63636363636364,2,2
16d864e72053099b92bd,PH52-043,BEAR_CALL_SPREAD,development,c8a686f986a21faa7ed5,2023-06-22,12,EXCLUDED_OHLC_RANGE_PROXY,True,ELIGIBLE_FOR_OHLC_PRICE_REFERENCE_SIMULATION,7.547169811320744,2,2
16d864e72053099b92bd,PH52-043,BEAR_CALL_SPREAD,development,84c7352397ed038c3ea2,2023-12-28,12,EXCLUDED_OHLC_RANGE_PROXY,True,ELIGIBLE_FOR_OHLC_PRICE_REFERENCE_SIMULATION,4.784688995215311,2,2
16d864e72053099b92bd,PH52-043,BEAR_CALL_SPREAD,validation,f104c6f1662847c5bbcc,2024-01-04,12,EXCLUDED_OHLC_RANGE_PROXY,True,ELIGIBLE_FOR_OHLC_PRICE_REFERENCE_SIMULATION,5.882352941176485,2,2
16d864e72053099b92bd,PH52-043,BEAR_CALL_SPREAD,validation,0cd34c6b63a9f995c503,2024-05-30,12,EXCLUDED_OHLC_RANGE_PROXY,True,ELIGIBLE_FOR_OHLC_PRICE_REFERENCE_SIMULATION,8.739837398373977,2,2
16d864e72053099b92bd,PH52-043,BEAR_CALL_SPREAD,validation,75007ced19cb5e12e01f,2024-10-17,12,EXCLUDED_OHLC_RANGE_PROXY,False,OHLC_RANGE_PROXY_EXCEEDS_THRESHOLD,15.302491103202849,2,2
16d864e72053099b92bd,PH52-043,BEAR_CALL_SPREAD,validation,8eb8f1add17ecb221cbd,2025-03-13,12,BLOCKED_LEG_ELIGIBILITY,False,REQUIRED_LEG_PRIOR_OI_BELOW_100,12.37113402061857,2,2
16d864e72053099b92bd,PH52-043,BEAR_CALL_SPREAD,validation,14d9997729e438213524,2025-07-31,12,BLOCKED_LEG_ELIGIBILITY,False,REQUIRED_LEG_PRIOR_OI_BELOW_100,12.925170068027214,2,2
16d864e72053099b92bd,PH52-043,BEAR_CALL_SPREAD,validation,4a919e0bde313b9b9ee1,2025-12-30,12,BLOCKED_LEG_ELIGIBILITY,False,REQUIRED_LEG_PRIOR_OI_BELOW_100,17.187500000000007,2,2
996fe2c49ae57ab7d9a0,PH52-043,BEAR_CALL_SPREAD,development,01f752daf3bb0e90d7b1,2021-05-27,12,EXCLUDED_OHLC_RANGE_PROXY,True,ELIGIBLE_FOR_OHLC_PRICE_REFERENCE_SIMULATION,5.9999999999999964,2,2
996fe2c49ae57ab7d9a0,PH52-043,BEAR_CALL_SPREAD,development,0ddaab2f8946678d3082,2021-12-09,12,EXCLUDED_OHLC_RANGE_PROXY,True,ELIGIBLE_FOR_OHLC_PRICE_REFERENCE_SIMULATION,10.596026490066224,2,2
996fe2c49ae57ab7d9a0,PH52-043,BEAR_CALL_SPREAD,development,044eef05c3277601504c,2022-06-16,12,EXCLUDED_OHLC_RANGE_PROXY,True,ELIGIBLE_FOR_OHLC_PRICE_REFERENCE_SIMULATION,9.78260869565216,2,2
996fe2c49ae57ab7d9a0,PH52-043,BEAR_CALL_SPREAD,development,307dafef42b72c870148,2022-12-15,12,EXCLUDED_OHLC_RANGE_PROXY,True,ELIGIBLE_FOR_OHLC_PRICE_REFERENCE_SIMULATION,3.8461538461538494,2,2
996fe2c49ae57ab7d9a0,PH52-043,BEAR_CALL_SPREAD,development,c8a686f986a21faa7ed5,2023-06-22,12,EXCLUDED_OHLC_RANGE_PROXY,True,ELIGIBLE_FOR_OHLC_PRICE_REFERENCE_SIMULATION,7.547169811320744,2,2
996fe2c49ae57ab7d9a0,PH52-043,BEAR_CALL_SPREAD,development,84c7352397ed038c3ea2,2023-12-28,12,EXCLUDED_OHLC_RANGE_PROXY,True,ELIGIBLE_FOR_OHLC_PRICE_REFERENCE_SIMULATION,4.784688995215311,2,2
996fe2c49ae57ab7d9a0,PH52-043,BEAR_CALL_SPREAD,validation,f104c6f1662847c5bbcc,2024-01-04,12,EXCLUDED_OHLC_RANGE_PROXY,True,ELIGIBLE_FOR_OHLC_PRICE_REFERENCE_SIMULATION,7.1428571428571335,2,2
996fe2c49ae57ab7d9a0,PH52-043,BEAR_CALL_SPREAD,validation,0cd34c6b63a9f995c503,2024-05-30,12,EXCLUDED_OHLC_RANGE_PROXY,True,ELIGIBLE_FOR_OHLC_PRICE_REFERENCE_SIMULATION,8.739837398373977,2,2
996fe2c49ae57ab7d9a0,PH52-043,BEAR_CALL_SPREAD,validation,75007ced19cb5e12e01f,2024-10-17,12,EXCLUDED_OHLC_RANGE_PROXY,False,OHLC_RANGE_PROXY_EXCEEDS_THRESHOLD,15.302491103202849,2,2
996fe2c49ae57ab7d9a0,PH52-043,BEAR_CALL_SPREAD,validation,8eb8f1add17ecb221cbd,2025-03-13,12,BLOCKED_LEG_ELIGIBILITY,False,REQUIRED_LEG_PRIOR_OI_BELOW_100,12.37113402061857,2,2
996fe2c49ae57ab7d9a0,PH52-043,BEAR_CALL_SPREAD,validation,14d9997729e438213524,2025-07-31,12,BLOCKED_LEG_ELIGIBILITY,False,REQUIRED_LEG_PRIOR_OI_BELOW_100,12.385321100917428,2,2
996fe2c49ae57ab7d9a0,PH52-043,BEAR_CALL_SPREAD,validation,4a919e0bde313b9b9ee1,2025-12-30,12,BLOCKED_LEG_ELIGIBILITY,False,REQUIRED_LEG_PRIOR_OI_BELOW_100,15.51724137931035,2,2
60c2d16b969965ff2b15,PH52-043,BEAR_CALL_SPREAD,development,ce8e12389ff297becff9,2021-05-27,12,EXCLUDED_OHLC_RANGE_PROXY,True,ELIGIBLE_FOR_OHLC_PRICE_REFERENCE_SIMULATION,10.322580645161288,2,2
60c2d16b969965ff2b15,PH52-043,BEAR_CALL_SPREAD,development,061c004245393c77b5c7,2021-12-09,12,EXCLUDED_OHLC_RANGE_PROXY,True,ELIGIBLE_FOR_OHLC_PRICE_REFERENCE_SIMULATION,9.48509485094851,2,2
60c2d16b969965ff2b15,PH52-043,BEAR_CALL_SPREAD,development,b58d771555d73891d2fd,2022-06-16,12,EXCLUDED_OHLC_RANGE_PROXY,False,OHLC_RANGE_PROXY_EXCEEDS_THRESHOLD,22.22222222222222,2,2
60c2d16b969965ff2b15,PH52-043,BEAR_CALL_SPREAD,development,8c9b97c314b368f7a743,2022-12-15,12,EXCLUDED_OHLC_RANGE_PROXY,True,ELIGIBLE_FOR_OHLC_PRICE_REFERENCE_SIMULATION,8.231707317073157,2,2
60c2d16b969965ff2b15,PH52-043,BEAR_CALL_SPREAD,development,b2b9482e70f4a2ace098,2023-06-22,12,EXCLUDED_OHLC_RANGE_PROXY,True,ELIGIBLE_FOR_OHLC_PRICE_REFERENCE_SIMULATION,11.874999999999991,2,2
60c2d16b969965ff2b15,PH52-043,BEAR_CALL_SPREAD,development,804301753400916af24f,2023-12-28,12,EXCLUDED_OHLC_RANGE_PROXY,False,OHLC_RANGE_PROXY_EXCEEDS_THRESHOLD,12.962962962962964,2,2
60c2d16b969965ff2b15,PH52-043,BEAR_CALL_SPREAD,validation,c1472f0b801661762bc6,2024-01-04,12,EXCLUDED_OHLC_RANGE_PROXY,False,OHLC_RANGE_PROXY_EXCEEDS_THRESHOLD,17.58241758241759,2,2
60c2d16b969965ff2b15,PH52-043,BEAR_CALL_SPREAD,validation,1d33307443bd39106f13,2024-05-30,12,EXCLUDED_OHLC_RANGE_PROXY,False,OHLC_RANGE_PROXY_EXCEEDS_THRESHOLD,12.436548223350252,2,2
60c2d16b969965ff2b15,PH52-043,BEAR_CALL_SPREAD,validation,50696f11ab0417607875,2024-10-17,12,EXCLUDED_OHLC_RANGE_PROXY,False,OHLC_RANGE_PROXY_EXCEEDS_THRESHOLD,17.857142857142858,2,2
60c2d16b969965ff2b15,PH52-043,BEAR_CALL_SPREAD,validation,58a4c4843286bd3943a2,2025-03-13,12,BLOCKED_LEG_ELIGIBILITY,False,REQUIRED_LEG_PRIOR_OI_BELOW_100,10.0,2,2
60c2d16b969965ff2b15,PH52-043,BEAR_CALL_SPREAD,validation,e5919e2053dc59805884,2025-07-31,12,BLOCKED_LEG_ELIGIBILITY,False,REQUIRED_LEG_PRIOR_OI_BELOW_100,31.39158576051781,2,2
60c2d16b969965ff2b15,PH52-043,BEAR_CALL_SPREAD,validation,2744fff722d389044d25,2025-12-30,12,EXCLUDED_OHLC_RANGE_PROXY,True,ELIGIBLE_FOR_OHLC_PRICE_REFERENCE_SIMULATION,11.363636363636365,2,2
f96abfc5c945c889729f,PH52-043,BEAR_CALL_SPREAD,development,ce8e12389ff297becff9,2021-05-27,12,EXCLUDED_OHLC_RANGE_PROXY,True,ELIGIBLE_FOR_OHLC_PRICE_REFERENCE_SIMULATION,10.322580645161288,2,2
f96abfc5c945c889729f,PH52-043,BEAR_CALL_SPREAD,development,061c004245393c77b5c7,2021-12-09,12,EXCLUDED_OHLC_RANGE_PROXY,True,ELIGIBLE_FOR_OHLC_PRICE_REFERENCE_SIMULATION,9.48509485094851,2,2
f96abfc5c945c889729f,PH52-043,BEAR_CALL_SPREAD,development,b58d771555d73891d2fd,2022-06-16,12,EXCLUDED_OHLC_RANGE_PROXY,False,OHLC_RANGE_PROXY_EXCEEDS_THRESHOLD,21.229050279329606,2,2
f96abfc5c945c889729f,PH52-043,BEAR_CALL_SPREAD,development,8c9b97c314b368f7a743,2022-12-15,12,EXCLUDED_OHLC_RANGE_PROXY,True,ELIGIBLE_FOR_OHLC_PRICE_REFERENCE_SIMULATION,8.231707317073157,2,2
f96abfc5c945c889729f,PH52-043,BEAR_CALL_SPREAD,development,b2b9482e70f4a2ace098,2023-06-22,12,EXCLUDED_OHLC_RANGE_PROXY,True,ELIGIBLE_FOR_OHLC_PRICE_REFERENCE_SIMULATION,11.874999999999991,2,2
f96abfc5c945c889729f,PH52-043,BEAR_CALL_SPREAD,development,804301753400916af24f,2023-12-28,12,EXCLUDED_OHLC_RANGE_PROXY,False,OHLC_RANGE_PROXY_EXCEEDS_THRESHOLD,12.962962962962964,2,2
f96abfc5c945c889729f,PH52-043,BEAR_CALL_SPREAD,validation,c1472f0b801661762bc6,2024-01-04,12,EXCLUDED_OHLC_RANGE_PROXY,False,OHLC_RANGE_PROXY_EXCEEDS_THRESHOLD,17.58241758241759,2,2
f96abfc5c945c889729f,PH52-043,BEAR_CALL_SPREAD,validation,1d33307443bd39106f13,2024-05-30,12,EXCLUDED_OHLC_RANGE_PROXY,False,OHLC_RANGE_PROXY_EXCEEDS_THRESHOLD,12.436548223350252,2,2
f96abfc5c945c889729f,PH52-043,BEAR_CALL_SPREAD,validation,50696f11ab0417607875,2024-10-17,12,EXCLUDED_OHLC_RANGE_PROXY,False,OHLC_RANGE_PROXY_EXCEEDS_THRESHOLD,17.857142857142858,2,2
f96abfc5c945c889729f,PH52-043,BEAR_CALL_SPREAD,validation,58a4c4843286bd3943a2,2025-03-13,12,BLOCKED_LEG_ELIGIBILITY,False,REQUIRED_LEG_PRIOR_OI_BELOW_100,10.0,2,2
f96abfc5c945c889729f,PH52-043,BEAR_CALL_SPREAD,validation,e5919e2053dc59805884,2025-07-31,12,BLOCKED_LEG_ELIGIBILITY,False,REQUIRED_LEG_PRIOR_OI_BELOW_100,31.521739130434792,2,2
f96abfc5c945c889729f,PH52-043,BEAR_CALL_SPREAD,validation,2744fff722d389044d25,2025-12-30,12,EXCLUDED_OHLC_RANGE_PROXY,True,ELIGIBLE_FOR_OHLC_PRICE_REFERENCE_SIMULATION,11.363636363636365,2,2
31945d66866929a2f44e,PH52-043,BEAR_CALL_SPREAD,development,ce8e12389ff297becff9,2021-05-27,12,EXCLUDED_OHLC_RANGE_PROXY,True,ELIGIBLE_FOR_OHLC_PRICE_REFERENCE_SIMULATION,10.000000000000009,2,2
31945d66866929a2f44e,PH52-043,BEAR_CALL_SPREAD,development,061c004245393c77b5c7,2021-12-09,12,EXCLUDED_OHLC_RANGE_PROXY,True,ELIGIBLE_FOR_OHLC_PRICE_REFERENCE_SIMULATION,7.499999999999996,2,2
31945d66866929a2f44e,PH52-043,BEAR_CALL_SPREAD,development,b58d771555d73891d2fd,2022-06-16,12,EXCLUDED_OHLC_RANGE_PROXY,False,OHLC_RANGE_PROXY_EXCEEDS_THRESHOLD,21.73913043478261,2,2
31945d66866929a2f44e,PH52-043,BEAR_CALL_SPREAD,development,8c9b97c314b368f7a743,2022-12-15,12,EXCLUDED_OHLC_RANGE_PROXY,True,ELIGIBLE_FOR_OHLC_PRICE_REFERENCE_SIMULATION,7.142857142857159,2,2
31945d66866929a2f44e,PH52-043,BEAR_CALL_SPREAD,development,b2b9482e70f4a2ace098,2023-06-22,12,EXCLUDED_OHLC_RANGE_PROXY,True,ELIGIBLE_FOR_OHLC_PRICE_REFERENCE_SIMULATION,8.695652173913052,2,2
31945d66866929a2f44e,PH52-043,BEAR_CALL_SPREAD,development,804301753400916af24f,2023-12-28,12,EXCLUDED_OHLC_RANGE_PROXY,True,ELIGIBLE_FOR_OHLC_PRICE_REFERENCE_SIMULATION,9.803921568627452,2,2
31945d66866929a2f44e,PH52-043,BEAR_CALL_SPREAD,validation,c1472f0b801661762bc6,2024-01-04,12,EXCLUDED_OHLC_RANGE_PROXY,False,OHLC_RANGE_PROXY_EXCEEDS_THRESHOLD,15.384615384615381,2,2
31945d66866929a2f44e,PH52-043,BEAR_CALL_SPREAD,validation,1d33307443bd39106f13,2024-05-30,12,EXCLUDED_OHLC_RANGE_PROXY,False,OHLC_RANGE_PROXY_EXCEEDS_THRESHOLD,12.22222222222222,2,2
31945d66866929a2f44e,PH52-043,BEAR_CALL_SPREAD,validation,50696f11ab0417607875,2024-10-17,12,EXCLUDED_OHLC_RANGE_PROXY,False,OHLC_RANGE_PROXY_EXCEEDS_THRESHOLD,14.285714285714299,2,2
31945d66866929a2f44e,PH52-043,BEAR_CALL_SPREAD,validation,58a4c4843286bd3943a2,2025-03-13,12,BLOCKED_LEG_ELIGIBILITY,False,REQUIRED_LEG_PRIOR_OI_BELOW_100,8.510638297872347,2,2
31945d66866929a2f44e,PH52-043,BEAR_CALL_SPREAD,validation,e5919e2053dc59805884,2025-07-31,12,BLOCKED_LEG_ELIGIBILITY,False,REQUIRED_LEG_PRIOR_OI_BELOW_100,34.78260869565216,2,2
31945d66866929a2f44e,PH52-043,BEAR_CALL_SPREAD,validation,2744fff722d389044d25,2025-12-30,12,EXCLUDED_OHLC_RANGE_PROXY,True,ELIGIBLE_FOR_OHLC_PRICE_REFERENCE_SIMULATION,8.333333333333341,2,2
1a0635bb11fffe02e510,PH52-043,BEAR_CALL_SPREAD,development,ce8e12389ff297becff9,2021-05-27,12,EXCLUDED_OHLC_RANGE_PROXY,False,OHLC_RANGE_PROXY_EXCEEDS_THRESHOLD,14.285714285714299,2,2
1a0635bb11fffe02e510,PH52-043,BEAR_CALL_SPREAD,development,061c004245393c77b5c7,2021-12-09,12,EXCLUDED_OHLC_RANGE_PROXY,True,ELIGIBLE_FOR_OHLC_PRICE_REFERENCE_SIMULATION,9.090909090909099,2,2
1a0635bb11fffe02e510,PH52-043,BEAR_CALL_SPREAD,development,b58d771555d73891d2fd,2022-06-16,12,EXCLUDED_OHLC_RANGE_PROXY,False,OHLC_RANGE_PROXY_EXCEEDS_THRESHOLD,21.73913043478261,2,2
1a0635bb11fffe02e510,PH52-043,BEAR_CALL_SPREAD,development,8c9b97c314b368f7a743,2022-12-15,12,EXCLUDED_OHLC_RANGE_PROXY,True,ELIGIBLE_FOR_OHLC_PRICE_REFERENCE_SIMULATION,8.571428571428566,2,2
1a0635bb11fffe02e510,PH52-043,BEAR_CALL_SPREAD,development,b2b9482e70f4a2ace098,2023-06-22,12,EXCLUDED_OHLC_RANGE_PROXY,True,ELIGIBLE_FOR_OHLC_PRICE_REFERENCE_SIMULATION,6.250000000000005,2,2
1a0635bb11fffe02e510,PH52-043,BEAR_CALL_SPREAD,development,804301753400916af24f,2023-12-28,12,EXCLUDED_OHLC_RANGE_PROXY,True,ELIGIBLE_FOR_OHLC_PRICE_REFERENCE_SIMULATION,9.803921568627452,2,2
1a0635bb11fffe02e510,PH52-043,BEAR_CALL_SPREAD,validation,c1472f0b801661762bc6,2024-01-04,12,EXCLUDED_OHLC_RANGE_PROXY,False,OHLC_RANGE_PROXY_EXCEEDS_THRESHOLD,19.999999999999996,2,2
1a0635bb11fffe02e510,PH52-043,BEAR_CALL_SPREAD,validation,1d33307443bd39106f13,2024-05-30,12,EXCLUDED_OHLC_RANGE_PROXY,False,OHLC_RANGE_PROXY_EXCEEDS_THRESHOLD,12.056737588652478,2,2
1a0635bb11fffe02e510,PH52-043,BEAR_CALL_SPREAD,validation,50696f11ab0417607875,2024-10-17,12,EXCLUDED_OHLC_RANGE_PROXY,False,OHLC_RANGE_PROXY_EXCEEDS_THRESHOLD,14.285714285714288,2,2
1a0635bb11fffe02e510,PH52-043,BEAR_CALL_SPREAD,validation,58a4c4843286bd3943a2,2025-03-13,12,BLOCKED_LEG_ELIGIBILITY,False,REQUIRED_LEG_PRIOR_OI_BELOW_100,8.510638297872347,2,2
1a0635bb11fffe02e510,PH52-043,BEAR_CALL_SPREAD,validation,e5919e2053dc59805884,2025-07-31,12,BLOCKED_LEG_ELIGIBILITY,False,REQUIRED_LEG_PRIOR_OI_BELOW_100,34.78260869565216,2,2
1a0635bb11fffe02e510,PH52-043,BEAR_CALL_SPREAD,validation,2744fff722d389044d25,2025-12-30,12,EXCLUDED_OHLC_RANGE_PROXY,True,ELIGIBLE_FOR_OHLC_PRICE_REFERENCE_SIMULATION,7.1428571428571495,2,2
060d90e4f65e45f6cff8,PH52-025,BULL_CALL_SPREAD,development,01f752daf3bb0e90d7b1,2021-05-27,12,EXCLUDED_OHLC_RANGE_PROXY,True,ELIGIBLE_FOR_OHLC_PRICE_REFERENCE_SIMULATION,5.384615384615379,2,2
060d90e4f65e45f6cff8,PH52-025,BULL_CALL_SPREAD,development,0ddaab2f8946678d3082,2021-12-09,12,EXCLUDED_OHLC_RANGE_PROXY,False,OHLC_RANGE_PROXY_EXCEEDS_THRESHOLD,13.180515759312314,2,2
060d90e4f65e45f6cff8,PH52-025,BULL_CALL_SPREAD,development,044eef05c3277601504c,2022-06-16,12,EXCLUDED_OHLC_RANGE_PROXY,True,ELIGIBLE_FOR_OHLC_PRICE_REFERENCE_SIMULATION,10.924369747899156,2,2
060d90e4f65e45f6cff8,PH52-025,BULL_CALL_SPREAD,development,307dafef42b72c870148,2022-12-15,12,EXCLUDED_OHLC_RANGE_PROXY,True,ELIGIBLE_FOR_OHLC_PRICE_REFERENCE_SIMULATION,5.957446808510648,2,2
060d90e4f65e45f6cff8,PH52-025,BULL_CALL_SPREAD,development,c8a686f986a21faa7ed5,2023-06-22,12,EXCLUDED_OHLC_RANGE_PROXY,False,OHLC_RANGE_PROXY_EXCEEDS_THRESHOLD,12.765957446808503,2,2
060d90e4f65e45f6cff8,PH52-025,BULL_CALL_SPREAD,development,84c7352397ed038c3ea2,2023-12-28,12,EXCLUDED_OHLC_RANGE_PROXY,True,ELIGIBLE_FOR_OHLC_PRICE_REFERENCE_SIMULATION,4.511278195488715,2,2
060d90e4f65e45f6cff8,PH52-025,BULL_CALL_SPREAD,validation,f104c6f1662847c5bbcc,2024-01-04,12,EXCLUDED_OHLC_RANGE_PROXY,True,ELIGIBLE_FOR_OHLC_PRICE_REFERENCE_SIMULATION,8.63309352517985,2,2
060d90e4f65e45f6cff8,PH52-025,BULL_CALL_SPREAD,validation,0cd34c6b63a9f995c503,2024-05-30,12,EXCLUDED_OHLC_RANGE_PROXY,True,ELIGIBLE_FOR_OHLC_PRICE_REFERENCE_SIMULATION,8.391608391608392,2,2
060d90e4f65e45f6cff8,PH52-025,BULL_CALL_SPREAD,validation,75007ced19cb5e12e01f,2024-10-17,12,EXCLUDED_OHLC_RANGE_PROXY,False,OHLC_RANGE_PROXY_EXCEEDS_THRESHOLD,17.452830188679247,2,2
060d90e4f65e45f6cff8,PH52-025,BULL_CALL_SPREAD,validation,8eb8f1add17ecb221cbd,2025-03-13,12,BLOCKED_LEG_ELIGIBILITY,False,REQUIRED_LEG_PRIOR_OI_BELOW_100,14.285714285714286,2,2
060d90e4f65e45f6cff8,PH52-025,BULL_CALL_SPREAD,validation,14d9997729e438213524,2025-07-31,12,BLOCKED_LEG_ELIGIBILITY,False,REQUIRED_LEG_PRIOR_OI_BELOW_100,14.367816091954024,2,2
060d90e4f65e45f6cff8,PH52-025,BULL_CALL_SPREAD,validation,4a919e0bde313b9b9ee1,2025-12-30,12,BLOCKED_LEG_ELIGIBILITY,False,REQUIRED_LEG_PRIOR_OI_BELOW_100,17.257683215130037,2,2
15e3134481edf2a4beeb,PH52-025,BULL_CALL_SPREAD,development,01f752daf3bb0e90d7b1,2021-05-27,12,EXCLUDED_OHLC_RANGE_PROXY,True,ELIGIBLE_FOR_OHLC_PRICE_REFERENCE_SIMULATION,5.246913580246912,2,2
15e3134481edf2a4beeb,PH52-025,BULL_CALL_SPREAD,development,0ddaab2f8946678d3082,2021-12-09,12,EXCLUDED_OHLC_RANGE_PROXY,True,ELIGIBLE_FOR_OHLC_PRICE_REFERENCE_SIMULATION,11.158798283261808,2,2
15e3134481edf2a4beeb,PH52-025,BULL_CALL_SPREAD,development,044eef05c3277601504c,2022-06-16,12,EXCLUDED_OHLC_RANGE_PROXY,True,ELIGIBLE_FOR_OHLC_PRICE_REFERENCE_SIMULATION,10.736196319018415,2,2
15e3134481edf2a4beeb,PH52-025,BULL_CALL_SPREAD,development,307dafef42b72c870148,2022-12-15,12,EXCLUDED_OHLC_RANGE_PROXY,True,ELIGIBLE_FOR_OHLC_PRICE_REFERENCE_SIMULATION,5.957446808510648,2,2
15e3134481edf2a4beeb,PH52-025,BULL_CALL_SPREAD,development,c8a686f986a21faa7ed5,2023-06-22,12,EXCLUDED_OHLC_RANGE_PROXY,True,ELIGIBLE_FOR_OHLC_PRICE_REFERENCE_SIMULATION,11.021505376344088,2,2
15e3134481edf2a4beeb,PH52-025,BULL_CALL_SPREAD,development,84c7352397ed038c3ea2,2023-12-28,12,EXCLUDED_OHLC_RANGE_PROXY,True,ELIGIBLE_FOR_OHLC_PRICE_REFERENCE_SIMULATION,4.341736694677863,2,2
15e3134481edf2a4beeb,PH52-025,BULL_CALL_SPREAD,validation,f104c6f1662847c5bbcc,2024-01-04,12,EXCLUDED_OHLC_RANGE_PROXY,True,ELIGIBLE_FOR_OHLC_PRICE_REFERENCE_SIMULATION,6.666666666666658,2,2
15e3134481edf2a4beeb,PH52-025,BULL_CALL_SPREAD,validation,0cd34c6b63a9f995c503,2024-05-30,12,EXCLUDED_OHLC_RANGE_PROXY,True,ELIGIBLE_FOR_OHLC_PRICE_REFERENCE_SIMULATION,8.620689655172415,2,2
15e3134481edf2a4beeb,PH52-025,BULL_CALL_SPREAD,validation,75007ced19cb5e12e01f,2024-10-17,12,EXCLUDED_OHLC_RANGE_PROXY,False,OHLC_RANGE_PROXY_EXCEEDS_THRESHOLD,17.452830188679247,2,2
15e3134481edf2a4beeb,PH52-025,BULL_CALL_SPREAD,validation,8eb8f1add17ecb221cbd,2025-03-13,12,BLOCKED_LEG_ELIGIBILITY,False,REQUIRED_LEG_PRIOR_OI_BELOW_100,14.285714285714286,2,2
15e3134481edf2a4beeb,PH52-025,BULL_CALL_SPREAD,validation,14d9997729e438213524,2025-07-31,12,BLOCKED_LEG_ELIGIBILITY,False,REQUIRED_LEG_PRIOR_OI_BELOW_100,12.925170068027214,2,2
15e3134481edf2a4beeb,PH52-025,BULL_CALL_SPREAD,validation,4a919e0bde313b9b9ee1,2025-12-30,12,BLOCKED_LEG_ELIGIBILITY,False,REQUIRED_LEG_PRIOR_OI_BELOW_100,17.257683215130037,2,2
f32415bb61dd6e9f83f2,PH52-025,BULL_CALL_SPREAD,development,01f752daf3bb0e90d7b1,2021-05-27,12,EXCLUDED_OHLC_RANGE_PROXY,True,ELIGIBLE_FOR_OHLC_PRICE_REFERENCE_SIMULATION,5.9999999999999964,2,2
f32415bb61dd6e9f83f2,PH52-025,BULL_CALL_SPREAD,development,0ddaab2f8946678d3082,2021-12-09,12,EXCLUDED_OHLC_RANGE_PROXY,True,ELIGIBLE_FOR_OHLC_PRICE_REFERENCE_SIMULATION,10.596026490066224,2,2
f32415bb61dd6e9f83f2,PH52-025,BULL_CALL_SPREAD,development,044eef05c3277601504c,2022-06-16,12,EXCLUDED_OHLC_RANGE_PROXY,True,ELIGIBLE_FOR_OHLC_PRICE_REFERENCE_SIMULATION,9.78260869565216,2,2
f32415bb61dd6e9f83f2,PH52-025,BULL_CALL_SPREAD,development,307dafef42b72c870148,2022-12-15,12,EXCLUDED_OHLC_RANGE_PROXY,True,ELIGIBLE_FOR_OHLC_PRICE_REFERENCE_SIMULATION,3.63636363636364,2,2
f32415bb61dd6e9f83f2,PH52-025,BULL_CALL_SPREAD,development,c8a686f986a21faa7ed5,2023-06-22,12,EXCLUDED_OHLC_RANGE_PROXY,True,ELIGIBLE_FOR_OHLC_PRICE_REFERENCE_SIMULATION,7.547169811320744,2,2
f32415bb61dd6e9f83f2,PH52-025,BULL_CALL_SPREAD,development,84c7352397ed038c3ea2,2023-12-28,12,EXCLUDED_OHLC_RANGE_PROXY,True,ELIGIBLE_FOR_OHLC_PRICE_REFERENCE_SIMULATION,4.784688995215311,2,2
f32415bb61dd6e9f83f2,PH52-025,BULL_CALL_SPREAD,validation,f104c6f1662847c5bbcc,2024-01-04,12,EXCLUDED_OHLC_RANGE_PROXY,True,ELIGIBLE_FOR_OHLC_PRICE_REFERENCE_SIMULATION,5.882352941176485,2,2
f32415bb61dd6e9f83f2,PH52-025,BULL_CALL_SPREAD,validation,0cd34c6b63a9f995c503,2024-05-30,12,EXCLUDED_OHLC_RANGE_PROXY,True,ELIGIBLE_FOR_OHLC_PRICE_REFERENCE_SIMULATION,8.739837398373977,2,2
f32415bb61dd6e9f83f2,PH52-025,BULL_CALL_SPREAD,validation,75007ced19cb5e12e01f,2024-10-17,12,EXCLUDED_OHLC_RANGE_PROXY,False,OHLC_RANGE_PROXY_EXCEEDS_THRESHOLD,15.302491103202849,2,2
f32415bb61dd6e9f83f2,PH52-025,BULL_CALL_SPREAD,validation,8eb8f1add17ecb221cbd,2025-03-13,12,BLOCKED_LEG_ELIGIBILITY,False,REQUIRED_LEG_PRIOR_OI_BELOW_100,12.37113402061857,2,2
f32415bb61dd6e9f83f2,PH52-025,BULL_CALL_SPREAD,validation,14d9997729e438213524,2025-07-31,12,BLOCKED_LEG_ELIGIBILITY,False,REQUIRED_LEG_PRIOR_OI_BELOW_100,12.925170068027214,2,2
f32415bb61dd6e9f83f2,PH52-025,BULL_CALL_SPREAD,validation,4a919e0bde313b9b9ee1,2025-12-30,12,BLOCKED_LEG_ELIGIBILITY,False,REQUIRED_LEG_PRIOR_OI_BELOW_100,17.187500000000007,2,2
9373cc117634bae8f765,PH52-025,BULL_CALL_SPREAD,development,01f752daf3bb0e90d7b1,2021-05-27,12,EXCLUDED_OHLC_RANGE_PROXY,True,ELIGIBLE_FOR_OHLC_PRICE_REFERENCE_SIMULATION,5.9999999999999964,2,2
9373cc117634bae8f765,PH52-025,BULL_CALL_SPREAD,development,0ddaab2f8946678d3082,2021-12-09,12,EXCLUDED_OHLC_RANGE_PROXY,True,ELIGIBLE_FOR_OHLC_PRICE_REFERENCE_SIMULATION,10.596026490066224,2,2
9373cc117634bae8f765,PH52-025,BULL_CALL_SPREAD,development,044eef05c3277601504c,2022-06-16,12,EXCLUDED_OHLC_RANGE_PROXY,True,ELIGIBLE_FOR_OHLC_PRICE_REFERENCE_SIMULATION,9.78260869565216,2,2
9373cc117634bae8f765,PH52-025,BULL_CALL_SPREAD,development,307dafef42b72c870148,2022-12-15,12,EXCLUDED_OHLC_RANGE_PROXY,True,ELIGIBLE_FOR_OHLC_PRICE_REFERENCE_SIMULATION,3.8461538461538494,2,2
9373cc117634bae8f765,PH52-025,BULL_CALL_SPREAD,development,c8a686f986a21faa7ed5,2023-06-22,12,EXCLUDED_OHLC_RANGE_PROXY,True,ELIGIBLE_FOR_OHLC_PRICE_REFERENCE_SIMULATION,7.547169811320744,2,2
9373cc117634bae8f765,PH52-025,BULL_CALL_SPREAD,development,84c7352397ed038c3ea2,2023-12-28,12,EXCLUDED_OHLC_RANGE_PROXY,True,ELIGIBLE_FOR_OHLC_PRICE_REFERENCE_SIMULATION,4.784688995215311,2,2
9373cc117634bae8f765,PH52-025,BULL_CALL_SPREAD,validation,f104c6f1662847c5bbcc,2024-01-04,12,EXCLUDED_OHLC_RANGE_PROXY,True,ELIGIBLE_FOR_OHLC_PRICE_REFERENCE_SIMULATION,7.1428571428571335,2,2
9373cc117634bae8f765,PH52-025,BULL_CALL_SPREAD,validation,0cd34c6b63a9f995c503,2024-05-30,12,EXCLUDED_OHLC_RANGE_PROXY,True,ELIGIBLE_FOR_OHLC_PRICE_REFERENCE_SIMULATION,8.739837398373977,2,2
9373cc117634bae8f765,PH52-025,BULL_CALL_SPREAD,validation,75007ced19cb5e12e01f,2024-10-17,12,EXCLUDED_OHLC_RANGE_PROXY,False,OHLC_RANGE_PROXY_EXCEEDS_THRESHOLD,15.302491103202849,2,2
9373cc117634bae8f765,PH52-025,BULL_CALL_SPREAD,validation,8eb8f1add17ecb221cbd,2025-03-13,12,BLOCKED_LEG_ELIGIBILITY,False,REQUIRED_LEG_PRIOR_OI_BELOW_100,12.37113402061857,2,2
9373cc117634bae8f765,PH52-025,BULL_CALL_SPREAD,validation,14d9997729e438213524,2025-07-31,12,BLOCKED_LEG_ELIGIBILITY,False,REQUIRED_LEG_PRIOR_OI_BELOW_100,12.385321100917428,2,2
9373cc117634bae8f765,PH52-025,BULL_CALL_SPREAD,validation,4a919e0bde313b9b9ee1,2025-12-30,12,BLOCKED_LEG_ELIGIBILITY,False,REQUIRED_LEG_PRIOR_OI_BELOW_100,15.51724137931035,2,2
739fae891dcde1c84104,PH52-025,BULL_CALL_SPREAD,development,ce8e12389ff297becff9,2021-05-27,12,EXCLUDED_OHLC_RANGE_PROXY,True,ELIGIBLE_FOR_OHLC_PRICE_REFERENCE_SIMULATION,10.322580645161288,2,2
739fae891dcde1c84104,PH52-025,BULL_CALL_SPREAD,development,061c004245393c77b5c7,2021-12-09,12,EXCLUDED_OHLC_RANGE_PROXY,True,ELIGIBLE_FOR_OHLC_PRICE_REFERENCE_SIMULATION,9.48509485094851,2,2
739fae891dcde1c84104,PH52-025,BULL_CALL_SPREAD,development,b58d771555d73891d2fd,2022-06-16,12,EXCLUDED_OHLC_RANGE_PROXY,False,OHLC_RANGE_PROXY_EXCEEDS_THRESHOLD,22.22222222222222,2,2
739fae891dcde1c84104,PH52-025,BULL_CALL_SPREAD,development,8c9b97c314b368f7a743,2022-12-15,12,EXCLUDED_OHLC_RANGE_PROXY,True,ELIGIBLE_FOR_OHLC_PRICE_REFERENCE_SIMULATION,8.231707317073157,2,2
739fae891dcde1c84104,PH52-025,BULL_CALL_SPREAD,development,b2b9482e70f4a2ace098,2023-06-22,12,EXCLUDED_OHLC_RANGE_PROXY,True,ELIGIBLE_FOR_OHLC_PRICE_REFERENCE_SIMULATION,11.874999999999991,2,2
739fae891dcde1c84104,PH52-025,BULL_CALL_SPREAD,development,804301753400916af24f,2023-12-28,12,EXCLUDED_OHLC_RANGE_PROXY,False,OHLC_RANGE_PROXY_EXCEEDS_THRESHOLD,12.962962962962964,2,2
739fae891dcde1c84104,PH52-025,BULL_CALL_SPREAD,validation,c1472f0b801661762bc6,2024-01-04,12,EXCLUDED_OHLC_RANGE_PROXY,False,OHLC_RANGE_PROXY_EXCEEDS_THRESHOLD,17.58241758241759,2,2
739fae891dcde1c84104,PH52-025,BULL_CALL_SPREAD,validation,1d33307443bd39106f13,2024-05-30,12,EXCLUDED_OHLC_RANGE_PROXY,False,OHLC_RANGE_PROXY_EXCEEDS_THRESHOLD,12.436548223350252,2,2
739fae891dcde1c84104,PH52-025,BULL_CALL_SPREAD,validation,50696f11ab0417607875,2024-10-17,12,EXCLUDED_OHLC_RANGE_PROXY,False,OHLC_RANGE_PROXY_EXCEEDS_THRESHOLD,17.857142857142858,2,2
739fae891dcde1c84104,PH52-025,BULL_CALL_SPREAD,validation,58a4c4843286bd3943a2,2025-03-13,12,BLOCKED_LEG_ELIGIBILITY,False,REQUIRED_LEG_PRIOR_OI_BELOW_100,10.0,2,2
739fae891dcde1c84104,PH52-025,BULL_CALL_SPREAD,validation,e5919e2053dc59805884,2025-07-31,12,BLOCKED_LEG_ELIGIBILITY,False,REQUIRED_LEG_PRIOR_OI_BELOW_100,31.39158576051781,2,2
739fae891dcde1c84104,PH52-025,BULL_CALL_SPREAD,validation,2744fff722d389044d25,2025-12-30,12,EXCLUDED_OHLC_RANGE_PROXY,True,ELIGIBLE_FOR_OHLC_PRICE_REFERENCE_SIMULATION,11.363636363636365,2,2
ad24b0d8ca9a87353e8a,PH52-025,BULL_CALL_SPREAD,development,ce8e12389ff297becff9,2021-05-27,12,EXCLUDED_OHLC_RANGE_PROXY,True,ELIGIBLE_FOR_OHLC_PRICE_REFERENCE_SIMULATION,10.322580645161288,2,2
ad24b0d8ca9a87353e8a,PH52-025,BULL_CALL_SPREAD,development,061c004245393c77b5c7,2021-12-09,12,EXCLUDED_OHLC_RANGE_PROXY,True,ELIGIBLE_FOR_OHLC_PRICE_REFERENCE_SIMULATION,9.48509485094851,2,2
ad24b0d8ca9a87353e8a,PH52-025,BULL_CALL_SPREAD,development,b58d771555d73891d2fd,2022-06-16,12,EXCLUDED_OHLC_RANGE_PROXY,False,OHLC_RANGE_PROXY_EXCEEDS_THRESHOLD,21.229050279329606,2,2
ad24b0d8ca9a87353e8a,PH52-025,BULL_CALL_SPREAD,development,8c9b97c314b368f7a743,2022-12-15,12,EXCLUDED_OHLC_RANGE_PROXY,True,ELIGIBLE_FOR_OHLC_PRICE_REFERENCE_SIMULATION,8.231707317073157,2,2
ad24b0d8ca9a87353e8a,PH52-025,BULL_CALL_SPREAD,development,b2b9482e70f4a2ace098,2023-06-22,12,EXCLUDED_OHLC_RANGE_PROXY,True,ELIGIBLE_FOR_OHLC_PRICE_REFERENCE_SIMULATION,11.874999999999991,2,2
ad24b0d8ca9a87353e8a,PH52-025,BULL_CALL_SPREAD,development,804301753400916af24f,2023-12-28,12,EXCLUDED_OHLC_RANGE_PROXY,False,OHLC_RANGE_PROXY_EXCEEDS_THRESHOLD,12.962962962962964,2,2
ad24b0d8ca9a87353e8a,PH52-025,BULL_CALL_SPREAD,validation,c1472f0b801661762bc6,2024-01-04,12,EXCLUDED_OHLC_RANGE_PROXY,False,OHLC_RANGE_PROXY_EXCEEDS_THRESHOLD,17.58241758241759,2,2
ad24b0d8ca9a87353e8a,PH52-025,BULL_CALL_SPREAD,validation,1d33307443bd39106f13,2024-05-30,12,EXCLUDED_OHLC_RANGE_PROXY,False,OHLC_RANGE_PROXY_EXCEEDS_THRESHOLD,12.436548223350252,2,2
ad24b0d8ca9a87353e8a,PH52-025,BULL_CALL_SPREAD,validation,50696f11ab0417607875,2024-10-17,12,EXCLUDED_OHLC_RANGE_PROXY,False,OHLC_RANGE_PROXY_EXCEEDS_THRESHOLD,17.857142857142858,2,2
ad24b0d8ca9a87353e8a,PH52-025,BULL_CALL_SPREAD,validation,58a4c4843286bd3943a2,2025-03-13,12,BLOCKED_LEG_ELIGIBILITY,False,REQUIRED_LEG_PRIOR_OI_BELOW_100,10.0,2,2
ad24b0d8ca9a87353e8a,PH52-025,BULL_CALL_SPREAD,validation,e5919e2053dc59805884,2025-07-31,12,BLOCKED_LEG_ELIGIBILITY,False,REQUIRED_LEG_PRIOR_OI_BELOW_100,31.521739130434792,2,2
ad24b0d8ca9a87353e8a,PH52-025,BULL_CALL_SPREAD,validation,2744fff722d389044d25,2025-12-30,12,EXCLUDED_OHLC_RANGE_PROXY,True,ELIGIBLE_FOR_OHLC_PRICE_REFERENCE_SIMULATION,11.363636363636365,2,2
cf6ec0b712b4aff6231f,PH52-025,BULL_CALL_SPREAD,development,ce8e12389ff297becff9,2021-05-27,12,EXCLUDED_OHLC_RANGE_PROXY,True,ELIGIBLE_FOR_OHLC_PRICE_REFERENCE_SIMULATION,10.000000000000009,2,2
cf6ec0b712b4aff6231f,PH52-025,BULL_CALL_SPREAD,development,061c004245393c77b5c7,2021-12-09,12,EXCLUDED_OHLC_RANGE_PROXY,True,ELIGIBLE_FOR_OHLC_PRICE_REFERENCE_SIMULATION,7.499999999999996,2,2
cf6ec0b712b4aff6231f,PH52-025,BULL_CALL_SPREAD,development,b58d771555d73891d2fd,2022-06-16,12,EXCLUDED_OHLC_RANGE_PROXY,False,OHLC_RANGE_PROXY_EXCEEDS_THRESHOLD,21.73913043478261,2,2
cf6ec0b712b4aff6231f,PH52-025,BULL_CALL_SPREAD,development,8c9b97c314b368f7a743,2022-12-15,12,EXCLUDED_OHLC_RANGE_PROXY,True,ELIGIBLE_FOR_OHLC_PRICE_REFERENCE_SIMULATION,7.142857142857159,2,2
cf6ec0b712b4aff6231f,PH52-025,BULL_CALL_SPREAD,development,b2b9482e70f4a2ace098,2023-06-22,12,EXCLUDED_OHLC_RANGE_PROXY,True,ELIGIBLE_FOR_OHLC_PRICE_REFERENCE_SIMULATION,8.695652173913052,2,2
cf6ec0b712b4aff6231f,PH52-025,BULL_CALL_SPREAD,development,804301753400916af24f,2023-12-28,12,EXCLUDED_OHLC_RANGE_PROXY,True,ELIGIBLE_FOR_OHLC_PRICE_REFERENCE_SIMULATION,9.803921568627452,2,2
cf6ec0b712b4aff6231f,PH52-025,BULL_CALL_SPREAD,validation,c1472f0b801661762bc6,2024-01-04,12,EXCLUDED_OHLC_RANGE_PROXY,False,OHLC_RANGE_PROXY_EXCEEDS_THRESHOLD,15.384615384615381,2,2
cf6ec0b712b4aff6231f,PH52-025,BULL_CALL_SPREAD,validation,1d33307443bd39106f13,2024-05-30,12,EXCLUDED_OHLC_RANGE_PROXY,False,OHLC_RANGE_PROXY_EXCEEDS_THRESHOLD,12.22222222222222,2,2
cf6ec0b712b4aff6231f,PH52-025,BULL_CALL_SPREAD,validation,50696f11ab0417607875,2024-10-17,12,EXCLUDED_OHLC_RANGE_PROXY,False,OHLC_RANGE_PROXY_EXCEEDS_THRESHOLD,14.285714285714299,2,2
cf6ec0b712b4aff6231f,PH52-025,BULL_CALL_SPREAD,validation,58a4c4843286bd3943a2,2025-03-13,12,BLOCKED_LEG_ELIGIBILITY,False,REQUIRED_LEG_PRIOR_OI_BELOW_100,8.510638297872347,2,2
cf6ec0b712b4aff6231f,PH52-025,BULL_CALL_SPREAD,validation,e5919e2053dc59805884,2025-07-31,12,BLOCKED_LEG_ELIGIBILITY,False,REQUIRED_LEG_PRIOR_OI_BELOW_100,34.78260869565216,2,2
cf6ec0b712b4aff6231f,PH52-025,BULL_CALL_SPREAD,validation,2744fff722d389044d25,2025-12-30,12,EXCLUDED_OHLC_RANGE_PROXY,True,ELIGIBLE_FOR_OHLC_PRICE_REFERENCE_SIMULATION,8.333333333333341,2,2
a4f8558870d4a10947fe,PH52-025,BULL_CALL_SPREAD,development,ce8e12389ff297becff9,2021-05-27,12,EXCLUDED_OHLC_RANGE_PROXY,False,OHLC_RANGE_PROXY_EXCEEDS_THRESHOLD,14.285714285714299,2,2
a4f8558870d4a10947fe,PH52-025,BULL_CALL_SPREAD,development,061c004245393c77b5c7,2021-12-09,12,EXCLUDED_OHLC_RANGE_PROXY,True,ELIGIBLE_FOR_OHLC_PRICE_REFERENCE_SIMULATION,9.090909090909099,2,2
a4f8558870d4a10947fe,PH52-025,BULL_CALL_SPREAD,development,b58d771555d73891d2fd,2022-06-16,12,EXCLUDED_OHLC_RANGE_PROXY,False,OHLC_RANGE_PROXY_EXCEEDS_THRESHOLD,21.73913043478261,2,2
a4f8558870d4a10947fe,PH52-025,BULL_CALL_SPREAD,development,8c9b97c314b368f7a743,2022-12-15,12,EXCLUDED_OHLC_RANGE_PROXY,True,ELIGIBLE_FOR_OHLC_PRICE_REFERENCE_SIMULATION,8.571428571428566,2,2
a4f8558870d4a10947fe,PH52-025,BULL_CALL_SPREAD,development,b2b9482e70f4a2ace098,2023-06-22,12,EXCLUDED_OHLC_RANGE_PROXY,True,ELIGIBLE_FOR_OHLC_PRICE_REFERENCE_SIMULATION,6.250000000000005,2,2
a4f8558870d4a10947fe,PH52-025,BULL_CALL_SPREAD,development,804301753400916af24f,2023-12-28,12,EXCLUDED_OHLC_RANGE_PROXY,True,ELIGIBLE_FOR_OHLC_PRICE_REFERENCE_SIMULATION,9.803921568627452,2,2
a4f8558870d4a10947fe,PH52-025,BULL_CALL_SPREAD,validation,c1472f0b801661762bc6,2024-01-04,12,EXCLUDED_OHLC_RANGE_PROXY,False,OHLC_RANGE_PROXY_EXCEEDS_THRESHOLD,19.999999999999996,2,2
a4f8558870d4a10947fe,PH52-025,BULL_CALL_SPREAD,validation,1d33307443bd39106f13,2024-05-30,12,EXCLUDED_OHLC_RANGE_PROXY,False,OHLC_RANGE_PROXY_EXCEEDS_THRESHOLD,12.056737588652478,2,2
a4f8558870d4a10947fe,PH52-025,BULL_CALL_SPREAD,validation,50696f11ab0417607875,2024-10-17,12,EXCLUDED_OHLC_RANGE_PROXY,False,OHLC_RANGE_PROXY_EXCEEDS_THRESHOLD,14.285714285714288,2,2
a4f8558870d4a10947fe,PH52-025,BULL_CALL_SPREAD,validation,58a4c4843286bd3943a2,2025-03-13,12,BLOCKED_LEG_ELIGIBILITY,False,REQUIRED_LEG_PRIOR_OI_BELOW_100,8.510638297872347,2,2
a4f8558870d4a10947fe,PH52-025,BULL_CALL_SPREAD,validation,e5919e2053dc59805884,2025-07-31,12,BLOCKED_LEG_ELIGIBILITY,False,REQUIRED_LEG_PRIOR_OI_BELOW_100,34.78260869565216,2,2
a4f8558870d4a10947fe,PH52-025,BULL_CALL_SPREAD,validation,2744fff722d389044d25,2025-12-30,12,EXCLUDED_OHLC_RANGE_PROXY,True,ELIGIBLE_FOR_OHLC_PRICE_REFERENCE_SIMULATION,7.1428571428571495,2,2
4dfc85b9cb14f0282a2e,PH52-001,BUY_CALL,development,01f752daf3bb0e90d7b1,2021-05-27,12,EXCLUDED_OHLC_RANGE_PROXY,True,ELIGIBLE_FOR_OHLC_PRICE_REFERENCE_SIMULATION,5.246913580246912,1,1
4dfc85b9cb14f0282a2e,PH52-001,BUY_CALL,development,0ddaab2f8946678d3082,2021-12-09,12,EXCLUDED_OHLC_RANGE_PROXY,True,ELIGIBLE_FOR_OHLC_PRICE_REFERENCE_SIMULATION,11.158798283261808,1,1
4dfc85b9cb14f0282a2e,PH52-001,BUY_CALL,development,044eef05c3277601504c,2022-06-16,12,EXCLUDED_OHLC_RANGE_PROXY,True,ELIGIBLE_FOR_OHLC_PRICE_REFERENCE_SIMULATION,10.736196319018415,1,1
4dfc85b9cb14f0282a2e,PH52-001,BUY_CALL,development,307dafef42b72c870148,2022-12-15,12,EXCLUDED_OHLC_RANGE_PROXY,True,ELIGIBLE_FOR_OHLC_PRICE_REFERENCE_SIMULATION,5.957446808510648,1,1
4dfc85b9cb14f0282a2e,PH52-001,BUY_CALL,development,c8a686f986a21faa7ed5,2023-06-22,12,EXCLUDED_OHLC_RANGE_PROXY,True,ELIGIBLE_FOR_OHLC_PRICE_REFERENCE_SIMULATION,11.021505376344088,1,1
4dfc85b9cb14f0282a2e,PH52-001,BUY_CALL,development,84c7352397ed038c3ea2,2023-12-28,12,EXCLUDED_OHLC_RANGE_PROXY,True,ELIGIBLE_FOR_OHLC_PRICE_REFERENCE_SIMULATION,4.341736694677863,1,1
4dfc85b9cb14f0282a2e,PH52-001,BUY_CALL,validation,f104c6f1662847c5bbcc,2024-01-04,12,EXCLUDED_OHLC_RANGE_PROXY,True,ELIGIBLE_FOR_OHLC_PRICE_REFERENCE_SIMULATION,6.666666666666658,1,1
4dfc85b9cb14f0282a2e,PH52-001,BUY_CALL,validation,0cd34c6b63a9f995c503,2024-05-30,12,EXCLUDED_OHLC_RANGE_PROXY,True,ELIGIBLE_FOR_OHLC_PRICE_REFERENCE_SIMULATION,8.21529745042493,1,1
4dfc85b9cb14f0282a2e,PH52-001,BUY_CALL,validation,75007ced19cb5e12e01f,2024-10-17,12,EXCLUDED_OHLC_RANGE_PROXY,False,OHLC_RANGE_PROXY_EXCEEDS_THRESHOLD,17.452830188679247,1,1
4dfc85b9cb14f0282a2e,PH52-001,BUY_CALL,validation,8eb8f1add17ecb221cbd,2025-03-13,12,BLOCKED_LEG_ELIGIBILITY,False,REQUIRED_LEG_PRIOR_OI_BELOW_100,14.285714285714286,1,1
4dfc85b9cb14f0282a2e,PH52-001,BUY_CALL,validation,14d9997729e438213524,2025-07-31,12,BLOCKED_LEG_ELIGIBILITY,False,REQUIRED_LEG_PRIOR_OI_BELOW_100,12.089810017271157,1,1
4dfc85b9cb14f0282a2e,PH52-001,BUY_CALL,validation,4a919e0bde313b9b9ee1,2025-12-30,12,BLOCKED_LEG_ELIGIBILITY,False,REQUIRED_LEG_PRIOR_OI_BELOW_100,17.257683215130037,1,1
7f2f9e5e0437e0f7df04,PH52-001,BUY_CALL,development,01f752daf3bb0e90d7b1,2021-05-27,12,EXCLUDED_OHLC_RANGE_PROXY,True,ELIGIBLE_FOR_OHLC_PRICE_REFERENCE_SIMULATION,5.9999999999999964,1,1
7f2f9e5e0437e0f7df04,PH52-001,BUY_CALL,development,0ddaab2f8946678d3082,2021-12-09,12,EXCLUDED_OHLC_RANGE_PROXY,True,ELIGIBLE_FOR_OHLC_PRICE_REFERENCE_SIMULATION,10.596026490066224,1,1
7f2f9e5e0437e0f7df04,PH52-001,BUY_CALL,development,044eef05c3277601504c,2022-06-16,12,EXCLUDED_OHLC_RANGE_PROXY,True,ELIGIBLE_FOR_OHLC_PRICE_REFERENCE_SIMULATION,9.78260869565216,1,1
7f2f9e5e0437e0f7df04,PH52-001,BUY_CALL,development,307dafef42b72c870148,2022-12-15,12,EXCLUDED_OHLC_RANGE_PROXY,True,ELIGIBLE_FOR_OHLC_PRICE_REFERENCE_SIMULATION,3.63636363636364,1,1
7f2f9e5e0437e0f7df04,PH52-001,BUY_CALL,development,c8a686f986a21faa7ed5,2023-06-22,12,EXCLUDED_OHLC_RANGE_PROXY,True,ELIGIBLE_FOR_OHLC_PRICE_REFERENCE_SIMULATION,7.547169811320744,1,1
7f2f9e5e0437e0f7df04,PH52-001,BUY_CALL,development,84c7352397ed038c3ea2,2023-12-28,12,EXCLUDED_OHLC_RANGE_PROXY,True,ELIGIBLE_FOR_OHLC_PRICE_REFERENCE_SIMULATION,4.784688995215311,1,1
7f2f9e5e0437e0f7df04,PH52-001,BUY_CALL,validation,f104c6f1662847c5bbcc,2024-01-04,12,EXCLUDED_OHLC_RANGE_PROXY,True,ELIGIBLE_FOR_OHLC_PRICE_REFERENCE_SIMULATION,5.882352941176485,1,1
7f2f9e5e0437e0f7df04,PH52-001,BUY_CALL,validation,0cd34c6b63a9f995c503,2024-05-30,12,EXCLUDED_OHLC_RANGE_PROXY,True,ELIGIBLE_FOR_OHLC_PRICE_REFERENCE_SIMULATION,8.739837398373977,1,1
7f2f9e5e0437e0f7df04,PH52-001,BUY_CALL,validation,75007ced19cb5e12e01f,2024-10-17,12,EXCLUDED_OHLC_RANGE_PROXY,False,OHLC_RANGE_PROXY_EXCEEDS_THRESHOLD,15.302491103202849,1,1
7f2f9e5e0437e0f7df04,PH52-001,BUY_CALL,validation,8eb8f1add17ecb221cbd,2025-03-13,12,BLOCKED_LEG_ELIGIBILITY,False,REQUIRED_LEG_PRIOR_OI_BELOW_100,12.37113402061857,1,1
7f2f9e5e0437e0f7df04,PH52-001,BUY_CALL,validation,14d9997729e438213524,2025-07-31,12,BLOCKED_LEG_ELIGIBILITY,False,REQUIRED_LEG_PRIOR_OI_BELOW_100,12.385321100917428,1,1
7f2f9e5e0437e0f7df04,PH52-001,BUY_CALL,validation,4a919e0bde313b9b9ee1,2025-12-30,12,BLOCKED_LEG_ELIGIBILITY,False,REQUIRED_LEG_PRIOR_OI_BELOW_100,15.51724137931035,1,1
824453c4ca52e0a8f423,PH52-001,BUY_CALL,development,ce8e12389ff297becff9,2021-05-27,12,EXCLUDED_OHLC_RANGE_PROXY,True,ELIGIBLE_FOR_OHLC_PRICE_REFERENCE_SIMULATION,10.322580645161288,1,1
824453c4ca52e0a8f423,PH52-001,BUY_CALL,development,061c004245393c77b5c7,2021-12-09,12,EXCLUDED_OHLC_RANGE_PROXY,True,ELIGIBLE_FOR_OHLC_PRICE_REFERENCE_SIMULATION,9.48509485094851,1,1
824453c4ca52e0a8f423,PH52-001,BUY_CALL,development,b58d771555d73891d2fd,2022-06-16,12,EXCLUDED_OHLC_RANGE_PROXY,False,OHLC_RANGE_PROXY_EXCEEDS_THRESHOLD,21.229050279329606,1,1
824453c4ca52e0a8f423,PH52-001,BUY_CALL,development,8c9b97c314b368f7a743,2022-12-15,12,EXCLUDED_OHLC_RANGE_PROXY,True,ELIGIBLE_FOR_OHLC_PRICE_REFERENCE_SIMULATION,8.231707317073157,1,1
824453c4ca52e0a8f423,PH52-001,BUY_CALL,development,b2b9482e70f4a2ace098,2023-06-22,12,EXCLUDED_OHLC_RANGE_PROXY,True,ELIGIBLE_FOR_OHLC_PRICE_REFERENCE_SIMULATION,11.874999999999991,1,1
824453c4ca52e0a8f423,PH52-001,BUY_CALL,development,804301753400916af24f,2023-12-28,12,EXCLUDED_OHLC_RANGE_PROXY,False,OHLC_RANGE_PROXY_EXCEEDS_THRESHOLD,12.962962962962964,1,1
824453c4ca52e0a8f423,PH52-001,BUY_CALL,validation,c1472f0b801661762bc6,2024-01-04,12,EXCLUDED_OHLC_RANGE_PROXY,False,OHLC_RANGE_PROXY_EXCEEDS_THRESHOLD,17.58241758241759,1,1
824453c4ca52e0a8f423,PH52-001,BUY_CALL,validation,1d33307443bd39106f13,2024-05-30,12,EXCLUDED_OHLC_RANGE_PROXY,False,OHLC_RANGE_PROXY_EXCEEDS_THRESHOLD,12.436548223350252,1,1
824453c4ca52e0a8f423,PH52-001,BUY_CALL,validation,50696f11ab0417607875,2024-10-17,12,EXCLUDED_OHLC_RANGE_PROXY,False,OHLC_RANGE_PROXY_EXCEEDS_THRESHOLD,17.857142857142858,1,1
824453c4ca52e0a8f423,PH52-001,BUY_CALL,validation,58a4c4843286bd3943a2,2025-03-13,12,BLOCKED_LEG_ELIGIBILITY,False,REQUIRED_LEG_PRIOR_OI_BELOW_100,10.0,1,1
824453c4ca52e0a8f423,PH52-001,BUY_CALL,validation,e5919e2053dc59805884,2025-07-31,12,BLOCKED_LEG_ELIGIBILITY,False,REQUIRED_LEG_PRIOR_OI_BELOW_100,27.142857142857146,1,1
824453c4ca52e0a8f423,PH52-001,BUY_CALL,validation,2744fff722d389044d25,2025-12-30,12,EXCLUDED_OHLC_RANGE_PROXY,True,ELIGIBLE_FOR_OHLC_PRICE_REFERENCE_SIMULATION,11.363636363636365,1,1
a85d75f96c0c6721a862,PH52-001,BUY_CALL,development,ce8e12389ff297becff9,2021-05-27,12,EXCLUDED_OHLC_RANGE_PROXY,True,ELIGIBLE_FOR_OHLC_PRICE_REFERENCE_SIMULATION,10.000000000000009,1,1
a85d75f96c0c6721a862,PH52-001,BUY_CALL,development,061c004245393c77b5c7,2021-12-09,12,EXCLUDED_OHLC_RANGE_PROXY,True,ELIGIBLE_FOR_OHLC_PRICE_REFERENCE_SIMULATION,7.499999999999996,1,1
a85d75f96c0c6721a862,PH52-001,BUY_CALL,development,b58d771555d73891d2fd,2022-06-16,12,EXCLUDED_OHLC_RANGE_PROXY,False,OHLC_RANGE_PROXY_EXCEEDS_THRESHOLD,21.73913043478261,1,1
a85d75f96c0c6721a862,PH52-001,BUY_CALL,development,8c9b97c314b368f7a743,2022-12-15,12,REPLAY_PASS,True,ELIGIBLE_FOR_OHLC_PRICE_REFERENCE_SIMULATION,1.7543859649122744,1,1
a85d75f96c0c6721a862,PH52-001,BUY_CALL,development,b2b9482e70f4a2ace098,2023-06-22,12,EXCLUDED_OHLC_RANGE_PROXY,True,ELIGIBLE_FOR_OHLC_PRICE_REFERENCE_SIMULATION,6.250000000000005,1,1
a85d75f96c0c6721a862,PH52-001,BUY_CALL,development,804301753400916af24f,2023-12-28,12,EXCLUDED_OHLC_RANGE_PROXY,True,ELIGIBLE_FOR_OHLC_PRICE_REFERENCE_SIMULATION,9.803921568627452,1,1
a85d75f96c0c6721a862,PH52-001,BUY_CALL,validation,c1472f0b801661762bc6,2024-01-04,12,EXCLUDED_OHLC_RANGE_PROXY,False,OHLC_RANGE_PROXY_EXCEEDS_THRESHOLD,15.384615384615381,1,1
a85d75f96c0c6721a862,PH52-001,BUY_CALL,validation,1d33307443bd39106f13,2024-05-30,12,EXCLUDED_OHLC_RANGE_PROXY,False,OHLC_RANGE_PROXY_EXCEEDS_THRESHOLD,12.056737588652478,1,1
a85d75f96c0c6721a862,PH52-001,BUY_CALL,validation,50696f11ab0417607875,2024-10-17,12,EXCLUDED_OHLC_RANGE_PROXY,False,OHLC_RANGE_PROXY_EXCEEDS_THRESHOLD,14.285714285714288,1,1
a85d75f96c0c6721a862,PH52-001,BUY_CALL,validation,58a4c4843286bd3943a2,2025-03-13,12,BLOCKED_LEG_ELIGIBILITY,False,REQUIRED_LEG_PRIOR_OI_BELOW_100,8.510638297872347,1,1
a85d75f96c0c6721a862,PH52-001,BUY_CALL,validation,e5919e2053dc59805884,2025-07-31,12,BLOCKED_LEG_ELIGIBILITY,False,REQUIRED_LEG_PRIOR_OI_BELOW_100,34.78260869565216,1,1
a85d75f96c0c6721a862,PH52-001,BUY_CALL,validation,2744fff722d389044d25,2025-12-30,12,EXCLUDED_OHLC_RANGE_PROXY,True,ELIGIBLE_FOR_OHLC_PRICE_REFERENCE_SIMULATION,7.1428571428571495,1,1
d4f27239e30ac6922af1,PH52-007,BUY_PUT,development,01f752daf3bb0e90d7b1,2021-05-27,12,EXCLUDED_OHLC_RANGE_PROXY,True,ELIGIBLE_FOR_OHLC_PRICE_REFERENCE_SIMULATION,5.2631578947368425,1,1
d4f27239e30ac6922af1,PH52-007,BUY_PUT,development,0ddaab2f8946678d3082,2021-12-09,12,EXCLUDED_OHLC_RANGE_PROXY,False,OHLC_RANGE_PROXY_EXCEEDS_THRESHOLD,17.18213058419244,1,1
d4f27239e30ac6922af1,PH52-007,BUY_PUT,development,044eef05c3277601504c,2022-06-16,12,EXCLUDED_OHLC_RANGE_PROXY,False,OHLC_RANGE_PROXY_EXCEEDS_THRESHOLD,13.354037267080747,1,1
d4f27239e30ac6922af1,PH52-007,BUY_PUT,development,307dafef42b72c870148,2022-12-15,12,EXCLUDED_OHLC_RANGE_PROXY,True,ELIGIBLE_FOR_OHLC_PRICE_REFERENCE_SIMULATION,9.302325581395358,1,1
d4f27239e30ac6922af1,PH52-007,BUY_PUT,development,c8a686f986a21faa7ed5,2023-06-22,12,EXCLUDED_OHLC_RANGE_PROXY,True,ELIGIBLE_FOR_OHLC_PRICE_REFERENCE_SIMULATION,8.185053380782907,1,1
d4f27239e30ac6922af1,PH52-007,BUY_PUT,development,84c7352397ed038c3ea2,2023-12-28,12,EXCLUDED_OHLC_RANGE_PROXY,True,ELIGIBLE_FOR_OHLC_PRICE_REFERENCE_SIMULATION,4.437869822485207,1,1
d4f27239e30ac6922af1,PH52-007,BUY_PUT,validation,f104c6f1662847c5bbcc,2024-01-04,12,EXCLUDED_OHLC_RANGE_PROXY,True,ELIGIBLE_FOR_OHLC_PRICE_REFERENCE_SIMULATION,10.970464135021087,1,1
d4f27239e30ac6922af1,PH52-007,BUY_PUT,validation,0cd34c6b63a9f995c503,2024-05-30,12,EXCLUDED_OHLC_RANGE_PROXY,True,ELIGIBLE_FOR_OHLC_PRICE_REFERENCE_SIMULATION,10.26677445432497,1,1
d4f27239e30ac6922af1,PH52-007,BUY_PUT,validation,75007ced19cb5e12e01f,2024-10-17,12,EXCLUDED_OHLC_RANGE_PROXY,False,OHLC_RANGE_PROXY_EXCEEDS_THRESHOLD,34.10326086956523,1,1
d4f27239e30ac6922af1,PH52-007,BUY_PUT,validation,8eb8f1add17ecb221cbd,2025-03-13,12,BLOCKED_LEG_ELIGIBILITY,False,REQUIRED_LEG_PRIOR_OI_BELOW_100,13.874345549738212,1,1
d4f27239e30ac6922af1,PH52-007,BUY_PUT,validation,14d9997729e438213524,2025-07-31,12,BLOCKED_LEG_ELIGIBILITY,False,REQUIRED_LEG_PRIOR_OI_BELOW_100,8.320726172465951,1,1
d4f27239e30ac6922af1,PH52-007,BUY_PUT,validation,4a919e0bde313b9b9ee1,2025-12-30,12,BLOCKED_LEG_ELIGIBILITY,False,REQUIRED_LEG_PRIOR_OI_BELOW_100,11.554621848739496,1,1
c039247dcd6929eb8c8b,PH52-007,BUY_PUT,development,01f752daf3bb0e90d7b1,2021-05-27,12,EXCLUDED_OHLC_RANGE_PROXY,True,ELIGIBLE_FOR_OHLC_PRICE_REFERENCE_SIMULATION,6.329113924050633,1,1
c039247dcd6929eb8c8b,PH52-007,BUY_PUT,development,0ddaab2f8946678d3082,2021-12-09,12,EXCLUDED_OHLC_RANGE_PROXY,False,OHLC_RANGE_PROXY_EXCEEDS_THRESHOLD,20.888888888888886,1,1
c039247dcd6929eb8c8b,PH52-007,BUY_PUT,development,044eef05c3277601504c,2022-06-16,12,EXCLUDED_OHLC_RANGE_PROXY,False,OHLC_RANGE_PROXY_EXCEEDS_THRESHOLD,13.705583756345176,1,1
c039247dcd6929eb8c8b,PH52-007,BUY_PUT,development,307dafef42b72c870148,2022-12-15,12,EXCLUDED_OHLC_RANGE_PROXY,True,ELIGIBLE_FOR_OHLC_PRICE_REFERENCE_SIMULATION,8.771929824561402,1,1
c039247dcd6929eb8c8b,PH52-007,BUY_PUT,development,c8a686f986a21faa7ed5,2023-06-22,12,EXCLUDED_OHLC_RANGE_PROXY,True,ELIGIBLE_FOR_OHLC_PRICE_REFERENCE_SIMULATION,4.477611940298504,1,1
c039247dcd6929eb8c8b,PH52-007,BUY_PUT,development,84c7352397ed038c3ea2,2023-12-28,12,EXCLUDED_OHLC_RANGE_PROXY,True,ELIGIBLE_FOR_OHLC_PRICE_REFERENCE_SIMULATION,5.2044609665427455,1,1
c039247dcd6929eb8c8b,PH52-007,BUY_PUT,validation,f104c6f1662847c5bbcc,2024-01-04,12,EXCLUDED_OHLC_RANGE_PROXY,False,OHLC_RANGE_PROXY_EXCEEDS_THRESHOLD,12.90322580645161,1,1
c039247dcd6929eb8c8b,PH52-007,BUY_PUT,validation,0cd34c6b63a9f995c503,2024-05-30,12,EXCLUDED_OHLC_RANGE_PROXY,False,OHLC_RANGE_PROXY_EXCEEDS_THRESHOLD,12.335526315789474,1,1
c039247dcd6929eb8c8b,PH52-007,BUY_PUT,validation,75007ced19cb5e12e01f,2024-10-17,12,EXCLUDED_OHLC_RANGE_PROXY,False,OHLC_RANGE_PROXY_EXCEEDS_THRESHOLD,44.444444444444436,1,1
c039247dcd6929eb8c8b,PH52-007,BUY_PUT,validation,8eb8f1add17ecb221cbd,2025-03-13,12,BLOCKED_LEG_ELIGIBILITY,False,REQUIRED_LEG_PRIOR_OI_BELOW_100,12.318840579710141,1,1
c039247dcd6929eb8c8b,PH52-007,BUY_PUT,validation,14d9997729e438213524,2025-07-31,12,BLOCKED_LEG_ELIGIBILITY,False,REQUIRED_LEG_PRIOR_OI_BELOW_100,8.812260536398469,1,1
c039247dcd6929eb8c8b,PH52-007,BUY_PUT,validation,4a919e0bde313b9b9ee1,2025-12-30,12,BLOCKED_LEG_ELIGIBILITY,False,REQUIRED_LEG_PRIOR_OI_BELOW_100,10.909090909090903,1,1
c31e45a39d28e22b70b2,PH52-007,BUY_PUT,development,ce8e12389ff297becff9,2021-05-27,12,EXCLUDED_OHLC_RANGE_PROXY,True,ELIGIBLE_FOR_OHLC_PRICE_REFERENCE_SIMULATION,6.333333333333329,1,1
c31e45a39d28e22b70b2,PH52-007,BUY_PUT,development,061c004245393c77b5c7,2021-12-09,12,EXCLUDED_OHLC_RANGE_PROXY,True,ELIGIBLE_FOR_OHLC_PRICE_REFERENCE_SIMULATION,10.270270270270263,1,1
c31e45a39d28e22b70b2,PH52-007,BUY_PUT,development,b58d771555d73891d2fd,2022-06-16,12,EXCLUDED_OHLC_RANGE_PROXY,False,OHLC_RANGE_PROXY_EXCEEDS_THRESHOLD,25.89118198874296,1,1
c31e45a39d28e22b70b2,PH52-007,BUY_PUT,development,8c9b97c314b368f7a743,2022-12-15,12,EXCLUDED_OHLC_RANGE_PROXY,False,OHLC_RANGE_PROXY_EXCEEDS_THRESHOLD,16.250000000000007,1,1
c31e45a39d28e22b70b2,PH52-007,BUY_PUT,development,b2b9482e70f4a2ace098,2023-06-22,12,EXCLUDED_OHLC_RANGE_PROXY,True,ELIGIBLE_FOR_OHLC_PRICE_REFERENCE_SIMULATION,9.230769230769225,1,1
c31e45a39d28e22b70b2,PH52-007,BUY_PUT,development,804301753400916af24f,2023-12-28,12,EXCLUDED_OHLC_RANGE_PROXY,False,OHLC_RANGE_PROXY_EXCEEDS_THRESHOLD,13.793103448275865,1,1
c31e45a39d28e22b70b2,PH52-007,BUY_PUT,validation,c1472f0b801661762bc6,2024-01-04,12,EXCLUDED_OHLC_RANGE_PROXY,False,OHLC_RANGE_PROXY_EXCEEDS_THRESHOLD,16.091954022988492,1,1
c31e45a39d28e22b70b2,PH52-007,BUY_PUT,validation,1d33307443bd39106f13,2024-05-30,12,EXCLUDED_OHLC_RANGE_PROXY,True,ELIGIBLE_FOR_OHLC_PRICE_REFERENCE_SIMULATION,11.267605633802809,1,1
c31e45a39d28e22b70b2,PH52-007,BUY_PUT,validation,50696f11ab0417607875,2024-10-17,12,EXCLUDED_OHLC_RANGE_PROXY,True,ELIGIBLE_FOR_OHLC_PRICE_REFERENCE_SIMULATION,11.585365853658528,1,1
c31e45a39d28e22b70b2,PH52-007,BUY_PUT,validation,58a4c4843286bd3943a2,2025-03-13,12,BLOCKED_LEG_ELIGIBILITY,False,REQUIRED_LEG_PRIOR_OI_BELOW_100,14.736842105263161,1,1
c31e45a39d28e22b70b2,PH52-007,BUY_PUT,validation,e5919e2053dc59805884,2025-07-31,12,BLOCKED_LEG_ELIGIBILITY,False,REQUIRED_LEG_PRIOR_OI_BELOW_100,8.666666666666679,1,1
c31e45a39d28e22b70b2,PH52-007,BUY_PUT,validation,2744fff722d389044d25,2025-12-30,12,EXCLUDED_OHLC_RANGE_PROXY,False,OHLC_RANGE_PROXY_EXCEEDS_THRESHOLD,13.46153846153846,1,1
5819a5202b9b3b1cdd0b,PH52-007,BUY_PUT,development,ce8e12389ff297becff9,2021-05-27,12,EXCLUDED_OHLC_RANGE_PROXY,True,ELIGIBLE_FOR_OHLC_PRICE_REFERENCE_SIMULATION,6.493506493506482,1,1
5819a5202b9b3b1cdd0b,PH52-007,BUY_PUT,development,061c004245393c77b5c7,2021-12-09,12,EXCLUDED_OHLC_RANGE_PROXY,True,ELIGIBLE_FOR_OHLC_PRICE_REFERENCE_SIMULATION,4.255319148936174,1,1
5819a5202b9b3b1cdd0b,PH52-007,BUY_PUT,development,b58d771555d73891d2fd,2022-06-16,12,EXCLUDED_OHLC_RANGE_PROXY,False,OHLC_RANGE_PROXY_EXCEEDS_THRESHOLD,32.28346456692912,1,1
5819a5202b9b3b1cdd0b,PH52-007,BUY_PUT,development,8c9b97c314b368f7a743,2022-12-15,12,EXCLUDED_OHLC_RANGE_PROXY,True,ELIGIBLE_FOR_OHLC_PRICE_REFERENCE_SIMULATION,10.526315789473683,1,1
5819a5202b9b3b1cdd0b,PH52-007,BUY_PUT,development,b2b9482e70f4a2ace098,2023-06-22,12,EXCLUDED_OHLC_RANGE_PROXY,True,ELIGIBLE_FOR_OHLC_PRICE_REFERENCE_SIMULATION,11.111111111111104,1,1
5819a5202b9b3b1cdd0b,PH52-007,BUY_PUT,development,804301753400916af24f,2023-12-28,12,EXCLUDED_OHLC_RANGE_PROXY,True,ELIGIBLE_FOR_OHLC_PRICE_REFERENCE_SIMULATION,11.49425287356322,1,1
5819a5202b9b3b1cdd0b,PH52-007,BUY_PUT,validation,c1472f0b801661762bc6,2024-01-04,12,EXCLUDED_OHLC_RANGE_PROXY,True,ELIGIBLE_FOR_OHLC_PRICE_REFERENCE_SIMULATION,8.695652173913052,1,1
5819a5202b9b3b1cdd0b,PH52-007,BUY_PUT,validation,1d33307443bd39106f13,2024-05-30,12,EXCLUDED_OHLC_RANGE_PROXY,True,ELIGIBLE_FOR_OHLC_PRICE_REFERENCE_SIMULATION,9.022556390977451,1,1
5819a5202b9b3b1cdd0b,PH52-007,BUY_PUT,validation,50696f11ab0417607875,2024-10-17,12,EXCLUDED_OHLC_RANGE_PROXY,True,ELIGIBLE_FOR_OHLC_PRICE_REFERENCE_SIMULATION,11.111111111111109,1,1
5819a5202b9b3b1cdd0b,PH52-007,BUY_PUT,validation,58a4c4843286bd3943a2,2025-03-13,12,BLOCKED_LEG_ELIGIBILITY,False,REQUIRED_LEG_PRIOR_OI_BELOW_100,8.000000000000007,1,1
5819a5202b9b3b1cdd0b,PH52-007,BUY_PUT,validation,e5919e2053dc59805884,2025-07-31,12,BLOCKED_LEG_ELIGIBILITY,False,REQUIRED_LEG_PRIOR_OI_BELOW_100,7.042253521126761,1,1
5819a5202b9b3b1cdd0b,PH52-007,BUY_PUT,validation,2744fff722d389044d25,2025-12-30,12,EXCLUDED_OHLC_RANGE_PROXY,True,ELIGIBLE_FOR_OHLC_PRICE_REFERENCE_SIMULATION,10.526315789473683,1,1
98dbdd88c3b8df3d0d98,PH52-049,LONG_STRADDLE,development,01f752daf3bb0e90d7b1,2021-05-27,12,EXCLUDED_OHLC_RANGE_PROXY,True,ELIGIBLE_FOR_OHLC_PRICE_REFERENCE_SIMULATION,5.246913580246912,2,2
98dbdd88c3b8df3d0d98,PH52-049,LONG_STRADDLE,development,0ddaab2f8946678d3082,2021-12-09,12,EXCLUDED_OHLC_RANGE_PROXY,False,OHLC_RANGE_PROXY_EXCEEDS_THRESHOLD,13.059427732942025,2,2
98dbdd88c3b8df3d0d98,PH52-049,LONG_STRADDLE,development,044eef05c3277601504c,2022-06-16,12,EXCLUDED_OHLC_RANGE_PROXY,True,ELIGIBLE_FOR_OHLC_PRICE_REFERENCE_SIMULATION,10.736196319018415,2,2
98dbdd88c3b8df3d0d98,PH52-049,LONG_STRADDLE,development,307dafef42b72c870148,2022-12-15,12,EXCLUDED_OHLC_RANGE_PROXY,True,ELIGIBLE_FOR_OHLC_PRICE_REFERENCE_SIMULATION,5.957446808510648,2,2
98dbdd88c3b8df3d0d98,PH52-049,LONG_STRADDLE,development,c8a686f986a21faa7ed5,2023-06-22,12,EXCLUDED_OHLC_RANGE_PROXY,True,ELIGIBLE_FOR_OHLC_PRICE_REFERENCE_SIMULATION,11.021505376344088,2,2
98dbdd88c3b8df3d0d98,PH52-049,LONG_STRADDLE,development,84c7352397ed038c3ea2,2023-12-28,12,EXCLUDED_OHLC_RANGE_PROXY,True,ELIGIBLE_FOR_OHLC_PRICE_REFERENCE_SIMULATION,4.341736694677863,2,2
98dbdd88c3b8df3d0d98,PH52-049,LONG_STRADDLE,validation,f104c6f1662847c5bbcc,2024-01-04,12,EXCLUDED_OHLC_RANGE_PROXY,True,ELIGIBLE_FOR_OHLC_PRICE_REFERENCE_SIMULATION,6.666666666666658,2,2
98dbdd88c3b8df3d0d98,PH52-049,LONG_STRADDLE,validation,0cd34c6b63a9f995c503,2024-05-30,12,EXCLUDED_OHLC_RANGE_PROXY,True,ELIGIBLE_FOR_OHLC_PRICE_REFERENCE_SIMULATION,8.21529745042493,2,2
98dbdd88c3b8df3d0d98,PH52-049,LONG_STRADDLE,validation,75007ced19cb5e12e01f,2024-10-17,12,EXCLUDED_OHLC_RANGE_PROXY,False,OHLC_RANGE_PROXY_EXCEEDS_THRESHOLD,20.713899405083833,2,2
98dbdd88c3b8df3d0d98,PH52-049,LONG_STRADDLE,validation,8eb8f1add17ecb221cbd,2025-03-13,12,BLOCKED_LEG_ELIGIBILITY,False,REQUIRED_LEG_PRIOR_OI_BELOW_100,14.285714285714286,2,2
98dbdd88c3b8df3d0d98,PH52-049,LONG_STRADDLE,validation,14d9997729e438213524,2025-07-31,12,BLOCKED_LEG_ELIGIBILITY,False,REQUIRED_LEG_PRIOR_OI_BELOW_100,12.089810017271157,2,2
98dbdd88c3b8df3d0d98,PH52-049,LONG_STRADDLE,validation,4a919e0bde313b9b9ee1,2025-12-30,12,BLOCKED_LEG_ELIGIBILITY,False,REQUIRED_LEG_PRIOR_OI_BELOW_100,17.257683215130037,2,2
c4749ba6933734c7ed45,PH52-049,LONG_STRADDLE,development,01f752daf3bb0e90d7b1,2021-05-27,12,EXCLUDED_OHLC_RANGE_PROXY,True,ELIGIBLE_FOR_OHLC_PRICE_REFERENCE_SIMULATION,5.9999999999999964,2,2
c4749ba6933734c7ed45,PH52-049,LONG_STRADDLE,development,0ddaab2f8946678d3082,2021-12-09,12,EXCLUDED_OHLC_RANGE_PROXY,True,ELIGIBLE_FOR_OHLC_PRICE_REFERENCE_SIMULATION,10.596026490066224,2,2
c4749ba6933734c7ed45,PH52-049,LONG_STRADDLE,development,044eef05c3277601504c,2022-06-16,12,EXCLUDED_OHLC_RANGE_PROXY,True,ELIGIBLE_FOR_OHLC_PRICE_REFERENCE_SIMULATION,9.78260869565216,2,2
c4749ba6933734c7ed45,PH52-049,LONG_STRADDLE,development,307dafef42b72c870148,2022-12-15,12,EXCLUDED_OHLC_RANGE_PROXY,True,ELIGIBLE_FOR_OHLC_PRICE_REFERENCE_SIMULATION,3.63636363636364,2,2
c4749ba6933734c7ed45,PH52-049,LONG_STRADDLE,development,c8a686f986a21faa7ed5,2023-06-22,12,EXCLUDED_OHLC_RANGE_PROXY,True,ELIGIBLE_FOR_OHLC_PRICE_REFERENCE_SIMULATION,7.547169811320744,2,2
c4749ba6933734c7ed45,PH52-049,LONG_STRADDLE,development,84c7352397ed038c3ea2,2023-12-28,12,EXCLUDED_OHLC_RANGE_PROXY,True,ELIGIBLE_FOR_OHLC_PRICE_REFERENCE_SIMULATION,4.784688995215311,2,2
c4749ba6933734c7ed45,PH52-049,LONG_STRADDLE,validation,f104c6f1662847c5bbcc,2024-01-04,12,EXCLUDED_OHLC_RANGE_PROXY,True,ELIGIBLE_FOR_OHLC_PRICE_REFERENCE_SIMULATION,5.882352941176485,2,2
c4749ba6933734c7ed45,PH52-049,LONG_STRADDLE,validation,0cd34c6b63a9f995c503,2024-05-30,12,EXCLUDED_OHLC_RANGE_PROXY,True,ELIGIBLE_FOR_OHLC_PRICE_REFERENCE_SIMULATION,8.739837398373977,2,2
c4749ba6933734c7ed45,PH52-049,LONG_STRADDLE,validation,75007ced19cb5e12e01f,2024-10-17,12,EXCLUDED_OHLC_RANGE_PROXY,False,OHLC_RANGE_PROXY_EXCEEDS_THRESHOLD,15.302491103202849,2,2
c4749ba6933734c7ed45,PH52-049,LONG_STRADDLE,validation,8eb8f1add17ecb221cbd,2025-03-13,12,BLOCKED_LEG_ELIGIBILITY,False,REQUIRED_LEG_PRIOR_OI_BELOW_100,12.37113402061857,2,2
c4749ba6933734c7ed45,PH52-049,LONG_STRADDLE,validation,14d9997729e438213524,2025-07-31,12,BLOCKED_LEG_ELIGIBILITY,False,REQUIRED_LEG_PRIOR_OI_BELOW_100,12.385321100917428,2,2
c4749ba6933734c7ed45,PH52-049,LONG_STRADDLE,validation,4a919e0bde313b9b9ee1,2025-12-30,12,BLOCKED_LEG_ELIGIBILITY,False,REQUIRED_LEG_PRIOR_OI_BELOW_100,15.51724137931035,2,2
0a2c71c6e12e773afc2d,PH52-049,LONG_STRADDLE,development,ce8e12389ff297becff9,2021-05-27,12,EXCLUDED_OHLC_RANGE_PROXY,True,ELIGIBLE_FOR_OHLC_PRICE_REFERENCE_SIMULATION,10.322580645161288,2,2
0a2c71c6e12e773afc2d,PH52-049,LONG_STRADDLE,development,061c004245393c77b5c7,2021-12-09,12,EXCLUDED_OHLC_RANGE_PROXY,True,ELIGIBLE_FOR_OHLC_PRICE_REFERENCE_SIMULATION,9.48509485094851,2,2
0a2c71c6e12e773afc2d,PH52-049,LONG_STRADDLE,development,b58d771555d73891d2fd,2022-06-16,12,EXCLUDED_OHLC_RANGE_PROXY,False,OHLC_RANGE_PROXY_EXCEEDS_THRESHOLD,21.229050279329606,2,2
0a2c71c6e12e773afc2d,PH52-049,LONG_STRADDLE,development,8c9b97c314b368f7a743,2022-12-15,12,EXCLUDED_OHLC_RANGE_PROXY,True,ELIGIBLE_FOR_OHLC_PRICE_REFERENCE_SIMULATION,8.940852819807427,2,2
0a2c71c6e12e773afc2d,PH52-049,LONG_STRADDLE,development,b2b9482e70f4a2ace098,2023-06-22,12,EXCLUDED_OHLC_RANGE_PROXY,True,ELIGIBLE_FOR_OHLC_PRICE_REFERENCE_SIMULATION,11.874999999999991,2,2
0a2c71c6e12e773afc2d,PH52-049,LONG_STRADDLE,development,804301753400916af24f,2023-12-28,12,EXCLUDED_OHLC_RANGE_PROXY,False,OHLC_RANGE_PROXY_EXCEEDS_THRESHOLD,12.962962962962964,2,2
0a2c71c6e12e773afc2d,PH52-049,LONG_STRADDLE,validation,c1472f0b801661762bc6,2024-01-04,12,EXCLUDED_OHLC_RANGE_PROXY,False,OHLC_RANGE_PROXY_EXCEEDS_THRESHOLD,17.58241758241759,2,2
0a2c71c6e12e773afc2d,PH52-049,LONG_STRADDLE,validation,1d33307443bd39106f13,2024-05-30,12,EXCLUDED_OHLC_RANGE_PROXY,False,OHLC_RANGE_PROXY_EXCEEDS_THRESHOLD,12.436548223350252,2,2
0a2c71c6e12e773afc2d,PH52-049,LONG_STRADDLE,validation,50696f11ab0417607875,2024-10-17,12,EXCLUDED_OHLC_RANGE_PROXY,False,OHLC_RANGE_PROXY_EXCEEDS_THRESHOLD,17.857142857142858,2,2
0a2c71c6e12e773afc2d,PH52-049,LONG_STRADDLE,validation,58a4c4843286bd3943a2,2025-03-13,12,BLOCKED_LEG_ELIGIBILITY,False,REQUIRED_LEG_PRIOR_OI_BELOW_100,10.0,2,2
0a2c71c6e12e773afc2d,PH52-049,LONG_STRADDLE,validation,e5919e2053dc59805884,2025-07-31,12,BLOCKED_LEG_ELIGIBILITY,False,REQUIRED_LEG_PRIOR_OI_BELOW_100,27.142857142857146,2,2
0a2c71c6e12e773afc2d,PH52-049,LONG_STRADDLE,validation,2744fff722d389044d25,2025-12-30,12,EXCLUDED_OHLC_RANGE_PROXY,True,ELIGIBLE_FOR_OHLC_PRICE_REFERENCE_SIMULATION,11.363636363636365,2,2
2432b3ba491006a1f15a,PH52-049,LONG_STRADDLE,development,ce8e12389ff297becff9,2021-05-27,12,EXCLUDED_OHLC_RANGE_PROXY,True,ELIGIBLE_FOR_OHLC_PRICE_REFERENCE_SIMULATION,10.000000000000009,2,2
2432b3ba491006a1f15a,PH52-049,LONG_STRADDLE,development,061c004245393c77b5c7,2021-12-09,12,EXCLUDED_OHLC_RANGE_PROXY,True,ELIGIBLE_FOR_OHLC_PRICE_REFERENCE_SIMULATION,7.499999999999996,2,2
2432b3ba491006a1f15a,PH52-049,LONG_STRADDLE,development,b58d771555d73891d2fd,2022-06-16,12,EXCLUDED_OHLC_RANGE_PROXY,False,OHLC_RANGE_PROXY_EXCEEDS_THRESHOLD,21.73913043478261,2,2
2432b3ba491006a1f15a,PH52-049,LONG_STRADDLE,development,8c9b97c314b368f7a743,2022-12-15,12,EXCLUDED_OHLC_RANGE_PROXY,True,ELIGIBLE_FOR_OHLC_PRICE_REFERENCE_SIMULATION,3.741358275721845,2,2
2432b3ba491006a1f15a,PH52-049,LONG_STRADDLE,development,b2b9482e70f4a2ace098,2023-06-22,12,EXCLUDED_OHLC_RANGE_PROXY,True,ELIGIBLE_FOR_OHLC_PRICE_REFERENCE_SIMULATION,6.250000000000005,2,2
2432b3ba491006a1f15a,PH52-049,LONG_STRADDLE,development,804301753400916af24f,2023-12-28,12,EXCLUDED_OHLC_RANGE_PROXY,True,ELIGIBLE_FOR_OHLC_PRICE_REFERENCE_SIMULATION,9.803921568627452,2,2
2432b3ba491006a1f15a,PH52-049,LONG_STRADDLE,validation,c1472f0b801661762bc6,2024-01-04,12,EXCLUDED_OHLC_RANGE_PROXY,False,OHLC_RANGE_PROXY_EXCEEDS_THRESHOLD,15.384615384615381,2,2
2432b3ba491006a1f15a,PH52-049,LONG_STRADDLE,validation,1d33307443bd39106f13,2024-05-30,12,EXCLUDED_OHLC_RANGE_PROXY,False,OHLC_RANGE_PROXY_EXCEEDS_THRESHOLD,12.056737588652478,2,2
2432b3ba491006a1f15a,PH52-049,LONG_STRADDLE,validation,50696f11ab0417607875,2024-10-17,12,EXCLUDED_OHLC_RANGE_PROXY,False,OHLC_RANGE_PROXY_EXCEEDS_THRESHOLD,14.285714285714288,2,2
2432b3ba491006a1f15a,PH52-049,LONG_STRADDLE,validation,58a4c4843286bd3943a2,2025-03-13,12,BLOCKED_LEG_ELIGIBILITY,False,REQUIRED_LEG_PRIOR_OI_BELOW_100,8.510638297872347,2,2
2432b3ba491006a1f15a,PH52-049,LONG_STRADDLE,validation,e5919e2053dc59805884,2025-07-31,12,BLOCKED_LEG_ELIGIBILITY,False,REQUIRED_LEG_PRIOR_OI_BELOW_100,34.78260869565216,2,2
2432b3ba491006a1f15a,PH52-049,LONG_STRADDLE,validation,2744fff722d389044d25,2025-12-30,12,EXCLUDED_OHLC_RANGE_PROXY,True,ELIGIBLE_FOR_OHLC_PRICE_REFERENCE_SIMULATION,7.1428571428571495,2,2
722daeb1f1c06b54a1ee,PH52-061,LONG_STRANGLE,development,01f752daf3bb0e90d7b1,2021-05-27,12,EXCLUDED_OHLC_RANGE_PROXY,True,ELIGIBLE_FOR_OHLC_PRICE_REFERENCE_SIMULATION,5.2631578947368425,2,2
722daeb1f1c06b54a1ee,PH52-061,LONG_STRANGLE,development,0ddaab2f8946678d3082,2021-12-09,12,EXCLUDED_OHLC_RANGE_PROXY,False,OHLC_RANGE_PROXY_EXCEEDS_THRESHOLD,17.18213058419244,2,2
722daeb1f1c06b54a1ee,PH52-061,LONG_STRANGLE,development,044eef05c3277601504c,2022-06-16,12,EXCLUDED_OHLC_RANGE_PROXY,False,OHLC_RANGE_PROXY_EXCEEDS_THRESHOLD,13.354037267080747,2,2
722daeb1f1c06b54a1ee,PH52-061,LONG_STRANGLE,development,307dafef42b72c870148,2022-12-15,12,EXCLUDED_OHLC_RANGE_PROXY,True,ELIGIBLE_FOR_OHLC_PRICE_REFERENCE_SIMULATION,9.302325581395358,2,2
722daeb1f1c06b54a1ee,PH52-061,LONG_STRANGLE,development,c8a686f986a21faa7ed5,2023-06-22,12,EXCLUDED_OHLC_RANGE_PROXY,True,ELIGIBLE_FOR_OHLC_PRICE_REFERENCE_SIMULATION,11.021505376344088,2,2
722daeb1f1c06b54a1ee,PH52-061,LONG_STRANGLE,development,84c7352397ed038c3ea2,2023-12-28,12,EXCLUDED_OHLC_RANGE_PROXY,True,ELIGIBLE_FOR_OHLC_PRICE_REFERENCE_SIMULATION,4.437869822485207,2,2
722daeb1f1c06b54a1ee,PH52-061,LONG_STRANGLE,validation,f104c6f1662847c5bbcc,2024-01-04,12,EXCLUDED_OHLC_RANGE_PROXY,True,ELIGIBLE_FOR_OHLC_PRICE_REFERENCE_SIMULATION,10.970464135021087,2,2
722daeb1f1c06b54a1ee,PH52-061,LONG_STRANGLE,validation,0cd34c6b63a9f995c503,2024-05-30,12,EXCLUDED_OHLC_RANGE_PROXY,True,ELIGIBLE_FOR_OHLC_PRICE_REFERENCE_SIMULATION,10.26677445432497,2,2
722daeb1f1c06b54a1ee,PH52-061,LONG_STRANGLE,validation,75007ced19cb5e12e01f,2024-10-17,12,EXCLUDED_OHLC_RANGE_PROXY,False,OHLC_RANGE_PROXY_EXCEEDS_THRESHOLD,34.10326086956523,2,2
722daeb1f1c06b54a1ee,PH52-061,LONG_STRANGLE,validation,8eb8f1add17ecb221cbd,2025-03-13,12,BLOCKED_LEG_ELIGIBILITY,False,REQUIRED_LEG_PRIOR_OI_BELOW_100,14.285714285714286,2,2
722daeb1f1c06b54a1ee,PH52-061,LONG_STRANGLE,validation,14d9997729e438213524,2025-07-31,12,BLOCKED_LEG_ELIGIBILITY,False,REQUIRED_LEG_PRIOR_OI_BELOW_100,12.089810017271157,2,2
722daeb1f1c06b54a1ee,PH52-061,LONG_STRANGLE,validation,4a919e0bde313b9b9ee1,2025-12-30,12,BLOCKED_LEG_ELIGIBILITY,False,REQUIRED_LEG_PRIOR_OI_BELOW_100,17.257683215130037,2,2
2173cfebeda92408e9c0,PH52-061,LONG_STRANGLE,development,01f752daf3bb0e90d7b1,2021-05-27,12,EXCLUDED_OHLC_RANGE_PROXY,True,ELIGIBLE_FOR_OHLC_PRICE_REFERENCE_SIMULATION,6.329113924050633,2,2
2173cfebeda92408e9c0,PH52-061,LONG_STRANGLE,development,0ddaab2f8946678d3082,2021-12-09,12,EXCLUDED_OHLC_RANGE_PROXY,False,OHLC_RANGE_PROXY_EXCEEDS_THRESHOLD,20.888888888888886,2,2
2173cfebeda92408e9c0,PH52-061,LONG_STRANGLE,development,044eef05c3277601504c,2022-06-16,12,EXCLUDED_OHLC_RANGE_PROXY,False,OHLC_RANGE_PROXY_EXCEEDS_THRESHOLD,13.705583756345176,2,2
2173cfebeda92408e9c0,PH52-061,LONG_STRANGLE,development,307dafef42b72c870148,2022-12-15,12,EXCLUDED_OHLC_RANGE_PROXY,True,ELIGIBLE_FOR_OHLC_PRICE_REFERENCE_SIMULATION,8.771929824561402,2,2
2173cfebeda92408e9c0,PH52-061,LONG_STRANGLE,development,c8a686f986a21faa7ed5,2023-06-22,12,EXCLUDED_OHLC_RANGE_PROXY,True,ELIGIBLE_FOR_OHLC_PRICE_REFERENCE_SIMULATION,7.547169811320744,2,2
2173cfebeda92408e9c0,PH52-061,LONG_STRANGLE,development,84c7352397ed038c3ea2,2023-12-28,12,EXCLUDED_OHLC_RANGE_PROXY,True,ELIGIBLE_FOR_OHLC_PRICE_REFERENCE_SIMULATION,5.2044609665427455,2,2
2173cfebeda92408e9c0,PH52-061,LONG_STRANGLE,validation,f104c6f1662847c5bbcc,2024-01-04,12,EXCLUDED_OHLC_RANGE_PROXY,False,OHLC_RANGE_PROXY_EXCEEDS_THRESHOLD,12.90322580645161,2,2
2173cfebeda92408e9c0,PH52-061,LONG_STRANGLE,validation,0cd34c6b63a9f995c503,2024-05-30,12,EXCLUDED_OHLC_RANGE_PROXY,False,OHLC_RANGE_PROXY_EXCEEDS_THRESHOLD,12.335526315789474,2,2
2173cfebeda92408e9c0,PH52-061,LONG_STRANGLE,validation,75007ced19cb5e12e01f,2024-10-17,12,EXCLUDED_OHLC_RANGE_PROXY,False,OHLC_RANGE_PROXY_EXCEEDS_THRESHOLD,44.444444444444436,2,2
2173cfebeda92408e9c0,PH52-061,LONG_STRANGLE,validation,8eb8f1add17ecb221cbd,2025-03-13,12,BLOCKED_LEG_ELIGIBILITY,False,REQUIRED_LEG_PRIOR_OI_BELOW_100,12.37113402061857,2,2
2173cfebeda92408e9c0,PH52-061,LONG_STRANGLE,validation,14d9997729e438213524,2025-07-31,12,BLOCKED_LEG_ELIGIBILITY,False,REQUIRED_LEG_PRIOR_OI_BELOW_100,12.385321100917428,2,2
2173cfebeda92408e9c0,PH52-061,LONG_STRANGLE,validation,4a919e0bde313b9b9ee1,2025-12-30,12,BLOCKED_LEG_ELIGIBILITY,False,REQUIRED_LEG_PRIOR_OI_BELOW_100,15.51724137931035,2,2
2f22cd4cb483cbbd04af,PH52-061,LONG_STRANGLE,development,ce8e12389ff297becff9,2021-05-27,12,EXCLUDED_OHLC_RANGE_PROXY,True,ELIGIBLE_FOR_OHLC_PRICE_REFERENCE_SIMULATION,10.322580645161288,2,2
2f22cd4cb483cbbd04af,PH52-061,LONG_STRANGLE,development,061c004245393c77b5c7,2021-12-09,12,EXCLUDED_OHLC_RANGE_PROXY,True,ELIGIBLE_FOR_OHLC_PRICE_REFERENCE_SIMULATION,10.270270270270263,2,2
2f22cd4cb483cbbd04af,PH52-061,LONG_STRANGLE,development,b58d771555d73891d2fd,2022-06-16,12,EXCLUDED_OHLC_RANGE_PROXY,False,OHLC_RANGE_PROXY_EXCEEDS_THRESHOLD,25.89118198874296,2,2
2f22cd4cb483cbbd04af,PH52-061,LONG_STRANGLE,development,8c9b97c314b368f7a743,2022-12-15,12,EXCLUDED_OHLC_RANGE_PROXY,False,OHLC_RANGE_PROXY_EXCEEDS_THRESHOLD,16.250000000000007,2,2
2f22cd4cb483cbbd04af,PH52-061,LONG_STRANGLE,development,b2b9482e70f4a2ace098,2023-06-22,12,EXCLUDED_OHLC_RANGE_PROXY,True,ELIGIBLE_FOR_OHLC_PRICE_REFERENCE_SIMULATION,11.874999999999991,2,2
2f22cd4cb483cbbd04af,PH52-061,LONG_STRANGLE,development,804301753400916af24f,2023-12-28,12,EXCLUDED_OHLC_RANGE_PROXY,False,OHLC_RANGE_PROXY_EXCEEDS_THRESHOLD,13.793103448275865,2,2
2f22cd4cb483cbbd04af,PH52-061,LONG_STRANGLE,validation,c1472f0b801661762bc6,2024-01-04,12,EXCLUDED_OHLC_RANGE_PROXY,False,OHLC_RANGE_PROXY_EXCEEDS_THRESHOLD,17.58241758241759,2,2
2f22cd4cb483cbbd04af,PH52-061,LONG_STRANGLE,validation,1d33307443bd39106f13,2024-05-30,12,EXCLUDED_OHLC_RANGE_PROXY,False,OHLC_RANGE_PROXY_EXCEEDS_THRESHOLD,12.436548223350252,2,2
2f22cd4cb483cbbd04af,PH52-061,LONG_STRANGLE,validation,50696f11ab0417607875,2024-10-17,12,EXCLUDED_OHLC_RANGE_PROXY,False,OHLC_RANGE_PROXY_EXCEEDS_THRESHOLD,17.857142857142858,2,2
2f22cd4cb483cbbd04af,PH52-061,LONG_STRANGLE,validation,58a4c4843286bd3943a2,2025-03-13,12,BLOCKED_LEG_ELIGIBILITY,False,REQUIRED_LEG_PRIOR_OI_BELOW_100,14.736842105263161,2,2
2f22cd4cb483cbbd04af,PH52-061,LONG_STRANGLE,validation,e5919e2053dc59805884,2025-07-31,12,BLOCKED_LEG_ELIGIBILITY,False,REQUIRED_LEG_PRIOR_OI_BELOW_100,27.142857142857146,2,2
2f22cd4cb483cbbd04af,PH52-061,LONG_STRANGLE,validation,2744fff722d389044d25,2025-12-30,12,EXCLUDED_OHLC_RANGE_PROXY,False,OHLC_RANGE_PROXY_EXCEEDS_THRESHOLD,13.46153846153846,2,2
4bd35f1260b64365d38b,PH52-061,LONG_STRANGLE,development,ce8e12389ff297becff9,2021-05-27,12,EXCLUDED_OHLC_RANGE_PROXY,True,ELIGIBLE_FOR_OHLC_PRICE_REFERENCE_SIMULATION,10.000000000000009,2,2
4bd35f1260b64365d38b,PH52-061,LONG_STRANGLE,development,061c004245393c77b5c7,2021-12-09,12,EXCLUDED_OHLC_RANGE_PROXY,True,ELIGIBLE_FOR_OHLC_PRICE_REFERENCE_SIMULATION,7.499999999999996,2,2
4bd35f1260b64365d38b,PH52-061,LONG_STRANGLE,development,b58d771555d73891d2fd,2022-06-16,12,EXCLUDED_OHLC_RANGE_PROXY,False,OHLC_RANGE_PROXY_EXCEEDS_THRESHOLD,32.28346456692912,2,2
4bd35f1260b64365d38b,PH52-061,LONG_STRANGLE,development,8c9b97c314b368f7a743,2022-12-15,12,EXCLUDED_OHLC_RANGE_PROXY,True,ELIGIBLE_FOR_OHLC_PRICE_REFERENCE_SIMULATION,10.526315789473683,2,2
4bd35f1260b64365d38b,PH52-061,LONG_STRANGLE,development,b2b9482e70f4a2ace098,2023-06-22,12,EXCLUDED_OHLC_RANGE_PROXY,True,ELIGIBLE_FOR_OHLC_PRICE_REFERENCE_SIMULATION,11.111111111111104,2,2
4bd35f1260b64365d38b,PH52-061,LONG_STRANGLE,development,804301753400916af24f,2023-12-28,12,EXCLUDED_OHLC_RANGE_PROXY,True,ELIGIBLE_FOR_OHLC_PRICE_REFERENCE_SIMULATION,11.49425287356322,2,2
4bd35f1260b64365d38b,PH52-061,LONG_STRANGLE,validation,c1472f0b801661762bc6,2024-01-04,12,EXCLUDED_OHLC_RANGE_PROXY,False,OHLC_RANGE_PROXY_EXCEEDS_THRESHOLD,15.384615384615381,2,2
4bd35f1260b64365d38b,PH52-061,LONG_STRANGLE,validation,1d33307443bd39106f13,2024-05-30,12,EXCLUDED_OHLC_RANGE_PROXY,False,OHLC_RANGE_PROXY_EXCEEDS_THRESHOLD,12.056737588652478,2,2
4bd35f1260b64365d38b,PH52-061,LONG_STRANGLE,validation,50696f11ab0417607875,2024-10-17,12,EXCLUDED_OHLC_RANGE_PROXY,False,OHLC_RANGE_PROXY_EXCEEDS_THRESHOLD,14.285714285714288,2,2
4bd35f1260b64365d38b,PH52-061,LONG_STRANGLE,validation,58a4c4843286bd3943a2,2025-03-13,12,BLOCKED_LEG_ELIGIBILITY,False,REQUIRED_LEG_PRIOR_OI_BELOW_100,8.510638297872347,2,2
4bd35f1260b64365d38b,PH52-061,LONG_STRANGLE,validation,e5919e2053dc59805884,2025-07-31,12,BLOCKED_LEG_ELIGIBILITY,False,REQUIRED_LEG_PRIOR_OI_BELOW_100,34.78260869565216,2,2
4bd35f1260b64365d38b,PH52-061,LONG_STRANGLE,validation,2744fff722d389044d25,2025-12-30,12,EXCLUDED_OHLC_RANGE_PROXY,True,ELIGIBLE_FOR_OHLC_PRICE_REFERENCE_SIMULATION,10.526315789473683,2,2
89f52cd7e0b3bc8ec28c,PH52-073,SHORT_IRON_CONDOR,development,01f752daf3bb0e90d7b1,2021-05-27,12,EXCLUDED_OHLC_RANGE_PROXY,True,ELIGIBLE_FOR_OHLC_PRICE_REFERENCE_SIMULATION,5.448717948717936,4,4
89f52cd7e0b3bc8ec28c,PH52-073,SHORT_IRON_CONDOR,development,0ddaab2f8946678d3082,2021-12-09,12,EXCLUDED_OHLC_RANGE_PROXY,False,OHLC_RANGE_PROXY_EXCEEDS_THRESHOLD,19.444444444444443,4,4
89f52cd7e0b3bc8ec28c,PH52-073,SHORT_IRON_CONDOR,development,044eef05c3277601504c,2022-06-16,12,EXCLUDED_OHLC_RANGE_PROXY,False,OHLC_RANGE_PROXY_EXCEEDS_THRESHOLD,14.363143631436328,4,4
89f52cd7e0b3bc8ec28c,PH52-073,SHORT_IRON_CONDOR,development,307dafef42b72c870148,2022-12-15,12,EXCLUDED_OHLC_RANGE_PROXY,True,ELIGIBLE_FOR_OHLC_PRICE_REFERENCE_SIMULATION,10.144927536231886,4,4
89f52cd7e0b3bc8ec28c,PH52-073,SHORT_IRON_CONDOR,development,c8a686f986a21faa7ed5,2023-06-22,12,EXCLUDED_OHLC_RANGE_PROXY,False,OHLC_RANGE_PROXY_EXCEEDS_THRESHOLD,12.765957446808503,4,4
89f52cd7e0b3bc8ec28c,PH52-073,SHORT_IRON_CONDOR,development,84c7352397ed038c3ea2,2023-12-28,12,EXCLUDED_OHLC_RANGE_PROXY,True,ELIGIBLE_FOR_OHLC_PRICE_REFERENCE_SIMULATION,5.502392344497618,4,4
89f52cd7e0b3bc8ec28c,PH52-073,SHORT_IRON_CONDOR,validation,f104c6f1662847c5bbcc,2024-01-04,12,EXCLUDED_OHLC_RANGE_PROXY,True,ELIGIBLE_FOR_OHLC_PRICE_REFERENCE_SIMULATION,10.970464135021087,4,4
89f52cd7e0b3bc8ec28c,PH52-073,SHORT_IRON_CONDOR,validation,0cd34c6b63a9f995c503,2024-05-30,12,EXCLUDED_OHLC_RANGE_PROXY,False,OHLC_RANGE_PROXY_EXCEEDS_THRESHOLD,12.13151927437642,4,4
89f52cd7e0b3bc8ec28c,PH52-073,SHORT_IRON_CONDOR,validation,75007ced19cb5e12e01f,2024-10-17,12,EXCLUDED_OHLC_RANGE_PROXY,False,OHLC_RANGE_PROXY_EXCEEDS_THRESHOLD,38.80952380952382,4,4
89f52cd7e0b3bc8ec28c,PH52-073,SHORT_IRON_CONDOR,validation,8eb8f1add17ecb221cbd,2025-03-13,12,BLOCKED_LEG_ELIGIBILITY,False,REQUIRED_LEG_PRIOR_OI_BELOW_100,14.285714285714286,4,4
89f52cd7e0b3bc8ec28c,PH52-073,SHORT_IRON_CONDOR,validation,14d9997729e438213524,2025-07-31,12,BLOCKED_LEG_ELIGIBILITY,False,REQUIRED_LEG_PRIOR_OI_BELOW_100,14.367816091954024,4,4
89f52cd7e0b3bc8ec28c,PH52-073,SHORT_IRON_CONDOR,validation,4a919e0bde313b9b9ee1,2025-12-30,12,BLOCKED_LEG_ELIGIBILITY,False,REQUIRED_LEG_PRIOR_OI_BELOW_100,17.257683215130037,4,4
ed63864fa6c58959e82b,PH52-073,SHORT_IRON_CONDOR,development,01f752daf3bb0e90d7b1,2021-05-27,12,EXCLUDED_OHLC_RANGE_PROXY,True,ELIGIBLE_FOR_OHLC_PRICE_REFERENCE_SIMULATION,6.25,4,4
ed63864fa6c58959e82b,PH52-073,SHORT_IRON_CONDOR,development,0ddaab2f8946678d3082,2021-12-09,12,EXCLUDED_OHLC_RANGE_PROXY,False,OHLC_RANGE_PROXY_EXCEEDS_THRESHOLD,21.01449275362318,4,4
ed63864fa6c58959e82b,PH52-073,SHORT_IRON_CONDOR,development,044eef05c3277601504c,2022-06-16,12,EXCLUDED_OHLC_RANGE_PROXY,False,OHLC_RANGE_PROXY_EXCEEDS_THRESHOLD,13.354037267080747,4,4
ed63864fa6c58959e82b,PH52-073,SHORT_IRON_CONDOR,development,307dafef42b72c870148,2022-12-15,12,EXCLUDED_OHLC_RANGE_PROXY,True,ELIGIBLE_FOR_OHLC_PRICE_REFERENCE_SIMULATION,9.302325581395358,4,4
ed63864fa6c58959e82b,PH52-073,SHORT_IRON_CONDOR,development,c8a686f986a21faa7ed5,2023-06-22,12,EXCLUDED_OHLC_RANGE_PROXY,True,ELIGIBLE_FOR_OHLC_PRICE_REFERENCE_SIMULATION,11.021505376344088,4,4
ed63864fa6c58959e82b,PH52-073,SHORT_IRON_CONDOR,development,84c7352397ed038c3ea2,2023-12-28,12,EXCLUDED_OHLC_RANGE_PROXY,True,ELIGIBLE_FOR_OHLC_PRICE_REFERENCE_SIMULATION,5.681818181818182,4,4
ed63864fa6c58959e82b,PH52-073,SHORT_IRON_CONDOR,validation,f104c6f1662847c5bbcc,2024-01-04,12,EXCLUDED_OHLC_RANGE_PROXY,True,ELIGIBLE_FOR_OHLC_PRICE_REFERENCE_SIMULATION,10.970464135021087,4,4
ed63864fa6c58959e82b,PH52-073,SHORT_IRON_CONDOR,validation,0cd34c6b63a9f995c503,2024-05-30,12,EXCLUDED_OHLC_RANGE_PROXY,False,OHLC_RANGE_PROXY_EXCEEDS_THRESHOLD,14.496314496314492,4,4
ed63864fa6c58959e82b,PH52-073,SHORT_IRON_CONDOR,validation,75007ced19cb5e12e01f,2024-10-17,12,EXCLUDED_OHLC_RANGE_PROXY,False,OHLC_RANGE_PROXY_EXCEEDS_THRESHOLD,44.02985074626865,4,4
ed63864fa6c58959e82b,PH52-073,SHORT_IRON_CONDOR,validation,8eb8f1add17ecb221cbd,2025-03-13,12,BLOCKED_LEG_ELIGIBILITY,False,REQUIRED_LEG_PRIOR_OI_BELOW_100,14.285714285714286,4,4
ed63864fa6c58959e82b,PH52-073,SHORT_IRON_CONDOR,validation,14d9997729e438213524,2025-07-31,12,BLOCKED_LEG_ELIGIBILITY,False,REQUIRED_LEG_PRIOR_OI_BELOW_100,12.925170068027214,4,4
ed63864fa6c58959e82b,PH52-073,SHORT_IRON_CONDOR,validation,4a919e0bde313b9b9ee1,2025-12-30,12,BLOCKED_LEG_ELIGIBILITY,False,REQUIRED_LEG_PRIOR_OI_BELOW_100,17.257683215130037,4,4
d1522f8d7f12e8386fbd,PH52-073,SHORT_IRON_CONDOR,development,01f752daf3bb0e90d7b1,2021-05-27,12,EXCLUDED_OHLC_RANGE_PROXY,True,ELIGIBLE_FOR_OHLC_PRICE_REFERENCE_SIMULATION,6.329113924050633,4,4
d1522f8d7f12e8386fbd,PH52-073,SHORT_IRON_CONDOR,development,0ddaab2f8946678d3082,2021-12-09,12,EXCLUDED_OHLC_RANGE_PROXY,False,OHLC_RANGE_PROXY_EXCEEDS_THRESHOLD,21.01449275362318,4,4
d1522f8d7f12e8386fbd,PH52-073,SHORT_IRON_CONDOR,development,044eef05c3277601504c,2022-06-16,12,EXCLUDED_OHLC_RANGE_PROXY,False,OHLC_RANGE_PROXY_EXCEEDS_THRESHOLD,13.705583756345176,4,4
d1522f8d7f12e8386fbd,PH52-073,SHORT_IRON_CONDOR,development,307dafef42b72c870148,2022-12-15,12,EXCLUDED_OHLC_RANGE_PROXY,True,ELIGIBLE_FOR_OHLC_PRICE_REFERENCE_SIMULATION,8.771929824561402,4,4
d1522f8d7f12e8386fbd,PH52-073,SHORT_IRON_CONDOR,development,c8a686f986a21faa7ed5,2023-06-22,12,EXCLUDED_OHLC_RANGE_PROXY,True,ELIGIBLE_FOR_OHLC_PRICE_REFERENCE_SIMULATION,7.547169811320744,4,4
d1522f8d7f12e8386fbd,PH52-073,SHORT_IRON_CONDOR,development,84c7352397ed038c3ea2,2023-12-28,12,EXCLUDED_OHLC_RANGE_PROXY,True,ELIGIBLE_FOR_OHLC_PRICE_REFERENCE_SIMULATION,5.681818181818182,4,4
d1522f8d7f12e8386fbd,PH52-073,SHORT_IRON_CONDOR,validation,f104c6f1662847c5bbcc,2024-01-04,12,EXCLUDED_OHLC_RANGE_PROXY,False,OHLC_RANGE_PROXY_EXCEEDS_THRESHOLD,12.90322580645161,4,4
d1522f8d7f12e8386fbd,PH52-073,SHORT_IRON_CONDOR,validation,0cd34c6b63a9f995c503,2024-05-30,12,EXCLUDED_OHLC_RANGE_PROXY,False,OHLC_RANGE_PROXY_EXCEEDS_THRESHOLD,14.496314496314492,4,4
d1522f8d7f12e8386fbd,PH52-073,SHORT_IRON_CONDOR,validation,75007ced19cb5e12e01f,2024-10-17,12,EXCLUDED_OHLC_RANGE_PROXY,False,OHLC_RANGE_PROXY_EXCEEDS_THRESHOLD,44.444444444444436,4,4
d1522f8d7f12e8386fbd,PH52-073,SHORT_IRON_CONDOR,validation,8eb8f1add17ecb221cbd,2025-03-13,12,BLOCKED_LEG_ELIGIBILITY,False,REQUIRED_LEG_PRIOR_OI_BELOW_100,12.37113402061857,4,4
d1522f8d7f12e8386fbd,PH52-073,SHORT_IRON_CONDOR,validation,14d9997729e438213524,2025-07-31,12,BLOCKED_LEG_ELIGIBILITY,False,REQUIRED_LEG_PRIOR_OI_BELOW_100,12.925170068027214,4,4
d1522f8d7f12e8386fbd,PH52-073,SHORT_IRON_CONDOR,validation,4a919e0bde313b9b9ee1,2025-12-30,12,BLOCKED_LEG_ELIGIBILITY,False,REQUIRED_LEG_PRIOR_OI_BELOW_100,17.187500000000007,4,4
88f406f18831fffb35a5,PH52-073,SHORT_IRON_CONDOR,development,01f752daf3bb0e90d7b1,2021-05-27,12,EXCLUDED_OHLC_RANGE_PROXY,True,ELIGIBLE_FOR_OHLC_PRICE_REFERENCE_SIMULATION,9.677419354838703,4,4
88f406f18831fffb35a5,PH52-073,SHORT_IRON_CONDOR,development,0ddaab2f8946678d3082,2021-12-09,12,EXCLUDED_OHLC_RANGE_PROXY,False,OHLC_RANGE_PROXY_EXCEEDS_THRESHOLD,20.888888888888886,4,4
88f406f18831fffb35a5,PH52-073,SHORT_IRON_CONDOR,development,044eef05c3277601504c,2022-06-16,12,EXCLUDED_OHLC_RANGE_PROXY,False,OHLC_RANGE_PROXY_EXCEEDS_THRESHOLD,13.705583756345176,4,4
88f406f18831fffb35a5,PH52-073,SHORT_IRON_CONDOR,development,307dafef42b72c870148,2022-12-15,12,EXCLUDED_OHLC_RANGE_PROXY,True,ELIGIBLE_FOR_OHLC_PRICE_REFERENCE_SIMULATION,8.771929824561402,4,4
88f406f18831fffb35a5,PH52-073,SHORT_IRON_CONDOR,development,c8a686f986a21faa7ed5,2023-06-22,12,EXCLUDED_OHLC_RANGE_PROXY,True,ELIGIBLE_FOR_OHLC_PRICE_REFERENCE_SIMULATION,7.547169811320744,4,4
88f406f18831fffb35a5,PH52-073,SHORT_IRON_CONDOR,development,84c7352397ed038c3ea2,2023-12-28,12,EXCLUDED_OHLC_RANGE_PROXY,True,ELIGIBLE_FOR_OHLC_PRICE_REFERENCE_SIMULATION,5.2044609665427455,4,4
88f406f18831fffb35a5,PH52-073,SHORT_IRON_CONDOR,validation,f104c6f1662847c5bbcc,2024-01-04,12,EXCLUDED_OHLC_RANGE_PROXY,False,OHLC_RANGE_PROXY_EXCEEDS_THRESHOLD,12.90322580645161,4,4
88f406f18831fffb35a5,PH52-073,SHORT_IRON_CONDOR,validation,0cd34c6b63a9f995c503,2024-05-30,12,EXCLUDED_OHLC_RANGE_PROXY,False,OHLC_RANGE_PROXY_EXCEEDS_THRESHOLD,16.000000000000004,4,4
88f406f18831fffb35a5,PH52-073,SHORT_IRON_CONDOR,validation,75007ced19cb5e12e01f,2024-10-17,12,EXCLUDED_OHLC_RANGE_PROXY,False,OHLC_RANGE_PROXY_EXCEEDS_THRESHOLD,44.444444444444436,4,4
88f406f18831fffb35a5,PH52-073,SHORT_IRON_CONDOR,validation,8eb8f1add17ecb221cbd,2025-03-13,12,BLOCKED_LEG_ELIGIBILITY,False,REQUIRED_LEG_PRIOR_OI_BELOW_100,12.37113402061857,4,4
88f406f18831fffb35a5,PH52-073,SHORT_IRON_CONDOR,validation,14d9997729e438213524,2025-07-31,12,BLOCKED_LEG_ELIGIBILITY,False,REQUIRED_LEG_PRIOR_OI_BELOW_100,12.385321100917428,4,4
88f406f18831fffb35a5,PH52-073,SHORT_IRON_CONDOR,validation,4a919e0bde313b9b9ee1,2025-12-30,12,BLOCKED_LEG_ELIGIBILITY,False,REQUIRED_LEG_PRIOR_OI_BELOW_100,15.51724137931035,4,4
3bb7fb2966c25f63f7b8,PH52-073,SHORT_IRON_CONDOR,development,ce8e12389ff297becff9,2021-05-27,12,EXCLUDED_OHLC_RANGE_PROXY,True,ELIGIBLE_FOR_OHLC_PRICE_REFERENCE_SIMULATION,10.322580645161288,4,4
3bb7fb2966c25f63f7b8,PH52-073,SHORT_IRON_CONDOR,development,061c004245393c77b5c7,2021-12-09,12,EXCLUDED_OHLC_RANGE_PROXY,True,ELIGIBLE_FOR_OHLC_PRICE_REFERENCE_SIMULATION,10.270270270270263,4,4
3bb7fb2966c25f63f7b8,PH52-073,SHORT_IRON_CONDOR,development,b58d771555d73891d2fd,2022-06-16,12,EXCLUDED_OHLC_RANGE_PROXY,False,OHLC_RANGE_PROXY_EXCEEDS_THRESHOLD,32.28346456692915,4,4
3bb7fb2966c25f63f7b8,PH52-073,SHORT_IRON_CONDOR,development,8c9b97c314b368f7a743,2022-12-15,12,EXCLUDED_OHLC_RANGE_PROXY,False,OHLC_RANGE_PROXY_EXCEEDS_THRESHOLD,16.250000000000007,4,4
3bb7fb2966c25f63f7b8,PH52-073,SHORT_IRON_CONDOR,development,b2b9482e70f4a2ace098,2023-06-22,12,EXCLUDED_OHLC_RANGE_PROXY,True,ELIGIBLE_FOR_OHLC_PRICE_REFERENCE_SIMULATION,11.874999999999991,4,4
3bb7fb2966c25f63f7b8,PH52-073,SHORT_IRON_CONDOR,development,804301753400916af24f,2023-12-28,12,EXCLUDED_OHLC_RANGE_PROXY,False,OHLC_RANGE_PROXY_EXCEEDS_THRESHOLD,13.793103448275865,4,4
3bb7fb2966c25f63f7b8,PH52-073,SHORT_IRON_CONDOR,validation,c1472f0b801661762bc6,2024-01-04,12,EXCLUDED_OHLC_RANGE_PROXY,False,OHLC_RANGE_PROXY_EXCEEDS_THRESHOLD,17.58241758241759,4,4
3bb7fb2966c25f63f7b8,PH52-073,SHORT_IRON_CONDOR,validation,1d33307443bd39106f13,2024-05-30,12,EXCLUDED_OHLC_RANGE_PROXY,False,OHLC_RANGE_PROXY_EXCEEDS_THRESHOLD,12.436548223350252,4,4
3bb7fb2966c25f63f7b8,PH52-073,SHORT_IRON_CONDOR,validation,50696f11ab0417607875,2024-10-17,12,EXCLUDED_OHLC_RANGE_PROXY,False,OHLC_RANGE_PROXY_EXCEEDS_THRESHOLD,17.857142857142858,4,4
3bb7fb2966c25f63f7b8,PH52-073,SHORT_IRON_CONDOR,validation,58a4c4843286bd3943a2,2025-03-13,12,BLOCKED_LEG_ELIGIBILITY,False,REQUIRED_LEG_PRIOR_OI_BELOW_100,14.736842105263161,4,4
3bb7fb2966c25f63f7b8,PH52-073,SHORT_IRON_CONDOR,validation,e5919e2053dc59805884,2025-07-31,12,BLOCKED_LEG_ELIGIBILITY,False,REQUIRED_LEG_PRIOR_OI_BELOW_100,31.39158576051781,4,4
3bb7fb2966c25f63f7b8,PH52-073,SHORT_IRON_CONDOR,validation,2744fff722d389044d25,2025-12-30,12,EXCLUDED_OHLC_RANGE_PROXY,False,OHLC_RANGE_PROXY_EXCEEDS_THRESHOLD,13.46153846153846,4,4
afd015454460bea2a27d,PH52-073,SHORT_IRON_CONDOR,development,ce8e12389ff297becff9,2021-05-27,12,EXCLUDED_OHLC_RANGE_PROXY,True,ELIGIBLE_FOR_OHLC_PRICE_REFERENCE_SIMULATION,10.322580645161288,4,4
afd015454460bea2a27d,PH52-073,SHORT_IRON_CONDOR,development,061c004245393c77b5c7,2021-12-09,12,EXCLUDED_OHLC_RANGE_PROXY,True,ELIGIBLE_FOR_OHLC_PRICE_REFERENCE_SIMULATION,10.270270270270263,4,4
afd015454460bea2a27d,PH52-073,SHORT_IRON_CONDOR,development,b58d771555d73891d2fd,2022-06-16,12,EXCLUDED_OHLC_RANGE_PROXY,False,OHLC_RANGE_PROXY_EXCEEDS_THRESHOLD,25.89118198874296,4,4
afd015454460bea2a27d,PH52-073,SHORT_IRON_CONDOR,development,8c9b97c314b368f7a743,2022-12-15,12,EXCLUDED_OHLC_RANGE_PROXY,False,OHLC_RANGE_PROXY_EXCEEDS_THRESHOLD,16.250000000000007,4,4
afd015454460bea2a27d,PH52-073,SHORT_IRON_CONDOR,development,b2b9482e70f4a2ace098,2023-06-22,12,EXCLUDED_OHLC_RANGE_PROXY,False,OHLC_RANGE_PROXY_EXCEEDS_THRESHOLD,14.285714285714299,4,4
afd015454460bea2a27d,PH52-073,SHORT_IRON_CONDOR,development,804301753400916af24f,2023-12-28,12,EXCLUDED_OHLC_RANGE_PROXY,False,OHLC_RANGE_PROXY_EXCEEDS_THRESHOLD,13.793103448275865,4,4
afd015454460bea2a27d,PH52-073,SHORT_IRON_CONDOR,validation,c1472f0b801661762bc6,2024-01-04,12,EXCLUDED_OHLC_RANGE_PROXY,False,OHLC_RANGE_PROXY_EXCEEDS_THRESHOLD,17.58241758241759,4,4
afd015454460bea2a27d,PH52-073,SHORT_IRON_CONDOR,validation,1d33307443bd39106f13,2024-05-30,12,EXCLUDED_OHLC_RANGE_PROXY,False,OHLC_RANGE_PROXY_EXCEEDS_THRESHOLD,12.436548223350252,4,4
afd015454460bea2a27d,PH52-073,SHORT_IRON_CONDOR,validation,50696f11ab0417607875,2024-10-17,12,EXCLUDED_OHLC_RANGE_PROXY,False,OHLC_RANGE_PROXY_EXCEEDS_THRESHOLD,17.857142857142858,4,4
afd015454460bea2a27d,PH52-073,SHORT_IRON_CONDOR,validation,58a4c4843286bd3943a2,2025-03-13,12,BLOCKED_LEG_ELIGIBILITY,False,REQUIRED_LEG_PRIOR_OI_BELOW_100,14.736842105263161,4,4
afd015454460bea2a27d,PH52-073,SHORT_IRON_CONDOR,validation,e5919e2053dc59805884,2025-07-31,12,BLOCKED_LEG_ELIGIBILITY,False,REQUIRED_LEG_PRIOR_OI_BELOW_100,31.521739130434792,4,4
afd015454460bea2a27d,PH52-073,SHORT_IRON_CONDOR,validation,2744fff722d389044d25,2025-12-30,12,EXCLUDED_OHLC_RANGE_PROXY,False,OHLC_RANGE_PROXY_EXCEEDS_THRESHOLD,13.46153846153846,4,4
2f542b011d83f30b511e,PH52-073,SHORT_IRON_CONDOR,development,ce8e12389ff297becff9,2021-05-27,12,EXCLUDED_OHLC_RANGE_PROXY,True,ELIGIBLE_FOR_OHLC_PRICE_REFERENCE_SIMULATION,10.000000000000009,4,4
2f542b011d83f30b511e,PH52-073,SHORT_IRON_CONDOR,development,061c004245393c77b5c7,2021-12-09,12,EXCLUDED_OHLC_RANGE_PROXY,True,ELIGIBLE_FOR_OHLC_PRICE_REFERENCE_SIMULATION,9.090909090909086,4,4
2f542b011d83f30b511e,PH52-073,SHORT_IRON_CONDOR,development,b58d771555d73891d2fd,2022-06-16,12,EXCLUDED_OHLC_RANGE_PROXY,False,OHLC_RANGE_PROXY_EXCEEDS_THRESHOLD,32.28346456692912,4,4
2f542b011d83f30b511e,PH52-073,SHORT_IRON_CONDOR,development,8c9b97c314b368f7a743,2022-12-15,12,EXCLUDED_OHLC_RANGE_PROXY,True,ELIGIBLE_FOR_OHLC_PRICE_REFERENCE_SIMULATION,10.526315789473683,4,4
2f542b011d83f30b511e,PH52-073,SHORT_IRON_CONDOR,development,b2b9482e70f4a2ace098,2023-06-22,12,EXCLUDED_OHLC_RANGE_PROXY,False,OHLC_RANGE_PROXY_EXCEEDS_THRESHOLD,14.285714285714299,4,4
2f542b011d83f30b511e,PH52-073,SHORT_IRON_CONDOR,development,804301753400916af24f,2023-12-28,12,EXCLUDED_OHLC_RANGE_PROXY,True,ELIGIBLE_FOR_OHLC_PRICE_REFERENCE_SIMULATION,11.49425287356322,4,4
2f542b011d83f30b511e,PH52-073,SHORT_IRON_CONDOR,validation,c1472f0b801661762bc6,2024-01-04,12,EXCLUDED_OHLC_RANGE_PROXY,False,OHLC_RANGE_PROXY_EXCEEDS_THRESHOLD,15.384615384615381,4,4
2f542b011d83f30b511e,PH52-073,SHORT_IRON_CONDOR,validation,1d33307443bd39106f13,2024-05-30,12,EXCLUDED_OHLC_RANGE_PROXY,False,OHLC_RANGE_PROXY_EXCEEDS_THRESHOLD,12.22222222222222,4,4
2f542b011d83f30b511e,PH52-073,SHORT_IRON_CONDOR,validation,50696f11ab0417607875,2024-10-17,12,EXCLUDED_OHLC_RANGE_PROXY,False,OHLC_RANGE_PROXY_EXCEEDS_THRESHOLD,14.285714285714299,4,4
2f542b011d83f30b511e,PH52-073,SHORT_IRON_CONDOR,validation,58a4c4843286bd3943a2,2025-03-13,12,BLOCKED_LEG_ELIGIBILITY,False,REQUIRED_LEG_PRIOR_OI_BELOW_100,8.510638297872347,4,4
2f542b011d83f30b511e,PH52-073,SHORT_IRON_CONDOR,validation,e5919e2053dc59805884,2025-07-31,12,BLOCKED_LEG_ELIGIBILITY,False,REQUIRED_LEG_PRIOR_OI_BELOW_100,34.78260869565216,4,4
2f542b011d83f30b511e,PH52-073,SHORT_IRON_CONDOR,validation,2744fff722d389044d25,2025-12-30,12,EXCLUDED_OHLC_RANGE_PROXY,False,OHLC_RANGE_PROXY_EXCEEDS_THRESHOLD,12.50000000000001,4,4
8ac7e282e4555d32f4b1,PH52-073,SHORT_IRON_CONDOR,development,ce8e12389ff297becff9,2021-05-27,12,EXCLUDED_OHLC_RANGE_PROXY,False,OHLC_RANGE_PROXY_EXCEEDS_THRESHOLD,14.285714285714299,4,4
8ac7e282e4555d32f4b1,PH52-073,SHORT_IRON_CONDOR,development,061c004245393c77b5c7,2021-12-09,12,EXCLUDED_OHLC_RANGE_PROXY,True,ELIGIBLE_FOR_OHLC_PRICE_REFERENCE_SIMULATION,10.000000000000009,4,4
8ac7e282e4555d32f4b1,PH52-073,SHORT_IRON_CONDOR,development,b58d771555d73891d2fd,2022-06-16,12,EXCLUDED_OHLC_RANGE_PROXY,False,OHLC_RANGE_PROXY_EXCEEDS_THRESHOLD,32.28346456692912,4,4
8ac7e282e4555d32f4b1,PH52-073,SHORT_IRON_CONDOR,development,8c9b97c314b368f7a743,2022-12-15,12,EXCLUDED_OHLC_RANGE_PROXY,False,OHLC_RANGE_PROXY_EXCEEDS_THRESHOLD,22.22222222222223,4,4
8ac7e282e4555d32f4b1,PH52-073,SHORT_IRON_CONDOR,development,b2b9482e70f4a2ace098,2023-06-22,12,EXCLUDED_OHLC_RANGE_PROXY,False,OHLC_RANGE_PROXY_EXCEEDS_THRESHOLD,12.499999999999996,4,4
8ac7e282e4555d32f4b1,PH52-073,SHORT_IRON_CONDOR,development,804301753400916af24f,2023-12-28,12,EXCLUDED_OHLC_RANGE_PROXY,True,ELIGIBLE_FOR_OHLC_PRICE_REFERENCE_SIMULATION,11.49425287356322,4,4
8ac7e282e4555d32f4b1,PH52-073,SHORT_IRON_CONDOR,validation,c1472f0b801661762bc6,2024-01-04,12,EXCLUDED_OHLC_RANGE_PROXY,False,OHLC_RANGE_PROXY_EXCEEDS_THRESHOLD,19.999999999999996,4,4
8ac7e282e4555d32f4b1,PH52-073,SHORT_IRON_CONDOR,validation,1d33307443bd39106f13,2024-05-30,12,EXCLUDED_OHLC_RANGE_PROXY,False,OHLC_RANGE_PROXY_EXCEEDS_THRESHOLD,12.056737588652478,4,4
8ac7e282e4555d32f4b1,PH52-073,SHORT_IRON_CONDOR,validation,50696f11ab0417607875,2024-10-17,12,EXCLUDED_OHLC_RANGE_PROXY,False,OHLC_RANGE_PROXY_EXCEEDS_THRESHOLD,14.285714285714288,4,4
8ac7e282e4555d32f4b1,PH52-073,SHORT_IRON_CONDOR,validation,58a4c4843286bd3943a2,2025-03-13,12,BLOCKED_LEG_ELIGIBILITY,False,REQUIRED_LEG_PRIOR_OI_BELOW_100,10.000000000000009,4,4
8ac7e282e4555d32f4b1,PH52-073,SHORT_IRON_CONDOR,validation,e5919e2053dc59805884,2025-07-31,12,BLOCKED_LEG_ELIGIBILITY,False,REQUIRED_LEG_PRIOR_OI_BELOW_100,34.78260869565216,4,4
8ac7e282e4555d32f4b1,PH52-073,SHORT_IRON_CONDOR,validation,2744fff722d389044d25,2025-12-30,12,EXCLUDED_OHLC_RANGE_PROXY,True,ELIGIBLE_FOR_OHLC_PRICE_REFERENCE_SIMULATION,10.526315789473683,4,4
fe6add04f5cb79f886ae,PH52-043,BEAR_CALL_SPREAD,development,01f752daf3bb0e90d7b1,2021-05-27,15,EXCLUDED_OHLC_RANGE_PROXY,True,ELIGIBLE_FOR_OHLC_PRICE_REFERENCE_SIMULATION,5.384615384615379,2,2
fe6add04f5cb79f886ae,PH52-043,BEAR_CALL_SPREAD,development,0ddaab2f8946678d3082,2021-12-09,15,EXCLUDED_OHLC_RANGE_PROXY,True,ELIGIBLE_FOR_OHLC_PRICE_REFERENCE_SIMULATION,13.180515759312314,2,2
fe6add04f5cb79f886ae,PH52-043,BEAR_CALL_SPREAD,development,044eef05c3277601504c,2022-06-16,15,EXCLUDED_OHLC_RANGE_PROXY,True,ELIGIBLE_FOR_OHLC_PRICE_REFERENCE_SIMULATION,10.924369747899156,2,2
fe6add04f5cb79f886ae,PH52-043,BEAR_CALL_SPREAD,development,307dafef42b72c870148,2022-12-15,15,EXCLUDED_OHLC_RANGE_PROXY,True,ELIGIBLE_FOR_OHLC_PRICE_REFERENCE_SIMULATION,5.957446808510648,2,2
fe6add04f5cb79f886ae,PH52-043,BEAR_CALL_SPREAD,development,c8a686f986a21faa7ed5,2023-06-22,15,EXCLUDED_OHLC_RANGE_PROXY,True,ELIGIBLE_FOR_OHLC_PRICE_REFERENCE_SIMULATION,12.765957446808503,2,2
fe6add04f5cb79f886ae,PH52-043,BEAR_CALL_SPREAD,development,84c7352397ed038c3ea2,2023-12-28,15,EXCLUDED_OHLC_RANGE_PROXY,True,ELIGIBLE_FOR_OHLC_PRICE_REFERENCE_SIMULATION,4.511278195488715,2,2
fe6add04f5cb79f886ae,PH52-043,BEAR_CALL_SPREAD,validation,f104c6f1662847c5bbcc,2024-01-04,15,EXCLUDED_OHLC_RANGE_PROXY,True,ELIGIBLE_FOR_OHLC_PRICE_REFERENCE_SIMULATION,8.63309352517985,2,2
fe6add04f5cb79f886ae,PH52-043,BEAR_CALL_SPREAD,validation,0cd34c6b63a9f995c503,2024-05-30,15,EXCLUDED_OHLC_RANGE_PROXY,True,ELIGIBLE_FOR_OHLC_PRICE_REFERENCE_SIMULATION,8.391608391608392,2,2
fe6add04f5cb79f886ae,PH52-043,BEAR_CALL_SPREAD,validation,75007ced19cb5e12e01f,2024-10-17,15,EXCLUDED_OHLC_RANGE_PROXY,False,OHLC_RANGE_PROXY_EXCEEDS_THRESHOLD,17.452830188679247,2,2
fe6add04f5cb79f886ae,PH52-043,BEAR_CALL_SPREAD,validation,8eb8f1add17ecb221cbd,2025-03-13,15,BLOCKED_LEG_ELIGIBILITY,False,REQUIRED_LEG_PRIOR_OI_BELOW_100,14.285714285714286,2,2
fe6add04f5cb79f886ae,PH52-043,BEAR_CALL_SPREAD,validation,14d9997729e438213524,2025-07-31,15,BLOCKED_LEG_ELIGIBILITY,False,REQUIRED_LEG_PRIOR_OI_BELOW_100,14.367816091954024,2,2
fe6add04f5cb79f886ae,PH52-043,BEAR_CALL_SPREAD,validation,4a919e0bde313b9b9ee1,2025-12-30,15,BLOCKED_LEG_ELIGIBILITY,False,REQUIRED_LEG_PRIOR_OI_BELOW_100,17.257683215130037,2,2
7fbbaa60e31b671300e2,PH52-043,BEAR_CALL_SPREAD,development,01f752daf3bb0e90d7b1,2021-05-27,15,EXCLUDED_OHLC_RANGE_PROXY,True,ELIGIBLE_FOR_OHLC_PRICE_REFERENCE_SIMULATION,5.246913580246912,2,2
7fbbaa60e31b671300e2,PH52-043,BEAR_CALL_SPREAD,development,0ddaab2f8946678d3082,2021-12-09,15,EXCLUDED_OHLC_RANGE_PROXY,True,ELIGIBLE_FOR_OHLC_PRICE_REFERENCE_SIMULATION,11.158798283261808,2,2
7fbbaa60e31b671300e2,PH52-043,BEAR_CALL_SPREAD,development,044eef05c3277601504c,2022-06-16,15,EXCLUDED_OHLC_RANGE_PROXY,True,ELIGIBLE_FOR_OHLC_PRICE_REFERENCE_SIMULATION,10.736196319018415,2,2
7fbbaa60e31b671300e2,PH52-043,BEAR_CALL_SPREAD,development,307dafef42b72c870148,2022-12-15,15,EXCLUDED_OHLC_RANGE_PROXY,True,ELIGIBLE_FOR_OHLC_PRICE_REFERENCE_SIMULATION,5.957446808510648,2,2
7fbbaa60e31b671300e2,PH52-043,BEAR_CALL_SPREAD,development,c8a686f986a21faa7ed5,2023-06-22,15,EXCLUDED_OHLC_RANGE_PROXY,True,ELIGIBLE_FOR_OHLC_PRICE_REFERENCE_SIMULATION,11.021505376344088,2,2
7fbbaa60e31b671300e2,PH52-043,BEAR_CALL_SPREAD,development,84c7352397ed038c3ea2,2023-12-28,15,EXCLUDED_OHLC_RANGE_PROXY,True,ELIGIBLE_FOR_OHLC_PRICE_REFERENCE_SIMULATION,4.341736694677863,2,2
7fbbaa60e31b671300e2,PH52-043,BEAR_CALL_SPREAD,validation,f104c6f1662847c5bbcc,2024-01-04,15,EXCLUDED_OHLC_RANGE_PROXY,True,ELIGIBLE_FOR_OHLC_PRICE_REFERENCE_SIMULATION,6.666666666666658,2,2
7fbbaa60e31b671300e2,PH52-043,BEAR_CALL_SPREAD,validation,0cd34c6b63a9f995c503,2024-05-30,15,EXCLUDED_OHLC_RANGE_PROXY,True,ELIGIBLE_FOR_OHLC_PRICE_REFERENCE_SIMULATION,8.620689655172415,2,2
7fbbaa60e31b671300e2,PH52-043,BEAR_CALL_SPREAD,validation,75007ced19cb5e12e01f,2024-10-17,15,EXCLUDED_OHLC_RANGE_PROXY,False,OHLC_RANGE_PROXY_EXCEEDS_THRESHOLD,17.452830188679247,2,2
7fbbaa60e31b671300e2,PH52-043,BEAR_CALL_SPREAD,validation,8eb8f1add17ecb221cbd,2025-03-13,15,BLOCKED_LEG_ELIGIBILITY,False,REQUIRED_LEG_PRIOR_OI_BELOW_100,14.285714285714286,2,2
7fbbaa60e31b671300e2,PH52-043,BEAR_CALL_SPREAD,validation,14d9997729e438213524,2025-07-31,15,BLOCKED_LEG_ELIGIBILITY,False,REQUIRED_LEG_PRIOR_OI_BELOW_100,12.925170068027214,2,2
7fbbaa60e31b671300e2,PH52-043,BEAR_CALL_SPREAD,validation,4a919e0bde313b9b9ee1,2025-12-30,15,BLOCKED_LEG_ELIGIBILITY,False,REQUIRED_LEG_PRIOR_OI_BELOW_100,17.257683215130037,2,2
16d864e72053099b92bd,PH52-043,BEAR_CALL_SPREAD,development,01f752daf3bb0e90d7b1,2021-05-27,15,EXCLUDED_OHLC_RANGE_PROXY,True,ELIGIBLE_FOR_OHLC_PRICE_REFERENCE_SIMULATION,5.9999999999999964,2,2
16d864e72053099b92bd,PH52-043,BEAR_CALL_SPREAD,development,0ddaab2f8946678d3082,2021-12-09,15,EXCLUDED_OHLC_RANGE_PROXY,True,ELIGIBLE_FOR_OHLC_PRICE_REFERENCE_SIMULATION,10.596026490066224,2,2
16d864e72053099b92bd,PH52-043,BEAR_CALL_SPREAD,development,044eef05c3277601504c,2022-06-16,15,EXCLUDED_OHLC_RANGE_PROXY,True,ELIGIBLE_FOR_OHLC_PRICE_REFERENCE_SIMULATION,9.78260869565216,2,2
16d864e72053099b92bd,PH52-043,BEAR_CALL_SPREAD,development,307dafef42b72c870148,2022-12-15,15,EXCLUDED_OHLC_RANGE_PROXY,True,ELIGIBLE_FOR_OHLC_PRICE_REFERENCE_SIMULATION,3.63636363636364,2,2
16d864e72053099b92bd,PH52-043,BEAR_CALL_SPREAD,development,c8a686f986a21faa7ed5,2023-06-22,15,EXCLUDED_OHLC_RANGE_PROXY,True,ELIGIBLE_FOR_OHLC_PRICE_REFERENCE_SIMULATION,7.547169811320744,2,2
16d864e72053099b92bd,PH52-043,BEAR_CALL_SPREAD,development,84c7352397ed038c3ea2,2023-12-28,15,EXCLUDED_OHLC_RANGE_PROXY,True,ELIGIBLE_FOR_OHLC_PRICE_REFERENCE_SIMULATION,4.784688995215311,2,2
16d864e72053099b92bd,PH52-043,BEAR_CALL_SPREAD,validation,f104c6f1662847c5bbcc,2024-01-04,15,EXCLUDED_OHLC_RANGE_PROXY,True,ELIGIBLE_FOR_OHLC_PRICE_REFERENCE_SIMULATION,5.882352941176485,2,2
16d864e72053099b92bd,PH52-043,BEAR_CALL_SPREAD,validation,0cd34c6b63a9f995c503,2024-05-30,15,EXCLUDED_OHLC_RANGE_PROXY,True,ELIGIBLE_FOR_OHLC_PRICE_REFERENCE_SIMULATION,8.739837398373977,2,2
16d864e72053099b92bd,PH52-043,BEAR_CALL_SPREAD,validation,75007ced19cb5e12e01f,2024-10-17,15,EXCLUDED_OHLC_RANGE_PROXY,False,OHLC_RANGE_PROXY_EXCEEDS_THRESHOLD,15.302491103202849,2,2
16d864e72053099b92bd,PH52-043,BEAR_CALL_SPREAD,validation,8eb8f1add17ecb221cbd,2025-03-13,15,BLOCKED_LEG_ELIGIBILITY,False,REQUIRED_LEG_PRIOR_OI_BELOW_100,12.37113402061857,2,2
16d864e72053099b92bd,PH52-043,BEAR_CALL_SPREAD,validation,14d9997729e438213524,2025-07-31,15,BLOCKED_LEG_ELIGIBILITY,False,REQUIRED_LEG_PRIOR_OI_BELOW_100,12.925170068027214,2,2
16d864e72053099b92bd,PH52-043,BEAR_CALL_SPREAD,validation,4a919e0bde313b9b9ee1,2025-12-30,15,BLOCKED_LEG_ELIGIBILITY,False,REQUIRED_LEG_PRIOR_OI_BELOW_100,17.187500000000007,2,2
996fe2c49ae57ab7d9a0,PH52-043,BEAR_CALL_SPREAD,development,01f752daf3bb0e90d7b1,2021-05-27,15,EXCLUDED_OHLC_RANGE_PROXY,True,ELIGIBLE_FOR_OHLC_PRICE_REFERENCE_SIMULATION,5.9999999999999964,2,2
996fe2c49ae57ab7d9a0,PH52-043,BEAR_CALL_SPREAD,development,0ddaab2f8946678d3082,2021-12-09,15,EXCLUDED_OHLC_RANGE_PROXY,True,ELIGIBLE_FOR_OHLC_PRICE_REFERENCE_SIMULATION,10.596026490066224,2,2
996fe2c49ae57ab7d9a0,PH52-043,BEAR_CALL_SPREAD,development,044eef05c3277601504c,2022-06-16,15,EXCLUDED_OHLC_RANGE_PROXY,True,ELIGIBLE_FOR_OHLC_PRICE_REFERENCE_SIMULATION,9.78260869565216,2,2
996fe2c49ae57ab7d9a0,PH52-043,BEAR_CALL_SPREAD,development,307dafef42b72c870148,2022-12-15,15,EXCLUDED_OHLC_RANGE_PROXY,True,ELIGIBLE_FOR_OHLC_PRICE_REFERENCE_SIMULATION,3.8461538461538494,2,2
996fe2c49ae57ab7d9a0,PH52-043,BEAR_CALL_SPREAD,development,c8a686f986a21faa7ed5,2023-06-22,15,EXCLUDED_OHLC_RANGE_PROXY,True,ELIGIBLE_FOR_OHLC_PRICE_REFERENCE_SIMULATION,7.547169811320744,2,2
996fe2c49ae57ab7d9a0,PH52-043,BEAR_CALL_SPREAD,development,84c7352397ed038c3ea2,2023-12-28,15,EXCLUDED_OHLC_RANGE_PROXY,True,ELIGIBLE_FOR_OHLC_PRICE_REFERENCE_SIMULATION,4.784688995215311,2,2
996fe2c49ae57ab7d9a0,PH52-043,BEAR_CALL_SPREAD,validation,f104c6f1662847c5bbcc,2024-01-04,15,EXCLUDED_OHLC_RANGE_PROXY,True,ELIGIBLE_FOR_OHLC_PRICE_REFERENCE_SIMULATION,7.1428571428571335,2,2
996fe2c49ae57ab7d9a0,PH52-043,BEAR_CALL_SPREAD,validation,0cd34c6b63a9f995c503,2024-05-30,15,EXCLUDED_OHLC_RANGE_PROXY,True,ELIGIBLE_FOR_OHLC_PRICE_REFERENCE_SIMULATION,8.739837398373977,2,2
996fe2c49ae57ab7d9a0,PH52-043,BEAR_CALL_SPREAD,validation,75007ced19cb5e12e01f,2024-10-17,15,EXCLUDED_OHLC_RANGE_PROXY,False,OHLC_RANGE_PROXY_EXCEEDS_THRESHOLD,15.302491103202849,2,2
996fe2c49ae57ab7d9a0,PH52-043,BEAR_CALL_SPREAD,validation,8eb8f1add17ecb221cbd,2025-03-13,15,BLOCKED_LEG_ELIGIBILITY,False,REQUIRED_LEG_PRIOR_OI_BELOW_100,12.37113402061857,2,2
996fe2c49ae57ab7d9a0,PH52-043,BEAR_CALL_SPREAD,validation,14d9997729e438213524,2025-07-31,15,BLOCKED_LEG_ELIGIBILITY,False,REQUIRED_LEG_PRIOR_OI_BELOW_100,12.385321100917428,2,2
996fe2c49ae57ab7d9a0,PH52-043,BEAR_CALL_SPREAD,validation,4a919e0bde313b9b9ee1,2025-12-30,15,BLOCKED_LEG_ELIGIBILITY,False,REQUIRED_LEG_PRIOR_OI_BELOW_100,15.51724137931035,2,2
60c2d16b969965ff2b15,PH52-043,BEAR_CALL_SPREAD,development,ce8e12389ff297becff9,2021-05-27,15,EXCLUDED_OHLC_RANGE_PROXY,True,ELIGIBLE_FOR_OHLC_PRICE_REFERENCE_SIMULATION,10.322580645161288,2,2
60c2d16b969965ff2b15,PH52-043,BEAR_CALL_SPREAD,development,061c004245393c77b5c7,2021-12-09,15,EXCLUDED_OHLC_RANGE_PROXY,True,ELIGIBLE_FOR_OHLC_PRICE_REFERENCE_SIMULATION,9.48509485094851,2,2
60c2d16b969965ff2b15,PH52-043,BEAR_CALL_SPREAD,development,b58d771555d73891d2fd,2022-06-16,15,EXCLUDED_OHLC_RANGE_PROXY,False,OHLC_RANGE_PROXY_EXCEEDS_THRESHOLD,22.22222222222222,2,2
60c2d16b969965ff2b15,PH52-043,BEAR_CALL_SPREAD,development,8c9b97c314b368f7a743,2022-12-15,15,EXCLUDED_OHLC_RANGE_PROXY,True,ELIGIBLE_FOR_OHLC_PRICE_REFERENCE_SIMULATION,8.231707317073157,2,2
60c2d16b969965ff2b15,PH52-043,BEAR_CALL_SPREAD,development,b2b9482e70f4a2ace098,2023-06-22,15,EXCLUDED_OHLC_RANGE_PROXY,True,ELIGIBLE_FOR_OHLC_PRICE_REFERENCE_SIMULATION,11.874999999999991,2,2
60c2d16b969965ff2b15,PH52-043,BEAR_CALL_SPREAD,development,804301753400916af24f,2023-12-28,15,EXCLUDED_OHLC_RANGE_PROXY,True,ELIGIBLE_FOR_OHLC_PRICE_REFERENCE_SIMULATION,12.962962962962964,2,2
60c2d16b969965ff2b15,PH52-043,BEAR_CALL_SPREAD,validation,c1472f0b801661762bc6,2024-01-04,15,EXCLUDED_OHLC_RANGE_PROXY,False,OHLC_RANGE_PROXY_EXCEEDS_THRESHOLD,17.58241758241759,2,2
60c2d16b969965ff2b15,PH52-043,BEAR_CALL_SPREAD,validation,1d33307443bd39106f13,2024-05-30,15,EXCLUDED_OHLC_RANGE_PROXY,True,ELIGIBLE_FOR_OHLC_PRICE_REFERENCE_SIMULATION,12.436548223350252,2,2
60c2d16b969965ff2b15,PH52-043,BEAR_CALL_SPREAD,validation,50696f11ab0417607875,2024-10-17,15,EXCLUDED_OHLC_RANGE_PROXY,False,OHLC_RANGE_PROXY_EXCEEDS_THRESHOLD,17.857142857142858,2,2
60c2d16b969965ff2b15,PH52-043,BEAR_CALL_SPREAD,validation,58a4c4843286bd3943a2,2025-03-13,15,BLOCKED_LEG_ELIGIBILITY,False,REQUIRED_LEG_PRIOR_OI_BELOW_100,10.0,2,2
60c2d16b969965ff2b15,PH52-043,BEAR_CALL_SPREAD,validation,e5919e2053dc59805884,2025-07-31,15,BLOCKED_LEG_ELIGIBILITY,False,REQUIRED_LEG_PRIOR_OI_BELOW_100,31.39158576051781,2,2
60c2d16b969965ff2b15,PH52-043,BEAR_CALL_SPREAD,validation,2744fff722d389044d25,2025-12-30,15,EXCLUDED_OHLC_RANGE_PROXY,True,ELIGIBLE_FOR_OHLC_PRICE_REFERENCE_SIMULATION,11.363636363636365,2,2
f96abfc5c945c889729f,PH52-043,BEAR_CALL_SPREAD,development,ce8e12389ff297becff9,2021-05-27,15,EXCLUDED_OHLC_RANGE_PROXY,True,ELIGIBLE_FOR_OHLC_PRICE_REFERENCE_SIMULATION,10.322580645161288,2,2
f96abfc5c945c889729f,PH52-043,BEAR_CALL_SPREAD,development,061c004245393c77b5c7,2021-12-09,15,EXCLUDED_OHLC_RANGE_PROXY,True,ELIGIBLE_FOR_OHLC_PRICE_REFERENCE_SIMULATION,9.48509485094851,2,2
f96abfc5c945c889729f,PH52-043,BEAR_CALL_SPREAD,development,b58d771555d73891d2fd,2022-06-16,15,EXCLUDED_OHLC_RANGE_PROXY,False,OHLC_RANGE_PROXY_EXCEEDS_THRESHOLD,21.229050279329606,2,2
f96abfc5c945c889729f,PH52-043,BEAR_CALL_SPREAD,development,8c9b97c314b368f7a743,2022-12-15,15,EXCLUDED_OHLC_RANGE_PROXY,True,ELIGIBLE_FOR_OHLC_PRICE_REFERENCE_SIMULATION,8.231707317073157,2,2
f96abfc5c945c889729f,PH52-043,BEAR_CALL_SPREAD,development,b2b9482e70f4a2ace098,2023-06-22,15,EXCLUDED_OHLC_RANGE_PROXY,True,ELIGIBLE_FOR_OHLC_PRICE_REFERENCE_SIMULATION,11.874999999999991,2,2
f96abfc5c945c889729f,PH52-043,BEAR_CALL_SPREAD,development,804301753400916af24f,2023-12-28,15,EXCLUDED_OHLC_RANGE_PROXY,True,ELIGIBLE_FOR_OHLC_PRICE_REFERENCE_SIMULATION,12.962962962962964,2,2
f96abfc5c945c889729f,PH52-043,BEAR_CALL_SPREAD,validation,c1472f0b801661762bc6,2024-01-04,15,EXCLUDED_OHLC_RANGE_PROXY,False,OHLC_RANGE_PROXY_EXCEEDS_THRESHOLD,17.58241758241759,2,2
f96abfc5c945c889729f,PH52-043,BEAR_CALL_SPREAD,validation,1d33307443bd39106f13,2024-05-30,15,EXCLUDED_OHLC_RANGE_PROXY,True,ELIGIBLE_FOR_OHLC_PRICE_REFERENCE_SIMULATION,12.436548223350252,2,2
f96abfc5c945c889729f,PH52-043,BEAR_CALL_SPREAD,validation,50696f11ab0417607875,2024-10-17,15,EXCLUDED_OHLC_RANGE_PROXY,False,OHLC_RANGE_PROXY_EXCEEDS_THRESHOLD,17.857142857142858,2,2
f96abfc5c945c889729f,PH52-043,BEAR_CALL_SPREAD,validation,58a4c4843286bd3943a2,2025-03-13,15,BLOCKED_LEG_ELIGIBILITY,False,REQUIRED_LEG_PRIOR_OI_BELOW_100,10.0,2,2
f96abfc5c945c889729f,PH52-043,BEAR_CALL_SPREAD,validation,e5919e2053dc59805884,2025-07-31,15,BLOCKED_LEG_ELIGIBILITY,False,REQUIRED_LEG_PRIOR_OI_BELOW_100,31.521739130434792,2,2
f96abfc5c945c889729f,PH52-043,BEAR_CALL_SPREAD,validation,2744fff722d389044d25,2025-12-30,15,EXCLUDED_OHLC_RANGE_PROXY,True,ELIGIBLE_FOR_OHLC_PRICE_REFERENCE_SIMULATION,11.363636363636365,2,2
31945d66866929a2f44e,PH52-043,BEAR_CALL_SPREAD,development,ce8e12389ff297becff9,2021-05-27,15,EXCLUDED_OHLC_RANGE_PROXY,True,ELIGIBLE_FOR_OHLC_PRICE_REFERENCE_SIMULATION,10.000000000000009,2,2
31945d66866929a2f44e,PH52-043,BEAR_CALL_SPREAD,development,061c004245393c77b5c7,2021-12-09,15,EXCLUDED_OHLC_RANGE_PROXY,True,ELIGIBLE_FOR_OHLC_PRICE_REFERENCE_SIMULATION,7.499999999999996,2,2
31945d66866929a2f44e,PH52-043,BEAR_CALL_SPREAD,development,b58d771555d73891d2fd,2022-06-16,15,EXCLUDED_OHLC_RANGE_PROXY,False,OHLC_RANGE_PROXY_EXCEEDS_THRESHOLD,21.73913043478261,2,2
31945d66866929a2f44e,PH52-043,BEAR_CALL_SPREAD,development,8c9b97c314b368f7a743,2022-12-15,15,EXCLUDED_OHLC_RANGE_PROXY,True,ELIGIBLE_FOR_OHLC_PRICE_REFERENCE_SIMULATION,7.142857142857159,2,2
31945d66866929a2f44e,PH52-043,BEAR_CALL_SPREAD,development,b2b9482e70f4a2ace098,2023-06-22,15,EXCLUDED_OHLC_RANGE_PROXY,True,ELIGIBLE_FOR_OHLC_PRICE_REFERENCE_SIMULATION,8.695652173913052,2,2
31945d66866929a2f44e,PH52-043,BEAR_CALL_SPREAD,development,804301753400916af24f,2023-12-28,15,EXCLUDED_OHLC_RANGE_PROXY,True,ELIGIBLE_FOR_OHLC_PRICE_REFERENCE_SIMULATION,9.803921568627452,2,2
31945d66866929a2f44e,PH52-043,BEAR_CALL_SPREAD,validation,c1472f0b801661762bc6,2024-01-04,15,EXCLUDED_OHLC_RANGE_PROXY,False,OHLC_RANGE_PROXY_EXCEEDS_THRESHOLD,15.384615384615381,2,2
31945d66866929a2f44e,PH52-043,BEAR_CALL_SPREAD,validation,1d33307443bd39106f13,2024-05-30,15,EXCLUDED_OHLC_RANGE_PROXY,True,ELIGIBLE_FOR_OHLC_PRICE_REFERENCE_SIMULATION,12.22222222222222,2,2
31945d66866929a2f44e,PH52-043,BEAR_CALL_SPREAD,validation,50696f11ab0417607875,2024-10-17,15,EXCLUDED_OHLC_RANGE_PROXY,True,ELIGIBLE_FOR_OHLC_PRICE_REFERENCE_SIMULATION,14.285714285714299,2,2
31945d66866929a2f44e,PH52-043,BEAR_CALL_SPREAD,validation,58a4c4843286bd3943a2,2025-03-13,15,BLOCKED_LEG_ELIGIBILITY,False,REQUIRED_LEG_PRIOR_OI_BELOW_100,8.510638297872347,2,2
31945d66866929a2f44e,PH52-043,BEAR_CALL_SPREAD,validation,e5919e2053dc59805884,2025-07-31,15,BLOCKED_LEG_ELIGIBILITY,False,REQUIRED_LEG_PRIOR_OI_BELOW_100,34.78260869565216,2,2
31945d66866929a2f44e,PH52-043,BEAR_CALL_SPREAD,validation,2744fff722d389044d25,2025-12-30,15,EXCLUDED_OHLC_RANGE_PROXY,True,ELIGIBLE_FOR_OHLC_PRICE_REFERENCE_SIMULATION,8.333333333333341,2,2
1a0635bb11fffe02e510,PH52-043,BEAR_CALL_SPREAD,development,ce8e12389ff297becff9,2021-05-27,15,EXCLUDED_OHLC_RANGE_PROXY,True,ELIGIBLE_FOR_OHLC_PRICE_REFERENCE_SIMULATION,14.285714285714299,2,2
1a0635bb11fffe02e510,PH52-043,BEAR_CALL_SPREAD,development,061c004245393c77b5c7,2021-12-09,15,EXCLUDED_OHLC_RANGE_PROXY,True,ELIGIBLE_FOR_OHLC_PRICE_REFERENCE_SIMULATION,9.090909090909099,2,2
1a0635bb11fffe02e510,PH52-043,BEAR_CALL_SPREAD,development,b58d771555d73891d2fd,2022-06-16,15,EXCLUDED_OHLC_RANGE_PROXY,False,OHLC_RANGE_PROXY_EXCEEDS_THRESHOLD,21.73913043478261,2,2
1a0635bb11fffe02e510,PH52-043,BEAR_CALL_SPREAD,development,8c9b97c314b368f7a743,2022-12-15,15,EXCLUDED_OHLC_RANGE_PROXY,True,ELIGIBLE_FOR_OHLC_PRICE_REFERENCE_SIMULATION,8.571428571428566,2,2
1a0635bb11fffe02e510,PH52-043,BEAR_CALL_SPREAD,development,b2b9482e70f4a2ace098,2023-06-22,15,EXCLUDED_OHLC_RANGE_PROXY,True,ELIGIBLE_FOR_OHLC_PRICE_REFERENCE_SIMULATION,6.250000000000005,2,2
1a0635bb11fffe02e510,PH52-043,BEAR_CALL_SPREAD,development,804301753400916af24f,2023-12-28,15,EXCLUDED_OHLC_RANGE_PROXY,True,ELIGIBLE_FOR_OHLC_PRICE_REFERENCE_SIMULATION,9.803921568627452,2,2
1a0635bb11fffe02e510,PH52-043,BEAR_CALL_SPREAD,validation,c1472f0b801661762bc6,2024-01-04,15,EXCLUDED_OHLC_RANGE_PROXY,False,OHLC_RANGE_PROXY_EXCEEDS_THRESHOLD,19.999999999999996,2,2
1a0635bb11fffe02e510,PH52-043,BEAR_CALL_SPREAD,validation,1d33307443bd39106f13,2024-05-30,15,EXCLUDED_OHLC_RANGE_PROXY,True,ELIGIBLE_FOR_OHLC_PRICE_REFERENCE_SIMULATION,12.056737588652478,2,2
1a0635bb11fffe02e510,PH52-043,BEAR_CALL_SPREAD,validation,50696f11ab0417607875,2024-10-17,15,EXCLUDED_OHLC_RANGE_PROXY,True,ELIGIBLE_FOR_OHLC_PRICE_REFERENCE_SIMULATION,14.285714285714288,2,2
1a0635bb11fffe02e510,PH52-043,BEAR_CALL_SPREAD,validation,58a4c4843286bd3943a2,2025-03-13,15,BLOCKED_LEG_ELIGIBILITY,False,REQUIRED_LEG_PRIOR_OI_BELOW_100,8.510638297872347,2,2
1a0635bb11fffe02e510,PH52-043,BEAR_CALL_SPREAD,validation,e5919e2053dc59805884,2025-07-31,15,BLOCKED_LEG_ELIGIBILITY,False,REQUIRED_LEG_PRIOR_OI_BELOW_100,34.78260869565216,2,2
1a0635bb11fffe02e510,PH52-043,BEAR_CALL_SPREAD,validation,2744fff722d389044d25,2025-12-30,15,EXCLUDED_OHLC_RANGE_PROXY,True,ELIGIBLE_FOR_OHLC_PRICE_REFERENCE_SIMULATION,7.1428571428571495,2,2
060d90e4f65e45f6cff8,PH52-025,BULL_CALL_SPREAD,development,01f752daf3bb0e90d7b1,2021-05-27,15,EXCLUDED_OHLC_RANGE_PROXY,True,ELIGIBLE_FOR_OHLC_PRICE_REFERENCE_SIMULATION,5.384615384615379,2,2
060d90e4f65e45f6cff8,PH52-025,BULL_CALL_SPREAD,development,0ddaab2f8946678d3082,2021-12-09,15,EXCLUDED_OHLC_RANGE_PROXY,True,ELIGIBLE_FOR_OHLC_PRICE_REFERENCE_SIMULATION,13.180515759312314,2,2
060d90e4f65e45f6cff8,PH52-025,BULL_CALL_SPREAD,development,044eef05c3277601504c,2022-06-16,15,EXCLUDED_OHLC_RANGE_PROXY,True,ELIGIBLE_FOR_OHLC_PRICE_REFERENCE_SIMULATION,10.924369747899156,2,2
060d90e4f65e45f6cff8,PH52-025,BULL_CALL_SPREAD,development,307dafef42b72c870148,2022-12-15,15,EXCLUDED_OHLC_RANGE_PROXY,True,ELIGIBLE_FOR_OHLC_PRICE_REFERENCE_SIMULATION,5.957446808510648,2,2
060d90e4f65e45f6cff8,PH52-025,BULL_CALL_SPREAD,development,c8a686f986a21faa7ed5,2023-06-22,15,EXCLUDED_OHLC_RANGE_PROXY,True,ELIGIBLE_FOR_OHLC_PRICE_REFERENCE_SIMULATION,12.765957446808503,2,2
060d90e4f65e45f6cff8,PH52-025,BULL_CALL_SPREAD,development,84c7352397ed038c3ea2,2023-12-28,15,EXCLUDED_OHLC_RANGE_PROXY,True,ELIGIBLE_FOR_OHLC_PRICE_REFERENCE_SIMULATION,4.511278195488715,2,2
060d90e4f65e45f6cff8,PH52-025,BULL_CALL_SPREAD,validation,f104c6f1662847c5bbcc,2024-01-04,15,EXCLUDED_OHLC_RANGE_PROXY,True,ELIGIBLE_FOR_OHLC_PRICE_REFERENCE_SIMULATION,8.63309352517985,2,2
060d90e4f65e45f6cff8,PH52-025,BULL_CALL_SPREAD,validation,0cd34c6b63a9f995c503,2024-05-30,15,EXCLUDED_OHLC_RANGE_PROXY,True,ELIGIBLE_FOR_OHLC_PRICE_REFERENCE_SIMULATION,8.391608391608392,2,2
060d90e4f65e45f6cff8,PH52-025,BULL_CALL_SPREAD,validation,75007ced19cb5e12e01f,2024-10-17,15,EXCLUDED_OHLC_RANGE_PROXY,False,OHLC_RANGE_PROXY_EXCEEDS_THRESHOLD,17.452830188679247,2,2
060d90e4f65e45f6cff8,PH52-025,BULL_CALL_SPREAD,validation,8eb8f1add17ecb221cbd,2025-03-13,15,BLOCKED_LEG_ELIGIBILITY,False,REQUIRED_LEG_PRIOR_OI_BELOW_100,14.285714285714286,2,2
060d90e4f65e45f6cff8,PH52-025,BULL_CALL_SPREAD,validation,14d9997729e438213524,2025-07-31,15,BLOCKED_LEG_ELIGIBILITY,False,REQUIRED_LEG_PRIOR_OI_BELOW_100,14.367816091954024,2,2
060d90e4f65e45f6cff8,PH52-025,BULL_CALL_SPREAD,validation,4a919e0bde313b9b9ee1,2025-12-30,15,BLOCKED_LEG_ELIGIBILITY,False,REQUIRED_LEG_PRIOR_OI_BELOW_100,17.257683215130037,2,2
15e3134481edf2a4beeb,PH52-025,BULL_CALL_SPREAD,development,01f752daf3bb0e90d7b1,2021-05-27,15,EXCLUDED_OHLC_RANGE_PROXY,True,ELIGIBLE_FOR_OHLC_PRICE_REFERENCE_SIMULATION,5.246913580246912,2,2
15e3134481edf2a4beeb,PH52-025,BULL_CALL_SPREAD,development,0ddaab2f8946678d3082,2021-12-09,15,EXCLUDED_OHLC_RANGE_PROXY,True,ELIGIBLE_FOR_OHLC_PRICE_REFERENCE_SIMULATION,11.158798283261808,2,2
15e3134481edf2a4beeb,PH52-025,BULL_CALL_SPREAD,development,044eef05c3277601504c,2022-06-16,15,EXCLUDED_OHLC_RANGE_PROXY,True,ELIGIBLE_FOR_OHLC_PRICE_REFERENCE_SIMULATION,10.736196319018415,2,2
15e3134481edf2a4beeb,PH52-025,BULL_CALL_SPREAD,development,307dafef42b72c870148,2022-12-15,15,EXCLUDED_OHLC_RANGE_PROXY,True,ELIGIBLE_FOR_OHLC_PRICE_REFERENCE_SIMULATION,5.957446808510648,2,2
15e3134481edf2a4beeb,PH52-025,BULL_CALL_SPREAD,development,c8a686f986a21faa7ed5,2023-06-22,15,EXCLUDED_OHLC_RANGE_PROXY,True,ELIGIBLE_FOR_OHLC_PRICE_REFERENCE_SIMULATION,11.021505376344088,2,2
15e3134481edf2a4beeb,PH52-025,BULL_CALL_SPREAD,development,84c7352397ed038c3ea2,2023-12-28,15,EXCLUDED_OHLC_RANGE_PROXY,True,ELIGIBLE_FOR_OHLC_PRICE_REFERENCE_SIMULATION,4.341736694677863,2,2
15e3134481edf2a4beeb,PH52-025,BULL_CALL_SPREAD,validation,f104c6f1662847c5bbcc,2024-01-04,15,EXCLUDED_OHLC_RANGE_PROXY,True,ELIGIBLE_FOR_OHLC_PRICE_REFERENCE_SIMULATION,6.666666666666658,2,2
15e3134481edf2a4beeb,PH52-025,BULL_CALL_SPREAD,validation,0cd34c6b63a9f995c503,2024-05-30,15,EXCLUDED_OHLC_RANGE_PROXY,True,ELIGIBLE_FOR_OHLC_PRICE_REFERENCE_SIMULATION,8.620689655172415,2,2
15e3134481edf2a4beeb,PH52-025,BULL_CALL_SPREAD,validation,75007ced19cb5e12e01f,2024-10-17,15,EXCLUDED_OHLC_RANGE_PROXY,False,OHLC_RANGE_PROXY_EXCEEDS_THRESHOLD,17.452830188679247,2,2
15e3134481edf2a4beeb,PH52-025,BULL_CALL_SPREAD,validation,8eb8f1add17ecb221cbd,2025-03-13,15,BLOCKED_LEG_ELIGIBILITY,False,REQUIRED_LEG_PRIOR_OI_BELOW_100,14.285714285714286,2,2
15e3134481edf2a4beeb,PH52-025,BULL_CALL_SPREAD,validation,14d9997729e438213524,2025-07-31,15,BLOCKED_LEG_ELIGIBILITY,False,REQUIRED_LEG_PRIOR_OI_BELOW_100,12.925170068027214,2,2
15e3134481edf2a4beeb,PH52-025,BULL_CALL_SPREAD,validation,4a919e0bde313b9b9ee1,2025-12-30,15,BLOCKED_LEG_ELIGIBILITY,False,REQUIRED_LEG_PRIOR_OI_BELOW_100,17.257683215130037,2,2
f32415bb61dd6e9f83f2,PH52-025,BULL_CALL_SPREAD,development,01f752daf3bb0e90d7b1,2021-05-27,15,EXCLUDED_OHLC_RANGE_PROXY,True,ELIGIBLE_FOR_OHLC_PRICE_REFERENCE_SIMULATION,5.9999999999999964,2,2
f32415bb61dd6e9f83f2,PH52-025,BULL_CALL_SPREAD,development,0ddaab2f8946678d3082,2021-12-09,15,EXCLUDED_OHLC_RANGE_PROXY,True,ELIGIBLE_FOR_OHLC_PRICE_REFERENCE_SIMULATION,10.596026490066224,2,2
f32415bb61dd6e9f83f2,PH52-025,BULL_CALL_SPREAD,development,044eef05c3277601504c,2022-06-16,15,EXCLUDED_OHLC_RANGE_PROXY,True,ELIGIBLE_FOR_OHLC_PRICE_REFERENCE_SIMULATION,9.78260869565216,2,2
f32415bb61dd6e9f83f2,PH52-025,BULL_CALL_SPREAD,development,307dafef42b72c870148,2022-12-15,15,EXCLUDED_OHLC_RANGE_PROXY,True,ELIGIBLE_FOR_OHLC_PRICE_REFERENCE_SIMULATION,3.63636363636364,2,2
f32415bb61dd6e9f83f2,PH52-025,BULL_CALL_SPREAD,development,c8a686f986a21faa7ed5,2023-06-22,15,EXCLUDED_OHLC_RANGE_PROXY,True,ELIGIBLE_FOR_OHLC_PRICE_REFERENCE_SIMULATION,7.547169811320744,2,2
f32415bb61dd6e9f83f2,PH52-025,BULL_CALL_SPREAD,development,84c7352397ed038c3ea2,2023-12-28,15,EXCLUDED_OHLC_RANGE_PROXY,True,ELIGIBLE_FOR_OHLC_PRICE_REFERENCE_SIMULATION,4.784688995215311,2,2
f32415bb61dd6e9f83f2,PH52-025,BULL_CALL_SPREAD,validation,f104c6f1662847c5bbcc,2024-01-04,15,EXCLUDED_OHLC_RANGE_PROXY,True,ELIGIBLE_FOR_OHLC_PRICE_REFERENCE_SIMULATION,5.882352941176485,2,2
f32415bb61dd6e9f83f2,PH52-025,BULL_CALL_SPREAD,validation,0cd34c6b63a9f995c503,2024-05-30,15,EXCLUDED_OHLC_RANGE_PROXY,True,ELIGIBLE_FOR_OHLC_PRICE_REFERENCE_SIMULATION,8.739837398373977,2,2
f32415bb61dd6e9f83f2,PH52-025,BULL_CALL_SPREAD,validation,75007ced19cb5e12e01f,2024-10-17,15,EXCLUDED_OHLC_RANGE_PROXY,False,OHLC_RANGE_PROXY_EXCEEDS_THRESHOLD,15.302491103202849,2,2
f32415bb61dd6e9f83f2,PH52-025,BULL_CALL_SPREAD,validation,8eb8f1add17ecb221cbd,2025-03-13,15,BLOCKED_LEG_ELIGIBILITY,False,REQUIRED_LEG_PRIOR_OI_BELOW_100,12.37113402061857,2,2
f32415bb61dd6e9f83f2,PH52-025,BULL_CALL_SPREAD,validation,14d9997729e438213524,2025-07-31,15,BLOCKED_LEG_ELIGIBILITY,False,REQUIRED_LEG_PRIOR_OI_BELOW_100,12.925170068027214,2,2
f32415bb61dd6e9f83f2,PH52-025,BULL_CALL_SPREAD,validation,4a919e0bde313b9b9ee1,2025-12-30,15,BLOCKED_LEG_ELIGIBILITY,False,REQUIRED_LEG_PRIOR_OI_BELOW_100,17.187500000000007,2,2
9373cc117634bae8f765,PH52-025,BULL_CALL_SPREAD,development,01f752daf3bb0e90d7b1,2021-05-27,15,EXCLUDED_OHLC_RANGE_PROXY,True,ELIGIBLE_FOR_OHLC_PRICE_REFERENCE_SIMULATION,5.9999999999999964,2,2
9373cc117634bae8f765,PH52-025,BULL_CALL_SPREAD,development,0ddaab2f8946678d3082,2021-12-09,15,EXCLUDED_OHLC_RANGE_PROXY,True,ELIGIBLE_FOR_OHLC_PRICE_REFERENCE_SIMULATION,10.596026490066224,2,2
9373cc117634bae8f765,PH52-025,BULL_CALL_SPREAD,development,044eef05c3277601504c,2022-06-16,15,EXCLUDED_OHLC_RANGE_PROXY,True,ELIGIBLE_FOR_OHLC_PRICE_REFERENCE_SIMULATION,9.78260869565216,2,2
9373cc117634bae8f765,PH52-025,BULL_CALL_SPREAD,development,307dafef42b72c870148,2022-12-15,15,EXCLUDED_OHLC_RANGE_PROXY,True,ELIGIBLE_FOR_OHLC_PRICE_REFERENCE_SIMULATION,3.8461538461538494,2,2
9373cc117634bae8f765,PH52-025,BULL_CALL_SPREAD,development,c8a686f986a21faa7ed5,2023-06-22,15,EXCLUDED_OHLC_RANGE_PROXY,True,ELIGIBLE_FOR_OHLC_PRICE_REFERENCE_SIMULATION,7.547169811320744,2,2
9373cc117634bae8f765,PH52-025,BULL_CALL_SPREAD,development,84c7352397ed038c3ea2,2023-12-28,15,EXCLUDED_OHLC_RANGE_PROXY,True,ELIGIBLE_FOR_OHLC_PRICE_REFERENCE_SIMULATION,4.784688995215311,2,2
9373cc117634bae8f765,PH52-025,BULL_CALL_SPREAD,validation,f104c6f1662847c5bbcc,2024-01-04,15,EXCLUDED_OHLC_RANGE_PROXY,True,ELIGIBLE_FOR_OHLC_PRICE_REFERENCE_SIMULATION,7.1428571428571335,2,2
9373cc117634bae8f765,PH52-025,BULL_CALL_SPREAD,validation,0cd34c6b63a9f995c503,2024-05-30,15,EXCLUDED_OHLC_RANGE_PROXY,True,ELIGIBLE_FOR_OHLC_PRICE_REFERENCE_SIMULATION,8.739837398373977,2,2
9373cc117634bae8f765,PH52-025,BULL_CALL_SPREAD,validation,75007ced19cb5e12e01f,2024-10-17,15,EXCLUDED_OHLC_RANGE_PROXY,False,OHLC_RANGE_PROXY_EXCEEDS_THRESHOLD,15.302491103202849,2,2
9373cc117634bae8f765,PH52-025,BULL_CALL_SPREAD,validation,8eb8f1add17ecb221cbd,2025-03-13,15,BLOCKED_LEG_ELIGIBILITY,False,REQUIRED_LEG_PRIOR_OI_BELOW_100,12.37113402061857,2,2
9373cc117634bae8f765,PH52-025,BULL_CALL_SPREAD,validation,14d9997729e438213524,2025-07-31,15,BLOCKED_LEG_ELIGIBILITY,False,REQUIRED_LEG_PRIOR_OI_BELOW_100,12.385321100917428,2,2
9373cc117634bae8f765,PH52-025,BULL_CALL_SPREAD,validation,4a919e0bde313b9b9ee1,2025-12-30,15,BLOCKED_LEG_ELIGIBILITY,False,REQUIRED_LEG_PRIOR_OI_BELOW_100,15.51724137931035,2,2
739fae891dcde1c84104,PH52-025,BULL_CALL_SPREAD,development,ce8e12389ff297becff9,2021-05-27,15,EXCLUDED_OHLC_RANGE_PROXY,True,ELIGIBLE_FOR_OHLC_PRICE_REFERENCE_SIMULATION,10.322580645161288,2,2
739fae891dcde1c84104,PH52-025,BULL_CALL_SPREAD,development,061c004245393c77b5c7,2021-12-09,15,EXCLUDED_OHLC_RANGE_PROXY,True,ELIGIBLE_FOR_OHLC_PRICE_REFERENCE_SIMULATION,9.48509485094851,2,2
739fae891dcde1c84104,PH52-025,BULL_CALL_SPREAD,development,b58d771555d73891d2fd,2022-06-16,15,EXCLUDED_OHLC_RANGE_PROXY,False,OHLC_RANGE_PROXY_EXCEEDS_THRESHOLD,22.22222222222222,2,2
739fae891dcde1c84104,PH52-025,BULL_CALL_SPREAD,development,8c9b97c314b368f7a743,2022-12-15,15,EXCLUDED_OHLC_RANGE_PROXY,True,ELIGIBLE_FOR_OHLC_PRICE_REFERENCE_SIMULATION,8.231707317073157,2,2
739fae891dcde1c84104,PH52-025,BULL_CALL_SPREAD,development,b2b9482e70f4a2ace098,2023-06-22,15,EXCLUDED_OHLC_RANGE_PROXY,True,ELIGIBLE_FOR_OHLC_PRICE_REFERENCE_SIMULATION,11.874999999999991,2,2
739fae891dcde1c84104,PH52-025,BULL_CALL_SPREAD,development,804301753400916af24f,2023-12-28,15,EXCLUDED_OHLC_RANGE_PROXY,True,ELIGIBLE_FOR_OHLC_PRICE_REFERENCE_SIMULATION,12.962962962962964,2,2
739fae891dcde1c84104,PH52-025,BULL_CALL_SPREAD,validation,c1472f0b801661762bc6,2024-01-04,15,EXCLUDED_OHLC_RANGE_PROXY,False,OHLC_RANGE_PROXY_EXCEEDS_THRESHOLD,17.58241758241759,2,2
739fae891dcde1c84104,PH52-025,BULL_CALL_SPREAD,validation,1d33307443bd39106f13,2024-05-30,15,EXCLUDED_OHLC_RANGE_PROXY,True,ELIGIBLE_FOR_OHLC_PRICE_REFERENCE_SIMULATION,12.436548223350252,2,2
739fae891dcde1c84104,PH52-025,BULL_CALL_SPREAD,validation,50696f11ab0417607875,2024-10-17,15,EXCLUDED_OHLC_RANGE_PROXY,False,OHLC_RANGE_PROXY_EXCEEDS_THRESHOLD,17.857142857142858,2,2
739fae891dcde1c84104,PH52-025,BULL_CALL_SPREAD,validation,58a4c4843286bd3943a2,2025-03-13,15,BLOCKED_LEG_ELIGIBILITY,False,REQUIRED_LEG_PRIOR_OI_BELOW_100,10.0,2,2
739fae891dcde1c84104,PH52-025,BULL_CALL_SPREAD,validation,e5919e2053dc59805884,2025-07-31,15,BLOCKED_LEG_ELIGIBILITY,False,REQUIRED_LEG_PRIOR_OI_BELOW_100,31.39158576051781,2,2
739fae891dcde1c84104,PH52-025,BULL_CALL_SPREAD,validation,2744fff722d389044d25,2025-12-30,15,EXCLUDED_OHLC_RANGE_PROXY,True,ELIGIBLE_FOR_OHLC_PRICE_REFERENCE_SIMULATION,11.363636363636365,2,2
ad24b0d8ca9a87353e8a,PH52-025,BULL_CALL_SPREAD,development,ce8e12389ff297becff9,2021-05-27,15,EXCLUDED_OHLC_RANGE_PROXY,True,ELIGIBLE_FOR_OHLC_PRICE_REFERENCE_SIMULATION,10.322580645161288,2,2
ad24b0d8ca9a87353e8a,PH52-025,BULL_CALL_SPREAD,development,061c004245393c77b5c7,2021-12-09,15,EXCLUDED_OHLC_RANGE_PROXY,True,ELIGIBLE_FOR_OHLC_PRICE_REFERENCE_SIMULATION,9.48509485094851,2,2
ad24b0d8ca9a87353e8a,PH52-025,BULL_CALL_SPREAD,development,b58d771555d73891d2fd,2022-06-16,15,EXCLUDED_OHLC_RANGE_PROXY,False,OHLC_RANGE_PROXY_EXCEEDS_THRESHOLD,21.229050279329606,2,2
ad24b0d8ca9a87353e8a,PH52-025,BULL_CALL_SPREAD,development,8c9b97c314b368f7a743,2022-12-15,15,EXCLUDED_OHLC_RANGE_PROXY,True,ELIGIBLE_FOR_OHLC_PRICE_REFERENCE_SIMULATION,8.231707317073157,2,2
ad24b0d8ca9a87353e8a,PH52-025,BULL_CALL_SPREAD,development,b2b9482e70f4a2ace098,2023-06-22,15,EXCLUDED_OHLC_RANGE_PROXY,True,ELIGIBLE_FOR_OHLC_PRICE_REFERENCE_SIMULATION,11.874999999999991,2,2
ad24b0d8ca9a87353e8a,PH52-025,BULL_CALL_SPREAD,development,804301753400916af24f,2023-12-28,15,EXCLUDED_OHLC_RANGE_PROXY,True,ELIGIBLE_FOR_OHLC_PRICE_REFERENCE_SIMULATION,12.962962962962964,2,2
ad24b0d8ca9a87353e8a,PH52-025,BULL_CALL_SPREAD,validation,c1472f0b801661762bc6,2024-01-04,15,EXCLUDED_OHLC_RANGE_PROXY,False,OHLC_RANGE_PROXY_EXCEEDS_THRESHOLD,17.58241758241759,2,2
ad24b0d8ca9a87353e8a,PH52-025,BULL_CALL_SPREAD,validation,1d33307443bd39106f13,2024-05-30,15,EXCLUDED_OHLC_RANGE_PROXY,True,ELIGIBLE_FOR_OHLC_PRICE_REFERENCE_SIMULATION,12.436548223350252,2,2
ad24b0d8ca9a87353e8a,PH52-025,BULL_CALL_SPREAD,validation,50696f11ab0417607875,2024-10-17,15,EXCLUDED_OHLC_RANGE_PROXY,False,OHLC_RANGE_PROXY_EXCEEDS_THRESHOLD,17.857142857142858,2,2
ad24b0d8ca9a87353e8a,PH52-025,BULL_CALL_SPREAD,validation,58a4c4843286bd3943a2,2025-03-13,15,BLOCKED_LEG_ELIGIBILITY,False,REQUIRED_LEG_PRIOR_OI_BELOW_100,10.0,2,2
ad24b0d8ca9a87353e8a,PH52-025,BULL_CALL_SPREAD,validation,e5919e2053dc59805884,2025-07-31,15,BLOCKED_LEG_ELIGIBILITY,False,REQUIRED_LEG_PRIOR_OI_BELOW_100,31.521739130434792,2,2
ad24b0d8ca9a87353e8a,PH52-025,BULL_CALL_SPREAD,validation,2744fff722d389044d25,2025-12-30,15,EXCLUDED_OHLC_RANGE_PROXY,True,ELIGIBLE_FOR_OHLC_PRICE_REFERENCE_SIMULATION,11.363636363636365,2,2
cf6ec0b712b4aff6231f,PH52-025,BULL_CALL_SPREAD,development,ce8e12389ff297becff9,2021-05-27,15,EXCLUDED_OHLC_RANGE_PROXY,True,ELIGIBLE_FOR_OHLC_PRICE_REFERENCE_SIMULATION,10.000000000000009,2,2
cf6ec0b712b4aff6231f,PH52-025,BULL_CALL_SPREAD,development,061c004245393c77b5c7,2021-12-09,15,EXCLUDED_OHLC_RANGE_PROXY,True,ELIGIBLE_FOR_OHLC_PRICE_REFERENCE_SIMULATION,7.499999999999996,2,2
cf6ec0b712b4aff6231f,PH52-025,BULL_CALL_SPREAD,development,b58d771555d73891d2fd,2022-06-16,15,EXCLUDED_OHLC_RANGE_PROXY,False,OHLC_RANGE_PROXY_EXCEEDS_THRESHOLD,21.73913043478261,2,2
cf6ec0b712b4aff6231f,PH52-025,BULL_CALL_SPREAD,development,8c9b97c314b368f7a743,2022-12-15,15,EXCLUDED_OHLC_RANGE_PROXY,True,ELIGIBLE_FOR_OHLC_PRICE_REFERENCE_SIMULATION,7.142857142857159,2,2
cf6ec0b712b4aff6231f,PH52-025,BULL_CALL_SPREAD,development,b2b9482e70f4a2ace098,2023-06-22,15,EXCLUDED_OHLC_RANGE_PROXY,True,ELIGIBLE_FOR_OHLC_PRICE_REFERENCE_SIMULATION,8.695652173913052,2,2
cf6ec0b712b4aff6231f,PH52-025,BULL_CALL_SPREAD,development,804301753400916af24f,2023-12-28,15,EXCLUDED_OHLC_RANGE_PROXY,True,ELIGIBLE_FOR_OHLC_PRICE_REFERENCE_SIMULATION,9.803921568627452,2,2
cf6ec0b712b4aff6231f,PH52-025,BULL_CALL_SPREAD,validation,c1472f0b801661762bc6,2024-01-04,15,EXCLUDED_OHLC_RANGE_PROXY,False,OHLC_RANGE_PROXY_EXCEEDS_THRESHOLD,15.384615384615381,2,2
cf6ec0b712b4aff6231f,PH52-025,BULL_CALL_SPREAD,validation,1d33307443bd39106f13,2024-05-30,15,EXCLUDED_OHLC_RANGE_PROXY,True,ELIGIBLE_FOR_OHLC_PRICE_REFERENCE_SIMULATION,12.22222222222222,2,2
cf6ec0b712b4aff6231f,PH52-025,BULL_CALL_SPREAD,validation,50696f11ab0417607875,2024-10-17,15,EXCLUDED_OHLC_RANGE_PROXY,True,ELIGIBLE_FOR_OHLC_PRICE_REFERENCE_SIMULATION,14.285714285714299,2,2
cf6ec0b712b4aff6231f,PH52-025,BULL_CALL_SPREAD,validation,58a4c4843286bd3943a2,2025-03-13,15,BLOCKED_LEG_ELIGIBILITY,False,REQUIRED_LEG_PRIOR_OI_BELOW_100,8.510638297872347,2,2
cf6ec0b712b4aff6231f,PH52-025,BULL_CALL_SPREAD,validation,e5919e2053dc59805884,2025-07-31,15,BLOCKED_LEG_ELIGIBILITY,False,REQUIRED_LEG_PRIOR_OI_BELOW_100,34.78260869565216,2,2
cf6ec0b712b4aff6231f,PH52-025,BULL_CALL_SPREAD,validation,2744fff722d389044d25,2025-12-30,15,EXCLUDED_OHLC_RANGE_PROXY,True,ELIGIBLE_FOR_OHLC_PRICE_REFERENCE_SIMULATION,8.333333333333341,2,2
a4f8558870d4a10947fe,PH52-025,BULL_CALL_SPREAD,development,ce8e12389ff297becff9,2021-05-27,15,EXCLUDED_OHLC_RANGE_PROXY,True,ELIGIBLE_FOR_OHLC_PRICE_REFERENCE_SIMULATION,14.285714285714299,2,2
a4f8558870d4a10947fe,PH52-025,BULL_CALL_SPREAD,development,061c004245393c77b5c7,2021-12-09,15,EXCLUDED_OHLC_RANGE_PROXY,True,ELIGIBLE_FOR_OHLC_PRICE_REFERENCE_SIMULATION,9.090909090909099,2,2
a4f8558870d4a10947fe,PH52-025,BULL_CALL_SPREAD,development,b58d771555d73891d2fd,2022-06-16,15,EXCLUDED_OHLC_RANGE_PROXY,False,OHLC_RANGE_PROXY_EXCEEDS_THRESHOLD,21.73913043478261,2,2
a4f8558870d4a10947fe,PH52-025,BULL_CALL_SPREAD,development,8c9b97c314b368f7a743,2022-12-15,15,EXCLUDED_OHLC_RANGE_PROXY,True,ELIGIBLE_FOR_OHLC_PRICE_REFERENCE_SIMULATION,8.571428571428566,2,2
a4f8558870d4a10947fe,PH52-025,BULL_CALL_SPREAD,development,b2b9482e70f4a2ace098,2023-06-22,15,EXCLUDED_OHLC_RANGE_PROXY,True,ELIGIBLE_FOR_OHLC_PRICE_REFERENCE_SIMULATION,6.250000000000005,2,2
a4f8558870d4a10947fe,PH52-025,BULL_CALL_SPREAD,development,804301753400916af24f,2023-12-28,15,EXCLUDED_OHLC_RANGE_PROXY,True,ELIGIBLE_FOR_OHLC_PRICE_REFERENCE_SIMULATION,9.803921568627452,2,2
a4f8558870d4a10947fe,PH52-025,BULL_CALL_SPREAD,validation,c1472f0b801661762bc6,2024-01-04,15,EXCLUDED_OHLC_RANGE_PROXY,False,OHLC_RANGE_PROXY_EXCEEDS_THRESHOLD,19.999999999999996,2,2
a4f8558870d4a10947fe,PH52-025,BULL_CALL_SPREAD,validation,1d33307443bd39106f13,2024-05-30,15,EXCLUDED_OHLC_RANGE_PROXY,True,ELIGIBLE_FOR_OHLC_PRICE_REFERENCE_SIMULATION,12.056737588652478,2,2
a4f8558870d4a10947fe,PH52-025,BULL_CALL_SPREAD,validation,50696f11ab0417607875,2024-10-17,15,EXCLUDED_OHLC_RANGE_PROXY,True,ELIGIBLE_FOR_OHLC_PRICE_REFERENCE_SIMULATION,14.285714285714288,2,2
a4f8558870d4a10947fe,PH52-025,BULL_CALL_SPREAD,validation,58a4c4843286bd3943a2,2025-03-13,15,BLOCKED_LEG_ELIGIBILITY,False,REQUIRED_LEG_PRIOR_OI_BELOW_100,8.510638297872347,2,2
a4f8558870d4a10947fe,PH52-025,BULL_CALL_SPREAD,validation,e5919e2053dc59805884,2025-07-31,15,BLOCKED_LEG_ELIGIBILITY,False,REQUIRED_LEG_PRIOR_OI_BELOW_100,34.78260869565216,2,2
a4f8558870d4a10947fe,PH52-025,BULL_CALL_SPREAD,validation,2744fff722d389044d25,2025-12-30,15,EXCLUDED_OHLC_RANGE_PROXY,True,ELIGIBLE_FOR_OHLC_PRICE_REFERENCE_SIMULATION,7.1428571428571495,2,2
4dfc85b9cb14f0282a2e,PH52-001,BUY_CALL,development,01f752daf3bb0e90d7b1,2021-05-27,15,EXCLUDED_OHLC_RANGE_PROXY,True,ELIGIBLE_FOR_OHLC_PRICE_REFERENCE_SIMULATION,5.246913580246912,1,1
4dfc85b9cb14f0282a2e,PH52-001,BUY_CALL,development,0ddaab2f8946678d3082,2021-12-09,15,EXCLUDED_OHLC_RANGE_PROXY,True,ELIGIBLE_FOR_OHLC_PRICE_REFERENCE_SIMULATION,11.158798283261808,1,1
4dfc85b9cb14f0282a2e,PH52-001,BUY_CALL,development,044eef05c3277601504c,2022-06-16,15,EXCLUDED_OHLC_RANGE_PROXY,True,ELIGIBLE_FOR_OHLC_PRICE_REFERENCE_SIMULATION,10.736196319018415,1,1
4dfc85b9cb14f0282a2e,PH52-001,BUY_CALL,development,307dafef42b72c870148,2022-12-15,15,EXCLUDED_OHLC_RANGE_PROXY,True,ELIGIBLE_FOR_OHLC_PRICE_REFERENCE_SIMULATION,5.957446808510648,1,1
4dfc85b9cb14f0282a2e,PH52-001,BUY_CALL,development,c8a686f986a21faa7ed5,2023-06-22,15,EXCLUDED_OHLC_RANGE_PROXY,True,ELIGIBLE_FOR_OHLC_PRICE_REFERENCE_SIMULATION,11.021505376344088,1,1
4dfc85b9cb14f0282a2e,PH52-001,BUY_CALL,development,84c7352397ed038c3ea2,2023-12-28,15,EXCLUDED_OHLC_RANGE_PROXY,True,ELIGIBLE_FOR_OHLC_PRICE_REFERENCE_SIMULATION,4.341736694677863,1,1
4dfc85b9cb14f0282a2e,PH52-001,BUY_CALL,validation,f104c6f1662847c5bbcc,2024-01-04,15,EXCLUDED_OHLC_RANGE_PROXY,True,ELIGIBLE_FOR_OHLC_PRICE_REFERENCE_SIMULATION,6.666666666666658,1,1
4dfc85b9cb14f0282a2e,PH52-001,BUY_CALL,validation,0cd34c6b63a9f995c503,2024-05-30,15,EXCLUDED_OHLC_RANGE_PROXY,True,ELIGIBLE_FOR_OHLC_PRICE_REFERENCE_SIMULATION,8.21529745042493,1,1
4dfc85b9cb14f0282a2e,PH52-001,BUY_CALL,validation,75007ced19cb5e12e01f,2024-10-17,15,EXCLUDED_OHLC_RANGE_PROXY,False,OHLC_RANGE_PROXY_EXCEEDS_THRESHOLD,17.452830188679247,1,1
4dfc85b9cb14f0282a2e,PH52-001,BUY_CALL,validation,8eb8f1add17ecb221cbd,2025-03-13,15,BLOCKED_LEG_ELIGIBILITY,False,REQUIRED_LEG_PRIOR_OI_BELOW_100,14.285714285714286,1,1
4dfc85b9cb14f0282a2e,PH52-001,BUY_CALL,validation,14d9997729e438213524,2025-07-31,15,BLOCKED_LEG_ELIGIBILITY,False,REQUIRED_LEG_PRIOR_OI_BELOW_100,12.089810017271157,1,1
4dfc85b9cb14f0282a2e,PH52-001,BUY_CALL,validation,4a919e0bde313b9b9ee1,2025-12-30,15,BLOCKED_LEG_ELIGIBILITY,False,REQUIRED_LEG_PRIOR_OI_BELOW_100,17.257683215130037,1,1
7f2f9e5e0437e0f7df04,PH52-001,BUY_CALL,development,01f752daf3bb0e90d7b1,2021-05-27,15,EXCLUDED_OHLC_RANGE_PROXY,True,ELIGIBLE_FOR_OHLC_PRICE_REFERENCE_SIMULATION,5.9999999999999964,1,1
7f2f9e5e0437e0f7df04,PH52-001,BUY_CALL,development,0ddaab2f8946678d3082,2021-12-09,15,EXCLUDED_OHLC_RANGE_PROXY,True,ELIGIBLE_FOR_OHLC_PRICE_REFERENCE_SIMULATION,10.596026490066224,1,1
7f2f9e5e0437e0f7df04,PH52-001,BUY_CALL,development,044eef05c3277601504c,2022-06-16,15,EXCLUDED_OHLC_RANGE_PROXY,True,ELIGIBLE_FOR_OHLC_PRICE_REFERENCE_SIMULATION,9.78260869565216,1,1
7f2f9e5e0437e0f7df04,PH52-001,BUY_CALL,development,307dafef42b72c870148,2022-12-15,15,EXCLUDED_OHLC_RANGE_PROXY,True,ELIGIBLE_FOR_OHLC_PRICE_REFERENCE_SIMULATION,3.63636363636364,1,1
7f2f9e5e0437e0f7df04,PH52-001,BUY_CALL,development,c8a686f986a21faa7ed5,2023-06-22,15,EXCLUDED_OHLC_RANGE_PROXY,True,ELIGIBLE_FOR_OHLC_PRICE_REFERENCE_SIMULATION,7.547169811320744,1,1
7f2f9e5e0437e0f7df04,PH52-001,BUY_CALL,development,84c7352397ed038c3ea2,2023-12-28,15,EXCLUDED_OHLC_RANGE_PROXY,True,ELIGIBLE_FOR_OHLC_PRICE_REFERENCE_SIMULATION,4.784688995215311,1,1
7f2f9e5e0437e0f7df04,PH52-001,BUY_CALL,validation,f104c6f1662847c5bbcc,2024-01-04,15,EXCLUDED_OHLC_RANGE_PROXY,True,ELIGIBLE_FOR_OHLC_PRICE_REFERENCE_SIMULATION,5.882352941176485,1,1
7f2f9e5e0437e0f7df04,PH52-001,BUY_CALL,validation,0cd34c6b63a9f995c503,2024-05-30,15,EXCLUDED_OHLC_RANGE_PROXY,True,ELIGIBLE_FOR_OHLC_PRICE_REFERENCE_SIMULATION,8.739837398373977,1,1
7f2f9e5e0437e0f7df04,PH52-001,BUY_CALL,validation,75007ced19cb5e12e01f,2024-10-17,15,EXCLUDED_OHLC_RANGE_PROXY,False,OHLC_RANGE_PROXY_EXCEEDS_THRESHOLD,15.302491103202849,1,1
7f2f9e5e0437e0f7df04,PH52-001,BUY_CALL,validation,8eb8f1add17ecb221cbd,2025-03-13,15,BLOCKED_LEG_ELIGIBILITY,False,REQUIRED_LEG_PRIOR_OI_BELOW_100,12.37113402061857,1,1
7f2f9e5e0437e0f7df04,PH52-001,BUY_CALL,validation,14d9997729e438213524,2025-07-31,15,BLOCKED_LEG_ELIGIBILITY,False,REQUIRED_LEG_PRIOR_OI_BELOW_100,12.385321100917428,1,1
7f2f9e5e0437e0f7df04,PH52-001,BUY_CALL,validation,4a919e0bde313b9b9ee1,2025-12-30,15,BLOCKED_LEG_ELIGIBILITY,False,REQUIRED_LEG_PRIOR_OI_BELOW_100,15.51724137931035,1,1
824453c4ca52e0a8f423,PH52-001,BUY_CALL,development,ce8e12389ff297becff9,2021-05-27,15,EXCLUDED_OHLC_RANGE_PROXY,True,ELIGIBLE_FOR_OHLC_PRICE_REFERENCE_SIMULATION,10.322580645161288,1,1
824453c4ca52e0a8f423,PH52-001,BUY_CALL,development,061c004245393c77b5c7,2021-12-09,15,EXCLUDED_OHLC_RANGE_PROXY,True,ELIGIBLE_FOR_OHLC_PRICE_REFERENCE_SIMULATION,9.48509485094851,1,1
824453c4ca52e0a8f423,PH52-001,BUY_CALL,development,b58d771555d73891d2fd,2022-06-16,15,EXCLUDED_OHLC_RANGE_PROXY,False,OHLC_RANGE_PROXY_EXCEEDS_THRESHOLD,21.229050279329606,1,1
824453c4ca52e0a8f423,PH52-001,BUY_CALL,development,8c9b97c314b368f7a743,2022-12-15,15,EXCLUDED_OHLC_RANGE_PROXY,True,ELIGIBLE_FOR_OHLC_PRICE_REFERENCE_SIMULATION,8.231707317073157,1,1
824453c4ca52e0a8f423,PH52-001,BUY_CALL,development,b2b9482e70f4a2ace098,2023-06-22,15,EXCLUDED_OHLC_RANGE_PROXY,True,ELIGIBLE_FOR_OHLC_PRICE_REFERENCE_SIMULATION,11.874999999999991,1,1
824453c4ca52e0a8f423,PH52-001,BUY_CALL,development,804301753400916af24f,2023-12-28,15,EXCLUDED_OHLC_RANGE_PROXY,True,ELIGIBLE_FOR_OHLC_PRICE_REFERENCE_SIMULATION,12.962962962962964,1,1
824453c4ca52e0a8f423,PH52-001,BUY_CALL,validation,c1472f0b801661762bc6,2024-01-04,15,EXCLUDED_OHLC_RANGE_PROXY,False,OHLC_RANGE_PROXY_EXCEEDS_THRESHOLD,17.58241758241759,1,1
824453c4ca52e0a8f423,PH52-001,BUY_CALL,validation,1d33307443bd39106f13,2024-05-30,15,EXCLUDED_OHLC_RANGE_PROXY,True,ELIGIBLE_FOR_OHLC_PRICE_REFERENCE_SIMULATION,12.436548223350252,1,1
824453c4ca52e0a8f423,PH52-001,BUY_CALL,validation,50696f11ab0417607875,2024-10-17,15,EXCLUDED_OHLC_RANGE_PROXY,False,OHLC_RANGE_PROXY_EXCEEDS_THRESHOLD,17.857142857142858,1,1
824453c4ca52e0a8f423,PH52-001,BUY_CALL,validation,58a4c4843286bd3943a2,2025-03-13,15,BLOCKED_LEG_ELIGIBILITY,False,REQUIRED_LEG_PRIOR_OI_BELOW_100,10.0,1,1
824453c4ca52e0a8f423,PH52-001,BUY_CALL,validation,e5919e2053dc59805884,2025-07-31,15,BLOCKED_LEG_ELIGIBILITY,False,REQUIRED_LEG_PRIOR_OI_BELOW_100,27.142857142857146,1,1
824453c4ca52e0a8f423,PH52-001,BUY_CALL,validation,2744fff722d389044d25,2025-12-30,15,EXCLUDED_OHLC_RANGE_PROXY,True,ELIGIBLE_FOR_OHLC_PRICE_REFERENCE_SIMULATION,11.363636363636365,1,1
a85d75f96c0c6721a862,PH52-001,BUY_CALL,development,ce8e12389ff297becff9,2021-05-27,15,EXCLUDED_OHLC_RANGE_PROXY,True,ELIGIBLE_FOR_OHLC_PRICE_REFERENCE_SIMULATION,10.000000000000009,1,1
a85d75f96c0c6721a862,PH52-001,BUY_CALL,development,061c004245393c77b5c7,2021-12-09,15,EXCLUDED_OHLC_RANGE_PROXY,True,ELIGIBLE_FOR_OHLC_PRICE_REFERENCE_SIMULATION,7.499999999999996,1,1
a85d75f96c0c6721a862,PH52-001,BUY_CALL,development,b58d771555d73891d2fd,2022-06-16,15,EXCLUDED_OHLC_RANGE_PROXY,False,OHLC_RANGE_PROXY_EXCEEDS_THRESHOLD,21.73913043478261,1,1
a85d75f96c0c6721a862,PH52-001,BUY_CALL,development,8c9b97c314b368f7a743,2022-12-15,15,REPLAY_PASS,True,ELIGIBLE_FOR_OHLC_PRICE_REFERENCE_SIMULATION,1.7543859649122744,1,1
a85d75f96c0c6721a862,PH52-001,BUY_CALL,development,b2b9482e70f4a2ace098,2023-06-22,15,EXCLUDED_OHLC_RANGE_PROXY,True,ELIGIBLE_FOR_OHLC_PRICE_REFERENCE_SIMULATION,6.250000000000005,1,1
a85d75f96c0c6721a862,PH52-001,BUY_CALL,development,804301753400916af24f,2023-12-28,15,EXCLUDED_OHLC_RANGE_PROXY,True,ELIGIBLE_FOR_OHLC_PRICE_REFERENCE_SIMULATION,9.803921568627452,1,1
a85d75f96c0c6721a862,PH52-001,BUY_CALL,validation,c1472f0b801661762bc6,2024-01-04,15,EXCLUDED_OHLC_RANGE_PROXY,False,OHLC_RANGE_PROXY_EXCEEDS_THRESHOLD,15.384615384615381,1,1
a85d75f96c0c6721a862,PH52-001,BUY_CALL,validation,1d33307443bd39106f13,2024-05-30,15,EXCLUDED_OHLC_RANGE_PROXY,True,ELIGIBLE_FOR_OHLC_PRICE_REFERENCE_SIMULATION,12.056737588652478,1,1
a85d75f96c0c6721a862,PH52-001,BUY_CALL,validation,50696f11ab0417607875,2024-10-17,15,EXCLUDED_OHLC_RANGE_PROXY,True,ELIGIBLE_FOR_OHLC_PRICE_REFERENCE_SIMULATION,14.285714285714288,1,1
a85d75f96c0c6721a862,PH52-001,BUY_CALL,validation,58a4c4843286bd3943a2,2025-03-13,15,BLOCKED_LEG_ELIGIBILITY,False,REQUIRED_LEG_PRIOR_OI_BELOW_100,8.510638297872347,1,1
a85d75f96c0c6721a862,PH52-001,BUY_CALL,validation,e5919e2053dc59805884,2025-07-31,15,BLOCKED_LEG_ELIGIBILITY,False,REQUIRED_LEG_PRIOR_OI_BELOW_100,34.78260869565216,1,1
a85d75f96c0c6721a862,PH52-001,BUY_CALL,validation,2744fff722d389044d25,2025-12-30,15,EXCLUDED_OHLC_RANGE_PROXY,True,ELIGIBLE_FOR_OHLC_PRICE_REFERENCE_SIMULATION,7.1428571428571495,1,1
d4f27239e30ac6922af1,PH52-007,BUY_PUT,development,01f752daf3bb0e90d7b1,2021-05-27,15,EXCLUDED_OHLC_RANGE_PROXY,True,ELIGIBLE_FOR_OHLC_PRICE_REFERENCE_SIMULATION,5.2631578947368425,1,1
d4f27239e30ac6922af1,PH52-007,BUY_PUT,development,0ddaab2f8946678d3082,2021-12-09,15,EXCLUDED_OHLC_RANGE_PROXY,False,OHLC_RANGE_PROXY_EXCEEDS_THRESHOLD,17.18213058419244,1,1
d4f27239e30ac6922af1,PH52-007,BUY_PUT,development,044eef05c3277601504c,2022-06-16,15,EXCLUDED_OHLC_RANGE_PROXY,True,ELIGIBLE_FOR_OHLC_PRICE_REFERENCE_SIMULATION,13.354037267080747,1,1
d4f27239e30ac6922af1,PH52-007,BUY_PUT,development,307dafef42b72c870148,2022-12-15,15,EXCLUDED_OHLC_RANGE_PROXY,True,ELIGIBLE_FOR_OHLC_PRICE_REFERENCE_SIMULATION,9.302325581395358,1,1
d4f27239e30ac6922af1,PH52-007,BUY_PUT,development,c8a686f986a21faa7ed5,2023-06-22,15,EXCLUDED_OHLC_RANGE_PROXY,True,ELIGIBLE_FOR_OHLC_PRICE_REFERENCE_SIMULATION,8.185053380782907,1,1
d4f27239e30ac6922af1,PH52-007,BUY_PUT,development,84c7352397ed038c3ea2,2023-12-28,15,EXCLUDED_OHLC_RANGE_PROXY,True,ELIGIBLE_FOR_OHLC_PRICE_REFERENCE_SIMULATION,4.437869822485207,1,1
d4f27239e30ac6922af1,PH52-007,BUY_PUT,validation,f104c6f1662847c5bbcc,2024-01-04,15,EXCLUDED_OHLC_RANGE_PROXY,True,ELIGIBLE_FOR_OHLC_PRICE_REFERENCE_SIMULATION,10.970464135021087,1,1
d4f27239e30ac6922af1,PH52-007,BUY_PUT,validation,0cd34c6b63a9f995c503,2024-05-30,15,EXCLUDED_OHLC_RANGE_PROXY,True,ELIGIBLE_FOR_OHLC_PRICE_REFERENCE_SIMULATION,10.26677445432497,1,1
d4f27239e30ac6922af1,PH52-007,BUY_PUT,validation,75007ced19cb5e12e01f,2024-10-17,15,EXCLUDED_OHLC_RANGE_PROXY,False,OHLC_RANGE_PROXY_EXCEEDS_THRESHOLD,34.10326086956523,1,1
d4f27239e30ac6922af1,PH52-007,BUY_PUT,validation,8eb8f1add17ecb221cbd,2025-03-13,15,BLOCKED_LEG_ELIGIBILITY,False,REQUIRED_LEG_PRIOR_OI_BELOW_100,13.874345549738212,1,1
d4f27239e30ac6922af1,PH52-007,BUY_PUT,validation,14d9997729e438213524,2025-07-31,15,BLOCKED_LEG_ELIGIBILITY,False,REQUIRED_LEG_PRIOR_OI_BELOW_100,8.320726172465951,1,1
d4f27239e30ac6922af1,PH52-007,BUY_PUT,validation,4a919e0bde313b9b9ee1,2025-12-30,15,BLOCKED_LEG_ELIGIBILITY,False,REQUIRED_LEG_PRIOR_OI_BELOW_100,11.554621848739496,1,1
c039247dcd6929eb8c8b,PH52-007,BUY_PUT,development,01f752daf3bb0e90d7b1,2021-05-27,15,EXCLUDED_OHLC_RANGE_PROXY,True,ELIGIBLE_FOR_OHLC_PRICE_REFERENCE_SIMULATION,6.329113924050633,1,1
c039247dcd6929eb8c8b,PH52-007,BUY_PUT,development,0ddaab2f8946678d3082,2021-12-09,15,EXCLUDED_OHLC_RANGE_PROXY,False,OHLC_RANGE_PROXY_EXCEEDS_THRESHOLD,20.888888888888886,1,1
c039247dcd6929eb8c8b,PH52-007,BUY_PUT,development,044eef05c3277601504c,2022-06-16,15,EXCLUDED_OHLC_RANGE_PROXY,True,ELIGIBLE_FOR_OHLC_PRICE_REFERENCE_SIMULATION,13.705583756345176,1,1
c039247dcd6929eb8c8b,PH52-007,BUY_PUT,development,307dafef42b72c870148,2022-12-15,15,EXCLUDED_OHLC_RANGE_PROXY,True,ELIGIBLE_FOR_OHLC_PRICE_REFERENCE_SIMULATION,8.771929824561402,1,1
c039247dcd6929eb8c8b,PH52-007,BUY_PUT,development,c8a686f986a21faa7ed5,2023-06-22,15,EXCLUDED_OHLC_RANGE_PROXY,True,ELIGIBLE_FOR_OHLC_PRICE_REFERENCE_SIMULATION,4.477611940298504,1,1
c039247dcd6929eb8c8b,PH52-007,BUY_PUT,development,84c7352397ed038c3ea2,2023-12-28,15,EXCLUDED_OHLC_RANGE_PROXY,True,ELIGIBLE_FOR_OHLC_PRICE_REFERENCE_SIMULATION,5.2044609665427455,1,1
c039247dcd6929eb8c8b,PH52-007,BUY_PUT,validation,f104c6f1662847c5bbcc,2024-01-04,15,EXCLUDED_OHLC_RANGE_PROXY,True,ELIGIBLE_FOR_OHLC_PRICE_REFERENCE_SIMULATION,12.90322580645161,1,1
c039247dcd6929eb8c8b,PH52-007,BUY_PUT,validation,0cd34c6b63a9f995c503,2024-05-30,15,EXCLUDED_OHLC_RANGE_PROXY,True,ELIGIBLE_FOR_OHLC_PRICE_REFERENCE_SIMULATION,12.335526315789474,1,1
c039247dcd6929eb8c8b,PH52-007,BUY_PUT,validation,75007ced19cb5e12e01f,2024-10-17,15,EXCLUDED_OHLC_RANGE_PROXY,False,OHLC_RANGE_PROXY_EXCEEDS_THRESHOLD,44.444444444444436,1,1
c039247dcd6929eb8c8b,PH52-007,BUY_PUT,validation,8eb8f1add17ecb221cbd,2025-03-13,15,BLOCKED_LEG_ELIGIBILITY,False,REQUIRED_LEG_PRIOR_OI_BELOW_100,12.318840579710141,1,1
c039247dcd6929eb8c8b,PH52-007,BUY_PUT,validation,14d9997729e438213524,2025-07-31,15,BLOCKED_LEG_ELIGIBILITY,False,REQUIRED_LEG_PRIOR_OI_BELOW_100,8.812260536398469,1,1
c039247dcd6929eb8c8b,PH52-007,BUY_PUT,validation,4a919e0bde313b9b9ee1,2025-12-30,15,BLOCKED_LEG_ELIGIBILITY,False,REQUIRED_LEG_PRIOR_OI_BELOW_100,10.909090909090903,1,1
c31e45a39d28e22b70b2,PH52-007,BUY_PUT,development,ce8e12389ff297becff9,2021-05-27,15,EXCLUDED_OHLC_RANGE_PROXY,True,ELIGIBLE_FOR_OHLC_PRICE_REFERENCE_SIMULATION,6.333333333333329,1,1
c31e45a39d28e22b70b2,PH52-007,BUY_PUT,development,061c004245393c77b5c7,2021-12-09,15,EXCLUDED_OHLC_RANGE_PROXY,True,ELIGIBLE_FOR_OHLC_PRICE_REFERENCE_SIMULATION,10.270270270270263,1,1
c31e45a39d28e22b70b2,PH52-007,BUY_PUT,development,b58d771555d73891d2fd,2022-06-16,15,EXCLUDED_OHLC_RANGE_PROXY,False,OHLC_RANGE_PROXY_EXCEEDS_THRESHOLD,25.89118198874296,1,1
c31e45a39d28e22b70b2,PH52-007,BUY_PUT,development,8c9b97c314b368f7a743,2022-12-15,15,EXCLUDED_OHLC_RANGE_PROXY,False,OHLC_RANGE_PROXY_EXCEEDS_THRESHOLD,16.250000000000007,1,1
c31e45a39d28e22b70b2,PH52-007,BUY_PUT,development,b2b9482e70f4a2ace098,2023-06-22,15,EXCLUDED_OHLC_RANGE_PROXY,True,ELIGIBLE_FOR_OHLC_PRICE_REFERENCE_SIMULATION,9.230769230769225,1,1
c31e45a39d28e22b70b2,PH52-007,BUY_PUT,development,804301753400916af24f,2023-12-28,15,EXCLUDED_OHLC_RANGE_PROXY,True,ELIGIBLE_FOR_OHLC_PRICE_REFERENCE_SIMULATION,13.793103448275865,1,1
c31e45a39d28e22b70b2,PH52-007,BUY_PUT,validation,c1472f0b801661762bc6,2024-01-04,15,EXCLUDED_OHLC_RANGE_PROXY,False,OHLC_RANGE_PROXY_EXCEEDS_THRESHOLD,16.091954022988492,1,1
c31e45a39d28e22b70b2,PH52-007,BUY_PUT,validation,1d33307443bd39106f13,2024-05-30,15,EXCLUDED_OHLC_RANGE_PROXY,True,ELIGIBLE_FOR_OHLC_PRICE_REFERENCE_SIMULATION,11.267605633802809,1,1
c31e45a39d28e22b70b2,PH52-007,BUY_PUT,validation,50696f11ab0417607875,2024-10-17,15,EXCLUDED_OHLC_RANGE_PROXY,True,ELIGIBLE_FOR_OHLC_PRICE_REFERENCE_SIMULATION,11.585365853658528,1,1
c31e45a39d28e22b70b2,PH52-007,BUY_PUT,validation,58a4c4843286bd3943a2,2025-03-13,15,BLOCKED_LEG_ELIGIBILITY,False,REQUIRED_LEG_PRIOR_OI_BELOW_100,14.736842105263161,1,1
c31e45a39d28e22b70b2,PH52-007,BUY_PUT,validation,e5919e2053dc59805884,2025-07-31,15,BLOCKED_LEG_ELIGIBILITY,False,REQUIRED_LEG_PRIOR_OI_BELOW_100,8.666666666666679,1,1
c31e45a39d28e22b70b2,PH52-007,BUY_PUT,validation,2744fff722d389044d25,2025-12-30,15,EXCLUDED_OHLC_RANGE_PROXY,True,ELIGIBLE_FOR_OHLC_PRICE_REFERENCE_SIMULATION,13.46153846153846,1,1
5819a5202b9b3b1cdd0b,PH52-007,BUY_PUT,development,ce8e12389ff297becff9,2021-05-27,15,EXCLUDED_OHLC_RANGE_PROXY,True,ELIGIBLE_FOR_OHLC_PRICE_REFERENCE_SIMULATION,6.493506493506482,1,1
5819a5202b9b3b1cdd0b,PH52-007,BUY_PUT,development,061c004245393c77b5c7,2021-12-09,15,EXCLUDED_OHLC_RANGE_PROXY,True,ELIGIBLE_FOR_OHLC_PRICE_REFERENCE_SIMULATION,4.255319148936174,1,1
5819a5202b9b3b1cdd0b,PH52-007,BUY_PUT,development,b58d771555d73891d2fd,2022-06-16,15,EXCLUDED_OHLC_RANGE_PROXY,False,OHLC_RANGE_PROXY_EXCEEDS_THRESHOLD,32.28346456692912,1,1
5819a5202b9b3b1cdd0b,PH52-007,BUY_PUT,development,8c9b97c314b368f7a743,2022-12-15,15,EXCLUDED_OHLC_RANGE_PROXY,True,ELIGIBLE_FOR_OHLC_PRICE_REFERENCE_SIMULATION,10.526315789473683,1,1
5819a5202b9b3b1cdd0b,PH52-007,BUY_PUT,development,b2b9482e70f4a2ace098,2023-06-22,15,EXCLUDED_OHLC_RANGE_PROXY,True,ELIGIBLE_FOR_OHLC_PRICE_REFERENCE_SIMULATION,11.111111111111104,1,1
5819a5202b9b3b1cdd0b,PH52-007,BUY_PUT,development,804301753400916af24f,2023-12-28,15,EXCLUDED_OHLC_RANGE_PROXY,True,ELIGIBLE_FOR_OHLC_PRICE_REFERENCE_SIMULATION,11.49425287356322,1,1
5819a5202b9b3b1cdd0b,PH52-007,BUY_PUT,validation,c1472f0b801661762bc6,2024-01-04,15,EXCLUDED_OHLC_RANGE_PROXY,True,ELIGIBLE_FOR_OHLC_PRICE_REFERENCE_SIMULATION,8.695652173913052,1,1
5819a5202b9b3b1cdd0b,PH52-007,BUY_PUT,validation,1d33307443bd39106f13,2024-05-30,15,EXCLUDED_OHLC_RANGE_PROXY,True,ELIGIBLE_FOR_OHLC_PRICE_REFERENCE_SIMULATION,9.022556390977451,1,1
5819a5202b9b3b1cdd0b,PH52-007,BUY_PUT,validation,50696f11ab0417607875,2024-10-17,15,EXCLUDED_OHLC_RANGE_PROXY,True,ELIGIBLE_FOR_OHLC_PRICE_REFERENCE_SIMULATION,11.111111111111109,1,1
5819a5202b9b3b1cdd0b,PH52-007,BUY_PUT,validation,58a4c4843286bd3943a2,2025-03-13,15,BLOCKED_LEG_ELIGIBILITY,False,REQUIRED_LEG_PRIOR_OI_BELOW_100,8.000000000000007,1,1
5819a5202b9b3b1cdd0b,PH52-007,BUY_PUT,validation,e5919e2053dc59805884,2025-07-31,15,BLOCKED_LEG_ELIGIBILITY,False,REQUIRED_LEG_PRIOR_OI_BELOW_100,7.042253521126761,1,1
5819a5202b9b3b1cdd0b,PH52-007,BUY_PUT,validation,2744fff722d389044d25,2025-12-30,15,EXCLUDED_OHLC_RANGE_PROXY,True,ELIGIBLE_FOR_OHLC_PRICE_REFERENCE_SIMULATION,10.526315789473683,1,1
98dbdd88c3b8df3d0d98,PH52-049,LONG_STRADDLE,development,01f752daf3bb0e90d7b1,2021-05-27,15,EXCLUDED_OHLC_RANGE_PROXY,True,ELIGIBLE_FOR_OHLC_PRICE_REFERENCE_SIMULATION,5.246913580246912,2,2
98dbdd88c3b8df3d0d98,PH52-049,LONG_STRADDLE,development,0ddaab2f8946678d3082,2021-12-09,15,EXCLUDED_OHLC_RANGE_PROXY,True,ELIGIBLE_FOR_OHLC_PRICE_REFERENCE_SIMULATION,13.059427732942025,2,2
98dbdd88c3b8df3d0d98,PH52-049,LONG_STRADDLE,development,044eef05c3277601504c,2022-06-16,15,EXCLUDED_OHLC_RANGE_PROXY,True,ELIGIBLE_FOR_OHLC_PRICE_REFERENCE_SIMULATION,10.736196319018415,2,2
98dbdd88c3b8df3d0d98,PH52-049,LONG_STRADDLE,development,307dafef42b72c870148,2022-12-15,15,EXCLUDED_OHLC_RANGE_PROXY,True,ELIGIBLE_FOR_OHLC_PRICE_REFERENCE_SIMULATION,5.957446808510648,2,2
98dbdd88c3b8df3d0d98,PH52-049,LONG_STRADDLE,development,c8a686f986a21faa7ed5,2023-06-22,15,EXCLUDED_OHLC_RANGE_PROXY,True,ELIGIBLE_FOR_OHLC_PRICE_REFERENCE_SIMULATION,11.021505376344088,2,2
98dbdd88c3b8df3d0d98,PH52-049,LONG_STRADDLE,development,84c7352397ed038c3ea2,2023-12-28,15,EXCLUDED_OHLC_RANGE_PROXY,True,ELIGIBLE_FOR_OHLC_PRICE_REFERENCE_SIMULATION,4.341736694677863,2,2
98dbdd88c3b8df3d0d98,PH52-049,LONG_STRADDLE,validation,f104c6f1662847c5bbcc,2024-01-04,15,EXCLUDED_OHLC_RANGE_PROXY,True,ELIGIBLE_FOR_OHLC_PRICE_REFERENCE_SIMULATION,6.666666666666658,2,2
98dbdd88c3b8df3d0d98,PH52-049,LONG_STRADDLE,validation,0cd34c6b63a9f995c503,2024-05-30,15,EXCLUDED_OHLC_RANGE_PROXY,True,ELIGIBLE_FOR_OHLC_PRICE_REFERENCE_SIMULATION,8.21529745042493,2,2
98dbdd88c3b8df3d0d98,PH52-049,LONG_STRADDLE,validation,75007ced19cb5e12e01f,2024-10-17,15,EXCLUDED_OHLC_RANGE_PROXY,False,OHLC_RANGE_PROXY_EXCEEDS_THRESHOLD,20.713899405083833,2,2
98dbdd88c3b8df3d0d98,PH52-049,LONG_STRADDLE,validation,8eb8f1add17ecb221cbd,2025-03-13,15,BLOCKED_LEG_ELIGIBILITY,False,REQUIRED_LEG_PRIOR_OI_BELOW_100,14.285714285714286,2,2
98dbdd88c3b8df3d0d98,PH52-049,LONG_STRADDLE,validation,14d9997729e438213524,2025-07-31,15,BLOCKED_LEG_ELIGIBILITY,False,REQUIRED_LEG_PRIOR_OI_BELOW_100,12.089810017271157,2,2
98dbdd88c3b8df3d0d98,PH52-049,LONG_STRADDLE,validation,4a919e0bde313b9b9ee1,2025-12-30,15,BLOCKED_LEG_ELIGIBILITY,False,REQUIRED_LEG_PRIOR_OI_BELOW_100,17.257683215130037,2,2
c4749ba6933734c7ed45,PH52-049,LONG_STRADDLE,development,01f752daf3bb0e90d7b1,2021-05-27,15,EXCLUDED_OHLC_RANGE_PROXY,True,ELIGIBLE_FOR_OHLC_PRICE_REFERENCE_SIMULATION,5.9999999999999964,2,2
c4749ba6933734c7ed45,PH52-049,LONG_STRADDLE,development,0ddaab2f8946678d3082,2021-12-09,15,EXCLUDED_OHLC_RANGE_PROXY,True,ELIGIBLE_FOR_OHLC_PRICE_REFERENCE_SIMULATION,10.596026490066224,2,2
c4749ba6933734c7ed45,PH52-049,LONG_STRADDLE,development,044eef05c3277601504c,2022-06-16,15,EXCLUDED_OHLC_RANGE_PROXY,True,ELIGIBLE_FOR_OHLC_PRICE_REFERENCE_SIMULATION,9.78260869565216,2,2
c4749ba6933734c7ed45,PH52-049,LONG_STRADDLE,development,307dafef42b72c870148,2022-12-15,15,EXCLUDED_OHLC_RANGE_PROXY,True,ELIGIBLE_FOR_OHLC_PRICE_REFERENCE_SIMULATION,3.63636363636364,2,2
c4749ba6933734c7ed45,PH52-049,LONG_STRADDLE,development,c8a686f986a21faa7ed5,2023-06-22,15,EXCLUDED_OHLC_RANGE_PROXY,True,ELIGIBLE_FOR_OHLC_PRICE_REFERENCE_SIMULATION,7.547169811320744,2,2
c4749ba6933734c7ed45,PH52-049,LONG_STRADDLE,development,84c7352397ed038c3ea2,2023-12-28,15,EXCLUDED_OHLC_RANGE_PROXY,True,ELIGIBLE_FOR_OHLC_PRICE_REFERENCE_SIMULATION,4.784688995215311,2,2
c4749ba6933734c7ed45,PH52-049,LONG_STRADDLE,validation,f104c6f1662847c5bbcc,2024-01-04,15,EXCLUDED_OHLC_RANGE_PROXY,True,ELIGIBLE_FOR_OHLC_PRICE_REFERENCE_SIMULATION,5.882352941176485,2,2
c4749ba6933734c7ed45,PH52-049,LONG_STRADDLE,validation,0cd34c6b63a9f995c503,2024-05-30,15,EXCLUDED_OHLC_RANGE_PROXY,True,ELIGIBLE_FOR_OHLC_PRICE_REFERENCE_SIMULATION,8.739837398373977,2,2
c4749ba6933734c7ed45,PH52-049,LONG_STRADDLE,validation,75007ced19cb5e12e01f,2024-10-17,15,EXCLUDED_OHLC_RANGE_PROXY,False,OHLC_RANGE_PROXY_EXCEEDS_THRESHOLD,15.302491103202849,2,2
c4749ba6933734c7ed45,PH52-049,LONG_STRADDLE,validation,8eb8f1add17ecb221cbd,2025-03-13,15,BLOCKED_LEG_ELIGIBILITY,False,REQUIRED_LEG_PRIOR_OI_BELOW_100,12.37113402061857,2,2
c4749ba6933734c7ed45,PH52-049,LONG_STRADDLE,validation,14d9997729e438213524,2025-07-31,15,BLOCKED_LEG_ELIGIBILITY,False,REQUIRED_LEG_PRIOR_OI_BELOW_100,12.385321100917428,2,2
c4749ba6933734c7ed45,PH52-049,LONG_STRADDLE,validation,4a919e0bde313b9b9ee1,2025-12-30,15,BLOCKED_LEG_ELIGIBILITY,False,REQUIRED_LEG_PRIOR_OI_BELOW_100,15.51724137931035,2,2
0a2c71c6e12e773afc2d,PH52-049,LONG_STRADDLE,development,ce8e12389ff297becff9,2021-05-27,15,EXCLUDED_OHLC_RANGE_PROXY,True,ELIGIBLE_FOR_OHLC_PRICE_REFERENCE_SIMULATION,10.322580645161288,2,2
0a2c71c6e12e773afc2d,PH52-049,LONG_STRADDLE,development,061c004245393c77b5c7,2021-12-09,15,EXCLUDED_OHLC_RANGE_PROXY,True,ELIGIBLE_FOR_OHLC_PRICE_REFERENCE_SIMULATION,9.48509485094851,2,2
0a2c71c6e12e773afc2d,PH52-049,LONG_STRADDLE,development,b58d771555d73891d2fd,2022-06-16,15,EXCLUDED_OHLC_RANGE_PROXY,False,OHLC_RANGE_PROXY_EXCEEDS_THRESHOLD,21.229050279329606,2,2
0a2c71c6e12e773afc2d,PH52-049,LONG_STRADDLE,development,8c9b97c314b368f7a743,2022-12-15,15,EXCLUDED_OHLC_RANGE_PROXY,True,ELIGIBLE_FOR_OHLC_PRICE_REFERENCE_SIMULATION,8.940852819807427,2,2
0a2c71c6e12e773afc2d,PH52-049,LONG_STRADDLE,development,b2b9482e70f4a2ace098,2023-06-22,15,EXCLUDED_OHLC_RANGE_PROXY,True,ELIGIBLE_FOR_OHLC_PRICE_REFERENCE_SIMULATION,11.874999999999991,2,2
0a2c71c6e12e773afc2d,PH52-049,LONG_STRADDLE,development,804301753400916af24f,2023-12-28,15,EXCLUDED_OHLC_RANGE_PROXY,True,ELIGIBLE_FOR_OHLC_PRICE_REFERENCE_SIMULATION,12.962962962962964,2,2
0a2c71c6e12e773afc2d,PH52-049,LONG_STRADDLE,validation,c1472f0b801661762bc6,2024-01-04,15,EXCLUDED_OHLC_RANGE_PROXY,False,OHLC_RANGE_PROXY_EXCEEDS_THRESHOLD,17.58241758241759,2,2
0a2c71c6e12e773afc2d,PH52-049,LONG_STRADDLE,validation,1d33307443bd39106f13,2024-05-30,15,EXCLUDED_OHLC_RANGE_PROXY,True,ELIGIBLE_FOR_OHLC_PRICE_REFERENCE_SIMULATION,12.436548223350252,2,2
0a2c71c6e12e773afc2d,PH52-049,LONG_STRADDLE,validation,50696f11ab0417607875,2024-10-17,15,EXCLUDED_OHLC_RANGE_PROXY,False,OHLC_RANGE_PROXY_EXCEEDS_THRESHOLD,17.857142857142858,2,2
0a2c71c6e12e773afc2d,PH52-049,LONG_STRADDLE,validation,58a4c4843286bd3943a2,2025-03-13,15,BLOCKED_LEG_ELIGIBILITY,False,REQUIRED_LEG_PRIOR_OI_BELOW_100,10.0,2,2
0a2c71c6e12e773afc2d,PH52-049,LONG_STRADDLE,validation,e5919e2053dc59805884,2025-07-31,15,BLOCKED_LEG_ELIGIBILITY,False,REQUIRED_LEG_PRIOR_OI_BELOW_100,27.142857142857146,2,2
0a2c71c6e12e773afc2d,PH52-049,LONG_STRADDLE,validation,2744fff722d389044d25,2025-12-30,15,EXCLUDED_OHLC_RANGE_PROXY,True,ELIGIBLE_FOR_OHLC_PRICE_REFERENCE_SIMULATION,11.363636363636365,2,2
2432b3ba491006a1f15a,PH52-049,LONG_STRADDLE,development,ce8e12389ff297becff9,2021-05-27,15,EXCLUDED_OHLC_RANGE_PROXY,True,ELIGIBLE_FOR_OHLC_PRICE_REFERENCE_SIMULATION,10.000000000000009,2,2
2432b3ba491006a1f15a,PH52-049,LONG_STRADDLE,development,061c004245393c77b5c7,2021-12-09,15,EXCLUDED_OHLC_RANGE_PROXY,True,ELIGIBLE_FOR_OHLC_PRICE_REFERENCE_SIMULATION,7.499999999999996,2,2
2432b3ba491006a1f15a,PH52-049,LONG_STRADDLE,development,b58d771555d73891d2fd,2022-06-16,15,EXCLUDED_OHLC_RANGE_PROXY,False,OHLC_RANGE_PROXY_EXCEEDS_THRESHOLD,21.73913043478261,2,2
2432b3ba491006a1f15a,PH52-049,LONG_STRADDLE,development,8c9b97c314b368f7a743,2022-12-15,15,EXCLUDED_OHLC_RANGE_PROXY,True,ELIGIBLE_FOR_OHLC_PRICE_REFERENCE_SIMULATION,3.741358275721845,2,2
2432b3ba491006a1f15a,PH52-049,LONG_STRADDLE,development,b2b9482e70f4a2ace098,2023-06-22,15,EXCLUDED_OHLC_RANGE_PROXY,True,ELIGIBLE_FOR_OHLC_PRICE_REFERENCE_SIMULATION,6.250000000000005,2,2
2432b3ba491006a1f15a,PH52-049,LONG_STRADDLE,development,804301753400916af24f,2023-12-28,15,EXCLUDED_OHLC_RANGE_PROXY,True,ELIGIBLE_FOR_OHLC_PRICE_REFERENCE_SIMULATION,9.803921568627452,2,2
2432b3ba491006a1f15a,PH52-049,LONG_STRADDLE,validation,c1472f0b801661762bc6,2024-01-04,15,EXCLUDED_OHLC_RANGE_PROXY,False,OHLC_RANGE_PROXY_EXCEEDS_THRESHOLD,15.384615384615381,2,2
2432b3ba491006a1f15a,PH52-049,LONG_STRADDLE,validation,1d33307443bd39106f13,2024-05-30,15,EXCLUDED_OHLC_RANGE_PROXY,True,ELIGIBLE_FOR_OHLC_PRICE_REFERENCE_SIMULATION,12.056737588652478,2,2
2432b3ba491006a1f15a,PH52-049,LONG_STRADDLE,validation,50696f11ab0417607875,2024-10-17,15,EXCLUDED_OHLC_RANGE_PROXY,True,ELIGIBLE_FOR_OHLC_PRICE_REFERENCE_SIMULATION,14.285714285714288,2,2
2432b3ba491006a1f15a,PH52-049,LONG_STRADDLE,validation,58a4c4843286bd3943a2,2025-03-13,15,BLOCKED_LEG_ELIGIBILITY,False,REQUIRED_LEG_PRIOR_OI_BELOW_100,8.510638297872347,2,2
2432b3ba491006a1f15a,PH52-049,LONG_STRADDLE,validation,e5919e2053dc59805884,2025-07-31,15,BLOCKED_LEG_ELIGIBILITY,False,REQUIRED_LEG_PRIOR_OI_BELOW_100,34.78260869565216,2,2
2432b3ba491006a1f15a,PH52-049,LONG_STRADDLE,validation,2744fff722d389044d25,2025-12-30,15,EXCLUDED_OHLC_RANGE_PROXY,True,ELIGIBLE_FOR_OHLC_PRICE_REFERENCE_SIMULATION,7.1428571428571495,2,2
722daeb1f1c06b54a1ee,PH52-061,LONG_STRANGLE,development,01f752daf3bb0e90d7b1,2021-05-27,15,EXCLUDED_OHLC_RANGE_PROXY,True,ELIGIBLE_FOR_OHLC_PRICE_REFERENCE_SIMULATION,5.2631578947368425,2,2
722daeb1f1c06b54a1ee,PH52-061,LONG_STRANGLE,development,0ddaab2f8946678d3082,2021-12-09,15,EXCLUDED_OHLC_RANGE_PROXY,False,OHLC_RANGE_PROXY_EXCEEDS_THRESHOLD,17.18213058419244,2,2
722daeb1f1c06b54a1ee,PH52-061,LONG_STRANGLE,development,044eef05c3277601504c,2022-06-16,15,EXCLUDED_OHLC_RANGE_PROXY,True,ELIGIBLE_FOR_OHLC_PRICE_REFERENCE_SIMULATION,13.354037267080747,2,2
722daeb1f1c06b54a1ee,PH52-061,LONG_STRANGLE,development,307dafef42b72c870148,2022-12-15,15,EXCLUDED_OHLC_RANGE_PROXY,True,ELIGIBLE_FOR_OHLC_PRICE_REFERENCE_SIMULATION,9.302325581395358,2,2
722daeb1f1c06b54a1ee,PH52-061,LONG_STRANGLE,development,c8a686f986a21faa7ed5,2023-06-22,15,EXCLUDED_OHLC_RANGE_PROXY,True,ELIGIBLE_FOR_OHLC_PRICE_REFERENCE_SIMULATION,11.021505376344088,2,2
722daeb1f1c06b54a1ee,PH52-061,LONG_STRANGLE,development,84c7352397ed038c3ea2,2023-12-28,15,EXCLUDED_OHLC_RANGE_PROXY,True,ELIGIBLE_FOR_OHLC_PRICE_REFERENCE_SIMULATION,4.437869822485207,2,2
722daeb1f1c06b54a1ee,PH52-061,LONG_STRANGLE,validation,f104c6f1662847c5bbcc,2024-01-04,15,EXCLUDED_OHLC_RANGE_PROXY,True,ELIGIBLE_FOR_OHLC_PRICE_REFERENCE_SIMULATION,10.970464135021087,2,2
722daeb1f1c06b54a1ee,PH52-061,LONG_STRANGLE,validation,0cd34c6b63a9f995c503,2024-05-30,15,EXCLUDED_OHLC_RANGE_PROXY,True,ELIGIBLE_FOR_OHLC_PRICE_REFERENCE_SIMULATION,10.26677445432497,2,2
722daeb1f1c06b54a1ee,PH52-061,LONG_STRANGLE,validation,75007ced19cb5e12e01f,2024-10-17,15,EXCLUDED_OHLC_RANGE_PROXY,False,OHLC_RANGE_PROXY_EXCEEDS_THRESHOLD,34.10326086956523,2,2
722daeb1f1c06b54a1ee,PH52-061,LONG_STRANGLE,validation,8eb8f1add17ecb221cbd,2025-03-13,15,BLOCKED_LEG_ELIGIBILITY,False,REQUIRED_LEG_PRIOR_OI_BELOW_100,14.285714285714286,2,2
722daeb1f1c06b54a1ee,PH52-061,LONG_STRANGLE,validation,14d9997729e438213524,2025-07-31,15,BLOCKED_LEG_ELIGIBILITY,False,REQUIRED_LEG_PRIOR_OI_BELOW_100,12.089810017271157,2,2
722daeb1f1c06b54a1ee,PH52-061,LONG_STRANGLE,validation,4a919e0bde313b9b9ee1,2025-12-30,15,BLOCKED_LEG_ELIGIBILITY,False,REQUIRED_LEG_PRIOR_OI_BELOW_100,17.257683215130037,2,2
2173cfebeda92408e9c0,PH52-061,LONG_STRANGLE,development,01f752daf3bb0e90d7b1,2021-05-27,15,EXCLUDED_OHLC_RANGE_PROXY,True,ELIGIBLE_FOR_OHLC_PRICE_REFERENCE_SIMULATION,6.329113924050633,2,2
2173cfebeda92408e9c0,PH52-061,LONG_STRANGLE,development,0ddaab2f8946678d3082,2021-12-09,15,EXCLUDED_OHLC_RANGE_PROXY,False,OHLC_RANGE_PROXY_EXCEEDS_THRESHOLD,20.888888888888886,2,2
2173cfebeda92408e9c0,PH52-061,LONG_STRANGLE,development,044eef05c3277601504c,2022-06-16,15,EXCLUDED_OHLC_RANGE_PROXY,True,ELIGIBLE_FOR_OHLC_PRICE_REFERENCE_SIMULATION,13.705583756345176,2,2
2173cfebeda92408e9c0,PH52-061,LONG_STRANGLE,development,307dafef42b72c870148,2022-12-15,15,EXCLUDED_OHLC_RANGE_PROXY,True,ELIGIBLE_FOR_OHLC_PRICE_REFERENCE_SIMULATION,8.771929824561402,2,2
2173cfebeda92408e9c0,PH52-061,LONG_STRANGLE,development,c8a686f986a21faa7ed5,2023-06-22,15,EXCLUDED_OHLC_RANGE_PROXY,True,ELIGIBLE_FOR_OHLC_PRICE_REFERENCE_SIMULATION,7.547169811320744,2,2
2173cfebeda92408e9c0,PH52-061,LONG_STRANGLE,development,84c7352397ed038c3ea2,2023-12-28,15,EXCLUDED_OHLC_RANGE_PROXY,True,ELIGIBLE_FOR_OHLC_PRICE_REFERENCE_SIMULATION,5.2044609665427455,2,2
2173cfebeda92408e9c0,PH52-061,LONG_STRANGLE,validation,f104c6f1662847c5bbcc,2024-01-04,15,EXCLUDED_OHLC_RANGE_PROXY,True,ELIGIBLE_FOR_OHLC_PRICE_REFERENCE_SIMULATION,12.90322580645161,2,2
2173cfebeda92408e9c0,PH52-061,LONG_STRANGLE,validation,0cd34c6b63a9f995c503,2024-05-30,15,EXCLUDED_OHLC_RANGE_PROXY,True,ELIGIBLE_FOR_OHLC_PRICE_REFERENCE_SIMULATION,12.335526315789474,2,2
2173cfebeda92408e9c0,PH52-061,LONG_STRANGLE,validation,75007ced19cb5e12e01f,2024-10-17,15,EXCLUDED_OHLC_RANGE_PROXY,False,OHLC_RANGE_PROXY_EXCEEDS_THRESHOLD,44.444444444444436,2,2
2173cfebeda92408e9c0,PH52-061,LONG_STRANGLE,validation,8eb8f1add17ecb221cbd,2025-03-13,15,BLOCKED_LEG_ELIGIBILITY,False,REQUIRED_LEG_PRIOR_OI_BELOW_100,12.37113402061857,2,2
2173cfebeda92408e9c0,PH52-061,LONG_STRANGLE,validation,14d9997729e438213524,2025-07-31,15,BLOCKED_LEG_ELIGIBILITY,False,REQUIRED_LEG_PRIOR_OI_BELOW_100,12.385321100917428,2,2
2173cfebeda92408e9c0,PH52-061,LONG_STRANGLE,validation,4a919e0bde313b9b9ee1,2025-12-30,15,BLOCKED_LEG_ELIGIBILITY,False,REQUIRED_LEG_PRIOR_OI_BELOW_100,15.51724137931035,2,2
2f22cd4cb483cbbd04af,PH52-061,LONG_STRANGLE,development,ce8e12389ff297becff9,2021-05-27,15,EXCLUDED_OHLC_RANGE_PROXY,True,ELIGIBLE_FOR_OHLC_PRICE_REFERENCE_SIMULATION,10.322580645161288,2,2
2f22cd4cb483cbbd04af,PH52-061,LONG_STRANGLE,development,061c004245393c77b5c7,2021-12-09,15,EXCLUDED_OHLC_RANGE_PROXY,True,ELIGIBLE_FOR_OHLC_PRICE_REFERENCE_SIMULATION,10.270270270270263,2,2
2f22cd4cb483cbbd04af,PH52-061,LONG_STRANGLE,development,b58d771555d73891d2fd,2022-06-16,15,EXCLUDED_OHLC_RANGE_PROXY,False,OHLC_RANGE_PROXY_EXCEEDS_THRESHOLD,25.89118198874296,2,2
2f22cd4cb483cbbd04af,PH52-061,LONG_STRANGLE,development,8c9b97c314b368f7a743,2022-12-15,15,EXCLUDED_OHLC_RANGE_PROXY,False,OHLC_RANGE_PROXY_EXCEEDS_THRESHOLD,16.250000000000007,2,2
2f22cd4cb483cbbd04af,PH52-061,LONG_STRANGLE,development,b2b9482e70f4a2ace098,2023-06-22,15,EXCLUDED_OHLC_RANGE_PROXY,True,ELIGIBLE_FOR_OHLC_PRICE_REFERENCE_SIMULATION,11.874999999999991,2,2
2f22cd4cb483cbbd04af,PH52-061,LONG_STRANGLE,development,804301753400916af24f,2023-12-28,15,EXCLUDED_OHLC_RANGE_PROXY,True,ELIGIBLE_FOR_OHLC_PRICE_REFERENCE_SIMULATION,13.793103448275865,2,2
2f22cd4cb483cbbd04af,PH52-061,LONG_STRANGLE,validation,c1472f0b801661762bc6,2024-01-04,15,EXCLUDED_OHLC_RANGE_PROXY,False,OHLC_RANGE_PROXY_EXCEEDS_THRESHOLD,17.58241758241759,2,2
2f22cd4cb483cbbd04af,PH52-061,LONG_STRANGLE,validation,1d33307443bd39106f13,2024-05-30,15,EXCLUDED_OHLC_RANGE_PROXY,True,ELIGIBLE_FOR_OHLC_PRICE_REFERENCE_SIMULATION,12.436548223350252,2,2
2f22cd4cb483cbbd04af,PH52-061,LONG_STRANGLE,validation,50696f11ab0417607875,2024-10-17,15,EXCLUDED_OHLC_RANGE_PROXY,False,OHLC_RANGE_PROXY_EXCEEDS_THRESHOLD,17.857142857142858,2,2
2f22cd4cb483cbbd04af,PH52-061,LONG_STRANGLE,validation,58a4c4843286bd3943a2,2025-03-13,15,BLOCKED_LEG_ELIGIBILITY,False,REQUIRED_LEG_PRIOR_OI_BELOW_100,14.736842105263161,2,2
2f22cd4cb483cbbd04af,PH52-061,LONG_STRANGLE,validation,e5919e2053dc59805884,2025-07-31,15,BLOCKED_LEG_ELIGIBILITY,False,REQUIRED_LEG_PRIOR_OI_BELOW_100,27.142857142857146,2,2
2f22cd4cb483cbbd04af,PH52-061,LONG_STRANGLE,validation,2744fff722d389044d25,2025-12-30,15,EXCLUDED_OHLC_RANGE_PROXY,True,ELIGIBLE_FOR_OHLC_PRICE_REFERENCE_SIMULATION,13.46153846153846,2,2
4bd35f1260b64365d38b,PH52-061,LONG_STRANGLE,development,ce8e12389ff297becff9,2021-05-27,15,EXCLUDED_OHLC_RANGE_PROXY,True,ELIGIBLE_FOR_OHLC_PRICE_REFERENCE_SIMULATION,10.000000000000009,2,2
4bd35f1260b64365d38b,PH52-061,LONG_STRANGLE,development,061c004245393c77b5c7,2021-12-09,15,EXCLUDED_OHLC_RANGE_PROXY,True,ELIGIBLE_FOR_OHLC_PRICE_REFERENCE_SIMULATION,7.499999999999996,2,2
4bd35f1260b64365d38b,PH52-061,LONG_STRANGLE,development,b58d771555d73891d2fd,2022-06-16,15,EXCLUDED_OHLC_RANGE_PROXY,False,OHLC_RANGE_PROXY_EXCEEDS_THRESHOLD,32.28346456692912,2,2
4bd35f1260b64365d38b,PH52-061,LONG_STRANGLE,development,8c9b97c314b368f7a743,2022-12-15,15,EXCLUDED_OHLC_RANGE_PROXY,True,ELIGIBLE_FOR_OHLC_PRICE_REFERENCE_SIMULATION,10.526315789473683,2,2
4bd35f1260b64365d38b,PH52-061,LONG_STRANGLE,development,b2b9482e70f4a2ace098,2023-06-22,15,EXCLUDED_OHLC_RANGE_PROXY,True,ELIGIBLE_FOR_OHLC_PRICE_REFERENCE_SIMULATION,11.111111111111104,2,2
4bd35f1260b64365d38b,PH52-061,LONG_STRANGLE,development,804301753400916af24f,2023-12-28,15,EXCLUDED_OHLC_RANGE_PROXY,True,ELIGIBLE_FOR_OHLC_PRICE_REFERENCE_SIMULATION,11.49425287356322,2,2
4bd35f1260b64365d38b,PH52-061,LONG_STRANGLE,validation,c1472f0b801661762bc6,2024-01-04,15,EXCLUDED_OHLC_RANGE_PROXY,False,OHLC_RANGE_PROXY_EXCEEDS_THRESHOLD,15.384615384615381,2,2
4bd35f1260b64365d38b,PH52-061,LONG_STRANGLE,validation,1d33307443bd39106f13,2024-05-30,15,EXCLUDED_OHLC_RANGE_PROXY,True,ELIGIBLE_FOR_OHLC_PRICE_REFERENCE_SIMULATION,12.056737588652478,2,2
4bd35f1260b64365d38b,PH52-061,LONG_STRANGLE,validation,50696f11ab0417607875,2024-10-17,15,EXCLUDED_OHLC_RANGE_PROXY,True,ELIGIBLE_FOR_OHLC_PRICE_REFERENCE_SIMULATION,14.285714285714288,2,2
4bd35f1260b64365d38b,PH52-061,LONG_STRANGLE,validation,58a4c4843286bd3943a2,2025-03-13,15,BLOCKED_LEG_ELIGIBILITY,False,REQUIRED_LEG_PRIOR_OI_BELOW_100,8.510638297872347,2,2
4bd35f1260b64365d38b,PH52-061,LONG_STRANGLE,validation,e5919e2053dc59805884,2025-07-31,15,BLOCKED_LEG_ELIGIBILITY,False,REQUIRED_LEG_PRIOR_OI_BELOW_100,34.78260869565216,2,2
4bd35f1260b64365d38b,PH52-061,LONG_STRANGLE,validation,2744fff722d389044d25,2025-12-30,15,EXCLUDED_OHLC_RANGE_PROXY,True,ELIGIBLE_FOR_OHLC_PRICE_REFERENCE_SIMULATION,10.526315789473683,2,2
89f52cd7e0b3bc8ec28c,PH52-073,SHORT_IRON_CONDOR,development,01f752daf3bb0e90d7b1,2021-05-27,15,EXCLUDED_OHLC_RANGE_PROXY,True,ELIGIBLE_FOR_OHLC_PRICE_REFERENCE_SIMULATION,5.448717948717936,4,4
89f52cd7e0b3bc8ec28c,PH52-073,SHORT_IRON_CONDOR,development,0ddaab2f8946678d3082,2021-12-09,15,EXCLUDED_OHLC_RANGE_PROXY,False,OHLC_RANGE_PROXY_EXCEEDS_THRESHOLD,19.444444444444443,4,4
89f52cd7e0b3bc8ec28c,PH52-073,SHORT_IRON_CONDOR,development,044eef05c3277601504c,2022-06-16,15,EXCLUDED_OHLC_RANGE_PROXY,True,ELIGIBLE_FOR_OHLC_PRICE_REFERENCE_SIMULATION,14.363143631436328,4,4
89f52cd7e0b3bc8ec28c,PH52-073,SHORT_IRON_CONDOR,development,307dafef42b72c870148,2022-12-15,15,EXCLUDED_OHLC_RANGE_PROXY,True,ELIGIBLE_FOR_OHLC_PRICE_REFERENCE_SIMULATION,10.144927536231886,4,4
89f52cd7e0b3bc8ec28c,PH52-073,SHORT_IRON_CONDOR,development,c8a686f986a21faa7ed5,2023-06-22,15,EXCLUDED_OHLC_RANGE_PROXY,True,ELIGIBLE_FOR_OHLC_PRICE_REFERENCE_SIMULATION,12.765957446808503,4,4
89f52cd7e0b3bc8ec28c,PH52-073,SHORT_IRON_CONDOR,development,84c7352397ed038c3ea2,2023-12-28,15,EXCLUDED_OHLC_RANGE_PROXY,True,ELIGIBLE_FOR_OHLC_PRICE_REFERENCE_SIMULATION,5.502392344497618,4,4
89f52cd7e0b3bc8ec28c,PH52-073,SHORT_IRON_CONDOR,validation,f104c6f1662847c5bbcc,2024-01-04,15,EXCLUDED_OHLC_RANGE_PROXY,True,ELIGIBLE_FOR_OHLC_PRICE_REFERENCE_SIMULATION,10.970464135021087,4,4
89f52cd7e0b3bc8ec28c,PH52-073,SHORT_IRON_CONDOR,validation,0cd34c6b63a9f995c503,2024-05-30,15,EXCLUDED_OHLC_RANGE_PROXY,True,ELIGIBLE_FOR_OHLC_PRICE_REFERENCE_SIMULATION,12.13151927437642,4,4
89f52cd7e0b3bc8ec28c,PH52-073,SHORT_IRON_CONDOR,validation,75007ced19cb5e12e01f,2024-10-17,15,EXCLUDED_OHLC_RANGE_PROXY,False,OHLC_RANGE_PROXY_EXCEEDS_THRESHOLD,38.80952380952382,4,4
89f52cd7e0b3bc8ec28c,PH52-073,SHORT_IRON_CONDOR,validation,8eb8f1add17ecb221cbd,2025-03-13,15,BLOCKED_LEG_ELIGIBILITY,False,REQUIRED_LEG_PRIOR_OI_BELOW_100,14.285714285714286,4,4
89f52cd7e0b3bc8ec28c,PH52-073,SHORT_IRON_CONDOR,validation,14d9997729e438213524,2025-07-31,15,BLOCKED_LEG_ELIGIBILITY,False,REQUIRED_LEG_PRIOR_OI_BELOW_100,14.367816091954024,4,4
89f52cd7e0b3bc8ec28c,PH52-073,SHORT_IRON_CONDOR,validation,4a919e0bde313b9b9ee1,2025-12-30,15,BLOCKED_LEG_ELIGIBILITY,False,REQUIRED_LEG_PRIOR_OI_BELOW_100,17.257683215130037,4,4
ed63864fa6c58959e82b,PH52-073,SHORT_IRON_CONDOR,development,01f752daf3bb0e90d7b1,2021-05-27,15,EXCLUDED_OHLC_RANGE_PROXY,True,ELIGIBLE_FOR_OHLC_PRICE_REFERENCE_SIMULATION,6.25,4,4
ed63864fa6c58959e82b,PH52-073,SHORT_IRON_CONDOR,development,0ddaab2f8946678d3082,2021-12-09,15,EXCLUDED_OHLC_RANGE_PROXY,False,OHLC_RANGE_PROXY_EXCEEDS_THRESHOLD,21.01449275362318,4,4
ed63864fa6c58959e82b,PH52-073,SHORT_IRON_CONDOR,development,044eef05c3277601504c,2022-06-16,15,EXCLUDED_OHLC_RANGE_PROXY,True,ELIGIBLE_FOR_OHLC_PRICE_REFERENCE_SIMULATION,13.354037267080747,4,4
ed63864fa6c58959e82b,PH52-073,SHORT_IRON_CONDOR,development,307dafef42b72c870148,2022-12-15,15,EXCLUDED_OHLC_RANGE_PROXY,True,ELIGIBLE_FOR_OHLC_PRICE_REFERENCE_SIMULATION,9.302325581395358,4,4
ed63864fa6c58959e82b,PH52-073,SHORT_IRON_CONDOR,development,c8a686f986a21faa7ed5,2023-06-22,15,EXCLUDED_OHLC_RANGE_PROXY,True,ELIGIBLE_FOR_OHLC_PRICE_REFERENCE_SIMULATION,11.021505376344088,4,4
ed63864fa6c58959e82b,PH52-073,SHORT_IRON_CONDOR,development,84c7352397ed038c3ea2,2023-12-28,15,EXCLUDED_OHLC_RANGE_PROXY,True,ELIGIBLE_FOR_OHLC_PRICE_REFERENCE_SIMULATION,5.681818181818182,4,4
ed63864fa6c58959e82b,PH52-073,SHORT_IRON_CONDOR,validation,f104c6f1662847c5bbcc,2024-01-04,15,EXCLUDED_OHLC_RANGE_PROXY,True,ELIGIBLE_FOR_OHLC_PRICE_REFERENCE_SIMULATION,10.970464135021087,4,4
ed63864fa6c58959e82b,PH52-073,SHORT_IRON_CONDOR,validation,0cd34c6b63a9f995c503,2024-05-30,15,EXCLUDED_OHLC_RANGE_PROXY,True,ELIGIBLE_FOR_OHLC_PRICE_REFERENCE_SIMULATION,14.496314496314492,4,4
ed63864fa6c58959e82b,PH52-073,SHORT_IRON_CONDOR,validation,75007ced19cb5e12e01f,2024-10-17,15,EXCLUDED_OHLC_RANGE_PROXY,False,OHLC_RANGE_PROXY_EXCEEDS_THRESHOLD,44.02985074626865,4,4
ed63864fa6c58959e82b,PH52-073,SHORT_IRON_CONDOR,validation,8eb8f1add17ecb221cbd,2025-03-13,15,BLOCKED_LEG_ELIGIBILITY,False,REQUIRED_LEG_PRIOR_OI_BELOW_100,14.285714285714286,4,4
ed63864fa6c58959e82b,PH52-073,SHORT_IRON_CONDOR,validation,14d9997729e438213524,2025-07-31,15,BLOCKED_LEG_ELIGIBILITY,False,REQUIRED_LEG_PRIOR_OI_BELOW_100,12.925170068027214,4,4
ed63864fa6c58959e82b,PH52-073,SHORT_IRON_CONDOR,validation,4a919e0bde313b9b9ee1,2025-12-30,15,BLOCKED_LEG_ELIGIBILITY,False,REQUIRED_LEG_PRIOR_OI_BELOW_100,17.257683215130037,4,4
d1522f8d7f12e8386fbd,PH52-073,SHORT_IRON_CONDOR,development,01f752daf3bb0e90d7b1,2021-05-27,15,EXCLUDED_OHLC_RANGE_PROXY,True,ELIGIBLE_FOR_OHLC_PRICE_REFERENCE_SIMULATION,6.329113924050633,4,4
d1522f8d7f12e8386fbd,PH52-073,SHORT_IRON_CONDOR,development,0ddaab2f8946678d3082,2021-12-09,15,EXCLUDED_OHLC_RANGE_PROXY,False,OHLC_RANGE_PROXY_EXCEEDS_THRESHOLD,21.01449275362318,4,4
d1522f8d7f12e8386fbd,PH52-073,SHORT_IRON_CONDOR,development,044eef05c3277601504c,2022-06-16,15,EXCLUDED_OHLC_RANGE_PROXY,True,ELIGIBLE_FOR_OHLC_PRICE_REFERENCE_SIMULATION,13.705583756345176,4,4
d1522f8d7f12e8386fbd,PH52-073,SHORT_IRON_CONDOR,development,307dafef42b72c870148,2022-12-15,15,EXCLUDED_OHLC_RANGE_PROXY,True,ELIGIBLE_FOR_OHLC_PRICE_REFERENCE_SIMULATION,8.771929824561402,4,4
d1522f8d7f12e8386fbd,PH52-073,SHORT_IRON_CONDOR,development,c8a686f986a21faa7ed5,2023-06-22,15,EXCLUDED_OHLC_RANGE_PROXY,True,ELIGIBLE_FOR_OHLC_PRICE_REFERENCE_SIMULATION,7.547169811320744,4,4
d1522f8d7f12e8386fbd,PH52-073,SHORT_IRON_CONDOR,development,84c7352397ed038c3ea2,2023-12-28,15,EXCLUDED_OHLC_RANGE_PROXY,True,ELIGIBLE_FOR_OHLC_PRICE_REFERENCE_SIMULATION,5.681818181818182,4,4
d1522f8d7f12e8386fbd,PH52-073,SHORT_IRON_CONDOR,validation,f104c6f1662847c5bbcc,2024-01-04,15,EXCLUDED_OHLC_RANGE_PROXY,True,ELIGIBLE_FOR_OHLC_PRICE_REFERENCE_SIMULATION,12.90322580645161,4,4
d1522f8d7f12e8386fbd,PH52-073,SHORT_IRON_CONDOR,validation,0cd34c6b63a9f995c503,2024-05-30,15,EXCLUDED_OHLC_RANGE_PROXY,True,ELIGIBLE_FOR_OHLC_PRICE_REFERENCE_SIMULATION,14.496314496314492,4,4
d1522f8d7f12e8386fbd,PH52-073,SHORT_IRON_CONDOR,validation,75007ced19cb5e12e01f,2024-10-17,15,EXCLUDED_OHLC_RANGE_PROXY,False,OHLC_RANGE_PROXY_EXCEEDS_THRESHOLD,44.444444444444436,4,4
d1522f8d7f12e8386fbd,PH52-073,SHORT_IRON_CONDOR,validation,8eb8f1add17ecb221cbd,2025-03-13,15,BLOCKED_LEG_ELIGIBILITY,False,REQUIRED_LEG_PRIOR_OI_BELOW_100,12.37113402061857,4,4
d1522f8d7f12e8386fbd,PH52-073,SHORT_IRON_CONDOR,validation,14d9997729e438213524,2025-07-31,15,BLOCKED_LEG_ELIGIBILITY,False,REQUIRED_LEG_PRIOR_OI_BELOW_100,12.925170068027214,4,4
d1522f8d7f12e8386fbd,PH52-073,SHORT_IRON_CONDOR,validation,4a919e0bde313b9b9ee1,2025-12-30,15,BLOCKED_LEG_ELIGIBILITY,False,REQUIRED_LEG_PRIOR_OI_BELOW_100,17.187500000000007,4,4
88f406f18831fffb35a5,PH52-073,SHORT_IRON_CONDOR,development,01f752daf3bb0e90d7b1,2021-05-27,15,EXCLUDED_OHLC_RANGE_PROXY,True,ELIGIBLE_FOR_OHLC_PRICE_REFERENCE_SIMULATION,9.677419354838703,4,4
88f406f18831fffb35a5,PH52-073,SHORT_IRON_CONDOR,development,0ddaab2f8946678d3082,2021-12-09,15,EXCLUDED_OHLC_RANGE_PROXY,False,OHLC_RANGE_PROXY_EXCEEDS_THRESHOLD,20.888888888888886,4,4
88f406f18831fffb35a5,PH52-073,SHORT_IRON_CONDOR,development,044eef05c3277601504c,2022-06-16,15,EXCLUDED_OHLC_RANGE_PROXY,True,ELIGIBLE_FOR_OHLC_PRICE_REFERENCE_SIMULATION,13.705583756345176,4,4
88f406f18831fffb35a5,PH52-073,SHORT_IRON_CONDOR,development,307dafef42b72c870148,2022-12-15,15,EXCLUDED_OHLC_RANGE_PROXY,True,ELIGIBLE_FOR_OHLC_PRICE_REFERENCE_SIMULATION,8.771929824561402,4,4
88f406f18831fffb35a5,PH52-073,SHORT_IRON_CONDOR,development,c8a686f986a21faa7ed5,2023-06-22,15,EXCLUDED_OHLC_RANGE_PROXY,True,ELIGIBLE_FOR_OHLC_PRICE_REFERENCE_SIMULATION,7.547169811320744,4,4
88f406f18831fffb35a5,PH52-073,SHORT_IRON_CONDOR,development,84c7352397ed038c3ea2,2023-12-28,15,EXCLUDED_OHLC_RANGE_PROXY,True,ELIGIBLE_FOR_OHLC_PRICE_REFERENCE_SIMULATION,5.2044609665427455,4,4
88f406f18831fffb35a5,PH52-073,SHORT_IRON_CONDOR,validation,f104c6f1662847c5bbcc,2024-01-04,15,EXCLUDED_OHLC_RANGE_PROXY,True,ELIGIBLE_FOR_OHLC_PRICE_REFERENCE_SIMULATION,12.90322580645161,4,4
88f406f18831fffb35a5,PH52-073,SHORT_IRON_CONDOR,validation,0cd34c6b63a9f995c503,2024-05-30,15,EXCLUDED_OHLC_RANGE_PROXY,False,OHLC_RANGE_PROXY_EXCEEDS_THRESHOLD,16.000000000000004,4,4
88f406f18831fffb35a5,PH52-073,SHORT_IRON_CONDOR,validation,75007ced19cb5e12e01f,2024-10-17,15,EXCLUDED_OHLC_RANGE_PROXY,False,OHLC_RANGE_PROXY_EXCEEDS_THRESHOLD,44.444444444444436,4,4
88f406f18831fffb35a5,PH52-073,SHORT_IRON_CONDOR,validation,8eb8f1add17ecb221cbd,2025-03-13,15,BLOCKED_LEG_ELIGIBILITY,False,REQUIRED_LEG_PRIOR_OI_BELOW_100,12.37113402061857,4,4
88f406f18831fffb35a5,PH52-073,SHORT_IRON_CONDOR,validation,14d9997729e438213524,2025-07-31,15,BLOCKED_LEG_ELIGIBILITY,False,REQUIRED_LEG_PRIOR_OI_BELOW_100,12.385321100917428,4,4
88f406f18831fffb35a5,PH52-073,SHORT_IRON_CONDOR,validation,4a919e0bde313b9b9ee1,2025-12-30,15,BLOCKED_LEG_ELIGIBILITY,False,REQUIRED_LEG_PRIOR_OI_BELOW_100,15.51724137931035,4,4
3bb7fb2966c25f63f7b8,PH52-073,SHORT_IRON_CONDOR,development,ce8e12389ff297becff9,2021-05-27,15,EXCLUDED_OHLC_RANGE_PROXY,True,ELIGIBLE_FOR_OHLC_PRICE_REFERENCE_SIMULATION,10.322580645161288,4,4
3bb7fb2966c25f63f7b8,PH52-073,SHORT_IRON_CONDOR,development,061c004245393c77b5c7,2021-12-09,15,EXCLUDED_OHLC_RANGE_PROXY,True,ELIGIBLE_FOR_OHLC_PRICE_REFERENCE_SIMULATION,10.270270270270263,4,4
3bb7fb2966c25f63f7b8,PH52-073,SHORT_IRON_CONDOR,development,b58d771555d73891d2fd,2022-06-16,15,EXCLUDED_OHLC_RANGE_PROXY,False,OHLC_RANGE_PROXY_EXCEEDS_THRESHOLD,32.28346456692915,4,4
3bb7fb2966c25f63f7b8,PH52-073,SHORT_IRON_CONDOR,development,8c9b97c314b368f7a743,2022-12-15,15,EXCLUDED_OHLC_RANGE_PROXY,False,OHLC_RANGE_PROXY_EXCEEDS_THRESHOLD,16.250000000000007,4,4
3bb7fb2966c25f63f7b8,PH52-073,SHORT_IRON_CONDOR,development,b2b9482e70f4a2ace098,2023-06-22,15,EXCLUDED_OHLC_RANGE_PROXY,True,ELIGIBLE_FOR_OHLC_PRICE_REFERENCE_SIMULATION,11.874999999999991,4,4
3bb7fb2966c25f63f7b8,PH52-073,SHORT_IRON_CONDOR,development,804301753400916af24f,2023-12-28,15,EXCLUDED_OHLC_RANGE_PROXY,True,ELIGIBLE_FOR_OHLC_PRICE_REFERENCE_SIMULATION,13.793103448275865,4,4
3bb7fb2966c25f63f7b8,PH52-073,SHORT_IRON_CONDOR,validation,c1472f0b801661762bc6,2024-01-04,15,EXCLUDED_OHLC_RANGE_PROXY,False,OHLC_RANGE_PROXY_EXCEEDS_THRESHOLD,17.58241758241759,4,4
3bb7fb2966c25f63f7b8,PH52-073,SHORT_IRON_CONDOR,validation,1d33307443bd39106f13,2024-05-30,15,EXCLUDED_OHLC_RANGE_PROXY,True,ELIGIBLE_FOR_OHLC_PRICE_REFERENCE_SIMULATION,12.436548223350252,4,4
3bb7fb2966c25f63f7b8,PH52-073,SHORT_IRON_CONDOR,validation,50696f11ab0417607875,2024-10-17,15,EXCLUDED_OHLC_RANGE_PROXY,False,OHLC_RANGE_PROXY_EXCEEDS_THRESHOLD,17.857142857142858,4,4
3bb7fb2966c25f63f7b8,PH52-073,SHORT_IRON_CONDOR,validation,58a4c4843286bd3943a2,2025-03-13,15,BLOCKED_LEG_ELIGIBILITY,False,REQUIRED_LEG_PRIOR_OI_BELOW_100,14.736842105263161,4,4
3bb7fb2966c25f63f7b8,PH52-073,SHORT_IRON_CONDOR,validation,e5919e2053dc59805884,2025-07-31,15,BLOCKED_LEG_ELIGIBILITY,False,REQUIRED_LEG_PRIOR_OI_BELOW_100,31.39158576051781,4,4
3bb7fb2966c25f63f7b8,PH52-073,SHORT_IRON_CONDOR,validation,2744fff722d389044d25,2025-12-30,15,EXCLUDED_OHLC_RANGE_PROXY,True,ELIGIBLE_FOR_OHLC_PRICE_REFERENCE_SIMULATION,13.46153846153846,4,4
afd015454460bea2a27d,PH52-073,SHORT_IRON_CONDOR,development,ce8e12389ff297becff9,2021-05-27,15,EXCLUDED_OHLC_RANGE_PROXY,True,ELIGIBLE_FOR_OHLC_PRICE_REFERENCE_SIMULATION,10.322580645161288,4,4
afd015454460bea2a27d,PH52-073,SHORT_IRON_CONDOR,development,061c004245393c77b5c7,2021-12-09,15,EXCLUDED_OHLC_RANGE_PROXY,True,ELIGIBLE_FOR_OHLC_PRICE_REFERENCE_SIMULATION,10.270270270270263,4,4
afd015454460bea2a27d,PH52-073,SHORT_IRON_CONDOR,development,b58d771555d73891d2fd,2022-06-16,15,EXCLUDED_OHLC_RANGE_PROXY,False,OHLC_RANGE_PROXY_EXCEEDS_THRESHOLD,25.89118198874296,4,4
afd015454460bea2a27d,PH52-073,SHORT_IRON_CONDOR,development,8c9b97c314b368f7a743,2022-12-15,15,EXCLUDED_OHLC_RANGE_PROXY,False,OHLC_RANGE_PROXY_EXCEEDS_THRESHOLD,16.250000000000007,4,4
afd015454460bea2a27d,PH52-073,SHORT_IRON_CONDOR,development,b2b9482e70f4a2ace098,2023-06-22,15,EXCLUDED_OHLC_RANGE_PROXY,True,ELIGIBLE_FOR_OHLC_PRICE_REFERENCE_SIMULATION,14.285714285714299,4,4
afd015454460bea2a27d,PH52-073,SHORT_IRON_CONDOR,development,804301753400916af24f,2023-12-28,15,EXCLUDED_OHLC_RANGE_PROXY,True,ELIGIBLE_FOR_OHLC_PRICE_REFERENCE_SIMULATION,13.793103448275865,4,4
afd015454460bea2a27d,PH52-073,SHORT_IRON_CONDOR,validation,c1472f0b801661762bc6,2024-01-04,15,EXCLUDED_OHLC_RANGE_PROXY,False,OHLC_RANGE_PROXY_EXCEEDS_THRESHOLD,17.58241758241759,4,4
afd015454460bea2a27d,PH52-073,SHORT_IRON_CONDOR,validation,1d33307443bd39106f13,2024-05-30,15,EXCLUDED_OHLC_RANGE_PROXY,True,ELIGIBLE_FOR_OHLC_PRICE_REFERENCE_SIMULATION,12.436548223350252,4,4
afd015454460bea2a27d,PH52-073,SHORT_IRON_CONDOR,validation,50696f11ab0417607875,2024-10-17,15,EXCLUDED_OHLC_RANGE_PROXY,False,OHLC_RANGE_PROXY_EXCEEDS_THRESHOLD,17.857142857142858,4,4
afd015454460bea2a27d,PH52-073,SHORT_IRON_CONDOR,validation,58a4c4843286bd3943a2,2025-03-13,15,BLOCKED_LEG_ELIGIBILITY,False,REQUIRED_LEG_PRIOR_OI_BELOW_100,14.736842105263161,4,4
afd015454460bea2a27d,PH52-073,SHORT_IRON_CONDOR,validation,e5919e2053dc59805884,2025-07-31,15,BLOCKED_LEG_ELIGIBILITY,False,REQUIRED_LEG_PRIOR_OI_BELOW_100,31.521739130434792,4,4
afd015454460bea2a27d,PH52-073,SHORT_IRON_CONDOR,validation,2744fff722d389044d25,2025-12-30,15,EXCLUDED_OHLC_RANGE_PROXY,True,ELIGIBLE_FOR_OHLC_PRICE_REFERENCE_SIMULATION,13.46153846153846,4,4
2f542b011d83f30b511e,PH52-073,SHORT_IRON_CONDOR,development,ce8e12389ff297becff9,2021-05-27,15,EXCLUDED_OHLC_RANGE_PROXY,True,ELIGIBLE_FOR_OHLC_PRICE_REFERENCE_SIMULATION,10.000000000000009,4,4
2f542b011d83f30b511e,PH52-073,SHORT_IRON_CONDOR,development,061c004245393c77b5c7,2021-12-09,15,EXCLUDED_OHLC_RANGE_PROXY,True,ELIGIBLE_FOR_OHLC_PRICE_REFERENCE_SIMULATION,9.090909090909086,4,4
2f542b011d83f30b511e,PH52-073,SHORT_IRON_CONDOR,development,b58d771555d73891d2fd,2022-06-16,15,EXCLUDED_OHLC_RANGE_PROXY,False,OHLC_RANGE_PROXY_EXCEEDS_THRESHOLD,32.28346456692912,4,4
2f542b011d83f30b511e,PH52-073,SHORT_IRON_CONDOR,development,8c9b97c314b368f7a743,2022-12-15,15,EXCLUDED_OHLC_RANGE_PROXY,True,ELIGIBLE_FOR_OHLC_PRICE_REFERENCE_SIMULATION,10.526315789473683,4,4
2f542b011d83f30b511e,PH52-073,SHORT_IRON_CONDOR,development,b2b9482e70f4a2ace098,2023-06-22,15,EXCLUDED_OHLC_RANGE_PROXY,True,ELIGIBLE_FOR_OHLC_PRICE_REFERENCE_SIMULATION,14.285714285714299,4,4
2f542b011d83f30b511e,PH52-073,SHORT_IRON_CONDOR,development,804301753400916af24f,2023-12-28,15,EXCLUDED_OHLC_RANGE_PROXY,True,ELIGIBLE_FOR_OHLC_PRICE_REFERENCE_SIMULATION,11.49425287356322,4,4
2f542b011d83f30b511e,PH52-073,SHORT_IRON_CONDOR,validation,c1472f0b801661762bc6,2024-01-04,15,EXCLUDED_OHLC_RANGE_PROXY,False,OHLC_RANGE_PROXY_EXCEEDS_THRESHOLD,15.384615384615381,4,4
2f542b011d83f30b511e,PH52-073,SHORT_IRON_CONDOR,validation,1d33307443bd39106f13,2024-05-30,15,EXCLUDED_OHLC_RANGE_PROXY,True,ELIGIBLE_FOR_OHLC_PRICE_REFERENCE_SIMULATION,12.22222222222222,4,4
2f542b011d83f30b511e,PH52-073,SHORT_IRON_CONDOR,validation,50696f11ab0417607875,2024-10-17,15,EXCLUDED_OHLC_RANGE_PROXY,True,ELIGIBLE_FOR_OHLC_PRICE_REFERENCE_SIMULATION,14.285714285714299,4,4
2f542b011d83f30b511e,PH52-073,SHORT_IRON_CONDOR,validation,58a4c4843286bd3943a2,2025-03-13,15,BLOCKED_LEG_ELIGIBILITY,False,REQUIRED_LEG_PRIOR_OI_BELOW_100,8.510638297872347,4,4
2f542b011d83f30b511e,PH52-073,SHORT_IRON_CONDOR,validation,e5919e2053dc59805884,2025-07-31,15,BLOCKED_LEG_ELIGIBILITY,False,REQUIRED_LEG_PRIOR_OI_BELOW_100,34.78260869565216,4,4
2f542b011d83f30b511e,PH52-073,SHORT_IRON_CONDOR,validation,2744fff722d389044d25,2025-12-30,15,EXCLUDED_OHLC_RANGE_PROXY,True,ELIGIBLE_FOR_OHLC_PRICE_REFERENCE_SIMULATION,12.50000000000001,4,4
8ac7e282e4555d32f4b1,PH52-073,SHORT_IRON_CONDOR,development,ce8e12389ff297becff9,2021-05-27,15,EXCLUDED_OHLC_RANGE_PROXY,True,ELIGIBLE_FOR_OHLC_PRICE_REFERENCE_SIMULATION,14.285714285714299,4,4
8ac7e282e4555d32f4b1,PH52-073,SHORT_IRON_CONDOR,development,061c004245393c77b5c7,2021-12-09,15,EXCLUDED_OHLC_RANGE_PROXY,True,ELIGIBLE_FOR_OHLC_PRICE_REFERENCE_SIMULATION,10.000000000000009,4,4
8ac7e282e4555d32f4b1,PH52-073,SHORT_IRON_CONDOR,development,b58d771555d73891d2fd,2022-06-16,15,EXCLUDED_OHLC_RANGE_PROXY,False,OHLC_RANGE_PROXY_EXCEEDS_THRESHOLD,32.28346456692912,4,4
8ac7e282e4555d32f4b1,PH52-073,SHORT_IRON_CONDOR,development,8c9b97c314b368f7a743,2022-12-15,15,EXCLUDED_OHLC_RANGE_PROXY,False,OHLC_RANGE_PROXY_EXCEEDS_THRESHOLD,22.22222222222223,4,4
8ac7e282e4555d32f4b1,PH52-073,SHORT_IRON_CONDOR,development,b2b9482e70f4a2ace098,2023-06-22,15,EXCLUDED_OHLC_RANGE_PROXY,True,ELIGIBLE_FOR_OHLC_PRICE_REFERENCE_SIMULATION,12.499999999999996,4,4
8ac7e282e4555d32f4b1,PH52-073,SHORT_IRON_CONDOR,development,804301753400916af24f,2023-12-28,15,EXCLUDED_OHLC_RANGE_PROXY,True,ELIGIBLE_FOR_OHLC_PRICE_REFERENCE_SIMULATION,11.49425287356322,4,4
8ac7e282e4555d32f4b1,PH52-073,SHORT_IRON_CONDOR,validation,c1472f0b801661762bc6,2024-01-04,15,EXCLUDED_OHLC_RANGE_PROXY,False,OHLC_RANGE_PROXY_EXCEEDS_THRESHOLD,19.999999999999996,4,4
8ac7e282e4555d32f4b1,PH52-073,SHORT_IRON_CONDOR,validation,1d33307443bd39106f13,2024-05-30,15,EXCLUDED_OHLC_RANGE_PROXY,True,ELIGIBLE_FOR_OHLC_PRICE_REFERENCE_SIMULATION,12.056737588652478,4,4
8ac7e282e4555d32f4b1,PH52-073,SHORT_IRON_CONDOR,validation,50696f11ab0417607875,2024-10-17,15,EXCLUDED_OHLC_RANGE_PROXY,True,ELIGIBLE_FOR_OHLC_PRICE_REFERENCE_SIMULATION,14.285714285714288,4,4
8ac7e282e4555d32f4b1,PH52-073,SHORT_IRON_CONDOR,validation,58a4c4843286bd3943a2,2025-03-13,15,BLOCKED_LEG_ELIGIBILITY,False,REQUIRED_LEG_PRIOR_OI_BELOW_100,10.000000000000009,4,4
8ac7e282e4555d32f4b1,PH52-073,SHORT_IRON_CONDOR,validation,e5919e2053dc59805884,2025-07-31,15,BLOCKED_LEG_ELIGIBILITY,False,REQUIRED_LEG_PRIOR_OI_BELOW_100,34.78260869565216,4,4
8ac7e282e4555d32f4b1,PH52-073,SHORT_IRON_CONDOR,validation,2744fff722d389044d25,2025-12-30,15,EXCLUDED_OHLC_RANGE_PROXY,True,ELIGIBLE_FOR_OHLC_PRICE_REFERENCE_SIMULATION,10.526315789473683,4,4
fe6add04f5cb79f886ae,PH52-043,BEAR_CALL_SPREAD,development,01f752daf3bb0e90d7b1,2021-05-27,20,EXCLUDED_OHLC_RANGE_PROXY,True,ELIGIBLE_FOR_OHLC_PRICE_REFERENCE_SIMULATION,5.384615384615379,2,2
fe6add04f5cb79f886ae,PH52-043,BEAR_CALL_SPREAD,development,0ddaab2f8946678d3082,2021-12-09,20,EXCLUDED_OHLC_RANGE_PROXY,True,ELIGIBLE_FOR_OHLC_PRICE_REFERENCE_SIMULATION,13.180515759312314,2,2
fe6add04f5cb79f886ae,PH52-043,BEAR_CALL_SPREAD,development,044eef05c3277601504c,2022-06-16,20,EXCLUDED_OHLC_RANGE_PROXY,True,ELIGIBLE_FOR_OHLC_PRICE_REFERENCE_SIMULATION,10.924369747899156,2,2
fe6add04f5cb79f886ae,PH52-043,BEAR_CALL_SPREAD,development,307dafef42b72c870148,2022-12-15,20,EXCLUDED_OHLC_RANGE_PROXY,True,ELIGIBLE_FOR_OHLC_PRICE_REFERENCE_SIMULATION,5.957446808510648,2,2
fe6add04f5cb79f886ae,PH52-043,BEAR_CALL_SPREAD,development,c8a686f986a21faa7ed5,2023-06-22,20,EXCLUDED_OHLC_RANGE_PROXY,True,ELIGIBLE_FOR_OHLC_PRICE_REFERENCE_SIMULATION,12.765957446808503,2,2
fe6add04f5cb79f886ae,PH52-043,BEAR_CALL_SPREAD,development,84c7352397ed038c3ea2,2023-12-28,20,EXCLUDED_OHLC_RANGE_PROXY,True,ELIGIBLE_FOR_OHLC_PRICE_REFERENCE_SIMULATION,4.511278195488715,2,2
fe6add04f5cb79f886ae,PH52-043,BEAR_CALL_SPREAD,validation,f104c6f1662847c5bbcc,2024-01-04,20,EXCLUDED_OHLC_RANGE_PROXY,True,ELIGIBLE_FOR_OHLC_PRICE_REFERENCE_SIMULATION,8.63309352517985,2,2
fe6add04f5cb79f886ae,PH52-043,BEAR_CALL_SPREAD,validation,0cd34c6b63a9f995c503,2024-05-30,20,EXCLUDED_OHLC_RANGE_PROXY,True,ELIGIBLE_FOR_OHLC_PRICE_REFERENCE_SIMULATION,8.391608391608392,2,2
fe6add04f5cb79f886ae,PH52-043,BEAR_CALL_SPREAD,validation,75007ced19cb5e12e01f,2024-10-17,20,EXCLUDED_OHLC_RANGE_PROXY,True,ELIGIBLE_FOR_OHLC_PRICE_REFERENCE_SIMULATION,17.452830188679247,2,2
fe6add04f5cb79f886ae,PH52-043,BEAR_CALL_SPREAD,validation,8eb8f1add17ecb221cbd,2025-03-13,20,BLOCKED_LEG_ELIGIBILITY,False,REQUIRED_LEG_PRIOR_OI_BELOW_100,14.285714285714286,2,2
fe6add04f5cb79f886ae,PH52-043,BEAR_CALL_SPREAD,validation,14d9997729e438213524,2025-07-31,20,BLOCKED_LEG_ELIGIBILITY,False,REQUIRED_LEG_PRIOR_OI_BELOW_100,14.367816091954024,2,2
fe6add04f5cb79f886ae,PH52-043,BEAR_CALL_SPREAD,validation,4a919e0bde313b9b9ee1,2025-12-30,20,BLOCKED_LEG_ELIGIBILITY,False,REQUIRED_LEG_PRIOR_OI_BELOW_100,17.257683215130037,2,2
7fbbaa60e31b671300e2,PH52-043,BEAR_CALL_SPREAD,development,01f752daf3bb0e90d7b1,2021-05-27,20,EXCLUDED_OHLC_RANGE_PROXY,True,ELIGIBLE_FOR_OHLC_PRICE_REFERENCE_SIMULATION,5.246913580246912,2,2
7fbbaa60e31b671300e2,PH52-043,BEAR_CALL_SPREAD,development,0ddaab2f8946678d3082,2021-12-09,20,EXCLUDED_OHLC_RANGE_PROXY,True,ELIGIBLE_FOR_OHLC_PRICE_REFERENCE_SIMULATION,11.158798283261808,2,2
7fbbaa60e31b671300e2,PH52-043,BEAR_CALL_SPREAD,development,044eef05c3277601504c,2022-06-16,20,EXCLUDED_OHLC_RANGE_PROXY,True,ELIGIBLE_FOR_OHLC_PRICE_REFERENCE_SIMULATION,10.736196319018415,2,2
7fbbaa60e31b671300e2,PH52-043,BEAR_CALL_SPREAD,development,307dafef42b72c870148,2022-12-15,20,EXCLUDED_OHLC_RANGE_PROXY,True,ELIGIBLE_FOR_OHLC_PRICE_REFERENCE_SIMULATION,5.957446808510648,2,2
7fbbaa60e31b671300e2,PH52-043,BEAR_CALL_SPREAD,development,c8a686f986a21faa7ed5,2023-06-22,20,EXCLUDED_OHLC_RANGE_PROXY,True,ELIGIBLE_FOR_OHLC_PRICE_REFERENCE_SIMULATION,11.021505376344088,2,2
7fbbaa60e31b671300e2,PH52-043,BEAR_CALL_SPREAD,development,84c7352397ed038c3ea2,2023-12-28,20,EXCLUDED_OHLC_RANGE_PROXY,True,ELIGIBLE_FOR_OHLC_PRICE_REFERENCE_SIMULATION,4.341736694677863,2,2
7fbbaa60e31b671300e2,PH52-043,BEAR_CALL_SPREAD,validation,f104c6f1662847c5bbcc,2024-01-04,20,EXCLUDED_OHLC_RANGE_PROXY,True,ELIGIBLE_FOR_OHLC_PRICE_REFERENCE_SIMULATION,6.666666666666658,2,2
7fbbaa60e31b671300e2,PH52-043,BEAR_CALL_SPREAD,validation,0cd34c6b63a9f995c503,2024-05-30,20,EXCLUDED_OHLC_RANGE_PROXY,True,ELIGIBLE_FOR_OHLC_PRICE_REFERENCE_SIMULATION,8.620689655172415,2,2
7fbbaa60e31b671300e2,PH52-043,BEAR_CALL_SPREAD,validation,75007ced19cb5e12e01f,2024-10-17,20,EXCLUDED_OHLC_RANGE_PROXY,True,ELIGIBLE_FOR_OHLC_PRICE_REFERENCE_SIMULATION,17.452830188679247,2,2
7fbbaa60e31b671300e2,PH52-043,BEAR_CALL_SPREAD,validation,8eb8f1add17ecb221cbd,2025-03-13,20,BLOCKED_LEG_ELIGIBILITY,False,REQUIRED_LEG_PRIOR_OI_BELOW_100,14.285714285714286,2,2
7fbbaa60e31b671300e2,PH52-043,BEAR_CALL_SPREAD,validation,14d9997729e438213524,2025-07-31,20,BLOCKED_LEG_ELIGIBILITY,False,REQUIRED_LEG_PRIOR_OI_BELOW_100,12.925170068027214,2,2
7fbbaa60e31b671300e2,PH52-043,BEAR_CALL_SPREAD,validation,4a919e0bde313b9b9ee1,2025-12-30,20,BLOCKED_LEG_ELIGIBILITY,False,REQUIRED_LEG_PRIOR_OI_BELOW_100,17.257683215130037,2,2
16d864e72053099b92bd,PH52-043,BEAR_CALL_SPREAD,development,01f752daf3bb0e90d7b1,2021-05-27,20,EXCLUDED_OHLC_RANGE_PROXY,True,ELIGIBLE_FOR_OHLC_PRICE_REFERENCE_SIMULATION,5.9999999999999964,2,2
16d864e72053099b92bd,PH52-043,BEAR_CALL_SPREAD,development,0ddaab2f8946678d3082,2021-12-09,20,EXCLUDED_OHLC_RANGE_PROXY,True,ELIGIBLE_FOR_OHLC_PRICE_REFERENCE_SIMULATION,10.596026490066224,2,2
16d864e72053099b92bd,PH52-043,BEAR_CALL_SPREAD,development,044eef05c3277601504c,2022-06-16,20,EXCLUDED_OHLC_RANGE_PROXY,True,ELIGIBLE_FOR_OHLC_PRICE_REFERENCE_SIMULATION,9.78260869565216,2,2
16d864e72053099b92bd,PH52-043,BEAR_CALL_SPREAD,development,307dafef42b72c870148,2022-12-15,20,EXCLUDED_OHLC_RANGE_PROXY,True,ELIGIBLE_FOR_OHLC_PRICE_REFERENCE_SIMULATION,3.63636363636364,2,2
16d864e72053099b92bd,PH52-043,BEAR_CALL_SPREAD,development,c8a686f986a21faa7ed5,2023-06-22,20,EXCLUDED_OHLC_RANGE_PROXY,True,ELIGIBLE_FOR_OHLC_PRICE_REFERENCE_SIMULATION,7.547169811320744,2,2
16d864e72053099b92bd,PH52-043,BEAR_CALL_SPREAD,development,84c7352397ed038c3ea2,2023-12-28,20,EXCLUDED_OHLC_RANGE_PROXY,True,ELIGIBLE_FOR_OHLC_PRICE_REFERENCE_SIMULATION,4.784688995215311,2,2
16d864e72053099b92bd,PH52-043,BEAR_CALL_SPREAD,validation,f104c6f1662847c5bbcc,2024-01-04,20,EXCLUDED_OHLC_RANGE_PROXY,True,ELIGIBLE_FOR_OHLC_PRICE_REFERENCE_SIMULATION,5.882352941176485,2,2
16d864e72053099b92bd,PH52-043,BEAR_CALL_SPREAD,validation,0cd34c6b63a9f995c503,2024-05-30,20,EXCLUDED_OHLC_RANGE_PROXY,True,ELIGIBLE_FOR_OHLC_PRICE_REFERENCE_SIMULATION,8.739837398373977,2,2
16d864e72053099b92bd,PH52-043,BEAR_CALL_SPREAD,validation,75007ced19cb5e12e01f,2024-10-17,20,EXCLUDED_OHLC_RANGE_PROXY,True,ELIGIBLE_FOR_OHLC_PRICE_REFERENCE_SIMULATION,15.302491103202849,2,2
16d864e72053099b92bd,PH52-043,BEAR_CALL_SPREAD,validation,8eb8f1add17ecb221cbd,2025-03-13,20,BLOCKED_LEG_ELIGIBILITY,False,REQUIRED_LEG_PRIOR_OI_BELOW_100,12.37113402061857,2,2
16d864e72053099b92bd,PH52-043,BEAR_CALL_SPREAD,validation,14d9997729e438213524,2025-07-31,20,BLOCKED_LEG_ELIGIBILITY,False,REQUIRED_LEG_PRIOR_OI_BELOW_100,12.925170068027214,2,2
16d864e72053099b92bd,PH52-043,BEAR_CALL_SPREAD,validation,4a919e0bde313b9b9ee1,2025-12-30,20,BLOCKED_LEG_ELIGIBILITY,False,REQUIRED_LEG_PRIOR_OI_BELOW_100,17.187500000000007,2,2
996fe2c49ae57ab7d9a0,PH52-043,BEAR_CALL_SPREAD,development,01f752daf3bb0e90d7b1,2021-05-27,20,EXCLUDED_OHLC_RANGE_PROXY,True,ELIGIBLE_FOR_OHLC_PRICE_REFERENCE_SIMULATION,5.9999999999999964,2,2
996fe2c49ae57ab7d9a0,PH52-043,BEAR_CALL_SPREAD,development,0ddaab2f8946678d3082,2021-12-09,20,EXCLUDED_OHLC_RANGE_PROXY,True,ELIGIBLE_FOR_OHLC_PRICE_REFERENCE_SIMULATION,10.596026490066224,2,2
996fe2c49ae57ab7d9a0,PH52-043,BEAR_CALL_SPREAD,development,044eef05c3277601504c,2022-06-16,20,EXCLUDED_OHLC_RANGE_PROXY,True,ELIGIBLE_FOR_OHLC_PRICE_REFERENCE_SIMULATION,9.78260869565216,2,2
996fe2c49ae57ab7d9a0,PH52-043,BEAR_CALL_SPREAD,development,307dafef42b72c870148,2022-12-15,20,EXCLUDED_OHLC_RANGE_PROXY,True,ELIGIBLE_FOR_OHLC_PRICE_REFERENCE_SIMULATION,3.8461538461538494,2,2
996fe2c49ae57ab7d9a0,PH52-043,BEAR_CALL_SPREAD,development,c8a686f986a21faa7ed5,2023-06-22,20,EXCLUDED_OHLC_RANGE_PROXY,True,ELIGIBLE_FOR_OHLC_PRICE_REFERENCE_SIMULATION,7.547169811320744,2,2
996fe2c49ae57ab7d9a0,PH52-043,BEAR_CALL_SPREAD,development,84c7352397ed038c3ea2,2023-12-28,20,EXCLUDED_OHLC_RANGE_PROXY,True,ELIGIBLE_FOR_OHLC_PRICE_REFERENCE_SIMULATION,4.784688995215311,2,2
996fe2c49ae57ab7d9a0,PH52-043,BEAR_CALL_SPREAD,validation,f104c6f1662847c5bbcc,2024-01-04,20,EXCLUDED_OHLC_RANGE_PROXY,True,ELIGIBLE_FOR_OHLC_PRICE_REFERENCE_SIMULATION,7.1428571428571335,2,2
996fe2c49ae57ab7d9a0,PH52-043,BEAR_CALL_SPREAD,validation,0cd34c6b63a9f995c503,2024-05-30,20,EXCLUDED_OHLC_RANGE_PROXY,True,ELIGIBLE_FOR_OHLC_PRICE_REFERENCE_SIMULATION,8.739837398373977,2,2
996fe2c49ae57ab7d9a0,PH52-043,BEAR_CALL_SPREAD,validation,75007ced19cb5e12e01f,2024-10-17,20,EXCLUDED_OHLC_RANGE_PROXY,True,ELIGIBLE_FOR_OHLC_PRICE_REFERENCE_SIMULATION,15.302491103202849,2,2
996fe2c49ae57ab7d9a0,PH52-043,BEAR_CALL_SPREAD,validation,8eb8f1add17ecb221cbd,2025-03-13,20,BLOCKED_LEG_ELIGIBILITY,False,REQUIRED_LEG_PRIOR_OI_BELOW_100,12.37113402061857,2,2
996fe2c49ae57ab7d9a0,PH52-043,BEAR_CALL_SPREAD,validation,14d9997729e438213524,2025-07-31,20,BLOCKED_LEG_ELIGIBILITY,False,REQUIRED_LEG_PRIOR_OI_BELOW_100,12.385321100917428,2,2
996fe2c49ae57ab7d9a0,PH52-043,BEAR_CALL_SPREAD,validation,4a919e0bde313b9b9ee1,2025-12-30,20,BLOCKED_LEG_ELIGIBILITY,False,REQUIRED_LEG_PRIOR_OI_BELOW_100,15.51724137931035,2,2
60c2d16b969965ff2b15,PH52-043,BEAR_CALL_SPREAD,development,ce8e12389ff297becff9,2021-05-27,20,EXCLUDED_OHLC_RANGE_PROXY,True,ELIGIBLE_FOR_OHLC_PRICE_REFERENCE_SIMULATION,10.322580645161288,2,2
60c2d16b969965ff2b15,PH52-043,BEAR_CALL_SPREAD,development,061c004245393c77b5c7,2021-12-09,20,EXCLUDED_OHLC_RANGE_PROXY,True,ELIGIBLE_FOR_OHLC_PRICE_REFERENCE_SIMULATION,9.48509485094851,2,2
60c2d16b969965ff2b15,PH52-043,BEAR_CALL_SPREAD,development,b58d771555d73891d2fd,2022-06-16,20,EXCLUDED_OHLC_RANGE_PROXY,False,OHLC_RANGE_PROXY_EXCEEDS_THRESHOLD,22.22222222222222,2,2
60c2d16b969965ff2b15,PH52-043,BEAR_CALL_SPREAD,development,8c9b97c314b368f7a743,2022-12-15,20,EXCLUDED_OHLC_RANGE_PROXY,True,ELIGIBLE_FOR_OHLC_PRICE_REFERENCE_SIMULATION,8.231707317073157,2,2
60c2d16b969965ff2b15,PH52-043,BEAR_CALL_SPREAD,development,b2b9482e70f4a2ace098,2023-06-22,20,EXCLUDED_OHLC_RANGE_PROXY,True,ELIGIBLE_FOR_OHLC_PRICE_REFERENCE_SIMULATION,11.874999999999991,2,2
60c2d16b969965ff2b15,PH52-043,BEAR_CALL_SPREAD,development,804301753400916af24f,2023-12-28,20,EXCLUDED_OHLC_RANGE_PROXY,True,ELIGIBLE_FOR_OHLC_PRICE_REFERENCE_SIMULATION,12.962962962962964,2,2
60c2d16b969965ff2b15,PH52-043,BEAR_CALL_SPREAD,validation,c1472f0b801661762bc6,2024-01-04,20,EXCLUDED_OHLC_RANGE_PROXY,True,ELIGIBLE_FOR_OHLC_PRICE_REFERENCE_SIMULATION,17.58241758241759,2,2
60c2d16b969965ff2b15,PH52-043,BEAR_CALL_SPREAD,validation,1d33307443bd39106f13,2024-05-30,20,EXCLUDED_OHLC_RANGE_PROXY,True,ELIGIBLE_FOR_OHLC_PRICE_REFERENCE_SIMULATION,12.436548223350252,2,2
60c2d16b969965ff2b15,PH52-043,BEAR_CALL_SPREAD,validation,50696f11ab0417607875,2024-10-17,20,EXCLUDED_OHLC_RANGE_PROXY,True,ELIGIBLE_FOR_OHLC_PRICE_REFERENCE_SIMULATION,17.857142857142858,2,2
60c2d16b969965ff2b15,PH52-043,BEAR_CALL_SPREAD,validation,58a4c4843286bd3943a2,2025-03-13,20,BLOCKED_LEG_ELIGIBILITY,False,REQUIRED_LEG_PRIOR_OI_BELOW_100,10.0,2,2
60c2d16b969965ff2b15,PH52-043,BEAR_CALL_SPREAD,validation,e5919e2053dc59805884,2025-07-31,20,BLOCKED_LEG_ELIGIBILITY,False,REQUIRED_LEG_PRIOR_OI_BELOW_100,31.39158576051781,2,2
60c2d16b969965ff2b15,PH52-043,BEAR_CALL_SPREAD,validation,2744fff722d389044d25,2025-12-30,20,EXCLUDED_OHLC_RANGE_PROXY,True,ELIGIBLE_FOR_OHLC_PRICE_REFERENCE_SIMULATION,11.363636363636365,2,2
f96abfc5c945c889729f,PH52-043,BEAR_CALL_SPREAD,development,ce8e12389ff297becff9,2021-05-27,20,EXCLUDED_OHLC_RANGE_PROXY,True,ELIGIBLE_FOR_OHLC_PRICE_REFERENCE_SIMULATION,10.322580645161288,2,2
f96abfc5c945c889729f,PH52-043,BEAR_CALL_SPREAD,development,061c004245393c77b5c7,2021-12-09,20,EXCLUDED_OHLC_RANGE_PROXY,True,ELIGIBLE_FOR_OHLC_PRICE_REFERENCE_SIMULATION,9.48509485094851,2,2
f96abfc5c945c889729f,PH52-043,BEAR_CALL_SPREAD,development,b58d771555d73891d2fd,2022-06-16,20,EXCLUDED_OHLC_RANGE_PROXY,False,OHLC_RANGE_PROXY_EXCEEDS_THRESHOLD,21.229050279329606,2,2
f96abfc5c945c889729f,PH52-043,BEAR_CALL_SPREAD,development,8c9b97c314b368f7a743,2022-12-15,20,EXCLUDED_OHLC_RANGE_PROXY,True,ELIGIBLE_FOR_OHLC_PRICE_REFERENCE_SIMULATION,8.231707317073157,2,2
f96abfc5c945c889729f,PH52-043,BEAR_CALL_SPREAD,development,b2b9482e70f4a2ace098,2023-06-22,20,EXCLUDED_OHLC_RANGE_PROXY,True,ELIGIBLE_FOR_OHLC_PRICE_REFERENCE_SIMULATION,11.874999999999991,2,2
f96abfc5c945c889729f,PH52-043,BEAR_CALL_SPREAD,development,804301753400916af24f,2023-12-28,20,EXCLUDED_OHLC_RANGE_PROXY,True,ELIGIBLE_FOR_OHLC_PRICE_REFERENCE_SIMULATION,12.962962962962964,2,2
f96abfc5c945c889729f,PH52-043,BEAR_CALL_SPREAD,validation,c1472f0b801661762bc6,2024-01-04,20,EXCLUDED_OHLC_RANGE_PROXY,True,ELIGIBLE_FOR_OHLC_PRICE_REFERENCE_SIMULATION,17.58241758241759,2,2
f96abfc5c945c889729f,PH52-043,BEAR_CALL_SPREAD,validation,1d33307443bd39106f13,2024-05-30,20,EXCLUDED_OHLC_RANGE_PROXY,True,ELIGIBLE_FOR_OHLC_PRICE_REFERENCE_SIMULATION,12.436548223350252,2,2
f96abfc5c945c889729f,PH52-043,BEAR_CALL_SPREAD,validation,50696f11ab0417607875,2024-10-17,20,EXCLUDED_OHLC_RANGE_PROXY,True,ELIGIBLE_FOR_OHLC_PRICE_REFERENCE_SIMULATION,17.857142857142858,2,2
f96abfc5c945c889729f,PH52-043,BEAR_CALL_SPREAD,validation,58a4c4843286bd3943a2,2025-03-13,20,BLOCKED_LEG_ELIGIBILITY,False,REQUIRED_LEG_PRIOR_OI_BELOW_100,10.0,2,2
f96abfc5c945c889729f,PH52-043,BEAR_CALL_SPREAD,validation,e5919e2053dc59805884,2025-07-31,20,BLOCKED_LEG_ELIGIBILITY,False,REQUIRED_LEG_PRIOR_OI_BELOW_100,31.521739130434792,2,2
f96abfc5c945c889729f,PH52-043,BEAR_CALL_SPREAD,validation,2744fff722d389044d25,2025-12-30,20,EXCLUDED_OHLC_RANGE_PROXY,True,ELIGIBLE_FOR_OHLC_PRICE_REFERENCE_SIMULATION,11.363636363636365,2,2
31945d66866929a2f44e,PH52-043,BEAR_CALL_SPREAD,development,ce8e12389ff297becff9,2021-05-27,20,EXCLUDED_OHLC_RANGE_PROXY,True,ELIGIBLE_FOR_OHLC_PRICE_REFERENCE_SIMULATION,10.000000000000009,2,2
31945d66866929a2f44e,PH52-043,BEAR_CALL_SPREAD,development,061c004245393c77b5c7,2021-12-09,20,EXCLUDED_OHLC_RANGE_PROXY,True,ELIGIBLE_FOR_OHLC_PRICE_REFERENCE_SIMULATION,7.499999999999996,2,2
31945d66866929a2f44e,PH52-043,BEAR_CALL_SPREAD,development,b58d771555d73891d2fd,2022-06-16,20,EXCLUDED_OHLC_RANGE_PROXY,False,OHLC_RANGE_PROXY_EXCEEDS_THRESHOLD,21.73913043478261,2,2
31945d66866929a2f44e,PH52-043,BEAR_CALL_SPREAD,development,8c9b97c314b368f7a743,2022-12-15,20,EXCLUDED_OHLC_RANGE_PROXY,True,ELIGIBLE_FOR_OHLC_PRICE_REFERENCE_SIMULATION,7.142857142857159,2,2
31945d66866929a2f44e,PH52-043,BEAR_CALL_SPREAD,development,b2b9482e70f4a2ace098,2023-06-22,20,EXCLUDED_OHLC_RANGE_PROXY,True,ELIGIBLE_FOR_OHLC_PRICE_REFERENCE_SIMULATION,8.695652173913052,2,2
31945d66866929a2f44e,PH52-043,BEAR_CALL_SPREAD,development,804301753400916af24f,2023-12-28,20,EXCLUDED_OHLC_RANGE_PROXY,True,ELIGIBLE_FOR_OHLC_PRICE_REFERENCE_SIMULATION,9.803921568627452,2,2
31945d66866929a2f44e,PH52-043,BEAR_CALL_SPREAD,validation,c1472f0b801661762bc6,2024-01-04,20,EXCLUDED_OHLC_RANGE_PROXY,True,ELIGIBLE_FOR_OHLC_PRICE_REFERENCE_SIMULATION,15.384615384615381,2,2
31945d66866929a2f44e,PH52-043,BEAR_CALL_SPREAD,validation,1d33307443bd39106f13,2024-05-30,20,EXCLUDED_OHLC_RANGE_PROXY,True,ELIGIBLE_FOR_OHLC_PRICE_REFERENCE_SIMULATION,12.22222222222222,2,2
31945d66866929a2f44e,PH52-043,BEAR_CALL_SPREAD,validation,50696f11ab0417607875,2024-10-17,20,EXCLUDED_OHLC_RANGE_PROXY,True,ELIGIBLE_FOR_OHLC_PRICE_REFERENCE_SIMULATION,14.285714285714299,2,2
31945d66866929a2f44e,PH52-043,BEAR_CALL_SPREAD,validation,58a4c4843286bd3943a2,2025-03-13,20,BLOCKED_LEG_ELIGIBILITY,False,REQUIRED_LEG_PRIOR_OI_BELOW_100,8.510638297872347,2,2
31945d66866929a2f44e,PH52-043,BEAR_CALL_SPREAD,validation,e5919e2053dc59805884,2025-07-31,20,BLOCKED_LEG_ELIGIBILITY,False,REQUIRED_LEG_PRIOR_OI_BELOW_100,34.78260869565216,2,2
31945d66866929a2f44e,PH52-043,BEAR_CALL_SPREAD,validation,2744fff722d389044d25,2025-12-30,20,EXCLUDED_OHLC_RANGE_PROXY,True,ELIGIBLE_FOR_OHLC_PRICE_REFERENCE_SIMULATION,8.333333333333341,2,2
1a0635bb11fffe02e510,PH52-043,BEAR_CALL_SPREAD,development,ce8e12389ff297becff9,2021-05-27,20,EXCLUDED_OHLC_RANGE_PROXY,True,ELIGIBLE_FOR_OHLC_PRICE_REFERENCE_SIMULATION,14.285714285714299,2,2
1a0635bb11fffe02e510,PH52-043,BEAR_CALL_SPREAD,development,061c004245393c77b5c7,2021-12-09,20,EXCLUDED_OHLC_RANGE_PROXY,True,ELIGIBLE_FOR_OHLC_PRICE_REFERENCE_SIMULATION,9.090909090909099,2,2
1a0635bb11fffe02e510,PH52-043,BEAR_CALL_SPREAD,development,b58d771555d73891d2fd,2022-06-16,20,EXCLUDED_OHLC_RANGE_PROXY,False,OHLC_RANGE_PROXY_EXCEEDS_THRESHOLD,21.73913043478261,2,2
1a0635bb11fffe02e510,PH52-043,BEAR_CALL_SPREAD,development,8c9b97c314b368f7a743,2022-12-15,20,EXCLUDED_OHLC_RANGE_PROXY,True,ELIGIBLE_FOR_OHLC_PRICE_REFERENCE_SIMULATION,8.571428571428566,2,2
1a0635bb11fffe02e510,PH52-043,BEAR_CALL_SPREAD,development,b2b9482e70f4a2ace098,2023-06-22,20,EXCLUDED_OHLC_RANGE_PROXY,True,ELIGIBLE_FOR_OHLC_PRICE_REFERENCE_SIMULATION,6.250000000000005,2,2
1a0635bb11fffe02e510,PH52-043,BEAR_CALL_SPREAD,development,804301753400916af24f,2023-12-28,20,EXCLUDED_OHLC_RANGE_PROXY,True,ELIGIBLE_FOR_OHLC_PRICE_REFERENCE_SIMULATION,9.803921568627452,2,2
1a0635bb11fffe02e510,PH52-043,BEAR_CALL_SPREAD,validation,c1472f0b801661762bc6,2024-01-04,20,EXCLUDED_OHLC_RANGE_PROXY,True,ELIGIBLE_FOR_OHLC_PRICE_REFERENCE_SIMULATION,19.999999999999996,2,2
1a0635bb11fffe02e510,PH52-043,BEAR_CALL_SPREAD,validation,1d33307443bd39106f13,2024-05-30,20,EXCLUDED_OHLC_RANGE_PROXY,True,ELIGIBLE_FOR_OHLC_PRICE_REFERENCE_SIMULATION,12.056737588652478,2,2
1a0635bb11fffe02e510,PH52-043,BEAR_CALL_SPREAD,validation,50696f11ab0417607875,2024-10-17,20,EXCLUDED_OHLC_RANGE_PROXY,True,ELIGIBLE_FOR_OHLC_PRICE_REFERENCE_SIMULATION,14.285714285714288,2,2
1a0635bb11fffe02e510,PH52-043,BEAR_CALL_SPREAD,validation,58a4c4843286bd3943a2,2025-03-13,20,BLOCKED_LEG_ELIGIBILITY,False,REQUIRED_LEG_PRIOR_OI_BELOW_100,8.510638297872347,2,2
1a0635bb11fffe02e510,PH52-043,BEAR_CALL_SPREAD,validation,e5919e2053dc59805884,2025-07-31,20,BLOCKED_LEG_ELIGIBILITY,False,REQUIRED_LEG_PRIOR_OI_BELOW_100,34.78260869565216,2,2
1a0635bb11fffe02e510,PH52-043,BEAR_CALL_SPREAD,validation,2744fff722d389044d25,2025-12-30,20,EXCLUDED_OHLC_RANGE_PROXY,True,ELIGIBLE_FOR_OHLC_PRICE_REFERENCE_SIMULATION,7.1428571428571495,2,2
060d90e4f65e45f6cff8,PH52-025,BULL_CALL_SPREAD,development,01f752daf3bb0e90d7b1,2021-05-27,20,EXCLUDED_OHLC_RANGE_PROXY,True,ELIGIBLE_FOR_OHLC_PRICE_REFERENCE_SIMULATION,5.384615384615379,2,2
060d90e4f65e45f6cff8,PH52-025,BULL_CALL_SPREAD,development,0ddaab2f8946678d3082,2021-12-09,20,EXCLUDED_OHLC_RANGE_PROXY,True,ELIGIBLE_FOR_OHLC_PRICE_REFERENCE_SIMULATION,13.180515759312314,2,2
060d90e4f65e45f6cff8,PH52-025,BULL_CALL_SPREAD,development,044eef05c3277601504c,2022-06-16,20,EXCLUDED_OHLC_RANGE_PROXY,True,ELIGIBLE_FOR_OHLC_PRICE_REFERENCE_SIMULATION,10.924369747899156,2,2
060d90e4f65e45f6cff8,PH52-025,BULL_CALL_SPREAD,development,307dafef42b72c870148,2022-12-15,20,EXCLUDED_OHLC_RANGE_PROXY,True,ELIGIBLE_FOR_OHLC_PRICE_REFERENCE_SIMULATION,5.957446808510648,2,2
060d90e4f65e45f6cff8,PH52-025,BULL_CALL_SPREAD,development,c8a686f986a21faa7ed5,2023-06-22,20,EXCLUDED_OHLC_RANGE_PROXY,True,ELIGIBLE_FOR_OHLC_PRICE_REFERENCE_SIMULATION,12.765957446808503,2,2
060d90e4f65e45f6cff8,PH52-025,BULL_CALL_SPREAD,development,84c7352397ed038c3ea2,2023-12-28,20,EXCLUDED_OHLC_RANGE_PROXY,True,ELIGIBLE_FOR_OHLC_PRICE_REFERENCE_SIMULATION,4.511278195488715,2,2
060d90e4f65e45f6cff8,PH52-025,BULL_CALL_SPREAD,validation,f104c6f1662847c5bbcc,2024-01-04,20,EXCLUDED_OHLC_RANGE_PROXY,True,ELIGIBLE_FOR_OHLC_PRICE_REFERENCE_SIMULATION,8.63309352517985,2,2
060d90e4f65e45f6cff8,PH52-025,BULL_CALL_SPREAD,validation,0cd34c6b63a9f995c503,2024-05-30,20,EXCLUDED_OHLC_RANGE_PROXY,True,ELIGIBLE_FOR_OHLC_PRICE_REFERENCE_SIMULATION,8.391608391608392,2,2
060d90e4f65e45f6cff8,PH52-025,BULL_CALL_SPREAD,validation,75007ced19cb5e12e01f,2024-10-17,20,EXCLUDED_OHLC_RANGE_PROXY,True,ELIGIBLE_FOR_OHLC_PRICE_REFERENCE_SIMULATION,17.452830188679247,2,2
060d90e4f65e45f6cff8,PH52-025,BULL_CALL_SPREAD,validation,8eb8f1add17ecb221cbd,2025-03-13,20,BLOCKED_LEG_ELIGIBILITY,False,REQUIRED_LEG_PRIOR_OI_BELOW_100,14.285714285714286,2,2
060d90e4f65e45f6cff8,PH52-025,BULL_CALL_SPREAD,validation,14d9997729e438213524,2025-07-31,20,BLOCKED_LEG_ELIGIBILITY,False,REQUIRED_LEG_PRIOR_OI_BELOW_100,14.367816091954024,2,2
060d90e4f65e45f6cff8,PH52-025,BULL_CALL_SPREAD,validation,4a919e0bde313b9b9ee1,2025-12-30,20,BLOCKED_LEG_ELIGIBILITY,False,REQUIRED_LEG_PRIOR_OI_BELOW_100,17.257683215130037,2,2
15e3134481edf2a4beeb,PH52-025,BULL_CALL_SPREAD,development,01f752daf3bb0e90d7b1,2021-05-27,20,EXCLUDED_OHLC_RANGE_PROXY,True,ELIGIBLE_FOR_OHLC_PRICE_REFERENCE_SIMULATION,5.246913580246912,2,2
15e3134481edf2a4beeb,PH52-025,BULL_CALL_SPREAD,development,0ddaab2f8946678d3082,2021-12-09,20,EXCLUDED_OHLC_RANGE_PROXY,True,ELIGIBLE_FOR_OHLC_PRICE_REFERENCE_SIMULATION,11.158798283261808,2,2
15e3134481edf2a4beeb,PH52-025,BULL_CALL_SPREAD,development,044eef05c3277601504c,2022-06-16,20,EXCLUDED_OHLC_RANGE_PROXY,True,ELIGIBLE_FOR_OHLC_PRICE_REFERENCE_SIMULATION,10.736196319018415,2,2
15e3134481edf2a4beeb,PH52-025,BULL_CALL_SPREAD,development,307dafef42b72c870148,2022-12-15,20,EXCLUDED_OHLC_RANGE_PROXY,True,ELIGIBLE_FOR_OHLC_PRICE_REFERENCE_SIMULATION,5.957446808510648,2,2
15e3134481edf2a4beeb,PH52-025,BULL_CALL_SPREAD,development,c8a686f986a21faa7ed5,2023-06-22,20,EXCLUDED_OHLC_RANGE_PROXY,True,ELIGIBLE_FOR_OHLC_PRICE_REFERENCE_SIMULATION,11.021505376344088,2,2
15e3134481edf2a4beeb,PH52-025,BULL_CALL_SPREAD,development,84c7352397ed038c3ea2,2023-12-28,20,EXCLUDED_OHLC_RANGE_PROXY,True,ELIGIBLE_FOR_OHLC_PRICE_REFERENCE_SIMULATION,4.341736694677863,2,2
15e3134481edf2a4beeb,PH52-025,BULL_CALL_SPREAD,validation,f104c6f1662847c5bbcc,2024-01-04,20,EXCLUDED_OHLC_RANGE_PROXY,True,ELIGIBLE_FOR_OHLC_PRICE_REFERENCE_SIMULATION,6.666666666666658,2,2
15e3134481edf2a4beeb,PH52-025,BULL_CALL_SPREAD,validation,0cd34c6b63a9f995c503,2024-05-30,20,EXCLUDED_OHLC_RANGE_PROXY,True,ELIGIBLE_FOR_OHLC_PRICE_REFERENCE_SIMULATION,8.620689655172415,2,2
15e3134481edf2a4beeb,PH52-025,BULL_CALL_SPREAD,validation,75007ced19cb5e12e01f,2024-10-17,20,EXCLUDED_OHLC_RANGE_PROXY,True,ELIGIBLE_FOR_OHLC_PRICE_REFERENCE_SIMULATION,17.452830188679247,2,2
15e3134481edf2a4beeb,PH52-025,BULL_CALL_SPREAD,validation,8eb8f1add17ecb221cbd,2025-03-13,20,BLOCKED_LEG_ELIGIBILITY,False,REQUIRED_LEG_PRIOR_OI_BELOW_100,14.285714285714286,2,2
15e3134481edf2a4beeb,PH52-025,BULL_CALL_SPREAD,validation,14d9997729e438213524,2025-07-31,20,BLOCKED_LEG_ELIGIBILITY,False,REQUIRED_LEG_PRIOR_OI_BELOW_100,12.925170068027214,2,2
15e3134481edf2a4beeb,PH52-025,BULL_CALL_SPREAD,validation,4a919e0bde313b9b9ee1,2025-12-30,20,BLOCKED_LEG_ELIGIBILITY,False,REQUIRED_LEG_PRIOR_OI_BELOW_100,17.257683215130037,2,2
f32415bb61dd6e9f83f2,PH52-025,BULL_CALL_SPREAD,development,01f752daf3bb0e90d7b1,2021-05-27,20,EXCLUDED_OHLC_RANGE_PROXY,True,ELIGIBLE_FOR_OHLC_PRICE_REFERENCE_SIMULATION,5.9999999999999964,2,2
f32415bb61dd6e9f83f2,PH52-025,BULL_CALL_SPREAD,development,0ddaab2f8946678d3082,2021-12-09,20,EXCLUDED_OHLC_RANGE_PROXY,True,ELIGIBLE_FOR_OHLC_PRICE_REFERENCE_SIMULATION,10.596026490066224,2,2
f32415bb61dd6e9f83f2,PH52-025,BULL_CALL_SPREAD,development,044eef05c3277601504c,2022-06-16,20,EXCLUDED_OHLC_RANGE_PROXY,True,ELIGIBLE_FOR_OHLC_PRICE_REFERENCE_SIMULATION,9.78260869565216,2,2
f32415bb61dd6e9f83f2,PH52-025,BULL_CALL_SPREAD,development,307dafef42b72c870148,2022-12-15,20,EXCLUDED_OHLC_RANGE_PROXY,True,ELIGIBLE_FOR_OHLC_PRICE_REFERENCE_SIMULATION,3.63636363636364,2,2
f32415bb61dd6e9f83f2,PH52-025,BULL_CALL_SPREAD,development,c8a686f986a21faa7ed5,2023-06-22,20,EXCLUDED_OHLC_RANGE_PROXY,True,ELIGIBLE_FOR_OHLC_PRICE_REFERENCE_SIMULATION,7.547169811320744,2,2
f32415bb61dd6e9f83f2,PH52-025,BULL_CALL_SPREAD,development,84c7352397ed038c3ea2,2023-12-28,20,EXCLUDED_OHLC_RANGE_PROXY,True,ELIGIBLE_FOR_OHLC_PRICE_REFERENCE_SIMULATION,4.784688995215311,2,2
f32415bb61dd6e9f83f2,PH52-025,BULL_CALL_SPREAD,validation,f104c6f1662847c5bbcc,2024-01-04,20,EXCLUDED_OHLC_RANGE_PROXY,True,ELIGIBLE_FOR_OHLC_PRICE_REFERENCE_SIMULATION,5.882352941176485,2,2
f32415bb61dd6e9f83f2,PH52-025,BULL_CALL_SPREAD,validation,0cd34c6b63a9f995c503,2024-05-30,20,EXCLUDED_OHLC_RANGE_PROXY,True,ELIGIBLE_FOR_OHLC_PRICE_REFERENCE_SIMULATION,8.739837398373977,2,2
f32415bb61dd6e9f83f2,PH52-025,BULL_CALL_SPREAD,validation,75007ced19cb5e12e01f,2024-10-17,20,EXCLUDED_OHLC_RANGE_PROXY,True,ELIGIBLE_FOR_OHLC_PRICE_REFERENCE_SIMULATION,15.302491103202849,2,2
f32415bb61dd6e9f83f2,PH52-025,BULL_CALL_SPREAD,validation,8eb8f1add17ecb221cbd,2025-03-13,20,BLOCKED_LEG_ELIGIBILITY,False,REQUIRED_LEG_PRIOR_OI_BELOW_100,12.37113402061857,2,2
f32415bb61dd6e9f83f2,PH52-025,BULL_CALL_SPREAD,validation,14d9997729e438213524,2025-07-31,20,BLOCKED_LEG_ELIGIBILITY,False,REQUIRED_LEG_PRIOR_OI_BELOW_100,12.925170068027214,2,2
f32415bb61dd6e9f83f2,PH52-025,BULL_CALL_SPREAD,validation,4a919e0bde313b9b9ee1,2025-12-30,20,BLOCKED_LEG_ELIGIBILITY,False,REQUIRED_LEG_PRIOR_OI_BELOW_100,17.187500000000007,2,2
9373cc117634bae8f765,PH52-025,BULL_CALL_SPREAD,development,01f752daf3bb0e90d7b1,2021-05-27,20,EXCLUDED_OHLC_RANGE_PROXY,True,ELIGIBLE_FOR_OHLC_PRICE_REFERENCE_SIMULATION,5.9999999999999964,2,2
9373cc117634bae8f765,PH52-025,BULL_CALL_SPREAD,development,0ddaab2f8946678d3082,2021-12-09,20,EXCLUDED_OHLC_RANGE_PROXY,True,ELIGIBLE_FOR_OHLC_PRICE_REFERENCE_SIMULATION,10.596026490066224,2,2
9373cc117634bae8f765,PH52-025,BULL_CALL_SPREAD,development,044eef05c3277601504c,2022-06-16,20,EXCLUDED_OHLC_RANGE_PROXY,True,ELIGIBLE_FOR_OHLC_PRICE_REFERENCE_SIMULATION,9.78260869565216,2,2
9373cc117634bae8f765,PH52-025,BULL_CALL_SPREAD,development,307dafef42b72c870148,2022-12-15,20,EXCLUDED_OHLC_RANGE_PROXY,True,ELIGIBLE_FOR_OHLC_PRICE_REFERENCE_SIMULATION,3.8461538461538494,2,2
9373cc117634bae8f765,PH52-025,BULL_CALL_SPREAD,development,c8a686f986a21faa7ed5,2023-06-22,20,EXCLUDED_OHLC_RANGE_PROXY,True,ELIGIBLE_FOR_OHLC_PRICE_REFERENCE_SIMULATION,7.547169811320744,2,2
9373cc117634bae8f765,PH52-025,BULL_CALL_SPREAD,development,84c7352397ed038c3ea2,2023-12-28,20,EXCLUDED_OHLC_RANGE_PROXY,True,ELIGIBLE_FOR_OHLC_PRICE_REFERENCE_SIMULATION,4.784688995215311,2,2
9373cc117634bae8f765,PH52-025,BULL_CALL_SPREAD,validation,f104c6f1662847c5bbcc,2024-01-04,20,EXCLUDED_OHLC_RANGE_PROXY,True,ELIGIBLE_FOR_OHLC_PRICE_REFERENCE_SIMULATION,7.1428571428571335,2,2
9373cc117634bae8f765,PH52-025,BULL_CALL_SPREAD,validation,0cd34c6b63a9f995c503,2024-05-30,20,EXCLUDED_OHLC_RANGE_PROXY,True,ELIGIBLE_FOR_OHLC_PRICE_REFERENCE_SIMULATION,8.739837398373977,2,2
9373cc117634bae8f765,PH52-025,BULL_CALL_SPREAD,validation,75007ced19cb5e12e01f,2024-10-17,20,EXCLUDED_OHLC_RANGE_PROXY,True,ELIGIBLE_FOR_OHLC_PRICE_REFERENCE_SIMULATION,15.302491103202849,2,2
9373cc117634bae8f765,PH52-025,BULL_CALL_SPREAD,validation,8eb8f1add17ecb221cbd,2025-03-13,20,BLOCKED_LEG_ELIGIBILITY,False,REQUIRED_LEG_PRIOR_OI_BELOW_100,12.37113402061857,2,2
9373cc117634bae8f765,PH52-025,BULL_CALL_SPREAD,validation,14d9997729e438213524,2025-07-31,20,BLOCKED_LEG_ELIGIBILITY,False,REQUIRED_LEG_PRIOR_OI_BELOW_100,12.385321100917428,2,2
9373cc117634bae8f765,PH52-025,BULL_CALL_SPREAD,validation,4a919e0bde313b9b9ee1,2025-12-30,20,BLOCKED_LEG_ELIGIBILITY,False,REQUIRED_LEG_PRIOR_OI_BELOW_100,15.51724137931035,2,2
739fae891dcde1c84104,PH52-025,BULL_CALL_SPREAD,development,ce8e12389ff297becff9,2021-05-27,20,EXCLUDED_OHLC_RANGE_PROXY,True,ELIGIBLE_FOR_OHLC_PRICE_REFERENCE_SIMULATION,10.322580645161288,2,2
739fae891dcde1c84104,PH52-025,BULL_CALL_SPREAD,development,061c004245393c77b5c7,2021-12-09,20,EXCLUDED_OHLC_RANGE_PROXY,True,ELIGIBLE_FOR_OHLC_PRICE_REFERENCE_SIMULATION,9.48509485094851,2,2
739fae891dcde1c84104,PH52-025,BULL_CALL_SPREAD,development,b58d771555d73891d2fd,2022-06-16,20,EXCLUDED_OHLC_RANGE_PROXY,False,OHLC_RANGE_PROXY_EXCEEDS_THRESHOLD,22.22222222222222,2,2
739fae891dcde1c84104,PH52-025,BULL_CALL_SPREAD,development,8c9b97c314b368f7a743,2022-12-15,20,EXCLUDED_OHLC_RANGE_PROXY,True,ELIGIBLE_FOR_OHLC_PRICE_REFERENCE_SIMULATION,8.231707317073157,2,2
739fae891dcde1c84104,PH52-025,BULL_CALL_SPREAD,development,b2b9482e70f4a2ace098,2023-06-22,20,EXCLUDED_OHLC_RANGE_PROXY,True,ELIGIBLE_FOR_OHLC_PRICE_REFERENCE_SIMULATION,11.874999999999991,2,2
739fae891dcde1c84104,PH52-025,BULL_CALL_SPREAD,development,804301753400916af24f,2023-12-28,20,EXCLUDED_OHLC_RANGE_PROXY,True,ELIGIBLE_FOR_OHLC_PRICE_REFERENCE_SIMULATION,12.962962962962964,2,2
739fae891dcde1c84104,PH52-025,BULL_CALL_SPREAD,validation,c1472f0b801661762bc6,2024-01-04,20,EXCLUDED_OHLC_RANGE_PROXY,True,ELIGIBLE_FOR_OHLC_PRICE_REFERENCE_SIMULATION,17.58241758241759,2,2
739fae891dcde1c84104,PH52-025,BULL_CALL_SPREAD,validation,1d33307443bd39106f13,2024-05-30,20,EXCLUDED_OHLC_RANGE_PROXY,True,ELIGIBLE_FOR_OHLC_PRICE_REFERENCE_SIMULATION,12.436548223350252,2,2
739fae891dcde1c84104,PH52-025,BULL_CALL_SPREAD,validation,50696f11ab0417607875,2024-10-17,20,EXCLUDED_OHLC_RANGE_PROXY,True,ELIGIBLE_FOR_OHLC_PRICE_REFERENCE_SIMULATION,17.857142857142858,2,2
739fae891dcde1c84104,PH52-025,BULL_CALL_SPREAD,validation,58a4c4843286bd3943a2,2025-03-13,20,BLOCKED_LEG_ELIGIBILITY,False,REQUIRED_LEG_PRIOR_OI_BELOW_100,10.0,2,2
739fae891dcde1c84104,PH52-025,BULL_CALL_SPREAD,validation,e5919e2053dc59805884,2025-07-31,20,BLOCKED_LEG_ELIGIBILITY,False,REQUIRED_LEG_PRIOR_OI_BELOW_100,31.39158576051781,2,2
739fae891dcde1c84104,PH52-025,BULL_CALL_SPREAD,validation,2744fff722d389044d25,2025-12-30,20,EXCLUDED_OHLC_RANGE_PROXY,True,ELIGIBLE_FOR_OHLC_PRICE_REFERENCE_SIMULATION,11.363636363636365,2,2
ad24b0d8ca9a87353e8a,PH52-025,BULL_CALL_SPREAD,development,ce8e12389ff297becff9,2021-05-27,20,EXCLUDED_OHLC_RANGE_PROXY,True,ELIGIBLE_FOR_OHLC_PRICE_REFERENCE_SIMULATION,10.322580645161288,2,2
ad24b0d8ca9a87353e8a,PH52-025,BULL_CALL_SPREAD,development,061c004245393c77b5c7,2021-12-09,20,EXCLUDED_OHLC_RANGE_PROXY,True,ELIGIBLE_FOR_OHLC_PRICE_REFERENCE_SIMULATION,9.48509485094851,2,2
ad24b0d8ca9a87353e8a,PH52-025,BULL_CALL_SPREAD,development,b58d771555d73891d2fd,2022-06-16,20,EXCLUDED_OHLC_RANGE_PROXY,False,OHLC_RANGE_PROXY_EXCEEDS_THRESHOLD,21.229050279329606,2,2
ad24b0d8ca9a87353e8a,PH52-025,BULL_CALL_SPREAD,development,8c9b97c314b368f7a743,2022-12-15,20,EXCLUDED_OHLC_RANGE_PROXY,True,ELIGIBLE_FOR_OHLC_PRICE_REFERENCE_SIMULATION,8.231707317073157,2,2
ad24b0d8ca9a87353e8a,PH52-025,BULL_CALL_SPREAD,development,b2b9482e70f4a2ace098,2023-06-22,20,EXCLUDED_OHLC_RANGE_PROXY,True,ELIGIBLE_FOR_OHLC_PRICE_REFERENCE_SIMULATION,11.874999999999991,2,2
ad24b0d8ca9a87353e8a,PH52-025,BULL_CALL_SPREAD,development,804301753400916af24f,2023-12-28,20,EXCLUDED_OHLC_RANGE_PROXY,True,ELIGIBLE_FOR_OHLC_PRICE_REFERENCE_SIMULATION,12.962962962962964,2,2
ad24b0d8ca9a87353e8a,PH52-025,BULL_CALL_SPREAD,validation,c1472f0b801661762bc6,2024-01-04,20,EXCLUDED_OHLC_RANGE_PROXY,True,ELIGIBLE_FOR_OHLC_PRICE_REFERENCE_SIMULATION,17.58241758241759,2,2
ad24b0d8ca9a87353e8a,PH52-025,BULL_CALL_SPREAD,validation,1d33307443bd39106f13,2024-05-30,20,EXCLUDED_OHLC_RANGE_PROXY,True,ELIGIBLE_FOR_OHLC_PRICE_REFERENCE_SIMULATION,12.436548223350252,2,2
ad24b0d8ca9a87353e8a,PH52-025,BULL_CALL_SPREAD,validation,50696f11ab0417607875,2024-10-17,20,EXCLUDED_OHLC_RANGE_PROXY,True,ELIGIBLE_FOR_OHLC_PRICE_REFERENCE_SIMULATION,17.857142857142858,2,2
ad24b0d8ca9a87353e8a,PH52-025,BULL_CALL_SPREAD,validation,58a4c4843286bd3943a2,2025-03-13,20,BLOCKED_LEG_ELIGIBILITY,False,REQUIRED_LEG_PRIOR_OI_BELOW_100,10.0,2,2
ad24b0d8ca9a87353e8a,PH52-025,BULL_CALL_SPREAD,validation,e5919e2053dc59805884,2025-07-31,20,BLOCKED_LEG_ELIGIBILITY,False,REQUIRED_LEG_PRIOR_OI_BELOW_100,31.521739130434792,2,2
ad24b0d8ca9a87353e8a,PH52-025,BULL_CALL_SPREAD,validation,2744fff722d389044d25,2025-12-30,20,EXCLUDED_OHLC_RANGE_PROXY,True,ELIGIBLE_FOR_OHLC_PRICE_REFERENCE_SIMULATION,11.363636363636365,2,2
cf6ec0b712b4aff6231f,PH52-025,BULL_CALL_SPREAD,development,ce8e12389ff297becff9,2021-05-27,20,EXCLUDED_OHLC_RANGE_PROXY,True,ELIGIBLE_FOR_OHLC_PRICE_REFERENCE_SIMULATION,10.000000000000009,2,2
cf6ec0b712b4aff6231f,PH52-025,BULL_CALL_SPREAD,development,061c004245393c77b5c7,2021-12-09,20,EXCLUDED_OHLC_RANGE_PROXY,True,ELIGIBLE_FOR_OHLC_PRICE_REFERENCE_SIMULATION,7.499999999999996,2,2
cf6ec0b712b4aff6231f,PH52-025,BULL_CALL_SPREAD,development,b58d771555d73891d2fd,2022-06-16,20,EXCLUDED_OHLC_RANGE_PROXY,False,OHLC_RANGE_PROXY_EXCEEDS_THRESHOLD,21.73913043478261,2,2
cf6ec0b712b4aff6231f,PH52-025,BULL_CALL_SPREAD,development,8c9b97c314b368f7a743,2022-12-15,20,EXCLUDED_OHLC_RANGE_PROXY,True,ELIGIBLE_FOR_OHLC_PRICE_REFERENCE_SIMULATION,7.142857142857159,2,2
cf6ec0b712b4aff6231f,PH52-025,BULL_CALL_SPREAD,development,b2b9482e70f4a2ace098,2023-06-22,20,EXCLUDED_OHLC_RANGE_PROXY,True,ELIGIBLE_FOR_OHLC_PRICE_REFERENCE_SIMULATION,8.695652173913052,2,2
cf6ec0b712b4aff6231f,PH52-025,BULL_CALL_SPREAD,development,804301753400916af24f,2023-12-28,20,EXCLUDED_OHLC_RANGE_PROXY,True,ELIGIBLE_FOR_OHLC_PRICE_REFERENCE_SIMULATION,9.803921568627452,2,2
cf6ec0b712b4aff6231f,PH52-025,BULL_CALL_SPREAD,validation,c1472f0b801661762bc6,2024-01-04,20,EXCLUDED_OHLC_RANGE_PROXY,True,ELIGIBLE_FOR_OHLC_PRICE_REFERENCE_SIMULATION,15.384615384615381,2,2
cf6ec0b712b4aff6231f,PH52-025,BULL_CALL_SPREAD,validation,1d33307443bd39106f13,2024-05-30,20,EXCLUDED_OHLC_RANGE_PROXY,True,ELIGIBLE_FOR_OHLC_PRICE_REFERENCE_SIMULATION,12.22222222222222,2,2
cf6ec0b712b4aff6231f,PH52-025,BULL_CALL_SPREAD,validation,50696f11ab0417607875,2024-10-17,20,EXCLUDED_OHLC_RANGE_PROXY,True,ELIGIBLE_FOR_OHLC_PRICE_REFERENCE_SIMULATION,14.285714285714299,2,2
cf6ec0b712b4aff6231f,PH52-025,BULL_CALL_SPREAD,validation,58a4c4843286bd3943a2,2025-03-13,20,BLOCKED_LEG_ELIGIBILITY,False,REQUIRED_LEG_PRIOR_OI_BELOW_100,8.510638297872347,2,2
cf6ec0b712b4aff6231f,PH52-025,BULL_CALL_SPREAD,validation,e5919e2053dc59805884,2025-07-31,20,BLOCKED_LEG_ELIGIBILITY,False,REQUIRED_LEG_PRIOR_OI_BELOW_100,34.78260869565216,2,2
cf6ec0b712b4aff6231f,PH52-025,BULL_CALL_SPREAD,validation,2744fff722d389044d25,2025-12-30,20,EXCLUDED_OHLC_RANGE_PROXY,True,ELIGIBLE_FOR_OHLC_PRICE_REFERENCE_SIMULATION,8.333333333333341,2,2
a4f8558870d4a10947fe,PH52-025,BULL_CALL_SPREAD,development,ce8e12389ff297becff9,2021-05-27,20,EXCLUDED_OHLC_RANGE_PROXY,True,ELIGIBLE_FOR_OHLC_PRICE_REFERENCE_SIMULATION,14.285714285714299,2,2
a4f8558870d4a10947fe,PH52-025,BULL_CALL_SPREAD,development,061c004245393c77b5c7,2021-12-09,20,EXCLUDED_OHLC_RANGE_PROXY,True,ELIGIBLE_FOR_OHLC_PRICE_REFERENCE_SIMULATION,9.090909090909099,2,2
a4f8558870d4a10947fe,PH52-025,BULL_CALL_SPREAD,development,b58d771555d73891d2fd,2022-06-16,20,EXCLUDED_OHLC_RANGE_PROXY,False,OHLC_RANGE_PROXY_EXCEEDS_THRESHOLD,21.73913043478261,2,2
a4f8558870d4a10947fe,PH52-025,BULL_CALL_SPREAD,development,8c9b97c314b368f7a743,2022-12-15,20,EXCLUDED_OHLC_RANGE_PROXY,True,ELIGIBLE_FOR_OHLC_PRICE_REFERENCE_SIMULATION,8.571428571428566,2,2
a4f8558870d4a10947fe,PH52-025,BULL_CALL_SPREAD,development,b2b9482e70f4a2ace098,2023-06-22,20,EXCLUDED_OHLC_RANGE_PROXY,True,ELIGIBLE_FOR_OHLC_PRICE_REFERENCE_SIMULATION,6.250000000000005,2,2
a4f8558870d4a10947fe,PH52-025,BULL_CALL_SPREAD,development,804301753400916af24f,2023-12-28,20,EXCLUDED_OHLC_RANGE_PROXY,True,ELIGIBLE_FOR_OHLC_PRICE_REFERENCE_SIMULATION,9.803921568627452,2,2
a4f8558870d4a10947fe,PH52-025,BULL_CALL_SPREAD,validation,c1472f0b801661762bc6,2024-01-04,20,EXCLUDED_OHLC_RANGE_PROXY,True,ELIGIBLE_FOR_OHLC_PRICE_REFERENCE_SIMULATION,19.999999999999996,2,2
a4f8558870d4a10947fe,PH52-025,BULL_CALL_SPREAD,validation,1d33307443bd39106f13,2024-05-30,20,EXCLUDED_OHLC_RANGE_PROXY,True,ELIGIBLE_FOR_OHLC_PRICE_REFERENCE_SIMULATION,12.056737588652478,2,2
a4f8558870d4a10947fe,PH52-025,BULL_CALL_SPREAD,validation,50696f11ab0417607875,2024-10-17,20,EXCLUDED_OHLC_RANGE_PROXY,True,ELIGIBLE_FOR_OHLC_PRICE_REFERENCE_SIMULATION,14.285714285714288,2,2
a4f8558870d4a10947fe,PH52-025,BULL_CALL_SPREAD,validation,58a4c4843286bd3943a2,2025-03-13,20,BLOCKED_LEG_ELIGIBILITY,False,REQUIRED_LEG_PRIOR_OI_BELOW_100,8.510638297872347,2,2
a4f8558870d4a10947fe,PH52-025,BULL_CALL_SPREAD,validation,e5919e2053dc59805884,2025-07-31,20,BLOCKED_LEG_ELIGIBILITY,False,REQUIRED_LEG_PRIOR_OI_BELOW_100,34.78260869565216,2,2
a4f8558870d4a10947fe,PH52-025,BULL_CALL_SPREAD,validation,2744fff722d389044d25,2025-12-30,20,EXCLUDED_OHLC_RANGE_PROXY,True,ELIGIBLE_FOR_OHLC_PRICE_REFERENCE_SIMULATION,7.1428571428571495,2,2
4dfc85b9cb14f0282a2e,PH52-001,BUY_CALL,development,01f752daf3bb0e90d7b1,2021-05-27,20,EXCLUDED_OHLC_RANGE_PROXY,True,ELIGIBLE_FOR_OHLC_PRICE_REFERENCE_SIMULATION,5.246913580246912,1,1
4dfc85b9cb14f0282a2e,PH52-001,BUY_CALL,development,0ddaab2f8946678d3082,2021-12-09,20,EXCLUDED_OHLC_RANGE_PROXY,True,ELIGIBLE_FOR_OHLC_PRICE_REFERENCE_SIMULATION,11.158798283261808,1,1
4dfc85b9cb14f0282a2e,PH52-001,BUY_CALL,development,044eef05c3277601504c,2022-06-16,20,EXCLUDED_OHLC_RANGE_PROXY,True,ELIGIBLE_FOR_OHLC_PRICE_REFERENCE_SIMULATION,10.736196319018415,1,1
4dfc85b9cb14f0282a2e,PH52-001,BUY_CALL,development,307dafef42b72c870148,2022-12-15,20,EXCLUDED_OHLC_RANGE_PROXY,True,ELIGIBLE_FOR_OHLC_PRICE_REFERENCE_SIMULATION,5.957446808510648,1,1
4dfc85b9cb14f0282a2e,PH52-001,BUY_CALL,development,c8a686f986a21faa7ed5,2023-06-22,20,EXCLUDED_OHLC_RANGE_PROXY,True,ELIGIBLE_FOR_OHLC_PRICE_REFERENCE_SIMULATION,11.021505376344088,1,1
4dfc85b9cb14f0282a2e,PH52-001,BUY_CALL,development,84c7352397ed038c3ea2,2023-12-28,20,EXCLUDED_OHLC_RANGE_PROXY,True,ELIGIBLE_FOR_OHLC_PRICE_REFERENCE_SIMULATION,4.341736694677863,1,1
4dfc85b9cb14f0282a2e,PH52-001,BUY_CALL,validation,f104c6f1662847c5bbcc,2024-01-04,20,EXCLUDED_OHLC_RANGE_PROXY,True,ELIGIBLE_FOR_OHLC_PRICE_REFERENCE_SIMULATION,6.666666666666658,1,1
4dfc85b9cb14f0282a2e,PH52-001,BUY_CALL,validation,0cd34c6b63a9f995c503,2024-05-30,20,EXCLUDED_OHLC_RANGE_PROXY,True,ELIGIBLE_FOR_OHLC_PRICE_REFERENCE_SIMULATION,8.21529745042493,1,1
4dfc85b9cb14f0282a2e,PH52-001,BUY_CALL,validation,75007ced19cb5e12e01f,2024-10-17,20,EXCLUDED_OHLC_RANGE_PROXY,True,ELIGIBLE_FOR_OHLC_PRICE_REFERENCE_SIMULATION,17.452830188679247,1,1
4dfc85b9cb14f0282a2e,PH52-001,BUY_CALL,validation,8eb8f1add17ecb221cbd,2025-03-13,20,BLOCKED_LEG_ELIGIBILITY,False,REQUIRED_LEG_PRIOR_OI_BELOW_100,14.285714285714286,1,1
4dfc85b9cb14f0282a2e,PH52-001,BUY_CALL,validation,14d9997729e438213524,2025-07-31,20,BLOCKED_LEG_ELIGIBILITY,False,REQUIRED_LEG_PRIOR_OI_BELOW_100,12.089810017271157,1,1
4dfc85b9cb14f0282a2e,PH52-001,BUY_CALL,validation,4a919e0bde313b9b9ee1,2025-12-30,20,BLOCKED_LEG_ELIGIBILITY,False,REQUIRED_LEG_PRIOR_OI_BELOW_100,17.257683215130037,1,1
7f2f9e5e0437e0f7df04,PH52-001,BUY_CALL,development,01f752daf3bb0e90d7b1,2021-05-27,20,EXCLUDED_OHLC_RANGE_PROXY,True,ELIGIBLE_FOR_OHLC_PRICE_REFERENCE_SIMULATION,5.9999999999999964,1,1
7f2f9e5e0437e0f7df04,PH52-001,BUY_CALL,development,0ddaab2f8946678d3082,2021-12-09,20,EXCLUDED_OHLC_RANGE_PROXY,True,ELIGIBLE_FOR_OHLC_PRICE_REFERENCE_SIMULATION,10.596026490066224,1,1
7f2f9e5e0437e0f7df04,PH52-001,BUY_CALL,development,044eef05c3277601504c,2022-06-16,20,EXCLUDED_OHLC_RANGE_PROXY,True,ELIGIBLE_FOR_OHLC_PRICE_REFERENCE_SIMULATION,9.78260869565216,1,1
7f2f9e5e0437e0f7df04,PH52-001,BUY_CALL,development,307dafef42b72c870148,2022-12-15,20,EXCLUDED_OHLC_RANGE_PROXY,True,ELIGIBLE_FOR_OHLC_PRICE_REFERENCE_SIMULATION,3.63636363636364,1,1
7f2f9e5e0437e0f7df04,PH52-001,BUY_CALL,development,c8a686f986a21faa7ed5,2023-06-22,20,EXCLUDED_OHLC_RANGE_PROXY,True,ELIGIBLE_FOR_OHLC_PRICE_REFERENCE_SIMULATION,7.547169811320744,1,1
7f2f9e5e0437e0f7df04,PH52-001,BUY_CALL,development,84c7352397ed038c3ea2,2023-12-28,20,EXCLUDED_OHLC_RANGE_PROXY,True,ELIGIBLE_FOR_OHLC_PRICE_REFERENCE_SIMULATION,4.784688995215311,1,1
7f2f9e5e0437e0f7df04,PH52-001,BUY_CALL,validation,f104c6f1662847c5bbcc,2024-01-04,20,EXCLUDED_OHLC_RANGE_PROXY,True,ELIGIBLE_FOR_OHLC_PRICE_REFERENCE_SIMULATION,5.882352941176485,1,1
7f2f9e5e0437e0f7df04,PH52-001,BUY_CALL,validation,0cd34c6b63a9f995c503,2024-05-30,20,EXCLUDED_OHLC_RANGE_PROXY,True,ELIGIBLE_FOR_OHLC_PRICE_REFERENCE_SIMULATION,8.739837398373977,1,1
7f2f9e5e0437e0f7df04,PH52-001,BUY_CALL,validation,75007ced19cb5e12e01f,2024-10-17,20,EXCLUDED_OHLC_RANGE_PROXY,True,ELIGIBLE_FOR_OHLC_PRICE_REFERENCE_SIMULATION,15.302491103202849,1,1
7f2f9e5e0437e0f7df04,PH52-001,BUY_CALL,validation,8eb8f1add17ecb221cbd,2025-03-13,20,BLOCKED_LEG_ELIGIBILITY,False,REQUIRED_LEG_PRIOR_OI_BELOW_100,12.37113402061857,1,1
7f2f9e5e0437e0f7df04,PH52-001,BUY_CALL,validation,14d9997729e438213524,2025-07-31,20,BLOCKED_LEG_ELIGIBILITY,False,REQUIRED_LEG_PRIOR_OI_BELOW_100,12.385321100917428,1,1
7f2f9e5e0437e0f7df04,PH52-001,BUY_CALL,validation,4a919e0bde313b9b9ee1,2025-12-30,20,BLOCKED_LEG_ELIGIBILITY,False,REQUIRED_LEG_PRIOR_OI_BELOW_100,15.51724137931035,1,1
824453c4ca52e0a8f423,PH52-001,BUY_CALL,development,ce8e12389ff297becff9,2021-05-27,20,EXCLUDED_OHLC_RANGE_PROXY,True,ELIGIBLE_FOR_OHLC_PRICE_REFERENCE_SIMULATION,10.322580645161288,1,1
824453c4ca52e0a8f423,PH52-001,BUY_CALL,development,061c004245393c77b5c7,2021-12-09,20,EXCLUDED_OHLC_RANGE_PROXY,True,ELIGIBLE_FOR_OHLC_PRICE_REFERENCE_SIMULATION,9.48509485094851,1,1
824453c4ca52e0a8f423,PH52-001,BUY_CALL,development,b58d771555d73891d2fd,2022-06-16,20,EXCLUDED_OHLC_RANGE_PROXY,False,OHLC_RANGE_PROXY_EXCEEDS_THRESHOLD,21.229050279329606,1,1
824453c4ca52e0a8f423,PH52-001,BUY_CALL,development,8c9b97c314b368f7a743,2022-12-15,20,EXCLUDED_OHLC_RANGE_PROXY,True,ELIGIBLE_FOR_OHLC_PRICE_REFERENCE_SIMULATION,8.231707317073157,1,1
824453c4ca52e0a8f423,PH52-001,BUY_CALL,development,b2b9482e70f4a2ace098,2023-06-22,20,EXCLUDED_OHLC_RANGE_PROXY,True,ELIGIBLE_FOR_OHLC_PRICE_REFERENCE_SIMULATION,11.874999999999991,1,1
824453c4ca52e0a8f423,PH52-001,BUY_CALL,development,804301753400916af24f,2023-12-28,20,EXCLUDED_OHLC_RANGE_PROXY,True,ELIGIBLE_FOR_OHLC_PRICE_REFERENCE_SIMULATION,12.962962962962964,1,1
824453c4ca52e0a8f423,PH52-001,BUY_CALL,validation,c1472f0b801661762bc6,2024-01-04,20,EXCLUDED_OHLC_RANGE_PROXY,True,ELIGIBLE_FOR_OHLC_PRICE_REFERENCE_SIMULATION,17.58241758241759,1,1
824453c4ca52e0a8f423,PH52-001,BUY_CALL,validation,1d33307443bd39106f13,2024-05-30,20,EXCLUDED_OHLC_RANGE_PROXY,True,ELIGIBLE_FOR_OHLC_PRICE_REFERENCE_SIMULATION,12.436548223350252,1,1
824453c4ca52e0a8f423,PH52-001,BUY_CALL,validation,50696f11ab0417607875,2024-10-17,20,EXCLUDED_OHLC_RANGE_PROXY,True,ELIGIBLE_FOR_OHLC_PRICE_REFERENCE_SIMULATION,17.857142857142858,1,1
824453c4ca52e0a8f423,PH52-001,BUY_CALL,validation,58a4c4843286bd3943a2,2025-03-13,20,BLOCKED_LEG_ELIGIBILITY,False,REQUIRED_LEG_PRIOR_OI_BELOW_100,10.0,1,1
824453c4ca52e0a8f423,PH52-001,BUY_CALL,validation,e5919e2053dc59805884,2025-07-31,20,BLOCKED_LEG_ELIGIBILITY,False,REQUIRED_LEG_PRIOR_OI_BELOW_100,27.142857142857146,1,1
824453c4ca52e0a8f423,PH52-001,BUY_CALL,validation,2744fff722d389044d25,2025-12-30,20,EXCLUDED_OHLC_RANGE_PROXY,True,ELIGIBLE_FOR_OHLC_PRICE_REFERENCE_SIMULATION,11.363636363636365,1,1
a85d75f96c0c6721a862,PH52-001,BUY_CALL,development,ce8e12389ff297becff9,2021-05-27,20,EXCLUDED_OHLC_RANGE_PROXY,True,ELIGIBLE_FOR_OHLC_PRICE_REFERENCE_SIMULATION,10.000000000000009,1,1
a85d75f96c0c6721a862,PH52-001,BUY_CALL,development,061c004245393c77b5c7,2021-12-09,20,EXCLUDED_OHLC_RANGE_PROXY,True,ELIGIBLE_FOR_OHLC_PRICE_REFERENCE_SIMULATION,7.499999999999996,1,1
a85d75f96c0c6721a862,PH52-001,BUY_CALL,development,b58d771555d73891d2fd,2022-06-16,20,EXCLUDED_OHLC_RANGE_PROXY,False,OHLC_RANGE_PROXY_EXCEEDS_THRESHOLD,21.73913043478261,1,1
a85d75f96c0c6721a862,PH52-001,BUY_CALL,development,8c9b97c314b368f7a743,2022-12-15,20,REPLAY_PASS,True,ELIGIBLE_FOR_OHLC_PRICE_REFERENCE_SIMULATION,1.7543859649122744,1,1
a85d75f96c0c6721a862,PH52-001,BUY_CALL,development,b2b9482e70f4a2ace098,2023-06-22,20,EXCLUDED_OHLC_RANGE_PROXY,True,ELIGIBLE_FOR_OHLC_PRICE_REFERENCE_SIMULATION,6.250000000000005,1,1
a85d75f96c0c6721a862,PH52-001,BUY_CALL,development,804301753400916af24f,2023-12-28,20,EXCLUDED_OHLC_RANGE_PROXY,True,ELIGIBLE_FOR_OHLC_PRICE_REFERENCE_SIMULATION,9.803921568627452,1,1
a85d75f96c0c6721a862,PH52-001,BUY_CALL,validation,c1472f0b801661762bc6,2024-01-04,20,EXCLUDED_OHLC_RANGE_PROXY,True,ELIGIBLE_FOR_OHLC_PRICE_REFERENCE_SIMULATION,15.384615384615381,1,1
a85d75f96c0c6721a862,PH52-001,BUY_CALL,validation,1d33307443bd39106f13,2024-05-30,20,EXCLUDED_OHLC_RANGE_PROXY,True,ELIGIBLE_FOR_OHLC_PRICE_REFERENCE_SIMULATION,12.056737588652478,1,1
a85d75f96c0c6721a862,PH52-001,BUY_CALL,validation,50696f11ab0417607875,2024-10-17,20,EXCLUDED_OHLC_RANGE_PROXY,True,ELIGIBLE_FOR_OHLC_PRICE_REFERENCE_SIMULATION,14.285714285714288,1,1
a85d75f96c0c6721a862,PH52-001,BUY_CALL,validation,58a4c4843286bd3943a2,2025-03-13,20,BLOCKED_LEG_ELIGIBILITY,False,REQUIRED_LEG_PRIOR_OI_BELOW_100,8.510638297872347,1,1
a85d75f96c0c6721a862,PH52-001,BUY_CALL,validation,e5919e2053dc59805884,2025-07-31,20,BLOCKED_LEG_ELIGIBILITY,False,REQUIRED_LEG_PRIOR_OI_BELOW_100,34.78260869565216,1,1
a85d75f96c0c6721a862,PH52-001,BUY_CALL,validation,2744fff722d389044d25,2025-12-30,20,EXCLUDED_OHLC_RANGE_PROXY,True,ELIGIBLE_FOR_OHLC_PRICE_REFERENCE_SIMULATION,7.1428571428571495,1,1
d4f27239e30ac6922af1,PH52-007,BUY_PUT,development,01f752daf3bb0e90d7b1,2021-05-27,20,EXCLUDED_OHLC_RANGE_PROXY,True,ELIGIBLE_FOR_OHLC_PRICE_REFERENCE_SIMULATION,5.2631578947368425,1,1
d4f27239e30ac6922af1,PH52-007,BUY_PUT,development,0ddaab2f8946678d3082,2021-12-09,20,EXCLUDED_OHLC_RANGE_PROXY,True,ELIGIBLE_FOR_OHLC_PRICE_REFERENCE_SIMULATION,17.18213058419244,1,1
d4f27239e30ac6922af1,PH52-007,BUY_PUT,development,044eef05c3277601504c,2022-06-16,20,EXCLUDED_OHLC_RANGE_PROXY,True,ELIGIBLE_FOR_OHLC_PRICE_REFERENCE_SIMULATION,13.354037267080747,1,1
d4f27239e30ac6922af1,PH52-007,BUY_PUT,development,307dafef42b72c870148,2022-12-15,20,EXCLUDED_OHLC_RANGE_PROXY,True,ELIGIBLE_FOR_OHLC_PRICE_REFERENCE_SIMULATION,9.302325581395358,1,1
d4f27239e30ac6922af1,PH52-007,BUY_PUT,development,c8a686f986a21faa7ed5,2023-06-22,20,EXCLUDED_OHLC_RANGE_PROXY,True,ELIGIBLE_FOR_OHLC_PRICE_REFERENCE_SIMULATION,8.185053380782907,1,1
d4f27239e30ac6922af1,PH52-007,BUY_PUT,development,84c7352397ed038c3ea2,2023-12-28,20,EXCLUDED_OHLC_RANGE_PROXY,True,ELIGIBLE_FOR_OHLC_PRICE_REFERENCE_SIMULATION,4.437869822485207,1,1
d4f27239e30ac6922af1,PH52-007,BUY_PUT,validation,f104c6f1662847c5bbcc,2024-01-04,20,EXCLUDED_OHLC_RANGE_PROXY,True,ELIGIBLE_FOR_OHLC_PRICE_REFERENCE_SIMULATION,10.970464135021087,1,1
d4f27239e30ac6922af1,PH52-007,BUY_PUT,validation,0cd34c6b63a9f995c503,2024-05-30,20,EXCLUDED_OHLC_RANGE_PROXY,True,ELIGIBLE_FOR_OHLC_PRICE_REFERENCE_SIMULATION,10.26677445432497,1,1
d4f27239e30ac6922af1,PH52-007,BUY_PUT,validation,75007ced19cb5e12e01f,2024-10-17,20,EXCLUDED_OHLC_RANGE_PROXY,False,OHLC_RANGE_PROXY_EXCEEDS_THRESHOLD,34.10326086956523,1,1
d4f27239e30ac6922af1,PH52-007,BUY_PUT,validation,8eb8f1add17ecb221cbd,2025-03-13,20,BLOCKED_LEG_ELIGIBILITY,False,REQUIRED_LEG_PRIOR_OI_BELOW_100,13.874345549738212,1,1
d4f27239e30ac6922af1,PH52-007,BUY_PUT,validation,14d9997729e438213524,2025-07-31,20,BLOCKED_LEG_ELIGIBILITY,False,REQUIRED_LEG_PRIOR_OI_BELOW_100,8.320726172465951,1,1
d4f27239e30ac6922af1,PH52-007,BUY_PUT,validation,4a919e0bde313b9b9ee1,2025-12-30,20,BLOCKED_LEG_ELIGIBILITY,False,REQUIRED_LEG_PRIOR_OI_BELOW_100,11.554621848739496,1,1
c039247dcd6929eb8c8b,PH52-007,BUY_PUT,development,01f752daf3bb0e90d7b1,2021-05-27,20,EXCLUDED_OHLC_RANGE_PROXY,True,ELIGIBLE_FOR_OHLC_PRICE_REFERENCE_SIMULATION,6.329113924050633,1,1
c039247dcd6929eb8c8b,PH52-007,BUY_PUT,development,0ddaab2f8946678d3082,2021-12-09,20,EXCLUDED_OHLC_RANGE_PROXY,False,OHLC_RANGE_PROXY_EXCEEDS_THRESHOLD,20.888888888888886,1,1
c039247dcd6929eb8c8b,PH52-007,BUY_PUT,development,044eef05c3277601504c,2022-06-16,20,EXCLUDED_OHLC_RANGE_PROXY,True,ELIGIBLE_FOR_OHLC_PRICE_REFERENCE_SIMULATION,13.705583756345176,1,1
c039247dcd6929eb8c8b,PH52-007,BUY_PUT,development,307dafef42b72c870148,2022-12-15,20,EXCLUDED_OHLC_RANGE_PROXY,True,ELIGIBLE_FOR_OHLC_PRICE_REFERENCE_SIMULATION,8.771929824561402,1,1
c039247dcd6929eb8c8b,PH52-007,BUY_PUT,development,c8a686f986a21faa7ed5,2023-06-22,20,EXCLUDED_OHLC_RANGE_PROXY,True,ELIGIBLE_FOR_OHLC_PRICE_REFERENCE_SIMULATION,4.477611940298504,1,1
c039247dcd6929eb8c8b,PH52-007,BUY_PUT,development,84c7352397ed038c3ea2,2023-12-28,20,EXCLUDED_OHLC_RANGE_PROXY,True,ELIGIBLE_FOR_OHLC_PRICE_REFERENCE_SIMULATION,5.2044609665427455,1,1
c039247dcd6929eb8c8b,PH52-007,BUY_PUT,validation,f104c6f1662847c5bbcc,2024-01-04,20,EXCLUDED_OHLC_RANGE_PROXY,True,ELIGIBLE_FOR_OHLC_PRICE_REFERENCE_SIMULATION,12.90322580645161,1,1
c039247dcd6929eb8c8b,PH52-007,BUY_PUT,validation,0cd34c6b63a9f995c503,2024-05-30,20,EXCLUDED_OHLC_RANGE_PROXY,True,ELIGIBLE_FOR_OHLC_PRICE_REFERENCE_SIMULATION,12.335526315789474,1,1
c039247dcd6929eb8c8b,PH52-007,BUY_PUT,validation,75007ced19cb5e12e01f,2024-10-17,20,EXCLUDED_OHLC_RANGE_PROXY,False,OHLC_RANGE_PROXY_EXCEEDS_THRESHOLD,44.444444444444436,1,1
c039247dcd6929eb8c8b,PH52-007,BUY_PUT,validation,8eb8f1add17ecb221cbd,2025-03-13,20,BLOCKED_LEG_ELIGIBILITY,False,REQUIRED_LEG_PRIOR_OI_BELOW_100,12.318840579710141,1,1
c039247dcd6929eb8c8b,PH52-007,BUY_PUT,validation,14d9997729e438213524,2025-07-31,20,BLOCKED_LEG_ELIGIBILITY,False,REQUIRED_LEG_PRIOR_OI_BELOW_100,8.812260536398469,1,1
c039247dcd6929eb8c8b,PH52-007,BUY_PUT,validation,4a919e0bde313b9b9ee1,2025-12-30,20,BLOCKED_LEG_ELIGIBILITY,False,REQUIRED_LEG_PRIOR_OI_BELOW_100,10.909090909090903,1,1
c31e45a39d28e22b70b2,PH52-007,BUY_PUT,development,ce8e12389ff297becff9,2021-05-27,20,EXCLUDED_OHLC_RANGE_PROXY,True,ELIGIBLE_FOR_OHLC_PRICE_REFERENCE_SIMULATION,6.333333333333329,1,1
c31e45a39d28e22b70b2,PH52-007,BUY_PUT,development,061c004245393c77b5c7,2021-12-09,20,EXCLUDED_OHLC_RANGE_PROXY,True,ELIGIBLE_FOR_OHLC_PRICE_REFERENCE_SIMULATION,10.270270270270263,1,1
c31e45a39d28e22b70b2,PH52-007,BUY_PUT,development,b58d771555d73891d2fd,2022-06-16,20,EXCLUDED_OHLC_RANGE_PROXY,False,OHLC_RANGE_PROXY_EXCEEDS_THRESHOLD,25.89118198874296,1,1
c31e45a39d28e22b70b2,PH52-007,BUY_PUT,development,8c9b97c314b368f7a743,2022-12-15,20,EXCLUDED_OHLC_RANGE_PROXY,True,ELIGIBLE_FOR_OHLC_PRICE_REFERENCE_SIMULATION,16.250000000000007,1,1
c31e45a39d28e22b70b2,PH52-007,BUY_PUT,development,b2b9482e70f4a2ace098,2023-06-22,20,EXCLUDED_OHLC_RANGE_PROXY,True,ELIGIBLE_FOR_OHLC_PRICE_REFERENCE_SIMULATION,9.230769230769225,1,1
c31e45a39d28e22b70b2,PH52-007,BUY_PUT,development,804301753400916af24f,2023-12-28,20,EXCLUDED_OHLC_RANGE_PROXY,True,ELIGIBLE_FOR_OHLC_PRICE_REFERENCE_SIMULATION,13.793103448275865,1,1
c31e45a39d28e22b70b2,PH52-007,BUY_PUT,validation,c1472f0b801661762bc6,2024-01-04,20,EXCLUDED_OHLC_RANGE_PROXY,True,ELIGIBLE_FOR_OHLC_PRICE_REFERENCE_SIMULATION,16.091954022988492,1,1
c31e45a39d28e22b70b2,PH52-007,BUY_PUT,validation,1d33307443bd39106f13,2024-05-30,20,EXCLUDED_OHLC_RANGE_PROXY,True,ELIGIBLE_FOR_OHLC_PRICE_REFERENCE_SIMULATION,11.267605633802809,1,1
c31e45a39d28e22b70b2,PH52-007,BUY_PUT,validation,50696f11ab0417607875,2024-10-17,20,EXCLUDED_OHLC_RANGE_PROXY,True,ELIGIBLE_FOR_OHLC_PRICE_REFERENCE_SIMULATION,11.585365853658528,1,1
c31e45a39d28e22b70b2,PH52-007,BUY_PUT,validation,58a4c4843286bd3943a2,2025-03-13,20,BLOCKED_LEG_ELIGIBILITY,False,REQUIRED_LEG_PRIOR_OI_BELOW_100,14.736842105263161,1,1
c31e45a39d28e22b70b2,PH52-007,BUY_PUT,validation,e5919e2053dc59805884,2025-07-31,20,BLOCKED_LEG_ELIGIBILITY,False,REQUIRED_LEG_PRIOR_OI_BELOW_100,8.666666666666679,1,1
c31e45a39d28e22b70b2,PH52-007,BUY_PUT,validation,2744fff722d389044d25,2025-12-30,20,EXCLUDED_OHLC_RANGE_PROXY,True,ELIGIBLE_FOR_OHLC_PRICE_REFERENCE_SIMULATION,13.46153846153846,1,1
5819a5202b9b3b1cdd0b,PH52-007,BUY_PUT,development,ce8e12389ff297becff9,2021-05-27,20,EXCLUDED_OHLC_RANGE_PROXY,True,ELIGIBLE_FOR_OHLC_PRICE_REFERENCE_SIMULATION,6.493506493506482,1,1
5819a5202b9b3b1cdd0b,PH52-007,BUY_PUT,development,061c004245393c77b5c7,2021-12-09,20,EXCLUDED_OHLC_RANGE_PROXY,True,ELIGIBLE_FOR_OHLC_PRICE_REFERENCE_SIMULATION,4.255319148936174,1,1
5819a5202b9b3b1cdd0b,PH52-007,BUY_PUT,development,b58d771555d73891d2fd,2022-06-16,20,EXCLUDED_OHLC_RANGE_PROXY,False,OHLC_RANGE_PROXY_EXCEEDS_THRESHOLD,32.28346456692912,1,1
5819a5202b9b3b1cdd0b,PH52-007,BUY_PUT,development,8c9b97c314b368f7a743,2022-12-15,20,EXCLUDED_OHLC_RANGE_PROXY,True,ELIGIBLE_FOR_OHLC_PRICE_REFERENCE_SIMULATION,10.526315789473683,1,1
5819a5202b9b3b1cdd0b,PH52-007,BUY_PUT,development,b2b9482e70f4a2ace098,2023-06-22,20,EXCLUDED_OHLC_RANGE_PROXY,True,ELIGIBLE_FOR_OHLC_PRICE_REFERENCE_SIMULATION,11.111111111111104,1,1
5819a5202b9b3b1cdd0b,PH52-007,BUY_PUT,development,804301753400916af24f,2023-12-28,20,EXCLUDED_OHLC_RANGE_PROXY,True,ELIGIBLE_FOR_OHLC_PRICE_REFERENCE_SIMULATION,11.49425287356322,1,1
5819a5202b9b3b1cdd0b,PH52-007,BUY_PUT,validation,c1472f0b801661762bc6,2024-01-04,20,EXCLUDED_OHLC_RANGE_PROXY,True,ELIGIBLE_FOR_OHLC_PRICE_REFERENCE_SIMULATION,8.695652173913052,1,1
5819a5202b9b3b1cdd0b,PH52-007,BUY_PUT,validation,1d33307443bd39106f13,2024-05-30,20,EXCLUDED_OHLC_RANGE_PROXY,True,ELIGIBLE_FOR_OHLC_PRICE_REFERENCE_SIMULATION,9.022556390977451,1,1
5819a5202b9b3b1cdd0b,PH52-007,BUY_PUT,validation,50696f11ab0417607875,2024-10-17,20,EXCLUDED_OHLC_RANGE_PROXY,True,ELIGIBLE_FOR_OHLC_PRICE_REFERENCE_SIMULATION,11.111111111111109,1,1
5819a5202b9b3b1cdd0b,PH52-007,BUY_PUT,validation,58a4c4843286bd3943a2,2025-03-13,20,BLOCKED_LEG_ELIGIBILITY,False,REQUIRED_LEG_PRIOR_OI_BELOW_100,8.000000000000007,1,1
5819a5202b9b3b1cdd0b,PH52-007,BUY_PUT,validation,e5919e2053dc59805884,2025-07-31,20,BLOCKED_LEG_ELIGIBILITY,False,REQUIRED_LEG_PRIOR_OI_BELOW_100,7.042253521126761,1,1
5819a5202b9b3b1cdd0b,PH52-007,BUY_PUT,validation,2744fff722d389044d25,2025-12-30,20,EXCLUDED_OHLC_RANGE_PROXY,True,ELIGIBLE_FOR_OHLC_PRICE_REFERENCE_SIMULATION,10.526315789473683,1,1
98dbdd88c3b8df3d0d98,PH52-049,LONG_STRADDLE,development,01f752daf3bb0e90d7b1,2021-05-27,20,EXCLUDED_OHLC_RANGE_PROXY,True,ELIGIBLE_FOR_OHLC_PRICE_REFERENCE_SIMULATION,5.246913580246912,2,2
98dbdd88c3b8df3d0d98,PH52-049,LONG_STRADDLE,development,0ddaab2f8946678d3082,2021-12-09,20,EXCLUDED_OHLC_RANGE_PROXY,True,ELIGIBLE_FOR_OHLC_PRICE_REFERENCE_SIMULATION,13.059427732942025,2,2
98dbdd88c3b8df3d0d98,PH52-049,LONG_STRADDLE,development,044eef05c3277601504c,2022-06-16,20,EXCLUDED_OHLC_RANGE_PROXY,True,ELIGIBLE_FOR_OHLC_PRICE_REFERENCE_SIMULATION,10.736196319018415,2,2
98dbdd88c3b8df3d0d98,PH52-049,LONG_STRADDLE,development,307dafef42b72c870148,2022-12-15,20,EXCLUDED_OHLC_RANGE_PROXY,True,ELIGIBLE_FOR_OHLC_PRICE_REFERENCE_SIMULATION,5.957446808510648,2,2
98dbdd88c3b8df3d0d98,PH52-049,LONG_STRADDLE,development,c8a686f986a21faa7ed5,2023-06-22,20,EXCLUDED_OHLC_RANGE_PROXY,True,ELIGIBLE_FOR_OHLC_PRICE_REFERENCE_SIMULATION,11.021505376344088,2,2
98dbdd88c3b8df3d0d98,PH52-049,LONG_STRADDLE,development,84c7352397ed038c3ea2,2023-12-28,20,EXCLUDED_OHLC_RANGE_PROXY,True,ELIGIBLE_FOR_OHLC_PRICE_REFERENCE_SIMULATION,4.341736694677863,2,2
98dbdd88c3b8df3d0d98,PH52-049,LONG_STRADDLE,validation,f104c6f1662847c5bbcc,2024-01-04,20,EXCLUDED_OHLC_RANGE_PROXY,True,ELIGIBLE_FOR_OHLC_PRICE_REFERENCE_SIMULATION,6.666666666666658,2,2
98dbdd88c3b8df3d0d98,PH52-049,LONG_STRADDLE,validation,0cd34c6b63a9f995c503,2024-05-30,20,EXCLUDED_OHLC_RANGE_PROXY,True,ELIGIBLE_FOR_OHLC_PRICE_REFERENCE_SIMULATION,8.21529745042493,2,2
98dbdd88c3b8df3d0d98,PH52-049,LONG_STRADDLE,validation,75007ced19cb5e12e01f,2024-10-17,20,EXCLUDED_OHLC_RANGE_PROXY,False,OHLC_RANGE_PROXY_EXCEEDS_THRESHOLD,20.713899405083833,2,2
98dbdd88c3b8df3d0d98,PH52-049,LONG_STRADDLE,validation,8eb8f1add17ecb221cbd,2025-03-13,20,BLOCKED_LEG_ELIGIBILITY,False,REQUIRED_LEG_PRIOR_OI_BELOW_100,14.285714285714286,2,2
98dbdd88c3b8df3d0d98,PH52-049,LONG_STRADDLE,validation,14d9997729e438213524,2025-07-31,20,BLOCKED_LEG_ELIGIBILITY,False,REQUIRED_LEG_PRIOR_OI_BELOW_100,12.089810017271157,2,2
98dbdd88c3b8df3d0d98,PH52-049,LONG_STRADDLE,validation,4a919e0bde313b9b9ee1,2025-12-30,20,BLOCKED_LEG_ELIGIBILITY,False,REQUIRED_LEG_PRIOR_OI_BELOW_100,17.257683215130037,2,2
c4749ba6933734c7ed45,PH52-049,LONG_STRADDLE,development,01f752daf3bb0e90d7b1,2021-05-27,20,EXCLUDED_OHLC_RANGE_PROXY,True,ELIGIBLE_FOR_OHLC_PRICE_REFERENCE_SIMULATION,5.9999999999999964,2,2
c4749ba6933734c7ed45,PH52-049,LONG_STRADDLE,development,0ddaab2f8946678d3082,2021-12-09,20,EXCLUDED_OHLC_RANGE_PROXY,True,ELIGIBLE_FOR_OHLC_PRICE_REFERENCE_SIMULATION,10.596026490066224,2,2
c4749ba6933734c7ed45,PH52-049,LONG_STRADDLE,development,044eef05c3277601504c,2022-06-16,20,EXCLUDED_OHLC_RANGE_PROXY,True,ELIGIBLE_FOR_OHLC_PRICE_REFERENCE_SIMULATION,9.78260869565216,2,2
c4749ba6933734c7ed45,PH52-049,LONG_STRADDLE,development,307dafef42b72c870148,2022-12-15,20,EXCLUDED_OHLC_RANGE_PROXY,True,ELIGIBLE_FOR_OHLC_PRICE_REFERENCE_SIMULATION,3.63636363636364,2,2
c4749ba6933734c7ed45,PH52-049,LONG_STRADDLE,development,c8a686f986a21faa7ed5,2023-06-22,20,EXCLUDED_OHLC_RANGE_PROXY,True,ELIGIBLE_FOR_OHLC_PRICE_REFERENCE_SIMULATION,7.547169811320744,2,2
c4749ba6933734c7ed45,PH52-049,LONG_STRADDLE,development,84c7352397ed038c3ea2,2023-12-28,20,EXCLUDED_OHLC_RANGE_PROXY,True,ELIGIBLE_FOR_OHLC_PRICE_REFERENCE_SIMULATION,4.784688995215311,2,2
c4749ba6933734c7ed45,PH52-049,LONG_STRADDLE,validation,f104c6f1662847c5bbcc,2024-01-04,20,EXCLUDED_OHLC_RANGE_PROXY,True,ELIGIBLE_FOR_OHLC_PRICE_REFERENCE_SIMULATION,5.882352941176485,2,2
c4749ba6933734c7ed45,PH52-049,LONG_STRADDLE,validation,0cd34c6b63a9f995c503,2024-05-30,20,EXCLUDED_OHLC_RANGE_PROXY,True,ELIGIBLE_FOR_OHLC_PRICE_REFERENCE_SIMULATION,8.739837398373977,2,2
c4749ba6933734c7ed45,PH52-049,LONG_STRADDLE,validation,75007ced19cb5e12e01f,2024-10-17,20,EXCLUDED_OHLC_RANGE_PROXY,True,ELIGIBLE_FOR_OHLC_PRICE_REFERENCE_SIMULATION,15.302491103202849,2,2
c4749ba6933734c7ed45,PH52-049,LONG_STRADDLE,validation,8eb8f1add17ecb221cbd,2025-03-13,20,BLOCKED_LEG_ELIGIBILITY,False,REQUIRED_LEG_PRIOR_OI_BELOW_100,12.37113402061857,2,2
c4749ba6933734c7ed45,PH52-049,LONG_STRADDLE,validation,14d9997729e438213524,2025-07-31,20,BLOCKED_LEG_ELIGIBILITY,False,REQUIRED_LEG_PRIOR_OI_BELOW_100,12.385321100917428,2,2
c4749ba6933734c7ed45,PH52-049,LONG_STRADDLE,validation,4a919e0bde313b9b9ee1,2025-12-30,20,BLOCKED_LEG_ELIGIBILITY,False,REQUIRED_LEG_PRIOR_OI_BELOW_100,15.51724137931035,2,2
0a2c71c6e12e773afc2d,PH52-049,LONG_STRADDLE,development,ce8e12389ff297becff9,2021-05-27,20,EXCLUDED_OHLC_RANGE_PROXY,True,ELIGIBLE_FOR_OHLC_PRICE_REFERENCE_SIMULATION,10.322580645161288,2,2
0a2c71c6e12e773afc2d,PH52-049,LONG_STRADDLE,development,061c004245393c77b5c7,2021-12-09,20,EXCLUDED_OHLC_RANGE_PROXY,True,ELIGIBLE_FOR_OHLC_PRICE_REFERENCE_SIMULATION,9.48509485094851,2,2
0a2c71c6e12e773afc2d,PH52-049,LONG_STRADDLE,development,b58d771555d73891d2fd,2022-06-16,20,EXCLUDED_OHLC_RANGE_PROXY,False,OHLC_RANGE_PROXY_EXCEEDS_THRESHOLD,21.229050279329606,2,2
0a2c71c6e12e773afc2d,PH52-049,LONG_STRADDLE,development,8c9b97c314b368f7a743,2022-12-15,20,EXCLUDED_OHLC_RANGE_PROXY,True,ELIGIBLE_FOR_OHLC_PRICE_REFERENCE_SIMULATION,8.940852819807427,2,2
0a2c71c6e12e773afc2d,PH52-049,LONG_STRADDLE,development,b2b9482e70f4a2ace098,2023-06-22,20,EXCLUDED_OHLC_RANGE_PROXY,True,ELIGIBLE_FOR_OHLC_PRICE_REFERENCE_SIMULATION,11.874999999999991,2,2
0a2c71c6e12e773afc2d,PH52-049,LONG_STRADDLE,development,804301753400916af24f,2023-12-28,20,EXCLUDED_OHLC_RANGE_PROXY,True,ELIGIBLE_FOR_OHLC_PRICE_REFERENCE_SIMULATION,12.962962962962964,2,2
0a2c71c6e12e773afc2d,PH52-049,LONG_STRADDLE,validation,c1472f0b801661762bc6,2024-01-04,20,EXCLUDED_OHLC_RANGE_PROXY,True,ELIGIBLE_FOR_OHLC_PRICE_REFERENCE_SIMULATION,17.58241758241759,2,2
0a2c71c6e12e773afc2d,PH52-049,LONG_STRADDLE,validation,1d33307443bd39106f13,2024-05-30,20,EXCLUDED_OHLC_RANGE_PROXY,True,ELIGIBLE_FOR_OHLC_PRICE_REFERENCE_SIMULATION,12.436548223350252,2,2
0a2c71c6e12e773afc2d,PH52-049,LONG_STRADDLE,validation,50696f11ab0417607875,2024-10-17,20,EXCLUDED_OHLC_RANGE_PROXY,True,ELIGIBLE_FOR_OHLC_PRICE_REFERENCE_SIMULATION,17.857142857142858,2,2
0a2c71c6e12e773afc2d,PH52-049,LONG_STRADDLE,validation,58a4c4843286bd3943a2,2025-03-13,20,BLOCKED_LEG_ELIGIBILITY,False,REQUIRED_LEG_PRIOR_OI_BELOW_100,10.0,2,2
0a2c71c6e12e773afc2d,PH52-049,LONG_STRADDLE,validation,e5919e2053dc59805884,2025-07-31,20,BLOCKED_LEG_ELIGIBILITY,False,REQUIRED_LEG_PRIOR_OI_BELOW_100,27.142857142857146,2,2
0a2c71c6e12e773afc2d,PH52-049,LONG_STRADDLE,validation,2744fff722d389044d25,2025-12-30,20,EXCLUDED_OHLC_RANGE_PROXY,True,ELIGIBLE_FOR_OHLC_PRICE_REFERENCE_SIMULATION,11.363636363636365,2,2
2432b3ba491006a1f15a,PH52-049,LONG_STRADDLE,development,ce8e12389ff297becff9,2021-05-27,20,EXCLUDED_OHLC_RANGE_PROXY,True,ELIGIBLE_FOR_OHLC_PRICE_REFERENCE_SIMULATION,10.000000000000009,2,2
2432b3ba491006a1f15a,PH52-049,LONG_STRADDLE,development,061c004245393c77b5c7,2021-12-09,20,EXCLUDED_OHLC_RANGE_PROXY,True,ELIGIBLE_FOR_OHLC_PRICE_REFERENCE_SIMULATION,7.499999999999996,2,2
2432b3ba491006a1f15a,PH52-049,LONG_STRADDLE,development,b58d771555d73891d2fd,2022-06-16,20,EXCLUDED_OHLC_RANGE_PROXY,False,OHLC_RANGE_PROXY_EXCEEDS_THRESHOLD,21.73913043478261,2,2
2432b3ba491006a1f15a,PH52-049,LONG_STRADDLE,development,8c9b97c314b368f7a743,2022-12-15,20,EXCLUDED_OHLC_RANGE_PROXY,True,ELIGIBLE_FOR_OHLC_PRICE_REFERENCE_SIMULATION,3.741358275721845,2,2
2432b3ba491006a1f15a,PH52-049,LONG_STRADDLE,development,b2b9482e70f4a2ace098,2023-06-22,20,EXCLUDED_OHLC_RANGE_PROXY,True,ELIGIBLE_FOR_OHLC_PRICE_REFERENCE_SIMULATION,6.250000000000005,2,2
2432b3ba491006a1f15a,PH52-049,LONG_STRADDLE,development,804301753400916af24f,2023-12-28,20,EXCLUDED_OHLC_RANGE_PROXY,True,ELIGIBLE_FOR_OHLC_PRICE_REFERENCE_SIMULATION,9.803921568627452,2,2
2432b3ba491006a1f15a,PH52-049,LONG_STRADDLE,validation,c1472f0b801661762bc6,2024-01-04,20,EXCLUDED_OHLC_RANGE_PROXY,True,ELIGIBLE_FOR_OHLC_PRICE_REFERENCE_SIMULATION,15.384615384615381,2,2
2432b3ba491006a1f15a,PH52-049,LONG_STRADDLE,validation,1d33307443bd39106f13,2024-05-30,20,EXCLUDED_OHLC_RANGE_PROXY,True,ELIGIBLE_FOR_OHLC_PRICE_REFERENCE_SIMULATION,12.056737588652478,2,2
2432b3ba491006a1f15a,PH52-049,LONG_STRADDLE,validation,50696f11ab0417607875,2024-10-17,20,EXCLUDED_OHLC_RANGE_PROXY,True,ELIGIBLE_FOR_OHLC_PRICE_REFERENCE_SIMULATION,14.285714285714288,2,2
2432b3ba491006a1f15a,PH52-049,LONG_STRADDLE,validation,58a4c4843286bd3943a2,2025-03-13,20,BLOCKED_LEG_ELIGIBILITY,False,REQUIRED_LEG_PRIOR_OI_BELOW_100,8.510638297872347,2,2
2432b3ba491006a1f15a,PH52-049,LONG_STRADDLE,validation,e5919e2053dc59805884,2025-07-31,20,BLOCKED_LEG_ELIGIBILITY,False,REQUIRED_LEG_PRIOR_OI_BELOW_100,34.78260869565216,2,2
2432b3ba491006a1f15a,PH52-049,LONG_STRADDLE,validation,2744fff722d389044d25,2025-12-30,20,EXCLUDED_OHLC_RANGE_PROXY,True,ELIGIBLE_FOR_OHLC_PRICE_REFERENCE_SIMULATION,7.1428571428571495,2,2
722daeb1f1c06b54a1ee,PH52-061,LONG_STRANGLE,development,01f752daf3bb0e90d7b1,2021-05-27,20,EXCLUDED_OHLC_RANGE_PROXY,True,ELIGIBLE_FOR_OHLC_PRICE_REFERENCE_SIMULATION,5.2631578947368425,2,2
722daeb1f1c06b54a1ee,PH52-061,LONG_STRANGLE,development,0ddaab2f8946678d3082,2021-12-09,20,EXCLUDED_OHLC_RANGE_PROXY,True,ELIGIBLE_FOR_OHLC_PRICE_REFERENCE_SIMULATION,17.18213058419244,2,2
722daeb1f1c06b54a1ee,PH52-061,LONG_STRANGLE,development,044eef05c3277601504c,2022-06-16,20,EXCLUDED_OHLC_RANGE_PROXY,True,ELIGIBLE_FOR_OHLC_PRICE_REFERENCE_SIMULATION,13.354037267080747,2,2
722daeb1f1c06b54a1ee,PH52-061,LONG_STRANGLE,development,307dafef42b72c870148,2022-12-15,20,EXCLUDED_OHLC_RANGE_PROXY,True,ELIGIBLE_FOR_OHLC_PRICE_REFERENCE_SIMULATION,9.302325581395358,2,2
722daeb1f1c06b54a1ee,PH52-061,LONG_STRANGLE,development,c8a686f986a21faa7ed5,2023-06-22,20,EXCLUDED_OHLC_RANGE_PROXY,True,ELIGIBLE_FOR_OHLC_PRICE_REFERENCE_SIMULATION,11.021505376344088,2,2
722daeb1f1c06b54a1ee,PH52-061,LONG_STRANGLE,development,84c7352397ed038c3ea2,2023-12-28,20,EXCLUDED_OHLC_RANGE_PROXY,True,ELIGIBLE_FOR_OHLC_PRICE_REFERENCE_SIMULATION,4.437869822485207,2,2
722daeb1f1c06b54a1ee,PH52-061,LONG_STRANGLE,validation,f104c6f1662847c5bbcc,2024-01-04,20,EXCLUDED_OHLC_RANGE_PROXY,True,ELIGIBLE_FOR_OHLC_PRICE_REFERENCE_SIMULATION,10.970464135021087,2,2
722daeb1f1c06b54a1ee,PH52-061,LONG_STRANGLE,validation,0cd34c6b63a9f995c503,2024-05-30,20,EXCLUDED_OHLC_RANGE_PROXY,True,ELIGIBLE_FOR_OHLC_PRICE_REFERENCE_SIMULATION,10.26677445432497,2,2
722daeb1f1c06b54a1ee,PH52-061,LONG_STRANGLE,validation,75007ced19cb5e12e01f,2024-10-17,20,EXCLUDED_OHLC_RANGE_PROXY,False,OHLC_RANGE_PROXY_EXCEEDS_THRESHOLD,34.10326086956523,2,2
722daeb1f1c06b54a1ee,PH52-061,LONG_STRANGLE,validation,8eb8f1add17ecb221cbd,2025-03-13,20,BLOCKED_LEG_ELIGIBILITY,False,REQUIRED_LEG_PRIOR_OI_BELOW_100,14.285714285714286,2,2
722daeb1f1c06b54a1ee,PH52-061,LONG_STRANGLE,validation,14d9997729e438213524,2025-07-31,20,BLOCKED_LEG_ELIGIBILITY,False,REQUIRED_LEG_PRIOR_OI_BELOW_100,12.089810017271157,2,2
722daeb1f1c06b54a1ee,PH52-061,LONG_STRANGLE,validation,4a919e0bde313b9b9ee1,2025-12-30,20,BLOCKED_LEG_ELIGIBILITY,False,REQUIRED_LEG_PRIOR_OI_BELOW_100,17.257683215130037,2,2
2173cfebeda92408e9c0,PH52-061,LONG_STRANGLE,development,01f752daf3bb0e90d7b1,2021-05-27,20,EXCLUDED_OHLC_RANGE_PROXY,True,ELIGIBLE_FOR_OHLC_PRICE_REFERENCE_SIMULATION,6.329113924050633,2,2
2173cfebeda92408e9c0,PH52-061,LONG_STRANGLE,development,0ddaab2f8946678d3082,2021-12-09,20,EXCLUDED_OHLC_RANGE_PROXY,False,OHLC_RANGE_PROXY_EXCEEDS_THRESHOLD,20.888888888888886,2,2
2173cfebeda92408e9c0,PH52-061,LONG_STRANGLE,development,044eef05c3277601504c,2022-06-16,20,EXCLUDED_OHLC_RANGE_PROXY,True,ELIGIBLE_FOR_OHLC_PRICE_REFERENCE_SIMULATION,13.705583756345176,2,2
2173cfebeda92408e9c0,PH52-061,LONG_STRANGLE,development,307dafef42b72c870148,2022-12-15,20,EXCLUDED_OHLC_RANGE_PROXY,True,ELIGIBLE_FOR_OHLC_PRICE_REFERENCE_SIMULATION,8.771929824561402,2,2
2173cfebeda92408e9c0,PH52-061,LONG_STRANGLE,development,c8a686f986a21faa7ed5,2023-06-22,20,EXCLUDED_OHLC_RANGE_PROXY,True,ELIGIBLE_FOR_OHLC_PRICE_REFERENCE_SIMULATION,7.547169811320744,2,2
2173cfebeda92408e9c0,PH52-061,LONG_STRANGLE,development,84c7352397ed038c3ea2,2023-12-28,20,EXCLUDED_OHLC_RANGE_PROXY,True,ELIGIBLE_FOR_OHLC_PRICE_REFERENCE_SIMULATION,5.2044609665427455,2,2
2173cfebeda92408e9c0,PH52-061,LONG_STRANGLE,validation,f104c6f1662847c5bbcc,2024-01-04,20,EXCLUDED_OHLC_RANGE_PROXY,True,ELIGIBLE_FOR_OHLC_PRICE_REFERENCE_SIMULATION,12.90322580645161,2,2
2173cfebeda92408e9c0,PH52-061,LONG_STRANGLE,validation,0cd34c6b63a9f995c503,2024-05-30,20,EXCLUDED_OHLC_RANGE_PROXY,True,ELIGIBLE_FOR_OHLC_PRICE_REFERENCE_SIMULATION,12.335526315789474,2,2
2173cfebeda92408e9c0,PH52-061,LONG_STRANGLE,validation,75007ced19cb5e12e01f,2024-10-17,20,EXCLUDED_OHLC_RANGE_PROXY,False,OHLC_RANGE_PROXY_EXCEEDS_THRESHOLD,44.444444444444436,2,2
2173cfebeda92408e9c0,PH52-061,LONG_STRANGLE,validation,8eb8f1add17ecb221cbd,2025-03-13,20,BLOCKED_LEG_ELIGIBILITY,False,REQUIRED_LEG_PRIOR_OI_BELOW_100,12.37113402061857,2,2
2173cfebeda92408e9c0,PH52-061,LONG_STRANGLE,validation,14d9997729e438213524,2025-07-31,20,BLOCKED_LEG_ELIGIBILITY,False,REQUIRED_LEG_PRIOR_OI_BELOW_100,12.385321100917428,2,2
2173cfebeda92408e9c0,PH52-061,LONG_STRANGLE,validation,4a919e0bde313b9b9ee1,2025-12-30,20,BLOCKED_LEG_ELIGIBILITY,False,REQUIRED_LEG_PRIOR_OI_BELOW_100,15.51724137931035,2,2
2f22cd4cb483cbbd04af,PH52-061,LONG_STRANGLE,development,ce8e12389ff297becff9,2021-05-27,20,EXCLUDED_OHLC_RANGE_PROXY,True,ELIGIBLE_FOR_OHLC_PRICE_REFERENCE_SIMULATION,10.322580645161288,2,2
2f22cd4cb483cbbd04af,PH52-061,LONG_STRANGLE,development,061c004245393c77b5c7,2021-12-09,20,EXCLUDED_OHLC_RANGE_PROXY,True,ELIGIBLE_FOR_OHLC_PRICE_REFERENCE_SIMULATION,10.270270270270263,2,2
2f22cd4cb483cbbd04af,PH52-061,LONG_STRANGLE,development,b58d771555d73891d2fd,2022-06-16,20,EXCLUDED_OHLC_RANGE_PROXY,False,OHLC_RANGE_PROXY_EXCEEDS_THRESHOLD,25.89118198874296,2,2
2f22cd4cb483cbbd04af,PH52-061,LONG_STRANGLE,development,8c9b97c314b368f7a743,2022-12-15,20,EXCLUDED_OHLC_RANGE_PROXY,True,ELIGIBLE_FOR_OHLC_PRICE_REFERENCE_SIMULATION,16.250000000000007,2,2
2f22cd4cb483cbbd04af,PH52-061,LONG_STRANGLE,development,b2b9482e70f4a2ace098,2023-06-22,20,EXCLUDED_OHLC_RANGE_PROXY,True,ELIGIBLE_FOR_OHLC_PRICE_REFERENCE_SIMULATION,11.874999999999991,2,2
2f22cd4cb483cbbd04af,PH52-061,LONG_STRANGLE,development,804301753400916af24f,2023-12-28,20,EXCLUDED_OHLC_RANGE_PROXY,True,ELIGIBLE_FOR_OHLC_PRICE_REFERENCE_SIMULATION,13.793103448275865,2,2
2f22cd4cb483cbbd04af,PH52-061,LONG_STRANGLE,validation,c1472f0b801661762bc6,2024-01-04,20,EXCLUDED_OHLC_RANGE_PROXY,True,ELIGIBLE_FOR_OHLC_PRICE_REFERENCE_SIMULATION,17.58241758241759,2,2
2f22cd4cb483cbbd04af,PH52-061,LONG_STRANGLE,validation,1d33307443bd39106f13,2024-05-30,20,EXCLUDED_OHLC_RANGE_PROXY,True,ELIGIBLE_FOR_OHLC_PRICE_REFERENCE_SIMULATION,12.436548223350252,2,2
2f22cd4cb483cbbd04af,PH52-061,LONG_STRANGLE,validation,50696f11ab0417607875,2024-10-17,20,EXCLUDED_OHLC_RANGE_PROXY,True,ELIGIBLE_FOR_OHLC_PRICE_REFERENCE_SIMULATION,17.857142857142858,2,2
2f22cd4cb483cbbd04af,PH52-061,LONG_STRANGLE,validation,58a4c4843286bd3943a2,2025-03-13,20,BLOCKED_LEG_ELIGIBILITY,False,REQUIRED_LEG_PRIOR_OI_BELOW_100,14.736842105263161,2,2
2f22cd4cb483cbbd04af,PH52-061,LONG_STRANGLE,validation,e5919e2053dc59805884,2025-07-31,20,BLOCKED_LEG_ELIGIBILITY,False,REQUIRED_LEG_PRIOR_OI_BELOW_100,27.142857142857146,2,2
2f22cd4cb483cbbd04af,PH52-061,LONG_STRANGLE,validation,2744fff722d389044d25,2025-12-30,20,EXCLUDED_OHLC_RANGE_PROXY,True,ELIGIBLE_FOR_OHLC_PRICE_REFERENCE_SIMULATION,13.46153846153846,2,2
4bd35f1260b64365d38b,PH52-061,LONG_STRANGLE,development,ce8e12389ff297becff9,2021-05-27,20,EXCLUDED_OHLC_RANGE_PROXY,True,ELIGIBLE_FOR_OHLC_PRICE_REFERENCE_SIMULATION,10.000000000000009,2,2
4bd35f1260b64365d38b,PH52-061,LONG_STRANGLE,development,061c004245393c77b5c7,2021-12-09,20,EXCLUDED_OHLC_RANGE_PROXY,True,ELIGIBLE_FOR_OHLC_PRICE_REFERENCE_SIMULATION,7.499999999999996,2,2
4bd35f1260b64365d38b,PH52-061,LONG_STRANGLE,development,b58d771555d73891d2fd,2022-06-16,20,EXCLUDED_OHLC_RANGE_PROXY,False,OHLC_RANGE_PROXY_EXCEEDS_THRESHOLD,32.28346456692912,2,2
4bd35f1260b64365d38b,PH52-061,LONG_STRANGLE,development,8c9b97c314b368f7a743,2022-12-15,20,EXCLUDED_OHLC_RANGE_PROXY,True,ELIGIBLE_FOR_OHLC_PRICE_REFERENCE_SIMULATION,10.526315789473683,2,2
4bd35f1260b64365d38b,PH52-061,LONG_STRANGLE,development,b2b9482e70f4a2ace098,2023-06-22,20,EXCLUDED_OHLC_RANGE_PROXY,True,ELIGIBLE_FOR_OHLC_PRICE_REFERENCE_SIMULATION,11.111111111111104,2,2
4bd35f1260b64365d38b,PH52-061,LONG_STRANGLE,development,804301753400916af24f,2023-12-28,20,EXCLUDED_OHLC_RANGE_PROXY,True,ELIGIBLE_FOR_OHLC_PRICE_REFERENCE_SIMULATION,11.49425287356322,2,2
4bd35f1260b64365d38b,PH52-061,LONG_STRANGLE,validation,c1472f0b801661762bc6,2024-01-04,20,EXCLUDED_OHLC_RANGE_PROXY,True,ELIGIBLE_FOR_OHLC_PRICE_REFERENCE_SIMULATION,15.384615384615381,2,2
4bd35f1260b64365d38b,PH52-061,LONG_STRANGLE,validation,1d33307443bd39106f13,2024-05-30,20,EXCLUDED_OHLC_RANGE_PROXY,True,ELIGIBLE_FOR_OHLC_PRICE_REFERENCE_SIMULATION,12.056737588652478,2,2
4bd35f1260b64365d38b,PH52-061,LONG_STRANGLE,validation,50696f11ab0417607875,2024-10-17,20,EXCLUDED_OHLC_RANGE_PROXY,True,ELIGIBLE_FOR_OHLC_PRICE_REFERENCE_SIMULATION,14.285714285714288,2,2
4bd35f1260b64365d38b,PH52-061,LONG_STRANGLE,validation,58a4c4843286bd3943a2,2025-03-13,20,BLOCKED_LEG_ELIGIBILITY,False,REQUIRED_LEG_PRIOR_OI_BELOW_100,8.510638297872347,2,2
4bd35f1260b64365d38b,PH52-061,LONG_STRANGLE,validation,e5919e2053dc59805884,2025-07-31,20,BLOCKED_LEG_ELIGIBILITY,False,REQUIRED_LEG_PRIOR_OI_BELOW_100,34.78260869565216,2,2
4bd35f1260b64365d38b,PH52-061,LONG_STRANGLE,validation,2744fff722d389044d25,2025-12-30,20,EXCLUDED_OHLC_RANGE_PROXY,True,ELIGIBLE_FOR_OHLC_PRICE_REFERENCE_SIMULATION,10.526315789473683,2,2
89f52cd7e0b3bc8ec28c,PH52-073,SHORT_IRON_CONDOR,development,01f752daf3bb0e90d7b1,2021-05-27,20,EXCLUDED_OHLC_RANGE_PROXY,True,ELIGIBLE_FOR_OHLC_PRICE_REFERENCE_SIMULATION,5.448717948717936,4,4
89f52cd7e0b3bc8ec28c,PH52-073,SHORT_IRON_CONDOR,development,0ddaab2f8946678d3082,2021-12-09,20,EXCLUDED_OHLC_RANGE_PROXY,True,ELIGIBLE_FOR_OHLC_PRICE_REFERENCE_SIMULATION,19.444444444444443,4,4
89f52cd7e0b3bc8ec28c,PH52-073,SHORT_IRON_CONDOR,development,044eef05c3277601504c,2022-06-16,20,EXCLUDED_OHLC_RANGE_PROXY,True,ELIGIBLE_FOR_OHLC_PRICE_REFERENCE_SIMULATION,14.363143631436328,4,4
89f52cd7e0b3bc8ec28c,PH52-073,SHORT_IRON_CONDOR,development,307dafef42b72c870148,2022-12-15,20,EXCLUDED_OHLC_RANGE_PROXY,True,ELIGIBLE_FOR_OHLC_PRICE_REFERENCE_SIMULATION,10.144927536231886,4,4
89f52cd7e0b3bc8ec28c,PH52-073,SHORT_IRON_CONDOR,development,c8a686f986a21faa7ed5,2023-06-22,20,EXCLUDED_OHLC_RANGE_PROXY,True,ELIGIBLE_FOR_OHLC_PRICE_REFERENCE_SIMULATION,12.765957446808503,4,4
89f52cd7e0b3bc8ec28c,PH52-073,SHORT_IRON_CONDOR,development,84c7352397ed038c3ea2,2023-12-28,20,EXCLUDED_OHLC_RANGE_PROXY,True,ELIGIBLE_FOR_OHLC_PRICE_REFERENCE_SIMULATION,5.502392344497618,4,4
89f52cd7e0b3bc8ec28c,PH52-073,SHORT_IRON_CONDOR,validation,f104c6f1662847c5bbcc,2024-01-04,20,EXCLUDED_OHLC_RANGE_PROXY,True,ELIGIBLE_FOR_OHLC_PRICE_REFERENCE_SIMULATION,10.970464135021087,4,4
89f52cd7e0b3bc8ec28c,PH52-073,SHORT_IRON_CONDOR,validation,0cd34c6b63a9f995c503,2024-05-30,20,EXCLUDED_OHLC_RANGE_PROXY,True,ELIGIBLE_FOR_OHLC_PRICE_REFERENCE_SIMULATION,12.13151927437642,4,4
89f52cd7e0b3bc8ec28c,PH52-073,SHORT_IRON_CONDOR,validation,75007ced19cb5e12e01f,2024-10-17,20,EXCLUDED_OHLC_RANGE_PROXY,False,OHLC_RANGE_PROXY_EXCEEDS_THRESHOLD,38.80952380952382,4,4
89f52cd7e0b3bc8ec28c,PH52-073,SHORT_IRON_CONDOR,validation,8eb8f1add17ecb221cbd,2025-03-13,20,BLOCKED_LEG_ELIGIBILITY,False,REQUIRED_LEG_PRIOR_OI_BELOW_100,14.285714285714286,4,4
89f52cd7e0b3bc8ec28c,PH52-073,SHORT_IRON_CONDOR,validation,14d9997729e438213524,2025-07-31,20,BLOCKED_LEG_ELIGIBILITY,False,REQUIRED_LEG_PRIOR_OI_BELOW_100,14.367816091954024,4,4
89f52cd7e0b3bc8ec28c,PH52-073,SHORT_IRON_CONDOR,validation,4a919e0bde313b9b9ee1,2025-12-30,20,BLOCKED_LEG_ELIGIBILITY,False,REQUIRED_LEG_PRIOR_OI_BELOW_100,17.257683215130037,4,4
ed63864fa6c58959e82b,PH52-073,SHORT_IRON_CONDOR,development,01f752daf3bb0e90d7b1,2021-05-27,20,EXCLUDED_OHLC_RANGE_PROXY,True,ELIGIBLE_FOR_OHLC_PRICE_REFERENCE_SIMULATION,6.25,4,4
ed63864fa6c58959e82b,PH52-073,SHORT_IRON_CONDOR,development,0ddaab2f8946678d3082,2021-12-09,20,EXCLUDED_OHLC_RANGE_PROXY,False,OHLC_RANGE_PROXY_EXCEEDS_THRESHOLD,21.01449275362318,4,4
ed63864fa6c58959e82b,PH52-073,SHORT_IRON_CONDOR,development,044eef05c3277601504c,2022-06-16,20,EXCLUDED_OHLC_RANGE_PROXY,True,ELIGIBLE_FOR_OHLC_PRICE_REFERENCE_SIMULATION,13.354037267080747,4,4
ed63864fa6c58959e82b,PH52-073,SHORT_IRON_CONDOR,development,307dafef42b72c870148,2022-12-15,20,EXCLUDED_OHLC_RANGE_PROXY,True,ELIGIBLE_FOR_OHLC_PRICE_REFERENCE_SIMULATION,9.302325581395358,4,4
ed63864fa6c58959e82b,PH52-073,SHORT_IRON_CONDOR,development,c8a686f986a21faa7ed5,2023-06-22,20,EXCLUDED_OHLC_RANGE_PROXY,True,ELIGIBLE_FOR_OHLC_PRICE_REFERENCE_SIMULATION,11.021505376344088,4,4
ed63864fa6c58959e82b,PH52-073,SHORT_IRON_CONDOR,development,84c7352397ed038c3ea2,2023-12-28,20,EXCLUDED_OHLC_RANGE_PROXY,True,ELIGIBLE_FOR_OHLC_PRICE_REFERENCE_SIMULATION,5.681818181818182,4,4
ed63864fa6c58959e82b,PH52-073,SHORT_IRON_CONDOR,validation,f104c6f1662847c5bbcc,2024-01-04,20,EXCLUDED_OHLC_RANGE_PROXY,True,ELIGIBLE_FOR_OHLC_PRICE_REFERENCE_SIMULATION,10.970464135021087,4,4
ed63864fa6c58959e82b,PH52-073,SHORT_IRON_CONDOR,validation,0cd34c6b63a9f995c503,2024-05-30,20,EXCLUDED_OHLC_RANGE_PROXY,True,ELIGIBLE_FOR_OHLC_PRICE_REFERENCE_SIMULATION,14.496314496314492,4,4
ed63864fa6c58959e82b,PH52-073,SHORT_IRON_CONDOR,validation,75007ced19cb5e12e01f,2024-10-17,20,EXCLUDED_OHLC_RANGE_PROXY,False,OHLC_RANGE_PROXY_EXCEEDS_THRESHOLD,44.02985074626865,4,4
ed63864fa6c58959e82b,PH52-073,SHORT_IRON_CONDOR,validation,8eb8f1add17ecb221cbd,2025-03-13,20,BLOCKED_LEG_ELIGIBILITY,False,REQUIRED_LEG_PRIOR_OI_BELOW_100,14.285714285714286,4,4
ed63864fa6c58959e82b,PH52-073,SHORT_IRON_CONDOR,validation,14d9997729e438213524,2025-07-31,20,BLOCKED_LEG_ELIGIBILITY,False,REQUIRED_LEG_PRIOR_OI_BELOW_100,12.925170068027214,4,4
ed63864fa6c58959e82b,PH52-073,SHORT_IRON_CONDOR,validation,4a919e0bde313b9b9ee1,2025-12-30,20,BLOCKED_LEG_ELIGIBILITY,False,REQUIRED_LEG_PRIOR_OI_BELOW_100,17.257683215130037,4,4
d1522f8d7f12e8386fbd,PH52-073,SHORT_IRON_CONDOR,development,01f752daf3bb0e90d7b1,2021-05-27,20,EXCLUDED_OHLC_RANGE_PROXY,True,ELIGIBLE_FOR_OHLC_PRICE_REFERENCE_SIMULATION,6.329113924050633,4,4
d1522f8d7f12e8386fbd,PH52-073,SHORT_IRON_CONDOR,development,0ddaab2f8946678d3082,2021-12-09,20,EXCLUDED_OHLC_RANGE_PROXY,False,OHLC_RANGE_PROXY_EXCEEDS_THRESHOLD,21.01449275362318,4,4
d1522f8d7f12e8386fbd,PH52-073,SHORT_IRON_CONDOR,development,044eef05c3277601504c,2022-06-16,20,EXCLUDED_OHLC_RANGE_PROXY,True,ELIGIBLE_FOR_OHLC_PRICE_REFERENCE_SIMULATION,13.705583756345176,4,4
d1522f8d7f12e8386fbd,PH52-073,SHORT_IRON_CONDOR,development,307dafef42b72c870148,2022-12-15,20,EXCLUDED_OHLC_RANGE_PROXY,True,ELIGIBLE_FOR_OHLC_PRICE_REFERENCE_SIMULATION,8.771929824561402,4,4
d1522f8d7f12e8386fbd,PH52-073,SHORT_IRON_CONDOR,development,c8a686f986a21faa7ed5,2023-06-22,20,EXCLUDED_OHLC_RANGE_PROXY,True,ELIGIBLE_FOR_OHLC_PRICE_REFERENCE_SIMULATION,7.547169811320744,4,4
d1522f8d7f12e8386fbd,PH52-073,SHORT_IRON_CONDOR,development,84c7352397ed038c3ea2,2023-12-28,20,EXCLUDED_OHLC_RANGE_PROXY,True,ELIGIBLE_FOR_OHLC_PRICE_REFERENCE_SIMULATION,5.681818181818182,4,4
d1522f8d7f12e8386fbd,PH52-073,SHORT_IRON_CONDOR,validation,f104c6f1662847c5bbcc,2024-01-04,20,EXCLUDED_OHLC_RANGE_PROXY,True,ELIGIBLE_FOR_OHLC_PRICE_REFERENCE_SIMULATION,12.90322580645161,4,4
d1522f8d7f12e8386fbd,PH52-073,SHORT_IRON_CONDOR,validation,0cd34c6b63a9f995c503,2024-05-30,20,EXCLUDED_OHLC_RANGE_PROXY,True,ELIGIBLE_FOR_OHLC_PRICE_REFERENCE_SIMULATION,14.496314496314492,4,4
d1522f8d7f12e8386fbd,PH52-073,SHORT_IRON_CONDOR,validation,75007ced19cb5e12e01f,2024-10-17,20,EXCLUDED_OHLC_RANGE_PROXY,False,OHLC_RANGE_PROXY_EXCEEDS_THRESHOLD,44.444444444444436,4,4
d1522f8d7f12e8386fbd,PH52-073,SHORT_IRON_CONDOR,validation,8eb8f1add17ecb221cbd,2025-03-13,20,BLOCKED_LEG_ELIGIBILITY,False,REQUIRED_LEG_PRIOR_OI_BELOW_100,12.37113402061857,4,4
d1522f8d7f12e8386fbd,PH52-073,SHORT_IRON_CONDOR,validation,14d9997729e438213524,2025-07-31,20,BLOCKED_LEG_ELIGIBILITY,False,REQUIRED_LEG_PRIOR_OI_BELOW_100,12.925170068027214,4,4
d1522f8d7f12e8386fbd,PH52-073,SHORT_IRON_CONDOR,validation,4a919e0bde313b9b9ee1,2025-12-30,20,BLOCKED_LEG_ELIGIBILITY,False,REQUIRED_LEG_PRIOR_OI_BELOW_100,17.187500000000007,4,4
88f406f18831fffb35a5,PH52-073,SHORT_IRON_CONDOR,development,01f752daf3bb0e90d7b1,2021-05-27,20,EXCLUDED_OHLC_RANGE_PROXY,True,ELIGIBLE_FOR_OHLC_PRICE_REFERENCE_SIMULATION,9.677419354838703,4,4
88f406f18831fffb35a5,PH52-073,SHORT_IRON_CONDOR,development,0ddaab2f8946678d3082,2021-12-09,20,EXCLUDED_OHLC_RANGE_PROXY,False,OHLC_RANGE_PROXY_EXCEEDS_THRESHOLD,20.888888888888886,4,4
88f406f18831fffb35a5,PH52-073,SHORT_IRON_CONDOR,development,044eef05c3277601504c,2022-06-16,20,EXCLUDED_OHLC_RANGE_PROXY,True,ELIGIBLE_FOR_OHLC_PRICE_REFERENCE_SIMULATION,13.705583756345176,4,4
88f406f18831fffb35a5,PH52-073,SHORT_IRON_CONDOR,development,307dafef42b72c870148,2022-12-15,20,EXCLUDED_OHLC_RANGE_PROXY,True,ELIGIBLE_FOR_OHLC_PRICE_REFERENCE_SIMULATION,8.771929824561402,4,4
88f406f18831fffb35a5,PH52-073,SHORT_IRON_CONDOR,development,c8a686f986a21faa7ed5,2023-06-22,20,EXCLUDED_OHLC_RANGE_PROXY,True,ELIGIBLE_FOR_OHLC_PRICE_REFERENCE_SIMULATION,7.547169811320744,4,4
88f406f18831fffb35a5,PH52-073,SHORT_IRON_CONDOR,development,84c7352397ed038c3ea2,2023-12-28,20,EXCLUDED_OHLC_RANGE_PROXY,True,ELIGIBLE_FOR_OHLC_PRICE_REFERENCE_SIMULATION,5.2044609665427455,4,4
88f406f18831fffb35a5,PH52-073,SHORT_IRON_CONDOR,validation,f104c6f1662847c5bbcc,2024-01-04,20,EXCLUDED_OHLC_RANGE_PROXY,True,ELIGIBLE_FOR_OHLC_PRICE_REFERENCE_SIMULATION,12.90322580645161,4,4
88f406f18831fffb35a5,PH52-073,SHORT_IRON_CONDOR,validation,0cd34c6b63a9f995c503,2024-05-30,20,EXCLUDED_OHLC_RANGE_PROXY,True,ELIGIBLE_FOR_OHLC_PRICE_REFERENCE_SIMULATION,16.000000000000004,4,4
88f406f18831fffb35a5,PH52-073,SHORT_IRON_CONDOR,validation,75007ced19cb5e12e01f,2024-10-17,20,EXCLUDED_OHLC_RANGE_PROXY,False,OHLC_RANGE_PROXY_EXCEEDS_THRESHOLD,44.444444444444436,4,4
88f406f18831fffb35a5,PH52-073,SHORT_IRON_CONDOR,validation,8eb8f1add17ecb221cbd,2025-03-13,20,BLOCKED_LEG_ELIGIBILITY,False,REQUIRED_LEG_PRIOR_OI_BELOW_100,12.37113402061857,4,4
88f406f18831fffb35a5,PH52-073,SHORT_IRON_CONDOR,validation,14d9997729e438213524,2025-07-31,20,BLOCKED_LEG_ELIGIBILITY,False,REQUIRED_LEG_PRIOR_OI_BELOW_100,12.385321100917428,4,4
88f406f18831fffb35a5,PH52-073,SHORT_IRON_CONDOR,validation,4a919e0bde313b9b9ee1,2025-12-30,20,BLOCKED_LEG_ELIGIBILITY,False,REQUIRED_LEG_PRIOR_OI_BELOW_100,15.51724137931035,4,4
3bb7fb2966c25f63f7b8,PH52-073,SHORT_IRON_CONDOR,development,ce8e12389ff297becff9,2021-05-27,20,EXCLUDED_OHLC_RANGE_PROXY,True,ELIGIBLE_FOR_OHLC_PRICE_REFERENCE_SIMULATION,10.322580645161288,4,4
3bb7fb2966c25f63f7b8,PH52-073,SHORT_IRON_CONDOR,development,061c004245393c77b5c7,2021-12-09,20,EXCLUDED_OHLC_RANGE_PROXY,True,ELIGIBLE_FOR_OHLC_PRICE_REFERENCE_SIMULATION,10.270270270270263,4,4
3bb7fb2966c25f63f7b8,PH52-073,SHORT_IRON_CONDOR,development,b58d771555d73891d2fd,2022-06-16,20,EXCLUDED_OHLC_RANGE_PROXY,False,OHLC_RANGE_PROXY_EXCEEDS_THRESHOLD,32.28346456692915,4,4
3bb7fb2966c25f63f7b8,PH52-073,SHORT_IRON_CONDOR,development,8c9b97c314b368f7a743,2022-12-15,20,EXCLUDED_OHLC_RANGE_PROXY,True,ELIGIBLE_FOR_OHLC_PRICE_REFERENCE_SIMULATION,16.250000000000007,4,4
3bb7fb2966c25f63f7b8,PH52-073,SHORT_IRON_CONDOR,development,b2b9482e70f4a2ace098,2023-06-22,20,EXCLUDED_OHLC_RANGE_PROXY,True,ELIGIBLE_FOR_OHLC_PRICE_REFERENCE_SIMULATION,11.874999999999991,4,4
3bb7fb2966c25f63f7b8,PH52-073,SHORT_IRON_CONDOR,development,804301753400916af24f,2023-12-28,20,EXCLUDED_OHLC_RANGE_PROXY,True,ELIGIBLE_FOR_OHLC_PRICE_REFERENCE_SIMULATION,13.793103448275865,4,4
3bb7fb2966c25f63f7b8,PH52-073,SHORT_IRON_CONDOR,validation,c1472f0b801661762bc6,2024-01-04,20,EXCLUDED_OHLC_RANGE_PROXY,True,ELIGIBLE_FOR_OHLC_PRICE_REFERENCE_SIMULATION,17.58241758241759,4,4
3bb7fb2966c25f63f7b8,PH52-073,SHORT_IRON_CONDOR,validation,1d33307443bd39106f13,2024-05-30,20,EXCLUDED_OHLC_RANGE_PROXY,True,ELIGIBLE_FOR_OHLC_PRICE_REFERENCE_SIMULATION,12.436548223350252,4,4
3bb7fb2966c25f63f7b8,PH52-073,SHORT_IRON_CONDOR,validation,50696f11ab0417607875,2024-10-17,20,EXCLUDED_OHLC_RANGE_PROXY,True,ELIGIBLE_FOR_OHLC_PRICE_REFERENCE_SIMULATION,17.857142857142858,4,4
3bb7fb2966c25f63f7b8,PH52-073,SHORT_IRON_CONDOR,validation,58a4c4843286bd3943a2,2025-03-13,20,BLOCKED_LEG_ELIGIBILITY,False,REQUIRED_LEG_PRIOR_OI_BELOW_100,14.736842105263161,4,4
3bb7fb2966c25f63f7b8,PH52-073,SHORT_IRON_CONDOR,validation,e5919e2053dc59805884,2025-07-31,20,BLOCKED_LEG_ELIGIBILITY,False,REQUIRED_LEG_PRIOR_OI_BELOW_100,31.39158576051781,4,4
3bb7fb2966c25f63f7b8,PH52-073,SHORT_IRON_CONDOR,validation,2744fff722d389044d25,2025-12-30,20,EXCLUDED_OHLC_RANGE_PROXY,True,ELIGIBLE_FOR_OHLC_PRICE_REFERENCE_SIMULATION,13.46153846153846,4,4
afd015454460bea2a27d,PH52-073,SHORT_IRON_CONDOR,development,ce8e12389ff297becff9,2021-05-27,20,EXCLUDED_OHLC_RANGE_PROXY,True,ELIGIBLE_FOR_OHLC_PRICE_REFERENCE_SIMULATION,10.322580645161288,4,4
afd015454460bea2a27d,PH52-073,SHORT_IRON_CONDOR,development,061c004245393c77b5c7,2021-12-09,20,EXCLUDED_OHLC_RANGE_PROXY,True,ELIGIBLE_FOR_OHLC_PRICE_REFERENCE_SIMULATION,10.270270270270263,4,4
afd015454460bea2a27d,PH52-073,SHORT_IRON_CONDOR,development,b58d771555d73891d2fd,2022-06-16,20,EXCLUDED_OHLC_RANGE_PROXY,False,OHLC_RANGE_PROXY_EXCEEDS_THRESHOLD,25.89118198874296,4,4
afd015454460bea2a27d,PH52-073,SHORT_IRON_CONDOR,development,8c9b97c314b368f7a743,2022-12-15,20,EXCLUDED_OHLC_RANGE_PROXY,True,ELIGIBLE_FOR_OHLC_PRICE_REFERENCE_SIMULATION,16.250000000000007,4,4
afd015454460bea2a27d,PH52-073,SHORT_IRON_CONDOR,development,b2b9482e70f4a2ace098,2023-06-22,20,EXCLUDED_OHLC_RANGE_PROXY,True,ELIGIBLE_FOR_OHLC_PRICE_REFERENCE_SIMULATION,14.285714285714299,4,4
afd015454460bea2a27d,PH52-073,SHORT_IRON_CONDOR,development,804301753400916af24f,2023-12-28,20,EXCLUDED_OHLC_RANGE_PROXY,True,ELIGIBLE_FOR_OHLC_PRICE_REFERENCE_SIMULATION,13.793103448275865,4,4
afd015454460bea2a27d,PH52-073,SHORT_IRON_CONDOR,validation,c1472f0b801661762bc6,2024-01-04,20,EXCLUDED_OHLC_RANGE_PROXY,True,ELIGIBLE_FOR_OHLC_PRICE_REFERENCE_SIMULATION,17.58241758241759,4,4
afd015454460bea2a27d,PH52-073,SHORT_IRON_CONDOR,validation,1d33307443bd39106f13,2024-05-30,20,EXCLUDED_OHLC_RANGE_PROXY,True,ELIGIBLE_FOR_OHLC_PRICE_REFERENCE_SIMULATION,12.436548223350252,4,4
afd015454460bea2a27d,PH52-073,SHORT_IRON_CONDOR,validation,50696f11ab0417607875,2024-10-17,20,EXCLUDED_OHLC_RANGE_PROXY,True,ELIGIBLE_FOR_OHLC_PRICE_REFERENCE_SIMULATION,17.857142857142858,4,4
afd015454460bea2a27d,PH52-073,SHORT_IRON_CONDOR,validation,58a4c4843286bd3943a2,2025-03-13,20,BLOCKED_LEG_ELIGIBILITY,False,REQUIRED_LEG_PRIOR_OI_BELOW_100,14.736842105263161,4,4
afd015454460bea2a27d,PH52-073,SHORT_IRON_CONDOR,validation,e5919e2053dc59805884,2025-07-31,20,BLOCKED_LEG_ELIGIBILITY,False,REQUIRED_LEG_PRIOR_OI_BELOW_100,31.521739130434792,4,4
afd015454460bea2a27d,PH52-073,SHORT_IRON_CONDOR,validation,2744fff722d389044d25,2025-12-30,20,EXCLUDED_OHLC_RANGE_PROXY,True,ELIGIBLE_FOR_OHLC_PRICE_REFERENCE_SIMULATION,13.46153846153846,4,4
2f542b011d83f30b511e,PH52-073,SHORT_IRON_CONDOR,development,ce8e12389ff297becff9,2021-05-27,20,EXCLUDED_OHLC_RANGE_PROXY,True,ELIGIBLE_FOR_OHLC_PRICE_REFERENCE_SIMULATION,10.000000000000009,4,4
2f542b011d83f30b511e,PH52-073,SHORT_IRON_CONDOR,development,061c004245393c77b5c7,2021-12-09,20,EXCLUDED_OHLC_RANGE_PROXY,True,ELIGIBLE_FOR_OHLC_PRICE_REFERENCE_SIMULATION,9.090909090909086,4,4
2f542b011d83f30b511e,PH52-073,SHORT_IRON_CONDOR,development,b58d771555d73891d2fd,2022-06-16,20,EXCLUDED_OHLC_RANGE_PROXY,False,OHLC_RANGE_PROXY_EXCEEDS_THRESHOLD,32.28346456692912,4,4
2f542b011d83f30b511e,PH52-073,SHORT_IRON_CONDOR,development,8c9b97c314b368f7a743,2022-12-15,20,EXCLUDED_OHLC_RANGE_PROXY,True,ELIGIBLE_FOR_OHLC_PRICE_REFERENCE_SIMULATION,10.526315789473683,4,4
2f542b011d83f30b511e,PH52-073,SHORT_IRON_CONDOR,development,b2b9482e70f4a2ace098,2023-06-22,20,EXCLUDED_OHLC_RANGE_PROXY,True,ELIGIBLE_FOR_OHLC_PRICE_REFERENCE_SIMULATION,14.285714285714299,4,4
2f542b011d83f30b511e,PH52-073,SHORT_IRON_CONDOR,development,804301753400916af24f,2023-12-28,20,EXCLUDED_OHLC_RANGE_PROXY,True,ELIGIBLE_FOR_OHLC_PRICE_REFERENCE_SIMULATION,11.49425287356322,4,4
2f542b011d83f30b511e,PH52-073,SHORT_IRON_CONDOR,validation,c1472f0b801661762bc6,2024-01-04,20,EXCLUDED_OHLC_RANGE_PROXY,True,ELIGIBLE_FOR_OHLC_PRICE_REFERENCE_SIMULATION,15.384615384615381,4,4
2f542b011d83f30b511e,PH52-073,SHORT_IRON_CONDOR,validation,1d33307443bd39106f13,2024-05-30,20,EXCLUDED_OHLC_RANGE_PROXY,True,ELIGIBLE_FOR_OHLC_PRICE_REFERENCE_SIMULATION,12.22222222222222,4,4
2f542b011d83f30b511e,PH52-073,SHORT_IRON_CONDOR,validation,50696f11ab0417607875,2024-10-17,20,EXCLUDED_OHLC_RANGE_PROXY,True,ELIGIBLE_FOR_OHLC_PRICE_REFERENCE_SIMULATION,14.285714285714299,4,4
2f542b011d83f30b511e,PH52-073,SHORT_IRON_CONDOR,validation,58a4c4843286bd3943a2,2025-03-13,20,BLOCKED_LEG_ELIGIBILITY,False,REQUIRED_LEG_PRIOR_OI_BELOW_100,8.510638297872347,4,4
2f542b011d83f30b511e,PH52-073,SHORT_IRON_CONDOR,validation,e5919e2053dc59805884,2025-07-31,20,BLOCKED_LEG_ELIGIBILITY,False,REQUIRED_LEG_PRIOR_OI_BELOW_100,34.78260869565216,4,4
2f542b011d83f30b511e,PH52-073,SHORT_IRON_CONDOR,validation,2744fff722d389044d25,2025-12-30,20,EXCLUDED_OHLC_RANGE_PROXY,True,ELIGIBLE_FOR_OHLC_PRICE_REFERENCE_SIMULATION,12.50000000000001,4,4
8ac7e282e4555d32f4b1,PH52-073,SHORT_IRON_CONDOR,development,ce8e12389ff297becff9,2021-05-27,20,EXCLUDED_OHLC_RANGE_PROXY,True,ELIGIBLE_FOR_OHLC_PRICE_REFERENCE_SIMULATION,14.285714285714299,4,4
8ac7e282e4555d32f4b1,PH52-073,SHORT_IRON_CONDOR,development,061c004245393c77b5c7,2021-12-09,20,EXCLUDED_OHLC_RANGE_PROXY,True,ELIGIBLE_FOR_OHLC_PRICE_REFERENCE_SIMULATION,10.000000000000009,4,4
8ac7e282e4555d32f4b1,PH52-073,SHORT_IRON_CONDOR,development,b58d771555d73891d2fd,2022-06-16,20,EXCLUDED_OHLC_RANGE_PROXY,False,OHLC_RANGE_PROXY_EXCEEDS_THRESHOLD,32.28346456692912,4,4
8ac7e282e4555d32f4b1,PH52-073,SHORT_IRON_CONDOR,development,8c9b97c314b368f7a743,2022-12-15,20,EXCLUDED_OHLC_RANGE_PROXY,False,OHLC_RANGE_PROXY_EXCEEDS_THRESHOLD,22.22222222222223,4,4
8ac7e282e4555d32f4b1,PH52-073,SHORT_IRON_CONDOR,development,b2b9482e70f4a2ace098,2023-06-22,20,EXCLUDED_OHLC_RANGE_PROXY,True,ELIGIBLE_FOR_OHLC_PRICE_REFERENCE_SIMULATION,12.499999999999996,4,4
8ac7e282e4555d32f4b1,PH52-073,SHORT_IRON_CONDOR,development,804301753400916af24f,2023-12-28,20,EXCLUDED_OHLC_RANGE_PROXY,True,ELIGIBLE_FOR_OHLC_PRICE_REFERENCE_SIMULATION,11.49425287356322,4,4
8ac7e282e4555d32f4b1,PH52-073,SHORT_IRON_CONDOR,validation,c1472f0b801661762bc6,2024-01-04,20,EXCLUDED_OHLC_RANGE_PROXY,True,ELIGIBLE_FOR_OHLC_PRICE_REFERENCE_SIMULATION,19.999999999999996,4,4
8ac7e282e4555d32f4b1,PH52-073,SHORT_IRON_CONDOR,validation,1d33307443bd39106f13,2024-05-30,20,EXCLUDED_OHLC_RANGE_PROXY,True,ELIGIBLE_FOR_OHLC_PRICE_REFERENCE_SIMULATION,12.056737588652478,4,4
8ac7e282e4555d32f4b1,PH52-073,SHORT_IRON_CONDOR,validation,50696f11ab0417607875,2024-10-17,20,EXCLUDED_OHLC_RANGE_PROXY,True,ELIGIBLE_FOR_OHLC_PRICE_REFERENCE_SIMULATION,14.285714285714288,4,4
8ac7e282e4555d32f4b1,PH52-073,SHORT_IRON_CONDOR,validation,58a4c4843286bd3943a2,2025-03-13,20,BLOCKED_LEG_ELIGIBILITY,False,REQUIRED_LEG_PRIOR_OI_BELOW_100,10.000000000000009,4,4
8ac7e282e4555d32f4b1,PH52-073,SHORT_IRON_CONDOR,validation,e5919e2053dc59805884,2025-07-31,20,BLOCKED_LEG_ELIGIBILITY,False,REQUIRED_LEG_PRIOR_OI_BELOW_100,34.78260869565216,4,4
8ac7e282e4555d32f4b1,PH52-073,SHORT_IRON_CONDOR,validation,2744fff722d389044d25,2025-12-30,20,EXCLUDED_OHLC_RANGE_PROXY,True,ELIGIBLE_FOR_OHLC_PRICE_REFERENCE_SIMULATION,10.526315789473683,4,4
fe6add04f5cb79f886ae,PH52-043,BEAR_CALL_SPREAD,development,01f752daf3bb0e90d7b1,2021-05-27,1000,EXCLUDED_OHLC_RANGE_PROXY,True,ELIGIBLE_FOR_OHLC_PRICE_REFERENCE_SIMULATION,5.384615384615379,2,2
fe6add04f5cb79f886ae,PH52-043,BEAR_CALL_SPREAD,development,0ddaab2f8946678d3082,2021-12-09,1000,EXCLUDED_OHLC_RANGE_PROXY,True,ELIGIBLE_FOR_OHLC_PRICE_REFERENCE_SIMULATION,13.180515759312314,2,2
fe6add04f5cb79f886ae,PH52-043,BEAR_CALL_SPREAD,development,044eef05c3277601504c,2022-06-16,1000,EXCLUDED_OHLC_RANGE_PROXY,True,ELIGIBLE_FOR_OHLC_PRICE_REFERENCE_SIMULATION,10.924369747899156,2,2
fe6add04f5cb79f886ae,PH52-043,BEAR_CALL_SPREAD,development,307dafef42b72c870148,2022-12-15,1000,EXCLUDED_OHLC_RANGE_PROXY,True,ELIGIBLE_FOR_OHLC_PRICE_REFERENCE_SIMULATION,5.957446808510648,2,2
fe6add04f5cb79f886ae,PH52-043,BEAR_CALL_SPREAD,development,c8a686f986a21faa7ed5,2023-06-22,1000,EXCLUDED_OHLC_RANGE_PROXY,True,ELIGIBLE_FOR_OHLC_PRICE_REFERENCE_SIMULATION,12.765957446808503,2,2
fe6add04f5cb79f886ae,PH52-043,BEAR_CALL_SPREAD,development,84c7352397ed038c3ea2,2023-12-28,1000,EXCLUDED_OHLC_RANGE_PROXY,True,ELIGIBLE_FOR_OHLC_PRICE_REFERENCE_SIMULATION,4.511278195488715,2,2
fe6add04f5cb79f886ae,PH52-043,BEAR_CALL_SPREAD,validation,f104c6f1662847c5bbcc,2024-01-04,1000,EXCLUDED_OHLC_RANGE_PROXY,True,ELIGIBLE_FOR_OHLC_PRICE_REFERENCE_SIMULATION,8.63309352517985,2,2
fe6add04f5cb79f886ae,PH52-043,BEAR_CALL_SPREAD,validation,0cd34c6b63a9f995c503,2024-05-30,1000,EXCLUDED_OHLC_RANGE_PROXY,True,ELIGIBLE_FOR_OHLC_PRICE_REFERENCE_SIMULATION,8.391608391608392,2,2
fe6add04f5cb79f886ae,PH52-043,BEAR_CALL_SPREAD,validation,75007ced19cb5e12e01f,2024-10-17,1000,EXCLUDED_OHLC_RANGE_PROXY,True,ELIGIBLE_FOR_OHLC_PRICE_REFERENCE_SIMULATION,17.452830188679247,2,2
fe6add04f5cb79f886ae,PH52-043,BEAR_CALL_SPREAD,validation,8eb8f1add17ecb221cbd,2025-03-13,1000,BLOCKED_LEG_ELIGIBILITY,False,REQUIRED_LEG_PRIOR_OI_BELOW_100,14.285714285714286,2,2
fe6add04f5cb79f886ae,PH52-043,BEAR_CALL_SPREAD,validation,14d9997729e438213524,2025-07-31,1000,BLOCKED_LEG_ELIGIBILITY,False,REQUIRED_LEG_PRIOR_OI_BELOW_100,14.367816091954024,2,2
fe6add04f5cb79f886ae,PH52-043,BEAR_CALL_SPREAD,validation,4a919e0bde313b9b9ee1,2025-12-30,1000,BLOCKED_LEG_ELIGIBILITY,False,REQUIRED_LEG_PRIOR_OI_BELOW_100,17.257683215130037,2,2
7fbbaa60e31b671300e2,PH52-043,BEAR_CALL_SPREAD,development,01f752daf3bb0e90d7b1,2021-05-27,1000,EXCLUDED_OHLC_RANGE_PROXY,True,ELIGIBLE_FOR_OHLC_PRICE_REFERENCE_SIMULATION,5.246913580246912,2,2
7fbbaa60e31b671300e2,PH52-043,BEAR_CALL_SPREAD,development,0ddaab2f8946678d3082,2021-12-09,1000,EXCLUDED_OHLC_RANGE_PROXY,True,ELIGIBLE_FOR_OHLC_PRICE_REFERENCE_SIMULATION,11.158798283261808,2,2
7fbbaa60e31b671300e2,PH52-043,BEAR_CALL_SPREAD,development,044eef05c3277601504c,2022-06-16,1000,EXCLUDED_OHLC_RANGE_PROXY,True,ELIGIBLE_FOR_OHLC_PRICE_REFERENCE_SIMULATION,10.736196319018415,2,2
7fbbaa60e31b671300e2,PH52-043,BEAR_CALL_SPREAD,development,307dafef42b72c870148,2022-12-15,1000,EXCLUDED_OHLC_RANGE_PROXY,True,ELIGIBLE_FOR_OHLC_PRICE_REFERENCE_SIMULATION,5.957446808510648,2,2
7fbbaa60e31b671300e2,PH52-043,BEAR_CALL_SPREAD,development,c8a686f986a21faa7ed5,2023-06-22,1000,EXCLUDED_OHLC_RANGE_PROXY,True,ELIGIBLE_FOR_OHLC_PRICE_REFERENCE_SIMULATION,11.021505376344088,2,2
7fbbaa60e31b671300e2,PH52-043,BEAR_CALL_SPREAD,development,84c7352397ed038c3ea2,2023-12-28,1000,EXCLUDED_OHLC_RANGE_PROXY,True,ELIGIBLE_FOR_OHLC_PRICE_REFERENCE_SIMULATION,4.341736694677863,2,2
7fbbaa60e31b671300e2,PH52-043,BEAR_CALL_SPREAD,validation,f104c6f1662847c5bbcc,2024-01-04,1000,EXCLUDED_OHLC_RANGE_PROXY,True,ELIGIBLE_FOR_OHLC_PRICE_REFERENCE_SIMULATION,6.666666666666658,2,2
7fbbaa60e31b671300e2,PH52-043,BEAR_CALL_SPREAD,validation,0cd34c6b63a9f995c503,2024-05-30,1000,EXCLUDED_OHLC_RANGE_PROXY,True,ELIGIBLE_FOR_OHLC_PRICE_REFERENCE_SIMULATION,8.620689655172415,2,2
7fbbaa60e31b671300e2,PH52-043,BEAR_CALL_SPREAD,validation,75007ced19cb5e12e01f,2024-10-17,1000,EXCLUDED_OHLC_RANGE_PROXY,True,ELIGIBLE_FOR_OHLC_PRICE_REFERENCE_SIMULATION,17.452830188679247,2,2
7fbbaa60e31b671300e2,PH52-043,BEAR_CALL_SPREAD,validation,8eb8f1add17ecb221cbd,2025-03-13,1000,BLOCKED_LEG_ELIGIBILITY,False,REQUIRED_LEG_PRIOR_OI_BELOW_100,14.285714285714286,2,2
7fbbaa60e31b671300e2,PH52-043,BEAR_CALL_SPREAD,validation,14d9997729e438213524,2025-07-31,1000,BLOCKED_LEG_ELIGIBILITY,False,REQUIRED_LEG_PRIOR_OI_BELOW_100,12.925170068027214,2,2
7fbbaa60e31b671300e2,PH52-043,BEAR_CALL_SPREAD,validation,4a919e0bde313b9b9ee1,2025-12-30,1000,BLOCKED_LEG_ELIGIBILITY,False,REQUIRED_LEG_PRIOR_OI_BELOW_100,17.257683215130037,2,2
16d864e72053099b92bd,PH52-043,BEAR_CALL_SPREAD,development,01f752daf3bb0e90d7b1,2021-05-27,1000,EXCLUDED_OHLC_RANGE_PROXY,True,ELIGIBLE_FOR_OHLC_PRICE_REFERENCE_SIMULATION,5.9999999999999964,2,2
16d864e72053099b92bd,PH52-043,BEAR_CALL_SPREAD,development,0ddaab2f8946678d3082,2021-12-09,1000,EXCLUDED_OHLC_RANGE_PROXY,True,ELIGIBLE_FOR_OHLC_PRICE_REFERENCE_SIMULATION,10.596026490066224,2,2
16d864e72053099b92bd,PH52-043,BEAR_CALL_SPREAD,development,044eef05c3277601504c,2022-06-16,1000,EXCLUDED_OHLC_RANGE_PROXY,True,ELIGIBLE_FOR_OHLC_PRICE_REFERENCE_SIMULATION,9.78260869565216,2,2
16d864e72053099b92bd,PH52-043,BEAR_CALL_SPREAD,development,307dafef42b72c870148,2022-12-15,1000,EXCLUDED_OHLC_RANGE_PROXY,True,ELIGIBLE_FOR_OHLC_PRICE_REFERENCE_SIMULATION,3.63636363636364,2,2
16d864e72053099b92bd,PH52-043,BEAR_CALL_SPREAD,development,c8a686f986a21faa7ed5,2023-06-22,1000,EXCLUDED_OHLC_RANGE_PROXY,True,ELIGIBLE_FOR_OHLC_PRICE_REFERENCE_SIMULATION,7.547169811320744,2,2
16d864e72053099b92bd,PH52-043,BEAR_CALL_SPREAD,development,84c7352397ed038c3ea2,2023-12-28,1000,EXCLUDED_OHLC_RANGE_PROXY,True,ELIGIBLE_FOR_OHLC_PRICE_REFERENCE_SIMULATION,4.784688995215311,2,2
16d864e72053099b92bd,PH52-043,BEAR_CALL_SPREAD,validation,f104c6f1662847c5bbcc,2024-01-04,1000,EXCLUDED_OHLC_RANGE_PROXY,True,ELIGIBLE_FOR_OHLC_PRICE_REFERENCE_SIMULATION,5.882352941176485,2,2
16d864e72053099b92bd,PH52-043,BEAR_CALL_SPREAD,validation,0cd34c6b63a9f995c503,2024-05-30,1000,EXCLUDED_OHLC_RANGE_PROXY,True,ELIGIBLE_FOR_OHLC_PRICE_REFERENCE_SIMULATION,8.739837398373977,2,2
16d864e72053099b92bd,PH52-043,BEAR_CALL_SPREAD,validation,75007ced19cb5e12e01f,2024-10-17,1000,EXCLUDED_OHLC_RANGE_PROXY,True,ELIGIBLE_FOR_OHLC_PRICE_REFERENCE_SIMULATION,15.302491103202849,2,2
16d864e72053099b92bd,PH52-043,BEAR_CALL_SPREAD,validation,8eb8f1add17ecb221cbd,2025-03-13,1000,BLOCKED_LEG_ELIGIBILITY,False,REQUIRED_LEG_PRIOR_OI_BELOW_100,12.37113402061857,2,2
16d864e72053099b92bd,PH52-043,BEAR_CALL_SPREAD,validation,14d9997729e438213524,2025-07-31,1000,BLOCKED_LEG_ELIGIBILITY,False,REQUIRED_LEG_PRIOR_OI_BELOW_100,12.925170068027214,2,2
16d864e72053099b92bd,PH52-043,BEAR_CALL_SPREAD,validation,4a919e0bde313b9b9ee1,2025-12-30,1000,BLOCKED_LEG_ELIGIBILITY,False,REQUIRED_LEG_PRIOR_OI_BELOW_100,17.187500000000007,2,2
996fe2c49ae57ab7d9a0,PH52-043,BEAR_CALL_SPREAD,development,01f752daf3bb0e90d7b1,2021-05-27,1000,EXCLUDED_OHLC_RANGE_PROXY,True,ELIGIBLE_FOR_OHLC_PRICE_REFERENCE_SIMULATION,5.9999999999999964,2,2
996fe2c49ae57ab7d9a0,PH52-043,BEAR_CALL_SPREAD,development,0ddaab2f8946678d3082,2021-12-09,1000,EXCLUDED_OHLC_RANGE_PROXY,True,ELIGIBLE_FOR_OHLC_PRICE_REFERENCE_SIMULATION,10.596026490066224,2,2
996fe2c49ae57ab7d9a0,PH52-043,BEAR_CALL_SPREAD,development,044eef05c3277601504c,2022-06-16,1000,EXCLUDED_OHLC_RANGE_PROXY,True,ELIGIBLE_FOR_OHLC_PRICE_REFERENCE_SIMULATION,9.78260869565216,2,2
996fe2c49ae57ab7d9a0,PH52-043,BEAR_CALL_SPREAD,development,307dafef42b72c870148,2022-12-15,1000,EXCLUDED_OHLC_RANGE_PROXY,True,ELIGIBLE_FOR_OHLC_PRICE_REFERENCE_SIMULATION,3.8461538461538494,2,2
996fe2c49ae57ab7d9a0,PH52-043,BEAR_CALL_SPREAD,development,c8a686f986a21faa7ed5,2023-06-22,1000,EXCLUDED_OHLC_RANGE_PROXY,True,ELIGIBLE_FOR_OHLC_PRICE_REFERENCE_SIMULATION,7.547169811320744,2,2
996fe2c49ae57ab7d9a0,PH52-043,BEAR_CALL_SPREAD,development,84c7352397ed038c3ea2,2023-12-28,1000,EXCLUDED_OHLC_RANGE_PROXY,True,ELIGIBLE_FOR_OHLC_PRICE_REFERENCE_SIMULATION,4.784688995215311,2,2
996fe2c49ae57ab7d9a0,PH52-043,BEAR_CALL_SPREAD,validation,f104c6f1662847c5bbcc,2024-01-04,1000,EXCLUDED_OHLC_RANGE_PROXY,True,ELIGIBLE_FOR_OHLC_PRICE_REFERENCE_SIMULATION,7.1428571428571335,2,2
996fe2c49ae57ab7d9a0,PH52-043,BEAR_CALL_SPREAD,validation,0cd34c6b63a9f995c503,2024-05-30,1000,EXCLUDED_OHLC_RANGE_PROXY,True,ELIGIBLE_FOR_OHLC_PRICE_REFERENCE_SIMULATION,8.739837398373977,2,2
996fe2c49ae57ab7d9a0,PH52-043,BEAR_CALL_SPREAD,validation,75007ced19cb5e12e01f,2024-10-17,1000,EXCLUDED_OHLC_RANGE_PROXY,True,ELIGIBLE_FOR_OHLC_PRICE_REFERENCE_SIMULATION,15.302491103202849,2,2
996fe2c49ae57ab7d9a0,PH52-043,BEAR_CALL_SPREAD,validation,8eb8f1add17ecb221cbd,2025-03-13,1000,BLOCKED_LEG_ELIGIBILITY,False,REQUIRED_LEG_PRIOR_OI_BELOW_100,12.37113402061857,2,2
996fe2c49ae57ab7d9a0,PH52-043,BEAR_CALL_SPREAD,validation,14d9997729e438213524,2025-07-31,1000,BLOCKED_LEG_ELIGIBILITY,False,REQUIRED_LEG_PRIOR_OI_BELOW_100,12.385321100917428,2,2
996fe2c49ae57ab7d9a0,PH52-043,BEAR_CALL_SPREAD,validation,4a919e0bde313b9b9ee1,2025-12-30,1000,BLOCKED_LEG_ELIGIBILITY,False,REQUIRED_LEG_PRIOR_OI_BELOW_100,15.51724137931035,2,2
60c2d16b969965ff2b15,PH52-043,BEAR_CALL_SPREAD,development,ce8e12389ff297becff9,2021-05-27,1000,EXCLUDED_OHLC_RANGE_PROXY,True,ELIGIBLE_FOR_OHLC_PRICE_REFERENCE_SIMULATION,10.322580645161288,2,2
60c2d16b969965ff2b15,PH52-043,BEAR_CALL_SPREAD,development,061c004245393c77b5c7,2021-12-09,1000,EXCLUDED_OHLC_RANGE_PROXY,True,ELIGIBLE_FOR_OHLC_PRICE_REFERENCE_SIMULATION,9.48509485094851,2,2
60c2d16b969965ff2b15,PH52-043,BEAR_CALL_SPREAD,development,b58d771555d73891d2fd,2022-06-16,1000,EXCLUDED_OHLC_RANGE_PROXY,True,ELIGIBLE_FOR_OHLC_PRICE_REFERENCE_SIMULATION,22.22222222222222,2,2
60c2d16b969965ff2b15,PH52-043,BEAR_CALL_SPREAD,development,8c9b97c314b368f7a743,2022-12-15,1000,EXCLUDED_OHLC_RANGE_PROXY,True,ELIGIBLE_FOR_OHLC_PRICE_REFERENCE_SIMULATION,8.231707317073157,2,2
60c2d16b969965ff2b15,PH52-043,BEAR_CALL_SPREAD,development,b2b9482e70f4a2ace098,2023-06-22,1000,EXCLUDED_OHLC_RANGE_PROXY,True,ELIGIBLE_FOR_OHLC_PRICE_REFERENCE_SIMULATION,11.874999999999991,2,2
60c2d16b969965ff2b15,PH52-043,BEAR_CALL_SPREAD,development,804301753400916af24f,2023-12-28,1000,EXCLUDED_OHLC_RANGE_PROXY,True,ELIGIBLE_FOR_OHLC_PRICE_REFERENCE_SIMULATION,12.962962962962964,2,2
60c2d16b969965ff2b15,PH52-043,BEAR_CALL_SPREAD,validation,c1472f0b801661762bc6,2024-01-04,1000,EXCLUDED_OHLC_RANGE_PROXY,True,ELIGIBLE_FOR_OHLC_PRICE_REFERENCE_SIMULATION,17.58241758241759,2,2
60c2d16b969965ff2b15,PH52-043,BEAR_CALL_SPREAD,validation,1d33307443bd39106f13,2024-05-30,1000,EXCLUDED_OHLC_RANGE_PROXY,True,ELIGIBLE_FOR_OHLC_PRICE_REFERENCE_SIMULATION,12.436548223350252,2,2
60c2d16b969965ff2b15,PH52-043,BEAR_CALL_SPREAD,validation,50696f11ab0417607875,2024-10-17,1000,EXCLUDED_OHLC_RANGE_PROXY,True,ELIGIBLE_FOR_OHLC_PRICE_REFERENCE_SIMULATION,17.857142857142858,2,2
60c2d16b969965ff2b15,PH52-043,BEAR_CALL_SPREAD,validation,58a4c4843286bd3943a2,2025-03-13,1000,BLOCKED_LEG_ELIGIBILITY,False,REQUIRED_LEG_PRIOR_OI_BELOW_100,10.0,2,2
60c2d16b969965ff2b15,PH52-043,BEAR_CALL_SPREAD,validation,e5919e2053dc59805884,2025-07-31,1000,BLOCKED_LEG_ELIGIBILITY,False,REQUIRED_LEG_PRIOR_OI_BELOW_100,31.39158576051781,2,2
60c2d16b969965ff2b15,PH52-043,BEAR_CALL_SPREAD,validation,2744fff722d389044d25,2025-12-30,1000,EXCLUDED_OHLC_RANGE_PROXY,True,ELIGIBLE_FOR_OHLC_PRICE_REFERENCE_SIMULATION,11.363636363636365,2,2
f96abfc5c945c889729f,PH52-043,BEAR_CALL_SPREAD,development,ce8e12389ff297becff9,2021-05-27,1000,EXCLUDED_OHLC_RANGE_PROXY,True,ELIGIBLE_FOR_OHLC_PRICE_REFERENCE_SIMULATION,10.322580645161288,2,2
f96abfc5c945c889729f,PH52-043,BEAR_CALL_SPREAD,development,061c004245393c77b5c7,2021-12-09,1000,EXCLUDED_OHLC_RANGE_PROXY,True,ELIGIBLE_FOR_OHLC_PRICE_REFERENCE_SIMULATION,9.48509485094851,2,2
f96abfc5c945c889729f,PH52-043,BEAR_CALL_SPREAD,development,b58d771555d73891d2fd,2022-06-16,1000,EXCLUDED_OHLC_RANGE_PROXY,True,ELIGIBLE_FOR_OHLC_PRICE_REFERENCE_SIMULATION,21.229050279329606,2,2
f96abfc5c945c889729f,PH52-043,BEAR_CALL_SPREAD,development,8c9b97c314b368f7a743,2022-12-15,1000,EXCLUDED_OHLC_RANGE_PROXY,True,ELIGIBLE_FOR_OHLC_PRICE_REFERENCE_SIMULATION,8.231707317073157,2,2
f96abfc5c945c889729f,PH52-043,BEAR_CALL_SPREAD,development,b2b9482e70f4a2ace098,2023-06-22,1000,EXCLUDED_OHLC_RANGE_PROXY,True,ELIGIBLE_FOR_OHLC_PRICE_REFERENCE_SIMULATION,11.874999999999991,2,2
f96abfc5c945c889729f,PH52-043,BEAR_CALL_SPREAD,development,804301753400916af24f,2023-12-28,1000,EXCLUDED_OHLC_RANGE_PROXY,True,ELIGIBLE_FOR_OHLC_PRICE_REFERENCE_SIMULATION,12.962962962962964,2,2
f96abfc5c945c889729f,PH52-043,BEAR_CALL_SPREAD,validation,c1472f0b801661762bc6,2024-01-04,1000,EXCLUDED_OHLC_RANGE_PROXY,True,ELIGIBLE_FOR_OHLC_PRICE_REFERENCE_SIMULATION,17.58241758241759,2,2
f96abfc5c945c889729f,PH52-043,BEAR_CALL_SPREAD,validation,1d33307443bd39106f13,2024-05-30,1000,EXCLUDED_OHLC_RANGE_PROXY,True,ELIGIBLE_FOR_OHLC_PRICE_REFERENCE_SIMULATION,12.436548223350252,2,2
f96abfc5c945c889729f,PH52-043,BEAR_CALL_SPREAD,validation,50696f11ab0417607875,2024-10-17,1000,EXCLUDED_OHLC_RANGE_PROXY,True,ELIGIBLE_FOR_OHLC_PRICE_REFERENCE_SIMULATION,17.857142857142858,2,2
f96abfc5c945c889729f,PH52-043,BEAR_CALL_SPREAD,validation,58a4c4843286bd3943a2,2025-03-13,1000,BLOCKED_LEG_ELIGIBILITY,False,REQUIRED_LEG_PRIOR_OI_BELOW_100,10.0,2,2
f96abfc5c945c889729f,PH52-043,BEAR_CALL_SPREAD,validation,e5919e2053dc59805884,2025-07-31,1000,BLOCKED_LEG_ELIGIBILITY,False,REQUIRED_LEG_PRIOR_OI_BELOW_100,31.521739130434792,2,2
f96abfc5c945c889729f,PH52-043,BEAR_CALL_SPREAD,validation,2744fff722d389044d25,2025-12-30,1000,EXCLUDED_OHLC_RANGE_PROXY,True,ELIGIBLE_FOR_OHLC_PRICE_REFERENCE_SIMULATION,11.363636363636365,2,2
31945d66866929a2f44e,PH52-043,BEAR_CALL_SPREAD,development,ce8e12389ff297becff9,2021-05-27,1000,EXCLUDED_OHLC_RANGE_PROXY,True,ELIGIBLE_FOR_OHLC_PRICE_REFERENCE_SIMULATION,10.000000000000009,2,2
31945d66866929a2f44e,PH52-043,BEAR_CALL_SPREAD,development,061c004245393c77b5c7,2021-12-09,1000,EXCLUDED_OHLC_RANGE_PROXY,True,ELIGIBLE_FOR_OHLC_PRICE_REFERENCE_SIMULATION,7.499999999999996,2,2
31945d66866929a2f44e,PH52-043,BEAR_CALL_SPREAD,development,b58d771555d73891d2fd,2022-06-16,1000,EXCLUDED_OHLC_RANGE_PROXY,True,ELIGIBLE_FOR_OHLC_PRICE_REFERENCE_SIMULATION,21.73913043478261,2,2
31945d66866929a2f44e,PH52-043,BEAR_CALL_SPREAD,development,8c9b97c314b368f7a743,2022-12-15,1000,EXCLUDED_OHLC_RANGE_PROXY,True,ELIGIBLE_FOR_OHLC_PRICE_REFERENCE_SIMULATION,7.142857142857159,2,2
31945d66866929a2f44e,PH52-043,BEAR_CALL_SPREAD,development,b2b9482e70f4a2ace098,2023-06-22,1000,EXCLUDED_OHLC_RANGE_PROXY,True,ELIGIBLE_FOR_OHLC_PRICE_REFERENCE_SIMULATION,8.695652173913052,2,2
31945d66866929a2f44e,PH52-043,BEAR_CALL_SPREAD,development,804301753400916af24f,2023-12-28,1000,EXCLUDED_OHLC_RANGE_PROXY,True,ELIGIBLE_FOR_OHLC_PRICE_REFERENCE_SIMULATION,9.803921568627452,2,2
31945d66866929a2f44e,PH52-043,BEAR_CALL_SPREAD,validation,c1472f0b801661762bc6,2024-01-04,1000,EXCLUDED_OHLC_RANGE_PROXY,True,ELIGIBLE_FOR_OHLC_PRICE_REFERENCE_SIMULATION,15.384615384615381,2,2
31945d66866929a2f44e,PH52-043,BEAR_CALL_SPREAD,validation,1d33307443bd39106f13,2024-05-30,1000,EXCLUDED_OHLC_RANGE_PROXY,True,ELIGIBLE_FOR_OHLC_PRICE_REFERENCE_SIMULATION,12.22222222222222,2,2
31945d66866929a2f44e,PH52-043,BEAR_CALL_SPREAD,validation,50696f11ab0417607875,2024-10-17,1000,EXCLUDED_OHLC_RANGE_PROXY,True,ELIGIBLE_FOR_OHLC_PRICE_REFERENCE_SIMULATION,14.285714285714299,2,2
31945d66866929a2f44e,PH52-043,BEAR_CALL_SPREAD,validation,58a4c4843286bd3943a2,2025-03-13,1000,BLOCKED_LEG_ELIGIBILITY,False,REQUIRED_LEG_PRIOR_OI_BELOW_100,8.510638297872347,2,2
31945d66866929a2f44e,PH52-043,BEAR_CALL_SPREAD,validation,e5919e2053dc59805884,2025-07-31,1000,BLOCKED_LEG_ELIGIBILITY,False,REQUIRED_LEG_PRIOR_OI_BELOW_100,34.78260869565216,2,2
31945d66866929a2f44e,PH52-043,BEAR_CALL_SPREAD,validation,2744fff722d389044d25,2025-12-30,1000,EXCLUDED_OHLC_RANGE_PROXY,True,ELIGIBLE_FOR_OHLC_PRICE_REFERENCE_SIMULATION,8.333333333333341,2,2
1a0635bb11fffe02e510,PH52-043,BEAR_CALL_SPREAD,development,ce8e12389ff297becff9,2021-05-27,1000,EXCLUDED_OHLC_RANGE_PROXY,True,ELIGIBLE_FOR_OHLC_PRICE_REFERENCE_SIMULATION,14.285714285714299,2,2
1a0635bb11fffe02e510,PH52-043,BEAR_CALL_SPREAD,development,061c004245393c77b5c7,2021-12-09,1000,EXCLUDED_OHLC_RANGE_PROXY,True,ELIGIBLE_FOR_OHLC_PRICE_REFERENCE_SIMULATION,9.090909090909099,2,2
1a0635bb11fffe02e510,PH52-043,BEAR_CALL_SPREAD,development,b58d771555d73891d2fd,2022-06-16,1000,EXCLUDED_OHLC_RANGE_PROXY,True,ELIGIBLE_FOR_OHLC_PRICE_REFERENCE_SIMULATION,21.73913043478261,2,2
1a0635bb11fffe02e510,PH52-043,BEAR_CALL_SPREAD,development,8c9b97c314b368f7a743,2022-12-15,1000,EXCLUDED_OHLC_RANGE_PROXY,True,ELIGIBLE_FOR_OHLC_PRICE_REFERENCE_SIMULATION,8.571428571428566,2,2
1a0635bb11fffe02e510,PH52-043,BEAR_CALL_SPREAD,development,b2b9482e70f4a2ace098,2023-06-22,1000,EXCLUDED_OHLC_RANGE_PROXY,True,ELIGIBLE_FOR_OHLC_PRICE_REFERENCE_SIMULATION,6.250000000000005,2,2
1a0635bb11fffe02e510,PH52-043,BEAR_CALL_SPREAD,development,804301753400916af24f,2023-12-28,1000,EXCLUDED_OHLC_RANGE_PROXY,True,ELIGIBLE_FOR_OHLC_PRICE_REFERENCE_SIMULATION,9.803921568627452,2,2
1a0635bb11fffe02e510,PH52-043,BEAR_CALL_SPREAD,validation,c1472f0b801661762bc6,2024-01-04,1000,EXCLUDED_OHLC_RANGE_PROXY,True,ELIGIBLE_FOR_OHLC_PRICE_REFERENCE_SIMULATION,19.999999999999996,2,2
1a0635bb11fffe02e510,PH52-043,BEAR_CALL_SPREAD,validation,1d33307443bd39106f13,2024-05-30,1000,EXCLUDED_OHLC_RANGE_PROXY,True,ELIGIBLE_FOR_OHLC_PRICE_REFERENCE_SIMULATION,12.056737588652478,2,2
1a0635bb11fffe02e510,PH52-043,BEAR_CALL_SPREAD,validation,50696f11ab0417607875,2024-10-17,1000,EXCLUDED_OHLC_RANGE_PROXY,True,ELIGIBLE_FOR_OHLC_PRICE_REFERENCE_SIMULATION,14.285714285714288,2,2
1a0635bb11fffe02e510,PH52-043,BEAR_CALL_SPREAD,validation,58a4c4843286bd3943a2,2025-03-13,1000,BLOCKED_LEG_ELIGIBILITY,False,REQUIRED_LEG_PRIOR_OI_BELOW_100,8.510638297872347,2,2
1a0635bb11fffe02e510,PH52-043,BEAR_CALL_SPREAD,validation,e5919e2053dc59805884,2025-07-31,1000,BLOCKED_LEG_ELIGIBILITY,False,REQUIRED_LEG_PRIOR_OI_BELOW_100,34.78260869565216,2,2
1a0635bb11fffe02e510,PH52-043,BEAR_CALL_SPREAD,validation,2744fff722d389044d25,2025-12-30,1000,EXCLUDED_OHLC_RANGE_PROXY,True,ELIGIBLE_FOR_OHLC_PRICE_REFERENCE_SIMULATION,7.1428571428571495,2,2
060d90e4f65e45f6cff8,PH52-025,BULL_CALL_SPREAD,development,01f752daf3bb0e90d7b1,2021-05-27,1000,EXCLUDED_OHLC_RANGE_PROXY,True,ELIGIBLE_FOR_OHLC_PRICE_REFERENCE_SIMULATION,5.384615384615379,2,2
060d90e4f65e45f6cff8,PH52-025,BULL_CALL_SPREAD,development,0ddaab2f8946678d3082,2021-12-09,1000,EXCLUDED_OHLC_RANGE_PROXY,True,ELIGIBLE_FOR_OHLC_PRICE_REFERENCE_SIMULATION,13.180515759312314,2,2
060d90e4f65e45f6cff8,PH52-025,BULL_CALL_SPREAD,development,044eef05c3277601504c,2022-06-16,1000,EXCLUDED_OHLC_RANGE_PROXY,True,ELIGIBLE_FOR_OHLC_PRICE_REFERENCE_SIMULATION,10.924369747899156,2,2
060d90e4f65e45f6cff8,PH52-025,BULL_CALL_SPREAD,development,307dafef42b72c870148,2022-12-15,1000,EXCLUDED_OHLC_RANGE_PROXY,True,ELIGIBLE_FOR_OHLC_PRICE_REFERENCE_SIMULATION,5.957446808510648,2,2
060d90e4f65e45f6cff8,PH52-025,BULL_CALL_SPREAD,development,c8a686f986a21faa7ed5,2023-06-22,1000,EXCLUDED_OHLC_RANGE_PROXY,True,ELIGIBLE_FOR_OHLC_PRICE_REFERENCE_SIMULATION,12.765957446808503,2,2
060d90e4f65e45f6cff8,PH52-025,BULL_CALL_SPREAD,development,84c7352397ed038c3ea2,2023-12-28,1000,EXCLUDED_OHLC_RANGE_PROXY,True,ELIGIBLE_FOR_OHLC_PRICE_REFERENCE_SIMULATION,4.511278195488715,2,2
060d90e4f65e45f6cff8,PH52-025,BULL_CALL_SPREAD,validation,f104c6f1662847c5bbcc,2024-01-04,1000,EXCLUDED_OHLC_RANGE_PROXY,True,ELIGIBLE_FOR_OHLC_PRICE_REFERENCE_SIMULATION,8.63309352517985,2,2
060d90e4f65e45f6cff8,PH52-025,BULL_CALL_SPREAD,validation,0cd34c6b63a9f995c503,2024-05-30,1000,EXCLUDED_OHLC_RANGE_PROXY,True,ELIGIBLE_FOR_OHLC_PRICE_REFERENCE_SIMULATION,8.391608391608392,2,2
060d90e4f65e45f6cff8,PH52-025,BULL_CALL_SPREAD,validation,75007ced19cb5e12e01f,2024-10-17,1000,EXCLUDED_OHLC_RANGE_PROXY,True,ELIGIBLE_FOR_OHLC_PRICE_REFERENCE_SIMULATION,17.452830188679247,2,2
060d90e4f65e45f6cff8,PH52-025,BULL_CALL_SPREAD,validation,8eb8f1add17ecb221cbd,2025-03-13,1000,BLOCKED_LEG_ELIGIBILITY,False,REQUIRED_LEG_PRIOR_OI_BELOW_100,14.285714285714286,2,2
060d90e4f65e45f6cff8,PH52-025,BULL_CALL_SPREAD,validation,14d9997729e438213524,2025-07-31,1000,BLOCKED_LEG_ELIGIBILITY,False,REQUIRED_LEG_PRIOR_OI_BELOW_100,14.367816091954024,2,2
060d90e4f65e45f6cff8,PH52-025,BULL_CALL_SPREAD,validation,4a919e0bde313b9b9ee1,2025-12-30,1000,BLOCKED_LEG_ELIGIBILITY,False,REQUIRED_LEG_PRIOR_OI_BELOW_100,17.257683215130037,2,2
15e3134481edf2a4beeb,PH52-025,BULL_CALL_SPREAD,development,01f752daf3bb0e90d7b1,2021-05-27,1000,EXCLUDED_OHLC_RANGE_PROXY,True,ELIGIBLE_FOR_OHLC_PRICE_REFERENCE_SIMULATION,5.246913580246912,2,2
15e3134481edf2a4beeb,PH52-025,BULL_CALL_SPREAD,development,0ddaab2f8946678d3082,2021-12-09,1000,EXCLUDED_OHLC_RANGE_PROXY,True,ELIGIBLE_FOR_OHLC_PRICE_REFERENCE_SIMULATION,11.158798283261808,2,2
15e3134481edf2a4beeb,PH52-025,BULL_CALL_SPREAD,development,044eef05c3277601504c,2022-06-16,1000,EXCLUDED_OHLC_RANGE_PROXY,True,ELIGIBLE_FOR_OHLC_PRICE_REFERENCE_SIMULATION,10.736196319018415,2,2
15e3134481edf2a4beeb,PH52-025,BULL_CALL_SPREAD,development,307dafef42b72c870148,2022-12-15,1000,EXCLUDED_OHLC_RANGE_PROXY,True,ELIGIBLE_FOR_OHLC_PRICE_REFERENCE_SIMULATION,5.957446808510648,2,2
15e3134481edf2a4beeb,PH52-025,BULL_CALL_SPREAD,development,c8a686f986a21faa7ed5,2023-06-22,1000,EXCLUDED_OHLC_RANGE_PROXY,True,ELIGIBLE_FOR_OHLC_PRICE_REFERENCE_SIMULATION,11.021505376344088,2,2
15e3134481edf2a4beeb,PH52-025,BULL_CALL_SPREAD,development,84c7352397ed038c3ea2,2023-12-28,1000,EXCLUDED_OHLC_RANGE_PROXY,True,ELIGIBLE_FOR_OHLC_PRICE_REFERENCE_SIMULATION,4.341736694677863,2,2
15e3134481edf2a4beeb,PH52-025,BULL_CALL_SPREAD,validation,f104c6f1662847c5bbcc,2024-01-04,1000,EXCLUDED_OHLC_RANGE_PROXY,True,ELIGIBLE_FOR_OHLC_PRICE_REFERENCE_SIMULATION,6.666666666666658,2,2
15e3134481edf2a4beeb,PH52-025,BULL_CALL_SPREAD,validation,0cd34c6b63a9f995c503,2024-05-30,1000,EXCLUDED_OHLC_RANGE_PROXY,True,ELIGIBLE_FOR_OHLC_PRICE_REFERENCE_SIMULATION,8.620689655172415,2,2
15e3134481edf2a4beeb,PH52-025,BULL_CALL_SPREAD,validation,75007ced19cb5e12e01f,2024-10-17,1000,EXCLUDED_OHLC_RANGE_PROXY,True,ELIGIBLE_FOR_OHLC_PRICE_REFERENCE_SIMULATION,17.452830188679247,2,2
15e3134481edf2a4beeb,PH52-025,BULL_CALL_SPREAD,validation,8eb8f1add17ecb221cbd,2025-03-13,1000,BLOCKED_LEG_ELIGIBILITY,False,REQUIRED_LEG_PRIOR_OI_BELOW_100,14.285714285714286,2,2
15e3134481edf2a4beeb,PH52-025,BULL_CALL_SPREAD,validation,14d9997729e438213524,2025-07-31,1000,BLOCKED_LEG_ELIGIBILITY,False,REQUIRED_LEG_PRIOR_OI_BELOW_100,12.925170068027214,2,2
15e3134481edf2a4beeb,PH52-025,BULL_CALL_SPREAD,validation,4a919e0bde313b9b9ee1,2025-12-30,1000,BLOCKED_LEG_ELIGIBILITY,False,REQUIRED_LEG_PRIOR_OI_BELOW_100,17.257683215130037,2,2
f32415bb61dd6e9f83f2,PH52-025,BULL_CALL_SPREAD,development,01f752daf3bb0e90d7b1,2021-05-27,1000,EXCLUDED_OHLC_RANGE_PROXY,True,ELIGIBLE_FOR_OHLC_PRICE_REFERENCE_SIMULATION,5.9999999999999964,2,2
f32415bb61dd6e9f83f2,PH52-025,BULL_CALL_SPREAD,development,0ddaab2f8946678d3082,2021-12-09,1000,EXCLUDED_OHLC_RANGE_PROXY,True,ELIGIBLE_FOR_OHLC_PRICE_REFERENCE_SIMULATION,10.596026490066224,2,2
f32415bb61dd6e9f83f2,PH52-025,BULL_CALL_SPREAD,development,044eef05c3277601504c,2022-06-16,1000,EXCLUDED_OHLC_RANGE_PROXY,True,ELIGIBLE_FOR_OHLC_PRICE_REFERENCE_SIMULATION,9.78260869565216,2,2
f32415bb61dd6e9f83f2,PH52-025,BULL_CALL_SPREAD,development,307dafef42b72c870148,2022-12-15,1000,EXCLUDED_OHLC_RANGE_PROXY,True,ELIGIBLE_FOR_OHLC_PRICE_REFERENCE_SIMULATION,3.63636363636364,2,2
f32415bb61dd6e9f83f2,PH52-025,BULL_CALL_SPREAD,development,c8a686f986a21faa7ed5,2023-06-22,1000,EXCLUDED_OHLC_RANGE_PROXY,True,ELIGIBLE_FOR_OHLC_PRICE_REFERENCE_SIMULATION,7.547169811320744,2,2
f32415bb61dd6e9f83f2,PH52-025,BULL_CALL_SPREAD,development,84c7352397ed038c3ea2,2023-12-28,1000,EXCLUDED_OHLC_RANGE_PROXY,True,ELIGIBLE_FOR_OHLC_PRICE_REFERENCE_SIMULATION,4.784688995215311,2,2
f32415bb61dd6e9f83f2,PH52-025,BULL_CALL_SPREAD,validation,f104c6f1662847c5bbcc,2024-01-04,1000,EXCLUDED_OHLC_RANGE_PROXY,True,ELIGIBLE_FOR_OHLC_PRICE_REFERENCE_SIMULATION,5.882352941176485,2,2
f32415bb61dd6e9f83f2,PH52-025,BULL_CALL_SPREAD,validation,0cd34c6b63a9f995c503,2024-05-30,1000,EXCLUDED_OHLC_RANGE_PROXY,True,ELIGIBLE_FOR_OHLC_PRICE_REFERENCE_SIMULATION,8.739837398373977,2,2
f32415bb61dd6e9f83f2,PH52-025,BULL_CALL_SPREAD,validation,75007ced19cb5e12e01f,2024-10-17,1000,EXCLUDED_OHLC_RANGE_PROXY,True,ELIGIBLE_FOR_OHLC_PRICE_REFERENCE_SIMULATION,15.302491103202849,2,2
f32415bb61dd6e9f83f2,PH52-025,BULL_CALL_SPREAD,validation,8eb8f1add17ecb221cbd,2025-03-13,1000,BLOCKED_LEG_ELIGIBILITY,False,REQUIRED_LEG_PRIOR_OI_BELOW_100,12.37113402061857,2,2
f32415bb61dd6e9f83f2,PH52-025,BULL_CALL_SPREAD,validation,14d9997729e438213524,2025-07-31,1000,BLOCKED_LEG_ELIGIBILITY,False,REQUIRED_LEG_PRIOR_OI_BELOW_100,12.925170068027214,2,2
f32415bb61dd6e9f83f2,PH52-025,BULL_CALL_SPREAD,validation,4a919e0bde313b9b9ee1,2025-12-30,1000,BLOCKED_LEG_ELIGIBILITY,False,REQUIRED_LEG_PRIOR_OI_BELOW_100,17.187500000000007,2,2
9373cc117634bae8f765,PH52-025,BULL_CALL_SPREAD,development,01f752daf3bb0e90d7b1,2021-05-27,1000,EXCLUDED_OHLC_RANGE_PROXY,True,ELIGIBLE_FOR_OHLC_PRICE_REFERENCE_SIMULATION,5.9999999999999964,2,2
9373cc117634bae8f765,PH52-025,BULL_CALL_SPREAD,development,0ddaab2f8946678d3082,2021-12-09,1000,EXCLUDED_OHLC_RANGE_PROXY,True,ELIGIBLE_FOR_OHLC_PRICE_REFERENCE_SIMULATION,10.596026490066224,2,2
9373cc117634bae8f765,PH52-025,BULL_CALL_SPREAD,development,044eef05c3277601504c,2022-06-16,1000,EXCLUDED_OHLC_RANGE_PROXY,True,ELIGIBLE_FOR_OHLC_PRICE_REFERENCE_SIMULATION,9.78260869565216,2,2
9373cc117634bae8f765,PH52-025,BULL_CALL_SPREAD,development,307dafef42b72c870148,2022-12-15,1000,EXCLUDED_OHLC_RANGE_PROXY,True,ELIGIBLE_FOR_OHLC_PRICE_REFERENCE_SIMULATION,3.8461538461538494,2,2
9373cc117634bae8f765,PH52-025,BULL_CALL_SPREAD,development,c8a686f986a21faa7ed5,2023-06-22,1000,EXCLUDED_OHLC_RANGE_PROXY,True,ELIGIBLE_FOR_OHLC_PRICE_REFERENCE_SIMULATION,7.547169811320744,2,2
9373cc117634bae8f765,PH52-025,BULL_CALL_SPREAD,development,84c7352397ed038c3ea2,2023-12-28,1000,EXCLUDED_OHLC_RANGE_PROXY,True,ELIGIBLE_FOR_OHLC_PRICE_REFERENCE_SIMULATION,4.784688995215311,2,2
9373cc117634bae8f765,PH52-025,BULL_CALL_SPREAD,validation,f104c6f1662847c5bbcc,2024-01-04,1000,EXCLUDED_OHLC_RANGE_PROXY,True,ELIGIBLE_FOR_OHLC_PRICE_REFERENCE_SIMULATION,7.1428571428571335,2,2
9373cc117634bae8f765,PH52-025,BULL_CALL_SPREAD,validation,0cd34c6b63a9f995c503,2024-05-30,1000,EXCLUDED_OHLC_RANGE_PROXY,True,ELIGIBLE_FOR_OHLC_PRICE_REFERENCE_SIMULATION,8.739837398373977,2,2
9373cc117634bae8f765,PH52-025,BULL_CALL_SPREAD,validation,75007ced19cb5e12e01f,2024-10-17,1000,EXCLUDED_OHLC_RANGE_PROXY,True,ELIGIBLE_FOR_OHLC_PRICE_REFERENCE_SIMULATION,15.302491103202849,2,2
9373cc117634bae8f765,PH52-025,BULL_CALL_SPREAD,validation,8eb8f1add17ecb221cbd,2025-03-13,1000,BLOCKED_LEG_ELIGIBILITY,False,REQUIRED_LEG_PRIOR_OI_BELOW_100,12.37113402061857,2,2
9373cc117634bae8f765,PH52-025,BULL_CALL_SPREAD,validation,14d9997729e438213524,2025-07-31,1000,BLOCKED_LEG_ELIGIBILITY,False,REQUIRED_LEG_PRIOR_OI_BELOW_100,12.385321100917428,2,2
9373cc117634bae8f765,PH52-025,BULL_CALL_SPREAD,validation,4a919e0bde313b9b9ee1,2025-12-30,1000,BLOCKED_LEG_ELIGIBILITY,False,REQUIRED_LEG_PRIOR_OI_BELOW_100,15.51724137931035,2,2
739fae891dcde1c84104,PH52-025,BULL_CALL_SPREAD,development,ce8e12389ff297becff9,2021-05-27,1000,EXCLUDED_OHLC_RANGE_PROXY,True,ELIGIBLE_FOR_OHLC_PRICE_REFERENCE_SIMULATION,10.322580645161288,2,2
739fae891dcde1c84104,PH52-025,BULL_CALL_SPREAD,development,061c004245393c77b5c7,2021-12-09,1000,EXCLUDED_OHLC_RANGE_PROXY,True,ELIGIBLE_FOR_OHLC_PRICE_REFERENCE_SIMULATION,9.48509485094851,2,2
739fae891dcde1c84104,PH52-025,BULL_CALL_SPREAD,development,b58d771555d73891d2fd,2022-06-16,1000,EXCLUDED_OHLC_RANGE_PROXY,True,ELIGIBLE_FOR_OHLC_PRICE_REFERENCE_SIMULATION,22.22222222222222,2,2
739fae891dcde1c84104,PH52-025,BULL_CALL_SPREAD,development,8c9b97c314b368f7a743,2022-12-15,1000,EXCLUDED_OHLC_RANGE_PROXY,True,ELIGIBLE_FOR_OHLC_PRICE_REFERENCE_SIMULATION,8.231707317073157,2,2
739fae891dcde1c84104,PH52-025,BULL_CALL_SPREAD,development,b2b9482e70f4a2ace098,2023-06-22,1000,EXCLUDED_OHLC_RANGE_PROXY,True,ELIGIBLE_FOR_OHLC_PRICE_REFERENCE_SIMULATION,11.874999999999991,2,2
739fae891dcde1c84104,PH52-025,BULL_CALL_SPREAD,development,804301753400916af24f,2023-12-28,1000,EXCLUDED_OHLC_RANGE_PROXY,True,ELIGIBLE_FOR_OHLC_PRICE_REFERENCE_SIMULATION,12.962962962962964,2,2
739fae891dcde1c84104,PH52-025,BULL_CALL_SPREAD,validation,c1472f0b801661762bc6,2024-01-04,1000,EXCLUDED_OHLC_RANGE_PROXY,True,ELIGIBLE_FOR_OHLC_PRICE_REFERENCE_SIMULATION,17.58241758241759,2,2
739fae891dcde1c84104,PH52-025,BULL_CALL_SPREAD,validation,1d33307443bd39106f13,2024-05-30,1000,EXCLUDED_OHLC_RANGE_PROXY,True,ELIGIBLE_FOR_OHLC_PRICE_REFERENCE_SIMULATION,12.436548223350252,2,2
739fae891dcde1c84104,PH52-025,BULL_CALL_SPREAD,validation,50696f11ab0417607875,2024-10-17,1000,EXCLUDED_OHLC_RANGE_PROXY,True,ELIGIBLE_FOR_OHLC_PRICE_REFERENCE_SIMULATION,17.857142857142858,2,2
739fae891dcde1c84104,PH52-025,BULL_CALL_SPREAD,validation,58a4c4843286bd3943a2,2025-03-13,1000,BLOCKED_LEG_ELIGIBILITY,False,REQUIRED_LEG_PRIOR_OI_BELOW_100,10.0,2,2
739fae891dcde1c84104,PH52-025,BULL_CALL_SPREAD,validation,e5919e2053dc59805884,2025-07-31,1000,BLOCKED_LEG_ELIGIBILITY,False,REQUIRED_LEG_PRIOR_OI_BELOW_100,31.39158576051781,2,2
739fae891dcde1c84104,PH52-025,BULL_CALL_SPREAD,validation,2744fff722d389044d25,2025-12-30,1000,EXCLUDED_OHLC_RANGE_PROXY,True,ELIGIBLE_FOR_OHLC_PRICE_REFERENCE_SIMULATION,11.363636363636365,2,2
ad24b0d8ca9a87353e8a,PH52-025,BULL_CALL_SPREAD,development,ce8e12389ff297becff9,2021-05-27,1000,EXCLUDED_OHLC_RANGE_PROXY,True,ELIGIBLE_FOR_OHLC_PRICE_REFERENCE_SIMULATION,10.322580645161288,2,2
ad24b0d8ca9a87353e8a,PH52-025,BULL_CALL_SPREAD,development,061c004245393c77b5c7,2021-12-09,1000,EXCLUDED_OHLC_RANGE_PROXY,True,ELIGIBLE_FOR_OHLC_PRICE_REFERENCE_SIMULATION,9.48509485094851,2,2
ad24b0d8ca9a87353e8a,PH52-025,BULL_CALL_SPREAD,development,b58d771555d73891d2fd,2022-06-16,1000,EXCLUDED_OHLC_RANGE_PROXY,True,ELIGIBLE_FOR_OHLC_PRICE_REFERENCE_SIMULATION,21.229050279329606,2,2
ad24b0d8ca9a87353e8a,PH52-025,BULL_CALL_SPREAD,development,8c9b97c314b368f7a743,2022-12-15,1000,EXCLUDED_OHLC_RANGE_PROXY,True,ELIGIBLE_FOR_OHLC_PRICE_REFERENCE_SIMULATION,8.231707317073157,2,2
ad24b0d8ca9a87353e8a,PH52-025,BULL_CALL_SPREAD,development,b2b9482e70f4a2ace098,2023-06-22,1000,EXCLUDED_OHLC_RANGE_PROXY,True,ELIGIBLE_FOR_OHLC_PRICE_REFERENCE_SIMULATION,11.874999999999991,2,2
ad24b0d8ca9a87353e8a,PH52-025,BULL_CALL_SPREAD,development,804301753400916af24f,2023-12-28,1000,EXCLUDED_OHLC_RANGE_PROXY,True,ELIGIBLE_FOR_OHLC_PRICE_REFERENCE_SIMULATION,12.962962962962964,2,2
ad24b0d8ca9a87353e8a,PH52-025,BULL_CALL_SPREAD,validation,c1472f0b801661762bc6,2024-01-04,1000,EXCLUDED_OHLC_RANGE_PROXY,True,ELIGIBLE_FOR_OHLC_PRICE_REFERENCE_SIMULATION,17.58241758241759,2,2
ad24b0d8ca9a87353e8a,PH52-025,BULL_CALL_SPREAD,validation,1d33307443bd39106f13,2024-05-30,1000,EXCLUDED_OHLC_RANGE_PROXY,True,ELIGIBLE_FOR_OHLC_PRICE_REFERENCE_SIMULATION,12.436548223350252,2,2
ad24b0d8ca9a87353e8a,PH52-025,BULL_CALL_SPREAD,validation,50696f11ab0417607875,2024-10-17,1000,EXCLUDED_OHLC_RANGE_PROXY,True,ELIGIBLE_FOR_OHLC_PRICE_REFERENCE_SIMULATION,17.857142857142858,2,2
ad24b0d8ca9a87353e8a,PH52-025,BULL_CALL_SPREAD,validation,58a4c4843286bd3943a2,2025-03-13,1000,BLOCKED_LEG_ELIGIBILITY,False,REQUIRED_LEG_PRIOR_OI_BELOW_100,10.0,2,2
ad24b0d8ca9a87353e8a,PH52-025,BULL_CALL_SPREAD,validation,e5919e2053dc59805884,2025-07-31,1000,BLOCKED_LEG_ELIGIBILITY,False,REQUIRED_LEG_PRIOR_OI_BELOW_100,31.521739130434792,2,2
ad24b0d8ca9a87353e8a,PH52-025,BULL_CALL_SPREAD,validation,2744fff722d389044d25,2025-12-30,1000,EXCLUDED_OHLC_RANGE_PROXY,True,ELIGIBLE_FOR_OHLC_PRICE_REFERENCE_SIMULATION,11.363636363636365,2,2
cf6ec0b712b4aff6231f,PH52-025,BULL_CALL_SPREAD,development,ce8e12389ff297becff9,2021-05-27,1000,EXCLUDED_OHLC_RANGE_PROXY,True,ELIGIBLE_FOR_OHLC_PRICE_REFERENCE_SIMULATION,10.000000000000009,2,2
cf6ec0b712b4aff6231f,PH52-025,BULL_CALL_SPREAD,development,061c004245393c77b5c7,2021-12-09,1000,EXCLUDED_OHLC_RANGE_PROXY,True,ELIGIBLE_FOR_OHLC_PRICE_REFERENCE_SIMULATION,7.499999999999996,2,2
cf6ec0b712b4aff6231f,PH52-025,BULL_CALL_SPREAD,development,b58d771555d73891d2fd,2022-06-16,1000,EXCLUDED_OHLC_RANGE_PROXY,True,ELIGIBLE_FOR_OHLC_PRICE_REFERENCE_SIMULATION,21.73913043478261,2,2
cf6ec0b712b4aff6231f,PH52-025,BULL_CALL_SPREAD,development,8c9b97c314b368f7a743,2022-12-15,1000,EXCLUDED_OHLC_RANGE_PROXY,True,ELIGIBLE_FOR_OHLC_PRICE_REFERENCE_SIMULATION,7.142857142857159,2,2
cf6ec0b712b4aff6231f,PH52-025,BULL_CALL_SPREAD,development,b2b9482e70f4a2ace098,2023-06-22,1000,EXCLUDED_OHLC_RANGE_PROXY,True,ELIGIBLE_FOR_OHLC_PRICE_REFERENCE_SIMULATION,8.695652173913052,2,2
cf6ec0b712b4aff6231f,PH52-025,BULL_CALL_SPREAD,development,804301753400916af24f,2023-12-28,1000,EXCLUDED_OHLC_RANGE_PROXY,True,ELIGIBLE_FOR_OHLC_PRICE_REFERENCE_SIMULATION,9.803921568627452,2,2
cf6ec0b712b4aff6231f,PH52-025,BULL_CALL_SPREAD,validation,c1472f0b801661762bc6,2024-01-04,1000,EXCLUDED_OHLC_RANGE_PROXY,True,ELIGIBLE_FOR_OHLC_PRICE_REFERENCE_SIMULATION,15.384615384615381,2,2
cf6ec0b712b4aff6231f,PH52-025,BULL_CALL_SPREAD,validation,1d33307443bd39106f13,2024-05-30,1000,EXCLUDED_OHLC_RANGE_PROXY,True,ELIGIBLE_FOR_OHLC_PRICE_REFERENCE_SIMULATION,12.22222222222222,2,2
cf6ec0b712b4aff6231f,PH52-025,BULL_CALL_SPREAD,validation,50696f11ab0417607875,2024-10-17,1000,EXCLUDED_OHLC_RANGE_PROXY,True,ELIGIBLE_FOR_OHLC_PRICE_REFERENCE_SIMULATION,14.285714285714299,2,2
cf6ec0b712b4aff6231f,PH52-025,BULL_CALL_SPREAD,validation,58a4c4843286bd3943a2,2025-03-13,1000,BLOCKED_LEG_ELIGIBILITY,False,REQUIRED_LEG_PRIOR_OI_BELOW_100,8.510638297872347,2,2
cf6ec0b712b4aff6231f,PH52-025,BULL_CALL_SPREAD,validation,e5919e2053dc59805884,2025-07-31,1000,BLOCKED_LEG_ELIGIBILITY,False,REQUIRED_LEG_PRIOR_OI_BELOW_100,34.78260869565216,2,2
cf6ec0b712b4aff6231f,PH52-025,BULL_CALL_SPREAD,validation,2744fff722d389044d25,2025-12-30,1000,EXCLUDED_OHLC_RANGE_PROXY,True,ELIGIBLE_FOR_OHLC_PRICE_REFERENCE_SIMULATION,8.333333333333341,2,2
a4f8558870d4a10947fe,PH52-025,BULL_CALL_SPREAD,development,ce8e12389ff297becff9,2021-05-27,1000,EXCLUDED_OHLC_RANGE_PROXY,True,ELIGIBLE_FOR_OHLC_PRICE_REFERENCE_SIMULATION,14.285714285714299,2,2
a4f8558870d4a10947fe,PH52-025,BULL_CALL_SPREAD,development,061c004245393c77b5c7,2021-12-09,1000,EXCLUDED_OHLC_RANGE_PROXY,True,ELIGIBLE_FOR_OHLC_PRICE_REFERENCE_SIMULATION,9.090909090909099,2,2
a4f8558870d4a10947fe,PH52-025,BULL_CALL_SPREAD,development,b58d771555d73891d2fd,2022-06-16,1000,EXCLUDED_OHLC_RANGE_PROXY,True,ELIGIBLE_FOR_OHLC_PRICE_REFERENCE_SIMULATION,21.73913043478261,2,2
a4f8558870d4a10947fe,PH52-025,BULL_CALL_SPREAD,development,8c9b97c314b368f7a743,2022-12-15,1000,EXCLUDED_OHLC_RANGE_PROXY,True,ELIGIBLE_FOR_OHLC_PRICE_REFERENCE_SIMULATION,8.571428571428566,2,2
a4f8558870d4a10947fe,PH52-025,BULL_CALL_SPREAD,development,b2b9482e70f4a2ace098,2023-06-22,1000,EXCLUDED_OHLC_RANGE_PROXY,True,ELIGIBLE_FOR_OHLC_PRICE_REFERENCE_SIMULATION,6.250000000000005,2,2
a4f8558870d4a10947fe,PH52-025,BULL_CALL_SPREAD,development,804301753400916af24f,2023-12-28,1000,EXCLUDED_OHLC_RANGE_PROXY,True,ELIGIBLE_FOR_OHLC_PRICE_REFERENCE_SIMULATION,9.803921568627452,2,2
a4f8558870d4a10947fe,PH52-025,BULL_CALL_SPREAD,validation,c1472f0b801661762bc6,2024-01-04,1000,EXCLUDED_OHLC_RANGE_PROXY,True,ELIGIBLE_FOR_OHLC_PRICE_REFERENCE_SIMULATION,19.999999999999996,2,2
a4f8558870d4a10947fe,PH52-025,BULL_CALL_SPREAD,validation,1d33307443bd39106f13,2024-05-30,1000,EXCLUDED_OHLC_RANGE_PROXY,True,ELIGIBLE_FOR_OHLC_PRICE_REFERENCE_SIMULATION,12.056737588652478,2,2
a4f8558870d4a10947fe,PH52-025,BULL_CALL_SPREAD,validation,50696f11ab0417607875,2024-10-17,1000,EXCLUDED_OHLC_RANGE_PROXY,True,ELIGIBLE_FOR_OHLC_PRICE_REFERENCE_SIMULATION,14.285714285714288,2,2
a4f8558870d4a10947fe,PH52-025,BULL_CALL_SPREAD,validation,58a4c4843286bd3943a2,2025-03-13,1000,BLOCKED_LEG_ELIGIBILITY,False,REQUIRED_LEG_PRIOR_OI_BELOW_100,8.510638297872347,2,2
a4f8558870d4a10947fe,PH52-025,BULL_CALL_SPREAD,validation,e5919e2053dc59805884,2025-07-31,1000,BLOCKED_LEG_ELIGIBILITY,False,REQUIRED_LEG_PRIOR_OI_BELOW_100,34.78260869565216,2,2
a4f8558870d4a10947fe,PH52-025,BULL_CALL_SPREAD,validation,2744fff722d389044d25,2025-12-30,1000,EXCLUDED_OHLC_RANGE_PROXY,True,ELIGIBLE_FOR_OHLC_PRICE_REFERENCE_SIMULATION,7.1428571428571495,2,2
4dfc85b9cb14f0282a2e,PH52-001,BUY_CALL,development,01f752daf3bb0e90d7b1,2021-05-27,1000,EXCLUDED_OHLC_RANGE_PROXY,True,ELIGIBLE_FOR_OHLC_PRICE_REFERENCE_SIMULATION,5.246913580246912,1,1
4dfc85b9cb14f0282a2e,PH52-001,BUY_CALL,development,0ddaab2f8946678d3082,2021-12-09,1000,EXCLUDED_OHLC_RANGE_PROXY,True,ELIGIBLE_FOR_OHLC_PRICE_REFERENCE_SIMULATION,11.158798283261808,1,1
4dfc85b9cb14f0282a2e,PH52-001,BUY_CALL,development,044eef05c3277601504c,2022-06-16,1000,EXCLUDED_OHLC_RANGE_PROXY,True,ELIGIBLE_FOR_OHLC_PRICE_REFERENCE_SIMULATION,10.736196319018415,1,1
4dfc85b9cb14f0282a2e,PH52-001,BUY_CALL,development,307dafef42b72c870148,2022-12-15,1000,EXCLUDED_OHLC_RANGE_PROXY,True,ELIGIBLE_FOR_OHLC_PRICE_REFERENCE_SIMULATION,5.957446808510648,1,1
4dfc85b9cb14f0282a2e,PH52-001,BUY_CALL,development,c8a686f986a21faa7ed5,2023-06-22,1000,EXCLUDED_OHLC_RANGE_PROXY,True,ELIGIBLE_FOR_OHLC_PRICE_REFERENCE_SIMULATION,11.021505376344088,1,1
4dfc85b9cb14f0282a2e,PH52-001,BUY_CALL,development,84c7352397ed038c3ea2,2023-12-28,1000,EXCLUDED_OHLC_RANGE_PROXY,True,ELIGIBLE_FOR_OHLC_PRICE_REFERENCE_SIMULATION,4.341736694677863,1,1
4dfc85b9cb14f0282a2e,PH52-001,BUY_CALL,validation,f104c6f1662847c5bbcc,2024-01-04,1000,EXCLUDED_OHLC_RANGE_PROXY,True,ELIGIBLE_FOR_OHLC_PRICE_REFERENCE_SIMULATION,6.666666666666658,1,1
4dfc85b9cb14f0282a2e,PH52-001,BUY_CALL,validation,0cd34c6b63a9f995c503,2024-05-30,1000,EXCLUDED_OHLC_RANGE_PROXY,True,ELIGIBLE_FOR_OHLC_PRICE_REFERENCE_SIMULATION,8.21529745042493,1,1
4dfc85b9cb14f0282a2e,PH52-001,BUY_CALL,validation,75007ced19cb5e12e01f,2024-10-17,1000,EXCLUDED_OHLC_RANGE_PROXY,True,ELIGIBLE_FOR_OHLC_PRICE_REFERENCE_SIMULATION,17.452830188679247,1,1
4dfc85b9cb14f0282a2e,PH52-001,BUY_CALL,validation,8eb8f1add17ecb221cbd,2025-03-13,1000,BLOCKED_LEG_ELIGIBILITY,False,REQUIRED_LEG_PRIOR_OI_BELOW_100,14.285714285714286,1,1
4dfc85b9cb14f0282a2e,PH52-001,BUY_CALL,validation,14d9997729e438213524,2025-07-31,1000,BLOCKED_LEG_ELIGIBILITY,False,REQUIRED_LEG_PRIOR_OI_BELOW_100,12.089810017271157,1,1
4dfc85b9cb14f0282a2e,PH52-001,BUY_CALL,validation,4a919e0bde313b9b9ee1,2025-12-30,1000,BLOCKED_LEG_ELIGIBILITY,False,REQUIRED_LEG_PRIOR_OI_BELOW_100,17.257683215130037,1,1
7f2f9e5e0437e0f7df04,PH52-001,BUY_CALL,development,01f752daf3bb0e90d7b1,2021-05-27,1000,EXCLUDED_OHLC_RANGE_PROXY,True,ELIGIBLE_FOR_OHLC_PRICE_REFERENCE_SIMULATION,5.9999999999999964,1,1
7f2f9e5e0437e0f7df04,PH52-001,BUY_CALL,development,0ddaab2f8946678d3082,2021-12-09,1000,EXCLUDED_OHLC_RANGE_PROXY,True,ELIGIBLE_FOR_OHLC_PRICE_REFERENCE_SIMULATION,10.596026490066224,1,1
7f2f9e5e0437e0f7df04,PH52-001,BUY_CALL,development,044eef05c3277601504c,2022-06-16,1000,EXCLUDED_OHLC_RANGE_PROXY,True,ELIGIBLE_FOR_OHLC_PRICE_REFERENCE_SIMULATION,9.78260869565216,1,1
7f2f9e5e0437e0f7df04,PH52-001,BUY_CALL,development,307dafef42b72c870148,2022-12-15,1000,EXCLUDED_OHLC_RANGE_PROXY,True,ELIGIBLE_FOR_OHLC_PRICE_REFERENCE_SIMULATION,3.63636363636364,1,1
7f2f9e5e0437e0f7df04,PH52-001,BUY_CALL,development,c8a686f986a21faa7ed5,2023-06-22,1000,EXCLUDED_OHLC_RANGE_PROXY,True,ELIGIBLE_FOR_OHLC_PRICE_REFERENCE_SIMULATION,7.547169811320744,1,1
7f2f9e5e0437e0f7df04,PH52-001,BUY_CALL,development,84c7352397ed038c3ea2,2023-12-28,1000,EXCLUDED_OHLC_RANGE_PROXY,True,ELIGIBLE_FOR_OHLC_PRICE_REFERENCE_SIMULATION,4.784688995215311,1,1
7f2f9e5e0437e0f7df04,PH52-001,BUY_CALL,validation,f104c6f1662847c5bbcc,2024-01-04,1000,EXCLUDED_OHLC_RANGE_PROXY,True,ELIGIBLE_FOR_OHLC_PRICE_REFERENCE_SIMULATION,5.882352941176485,1,1
7f2f9e5e0437e0f7df04,PH52-001,BUY_CALL,validation,0cd34c6b63a9f995c503,2024-05-30,1000,EXCLUDED_OHLC_RANGE_PROXY,True,ELIGIBLE_FOR_OHLC_PRICE_REFERENCE_SIMULATION,8.739837398373977,1,1
7f2f9e5e0437e0f7df04,PH52-001,BUY_CALL,validation,75007ced19cb5e12e01f,2024-10-17,1000,EXCLUDED_OHLC_RANGE_PROXY,True,ELIGIBLE_FOR_OHLC_PRICE_REFERENCE_SIMULATION,15.302491103202849,1,1
7f2f9e5e0437e0f7df04,PH52-001,BUY_CALL,validation,8eb8f1add17ecb221cbd,2025-03-13,1000,BLOCKED_LEG_ELIGIBILITY,False,REQUIRED_LEG_PRIOR_OI_BELOW_100,12.37113402061857,1,1
7f2f9e5e0437e0f7df04,PH52-001,BUY_CALL,validation,14d9997729e438213524,2025-07-31,1000,BLOCKED_LEG_ELIGIBILITY,False,REQUIRED_LEG_PRIOR_OI_BELOW_100,12.385321100917428,1,1
7f2f9e5e0437e0f7df04,PH52-001,BUY_CALL,validation,4a919e0bde313b9b9ee1,2025-12-30,1000,BLOCKED_LEG_ELIGIBILITY,False,REQUIRED_LEG_PRIOR_OI_BELOW_100,15.51724137931035,1,1
824453c4ca52e0a8f423,PH52-001,BUY_CALL,development,ce8e12389ff297becff9,2021-05-27,1000,EXCLUDED_OHLC_RANGE_PROXY,True,ELIGIBLE_FOR_OHLC_PRICE_REFERENCE_SIMULATION,10.322580645161288,1,1
824453c4ca52e0a8f423,PH52-001,BUY_CALL,development,061c004245393c77b5c7,2021-12-09,1000,EXCLUDED_OHLC_RANGE_PROXY,True,ELIGIBLE_FOR_OHLC_PRICE_REFERENCE_SIMULATION,9.48509485094851,1,1
824453c4ca52e0a8f423,PH52-001,BUY_CALL,development,b58d771555d73891d2fd,2022-06-16,1000,EXCLUDED_OHLC_RANGE_PROXY,True,ELIGIBLE_FOR_OHLC_PRICE_REFERENCE_SIMULATION,21.229050279329606,1,1
824453c4ca52e0a8f423,PH52-001,BUY_CALL,development,8c9b97c314b368f7a743,2022-12-15,1000,EXCLUDED_OHLC_RANGE_PROXY,True,ELIGIBLE_FOR_OHLC_PRICE_REFERENCE_SIMULATION,8.231707317073157,1,1
824453c4ca52e0a8f423,PH52-001,BUY_CALL,development,b2b9482e70f4a2ace098,2023-06-22,1000,EXCLUDED_OHLC_RANGE_PROXY,True,ELIGIBLE_FOR_OHLC_PRICE_REFERENCE_SIMULATION,11.874999999999991,1,1
824453c4ca52e0a8f423,PH52-001,BUY_CALL,development,804301753400916af24f,2023-12-28,1000,EXCLUDED_OHLC_RANGE_PROXY,True,ELIGIBLE_FOR_OHLC_PRICE_REFERENCE_SIMULATION,12.962962962962964,1,1
824453c4ca52e0a8f423,PH52-001,BUY_CALL,validation,c1472f0b801661762bc6,2024-01-04,1000,EXCLUDED_OHLC_RANGE_PROXY,True,ELIGIBLE_FOR_OHLC_PRICE_REFERENCE_SIMULATION,17.58241758241759,1,1
824453c4ca52e0a8f423,PH52-001,BUY_CALL,validation,1d33307443bd39106f13,2024-05-30,1000,EXCLUDED_OHLC_RANGE_PROXY,True,ELIGIBLE_FOR_OHLC_PRICE_REFERENCE_SIMULATION,12.436548223350252,1,1
824453c4ca52e0a8f423,PH52-001,BUY_CALL,validation,50696f11ab0417607875,2024-10-17,1000,EXCLUDED_OHLC_RANGE_PROXY,True,ELIGIBLE_FOR_OHLC_PRICE_REFERENCE_SIMULATION,17.857142857142858,1,1
824453c4ca52e0a8f423,PH52-001,BUY_CALL,validation,58a4c4843286bd3943a2,2025-03-13,1000,BLOCKED_LEG_ELIGIBILITY,False,REQUIRED_LEG_PRIOR_OI_BELOW_100,10.0,1,1
824453c4ca52e0a8f423,PH52-001,BUY_CALL,validation,e5919e2053dc59805884,2025-07-31,1000,BLOCKED_LEG_ELIGIBILITY,False,REQUIRED_LEG_PRIOR_OI_BELOW_100,27.142857142857146,1,1
824453c4ca52e0a8f423,PH52-001,BUY_CALL,validation,2744fff722d389044d25,2025-12-30,1000,EXCLUDED_OHLC_RANGE_PROXY,True,ELIGIBLE_FOR_OHLC_PRICE_REFERENCE_SIMULATION,11.363636363636365,1,1
a85d75f96c0c6721a862,PH52-001,BUY_CALL,development,ce8e12389ff297becff9,2021-05-27,1000,EXCLUDED_OHLC_RANGE_PROXY,True,ELIGIBLE_FOR_OHLC_PRICE_REFERENCE_SIMULATION,10.000000000000009,1,1
a85d75f96c0c6721a862,PH52-001,BUY_CALL,development,061c004245393c77b5c7,2021-12-09,1000,EXCLUDED_OHLC_RANGE_PROXY,True,ELIGIBLE_FOR_OHLC_PRICE_REFERENCE_SIMULATION,7.499999999999996,1,1
a85d75f96c0c6721a862,PH52-001,BUY_CALL,development,b58d771555d73891d2fd,2022-06-16,1000,EXCLUDED_OHLC_RANGE_PROXY,True,ELIGIBLE_FOR_OHLC_PRICE_REFERENCE_SIMULATION,21.73913043478261,1,1
a85d75f96c0c6721a862,PH52-001,BUY_CALL,development,8c9b97c314b368f7a743,2022-12-15,1000,REPLAY_PASS,True,ELIGIBLE_FOR_OHLC_PRICE_REFERENCE_SIMULATION,1.7543859649122744,1,1
a85d75f96c0c6721a862,PH52-001,BUY_CALL,development,b2b9482e70f4a2ace098,2023-06-22,1000,EXCLUDED_OHLC_RANGE_PROXY,True,ELIGIBLE_FOR_OHLC_PRICE_REFERENCE_SIMULATION,6.250000000000005,1,1
a85d75f96c0c6721a862,PH52-001,BUY_CALL,development,804301753400916af24f,2023-12-28,1000,EXCLUDED_OHLC_RANGE_PROXY,True,ELIGIBLE_FOR_OHLC_PRICE_REFERENCE_SIMULATION,9.803921568627452,1,1
a85d75f96c0c6721a862,PH52-001,BUY_CALL,validation,c1472f0b801661762bc6,2024-01-04,1000,EXCLUDED_OHLC_RANGE_PROXY,True,ELIGIBLE_FOR_OHLC_PRICE_REFERENCE_SIMULATION,15.384615384615381,1,1
a85d75f96c0c6721a862,PH52-001,BUY_CALL,validation,1d33307443bd39106f13,2024-05-30,1000,EXCLUDED_OHLC_RANGE_PROXY,True,ELIGIBLE_FOR_OHLC_PRICE_REFERENCE_SIMULATION,12.056737588652478,1,1
a85d75f96c0c6721a862,PH52-001,BUY_CALL,validation,50696f11ab0417607875,2024-10-17,1000,EXCLUDED_OHLC_RANGE_PROXY,True,ELIGIBLE_FOR_OHLC_PRICE_REFERENCE_SIMULATION,14.285714285714288,1,1
a85d75f96c0c6721a862,PH52-001,BUY_CALL,validation,58a4c4843286bd3943a2,2025-03-13,1000,BLOCKED_LEG_ELIGIBILITY,False,REQUIRED_LEG_PRIOR_OI_BELOW_100,8.510638297872347,1,1
a85d75f96c0c6721a862,PH52-001,BUY_CALL,validation,e5919e2053dc59805884,2025-07-31,1000,BLOCKED_LEG_ELIGIBILITY,False,REQUIRED_LEG_PRIOR_OI_BELOW_100,34.78260869565216,1,1
a85d75f96c0c6721a862,PH52-001,BUY_CALL,validation,2744fff722d389044d25,2025-12-30,1000,EXCLUDED_OHLC_RANGE_PROXY,True,ELIGIBLE_FOR_OHLC_PRICE_REFERENCE_SIMULATION,7.1428571428571495,1,1
d4f27239e30ac6922af1,PH52-007,BUY_PUT,development,01f752daf3bb0e90d7b1,2021-05-27,1000,EXCLUDED_OHLC_RANGE_PROXY,True,ELIGIBLE_FOR_OHLC_PRICE_REFERENCE_SIMULATION,5.2631578947368425,1,1
d4f27239e30ac6922af1,PH52-007,BUY_PUT,development,0ddaab2f8946678d3082,2021-12-09,1000,EXCLUDED_OHLC_RANGE_PROXY,True,ELIGIBLE_FOR_OHLC_PRICE_REFERENCE_SIMULATION,17.18213058419244,1,1
d4f27239e30ac6922af1,PH52-007,BUY_PUT,development,044eef05c3277601504c,2022-06-16,1000,EXCLUDED_OHLC_RANGE_PROXY,True,ELIGIBLE_FOR_OHLC_PRICE_REFERENCE_SIMULATION,13.354037267080747,1,1
d4f27239e30ac6922af1,PH52-007,BUY_PUT,development,307dafef42b72c870148,2022-12-15,1000,EXCLUDED_OHLC_RANGE_PROXY,True,ELIGIBLE_FOR_OHLC_PRICE_REFERENCE_SIMULATION,9.302325581395358,1,1
d4f27239e30ac6922af1,PH52-007,BUY_PUT,development,c8a686f986a21faa7ed5,2023-06-22,1000,EXCLUDED_OHLC_RANGE_PROXY,True,ELIGIBLE_FOR_OHLC_PRICE_REFERENCE_SIMULATION,8.185053380782907,1,1
d4f27239e30ac6922af1,PH52-007,BUY_PUT,development,84c7352397ed038c3ea2,2023-12-28,1000,EXCLUDED_OHLC_RANGE_PROXY,True,ELIGIBLE_FOR_OHLC_PRICE_REFERENCE_SIMULATION,4.437869822485207,1,1
d4f27239e30ac6922af1,PH52-007,BUY_PUT,validation,f104c6f1662847c5bbcc,2024-01-04,1000,EXCLUDED_OHLC_RANGE_PROXY,True,ELIGIBLE_FOR_OHLC_PRICE_REFERENCE_SIMULATION,10.970464135021087,1,1
d4f27239e30ac6922af1,PH52-007,BUY_PUT,validation,0cd34c6b63a9f995c503,2024-05-30,1000,EXCLUDED_OHLC_RANGE_PROXY,True,ELIGIBLE_FOR_OHLC_PRICE_REFERENCE_SIMULATION,10.26677445432497,1,1
d4f27239e30ac6922af1,PH52-007,BUY_PUT,validation,75007ced19cb5e12e01f,2024-10-17,1000,EXCLUDED_OHLC_RANGE_PROXY,True,ELIGIBLE_FOR_OHLC_PRICE_REFERENCE_SIMULATION,34.10326086956523,1,1
d4f27239e30ac6922af1,PH52-007,BUY_PUT,validation,8eb8f1add17ecb221cbd,2025-03-13,1000,BLOCKED_LEG_ELIGIBILITY,False,REQUIRED_LEG_PRIOR_OI_BELOW_100,13.874345549738212,1,1
d4f27239e30ac6922af1,PH52-007,BUY_PUT,validation,14d9997729e438213524,2025-07-31,1000,BLOCKED_LEG_ELIGIBILITY,False,REQUIRED_LEG_PRIOR_OI_BELOW_100,8.320726172465951,1,1
d4f27239e30ac6922af1,PH52-007,BUY_PUT,validation,4a919e0bde313b9b9ee1,2025-12-30,1000,BLOCKED_LEG_ELIGIBILITY,False,REQUIRED_LEG_PRIOR_OI_BELOW_100,11.554621848739496,1,1
c039247dcd6929eb8c8b,PH52-007,BUY_PUT,development,01f752daf3bb0e90d7b1,2021-05-27,1000,EXCLUDED_OHLC_RANGE_PROXY,True,ELIGIBLE_FOR_OHLC_PRICE_REFERENCE_SIMULATION,6.329113924050633,1,1
c039247dcd6929eb8c8b,PH52-007,BUY_PUT,development,0ddaab2f8946678d3082,2021-12-09,1000,EXCLUDED_OHLC_RANGE_PROXY,True,ELIGIBLE_FOR_OHLC_PRICE_REFERENCE_SIMULATION,20.888888888888886,1,1
c039247dcd6929eb8c8b,PH52-007,BUY_PUT,development,044eef05c3277601504c,2022-06-16,1000,EXCLUDED_OHLC_RANGE_PROXY,True,ELIGIBLE_FOR_OHLC_PRICE_REFERENCE_SIMULATION,13.705583756345176,1,1
c039247dcd6929eb8c8b,PH52-007,BUY_PUT,development,307dafef42b72c870148,2022-12-15,1000,EXCLUDED_OHLC_RANGE_PROXY,True,ELIGIBLE_FOR_OHLC_PRICE_REFERENCE_SIMULATION,8.771929824561402,1,1
c039247dcd6929eb8c8b,PH52-007,BUY_PUT,development,c8a686f986a21faa7ed5,2023-06-22,1000,EXCLUDED_OHLC_RANGE_PROXY,True,ELIGIBLE_FOR_OHLC_PRICE_REFERENCE_SIMULATION,4.477611940298504,1,1
c039247dcd6929eb8c8b,PH52-007,BUY_PUT,development,84c7352397ed038c3ea2,2023-12-28,1000,EXCLUDED_OHLC_RANGE_PROXY,True,ELIGIBLE_FOR_OHLC_PRICE_REFERENCE_SIMULATION,5.2044609665427455,1,1
c039247dcd6929eb8c8b,PH52-007,BUY_PUT,validation,f104c6f1662847c5bbcc,2024-01-04,1000,EXCLUDED_OHLC_RANGE_PROXY,True,ELIGIBLE_FOR_OHLC_PRICE_REFERENCE_SIMULATION,12.90322580645161,1,1
c039247dcd6929eb8c8b,PH52-007,BUY_PUT,validation,0cd34c6b63a9f995c503,2024-05-30,1000,EXCLUDED_OHLC_RANGE_PROXY,True,ELIGIBLE_FOR_OHLC_PRICE_REFERENCE_SIMULATION,12.335526315789474,1,1
c039247dcd6929eb8c8b,PH52-007,BUY_PUT,validation,75007ced19cb5e12e01f,2024-10-17,1000,EXCLUDED_OHLC_RANGE_PROXY,True,ELIGIBLE_FOR_OHLC_PRICE_REFERENCE_SIMULATION,44.444444444444436,1,1
c039247dcd6929eb8c8b,PH52-007,BUY_PUT,validation,8eb8f1add17ecb221cbd,2025-03-13,1000,BLOCKED_LEG_ELIGIBILITY,False,REQUIRED_LEG_PRIOR_OI_BELOW_100,12.318840579710141,1,1
c039247dcd6929eb8c8b,PH52-007,BUY_PUT,validation,14d9997729e438213524,2025-07-31,1000,BLOCKED_LEG_ELIGIBILITY,False,REQUIRED_LEG_PRIOR_OI_BELOW_100,8.812260536398469,1,1
c039247dcd6929eb8c8b,PH52-007,BUY_PUT,validation,4a919e0bde313b9b9ee1,2025-12-30,1000,BLOCKED_LEG_ELIGIBILITY,False,REQUIRED_LEG_PRIOR_OI_BELOW_100,10.909090909090903,1,1
c31e45a39d28e22b70b2,PH52-007,BUY_PUT,development,ce8e12389ff297becff9,2021-05-27,1000,EXCLUDED_OHLC_RANGE_PROXY,True,ELIGIBLE_FOR_OHLC_PRICE_REFERENCE_SIMULATION,6.333333333333329,1,1
c31e45a39d28e22b70b2,PH52-007,BUY_PUT,development,061c004245393c77b5c7,2021-12-09,1000,EXCLUDED_OHLC_RANGE_PROXY,True,ELIGIBLE_FOR_OHLC_PRICE_REFERENCE_SIMULATION,10.270270270270263,1,1
c31e45a39d28e22b70b2,PH52-007,BUY_PUT,development,b58d771555d73891d2fd,2022-06-16,1000,EXCLUDED_OHLC_RANGE_PROXY,True,ELIGIBLE_FOR_OHLC_PRICE_REFERENCE_SIMULATION,25.89118198874296,1,1
c31e45a39d28e22b70b2,PH52-007,BUY_PUT,development,8c9b97c314b368f7a743,2022-12-15,1000,EXCLUDED_OHLC_RANGE_PROXY,True,ELIGIBLE_FOR_OHLC_PRICE_REFERENCE_SIMULATION,16.250000000000007,1,1
c31e45a39d28e22b70b2,PH52-007,BUY_PUT,development,b2b9482e70f4a2ace098,2023-06-22,1000,EXCLUDED_OHLC_RANGE_PROXY,True,ELIGIBLE_FOR_OHLC_PRICE_REFERENCE_SIMULATION,9.230769230769225,1,1
c31e45a39d28e22b70b2,PH52-007,BUY_PUT,development,804301753400916af24f,2023-12-28,1000,EXCLUDED_OHLC_RANGE_PROXY,True,ELIGIBLE_FOR_OHLC_PRICE_REFERENCE_SIMULATION,13.793103448275865,1,1
c31e45a39d28e22b70b2,PH52-007,BUY_PUT,validation,c1472f0b801661762bc6,2024-01-04,1000,EXCLUDED_OHLC_RANGE_PROXY,True,ELIGIBLE_FOR_OHLC_PRICE_REFERENCE_SIMULATION,16.091954022988492,1,1
c31e45a39d28e22b70b2,PH52-007,BUY_PUT,validation,1d33307443bd39106f13,2024-05-30,1000,EXCLUDED_OHLC_RANGE_PROXY,True,ELIGIBLE_FOR_OHLC_PRICE_REFERENCE_SIMULATION,11.267605633802809,1,1
c31e45a39d28e22b70b2,PH52-007,BUY_PUT,validation,50696f11ab0417607875,2024-10-17,1000,EXCLUDED_OHLC_RANGE_PROXY,True,ELIGIBLE_FOR_OHLC_PRICE_REFERENCE_SIMULATION,11.585365853658528,1,1
c31e45a39d28e22b70b2,PH52-007,BUY_PUT,validation,58a4c4843286bd3943a2,2025-03-13,1000,BLOCKED_LEG_ELIGIBILITY,False,REQUIRED_LEG_PRIOR_OI_BELOW_100,14.736842105263161,1,1
c31e45a39d28e22b70b2,PH52-007,BUY_PUT,validation,e5919e2053dc59805884,2025-07-31,1000,BLOCKED_LEG_ELIGIBILITY,False,REQUIRED_LEG_PRIOR_OI_BELOW_100,8.666666666666679,1,1
c31e45a39d28e22b70b2,PH52-007,BUY_PUT,validation,2744fff722d389044d25,2025-12-30,1000,EXCLUDED_OHLC_RANGE_PROXY,True,ELIGIBLE_FOR_OHLC_PRICE_REFERENCE_SIMULATION,13.46153846153846,1,1
5819a5202b9b3b1cdd0b,PH52-007,BUY_PUT,development,ce8e12389ff297becff9,2021-05-27,1000,EXCLUDED_OHLC_RANGE_PROXY,True,ELIGIBLE_FOR_OHLC_PRICE_REFERENCE_SIMULATION,6.493506493506482,1,1
5819a5202b9b3b1cdd0b,PH52-007,BUY_PUT,development,061c004245393c77b5c7,2021-12-09,1000,EXCLUDED_OHLC_RANGE_PROXY,True,ELIGIBLE_FOR_OHLC_PRICE_REFERENCE_SIMULATION,4.255319148936174,1,1
5819a5202b9b3b1cdd0b,PH52-007,BUY_PUT,development,b58d771555d73891d2fd,2022-06-16,1000,EXCLUDED_OHLC_RANGE_PROXY,True,ELIGIBLE_FOR_OHLC_PRICE_REFERENCE_SIMULATION,32.28346456692912,1,1
5819a5202b9b3b1cdd0b,PH52-007,BUY_PUT,development,8c9b97c314b368f7a743,2022-12-15,1000,EXCLUDED_OHLC_RANGE_PROXY,True,ELIGIBLE_FOR_OHLC_PRICE_REFERENCE_SIMULATION,10.526315789473683,1,1
5819a5202b9b3b1cdd0b,PH52-007,BUY_PUT,development,b2b9482e70f4a2ace098,2023-06-22,1000,EXCLUDED_OHLC_RANGE_PROXY,True,ELIGIBLE_FOR_OHLC_PRICE_REFERENCE_SIMULATION,11.111111111111104,1,1
5819a5202b9b3b1cdd0b,PH52-007,BUY_PUT,development,804301753400916af24f,2023-12-28,1000,EXCLUDED_OHLC_RANGE_PROXY,True,ELIGIBLE_FOR_OHLC_PRICE_REFERENCE_SIMULATION,11.49425287356322,1,1
5819a5202b9b3b1cdd0b,PH52-007,BUY_PUT,validation,c1472f0b801661762bc6,2024-01-04,1000,EXCLUDED_OHLC_RANGE_PROXY,True,ELIGIBLE_FOR_OHLC_PRICE_REFERENCE_SIMULATION,8.695652173913052,1,1
5819a5202b9b3b1cdd0b,PH52-007,BUY_PUT,validation,1d33307443bd39106f13,2024-05-30,1000,EXCLUDED_OHLC_RANGE_PROXY,True,ELIGIBLE_FOR_OHLC_PRICE_REFERENCE_SIMULATION,9.022556390977451,1,1
5819a5202b9b3b1cdd0b,PH52-007,BUY_PUT,validation,50696f11ab0417607875,2024-10-17,1000,EXCLUDED_OHLC_RANGE_PROXY,True,ELIGIBLE_FOR_OHLC_PRICE_REFERENCE_SIMULATION,11.111111111111109,1,1
5819a5202b9b3b1cdd0b,PH52-007,BUY_PUT,validation,58a4c4843286bd3943a2,2025-03-13,1000,BLOCKED_LEG_ELIGIBILITY,False,REQUIRED_LEG_PRIOR_OI_BELOW_100,8.000000000000007,1,1
5819a5202b9b3b1cdd0b,PH52-007,BUY_PUT,validation,e5919e2053dc59805884,2025-07-31,1000,BLOCKED_LEG_ELIGIBILITY,False,REQUIRED_LEG_PRIOR_OI_BELOW_100,7.042253521126761,1,1
5819a5202b9b3b1cdd0b,PH52-007,BUY_PUT,validation,2744fff722d389044d25,2025-12-30,1000,EXCLUDED_OHLC_RANGE_PROXY,True,ELIGIBLE_FOR_OHLC_PRICE_REFERENCE_SIMULATION,10.526315789473683,1,1
98dbdd88c3b8df3d0d98,PH52-049,LONG_STRADDLE,development,01f752daf3bb0e90d7b1,2021-05-27,1000,EXCLUDED_OHLC_RANGE_PROXY,True,ELIGIBLE_FOR_OHLC_PRICE_REFERENCE_SIMULATION,5.246913580246912,2,2
98dbdd88c3b8df3d0d98,PH52-049,LONG_STRADDLE,development,0ddaab2f8946678d3082,2021-12-09,1000,EXCLUDED_OHLC_RANGE_PROXY,True,ELIGIBLE_FOR_OHLC_PRICE_REFERENCE_SIMULATION,13.059427732942025,2,2
98dbdd88c3b8df3d0d98,PH52-049,LONG_STRADDLE,development,044eef05c3277601504c,2022-06-16,1000,EXCLUDED_OHLC_RANGE_PROXY,True,ELIGIBLE_FOR_OHLC_PRICE_REFERENCE_SIMULATION,10.736196319018415,2,2
98dbdd88c3b8df3d0d98,PH52-049,LONG_STRADDLE,development,307dafef42b72c870148,2022-12-15,1000,EXCLUDED_OHLC_RANGE_PROXY,True,ELIGIBLE_FOR_OHLC_PRICE_REFERENCE_SIMULATION,5.957446808510648,2,2
98dbdd88c3b8df3d0d98,PH52-049,LONG_STRADDLE,development,c8a686f986a21faa7ed5,2023-06-22,1000,EXCLUDED_OHLC_RANGE_PROXY,True,ELIGIBLE_FOR_OHLC_PRICE_REFERENCE_SIMULATION,11.021505376344088,2,2
98dbdd88c3b8df3d0d98,PH52-049,LONG_STRADDLE,development,84c7352397ed038c3ea2,2023-12-28,1000,EXCLUDED_OHLC_RANGE_PROXY,True,ELIGIBLE_FOR_OHLC_PRICE_REFERENCE_SIMULATION,4.341736694677863,2,2
98dbdd88c3b8df3d0d98,PH52-049,LONG_STRADDLE,validation,f104c6f1662847c5bbcc,2024-01-04,1000,EXCLUDED_OHLC_RANGE_PROXY,True,ELIGIBLE_FOR_OHLC_PRICE_REFERENCE_SIMULATION,6.666666666666658,2,2
98dbdd88c3b8df3d0d98,PH52-049,LONG_STRADDLE,validation,0cd34c6b63a9f995c503,2024-05-30,1000,EXCLUDED_OHLC_RANGE_PROXY,True,ELIGIBLE_FOR_OHLC_PRICE_REFERENCE_SIMULATION,8.21529745042493,2,2
98dbdd88c3b8df3d0d98,PH52-049,LONG_STRADDLE,validation,75007ced19cb5e12e01f,2024-10-17,1000,EXCLUDED_OHLC_RANGE_PROXY,True,ELIGIBLE_FOR_OHLC_PRICE_REFERENCE_SIMULATION,20.713899405083833,2,2
98dbdd88c3b8df3d0d98,PH52-049,LONG_STRADDLE,validation,8eb8f1add17ecb221cbd,2025-03-13,1000,BLOCKED_LEG_ELIGIBILITY,False,REQUIRED_LEG_PRIOR_OI_BELOW_100,14.285714285714286,2,2
98dbdd88c3b8df3d0d98,PH52-049,LONG_STRADDLE,validation,14d9997729e438213524,2025-07-31,1000,BLOCKED_LEG_ELIGIBILITY,False,REQUIRED_LEG_PRIOR_OI_BELOW_100,12.089810017271157,2,2
98dbdd88c3b8df3d0d98,PH52-049,LONG_STRADDLE,validation,4a919e0bde313b9b9ee1,2025-12-30,1000,BLOCKED_LEG_ELIGIBILITY,False,REQUIRED_LEG_PRIOR_OI_BELOW_100,17.257683215130037,2,2
c4749ba6933734c7ed45,PH52-049,LONG_STRADDLE,development,01f752daf3bb0e90d7b1,2021-05-27,1000,EXCLUDED_OHLC_RANGE_PROXY,True,ELIGIBLE_FOR_OHLC_PRICE_REFERENCE_SIMULATION,5.9999999999999964,2,2
c4749ba6933734c7ed45,PH52-049,LONG_STRADDLE,development,0ddaab2f8946678d3082,2021-12-09,1000,EXCLUDED_OHLC_RANGE_PROXY,True,ELIGIBLE_FOR_OHLC_PRICE_REFERENCE_SIMULATION,10.596026490066224,2,2
c4749ba6933734c7ed45,PH52-049,LONG_STRADDLE,development,044eef05c3277601504c,2022-06-16,1000,EXCLUDED_OHLC_RANGE_PROXY,True,ELIGIBLE_FOR_OHLC_PRICE_REFERENCE_SIMULATION,9.78260869565216,2,2
c4749ba6933734c7ed45,PH52-049,LONG_STRADDLE,development,307dafef42b72c870148,2022-12-15,1000,EXCLUDED_OHLC_RANGE_PROXY,True,ELIGIBLE_FOR_OHLC_PRICE_REFERENCE_SIMULATION,3.63636363636364,2,2
c4749ba6933734c7ed45,PH52-049,LONG_STRADDLE,development,c8a686f986a21faa7ed5,2023-06-22,1000,EXCLUDED_OHLC_RANGE_PROXY,True,ELIGIBLE_FOR_OHLC_PRICE_REFERENCE_SIMULATION,7.547169811320744,2,2
c4749ba6933734c7ed45,PH52-049,LONG_STRADDLE,development,84c7352397ed038c3ea2,2023-12-28,1000,EXCLUDED_OHLC_RANGE_PROXY,True,ELIGIBLE_FOR_OHLC_PRICE_REFERENCE_SIMULATION,4.784688995215311,2,2
c4749ba6933734c7ed45,PH52-049,LONG_STRADDLE,validation,f104c6f1662847c5bbcc,2024-01-04,1000,EXCLUDED_OHLC_RANGE_PROXY,True,ELIGIBLE_FOR_OHLC_PRICE_REFERENCE_SIMULATION,5.882352941176485,2,2
c4749ba6933734c7ed45,PH52-049,LONG_STRADDLE,validation,0cd34c6b63a9f995c503,2024-05-30,1000,EXCLUDED_OHLC_RANGE_PROXY,True,ELIGIBLE_FOR_OHLC_PRICE_REFERENCE_SIMULATION,8.739837398373977,2,2
c4749ba6933734c7ed45,PH52-049,LONG_STRADDLE,validation,75007ced19cb5e12e01f,2024-10-17,1000,EXCLUDED_OHLC_RANGE_PROXY,True,ELIGIBLE_FOR_OHLC_PRICE_REFERENCE_SIMULATION,15.302491103202849,2,2
c4749ba6933734c7ed45,PH52-049,LONG_STRADDLE,validation,8eb8f1add17ecb221cbd,2025-03-13,1000,BLOCKED_LEG_ELIGIBILITY,False,REQUIRED_LEG_PRIOR_OI_BELOW_100,12.37113402061857,2,2
c4749ba6933734c7ed45,PH52-049,LONG_STRADDLE,validation,14d9997729e438213524,2025-07-31,1000,BLOCKED_LEG_ELIGIBILITY,False,REQUIRED_LEG_PRIOR_OI_BELOW_100,12.385321100917428,2,2
c4749ba6933734c7ed45,PH52-049,LONG_STRADDLE,validation,4a919e0bde313b9b9ee1,2025-12-30,1000,BLOCKED_LEG_ELIGIBILITY,False,REQUIRED_LEG_PRIOR_OI_BELOW_100,15.51724137931035,2,2
0a2c71c6e12e773afc2d,PH52-049,LONG_STRADDLE,development,ce8e12389ff297becff9,2021-05-27,1000,EXCLUDED_OHLC_RANGE_PROXY,True,ELIGIBLE_FOR_OHLC_PRICE_REFERENCE_SIMULATION,10.322580645161288,2,2
0a2c71c6e12e773afc2d,PH52-049,LONG_STRADDLE,development,061c004245393c77b5c7,2021-12-09,1000,EXCLUDED_OHLC_RANGE_PROXY,True,ELIGIBLE_FOR_OHLC_PRICE_REFERENCE_SIMULATION,9.48509485094851,2,2
0a2c71c6e12e773afc2d,PH52-049,LONG_STRADDLE,development,b58d771555d73891d2fd,2022-06-16,1000,EXCLUDED_OHLC_RANGE_PROXY,True,ELIGIBLE_FOR_OHLC_PRICE_REFERENCE_SIMULATION,21.229050279329606,2,2
0a2c71c6e12e773afc2d,PH52-049,LONG_STRADDLE,development,8c9b97c314b368f7a743,2022-12-15,1000,EXCLUDED_OHLC_RANGE_PROXY,True,ELIGIBLE_FOR_OHLC_PRICE_REFERENCE_SIMULATION,8.940852819807427,2,2
0a2c71c6e12e773afc2d,PH52-049,LONG_STRADDLE,development,b2b9482e70f4a2ace098,2023-06-22,1000,EXCLUDED_OHLC_RANGE_PROXY,True,ELIGIBLE_FOR_OHLC_PRICE_REFERENCE_SIMULATION,11.874999999999991,2,2
0a2c71c6e12e773afc2d,PH52-049,LONG_STRADDLE,development,804301753400916af24f,2023-12-28,1000,EXCLUDED_OHLC_RANGE_PROXY,True,ELIGIBLE_FOR_OHLC_PRICE_REFERENCE_SIMULATION,12.962962962962964,2,2
0a2c71c6e12e773afc2d,PH52-049,LONG_STRADDLE,validation,c1472f0b801661762bc6,2024-01-04,1000,EXCLUDED_OHLC_RANGE_PROXY,True,ELIGIBLE_FOR_OHLC_PRICE_REFERENCE_SIMULATION,17.58241758241759,2,2
0a2c71c6e12e773afc2d,PH52-049,LONG_STRADDLE,validation,1d33307443bd39106f13,2024-05-30,1000,EXCLUDED_OHLC_RANGE_PROXY,True,ELIGIBLE_FOR_OHLC_PRICE_REFERENCE_SIMULATION,12.436548223350252,2,2
0a2c71c6e12e773afc2d,PH52-049,LONG_STRADDLE,validation,50696f11ab0417607875,2024-10-17,1000,EXCLUDED_OHLC_RANGE_PROXY,True,ELIGIBLE_FOR_OHLC_PRICE_REFERENCE_SIMULATION,17.857142857142858,2,2
0a2c71c6e12e773afc2d,PH52-049,LONG_STRADDLE,validation,58a4c4843286bd3943a2,2025-03-13,1000,BLOCKED_LEG_ELIGIBILITY,False,REQUIRED_LEG_PRIOR_OI_BELOW_100,10.0,2,2
0a2c71c6e12e773afc2d,PH52-049,LONG_STRADDLE,validation,e5919e2053dc59805884,2025-07-31,1000,BLOCKED_LEG_ELIGIBILITY,False,REQUIRED_LEG_PRIOR_OI_BELOW_100,27.142857142857146,2,2
0a2c71c6e12e773afc2d,PH52-049,LONG_STRADDLE,validation,2744fff722d389044d25,2025-12-30,1000,EXCLUDED_OHLC_RANGE_PROXY,True,ELIGIBLE_FOR_OHLC_PRICE_REFERENCE_SIMULATION,11.363636363636365,2,2
2432b3ba491006a1f15a,PH52-049,LONG_STRADDLE,development,ce8e12389ff297becff9,2021-05-27,1000,EXCLUDED_OHLC_RANGE_PROXY,True,ELIGIBLE_FOR_OHLC_PRICE_REFERENCE_SIMULATION,10.000000000000009,2,2
2432b3ba491006a1f15a,PH52-049,LONG_STRADDLE,development,061c004245393c77b5c7,2021-12-09,1000,EXCLUDED_OHLC_RANGE_PROXY,True,ELIGIBLE_FOR_OHLC_PRICE_REFERENCE_SIMULATION,7.499999999999996,2,2
2432b3ba491006a1f15a,PH52-049,LONG_STRADDLE,development,b58d771555d73891d2fd,2022-06-16,1000,EXCLUDED_OHLC_RANGE_PROXY,True,ELIGIBLE_FOR_OHLC_PRICE_REFERENCE_SIMULATION,21.73913043478261,2,2
2432b3ba491006a1f15a,PH52-049,LONG_STRADDLE,development,8c9b97c314b368f7a743,2022-12-15,1000,EXCLUDED_OHLC_RANGE_PROXY,True,ELIGIBLE_FOR_OHLC_PRICE_REFERENCE_SIMULATION,3.741358275721845,2,2
2432b3ba491006a1f15a,PH52-049,LONG_STRADDLE,development,b2b9482e70f4a2ace098,2023-06-22,1000,EXCLUDED_OHLC_RANGE_PROXY,True,ELIGIBLE_FOR_OHLC_PRICE_REFERENCE_SIMULATION,6.250000000000005,2,2
2432b3ba491006a1f15a,PH52-049,LONG_STRADDLE,development,804301753400916af24f,2023-12-28,1000,EXCLUDED_OHLC_RANGE_PROXY,True,ELIGIBLE_FOR_OHLC_PRICE_REFERENCE_SIMULATION,9.803921568627452,2,2
2432b3ba491006a1f15a,PH52-049,LONG_STRADDLE,validation,c1472f0b801661762bc6,2024-01-04,1000,EXCLUDED_OHLC_RANGE_PROXY,True,ELIGIBLE_FOR_OHLC_PRICE_REFERENCE_SIMULATION,15.384615384615381,2,2
2432b3ba491006a1f15a,PH52-049,LONG_STRADDLE,validation,1d33307443bd39106f13,2024-05-30,1000,EXCLUDED_OHLC_RANGE_PROXY,True,ELIGIBLE_FOR_OHLC_PRICE_REFERENCE_SIMULATION,12.056737588652478,2,2
2432b3ba491006a1f15a,PH52-049,LONG_STRADDLE,validation,50696f11ab0417607875,2024-10-17,1000,EXCLUDED_OHLC_RANGE_PROXY,True,ELIGIBLE_FOR_OHLC_PRICE_REFERENCE_SIMULATION,14.285714285714288,2,2
2432b3ba491006a1f15a,PH52-049,LONG_STRADDLE,validation,58a4c4843286bd3943a2,2025-03-13,1000,BLOCKED_LEG_ELIGIBILITY,False,REQUIRED_LEG_PRIOR_OI_BELOW_100,8.510638297872347,2,2
2432b3ba491006a1f15a,PH52-049,LONG_STRADDLE,validation,e5919e2053dc59805884,2025-07-31,1000,BLOCKED_LEG_ELIGIBILITY,False,REQUIRED_LEG_PRIOR_OI_BELOW_100,34.78260869565216,2,2
2432b3ba491006a1f15a,PH52-049,LONG_STRADDLE,validation,2744fff722d389044d25,2025-12-30,1000,EXCLUDED_OHLC_RANGE_PROXY,True,ELIGIBLE_FOR_OHLC_PRICE_REFERENCE_SIMULATION,7.1428571428571495,2,2
722daeb1f1c06b54a1ee,PH52-061,LONG_STRANGLE,development,01f752daf3bb0e90d7b1,2021-05-27,1000,EXCLUDED_OHLC_RANGE_PROXY,True,ELIGIBLE_FOR_OHLC_PRICE_REFERENCE_SIMULATION,5.2631578947368425,2,2
722daeb1f1c06b54a1ee,PH52-061,LONG_STRANGLE,development,0ddaab2f8946678d3082,2021-12-09,1000,EXCLUDED_OHLC_RANGE_PROXY,True,ELIGIBLE_FOR_OHLC_PRICE_REFERENCE_SIMULATION,17.18213058419244,2,2
722daeb1f1c06b54a1ee,PH52-061,LONG_STRANGLE,development,044eef05c3277601504c,2022-06-16,1000,EXCLUDED_OHLC_RANGE_PROXY,True,ELIGIBLE_FOR_OHLC_PRICE_REFERENCE_SIMULATION,13.354037267080747,2,2
722daeb1f1c06b54a1ee,PH52-061,LONG_STRANGLE,development,307dafef42b72c870148,2022-12-15,1000,EXCLUDED_OHLC_RANGE_PROXY,True,ELIGIBLE_FOR_OHLC_PRICE_REFERENCE_SIMULATION,9.302325581395358,2,2
722daeb1f1c06b54a1ee,PH52-061,LONG_STRANGLE,development,c8a686f986a21faa7ed5,2023-06-22,1000,EXCLUDED_OHLC_RANGE_PROXY,True,ELIGIBLE_FOR_OHLC_PRICE_REFERENCE_SIMULATION,11.021505376344088,2,2
722daeb1f1c06b54a1ee,PH52-061,LONG_STRANGLE,development,84c7352397ed038c3ea2,2023-12-28,1000,EXCLUDED_OHLC_RANGE_PROXY,True,ELIGIBLE_FOR_OHLC_PRICE_REFERENCE_SIMULATION,4.437869822485207,2,2
722daeb1f1c06b54a1ee,PH52-061,LONG_STRANGLE,validation,f104c6f1662847c5bbcc,2024-01-04,1000,EXCLUDED_OHLC_RANGE_PROXY,True,ELIGIBLE_FOR_OHLC_PRICE_REFERENCE_SIMULATION,10.970464135021087,2,2
722daeb1f1c06b54a1ee,PH52-061,LONG_STRANGLE,validation,0cd34c6b63a9f995c503,2024-05-30,1000,EXCLUDED_OHLC_RANGE_PROXY,True,ELIGIBLE_FOR_OHLC_PRICE_REFERENCE_SIMULATION,10.26677445432497,2,2
722daeb1f1c06b54a1ee,PH52-061,LONG_STRANGLE,validation,75007ced19cb5e12e01f,2024-10-17,1000,EXCLUDED_OHLC_RANGE_PROXY,True,ELIGIBLE_FOR_OHLC_PRICE_REFERENCE_SIMULATION,34.10326086956523,2,2
722daeb1f1c06b54a1ee,PH52-061,LONG_STRANGLE,validation,8eb8f1add17ecb221cbd,2025-03-13,1000,BLOCKED_LEG_ELIGIBILITY,False,REQUIRED_LEG_PRIOR_OI_BELOW_100,14.285714285714286,2,2
722daeb1f1c06b54a1ee,PH52-061,LONG_STRANGLE,validation,14d9997729e438213524,2025-07-31,1000,BLOCKED_LEG_ELIGIBILITY,False,REQUIRED_LEG_PRIOR_OI_BELOW_100,12.089810017271157,2,2
722daeb1f1c06b54a1ee,PH52-061,LONG_STRANGLE,validation,4a919e0bde313b9b9ee1,2025-12-30,1000,BLOCKED_LEG_ELIGIBILITY,False,REQUIRED_LEG_PRIOR_OI_BELOW_100,17.257683215130037,2,2
2173cfebeda92408e9c0,PH52-061,LONG_STRANGLE,development,01f752daf3bb0e90d7b1,2021-05-27,1000,EXCLUDED_OHLC_RANGE_PROXY,True,ELIGIBLE_FOR_OHLC_PRICE_REFERENCE_SIMULATION,6.329113924050633,2,2
2173cfebeda92408e9c0,PH52-061,LONG_STRANGLE,development,0ddaab2f8946678d3082,2021-12-09,1000,EXCLUDED_OHLC_RANGE_PROXY,True,ELIGIBLE_FOR_OHLC_PRICE_REFERENCE_SIMULATION,20.888888888888886,2,2
2173cfebeda92408e9c0,PH52-061,LONG_STRANGLE,development,044eef05c3277601504c,2022-06-16,1000,EXCLUDED_OHLC_RANGE_PROXY,True,ELIGIBLE_FOR_OHLC_PRICE_REFERENCE_SIMULATION,13.705583756345176,2,2
2173cfebeda92408e9c0,PH52-061,LONG_STRANGLE,development,307dafef42b72c870148,2022-12-15,1000,EXCLUDED_OHLC_RANGE_PROXY,True,ELIGIBLE_FOR_OHLC_PRICE_REFERENCE_SIMULATION,8.771929824561402,2,2
2173cfebeda92408e9c0,PH52-061,LONG_STRANGLE,development,c8a686f986a21faa7ed5,2023-06-22,1000,EXCLUDED_OHLC_RANGE_PROXY,True,ELIGIBLE_FOR_OHLC_PRICE_REFERENCE_SIMULATION,7.547169811320744,2,2
2173cfebeda92408e9c0,PH52-061,LONG_STRANGLE,development,84c7352397ed038c3ea2,2023-12-28,1000,EXCLUDED_OHLC_RANGE_PROXY,True,ELIGIBLE_FOR_OHLC_PRICE_REFERENCE_SIMULATION,5.2044609665427455,2,2
2173cfebeda92408e9c0,PH52-061,LONG_STRANGLE,validation,f104c6f1662847c5bbcc,2024-01-04,1000,EXCLUDED_OHLC_RANGE_PROXY,True,ELIGIBLE_FOR_OHLC_PRICE_REFERENCE_SIMULATION,12.90322580645161,2,2
2173cfebeda92408e9c0,PH52-061,LONG_STRANGLE,validation,0cd34c6b63a9f995c503,2024-05-30,1000,EXCLUDED_OHLC_RANGE_PROXY,True,ELIGIBLE_FOR_OHLC_PRICE_REFERENCE_SIMULATION,12.335526315789474,2,2
2173cfebeda92408e9c0,PH52-061,LONG_STRANGLE,validation,75007ced19cb5e12e01f,2024-10-17,1000,EXCLUDED_OHLC_RANGE_PROXY,True,ELIGIBLE_FOR_OHLC_PRICE_REFERENCE_SIMULATION,44.444444444444436,2,2
2173cfebeda92408e9c0,PH52-061,LONG_STRANGLE,validation,8eb8f1add17ecb221cbd,2025-03-13,1000,BLOCKED_LEG_ELIGIBILITY,False,REQUIRED_LEG_PRIOR_OI_BELOW_100,12.37113402061857,2,2
2173cfebeda92408e9c0,PH52-061,LONG_STRANGLE,validation,14d9997729e438213524,2025-07-31,1000,BLOCKED_LEG_ELIGIBILITY,False,REQUIRED_LEG_PRIOR_OI_BELOW_100,12.385321100917428,2,2
2173cfebeda92408e9c0,PH52-061,LONG_STRANGLE,validation,4a919e0bde313b9b9ee1,2025-12-30,1000,BLOCKED_LEG_ELIGIBILITY,False,REQUIRED_LEG_PRIOR_OI_BELOW_100,15.51724137931035,2,2
2f22cd4cb483cbbd04af,PH52-061,LONG_STRANGLE,development,ce8e12389ff297becff9,2021-05-27,1000,EXCLUDED_OHLC_RANGE_PROXY,True,ELIGIBLE_FOR_OHLC_PRICE_REFERENCE_SIMULATION,10.322580645161288,2,2
2f22cd4cb483cbbd04af,PH52-061,LONG_STRANGLE,development,061c004245393c77b5c7,2021-12-09,1000,EXCLUDED_OHLC_RANGE_PROXY,True,ELIGIBLE_FOR_OHLC_PRICE_REFERENCE_SIMULATION,10.270270270270263,2,2
2f22cd4cb483cbbd04af,PH52-061,LONG_STRANGLE,development,b58d771555d73891d2fd,2022-06-16,1000,EXCLUDED_OHLC_RANGE_PROXY,True,ELIGIBLE_FOR_OHLC_PRICE_REFERENCE_SIMULATION,25.89118198874296,2,2
2f22cd4cb483cbbd04af,PH52-061,LONG_STRANGLE,development,8c9b97c314b368f7a743,2022-12-15,1000,EXCLUDED_OHLC_RANGE_PROXY,True,ELIGIBLE_FOR_OHLC_PRICE_REFERENCE_SIMULATION,16.250000000000007,2,2
2f22cd4cb483cbbd04af,PH52-061,LONG_STRANGLE,development,b2b9482e70f4a2ace098,2023-06-22,1000,EXCLUDED_OHLC_RANGE_PROXY,True,ELIGIBLE_FOR_OHLC_PRICE_REFERENCE_SIMULATION,11.874999999999991,2,2
2f22cd4cb483cbbd04af,PH52-061,LONG_STRANGLE,development,804301753400916af24f,2023-12-28,1000,EXCLUDED_OHLC_RANGE_PROXY,True,ELIGIBLE_FOR_OHLC_PRICE_REFERENCE_SIMULATION,13.793103448275865,2,2
2f22cd4cb483cbbd04af,PH52-061,LONG_STRANGLE,validation,c1472f0b801661762bc6,2024-01-04,1000,EXCLUDED_OHLC_RANGE_PROXY,True,ELIGIBLE_FOR_OHLC_PRICE_REFERENCE_SIMULATION,17.58241758241759,2,2
2f22cd4cb483cbbd04af,PH52-061,LONG_STRANGLE,validation,1d33307443bd39106f13,2024-05-30,1000,EXCLUDED_OHLC_RANGE_PROXY,True,ELIGIBLE_FOR_OHLC_PRICE_REFERENCE_SIMULATION,12.436548223350252,2,2
2f22cd4cb483cbbd04af,PH52-061,LONG_STRANGLE,validation,50696f11ab0417607875,2024-10-17,1000,EXCLUDED_OHLC_RANGE_PROXY,True,ELIGIBLE_FOR_OHLC_PRICE_REFERENCE_SIMULATION,17.857142857142858,2,2
2f22cd4cb483cbbd04af,PH52-061,LONG_STRANGLE,validation,58a4c4843286bd3943a2,2025-03-13,1000,BLOCKED_LEG_ELIGIBILITY,False,REQUIRED_LEG_PRIOR_OI_BELOW_100,14.736842105263161,2,2
2f22cd4cb483cbbd04af,PH52-061,LONG_STRANGLE,validation,e5919e2053dc59805884,2025-07-31,1000,BLOCKED_LEG_ELIGIBILITY,False,REQUIRED_LEG_PRIOR_OI_BELOW_100,27.142857142857146,2,2
2f22cd4cb483cbbd04af,PH52-061,LONG_STRANGLE,validation,2744fff722d389044d25,2025-12-30,1000,EXCLUDED_OHLC_RANGE_PROXY,True,ELIGIBLE_FOR_OHLC_PRICE_REFERENCE_SIMULATION,13.46153846153846,2,2
4bd35f1260b64365d38b,PH52-061,LONG_STRANGLE,development,ce8e12389ff297becff9,2021-05-27,1000,EXCLUDED_OHLC_RANGE_PROXY,True,ELIGIBLE_FOR_OHLC_PRICE_REFERENCE_SIMULATION,10.000000000000009,2,2
4bd35f1260b64365d38b,PH52-061,LONG_STRANGLE,development,061c004245393c77b5c7,2021-12-09,1000,EXCLUDED_OHLC_RANGE_PROXY,True,ELIGIBLE_FOR_OHLC_PRICE_REFERENCE_SIMULATION,7.499999999999996,2,2
4bd35f1260b64365d38b,PH52-061,LONG_STRANGLE,development,b58d771555d73891d2fd,2022-06-16,1000,EXCLUDED_OHLC_RANGE_PROXY,True,ELIGIBLE_FOR_OHLC_PRICE_REFERENCE_SIMULATION,32.28346456692912,2,2
4bd35f1260b64365d38b,PH52-061,LONG_STRANGLE,development,8c9b97c314b368f7a743,2022-12-15,1000,EXCLUDED_OHLC_RANGE_PROXY,True,ELIGIBLE_FOR_OHLC_PRICE_REFERENCE_SIMULATION,10.526315789473683,2,2
4bd35f1260b64365d38b,PH52-061,LONG_STRANGLE,development,b2b9482e70f4a2ace098,2023-06-22,1000,EXCLUDED_OHLC_RANGE_PROXY,True,ELIGIBLE_FOR_OHLC_PRICE_REFERENCE_SIMULATION,11.111111111111104,2,2
4bd35f1260b64365d38b,PH52-061,LONG_STRANGLE,development,804301753400916af24f,2023-12-28,1000,EXCLUDED_OHLC_RANGE_PROXY,True,ELIGIBLE_FOR_OHLC_PRICE_REFERENCE_SIMULATION,11.49425287356322,2,2
4bd35f1260b64365d38b,PH52-061,LONG_STRANGLE,validation,c1472f0b801661762bc6,2024-01-04,1000,EXCLUDED_OHLC_RANGE_PROXY,True,ELIGIBLE_FOR_OHLC_PRICE_REFERENCE_SIMULATION,15.384615384615381,2,2
4bd35f1260b64365d38b,PH52-061,LONG_STRANGLE,validation,1d33307443bd39106f13,2024-05-30,1000,EXCLUDED_OHLC_RANGE_PROXY,True,ELIGIBLE_FOR_OHLC_PRICE_REFERENCE_SIMULATION,12.056737588652478,2,2
4bd35f1260b64365d38b,PH52-061,LONG_STRANGLE,validation,50696f11ab0417607875,2024-10-17,1000,EXCLUDED_OHLC_RANGE_PROXY,True,ELIGIBLE_FOR_OHLC_PRICE_REFERENCE_SIMULATION,14.285714285714288,2,2
4bd35f1260b64365d38b,PH52-061,LONG_STRANGLE,validation,58a4c4843286bd3943a2,2025-03-13,1000,BLOCKED_LEG_ELIGIBILITY,False,REQUIRED_LEG_PRIOR_OI_BELOW_100,8.510638297872347,2,2
4bd35f1260b64365d38b,PH52-061,LONG_STRANGLE,validation,e5919e2053dc59805884,2025-07-31,1000,BLOCKED_LEG_ELIGIBILITY,False,REQUIRED_LEG_PRIOR_OI_BELOW_100,34.78260869565216,2,2
4bd35f1260b64365d38b,PH52-061,LONG_STRANGLE,validation,2744fff722d389044d25,2025-12-30,1000,EXCLUDED_OHLC_RANGE_PROXY,True,ELIGIBLE_FOR_OHLC_PRICE_REFERENCE_SIMULATION,10.526315789473683,2,2
89f52cd7e0b3bc8ec28c,PH52-073,SHORT_IRON_CONDOR,development,01f752daf3bb0e90d7b1,2021-05-27,1000,EXCLUDED_OHLC_RANGE_PROXY,True,ELIGIBLE_FOR_OHLC_PRICE_REFERENCE_SIMULATION,5.448717948717936,4,4
89f52cd7e0b3bc8ec28c,PH52-073,SHORT_IRON_CONDOR,development,0ddaab2f8946678d3082,2021-12-09,1000,EXCLUDED_OHLC_RANGE_PROXY,True,ELIGIBLE_FOR_OHLC_PRICE_REFERENCE_SIMULATION,19.444444444444443,4,4
89f52cd7e0b3bc8ec28c,PH52-073,SHORT_IRON_CONDOR,development,044eef05c3277601504c,2022-06-16,1000,EXCLUDED_OHLC_RANGE_PROXY,True,ELIGIBLE_FOR_OHLC_PRICE_REFERENCE_SIMULATION,14.363143631436328,4,4
89f52cd7e0b3bc8ec28c,PH52-073,SHORT_IRON_CONDOR,development,307dafef42b72c870148,2022-12-15,1000,EXCLUDED_OHLC_RANGE_PROXY,True,ELIGIBLE_FOR_OHLC_PRICE_REFERENCE_SIMULATION,10.144927536231886,4,4
89f52cd7e0b3bc8ec28c,PH52-073,SHORT_IRON_CONDOR,development,c8a686f986a21faa7ed5,2023-06-22,1000,EXCLUDED_OHLC_RANGE_PROXY,True,ELIGIBLE_FOR_OHLC_PRICE_REFERENCE_SIMULATION,12.765957446808503,4,4
89f52cd7e0b3bc8ec28c,PH52-073,SHORT_IRON_CONDOR,development,84c7352397ed038c3ea2,2023-12-28,1000,EXCLUDED_OHLC_RANGE_PROXY,True,ELIGIBLE_FOR_OHLC_PRICE_REFERENCE_SIMULATION,5.502392344497618,4,4
89f52cd7e0b3bc8ec28c,PH52-073,SHORT_IRON_CONDOR,validation,f104c6f1662847c5bbcc,2024-01-04,1000,EXCLUDED_OHLC_RANGE_PROXY,True,ELIGIBLE_FOR_OHLC_PRICE_REFERENCE_SIMULATION,10.970464135021087,4,4
89f52cd7e0b3bc8ec28c,PH52-073,SHORT_IRON_CONDOR,validation,0cd34c6b63a9f995c503,2024-05-30,1000,EXCLUDED_OHLC_RANGE_PROXY,True,ELIGIBLE_FOR_OHLC_PRICE_REFERENCE_SIMULATION,12.13151927437642,4,4
89f52cd7e0b3bc8ec28c,PH52-073,SHORT_IRON_CONDOR,validation,75007ced19cb5e12e01f,2024-10-17,1000,EXCLUDED_OHLC_RANGE_PROXY,True,ELIGIBLE_FOR_OHLC_PRICE_REFERENCE_SIMULATION,38.80952380952382,4,4
89f52cd7e0b3bc8ec28c,PH52-073,SHORT_IRON_CONDOR,validation,8eb8f1add17ecb221cbd,2025-03-13,1000,BLOCKED_LEG_ELIGIBILITY,False,REQUIRED_LEG_PRIOR_OI_BELOW_100,14.285714285714286,4,4
89f52cd7e0b3bc8ec28c,PH52-073,SHORT_IRON_CONDOR,validation,14d9997729e438213524,2025-07-31,1000,BLOCKED_LEG_ELIGIBILITY,False,REQUIRED_LEG_PRIOR_OI_BELOW_100,14.367816091954024,4,4
89f52cd7e0b3bc8ec28c,PH52-073,SHORT_IRON_CONDOR,validation,4a919e0bde313b9b9ee1,2025-12-30,1000,BLOCKED_LEG_ELIGIBILITY,False,REQUIRED_LEG_PRIOR_OI_BELOW_100,17.257683215130037,4,4
ed63864fa6c58959e82b,PH52-073,SHORT_IRON_CONDOR,development,01f752daf3bb0e90d7b1,2021-05-27,1000,EXCLUDED_OHLC_RANGE_PROXY,True,ELIGIBLE_FOR_OHLC_PRICE_REFERENCE_SIMULATION,6.25,4,4
ed63864fa6c58959e82b,PH52-073,SHORT_IRON_CONDOR,development,0ddaab2f8946678d3082,2021-12-09,1000,EXCLUDED_OHLC_RANGE_PROXY,True,ELIGIBLE_FOR_OHLC_PRICE_REFERENCE_SIMULATION,21.01449275362318,4,4
ed63864fa6c58959e82b,PH52-073,SHORT_IRON_CONDOR,development,044eef05c3277601504c,2022-06-16,1000,EXCLUDED_OHLC_RANGE_PROXY,True,ELIGIBLE_FOR_OHLC_PRICE_REFERENCE_SIMULATION,13.354037267080747,4,4
ed63864fa6c58959e82b,PH52-073,SHORT_IRON_CONDOR,development,307dafef42b72c870148,2022-12-15,1000,EXCLUDED_OHLC_RANGE_PROXY,True,ELIGIBLE_FOR_OHLC_PRICE_REFERENCE_SIMULATION,9.302325581395358,4,4
ed63864fa6c58959e82b,PH52-073,SHORT_IRON_CONDOR,development,c8a686f986a21faa7ed5,2023-06-22,1000,EXCLUDED_OHLC_RANGE_PROXY,True,ELIGIBLE_FOR_OHLC_PRICE_REFERENCE_SIMULATION,11.021505376344088,4,4
ed63864fa6c58959e82b,PH52-073,SHORT_IRON_CONDOR,development,84c7352397ed038c3ea2,2023-12-28,1000,EXCLUDED_OHLC_RANGE_PROXY,True,ELIGIBLE_FOR_OHLC_PRICE_REFERENCE_SIMULATION,5.681818181818182,4,4
ed63864fa6c58959e82b,PH52-073,SHORT_IRON_CONDOR,validation,f104c6f1662847c5bbcc,2024-01-04,1000,EXCLUDED_OHLC_RANGE_PROXY,True,ELIGIBLE_FOR_OHLC_PRICE_REFERENCE_SIMULATION,10.970464135021087,4,4
ed63864fa6c58959e82b,PH52-073,SHORT_IRON_CONDOR,validation,0cd34c6b63a9f995c503,2024-05-30,1000,EXCLUDED_OHLC_RANGE_PROXY,True,ELIGIBLE_FOR_OHLC_PRICE_REFERENCE_SIMULATION,14.496314496314492,4,4
ed63864fa6c58959e82b,PH52-073,SHORT_IRON_CONDOR,validation,75007ced19cb5e12e01f,2024-10-17,1000,EXCLUDED_OHLC_RANGE_PROXY,True,ELIGIBLE_FOR_OHLC_PRICE_REFERENCE_SIMULATION,44.02985074626865,4,4
ed63864fa6c58959e82b,PH52-073,SHORT_IRON_CONDOR,validation,8eb8f1add17ecb221cbd,2025-03-13,1000,BLOCKED_LEG_ELIGIBILITY,False,REQUIRED_LEG_PRIOR_OI_BELOW_100,14.285714285714286,4,4
ed63864fa6c58959e82b,PH52-073,SHORT_IRON_CONDOR,validation,14d9997729e438213524,2025-07-31,1000,BLOCKED_LEG_ELIGIBILITY,False,REQUIRED_LEG_PRIOR_OI_BELOW_100,12.925170068027214,4,4
ed63864fa6c58959e82b,PH52-073,SHORT_IRON_CONDOR,validation,4a919e0bde313b9b9ee1,2025-12-30,1000,BLOCKED_LEG_ELIGIBILITY,False,REQUIRED_LEG_PRIOR_OI_BELOW_100,17.257683215130037,4,4
d1522f8d7f12e8386fbd,PH52-073,SHORT_IRON_CONDOR,development,01f752daf3bb0e90d7b1,2021-05-27,1000,EXCLUDED_OHLC_RANGE_PROXY,True,ELIGIBLE_FOR_OHLC_PRICE_REFERENCE_SIMULATION,6.329113924050633,4,4
d1522f8d7f12e8386fbd,PH52-073,SHORT_IRON_CONDOR,development,0ddaab2f8946678d3082,2021-12-09,1000,EXCLUDED_OHLC_RANGE_PROXY,True,ELIGIBLE_FOR_OHLC_PRICE_REFERENCE_SIMULATION,21.01449275362318,4,4
d1522f8d7f12e8386fbd,PH52-073,SHORT_IRON_CONDOR,development,044eef05c3277601504c,2022-06-16,1000,EXCLUDED_OHLC_RANGE_PROXY,True,ELIGIBLE_FOR_OHLC_PRICE_REFERENCE_SIMULATION,13.705583756345176,4,4
d1522f8d7f12e8386fbd,PH52-073,SHORT_IRON_CONDOR,development,307dafef42b72c870148,2022-12-15,1000,EXCLUDED_OHLC_RANGE_PROXY,True,ELIGIBLE_FOR_OHLC_PRICE_REFERENCE_SIMULATION,8.771929824561402,4,4
d1522f8d7f12e8386fbd,PH52-073,SHORT_IRON_CONDOR,development,c8a686f986a21faa7ed5,2023-06-22,1000,EXCLUDED_OHLC_RANGE_PROXY,True,ELIGIBLE_FOR_OHLC_PRICE_REFERENCE_SIMULATION,7.547169811320744,4,4
d1522f8d7f12e8386fbd,PH52-073,SHORT_IRON_CONDOR,development,84c7352397ed038c3ea2,2023-12-28,1000,EXCLUDED_OHLC_RANGE_PROXY,True,ELIGIBLE_FOR_OHLC_PRICE_REFERENCE_SIMULATION,5.681818181818182,4,4
d1522f8d7f12e8386fbd,PH52-073,SHORT_IRON_CONDOR,validation,f104c6f1662847c5bbcc,2024-01-04,1000,EXCLUDED_OHLC_RANGE_PROXY,True,ELIGIBLE_FOR_OHLC_PRICE_REFERENCE_SIMULATION,12.90322580645161,4,4
d1522f8d7f12e8386fbd,PH52-073,SHORT_IRON_CONDOR,validation,0cd34c6b63a9f995c503,2024-05-30,1000,EXCLUDED_OHLC_RANGE_PROXY,True,ELIGIBLE_FOR_OHLC_PRICE_REFERENCE_SIMULATION,14.496314496314492,4,4
d1522f8d7f12e8386fbd,PH52-073,SHORT_IRON_CONDOR,validation,75007ced19cb5e12e01f,2024-10-17,1000,EXCLUDED_OHLC_RANGE_PROXY,True,ELIGIBLE_FOR_OHLC_PRICE_REFERENCE_SIMULATION,44.444444444444436,4,4
d1522f8d7f12e8386fbd,PH52-073,SHORT_IRON_CONDOR,validation,8eb8f1add17ecb221cbd,2025-03-13,1000,BLOCKED_LEG_ELIGIBILITY,False,REQUIRED_LEG_PRIOR_OI_BELOW_100,12.37113402061857,4,4
d1522f8d7f12e8386fbd,PH52-073,SHORT_IRON_CONDOR,validation,14d9997729e438213524,2025-07-31,1000,BLOCKED_LEG_ELIGIBILITY,False,REQUIRED_LEG_PRIOR_OI_BELOW_100,12.925170068027214,4,4
d1522f8d7f12e8386fbd,PH52-073,SHORT_IRON_CONDOR,validation,4a919e0bde313b9b9ee1,2025-12-30,1000,BLOCKED_LEG_ELIGIBILITY,False,REQUIRED_LEG_PRIOR_OI_BELOW_100,17.187500000000007,4,4
88f406f18831fffb35a5,PH52-073,SHORT_IRON_CONDOR,development,01f752daf3bb0e90d7b1,2021-05-27,1000,EXCLUDED_OHLC_RANGE_PROXY,True,ELIGIBLE_FOR_OHLC_PRICE_REFERENCE_SIMULATION,9.677419354838703,4,4
88f406f18831fffb35a5,PH52-073,SHORT_IRON_CONDOR,development,0ddaab2f8946678d3082,2021-12-09,1000,EXCLUDED_OHLC_RANGE_PROXY,True,ELIGIBLE_FOR_OHLC_PRICE_REFERENCE_SIMULATION,20.888888888888886,4,4
88f406f18831fffb35a5,PH52-073,SHORT_IRON_CONDOR,development,044eef05c3277601504c,2022-06-16,1000,EXCLUDED_OHLC_RANGE_PROXY,True,ELIGIBLE_FOR_OHLC_PRICE_REFERENCE_SIMULATION,13.705583756345176,4,4
88f406f18831fffb35a5,PH52-073,SHORT_IRON_CONDOR,development,307dafef42b72c870148,2022-12-15,1000,EXCLUDED_OHLC_RANGE_PROXY,True,ELIGIBLE_FOR_OHLC_PRICE_REFERENCE_SIMULATION,8.771929824561402,4,4
88f406f18831fffb35a5,PH52-073,SHORT_IRON_CONDOR,development,c8a686f986a21faa7ed5,2023-06-22,1000,EXCLUDED_OHLC_RANGE_PROXY,True,ELIGIBLE_FOR_OHLC_PRICE_REFERENCE_SIMULATION,7.547169811320744,4,4
88f406f18831fffb35a5,PH52-073,SHORT_IRON_CONDOR,development,84c7352397ed038c3ea2,2023-12-28,1000,EXCLUDED_OHLC_RANGE_PROXY,True,ELIGIBLE_FOR_OHLC_PRICE_REFERENCE_SIMULATION,5.2044609665427455,4,4
88f406f18831fffb35a5,PH52-073,SHORT_IRON_CONDOR,validation,f104c6f1662847c5bbcc,2024-01-04,1000,EXCLUDED_OHLC_RANGE_PROXY,True,ELIGIBLE_FOR_OHLC_PRICE_REFERENCE_SIMULATION,12.90322580645161,4,4
88f406f18831fffb35a5,PH52-073,SHORT_IRON_CONDOR,validation,0cd34c6b63a9f995c503,2024-05-30,1000,EXCLUDED_OHLC_RANGE_PROXY,True,ELIGIBLE_FOR_OHLC_PRICE_REFERENCE_SIMULATION,16.000000000000004,4,4
88f406f18831fffb35a5,PH52-073,SHORT_IRON_CONDOR,validation,75007ced19cb5e12e01f,2024-10-17,1000,EXCLUDED_OHLC_RANGE_PROXY,True,ELIGIBLE_FOR_OHLC_PRICE_REFERENCE_SIMULATION,44.444444444444436,4,4
88f406f18831fffb35a5,PH52-073,SHORT_IRON_CONDOR,validation,8eb8f1add17ecb221cbd,2025-03-13,1000,BLOCKED_LEG_ELIGIBILITY,False,REQUIRED_LEG_PRIOR_OI_BELOW_100,12.37113402061857,4,4
88f406f18831fffb35a5,PH52-073,SHORT_IRON_CONDOR,validation,14d9997729e438213524,2025-07-31,1000,BLOCKED_LEG_ELIGIBILITY,False,REQUIRED_LEG_PRIOR_OI_BELOW_100,12.385321100917428,4,4
88f406f18831fffb35a5,PH52-073,SHORT_IRON_CONDOR,validation,4a919e0bde313b9b9ee1,2025-12-30,1000,BLOCKED_LEG_ELIGIBILITY,False,REQUIRED_LEG_PRIOR_OI_BELOW_100,15.51724137931035,4,4
3bb7fb2966c25f63f7b8,PH52-073,SHORT_IRON_CONDOR,development,ce8e12389ff297becff9,2021-05-27,1000,EXCLUDED_OHLC_RANGE_PROXY,True,ELIGIBLE_FOR_OHLC_PRICE_REFERENCE_SIMULATION,10.322580645161288,4,4
3bb7fb2966c25f63f7b8,PH52-073,SHORT_IRON_CONDOR,development,061c004245393c77b5c7,2021-12-09,1000,EXCLUDED_OHLC_RANGE_PROXY,True,ELIGIBLE_FOR_OHLC_PRICE_REFERENCE_SIMULATION,10.270270270270263,4,4
3bb7fb2966c25f63f7b8,PH52-073,SHORT_IRON_CONDOR,development,b58d771555d73891d2fd,2022-06-16,1000,EXCLUDED_OHLC_RANGE_PROXY,True,ELIGIBLE_FOR_OHLC_PRICE_REFERENCE_SIMULATION,32.28346456692915,4,4
3bb7fb2966c25f63f7b8,PH52-073,SHORT_IRON_CONDOR,development,8c9b97c314b368f7a743,2022-12-15,1000,EXCLUDED_OHLC_RANGE_PROXY,True,ELIGIBLE_FOR_OHLC_PRICE_REFERENCE_SIMULATION,16.250000000000007,4,4
3bb7fb2966c25f63f7b8,PH52-073,SHORT_IRON_CONDOR,development,b2b9482e70f4a2ace098,2023-06-22,1000,EXCLUDED_OHLC_RANGE_PROXY,True,ELIGIBLE_FOR_OHLC_PRICE_REFERENCE_SIMULATION,11.874999999999991,4,4
3bb7fb2966c25f63f7b8,PH52-073,SHORT_IRON_CONDOR,development,804301753400916af24f,2023-12-28,1000,EXCLUDED_OHLC_RANGE_PROXY,True,ELIGIBLE_FOR_OHLC_PRICE_REFERENCE_SIMULATION,13.793103448275865,4,4
3bb7fb2966c25f63f7b8,PH52-073,SHORT_IRON_CONDOR,validation,c1472f0b801661762bc6,2024-01-04,1000,EXCLUDED_OHLC_RANGE_PROXY,True,ELIGIBLE_FOR_OHLC_PRICE_REFERENCE_SIMULATION,17.58241758241759,4,4
3bb7fb2966c25f63f7b8,PH52-073,SHORT_IRON_CONDOR,validation,1d33307443bd39106f13,2024-05-30,1000,EXCLUDED_OHLC_RANGE_PROXY,True,ELIGIBLE_FOR_OHLC_PRICE_REFERENCE_SIMULATION,12.436548223350252,4,4
3bb7fb2966c25f63f7b8,PH52-073,SHORT_IRON_CONDOR,validation,50696f11ab0417607875,2024-10-17,1000,EXCLUDED_OHLC_RANGE_PROXY,True,ELIGIBLE_FOR_OHLC_PRICE_REFERENCE_SIMULATION,17.857142857142858,4,4
3bb7fb2966c25f63f7b8,PH52-073,SHORT_IRON_CONDOR,validation,58a4c4843286bd3943a2,2025-03-13,1000,BLOCKED_LEG_ELIGIBILITY,False,REQUIRED_LEG_PRIOR_OI_BELOW_100,14.736842105263161,4,4
3bb7fb2966c25f63f7b8,PH52-073,SHORT_IRON_CONDOR,validation,e5919e2053dc59805884,2025-07-31,1000,BLOCKED_LEG_ELIGIBILITY,False,REQUIRED_LEG_PRIOR_OI_BELOW_100,31.39158576051781,4,4
3bb7fb2966c25f63f7b8,PH52-073,SHORT_IRON_CONDOR,validation,2744fff722d389044d25,2025-12-30,1000,EXCLUDED_OHLC_RANGE_PROXY,True,ELIGIBLE_FOR_OHLC_PRICE_REFERENCE_SIMULATION,13.46153846153846,4,4
afd015454460bea2a27d,PH52-073,SHORT_IRON_CONDOR,development,ce8e12389ff297becff9,2021-05-27,1000,EXCLUDED_OHLC_RANGE_PROXY,True,ELIGIBLE_FOR_OHLC_PRICE_REFERENCE_SIMULATION,10.322580645161288,4,4
afd015454460bea2a27d,PH52-073,SHORT_IRON_CONDOR,development,061c004245393c77b5c7,2021-12-09,1000,EXCLUDED_OHLC_RANGE_PROXY,True,ELIGIBLE_FOR_OHLC_PRICE_REFERENCE_SIMULATION,10.270270270270263,4,4
afd015454460bea2a27d,PH52-073,SHORT_IRON_CONDOR,development,b58d771555d73891d2fd,2022-06-16,1000,EXCLUDED_OHLC_RANGE_PROXY,True,ELIGIBLE_FOR_OHLC_PRICE_REFERENCE_SIMULATION,25.89118198874296,4,4
afd015454460bea2a27d,PH52-073,SHORT_IRON_CONDOR,development,8c9b97c314b368f7a743,2022-12-15,1000,EXCLUDED_OHLC_RANGE_PROXY,True,ELIGIBLE_FOR_OHLC_PRICE_REFERENCE_SIMULATION,16.250000000000007,4,4
afd015454460bea2a27d,PH52-073,SHORT_IRON_CONDOR,development,b2b9482e70f4a2ace098,2023-06-22,1000,EXCLUDED_OHLC_RANGE_PROXY,True,ELIGIBLE_FOR_OHLC_PRICE_REFERENCE_SIMULATION,14.285714285714299,4,4
afd015454460bea2a27d,PH52-073,SHORT_IRON_CONDOR,development,804301753400916af24f,2023-12-28,1000,EXCLUDED_OHLC_RANGE_PROXY,True,ELIGIBLE_FOR_OHLC_PRICE_REFERENCE_SIMULATION,13.793103448275865,4,4
afd015454460bea2a27d,PH52-073,SHORT_IRON_CONDOR,validation,c1472f0b801661762bc6,2024-01-04,1000,EXCLUDED_OHLC_RANGE_PROXY,True,ELIGIBLE_FOR_OHLC_PRICE_REFERENCE_SIMULATION,17.58241758241759,4,4
afd015454460bea2a27d,PH52-073,SHORT_IRON_CONDOR,validation,1d33307443bd39106f13,2024-05-30,1000,EXCLUDED_OHLC_RANGE_PROXY,True,ELIGIBLE_FOR_OHLC_PRICE_REFERENCE_SIMULATION,12.436548223350252,4,4
afd015454460bea2a27d,PH52-073,SHORT_IRON_CONDOR,validation,50696f11ab0417607875,2024-10-17,1000,EXCLUDED_OHLC_RANGE_PROXY,True,ELIGIBLE_FOR_OHLC_PRICE_REFERENCE_SIMULATION,17.857142857142858,4,4
afd015454460bea2a27d,PH52-073,SHORT_IRON_CONDOR,validation,58a4c4843286bd3943a2,2025-03-13,1000,BLOCKED_LEG_ELIGIBILITY,False,REQUIRED_LEG_PRIOR_OI_BELOW_100,14.736842105263161,4,4
afd015454460bea2a27d,PH52-073,SHORT_IRON_CONDOR,validation,e5919e2053dc59805884,2025-07-31,1000,BLOCKED_LEG_ELIGIBILITY,False,REQUIRED_LEG_PRIOR_OI_BELOW_100,31.521739130434792,4,4
afd015454460bea2a27d,PH52-073,SHORT_IRON_CONDOR,validation,2744fff722d389044d25,2025-12-30,1000,EXCLUDED_OHLC_RANGE_PROXY,True,ELIGIBLE_FOR_OHLC_PRICE_REFERENCE_SIMULATION,13.46153846153846,4,4
2f542b011d83f30b511e,PH52-073,SHORT_IRON_CONDOR,development,ce8e12389ff297becff9,2021-05-27,1000,EXCLUDED_OHLC_RANGE_PROXY,True,ELIGIBLE_FOR_OHLC_PRICE_REFERENCE_SIMULATION,10.000000000000009,4,4
2f542b011d83f30b511e,PH52-073,SHORT_IRON_CONDOR,development,061c004245393c77b5c7,2021-12-09,1000,EXCLUDED_OHLC_RANGE_PROXY,True,ELIGIBLE_FOR_OHLC_PRICE_REFERENCE_SIMULATION,9.090909090909086,4,4
2f542b011d83f30b511e,PH52-073,SHORT_IRON_CONDOR,development,b58d771555d73891d2fd,2022-06-16,1000,EXCLUDED_OHLC_RANGE_PROXY,True,ELIGIBLE_FOR_OHLC_PRICE_REFERENCE_SIMULATION,32.28346456692912,4,4
2f542b011d83f30b511e,PH52-073,SHORT_IRON_CONDOR,development,8c9b97c314b368f7a743,2022-12-15,1000,EXCLUDED_OHLC_RANGE_PROXY,True,ELIGIBLE_FOR_OHLC_PRICE_REFERENCE_SIMULATION,10.526315789473683,4,4
2f542b011d83f30b511e,PH52-073,SHORT_IRON_CONDOR,development,b2b9482e70f4a2ace098,2023-06-22,1000,EXCLUDED_OHLC_RANGE_PROXY,True,ELIGIBLE_FOR_OHLC_PRICE_REFERENCE_SIMULATION,14.285714285714299,4,4
2f542b011d83f30b511e,PH52-073,SHORT_IRON_CONDOR,development,804301753400916af24f,2023-12-28,1000,EXCLUDED_OHLC_RANGE_PROXY,True,ELIGIBLE_FOR_OHLC_PRICE_REFERENCE_SIMULATION,11.49425287356322,4,4
2f542b011d83f30b511e,PH52-073,SHORT_IRON_CONDOR,validation,c1472f0b801661762bc6,2024-01-04,1000,EXCLUDED_OHLC_RANGE_PROXY,True,ELIGIBLE_FOR_OHLC_PRICE_REFERENCE_SIMULATION,15.384615384615381,4,4
2f542b011d83f30b511e,PH52-073,SHORT_IRON_CONDOR,validation,1d33307443bd39106f13,2024-05-30,1000,EXCLUDED_OHLC_RANGE_PROXY,True,ELIGIBLE_FOR_OHLC_PRICE_REFERENCE_SIMULATION,12.22222222222222,4,4
2f542b011d83f30b511e,PH52-073,SHORT_IRON_CONDOR,validation,50696f11ab0417607875,2024-10-17,1000,EXCLUDED_OHLC_RANGE_PROXY,True,ELIGIBLE_FOR_OHLC_PRICE_REFERENCE_SIMULATION,14.285714285714299,4,4
2f542b011d83f30b511e,PH52-073,SHORT_IRON_CONDOR,validation,58a4c4843286bd3943a2,2025-03-13,1000,BLOCKED_LEG_ELIGIBILITY,False,REQUIRED_LEG_PRIOR_OI_BELOW_100,8.510638297872347,4,4
2f542b011d83f30b511e,PH52-073,SHORT_IRON_CONDOR,validation,e5919e2053dc59805884,2025-07-31,1000,BLOCKED_LEG_ELIGIBILITY,False,REQUIRED_LEG_PRIOR_OI_BELOW_100,34.78260869565216,4,4
2f542b011d83f30b511e,PH52-073,SHORT_IRON_CONDOR,validation,2744fff722d389044d25,2025-12-30,1000,EXCLUDED_OHLC_RANGE_PROXY,True,ELIGIBLE_FOR_OHLC_PRICE_REFERENCE_SIMULATION,12.50000000000001,4,4
8ac7e282e4555d32f4b1,PH52-073,SHORT_IRON_CONDOR,development,ce8e12389ff297becff9,2021-05-27,1000,EXCLUDED_OHLC_RANGE_PROXY,True,ELIGIBLE_FOR_OHLC_PRICE_REFERENCE_SIMULATION,14.285714285714299,4,4
8ac7e282e4555d32f4b1,PH52-073,SHORT_IRON_CONDOR,development,061c004245393c77b5c7,2021-12-09,1000,EXCLUDED_OHLC_RANGE_PROXY,True,ELIGIBLE_FOR_OHLC_PRICE_REFERENCE_SIMULATION,10.000000000000009,4,4
8ac7e282e4555d32f4b1,PH52-073,SHORT_IRON_CONDOR,development,b58d771555d73891d2fd,2022-06-16,1000,EXCLUDED_OHLC_RANGE_PROXY,True,ELIGIBLE_FOR_OHLC_PRICE_REFERENCE_SIMULATION,32.28346456692912,4,4
8ac7e282e4555d32f4b1,PH52-073,SHORT_IRON_CONDOR,development,8c9b97c314b368f7a743,2022-12-15,1000,EXCLUDED_OHLC_RANGE_PROXY,True,ELIGIBLE_FOR_OHLC_PRICE_REFERENCE_SIMULATION,22.22222222222223,4,4
8ac7e282e4555d32f4b1,PH52-073,SHORT_IRON_CONDOR,development,b2b9482e70f4a2ace098,2023-06-22,1000,EXCLUDED_OHLC_RANGE_PROXY,True,ELIGIBLE_FOR_OHLC_PRICE_REFERENCE_SIMULATION,12.499999999999996,4,4
8ac7e282e4555d32f4b1,PH52-073,SHORT_IRON_CONDOR,development,804301753400916af24f,2023-12-28,1000,EXCLUDED_OHLC_RANGE_PROXY,True,ELIGIBLE_FOR_OHLC_PRICE_REFERENCE_SIMULATION,11.49425287356322,4,4
8ac7e282e4555d32f4b1,PH52-073,SHORT_IRON_CONDOR,validation,c1472f0b801661762bc6,2024-01-04,1000,EXCLUDED_OHLC_RANGE_PROXY,True,ELIGIBLE_FOR_OHLC_PRICE_REFERENCE_SIMULATION,19.999999999999996,4,4
8ac7e282e4555d32f4b1,PH52-073,SHORT_IRON_CONDOR,validation,1d33307443bd39106f13,2024-05-30,1000,EXCLUDED_OHLC_RANGE_PROXY,True,ELIGIBLE_FOR_OHLC_PRICE_REFERENCE_SIMULATION,12.056737588652478,4,4
8ac7e282e4555d32f4b1,PH52-073,SHORT_IRON_CONDOR,validation,50696f11ab0417607875,2024-10-17,1000,EXCLUDED_OHLC_RANGE_PROXY,True,ELIGIBLE_FOR_OHLC_PRICE_REFERENCE_SIMULATION,14.285714285714288,4,4
8ac7e282e4555d32f4b1,PH52-073,SHORT_IRON_CONDOR,validation,58a4c4843286bd3943a2,2025-03-13,1000,BLOCKED_LEG_ELIGIBILITY,False,REQUIRED_LEG_PRIOR_OI_BELOW_100,10.000000000000009,4,4
8ac7e282e4555d32f4b1,PH52-073,SHORT_IRON_CONDOR,validation,e5919e2053dc59805884,2025-07-31,1000,BLOCKED_LEG_ELIGIBILITY,False,REQUIRED_LEG_PRIOR_OI_BELOW_100,34.78260869565216,4,4
8ac7e282e4555d32f4b1,PH52-073,SHORT_IRON_CONDOR,validation,2744fff722d389044d25,2025-12-30,1000,EXCLUDED_OHLC_RANGE_PROXY,True,ELIGIBLE_FOR_OHLC_PRICE_REFERENCE_SIMULATION,10.526315789473683,4,4
