entry_ts,expiry,split,control_direction,control_net_rupees,alt_net_rupees,delta_pnl,pred_delta,rank_score,rank_threshold,rank_percentile,override,policy_net_rupees,india_vix_level,india_vix_ret1,india_vix_high,india_vix_rising,india_vix_high_rising,global_VIX,global_VIX_ret1,nifty_daily_rv_20d,nifty_gap_from_prev_close,atm_iv_skew,atm_pcr_oi,policy_id
2021-05-24 09:20:00+05:30,2021-05-27,development,CALL,3819.523653950003,4125.335009450004,-305.8113555000009,,,,,False,3819.523653950003,19.07999992370605,-0.012422348597783017,0,0,0,20.149999618530277,-0.0254791079235323,,,-0.0026995941673065,0.1922520959814975,1
2021-05-28 09:20:00+05:30,2021-06-03,development,CALL,-5770.843548249997,4815.330887300002,-10586.17443555,,,,,False,-5770.843548249997,19.90999984741211,-0.04599908736067648,0,0,0,16.739999771118164,-0.0363676930021244,,,-0.004099224826704,0.5323355506282336,1
2021-06-01 09:34:00+05:30,2021-06-03,development,PUT,-5362.739468949999,5329.365663199997,10692.105132149994,,,,,False,-5362.739468949999,17.399999618530273,-0.12606731532487103,0,0,0,,,,,-0.0446198930209588,0.3101975440469834,1
2021-06-02 10:12:00+05:30,2021-06-03,development,CALL,-9462.912349000002,3779.415232249999,-13242.32758125,,,,,False,-9462.912349000002,17.389999389648438,-0.0005747258104067399,0,0,0,17.899999618530273,,,,-0.0089546961993798,1.1949387566443264,1
2021-06-04 09:20:00+05:30,2021-06-10,development,PUT,4278.0133139000045,5452.336726700002,1174.3234127999976,,,,,False,4278.0133139000045,15.75,-0.08483434992102401,0,0,0,18.040000915527344,0.0315342213447932,,,-0.0015886247527973,0.770035505959929,1
2021-06-11 09:20:00+05:30,2021-06-17,development,PUT,3365.936874950001,5524.96355015,2159.026675199999,,,,,False,3365.936874950001,15.0,0.016949152542372836,0,0,0,16.100000381469727,-0.1054225677195259,,,-0.0121955412007885,0.685166351881447,1
2021-06-18 09:20:00+05:30,2021-06-24,development,PUT,-5964.38301595001,4357.792061149999,10322.17507710001,,,,,False,-5964.38301595001,15.289999961853027,0.02824479351219278,0,0,0,17.75,-0.0222850237718189,,,0.0015859447556118,0.8641412773084407,1
2021-06-18 10:58:00+05:30,2021-06-24,development,CALL,-6351.221376399996,3553.142620100001,-9904.363996499997,,,,,False,-6351.221376399996,15.289999961853027,0.02824479351219278,0,0,0,17.75,-0.0222850237718189,,,0.0239015058322012,3.045567112431897,1
2021-06-21 15:18:00+05:30,2021-06-24,development,PUT,3387.9547643,4209.247816699998,821.293052399998,,,,,False,3387.9547643,14.800000190734863,-0.032047074711619605,0,0,0,20.700000762939453,0.1537482212068763,,,0.000350735197825,0.4733259176863181,1
2021-06-25 09:20:00+05:30,2021-07-01,development,PUT,3765.979537250005,4983.75996035,1217.780423099995,,,,,False,3765.979537250005,15.100000381469728,-0.017566656219889287,0,0,0,15.970000267028809,-0.0216793518888916,0.076731613719023,,0.0013338485606636,0.7003476749239461,1
2021-07-02 09:20:00+05:30,2021-07-08,development,PUT,3796.306887199999,-5702.458156149998,-9498.765043349997,,,,,False,3796.306887199999,12.84000015258789,-0.016091956710932998,0,0,0,15.479999542236328,-0.0223580304830572,0.0688626817890832,,-0.0023923079318002,0.8309579732287414,1
2021-07-07 13:37:00+05:30,2021-07-08,development,PUT,-4055.6966507500015,3272.052943399999,7327.74959415,,,,,False,-4055.6966507500015,12.279999732971191,0.01571543242227591,0,0,0,16.440000534057617,,0.0715593952018661,,-0.0111846577347627,1.637693558046026,1
2021-07-09 09:20:00+05:30,2021-07-15,development,CALL,-5561.917337649999,3653.781719900002,-9215.699057550002,,,,,False,-5561.917337649999,13.5600004196167,0.1105651414620803,0,1,0,19.0,0.1594276898330751,0.0734995055141422,,0.0015296669126305,2.2551076753175043,1
2021-07-14 12:42:00+05:30,2021-07-15,development,PUT,2547.9677209999995,-2366.032213300001,-4913.9999343,,,,,False,2547.9677209999995,12.619999885559082,-0.028483440498723978,0,0,0,17.1200008392334,0.0570897414269816,0.076511139594334,,-0.0240280503232509,0.5637997173430245,1
2021-07-16 09:20:00+05:30,2021-07-22,development,PUT,-6261.644906949995,3756.7358933,10018.380800249995,,,,,False,-6261.644906949995,12.270000457763672,-0.025416973069570803,0,0,0,17.010000228881836,0.04079751755313,0.072183175717637,,0.0010820010594695,0.6380999627930051,1
2021-07-19 09:20:00+05:30,2021-07-22,development,CALL,4431.2456966,-5913.682789899999,10344.9284865,,,,,False,4431.2456966,11.710000038146973,-0.045639804297021636,0,0,0,18.450000762939453,0.0812629919747747,0.0720955456432792,,0.0061439461728316,1.9190603005516451,1
2021-07-23 09:20:00+05:30,2021-07-29,development,CALL,3012.5399992999987,-4229.927187999997,7242.467187299995,,,,,False,3012.5399992999987,11.890000343322754,-0.09992427638246859,0,0,0,17.690000534057617,-0.0123596691914202,0.0946369482044048,,-0.0082534917465337,0.5924163033478661,1
2021-07-28 12:43:00+05:30,2021-07-29,development,CALL,-4601.731540599999,2505.2824018999995,-7107.013942499998,,,,,False,-4601.731540599999,13.229999542236328,0.06265058192135275,0,1,0,19.36000061035156,0.0964472254576381,0.0920987562560444,,-0.0230503112529289,0.4751695891462946,1
2021-07-30 09:20:00+05:30,2021-08-05,development,PUT,2286.9389549000016,-4403.865470799998,-6690.804425699999,,,,,False,2286.9389549000016,12.949999809265137,-0.05405403899197525,0,0,0,17.700000762939453,-0.0338826468351747,0.0924229320157737,,-0.0145113363105809,0.7523180431884013,1
2021-08-04 09:20:00+05:30,2021-08-05,development,PUT,2249.0491454,1848.4001542999997,-400.6489911000001,,,,,False,2249.0491454,13.75,0.07338013658015385,0,1,0,18.040000915527344,-0.0757694643269027,0.1067166980086482,,-0.0432777303544359,0.1616968634828999,1
2021-08-06 09:20:00+05:30,2021-08-12,development,PUT,2179.6964594,3532.684763600001,1352.988304200001,,,,,False,2179.6964594,12.869999885559082,-0.025738088690844818,0,0,0,17.280000686645508,-0.0391538594724712,0.1088846075328496,,-0.0153950058665963,1.002578407013267,1
2021-08-13 09:20:00+05:30,2021-08-18,development,PUT,2364.5486606000004,-3913.022771499999,-6277.5714321,,,,,False,2364.5486606000004,12.369999885559082,-0.026750602011600066,0,0,0,15.59000015258789,-0.0365279854500214,0.1000575122425648,,-0.0263371151964723,0.2307609048598333,1
2021-08-20 09:20:00+05:30,2021-08-26,development,PUT,2638.040087300001,-3072.6387822999977,-5710.678869599999,,,,,False,2638.040087300001,12.90999984741211,-0.03728560817966686,0,0,0,21.670000076293945,0.0046253728160786,0.0863785788393709,,-0.0255006245063629,1.8075,1
2021-08-25 09:23:00+05:30,2021-08-26,development,PUT,2563.6660487,3003.5388487999985,439.8728000999986,,,,,False,2563.6660487,13.1899995803833,-0.03652301061546126,0,0,0,17.219999313354492,0.0040733077558837,0.0871225061790741,,-0.0357868808061972,0.334826659314908,1
2021-08-27 09:20:00+05:30,2021-09-02,development,PUT,2136.735536300001,-3575.8285407999992,-5712.564077100001,,,,,False,2136.735536300001,13.539999961853027,0.0029629601372613834,0,0,0,18.84000015258789,0.1151987516297814,0.0814209529955064,,-0.0141483166598513,0.6226203807390818,1
2021-08-31 12:30:00+05:30,2021-09-02,development,PUT,1813.0623616999992,-3368.7186366999986,-5181.780998399998,,,,,False,1813.0623616999992,13.31999969482422,-0.006711420851004513,0,0,0,16.190000534057617,-0.0122775548400469,0.0881472445045496,,-0.0261130250302475,0.5197801313064035,1
2021-09-03 09:20:00+05:30,2021-09-09,development,PUT,2644.544341700001,2585.2787621000025,-59.265579599999,,,,,False,2644.544341700001,14.239999771118164,0.0035236217204674958,0,0,0,16.40999984741211,0.0184506607281444,0.0853355276247575,,-0.0064208055831944,0.4006092127893242,1
2021-09-13 09:20:00+05:30,2021-09-16,development,PUT,2525.8753805,-3662.2078135,-6188.083194,,,,,False,2525.8753805,13.9399995803833,-0.032616257599282106,0,0,0,20.950000762939453,0.1082818535312867,0.0836970150870257,,-0.0043101723183672,1.6866964613689237,1
2021-09-15 13:44:00+05:30,2021-09-16,development,PUT,2371.108035799999,-1601.7034471,-3972.811482899999,,,,,False,2371.108035799999,13.579999923706056,-0.032074113886660593,0,0,0,19.459999084472656,0.004635508965875,0.0804562622604659,,-0.0062523232804469,0.9442755825734548,1
2021-09-17 09:20:00+05:30,2021-09-23,development,PUT,-4441.1271315999975,2542.731245000001,6983.858376599998,,,,,False,-4441.1271315999975,14.40999984741211,0.04952660800052899,0,1,0,18.690000534057617,0.0276665445063031,0.0836427319676297,,-0.0135906403517446,0.7795113723216404,1
2021-09-20 09:20:00+05:30,2021-09-23,development,CALL,-3664.633128699998,2449.3129700000018,-6113.9460987,,,,,False,-3664.633128699998,15.229999542236328,0.05690490655844682,0,1,0,20.809999465942383,0.1074449647000515,0.0834302949005866,,0.0122536972076339,3.616858769615331,1
2021-09-24 09:20:00+05:30,2021-09-30,development,PUT,-4070.992863099996,2507.1454088000028,6578.138271899999,,,,,False,-4070.992863099996,16.600000381469727,0.006670746626948221,0,0,0,18.6299991607666,-0.1135396217354598,0.102650579513851,,-0.0114202165939651,0.1995753715498938,1
2021-09-28 12:23:00+05:30,2021-09-30,development,CALL,3186.2026781000013,2734.738049900003,451.4646281999985,,,,,False,3186.2026781000013,18.049999237060547,0.06678482007513731,0,1,0,18.76000022888184,0.055341439857178,0.102815520721815,,0.0030693186414851,1.364895697522816,1
2021-10-01 09:20:00+05:30,2021-10-07,development,CALL,-4249.853357199997,2821.613409800001,-7071.466766999998,,,,,False,-4249.853357199997,18.399999618530277,-0.02335459291369346,0,0,0,23.13999938964844,0.0253842924319669,0.0968548508552424,,-0.0131296252709453,3.201388888888889,1
2021-10-05 12:53:00+05:30,2021-10-07,development,PUT,2289.9705989000013,2685.6422578999995,395.6716589999983,,,,,False,2289.9705989000013,16.739999771118164,-0.027309665215411782,0,0,0,22.959999084472656,0.0844804730153259,0.0982784041751181,,0.0070629924675714,0.3108863237753395,1
2021-10-08 09:20:00+05:30,2021-10-14,development,PUT,2876.1497009000027,-3389.1408930999964,-6265.290593999999,,,,,False,2876.1497009000027,16.15999984741211,-0.06751298796565364,0,0,0,19.540000915527344,-0.072058744254778,0.110956098034447,,-0.0012339189767229,0.5732687235478133,1
2021-10-13 14:16:00+05:30,2021-10-14,development,PUT,1739.7520783999994,-2643.933304000001,-4383.685382400001,,,,,False,1739.7520783999994,15.850000381469728,-0.014916082588076418,0,0,0,19.850000381469727,-0.0075282472031733,0.1119466014582262,,0.0098253839816368,0.5147418862081232,1
2021-10-18 09:20:00+05:30,2021-10-21,development,PUT,-3113.874500499997,2752.0348807999994,5865.909381299996,,,,,False,-3113.874500499997,15.770000457763672,-0.02049688918553494,0,0,0,16.299999237060547,-0.0337789277682548,0.1155115499109383,,-0.0038846352175335,0.6542391109517834,1
2021-10-20 14:16:00+05:30,2021-10-21,development,CALL,2891.2803605000004,-2229.5978944000008,5120.878254900001,,,,,False,2891.2803605000004,17.3799991607666,0.01164137671933374,0,0,0,15.699999809265137,-0.0381176836831945,0.1071279086067753,,0.0900755289515685,1.8350723427935447,1
2021-10-22 09:20:00+05:30,2021-10-28,development,CALL,3237.0072149000034,-4256.269570599997,7493.2767855,,,,,False,3237.0072149000034,18.040000915527344,-0.014745961676145947,0,0,0,15.010000228881836,-0.0314779787586803,0.1133132987051926,,0.0161634824715856,0.4028552674762061,1
2021-11-08 09:20:00+05:30,2021-11-11,development,CALL,2841.897864200002,2301.259262600002,540.6386016000001,,,,,False,2841.897864200002,15.75,-0.023558535681197257,0,0,0,16.479999542236328,0.065185979285021,0.1299592377620561,,0.0200550352181981,1.169841557813256,1
2021-11-12 09:20:00+05:30,2021-11-18,development,CALL,-4676.205101200001,-3273.079069599997,-1403.126031600004,,,,,False,-4676.205101200001,16.350000381469727,0.0024525393523691097,0,0,0,17.65999984741211,-0.0588243054803619,0.1316408851651762,,-0.0020299818264044,1.053558772906753,1
2021-11-15 09:20:00+05:30,2021-11-18,development,PUT,-3191.054340099996,3619.5712238,6810.625563899996,,,,,False,-3191.054340099996,15.220000267028809,-0.06911315523402706,0,0,0,16.290000915527344,-0.0807507077197494,0.1354006256368612,,0.0107203594696135,0.3202877199064043,1
2021-11-16 09:38:00+05:30,2021-11-18,development,CALL,3681.179437399999,-3490.226319099999,7171.405756499998,,,,,False,3681.179437399999,15.470000267028809,0.01642575529657364,0,0,0,16.489999771118164,0.0122026438757153,0.1303556687058332,,0.0275525567826171,1.3132795304475422,1
2021-11-22 09:20:00+05:30,2021-11-25,development,CALL,3181.186685300003,-3683.572864000004,6864.759549300006,,,,,False,3181.186685300003,14.859999656677246,-0.008010673513089261,0,0,0,17.90999984741211,0.0180286401287546,0.1282384674977835,,0.0449004553547041,2.7925925925925927,1
2021-11-23 09:20:00+05:30,2021-11-25,development,CALL,-4492.345074400001,2339.727840500001,-6832.072914900003,,,,,False,-4492.345074400001,17.520000457763672,0.17900409572965037,0,1,0,19.170000076293945,0.0679873534844978,0.1436345378595672,,0.0578181883993456,1.8957236842105265,1
2021-11-23 13:33:00+05:30,2021-11-25,development,PUT,2150.6699984,3115.097226800001,964.4272284000012,,,,,False,2150.6699984,17.520000457763672,0.17900409572965037,0,1,0,19.170000076293945,0.0679873534844978,0.1436345378595672,,0.0012342010506713,0.6650697771297647,1
2021-11-26 09:20:00+05:30,2021-12-02,development,PUT,-3506.6967187000064,3463.552560800001,6970.249279500007,,,,,False,-3506.6967187000064,16.65999984741211,-0.025731024809474312,0,0,0,,,0.1451089070466119,,0.0098620008379665,2.653197769760577,1
2021-11-26 15:06:00+05:30,2021-12-02,development,CALL,-4747.735058799997,2492.4832760000027,-7240.2183348,,,,,False,-4747.735058799997,16.65999984741211,-0.025731024809474312,0,0,0,,,0.1451089070466119,,0.0182520674307428,2.810344827586207,1
2021-11-30 10:27:00+05:30,2021-12-02,development,PUT,-4261.9359127,4040.9620958,8302.8980085,,,,,False,-4261.9359127,20.82999992370605,0.0014423407570154367,1,0,0,22.959999084472656,-0.2203522718751432,0.1646385886762566,,0.003538837897106,0.4138098598882345,1
2021-11-30 11:25:00+05:30,2021-12-02,development,CALL,-4147.301489499999,2516.642646500002,-6663.944136,,,,,False,-4147.301489499999,20.82999992370605,0.0014423407570154367,1,0,0,22.959999084472656,-0.2203522718751432,0.1646385886762566,,-0.0093189671943524,1.65100255477278,1
2021-12-03 09:20:00+05:30,2021-12-09,development,PUT,-3754.551613599996,3492.220736600004,7246.7723502,,,,,False,-3754.551613599996,18.09000015258789,-0.06992290781514743,0,0,0,27.950000762939453,-0.1074334993801553,0.1670729266708434,,-0.0019744912826649,0.3203087676950542,1
2021-12-03 14:43:00+05:30,2021-12-09,development,CALL,-4089.232107399997,-3699.822399700001,-389.4097076999965,,,,,False,-4089.232107399997,18.09000015258789,-0.06992290781514743,0,0,0,27.950000762939453,-0.1074334993801553,0.1670729266708434,,0.0113396844015722,2.376855287569573,1
2021-12-08 13:24:00+05:30,2021-12-09,development,PUT,2592.9681137000007,3210.6652129999998,617.6970992999986,,,,,False,2592.9681137000007,18.459999084472656,-0.08067733293767865,0,0,0,21.88999938964844,-0.2164515362988462,0.1845367997387145,,0.0117147993048519,0.579568243482364,1
2021-12-10 09:20:00+05:30,2021-12-16,development,PUT,-4362.084285099997,3585.3634076000026,7947.4476927,,,,,False,-4362.084285099997,16.600000381469727,-0.0387956026945413,0,0,0,21.57999992370605,0.0810472437334743,0.197648717439425,,-0.0060805649864295,0.9168797708088984,1
2021-12-15 10:40:00+05:30,2021-12-16,development,CALL,-3097.9445892999984,2574.679108400001,-5672.6236977,,,,,False,-3097.9445892999984,16.950000762939453,0.022933076349659354,0,0,0,21.88999938964844,0.0749165343551157,0.1904291177762281,,0.0033035019737556,1.9264170685106,1
2021-12-17 09:20:00+05:30,2021-12-23,development,PUT,-6033.4269874,2671.3935311,8704.8205185,,,,,False,-6033.4269874,15.899999618530272,-0.07665503759924841,0,0,0,20.56999969482422,0.0642468144500237,0.1904043700682086,,0.0050663877243779,1.7297831574465496,1
2021-12-20 09:20:00+05:30,2021-12-23,development,CALL,-5128.843726299993,-3664.082301400005,-1464.761424899988,,,,,False,-5128.843726299993,16.34000015258789,0.02767299022729719,0,0,0,21.56999969482422,0.0474697574240046,0.195487167732076,,0.0529462181765337,5.336010533245556,1
2021-12-24 09:20:00+05:30,2021-12-30,development,PUT,2171.5110206000018,3465.702272000004,1294.191251400002,,,,,False,2171.5110206000018,15.829999923706056,-0.045235223368586985,0,0,0,17.959999084472656,-0.0366261276679357,0.2059760260862795,,0.0082691824275852,0.9613899613899614,1
2021-12-29 12:59:00+05:30,2021-12-30,development,PUT,1592.690545399999,2537.8090337,945.1184883000008,,,,,False,1592.690545399999,16.479999542236328,-0.037383251496717174,0,0,0,17.540000915527344,-0.0079500353299934,0.1801485954095369,,0.0110129597759072,0.4814383616013547,1
2021-12-31 09:20:00+05:30,2022-01-06,development,PUT,2499.4560572000028,-3728.9644620999975,-6228.4205193,,,,,False,2499.4560572000028,16.56999969482422,0.020320192632818923,0,0,0,17.329999923706055,0.0221712204874589,0.1689623079969134,,-0.0072509548229874,0.7051112626822406,1
2022-01-04 09:20:00+05:30,2022-01-06,development,PUT,2660.7111962000013,-4559.388046599999,-7220.099242800001,,,,,False,2660.7111962000013,16.450000762939453,0.014180114631422436,0,0,0,16.600000381469727,-0.0366687407820983,0.1617149439194035,,-0.0007241781229616,0.431041072531091,1
2022-01-05 15:08:00+05:30,2022-01-06,development,PUT,-4991.351011899998,3974.2938689,8965.644880799999,,,,,False,-4991.351011899998,16.1200008392334,-0.020060784705221324,0,0,0,16.90999984741211,0.0185024355443576,0.1568341128934126,,0.0212791102069425,0.5251022763033673,1
2022-01-07 09:20:00+05:30,2022-01-13,development,CALL,-6096.782225799997,2948.5504910000027,-9045.3327168,,,,,False,-6096.782225799997,17.979999542236328,0.043528730117578185,0,1,0,19.61000061035156,-0.0061006255003607,0.1529355789659671,,0.0040776884787065,0.4093802780304014,1
2022-01-12 09:20:00+05:30,2022-01-13,development,PUT,2143.7083175,-2447.1696501999986,-4590.877967699998,,,,,False,2143.7083175,17.760000228881836,0.0045248824844552615,0,0,0,18.40999984741211,-0.0523790594492234,0.1522971432100443,,0.0077710881432893,0.4386346745939059,1
2022-01-14 09:20:00+05:30,2022-01-20,development,PUT,-3465.6757431999945,-3340.6238694999984,125.05187369999612,,,,,False,-3465.6757431999945,16.700000762939453,-0.02793943735214721,0,0,0,20.309999465942383,0.1420786811593658,0.1508123891694433,,0.0068608678001409,1.0323741007194245,1
2022-01-19 12:49:00+05:30,2022-01-20,development,CALL,2115.095262499999,-2329.647125500001,4444.742388000001,,,,,False,2115.095262499999,17.780000686645508,0.06022660711462624,0,1,0,22.790000915527344,,0.1087013862677932,,0.03103377759662,2.2198258804907005,1
2022-01-21 09:20:00+05:30,2022-01-27,development,CALL,3354.2705957000007,-3658.05767410001,7012.328269800011,,,,,False,3354.2705957000007,17.790000915527344,-0.0016834332104723737,0,0,0,25.59000015258789,0.0704174228056032,0.1229608682884298,,0.0120614163157722,2.4499893820344023,1
2022-01-24 15:23:00+05:30,2022-01-27,development,CALL,3090.0283631000016,-3488.887340500004,6578.915703600005,,,,,False,3090.0283631000016,18.88999938964844,0.06183240120920974,0,1,0,28.850000381469727,0.1199083500421382,0.12618888949621,,0.0040289564625038,1.3180726508555989,1
2022-01-28 09:20:00+05:30,2022-02-03,development,CALL,-3594.938998299999,3388.814496500001,-6983.753494800001,,,,,False,-3594.938998299999,21.06999969482422,-0.013576821500033032,1,0,0,30.489999771118164,-0.0470863387586567,0.1644816804991373,,0.0028789245394719,0.4204078583700605,1
2022-02-02 11:50:00+05:30,2022-02-03,development,PUT,-3550.969060000001,2324.5642606999986,5875.533320699999,,,,,False,-3550.969060000001,19.979999542236328,-0.08974948301729857,0,0,0,21.959999084472656,-0.1228300214967748,0.166874376301792,,0.0006284497820008,0.6164065748867342,1
2022-02-04 09:20:00+05:30,2022-02-10,development,CALL,3816.5002400000017,-4244.413238800003,8060.913478800005,,,,,False,3816.5002400000017,19.15999984741211,0.027345857335841828,0,0,0,24.350000381469727,0.0974068408551257,0.1715060227850864,,0.0077250501765437,2.161429371955688,1
2022-02-08 10:26:00+05:30,2022-02-10,development,CALL,-4257.945014499998,2624.6568332,-6882.601847699998,,,,,False,-4257.945014499998,20.440000534057617,0.08148153156667082,1,1,1,22.86000061035156,-0.0156252616322406,0.1774935377788343,,0.005457350986548,2.4625682349883027,1
2022-02-09 09:24:00+05:30,2022-02-10,development,PUT,2246.017501400001,-3643.064435799999,-5889.0819372,,,,,False,2246.017501400001,19.68000030517578,-0.037182006312353355,0,0,0,21.440000534057617,-0.0641303239542029,0.1724719448394534,,-0.0060239858025196,0.4454593689204232,1
2022-02-11 09:20:00+05:30,2022-02-17,development,PUT,-4635.421830400003,2446.639611200002,7082.061441600005,,,,,False,-4635.421830400003,17.709999084472656,-0.045797435664234665,0,0,0,23.90999984741211,0.1805665500732595,0.1778199546722318,,-0.0058811238427821,1.6848308199214297,1
2022-02-14 09:20:00+05:30,2022-02-17,development,CALL,-3376.094104300004,2265.678786200002,-5641.772890500006,,,,,False,-3376.094104300004,18.68000030517578,0.054771387399651594,0,1,0,27.36000061035156,0.1347853399740477,0.1816151434152129,,0.0144545302510322,7.558864458669635,1
2022-02-15 14:02:00+05:30,2022-02-17,development,PUT,2369.6913551000016,-3681.814358199993,-6051.505713299995,,,,,False,2369.6913551000016,22.979999542236328,0.2301926748828329,1,1,1,28.32999992370605,0.0348391960868602,0.2076875088693354,,0.0205181479977483,0.1528245560318432,1
2022-02-18 09:20:00+05:30,2022-02-24,development,PUT,-7453.601806300002,3782.540467399999,11236.1422737,,,,,False,-7453.601806300002,22.01000022888184,0.06896552043567983,1,1,1,28.11000061035156,0.1460606259257957,0.2356790547168153,,0.0049962296136057,1.680538740920097,1
2022-02-25 09:20:00+05:30,2022-03-03,development,CALL,3044.548343300001,2320.121295800003,724.427047499998,,,,,False,3044.548343300001,31.979999542236328,0.3031784168354057,1,1,1,30.31999969482422,-0.0228246217964355,0.2710744686222121,,-0.0088938082674949,0.6211738148984198,1
2022-03-04 09:20:00+05:30,2022-03-10,development,CALL,3471.1370306000013,-4701.390327699998,8172.5273583,,,,,False,3471.1370306000013,28.15999984741211,-0.036606216612426135,1,0,0,30.479999542236328,-0.0084940148647644,0.2760065715576721,,-0.0150602661710285,1.6481733826487577,1
2022-03-08 11:16:00+05:30,2022-03-10,development,CALL,-3759.0715192,2828.6853323,-6587.7568515,,,,,False,-3759.0715192,29.32999992370605,0.04899860100475517,1,1,1,36.45000076293945,0.1308307862940434,0.2862140917165565,,0.0253277131413857,1.201465531480397,1
2022-03-09 09:25:00+05:30,2022-03-10,development,PUT,2887.8517706,-4295.581420599996,-7183.433191199995,,,,,False,2887.8517706,28.59000015258789,-0.02523013205056479,1,0,0,35.130001068115234,-0.0368859827034087,0.2865675641589437,,-0.0207297636154634,0.2970578156361678,1
2022-03-11 09:20:00+05:30,2022-03-17,development,PUT,2458.429721900004,-4702.067856700004,-7160.497578600008,,,,,False,2458.429721900004,25.57999992370605,-0.06880230931529796,1,0,0,30.229999542236328,-0.0708656730126584,0.3010818141791916,,0.0030667804675664,0.7994845360824743,1
2022-03-16 09:25:00+05:30,2022-03-17,development,PUT,2700.0892673000017,-6643.621917400005,-9343.711184700009,,,,,False,2700.0892673000017,26.729999542236328,0.04088782027190718,1,1,1,29.82999992370605,-0.0630078667210693,0.284852530316751,,-0.0020271481121421,0.4766666666666667,1
2022-03-21 09:20:00+05:30,2022-03-24,development,PUT,2729.9314400000017,3608.436822200001,878.5053821999995,,,,,False,2729.9314400000017,22.61000061035156,-0.06260365573560367,1,0,0,23.8700008392334,-0.0727005223459161,0.2799166749705394,,0.0139924805068519,0.7926776633076245,1
2022-03-25 09:20:00+05:30,2022-03-31,development,PUT,2505.866530100002,-2920.076269599997,-5425.942799699999,,,,,False,2505.866530100002,23.93000030517578,-0.03313130080097848,1,0,0,21.670000076293945,-0.0840458849314185,0.2841493464331317,,0.02528675872812,0.5735768645357686,1
2022-03-30 09:20:00+05:30,2022-03-31,development,PUT,1887.6679838,-3155.1706993,-5042.8386831,,,,,False,1887.6679838,21.299999237060547,-0.05793902423387165,1,0,0,18.899999618530277,-0.0378970636537627,0.2014390061364803,,0.1218137063815544,0.608826277124294,1
2022-04-01 09:20:00+05:30,2022-04-07,development,PUT,2714.894561900003,-4585.978472800004,-7300.873034700007,,,,,False,2714.894561900003,20.559999465942383,-0.00242606224786146,1,0,0,20.559999465942383,0.0616891253380785,0.1967746046736653,,0.001260024051439,0.7682724529898354,1
2022-04-04 13:28:00+05:30,2022-04-07,development,PUT,-4185.158378799996,2750.0229716000017,6935.181350399998,,,,,False,-4185.158378799996,18.43000030517578,-0.10359918366218557,0,0,0,19.6299991607666,-0.046288449075623,0.196305056801157,,0.0124283915512798,0.5288372419603988,1
2022-04-06 10:40:00+05:30,2022-04-07,development,CALL,2232.3862036999994,-1926.0491716000008,4158.4353753,,,,,False,2232.3862036999994,18.489999771118164,0.03238413895295822,0,0,0,21.030000686645508,0.124402663434561,0.1651060931903452,,0.038736786707517,1.5382396029539271,1
2022-04-08 09:20:00+05:30,2022-04-13,development,CALL,3027.483095900003,3070.058173400002,-42.575077499999225,,,,,False,3027.483095900003,19.0,-0.001051548753013165,0,0,0,21.549999237060547,-0.0252018446382473,0.1702020986805764,,0.0190325814629879,0.9202768964522642,1
2022-04-12 11:38:00+05:30,2022-04-13,development,CALL,-3943.719316600001,3085.9329638000013,-7029.652280400002,,,,,False,-3943.719316600001,18.270000457763672,0.03278687994324314,0,0,0,24.3700008392334,0.1412403022953158,0.1692468501869302,,0.0175291184355249,0.9709661645998828,1
2022-04-18 09:20:00+05:30,2022-04-21,development,PUT,-4067.310869799999,3149.9829527,7217.293822499999,,,,,False,-4067.310869799999,17.790000915527344,-0.020374390693483013,0,0,0,,,0.1607397148464145,,0.018135137753987,1.4149535809018567,1
2022-04-19 15:09:00+05:30,2022-04-21,development,CALL,-4752.949334199996,2677.952906300001,-7430.902240499997,,,,,False,-4752.949334199996,19.34000015258789,0.08712755240544623,0,1,0,22.170000076293945,,0.1634240491784731,,0.008061364642064,4.114086664360888,1
2022-04-20 12:39:00+05:30,2022-04-21,development,PUT,1917.5212567999995,-3851.982225999999,-5769.503482799999,,,,,False,1917.5212567999995,19.770000457763672,0.022233728117020846,0,0,0,21.3700008392334,-0.0367519184669116,0.1557784448914608,,0.0252310109431043,0.6429120625645307,1
2022-04-22 09:20:00+05:30,2022-04-28,development,PUT,-3578.07777400001,3386.3011403000014,6964.378914300011,,,,,False,-3578.07777400001,17.850000381469727,-0.043920711916086486,0,0,0,22.68000030517578,0.1098778846234855,0.1606864812004879,,-0.0017265663880177,1.646075552945782,1
2022-04-25 09:20:00+05:30,2022-04-28,development,CALL,-4331.542002099997,2800.6070252000027,-7132.1490273,,,,,False,-4331.542002099997,18.350000381469727,0.028011203883169467,0,0,0,28.209999084472656,0.2181930002446307,0.1666325716204184,,-0.0130030578140738,1.9569047168024247,1
2022-04-26 15:08:00+05:30,2022-04-28,development,PUT,-4100.421629799997,3368.105916500002,7468.5275463,,,,,False,-4100.421629799997,21.26000022888184,0.15858309465490272,1,1,1,27.020000457763672,-0.0430991430861909,0.1724995471995719,,0.0056945039167875,0.6214195929501751,1
2022-04-27 09:41:00+05:30,2022-04-28,development,CALL,-2939.8588963000007,2691.914928800001,-5631.773825100001,,,,,False,-2939.8588963000007,19.190000534057617,-0.0973659300347568,0,0,0,33.52000045776367,0.215564939796603,0.1801886479365052,,0.009329028269911,1.7374905707819963,1
2022-04-29 09:20:00+05:30,2022-05-05,development,PUT,-5899.351762600008,3312.219165800001,9211.57092840001,,,,,False,-5899.351762600008,19.3799991607666,-0.05967983567002799,0,0,0,29.989999771118164,-0.0522931475357139,0.1867936166755676,,0.0038186826958459,0.4778333823962319,1
2022-05-02 09:20:00+05:30,2022-05-05,development,CALL,3208.366599500001,-3648.1137295,6856.480329000001,-695.4236131901966,695.4236131901966,,,False,3208.366599500001,19.420000076293945,0.002064030818346163,0,0,0,33.400001525878906,0.1076919605386716,0.1848343874684954,,0.0017987655764315,2.4274261366821777,1
2022-05-06 09:20:00+05:30,2022-05-12,development,CALL,3245.2642346000007,-4083.670647099997,7328.934881699997,3415.2752504414034,-3415.2752504414034,,,False,3245.2642346000007,20.290000915527344,-0.07266902679275744,0,0,0,31.200000762939453,0.2048818505059806,0.1720594193682588,,0.0051384550796576,1.6637275154935254,1
2022-05-11 09:46:00+05:30,2022-05-12,development,CALL,3158.085710300001,-3987.623033799993,7145.708744099995,-4019.226953872034,4019.226953872034,,,False,3158.085710300001,22.299999237060547,0.012255948343147915,1,0,0,32.9900016784668,-0.0519750358922645,0.1762403512768367,,0.0139521248854985,1.7685446707298944,1
2022-05-13 09:20:00+05:30,2022-05-19,development,CALL,-4127.926908999994,2549.957429600001,-6677.884338599995,-3649.789482492999,3649.789482492999,,,False,-4127.926908999994,24.270000457763672,0.06447373990757388,1,1,1,31.770000457763672,-0.0245621206214794,0.1813762219644898,,0.0076259625280849,0.8916074357572444,1
2022-05-17 14:56:00+05:30,2022-05-19,development,PUT,-4044.105012999996,3040.8774503000013,7084.982463299997,-3686.68656530769,-3686.68656530769,,,False,-4044.105012999996,24.530000686645508,0.04427419862328241,1,1,1,27.46999931335449,-0.049708547633251,0.18433323208447,,-0.0099533492084976,0.4452588714368819,1
2022-05-20 09:20:00+05:30,2022-05-26,development,CALL,-4466.592941200001,2774.711349499995,-7241.304290699996,-5955.511064733801,5955.511064733801,,,False,-4466.592941200001,24.559999465942383,0.1013453052108595,1,1,1,29.350000381469727,-0.0534034598788589,0.2168807653718376,,-0.0193528149203957,0.3761922930179321,1
2022-05-23 13:31:00+05:30,2022-05-26,development,PUT,-4909.635187299999,3135.993369800001,8045.628557099999,1575.1478700993357,1575.1478700993357,,,False,-4909.635187299999,23.100000381469727,-0.05944621808714823,1,0,0,29.43000030517578,0.0027220133435583,0.2370964571286899,,-0.0253715303934191,0.3477724996790345,1
2022-05-24 14:30:00+05:30,2022-05-26,development,CALL,2917.6059023000007,2846.1035051000017,71.502397199999,1058.7123990576247,-1058.7123990576247,,,False,2917.6059023000007,23.399999618530277,0.01298697974486629,1,0,0,28.479999542236328,-0.0328125021443165,0.2344721899575851,,-0.0792373948189336,1.765734774853482,1
2022-05-27 09:20:00+05:30,2022-06-02,development,CALL,-3909.677243499997,2477.6117603000034,-6387.2890038000005,-2790.1013652266997,2790.1013652266997,,,False,-3909.677243499997,22.71999931335449,-0.10126587435748657,1,0,0,27.5,-0.031146273729954,0.2262628241799718,,-0.0040544747621154,0.4905224323636672,1
2022-05-30 09:31:00+05:30,2022-06-02,development,PUT,2950.8104438000005,3795.1906910000016,844.3802472000011,-2457.47002817771,-2457.47002817771,,,False,2950.8104438000005,21.479999542236328,-0.05457745636415168,1,0,0,25.71999931335449,-0.0669171320000555,0.2255551333288119,,-0.0244156298726766,0.3942023443589781,1
2022-06-03 09:20:00+05:30,2022-06-09,development,PUT,-3676.059975099998,3222.6869072000018,6898.7468823,-1028.9576154161177,-1028.9576154161177,,,False,-3676.059975099998,20.31999969482422,-0.025419696736146857,0,0,0,24.71999931335449,-0.0384892270977651,0.2242423999626362,,-0.0004570620185777,0.3648073627664285,1
2022-06-06 09:26:00+05:30,2022-06-09,development,CALL,3046.5989132000013,2609.592394700001,437.0065185000003,1915.3878135214013,-1915.3878135214013,,,False,3046.5989132000013,19.979999542236328,-0.016732291225107332,0,0,0,24.790000915527344,0.0028277781658475,0.2162000664059481,,0.0156992540149683,2.398144834989403,1
2022-06-08 13:32:00+05:30,2022-06-09,development,CALL,2787.951441799999,3116.061840800001,-328.110399000002,-2413.26183273937,2413.26183273937,,,False,2787.951441799999,20.43000030517578,0.011386115522248108,1,0,0,24.020000457763672,-0.0427850642878126,0.2170445524412887,,0.008472043694829,5.484942739997172,1
2022-06-10 09:20:00+05:30,2022-06-16,development,CALL,3310.400179400001,-6385.691397100013,9696.091576500014,2106.851212294136,-2106.851212294136,,,False,3310.400179400001,19.13999938964844,-0.03528229624777213,0,0,0,26.09000015258789,0.0851663699605663,0.1999773885819235,,-0.0063452675578371,1.4427482711577362,1
2022-06-13 09:28:00+05:30,2022-06-16,development,CALL,2997.6298229000017,2977.549391600003,20.08043129999851,2619.5520596297156,-2619.5520596297156,,,False,2997.6298229000017,19.57999992370605,0.022988534382899495,0,0,0,27.75,0.0616837351952862,0.2107943436158154,,0.0026906933516107,2.014731925159767,1
2022-06-17 09:20:00+05:30,2022-06-23,development,CALL,-4408.170633699996,2753.115096199996,-7161.285729899992,-1478.5015786609883,1478.5015786609883,,,False,-4408.170633699996,22.8700008392334,0.03250569901142497,1,0,0,32.95000076293945,0.1065414469299879,0.2032135593060422,,0.0224158287536221,1.3189022525736418,1
2022-06-21 12:50:00+05:30,2022-06-23,development,PUT,-3071.531006499996,3619.2956197999993,6690.826626299995,2135.851942764057,2135.851942764057,,,False,-3071.531006499996,22.40999984741211,-0.01537787249341016,1,0,0,,,0.1714587759168765,,0.0041130656112783,0.5176512272112349,1
2022-06-22 10:04:00+05:30,2022-06-23,development,CALL,-4370.181302199999,1974.0859172000012,-6344.267219400001,1528.9056148663112,-1528.9056148663112,,,False,-4370.181302199999,21.13999938964844,-0.056671149772913876,1,0,0,30.190000534057617,,0.1869854240190394,,-0.0004202513600466,1.751509473245888,1
2022-06-24 09:20:00+05:30,2022-06-30,development,PUT,2628.063222500004,3534.8784953000013,906.8152727999976,-1943.7263098216677,-1943.7263098216677,,,False,2628.063222500004,20.8799991607666,-0.01971831414731573,1,0,0,29.049999237060547,0.0034482266622454,0.1922366253477649,,-0.0038329370255467,0.1663042087757451,1
2022-07-01 09:20:00+05:30,2022-07-07,development,PUT,2776.1720507000014,-3754.253808999996,-6530.425859699997,-1270.952719390034,-1270.952719390034,,,False,2776.1720507000014,21.84000015258789,-0.002739701688926899,1,0,0,28.709999084472656,0.019342936372938,0.1761665565097087,,-0.0336286823788607,1.515153696638111,1
2022-07-05 09:56:00+05:30,2022-07-07,development,PUT,2315.965415900001,3205.566539000001,889.6011230999998,462.60950180461987,462.60950180461987,,,False,2315.965415900001,20.96999931335449,-0.013176502900965281,1,0,0,,,0.1783183894552975,,-0.0152127958465632,0.4849814595916252,1
2022-07-08 09:20:00+05:30,2022-07-14,development,PUT,-3321.634753899996,3002.1772889000017,6323.8120427999975,743.9084913134984,743.9084913134984,,,False,-3321.634753899996,19.200000762939453,-0.052787354250620866,0,0,0,26.07999992370605,-0.0246177788922919,0.1832309132076655,,-0.0063246795449443,0.668808911739503,1
2022-07-15 09:20:00+05:30,2022-07-21,development,CALL,-4389.512242899999,2743.4911568000016,-7133.0033997,-148.9740448732373,148.9740448732373,,,False,-4389.512242899999,18.34000015258789,-0.009719238700144017,0,0,0,26.399999618530277,-0.0157838707722084,0.1248889766988705,,-0.0058673269063658,0.2768184196755625,1
2022-07-18 14:49:00+05:30,2022-07-21,development,PUT,2690.0408216,-6260.038173700005,-8950.078995300006,1728.486626485772,1728.486626485772,,,False,2690.0408216,17.600000381469727,-0.04034895119745929,0,0,0,24.229999542236328,-0.0857724797666591,0.1238508525135296,,0.0169401860830709,0.5721534099388151,1
2022-07-20 10:37:00+05:30,2022-07-21,development,PUT,2817.1157048000005,3016.949663299999,199.8339584999985,-306.27209257069535,-306.27209257069535,,,False,2817.1157048000005,17.200000762939453,0.0023310557041396063,0,0,0,24.5,-0.0321312480270831,0.1169640970157216,,-0.0159633309325824,0.7338239978158985,1
2022-07-22 09:20:00+05:30,2022-07-28,development,PUT,-3728.413254099997,2826.5027009,6554.915954999997,-1786.1563518308708,-1786.1563518308708,,,False,-3728.413254099997,16.860000610351562,0.0023781757582108654,0,0,0,23.11000061035156,-0.0327758026836222,0.1007150162727786,,-0.0168796877422577,0.411457437325034,1
2022-07-27 09:30:00+05:30,2022-07-28,development,CALL,-5228.286628599996,2726.563711399999,-7954.850339999995,-544.8205002296941,544.8205002296941,,,False,-5228.286628599996,18.170000076293945,0.02771491870250231,0,0,0,24.690000534057617,0.0553731408995216,0.1092121223569668,,-0.0065173264967278,2.3624292719728404,1
2022-07-27 13:01:00+05:30,2022-07-28,development,PUT,2455.5691808,-4796.340123399997,-7251.909304199997,1168.7305703586107,1168.7305703586107,,,False,2455.5691808,18.170000076293945,0.02771491870250231,0,0,0,24.690000534057617,0.0553731408995216,0.1092121223569668,,0.0153845406309875,0.7483280296704206,1
2022-07-29 09:20:00+05:30,2022-08-04,development,PUT,2786.5072007000035,-4276.768767699997,-7063.2759684,1610.73656762277,1610.73656762277,,,False,2786.5072007000035,17.010000228881836,-0.06177600572141495,0,0,0,22.32999992370605,-0.0399438596996846,0.1208993052263103,,0.0107524063294666,0.5378112826659517,1
2022-08-03 15:01:00+05:30,2022-08-04,development,PUT,-3374.6716831,2432.4406454000004,5807.1123285,-2106.367377863646,-2106.367377863646,,,False,-3374.6716831,18.530000686645508,0.059462603152501625,0,1,0,23.93000030517578,0.0466195232045951,0.1249895313176504,,-0.0059053319242948,0.4044529741440211,1
2022-08-05 09:20:00+05:30,2022-08-11,development,CALL,-3247.001571399996,2960.500604299997,-6207.502175699993,-1043.3510107919901,1043.3510107919901,,,False,-3247.001571399996,19.26000022888184,0.0439024082627375,0,1,0,21.440000534057617,-0.0235088131672366,0.1223678448543619,,0.010623488139919,0.7345385347288297,1
2022-08-12 09:20:00+05:30,2022-08-18,development,PUT,2908.125124700001,-3985.2141786999982,-6893.339303399999,-277.94244563270877,-277.94244563270877,,,False,2908.125124700001,18.36000061035156,-0.06278711243776303,0,0,0,20.200000762939453,0.0230356197659272,0.105940672277298,,0.001139923494978,1.0436367423453448,1
2022-08-17 10:34:00+05:30,2022-08-18,development,PUT,2129.443130599999,2179.6524389,50.20930830000043,-706.8367325582417,-706.8367325582417,,,False,2129.443130599999,17.68000030517578,0.003974996729021685,0,0,0,19.690000534057617,-0.0131182618041251,0.1035293512670306,,0.0008583939988261,0.9784866347708234,1
2022-08-19 09:20:00+05:30,2022-08-25,development,PUT,-4101.187961200006,3227.3721752,7328.560136400006,-847.6525493019944,-847.6525493019944,,,False,-4101.187961200006,17.350000381469727,-0.018665153733591677,0,0,0,19.559999465942383,-0.0172330752580017,0.0992895898951589,,0.002027900981169,1.019194937598875,1
2022-08-19 12:30:00+05:30,2022-08-25,development,CALL,3030.873025100003,-4045.769737299993,7076.642762399995,-1348.2548518462613,1348.2548518462613,,,False,3030.873025100003,17.350000381469727,-0.018665153733591677,0,0,0,19.559999465942383,-0.0172330752580017,0.0992895898951589,,0.0109685681814587,1.848542406474523,1
2022-08-23 09:20:00+05:30,2022-08-25,development,CALL,-4092.688257699996,2915.869597100001,-7008.557854799998,-490.3111502373149,490.3111502373149,,,False,-4092.688257699996,19.040000915527344,0.04100601216281441,0,1,0,23.799999237060547,0.1443944543076658,0.129294861405126,,0.0018334134653428,1.8706521739130435,1
2022-08-23 09:52:00+05:30,2022-08-25,development,PUT,2616.3722530999985,2605.193831000003,-11.178422099995714,-1982.4152628872562,-1982.4152628872562,,,False,2616.3722530999985,19.040000915527344,0.04100601216281441,0,1,0,23.799999237060547,0.1443944543076658,0.129294861405126,,0.010789689572282,0.7025751535394893,1
2022-08-26 09:20:00+05:30,2022-09-01,development,PUT,-6889.068337900008,3210.681673100001,10099.750011000007,-1159.6500781148134,-1159.6500781148134,,,False,-6889.068337900008,19.56999969482422,0.061855635961562516,0,1,0,21.780000686645508,-0.04664518202952,0.1209844900465385,,0.0106380531421833,0.8184619954699046,1
2022-08-29 09:20:00+05:30,2022-09-01,development,CALL,-3949.170915999997,2309.957248700001,-6259.128164699998,2676.370751397867,-2676.370751397867,,,False,-3949.170915999997,18.21999931335449,-0.06898315802359323,0,0,0,25.559999465942383,0.1600364595838233,0.1185573792170483,,0.0256967289519461,1.8187947538079183,1
2022-08-30 09:21:00+05:30,2022-09-01,development,PUT,2363.1982010000006,-4544.610312399999,-6907.808513399999,-1718.3978498950823,-1718.3978498950823,,,False,2363.1982010000006,19.81999969482422,0.08781561151305839,0,1,0,26.209999084472656,0.025112373789794,0.1198867778857665,,-0.0206828405864957,0.6468082118027108,1
2022-09-02 09:20:00+05:30,2022-09-08,development,PUT,2856.427554799999,3446.2832903,589.8557355000007,-538.0657576482736,-538.0657576482736,,,False,2856.427554799999,19.8700008392334,0.06256684644701771,0,1,0,25.559999465942383,-0.012055420023286,0.1461034594129317,,-0.0080038576545146,0.8129377417916672,1
2022-09-09 09:20:00+05:30,2022-09-15,development,PUT,2699.675861300002,3629.068461500001,929.3926001999988,2115.2329425328853,2115.2329425328853,,,False,2699.675861300002,18.309999465942383,-0.05472386821708408,0,0,0,23.61000061035156,-0.0427007369457356,0.1499656424358386,,0.009206342942622,0.521223963746726,1
2022-09-16 09:20:00+05:30,2022-09-22,development,PUT,-4092.776679400002,3165.405676400001,7258.182355800004,-433.7058497126982,-433.7058497126982,,,False,-4092.776679400002,18.38999938964844,0.006017434292729051,0,0,0,26.270000457763672,0.0041961003666605,0.1506700483360537,,-0.0017250546552179,1.2905166076321593,1
2022-09-19 09:23:00+05:30,2022-09-22,development,CALL,-4475.814574900001,2899.7467630999986,-7375.561337999999,-2629.0287573722144,2629.0287573722144,,,False,-4475.814574900001,19.81999969482422,0.07775967116022375,0,1,0,26.299999237060547,0.0011412890518258,0.1655449562402289,,0.0224463336466605,3.755210981189629,1
2022-09-20 09:20:00+05:30,2022-09-22,development,PUT,-3610.6537860999993,2902.486343000001,6513.1401291,267.08917070159805,267.08917070159805,,,False,-3610.6537860999993,19.940000534057617,0.006054532849702143,0,0,0,25.76000022888184,-0.0207460000532965,0.1627105300317254,,-0.0103011731884955,0.5639389559985093,1
2022-09-23 09:20:00+05:30,2022-09-29,development,CALL,3145.5732887000017,-4849.013788300003,7994.587077000006,-289.4709902720888,289.4709902720888,,,False,3145.5732887000017,18.81999969482422,-0.02638387123097574,0,0,0,27.350000381469727,-0.0231307525343954,0.1594357045841627,,-0.001255069987099,1.6913659793814433,1
2022-09-26 11:46:00+05:30,2022-09-29,development,CALL,2757.2602565000034,2995.066705700002,-237.8064491999985,-4619.875308381719,4619.875308381719,,,False,2757.2602565000034,20.59000015258789,0.09404891001408733,1,1,1,29.920000076293945,0.0898106128405129,0.1703434044884111,,0.0110320351085391,2.1439224906033334,1
2022-09-28 14:44:00+05:30,2022-09-29,development,CALL,2354.968741699999,2936.0051492000007,-581.0364075000016,-1895.1116767336066,1895.1116767336066,,,False,2354.968741699999,21.56999969482422,-0.014618533748134599,1,0,0,32.599998474121094,0.0104842208988469,0.1747799576342166,,-0.0139600248172322,2.0490241771045734,1
2022-09-30 09:20:00+05:30,2022-10-06,development,CALL,-4290.130201900009,2880.989231000002,-7171.11943290001,236.1912995087987,-236.1912995087987,,,False,-4290.130201900009,21.299999237060547,-0.036199146181009056,1,0,0,31.84000015258789,0.0535439023169578,0.1417316339765843,,-0.0037631863373348,0.9889597502938288,1
2022-09-30 12:42:00+05:30,2022-10-06,development,PUT,2973.5806940000034,-5636.388027999996,-8609.968722,492.4188381497315,492.4188381497315,,,False,2973.5806940000034,21.299999237060547,-0.036199146181009056,1,0,0,31.84000015258789,0.0535439023169578,0.1417316339765843,,-0.0008503211777404,0.2570855958942137,1
2022-10-07 09:20:00+05:30,2022-10-13,development,PUT,-4286.359786899999,3091.957591100001,7378.317378,664.3003028890289,664.3003028890289,,,False,-4286.359786899999,19.31999969482422,-0.012774655283521508,0,0,0,30.520000457763672,0.0667253120359699,0.1810953839106239,,-0.0119005530843263,1.031406159209762,1
2022-10-11 15:02:00+05:30,2022-10-13,development,CALL,3049.382513600001,2618.3014811000007,431.0810325000002,-160.2757642995566,160.2757642995566,,,False,3049.382513600001,19.6200008392334,0.04306227518813133,0,1,0,32.45000076293945,0.0341672517163818,0.1764749745639786,,0.0142780162703597,1.986209752879999,1
2022-10-14 09:20:00+05:30,2022-10-20,development,CALL,-3093.061038699999,2532.120491000001,-5625.181529699999,2402.8969168693475,-2402.8969168693475,,,False,-3093.061038699999,20.290000915527344,0.005450971689200168,0,0,0,31.940000534057617,-0.0497736423936962,0.1813032502654453,,0.0105216370392261,0.7060416008663087,1
2022-10-19 09:20:00+05:30,2022-10-20,development,PUT,2008.955183,2253.5414906,244.58630760000003,2380.066196575681,2380.066196575681,,,False,2008.955183,17.450000762939453,-0.05266011451340091,0,0,0,30.5,-0.0281253653419587,0.1795440082570895,,-0.032211767046858,0.5286563481381785,1
2022-10-21 09:20:00+05:30,2022-10-27,development,PUT,2808.4066184000026,3470.249738,661.8431195999974,337.67275190473356,337.67275190473356,,,False,2808.4066184000026,17.229999542236328,-0.014865650788125406,0,0,0,29.979999542236328,-0.0256846746728519,0.1742843603480937,,-0.0195729063310837,0.3097760231403667,1
2022-10-28 09:20:00+05:30,2022-11-03,development,PUT,2429.1774179000004,-3642.546528699996,-6071.723946599996,1117.1223416142793,1117.1223416142793,,,False,2429.1774179000004,16.600000381469727,-0.01658760623327893,0,0,0,27.38999938964844,0.0040241028456983,0.1487519186424665,,0.0076947913068406,0.569302915609533,1
2022-11-01 09:20:00+05:30,2022-11-03,development,PUT,2481.812041400002,3149.3601638,667.5481223999982,695.6463252321673,695.6463252321673,,,False,2481.812041400002,15.800000190734863,-0.0075376812175880215,0,0,0,25.8799991607666,0.0050358100950793,0.145888866127873,,0.0085499869705491,0.6183857922432274,1
2022-11-04 09:20:00+05:30,2022-11-10,development,PUT,2328.356495600002,3663.992848100002,1335.6363525000002,481.9256417985471,481.9256417985471,,,False,2328.356495600002,15.9399995803833,-0.043217303338730195,0,0,0,25.299999237060547,-0.0218930313680952,0.1083237099257063,,0.0157895456441147,0.7599075133011784,1
2022-11-09 09:20:00+05:30,2022-11-10,development,PUT,-3594.1615665999952,3852.4279013,7446.589467899996,1213.2837107282512,1213.2837107282512,,,False,-3594.1615665999952,15.59000015258789,-0.004469967784564655,0,0,0,25.540000915527344,0.0477140212564888,0.1080135834623958,,0.0266069193529779,0.6946787408365674,1
2022-11-09 14:45:00+05:30,2022-11-10,development,CALL,2954.7626813000006,-2907.6078685000007,5862.370549800002,724.1395634494174,-724.1395634494174,,,False,2954.7626813000006,15.59000015258789,-0.004469967784564655,0,0,0,25.540000915527344,0.0477140212564888,0.1080135834623958,,0.0322896617746917,0.9178885630498532,1
2022-11-11 09:20:00+05:30,2022-11-17,development,CALL,3232.415728400001,2572.3915952000007,660.0241332000005,771.8382169990555,-771.8382169990555,,,False,3232.415728400001,15.56999969482422,-0.02198494847942245,0,0,0,23.530000686645508,-0.1032758730761819,0.0920684093403915,,0.0268105823471937,0.5821287349811004,1
2022-11-18 09:20:00+05:30,2022-11-24,development,CALL,3231.4511144,-3355.0708788999955,6586.521993299995,1123.6050646428866,-1123.6050646428866,,,False,3231.4511144,14.880000114440918,-0.014569553739799068,0,0,0,23.93000030517578,-0.0074938028352308,0.0951199467210249,,0.0334058593699138,1.0600703324808185,1
2022-11-22 14:23:00+05:30,2022-11-24,development,CALL,-2331.576353500001,1966.1045015,-4297.6808550000005,773.1041140933403,-773.1041140933403,,,False,-2331.576353500001,14.800000190734863,0.028491997055605234,0,0,0,22.36000061035156,-0.0334244045197189,0.1029874675722877,,0.0581661708864155,1.2391330298799508,1
2022-11-25 09:20:00+05:30,2022-12-01,development,PUT,2244.336317000001,-3351.763630899999,-5596.0999479,1985.6213574684043,1985.6213574684043,,,False,2244.336317000001,13.479999542236328,-0.03988606988164045,0,0,0,,,0.1041584209256628,,0.0356969390883371,0.8942745990052985,1
2022-11-30 14:01:00+05:30,2022-12-01,development,PUT,1309.2222538999995,-4256.2140691,-5565.436323,5.728657217319778,5.728657217319778,,,False,1309.2222538999995,13.619999885559082,0.0036846125172671496,0,0,0,21.88999938964844,-0.014512713032828,0.0963225814104935,,0.0037657215127024,1.047375014235281,1
2022-12-02 09:20:00+05:30,2022-12-08,development,PUT,-3212.446570299996,3452.181215900002,6664.627786199998,1046.8671243332747,1046.8671243332747,,,False,-3212.446570299996,13.359999656677246,-0.03258513752832626,0,0,0,19.84000015258789,-0.0366196171510661,0.0945818339162812,,0.0448914930850616,1.3738509109142572,1
2022-12-05 10:04:00+05:30,2022-12-08,development,CALL,2768.394658100002,2411.2853585000007,357.1092996000011,981.4937582911543,-981.4937582911543,,,False,2768.394658100002,13.449999809265137,0.006736538540471404,0,0,0,19.059999465942383,-0.0401082393414049,0.0982045790979463,,0.0483977201861646,1.5288754641689295,1
2022-12-09 09:20:00+05:30,2022-12-15,development,CALL,3129.8585009000008,-3765.834536800001,6895.693037700002,1653.3128441784547,-1653.3128441784547,,,False,3129.8585009000008,13.399999618530272,-0.04829547648156518,0,0,0,22.290000915527344,-0.0173453038440404,0.0951379715268021,,0.0485211490543887,0.9583299266890144,1
2022-12-16 09:20:00+05:30,2022-12-22,development,CALL,3200.2198214000014,-3419.0381865999984,6619.258008,-157.83930719826094,157.83930719826094,,,False,3200.2198214000014,13.729999542236328,0.06516673208226154,0,1,0,22.82999992370605,0.0769085056296653,0.0924788772408759,,0.0161316720200577,1.3591279811371806,1
2022-12-23 09:20:00+05:30,2022-12-29,development,CALL,4000.305145999999,-3146.616255699999,7146.921401699998,1292.9194805692896,-1292.9194805692896,,,False,4000.305145999999,15.1899995803833,-0.023778973602528564,0,0,0,21.96999931335449,0.0904517075400629,0.0927828630583895,,0.0672451708355706,2.5356213062729225,1
2022-12-30 09:20:00+05:30,2023-01-05,development,CALL,2976.8439215000017,-3672.416261799997,6649.260183299999,932.7253183441298,-932.7253183441298,,,False,2976.8439215000017,14.8100004196167,-0.03831163724209752,0,0,0,21.440000534057617,-0.0321275386006644,0.1173502927680272,,0.0159776237678224,0.6452469293756398,1
2023-01-04 14:20:00+05:30,2023-01-05,development,CALL,2699.7696427999995,-3029.7770005,5729.5466433,-472.14245358314565,472.14245358314565,,,False,2699.7696427999995,14.390000343322754,-0.020422004467662402,0,0,0,22.899999618530277,,0.1193187130468985,,0.0040062626716666,0.9344810654882464,1
2023-01-06 09:20:00+05:30,2023-01-12,development,CALL,3123.9054545000013,-3207.2816751999985,6331.1871297,84.61643570452998,-84.61643570452998,,,False,3123.9054545000013,14.979999542236328,-0.014473701959832108,0,0,0,22.459999084472656,0.0202390026103621,0.1225341555025669,,0.0268634112432142,0.947688828094316,1
2023-01-13 09:20:00+05:30,2023-01-19,development,CALL,-3919.0695993999934,2728.8125639000027,-6647.882163299997,1106.9648305057553,-1106.9648305057553,,,False,-3919.0695993999934,15.279999732971191,-0.01036268469951196,0,0,0,18.82999992370605,-0.1133476631084277,0.127984368240638,,0.0268137387347999,1.7695858314727944,1
2023-01-17 15:08:00+05:30,2023-01-19,development,PUT,1814.8537877000008,-3419.6445153999985,-5234.498303099999,22.55559896212617,22.55559896212617,,,False,1814.8537877000008,15.020000457763672,0.038727553121670866,0,0,0,,,0.1235468481689055,,0.0101891344992268,0.5020808807680192,1
2023-01-20 09:20:00+05:30,2023-01-25,development,PUT,-4261.781269899998,3665.949636500002,7927.7309064,947.7740517946913,947.7740517946913,,,False,-4261.781269899998,13.960000038146973,-0.028531652795914964,0,0,0,20.520000457763672,0.0088106444884628,0.1259402537535715,,0.0149614833508963,0.9514324150793408,1
2023-01-27 09:20:00+05:30,2023-02-02,development,CALL,3334.5760100000043,-4010.4212251,7344.997235100004,307.0445113390151,-307.0445113390151,,,False,3334.5760100000043,14.65999984741211,0.07320644298465706,0,1,0,18.729999542236328,-0.0185141700056411,0.1089606188753632,,0.0433609373989059,2.044080302812515,1
2023-02-01 14:19:00+05:30,2023-02-02,development,CALL,2275.181764400001,-3069.4253158,5344.607080200001,876.6456647499408,-876.6456647499408,,,False,2275.181764400001,16.8799991607666,-0.04686617541577187,0,0,0,19.399999618530277,-0.0274547449110282,0.1189065044725732,,0.0361572131644752,2.1139005392450567,1
2023-02-03 09:20:00+05:30,2023-02-09,development,CALL,3229.2738428000016,2400.0131549,829.2606879000018,2087.0691030893904,-2087.0691030893904,,,False,3229.2738428000016,15.729999542236328,-0.06257455908478182,0,0,0,18.729999542236328,0.0470031158812725,0.1137189519491831,,0.0137414336424084,0.8016890781025561,1
2023-02-10 09:20:00+05:30,2023-02-16,development,CALL,-3415.565576199999,2526.5368301000017,-5942.1024063,1704.613744760969,-1704.613744760969,,,False,-3415.565576199999,13.039999961853027,-0.0411765002874348,0,0,0,20.709999084472656,0.0535576656646979,0.1119319269477984,,0.0029006827306574,1.1949398165513008,1
2023-02-15 15:05:00+05:30,2023-02-16,development,PUT,1593.9858841999994,-4069.5980023,-5663.5838865,-289.24041666042376,-289.24041666042376,,,False,1593.9858841999994,13.449999809265137,-0.016812901372788902,0,0,0,18.90999984741211,-0.0728985235210745,0.1154322941828357,,0.0005281809186925,0.6086030378337923,1
2023-02-17 09:20:00+05:30,2023-02-23,development,PUT,-5477.888928999997,2844.6263438,8322.515272799996,197.14359889209845,197.14359889209845,,,False,-5477.888928999997,12.890000343322754,0.0023328683861925104,0,0,0,20.170000076293945,0.1011277921685539,0.1098849662511275,,0.0126739921598533,1.7021101671690877,1
2023-02-22 09:20:00+05:30,2023-02-23,development,CALL,2504.510710699999,-3462.384955299998,5966.895665999998,312.4908194442787,-312.4908194442787,,,False,2504.510710699999,14.010000228881836,0.04708520994412879,0,1,0,22.8700008392334,,0.1094171130018376,,0.0174119209093916,1.9410104112559,1
2023-02-24 09:20:00+05:30,2023-03-02,development,CALL,2886.9809381000027,-3650.913789999999,6537.894728100002,779.4465049897999,-779.4465049897999,,,False,2886.9809381000027,15.079999923706056,-0.032713292103283,0,0,0,21.13999938964844,-0.0529712369010227,0.1138808664048104,,0.0232524949069627,0.6215798434261046,1
2023-02-28 10:44:00+05:30,2023-03-02,development,CALL,2711.9402393,3025.013760199999,-313.07352089999904,901.5052751952853,-901.5052751952853,,,False,2711.9402393,13.880000114440918,-0.021846333693408715,0,0,0,20.950000762939453,-0.0337901362836813,0.0994426912642997,,0.0083952367161931,1.7706190463267024,1
2023-03-03 09:20:00+05:30,2023-03-09,development,CALL,-4090.196721399994,2274.4651940000003,-6364.6619153999945,959.6925077701735,-959.6925077701735,,,False,-4090.196721399994,12.970000267028809,-0.0023076717670147406,0,0,0,19.59000015258789,-0.0493004869531949,0.1085217771469164,,0.0088935288290736,0.6281426622490742,1
2023-03-03 13:44:00+05:30,2023-03-09,development,PUT,2365.265230999999,-4172.342792799998,-6537.608023799998,-320.6544112256897,-320.6544112256897,,,False,2365.265230999999,12.970000267028809,-0.0023076717670147406,0,0,0,19.59000015258789,-0.0493004869531949,0.1085217771469164,,0.0030373139555335,0.8186272787944782,1
2023-03-10 09:20:00+05:30,2023-03-16,development,PUT,-3915.2498040999953,2735.9782679000014,6651.228071999996,870.427706926208,870.427706926208,,,False,-3915.2498040999953,12.729999542236328,0.022489938735807735,0,0,0,22.61000061035156,0.1681805230936013,0.1139009147634014,,0.0056138353869272,1.4904468334437255,1
2023-03-13 14:09:00+05:30,2023-03-16,development,CALL,2647.3003817000003,-3221.817106299996,5869.117487999996,-1019.625131883106,1019.625131883106,,,False,2647.3003817000003,13.40999984741211,0.053417150795617596,0,1,0,24.799999237060547,0.0924513091226086,0.1182465174476421,,0.0106771840839084,1.7752303708016302,1
2023-03-15 14:37:00+05:30,2023-03-16,development,CALL,2460.474931999999,-4218.544742799997,6679.019674799996,1099.683223879153,-1099.683223879153,,,False,2460.474931999999,16.219999313354492,0.0,0,0,0,23.729999542236328,-0.1111591314215677,0.1283745522819521,,0.0184895772745654,1.1448434255222588,1
2023-03-17 09:20:00+05:30,2023-03-23,development,CALL,3229.0809200000017,-4050.234522099999,7279.315442100001,1061.098949004957,-1061.098949004957,,,False,3229.0809200000017,16.219999313354492,-0.004907971009235568,0,0,0,22.989999771118164,-0.1284073560273653,0.1192667543764598,,0.0244189348619848,0.763715774047042,1
2023-03-24 09:20:00+05:30,2023-03-29,development,CALL,3126.192967699999,2166.9470945,959.2458731999996,1488.7671942359248,-1488.7671942359248,,,False,3126.192967699999,14.489999771118164,-0.02160706545792368,0,0,0,22.61000061035156,0.0156009571550382,0.1193679831474726,,0.0150876441914266,2.031874064919014,1
2023-03-28 14:39:00+05:30,2023-03-29,development,CALL,-2750.5143499000005,2744.604673099999,-5495.119022999999,701.0625226930733,-701.0625226930733,,,False,-2750.5143499000005,15.449999809265137,0.013779530269085072,0,0,0,20.600000381469727,-0.0538627768514368,0.1222336747738035,,0.0369850422425241,0.8125633765720682,1
2023-03-31 09:20:00+05:30,2023-04-06,development,PUT,2149.6502636,-4197.400556199998,-6347.050819799998,354.95069157667604,354.95069157667604,,,False,2149.6502636,13.630000114440918,-0.09735100860214219,0,0,0,19.020000457763672,-0.0052438703314797,0.1248180455996895,,0.0044414323087556,0.937477980433074,1
2023-04-05 09:20:00+05:30,2023-04-06,development,PUT,2621.829212300001,-3462.2911738000007,-6084.120386100001,-614.8264170128868,-614.8264170128868,,,False,2621.829212300001,12.59000015258789,-0.02704787010395271,0,0,0,19.0,0.0239692312418086,0.1324666258059729,,-0.0011035478405116,0.6368403652572419,1
2023-04-10 09:20:00+05:30,2023-04-13,development,PUT,2619.899984300001,-3900.014262699999,-6519.914247000001,-282.43988747994626,-282.43988747994626,,,False,2619.899984300001,11.800000190734863,-0.049153881077964034,0,0,0,,,0.1220376953178314,,0.0040697232986762,0.5462044481570429,1
2023-04-12 14:45:00+05:30,2023-04-13,development,PUT,1850.1640199,1881.9465209,31.78250099999991,-740.7543343795742,-740.7543343795742,,,False,1850.1640199,11.979999542236328,-0.023634955558933912,0,0,0,19.100000381469727,0.0068296072742882,0.1186917789684302,,0.0204434203294994,1.0492235650858954,1
2023-04-17 09:20:00+05:30,2023-04-20,development,PUT,2187.358250599999,2725.571537000001,538.2132864000023,2037.8156165016808,2037.8156165016808,,,False,2187.358250599999,11.90999984741211,-0.029339901949537173,0,0,0,17.06999969482422,-0.041875895507824,0.0957656499315812,,0.0283049986533522,2.4520281933256616,1
2023-04-21 09:20:00+05:30,2023-04-27,development,PUT,2543.9439025999995,-3910.762818699999,-6454.706721299998,312.58853032561547,312.58853032561547,,,False,2543.9439025999995,11.9399995803833,-0.01728395429961116,0,0,0,17.170000076293945,0.042230539725252,0.0945312618029532,,0.025416980863003,0.9479249273063706,1
2023-04-26 14:15:00+05:30,2023-04-27,development,PUT,2432.9367326000006,-2194.535705800001,-4627.472438400002,706.866877858015,706.866877858015,,,False,2432.9367326000006,11.520000457763672,-0.012853437664921308,0,0,0,18.76000022888184,0.1050052610957546,0.0896589291888728,,0.022965854533016,0.7900791909717977,1
2023-04-28 09:20:00+05:30,2023-05-04,development,PUT,2350.752000500001,-5953.804991799996,-8304.556992299997,1560.4152873041448,1560.4152873041448,2637.082387764938,0.84,False,2350.752000500001,11.43000030517578,-0.01888406185048841,0,0,0,17.030000686645508,-0.101005742253006,0.0791938532267475,,0.039505414089645,1.2327958873700198,1
2023-05-03 14:34:00+05:30,2023-05-04,development,PUT,2014.3019006,-2217.1681539999995,-4231.4700546,-2079.4634888699993,-2079.4634888699993,2629.0287573722144,0.0891089108910891,False,2014.3019006,11.899999618530272,0.08675797496008264,0,1,0,17.780000686645508,0.1004980096985682,0.0794539245382809,,0.0063648220327306,0.6482643935691481,1
2023-05-05 09:20:00+05:30,2023-05-11,development,PUT,1992.705647299999,-3518.1890247999986,-5510.8946720999975,1733.596660856294,1733.596660856294,2618.24041114057,0.8725490196078431,False,1992.705647299999,11.729999542236328,-0.0092905919707712,0,0,0,20.09000015258789,0.0911377112737898,0.0686365105244408,,0.0195322378644869,1.7448036179740236,1
2023-05-10 15:08:00+05:30,2023-05-11,development,PUT,2373.0097034000005,2614.977772999999,241.96806959999867,-1468.3830657295402,-1468.3830657295402,2607.452064908928,0.18446601941747573,False,2373.0097034000005,12.68000030517578,0.003164553858114205,0,0,0,17.709999084472656,0.042093246175029,0.0846933469155356,,0.0140612747323193,0.7198097115941349,1
2023-05-12 09:20:00+05:30,2023-05-18,development,PUT,2855.9976887000007,-3760.1570943999945,-6616.154783099995,762.7557226243543,762.7557226243543,2596.6637186772864,0.7307692307692307,False,2855.9976887000007,13.220000267028809,0.010703390224721332,0,0,0,16.93000030517578,-0.0005905065795475,0.0841842998113706,,0.0109137280047752,1.2756947507719454,1
2023-05-19 09:20:00+05:30,2023-05-25,development,PUT,2662.943588600001,-4306.362896799997,-6969.306485399997,2318.44598291668,2318.44598291668,2585.875372445645,0.9238095238095239,False,2662.943588600001,12.800000190734863,-0.023646031583570037,0,0,0,16.049999237060547,-0.0498281442641097,0.0861411205405578,,0.0398400134747517,1.1201831362075545,1
2023-05-24 10:36:00+05:30,2023-05-25,development,PUT,-2838.156041200001,3271.9978226,6110.1538638,-1595.455413145342,-1595.455413145342,2575.0870262140033,0.16037735849056603,False,-2838.156041200001,12.609999656677246,0.0031821768356523616,0,0,0,18.530000686645508,0.0739005203271089,0.0858151683436401,,0.0127940711254244,1.237700046387568,1
2023-05-24 13:19:00+05:30,2023-05-25,development,CALL,2120.414419699999,1774.7315858,345.6828338999992,-1252.1753871195324,1252.1753871195324,2564.298679982359,0.8037383177570093,False,2120.414419699999,12.609999656677246,0.0031821768356523616,0,0,0,18.530000686645508,0.0739005203271089,0.0858151683436401,,0.0196805735565938,1.446924870745815,1
2023-05-26 09:20:00+05:30,2023-06-01,development,CALL,-4549.212899199999,2809.5641552000006,-7358.777054399999,411.07737743702546,-411.07737743702546,2553.510333750717,0.42592592592592593,False,-4549.212899199999,12.520000457763672,-0.04500375395609357,0,0,0,19.13999938964844,-0.045450829822569,0.0876376773246954,,0.0134270744384365,0.84159881569208,1
2023-05-26 14:27:00+05:30,2023-06-01,development,PUT,2422.4362202000007,-4264.493289399998,-6686.929509599999,-336.19161263883416,-336.19161263883416,2542.7219875190754,0.43119266055045874,False,2422.4362202000007,12.520000457763672,-0.04500375395609357,0,0,0,19.13999938964844,-0.045450829822569,0.0876376773246954,,0.0136409067372125,0.8065461908111413,1
2023-06-02 09:20:00+05:30,2023-06-08,development,PUT,2066.3742158000005,-2955.7225863999997,-5022.0968022,-337.24626732791603,-337.24626732791603,2531.933641287434,0.42727272727272725,False,2066.3742158000005,11.600000381469728,-0.030910599607774425,0,0,0,15.649999618530272,-0.136561993788648,0.0858238330952661,,0.026847886611543,0.7242243206783581,1
2023-06-07 15:07:00+05:30,2023-06-08,development,PUT,-1663.7801875000005,2436.4093430000003,4100.189530500001,-2727.8883711165436,-2727.8883711165436,2521.1452950557923,0.018018018018018018,False,-1663.7801875000005,11.380000114440918,0.021543964427435336,0,0,0,13.960000038146973,-0.0536900993307573,0.0673716284093899,,0.001686279937037,0.387410651221924,1
2023-06-09 09:20:00+05:30,2023-06-15,development,CALL,3653.007348800001,2231.834995700001,1421.1723531000002,233.9881560225267,-233.9881560225267,2510.356948824148,0.5178571428571429,False,3653.007348800001,11.260000228881836,-0.015734209624458262,0,0,0,13.649999618530272,-0.0210228815462807,0.0732381835286722,,0.0219949707011627,0.8362815205118554,1
2023-06-16 09:20:00+05:30,2023-06-22,development,CALL,3177.8354168,2187.578733799999,990.256683000001,-826.565934430675,826.565934430675,2499.568602592506,0.7345132743362832,False,3177.8354168,11.079999923706056,-0.007168452042999318,0,0,0,14.5,0.0436996861028474,0.0680156160314961,,0.0261075498936467,0.6022695686852696,1
2023-06-23 09:20:00+05:30,2023-06-28,development,CALL,-3464.0550394,2022.3384370999995,-5486.393476499999,349.2942339371775,-349.2942339371775,2488.7802563608643,0.42105263157894735,False,-3464.0550394,11.550000190734863,0.023029249757336778,0,0,0,12.90999984741211,-0.0222146221035194,0.0725795932374974,,0.0356806403881378,1.6512367867508055,1
2023-06-30 09:20:00+05:30,2023-07-06,development,PUT,2063.4803738000014,-4567.601045799997,-6631.081419599999,-1021.0411223408373,-1021.0411223408373,2477.991910129223,0.26956521739130435,False,2063.4803738000014,10.890000343322754,0.010204138504300797,0,0,0,13.539999961853027,0.0081572314081904,0.0720086893831735,,0.0114045851798742,0.5723762275537072,1
2023-07-05 09:23:00+05:30,2023-07-06,development,PUT,2653.115626100001,-1472.8482382000004,-4125.963864300001,-779.4667017441852,-779.4667017441852,2467.2035638975813,0.3275862068965517,False,2653.115626100001,11.699999809265137,0.013864804847574463,0,0,0,,,0.0811630964696313,,-0.002424807278165,0.6339365989769028,1
2023-07-07 09:20:00+05:30,2023-07-13,development,PUT,2392.8585511999986,3561.022214600001,1168.1636634000024,431.94181577828294,431.94181577828294,2456.415217665937,0.6324786324786325,False,2392.8585511999986,11.84000015258789,-0.0033670001235441838,0,0,0,15.4399995803833,0.0851289747938368,0.0799840507843814,,0.0019202196022286,0.9671539775963548,1
2023-07-14 09:20:00+05:30,2023-07-20,development,PUT,2437.528219100003,-3893.4219672999984,-6330.950186400001,-447.05477077739033,-447.05477077739033,2445.626871434295,0.4067796610169492,False,2437.528219100003,10.9399995803833,0.0,0,0,0,13.609999656677246,0.0051565267708276,0.0832180438746088,,0.0183496448999511,0.921310178447594,1
2023-07-19 09:20:00+05:30,2023-07-20,development,PUT,2846.1146053999987,-2874.2544247000005,-5720.369030099999,-2353.6935808657863,-2353.6935808657863,2434.8385252026533,0.058823529411764705,False,2846.1146053999987,11.710000038146973,0.03445232807745313,0,0,0,13.300000190734863,-0.0134430219567558,0.0803283054174756,,-0.020934832597998,0.599203620560252,1
2023-07-21 09:20:00+05:30,2023-07-27,development,PUT,-4165.133068299997,3527.2553648000016,7692.388433099999,2142.116962385381,2142.116962385381,2424.050178971012,0.925,False,-4165.133068299997,11.789999961853027,0.016379273632336266,0,0,0,13.989999771118164,0.0165769231779493,0.0821861105584866,,0.0512795242665759,1.3219799609301153,1
2023-07-25 13:23:00+05:30,2023-07-27,development,CALL,-3985.726726,2086.2066035,-6071.933329499998,-1196.3555094214244,1196.3555094214244,2413.26183273937,0.8016528925619835,False,-3985.726726,11.649999618530272,0.01392513930368322,0,0,0,13.90999984741211,0.0225381741744466,0.0920123725722741,,0.0277947993207733,1.6781319346378858,1
2023-07-26 09:57:00+05:30,2023-07-27,development,PUT,-3750.306931299999,2880.763387999999,6631.070319299997,-2270.7233641881226,-2270.7233641881226,2411.602050931185,0.06557377049180328,False,-3750.306931299999,10.239999771118164,-0.12103003378381127,0,0,0,13.859999656677246,-0.0036010259747018,0.0922472316859457,,-0.0184248151983412,0.6113594240214266,1
2023-07-28 09:20:00+05:30,2023-08-03,development,CALL,3557.0535170000007,-3874.168347999997,7431.221864999998,-1660.363073656507,1660.363073656507,2409.942269123001,0.8617886178861789,False,3557.0535170000007,10.510000228881836,0.004780132940011006,0,0,0,14.40999984741211,0.0884634645064248,0.0935235197694891,,0.0378855169010159,2.4089601857470777,1
2023-08-04 09:20:00+05:30,2023-08-10,development,CALL,3068.4707705,2662.5301826000004,405.9405878999996,-1294.0121994475812,1294.0121994475812,2408.2824873148165,0.8145161290322581,False,3068.4707705,11.1899995803833,-0.007978737120429402,0,0,0,15.920000076293944,-0.0106217852791206,0.0966340469132804,,0.0076472668741674,0.5902255639097744,1
2023-08-11 09:20:00+05:30,2023-08-17,development,CALL,3351.3602936,-3418.084672899998,6769.4449664999975,-578.9781858455435,578.9781858455435,2406.6227055066324,0.672,False,3351.3602936,11.399999618530272,0.023339251992335885,0,0,0,15.850000381469728,-0.0069160700210439,0.0962439158000253,,0.0166508127290509,1.312152734260768,1
2023-08-16 11:42:00+05:30,2023-08-17,development,CALL,-3615.9672028,1879.5487661000004,-5495.5159689,-1872.7402172336733,1872.7402172336733,2404.962923698448,0.8809523809523809,False,-3615.9672028,12.0,0.04166662527455389,0,1,0,16.459999084472656,0.1049555403517943,0.0899161258935586,,-0.01395473914794,2.1886518542923623,1
2023-08-16 15:01:00+05:30,2023-08-17,development,PUT,-3329.5775089,1730.9714110999996,5060.548919999999,-2103.6521824072743,-2103.6521824072743,2403.303141890263,0.08661417322834646,False,-3329.5775089,12.0,0.04166662527455389,0,1,0,16.459999084472656,0.1049555403517943,0.0899161258935586,,-0.0131203018697811,0.4907830435276736,1
2023-08-18 09:20:00+05:30,2023-08-24,development,CALL,-2361.440726799999,2946.0260345000024,-5307.466761300002,-307.84455908984364,307.84455908984364,2401.6433600820787,0.5859375,False,-2361.440726799999,12.239999771118164,0.009068397002427897,0,0,0,17.889999389648438,0.0640541214441842,0.0890798129526955,,0.0001984833238512,1.406878977596109,1
2023-08-23 12:40:00+05:30,2023-08-24,development,PUT,1968.7227395,-3723.419081200001,-5692.141820700001,-1673.4340906093157,-1673.4340906093157,2399.983578273894,0.15503875968992248,False,1968.7227395,11.75,-0.017558531561636115,0,0,0,16.969999313354492,-0.0093842245601839,0.0761480067380254,,-0.0304025959027789,0.409035285346127,1
2023-08-25 09:20:00+05:30,2023-08-31,development,PUT,2722.2642890000016,-2612.685550899999,-5334.9498399,-281.44450395480453,-281.44450395480453,2398.32379646571,0.49230769230769234,False,2722.2642890000016,11.699999809265137,-0.002557522092236364,0,0,0,17.200000762939453,0.0735715164842602,0.0743845368896354,,0.0023448262195957,2.20951682618092,1
2023-08-30 09:20:00+05:30,2023-08-31,development,PUT,-4202.543250699999,2120.111255299999,6322.654505999997,-1458.155917895227,-1458.155917895227,2396.6640146575255,0.1984732824427481,False,-4202.543250699999,12.229999542236328,-0.01370968399385264,0,0,0,14.449999809265137,-0.0426749561617332,0.0724413301717139,,-0.0292557486565186,0.7637814460620089,1
2023-08-30 15:11:00+05:30,2023-08-31,development,CALL,2569.233249499999,-353.72524599999974,2922.958495499999,-771.6117675168889,771.6117675168889,2395.0042328493405,0.7272727272727273,False,2569.233249499999,12.229999542236328,-0.01370968399385264,0,0,0,14.449999809265137,-0.0426749561617332,0.0724413301717139,,-0.0171102481115004,1.026319209006178,1
2023-09-01 09:20:00+05:30,2023-09-07,development,CALL,-3589.9945863999988,2482.363249399999,-6072.357835799998,-292.5211193955629,292.5211193955629,2393.3444510411564,0.5864661654135338,False,-3589.9945863999988,12.0600004196167,0.02203391734569493,0,0,0,13.56999969482422,-0.0225875119659075,0.0650705091077667,,0.0370680207458219,1.2284354831111322,1
2023-09-01 14:22:00+05:30,2023-09-07,development,PUT,2318.225368700001,-2110.8738124000006,-4429.099181100002,-2205.2805845544067,-2205.2805845544067,2391.684669232972,0.06716417910447761,False,2318.225368700001,12.0600004196167,0.02203391734569493,0,0,0,13.56999969482422,-0.0225875119659075,0.0650705091077667,,0.0024539853720557,0.7063664827791859,1
2023-09-06 14:45:00+05:30,2023-09-07,development,PUT,3018.3552437,-2478.8583697000004,-5497.2136134,-2135.803241861671,-2135.803241861671,2390.0248874247877,0.07407407407407407,False,3018.3552437,10.81999969482422,-0.012773753908346008,0,0,0,14.010000228881836,,0.0656475568100286,,-0.0089331944903913,0.5643180283420749,1
2023-09-08 09:20:00+05:30,2023-09-14,development,PUT,2215.4200976000006,-3823.088207199997,-6038.508304799998,-381.1040142745769,-381.1040142745769,2388.365105616603,0.4264705882352941,False,2215.4200976000006,10.869999885559082,0.017790222373984754,0,0,0,14.399999618530272,-0.0034662212677952,0.0681618725152404,,0.0062164611146176,0.867753555213688,1
2023-09-13 11:08:00+05:30,2023-09-14,development,PUT,2071.335087799999,-4219.481796400001,-6290.8168842000005,-2154.0709877785034,-2154.0709877785034,2386.705323808418,0.072992700729927,False,2071.335087799999,11.6899995803833,0.02995587554945489,0,0,0,14.229999542236328,0.0306837739483188,0.0687372767018055,,0.014651828104359,0.720929924317733,1
2023-09-15 09:20:00+05:30,2023-09-21,development,PUT,-2262.769515699998,3069.021978500001,5331.791494199999,-1217.1157033534473,-1217.1157033534473,2385.0455420002345,0.2318840579710145,False,-2262.769515699998,11.31999969482422,-0.04311075504403428,0,0,0,12.81999969482422,-0.0502006438375704,0.0646412885698715,,0.0267170130493738,0.9418857005063902,1
2023-09-20 09:20:00+05:30,2023-09-21,development,CALL,2789.4948242,-4446.468108699997,7235.962932899997,1082.6371562514287,-1082.6371562514287,2383.3857601920495,0.26618705035971224,False,2789.4948242,10.84000015258789,-0.005504538352494981,0,0,0,14.109999656677246,0.0078264119175888,0.0647788866013654,,0.0619213348674805,1.6822883263173851,1
2023-09-22 09:20:00+05:30,2023-09-28,development,CALL,3171.772128800001,-4625.047638999998,7796.819767799999,-333.63514727167603,333.63514727167603,2381.725978383865,0.6214285714285714,False,3171.772128800001,10.81999969482422,-0.02785268790918327,0,0,0,17.540000915527344,0.1471437684547391,0.0867523396214863,,0.0203753465923219,0.8421789665312981,1
2023-09-27 09:20:00+05:30,2023-09-28,development,CALL,-2973.3225816999984,2072.8509098,-5046.173491499998,-818.6955833679012,818.6955833679012,2380.066196575681,0.7446808510638298,False,-2973.3225816999984,11.1899995803833,0.026605502018552496,0,0,0,18.940000534057617,0.1139625165984174,0.0832130303885665,,-0.0001097379406603,2.131600046933667,1
2023-09-27 13:32:00+05:30,2023-09-28,development,PUT,-4264.305726400002,2015.7350414,6280.040767800002,-2022.4660806041552,-2022.4660806041552,2376.98518589273,0.11971830985915492,False,-4264.305726400002,11.1899995803833,0.026605502018552496,0,0,0,18.940000534057617,0.1139625165984174,0.0832130303885665,,-0.00631267782639,0.6324972485649701,1
2023-09-29 09:20:00+05:30,2023-10-05,development,CALL,3499.221078200001,-3933.268565199997,7432.489643399998,606.5001248858598,-606.5001248858598,2373.904175209781,0.40559440559440557,False,3499.221078200001,12.81999969482422,0.10612592977073332,0,1,0,17.34000015258789,-0.0495038739932911,0.0917603318359015,,0.0319828900762157,1.5255018990775908,1
2023-10-04 10:01:00+05:30,2023-10-05,development,CALL,-4467.529614100002,2939.4226387999997,-7406.9522529,-18.845331812963195,18.845331812963195,2370.82316452683,0.5486111111111112,False,-4467.529614100002,11.789999961853027,0.02969433696520829,0,0,0,19.780000686645508,0.1162044037412089,0.0885992973800603,,-0.0041320727015143,1.209325731539249,1
2023-10-06 09:20:00+05:30,2023-10-12,development,PUT,2811.3831416000003,-5235.314530600001,-8046.697672200001,4.783400794379304,4.783400794379304,2367.7421538438794,0.5379310344827586,False,2811.3831416000003,10.9399995803833,-0.061749594892885895,0,0,0,18.489999771118164,-0.004855696259101,0.0905765196677013,,-0.0028838589915517,0.7019093183514024,1
2023-10-11 13:12:00+05:30,2023-10-12,development,PUT,1579.7758180999997,3047.271463099999,1467.4956449999995,59.92092856338422,59.92092856338422,2364.661143160931,0.5616438356164384,False,1579.7758180999997,11.270000457763672,-0.011403435536549544,0,0,0,17.030000686645508,-0.0385881476893506,0.0977504678398788,,0.0268228140658389,1.1185522929120588,1
2023-10-13 09:20:00+05:30,2023-10-19,development,PUT,-2409.059357499999,2666.912286199999,5075.971643699998,31.245286162042248,31.245286162042248,2361.58013247798,0.5578231292517006,False,-2409.059357499999,10.619999885559082,-0.033666960260676726,0,0,0,16.690000534057617,0.0366117991847112,0.0948044015793623,,-0.0018491475145608,1.7758586909014182,1
2023-10-20 09:20:00+05:30,2023-10-26,development,CALL,2679.9923759000017,-4730.757852399997,7410.750228299999,72.66516742085514,-72.66516742085514,2358.499121795031,0.527027027027027,False,2679.9923759000017,10.899999618530272,-0.006381098158122156,0,0,0,21.399999618530277,0.1074395363855443,0.0870353248470531,,0.0014718875911206,1.400397354324372,1
2023-10-23 15:10:00+05:30,2023-10-26,development,CALL,2203.0565783,-4197.439216899999,6400.495795199999,-293.9953234785062,293.9953234785062,2355.41811111208,0.6174496644295302,False,2203.0565783,10.81999969482422,-0.007339442798699691,0,0,0,21.709999084472656,0.0143820375173153,0.0837584294570648,,-0.0255725898321261,1.601696705725569,1
2023-10-25 15:26:00+05:30,2023-10-26,development,CALL,2835.5425121,-3496.085583999999,6331.628096099999,-1013.3871900789131,1013.3871900789131,2352.3371004291294,0.78,False,2835.5425121,10.90999984741211,0.008317944096702723,0,0,0,18.96999931335449,-0.0712045236876604,0.0951430830276498,,0.0070675665883128,1.6183547682601311,1
2023-10-27 09:20:00+05:30,2023-11-02,development,CALL,-4418.538703899996,3015.532982600004,-7434.071686499999,-246.68908060199647,246.68908060199647,2349.2560897461804,0.5894039735099338,False,-4418.538703899996,11.729999542236328,0.03713519956119171,0,0,0,20.68000030517578,0.023979605620941,0.107933651628236,,0.0153194489716741,0.8170695580045029,1
2023-10-30 15:07:00+05:30,2023-11-02,development,PUT,-4925.399355400001,3385.705911799999,8311.1052672,-231.10477902304774,-231.10477902304774,2346.1750790632295,0.506578947368421,False,-4925.399355400001,10.90999984741211,-0.06990620007031012,0,0,0,21.270000457763672,0.0281305863364322,0.1151787909778127,,0.028018835412207,0.6847534557458221,1
2023-11-01 13:17:00+05:30,2023-11-02,development,CALL,-5479.685714799998,1997.3633548999992,-7477.049069699997,-961.7512901078076,961.7512901078076,2343.0940683802805,0.7777777777777778,False,-5479.685714799998,11.829999923706056,0.02959096252051574,0,0,0,18.13999938964844,-0.0850340803068643,0.1105548980211147,,-0.0146262101232754,1.2381361135825366,1
2023-11-03 09:20:00+05:30,2023-11-09,development,PUT,2214.069637999999,-3009.9557131,-5224.025351099999,825.2492674651639,825.2492674651639,2340.0130576973297,0.7532467532467533,False,2214.069637999999,11.079999923706056,-0.08049794619709894,0,0,0,15.65999984741211,-0.0744272654861069,0.1138146177026603,,0.0467646206475768,0.7625387140017565,1
2023-11-08 09:47:00+05:30,2023-11-09,development,PUT,2551.633254199999,3419.748365599999,868.1151113999999,760.9995248640662,760.9995248640662,2336.932047014379,0.7290322580645161,False,2551.633254199999,11.1899995803833,0.007200713427382821,0,0,0,14.8100004196167,-0.005387213140145,0.1144400064180068,,0.0139443753061801,0.4245770218550314,1
2023-11-10 09:20:00+05:30,2023-11-16,development,PUT,2978.6904683,-2735.830397200001,-5714.520865500001,-183.2838385485793,-183.2838385485793,2333.85103633143,0.5,False,2978.6904683,10.979999542236328,-0.005434820636233795,0,0,0,15.289999961853027,0.0565046160872774,0.1065695267031549,,0.0076820875667566,1.317887054005093,1
2023-11-15 09:20:00+05:30,2023-11-16,development,PUT,1460.0044408999995,-5441.950167399999,-6901.954608299999,70.63044182151407,70.63044182151407,2330.7700256484795,0.554140127388535,False,1460.0044408999995,11.1899995803833,0.007200713427382821,0,0,0,14.15999984741211,-0.0414997571896331,0.1097477380631957,,0.0021973738015008,0.4779175232797194,1
2023-11-17 09:20:00+05:30,2023-11-23,development,PUT,2634.220292,4010.419812800001,1376.1995208000012,1382.2871166305686,1382.2871166305686,2327.6890149655305,0.8544303797468354,False,2634.220292,11.649999618530272,0.04578090300627391,0,1,0,14.31999969482422,0.0098245975957959,0.115868537547383,,0.0294868529124152,1.0947557700186643,1
2023-11-24 09:20:00+05:30,2023-11-30,development,PUT,2470.7438609,-5143.4560981,-7614.199959,-673.6018209494086,-673.6018209494086,2324.6080042825797,0.3584905660377358,False,2470.7438609,11.31999969482422,-0.046335315588670434,0,0,0,,,0.0777518283801948,,0.0413480596995831,1.28896,1
2023-11-29 11:21:00+05:30,2023-11-30,development,PUT,2432.0823602000005,-5511.385534599998,-7943.467894799998,-1064.1094137380978,-1064.1094137380978,2321.526993599629,0.24375,False,2432.0823602000005,12.18000030517578,0.07502209948750704,0,1,0,12.6899995803833,0.0,0.0728514210493897,,0.0510070092154639,1.3540715574901794,1
2023-12-01 09:20:00+05:30,2023-12-07,development,PUT,2534.876531000001,-4966.447891300004,-7501.324422300005,211.41207522785226,211.41207522785226,2318.44598291668,0.5838509316770186,False,2534.876531000001,12.6899995803833,-0.001573600134039621,0,0,0,12.920000076293944,-0.0046331717495366,0.0710116215728522,,0.056522078350171,1.014725373767363,1
2023-12-05 09:20:00+05:30,2023-12-07,development,PUT,2600.7566065999995,-5457.213269199994,-8057.969875799994,-504.0757393114518,-504.0757393114518,2309.629531890113,0.38271604938271603,False,2600.7566065999995,12.989999771118164,0.049272992814087146,0,1,0,13.079999923706056,0.0350093947727438,0.0939155098539403,,0.0088748115912002,0.6739420059192232,1
2023-12-06 14:32:00+05:30,2023-12-07,development,PUT,2505.8060494999995,2745.3212435,239.5151940000005,-1064.2391824089964,-1064.2391824089964,2300.813080863551,0.2392638036809816,False,2505.8060494999995,13.460000038146973,0.036181699408017076,0,0,0,12.850000381469728,-0.0177404991685938,0.0929901668161157,,0.0275452399905631,0.4007029876977153,1
2023-12-08 09:20:00+05:30,2023-12-14,development,PUT,2274.9888416000013,3494.287766599999,1219.2989249999978,2196.797149412874,2196.797149412874,2291.996629836984,0.9451219512195121,False,2274.9888416000013,12.670000076293944,-0.07787479713597867,0,0,0,13.0600004196167,0.0069151370616591,0.0937647432510354,,0.0428784907805041,0.9527503866976024,1
2023-12-15 09:20:00+05:30,2023-12-21,development,PUT,2138.0859959000027,-4118.379910299998,-6256.465906200001,60.32722948186347,60.32722948186347,2294.1162162159167,0.5515151515151515,False,2138.0859959000027,12.31999969482422,0.020712510879946633,0,0,0,12.479999542236328,0.023511417191347,0.0920401893919549,,0.0637113960682564,1.1404088792928953,1
2023-12-20 09:20:00+05:30,2023-12-21,development,PUT,-4262.260896999998,2861.7578123,7124.018709299999,-1570.002779623243,-1570.002779623243,2288.0337745407287,0.16265060240963855,False,-4262.260896999998,13.869999885559082,-0.002158254229819967,0,0,0,12.529999732971191,-0.002391446852206,0.0955767488855785,,-0.0065453048733408,0.5365010259241129,1
2023-12-20 13:25:00+05:30,2023-12-21,development,CALL,2756.086259600001,-2515.805765799999,5271.8920254,-312.56852704798075,312.56852704798075,2281.9513328655366,0.6287425149700598,False,2756.086259600001,13.869999885559082,-0.002158254229819967,0,0,0,12.529999732971191,-0.002391446852206,0.0955767488855785,,0.0247115376329438,0.9647978666473164,1
2023-12-20 15:15:00+05:30,2023-12-21,development,CALL,-3299.8895983,2381.5698875,-5681.4594858,471.9237826854205,-471.9237826854205,2275.8688911903487,0.3869047619047619,False,-3299.8895983,13.869999885559082,-0.002158254229819967,0,0,0,12.529999732971191,-0.002391446852206,0.0955767488855785,,-0.0150074403674555,1.1683538513553828,1
2023-12-22 09:20:00+05:30,2023-12-28,development,PUT,2266.197074000001,-4259.830221999997,-6526.027295999998,2246.8980528481243,2246.8980528481243,2269.786449515157,0.9467455621301775,False,2266.197074000001,13.760000228881836,-0.0477508366429793,0,0,0,13.649999618530272,-0.0014641626325125,0.1158370862540858,,0.0367671448571502,1.0234178153253295,1
2023-12-27 11:08:00+05:30,2023-12-28,development,PUT,2154.831618800001,-4769.022407199998,-6923.854025999999,-1315.3214599378907,-1315.3214599378907,2286.2494143858285,0.18823529411764706,False,2154.831618800001,14.68000030517578,0.07075129572063155,0,1,0,12.989999771118164,,0.1138536868129448,,0.0138923241087178,0.68026412526771,1
2024-01-05 09:20:00+05:30,2024-01-11,validation,PUT,-3250.5955236999985,2660.0497466000006,5910.6452703,-764.5483830189014,-764.5483830189014,2282.672017882402,0.3333333333333333,False,-3250.5955236999985,13.329999923706056,-0.05460996006607266,0,0,0,14.130000114440918,0.0063898089149368,0.102987814247604,,0.0050241910148568,0.5396338406625358,1
2024-01-08 14:32:00+05:30,2024-01-11,validation,CALL,2679.7443323000007,3080.724048200002,-400.9797159000013,231.9242825333249,-231.9242825333249,2279.0946213789734,0.4941860465116279,False,2679.7443323000007,12.630000114440918,-0.052513114273936345,0,0,0,13.350000381469728,-0.0567837913748115,0.1022002499287178,,0.0234051387060937,1.9172798552472856,1
2024-01-12 09:20:00+05:30,2024-01-18,validation,CALL,-5749.74357250001,-5689.921044399994,-59.82252810001592,-338.94902924835515,338.94902924835515,2275.517224875547,0.653179190751445,False,-5749.74357250001,12.770000457763672,-0.01542018543928314,0,0,0,12.4399995803833,-0.0198971950797871,0.1074049426302589,,0.0090753011178508,0.6770398300837649,1
2024-01-15 09:20:00+05:30,2024-01-18,validation,PUT,-2359.434558099996,3451.1890415,5810.623599599996,-1515.549048645602,-1515.549048645602,2271.9398283721184,0.16666666666666666,False,-2359.434558099996,13.100000381469728,0.025841809857213294,0,0,0,12.699999809265137,0.0206849248662654,0.1063852383311075,,0.0090299551206008,0.5363296511791326,1
2024-01-17 09:20:00+05:30,2024-01-18,validation,CALL,2994.306114800002,-4797.9332668000025,7792.239381600004,264.6972266544335,-264.6972266544335,2268.36243186869,0.48,False,2994.306114800002,13.56999969482422,-0.01595360896572795,0,0,0,13.84000015258789,,0.1025949206743767,,0.0208068961427425,1.7542510912763047,1
2024-01-17 15:18:00+05:30,2024-01-18,validation,CALL,2441.7449603000005,-2942.570915799999,5384.3158761,295.8709387392555,-295.8709387392555,2264.785035365263,0.45454545454545453,False,2441.7449603000005,13.56999969482422,-0.01595360896572795,0,0,0,13.84000015258789,,0.1025949206743767,,-0.0035581606464058,1.6536717540367176,1
2024-01-19 09:20:00+05:30,2024-01-25,validation,CALL,3097.6239332000027,-4230.054270400003,7327.678203600006,-513.3408554977259,513.3408554977259,2261.2076388618348,0.7005649717514124,False,3097.6239332000027,14.06999969482422,-0.06697614283764652,0,0,0,14.130000114440918,-0.0456510693478865,0.1202247688548965,,0.0121680877177277,0.4971594402498709,1
2024-01-24 09:20:00+05:30,2024-01-25,validation,CALL,-5239.900657299999,2848.969786700002,-8088.870444,63.98991160517744,-63.98991160517744,2257.630242358408,0.5224719101123596,False,-5239.900657299999,14.850000381469728,0.0698847448869695,0,1,0,12.550000190734863,-0.0497382541401881,0.1331263031349232,,0.0098830161189378,1.17102852785947,1
2024-01-24 10:32:00+05:30,2024-01-25,validation,PUT,2199.5012867000005,3066.0730157000007,866.5717290000002,-911.8055440010539,-911.8055440010539,2254.0528458549793,0.2849162011173184,False,2199.5012867000005,14.850000381469728,0.0698847448869695,0,1,0,12.550000190734863,-0.0497382541401881,0.1331263031349232,,0.0745244321640175,0.6785807190052546,1
2024-01-29 09:20:00+05:30,2024-02-01,validation,PUT,2081.207070800001,3679.762756700004,1598.5556859000026,1528.9543559349922,1528.9543559349922,2250.4754493515507,0.8666666666666667,False,2081.207070800001,13.869999885559082,-0.03546594053011687,0,0,0,13.260000228881836,-0.0142270898480274,0.1320428097103433,,0.106211143739011,0.7468074968233799,1
2024-02-02 09:20:00+05:30,2024-02-08,validation,PUT,2664.062464700004,3201.393818300001,537.3313535999973,1079.6941846531581,1079.6941846531581,2246.8980528481243,0.8121546961325967,False,2664.062464700004,14.460000038146973,-0.09906537535791016,0,0,0,13.880000114440918,-0.0333010054652046,0.1534358541296981,,0.0136816242716839,0.2050954110605208,1
2024-02-09 09:20:00+05:30,2024-02-15,validation,PUT,2631.618514100001,3305.659790599997,674.041276499996,851.02443882026,851.02443882026,2244.3930076763613,0.7692307692307693,False,2631.618514100001,15.829999923706056,0.020631830438553767,0,0,0,12.789999961853027,-0.0031225600728287,0.1563819378854769,,0.0426356156478892,1.2343649641982064,1
2024-02-14 15:18:00+05:30,2024-02-15,validation,PUT,1619.870459599999,-1519.2928719999968,-3139.163331599996,1345.5683129831386,1345.5683129831386,2241.8879625045997,0.8469945355191257,False,1619.870459599999,15.8100004196167,-0.01556656629135289,0,0,0,15.850000381469728,0.1291247146912568,0.1509509801169153,,0.0825583377522651,0.7848274428994442,1
2024-02-16 09:20:00+05:30,2024-02-22,validation,PUT,2542.7752655,3713.116200500004,1170.3409350000045,219.7527121820458,219.7527121820458,2239.3829173328363,0.5869565217391305,False,2542.7752655,15.229999542236328,-0.013601039109727653,0,0,0,14.010000228881836,-0.026066983565291,0.1310314725820029,,0.0235042086309243,0.8468455710543086,1
2024-02-21 12:36:00+05:30,2024-02-22,validation,PUT,-5259.832186299997,3222.9460511,8482.778237399998,-1220.1279981185844,-1220.1279981185844,2236.8778721610734,0.1945945945945946,False,-5259.832186299997,16.06999969482422,0.0558475304127799,0,1,0,15.420000076293944,,0.1281947673799694,,0.0087070648149876,0.3813992335658838,1
2024-02-21 14:24:00+05:30,2024-02-22,validation,CALL,2742.013995499998,-5095.242238899999,7837.256234399998,-553.3639229035161,553.3639229035161,2234.3728269893118,0.6989247311827957,False,2742.013995499998,16.06999969482422,0.0558475304127799,0,1,0,15.420000076293944,,0.1281947673799694,,-0.0519658144998987,2.1158814411198272,1
2024-02-23 09:20:00+05:30,2024-02-29,validation,CALL,3208.173676700003,-4683.547267900002,7891.720944600005,467.17012150689425,-467.17012150689425,2231.867781817549,0.37967914438502676,False,3208.173676700003,15.199999809265137,-0.04582551675617108,0,0,0,14.539999961853027,-0.0535603364043843,0.113429036287312,,0.0189362302906014,0.7947845411299004,1
2024-02-28 10:51:00+05:30,2024-02-29,validation,CALL,2427.590015,-4941.0647629,7368.654777899999,-212.04499440621657,212.04499440621657,2229.362736645787,0.5851063829787234,False,2427.590015,15.729999542236328,0.00833327933254524,0,0,0,13.43000030517578,-0.0228202368775518,0.0870208714833431,,-0.0367813535745366,1.0876881055452483,1
2024-03-01 09:20:00+05:30,2024-03-07,validation,CALL,-3799.744929100006,2423.9960627000028,-6223.7409918000085,93.56544071634016,-93.56544071634016,2226.857691474024,0.4973544973544973,False,-3799.744929100006,15.56999969482422,-0.04654012446004674,0,0,0,13.399999618530272,-0.0323082827256848,0.0926643490957537,,0.0386205969669343,0.7132551848512173,1
2024-03-02 09:35:00+05:30,2024-03-07,validation,PUT,2393.8671857,3284.074637600003,890.207451900003,762.0303700476734,762.0303700476734,2224.352646302261,0.7421052631578947,False,2393.8671857,15.239999771118164,-0.02119460052499267,0,0,0,13.109999656677246,-0.0218794069012201,0.1054448844359212,,-0.0052756330411854,0.5687267183477398,1
2024-03-11 09:20:00+05:30,2024-03-14,validation,PUT,-3286.721467599996,3331.968872300001,6618.690339899997,145.2328308843389,145.2328308843389,2221.8476011304992,0.5549738219895288,False,-3286.721467599996,13.609999656677246,-0.0482517849548475,0,0,0,14.739999771118164,0.0205627668278987,0.0948777567617338,,0.0113301849408232,0.9980488961710936,1
2024-03-13 11:05:00+05:30,2024-03-14,validation,CALL,3067.506156500001,-3725.850136899997,6793.356293399998,1048.0272546830038,-1048.0272546830038,2219.3425559587363,0.24479166666666666,False,3067.506156500001,13.640000343322754,-0.02571426119123188,0,0,0,13.84000015258789,-0.0950474087634793,0.0930244912481185,,0.0700176826289773,1.5516571758469573,1
2024-03-15 09:20:00+05:30,2024-03-21,validation,CALL,3385.0333619000035,-4260.657033999997,7645.690395900001,1079.9311759116154,-1079.9311759116154,2216.837510786973,0.22279792746113988,False,3385.0333619000035,13.619999885559082,-0.05613308402538042,0,0,0,14.399999618530272,0.0461893559784209,0.1111052829399275,,0.0280773119457927,1.3258389816498597,1
2024-03-19 15:12:00+05:30,2024-03-21,validation,CALL,-3058.7594409999965,3035.751215899999,-6094.510656899995,530.6758240935815,-530.6758240935815,2214.3324656152113,0.36597938144329895,False,-3058.7594409999965,13.899999618530272,0.01533966724497815,0,0,0,14.329999923706056,-0.0055671629063939,0.1105066319067835,,0.0092994068310133,1.4576149425287357,1
2024-03-22 09:20:00+05:30,2024-03-28,validation,PUT,2149.264418000002,-3022.909101099997,-5172.173519099999,2099.876048300129,2099.876048300129,2211.8274204434483,0.9282051282051282,False,2149.264418000002,12.510000228881836,-0.07126948916970799,0,0,0,12.920000076293944,-0.0092450493135656,0.1146832945429157,,0.0585236792479471,2.1167448144321703,1
2024-03-27 11:38:00+05:30,2024-03-28,validation,PUT,2201.3478335000004,-5522.244332199998,-7723.592165699998,-1094.5279069716553,-1094.5279069716553,2209.3223752716867,0.21428571428571427,False,2201.3478335000004,12.81999969482422,0.04909978843570828,0,1,0,13.239999771118164,0.0037835983057364,0.1157392486328026,,0.0409756765590589,1.29766285330419,1
2024-04-01 09:20:00+05:30,2024-04-04,validation,PUT,2803.6662296000045,2749.995411200001,-53.670818400003554,-456.09118776040486,-456.09118776040486,2206.8173300999238,0.38578680203045684,False,2803.6662296000045,12.829999923706056,0.010236229637269778,0,0,0,,,0.1135671727869782,,0.0044246246330142,0.6196618546758688,1
2024-04-05 09:20:00+05:30,2024-04-10,validation,PUT,2608.545099500004,-4017.7519107999983,-6626.297010300002,281.4641068911533,281.4641068911533,2204.3122849281604,0.6111111111111112,False,2608.545099500004,11.220000267028809,-0.013192578719441017,0,0,0,16.350000381469727,0.1318726841587348,0.1011140204410263,,0.0111378825076685,2.068324573772593,1
2024-04-09 09:20:00+05:30,2024-04-10,validation,PUT,2156.4025615999994,2715.2750477,558.8724861000005,-1005.3145782381016,-1005.3145782381016,2201.8072397563988,0.2613065326633166,False,2156.4025615999994,11.609999656677246,0.023809479758052587,0,0,0,15.1899995803833,-0.0538247204733439,0.1018158408591624,,0.0150614923959827,0.8967519113638823,1
2024-04-12 09:20:00+05:30,2024-04-18,validation,PUT,-5256.172393600008,3240.672748100001,8496.845141700009,483.1813819309464,483.1813819309464,2199.302194584636,0.685,False,-5256.172393600008,11.109999656677246,-0.022007042918619546,0,0,0,14.90999984741211,-0.0579778335620304,0.099103020954796,,0.0045558958166573,1.192089010130113,1
2024-04-15 09:20:00+05:30,2024-04-18,validation,CALL,4015.479826099999,-2889.3797244999982,6904.859550599997,-851.5374133513387,851.5374133513387,2196.797149412874,0.7810945273631841,False,4015.479826099999,11.529999732971191,0.03780378841339749,0,0,0,17.309999465942383,0.1492522197928514,0.1069125392712925,,0.0835722525773274,4.368327728523387,1
2024-04-16 13:26:00+05:30,2024-04-18,validation,CALL,-3153.0761089,2394.6499772,-5547.7260861,-1313.8290151848105,1313.8290151848105,2194.063140061499,0.8514851485148515,False,-3153.0761089,12.470000267028809,0.08152650093907554,0,1,0,19.229999542236328,0.1051871974604561,0.0995021888517266,,-0.0020261334499915,1.0398968601934335,1
2024-04-19 09:20:00+05:30,2024-04-25,validation,PUT,2131.4052787999995,-4590.564599500003,-6721.969878300002,-202.04998782984148,-202.04998782984148,2191.3291307101235,0.4876847290640394,False,2131.4052787999995,13.039999961853027,0.033280513478811224,0,0,0,18.0,-0.0115990855672746,0.1001563740938116,,0.0315873464447511,3.336048377144268,1
2024-04-22 09:20:00+05:30,2024-04-25,validation,PUT,2967.0599795000016,-3988.548987099996,-6955.608966599998,-567.1337626415961,-567.1337626415961,2188.59512135875,0.35294117647058826,False,2967.0599795000016,13.460000038146973,0.03220859490204031,0,0,0,18.709999084472656,0.038686333457318,0.1030265241235157,,-0.0283972780890037,0.4700100657232518,1
2024-04-24 15:20:00+05:30,2024-04-25,validation,PUT,1787.1226655,-5315.366011599997,-7102.488677099997,892.7799284437278,892.7799284437278,2185.8611120073747,0.7853658536585366,False,1787.1226655,10.199999809265137,-0.19685039665718373,0,0,0,15.6899995803833,-0.0766541807496034,0.0982688067068899,,0.0355406953735027,0.9436411226680522,1
2024-04-26 09:20:00+05:30,2024-05-02,validation,PUT,1041.0746745500005,1771.1349536000014,730.0602790500011,-598.2834594628393,-598.2834594628393,2183.1271026560007,0.34951456310679613,False,1041.0746745500005,10.729999542236328,0.043774301649235126,0,1,0,15.369999885559082,-0.0382944288428013,0.0974119215055805,,0.0111110615900301,0.8376190476190476,1
2024-05-03 09:20:00+05:30,2024-05-09,validation,PUT,-1834.9268302000007,1641.2131191500014,3476.139949350003,-876.786750543673,-876.786750543673,2180.393093304626,0.28019323671497587,False,-1834.9268302000007,13.449999809265137,0.045066039538729896,0,1,0,14.68000030517578,-0.0472319261840485,0.0975608103525232,,0.0279721781885991,1.1066567576175814,1
2024-05-03 11:23:00+05:30,2024-05-09,validation,CALL,1787.0757747500004,-1979.3976855999992,3766.47346035,287.5306849968347,-287.5306849968347,2177.6590839532505,0.4519230769230769,False,1787.0757747500004,13.449999809265137,0.045066039538729896,0,1,0,14.68000030517578,-0.0472319261840485,0.0975608103525232,,0.033872741915889,1.894689686067749,1
2024-05-08 09:20:00+05:30,2024-05-09,validation,CALL,1351.5217274000013,-2221.790071149999,3573.3117985500003,559.7941084489121,-559.7941084489121,2174.9250746018765,0.3588516746411483,False,1351.5217274000013,17.010000228881836,0.02469878542110071,0,0,0,13.229999542236328,-0.0194617097264513,0.1031909408026154,,0.0181392735049286,1.8092561450390472,1
2024-05-10 09:20:00+05:30,2024-05-16,validation,CALL,-1822.1581349499968,1215.9362307500007,-3038.094365699998,403.56564564079326,-403.56564564079326,2172.191065250501,0.40476190476190477,False,-1822.1581349499968,18.200000762939453,0.0655738199201572,0,1,0,12.6899995803833,-0.0241351088019627,0.1125023187202183,,0.0474658765341417,1.3441304073122446,1
2024-05-14 13:53:00+05:30,2024-05-16,validation,PUT,1023.6180313999996,1652.4797725999997,628.8617411999998,-29.402976280491202,-29.402976280491202,2169.4570558991277,0.5260663507109005,False,1023.6180313999996,20.600000381469727,0.11532220613431043,1,1,1,13.600000381469728,0.0803491400154606,0.1129781792780939,,0.0003743770144698,0.5173169453575341,1
2024-05-17 09:20:00+05:30,2024-05-23,validation,PUT,1121.6829137000009,-2082.183626349998,-3203.866540049999,-713.7280823497422,-713.7280823497422,2166.7230465477523,0.32075471698113206,False,1121.6829137000009,20.0,-0.013320199884862771,0,0,0,12.420000076293944,-0.0024125249424847,0.1060259126718957,,0.0186208086138732,0.9594649052968872,1
2024-05-22 13:43:00+05:30,2024-05-23,validation,PUT,1106.01769655,-1955.3292263499995,-3061.3469228999998,-146.89505135235413,-146.89505135235413,2163.989037196377,0.5070422535211268,False,1106.01769655,21.809999465942383,0.10151516698645269,1,1,1,11.859999656677246,-0.0241577737682483,0.0960311168683821,,0.0136882616894792,0.5569699958274855,1
2024-05-24 09:20:00+05:30,2024-05-30,validation,PUT,-1933.3995683499968,1838.2028063000005,3771.602374649997,-397.247710993076,-397.247710993076,2161.2550278450035,0.40654205607476634,False,-1933.3995683499968,21.3799991607666,-0.004191902909466139,1,0,0,12.770000457763672,0.03831278541721,0.111444535372048,,0.0410156037746863,0.9308021880305032,1
2024-05-31 09:20:00+05:30,2024-06-06,validation,CALL,-3315.530125300004,8710.893058550002,-12026.423183850004,-2729.9293719226794,2729.9293719226794,2158.521018493628,0.9767441860465116,True,8710.893058550002,24.18000030517578,0.0,1,0,0,14.470000267028809,0.0132176208854111,0.1105133033626832,,0.0382286650543971,0.8367729511409533,1
2024-06-07 09:20:00+05:30,2024-06-13,validation,PUT,1165.809603650002,-2405.7854104000025,-3571.5950140500045,699.8871384481517,699.8871384481517,2209.3223752716867,0.7314814814814815,False,1165.809603650002,16.799999237060547,-0.11064056220844543,0,0,0,12.579999923706056,-0.0039667002158454,0.2923312092307575,,0.0146256098211645,0.7335185976913211,1
2024-06-10 13:59:00+05:30,2024-06-13,validation,PUT,1427.4033579500026,1428.8502789500017,1.446920999999065,152.14889417032737,152.14889417032737,2206.8173300999238,0.576036866359447,False,1427.4033579500026,16.8799991607666,0.004761900436850874,0,0,0,12.220000267028809,-0.0290342696123591,0.2994962335609863,,-0.017358572929231,0.6199906423076504,1
2024-06-14 09:20:00+05:30,2024-06-20,validation,PUT,1354.6442826500004,-2734.647979899998,-4089.292262549999,1460.0146169064383,1460.0146169064383,2204.3122849281604,0.8715596330275229,False,1354.6442826500004,13.489999771118164,-0.06254347121139636,0,0,0,11.9399995803833,-0.0083403638916434,0.298556868523433,,-0.000245586755899,0.9628249687195884,1
2024-06-21 09:20:00+05:30,2024-06-27,validation,PUT,1272.492661100001,-2322.608313549998,-3595.100974649999,425.6863470725393,425.6863470725393,2201.8072397563988,0.6621004566210046,False,1272.492661100001,13.350000381469728,-0.026258180574440182,0,0,0,13.279999732971191,,0.2989263364913144,,-0.0028407897923606,0.8793063505427259,1
2024-06-26 13:41:00+05:30,2024-06-27,validation,PUT,1002.7025580499997,-2164.839565149999,-3167.5421231999985,-73.00659070143593,-73.00659070143593,2199.302194584636,0.509090909090909,False,1002.7025580499997,14.3100004196167,0.017780938302903282,0,0,0,12.84000015258789,-0.0374518183215334,0.295279807133941,,0.0213113140673687,0.984520028748518,1
2024-06-28 09:20:00+05:30,2024-07-04,validation,PUT,1216.9284051500008,-1237.128149349998,-2454.056554499999,-977.3393250860877,-977.3393250860877,2196.797149412874,0.24434389140271492,False,1216.9284051500008,14.149999618530272,0.007117396899492645,0,0,0,12.239999771118164,-0.0250114223911064,0.2933995393306653,,0.0080661074297977,0.7409945413567138,1
2024-07-03 12:58:00+05:30,2024-07-04,validation,PUT,1293.8133104000003,1781.7952782499992,487.9819678499987,-410.83585770203354,-410.83585770203354,2194.063140061499,0.3918918918918919,False,1293.8133104000003,13.640000343322754,-0.013738219915505834,0,0,0,12.029999732971191,-0.0156704678055548,0.2701064860581104,,0.0079162237935548,0.5608069589874615,1
2024-07-05 09:20:00+05:30,2024-07-11,validation,PUT,1229.0356508000011,1410.9802298000006,181.9445789999993,416.03423060158457,416.03423060158457,2191.3291307101235,0.6636771300448431,False,1229.0356508000011,12.859999656677246,-0.0264951082860726,0,0,0,,,0.0834600775476056,,0.0120341174426058,1.9413853546495812,1
2024-07-10 09:20:00+05:30,2024-07-11,validation,PUT,-2207.502873999998,1325.7749540000004,3533.2778279999984,-727.229748674129,-727.229748674129,2188.59512135875,0.30357142857142855,False,-2207.502873999998,14.279999732971191,0.049999950913823143,0,1,0,12.510000228881836,0.0112541656218221,0.050174927409234,,0.022854605023321,1.0016692673367928,1
2024-07-10 10:28:00+05:30,2024-07-11,validation,CALL,1578.6045011000006,1337.876649500001,240.7278515999999,415.20527339411365,-415.20527339411365,2185.8611120073747,0.38666666666666666,False,1578.6045011000006,14.279999732971191,0.049999950913823143,0,1,0,12.510000228881836,0.0112541656218221,0.050174927409234,,0.0207630260889781,1.3914024982555993,1
2024-07-12 09:20:00+05:30,2024-07-18,validation,CALL,-2404.302508600003,1141.1018954000006,-3545.4044040000035,-374.62102543935816,374.62102543935816,2183.1271026560007,0.6637168141592921,False,-2404.302508600003,14.0,-0.02979905031752117,0,0,0,12.920000076293944,0.0054326632319714,0.0561687390457788,,0.0323285737309858,1.2016789701116313,1
2024-07-12 11:02:00+05:30,2024-07-18,validation,PUT,1280.2178031500016,-1687.3332291999973,-2967.551032349999,-1972.6282129593756,-1972.6282129593756,2180.393093304626,0.08370044052863436,False,1280.2178031500016,14.0,-0.02979905031752117,0,0,0,12.920000076293944,0.0054326632319714,0.0561687390457788,,0.0021990759232677,0.6227067524733455,1
2024-07-19 09:20:00+05:30,2024-07-25,validation,PUT,-2716.982144200003,1772.997960500002,4489.980104700005,-34.697042512145345,-34.697042512145345,2177.6590839532505,0.5263157894736842,False,-2716.982144200003,14.510000228881836,0.02039380846746086,0,0,0,15.93000030517578,0.0954357877351999,0.0603994805895325,,0.0160255701775515,1.3962069289268613,1
2024-07-23 12:20:00+05:30,2024-07-25,validation,CALL,1356.747103100002,939.925707350002,416.82139575,360.4324683298828,-360.4324683298828,2174.9250746018765,0.4104803493449782,False,1356.747103100002,15.4399995803833,0.041132815901242736,0,1,0,14.90999984741211,-0.1025396772597796,0.0760757768961663,,-0.0333505474555694,4.761303722639399,1
2024-07-26 09:20:00+05:30,2024-08-01,validation,CALL,-2499.002342200004,1255.7056976000008,-3754.708039800005,-1879.7529045730116,1879.7529045730116,2172.191065250501,0.9173913043478261,False,-2499.002342200004,12.619999885559082,0.07312922108327347,0,1,0,18.459999084472656,0.0230146140951784,0.073513246804827,,-0.0010187677107335,0.775190726245913,1
2024-07-26 12:41:00+05:30,2024-08-01,validation,PUT,981.2027661500016,-2409.588555250002,-3390.791321400004,-2032.5839755479642,-2032.5839755479642,2169.4570558991277,0.0735930735930736,False,981.2027661500016,12.619999885559082,0.07312922108327347,0,1,0,18.459999084472656,0.0230146140951784,0.073513246804827,,0.0296460947907956,0.8499903701088177,1
2024-07-31 15:14:00+05:30,2024-08-01,validation,PUT,1054.5323797999995,1341.0047549000003,286.4723751000006,-1050.826887764214,-1050.826887764214,2166.7230465477523,0.21982758620689655,False,1054.5323797999995,12.880000114440918,-0.005405381919321495,0,0,0,17.690000534057617,0.0635968200188951,0.0898046634433297,,0.0206285813275096,0.8346602365560105,1
2024-08-02 09:20:00+05:30,2024-08-08,validation,PUT,-3623.474922250004,1399.98918035,5023.4641026000045,2268.701847313443,2268.701847313443,2163.989037196377,0.9570815450643777,True,1399.98918035,12.93000030517578,-0.024150920364092165,0,0,0,18.59000015258789,0.1277844414592625,0.0878370964593915,,-0.0065211523052671,0.8415540372051269,1
2024-08-05 09:20:00+05:30,2024-08-08,validation,CALL,1450.4547623000014,-1502.8672543000034,2953.3220166000046,-200.12862835498072,200.12862835498072,2214.3324656152113,0.594017094017094,False,1450.4547623000014,14.31999969482422,0.1075018837464401,0,1,0,23.38999938964844,0.22968474456012,0.0996813986333398,,-0.0053580345874192,2.401168904213435,1
2024-08-09 09:20:00+05:30,2024-08-14,validation,CALL,1602.4496069000004,1382.8714920499997,219.5781148500007,21.806779239760544,-21.806779239760544,2211.8274204434483,0.5319148936170213,False,1602.4496069000004,16.600000381469727,0.026592473911375203,0,0,0,23.790000915527344,-0.1575676172720195,0.1491400018451648,,0.0218436486955992,0.5793413918320649,1
2024-08-13 13:51:00+05:30,2024-08-14,validation,CALL,1383.3042283999991,1540.8056028499996,-157.5013744500004,154.4778437023906,-154.4778437023906,2209.3223752716867,0.4957627118644068,False,1383.3042283999991,15.869999885559082,0.03455017781611813,0,0,0,20.709999084472656,0.0165533597622805,0.1513829485035957,,-0.0023941432613913,0.9692373842004456,1
2024-08-16 09:20:00+05:30,2024-08-22,validation,CALL,-2180.7199057,1115.1566490500002,-3295.87655475,587.6553461750864,-587.6553461750864,2206.8173300999238,0.33755274261603374,False,-2180.7199057,15.4399995803833,-0.04514536131517177,0,0,0,15.229999542236328,-0.0611266638260637,0.1533041186592419,,0.0285903130399139,0.4959309202744263,1
2024-08-19 09:20:00+05:30,2024-08-22,validation,PUT,1131.9987333500003,-1518.2675870499977,-2650.266320399998,386.76851270350653,386.76851270350653,2204.3122849281604,0.6722689075630253,False,1131.9987333500003,14.399999618530272,-0.0673575123133009,0,0,0,14.800000190734863,-0.0286399431928013,0.1626121247706542,,0.0102596184240652,0.5519317888843873,1
2024-08-21 15:08:00+05:30,2024-08-22,validation,PUT,840.3147627499993,1477.3977331999995,637.0829704500002,25.98626826230884,25.98626826230884,2201.8072397563988,0.5523012552301255,False,840.3147627499993,13.81999969482422,-0.03491620186142308,0,0,0,15.880000114440918,0.0806201536014097,0.1588951916549912,,0.0066645164545177,0.890061955124064,1
2024-08-23 09:20:00+05:30,2024-08-29,validation,PUT,1169.2739840000004,-2407.874260299997,-3577.1482442999973,164.47815752236147,164.47815752236147,2199.302194584636,0.5916666666666667,False,1169.2739840000004,13.0,-0.02475618346547659,0,0,0,17.549999237060547,0.0757309570731504,0.1585726896885307,,0.0157925083863028,1.0909828812059443,1
2024-08-27 10:56:00+05:30,2024-08-29,validation,PUT,1025.4094573999998,-2615.5407322,-3640.9501896,-150.63844770798642,-150.63844770798642,2196.797149412874,0.49377593360995853,False,1025.4094573999998,13.800000190734863,0.018450184242133405,0,0,0,16.149999618530273,0.018119831488631,0.1483768672233678,,0.0105239906958889,1.067644002026395,1
2024-08-30 09:20:00+05:30,2024-09-05,validation,PUT,1296.6878220500007,1657.2421716500005,360.5543495999998,-714.3795030495621,-714.3795030495621,2194.063140061499,0.30165289256198347,False,1296.6878220500007,13.789999961853027,-0.011469523268799131,0,0,0,15.649999618530272,-0.0891922309652147,0.1484696894287607,,0.015631966528024,0.7647304914567553,1
2024-09-06 09:20:00+05:30,2024-09-12,validation,PUT,-2246.296816900002,1366.2278807000005,3612.5246976000026,365.3531268497045,365.3531268497045,2191.3291307101235,0.6707818930041153,False,-2246.296816900002,14.210000038146973,-0.01182198017670566,0,0,0,19.899999618530277,-0.0689258724224691,0.0882249770962589,,0.0081270874121526,1.2353919110432792,1
2024-09-06 13:25:00+05:30,2024-09-12,validation,CALL,-1882.258756599998,1203.9723372500005,-3086.2310938499986,58.86816971869575,-58.86816971869575,2188.59512135875,0.5204918032786885,False,-1882.258756599998,14.210000038146973,-0.01182198017670566,0,0,0,19.899999618530277,-0.0689258724224691,0.0882249770962589,,-0.0023055070648201,0.9189048891623248,1
2024-09-10 13:13:00+05:30,2024-09-12,validation,PUT,-2410.21134415,1332.20475725,3742.4161014,-307.42401476025316,-307.42401476025316,2185.8611120073747,0.42448979591836733,False,-2410.21134415,14.239999771118164,-0.06438899334539605,0,0,0,19.450000762939453,-0.1403205560943869,0.0896096369483581,,-0.013254808518327,0.6021537699816099,1
2024-09-11 14:14:00+05:30,2024-09-12,validation,CALL,-1744.2286143999993,1526.2648119500009,-3270.49342635,1282.5549031655946,-1282.5549031655946,2183.1271026560007,0.15040650406504066,False,-1744.2286143999993,13.359999656677246,-0.06179776183885555,0,0,0,19.07999992370605,-0.0192064472686273,0.0899028912666676,,-0.0548625519209678,1.0721496379414106,1
2024-09-13 09:20:00+05:30,2024-09-19,validation,PUT,1279.3083099500004,-1840.9816977999967,-3120.2900077499976,-79.31014995835812,-79.31014995835812,2180.393093304626,0.5101214574898786,False,1279.3083099500004,13.18000030517578,-0.03301539291906286,0,0,0,17.06999969482422,-0.035677019433049,0.1044616348786497,,0.0064984927751404,0.8041796537609374,1
2024-09-20 09:20:00+05:30,2024-09-26,validation,PUT,1229.5950888500015,-2166.454718800004,-3396.0498076500053,518.302811247544,518.302811247544,2177.6590839532505,0.7258064516129032,False,1229.5950888500015,12.470000267028809,-0.06731485611322718,0,0,0,16.329999923706055,-0.1100646612697497,0.0909921332985239,,0.010318075855358,0.9489206514598952,1
2024-09-24 12:41:00+05:30,2024-09-26,validation,PUT,962.5472456000002,-2697.0915751,-3659.6388207,-1025.017036609257,-1025.017036609257,2174.9250746018765,0.22088353413654618,False,962.5472456000002,13.789999961853027,0.07818608311044262,0,1,0,15.890000343322754,-0.0162300238934095,0.1015449926767257,,0.0134495682784617,0.6979255332084924,1
2024-09-27 09:20:00+05:30,2024-10-03,validation,PUT,-1699.065729549998,1378.9814961500017,3078.047225699999,-419.65942749400347,-419.65942749400347,2172.191065250501,0.376,False,-1699.065729549998,12.0,-0.0580847554484073,0,0,0,15.369999885559082,-0.0025990893253781,0.1037887834218689,,0.0118110792118106,0.5664072708266791,1
2024-09-30 10:41:00+05:30,2024-10-03,validation,CALL,1418.1228298850017,-2400.420237174998,3818.54306706,-270.7550488521847,270.7550488521847,2169.4570558991277,0.6294820717131474,False,1418.1228298850017,11.960000038146973,-0.0033333301544189453,0,0,0,16.959999084472656,0.0984400262774191,0.1043908614453206,,0.0424737826624432,1.6118944021420802,1
2024-10-01 14:44:00+05:30,2024-10-03,validation,CALL,1257.051343325,-2352.336603295003,3609.3879466200033,-1237.179174392185,1237.179174392185,2166.7230465477523,0.8531746031746031,False,1257.051343325,12.789999961853027,0.06939798671059627,0,1,0,16.729999542236328,-0.0136540887453035,0.1188434894373172,,0.0210245113997693,2.1165012601272943,1
2024-10-04 09:20:00+05:30,2024-10-10,validation,CALL,1894.9858824200007,-1854.0300727300037,3749.0159551500046,-1939.6304211500433,1939.6304211500433,2163.989037196377,0.924901185770751,False,1894.9858824200007,13.170000076293944,0.09841537345298335,0,1,0,20.489999771118164,0.0807750491983786,0.1427001145734274,,0.0633757224013601,4.313701741105223,1
2024-10-09 14:29:00+05:30,2024-10-10,validation,CALL,1055.0073593299994,1420.1051274950007,-365.0977681650013,1428.88255742397,-1428.88255742397,2161.2550278450035,0.1377952755905512,False,1055.0073593299994,14.59000015258789,-0.032493353686817716,0,0,0,21.420000076293945,-0.055393157794579,0.146716610019166,,-0.081001987984336,0.9010676073173876,1
2024-10-11 09:20:00+05:30,2024-10-17,validation,CALL,1622.8051128650009,1142.8134087050007,479.99170416000015,-55.31985002998772,55.31985002998772,2158.521018493628,0.5607843137254902,False,1622.8051128650009,13.5,-0.0439093406929254,0,0,0,20.93000030517578,0.0033500722066419,0.1449105658153663,,0.0279789146324205,1.4348766985405133,1
2024-10-18 09:20:00+05:30,2024-10-24,validation,CALL,-2622.01965094,1178.5062036800027,-3800.525854620002,-108.76091762585747,108.76091762585747,2155.7870091422546,0.57421875,False,-2622.01965094,13.390000343322754,0.02605365115850966,0,0,0,19.11000061035156,-0.0242968430148015,0.1332649337963827,,0.0249513659630327,2.9299826364446946,1
2024-10-21 09:20:00+05:30,2024-10-24,validation,PUT,-2821.145080855003,1283.8516405550004,4104.996721410003,-320.8640948371494,-320.8640948371494,2153.0529997908793,0.41245136186770426,False,-2821.145080855003,13.039999961853027,-0.026138937452997335,0,0,0,18.030000686645508,-0.058174714892313,0.1343438684078847,,-0.0002665910089645,0.6017228564349831,1
2024-10-21 09:52:00+05:30,2024-10-24,validation,CALL,1162.7031306950014,-2430.552059019998,3593.255189715,1346.2030630914005,-1346.2030630914005,2150.318990439504,0.13953488372093023,False,1162.7031306950014,13.039999961853027,-0.026138937452997335,0,0,0,18.030000686645508,-0.058174714892313,0.1343438684078847,,-0.0176363988591166,1.5432663830703786,1
2024-10-23 12:18:00+05:30,2024-10-24,validation,CALL,1219.38010544,-1908.988357194998,3128.3684626349977,-237.67838944569758,237.67838944569758,2147.58498108813,0.6216216216216216,False,1219.38010544,14.399999618530272,0.04651158277636469,0,1,0,18.200000762939453,-0.0092973089095314,0.1226881410300331,,-0.0062678193967595,1.734529344732817,1
2024-10-25 09:20:00+05:30,2024-10-31,validation,CALL,1393.1189410400016,-1744.8996077500033,3138.018548790005,383.16845466398263,-383.16845466398263,2144.8509717367547,0.3923076923076923,False,1393.1189410400016,13.970000267028809,-0.044459618578541193,0,0,0,19.07999992370605,-0.008350771319909,0.1207805924803224,,0.0104408945295904,1.263029106464447,1
2024-10-30 15:15:00+05:30,2024-10-31,validation,CALL,1870.3639488350009,-1331.6983437100005,3202.062292545001,-73.53267717330073,73.53267717330073,2142.116962385381,0.5747126436781609,False,1870.3639488350009,14.520000457763672,0.016095206194865597,0,0,0,19.34000015258789,-0.0235064012532884,0.1175795748512363,,0.0569604647912677,0.8646053044922138,1
2024-11-04 09:20:00+05:30,2024-11-07,validation,CALL,-1402.3997561349956,1355.177624870002,-2757.5773810049977,1415.8444089917539,-1415.8444089917539,2141.803711404315,0.13740458015267176,False,-1402.3997561349956,15.899999618530272,0.022508001511404974,0,0,0,21.8799991607666,-0.0568537069187793,0.0943545917845971,,0.0248448797142063,1.6693509576823125,1
2024-11-06 13:11:00+05:30,2024-11-07,validation,PUT,-1721.81081461,1046.6340274549996,2768.444842065,465.565144739282,465.565144739282,2141.490460423249,0.7072243346007605,False,-1721.81081461,16.1200008392334,-0.03415216756051487,0,0,0,20.489999771118164,-0.0701959770687106,0.0998674939055041,,-0.0014983070549159,0.4054361506438184,1
2024-11-08 09:20:00+05:30,2024-11-14,validation,CALL,1607.9106084349996,-2219.9487407949987,3827.8593492299983,329.4806596947383,-329.4806596947383,2141.1772094421826,0.4128787878787879,False,1607.9106084349996,14.9399995803833,0.004707444207326272,0,0,0,15.199999809265137,-0.0680275340625055,0.1157668009952461,,0.0088866830936047,2.6095434369055166,1
2024-11-13 09:40:00+05:30,2024-11-14,validation,CALL,1253.739906965,-2107.447233819999,3361.187140784999,650.184748468515,-650.184748468515,2140.8639584611165,0.3132075471698113,False,1253.739906965,14.59000015258789,0.022424645028663592,0,0,0,14.710000038146973,-0.0175206790625183,0.1160542175810973,,0.0181813080193511,1.7400236087403294,1
2024-11-18 09:20:00+05:30,2024-11-21,validation,CALL,-2468.4793436799987,1383.538899305001,-3852.018242985,1082.963709340077,-1082.963709340077,2140.5507074800503,0.18421052631578946,False,-2468.4793436799987,14.779999732971191,-0.042746105268723356,0,0,0,16.139999389648438,0.1203420021340417,0.1208167347149211,,-0.0107881449568111,1.3231394998493522,1
2024-11-19 11:26:00+05:30,2024-11-21,validation,PUT,-2650.819494909999,1741.8383443100006,4392.657839219999,-629.9916860472676,-629.9916860472676,2140.237456498984,0.31835205992509363,False,-2650.819494909999,15.170000076293944,0.026387033177865282,0,0,0,15.579999923706056,-0.0353125894800334,0.1181890407215413,,0.0209664017590502,0.7152707066592966,1
2024-11-19 14:59:00+05:30,2024-11-21,validation,CALL,1182.073686815,-3039.4551776649964,4221.528864479997,933.1038743307163,-933.1038743307163,2139.9242055179175,0.24253731343283583,False,1182.073686815,15.170000076293944,0.026387033177865282,0,0,0,15.579999923706056,-0.0353125894800334,0.1181890407215413,,-0.0495556893970354,0.9914622240963996,1
2024-11-22 09:20:00+05:30,2024-11-28,validation,CALL,-1764.666525745003,1250.5653061099997,-3015.2318318550024,-720.8076678534644,720.8076678534644,2139.6109545368518,0.7695167286245354,False,-1764.666525745003,15.989999771118164,0.021072792268295615,0,0,0,16.8700008392334,-0.0170441388627829,0.1154200456972992,,0.0135579361490676,1.073524276480356,1
2024-11-22 13:01:00+05:30,2024-11-28,validation,PUT,1209.2458756249976,-3353.376096745012,-4562.62197237001,-1032.2905765773844,-1032.2905765773844,2139.297703555785,0.21481481481481482,False,1209.2458756249976,15.989999771118164,0.021072792268295615,0,0,0,16.8700008392334,-0.0170441388627829,0.1154200456972992,,0.0256906558066198,0.76588732263605,1
2024-11-25 10:25:00+05:30,2024-11-28,validation,PUT,-2377.1759687199988,1228.38137567,3605.557344389999,-240.61399115698896,-240.61399115698896,2138.9844525747194,0.47232472324723246,False,-2377.1759687199988,16.100000381469727,0.006879337831527055,0,0,0,15.239999771118164,-0.1016134110649581,0.1477049698134159,,0.0123772799036381,0.7191421189291516,1
2024-11-29 09:20:00+05:30,2024-12-05,validation,CALL,-2133.093354505,1191.576611810001,-3324.6699663150007,508.86125701082346,-508.86125701082346,2138.6712015936528,0.35294117647058826,False,-2133.093354505,15.210000038146973,0.03964456043534481,0,0,0,,,0.1586179203145035,,0.0466707548465753,1.0283944617357226,1
2024-12-03 10:17:00+05:30,2024-12-05,validation,PUT,1210.680569240001,-2675.672891844998,-3886.3534610849993,348.64633908659107,348.64633908659107,2138.3579506125866,0.6813186813186813,False,1210.680569240001,14.699999809265137,0.018710983948663662,0,0,0,13.34000015258789,-0.0126631169879178,0.1621443535521276,,0.0011230131344034,0.5672664398254309,1
2024-12-06 09:20:00+05:30,2024-12-12,validation,PUT,1425.370536470002,1587.1509328250015,161.78039635499977,768.1267100630193,768.1267100630193,2138.0446996315204,0.7883211678832117,False,1425.370536470002,14.529999732971191,0.0055363269731505405,0,0,0,13.539999961853027,0.0066691727999577,0.1567056482953569,,0.0115930582112041,0.9548123768269624,1
2024-12-13 09:20:00+05:30,2024-12-19,validation,PUT,-4020.892764775004,-2493.441399970003,1527.451364805001,378.7232136923385,378.7232136923385,2137.7314486504542,0.6909090909090909,False,-4020.892764775004,13.1899995803833,-0.006028701930719693,0,0,0,13.920000076293944,0.0247285438747212,0.1399759744648287,,0.0102611277542275,1.9065001601024656,1
2024-12-20 09:20:00+05:30,2024-12-26,validation,CALL,1355.40212903,-1740.3849411249994,3095.787070154999,261.8698425299881,-261.8698425299881,2137.418197669388,0.4673913043478261,False,1355.40212903,14.510000228881836,0.009742543106311619,0,0,0,24.09000015258789,-0.1367433554052786,0.1475123793580293,,0.0189235560328153,1.5926765428101135,1
2024-12-24 09:33:00+05:30,2024-12-26,validation,CALL,1016.9853336949992,963.4935117200002,53.49182197499909,1189.5522414040915,-1189.5522414040915,2137.104946688322,0.1588447653429603,False,1016.9853336949992,13.520000457763672,-0.10285330248499569,0,0,0,16.780000686645508,-0.0899866764763624,0.1267060114466948,,0.010362197827377,1.8029261339817224,1
2024-12-27 09:20:00+05:30,2025-01-02,validation,CALL,4758.835006220002,-6249.378256014998,11008.213262235,-1256.5772972833006,1256.5772972833006,2136.7916957072557,0.8669064748201439,False,4758.835006220002,14.039999961853027,0.06525035180306693,0,1,0,14.729999542236328,,0.1259179932666795,,0.0318970019179742,0.8082340195016251,1
2024-12-31 10:13:00+05:30,2025-01-02,validation,CALL,-8200.025025835008,4277.419047230004,-12477.444073065011,122.98270842409784,-122.98270842409784,2136.4784447261895,0.5053763440860215,False,-8200.025025835008,13.970000267028809,0.05513599007026215,0,1,0,17.399999618530273,0.0870113670243807,0.1122704585946696,,0.0303821975034105,3.030597208979804,1
2025-01-01 10:50:00+05:30,2025-01-02,validation,PUT,3312.892909265005,-6360.645216369989,-9673.538125634994,-1360.6069619061132,-1360.6069619061132,2136.1651937451234,0.13214285714285715,False,3312.892909265005,14.449999809265137,0.03435930802157494,0,0,0,17.350000381469727,-0.0028776559173399,0.1092856698186517,,0.0858855063443234,0.0,1
2025-01-03 09:20:00+05:30,2025-01-09,validation,PUT,-6854.184060610014,4866.8394708050055,11721.02353141502,1257.5121067493856,1257.5121067493856,2135.851942764057,0.8683274021352313,False,-6854.184060610014,13.739999771118164,-0.0491349513853786,0,0,0,17.93000030517578,,0.1280526114537939,,-0.0077757799652565,0.0,1
2025-01-06 10:52:00+05:30,2025-01-09,validation,CALL,4578.753928100003,-5829.746967669995,10408.500895769996,1040.4023670758206,-1040.4023670758206,2134.8209927524986,0.2127659574468085,False,4578.753928100003,13.539999961853027,-0.014556027117667125,0,0,0,16.1299991607666,-0.1057944645296747,0.1242168518810157,,-0.0227626965945285,0.0,1
2025-01-08 10:35:00+05:30,2025-01-09,validation,CALL,3482.587077259999,4087.961327705003,-605.3742504450042,943.6977166529778,-943.6977166529778,2133.7900427409395,0.24381625441696114,False,3482.587077259999,14.65999984741211,-0.06325877285939097,0,0,0,17.81999969482422,0.105235745401067,0.1366715391928274,,-0.0199743242935765,0.0,1
2025-01-10 09:20:00+05:30,2025-01-16,validation,CALL,4557.969669065004,-6276.750139299997,10834.719808365,63.40588944857609,-63.40588944857609,2132.759092729381,0.5316901408450704,False,4557.969669065004,14.65999984741211,0.013130585824260965,0,0,0,,,0.1371577073569426,,0.0110429242392814,0.0,1
2025-01-13 14:24:00+05:30,2025-01-16,validation,CALL,-446.1416571549968,4362.071486450002,-4808.213143605,607.8297152971845,-607.8297152971845,2131.728142717823,0.3263157894736842,False,-446.1416571549968,14.920000076293944,0.017735350040111397,0,0,0,19.540000915527344,,0.1371978985926906,,0.0232375752331759,0.0,1
2025-01-17 09:20:00+05:30,2025-01-23,validation,PUT,4256.0350259900015,4598.106973115002,342.0719471250004,2369.9487373092416,2369.9487373092416,2130.697192706264,0.9685314685314685,True,4598.106973115002,15.470000267028809,0.013761470183304203,0,0,0,16.600000381469727,0.0293419292024951,0.1364057723684701,,0.0199530699304435,0.0,1
2025-01-24 09:20:00+05:30,2025-01-30,validation,PUT,-1503.6128567500018,1501.7969181050014,3005.409774855003,904.1839859627335,904.1839859627335,2140.237456498984,0.8153310104529616,False,-1503.6128567500018,16.700000762939453,-0.004174102141530467,0,0,0,15.020000457763672,-0.0053120922708436,0.1333335357307986,,0.0149634093385094,0.0,1
2025-01-27 09:20:00+05:30,2025-01-30,validation,CALL,-1810.7252401449964,1432.6528901600009,-3243.3781303049973,2432.051458444096,-2432.051458444096,2139.9242055179175,0.020833333333333332,False,-1810.7252401449964,16.75,0.002993966154271277,0,0,0,14.850000381469728,-0.011382785876025,0.1331579283210447,,0.0072471047385278,0.0,1
2025-01-31 09:20:00+05:30,2025-02-06,validation,PUT,3993.174884930002,5883.605259890009,1890.4303749600067,946.7581286719751,946.7581286719751,2139.6109545368513,0.8166089965397924,False,3993.174884930002,17.389999389648438,-0.06706008803273777,0,0,0,15.84000015258789,-0.0444517206879033,0.1234119955816156,,0.0478922123154789,0.0,1
2025-02-04 09:20:00+05:30,2025-02-06,validation,PUT,3537.447028025005,-6950.623307619994,-10488.070335645,-140.28996071849815,-140.28996071849815,2139.2977035557856,0.503448275862069,False,3537.447028025005,14.350000381469728,-0.11692305344801668,0,0,0,18.6200008392334,0.1251273662970526,0.1166917437052802,,-0.0007473126656441,0.0,1
2025-02-07 09:20:00+05:30,2025-02-13,validation,PUT,-5419.313164434996,4574.839136810006,9994.152301245002,847.3601081482757,847.3601081482757,2138.9844525747194,0.7972508591065293,False,-5419.313164434996,14.18000030517578,0.007102299858777306,0,0,0,15.5,-0.0172694060772455,0.1286120862361476,,0.0253032466137105,0.0,1
2025-02-11 12:10:00+05:30,2025-02-13,validation,CALL,4431.790806305002,-7392.628008355005,11824.418814660006,36.5149320471055,-36.5149320471055,2138.6712015936528,0.5342465753424658,False,4431.790806305002,14.449999809265137,0.05551499285440853,0,1,0,15.8100004196167,-0.0451390671852609,0.1191918666183084,,0.0433983165403161,1.2886297376093294,1
2025-02-12 09:47:00+05:30,2025-02-13,validation,CALL,-5704.704657219992,4174.760587955,-9879.465245174992,1330.5194919874848,-1330.5194919874848,2138.3579506125866,0.13651877133105803,False,-5704.704657219992,14.869999885559082,0.029065749608152114,0,0,0,16.020000457763672,0.0131952924521231,0.128682847459428,,0.0734896478829792,0.0,1
2025-02-12 11:46:00+05:30,2025-02-13,validation,PUT,4191.335393990004,-5562.845751729995,-9754.181145719998,-72.463996213678,-72.463996213678,2138.0446996315204,0.5238095238095238,False,4191.335393990004,14.869999885559082,0.029065749608152114,0,0,0,16.020000457763672,0.0131952924521231,0.128682847459428,,0.0569665410776667,0.9178775059775612,1
2025-02-14 09:20:00+05:30,2025-02-20,validation,PUT,-5489.684779810007,4622.38507814,10112.069857950006,768.4834513821106,768.4834513821106,2137.7314486504542,0.7830508474576271,False,-5489.684779810007,14.960000038146973,0.004026873902874595,0,0,0,15.100000381469728,-0.050995233071065,0.1266582527377533,,0.02749689361484,0.0,1
2025-02-14 13:03:00+05:30,2025-02-20,validation,CALL,4887.918391550003,4304.2123852700015,583.7060062800019,1462.737391960739,-1462.737391960739,2137.418197669388,0.11824324324324324,False,4887.918391550003,14.960000038146973,0.004026873902874595,0,0,0,15.100000381469728,-0.050995233071065,0.1266582527377533,,0.0368925766285994,0.0,1
2025-02-21 09:20:00+05:30,2025-02-27,validation,CALL,4627.562705330004,-5748.935569464998,10376.498274795002,506.46896014492086,-506.46896014492086,2137.104946688322,0.35353535353535354,False,4627.562705330004,14.68000030517578,-0.04798960878449077,0,0,0,15.65999984741211,0.0252195316103428,0.1118937696779944,,0.0158983944211509,0.0,1
2025-02-24 13:39:00+05:30,2025-02-27,validation,CALL,4687.358154890004,3545.992217615,1141.365937275004,-744.2943004482413,744.2943004482413,2136.7916957072557,0.7684563758389261,False,4687.358154890004,14.529999732971191,-0.010218022417322503,0,0,0,18.209999084472656,0.1508611626445811,0.1056750289414426,,0.0619339856443022,0.0,1
2025-02-28 09:20:00+05:30,2025-03-06,validation,CALL,5460.521880695003,-5374.419178495002,10834.941059190003,899.3615558003003,-899.3615558003003,2136.4784447261895,0.25752508361204013,False,5460.521880695003,13.3100004196167,-0.02988337022101961,0,0,0,21.1299991607666,0.1010054368855194,0.1019976656117053,,0.0690747578044298,0.0,1
2025-03-04 09:20:00+05:30,2025-03-06,validation,CALL,-6952.843878925,3920.1193190300023,-10872.963197955003,2755.404965923808,-2755.404965923808,2136.1651937451234,0.006666666666666667,False,-6952.843878925,13.760000228881836,-0.010783581608606596,0,0,0,22.780000686645508,0.1488240226257316,0.1082426188104045,,0.0249314584610006,0.0,1
2025-03-05 09:32:00+05:30,2025-03-06,validation,PUT,3524.744918750004,-6917.57910157,-10442.324020320004,-838.4637559613338,-838.4637559613338,2135.851942764057,0.2724252491694352,False,3524.744918750004,13.829999923706056,0.00508718703923372,0,0,0,23.51000022888184,0.0315428841259805,0.1080217623681915,,0.0030900242214082,0.0,1
2025-03-07 09:20:00+05:30,2025-03-13,validation,PUT,3664.594064975004,4855.568575550004,1190.9745105749994,-533.7948532372675,-533.7948532372675,2134.8209927524986,0.3509933774834437,False,3664.594064975004,13.729999542236328,0.004389134279994211,0,0,0,24.8700008392334,0.1258067152144205,0.1074029448931537,,0.0094747585483687,0.0,1
2025-03-17 09:20:00+05:30,2025-03-20,validation,PUT,3201.43669322,-7189.615850169997,-10391.052543389997,-195.73489786529444,-195.73489786529444,2133.7900427409395,0.49174917491749176,False,3201.43669322,13.279999732971191,-0.029948857558739994,0,0,0,21.770000457763672,-0.1246495952748042,0.0983434993581543,,0.0525777994425948,0.0,1
2025-03-19 09:20:00+05:30,2025-03-20,validation,PUT,3096.715601975002,-4188.001655334999,-7284.717257310001,-412.9284934396028,-412.9284934396028,2132.759092729381,0.3881578947368421,False,3096.715601975002,13.210000038146973,-0.015648288893673756,0,0,0,21.700000762939453,0.0563997124611003,0.1139953796977043,,0.0419175345460881,0.0,1
2025-03-21 09:20:00+05:30,2025-03-27,validation,PUT,4024.5036540350056,-6388.943179315,-10413.446833350004,1062.827757488475,1062.827757488475,2131.728142717823,0.8459016393442623,False,4024.5036540350056,12.600000381469728,-0.052631563851613605,0,0,0,19.799999237060547,-0.0050378133929203,0.1226362835095953,,0.0117340029553903,0.0,1
2025-03-25 09:35:00+05:30,2025-03-27,validation,PUT,-5032.589359765001,4404.818651360004,9437.408011125004,530.2692751095137,530.2692751095137,2130.697192706264,0.7352941176470589,False,-5032.589359765001,13.699999809265137,0.08903019812015467,0,1,0,17.479999542236328,-0.0980109807572564,0.1316188034244122,,0.0170301283236287,0.0,1
2025-03-26 13:19:00+05:30,2025-03-27,validation,CALL,5253.100235644999,3796.171466359997,1456.9287692850016,363.22949167958177,-363.22949167958177,2129.6662426947055,0.40716612377850164,False,5253.100235644999,13.640000343322754,-0.0043795231224605935,0,0,0,17.149999618530273,-0.01905919267072,0.1293063984084083,,0.0571810258903515,1.996291457709975,1
2025-03-28 09:20:00+05:30,2025-04-03,validation,CALL,4305.980355530002,-5768.614931934994,10074.595287464996,-23.910660561779878,23.910660561779878,2128.6352926831464,0.5681818181818182,False,4305.980355530002,13.300000190734863,-0.01262064386962658,0,0,0,18.690000534057617,0.0194495923526134,0.1258214416835976,,0.0387087915237373,0.0,1
2025-04-01 10:32:00+05:30,2025-04-03,validation,CALL,4398.093965345,3294.1712822000063,1103.9226831449932,1746.8271507958652,-1746.8271507958652,2127.604342671588,0.08414239482200647,False,4398.093965345,12.720000267028809,-0.04360901619460866,0,0,0,22.280000686645508,0.0286840090493516,0.1270017281160964,,0.0467423404485579,0.0,1
2025-08-26 09:20:00+05:30,2025-09-02,validation,CALL,3846.737775065004,-6510.228637809994,10356.966412874996,415.8269728236064,-415.8269728236064,2126.57339266003,0.38064516129032255,False,3846.737775065004,11.760000228881836,0.0025576033943977006,0,0,0,14.789999961853027,0.0393018309899757,0.0923785579742005,,0.0310244817329337,0.0,1
2025-08-28 15:08:00+05:30,2025-09-02,validation,CALL,-3348.5178278199965,3116.110741520001,-6464.628569339997,24.68014170002516,-24.68014170002516,2125.5424426484715,0.5530546623794212,False,-3348.5178278199965,12.1899995803833,0.036564569994260054,0,0,0,14.850000381469728,0.0156094444429691,0.0971043708828784,,0.0481330512713016,0.0,1
2025-09-03 09:20:00+05:30,2025-09-09,validation,PUT,3823.6804114100014,-9336.21333592001,-13159.893747330012,-1091.055603907093,-1091.055603907093,2124.5114926369124,0.1794871794871795,False,3823.6804114100014,11.399999618530272,0.009743105141622133,0,0,0,17.170000076293945,,0.0996449756088822,,0.0176304321697609,0.0,1
2025-09-08 09:20:00+05:30,2025-09-09,validation,PUT,2745.772147804999,4990.303066685002,2244.530918880003,-616.7180218154308,-616.7180218154308,2123.480542625354,0.3194888178913738,False,2745.772147804999,10.779999732971191,-0.0064516724458451025,0,0,0,15.18000030517578,-0.0078740487934305,0.0976042539776368,,0.0162153710909972,0.0,1
2025-09-10 09:20:00+05:30,2025-09-16,validation,PUT,3360.270472475001,-5246.683157514998,-8606.95362999,-1573.7514005341086,-1573.7514005341086,2122.4495926137947,0.10191082802547771,False,3360.270472475001,10.6899995803833,-0.013837690968000582,0,0,0,15.039999961853027,-0.0046434375777632,0.0910240838448685,,0.0165999335384233,0.0,1
2025-09-15 12:01:00+05:30,2025-09-16,validation,PUT,2480.491401574999,-4941.044195799999,-7421.535597374998,-1351.710864831483,-1351.710864831483,2121.418642602237,0.1365079365079365,False,2480.491401574999,10.119999885559082,-0.02316600184088602,0,0,0,14.760000228881836,0.0033932974726116,0.0844073298468537,,0.0108574508782345,0.9521439815452916,1
2025-09-17 09:20:00+05:30,2025-09-23,validation,PUT,-4345.941010674998,5535.0820715,9881.023082174996,-1539.0660418282523,-1539.0660418282523,2120.3876925906784,0.10759493670886076,False,-4345.941010674998,10.270000457763672,-0.012499919762975042,0,0,0,16.360000610351562,0.0418158284814249,0.0811578613190982,,0.0338387670877133,0.0,1
2025-09-24 09:20:00+05:30,2025-09-30,validation,CALL,5036.702016919999,-3590.246514819998,8626.948531739996,-814.2841722271651,814.2841722271651,2119.3567425791193,0.7981072555205048,False,5036.702016919999,10.630000114440918,0.006628758716162864,0,0,0,16.639999389648438,0.0329901030290915,0.0777252819186853,,0.0392992074782023,0.0,1
2025-09-26 14:09:00+05:30,2025-09-30,validation,CALL,3836.771810240001,3481.071674180001,355.7001360600002,-574.4393156646238,574.4393156646238,2118.3257925675607,0.7484276729559748,False,3836.771810240001,10.779999732971191,0.024714758925285185,0,0,0,16.739999771118164,0.0340251208969369,0.0662549049646042,,0.0300217615889189,0.0,1
2025-10-01 09:20:00+05:30,2025-10-07,validation,CALL,-7454.223083919995,3404.785607645,-10859.008691564995,-504.98633869089736,504.98633869089736,2117.2948425560016,0.7304075235109718,False,-7454.223083919995,11.06999969482422,-0.026385241315251773,0,0,0,16.280000686645508,0.0098766136115296,0.0699168620056379,,0.028401853860042,0.0,1
2025-10-01 14:44:00+05:30,2025-10-07,validation,PUT,3586.2558052550007,-6432.237912504997,-10018.49371776,-1295.4616075798485,-1295.4616075798485,2116.263892544444,0.15,False,3586.2558052550007,11.06999969482422,-0.026385241315251773,0,0,0,16.280000686645508,0.0098766136115296,0.0699168620056379,,0.0234699377148713,0.0,1
2025-10-08 09:20:00+05:30,2025-10-14,validation,PUT,3943.1345881550046,4796.078226485001,852.9436383299967,-730.6526885825242,-730.6526885825242,2115.2329425328853,0.29595015576323985,False,3943.1345881550046,10.050000190734863,-0.013738900433121648,0,0,0,17.239999771118164,0.0517818093097477,0.0790228496848308,,0.0297742042587593,0.0,1
2025-10-23 09:20:00+05:30,2025-10-28,validation,PUT,-5946.328277589999,5553.551131385006,11499.879408975004,-1082.8853469909527,-1082.8853469909527,2114.465097821247,0.19254658385093168,False,-5946.328277589999,11.300000190734863,-0.005281643288353122,0,0,0,18.600000381469727,0.040038225093688,0.0870113155089297,,0.0651336084814032,0.0,1
2025-10-24 11:07:00+05:30,2025-10-28,validation,CALL,-8688.239421114993,3184.398847355001,-11872.638268469997,-845.0339961921381,845.0339961921381,2113.6972531096094,0.8111455108359134,False,-8688.239421114993,11.729999542236328,0.0380530393135774,0,0,0,17.299999237060547,-0.0724551438250945,0.084098106540522,,0.0283303858613963,1.9457946460498896,1
2025-10-27 12:06:00+05:30,2025-10-28,validation,PUT,-6208.778251524997,5657.651243465,11866.429494989998,-322.04495847364433,-322.04495847364433,2112.929408397971,0.4351851851851852,False,-6208.778251524997,11.59000015258789,-0.011935157298543775,0,0,0,16.3700008392334,-0.0552560147535951,0.0855371087182413,,0.0960551003817394,0.0,1
2025-10-29 09:20:00+05:30,2025-11-04,validation,CALL,4982.168383610006,-5178.584307369994,10160.75269098,666.7446429370084,-666.7446429370084,2112.1615636863344,0.32,False,4982.168383610006,11.949999809265137,0.007588545969073435,0,0,0,16.420000076293945,0.0391232828190292,0.0796049104918108,,0.0578015238795042,0.0,1
2025-11-03 09:20:00+05:30,2025-11-04,validation,CALL,3768.904649705,3687.6197728849993,81.28487682000059,566.0538165131729,-566.0538165131729,2111.393718974696,0.3496932515337423,False,3768.904649705,12.149999618530272,0.006627997160626009,0,0,0,17.440000534057617,0.0308612952164439,0.0785117441909696,,0.0571113071124011,1.537248703512599,1
2025-11-06 09:20:00+05:30,2025-11-11,validation,CALL,5260.540528669999,-8965.390824804997,14225.931353474996,-1591.282223325787,1591.282223325787,2110.625874263058,0.9143730886850153,False,5260.540528669999,12.649999618530272,-0.0015785680854961681,0,0,0,18.010000228881836,-0.0535118072699786,0.0797233940291929,,0.0433074276504644,0.0,1
2025-11-07 10:10:00+05:30,2025-11-11,validation,CALL,-5595.511107009991,3656.48025947,-9251.991366479991,-741.3864499473098,741.3864499473098,2109.8580295514203,0.7713414634146342,False,-5595.511107009991,12.40999984741211,-0.01897231449450798,0,0,0,19.5,0.0794872936732393,0.0782285568849508,,0.0235615389277346,1.2570946026308905,1
2025-11-07 12:51:00+05:30,2025-11-11,validation,PUT,3883.98099533,-6581.821333944998,-10465.802329274997,-1657.8388730565584,-1657.8388730565584,2109.090184839782,0.0911854103343465,False,3883.98099533,12.40999984741211,-0.01897231449450798,0,0,0,19.5,0.0794872936732393,0.0782285568849508,,0.0131193451445563,0.0,1
2025-11-12 09:20:00+05:30,2025-11-18,validation,PUT,3285.71028167,5306.108027090004,2020.397745420004,-274.1440335991556,-274.1440335991556,2108.3223401281452,0.47575757575757577,False,3285.71028167,12.489999771118164,0.015447120116828916,0,0,0,17.280000686645508,-0.0183491206061835,0.0774068409988855,,0.0546246438670004,0.0,1
2025-11-17 15:10:00+05:30,2025-11-18,validation,PUT,-6493.07528653,3086.0761246699985,9579.1514112,-539.9116672549299,-539.9116672549299,2107.554495416507,0.35347432024169184,False,-6493.07528653,11.9399995803833,-0.018092127449790163,0,0,0,19.82999992370605,-0.0085363348696865,0.0757752940320116,,0.0044025047219721,0.0,1
2025-11-19 09:20:00+05:30,2025-11-25,validation,CALL,-7049.598325825,4582.205679560006,-11631.804005385004,-1184.9927517255633,1184.9927517255633,2106.786650704869,0.8644578313253012,False,-7049.598325825,12.100000381469728,0.026293504717533445,0,0,0,24.690000534057617,0.0982306596030908,0.0689575369980517,,0.0260706825243386,0.0,1
2025-11-20 12:01:00+05:30,2025-11-25,validation,PUT,-3901.305232119993,5357.147814410004,9258.453046529998,-969.5204508601455,-969.5204508601455,2106.018805993231,0.24024024024024024,False,-3901.305232119993,11.970000267028809,-0.010743810772105844,0,0,0,23.65999984741211,-0.0426124728865627,0.0692578959716615,,0.0149816301143346,0.6769126493264425,1
2025-11-24 15:21:00+05:30,2025-11-25,validation,CALL,3846.748213849998,3622.783418509999,223.96479533999943,1844.048488389718,-1844.048488389718,2105.250961281593,0.0748502994011976,False,3846.748213849998,13.630000114440918,0.12273473879576069,0,1,0,23.43000030517578,-0.1201040364372081,0.0739119183622944,,0.0916326826848661,0.0,1
2025-11-26 09:20:00+05:30,2025-12-02,validation,CALL,-7750.948444060005,3540.098983415002,-11291.047427475009,-6.551525072585719,6.551525072585719,2104.483116569956,0.573134328358209,False,-7750.948444060005,12.239999771118164,-0.07552870221202024,0,0,0,18.559999465942383,-0.1003913440273416,0.0711782504221232,,0.0467593945051114,0.0,1
2025-11-27 09:20:00+05:30,2025-12-02,validation,PUT,-5415.914285679997,5712.932139530003,11128.84642521,657.087212632724,657.087212632724,2103.715271858318,0.7529761904761905,False,-5415.914285679997,11.970000267028809,-0.02205878342632439,0,0,0,17.190000534057617,-0.0766808481207164,0.083624849443371,,0.0329528403863833,0.0,1
2025-12-03 09:20:00+05:30,2025-12-09,validation,CALL,5416.680258005003,-5375.692792569998,10792.373050575005,1528.6447921283689,-1528.6447921283689,2102.9474271466797,0.11275964391691394,False,5416.680258005003,11.229999542236328,-0.034393857976657394,0,0,0,16.59000015258789,-0.0384321385594029,0.0775485240927041,,0.0287508381317319,0.0,1
2025-12-10 09:20:00+05:30,2025-12-16,validation,CALL,4547.498569880002,4162.426890665002,385.0716792149997,1049.020931649855,-1049.020931649855,2102.179582435042,0.21597633136094674,False,4547.498569880002,10.949999809265137,-0.0161725339914629,0,0,0,16.93000030517578,0.0160765865910244,0.0821165700082751,,0.0189291618639986,0.0,1
2025-12-17 09:20:00+05:30,2025-12-23,validation,CALL,-6216.449894769994,4074.701550755004,-10291.151445524998,745.9347576901864,-745.9347576901864,2101.411737723404,0.2949852507374631,False,-6216.449894769994,10.0600004196167,-0.01853654442763908,0,0,0,16.479999542236328,-0.0012128842021314,0.0847719444083309,,0.0295536025637554,0.0,1
2025-12-22 09:21:00+05:30,2025-12-23,validation,PUT,3463.823355665,3940.493071549999,476.6697158849993,-696.8193880775148,-696.8193880775148,2100.643893011767,0.3205882352941177,False,3463.823355665,9.520000457763672,-0.01956741293891484,0,0,0,14.90999984741211,-0.1235048277622477,0.0811594301113341,,0.0187429568926072,0.0,1
2025-12-24 09:20:00+05:30,2025-12-30,validation,PUT,-3806.5080111699945,4375.0366016900025,8181.544612859997,-87.42563379523108,-87.42563379523108,2099.876048300129,0.530791788856305,False,-3806.5080111699945,9.380000114440918,-0.030991754264145577,0,0,0,14.0,-0.0056980156960336,0.0836687374224283,,0.0209060394965517,0.0,1
2025-12-26 11:48:00+05:30,2025-12-30,validation,CALL,3982.35625133,-4253.879934175002,8236.236185505002,-491.04392250470346,491.04392250470346,2096.7730267102056,0.7280701754385965,False,3982.35625133,9.1899995803833,-0.02025592022809286,0,0,0,,,0.0713833770770103,,0.0244513011547987,0.0,1
2025-12-31 09:20:00+05:30,2026-01-06,holdout,CALL,-5038.274344827998,3142.4178028909987,-8180.692147718997,-418.64474130148983,418.64474130148983,2093.6700051202824,0.7026239067055393,False,-5038.274344827998,9.68000030517578,-0.004115222299809318,0,0,0,14.329999923706056,0.0091132853408266,0.0735974857115384,,0.0327341852010473,0.0,1
2026-01-02 09:28:00+05:30,2026-01-06,holdout,PUT,3325.658058518,-6201.641848164999,-9527.299906682998,-594.8695176557017,-594.8695176557017,2090.5669835303593,0.34593023255813954,False,3325.658058518,9.479999542236328,-0.0206612351894776,0,0,0,,,0.0756366436547747,,0.0192506402435191,0.7382330827067669,1
2026-01-07 09:20:00+05:30,2026-01-13,holdout,PUT,-4728.432170757997,3298.816407929001,8027.248578686997,32.87023575552848,32.87023575552848,2087.4639619404397,0.591304347826087,False,-4728.432170757997,10.020000457763672,0.0,0,0,0,14.75,-0.0101181045635892,0.0711358843302359,,0.0122731471565832,0.0,1
2026-01-08 11:59:00+05:30,2026-01-13,holdout,CALL,3472.388953166002,-3531.5742593529985,7003.963212519,-294.74593072552216,294.74593072552216,2084.360940350517,0.6647398843930635,False,3472.388953166002,9.949999809265137,-0.006986092345364847,0,0,0,15.380000114440918,0.041824888732561,0.068968511091891,,0.0282329347432504,0.0,1
2026-01-12 09:20:00+05:30,2026-01-13,holdout,CALL,-5814.649153413995,2739.591952256,-8554.241105669995,651.6716711160143,-651.6716711160143,2081.257918760594,0.3227665706051873,False,-5814.649153413995,10.93000030517578,0.031132067153784027,0,0,0,14.489999771118164,-0.0641502504617128,0.0799185199785116,,0.0510180718444554,0.0,1
2026-01-12 13:37:00+05:30,2026-01-13,holdout,PUT,2761.7274343909985,2935.1175699979995,173.39013560700096,-755.4589126119586,-755.4589126119586,2078.1548971706707,0.28735632183908044,False,2761.7274343909985,10.93000030517578,0.031132067153784027,0,0,0,14.489999771118164,-0.0641502504617128,0.0799185199785116,,0.0350055233333677,0.0,1
2026-01-14 09:20:00+05:30,2026-01-20,holdout,PUT,-6141.446376126996,4046.707879256001,10188.154255382997,-2641.210647280968,-2641.210647280968,2075.0518755807475,0.014326647564469915,False,-6141.446376126996,11.199999809265137,-0.014951633949430443,0,0,0,15.979999542236328,0.055319548509548,0.0787565644253337,,0.0179973044056007,0.0,1
2026-01-21 09:20:00+05:30,2026-01-27,holdout,CALL,4273.589859464002,-5492.48484116501,9766.074700629011,-1778.7638819066788,1778.7638819066788,2071.948853990828,0.9314285714285714,False,4273.589859464002,12.729999542236328,0.07607773663013884,0,1,0,20.09000015258789,,0.0872527064799043,,0.0456750987363011,0.0,1
2026-01-28 09:20:00+05:30,2026-02-03,holdout,CALL,4020.988121426004,-6080.949413457991,10101.937534883997,-315.40209815888966,315.40209815888966,2068.845832400905,0.6752136752136753,False,4020.988121426004,14.449999809265137,0.018322779180435456,0,0,0,16.350000381469727,0.012307894626495,0.0916025381937047,,0.0315119465405954,0.0,1
2026-02-01 14:50:00+05:30,2026-02-03,holdout,CALL,-15265.426602552963,3445.1369544440063,-18710.56355699697,-1117.4422232797806,1117.4422232797806,2065.7428108109816,0.8636363636363636,False,-15265.426602552963,13.630000114440918,0.019446539349836645,0,0,0,17.440000534057617,0.0326370096532115,0.0921217051826044,,-0.0249007109062208,2.21706940874036,1
2026-02-04 09:20:00+05:30,2026-02-10,holdout,PUT,3411.956495678,3783.5719115510014,371.61541587300144,195.5648491221691,195.5648491221691,2062.6397892210584,0.623229461756374,False,3411.956495678,12.899999618530272,-0.06993513158127262,0,0,0,18.0,0.0967556591260036,0.1521604615051346,,0.0058450069311949,0.0,1
2026-02-11 09:20:00+05:30,2026-02-17,holdout,PUT,-9471.100199038005,4514.736272738001,13985.836471776003,852.8346750640021,852.8346750640021,2059.5367676311353,0.8248587570621468,False,-9471.100199038005,11.670000076293944,-0.0426578771115107,0,0,0,17.790000915527344,0.024467808750071,0.1485895650076958,,0.0315845559181243,0.0,1
2026-02-13 09:20:00+05:30,2026-02-17,holdout,CALL,3510.4944719420014,2324.909475670999,1185.5849962710022,91.590408919722,-91.590408919722,2056.4337460412157,0.5211267605633803,False,3510.4944719420014,11.729999542236328,0.015584359179998675,0,0,0,20.81999969482422,0.1651782867627143,0.1495188674472115,,0.0302055097184066,0.0,1
2026-02-18 09:20:00+05:30,2026-02-24,holdout,CALL,4065.195168790999,-5130.77441526999,9195.96958406099,4101.529600260383,-4101.529600260383,2053.3307244512926,0.0,False,4065.195168790999,12.670000076293944,-0.04951236693095329,0,0,0,20.290000915527344,,0.1501203005469787,,0.0104429597245431,0.0,1
2026-02-25 09:20:00+05:30,2026-03-02,holdout,CALL,3929.545732700004,-5382.591938967994,9312.137671668,3087.203552031785,-3087.203552031785,2050.22770286137,0.008403361344537815,False,3929.545732700004,14.149999618530272,-0.0014114649016221392,0,0,0,19.549999237060547,-0.0720232783445184,0.1593461760346667,,0.0316543617638884,0.0,1
2026-03-04 09:20:00+05:30,2026-03-10,holdout,CALL,4277.074030465999,-4896.148631527017,9173.222661993015,1172.1317283117314,-1172.1317283117314,2047.1246812714467,0.17039106145251395,False,4277.074030465999,17.1299991607666,0.25036491965363394,0,1,0,23.56999969482422,0.0947163428883988,0.1503858203528382,,0.0135075834140612,0.0,1
2026-03-09 09:20:00+05:30,2026-03-10,holdout,CALL,-5474.864070907003,3664.831995230007,-9139.69606613701,-179.09243266933026,179.09243266933026,2044.0216596815235,0.6239554317548747,False,-5474.864070907003,19.8799991607666,0.11310181866647073,0,1,0,29.489999771118164,0.2164686845851974,0.1398666225193783,,0.0392333163787786,0.0,1
2026-03-11 09:20:00+05:30,2026-03-17,holdout,PUT,-8224.972417086981,4119.735942299004,12344.708359385986,58.99751992834808,58.99751992834808,2040.918638091604,0.5916666666666667,False,-8224.972417086981,18.90999984741211,-0.19049660302523763,0,0,0,24.93000030517578,-0.022606542387607,0.1515188122384654,,0.0111146411832702,0.0,1
2026-03-12 09:20:00+05:30,2026-03-17,holdout,CALL,4473.803551765998,-5826.1678068070105,10299.97135857301,-540.5490148200602,540.5490148200602,2037.8156165016808,0.7479224376731302,False,4473.803551765998,21.059999465942383,0.11369643764563575,1,1,1,24.229999542236328,-0.0284803938407729,0.1567773197674671,,0.0286479607283321,0.0,1
2026-03-16 09:22:00+05:30,2026-03-17,holdout,CALL,-5260.85116363,3161.516238221004,-8422.367401851003,314.0229161940774,-314.0229161940774,2035.2059035500163,0.4447513812154696,False,-5260.85116363,22.649999618530277,0.05250925356551006,1,1,1,27.190000534057617,-0.0036710899822637,0.1670185665045481,,0.0439711969831454,1.5372494335018303,1
2026-03-16 14:50:00+05:30,2026-03-17,holdout,PUT,3350.2562177270065,3776.2845732980018,426.0283555709953,-709.2994998715994,-709.2994998715994,2032.596190598352,0.3085399449035813,False,3350.2562177270065,22.649999618530277,0.05250925356551006,1,1,1,27.190000534057617,-0.0036710899822637,0.1670185665045481,,-0.0316537057441424,0.5013165128323833,1
2026-03-18 09:20:00+05:30,2026-03-24,holdout,PUT,-5251.484061457,4188.367786190005,9439.851847647004,3609.419674711424,3609.419674711424,2029.9864776466875,0.989010989010989,True,4188.367786190005,19.790000915527344,-0.08379627009151125,0,0,0,22.3700008392334,-0.0497050592694289,0.173309693686776,,0.0028249677272184,0.0,1
2026-03-19 09:20:00+05:30,2026-03-24,holdout,CALL,3618.782463533,-8809.004876578007,12427.787340111005,2694.7582363264582,-2694.7582363264582,2087.4639619404397,0.01643835616438356,False,3618.782463533,18.71999931335449,-0.054067789422552526,0,0,0,25.09000015258789,0.1147485534418937,0.1778697478595194,,-0.0175501750044128,0.0,1
2026-03-23 09:53:00+05:30,2026-03-24,holdout,CALL,-5508.473265837996,3645.1408021370016,-9153.614067975,1365.1236793391945,-1365.1236793391945,2084.360940350517,0.1366120218579235,False,-5508.473265837996,22.809999465942383,0.0004386065445818321,1,0,0,26.780000686645508,0.1071046775536376,0.2040095184307682,,-0.0184788936997943,0.0,1
2026-03-25 09:20:00+05:30,2026-03-30,holdout,PUT,-9638.114750404004,4656.204723095,14294.319473499008,-4103.0479494637875,-4103.0479494637875,2081.257918760594,0.0,False,-9638.114750404004,24.739999771118164,-0.07444817827152395,1,0,0,26.950000762939453,0.0301341497412681,0.2272089885662936,,-0.002433537416851,0.0,1
2026-04-01 09:20:00+05:30,2026-04-07,holdout,CALL,4060.317566282004,-5886.729136714013,9947.046702996016,-1816.2272887632428,1816.2272887632428,2078.1548971706707,0.9320652173913043,False,4060.317566282004,27.88999938964844,0.04067164864245898,1,1,1,25.25,-0.1925006171755654,0.2510027098592097,,0.0148487742246106,0.0,1
2026-04-08 09:20:00+05:30,2026-04-13,holdout,CALL,4336.354235411002,3680.590312298004,655.7639231129983,200.15305958616443,-200.15305958616443,2075.0518755807475,0.5013550135501355,False,4336.354235411002,24.700000762939453,-0.0302315889742214,1,0,0,25.780000686645508,0.064486826273908,0.2604096647234658,,-0.0126333768004847,0.0,1
2026-04-15 09:20:00+05:30,2026-04-21,holdout,CALL,4621.959823913002,3400.3949484469986,1221.5648754660033,228.30894487539683,-228.30894487539683,2071.948853990828,0.4972972972972973,False,4621.959823913002,20.5,0.08753313449013445,1,1,1,18.36000061035156,-0.0405605330803214,0.2864769030623881,,0.0168392127930893,0.0,1
2026-04-22 09:20:00+05:30,2026-04-28,holdout,CALL,4067.253444491,-5364.835442352998,9432.088886843998,5131.068335370163,-5131.068335370163,2068.845832400905,0.0,False,4067.253444491,17.530000686645508,-0.06705695409735823,0,0,0,19.5,0.0328410617147654,0.2759432019624854,,-0.015217291930808,0.0,1
2026-04-24 10:28:00+05:30,2026-04-28,holdout,CALL,4138.9096618640015,3582.3088627850016,556.6007990789999,721.8008645320244,-721.8008645320244,2065.7428108109816,0.3064516129032258,False,4138.9096618640015,18.59000015258789,0.015847045225009904,0,0,0,19.309999465942383,0.0204035011271919,0.2499091555630345,,0.016281326826116,1.457084835674914,1
2026-04-29 09:20:00+05:30,2026-05-05,holdout,CALL,3814.1026680410014,3647.907608543002,166.1950594979994,3197.437428641581,-3197.437428641581,2062.6397892210584,0.013404825737265416,False,3814.1026680410014,18.049999237060547,-0.017954294819036876,0,0,0,17.829999923706055,-0.0105998499871969,0.2210225006747082,,0.0030210417513171,0.0,1
2026-05-06 09:20:00+05:30,2026-05-12,holdout,CALL,4000.7300602130017,-4653.544797496,8654.274857709002,4333.219304298864,-4333.219304298864,2059.5367676311353,0.00267379679144385,False,4000.7300602130017,17.90999984741211,-0.021311442945780246,0,0,0,17.3799991607666,-0.0510344409090051,0.1843740974233636,,0.0445045068983497,0.0,1
2026-05-11 09:40:00+05:30,2026-05-12,holdout,CALL,4038.4542225200007,-4230.729388479995,8269.183610999995,2807.8351511033607,-2807.8351511033607,2056.4337460412157,0.021333333333333333,False,4038.4542225200007,16.84000015258789,0.013237021795760695,0,0,0,17.190000534057617,0.0064196665691163,0.1345310673828337,,0.042187689340428,1.4019148804743962,1
2026-05-13 09:20:00+05:30,2026-05-19,holdout,CALL,3972.89953007,3770.460819206,202.43871086399983,2453.0260767693485,-2453.0260767693485,2053.3307244512926,0.0425531914893617,False,3972.89953007,19.280000686645508,0.03935317949374961,0,0,0,17.989999771118164,-0.0214470360276826,0.1490632394077511,,0.0292216090580794,1.7148798707853825,1
