entry_ts,expiry,shadow_control,action,override,pred_delta,rank_score,rank_threshold,rank_percentile,policy_net_rupees,gross_rupees,cost_rupees,call_put_delta,exit_ts,exit_reason,lot_size,expiry_dt,period
2021-05-28 09:20:00+05:30,2021-06-03,CALL,CALL,False,,,,,-5770.843548249997,-5647.499999999997,123.34354825,-10586.17443555,2021-06-01 09:33:00+05:30,DELTA_EXIT,75,2021-06-03 00:00:00+05:30,development
2021-06-01 09:34:00+05:30,2021-06-03,PUT,PUT,False,,,,,-5362.739468949999,-5242.499999999999,120.23946895000002,10692.105132149994,2021-06-02 10:11:00+05:30,DELTA_EXIT,75,2021-06-03 00:00:00+05:30,development
2021-06-02 10:12:00+05:30,2021-06-03,CALL,CALL,False,,,,,-9462.912349000002,-9360.000000000002,102.912349,-13242.327581250001,2021-06-03 09:15:00+05:30,DELTA_EXIT,75,2021-06-03 00:00:00+05:30,development
2021-06-04 09:20:00+05:30,2021-06-10,PUT,PUT,False,,,,,4278.0133139000045,4365.000000000005,86.9866861,1174.3234127999976,2021-06-10 13:19:00+05:30,DELTA_EXIT,75,2021-06-10 00:00:00+05:30,development
2021-06-11 09:20:00+05:30,2021-06-17,PUT,PUT,False,,,,,3365.936874950001,3442.500000000001,76.56312505000001,2159.026675199999,2021-06-17 15:00:00+05:30,DELTA_EXIT,75,2021-06-17 00:00:00+05:30,development
2021-06-18 09:20:00+05:30,2021-06-24,PUT,PUT,False,,,,,-5964.38301595001,-5782.50000000001,181.88301595000001,10322.17507710001,2021-06-18 10:57:00+05:30,DELTA_EXIT,75,2021-06-24 00:00:00+05:30,development
2021-06-18 10:58:00+05:30,2021-06-24,CALL,CALL,False,,,,,-6351.221376399996,-6209.999999999996,141.2213764,-9904.363996499997,2021-06-21 15:17:00+05:30,DELTA_EXIT,75,2021-06-24 00:00:00+05:30,development
2021-06-21 15:18:00+05:30,2021-06-24,PUT,PUT,False,,,,,3387.9547643,3465.0,77.04523569999999,821.293052399998,2021-06-24 14:03:00+05:30,DELTA_EXIT,75,2021-06-24 00:00:00+05:30,development
2021-06-25 09:20:00+05:30,2021-07-01,PUT,PUT,False,,,,,3765.9795372500053,3847.5000000000055,81.52046275000001,1217.780423099995,2021-07-01 13:23:00+05:30,DELTA_EXIT,75,2021-07-01 00:00:00+05:30,development
2021-07-02 09:20:00+05:30,2021-07-08,PUT,PUT,False,,,,,3796.306887199999,3869.999999999999,73.69311280000001,-9498.765043349997,2021-07-07 13:36:00+05:30,DELTA_EXIT,75,2021-07-08 00:00:00+05:30,development
2021-07-07 13:37:00+05:30,2021-07-08,PUT,PUT,False,,,,,-4055.6966507500015,-3982.5000000000014,73.19665074999999,7327.74959415,2021-07-08 13:00:00+05:30,DELTA_EXIT,75,2021-07-08 00:00:00+05:30,development
2021-07-09 09:20:00+05:30,2021-07-15,CALL,CALL,False,,,,,-5561.917337649999,-5467.499999999999,94.41733765000001,-9215.699057550002,2021-07-14 12:41:00+05:30,DELTA_EXIT,75,2021-07-15 00:00:00+05:30,development
2021-07-14 12:42:00+05:30,2021-07-15,PUT,PUT,False,,,,,2547.9677209999995,2609.9999999999995,62.032279,-4913.9999343,2021-07-15 13:09:00+05:30,DELTA_EXIT,75,2021-07-15 00:00:00+05:30,development
2021-07-16 09:20:00+05:30,2021-07-22,PUT,PUT,False,,,,,-6261.644906949995,-6142.4999999999945,119.14490694999999,10018.380800249995,2021-07-19 09:15:00+05:30,DELTA_EXIT,75,2021-07-22 00:00:00+05:30,development
2021-07-19 09:20:00+05:30,2021-07-22,CALL,CALL,False,,,,,4431.2456966,4500.0,68.7543034,10344.928486499999,2021-07-22 13:17:00+05:30,DELTA_EXIT,75,2021-07-22 00:00:00+05:30,development
2021-07-23 09:20:00+05:30,2021-07-29,CALL,CALL,False,,,,,3012.5399992999987,3074.9999999999986,62.460000699999995,7242.467187299995,2021-07-28 12:42:00+05:30,DELTA_EXIT,50,2021-07-29 00:00:00+05:30,development
2021-07-28 12:43:00+05:30,2021-07-29,CALL,CALL,False,,,,,-4601.731540599999,-4529.999999999999,71.7315406,-7107.013942499998,2021-07-29 09:16:00+05:30,DELTA_EXIT,50,2021-07-29 00:00:00+05:30,development
2021-07-30 09:20:00+05:30,2021-08-05,PUT,PUT,False,,,,,2286.9389549000016,2355.0000000000014,68.0610451,-6690.804425699999,2021-08-04 09:15:00+05:30,DELTA_EXIT,50,2021-08-05 00:00:00+05:30,development
2021-08-04 09:20:00+05:30,2021-08-05,PUT,PUT,False,,,,,2249.0491453999994,2309.9999999999995,60.9508546,-400.6489911000001,2021-08-05 13:00:00+05:30,DELTA_EXIT,50,2021-08-05 00:00:00+05:30,development
2021-08-06 09:20:00+05:30,2021-08-12,PUT,PUT,False,,,,,2179.6964594,2250.0,70.3035406,1352.988304200001,2021-08-12 11:43:00+05:30,DELTA_EXIT,50,2021-08-12 00:00:00+05:30,development
2021-08-13 09:20:00+05:30,2021-08-18,PUT,PUT,False,,,,,2364.5486606000004,2430.0000000000005,65.45133940000001,-6277.5714321,2021-08-18 09:15:00+05:30,DELTA_EXIT,50,2021-08-18 00:00:00+05:30,development
2021-08-20 09:20:00+05:30,2021-08-26,PUT,PUT,False,,,,,2638.0400873000012,2715.0000000000014,76.9599127,-5710.6788695999985,2021-08-25 09:22:00+05:30,DELTA_EXIT,50,2021-08-26 00:00:00+05:30,development
2021-08-25 09:23:00+05:30,2021-08-26,PUT,PUT,False,,,,,2563.6660487,2625.0,61.333951299999995,439.8728000999986,2021-08-26 15:08:00+05:30,DELTA_EXIT,50,2021-08-26 00:00:00+05:30,development
2021-08-27 09:20:00+05:30,2021-09-02,PUT,PUT,False,,,,,2136.7355363000015,2205.0000000000014,68.26446370000001,-5712.564077100001,2021-08-31 12:29:00+05:30,DELTA_EXIT,50,2021-09-02 00:00:00+05:30,development
2021-08-31 12:30:00+05:30,2021-09-02,PUT,PUT,False,,,,,1813.0623616999992,1874.999999999999,61.93763829999999,-5181.780998399998,2021-09-02 09:27:00+05:30,DELTA_EXIT,50,2021-09-02 00:00:00+05:30,development
2021-09-03 09:20:00+05:30,2021-09-09,PUT,PUT,False,,,,,2644.5443417000015,2715.0000000000014,70.4556583,-59.265579599999,2021-09-09 09:28:00+05:30,DELTA_EXIT,50,2021-09-09 00:00:00+05:30,development
2021-09-13 09:20:00+05:30,2021-09-16,PUT,PUT,False,,,,,2525.8753804999997,2594.9999999999995,69.1246195,-6188.083194,2021-09-15 13:43:00+05:30,DELTA_EXIT,50,2021-09-16 00:00:00+05:30,development
2021-09-15 13:44:00+05:30,2021-09-16,PUT,PUT,False,,,,,2371.108035799999,2429.999999999999,58.891964200000004,-3972.8114828999987,2021-09-16 13:41:00+05:30,DELTA_EXIT,50,2021-09-16 00:00:00+05:30,development
2021-09-17 09:20:00+05:30,2021-09-23,PUT,PUT,False,,,,,-4441.1271315999975,-4319.999999999997,121.12713160000001,6983.858376599998,2021-09-20 09:15:00+05:30,DELTA_EXIT,50,2021-09-23 00:00:00+05:30,development
2021-09-20 09:20:00+05:30,2021-09-23,CALL,CALL,False,,,,,-3664.633128699998,-3584.999999999998,79.6331287,-6113.9460987,2021-09-23 09:15:00+05:30,DELTA_EXIT,50,2021-09-23 00:00:00+05:30,development
2021-09-24 09:20:00+05:30,2021-09-30,PUT,PUT,False,,,,,-4070.9928630999957,-3944.9999999999955,125.99286310000004,6578.1382718999985,2021-09-28 12:22:00+05:30,DELTA_EXIT,50,2021-09-30 00:00:00+05:30,development
2021-09-28 12:23:00+05:30,2021-09-30,CALL,CALL,False,,,,,3186.2026781000013,3255.0000000000014,68.79732189999999,451.4646281999985,2021-09-30 13:07:00+05:30,DELTA_EXIT,50,2021-09-30 00:00:00+05:30,development
2021-10-01 09:20:00+05:30,2021-10-07,CALL,CALL,False,,,,,-4249.853357199997,-4139.999999999997,109.8533572,-7071.466766999998,2021-10-05 12:52:00+05:30,DELTA_EXIT,50,2021-10-07 00:00:00+05:30,development
2021-10-05 12:53:00+05:30,2021-10-07,PUT,PUT,False,,,,,2289.9705989000013,2355.0000000000014,65.0294011,395.6716589999983,2021-10-07 11:55:00+05:30,DELTA_EXIT,50,2021-10-07 00:00:00+05:30,development
2021-10-08 09:20:00+05:30,2021-10-14,PUT,PUT,False,,,,,2876.1497009000027,2955.0000000000027,78.8502991,-6265.290593999999,2021-10-13 14:15:00+05:30,DELTA_EXIT,50,2021-10-14 00:00:00+05:30,development
2021-10-13 14:16:00+05:30,2021-10-14,PUT,PUT,False,,,,,1739.7520783999994,1799.9999999999993,60.24792160000001,-4383.685382400001,2021-10-14 11:46:00+05:30,DELTA_EXIT,50,2021-10-14 00:00:00+05:30,development
2021-10-18 09:20:00+05:30,2021-10-21,PUT,PUT,False,,,,,-3113.874500499997,-3014.999999999997,98.87450050000001,5865.909381299996,2021-10-20 14:15:00+05:30,DELTA_EXIT,50,2021-10-21 00:00:00+05:30,development
2021-10-20 14:16:00+05:30,2021-10-21,CALL,CALL,False,,,,,2891.2803605000004,2955.0000000000005,63.719639499999985,5120.878254900001,2021-10-21 12:12:00+05:30,DELTA_EXIT,50,2021-10-21 00:00:00+05:30,development
2021-10-22 09:20:00+05:30,2021-10-28,CALL,CALL,False,,,,,3237.0072149000034,3315.0000000000036,77.99278509999999,7493.2767855,2021-10-28 09:15:00+05:30,DELTA_EXIT,50,2021-10-28 00:00:00+05:30,development
2021-11-01 09:20:00+05:30,2021-11-11,CALL,CALL,False,,,,,3390.9753079999987,3479.9999999999986,89.024692,797.2577036999978,2021-11-11 11:25:00+05:30,DELTA_EXIT,50,2021-11-11 00:00:00+05:30,development
2021-11-12 09:20:00+05:30,2021-11-18,CALL,CALL,False,,,,,-4676.205101200001,-4560.000000000001,116.20510119999997,-1403.126031600004,2021-11-15 09:17:00+05:30,DELTA_EXIT,50,2021-11-18 00:00:00+05:30,development
2021-11-15 09:20:00+05:30,2021-11-18,PUT,PUT,False,,,,,-3191.054340099996,-3074.999999999996,116.0543401,6810.6255638999955,2021-11-16 09:37:00+05:30,DELTA_EXIT,50,2021-11-18 00:00:00+05:30,development
2021-11-16 09:38:00+05:30,2021-11-18,CALL,CALL,False,,,,,3681.1794373999987,3749.9999999999986,68.82056260000002,7171.405756499998,2021-11-18 09:25:00+05:30,DELTA_EXIT,50,2021-11-18 00:00:00+05:30,development
2021-11-22 09:20:00+05:30,2021-11-25,CALL,CALL,False,,,,,3181.186685300003,3255.0000000000027,73.8133147,6864.759549300006,2021-11-23 09:18:00+05:30,DELTA_EXIT,50,2021-11-25 00:00:00+05:30,development
2021-11-23 09:20:00+05:30,2021-11-25,CALL,CALL,False,,,,,-4492.345074400001,-4380.000000000001,112.34507439999999,-6832.072914900003,2021-11-23 13:32:00+05:30,DELTA_EXIT,50,2021-11-25 00:00:00+05:30,development
2021-11-23 13:33:00+05:30,2021-11-25,PUT,PUT,False,,,,,2150.6699983999997,2219.9999999999995,69.3300016,964.4272284000012,2021-11-25 14:22:00+05:30,DELTA_EXIT,50,2021-11-25 00:00:00+05:30,development
2021-11-26 09:20:00+05:30,2021-12-02,PUT,PUT,False,,,,,-3506.6967187000064,-3345.0000000000064,161.6967187,6970.249279500007,2021-11-26 15:05:00+05:30,DELTA_EXIT,50,2021-12-02 00:00:00+05:30,development
2021-11-26 15:06:00+05:30,2021-12-02,CALL,CALL,False,,,,,-4747.735058799997,-4619.999999999997,127.7350588,-7240.2183348,2021-11-30 10:26:00+05:30,DELTA_EXIT,50,2021-12-02 00:00:00+05:30,development
2021-11-30 10:27:00+05:30,2021-12-02,PUT,PUT,False,,,,,-4261.9359127,-4125.0,136.93591270000002,8302.8980085,2021-11-30 11:24:00+05:30,DELTA_EXIT,50,2021-12-02 00:00:00+05:30,development
2021-11-30 11:25:00+05:30,2021-12-02,CALL,CALL,False,,,,,-4147.301489499999,-4064.999999999999,82.3014895,-6663.944136,2021-12-02 11:19:00+05:30,DELTA_EXIT,50,2021-12-02 00:00:00+05:30,development
2021-12-03 09:20:00+05:30,2021-12-09,PUT,PUT,False,,,,,-3754.551613599996,-3599.999999999996,154.5516136,7246.7723502,2021-12-03 14:42:00+05:30,DELTA_EXIT,50,2021-12-09 00:00:00+05:30,development
2021-12-03 14:43:00+05:30,2021-12-09,CALL,CALL,False,,,,,-4089.2321073999974,-3989.9999999999973,99.2321074,-389.4097076999965,2021-12-08 13:23:00+05:30,DELTA_EXIT,50,2021-12-09 00:00:00+05:30,development
2021-12-08 13:24:00+05:30,2021-12-09,PUT,PUT,False,,,,,2592.9681137000007,2655.0000000000005,62.0318863,617.6970992999986,2021-12-09 14:35:00+05:30,DELTA_EXIT,50,2021-12-09 00:00:00+05:30,development
2021-12-10 09:20:00+05:30,2021-12-16,PUT,PUT,False,,,,,-4362.084285099997,-4244.999999999997,117.0842851,7947.4476927,2021-12-15 10:39:00+05:30,DELTA_EXIT,50,2021-12-16 00:00:00+05:30,development
2021-12-15 10:40:00+05:30,2021-12-16,CALL,CALL,False,,,,,-3097.9445892999984,-3014.999999999998,82.9445893,-5672.6236977,2021-12-16 09:15:00+05:30,DELTA_EXIT,50,2021-12-16 00:00:00+05:30,development
2021-12-17 09:20:00+05:30,2021-12-23,PUT,PUT,False,,,,,-6033.4269874,-5850.0,183.42698740000003,8704.8205185,2021-12-20 09:15:00+05:30,DELTA_EXIT,50,2021-12-23 00:00:00+05:30,development
2021-12-20 09:20:00+05:30,2021-12-23,CALL,CALL,False,,,,,-5128.843726299993,-5024.999999999994,103.84372629999999,-1464.761424899988,2021-12-23 09:15:00+05:30,DELTA_EXIT,50,2021-12-23 00:00:00+05:30,development
2021-12-24 09:20:00+05:30,2021-12-30,PUT,PUT,False,,,,,2171.5110206000018,2250.000000000002,78.4889794,1294.1912514000019,2021-12-29 12:58:00+05:30,DELTA_EXIT,50,2021-12-30 00:00:00+05:30,development
2021-12-29 12:59:00+05:30,2021-12-30,PUT,PUT,False,,,,,1592.690545399999,1649.999999999999,57.309454599999995,945.1184883000008,2021-12-30 13:50:00+05:30,DELTA_EXIT,50,2021-12-30 00:00:00+05:30,development
2021-12-31 09:20:00+05:30,2022-01-06,PUT,PUT,False,,,,,2499.4560572000028,2580.0000000000027,80.54394280000001,-6228.4205193,2022-01-04 09:15:00+05:30,DELTA_EXIT,50,2022-01-06 00:00:00+05:30,development
2022-01-04 09:20:00+05:30,2022-01-06,PUT,PUT,False,,,,,2660.7111962000013,2730.0000000000014,69.2888038,-7220.099242800001,2022-01-05 15:07:00+05:30,DELTA_EXIT,50,2022-01-06 00:00:00+05:30,development
2022-01-05 15:08:00+05:30,2022-01-06,PUT,PUT,False,,,,,-4991.351011899998,-4904.999999999998,86.35101189999999,8965.644880799999,2022-01-06 09:15:00+05:30,DELTA_EXIT,50,2022-01-06 00:00:00+05:30,development
2022-01-07 09:20:00+05:30,2022-01-13,CALL,CALL,False,,,,,-6096.782225799997,-5969.999999999997,126.7822258,-9045.3327168,2022-01-12 09:15:00+05:30,DELTA_EXIT,50,2022-01-13 00:00:00+05:30,development
2022-01-12 09:20:00+05:30,2022-01-13,PUT,PUT,False,,,,,2143.7083175000002,2205.0000000000005,61.29168250000001,-4590.877967699998,2022-01-13 09:32:00+05:30,DELTA_EXIT,50,2022-01-13 00:00:00+05:30,development
2022-01-14 09:20:00+05:30,2022-01-20,PUT,PUT,False,,,,,-3465.6757431999945,-3359.9999999999945,105.67574320000001,125.05187369999612,2022-01-19 12:48:00+05:30,DELTA_EXIT,50,2022-01-20 00:00:00+05:30,development
2022-01-19 12:49:00+05:30,2022-01-20,CALL,CALL,False,,,,,2115.095262499999,2174.999999999999,59.9047375,4444.742388000001,2022-01-20 11:20:00+05:30,DELTA_EXIT,50,2022-01-20 00:00:00+05:30,development
2022-01-21 09:20:00+05:30,2022-01-27,CALL,CALL,False,,,,,3354.2705957000007,3435.000000000001,80.72940429999998,7012.328269800011,2022-01-24 15:22:00+05:30,DELTA_EXIT,50,2022-01-27 00:00:00+05:30,development
2022-01-24 15:23:00+05:30,2022-01-27,CALL,CALL,False,,,,,3090.0283631000016,3165.0000000000014,74.9716369,6578.915703600005,2022-01-27 09:15:00+05:30,DELTA_EXIT,50,2022-01-27 00:00:00+05:30,development
2022-01-28 09:20:00+05:30,2022-02-03,CALL,CALL,False,,,,,-3594.938998299999,-3464.999999999999,129.93899829999998,-6983.753494800001,2022-02-02 11:49:00+05:30,DELTA_EXIT,50,2022-02-03 00:00:00+05:30,development
2022-02-02 11:50:00+05:30,2022-02-03,PUT,PUT,False,,,,,-3550.969060000001,-3480.000000000001,70.96906,5875.533320699999,2022-02-03 13:46:00+05:30,DELTA_EXIT,50,2022-02-03 00:00:00+05:30,development
2022-02-04 09:20:00+05:30,2022-02-10,CALL,CALL,False,,,,,3816.5002400000017,3900.000000000002,83.49976,8060.913478800005,2022-02-08 10:25:00+05:30,DELTA_EXIT,50,2022-02-10 00:00:00+05:30,development
2022-02-08 10:26:00+05:30,2022-02-10,CALL,CALL,False,,,,,-4257.945014499998,-4154.999999999998,102.94501450000001,-6882.601847699998,2022-02-09 09:23:00+05:30,DELTA_EXIT,50,2022-02-10 00:00:00+05:30,development
2022-02-09 09:24:00+05:30,2022-02-10,PUT,PUT,False,,,,,2246.017501400001,2310.000000000001,63.9824986,-5889.0819372,2022-02-10 10:16:00+05:30,DELTA_EXIT,50,2022-02-10 00:00:00+05:30,development
2022-02-11 09:20:00+05:30,2022-02-17,PUT,PUT,False,,,,,-4635.421830400003,-4440.000000000004,195.42183039999998,7082.061441600005,2022-02-14 09:15:00+05:30,DELTA_EXIT,50,2022-02-17 00:00:00+05:30,development
2022-02-14 09:20:00+05:30,2022-02-17,CALL,CALL,False,,,,,-3376.094104300004,-3225.000000000004,151.0941043,-5641.772890500006,2022-02-15 14:01:00+05:30,DELTA_EXIT,50,2022-02-17 00:00:00+05:30,development
2022-02-15 14:02:00+05:30,2022-02-17,PUT,PUT,False,,,,,2369.6913551000016,2445.000000000002,75.3086449,-6051.505713299995,2022-02-17 09:15:00+05:30,DELTA_EXIT,50,2022-02-17 00:00:00+05:30,development
2022-02-18 09:20:00+05:30,2022-02-24,PUT,PUT,False,,,,,-7453.601806300002,-7245.000000000002,208.6018063,11236.142273700001,2022-02-24 09:15:00+05:30,DELTA_EXIT,50,2022-02-24 00:00:00+05:30,development
2022-02-25 09:20:00+05:30,2022-03-03,CALL,CALL,False,,,,,3044.548343300001,3135.000000000001,90.4516567,724.427047499998,2022-03-03 09:29:00+05:30,DELTA_EXIT,50,2022-03-03 00:00:00+05:30,development
2022-03-04 09:20:00+05:30,2022-03-10,CALL,CALL,False,,,,,3471.1370306000013,3570.0000000000014,98.86296940000001,8172.5273583,2022-03-08 11:15:00+05:30,DELTA_EXIT,50,2022-03-10 00:00:00+05:30,development
2022-03-08 11:16:00+05:30,2022-03-10,CALL,CALL,False,,,,,-3759.0715192,-3600.0,159.07151919999998,-6587.7568515,2022-03-09 09:24:00+05:30,DELTA_EXIT,50,2022-03-10 00:00:00+05:30,development
2022-03-09 09:25:00+05:30,2022-03-10,PUT,PUT,False,,,,,2887.8517705999993,2969.9999999999995,82.14822940000002,-7183.433191199995,2022-03-10 09:15:00+05:30,DELTA_EXIT,50,2022-03-10 00:00:00+05:30,development
2022-03-11 09:20:00+05:30,2022-03-17,PUT,PUT,False,,,,,2458.4297219000036,2565.0000000000036,106.57027809999998,-7160.497578600008,2022-03-16 09:24:00+05:30,DELTA_EXIT,50,2022-03-17 00:00:00+05:30,development
2022-03-16 09:25:00+05:30,2022-03-17,PUT,PUT,False,,,,,2700.0892673000017,2775.000000000002,74.9107327,-9343.711184700007,2022-03-17 09:15:00+05:30,DELTA_EXIT,50,2022-03-17 00:00:00+05:30,development
2022-03-21 09:20:00+05:30,2022-03-24,PUT,PUT,False,,,,,2729.9314400000017,2820.000000000002,90.06855999999999,878.5053821999995,2022-03-24 11:03:00+05:30,DELTA_EXIT,50,2022-03-24 00:00:00+05:30,development
2022-03-25 09:20:00+05:30,2022-03-31,PUT,PUT,False,,,,,2505.866530100002,2595.000000000002,89.1334699,-5425.942799699999,2022-03-30 09:17:00+05:30,DELTA_EXIT,50,2022-03-31 00:00:00+05:30,development
2022-03-30 09:20:00+05:30,2022-03-31,PUT,PUT,False,,,,,1887.6679838,1950.0,62.332016200000005,-5042.8386831,2022-03-31 10:58:00+05:30,DELTA_EXIT,50,2022-03-31 00:00:00+05:30,development
2022-04-01 09:20:00+05:30,2022-04-07,PUT,PUT,False,,,,,2714.894561900003,2805.0000000000027,90.10543810000001,-7300.873034700007,2022-04-04 13:27:00+05:30,DELTA_EXIT,50,2022-04-07 00:00:00+05:30,development
2022-04-04 13:28:00+05:30,2022-04-07,PUT,PUT,False,,,,,-4185.158378799996,-4079.999999999996,105.1583788,6935.181350399998,2022-04-06 10:39:00+05:30,DELTA_EXIT,50,2022-04-07 00:00:00+05:30,development
2022-04-06 10:40:00+05:30,2022-04-07,CALL,CALL,False,,,,,2232.3862036999994,2294.9999999999995,62.6137963,4158.4353753,2022-04-07 09:37:00+05:30,DELTA_EXIT,50,2022-04-07 00:00:00+05:30,development
2022-04-08 09:20:00+05:30,2022-04-13,CALL,CALL,False,,,,,3027.483095900003,3105.0000000000027,77.51690410000002,-42.575077499999225,2022-04-12 11:37:00+05:30,DELTA_EXIT,50,2022-04-13 00:00:00+05:30,development
2022-04-12 11:38:00+05:30,2022-04-13,CALL,CALL,False,,,,,-3943.719316600001,-3870.000000000001,73.71931659999998,-7029.652280400002,2022-04-13 09:30:00+05:30,DELTA_EXIT,50,2022-04-13 00:00:00+05:30,development
2022-04-18 09:20:00+05:30,2022-04-21,PUT,PUT,False,,,,,-4067.3108697999987,-3929.9999999999986,137.3108698,7217.293822499999,2022-04-19 15:08:00+05:30,DELTA_EXIT,50,2022-04-21 00:00:00+05:30,development
2022-04-19 15:09:00+05:30,2022-04-21,CALL,CALL,False,,,,,-4752.949334199996,-4649.999999999996,102.94933420000002,-7430.902240499997,2022-04-20 12:38:00+05:30,DELTA_EXIT,50,2022-04-21 00:00:00+05:30,development
2022-04-20 12:39:00+05:30,2022-04-21,PUT,PUT,False,,,,,1917.5212567999993,1979.9999999999993,62.4787432,-5769.503482799999,2022-04-21 10:35:00+05:30,DELTA_EXIT,50,2022-04-21 00:00:00+05:30,development
2022-04-22 09:20:00+05:30,2022-04-28,PUT,PUT,False,,,,,-3578.07777400001,-3420.00000000001,158.07777399999998,6964.378914300011,2022-04-25 09:16:00+05:30,DELTA_EXIT,50,2022-04-28 00:00:00+05:30,development
2022-04-25 09:20:00+05:30,2022-04-28,CALL,CALL,False,,,,,-4331.542002099997,-4214.999999999997,116.54200210000002,-7132.1490273,2022-04-26 15:07:00+05:30,DELTA_EXIT,50,2022-04-28 00:00:00+05:30,development
2022-04-26 15:08:00+05:30,2022-04-28,PUT,PUT,False,,,,,-4100.421629799997,-3989.9999999999973,110.4216298,7468.5275463,2022-04-27 09:40:00+05:30,DELTA_EXIT,50,2022-04-28 00:00:00+05:30,development
2022-04-27 09:41:00+05:30,2022-04-28,CALL,CALL,False,,,,,-2939.8588963000007,-2865.0000000000005,74.8588963,-5631.773825100001,2022-04-28 12:34:00+05:30,DELTA_EXIT,50,2022-04-28 00:00:00+05:30,development
2022-04-29 09:20:00+05:30,2022-05-05,PUT,PUT,False,,,,,-5899.3517626000075,-5730.000000000007,169.3517626,9211.57092840001,2022-05-02 09:15:00+05:30,DELTA_EXIT,50,2022-05-05 00:00:00+05:30,development
2022-05-02 09:20:00+05:30,2022-05-05,CALL,CALL,False,,,,,3208.366599500001,3285.000000000001,76.6334005,6856.480329000001,2022-05-05 09:15:00+05:30,DELTA_EXIT,50,2022-05-05 00:00:00+05:30,development
2022-05-06 09:20:00+05:30,2022-05-12,CALL,CALL,False,-424.68497966221264,424.68497966221264,,,3245.2642346000007,3330.000000000001,84.7357654,7328.934881699997,2022-05-11 09:45:00+05:30,DELTA_EXIT,50,2022-05-12 00:00:00+05:30,development
2022-05-11 09:46:00+05:30,2022-05-12,CALL,CALL,False,-2672.356553548504,2672.356553548504,,,3158.085710300001,3225.0000000000014,66.9142897,7145.708744099995,2022-05-12 09:15:00+05:30,DELTA_EXIT,50,2022-05-12 00:00:00+05:30,development
2022-05-13 09:20:00+05:30,2022-05-19,CALL,CALL,False,-529.256703003784,529.256703003784,,,-4127.926908999994,-3989.9999999999945,137.926909,-6677.884338599995,2022-05-17 14:55:00+05:30,DELTA_EXIT,50,2022-05-19 00:00:00+05:30,development
2022-05-17 14:56:00+05:30,2022-05-19,PUT,PUT,False,-57.5987897355576,-57.5987897355576,,,-4044.105012999996,-3929.999999999996,114.105013,7084.982463299997,2022-05-19 09:15:00+05:30,DELTA_EXIT,50,2022-05-19 00:00:00+05:30,development
2022-05-20 09:20:00+05:30,2022-05-26,CALL,CALL,False,-2759.408764011906,2759.408764011906,,,-4466.592941200001,-4320.000000000002,146.5929412,-7241.304290699996,2022-05-23 13:30:00+05:30,DELTA_EXIT,50,2022-05-26 00:00:00+05:30,development
2022-05-23 13:31:00+05:30,2022-05-26,PUT,PUT,False,212.14898926273054,212.14898926273054,,,-4909.6351872999985,-4754.999999999998,154.6351873,8045.628557099999,2022-05-24 14:29:00+05:30,DELTA_EXIT,50,2022-05-26 00:00:00+05:30,development
2022-05-24 14:30:00+05:30,2022-05-26,CALL,CALL,False,-2604.904632859212,2604.904632859212,,,2917.6059023000007,2985.000000000001,67.39409769999999,71.502397199999,2022-05-26 09:41:00+05:30,DELTA_EXIT,50,2022-05-26 00:00:00+05:30,development
2022-05-27 09:20:00+05:30,2022-06-02,CALL,CALL,False,1480.2090818525753,-1480.2090818525753,,,-3909.677243499997,-3764.9999999999973,144.6772435,-6387.2890038000005,2022-05-30 09:30:00+05:30,DELTA_EXIT,50,2022-06-02 00:00:00+05:30,development
2022-05-30 09:31:00+05:30,2022-06-02,PUT,PUT,False,-1614.8142364140074,-1614.8142364140074,,,2950.8104438000005,3030.0000000000005,79.1895562,844.3802472000011,2022-06-02 13:34:00+05:30,DELTA_EXIT,50,2022-06-02 00:00:00+05:30,development
2022-06-03 09:20:00+05:30,2022-06-09,PUT,PUT,False,-1260.0866336466931,-1260.0866336466931,,,-3676.059975099998,-3524.999999999998,151.05997510000003,6898.7468823,2022-06-06 09:25:00+05:30,DELTA_EXIT,50,2022-06-09 00:00:00+05:30,development
2022-06-06 09:26:00+05:30,2022-06-09,CALL,CALL,False,-2205.6643235197475,2205.6643235197475,,,3046.5989132000013,3120.0000000000014,73.4010868,437.0065185000003,2022-06-08 13:31:00+05:30,DELTA_EXIT,50,2022-06-09 00:00:00+05:30,development
2022-06-08 13:32:00+05:30,2022-06-09,CALL,CALL,False,-5123.997944743454,5123.997944743454,,,2787.951441799999,2849.999999999999,62.04855820000001,-328.11039900000196,2022-06-09 13:07:00+05:30,DELTA_EXIT,50,2022-06-09 00:00:00+05:30,development
2022-06-10 09:20:00+05:30,2022-06-16,CALL,CALL,False,-1324.2721190001,1324.2721190001,,,3310.4001794000014,3390.0000000000014,79.5998206,9696.091576500014,2022-06-13 09:27:00+05:30,DELTA_EXIT,50,2022-06-16 00:00:00+05:30,development
2022-06-13 09:28:00+05:30,2022-06-16,CALL,CALL,False,-1941.8127649607616,1941.8127649607616,,,2997.6298229000017,3075.000000000002,77.37017709999999,20.08043129999851,2022-06-16 09:42:00+05:30,DELTA_EXIT,50,2022-06-16 00:00:00+05:30,development
2022-06-17 09:20:00+05:30,2022-06-23,CALL,CALL,False,-22.614146720767167,22.614146720767167,,,-4408.170633699996,-4274.999999999996,133.17063370000002,-7161.285729899992,2022-06-21 12:49:00+05:30,DELTA_EXIT,50,2022-06-23 00:00:00+05:30,development
2022-06-21 12:50:00+05:30,2022-06-23,PUT,PUT,False,-2426.144009380503,-2426.144009380503,,,-3071.5310064999962,-2954.9999999999964,116.5310065,6690.826626299995,2022-06-22 10:03:00+05:30,DELTA_EXIT,50,2022-06-23 00:00:00+05:30,development
2022-06-22 10:04:00+05:30,2022-06-23,CALL,CALL,False,-3253.67376302024,3253.67376302024,,,-4370.181302199999,-4289.999999999999,80.18130219999999,-6344.267219400001,2022-06-23 10:22:00+05:30,DELTA_EXIT,50,2022-06-23 00:00:00+05:30,development
2022-06-24 09:20:00+05:30,2022-06-30,PUT,PUT,False,-622.5308113999254,-622.5308113999254,,,2628.0632225000036,2715.0000000000036,86.93677749999999,906.8152727999977,2022-06-30 09:15:00+05:30,DELTA_EXIT,50,2022-06-30 00:00:00+05:30,development
2022-07-01 09:20:00+05:30,2022-07-07,PUT,PUT,False,-1947.7039775631474,-1947.7039775631474,,,2776.1720507000014,2865.0000000000014,88.8279493,-6530.425859699997,2022-07-05 09:55:00+05:30,DELTA_EXIT,50,2022-07-07 00:00:00+05:30,development
2022-07-05 09:56:00+05:30,2022-07-07,PUT,PUT,False,-4092.2396407327215,-4092.2396407327215,,,2315.965415900001,2385.000000000001,69.0345841,889.6011230999998,2022-07-07 09:15:00+05:30,DELTA_EXIT,50,2022-07-07 00:00:00+05:30,development
2022-07-08 09:20:00+05:30,2022-07-14,PUT,PUT,False,-258.4214832361614,-258.4214832361614,,,-3321.6347538999958,-3224.999999999996,96.6347539,6323.8120427999975,2022-07-14 12:03:00+05:30,DELTA_EXIT,50,2022-07-14 00:00:00+05:30,development
2022-07-15 09:20:00+05:30,2022-07-21,CALL,CALL,False,-1622.3420404812382,1622.3420404812382,,,-4389.5122428999985,-4274.999999999998,114.51224290000003,-7133.0033997,2022-07-18 14:48:00+05:30,DELTA_EXIT,50,2022-07-21 00:00:00+05:30,development
2022-07-18 14:49:00+05:30,2022-07-21,PUT,PUT,False,1495.590559912915,1495.590559912915,,,2690.0408215999996,2759.9999999999995,69.9591784,-8950.078995300006,2022-07-20 10:36:00+05:30,DELTA_EXIT,50,2022-07-21 00:00:00+05:30,development
2022-07-20 10:37:00+05:30,2022-07-21,PUT,PUT,False,766.9789851198618,766.9789851198618,,,2817.1157048000005,2880.0000000000005,62.884295200000004,199.83395849999852,2022-07-21 14:15:00+05:30,DELTA_EXIT,50,2022-07-21 00:00:00+05:30,development
2022-07-22 09:20:00+05:30,2022-07-28,PUT,PUT,False,2270.3327736548545,2270.3327736548545,,,-3728.413254099997,-3614.9999999999973,113.41325409999999,6554.915954999997,2022-07-27 09:29:00+05:30,DELTA_EXIT,50,2022-07-28 00:00:00+05:30,development
2022-07-27 09:30:00+05:30,2022-07-28,CALL,CALL,False,-722.0143162887239,722.0143162887239,,,-5228.286628599996,-5129.999999999996,98.2866286,-7954.850339999995,2022-07-27 13:00:00+05:30,DELTA_EXIT,50,2022-07-28 00:00:00+05:30,development
2022-07-27 13:01:00+05:30,2022-07-28,PUT,PUT,False,-65.72513380478085,-65.72513380478085,,,2455.5691807999997,2519.9999999999995,64.4308192,-7251.909304199997,2022-07-28 09:15:00+05:30,DELTA_EXIT,50,2022-07-28 00:00:00+05:30,development
2022-07-29 09:20:00+05:30,2022-08-04,PUT,PUT,False,-94.09125396326624,-94.09125396326624,,,2786.5072007000035,2865.0000000000036,78.4927993,-7063.2759684,2022-08-03 15:00:00+05:30,DELTA_EXIT,50,2022-08-04 00:00:00+05:30,development
2022-08-03 15:01:00+05:30,2022-08-04,PUT,PUT,False,-3051.0924907649805,-3051.0924907649805,,,-3374.6716831,-3285.0,89.6716831,5807.1123285,2022-08-04 11:43:00+05:30,DELTA_EXIT,50,2022-08-04 00:00:00+05:30,development
2022-08-05 09:20:00+05:30,2022-08-11,CALL,CALL,False,-953.448407715031,953.448407715031,,,-3247.001571399996,-3149.999999999996,97.00157139999997,-6207.502175699993,2022-08-11 09:16:00+05:30,DELTA_EXIT,50,2022-08-11 00:00:00+05:30,development
2022-08-12 09:20:00+05:30,2022-08-18,PUT,PUT,False,484.19723524688993,484.19723524688993,,,2908.125124700001,2985.000000000001,76.8748753,-6893.339303399999,2022-08-17 10:33:00+05:30,DELTA_EXIT,50,2022-08-18 00:00:00+05:30,development
2022-08-17 10:34:00+05:30,2022-08-18,PUT,PUT,False,538.0113953141658,538.0113953141658,,,2129.443130599999,2189.999999999999,60.5568694,50.20930830000043,2022-08-18 14:15:00+05:30,DELTA_EXIT,50,2022-08-18 00:00:00+05:30,development
2022-08-19 09:20:00+05:30,2022-08-25,PUT,PUT,False,122.09616507031126,122.09616507031126,,,-4101.187961200006,-3960.0000000000055,141.1879612,7328.560136400006,2022-08-19 12:29:00+05:30,DELTA_EXIT,50,2022-08-25 00:00:00+05:30,development
2022-08-19 12:30:00+05:30,2022-08-25,CALL,CALL,False,-624.4777804076323,624.4777804076323,,,3030.873025100003,3105.0000000000027,74.12697490000001,7076.642762399995,2022-08-23 09:15:00+05:30,DELTA_EXIT,50,2022-08-25 00:00:00+05:30,development
2022-08-23 09:20:00+05:30,2022-08-25,CALL,CALL,False,-518.937454815258,518.937454815258,,,-4092.688257699996,-3974.999999999996,117.68825769999998,-7008.557854799998,2022-08-23 09:51:00+05:30,DELTA_EXIT,50,2022-08-25 00:00:00+05:30,development
2022-08-23 09:52:00+05:30,2022-08-25,PUT,PUT,False,-1743.2330868554216,-1743.2330868554216,,,2616.3722530999985,2684.9999999999986,68.6277469,-11.178422099995714,2022-08-25 09:33:00+05:30,DELTA_EXIT,50,2022-08-25 00:00:00+05:30,development
2022-08-26 09:20:00+05:30,2022-09-01,PUT,PUT,False,769.9142167434359,769.9142167434359,,,-6889.0683379000075,-6705.000000000007,184.0683379,10099.750011000007,2022-08-29 09:15:00+05:30,DELTA_EXIT,50,2022-09-01 00:00:00+05:30,development
2022-08-29 09:20:00+05:30,2022-09-01,CALL,CALL,False,2848.5690796044173,-2848.5690796044173,,,-3949.1709159999973,-3839.9999999999973,109.170916,-6259.128164699998,2022-08-30 09:20:00+05:30,DELTA_EXIT,50,2022-09-01 00:00:00+05:30,development
2022-08-30 09:21:00+05:30,2022-09-01,PUT,PUT,False,-5037.127946457671,-5037.127946457671,,,2363.1982010000006,2430.0000000000005,66.80179899999999,-6907.808513399999,2022-09-01 10:08:00+05:30,DELTA_EXIT,50,2022-09-01 00:00:00+05:30,development
2022-09-02 09:20:00+05:30,2022-09-08,PUT,PUT,False,-2014.9847122855144,-2014.9847122855144,,,2856.427554799999,2939.999999999999,83.5724452,589.8557355000007,2022-09-08 09:15:00+05:30,DELTA_EXIT,50,2022-09-08 00:00:00+05:30,development
2022-09-09 09:20:00+05:30,2022-09-15,PUT,PUT,False,-1688.3380056529581,-1688.3380056529581,,,2699.675861300002,2775.000000000002,75.3241387,929.3926001999989,2022-09-15 09:15:00+05:30,DELTA_EXIT,50,2022-09-15 00:00:00+05:30,development
2022-09-16 09:20:00+05:30,2022-09-22,PUT,PUT,False,-1189.507125128932,-1189.507125128932,,,-4092.7766794000026,-3930.0000000000027,162.7766794,7258.182355800004,2022-09-19 09:22:00+05:30,DELTA_EXIT,50,2022-09-22 00:00:00+05:30,development
2022-09-19 09:23:00+05:30,2022-09-22,CALL,CALL,False,-4760.26111812391,4760.26111812391,,,-4475.814574900001,-4335.000000000001,140.81457490000003,-7375.5613379999995,2022-09-20 09:15:00+05:30,DELTA_EXIT,50,2022-09-22 00:00:00+05:30,development
2022-09-20 09:20:00+05:30,2022-09-22,PUT,PUT,False,-3033.051978471236,-3033.051978471236,,,-3610.6537860999993,-3494.999999999999,115.6537861,6513.1401291,2022-09-22 09:16:00+05:30,DELTA_EXIT,50,2022-09-22 00:00:00+05:30,development
2022-09-23 09:20:00+05:30,2022-09-29,CALL,CALL,False,-2806.900775459416,2806.900775459416,,,3145.5732887000017,3225.000000000002,79.4267113,7994.587077000006,2022-09-26 11:45:00+05:30,DELTA_EXIT,50,2022-09-29 00:00:00+05:30,development
2022-09-26 11:46:00+05:30,2022-09-29,CALL,CALL,False,-3573.158649268198,3573.158649268198,,,2757.2602565000034,2835.000000000003,77.7397435,-237.8064491999985,2022-09-28 14:43:00+05:30,DELTA_EXIT,50,2022-09-29 00:00:00+05:30,development
2022-09-28 14:44:00+05:30,2022-09-29,CALL,CALL,False,-4236.443371496163,4236.443371496163,,,2354.968741699999,2414.999999999999,60.0312583,-581.0364075000016,2022-09-29 13:19:00+05:30,DELTA_EXIT,50,2022-09-29 00:00:00+05:30,development
2022-09-30 09:20:00+05:30,2022-10-06,CALL,CALL,False,10.585450710266969,-10.585450710266969,,,-4290.130201900009,-4125.000000000008,165.1302019,-7171.11943290001,2022-09-30 12:41:00+05:30,DELTA_EXIT,50,2022-10-06 00:00:00+05:30,development
2022-09-30 12:42:00+05:30,2022-10-06,PUT,PUT,False,-3084.7456830710785,-3084.7456830710785,,,2973.5806940000034,3060.000000000003,86.41930599999999,-8609.968722,2022-10-06 09:15:00+05:30,DELTA_EXIT,50,2022-10-06 00:00:00+05:30,development
2022-10-07 09:20:00+05:30,2022-10-13,PUT,PUT,False,-2614.1112629038416,-2614.1112629038416,,,-4286.359786899999,-4154.999999999998,131.35978690000002,7378.317378,2022-10-11 15:01:00+05:30,DELTA_EXIT,50,2022-10-13 00:00:00+05:30,development
2022-10-11 15:02:00+05:30,2022-10-13,CALL,CALL,False,-4317.594094096795,4317.594094096795,,,3049.382513600001,3120.000000000001,70.61748639999999,431.0810325000002,2022-10-13 11:58:00+05:30,DELTA_EXIT,50,2022-10-13 00:00:00+05:30,development
2022-10-14 09:20:00+05:30,2022-10-20,CALL,CALL,False,-1991.273876054542,1991.273876054542,,,-3093.061038699999,-2984.9999999999986,108.0610387,-5625.181529699999,2022-10-19 09:16:00+05:30,DELTA_EXIT,50,2022-10-20 00:00:00+05:30,development
2022-10-19 09:20:00+05:30,2022-10-20,PUT,PUT,False,-2517.806033905802,-2517.806033905802,,,2008.9551829999996,2069.9999999999995,61.04481700000001,244.58630760000005,2022-10-20 14:30:00+05:30,DELTA_EXIT,50,2022-10-20 00:00:00+05:30,development
2022-10-21 09:20:00+05:30,2022-10-27,PUT,PUT,False,-2743.601285540606,-2743.601285540606,,,2808.4066184000026,2880.0000000000027,71.5933816,661.8431195999974,2022-10-27 09:15:00+05:30,DELTA_EXIT,50,2022-10-27 00:00:00+05:30,development
2022-10-28 09:20:00+05:30,2022-11-03,PUT,PUT,False,-193.09433880371807,-193.09433880371807,,,2429.1774179000004,2505.0000000000005,75.82258209999999,-6071.723946599996,2022-11-01 09:15:00+05:30,DELTA_EXIT,50,2022-11-03 00:00:00+05:30,development
2022-11-01 09:20:00+05:30,2022-11-03,PUT,PUT,False,-1289.3557404885637,-1289.3557404885637,,,2481.812041400002,2550.000000000002,68.1879586,667.5481223999982,2022-11-03 14:51:00+05:30,DELTA_EXIT,50,2022-11-03 00:00:00+05:30,development
2022-11-04 09:20:00+05:30,2022-11-10,PUT,PUT,False,1538.1147756776807,1538.1147756776807,,,2328.356495600002,2400.000000000002,71.6435044,1335.6363525000002,2022-11-09 09:16:00+05:30,DELTA_EXIT,50,2022-11-10 00:00:00+05:30,development
2022-11-09 09:20:00+05:30,2022-11-10,PUT,PUT,False,1459.0184389143258,1459.0184389143258,,,-3594.1615665999952,-3509.9999999999955,84.1615666,7446.589467899996,2022-11-09 14:44:00+05:30,DELTA_EXIT,50,2022-11-10 00:00:00+05:30,development
2022-11-09 14:45:00+05:30,2022-11-10,CALL,CALL,False,1211.4261662295198,-1211.4261662295198,,,2954.7626813000006,3015.0000000000005,60.2373187,5862.370549800002,2022-11-10 10:09:00+05:30,DELTA_EXIT,50,2022-11-10 00:00:00+05:30,development
2022-11-11 09:20:00+05:30,2022-11-17,CALL,CALL,False,1001.8503065185347,-1001.8503065185347,,,3232.415728400001,3300.0000000000014,67.58427160000001,660.0241332000005,2022-11-17 12:00:00+05:30,DELTA_EXIT,50,2022-11-17 00:00:00+05:30,development
2022-11-18 09:20:00+05:30,2022-11-24,CALL,CALL,False,2473.4594958604293,-2473.4594958604293,,,3231.4511144,3300.0,68.5488856,6586.521993299995,2022-11-22 14:22:00+05:30,DELTA_EXIT,50,2022-11-24 00:00:00+05:30,development
2022-11-22 14:23:00+05:30,2022-11-24,CALL,CALL,False,1557.1671117202486,-1557.1671117202486,,,-2331.576353500001,-2265.000000000001,66.5763535,-4297.6808550000005,2022-11-24 10:08:00+05:30,DELTA_EXIT,50,2022-11-24 00:00:00+05:30,development
2022-11-25 09:20:00+05:30,2022-12-01,PUT,PUT,False,1587.3374126644796,1587.3374126644796,,,2244.336317000001,2310.000000000001,65.66368299999999,-5596.0999479,2022-11-30 14:00:00+05:30,DELTA_EXIT,50,2022-12-01 00:00:00+05:30,development
2022-11-30 14:01:00+05:30,2022-12-01,PUT,PUT,False,1067.4154493062551,1067.4154493062551,,,1309.2222538999995,1364.9999999999995,55.777746099999995,-5565.436323,2022-12-01 09:15:00+05:30,DELTA_EXIT,50,2022-12-01 00:00:00+05:30,development
2022-12-02 09:20:00+05:30,2022-12-08,PUT,PUT,False,2519.759224309767,2519.759224309767,,,-3212.446570299996,-3104.999999999996,107.44657030000002,6664.627786199998,2022-12-05 10:03:00+05:30,DELTA_EXIT,50,2022-12-08 00:00:00+05:30,development
2022-12-05 10:04:00+05:30,2022-12-08,CALL,CALL,False,952.5257533415875,-952.5257533415875,,,2768.394658100002,2835.000000000002,66.6053419,357.1092996000011,2022-12-08 09:18:00+05:30,DELTA_EXIT,50,2022-12-08 00:00:00+05:30,development
2022-12-09 09:20:00+05:30,2022-12-15,CALL,CALL,False,1810.0191099003605,-1810.0191099003605,,,3129.8585009000008,3195.000000000001,65.1414991,6895.693037700002,2022-12-15 09:15:00+05:30,DELTA_EXIT,50,2022-12-15 00:00:00+05:30,development
2022-12-16 09:20:00+05:30,2022-12-22,CALL,CALL,False,-557.1558132594437,557.1558132594437,,,3200.2198214000014,3270.0000000000014,69.7801786,6619.258008,2022-12-22 09:25:00+05:30,DELTA_EXIT,50,2022-12-22 00:00:00+05:30,development
2022-12-23 09:20:00+05:30,2022-12-29,CALL,CALL,False,1492.6900755059467,-1492.6900755059467,,,4000.305145999999,4079.9999999999986,79.694854,7146.921401699998,2022-12-29 09:20:00+05:30,DELTA_EXIT,50,2022-12-29 00:00:00+05:30,development
2022-12-30 09:20:00+05:30,2023-01-05,CALL,CALL,False,-630.4020560607262,630.4020560607262,,,2976.8439215000017,3045.000000000002,68.1560785,6649.260183299999,2023-01-04 14:19:00+05:30,DELTA_EXIT,50,2023-01-05 00:00:00+05:30,development
2023-01-04 14:20:00+05:30,2023-01-05,CALL,CALL,False,276.83100256995635,-276.83100256995635,,,2699.7696427999995,2759.9999999999995,60.2303572,5729.5466433,2023-01-05 13:17:00+05:30,DELTA_EXIT,50,2023-01-05 00:00:00+05:30,development
2023-01-06 09:20:00+05:30,2023-01-12,CALL,CALL,False,734.1778470810135,-734.1778470810135,,,3123.9054545000013,3195.0000000000014,71.09454550000001,6331.1871297,2023-01-12 09:28:00+05:30,DELTA_EXIT,50,2023-01-12 00:00:00+05:30,development
2023-01-13 09:20:00+05:30,2023-01-19,CALL,CALL,False,585.2045101158751,-585.2045101158751,,,-3919.0695993999943,-3809.9999999999945,109.0695994,-6647.882163299997,2023-01-17 15:07:00+05:30,DELTA_EXIT,50,2023-01-19 00:00:00+05:30,development
2023-01-17 15:08:00+05:30,2023-01-19,PUT,PUT,False,-1014.4570325564684,-1014.4570325564684,,,1814.8537877000008,1875.0000000000007,60.1462123,-5234.498303099999,2023-01-19 11:03:00+05:30,DELTA_EXIT,50,2023-01-19 00:00:00+05:30,development
2023-01-20 09:20:00+05:30,2023-01-25,PUT,PUT,False,1414.9914020136625,1414.9914020136625,,,-4261.781269899998,-4184.999999999998,76.78126990000001,7927.7309064,2023-01-25 11:23:00+05:30,DELTA_EXIT,50,2023-01-25 00:00:00+05:30,development
2023-01-27 09:20:00+05:30,2023-02-02,CALL,CALL,False,-169.1210097268164,169.1210097268164,,,3334.5760100000043,3420.000000000004,85.42399,7344.997235100004,2023-02-01 14:18:00+05:30,DELTA_EXIT,50,2023-02-02 00:00:00+05:30,development
2023-02-01 14:19:00+05:30,2023-02-02,CALL,CALL,False,-52.05799992634809,52.05799992634809,,,2275.181764400001,2340.0000000000014,64.8182356,5344.607080200001,2023-02-02 12:30:00+05:30,DELTA_EXIT,50,2023-02-02 00:00:00+05:30,development
2023-02-03 09:20:00+05:30,2023-02-09,CALL,CALL,False,1079.418250290038,-1079.418250290038,,,3229.2738428000016,3300.000000000002,70.7261572,829.2606879000018,2023-02-09 15:01:00+05:30,DELTA_EXIT,50,2023-02-09 00:00:00+05:30,development
2023-02-10 09:20:00+05:30,2023-02-16,CALL,CALL,False,1735.0952531230164,-1735.0952531230164,,,-3415.565576199999,-3329.999999999999,85.5655762,-5942.1024063,2023-02-15 15:04:00+05:30,DELTA_EXIT,50,2023-02-16 00:00:00+05:30,development
2023-02-15 15:05:00+05:30,2023-02-16,PUT,PUT,False,525.5746753785883,525.5746753785883,,,1593.9858841999994,1649.9999999999993,56.01411579999999,-5663.5838865,2023-02-16 10:48:00+05:30,DELTA_EXIT,50,2023-02-16 00:00:00+05:30,development
2023-02-17 09:20:00+05:30,2023-02-23,PUT,PUT,False,540.1754346079063,540.1754346079063,,,-5477.888928999997,-5369.999999999997,107.88892900000002,8322.515272799996,2023-02-22 09:15:00+05:30,DELTA_EXIT,50,2023-02-23 00:00:00+05:30,development
2023-02-22 09:20:00+05:30,2023-02-23,CALL,CALL,False,-845.7936358149934,845.7936358149934,,,2504.510710699999,2564.999999999999,60.489289299999996,5966.895665999998,2023-02-23 09:16:00+05:30,DELTA_EXIT,50,2023-02-23 00:00:00+05:30,development
2023-02-24 09:20:00+05:30,2023-03-02,CALL,CALL,False,1064.4708945874931,-1064.4708945874931,,,2886.9809381000027,2955.0000000000027,68.0190619,6537.894728100002,2023-02-28 10:43:00+05:30,DELTA_EXIT,50,2023-03-02 00:00:00+05:30,development
2023-02-28 10:44:00+05:30,2023-03-02,CALL,CALL,False,462.20504162873084,-462.20504162873084,,,2711.9402393,2775.0,63.059760700000005,-313.07352089999904,2023-03-02 13:03:00+05:30,DELTA_EXIT,50,2023-03-02 00:00:00+05:30,development
2023-03-03 09:20:00+05:30,2023-03-09,CALL,CALL,False,1369.0681453595969,-1369.0681453595969,,,-4090.1967213999947,-3989.9999999999945,100.19672140000002,-6364.6619153999945,2023-03-03 13:43:00+05:30,DELTA_EXIT,50,2023-03-09 00:00:00+05:30,development
2023-03-03 13:44:00+05:30,2023-03-09,PUT,PUT,False,964.8958473267394,964.8958473267394,,,2365.265230999999,2429.999999999999,64.734769,-6537.608023799998,2023-03-09 09:15:00+05:30,DELTA_EXIT,50,2023-03-09 00:00:00+05:30,development
2023-03-10 09:20:00+05:30,2023-03-16,PUT,PUT,False,-177.0050698788334,-177.0050698788334,,,-3915.2498040999953,-3794.9999999999955,120.24980409999998,6651.228071999996,2023-03-13 14:08:00+05:30,DELTA_EXIT,50,2023-03-16 00:00:00+05:30,development
2023-03-13 14:09:00+05:30,2023-03-16,CALL,CALL,False,-2693.848431356869,2693.848431356869,,,2647.3003817000003,2715.0000000000005,67.6996183,5869.117487999996,2023-03-15 14:36:00+05:30,DELTA_EXIT,50,2023-03-16 00:00:00+05:30,development
2023-03-15 14:37:00+05:30,2023-03-16,CALL,CALL,False,1174.9016414678335,-1174.9016414678335,,,2460.474931999999,2519.999999999999,59.525068000000005,6679.019674799996,2023-03-16 10:05:00+05:30,DELTA_EXIT,50,2023-03-16 00:00:00+05:30,development
2023-03-17 09:20:00+05:30,2023-03-23,CALL,CALL,False,1106.6977712366347,-1106.6977712366347,,,3229.0809200000017,3300.000000000002,70.91908,7279.315442100001,2023-03-23 09:15:00+05:30,DELTA_EXIT,50,2023-03-23 00:00:00+05:30,development
2023-03-24 09:20:00+05:30,2023-03-29,CALL,CALL,False,263.7794313682449,-263.7794313682449,,,3126.192967699999,3194.999999999999,68.8070323,959.2458731999996,2023-03-28 14:38:00+05:30,DELTA_EXIT,50,2023-03-29 00:00:00+05:30,development
2023-03-28 14:39:00+05:30,2023-03-29,CALL,CALL,False,435.1918269234503,-435.1918269234503,,,-2750.5143499000005,-2685.0000000000005,65.5143499,-5495.119022999999,2023-03-29 14:15:00+05:30,DELTA_EXIT,50,2023-03-29 00:00:00+05:30,development
2023-03-31 09:20:00+05:30,2023-04-06,PUT,PUT,False,-233.75569508662568,-233.75569508662568,,,2149.6502635999996,2219.9999999999995,70.34973639999998,-6347.050819799998,2023-04-05 09:19:00+05:30,DELTA_EXIT,50,2023-04-06 00:00:00+05:30,development
2023-04-05 09:20:00+05:30,2023-04-06,PUT,PUT,False,-1157.84532825008,-1157.84532825008,,,2621.829212300001,2685.000000000001,63.1707877,-6084.120386100001,2023-04-06 10:04:00+05:30,DELTA_EXIT,50,2023-04-06 00:00:00+05:30,development
2023-04-10 09:20:00+05:30,2023-04-13,PUT,PUT,False,670.8573394100591,670.8573394100591,,,2619.899984300001,2685.000000000001,65.1000157,-6519.914247000001,2023-04-12 14:44:00+05:30,DELTA_EXIT,50,2023-04-13 00:00:00+05:30,development
2023-04-12 14:45:00+05:30,2023-04-13,PUT,PUT,False,1724.8182981293044,1724.8182981293044,,,1850.1640199,1905.0,54.83598009999999,31.78250099999991,2023-04-13 14:19:00+05:30,DELTA_EXIT,50,2023-04-13 00:00:00+05:30,development
2023-04-17 09:20:00+05:30,2023-04-20,PUT,PUT,False,1161.786932158026,1161.786932158026,,,2187.358250599999,2249.999999999999,62.6417494,538.2132864000023,2023-04-20 14:17:00+05:30,DELTA_EXIT,50,2023-04-20 00:00:00+05:30,development
2023-04-21 09:20:00+05:30,2023-04-27,PUT,PUT,False,2894.6165627135133,2894.6165627135133,,,2543.9439025999995,2609.9999999999995,66.05609740000001,-6454.706721299998,2023-04-26 14:14:00+05:30,DELTA_EXIT,50,2023-04-27 00:00:00+05:30,development
2023-04-26 14:15:00+05:30,2023-04-27,PUT,PUT,False,3710.7704221710387,3710.7704221710387,,,2432.9367326000006,2490.0000000000005,57.0632674,-4627.472438400002,2023-04-27 13:27:00+05:30,DELTA_EXIT,50,2023-04-27 00:00:00+05:30,development
2023-04-28 09:20:00+05:30,2023-05-04,PUT,PUT,False,3567.314788739307,3567.314788739307,,,2350.7520005000015,2415.0000000000014,64.2479995,-8304.556992299997,2023-05-03 14:33:00+05:30,DELTA_EXIT,50,2023-05-04 00:00:00+05:30,development
2023-05-03 14:34:00+05:30,2023-05-04,PUT,PUT,False,1832.6640384803572,1832.6640384803572,3580.0392379133395,0.81,2014.3019006,2070.0,55.69809940000001,-4231.4700545999995,2023-05-04 12:31:00+05:30,DELTA_EXIT,50,2023-05-04 00:00:00+05:30,development
2023-05-05 09:20:00+05:30,2023-05-11,PUT,PUT,False,2492.3642872337064,2492.3642872337064,3573.158649268198,0.8514851485148515,1992.705647299999,2054.999999999999,62.294352700000005,-5510.8946720999975,2023-05-10 15:07:00+05:30,DELTA_EXIT,50,2023-05-11 00:00:00+05:30,development
2023-05-10 15:08:00+05:30,2023-05-11,PUT,PUT,False,935.1504060356574,935.1504060356574,3572.8664562417534,0.6764705882352942,2373.0097034000005,2430.0000000000005,56.99029659999999,241.96806959999867,2023-05-11 15:06:00+05:30,DELTA_EXIT,50,2023-05-11 00:00:00+05:30,development
2023-05-12 09:20:00+05:30,2023-05-18,PUT,PUT,False,1475.931299880763,1475.931299880763,3572.5742632153087,0.7475728155339806,2855.9976887000007,2925.000000000001,69.00231129999999,-6616.154783099995,2023-05-18 11:48:00+05:30,DELTA_EXIT,50,2023-05-18 00:00:00+05:30,development
2023-05-19 09:20:00+05:30,2023-05-25,PUT,PUT,False,1938.207678922337,1938.207678922337,3572.2820701888645,0.8076923076923077,2662.9435886000006,2730.0000000000005,67.0564114,-6969.306485399997,2023-05-24 10:35:00+05:30,DELTA_EXIT,50,2023-05-25 00:00:00+05:30,development
2023-05-24 10:36:00+05:30,2023-05-25,PUT,PUT,False,1685.7411632562896,1685.7411632562896,3571.98987716242,0.780952380952381,-2838.156041200001,-2760.000000000001,78.1560412,6110.1538638,2023-05-24 13:18:00+05:30,DELTA_EXIT,50,2023-05-25 00:00:00+05:30,development
2023-05-24 13:19:00+05:30,2023-05-25,CALL,CALL,False,1601.8212949693666,-1601.8212949693666,3571.6976841359756,0.16981132075471697,2120.414419699999,2174.999999999999,54.5855803,345.6828338999992,2023-05-25 11:18:00+05:30,DELTA_EXIT,50,2023-05-25 00:00:00+05:30,development
2023-05-26 09:20:00+05:30,2023-06-01,CALL,CALL,False,3147.8790214658256,-3147.8790214658256,3571.405491109531,0.018691588785046728,-4549.212899199999,-4439.999999999999,109.21289920000001,-7358.7770543999995,2023-05-26 14:26:00+05:30,DELTA_EXIT,50,2023-06-01 00:00:00+05:30,development
2023-05-26 14:27:00+05:30,2023-06-01,PUT,PUT,False,3503.5729192460353,3503.5729192460353,3571.113298083086,0.9351851851851852,2422.4362202000007,2490.0000000000005,67.5637798,-6686.929509599999,2023-06-01 09:19:00+05:30,DELTA_EXIT,50,2023-06-01 00:00:00+05:30,development
2023-06-02 09:20:00+05:30,2023-06-08,PUT,PUT,False,2456.86394984522,2456.86394984522,3570.8211050566415,0.8440366972477065,2066.3742158000005,2130.0000000000005,63.6257842,-5022.0968022,2023-06-07 15:06:00+05:30,DELTA_EXIT,50,2023-06-08 00:00:00+05:30,development
2023-06-07 15:07:00+05:30,2023-06-08,PUT,PUT,False,1016.6414722969289,1016.6414722969289,3570.5289120301973,0.6727272727272727,-1663.7801875000005,-1605.0000000000005,58.780187500000004,4100.189530500001,2023-06-08 14:49:00+05:30,DELTA_EXIT,50,2023-06-08 00:00:00+05:30,development
2023-06-09 09:20:00+05:30,2023-06-15,CALL,CALL,False,3183.1698410891418,-3183.1698410891418,3570.2367190037526,0.018018018018018018,3653.007348800001,3720.0000000000014,66.9926512,1421.1723531000002,2023-06-15 14:39:00+05:30,DELTA_EXIT,50,2023-06-15 00:00:00+05:30,development
2023-06-16 09:20:00+05:30,2023-06-22,CALL,CALL,False,3426.3872714943245,-3426.3872714943245,3569.944525977308,0.017857142857142856,3177.8354168,3240.0,62.164583199999996,990.256683000001,2023-06-22 14:27:00+05:30,DELTA_EXIT,50,2023-06-22 00:00:00+05:30,development
2023-06-23 09:20:00+05:30,2023-06-28,CALL,CALL,False,2789.305395055152,-2789.305395055152,3569.652332950863,0.07964601769911504,-3464.0550393999993,-3389.999999999999,74.0550394,-5486.3934764999985,2023-06-28 10:32:00+05:30,DELTA_EXIT,50,2023-06-28 00:00:00+05:30,development
2023-06-30 09:20:00+05:30,2023-07-06,PUT,PUT,False,334.9069751280201,334.9069751280201,3569.360139924419,0.5175438596491229,2063.4803738000014,2130.0000000000014,66.5196262,-6631.081419599999,2023-07-05 09:22:00+05:30,DELTA_EXIT,50,2023-07-06 00:00:00+05:30,development
2023-07-05 09:23:00+05:30,2023-07-06,PUT,PUT,False,266.4219319325887,266.4219319325887,3569.0679468979743,0.5130434782608696,2653.1156261000006,2715.0000000000005,61.8843739,-4125.963864300001,2023-07-06 13:43:00+05:30,DELTA_EXIT,50,2023-07-06 00:00:00+05:30,development
2023-07-07 09:20:00+05:30,2023-07-13,PUT,PUT,False,1614.19517589701,1614.19517589701,3568.7757538715296,0.7672413793103449,2392.8585511999986,2459.9999999999986,67.1414488,1168.1636634000024,2023-07-13 09:16:00+05:30,DELTA_EXIT,50,2023-07-13 00:00:00+05:30,development
2023-07-14 09:20:00+05:30,2023-07-20,PUT,PUT,False,941.7648549814857,941.7648549814857,3568.4835608450853,0.6581196581196581,2437.528219100003,2505.0000000000027,67.4717809,-6330.950186400001,2023-07-19 09:15:00+05:30,DELTA_EXIT,50,2023-07-20 00:00:00+05:30,development
2023-07-19 09:20:00+05:30,2023-07-20,PUT,PUT,False,-344.42264596224913,-344.42264596224913,3568.1913678186406,0.3728813559322034,2846.1146053999987,2909.9999999999986,63.8853946,-5720.369030099999,2023-07-20 14:02:00+05:30,DELTA_EXIT,50,2023-07-20 00:00:00+05:30,development
2023-07-21 09:20:00+05:30,2023-07-27,PUT,PUT,False,2621.2832507366224,2621.2832507366224,3567.899174792196,0.8823529411764706,-4165.133068299997,-4064.9999999999973,100.1330683,7692.388433099999,2023-07-25 13:22:00+05:30,DELTA_EXIT,50,2023-07-27 00:00:00+05:30,development
2023-07-25 13:23:00+05:30,2023-07-27,CALL,CALL,False,1541.7782909291002,-1541.7782909291002,3567.6069817657517,0.2,-3985.7267259999985,-3899.9999999999986,85.72672600000001,-6071.933329499998,2023-07-26 09:56:00+05:30,DELTA_EXIT,50,2023-07-27 00:00:00+05:30,development
2023-07-26 09:57:00+05:30,2023-07-27,PUT,PUT,False,1016.965252785347,1016.965252785347,3567.314788739307,0.6859504132231405,-3750.3069312999987,-3674.9999999999986,75.3069313,6631.070319299997,2023-07-27 13:33:00+05:30,DELTA_EXIT,50,2023-07-27 00:00:00+05:30,development
2023-07-28 09:20:00+05:30,2023-08-03,CALL,CALL,False,740.8278345358437,-740.8278345358437,3564.1276952646426,0.32786885245901637,3557.0535170000007,3630.000000000001,72.94648300000001,7431.221864999998,2023-08-03 09:15:00+05:30,DELTA_EXIT,50,2023-08-03 00:00:00+05:30,development
2023-08-04 09:20:00+05:30,2023-08-10,CALL,CALL,False,1490.380286431362,-1490.380286431362,3560.940601789979,0.21138211382113822,3068.4707705,3135.0,66.52922949999999,405.9405878999996,2023-08-10 14:02:00+05:30,DELTA_EXIT,50,2023-08-10 00:00:00+05:30,development
2023-08-11 09:20:00+05:30,2023-08-17,CALL,CALL,False,975.0710994098454,-975.0710994098454,3557.7535083153157,0.3225806451612903,3351.3602935999993,3419.999999999999,68.63970640000001,6769.4449664999975,2023-08-16 11:41:00+05:30,DELTA_EXIT,50,2023-08-17 00:00:00+05:30,development
2023-08-16 11:42:00+05:30,2023-08-17,CALL,CALL,False,450.0498413887546,-450.0498413887546,3554.5664148406527,0.376,-3615.9672028,-3540.0,75.96720280000001,-5495.5159689,2023-08-16 15:00:00+05:30,DELTA_EXIT,50,2023-08-17 00:00:00+05:30,development
2023-08-16 15:01:00+05:30,2023-08-17,PUT,PUT,False,-666.7527434362819,-666.7527434362819,3551.379321365989,0.3492063492063492,-3329.5775089,-3255.0,74.5775089,5060.548919999999,2023-08-17 09:33:00+05:30,DELTA_EXIT,50,2023-08-17 00:00:00+05:30,development
2023-08-18 09:20:00+05:30,2023-08-24,CALL,CALL,False,-32.76754207529859,32.76754207529859,3548.192227891325,0.4881889763779528,-2361.440726799999,-2279.999999999999,81.4407268,-5307.466761300002,2023-08-23 12:39:00+05:30,DELTA_EXIT,50,2023-08-24 00:00:00+05:30,development
2023-08-23 12:40:00+05:30,2023-08-24,PUT,PUT,False,438.7101729020983,438.7101729020983,3545.0051344166613,0.546875,1968.7227395,2025.0,56.277260500000004,-5692.141820700001,2023-08-24 09:43:00+05:30,DELTA_EXIT,50,2023-08-24 00:00:00+05:30,development
2023-08-25 09:20:00+05:30,2023-08-31,PUT,PUT,False,733.0566001579514,733.0566001579514,3541.818040941998,0.6356589147286822,2722.2642890000016,2790.0000000000014,67.73571100000001,-5334.9498399,2023-08-30 09:15:00+05:30,DELTA_EXIT,50,2023-08-31 00:00:00+05:30,development
2023-08-30 09:20:00+05:30,2023-08-31,PUT,PUT,False,259.6605796110209,259.6605796110209,3538.6309474673344,0.5153846153846153,-4202.543250699999,-4124.999999999999,77.5432507,6322.654505999997,2023-08-30 15:10:00+05:30,DELTA_EXIT,50,2023-08-31 00:00:00+05:30,development
2023-08-30 15:11:00+05:30,2023-08-31,CALL,CALL,False,1910.307337352334,-1910.307337352334,3535.4438539926714,0.1297709923664122,2569.233249499999,2624.999999999999,55.7667505,2922.958495499999,2023-08-31 13:53:00+05:30,DELTA_EXIT,50,2023-08-31 00:00:00+05:30,development
2023-09-01 09:20:00+05:30,2023-09-07,CALL,CALL,False,984.3330142800983,-984.3330142800983,3532.256760518007,0.3106060606060606,-3589.9945863999988,-3479.9999999999986,109.99458639999999,-6072.357835799998,2023-09-01 14:21:00+05:30,DELTA_EXIT,50,2023-09-07 00:00:00+05:30,development
2023-09-01 14:22:00+05:30,2023-09-07,PUT,PUT,False,45.98241083669541,45.98241083669541,3529.0696670433435,0.48872180451127817,2318.225368700001,2385.000000000001,66.7746313,-4429.099181100002,2023-09-06 14:44:00+05:30,DELTA_EXIT,50,2023-09-07 00:00:00+05:30,development
2023-09-06 14:45:00+05:30,2023-09-07,PUT,PUT,False,1309.413708813699,1309.413708813699,3525.88257356868,0.7313432835820896,3018.3552437,3075.0,56.6447563,-5497.2136134,2023-09-07 13:39:00+05:30,DELTA_EXIT,50,2023-09-07 00:00:00+05:30,development
2023-09-08 09:20:00+05:30,2023-09-14,PUT,PUT,False,282.4263249726251,282.4263249726251,3522.6954800940166,0.5333333333333333,2215.4200976000006,2280.0000000000005,64.5799024,-6038.508304799998,2023-09-13 11:07:00+05:30,DELTA_EXIT,50,2023-09-14 00:00:00+05:30,development
2023-09-13 11:08:00+05:30,2023-09-14,PUT,PUT,False,952.8774998228627,952.8774998228627,3519.508386619353,0.6838235294117647,2071.335087799999,2129.999999999999,58.6649122,-6290.8168842000005,2023-09-14 09:33:00+05:30,DELTA_EXIT,50,2023-09-14 00:00:00+05:30,development
2023-09-15 09:20:00+05:30,2023-09-21,PUT,PUT,False,2184.6203434670215,2184.6203434670215,3516.3212931446888,0.8467153284671532,-2262.769515699998,-2174.999999999998,87.7695157,5331.791494199999,2023-09-20 09:15:00+05:30,DELTA_EXIT,50,2023-09-21 00:00:00+05:30,development
2023-09-20 09:20:00+05:30,2023-09-21,CALL,CALL,False,3111.3684103572577,-3111.3684103572577,3513.1341996700266,0.036231884057971016,2789.4948242,2850.0,60.50517579999999,7235.962932899997,2023-09-21 09:15:00+05:30,DELTA_EXIT,50,2023-09-21 00:00:00+05:30,development
2023-09-22 09:20:00+05:30,2023-09-28,CALL,CALL,False,1758.8676731323021,-1758.8676731323021,3509.9471061953623,0.14388489208633093,3171.772128800001,3240.0000000000014,68.2278712,7796.819767799999,2023-09-27 09:15:00+05:30,DELTA_EXIT,50,2023-09-28 00:00:00+05:30,development
2023-09-27 09:20:00+05:30,2023-09-28,CALL,CALL,False,277.0123025588835,-277.0123025588835,3506.760012720698,0.39285714285714285,-2973.3225816999984,-2894.9999999999986,78.3225817,-5046.173491499998,2023-09-27 13:31:00+05:30,DELTA_EXIT,50,2023-09-28 00:00:00+05:30,development
2023-09-27 13:32:00+05:30,2023-09-28,PUT,PUT,False,-180.87488650004548,-180.87488650004548,3503.5729192460353,0.4326241134751773,-4264.305726400002,-4200.000000000002,64.3057264,6280.040767800002,2023-09-28 13:09:00+05:30,DELTA_EXIT,50,2023-09-28 00:00:00+05:30,development
2023-09-29 09:20:00+05:30,2023-10-05,CALL,CALL,False,769.8139898182702,-769.8139898182702,3491.0779614347425,0.323943661971831,3499.221078200001,3570.000000000001,70.77892179999999,7432.489643399998,2023-10-04 10:00:00+05:30,DELTA_EXIT,50,2023-10-05 00:00:00+05:30,development
2023-10-04 10:01:00+05:30,2023-10-05,CALL,CALL,False,-1616.5000577191145,1616.5000577191145,3478.5830036234574,0.7972027972027972,-4467.529614100002,-4395.000000000002,72.5296141,-7406.9522529000005,2023-10-05 09:15:00+05:30,DELTA_EXIT,50,2023-10-05 00:00:00+05:30,development
2023-10-06 09:20:00+05:30,2023-10-12,PUT,PUT,False,900.1017182338367,900.1017182338367,3466.0880458121646,0.6666666666666666,2811.3831416000003,2880.0000000000005,68.61685839999998,-8046.697672200001,2023-10-11 13:11:00+05:30,DELTA_EXIT,50,2023-10-12 00:00:00+05:30,development
2023-10-11 13:12:00+05:30,2023-10-12,PUT,PUT,False,2589.0976873112054,2589.0976873112054,3453.593088000872,0.8896551724137931,1579.7758180999995,1634.9999999999995,55.2241819,1467.4956449999995,2023-10-12 12:50:00+05:30,DELTA_EXIT,50,2023-10-12 00:00:00+05:30,development
2023-10-13 09:20:00+05:30,2023-10-19,PUT,PUT,False,366.997347045437,366.997347045437,3441.0981301895863,0.541095890410959,-2409.059357499999,-2324.999999999999,84.05935749999999,5075.971643699998,2023-10-19 09:16:00+05:30,DELTA_EXIT,50,2023-10-19 00:00:00+05:30,development
2023-10-20 09:20:00+05:30,2023-10-26,CALL,CALL,False,216.01029949789688,-216.01029949789688,3428.603172378294,0.41496598639455784,2679.9923759000017,2745.000000000002,65.0076241,7410.750228299999,2023-10-23 15:09:00+05:30,DELTA_EXIT,50,2023-10-26 00:00:00+05:30,development
2023-10-23 15:10:00+05:30,2023-10-26,CALL,CALL,False,45.335745876570286,-45.335745876570286,3416.1082145670084,0.4594594594594595,2203.0565782999993,2264.999999999999,61.943421699999995,6400.495795199999,2023-10-25 15:25:00+05:30,DELTA_EXIT,50,2023-10-26 00:00:00+05:30,development
2023-10-25 15:26:00+05:30,2023-10-26,CALL,CALL,False,1367.421715443038,-1367.421715443038,3403.6132567557156,0.21476510067114093,2835.5425121,2895.0,59.457487900000004,6331.628096099999,2023-10-26 11:23:00+05:30,DELTA_EXIT,50,2023-10-26 00:00:00+05:30,development
2023-10-27 09:20:00+05:30,2023-11-02,CALL,CALL,False,320.2742810934983,-320.2742810934983,3391.1182989444233,0.38,-4418.538703899996,-4304.999999999996,113.5387039,-7434.0716864999995,2023-10-30 15:06:00+05:30,DELTA_EXIT,50,2023-11-02 00:00:00+05:30,development
2023-10-30 15:07:00+05:30,2023-11-02,PUT,PUT,False,1800.5433772412875,1800.5433772412875,3378.6233411331377,0.8211920529801324,-4925.399355400001,-4830.000000000001,95.3993554,8311.1052672,2023-11-01 13:16:00+05:30,DELTA_EXIT,50,2023-11-02 00:00:00+05:30,development
2023-11-01 13:17:00+05:30,2023-11-02,CALL,CALL,False,190.45934985820776,-190.45934985820776,3366.128383321845,0.4276315789473684,-5479.685714799998,-5399.999999999998,79.6857148,-7477.049069699997,2023-11-02 09:15:00+05:30,DELTA_EXIT,50,2023-11-02 00:00:00+05:30,development
2023-11-03 09:20:00+05:30,2023-11-09,PUT,PUT,False,1764.1690632114878,1764.1690632114878,3353.63342551056,0.8169934640522876,2214.069637999999,2279.999999999999,65.930362,-5224.025351099999,2023-11-08 09:46:00+05:30,DELTA_EXIT,50,2023-11-09 00:00:00+05:30,development
2023-11-08 09:47:00+05:30,2023-11-09,PUT,PUT,False,1601.9734560107418,1601.9734560107418,3341.138467699267,0.7792207792207793,2551.633254199999,2609.999999999999,58.366745800000004,868.1151113999999,2023-11-09 13:21:00+05:30,DELTA_EXIT,50,2023-11-09 00:00:00+05:30,development
2023-11-10 09:20:00+05:30,2023-11-16,PUT,PUT,False,470.4266369490301,470.4266369490301,3328.6435098879742,0.5612903225806452,2978.6904682999993,3044.9999999999995,66.3095317,-5714.520865500001,2023-11-15 09:15:00+05:30,DELTA_EXIT,50,2023-11-16 00:00:00+05:30,development
2023-11-15 09:20:00+05:30,2023-11-16,PUT,PUT,False,499.9203225428596,499.9203225428596,3316.148552076689,0.5705128205128205,1460.0044408999995,1514.9999999999995,54.9955591,-6901.954608299999,2023-11-16 09:37:00+05:30,DELTA_EXIT,50,2023-11-16 00:00:00+05:30,development
2023-11-17 09:20:00+05:30,2023-11-23,PUT,PUT,False,2177.7924442283156,2177.7924442283156,3303.6535942653964,0.8535031847133758,2634.220292,2700.0,65.779708,1376.1995208000012,2023-11-23 09:15:00+05:30,DELTA_EXIT,50,2023-11-23 00:00:00+05:30,development
2023-11-24 09:20:00+05:30,2023-11-30,PUT,PUT,False,3271.6177721259587,3271.6177721259587,3291.158636454111,0.9493670886075949,2470.7438608999996,2534.9999999999995,64.25613909999998,-7614.199959,2023-11-29 11:20:00+05:30,DELTA_EXIT,50,2023-11-30 00:00:00+05:30,development
2023-11-29 11:21:00+05:30,2023-11-30,PUT,PUT,False,1539.2020856278582,1539.2020856278582,3294.8132868379653,0.7610062893081762,2432.0823602000005,2490.0000000000005,57.917639799999996,-7943.467894799998,2023-11-30 13:37:00+05:30,DELTA_EXIT,50,2023-11-30 00:00:00+05:30,development
2023-12-01 09:20:00+05:30,2023-12-07,PUT,PUT,False,3465.299016390096,3465.299016390096,3283.2155294819586,0.95,2534.876531000001,2610.000000000001,75.123469,-7501.324422300005,2023-12-05 09:15:00+05:30,DELTA_EXIT,50,2023-12-07 00:00:00+05:30,development
2023-12-05 09:20:00+05:30,2023-12-07,PUT,PUT,False,-1102.4727324770433,-1102.4727324770433,3465.299016390096,0.2484472049689441,2600.7566065999995,2669.9999999999995,69.2433934,-8057.969875799994,2023-12-06 14:31:00+05:30,DELTA_EXIT,50,2023-12-07 00:00:00+05:30,development
2023-12-06 14:32:00+05:30,2023-12-07,PUT,PUT,False,1514.008123659698,1514.008123659698,3455.614954176887,0.7469135802469136,2505.8060494999995,2564.9999999999995,59.1939505,239.51519400000052,2023-12-07 15:01:00+05:30,DELTA_EXIT,50,2023-12-07 00:00:00+05:30,development
2023-12-08 09:20:00+05:30,2023-12-14,PUT,PUT,False,2816.3588467542127,2816.3588467542127,3445.9308919636833,0.9263803680981595,2274.9888416000013,2340.0000000000014,65.0111584,1219.2989249999978,2023-12-14 09:15:00+05:30,DELTA_EXIT,50,2023-12-14 00:00:00+05:30,development
2023-12-15 09:20:00+05:30,2023-12-21,PUT,PUT,False,1913.230319627656,1913.230319627656,3436.2468297504743,0.8170731707317073,2138.0859959000027,2205.0000000000027,66.9140041,-6256.465906200001,2023-12-20 09:15:00+05:30,DELTA_EXIT,50,2023-12-21 00:00:00+05:30,development
2023-12-20 09:20:00+05:30,2023-12-21,PUT,PUT,False,427.81649547378885,427.81649547378885,3426.5627675372652,0.5272727272727272,-4262.260896999998,-4169.999999999998,92.260897,7124.018709299999,2023-12-20 13:24:00+05:30,DELTA_EXIT,50,2023-12-21 00:00:00+05:30,development
2023-12-20 13:25:00+05:30,2023-12-21,CALL,CALL,False,1993.154018870811,-1993.154018870811,3416.8787053240617,0.10240963855421686,2756.086259600001,2820.000000000001,63.9137404,5271.8920254,2023-12-20 15:14:00+05:30,DELTA_EXIT,50,2023-12-21 00:00:00+05:30,development
2023-12-20 15:15:00+05:30,2023-12-21,CALL,CALL,False,503.1846211715202,-503.1846211715202,3407.1946431108527,0.32934131736526945,-3299.8895983,-3225.0,74.8895983,-5681.4594858,2023-12-21 12:44:00+05:30,DELTA_EXIT,50,2023-12-21 00:00:00+05:30,development
2023-12-22 09:20:00+05:30,2023-12-28,PUT,PUT,False,1490.0989249994386,1490.0989249994386,3397.510580897649,0.7321428571428571,2266.1970740000015,2340.0000000000014,73.802926,-6526.027295999998,2023-12-27 11:07:00+05:30,DELTA_EXIT,50,2023-12-28 00:00:00+05:30,development
2023-12-27 11:08:00+05:30,2023-12-28,PUT,PUT,False,-249.14251712799194,-249.14251712799194,3387.82651868444,0.38461538461538464,2154.831618800001,2220.000000000001,65.1683812,-6923.854025999999,2023-12-28 12:44:00+05:30,DELTA_EXIT,50,2023-12-28 00:00:00+05:30,development
2023-12-29 09:20:00+05:30,2024-01-04,PUT,PUT,False,3476.250786901914,3476.250786901914,3378.1424564712306,0.9529411764705882,2490.7580711000037,2565.0000000000036,74.2419289,996.6671558999956,2024-01-04 10:30:00+05:30,DELTA_EXIT,50,2024-01-04 00:00:00+05:30,validation
2024-01-05 09:20:00+05:30,2024-01-11,PUT,PUT,False,1097.3971348340226,1097.3971348340226,3470.7749016460048,0.6900584795321637,-3250.5955236999985,-3134.9999999999986,115.5955237,5910.6452702999995,2024-01-08 14:31:00+05:30,DELTA_EXIT,50,2024-01-11 00:00:00+05:30,validation
2024-01-08 14:32:00+05:30,2024-01-11,CALL,CALL,False,2045.5066554690707,-2045.5066554690707,3470.227313120414,0.09302325581395349,2679.7443323000007,2745.000000000001,65.2556677,-400.97971590000134,2024-01-11 14:10:00+05:30,DELTA_EXIT,50,2024-01-11 00:00:00+05:30,validation
2024-01-12 09:20:00+05:30,2024-01-18,CALL,CALL,False,632.4990675190105,-632.4990675190105,3469.6797245948233,0.31213872832369943,-5749.74357250001,-5595.00000000001,154.74357249999997,-59.822528100015916,2024-01-15 09:15:00+05:30,DELTA_EXIT,50,2024-01-18 00:00:00+05:30,validation
2024-01-15 09:20:00+05:30,2024-01-18,PUT,PUT,False,-468.8989593730952,-468.8989593730952,3469.1321360692323,0.3333333333333333,-2359.434558099996,-2234.9999999999964,124.4345581,5810.623599599996,2024-01-17 09:15:00+05:30,DELTA_EXIT,50,2024-01-18 00:00:00+05:30,validation
2024-01-17 09:20:00+05:30,2024-01-18,CALL,CALL,False,1757.0808177158585,-1757.0808177158585,3468.5845475436413,0.13142857142857142,2994.306114800002,3060.000000000002,65.6938852,7792.239381600004,2024-01-17 15:17:00+05:30,DELTA_EXIT,50,2024-01-18 00:00:00+05:30,validation
2024-01-17 15:18:00+05:30,2024-01-18,CALL,CALL,False,399.32695049356266,-399.32695049356266,3468.0369590180503,0.35795454545454547,2441.7449603000005,2505.0000000000005,63.25503970000001,5384.3158760999995,2024-01-18 09:36:00+05:30,DELTA_EXIT,50,2024-01-18 00:00:00+05:30,validation
2024-01-19 09:20:00+05:30,2024-01-25,CALL,CALL,False,846.3760761943231,-846.3760761943231,3467.4893704924593,0.288135593220339,3097.6239332000027,3180.0000000000027,82.37606680000002,7327.678203600006,2024-01-24 09:15:00+05:30,DELTA_EXIT,50,2024-01-25 00:00:00+05:30,validation
2024-01-24 09:20:00+05:30,2024-01-25,CALL,CALL,False,-885.9063696981335,885.9063696981335,3466.941781966869,0.6460674157303371,-5239.900657299999,-5114.999999999999,124.90065729999999,-8088.870444,2024-01-24 10:31:00+05:30,DELTA_EXIT,50,2024-01-25 00:00:00+05:30,validation
2024-01-24 10:32:00+05:30,2024-01-25,PUT,PUT,False,1381.4373587116233,1381.4373587116233,3466.394193441278,0.7206703910614525,2199.5012867000005,2265.0000000000005,65.4987133,866.5717290000002,2024-01-25 14:55:00+05:30,DELTA_EXIT,50,2024-01-25 00:00:00+05:30,validation
2024-01-29 09:20:00+05:30,2024-02-01,PUT,PUT,False,1812.7301929790228,1812.7301929790228,3465.8466049156864,0.8166666666666667,2081.207070800001,2160.000000000001,78.7929292,1598.5556859000026,2024-02-01 12:06:00+05:30,DELTA_EXIT,50,2024-02-01 00:00:00+05:30,validation
2024-02-02 09:20:00+05:30,2024-02-08,PUT,PUT,False,740.0747635794801,740.0747635794801,3465.299016390096,0.6187845303867403,2664.0624647000036,2745.0000000000036,80.93753530000001,537.3313535999973,2024-02-08 09:16:00+05:30,DELTA_EXIT,50,2024-02-08 00:00:00+05:30,validation
2024-02-09 09:20:00+05:30,2024-02-15,PUT,PUT,False,-1506.2326907800916,-1506.2326907800916,3455.614954176887,0.17032967032967034,2631.6185141000014,2715.0000000000014,83.3814859,674.041276499996,2024-02-14 15:17:00+05:30,DELTA_EXIT,50,2024-02-15 00:00:00+05:30,validation
2024-02-14 15:18:00+05:30,2024-02-15,PUT,PUT,False,741.9847337505897,741.9847337505897,3445.9308919636833,0.6229508196721312,1619.8704595999993,1679.9999999999993,60.1295404,-3139.163331599996,2024-02-15 13:39:00+05:30,DELTA_EXIT,50,2024-02-15 00:00:00+05:30,validation
2024-02-16 09:20:00+05:30,2024-02-22,PUT,PUT,False,702.8088379542893,702.8088379542893,3436.2468297504743,0.6032608695652174,2542.7752655,2625.0,82.2247345,1170.3409350000043,2024-02-21 12:35:00+05:30,DELTA_EXIT,50,2024-02-22 00:00:00+05:30,validation
2024-02-21 12:36:00+05:30,2024-02-22,PUT,PUT,False,-249.21230165927102,-249.21230165927102,3426.5627675372652,0.3891891891891892,-5259.832186299997,-5144.999999999997,114.83218629999999,8482.778237399998,2024-02-21 14:23:00+05:30,DELTA_EXIT,50,2024-02-22 00:00:00+05:30,validation
2024-02-21 14:24:00+05:30,2024-02-22,CALL,CALL,False,-2317.874253198656,2317.874253198656,3416.8787053240617,0.8709677419354839,2742.013995499998,2804.999999999998,62.9860045,7837.256234399998,2024-02-22 11:19:00+05:30,DELTA_EXIT,50,2024-02-22 00:00:00+05:30,validation
2024-02-23 09:20:00+05:30,2024-02-29,CALL,CALL,False,62.389480484131354,-62.389480484131354,3407.1946431108527,0.4385026737967914,3208.173676700003,3285.0000000000027,76.8263233,7891.720944600005,2024-02-28 10:50:00+05:30,DELTA_EXIT,50,2024-02-29 00:00:00+05:30,validation
2024-02-28 10:51:00+05:30,2024-02-29,CALL,CALL,False,-1104.36740071519,1104.36740071519,3397.510580897649,0.7021276595744681,2427.5900149999993,2489.999999999999,62.409985,7368.654777899999,2024-02-29 10:10:00+05:30,DELTA_EXIT,50,2024-02-29 00:00:00+05:30,validation
2024-03-01 09:20:00+05:30,2024-03-07,CALL,CALL,False,2489.6024296067235,-2489.6024296067235,3387.82651868444,0.07407407407407407,-3799.744929100006,-3645.0000000000064,154.74492909999998,-6223.7409918000085,2024-03-02 09:34:00+05:30,DELTA_EXIT,50,2024-03-07 00:00:00+05:30,validation
2024-03-02 09:35:00+05:30,2024-03-07,PUT,PUT,False,-180.40450698116433,-180.40450698116433,3378.1424564712306,0.42105263157894735,2393.8671857,2475.0,81.13281430000002,890.207451900003,2024-03-07 09:15:00+05:30,DELTA_EXIT,50,2024-03-07 00:00:00+05:30,validation
2024-03-11 09:20:00+05:30,2024-03-14,PUT,PUT,False,1693.9502960521063,1693.9502960521063,3368.4583942580275,0.8010471204188482,-3286.721467599996,-3179.999999999996,106.7214676,6618.690339899997,2024-03-13 11:04:00+05:30,DELTA_EXIT,50,2024-03-14 00:00:00+05:30,validation
2024-03-13 11:05:00+05:30,2024-03-14,CALL,CALL,False,4258.840807678294,-4258.840807678294,3358.774332044818,0.005208333333333333,3067.506156500001,3135.000000000001,67.4938435,6793.356293399998,2024-03-14 09:15:00+05:30,DELTA_EXIT,50,2024-03-14 00:00:00+05:30,validation
2024-03-15 09:20:00+05:30,2024-03-21,CALL,CALL,False,1737.9292458606085,-1737.9292458606085,3349.090269831609,0.13989637305699482,3385.0333619000035,3465.0000000000036,79.9666381,7645.690395900001,2024-03-19 15:11:00+05:30,DELTA_EXIT,50,2024-03-21 00:00:00+05:30,validation
2024-03-19 15:12:00+05:30,2024-03-21,CALL,CALL,False,-958.2266128968051,958.2266128968051,3339.4062076184055,0.6752577319587629,-3058.7594409999965,-2969.9999999999964,88.759441,-6094.510656899995,2024-03-21 09:15:00+05:30,DELTA_EXIT,50,2024-03-21 00:00:00+05:30,validation
2024-03-22 09:20:00+05:30,2024-03-28,PUT,PUT,False,2380.9560904595883,2380.9560904595883,3329.7221454051964,0.8769230769230769,2149.264418000002,2220.000000000002,70.73558200000001,-5172.173519099999,2024-03-27 11:37:00+05:30,DELTA_EXIT,50,2024-03-28 00:00:00+05:30,validation
2024-03-27 11:38:00+05:30,2024-03-28,PUT,PUT,False,979.0793165119201,979.0793165119201,3320.038083191993,0.6785714285714286,2201.3478335000004,2265.0000000000005,63.65216650000001,-7723.592165699998,2024-03-28 10:41:00+05:30,DELTA_EXIT,50,2024-03-28 00:00:00+05:30,validation
2024-04-01 09:20:00+05:30,2024-04-04,PUT,PUT,False,-565.7187727815633,-565.7187727815633,3310.354020978784,0.3197969543147208,2803.6662296000045,2880.0000000000045,76.33377039999999,-53.670818400003554,2024-04-04 13:27:00+05:30,DELTA_EXIT,50,2024-04-04 00:00:00+05:30,validation
2024-04-05 09:20:00+05:30,2024-04-10,PUT,PUT,False,2008.035019036195,2008.035019036195,3300.669958765575,0.8484848484848485,2608.5450995000033,2685.000000000003,76.4549005,-6626.297010300002,2024-04-09 09:15:00+05:30,DELTA_EXIT,50,2024-04-10 00:00:00+05:30,validation
2024-04-09 09:20:00+05:30,2024-04-10,PUT,PUT,False,550.0983500764698,550.0983500764698,3290.9858965523713,0.5728643216080402,2156.4025615999994,2219.9999999999995,63.5974384,558.8724861000005,2024-04-10 13:39:00+05:30,DELTA_EXIT,50,2024-04-10 00:00:00+05:30,validation
2024-04-12 09:20:00+05:30,2024-04-18,PUT,PUT,False,2430.7475273311966,2430.7475273311966,3281.3018343391623,0.88,-5256.172393600008,-5100.000000000008,156.1723936,8496.845141700009,2024-04-15 09:15:00+05:30,DELTA_EXIT,50,2024-04-18 00:00:00+05:30,validation
2024-04-15 09:20:00+05:30,2024-04-18,CALL,CALL,False,2294.028024262161,-2294.028024262161,3271.6177721259587,0.08955223880597014,4015.479826099999,4094.999999999999,79.52017389999999,6904.859550599997,2024-04-16 13:25:00+05:30,DELTA_EXIT,50,2024-04-18 00:00:00+05:30,validation
2024-04-16 13:26:00+05:30,2024-04-18,CALL,CALL,False,-1005.0023615815351,1005.0023615815351,3270.7205716706726,0.6782178217821783,-3153.0761089,-3075.0,78.07610890000001,-5547.7260860999995,2024-04-18 09:15:00+05:30,DELTA_EXIT,50,2024-04-18 00:00:00+05:30,validation
2024-04-19 09:20:00+05:30,2024-04-25,PUT,PUT,False,284.0265892332437,284.0265892332437,3269.8233712153865,0.5024630541871922,2131.4052787999995,2219.9999999999995,88.59472120000001,-6721.969878300002,2024-04-22 09:16:00+05:30,DELTA_EXIT,50,2024-04-25 00:00:00+05:30,validation
2024-04-22 09:20:00+05:30,2024-04-25,PUT,PUT,False,-1279.649280423389,-1279.649280423389,3268.926170760101,0.20588235294117646,2967.0599795000016,3045.000000000002,77.9400205,-6955.608966599998,2024-04-24 15:19:00+05:30,DELTA_EXIT,50,2024-04-25 00:00:00+05:30,validation
2024-04-24 15:20:00+05:30,2024-04-25,PUT,PUT,False,2245.2035032637395,2245.2035032637395,3268.0289703048147,0.8634146341463415,1787.1226655,1845.0,57.877334499999996,-7102.488677099997,2024-04-25 14:20:00+05:30,DELTA_EXIT,50,2024-04-25 00:00:00+05:30,validation
2024-04-26 09:20:00+05:30,2024-05-02,PUT,PUT,False,-6.236979646290592,-6.236979646290592,3267.131769849529,0.45145631067961167,1041.0746745500003,1102.5000000000002,61.425325449999995,730.0602790500011,2024-05-02 10:28:00+05:30,DELTA_EXIT,25,2024-05-02 00:00:00+05:30,validation
2024-05-03 09:20:00+05:30,2024-05-09,PUT,PUT,False,1593.5606264874828,1593.5606264874828,3266.234569394243,0.7681159420289855,-1834.9268302000014,-1740.0000000000014,94.92683019999998,3476.139949350003,2024-05-03 11:22:00+05:30,DELTA_EXIT,25,2024-05-09 00:00:00+05:30,validation
2024-05-03 11:23:00+05:30,2024-05-09,CALL,CALL,False,2329.7818693145687,-2329.7818693145687,3265.337368938957,0.08653846153846154,1787.0757747500004,1852.5000000000005,65.42422525,3766.4734603499996,2024-05-08 09:15:00+05:30,DELTA_EXIT,25,2024-05-09 00:00:00+05:30,validation
2024-05-08 09:20:00+05:30,2024-05-09,CALL,CALL,False,-422.8143945495167,422.8143945495167,3264.440168483671,0.5167464114832536,1351.5217274000013,1410.0000000000014,58.4782726,3573.3117985500003,2024-05-09 11:54:00+05:30,DELTA_EXIT,25,2024-05-09 00:00:00+05:30,validation
2024-05-10 09:20:00+05:30,2024-05-16,CALL,CALL,False,658.4909409697659,-658.4909409697659,3263.542968028385,0.3,-1822.1581349499972,-1732.4999999999973,89.65813495,-3038.094365699998,2024-05-14 13:52:00+05:30,DELTA_EXIT,25,2024-05-16 00:00:00+05:30,validation
2024-05-14 13:53:00+05:30,2024-05-16,PUT,PUT,False,-2414.324856539258,-2414.324856539258,3262.6457675730994,0.08530805687203792,1023.6180313999997,1079.9999999999998,56.38196860000001,628.8617411999998,2024-05-16 14:43:00+05:30,DELTA_EXIT,25,2024-05-16 00:00:00+05:30,validation
2024-05-17 09:20:00+05:30,2024-05-23,PUT,PUT,False,-179.64381007443762,-179.64381007443762,3261.7485671178133,0.419811320754717,1121.6829137000009,1185.000000000001,63.31708629999999,-3203.866540049999,2024-05-22 13:42:00+05:30,DELTA_EXIT,25,2024-05-23 00:00:00+05:30,validation
2024-05-22 13:43:00+05:30,2024-05-23,PUT,PUT,False,-167.5047921426658,-167.5047921426658,3260.851366662527,0.4272300469483568,1106.01769655,1162.5,56.482303449999996,-3061.3469228999993,2024-05-23 12:34:00+05:30,DELTA_EXIT,25,2024-05-23 00:00:00+05:30,validation
2024-05-24 09:20:00+05:30,2024-05-30,PUT,PUT,False,759.2309803430104,759.2309803430104,3259.9541662072415,0.6261682242990654,-1933.3995683499968,-1852.4999999999968,80.89956835000001,3771.6023746499973,2024-05-30 09:16:00+05:30,DELTA_EXIT,25,2024-05-30 00:00:00+05:30,validation
2024-05-31 09:20:00+05:30,2024-06-06,CALL,CALL,False,-2682.609785618965,2682.609785618965,3259.0569657519554,0.9209302325581395,-3315.530125300004,-3225.000000000004,90.5301253,-12026.423183850005,2024-06-06 15:29:00+05:30,CONTRACT_EXPIRY,25,2024-06-06 00:00:00+05:30,validation
2024-06-07 09:20:00+05:30,2024-06-13,PUT,PUT,False,142.01230878724937,142.01230878724937,3258.15976529667,0.48148148148148145,1165.8096036500021,1237.500000000002,71.69039635,-3571.5950140500045,2024-06-10 13:58:00+05:30,DELTA_EXIT,25,2024-06-13 00:00:00+05:30,validation
2024-06-10 13:59:00+05:30,2024-06-13,PUT,PUT,False,-2480.693207260131,-2480.693207260131,3257.2625648413837,0.07373271889400922,1427.4033579500026,1492.5000000000025,65.09664205,1.4469209999990653,2024-06-13 09:15:00+05:30,DELTA_EXIT,25,2024-06-13 00:00:00+05:30,validation
2024-06-14 09:20:00+05:30,2024-06-20,PUT,PUT,False,746.1156999989578,746.1156999989578,3256.3653643860976,0.6238532110091743,1354.6442826500004,1417.5000000000005,62.85571734999999,-4089.2922625499987,2024-06-20 10:42:00+05:30,DELTA_EXIT,25,2024-06-20 00:00:00+05:30,validation
2024-06-21 09:20:00+05:30,2024-06-27,PUT,PUT,False,1158.2386802485669,1158.2386802485669,3255.468163930812,0.7123287671232876,1272.492661100001,1335.000000000001,62.50733890000001,-3595.100974649999,2024-06-26 13:40:00+05:30,DELTA_EXIT,25,2024-06-27 00:00:00+05:30,validation
2024-06-26 13:41:00+05:30,2024-06-27,PUT,PUT,False,1158.24285782787,1158.24285782787,3254.570963475526,0.7136363636363636,1002.7025580499995,1057.4999999999995,54.79744195,-3167.5421231999985,2024-06-27 12:51:00+05:30,DELTA_EXIT,25,2024-06-27 00:00:00+05:30,validation
2024-06-28 09:20:00+05:30,2024-07-04,PUT,PUT,False,-222.33614534156754,-222.33614534156754,3253.67376302024,0.38461538461538464,1216.9284051500008,1282.5000000000007,65.57159485,-2454.056554499999,2024-07-03 12:57:00+05:30,DELTA_EXIT,25,2024-07-04 00:00:00+05:30,validation
2024-07-03 12:58:00+05:30,2024-07-04,PUT,PUT,False,1939.5357072070606,1939.5357072070606,3235.7209030049,0.8378378378378378,1293.8133104000005,1350.0000000000005,56.18668960000001,487.9819678499987,2024-07-04 12:22:00+05:30,DELTA_EXIT,25,2024-07-04 00:00:00+05:30,validation
2024-07-05 09:20:00+05:30,2024-07-11,PUT,PUT,False,1736.9526857514588,1736.9526857514588,3217.7680429895595,0.8071748878923767,1229.0356508000013,1290.0000000000014,60.964349199999994,181.9445789999993,2024-07-10 09:15:00+05:30,DELTA_EXIT,25,2024-07-11 00:00:00+05:30,validation
2024-07-10 09:20:00+05:30,2024-07-11,PUT,PUT,False,-378.9953281398134,-378.9953281398134,3199.815182974229,0.3392857142857143,-2207.502873999998,-2129.999999999998,77.502874,3533.2778279999984,2024-07-10 10:27:00+05:30,DELTA_EXIT,25,2024-07-11 00:00:00+05:30,validation
2024-07-10 10:28:00+05:30,2024-07-11,CALL,CALL,False,-246.20909375761812,246.20909375761812,3181.862322958889,0.4888888888888889,1578.6045011000006,1635.0000000000005,56.39549890000001,240.7278515999999,2024-07-11 14:42:00+05:30,DELTA_EXIT,25,2024-07-11 00:00:00+05:30,validation
2024-07-12 09:20:00+05:30,2024-07-18,CALL,CALL,False,1509.8366931497396,-1509.8366931497396,3163.9094629435585,0.168141592920354,-2404.302508600003,-2310.000000000003,94.30250859999998,-3545.4044040000035,2024-07-12 11:01:00+05:30,DELTA_EXIT,25,2024-07-18 00:00:00+05:30,validation
2024-07-12 11:02:00+05:30,2024-07-18,PUT,PUT,False,-330.29147505731316,-330.29147505731316,3145.956602928218,0.34801762114537443,1280.2178031500016,1342.5000000000016,62.28219685,-2967.551032349999,2024-07-18 10:01:00+05:30,DELTA_EXIT,25,2024-07-18 00:00:00+05:30,validation
2024-07-19 09:20:00+05:30,2024-07-25,PUT,PUT,False,-376.02715025620523,-376.02715025620523,3128.0037429128774,0.34210526315789475,-2716.982144200003,-2580.0000000000027,136.9821442,4489.980104700005,2024-07-23 12:19:00+05:30,DELTA_EXIT,25,2024-07-25 00:00:00+05:30,validation
2024-07-23 12:20:00+05:30,2024-07-25,CALL,CALL,False,-894.778776378334,894.778776378334,3110.050882897547,0.6462882096069869,1356.747103100002,1425.000000000002,68.2528969,416.82139574999997,2024-07-25 09:21:00+05:30,DELTA_EXIT,25,2024-07-25 00:00:00+05:30,validation
2024-07-26 09:20:00+05:30,2024-08-01,CALL,CALL,False,-1809.2600548849903,1809.2600548849903,3092.098022882207,0.8217391304347826,-2499.002342200004,-2400.000000000004,99.00234219999999,-3754.708039800005,2024-07-26 12:40:00+05:30,DELTA_EXIT,25,2024-08-01 00:00:00+05:30,validation
2024-07-26 12:41:00+05:30,2024-08-01,PUT,PUT,False,-878.5210740184052,-878.5210740184052,3074.1451628668765,0.26406926406926406,981.2027661500016,1042.5000000000016,61.297233850000005,-3390.791321400004,2024-07-31 15:13:00+05:30,DELTA_EXIT,25,2024-08-01 00:00:00+05:30,validation
2024-07-31 15:14:00+05:30,2024-08-01,PUT,PUT,False,1869.7323576293415,1869.7323576293415,3056.192302851536,0.8318965517241379,1054.5323797999997,1109.9999999999998,55.4676202,286.4723751000006,2024-08-01 11:13:00+05:30,DELTA_EXIT,25,2024-08-01 00:00:00+05:30,validation
2024-08-02 09:20:00+05:30,2024-08-08,PUT,PUT,False,591.8215099472698,591.8215099472698,3038.239442836196,0.5793991416309013,-3623.474922250004,-3487.500000000004,135.97492225,5023.4641026000045,2024-08-05 09:15:00+05:30,DELTA_EXIT,25,2024-08-08 00:00:00+05:30,validation
2024-08-05 09:20:00+05:30,2024-08-08,CALL,CALL,False,-51.14815944213274,51.14815944213274,3020.2865828208655,0.4658119658119658,1450.4547623000014,1515.0000000000014,64.54523769999999,2953.3220166000046,2024-08-08 10:33:00+05:30,DELTA_EXIT,25,2024-08-08 00:00:00+05:30,validation
2024-08-09 09:20:00+05:30,2024-08-14,CALL,CALL,False,-705.210083938437,705.210083938437,3002.333722805525,0.6,1602.4496069000004,1665.0000000000005,62.55039309999999,219.5781148500007,2024-08-13 13:50:00+05:30,DELTA_EXIT,25,2024-08-14 00:00:00+05:30,validation
2024-08-13 13:51:00+05:30,2024-08-14,CALL,CALL,False,-1130.4869413477365,1130.4869413477365,2984.380862790195,0.7076271186440678,1383.3042283999991,1439.999999999999,56.695771599999986,-157.5013744500004,2024-08-14 12:41:00+05:30,DELTA_EXIT,25,2024-08-14 00:00:00+05:30,validation
2024-08-16 09:20:00+05:30,2024-08-22,CALL,CALL,False,81.81607531590316,-81.81607531590316,2966.4280027748546,0.4219409282700422,-2180.7199056999993,-2084.9999999999995,95.71990569999998,-3295.8765547499997,2024-08-19 09:15:00+05:30,DELTA_EXIT,25,2024-08-22 00:00:00+05:30,validation
2024-08-19 09:20:00+05:30,2024-08-22,PUT,PUT,False,-1821.0416654991625,-1821.0416654991625,2948.4751427595143,0.1134453781512605,1131.9987333500005,1192.5000000000005,60.50126664999999,-2650.266320399998,2024-08-21 15:07:00+05:30,DELTA_EXIT,25,2024-08-22 00:00:00+05:30,validation
2024-08-21 15:08:00+05:30,2024-08-22,PUT,PUT,False,-197.5732810095567,-197.5732810095567,2930.522282744184,0.3891213389121339,840.3147627499993,892.4999999999993,52.18523724999999,637.0829704500002,2024-08-22 11:36:00+05:30,DELTA_EXIT,25,2024-08-22 00:00:00+05:30,validation
2024-08-23 09:20:00+05:30,2024-08-29,PUT,PUT,False,-55.18229487227222,-55.18229487227222,2912.5694227288436,0.44166666666666665,1169.2739840000004,1230.0000000000005,60.72601599999999,-3577.1482442999973,2024-08-27 10:55:00+05:30,DELTA_EXIT,25,2024-08-29 00:00:00+05:30,validation
2024-08-27 10:56:00+05:30,2024-08-29,PUT,PUT,False,80.300336888331,80.300336888331,2894.6165627135133,0.47717842323651455,1025.4094573999998,1079.9999999999998,54.59054259999999,-3640.9501896,2024-08-29 10:26:00+05:30,DELTA_EXIT,25,2024-08-29 00:00:00+05:30,validation
2024-08-30 09:20:00+05:30,2024-09-05,PUT,PUT,False,689.6012154275479,689.6012154275479,2890.7036769155475,0.5991735537190083,1296.6878220500007,1357.5000000000007,60.81217795,360.5543495999998,2024-09-05 11:32:00+05:30,DELTA_EXIT,25,2024-09-05 00:00:00+05:30,validation
2024-09-06 09:20:00+05:30,2024-09-12,PUT,PUT,False,1326.3496407324267,1326.3496407324267,2886.7907911175816,0.7366255144032922,-2246.296816900002,-2145.000000000002,101.29681689999998,3612.5246976000026,2024-09-06 13:24:00+05:30,DELTA_EXIT,25,2024-09-12 00:00:00+05:30,validation
2024-09-06 13:25:00+05:30,2024-09-12,CALL,CALL,False,1492.3565589969946,-1492.3565589969946,2882.8779053196176,0.1721311475409836,-1882.258756599998,-1799.999999999998,82.2587566,-3086.2310938499986,2024-09-10 13:12:00+05:30,DELTA_EXIT,25,2024-09-12 00:00:00+05:30,validation
2024-09-10 13:13:00+05:30,2024-09-12,PUT,PUT,False,1677.625305888761,1677.625305888761,2878.965019521652,0.8,-2410.2113441499996,-2332.4999999999995,77.71134415,3742.4161013999997,2024-09-11 14:13:00+05:30,DELTA_EXIT,25,2024-09-12 00:00:00+05:30,validation
2024-09-11 14:14:00+05:30,2024-09-12,CALL,CALL,False,2004.2180587023688,-2004.2180587023688,2875.0521337236883,0.0975609756097561,-1744.2286143999993,-1679.9999999999993,64.2286144,-3270.49342635,2024-09-12 09:21:00+05:30,DELTA_EXIT,25,2024-09-12 00:00:00+05:30,validation
2024-09-13 09:20:00+05:30,2024-09-19,PUT,PUT,False,731.9570013350414,731.9570013350414,2871.1392479257224,0.611336032388664,1279.3083099500004,1342.5000000000005,63.191690050000005,-3120.2900077499976,2024-09-19 09:15:00+05:30,DELTA_EXIT,25,2024-09-19 00:00:00+05:30,validation
2024-09-20 09:20:00+05:30,2024-09-26,PUT,PUT,False,1242.8502847967075,1242.8502847967075,2867.226362127756,0.7258064516129032,1229.5950888500017,1297.5000000000018,67.90491115,-3396.0498076500053,2024-09-24 12:40:00+05:30,DELTA_EXIT,25,2024-09-26 00:00:00+05:30,validation
2024-09-24 12:41:00+05:30,2024-09-26,PUT,PUT,False,1137.2340158596444,1137.2340158596444,2863.3134763297926,0.7108433734939759,962.5472456000002,1020.0000000000002,57.4527544,-3659.6388206999995,2024-09-26 11:42:00+05:30,DELTA_EXIT,25,2024-09-26 00:00:00+05:30,validation
2024-09-27 09:20:00+05:30,2024-10-03,PUT,PUT,False,1145.4032702302397,1145.4032702302397,2859.4005905318268,0.712,-1699.065729549998,-1612.499999999998,86.56572954999999,3078.047225699999,2024-09-30 10:40:00+05:30,DELTA_EXIT,25,2024-10-03 00:00:00+05:30,validation
2024-09-30 10:41:00+05:30,2024-10-03,CALL,CALL,False,2483.6570594548,-2483.6570594548,2855.487704733863,0.06374501992031872,1418.1228298850015,1477.5000000000014,59.377170115,3818.5430670599994,2024-10-01 14:43:00+05:30,DELTA_EXIT,25,2024-10-03 00:00:00+05:30,validation
2024-10-01 14:44:00+05:30,2024-10-03,CALL,CALL,False,-45.09824321150904,45.09824321150904,2851.574818935897,0.45634920634920634,1257.051343325,1312.5,55.448656674999995,3609.3879466200033,2024-10-03 10:02:00+05:30,DELTA_EXIT,25,2024-10-03 00:00:00+05:30,validation
2024-10-04 09:20:00+05:30,2024-10-10,CALL,CALL,False,401.41411505367546,-401.41411505367546,2847.661933137931,0.3201581027667984,1894.9858824200014,1965.0000000000014,70.01411758,3749.0159551500046,2024-10-09 14:28:00+05:30,DELTA_EXIT,25,2024-10-10 00:00:00+05:30,validation
2024-10-09 14:29:00+05:30,2024-10-10,CALL,CALL,False,503.28191164332884,-503.28191164332884,2843.7490473399675,0.2992125984251969,1055.0073593299994,1109.9999999999993,54.99264067,-365.0977681650013,2024-10-10 13:52:00+05:30,DELTA_EXIT,25,2024-10-10 00:00:00+05:30,validation
2024-10-11 09:20:00+05:30,2024-10-17,CALL,CALL,False,861.8211722668113,-861.8211722668113,2839.8361615420017,0.25882352941176473,1622.8051128650009,1687.500000000001,64.694887135,479.99170416000015,2024-10-17 09:34:00+05:30,DELTA_EXIT,25,2024-10-17 00:00:00+05:30,validation
2024-10-18 09:20:00+05:30,2024-10-24,CALL,CALL,False,-132.8632043686016,132.8632043686016,2835.9232757440377,0.484375,-2622.0196509399993,-2519.9999999999995,102.01965094,-3800.525854620002,2024-10-21 09:15:00+05:30,DELTA_EXIT,25,2024-10-24 00:00:00+05:30,validation
2024-10-21 09:20:00+05:30,2024-10-24,PUT,PUT,False,-533.4588918808149,-533.4588918808149,2832.010389946072,0.29961089494163423,-2821.145080855003,-2722.500000000003,98.64508085499999,4104.996721410003,2024-10-21 09:51:00+05:30,DELTA_EXIT,25,2024-10-24 00:00:00+05:30,validation
2024-10-21 09:52:00+05:30,2024-10-24,CALL,CALL,False,-890.2774685033864,890.2774685033864,2828.097504148106,0.6511627906976745,1162.7031306950014,1222.5000000000014,59.796869305,3593.2551897149997,2024-10-23 12:17:00+05:30,DELTA_EXIT,25,2024-10-24 00:00:00+05:30,validation
2024-10-23 12:18:00+05:30,2024-10-24,CALL,CALL,False,-556.4424320151372,556.4424320151372,2824.1846183501425,0.5752895752895753,1219.38010544,1275.0,55.61989455999999,3128.3684626349977,2024-10-24 09:40:00+05:30,DELTA_EXIT,25,2024-10-24 00:00:00+05:30,validation
2024-10-25 09:20:00+05:30,2024-10-31,CALL,CALL,False,757.0361654757296,-757.0361654757296,2820.271732552176,0.2653846153846154,1393.1189410400016,1455.0000000000016,61.881058960000004,3138.018548790005,2024-10-30 15:14:00+05:30,DELTA_EXIT,25,2024-10-31 00:00:00+05:30,validation
2024-10-30 15:15:00+05:30,2024-10-31,CALL,CALL,False,528.1430661150525,-528.1430661150525,2816.3588467542127,0.30268199233716475,1870.3639488350007,1927.5000000000007,57.136051165,3202.062292545001,2024-10-31 12:24:00+05:30,DELTA_EXIT,25,2024-10-31 00:00:00+05:30,validation
2024-11-04 09:20:00+05:30,2024-11-07,CALL,CALL,False,-350.7958990221666,350.7958990221666,2815.8859431894725,0.5229007633587787,-1402.3997561349956,-1312.4999999999957,89.899756135,-2757.5773810049977,2024-11-06 13:10:00+05:30,DELTA_EXIT,25,2024-11-07 00:00:00+05:30,validation
2024-11-06 13:11:00+05:30,2024-11-07,PUT,PUT,False,1091.2190255750397,1091.2190255750397,2815.413039624733,0.7072243346007605,-1721.81081461,-1650.0,71.81081461,2768.4448420649996,2024-11-07 09:58:00+05:30,DELTA_EXIT,25,2024-11-07 00:00:00+05:30,validation
2024-11-08 09:20:00+05:30,2024-11-14,CALL,CALL,False,-859.4362202565537,859.4362202565537,2814.940136059993,0.6477272727272727,1607.9106084349996,1672.4999999999995,64.589391565,3827.8593492299983,2024-11-13 09:39:00+05:30,DELTA_EXIT,25,2024-11-14 00:00:00+05:30,validation
2024-11-13 09:40:00+05:30,2024-11-14,CALL,CALL,False,-221.96427864249404,221.96427864249404,2814.467232495253,0.49433962264150944,1253.739906965,1312.5,58.760093035000004,3361.187140784999,2024-11-14 09:28:00+05:30,DELTA_EXIT,25,2024-11-14 00:00:00+05:30,validation
2024-11-18 09:20:00+05:30,2024-11-21,CALL,CALL,False,-574.9605104184902,574.9605104184902,2813.9943289305133,0.5827067669172933,-2468.4793436799987,-2384.9999999999986,83.47934368000001,-3852.0182429849997,2024-11-19 11:25:00+05:30,DELTA_EXIT,25,2024-11-21 00:00:00+05:30,validation
2024-11-19 11:26:00+05:30,2024-11-21,PUT,PUT,False,-115.73932591086987,-115.73932591086987,2813.5214253657737,0.41198501872659177,-2650.819494909999,-2564.999999999999,85.81949491,4392.657839219999,2024-11-19 14:58:00+05:30,DELTA_EXIT,25,2024-11-21 00:00:00+05:30,validation
2024-11-19 14:59:00+05:30,2024-11-21,CALL,CALL,False,-1434.8460654197006,1434.8460654197006,2813.0485218010335,0.7649253731343284,1182.073686815,1237.5,55.426313185,4221.528864479997,2024-11-21 09:32:00+05:30,DELTA_EXIT,25,2024-11-21 00:00:00+05:30,validation
2024-11-22 09:20:00+05:30,2024-11-28,CALL,CALL,False,-903.079118815212,903.079118815212,2812.575618236294,0.6654275092936803,-1764.6665257450027,-1642.5000000000027,122.16652574499999,-3015.2318318550024,2024-11-22 13:00:00+05:30,DELTA_EXIT,25,2024-11-28 00:00:00+05:30,validation
2024-11-22 13:01:00+05:30,2024-11-28,PUT,PUT,False,-645.424785656021,-645.424785656021,2812.1027146715537,0.2740740740740741,1209.2458756249976,1282.4999999999975,73.25412437499999,-4562.62197237001,2024-11-25 10:24:00+05:30,DELTA_EXIT,25,2024-11-28 00:00:00+05:30,validation
2024-11-25 10:25:00+05:30,2024-11-28,PUT,PUT,False,-441.06568902310914,-441.06568902310914,2811.6298111068145,0.3173431734317343,-2377.1759687199988,-2294.9999999999986,82.17596872,3605.557344389999,2024-11-28 11:23:00+05:30,DELTA_EXIT,25,2024-11-28 00:00:00+05:30,validation
2024-11-29 09:20:00+05:30,2024-12-05,CALL,CALL,False,-118.67464238150114,118.67464238150114,2811.1569075420744,0.4742647058823529,-2133.0933545049998,-2032.4999999999995,100.59335450500001,-3324.6699663150007,2024-12-03 10:16:00+05:30,DELTA_EXIT,25,2024-12-05 00:00:00+05:30,validation
2024-12-03 10:17:00+05:30,2024-12-05,PUT,PUT,False,-1631.9969161544211,-1631.9969161544211,2810.684003977334,0.13553113553113552,1210.680569240001,1275.000000000001,64.31943076,-3886.3534610849993,2024-12-05 13:41:00+05:30,DELTA_EXIT,25,2024-12-05 00:00:00+05:30,validation
2024-12-06 09:20:00+05:30,2024-12-12,PUT,PUT,False,-632.9584891911204,-632.9584891911204,2810.2111004125945,0.2773722627737226,1425.370536470002,1500.000000000002,74.62946353000001,161.78039635499977,2024-12-12 12:34:00+05:30,DELTA_EXIT,25,2024-12-12 00:00:00+05:30,validation
2024-12-13 09:20:00+05:30,2024-12-19,PUT,PUT,False,182.24515553993615,182.24515553993615,2809.738196847855,0.49454545454545457,-4020.8927647750043,-3907.500000000004,113.392764775,1527.451364805001,2024-12-19 09:15:00+05:30,DELTA_EXIT,25,2024-12-19 00:00:00+05:30,validation
2024-12-20 09:20:00+05:30,2024-12-26,CALL,CALL,False,-1322.8996272770175,1322.8996272770175,2809.265293283115,0.7536231884057971,1355.40212903,1425.0,69.59787097,3095.787070154999,2024-12-24 09:32:00+05:30,DELTA_EXIT,25,2024-12-26 00:00:00+05:30,validation
2024-12-24 09:33:00+05:30,2024-12-26,CALL,CALL,False,932.6406083098436,-932.6406083098436,2808.792389718375,0.23826714801444043,1016.9853336949993,1072.4999999999993,55.514666305000006,53.491821974999084,2024-12-26 14:09:00+05:30,DELTA_EXIT,25,2024-12-26 00:00:00+05:30,validation
2024-12-27 09:20:00+05:30,2025-01-02,CALL,CALL,False,-860.6430329098525,860.6430329098525,2808.3194861536354,0.6546762589928058,4758.835006220002,4860.000000000002,101.16499377999999,11008.213262235,2024-12-31 10:12:00+05:30,DELTA_EXIT,75,2025-01-02 00:00:00+05:30,validation
2024-12-31 10:13:00+05:30,2025-01-02,CALL,CALL,False,1062.961601404621,-1062.961601404621,2807.846582588895,0.21863799283154123,-8200.025025835008,-7987.500000000007,212.525025835,-12477.444073065013,2025-01-01 10:49:00+05:30,DELTA_EXIT,75,2025-01-02 00:00:00+05:30,validation
2025-01-01 10:50:00+05:30,2025-01-02,PUT,PUT,False,725.6766775887367,725.6766775887367,2807.373679024156,0.6178571428571429,3312.8929092650055,3397.5000000000055,84.607090735,-9673.538125634994,2025-01-02 12:25:00+05:30,DELTA_EXIT,75,2025-01-02 00:00:00+05:30,validation
2025-01-03 09:20:00+05:30,2025-01-09,PUT,PUT,False,564.5450289203427,564.5450289203427,2806.900775459416,0.5836298932384342,-6854.184060610014,-6615.000000000014,239.18406060999996,11721.02353141502,2025-01-06 10:51:00+05:30,DELTA_EXIT,75,2025-01-09 00:00:00+05:30,validation
2025-01-06 10:52:00+05:30,2025-01-09,CALL,CALL,False,224.92601253388193,-224.92601253388193,2804.52617488704,0.375886524822695,4578.753928100003,4680.000000000003,101.2460719,10408.500895769997,2025-01-08 10:34:00+05:30,DELTA_EXIT,75,2025-01-09 00:00:00+05:30,validation
2025-01-08 10:35:00+05:30,2025-01-09,CALL,CALL,False,-1171.9199117300311,1171.9199117300311,2802.151574314664,0.7491166077738516,3482.587077259999,3554.999999999999,72.41292274,-605.3742504450042,2025-01-09 13:01:00+05:30,DELTA_EXIT,75,2025-01-09 00:00:00+05:30,validation
2025-01-10 09:20:00+05:30,2025-01-16,CALL,CALL,False,-1315.3662827582234,1315.3662827582234,2799.7769737422877,0.7570422535211268,4557.9696690650035,4657.500000000004,99.53033093500001,10834.719808365,2025-01-13 14:23:00+05:30,DELTA_EXIT,75,2025-01-16 00:00:00+05:30,validation
2025-01-13 14:24:00+05:30,2025-01-16,CALL,CALL,False,648.9715135246738,-648.9715135246738,2797.4023731699144,0.27017543859649124,-446.14165715499684,-337.4999999999968,108.641657155,-4808.2131436049995,2025-01-16 09:32:00+05:30,DELTA_EXIT,75,2025-01-16 00:00:00+05:30,validation
2025-01-17 09:20:00+05:30,2025-01-23,PUT,PUT,False,-1067.710360630232,-1067.710360630232,2795.0277725975384,0.2097902097902098,4256.0350259900015,4365.000000000002,108.96497401,342.0719471250004,2025-01-23 10:07:00+05:30,DELTA_EXIT,75,2025-01-23 00:00:00+05:30,validation
2025-01-24 09:20:00+05:30,2025-01-30,PUT,PUT,False,-796.24263209729,-796.24263209729,2792.6531720251623,0.2508710801393728,-1503.6128567500018,-1395.0000000000018,108.61285674999999,3005.409774855003,2025-01-27 09:15:00+05:30,DELTA_EXIT,25,2025-01-30 00:00:00+05:30,validation
2025-01-27 09:20:00+05:30,2025-01-30,CALL,CALL,False,-1077.5138256634368,1077.5138256634368,2790.2785714527863,0.7152777777777778,-1810.7252401449964,-1717.4999999999964,93.22524014500001,-3243.3781303049973,2025-01-30 09:32:00+05:30,DELTA_EXIT,25,2025-01-30 00:00:00+05:30,validation
2025-01-31 09:20:00+05:30,2025-02-06,PUT,PUT,False,-414.8227012522261,-414.8227012522261,2787.9039708804103,0.328719723183391,3993.174884930002,4140.000000000002,146.82511507,1890.4303749600067,2025-02-04 09:15:00+05:30,DELTA_EXIT,75,2025-02-06 00:00:00+05:30,validation
2025-02-04 09:20:00+05:30,2025-02-06,PUT,PUT,False,-1290.5397530318908,-1290.5397530318908,2785.529370308037,0.1724137931034483,3537.4470280250052,3622.5000000000055,85.05297197499999,-10488.070335645,2025-02-06 09:16:00+05:30,DELTA_EXIT,75,2025-02-06 00:00:00+05:30,validation
2025-02-07 09:20:00+05:30,2025-02-13,PUT,PUT,False,-225.91683922305174,-225.91683922305174,2783.154769735661,0.38144329896907214,-5419.313164434996,-5242.499999999996,176.81316443500003,9994.152301245002,2025-02-11 12:09:00+05:30,DELTA_EXIT,75,2025-02-13 00:00:00+05:30,validation
2025-02-11 12:10:00+05:30,2025-02-13,CALL,CALL,False,2009.0175817932616,-2009.0175817932616,2780.780169163285,0.08561643835616438,4431.790806305002,4522.500000000002,90.709193695,11824.418814660006,2025-02-12 09:46:00+05:30,DELTA_EXIT,75,2025-02-13 00:00:00+05:30,validation
2025-02-12 09:47:00+05:30,2025-02-13,CALL,CALL,False,2972.6027337701876,-2972.6027337701876,2778.405568590909,0.034129692832764506,-5704.704657219992,-5534.999999999993,169.70465722000003,-9879.465245174993,2025-02-12 11:45:00+05:30,DELTA_EXIT,75,2025-02-13 00:00:00+05:30,validation
2025-02-12 11:46:00+05:30,2025-02-13,PUT,PUT,False,1411.08647883076,1411.08647883076,2776.030968018533,0.7789115646258503,4191.3353939900035,4275.000000000004,83.66460601000001,-9754.181145719998,2025-02-13 11:01:00+05:30,DELTA_EXIT,75,2025-02-13 00:00:00+05:30,validation
2025-02-14 09:20:00+05:30,2025-02-20,PUT,PUT,False,-562.3583177643984,-562.3583177643984,2773.6563674461595,0.3016949152542373,-5489.684779810007,-5265.000000000007,224.68477980999998,10112.069857950006,2025-02-14 13:02:00+05:30,DELTA_EXIT,75,2025-02-20 00:00:00+05:30,validation
2025-02-14 13:03:00+05:30,2025-02-20,CALL,CALL,False,-478.08884084178976,478.08884084178976,2771.2817668737835,0.5540540540540541,4887.918391550003,4995.000000000004,107.08160845000002,583.7060062800019,2025-02-20 12:30:00+05:30,DELTA_EXIT,75,2025-02-20 00:00:00+05:30,validation
2025-02-21 09:20:00+05:30,2025-02-27,CALL,CALL,False,46.49317926219965,-46.49317926219965,2768.9071663014074,0.4478114478114478,4627.562705330004,4725.000000000004,97.43729467000001,10376.498274795002,2025-02-24 13:38:00+05:30,DELTA_EXIT,75,2025-02-27 00:00:00+05:30,validation
2025-02-24 13:39:00+05:30,2025-02-27,CALL,CALL,False,2767.8722922168577,-2767.8722922168577,2766.5325657290314,0.0436241610738255,4687.358154890004,4770.000000000004,82.64184511000002,1141.365937275004,2025-02-27 11:12:00+05:30,DELTA_EXIT,75,2025-02-27 00:00:00+05:30,validation
2025-02-28 09:20:00+05:30,2025-03-06,CALL,CALL,False,2249.9971090812032,-2249.9971090812032,2764.1579651566553,0.08361204013377926,5460.521880695003,5557.500000000004,96.978119305,10834.941059190005,2025-03-04 09:15:00+05:30,DELTA_EXIT,75,2025-03-06 00:00:00+05:30,validation
2025-03-04 09:20:00+05:30,2025-03-06,CALL,CALL,False,929.6445952005213,-929.6445952005213,2761.783364584282,0.24666666666666667,-6952.843878925,-6817.5,135.343878925,-10872.963197955003,2025-03-05 09:31:00+05:30,DELTA_EXIT,75,2025-03-06 00:00:00+05:30,validation
2025-03-05 09:32:00+05:30,2025-03-06,PUT,PUT,False,-333.9755478492152,-333.9755478492152,2759.408764011906,0.3588039867109635,3524.7449187500038,3600.0000000000036,75.25508125,-10442.324020320004,2025-03-06 09:15:00+05:30,DELTA_EXIT,75,2025-03-06 00:00:00+05:30,validation
2025-03-07 09:20:00+05:30,2025-03-13,PUT,PUT,False,-711.0907505906782,-711.0907505906782,2756.1307473791535,0.27483443708609273,3664.594064975004,3757.500000000004,92.905935025,1190.9745105749994,2025-03-13 10:00:00+05:30,DELTA_EXIT,75,2025-03-13 00:00:00+05:30,validation
2025-03-17 09:20:00+05:30,2025-03-20,PUT,PUT,False,3786.377467278435,3786.377467278435,2752.852730746401,0.9867986798679867,3201.43669322,3285.0,83.56330677999999,-10391.052543389997,2025-03-19 09:15:00+05:30,DELTA_EXIT,75,2025-03-20 00:00:00+05:30,validation
2025-03-19 09:20:00+05:30,2025-03-20,PUT,PUT,False,483.3212685206556,483.3212685206556,2799.7769737422877,0.5625,3096.715601975002,3172.500000000002,75.78439802499999,-7284.717257310001,2025-03-20 09:44:00+05:30,DELTA_EXIT,75,2025-03-20 00:00:00+05:30,validation
2025-03-21 09:20:00+05:30,2025-03-27,PUT,PUT,False,1480.2471749153533,1480.2471749153533,2797.4023731699144,0.7967213114754098,4024.5036540350056,4117.5000000000055,92.99634596500002,-10413.446833350004,2025-03-25 09:34:00+05:30,DELTA_EXIT,75,2025-03-27 00:00:00+05:30,validation
2025-03-25 09:35:00+05:30,2025-03-27,PUT,PUT,False,2101.161466133697,2101.161466133697,2795.0277725975384,0.8888888888888888,-5032.589359765001,-4882.500000000001,150.089359765,9437.408011125004,2025-03-26 13:18:00+05:30,DELTA_EXIT,75,2025-03-27 00:00:00+05:30,validation
2025-03-26 13:19:00+05:30,2025-03-27,CALL,CALL,False,3554.301812608628,-3554.301812608628,2792.6531720251623,0.009771986970684038,5253.100235644999,5332.499999999999,79.399764355,1456.9287692850016,2025-03-27 14:31:00+05:30,DELTA_EXIT,75,2025-03-27 00:00:00+05:30,validation
2025-03-28 09:20:00+05:30,2025-04-03,CALL,CALL,False,1493.7549387407985,-1493.7549387407985,2790.2785714527863,0.1590909090909091,4305.980355530002,4410.000000000002,104.01964447,10074.595287464996,2025-04-01 10:31:00+05:30,DELTA_EXIT,75,2025-04-03 00:00:00+05:30,validation
2025-04-01 10:32:00+05:30,2025-04-03,CALL,CALL,False,2364.7419629615083,-2364.7419629615083,2787.9039708804103,0.07766990291262135,4398.093965345,4477.5,79.40603465500001,1103.9226831449932,2025-04-03 09:15:00+05:30,DELTA_EXIT,75,2025-04-03 00:00:00+05:30,validation
2025-08-25 09:20:00+05:30,2025-09-02,CALL,CALL,False,1316.4815282963648,-1316.4815282963648,2785.529370308037,0.18387096774193548,4893.053924210001,4995.000000000001,101.94607579,9407.583866924993,2025-08-28 13:06:00+05:30,DELTA_EXIT,75,2025-09-02 00:00:00+05:30,validation
2025-08-28 13:07:00+05:30,2025-09-02,CALL,CALL,False,1761.2137489555287,-1761.2137489555287,2783.154769735661,0.1189710610932476,-3905.251679155,-3802.5,102.751679155,-7378.872621525001,2025-09-02 12:39:00+05:30,DELTA_EXIT,75,2025-09-02 00:00:00+05:30,validation
2025-09-03 09:20:00+05:30,2025-09-09,PUT,PUT,False,1798.0808880533389,1798.0808880533389,2780.780169163285,0.8525641025641025,3823.6804114100014,3915.0000000000014,91.31958859000001,-13159.893747330012,2025-09-08 09:15:00+05:30,DELTA_EXIT,75,2025-09-09 00:00:00+05:30,validation
2025-09-08 09:20:00+05:30,2025-09-09,PUT,PUT,False,1165.635906773657,1165.635906773657,2778.405568590909,0.7507987220447284,2745.772147804999,2812.499999999999,66.727852195,2244.530918880003,2025-09-09 13:28:00+05:30,DELTA_EXIT,75,2025-09-09 00:00:00+05:30,validation
2025-09-10 09:20:00+05:30,2025-09-16,PUT,PUT,False,3182.4100797058854,3182.4100797058854,2776.030968018533,0.9585987261146497,3360.270472475001,3442.500000000001,82.22952752500001,-8606.95362999,2025-09-15 12:00:00+05:30,DELTA_EXIT,75,2025-09-16 00:00:00+05:30,validation
2025-09-15 12:01:00+05:30,2025-09-16,PUT,PUT,False,1991.4377203787367,1991.4377203787367,2809.738196847855,0.8825396825396825,2480.491401574999,2542.499999999999,62.00859842499999,-7421.535597374998,2025-09-16 13:23:00+05:30,DELTA_EXIT,75,2025-09-16 00:00:00+05:30,validation
2025-09-17 09:20:00+05:30,2025-09-23,PUT,PUT,False,3858.5160676593923,3858.5160676593923,2809.265293283115,0.9873417721518988,-4345.941010674998,-4252.499999999998,93.441010675,9881.023082174997,2025-09-23 11:13:00+05:30,DELTA_EXIT,75,2025-09-23 00:00:00+05:30,validation
2025-09-24 09:20:00+05:30,2025-09-30,CALL,CALL,False,1921.0513775290294,-1921.0513775290294,2832.010389946072,0.10725552050473186,5036.702016919999,5129.999999999999,93.29798308,8626.948531739996,2025-09-26 14:08:00+05:30,DELTA_EXIT,75,2025-09-30 00:00:00+05:30,validation
2025-09-26 14:09:00+05:30,2025-09-30,CALL,CALL,False,1610.0328156939142,-1610.0328156939142,2828.097504148106,0.14779874213836477,3836.7718102400013,3915.0000000000014,78.22818976,355.7001360600002,2025-09-30 13:23:00+05:30,DELTA_EXIT,75,2025-09-30 00:00:00+05:30,validation
2025-10-01 09:20:00+05:30,2025-10-07,CALL,CALL,False,2237.7515784793536,-2237.7515784793536,2824.18461835014,0.0877742946708464,-7454.223083919995,-7289.9999999999945,164.22308392000002,-10859.008691564995,2025-10-01 14:43:00+05:30,DELTA_EXIT,75,2025-10-07 00:00:00+05:30,validation
2025-10-01 14:44:00+05:30,2025-10-07,PUT,PUT,False,1803.9991697636406,1803.9991697636406,2820.2717325521785,0.85,3586.2558052550007,3667.500000000001,81.24419474499999,-10018.493717759999,2025-10-07 09:15:00+05:30,DELTA_EXIT,75,2025-10-07 00:00:00+05:30,validation
2025-10-08 09:20:00+05:30,2025-10-14,PUT,PUT,False,2375.4695954478584,2375.4695954478584,2816.3588467542127,0.9065420560747663,3943.1345881550046,4027.5000000000045,84.36541184499998,852.9436383299967,2025-10-14 09:28:00+05:30,DELTA_EXIT,75,2025-10-14 00:00:00+05:30,validation
2025-10-20 09:20:00+05:30,2025-10-28,PUT,PUT,False,2090.1382510500125,2090.1382510500125,2815.8859431894725,0.8819875776397516,2921.2544833700044,3015.0000000000045,93.74551663000001,1868.0886183149992,2025-10-28 09:33:00+05:30,DELTA_EXIT,75,2025-10-28 00:00:00+05:30,validation
2025-10-29 09:20:00+05:30,2025-11-04,CALL,CALL,False,2404.2889100574316,-2404.2889100574316,2815.413039624733,0.07430340557275542,4982.168383610006,5085.0000000000055,102.83161639000001,10160.75269098,2025-11-03 09:15:00+05:30,DELTA_EXIT,75,2025-11-04 00:00:00+05:30,validation
2025-11-03 09:20:00+05:30,2025-11-04,CALL,CALL,False,3142.3491961885693,-3142.3491961885693,2814.9401360599927,0.021604938271604937,3768.904649705,3847.5,78.595350295,81.28487682000059,2025-11-04 12:28:00+05:30,DELTA_EXIT,75,2025-11-04 00:00:00+05:30,validation
2025-11-06 09:20:00+05:30,2025-11-11,CALL,CALL,False,3816.5912978607444,-3816.5912978607444,2814.4672324952535,0.009230769230769232,5260.540528669999,5354.999999999999,94.45947133,14225.931353474996,2025-11-07 10:09:00+05:30,DELTA_EXIT,75,2025-11-11 00:00:00+05:30,validation
2025-11-07 10:10:00+05:30,2025-11-11,CALL,CALL,False,1377.642584514866,-1377.642584514866,2813.9943289305133,0.1901840490797546,-5595.511107009991,-5444.999999999991,150.51110701000002,-9251.991366479991,2025-11-07 12:50:00+05:30,DELTA_EXIT,75,2025-11-11 00:00:00+05:30,validation
2025-11-07 12:51:00+05:30,2025-11-11,PUT,PUT,False,1260.5135773764148,1260.5135773764148,2813.5214253657737,0.7492354740061162,3883.98099533,3960.0,76.01900466999999,-10465.802329274997,2025-11-11 12:21:00+05:30,DELTA_EXIT,75,2025-11-11 00:00:00+05:30,validation
2025-11-12 09:20:00+05:30,2025-11-18,PUT,PUT,False,2851.573980062729,2851.573980062729,2813.0485218010335,0.9512195121951219,3285.71028167,3375.0,89.28971833,2020.397745420004,2025-11-17 15:09:00+05:30,DELTA_EXIT,75,2025-11-18 00:00:00+05:30,validation
2025-11-17 15:10:00+05:30,2025-11-18,PUT,PUT,False,1613.1353107126038,1613.1353107126038,2837.487926739321,0.8085106382978723,-6493.07528653,-6390.0,103.07528653000001,9579.151411199999,2025-11-18 09:59:00+05:30,DELTA_EXIT,75,2025-11-18 00:00:00+05:30,validation
2025-11-19 09:20:00+05:30,2025-11-25,CALL,CALL,False,2996.6632210112793,-2996.6632210112793,2835.727170073897,0.03939393939393939,-7049.598325825,-6862.5,187.098325825,-11631.804005385005,2025-11-20 12:00:00+05:30,DELTA_EXIT,75,2025-11-25 00:00:00+05:30,validation
2025-11-20 12:01:00+05:30,2025-11-25,PUT,PUT,False,2793.1268717996427,2793.1268717996427,2833.9664134084705,0.9425981873111783,-3901.305232119993,-3779.999999999993,121.30523212000001,9258.453046529998,2025-11-24 15:20:00+05:30,DELTA_EXIT,75,2025-11-25 00:00:00+05:30,validation
2025-11-24 15:21:00+05:30,2025-11-25,CALL,CALL,False,3178.4525410240412,-3178.4525410240412,2832.2056567430445,0.02108433734939759,3846.748213849998,3914.999999999998,68.25178615,223.96479533999945,2025-11-25 14:27:00+05:30,DELTA_EXIT,75,2025-11-25 00:00:00+05:30,validation
2025-11-26 09:20:00+05:30,2025-12-02,CALL,CALL,False,3672.1279590004547,-3672.1279590004547,2830.4449000776185,0.012012012012012012,-7750.948444060005,-7560.0000000000055,190.94844405999999,-11291.047427475007,2025-11-27 09:19:00+05:30,DELTA_EXIT,75,2025-12-02 00:00:00+05:30,validation
2025-11-27 09:20:00+05:30,2025-12-02,PUT,PUT,False,1962.1912442424155,1962.1912442424155,2828.684143412192,0.8682634730538922,-5415.914285679997,-5309.999999999997,105.91428567999999,11128.84642521,2025-12-02 10:17:00+05:30,DELTA_EXIT,75,2025-12-02 00:00:00+05:30,validation
2025-12-03 09:20:00+05:30,2025-12-09,CALL,CALL,False,859.480240594233,-859.480240594233,2826.923386746768,0.2746268656716418,5416.680258005003,5512.500000000004,95.81974199500002,10792.373050575003,2025-12-09 09:15:00+05:30,DELTA_EXIT,75,2025-12-09 00:00:00+05:30,validation
2025-12-10 09:20:00+05:30,2025-12-16,CALL,CALL,False,1374.8456496683623,-1374.8456496683623,2825.162630081342,0.19642857142857142,4547.498569880002,4635.000000000002,87.50143011999998,385.0716792149997,2025-12-16 11:42:00+05:30,DELTA_EXIT,75,2025-12-16 00:00:00+05:30,validation
2025-12-17 09:20:00+05:30,2025-12-23,CALL,CALL,False,2149.9102807963986,-2149.9102807963986,2823.4018734159154,0.10385756676557864,-6216.449894769994,-6074.999999999994,141.44989477,-10291.151445524998,2025-12-22 09:20:00+05:30,DELTA_EXIT,75,2025-12-23 00:00:00+05:30,validation
2025-12-22 09:21:00+05:30,2025-12-23,PUT,PUT,False,1471.7152518096434,1471.7152518096434,2821.6411167504893,0.7751479289940828,3463.8233556649993,3532.499999999999,68.67664433499999,476.6697158849993,2025-12-23 11:10:00+05:30,DELTA_EXIT,75,2025-12-23 00:00:00+05:30,validation
2025-12-24 09:20:00+05:30,2025-12-30,PUT,PUT,False,1710.5020888420177,1710.5020888420177,2819.880360085063,0.8259587020648967,-3806.5080111699945,-3689.9999999999945,116.50801116999999,8181.544612859997,2025-12-26 11:47:00+05:30,DELTA_EXIT,75,2025-12-30 00:00:00+05:30,validation
2025-12-26 11:48:00+05:30,2025-12-30,CALL,CALL,False,1539.1013124823635,-1539.1013124823635,2818.1196034196387,0.17352941176470588,3982.35625133,4050.0,67.64374867000001,8236.236185505002,2025-12-30 09:15:00+05:30,DELTA_EXIT,75,2025-12-30 00:00:00+05:30,validation
2025-12-31 09:20:00+05:30,2026-01-06,CALL,CALL,False,1792.406221095789,-1792.406221095789,2816.3588467542127,0.1348973607038123,-5038.274344827998,-4913.999999999998,124.274344828,-8180.692147718997,2026-01-02 09:27:00+05:30,DELTA_EXIT,65,2026-01-06 00:00:00+05:30,holdout
2026-01-02 09:28:00+05:30,2026-01-06,PUT,PUT,False,1699.3154937186337,1699.3154937186337,2815.8859431894725,0.8245614035087719,3325.658058518,3393.0,67.341941482,-9527.299906682998,2026-01-06 14:47:00+05:30,DELTA_EXIT,65,2026-01-06 00:00:00+05:30,holdout
2026-01-07 09:20:00+05:30,2026-01-13,PUT,PUT,False,-360.0803674150618,-360.0803674150618,2815.413039624733,0.37317784256559766,-4728.432170757997,-4601.999999999996,126.43217075800001,8027.2485786869975,2026-01-08 11:58:00+05:30,DELTA_EXIT,65,2026-01-13 00:00:00+05:30,holdout
2026-01-08 11:59:00+05:30,2026-01-13,CALL,CALL,False,1648.8682198737283,-1648.8682198737283,2814.9401360599927,0.1569767441860465,3472.388953166002,3549.000000000002,76.611046834,7003.963212519,2026-01-12 09:15:00+05:30,DELTA_EXIT,65,2026-01-13 00:00:00+05:30,holdout
2026-01-12 09:20:00+05:30,2026-01-13,CALL,CALL,False,751.7821727865303,-751.7821727865303,2814.4672324952535,0.2956521739130435,-5814.649153413995,-5693.999999999995,120.649153414,-8554.241105669995,2026-01-12 13:36:00+05:30,DELTA_EXIT,65,2026-01-13 00:00:00+05:30,holdout
2026-01-12 13:37:00+05:30,2026-01-13,PUT,PUT,False,452.279159709859,452.279159709859,2813.9943289305133,0.5549132947976878,2761.7274343909985,2827.4999999999986,65.772565609,173.39013560700096,2026-01-13 14:46:00+05:30,DELTA_EXIT,65,2026-01-13 00:00:00+05:30,holdout
2026-01-14 09:20:00+05:30,2026-01-20,PUT,PUT,False,2818.8304030049153,2818.8304030049153,2813.5214253657737,0.9510086455331412,-6141.446376126996,-6025.499999999996,115.94637612700001,10188.154255382997,2026-01-20 09:54:00+05:30,DELTA_EXIT,65,2026-01-20 00:00:00+05:30,holdout
2026-01-21 09:20:00+05:30,2026-01-27,CALL,CALL,False,1306.6057931240182,-1306.6057931240182,2817.9653583171694,0.21264367816091953,4273.589859464002,4368.000000000002,94.410140536,9766.074700629011,2026-01-27 09:21:00+05:30,DELTA_EXIT,65,2026-01-27 00:00:00+05:30,holdout
2026-01-28 09:20:00+05:30,2026-02-03,CALL,CALL,False,253.5177130861714,-253.5177130861714,2817.8417805046342,0.40114613180515757,4020.9881214260035,4134.000000000004,113.011878574,10101.937534883995,2026-02-01 14:49:00+05:30,DELTA_EXIT,65,2026-02-03 00:00:00+05:30,holdout
2026-02-01 14:50:00+05:30,2026-02-03,CALL,CALL,False,-1982.3087725838898,1982.3087725838898,2817.718202692099,0.8714285714285714,-15265.426602552963,-14761.499999999964,503.92660255300007,-18710.56355699697,2026-02-03 09:23:00+05:30,DELTA_EXIT,65,2026-02-03 00:00:00+05:30,holdout
2026-02-04 09:20:00+05:30,2026-02-10,PUT,PUT,False,-329.70542724053576,-329.70542724053576,2817.594624879564,0.38461538461538464,3411.956495678,3510.0,98.04350432199999,371.61541587300144,2026-02-10 09:15:00+05:30,DELTA_EXIT,65,2026-02-10 00:00:00+05:30,holdout
2026-02-11 09:20:00+05:30,2026-02-17,PUT,PUT,False,-1129.2987734651638,-1129.2987734651638,2817.471047067029,0.23579545454545456,-9471.100199038003,-9282.000000000004,189.10019903799997,13985.836471776005,2026-02-13 09:15:00+05:30,DELTA_EXIT,65,2026-02-17 00:00:00+05:30,holdout
2026-02-13 09:20:00+05:30,2026-02-17,CALL,CALL,False,-1971.4210948023351,1971.4210948023351,2817.3474692544937,0.8696883852691218,3510.4944719420014,3588.0000000000014,77.505528058,1185.5849962710022,2026-02-17 14:31:00+05:30,DELTA_EXIT,65,2026-02-17 00:00:00+05:30,holdout
2026-02-18 09:20:00+05:30,2026-02-24,CALL,CALL,False,247.91341397491314,-247.91341397491314,2817.2238914419586,0.4096045197740113,4065.195168790999,4153.499999999999,88.30483120900001,9195.96958406099,2026-02-24 09:18:00+05:30,DELTA_EXIT,65,2026-02-24 00:00:00+05:30,holdout
2026-02-25 09:20:00+05:30,2026-03-02,CALL,CALL,False,1467.612478158433,-1467.612478158433,2817.1003136294235,0.19436619718309858,3929.545732700004,4017.000000000004,87.45426730000001,9312.137671667999,2026-03-02 09:15:00+05:30,DELTA_EXIT,65,2026-03-02 00:00:00+05:30,holdout
2026-03-04 09:20:00+05:30,2026-03-10,CALL,CALL,False,-1444.6112444477753,1444.6112444477753,2816.9767358168883,0.7668539325842697,4277.0740304659985,4406.999999999998,129.925969534,9173.222661993015,2026-03-09 09:18:00+05:30,DELTA_EXIT,65,2026-03-10 00:00:00+05:30,holdout
2026-03-09 09:20:00+05:30,2026-03-10,CALL,CALL,False,1381.586435285952,-1381.586435285952,2816.853158004353,0.19607843137254902,-5474.864070907003,-5284.500000000004,190.36407090699998,-9139.69606613701,2026-03-10 09:15:00+05:30,DELTA_EXIT,65,2026-03-10 00:00:00+05:30,holdout
2026-03-11 09:20:00+05:30,2026-03-17,PUT,PUT,False,-1355.5479045513532,-1355.5479045513532,2816.729580191818,0.20949720670391062,-8224.972417086981,-7819.499999999982,405.472417087,12344.708359385986,2026-03-12 09:15:00+05:30,DELTA_EXIT,65,2026-03-17 00:00:00+05:30,holdout
2026-03-12 09:20:00+05:30,2026-03-17,CALL,CALL,False,-1225.6941462563118,1225.6941462563118,2816.606002379283,0.7353760445682451,4473.803551765998,4601.999999999998,128.196448234,10299.97135857301,2026-03-16 09:21:00+05:30,DELTA_EXIT,65,2026-03-17 00:00:00+05:30,holdout
2026-03-16 09:22:00+05:30,2026-03-17,CALL,CALL,False,-2306.436408345131,2306.436408345131,2816.482424566748,0.9027777777777778,-5260.85116363,-5070.0,190.85116363,-8422.367401851003,2026-03-16 14:49:00+05:30,DELTA_EXIT,65,2026-03-17 00:00:00+05:30,holdout
2026-03-16 14:50:00+05:30,2026-03-17,PUT,PUT,False,-4513.519436340085,-4513.519436340085,2816.3588467542127,0.002770083102493075,3350.2562177270065,3451.5000000000064,101.24378227300001,426.02835557099525,2026-03-17 11:02:00+05:30,DELTA_EXIT,65,2026-03-17 00:00:00+05:30,holdout
2026-03-18 09:20:00+05:30,2026-03-24,PUT,PUT,False,-1917.1637821475117,-1917.1637821475117,2815.8859431894725,0.12154696132596685,-5251.484061457,-4972.5,278.984061457,9439.851847647005,2026-03-19 09:18:00+05:30,DELTA_EXIT,65,2026-03-24 00:00:00+05:30,holdout
2026-03-19 09:20:00+05:30,2026-03-24,CALL,CALL,False,-1044.5230992503107,1044.5230992503107,2815.413039624733,0.696969696969697,3618.7824635329985,3724.4999999999986,105.71753646699999,12427.787340111005,2026-03-23 09:52:00+05:30,DELTA_EXIT,65,2026-03-24 00:00:00+05:30,holdout
2026-03-23 09:53:00+05:30,2026-03-24,CALL,CALL,False,-699.4951852114862,699.4951852114862,2814.9401360599927,0.6126373626373627,-5508.473265837996,-5342.999999999996,165.473265838,-9153.614067974999,2026-03-24 12:52:00+05:30,DELTA_EXIT,65,2026-03-24 00:00:00+05:30,holdout
2026-03-25 09:20:00+05:30,2026-03-30,PUT,PUT,False,606.7688154368312,606.7688154368312,2814.4672324952535,0.6,-9638.114750404005,-9360.000000000005,278.114750404,14294.319473499007,2026-03-30 09:15:00+05:30,DELTA_EXIT,65,2026-03-30 00:00:00+05:30,holdout
2026-04-01 09:20:00+05:30,2026-04-07,CALL,CALL,False,-217.4331645743631,217.4331645743631,2813.9943289305133,0.5163934426229508,4060.3175662820036,4212.000000000004,151.68243371800003,9947.046702996016,2026-04-07 09:15:00+05:30,DELTA_EXIT,65,2026-04-07 00:00:00+05:30,holdout
2026-04-08 09:20:00+05:30,2026-04-13,CALL,CALL,False,4089.2497311669267,-4089.2497311669267,2813.5214253657737,0.010899182561307902,4336.354235411002,4465.500000000002,129.14576458899998,655.7639231129983,2026-04-13 09:15:00+05:30,DELTA_EXIT,65,2026-04-13 00:00:00+05:30,holdout
2026-04-15 09:20:00+05:30,2026-04-21,CALL,CALL,False,1704.3334292429886,-1704.3334292429886,2813.0485218010335,0.15217391304347827,4621.959823913002,4738.500000000002,116.54017608699999,1221.5648754660033,2026-04-21 15:08:00+05:30,DELTA_EXIT,65,2026-04-21 00:00:00+05:30,holdout
2026-04-22 09:20:00+05:30,2026-04-28,CALL,CALL,False,-998.4747768105931,998.4747768105931,2812.5756182362934,0.6910569105691057,4067.253444491,4192.5,125.24655550899999,9432.088886843998,2026-04-24 10:27:00+05:30,DELTA_EXIT,65,2026-04-28 00:00:00+05:30,holdout
2026-04-24 10:28:00+05:30,2026-04-28,CALL,CALL,False,-1672.2487965857933,1672.2487965857933,2812.102714671554,0.8162162162162162,4138.9096618640015,4251.000000000002,112.09033813599999,556.6007990789999,2026-04-28 12:19:00+05:30,DELTA_EXIT,65,2026-04-28 00:00:00+05:30,holdout
2026-04-29 09:20:00+05:30,2026-05-05,CALL,CALL,False,-1146.3501142038476,1146.3501142038476,2811.6298111068145,0.7223719676549866,3814.1026680410014,3919.5000000000014,105.39733195900001,166.1950594979994,2026-05-05 09:15:00+05:30,DELTA_EXIT,65,2026-05-05 00:00:00+05:30,holdout
2026-05-06 09:20:00+05:30,2026-05-12,CALL,CALL,False,-433.4319206408586,433.4319206408586,2811.1569075420744,0.5483870967741935,4000.7300602130017,4114.500000000002,113.76993978700001,8654.274857709002,2026-05-11 09:39:00+05:30,DELTA_EXIT,65,2026-05-12 00:00:00+05:30,holdout
2026-05-11 09:40:00+05:30,2026-05-12,CALL,CALL,False,776.6558708282214,-776.6558708282214,2810.684003977334,0.29222520107238603,4038.4542225200007,4134.000000000001,95.54577748,8269.183610999995,2026-05-12 09:15:00+05:30,DELTA_EXIT,65,2026-05-12 00:00:00+05:30,holdout
2026-05-13 09:20:00+05:30,2026-05-19,CALL,CALL,False,1455.6378434907942,-1455.6378434907942,2810.2111004125945,0.19786096256684493,3972.89953007,4095.0,122.10046992999999,202.43871086399986,2026-05-19 13:41:00+05:30,DELTA_EXIT,65,2026-05-19 00:00:00+05:30,holdout
