expiry,entry_ts,split,strategy,net,net50,gross,cost,active_states
2021-06-03,2021-05-28 10:00:00+05:30,development,buy_call,9950.734975674999,9925.477463512498,10001.249999999998,50.515024324999985,"[""ALL"", ""LOW""]"
2021-06-03,2021-05-28 10:00:00+05:30,development,sell_put,9692.05582885,9674.333743275,9727.5,35.44417115,"[""ALL"", ""LOW""]"
2021-06-03,2021-05-28 10:00:00+05:30,development,bull_condor,-700.5840277249995,-771.5010415874996,-558.7499999999995,141.834027725,"[""ALL"", ""LOW""]"
2021-06-03,2021-05-28 10:00:00+05:30,development,bull_butterfly,-404.7024835500009,-468.3037253250009,-277.5000000000009,127.20248355000001,"[""ALL"", ""LOW""]"
2021-06-03,2021-05-28 10:00:00+05:30,development,range_forward,15870.522960425,15831.4094406375,15948.75,78.22703957499999,"[""ALL"", ""LOW""]"
2021-06-03,2021-05-28 10:00:00+05:30,development,buy_put,-9772.15184615,-9786.977769225,-9742.5,29.65184615,"[""ALL"", ""LOW""]"
2021-06-03,2021-05-28 10:00:00+05:30,development,sell_call,-10060.809818075,-10083.0897271125,-10016.25,44.559818074999995,"[""ALL"", ""LOW""]"
2021-06-03,2021-05-28 10:00:00+05:30,development,bear_condor,-551.1673252999991,-609.2509879499991,-434.9999999999991,116.16732530000002,"[""ALL"", ""LOW""]"
2021-06-03,2021-05-28 10:00:00+05:30,development,bear_butterfly,-308.605204425,-356.0328066375,-213.75,94.855204425,"[""ALL"", ""LOW""]"
2021-06-03,2021-05-28 10:00:00+05:30,development,risk_reversal,-16047.478608325,-16081.8429124875,-15978.75,68.728608325,"[""ALL"", ""LOW""]"
2021-06-03,2021-05-28 10:00:00+05:30,development,batman,1365.054612775,1284.4569191625,1526.25,161.195387225,"[""ALL"", ""LOW""]"
2021-06-03,2021-05-28 10:00:00+05:30,development,jade_lizard,5620.919899124999,5564.504848687499,5733.749999999999,112.830100875,"[""ALL"", ""LOW""]"
2021-06-03,2021-05-28 10:00:00+05:30,development,reverse_jade_lizard,-6569.895330224999,-6620.467995337499,-6468.749999999999,101.145330225,"[""ALL"", ""LOW""]"
2021-06-03,2021-05-28 10:00:00+05:30,development,long_iron_condor,1773.237353425001,1705.481030137501,1908.750000000001,135.512646575,"[""ALL"", ""LOW""]"
2021-06-03,2021-05-28 10:00:00+05:30,development,long_iron_butterfly,913.6148650749982,839.7972976124981,1061.2499999999982,147.635134925,"[""ALL"", ""LOW""]"
2021-06-03,2021-05-28 10:00:00+05:30,development,double_plateau,-713.3076879750009,-824.3365319625009,-491.2500000000009,222.05768797500002,"[""ALL"", ""LOW""]"
2021-06-03,2021-05-28 10:00:00+05:30,development,strip,-9569.968716625002,-9613.078074937503,-9483.750000000002,86.218716625,"[""ALL"", ""LOW""]"
2021-06-03,2021-05-28 10:00:00+05:30,development,strap,10152.918105199997,10099.377157799996,10259.999999999996,107.0818948,"[""ALL"", ""LOW""]"
2021-06-03,2021-05-28 10:00:00+05:30,development,long_synthetic_future,19642.790804525,19599.8112067875,19728.75,85.95919547499999,"[""ALL"", ""LOW""]"
2021-06-03,2021-05-28 10:00:00+05:30,development,short_synthetic_future,-19832.961664225,-19870.0674963375,-19758.75,74.21166422499999,"[""ALL"", ""LOW""]"
2021-06-10,2021-06-04 10:00:00+05:30,development,buy_call,-6141.374219224999,-6157.686328837499,-6108.749999999999,32.624219225,"[""ALL"", ""LOW""]"
2021-06-10,2021-06-04 10:00:00+05:30,development,sell_put,8002.862693275,7986.1690399125,8036.25,33.387306725,"[""ALL"", ""LOW""]"
2021-06-10,2021-06-04 10:00:00+05:30,development,bull_condor,-708.3834305749987,-764.4501458624986,-596.2499999999986,112.133430575,"[""ALL"", ""LOW""]"
2021-06-10,2021-06-04 10:00:00+05:30,development,bull_butterfly,-428.3393560499982,-473.75903407499817,-337.4999999999982,90.83935604999999,"[""ALL"", ""LOW""]"
2021-06-10,2021-06-04 10:00:00+05:30,development,range_forward,-640.717153674999,-670.4507305124991,-581.2499999999991,59.467153675000006,"[""ALL"", ""LOW""]"
2021-06-10,2021-06-04 10:00:00+05:30,development,buy_put,-8079.851275475,-8094.1519132125,-8051.25,28.601275474999998,"[""ALL"", ""LOW""]"
2021-06-10,2021-06-04 10:00:00+05:30,development,sell_call,6057.495537025,6039.3683055375,6093.75,36.254462975,"[""ALL"", ""LOW""]"
2021-06-10,2021-06-04 10:00:00+05:30,development,bear_condor,-572.9206157749995,-628.7559236624995,-461.24999999999955,111.67061577500002,"[""ALL"", ""LOW""]"
2021-06-10,2021-06-04 10:00:00+05:30,development,bear_butterfly,-322.46799045,-367.451985675,-232.5,89.96799044999999,"[""ALL"", ""LOW""]"
2021-06-10,2021-06-04 10:00:00+05:30,development,risk_reversal,491.4459275750009,461.5438913625009,551.2500000000009,59.80407242500001,"[""ALL"", ""LOW""]"
2021-06-10,2021-06-04 10:00:00+05:30,development,batman,7435.202066425002,7370.928099637502,7563.750000000002,128.547933575,"[""ALL"", ""LOW""]"
2021-06-10,2021-06-04 10:00:00+05:30,development,jade_lizard,8016.883626150002,7971.575439225002,8107.500000000002,90.61637385,"[""ALL"", ""LOW""]"
2021-06-10,2021-06-04 10:00:00+05:30,development,reverse_jade_lizard,8242.016501550002,8196.774752325002,8332.500000000002,90.48349844999998,"[""ALL"", ""LOW""]"
2021-06-10,2021-06-04 10:00:00+05:30,development,long_iron_condor,-5550.20162285,-5606.5524342749995,-5437.5,112.70162284999999,"[""ALL"", ""LOW""]"
2021-06-10,2021-06-04 10:00:00+05:30,development,long_iron_butterfly,-3728.7936846499992,-3789.440526974999,-3607.499999999999,121.29368465000002,"[""ALL"", ""LOW""]"
2021-06-10,2021-06-04 10:00:00+05:30,development,double_plateau,-750.8073464999982,-841.2110197499982,-569.9999999999982,180.80734650000002,"[""ALL"", ""LOW""]"
2021-06-10,2021-06-04 10:00:00+05:30,development,strip,-22277.476770175,-22310.5901552625,-22211.25,66.226770175,"[""ALL"", ""LOW""]"
2021-06-10,2021-06-04 10:00:00+05:30,development,strap,-20338.999713925,-20374.1245708875,-20268.75,70.24971392499998,"[""ALL"", ""LOW""]"
2021-06-10,2021-06-04 10:00:00+05:30,development,long_synthetic_future,1861.4884740500008,1828.482711075001,1927.500000000001,66.01152595,"[""ALL"", ""LOW""]"
2021-06-10,2021-06-04 10:00:00+05:30,development,short_synthetic_future,-2022.35573845,-2054.783607675,-1957.5,64.85573845,"[""ALL"", ""LOW""]"
2021-06-17,2021-06-11 10:00:00+05:30,development,buy_call,-8049.832640075,-8064.1239601125,-8021.25,28.582640074999997,"[""ALL"", ""LOW""]"
2021-06-17,2021-06-11 10:00:00+05:30,development,sell_put,-1128.4468001749997,-1147.0452002624997,-1091.2499999999998,37.196800175,"[""ALL"", ""LOW""]"
2021-06-17,2021-06-11 10:00:00+05:30,development,bull_condor,-768.67286,-823.00929,-660.0,108.67286,"[""ALL"", ""LOW""]"
2021-06-17,2021-06-11 10:00:00+05:30,development,bull_butterfly,-451.050370425,-494.7005556375,-363.75,87.30037042500001,"[""ALL"", ""LOW""]"
2021-06-17,2021-06-11 10:00:00+05:30,development,range_forward,-4957.9533572499995,-4988.180035874999,-4897.499999999999,60.45335725,"[""ALL"", ""LOW""]"
2021-06-17,2021-06-11 10:00:00+05:30,development,buy_put,1038.4083685750006,1019.4875528625007,1076.2500000000007,37.841631425,"[""ALL"", ""LOW""]"
2021-06-17,2021-06-11 10:00:00+05:30,development,sell_call,7972.899178675001,7956.223768012501,8006.250000000001,33.350821325,"[""ALL"", ""LOW""]"
2021-06-17,2021-06-11 10:00:00+05:30,development,bear_condor,3114.210853525,3056.9412802875,3228.75,114.53914647500001,"[""ALL"", ""LOW""]"
2021-06-17,2021-06-11 10:00:00+05:30,development,bear_butterfly,2745.749606925,2699.2494103875,2838.75,93.00039307499999,"[""ALL"", ""LOW""]"
2021-06-17,2021-06-11 10:00:00+05:30,development,risk_reversal,4804.14155525,4772.462332875,4867.5,63.35844475,"[""ALL"", ""LOW""]"
2021-06-17,2021-06-11 10:00:00+05:30,development,batman,8825.9244829,8761.38672435,8955.0,129.0755171,"[""ALL"", ""LOW""]"
2021-06-17,2021-06-11 10:00:00+05:30,development,jade_lizard,2725.826307975001,2680.614461962501,2816.250000000001,90.423692025,"[""ALL"", ""LOW""]"
2021-06-17,2021-06-11 10:00:00+05:30,development,reverse_jade_lizard,3448.861460100001,3403.292190150001,3540.000000000001,91.1385399,"[""ALL"", ""LOW""]"
2021-06-17,2021-06-11 10:00:00+05:30,development,long_iron_condor,-947.3157411499996,-1004.7236117249995,-832.4999999999995,114.81574115,"[""ALL"", ""LOW""]"
2021-06-17,2021-06-11 10:00:00+05:30,development,long_iron_butterfly,1049.059879825001,986.7148197375009,1173.750000000001,124.69012017499998,"[""ALL"", ""LOW""]"
2021-06-17,2021-06-11 10:00:00+05:30,development,double_plateau,2294.6992365,2204.54885475,2475.0,180.3007635,"[""ALL"", ""LOW""]"
2021-06-17,2021-06-11 10:00:00+05:30,development,strip,-5949.415902924999,-5989.748854387498,-5868.749999999998,80.665902925,"[""ALL"", ""LOW""]"
2021-06-17,2021-06-11 10:00:00+05:30,development,strap,-15037.656911575,-15073.3603673625,-14966.25,71.406911575,"[""ALL"", ""LOW""]"
2021-06-17,2021-06-11 10:00:00+05:30,development,long_synthetic_future,-9178.27944025,-9211.169160375,-9112.5,65.77944025000001,"[""ALL"", ""LOW""]"
2021-06-17,2021-06-11 10:00:00+05:30,development,short_synthetic_future,9011.307547250002,8975.711320875002,9082.500000000002,71.19245275000002,"[""ALL"", ""LOW""]"
2021-06-24,2021-06-18 10:00:00+05:30,development,buy_call,6914.845537149999,6888.518305724998,6967.499999999998,52.65446285000001,"[""ALL"", ""LOW""]"
2021-06-24,2021-06-18 10:00:00+05:30,development,sell_put,8639.587378525,8622.5060677875,8673.75,34.162621475,"[""ALL"", ""LOW""]"
2021-06-24,2021-06-18 10:00:00+05:30,development,bull_condor,-642.7640291750005,-718.5210437625004,-491.25000000000045,151.51402917500002,"[""ALL"", ""LOW""]"
2021-06-24,2021-06-18 10:00:00+05:30,development,bull_butterfly,-441.0558959250018,-509.7088438875018,-303.7500000000018,137.305895925,"[""ALL"", ""LOW""]"
2021-06-24,2021-06-18 10:00:00+05:30,development,range_forward,12071.101327399998,12031.651991099998,12149.999999999998,78.8986726,"[""ALL"", ""LOW""]"
2021-06-24,2021-06-18 10:00:00+05:30,development,buy_put,-8717.747277725,-8732.2459165875,-8688.75,28.997277725,"[""ALL"", ""LOW""]"
2021-06-24,2021-06-18 10:00:00+05:30,development,sell_call,-7031.004337850002,-7055.256506775002,-6982.500000000002,48.504337850000006,"[""ALL"", ""LOW""]"
2021-06-24,2021-06-18 10:00:00+05:30,development,bear_condor,-515.198418575,-572.1726278625,-401.25,113.948418575,"[""ALL"", ""LOW""]"
2021-06-24,2021-06-18 10:00:00+05:30,development,bear_butterfly,-336.019382025,-382.1540730375,-243.75,92.26938202500003,"[""ALL"", ""LOW""]"
2021-06-24,2021-06-18 10:00:00+05:30,development,risk_reversal,-12251.6604976,-12287.4907464,-12180.0,71.6604976,"[""ALL"", ""LOW""]"
2021-06-24,2021-06-18 10:00:00+05:30,development,batman,3320.0747039499984,3236.362055924998,3487.499999999998,167.42529605,"[""ALL"", ""LOW""]"
2021-06-24,2021-06-18 10:00:00+05:30,development,jade_lizard,4915.506752549999,4857.010128824999,5032.499999999999,116.99324745000001,"[""ALL"", ""LOW""]"
2021-06-24,2021-06-18 10:00:00+05:30,development,reverse_jade_lizard,-3875.60155635,-3927.152334525,-3772.5,103.10155634999998,"[""ALL"", ""LOW""]"
2021-06-24,2021-06-18 10:00:00+05:30,development,long_iron_condor,1803.2876642499991,1733.6814963749991,1942.499999999999,139.21233575000002,"[""ALL"", ""LOW""]"
2021-06-24,2021-06-18 10:00:00+05:30,development,long_iron_butterfly,902.1208383249982,826.3062574874982,1053.7499999999982,151.62916167499998,"[""ALL"", ""LOW""]"
2021-06-24,2021-06-18 10:00:00+05:30,development,double_plateau,-777.0752779500019,-891.8629169250019,-547.5000000000018,229.57527795000004,"[""ALL"", ""LOW""]"
2021-06-24,2021-06-18 10:00:00+05:30,development,strip,-10497.049018300002,-10540.573527450002,-10410.000000000002,87.04901829999999,"[""ALL"", ""LOW""]"
2021-06-24,2021-06-18 10:00:00+05:30,development,strap,5135.543796574996,5080.1906948624965,5246.249999999996,110.706203425,"[""ALL"", ""LOW""]"
2021-06-24,2021-06-18 10:00:00+05:30,development,long_synthetic_future,15554.432915675,15511.024373512499,15641.249999999998,86.817084325,"[""ALL"", ""LOW""]"
2021-06-24,2021-06-18 10:00:00+05:30,development,short_synthetic_future,-15748.751615575002,-15787.502423362503,-15671.250000000002,77.50161557499999,"[""ALL"", ""LOW""]"
2021-07-01,2021-06-25 10:00:00+05:30,development,buy_call,-8109.869910875,-8124.1798663125,-8081.25,28.619910875000002,"[""ALL"", ""LOW""]"
2021-07-01,2021-06-25 10:00:00+05:30,development,sell_put,-414.6319417999989,-434.44791269999894,-374.9999999999989,39.6319418,"[""ALL"", ""LOW""]"
2021-07-01,2021-06-25 10:00:00+05:30,development,bull_condor,-754.6970572999995,-809.5455859499996,-644.9999999999995,109.69705729999998,"[""ALL"", ""LOW""]"
2021-07-01,2021-06-25 10:00:00+05:30,development,bull_butterfly,-429.51478807499956,-473.64718211249954,-341.24999999999955,88.26478807500001,"[""ALL"", ""LOW""]"
2021-07-01,2021-06-25 10:00:00+05:30,development,range_forward,-4694.025294174999,-4725.412941262499,-4631.249999999999,62.77529417499999,"[""ALL"", ""LOW""]"
2021-07-01,2021-06-25 10:00:00+05:30,development,buy_put,320.1493956999998,300.2240935499998,359.9999999999998,39.85060429999999,"[""ALL"", ""LOW""]"
2021-07-01,2021-06-25 10:00:00+05:30,development,sell_call,8032.826207875001,8016.114311812501,8066.250000000001,33.423792125000006,"[""ALL"", ""LOW""]"
2021-07-01,2021-06-25 10:00:00+05:30,development,bear_condor,3127.43286025,3067.399290375,3247.5,120.06713975000001,"[""ALL"", ""LOW""]"
2021-07-01,2021-06-25 10:00:00+05:30,development,bear_butterfly,1865.6209362,1815.9314043,1965.0,99.3790638,"[""ALL"", ""LOW""]"
2021-07-01,2021-06-25 10:00:00+05:30,development,risk_reversal,4535.728037075,4502.9670556125,4601.25,65.52196292500001,"[""ALL"", ""LOW""]"
2021-07-01,2021-06-25 10:00:00+05:30,development,batman,9250.628057875,9182.8170868125,9386.25,135.62194212500003,"[""ALL"", ""LOW""]"
2021-07-01,2021-06-25 10:00:00+05:30,development,jade_lizard,3139.4617024500008,3092.942553675001,3232.500000000001,93.03829755000001,"[""ALL"", ""LOW""]"
2021-07-01,2021-06-25 10:00:00+05:30,development,reverse_jade_lizard,3830.9141664750005,3783.2462497125007,3926.2500000000005,95.335833525,"[""ALL"", ""LOW""]"
2021-07-01,2021-06-25 10:00:00+05:30,development,long_iron_condor,-347.166291425,-406.3744371375,-228.75,118.41629142500001,"[""ALL"", ""LOW""]"
2021-07-01,2021-06-25 10:00:00+05:30,development,long_iron_butterfly,823.51082335,759.016235025,952.5,128.98917664999996,"[""ALL"", ""LOW""]"
2021-07-01,2021-06-25 10:00:00+05:30,development,double_plateau,1436.1061481250003,1342.2842221875005,1623.7500000000005,187.64385187500002,"[""ALL"", ""LOW""]"
2021-07-01,2021-06-25 10:00:00+05:30,development,strip,-7445.971119475,-7488.3316792125,-7361.25,84.721119475,"[""ALL"", ""LOW""]"
2021-07-01,2021-06-25 10:00:00+05:30,development,strap,-15875.99042605,-15912.735639075,-15802.5,73.49042605,"[""ALL"", ""LOW""]"
2021-07-01,2021-06-25 10:00:00+05:30,development,long_synthetic_future,-8524.501852674997,-8558.627779012499,-8456.249999999998,68.25185267499998,"[""ALL"", ""LOW""]"
2021-07-01,2021-06-25 10:00:00+05:30,development,short_synthetic_future,8352.975603575,8316.3384053625,8426.25,73.27439642499999,"[""ALL"", ""LOW""]"
2021-07-08,2021-07-02 10:00:00+05:30,development,buy_call,-1516.504898674999,-1534.1323480124988,-1481.2499999999989,35.254898675,"[""ALL"", ""LOW""]"
2021-07-08,2021-07-02 10:00:00+05:30,development,sell_put,5939.125625200001,5923.688437800001,5970.000000000001,30.8743748,"[""ALL"", ""LOW""]"
2021-07-08,2021-07-02 10:00:00+05:30,development,bull_condor,1236.528979075,1181.6684686125,1346.25,109.72102092499999,"[""ALL"", ""LOW""]"
2021-07-08,2021-07-02 10:00:00+05:30,development,bull_butterfly,1588.1773671750004,1544.1410507625005,1676.2500000000005,88.07263282500001,"[""ALL"", ""LOW""]"
2021-07-08,2021-07-02 10:00:00+05:30,development,range_forward,968.9425983499996,939.6638975249996,1027.4999999999995,58.55740165,"[""ALL"", ""LOW""]"
2021-07-08,2021-07-02 10:00:00+05:30,development,buy_put,-6012.3177623,-6025.97664345,-5985.0,27.3177623,"[""ALL"", ""LOW""]"
2021-07-08,2021-07-02 10:00:00+05:30,development,sell_call,1430.1182200749997,1412.0523301124997,1466.2499999999998,36.131779925000004,"[""ALL"", ""LOW""]"
2021-07-08,2021-07-02 10:00:00+05:30,development,bear_condor,-701.1694958749995,-753.6292438124995,-596.2499999999995,104.919495875,"[""ALL"", ""LOW""]"
2021-07-08,2021-07-02 10:00:00+05:30,development,bear_butterfly,-442.84703639999907,-484.27055459999906,-359.9999999999991,82.84703639999998,"[""ALL"", ""LOW""]"
2021-07-08,2021-07-02 10:00:00+05:30,development,risk_reversal,-1115.43711415,-1144.405671225,-1057.5,57.93711415,"[""ALL"", ""LOW""]"
2021-07-08,2021-07-02 10:00:00+05:30,development,batman,6291.946019350001,6231.669029025001,6412.500000000001,120.55398065000001,"[""ALL"", ""LOW""]"
2021-07-08,2021-07-02 10:00:00+05:30,development,jade_lizard,3817.102386225,3773.7785793375,3903.75,86.647613775,"[""ALL"", ""LOW""]"
2021-07-08,2021-07-02 10:00:00+05:30,development,reverse_jade_lizard,4548.8066241,4505.70993615,4635.0,86.19337589999999,"[""ALL"", ""LOW""]"
2021-07-08,2021-07-02 10:00:00+05:30,development,long_iron_condor,-2933.0434777250002,-2987.6902165875,-2823.75,109.29347772500003,"[""ALL"", ""LOW""]"
2021-07-08,2021-07-02 10:00:00+05:30,development,long_iron_butterfly,-433.49742859999776,-492.7461428999977,-314.9999999999977,118.4974286,"[""ALL"", ""LOW""]"
2021-07-08,2021-07-02 10:00:00+05:30,development,double_plateau,1145.3303307750023,1059.8704961625021,1316.2500000000023,170.91966922499998,"[""ALL"", ""LOW""]"
2021-07-08,2021-07-02 10:00:00+05:30,development,strip,-13517.540423274999,-13550.685634912497,-13451.249999999998,66.290423275,"[""ALL"", ""LOW""]"
2021-07-08,2021-07-02 10:00:00+05:30,development,strap,-9021.727559649999,-9058.841339474999,-8947.499999999998,74.22755965,"[""ALL"", ""LOW""]"
2021-07-08,2021-07-02 10:00:00+05:30,development,long_synthetic_future,4422.620726525001,4389.556089787502,4488.750000000002,66.129273475,"[""ALL"", ""LOW""]"
2021-07-08,2021-07-02 10:00:00+05:30,development,short_synthetic_future,-4582.199542225,-4613.9243133375,-4518.75,63.449542225,"[""ALL"", ""LOW""]"
2021-07-15,2021-07-09 10:00:00+05:30,development,buy_call,9881.693779299998,9857.540668949998,9929.999999999998,48.306220700000004,"[""ALL"", ""LOW""]"
2021-07-15,2021-07-09 10:00:00+05:30,development,sell_put,8089.0077977500005,8072.261696625001,8122.500000000001,33.492202250000005,"[""ALL"", ""LOW""]"
2021-07-15,2021-07-09 10:00:00+05:30,development,bull_condor,-726.4451577500001,-793.4177366250001,-592.5000000000001,133.94515775,"[""ALL"", ""LOW""]"
2021-07-15,2021-07-09 10:00:00+05:30,development,bull_butterfly,-452.8571069249995,-512.4106603874995,-333.74999999999955,119.107106925,"[""ALL"", ""LOW""]"
2021-07-15,2021-07-09 10:00:00+05:30,development,range_forward,14277.094848875,14240.0172733125,14351.25,74.155151125,"[""ALL"", ""LOW""]"
2021-07-15,2021-07-09 10:00:00+05:30,development,buy_put,-8166.15485225,-8180.482278375,-8137.5,28.65485225,"[""ALL"", ""LOW""]"
2021-07-15,2021-07-09 10:00:00+05:30,development,sell_call,-9987.393408200001,-10008.590112300002,-9945.000000000002,42.3934082,"[""ALL"", ""LOW""]"
2021-07-15,2021-07-09 10:00:00+05:30,development,bear_condor,-625.0053712249982,-680.6330568374982,-513.7499999999982,111.25537122499999,"[""ALL"", ""LOW""]"
2021-07-15,2021-07-09 10:00:00+05:30,development,bear_butterfly,-352.0870000499991,-396.8805000749991,-262.4999999999991,89.58700005,"[""ALL"", ""LOW""]"
2021-07-15,2021-07-09 10:00:00+05:30,development,risk_reversal,-14446.857232375,-14479.6608485625,-14381.25,65.607232375,"[""ALL"", ""LOW""]"
2021-07-15,2021-07-09 10:00:00+05:30,development,batman,295.628381575,220.31757236250002,446.25,150.621618425,"[""ALL"", ""LOW""]"
2021-07-15,2021-07-09 10:00:00+05:30,development,jade_lizard,3943.2690209999982,3889.9035314999983,4049.999999999998,106.73097899999999,"[""ALL"", ""LOW""]"
2021-07-15,2021-07-09 10:00:00+05:30,development,reverse_jade_lizard,-6681.187769400001,-6729.281654100001,-6585.000000000001,96.18776940000001,"[""ALL"", ""LOW""]"
2021-07-15,2021-07-09 10:00:00+05:30,development,long_iron_condor,2364.7398228250017,2300.234734237502,2493.750000000002,129.010177175,"[""ALL"", ""LOW""]"
2021-07-15,2021-07-09 10:00:00+05:30,development,long_iron_butterfly,1134.2912808999981,1063.936921349998,1274.9999999999982,140.7087191,"[""ALL"", ""LOW""]"
2021-07-15,2021-07-09 10:00:00+05:30,development,double_plateau,-804.9441069749987,-909.2911604624987,-596.2499999999986,208.694106975,"[""ALL"", ""LOW""]"
2021-07-15,2021-07-09 10:00:00+05:30,development,strip,-6427.015925200002,-6468.023887800002,-6345.000000000002,82.0159252,"[""ALL"", ""LOW""]"
2021-07-15,2021-07-09 10:00:00+05:30,development,strap,11620.832706349996,11569.999059524996,11722.499999999996,101.66729365,"[""ALL"", ""LOW""]"
2021-07-15,2021-07-09 10:00:00+05:30,development,long_synthetic_future,17970.70157705,17929.802365575,18052.5,81.79842295,"[""ALL"", ""LOW""]"
2021-07-15,2021-07-09 10:00:00+05:30,development,short_synthetic_future,-18153.54826045,-18189.072390675,-18082.5,71.04826045,"[""ALL"", ""LOW""]"
2021-07-22,2021-07-15 10:00:00+05:30,development,buy_call,-6781.545294425,-6795.4429416375,-6753.75,27.795294425,"[""ALL"", ""LOW""]"
2021-07-22,2021-07-15 10:00:00+05:30,development,sell_put,2276.8975620250003,2258.4713430375004,2313.7500000000005,36.852437975,"[""ALL"", ""LOW""]"
2021-07-22,2021-07-15 10:00:00+05:30,development,bull_condor,-780.8365663999998,-833.7548495999997,-674.9999999999998,105.83656640000002,"[""ALL"", ""LOW""]"
2021-07-22,2021-07-15 10:00:00+05:30,development,bull_butterfly,-417.862289025,-459.91843353750005,-333.75,84.11228902500001,"[""ALL"", ""LOW""]"
2021-07-22,2021-07-15 10:00:00+05:30,development,range_forward,-644.2834504,-673.9251756,-585.0,59.2834504,"[""ALL"", ""LOW""]"
2021-07-22,2021-07-15 10:00:00+05:30,development,buy_put,-2364.221294225,-2381.9569413375,-2328.75,35.471294225,"[""ALL"", ""LOW""]"
2021-07-22,2021-07-15 10:00:00+05:30,development,sell_call,6706.940686825001,6691.036030237501,6738.750000000001,31.809313175,"[""ALL"", ""LOW""]"
2021-07-22,2021-07-15 10:00:00+05:30,development,bear_condor,1296.501463900001,1239.752195850001,1410.000000000001,113.49853610000001,"[""ALL"", ""LOW""]"
2021-07-22,2021-07-15 10:00:00+05:30,development,bear_butterfly,1531.993002225001,1486.114503337501,1623.750000000001,91.75699777499999,"[""ALL"", ""LOW""]"
2021-07-22,2021-07-15 10:00:00+05:30,development,risk_reversal,495.3773996000009,465.5660994000009,555.0000000000009,59.622600399999996,"[""ALL"", ""LOW""]"
2021-07-22,2021-07-15 10:00:00+05:30,development,batman,7532.786076850001,7470.429115275001,7657.500000000001,124.71392315,"[""ALL"", ""LOW""]"
2021-07-22,2021-07-15 10:00:00+05:30,development,jade_lizard,5765.667888825,5721.6268332375,5853.75,88.08211117499998,"[""ALL"", ""LOW""]"
2021-07-22,2021-07-15 10:00:00+05:30,development,reverse_jade_lizard,4324.773389625,4280.2850844375,4413.75,88.97661037499998,"[""ALL"", ""LOW""]"
2021-07-22,2021-07-15 10:00:00+05:30,development,long_iron_condor,-3231.578982799999,-3287.3684741999987,-3119.9999999999986,111.5789828,"[""ALL"", ""LOW""]"
2021-07-22,2021-07-15 10:00:00+05:30,development,long_iron_butterfly,-645.9016094,-706.3524141,-525.0,120.90160940000001,"[""ALL"", ""LOW""]"
2021-07-22,2021-07-15 10:00:00+05:30,development,double_plateau,1114.1307132000009,1026.196069800001,1290.000000000001,175.86928680000003,"[""ALL"", ""LOW""]"
2021-07-22,2021-07-15 10:00:00+05:30,development,strip,-11486.387882875,-11523.9568243125,-11411.25,75.13788287499999,"[""ALL"", ""LOW""]"
2021-07-22,2021-07-15 10:00:00+05:30,development,strap,-15903.711883075,-15937.4428246125,-15836.25,67.461883075,"[""ALL"", ""LOW""]"
2021-07-22,2021-07-15 10:00:00+05:30,development,long_synthetic_future,-4504.6477324,-4536.9715986,-4440.0,64.6477324,"[""ALL"", ""LOW""]"
2021-07-22,2021-07-15 10:00:00+05:30,development,short_synthetic_future,4342.719392600001,4309.079088900001,4410.000000000001,67.28060740000001,"[""ALL"", ""LOW""]"
2021-07-29,2021-07-23 10:00:00+05:30,development,buy_call,-3795.9418485999995,-3808.9127728999997,-3769.9999999999995,25.9418486,"[""ALL"", ""LOW""]"
2021-07-29,2021-07-23 10:00:00+05:30,development,sell_put,813.8129527000002,798.2194290500003,845.0000000000002,31.1870473,"[""ALL"", ""LOW""]"
2021-07-29,2021-07-23 10:00:00+05:30,development,bull_condor,-527.58576645,-577.628649675,-427.5,100.08576645000001,"[""ALL"", ""LOW""]"
2021-07-29,2021-07-23 10:00:00+05:30,development,bull_butterfly,-335.01014224999955,-373.7652133749996,-257.49999999999955,77.51014225000002,"[""ALL"", ""LOW""]"
2021-07-29,2021-07-23 10:00:00+05:30,development,range_forward,-443.5744492,-470.3616738,-390.0,53.5744492,"[""ALL"", ""LOW""]"
2021-07-29,2021-07-23 10:00:00+05:30,development,buy_put,-885.6812972999998,-901.0219459499998,-854.9999999999998,30.6812973,"[""ALL"", ""LOW""]"
2021-07-29,2021-07-23 10:00:00+05:30,development,sell_call,3731.8179764,3717.7269646,3760.0,28.1820236,"[""ALL"", ""LOW""]"
2021-07-29,2021-07-23 10:00:00+05:30,development,bear_condor,613.61476585,561.672148775,717.5,103.88523415,"[""ALL"", ""LOW""]"
2021-07-29,2021-07-23 10:00:00+05:30,development,bear_butterfly,791.10298455,750.404476825,872.5,81.39701545,"[""ALL"", ""LOW""]"
2021-07-29,2021-07-23 10:00:00+05:30,development,risk_reversal,316.1994508,289.2991762,370.0,53.80054919999999,"[""ALL"", ""LOW""]"
2021-07-29,2021-07-23 10:00:00+05:30,development,batman,3515.1625941000007,3460.2438911500003,3625.0000000000005,109.83740590000001,"[""ALL"", ""LOW""]"
2021-07-29,2021-07-23 10:00:00+05:30,development,jade_lizard,3012.64736655,2972.721049825,3092.5,79.85263344999998,"[""ALL"", ""LOW""]"
2021-07-29,2021-07-23 10:00:00+05:30,development,reverse_jade_lizard,2304.7078817,2264.56182255,2385.0,80.29211829999998,"[""ALL"", ""LOW""]"
2021-07-29,2021-07-23 10:00:00+05:30,development,long_iron_condor,-2013.0874760000002,-2064.631214,-1910.0000000000002,103.08747600000002,"[""ALL"", ""LOW""]"
2021-07-29,2021-07-23 10:00:00+05:30,development,long_iron_butterfly,-471.52548674999883,-526.0382301249989,-362.49999999999886,109.02548674999998,"[""ALL"", ""LOW""]"
2021-07-29,2021-07-23 10:00:00+05:30,development,double_plateau,456.0928423000005,376.63926345000044,615.0000000000005,158.9071577,"[""ALL"", ""LOW""]"
2021-07-29,2021-07-23 10:00:00+05:30,development,strip,-5543.704443199999,-5575.556664799999,-5479.999999999999,63.70444319999999,"[""ALL"", ""LOW""]"
2021-07-29,2021-07-23 10:00:00+05:30,development,strap,-8453.964994499998,-8483.447491749997,-8394.999999999998,58.96499449999999,"[""ALL"", ""LOW""]"
2021-07-29,2021-07-23 10:00:00+05:30,development,long_synthetic_future,-2982.128895899999,-3010.693343849999,-2924.999999999999,57.128895899999996,"[""ALL"", ""LOW""]"
2021-07-29,2021-07-23 10:00:00+05:30,development,short_synthetic_future,2846.1366791,2816.70501865,2905.0,58.8633209,"[""ALL"", ""LOW""]"
2021-08-05,2021-07-30 10:00:00+05:30,development,buy_call,20335.91361055,20307.620415825,20392.5,56.58638945000001,"[""ALL"", ""LOW""]"
2021-08-05,2021-07-30 10:00:00+05:30,development,sell_put,4343.56847275,4329.102709125,4372.5,28.931527250000002,"[""ALL"", ""LOW""]"
2021-08-05,2021-07-30 10:00:00+05:30,development,bull_condor,-769.3281833999963,-853.9922750999963,-599.9999999999964,169.3281834,"[""ALL"", ""LOW""]"
2021-08-05,2021-07-30 10:00:00+05:30,development,bull_butterfly,-494.13611094999817,-569.9541664249981,-342.4999999999982,151.63611095000002,"[""ALL"", ""LOW""]"
2021-08-05,2021-07-30 10:00:00+05:30,development,range_forward,22392.094436350002,22351.891654525003,22472.500000000004,80.40556364999999,"[""ALL"", ""LOW""]"
2021-08-05,2021-07-30 10:00:00+05:30,development,buy_put,-4408.82691475,-4421.990372125,-4382.5,26.32691475,"[""ALL"", ""LOW""]"
2021-08-05,2021-07-30 10:00:00+05:30,development,sell_call,-20446.94987695,-20469.174815425,-20402.5,44.44987695,"[""ALL"", ""LOW""]"
2021-08-05,2021-07-30 10:00:00+05:30,development,bear_condor,-463.18572239999935,-514.7785835999994,-359.9999999999993,103.1857224,"[""ALL"", ""LOW""]"
2021-08-05,2021-07-30 10:00:00+05:30,development,bear_butterfly,-285.6010422999991,-325.9015634499991,-204.9999999999991,80.6010423,"[""ALL"", ""LOW""]"
2021-08-05,2021-07-30 10:00:00+05:30,development,risk_reversal,-22559.52847615,-22593.042714225,-22492.5,67.02847614999999,"[""ALL"", ""LOW""]"
2021-08-05,2021-07-30 10:00:00+05:30,development,batman,-14569.374160249996,-14650.311240374996,-14407.499999999996,161.87416025,"[""ALL"", ""LOW""]"
2021-08-05,2021-07-30 10:00:00+05:30,development,jade_lizard,1861.896072,1802.844108,1980.0,118.103928,"[""ALL"", ""LOW""]"
2021-08-05,2021-07-30 10:00:00+05:30,development,reverse_jade_lizard,-18386.80329135,-18433.954937025,-18292.5,94.30329135000002,"[""ALL"", ""LOW""]"
2021-08-05,2021-07-30 10:00:00+05:30,development,long_iron_condor,1617.0175058500035,1546.7762587750035,1757.5000000000036,140.48249415,"[""ALL"", ""LOW""]"
2021-08-05,2021-07-30 10:00:00+05:30,development,long_iron_butterfly,839.23569125,765.103536875,987.5,148.26430875,"[""ALL"", ""LOW""]"
2021-08-05,2021-07-30 10:00:00+05:30,development,double_plateau,-779.7371532499982,-895.8557298749981,-547.4999999999982,232.23715325,"[""ALL"", ""LOW""]"
2021-08-05,2021-07-30 10:00:00+05:30,development,strip,11541.85978105,11499.039671575,11627.5,85.64021894999999,"[""ALL"", ""LOW""]"
2021-08-05,2021-07-30 10:00:00+05:30,development,strap,36286.60030635,36228.650459525,36402.5,115.89969364999999,"[""ALL"", ""LOW""]"
2021-08-05,2021-07-30 10:00:00+05:30,development,long_synthetic_future,24679.4820833,24636.72312495,24765.0,85.5179167,"[""ALL"", ""LOW""]"
2021-08-05,2021-07-30 10:00:00+05:30,development,short_synthetic_future,-24855.7767917,-24891.16518755,-24785.0,70.77679169999999,"[""ALL"", ""LOW""]"
2021-08-12,2021-08-06 10:00:00+05:30,development,buy_call,-1703.1057501499995,-1718.4086252249995,-1672.4999999999995,30.60575015,"[""ALL"", ""LOW""]"
2021-08-12,2021-08-06 10:00:00+05:30,development,sell_put,4748.080513250001,4733.370769875001,4777.500000000001,29.41948675,"[""ALL"", ""LOW""]"
2021-08-12,2021-08-06 10:00:00+05:30,development,bull_condor,153.66434125000046,101.74651187500046,257.50000000000045,103.83565875,"[""ALL"", ""LOW""]"
2021-08-12,2021-08-06 10:00:00+05:30,development,bull_butterfly,395.9311128500007,355.1466692750007,477.5000000000007,81.56888714999998,"[""ALL"", ""LOW""]"
2021-08-12,2021-08-06 10:00:00+05:30,development,range_forward,780.0092247000009,752.5138370500009,835.0000000000009,54.990775299999996,"[""ALL"", ""LOW""]"
2021-08-12,2021-08-06 10:00:00+05:30,development,buy_put,-4814.07389925,-4827.360848875,-4787.5,26.57389925,"[""ALL"", ""LOW""]"
2021-08-12,2021-08-06 10:00:00+05:30,development,sell_call,1630.90208735,1615.103131025,1662.5,31.597912649999994,"[""ALL"", ""LOW""]"
2021-08-12,2021-08-06 10:00:00+05:30,development,bear_condor,-459.3998675,-511.59980125000004,-355.0,104.3998675,"[""ALL"", ""LOW""]"
2021-08-12,2021-08-06 10:00:00+05:30,development,bear_butterfly,-281.8703082,-322.8054623,-200.0,81.8703082,"[""ALL"", ""LOW""]"
2021-08-12,2021-08-06 10:00:00+05:30,development,risk_reversal,-909.4880003,-936.73200045,-855.0,54.488000299999996,"[""ALL"", ""LOW""]"
2021-08-12,2021-08-06 10:00:00+05:30,development,batman,4361.3728011,4304.55920165,4475.0,113.6271989,"[""ALL"", ""LOW""]"
2021-08-12,2021-08-06 10:00:00+05:30,development,jade_lizard,4000.50629475,3959.509442125,4082.5,81.99370524999998,"[""ALL"", ""LOW""]"
2021-08-12,2021-08-06 10:00:00+05:30,development,reverse_jade_lizard,3670.30130535,3629.201958025,3752.5,82.19869465000001,"[""ALL"", ""LOW""]"
2021-08-12,2021-08-06 10:00:00+05:30,development,long_iron_condor,-2682.53630925,-2735.054463875,-2577.5,105.03630924999999,"[""ALL"", ""LOW""]"
2021-08-12,2021-08-06 10:00:00+05:30,development,long_iron_butterfly,-956.2268736999999,-1011.84031055,-845.0,111.2268737,"[""ALL"", ""LOW""]"
2021-08-12,2021-08-06 10:00:00+05:30,development,double_plateau,114.06080465000065,32.34120697500069,277.5000000000007,163.43919535000003,"[""ALL"", ""LOW""]"
2021-08-12,2021-08-06 10:00:00+05:30,development,strip,-11307.65354865,-11337.730322975,-11247.5,60.15354865,"[""ALL"", ""LOW""]"
2021-08-12,2021-08-06 10:00:00+05:30,development,strap,-8196.685399549999,-8228.778099325,-8132.499999999999,64.18539955,"[""ALL"", ""LOW""]"
2021-08-12,2021-08-06 10:00:00+05:30,development,long_synthetic_future,3044.9747631000014,3014.9621446500014,3105.0000000000014,60.025236899999996,"[""ALL"", ""LOW""]"
2021-08-12,2021-08-06 10:00:00+05:30,development,short_synthetic_future,-3183.1718119,-3212.25771785,-3125.0,58.171811899999994,"[""ALL"", ""LOW""]"
2021-08-18,2021-08-12 10:00:00+05:30,development,buy_call,8519.47880135,8497.968202025,8562.5,43.02119865,"[""ALL"", ""LOW""]"
2021-08-18,2021-08-12 10:00:00+05:30,development,sell_put,4500.8815178,4486.3222767,4530.0,29.118482200000003,"[""ALL"", ""LOW""]"
2021-08-18,2021-08-12 10:00:00+05:30,development,bull_condor,-634.2606573000028,-698.8909859500027,-505.00000000000273,129.2606573,"[""ALL"", ""LOW""]"
2021-08-18,2021-08-12 10:00:00+05:30,development,bull_butterfly,-379.09938205000367,-434.8990730750036,-267.50000000000364,111.59938205000002,"[""ALL"", ""LOW""]"
2021-08-18,2021-08-12 10:00:00+05:30,development,range_forward,10730.443558849998,10696.915338274997,10797.499999999998,67.05644115,"[""ALL"", ""LOW""]"
2021-08-18,2021-08-12 10:00:00+05:30,development,buy_put,-4566.4201572,-4579.6302358,-4540.0,26.4201572,"[""ALL"", ""LOW""]"
2021-08-18,2021-08-12 10:00:00+05:30,development,sell_call,-8610.423536150001,-8629.385304225001,-8572.500000000002,37.923536150000004,"[""ALL"", ""LOW""]"
2021-08-18,2021-08-12 10:00:00+05:30,development,bear_condor,-445.87236795,-497.55855192499996,-342.5,103.37236795,"[""ALL"", ""LOW""]"
2021-08-18,2021-08-12 10:00:00+05:30,development,bear_butterfly,-278.35820725,-318.787310875,-197.5,80.85820725000002,"[""ALL"", ""LOW""]"
2021-08-18,2021-08-12 10:00:00+05:30,development,risk_reversal,-10878.12597865,-10908.438967975,-10817.5,60.62597864999999,"[""ALL"", ""LOW""]"
2021-08-18,2021-08-12 10:00:00+05:30,development,batman,-2668.0958067500037,-2735.8937101250035,-2532.5000000000036,135.59580675,"[""ALL"", ""LOW""]"
2021-08-18,2021-08-12 10:00:00+05:30,development,jade_lizard,1959.2785146499987,1910.1677719749987,2057.4999999999986,98.22148535,"[""ALL"", ""LOW""]"
2021-08-18,2021-08-12 10:00:00+05:30,development,reverse_jade_lizard,-6568.003711000002,-6612.005566500002,-6480.000000000002,88.003711,"[""ALL"", ""LOW""]"
2021-08-18,2021-08-12 10:00:00+05:30,development,long_iron_condor,1544.4137762999983,1484.1206644499982,1664.9999999999982,120.58622369999998,"[""ALL"", ""LOW""]"
2021-08-18,2021-08-12 10:00:00+05:30,development,long_iron_butterfly,751.641017599999,687.4615263999991,879.9999999999991,128.3589824,"[""ALL"", ""LOW""]"
2021-08-18,2021-08-12 10:00:00+05:30,development,double_plateau,-657.4575893000036,-753.6863839500036,-465.00000000000364,192.4575893,"[""ALL"", ""LOW""]"
2021-08-18,2021-08-12 10:00:00+05:30,development,strip,-589.76151305,-625.892269575,-517.5,72.26151304999999,"[""ALL"", ""LOW""]"
2021-08-18,2021-08-12 10:00:00+05:30,development,strap,12496.1374455,12451.70616825,12585.0,88.8625545,"[""ALL"", ""LOW""]"
2021-08-18,2021-08-12 10:00:00+05:30,development,long_synthetic_future,13020.36031915,12984.290478725,13092.5,72.13968085,"[""ALL"", ""LOW""]"
2021-08-18,2021-08-12 10:00:00+05:30,development,short_synthetic_future,-13176.843693350002,-13209.015540025002,-13112.500000000002,64.34369335000001,"[""ALL"", ""LOW""]"
2021-08-26,2021-08-20 10:00:00+05:30,development,buy_call,3769.1501344499993,3749.9752016749994,3807.4999999999995,38.349865550000004,"[""ALL"", ""LOW""]"
2021-08-26,2021-08-20 10:00:00+05:30,development,sell_put,5224.9997873,5209.99968095,5255.0,30.000212700000006,"[""ALL"", ""LOW""]"
2021-08-26,2021-08-20 10:00:00+05:30,development,bull_condor,133.24304159999977,74.86456239999976,249.99999999999977,116.7569584,"[""ALL"", ""LOW""]"
2021-08-26,2021-08-20 10:00:00+05:30,development,bull_butterfly,-308.42194680000017,-357.63292020000017,-210.00000000000017,98.42194680000001,"[""ALL"", ""LOW""]"
2021-08-26,2021-08-20 10:00:00+05:30,development,range_forward,6821.6499745,6789.97496175,6885.0,63.350025499999994,"[""ALL"", ""LOW""]"
2021-08-26,2021-08-20 10:00:00+05:30,development,buy_put,-5291.8705127,-5305.30576905,-5265.0,26.870512700000003,"[""ALL"", ""LOW""]"
2021-08-26,2021-08-20 10:00:00+05:30,development,sell_call,-3853.5814280500003,-3871.6221420750003,-3817.5000000000005,36.08142805,"[""ALL"", ""LOW""]"
2021-08-26,2021-08-20 10:00:00+05:30,development,bear_condor,-376.10633939999997,-429.15950910000004,-270.0,106.10633939999998,"[""ALL"", ""LOW""]"
2021-08-26,2021-08-20 10:00:00+05:30,development,bear_butterfly,-221.16425105000002,-262.996376575,-137.5,83.66425105,"[""ALL"", ""LOW""]"
2021-08-26,2021-08-20 10:00:00+05:30,development,risk_reversal,-6964.2475005,-6993.87125075,-6905.0,59.247500499999994,"[""ALL"", ""LOW""]"
2021-08-26,2021-08-20 10:00:00+05:30,development,batman,2760.5148015999994,2695.7722023999995,2889.9999999999995,129.4851984,"[""ALL"", ""LOW""]"
2021-08-26,2021-08-20 10:00:00+05:30,development,jade_lizard,2732.395284900001,2686.092927350001,2825.000000000001,92.60471509999999,"[""ALL"", ""LOW""]"
2021-08-26,2021-08-20 10:00:00+05:30,development,reverse_jade_lizard,-1935.0514098499991,-1978.827114774999,-1847.499999999999,87.55140984999998,"[""ALL"", ""LOW""]"
2021-08-26,2021-08-20 10:00:00+05:30,development,long_iron_condor,1447.1692625499998,1389.5038938249997,1562.4999999999998,115.33073745000002,"[""ALL"", ""LOW""]"
2021-08-26,2021-08-20 10:00:00+05:30,development,long_iron_butterfly,691.8417102999996,630.2625654499996,814.9999999999995,123.1582897,"[""ALL"", ""LOW""]"
2021-08-26,2021-08-20 10:00:00+05:30,development,double_plateau,-529.5861978500002,-620.6292967750002,-347.50000000000017,182.08619785,"[""ALL"", ""LOW""]"
2021-08-26,2021-08-20 10:00:00+05:30,development,strip,-6790.99089095,-6825.2363364249995,-6722.5,68.49089095,"[""ALL"", ""LOW""]"
2021-08-26,2021-08-20 10:00:00+05:30,development,strap,2270.029756199999,2230.044634299999,2349.999999999999,79.9702438,"[""ALL"", ""LOW""]"
2021-08-26,2021-08-20 10:00:00+05:30,development,long_synthetic_future,8994.14992175,8959.974882625,9062.5,68.35007825,"[""ALL"", ""LOW""]"
2021-08-26,2021-08-20 10:00:00+05:30,development,short_synthetic_future,-9145.45194075,-9176.927911125,-9082.5,62.951940750000006,"[""ALL"", ""LOW""]"
2021-09-02,2021-08-27 10:00:00+05:30,development,buy_call,26812.300926050004,26779.701389075002,26877.500000000004,65.19907395,"[""ALL"", ""LOW""]"
2021-09-02,2021-08-27 10:00:00+05:30,development,sell_put,4318.59887725,4304.148315875,4347.5,28.90112275,"[""ALL"", ""LOW""]"
2021-09-02,2021-08-27 10:00:00+05:30,development,bull_condor,-796.3006281999964,-894.4509422999963,-599.9999999999964,196.30062819999998,"[""ALL"", ""LOW""]"
2021-09-02,2021-08-27 10:00:00+05:30,development,bull_butterfly,-158.74625659999637,-248.11938489999636,20.000000000003638,178.7462566,"[""ALL"", ""LOW""]"
2021-09-02,2021-08-27 10:00:00+05:30,development,range_forward,29023.325397750003,28978.738096625002,29112.500000000004,89.17460224999999,"[""ALL"", ""LOW""]"
2021-09-02,2021-08-27 10:00:00+05:30,development,buy_put,-4383.81138525,-4396.967077875,-4357.5,26.311385249999997,"[""ALL"", ""LOW""]"
2021-09-02,2021-08-27 10:00:00+05:30,development,sell_call,-26936.70398645,-26961.305979675,-26887.5,49.20398645,"[""ALL"", ""LOW""]"
2021-09-02,2021-08-27 10:00:00+05:30,development,bear_condor,-445.56001675,-497.090025125,-342.5,103.06001674999999,"[""ALL"", ""LOW""]"
2021-09-02,2021-08-27 10:00:00+05:30,development,bear_butterfly,-265.48756389999977,-305.7313458499998,-184.99999999999977,80.4875639,"[""ALL"", ""LOW""]"
2021-09-02,2021-08-27 10:00:00+05:30,development,risk_reversal,-29204.34671475,-29240.270072125,-29132.5,71.84671474999999,"[""ALL"", ""LOW""]"
2021-09-02,2021-08-27 10:00:00+05:30,development,batman,-21032.529930749995,-21122.544896124997,-20852.499999999996,180.02993075,"[""ALL"", ""LOW""]"
2021-09-02,2021-08-27 10:00:00+05:30,development,jade_lizard,1690.9819695500037,1625.2229543250037,1822.5000000000036,131.51803045,"[""ALL"", ""LOW""]"
2021-09-02,2021-08-27 10:00:00+05:30,development,reverse_jade_lizard,-25076.58058205,-25126.120873075,-24977.5,99.08058204999998,"[""ALL"", ""LOW""]"
2021-09-02,2021-08-27 10:00:00+05:30,development,long_iron_condor,1485.9491080000037,1408.9236620000036,1640.0000000000036,154.050892,"[""ALL"", ""LOW""]"
2021-09-02,2021-08-27 10:00:00+05:30,development,long_iron_butterfly,758.4555828000036,677.6833742000035,920.0000000000036,161.54441719999997,"[""ALL"", ""LOW""]"
2021-09-02,2021-08-27 10:00:00+05:30,development,double_plateau,-424.23382049999634,-553.8507307499964,-164.99999999999636,259.2338205,"[""ALL"", ""LOW""]"
2021-09-02,2021-08-27 10:00:00+05:30,development,strip,18068.278155550004,18021.167233325003,18162.500000000004,94.22184445000002,"[""ALL"", ""LOW""]"
2021-09-02,2021-08-27 10:00:00+05:30,development,strap,49264.39046685001,49197.835700275005,49397.50000000001,133.10953315,"[""ALL"", ""LOW""]"
2021-09-02,2021-08-27 10:00:00+05:30,development,long_synthetic_future,31130.899803300003,31083.849704950004,31225.000000000004,94.1001967,"[""ALL"", ""LOW""]"
2021-09-02,2021-08-27 10:00:00+05:30,development,short_synthetic_future,-31320.5153717,-31358.27305755,-31245.0,75.5153717,"[""ALL"", ""LOW""]"
2021-09-09,2021-09-03 10:00:00+05:30,development,buy_call,-1680.986806,-1696.480209,-1650.0,30.986805999999998,"[""ALL"", ""LOW""]"
2021-09-09,2021-09-03 10:00:00+05:30,development,sell_put,5622.016355750001,5606.774533625001,5652.500000000001,30.483644249999998,"[""ALL"", ""LOW""]"
2021-09-09,2021-09-03 10:00:00+05:30,development,bull_condor,444.30656680000067,391.4598502000007,550.0000000000007,105.6934332,"[""ALL"", ""LOW""]"
2021-09-09,2021-09-03 10:00:00+05:30,development,bull_butterfly,649.1970329500009,607.5455494250009,732.5000000000009,83.30296705,"[""ALL"", ""LOW""]"
2021-09-09,2021-09-03 10:00:00+05:30,development,range_forward,1428.6720931000013,1400.5081396500013,1485.0000000000014,56.3279069,"[""ALL"", ""LOW""]"
2021-09-09,2021-09-03 10:00:00+05:30,development,buy_put,-5689.61743175,-5703.176147625,-5662.5,27.117431749999998,"[""ALL"", ""LOW""]"
2021-09-09,2021-09-03 10:00:00+05:30,development,sell_call,1608.0344190000005,1592.0516285000006,1640.0000000000005,31.965580999999997,"[""ALL"", ""LOW""]"
2021-09-09,2021-09-03 10:00:00+05:30,development,bear_condor,-501.1334594999991,-554.2001892499991,-394.9999999999991,106.1334595,"[""ALL"", ""LOW""]"
2021-09-09,2021-09-03 10:00:00+05:30,development,bear_butterfly,-286.3837703499991,-328.3256555249991,-202.4999999999991,83.88377035000002,"[""ALL"", ""LOW""]"
2021-09-09,2021-09-03 10:00:00+05:30,development,risk_reversal,-1560.4383819,-1588.15757285,-1505.0,55.4383819,"[""ALL"", ""LOW""]"
2021-09-09,2021-09-03 10:00:00+05:30,development,batman,5473.161026800002,5414.7415402000015,5590.000000000002,116.8389732,"[""ALL"", ""LOW""]"
2021-09-09,2021-09-03 10:00:00+05:30,development,jade_lizard,4376.385056600001,4334.577584900001,4460.000000000001,83.61494340000002,"[""ALL"", ""LOW""]"
2021-09-09,2021-09-03 10:00:00+05:30,development,reverse_jade_lizard,3896.0868902000016,3854.130335300001,3980.0000000000014,83.91310980000002,"[""ALL"", ""LOW""]"
2021-09-09,2021-09-03 10:00:00+05:30,development,long_iron_condor,-2596.998458599999,-2650.497687899999,-2489.999999999999,106.99845859999999,"[""ALL"", ""LOW""]"
2021-09-09,2021-09-03 10:00:00+05:30,development,long_iron_butterfly,-865.8007521499995,-922.4511282249996,-752.4999999999995,113.30075215000002,"[""ALL"", ""LOW""]"
2021-09-09,2021-09-03 10:00:00+05:30,development,double_plateau,362.81326260000185,279.2198939000018,530.0000000000018,167.1867374,"[""ALL"", ""LOW""]"
2021-09-09,2021-09-03 10:00:00+05:30,development,strip,-13036.6216695,-13067.43250425,-12975.0,61.621669499999996,"[""ALL"", ""LOW""]"
2021-09-09,2021-09-03 10:00:00+05:30,development,strap,-9027.99104375,-9060.736565625,-8962.5,65.49104375,"[""ALL"", ""LOW""]"
2021-09-09,2021-09-03 10:00:00+05:30,development,long_synthetic_future,3941.029549750001,3910.294324625001,4002.500000000001,61.47045025,"[""ALL"", ""LOW""]"
2021-09-09,2021-09-03 10:00:00+05:30,development,short_synthetic_future,-4081.5830127499994,-4111.124519124999,-4022.4999999999995,59.083012749999995,"[""ALL"", ""LOW""]"
2021-09-16,2021-09-09 10:00:00+05:30,development,buy_call,10530.14949805,10506.474247075,10577.5,47.35050195000001,"[""ALL"", ""LOW""]"
2021-09-16,2021-09-09 10:00:00+05:30,development,sell_put,4985.291670500001,4970.437505750001,5015.000000000001,29.708329499999998,"[""ALL"", ""LOW""]"
2021-09-16,2021-09-09 10:00:00+05:30,development,bull_condor,-621.0566092500001,-692.834913875,-477.5,143.55660925,"[""ALL"", ""LOW""]"
2021-09-16,2021-09-09 10:00:00+05:30,development,bull_butterfly,-373.61588265000364,-436.67382397500364,-247.50000000000364,126.11588265,"[""ALL"", ""LOW""]"
2021-09-16,2021-09-09 10:00:00+05:30,development,range_forward,13208.1054056,13172.1581084,13280.0,71.89459439999999,"[""ALL"", ""LOW""]"
2021-09-16,2021-09-09 10:00:00+05:30,development,buy_put,-5051.7214295,-5065.08214425,-5025.0,26.7214295,"[""ALL"", ""LOW""]"
2021-09-16,2021-09-09 10:00:00+05:30,development,sell_call,-10628.553914450002,-10649.080871675002,-10587.500000000002,41.05391444999999,"[""ALL"", ""LOW""]"
2021-09-16,2021-09-09 10:00:00+05:30,development,bear_condor,-457.50464334999975,-510.0069650249998,-352.4999999999998,105.00464335,"[""ALL"", ""LOW""]"
2021-09-16,2021-09-09 10:00:00+05:30,development,bear_butterfly,-277.5240585,-318.78608775,-195.0,82.52405850000002,"[""ALL"", ""LOW""]"
2021-09-16,2021-09-09 10:00:00+05:30,development,risk_reversal,-13363.9870444,-13395.9805666,-13300.0,63.9870444,"[""ALL"", ""LOW""]"
2021-09-16,2021-09-09 10:00:00+05:30,development,batman,-4417.290454400002,-4490.935681600002,-4270.000000000002,147.2904544,"[""ALL"", ""LOW""]"
2021-09-16,2021-09-09 10:00:00+05:30,development,jade_lizard,2508.875076099999,2455.8126141499993,2614.999999999999,106.12492389999998,"[""ALL"", ""LOW""]"
2021-09-16,2021-09-09 10:00:00+05:30,development,reverse_jade_lizard,-8559.43003865,-8605.395057975,-8467.5,91.93003865,"[""ALL"", ""LOW""]"
2021-09-16,2021-09-09 10:00:00+05:30,development,long_iron_condor,1308.917743850001,1244.626615775001,1437.500000000001,128.58225614999998,"[""ALL"", ""LOW""]"
2021-09-16,2021-09-09 10:00:00+05:30,development,long_iron_butterfly,638.4408822999991,570.1613234499991,774.9999999999991,136.5591177,"[""ALL"", ""LOW""]"
2021-09-16,2021-09-09 10:00:00+05:30,development,double_plateau,-651.1399411500037,-755.4599117250036,-442.50000000000364,208.63994115,"[""ALL"", ""LOW""]"
2021-09-16,2021-09-09 10:00:00+05:30,development,strip,450.30663905,411.709958575,527.5,77.19336095,"[""ALL"", ""LOW""]"
2021-09-16,2021-09-09 10:00:00+05:30,development,strap,16032.1775666,15983.2663499,16130.0,97.8224334,"[""ALL"", ""LOW""]"
2021-09-16,2021-09-09 10:00:00+05:30,development,long_synthetic_future,15515.44116855,15476.911752825,15592.5,77.05883144999999,"[""ALL"", ""LOW""]"
2021-09-16,2021-09-09 10:00:00+05:30,development,short_synthetic_future,-15680.275343950001,-15714.163015925002,-15612.500000000002,67.77534395,"[""ALL"", ""LOW""]"
2021-09-23,2021-09-17 10:00:00+05:30,development,buy_call,-1846.4108386999997,-1862.1162580499997,-1814.9999999999998,31.4108387,"[""ALL"", ""LOW""]"
2021-09-23,2021-09-17 10:00:00+05:30,development,sell_put,5289.9207356,5274.8811034,5320.0,30.0792644,"[""ALL"", ""LOW""]"
2021-09-23,2021-09-17 10:00:00+05:30,development,bull_condor,643.5580568000016,590.3370852000016,750.0000000000016,106.4419432,"[""ALL"", ""LOW""]"
2021-09-23,2021-09-17 10:00:00+05:30,development,bull_butterfly,870.7695767000023,828.6543650500023,955.0000000000023,84.2304233,"[""ALL"", ""LOW""]"
2021-09-23,2021-09-17 10:00:00+05:30,development,range_forward,1093.5926130000005,1065.3889195000004,1150.0000000000005,56.407387,"[""ALL"", ""LOW""]"
2021-09-23,2021-09-17 10:00:00+05:30,development,buy_put,-5356.9108894,-5370.3663341,-5330.0,26.910889400000002,"[""ALL"", ""LOW""]"
2021-09-23,2021-09-17 10:00:00+05:30,development,sell_call,1772.5122113000004,1756.2683169500006,1805.0000000000005,32.4877887,"[""ALL"", ""LOW""]"
2021-09-23,2021-09-17 10:00:00+05:30,development,bear_condor,-450.56497269999977,-503.34745904999977,-344.9999999999998,105.56497269999998,"[""ALL"", ""LOW""]"
2021-09-23,2021-09-17 10:00:00+05:30,development,bear_butterfly,-278.2222552999996,-319.83338294999953,-194.99999999999955,83.22225530000001,"[""ALL"", ""LOW""]"
2021-09-23,2021-09-17 10:00:00+05:30,development,risk_reversal,-1225.717187,-1253.5757805,-1170.0,55.717187,"[""ALL"", ""LOW""]"
2021-09-23,2021-09-17 10:00:00+05:30,development,batman,5682.878068600002,5624.317102900002,5800.000000000002,117.12193140000002,"[""ALL"", ""LOW""]"
2021-09-23,2021-09-17 10:00:00+05:30,development,jade_lizard,4003.63529345,3961.702940175,4087.5,83.86470655,"[""ALL"", ""LOW""]"
2021-09-23,2021-09-17 10:00:00+05:30,development,reverse_jade_lizard,3901.0670291,3859.10054365,3985.0,83.93297090000003,"[""ALL"", ""LOW""]"
2021-09-23,2021-09-17 10:00:00+05:30,development,long_iron_condor,-2442.2007467,-2495.80112005,-2335.0,107.20074670000001,"[""ALL"", ""LOW""]"
2021-09-23,2021-09-17 10:00:00+05:30,development,long_iron_butterfly,-681.0441190499992,-737.8161785749991,-567.4999999999991,113.54411905,"[""ALL"", ""LOW""]"
2021-09-23,2021-09-17 10:00:00+05:30,development,double_plateau,592.5473214000027,508.8209821000027,760.0000000000027,167.4526786,"[""ALL"", ""LOW""]"
2021-09-23,2021-09-17 10:00:00+05:30,development,strip,-12536.6326175,-12567.44892625,-12475.0,61.63261750000001,"[""ALL"", ""LOW""]"
2021-09-23,2021-09-17 10:00:00+05:30,development,strap,-9026.1325668,-9059.1988502,-8960.0,66.1325668,"[""ALL"", ""LOW""]"
2021-09-23,2021-09-17 10:00:00+05:30,development,long_synthetic_future,3443.5098969,3412.76484535,3505.0,61.4901031,"[""ALL"", ""LOW""]"
2021-09-23,2021-09-17 10:00:00+05:30,development,short_synthetic_future,-3584.3986780999994,-3614.0980171499996,-3524.9999999999995,59.3986781,"[""ALL"", ""LOW""]"
2021-09-30,2021-09-24 10:00:00+05:30,development,buy_call,-7215.56473125,-7229.597096875,-7187.5,28.06473125,"[""ALL"", ""NORMAL""]"
2021-09-30,2021-09-24 10:00:00+05:30,development,sell_put,-5840.46213975,-5859.443209625,-5802.5,37.96213975,"[""ALL"", ""NORMAL""]"
2021-09-30,2021-09-24 10:00:00+05:30,development,bull_condor,-437.8450182500004,-493.01752737500044,-327.50000000000045,110.34501824999998,"[""ALL"", ""NORMAL""]"
2021-09-30,2021-09-24 10:00:00+05:30,development,bull_butterfly,-233.40470529999953,-277.60705794999956,-144.99999999999955,88.4047053,"[""ALL"", ""NORMAL""]"
2021-09-30,2021-09-24 10:00:00+05:30,development,range_forward,-10169.89895965,-10201.098439475,-10107.5,62.39895965000001,"[""ALL"", ""NORMAL""]"
2021-09-30,2021-09-24 10:00:00+05:30,development,buy_put,5751.088347749999,5730.382521624999,5792.499999999999,41.41165225,"[""ALL"", ""NORMAL""]"
2021-09-30,2021-09-24 10:00:00+05:30,development,sell_call,7145.161681249999,7128.9925218749995,7177.499999999999,32.33831875,"[""ALL"", ""NORMAL""]"
2021-09-30,2021-09-24 10:00:00+05:30,development,bear_condor,-490.0782293500007,-553.8673440250006,-362.5000000000007,127.57822934999999,"[""ALL"", ""NORMAL""]"
2021-09-30,2021-09-24 10:00:00+05:30,development,bear_butterfly,-334.8550503000007,-389.78257545000065,-225.00000000000068,109.8550503,"[""ALL"", ""NORMAL""]"
2021-09-30,2021-09-24 10:00:00+05:30,development,risk_reversal,10019.09302785,9984.889541774999,10087.5,68.40697215,"[""ALL"", ""NORMAL""]"
2021-09-30,2021-09-24 10:00:00+05:30,development,batman,2435.850282449999,2365.0254236749993,2577.499999999999,141.64971755,"[""ALL"", ""NORMAL""]"
2021-09-30,2021-09-24 10:00:00+05:30,development,jade_lizard,-3259.9457132499992,-3306.168569874999,-3167.499999999999,92.44571325,"[""ALL"", ""NORMAL""]"
2021-09-30,2021-09-24 10:00:00+05:30,development,reverse_jade_lizard,4152.47255875,4102.458838125,4252.5,100.02744125000001,"[""ALL"", ""NORMAL""]"
2021-09-30,2021-09-24 10:00:00+05:30,development,long_iron_condor,1181.7189022999987,1120.0783534499988,1304.9999999999986,123.28109769999998,"[""ALL"", ""NORMAL""]"
2021-09-30,2021-09-24 10:00:00+05:30,development,long_iron_butterfly,573.5603812999991,507.8405719499991,704.9999999999991,131.43961869999998,"[""ALL"", ""NORMAL""]"
2021-09-30,2021-09-24 10:00:00+05:30,development,double_plateau,-568.2597556000005,-667.3896334000004,-370.00000000000045,198.2597556,"[""ALL"", ""NORMAL""]"
2021-09-30,2021-09-24 10:00:00+05:30,development,strip,4310.211964249998,4266.567946374998,4397.499999999998,87.28803574999998,"[""ALL"", ""NORMAL""]"
2021-09-30,2021-09-24 10:00:00+05:30,development,strap,-8656.44111475,-8693.411672125,-8582.5,73.94111475,"[""ALL"", ""NORMAL""]"
2021-09-30,2021-09-24 10:00:00+05:30,development,long_synthetic_future,-13056.026871,-13089.0403065,-12990.0,66.026871,"[""ALL"", ""NORMAL""]"
2021-09-30,2021-09-24 10:00:00+05:30,development,short_synthetic_future,12896.250028999999,12859.375043499998,12969.999999999998,73.749971,"[""ALL"", ""NORMAL""]"
2021-10-07,2021-10-01 10:00:00+05:30,development,buy_call,7842.024628649998,7819.286942974998,7887.499999999998,45.47537135,"[""ALL"", ""NORMAL""]"
2021-10-07,2021-10-01 10:00:00+05:30,development,sell_put,8236.328411199998,8219.492616799998,8269.999999999998,33.67158880000001,"[""ALL"", ""NORMAL""]"
2021-10-07,2021-10-01 10:00:00+05:30,development,bull_condor,-392.30643134999957,-462.2096470249995,-252.49999999999955,139.80643135000003,"[""ALL"", ""NORMAL""]"
2021-10-07,2021-10-01 10:00:00+05:30,development,bull_butterfly,-287.34398130000136,-348.51597195000136,-165.00000000000136,122.34398130000001,"[""ALL"", ""NORMAL""]"
2021-10-07,2021-10-01 10:00:00+05:30,development,range_forward,13603.52347085,13566.535206275,13677.5,73.97652915,"[""ALL"", ""NORMAL""]"
2021-10-07,2021-10-01 10:00:00+05:30,development,buy_put,-8308.7479638,-8323.1219457,-8280.0,28.7479638,"[""ALL"", ""NORMAL""]"
2021-10-07,2021-10-01 10:00:00+05:30,development,sell_call,-7938.2793338500005,-7958.669000775001,-7897.500000000001,40.77933385,"[""ALL"", ""NORMAL""]"
2021-10-07,2021-10-01 10:00:00+05:30,development,bear_condor,-347.8571197499991,-405.5356796249991,-232.4999999999991,115.35711975,"[""ALL"", ""NORMAL""]"
2021-10-07,2021-10-01 10:00:00+05:30,development,bear_butterfly,-215.86997434999998,-262.554961525,-122.5,93.36997434999998,"[""ALL"", ""NORMAL""]"
2021-10-07,2021-10-01 10:00:00+05:30,development,risk_reversal,-13763.33246665,-13796.248699975,-13697.5,65.83246665,"[""ALL"", ""NORMAL""]"
2021-10-07,2021-10-01 10:00:00+05:30,development,batman,1332.98690605,1255.730359075,1487.5,154.51309395,"[""ALL"", ""NORMAL""]"
2021-10-07,2021-10-01 10:00:00+05:30,development,jade_lizard,5524.464525149997,5470.446787724997,5632.499999999997,108.03547485000001,"[""ALL"", ""NORMAL""]"
2021-10-07,2021-10-01 10:00:00+05:30,development,reverse_jade_lizard,-5652.484072100002,-5701.226108150002,-5555.000000000002,97.4840721,"[""ALL"", ""NORMAL""]"
2021-10-07,2021-10-01 10:00:00+05:30,development,long_iron_condor,1035.5162716500013,969.5244074750013,1167.5000000000014,131.98372834999998,"[""ALL"", ""NORMAL""]"
2021-10-07,2021-10-01 10:00:00+05:30,development,long_iron_butterfly,504.7864636999982,434.6796955499982,644.9999999999982,140.21353630000002,"[""ALL"", ""NORMAL""]"
2021-10-07,2021-10-01 10:00:00+05:30,development,double_plateau,-503.21395565000137,-611.0709334750013,-287.50000000000136,215.71395565,"[""ALL"", ""NORMAL""]"
2021-10-07,2021-10-01 10:00:00+05:30,development,strip,-8751.871298950002,-8791.556948425003,-8672.500000000002,79.37129895000001,"[""ALL"", ""NORMAL""]"
2021-10-07,2021-10-01 10:00:00+05:30,development,strap,7398.901293499996,7350.851940249996,7494.999999999996,96.09870649999999,"[""ALL"", ""NORMAL""]"
2021-10-07,2021-10-01 10:00:00+05:30,development,long_synthetic_future,16078.353039849997,16038.779559774996,16157.499999999996,79.14696014999998,"[""ALL"", ""NORMAL""]"
2021-10-07,2021-10-01 10:00:00+05:30,development,short_synthetic_future,-16247.02729765,-16281.790946475,-16177.5,69.52729765,"[""ALL"", ""NORMAL""]"
2021-10-14,2021-10-08 10:00:00+05:30,development,buy_call,16321.2463639,16294.36954585,16375.0,53.7536361,"[""ALL"", ""LOW""]"
2021-10-14,2021-10-08 10:00:00+05:30,development,sell_put,6907.945930599999,6891.918895899999,6939.999999999999,32.054069399999996,"[""ALL"", ""LOW""]"
2021-10-14,2021-10-08 10:00:00+05:30,development,bull_condor,-413.4103610000018,-495.11554150000177,-250.00000000000182,163.410361,"[""ALL"", ""LOW""]"
2021-10-14,2021-10-08 10:00:00+05:30,development,bull_butterfly,-305.7626220000036,-378.6439330000036,-160.00000000000364,145.762622,"[""ALL"", ""LOW""]"
2021-10-14,2021-10-08 10:00:00+05:30,development,range_forward,20739.321254,20698.981881,20820.0,80.67874599999999,"[""ALL"", ""LOW""]"
2021-10-14,2021-10-08 10:00:00+05:30,development,buy_put,-6977.9217944,-6991.8826916,-6950.0,27.9217944,"[""ALL"", ""LOW""]"
2021-10-14,2021-10-08 10:00:00+05:30,development,sell_call,-16429.0075361,-16451.01130415,-16385.0,44.007536099999996,"[""ALL"", ""LOW""]"
2021-10-14,2021-10-08 10:00:00+05:30,development,bear_condor,-403.05754035,-458.33631052500004,-292.5,110.55754035000001,"[""ALL"", ""LOW""]"
2021-10-14,2021-10-08 10:00:00+05:30,development,bear_butterfly,-228.47050039999954,-272.70575059999953,-139.99999999999955,88.4705004,"[""ALL"", ""LOW""]"
2021-10-14,2021-10-08 10:00:00+05:30,development,risk_reversal,-20908.284896,-20942.427344,-20840.0,68.28489599999999,"[""ALL"", ""LOW""]"
2021-10-14,2021-10-08 10:00:00+05:30,development,batman,-8340.457744100004,-8423.186616150004,-8175.000000000004,165.45774409999999,"[""ALL"", ""LOW""]"
2021-10-14,2021-10-08 10:00:00+05:30,development,jade_lizard,4056.973410099998,3997.9601151499983,4174.999999999998,118.02658989999999,"[""ALL"", ""LOW""]"
2021-10-14,2021-10-08 10:00:00+05:30,development,reverse_jade_lizard,-14195.79356365,-14244.940345475,-14097.5,98.29356365,"[""ALL"", ""LOW""]"
2021-10-14,2021-10-08 10:00:00+05:30,development,long_iron_condor,1263.6646507,1192.99697605,1405.0,141.3353493,"[""ALL"", ""LOW""]"
2021-10-14,2021-10-08 10:00:00+05:30,development,long_iron_butterfly,538.1214704499982,463.43220567499816,687.4999999999982,149.37852955,"[""ALL"", ""LOW""]"
2021-10-14,2021-10-08 10:00:00+05:30,development,double_plateau,-534.2331224000036,-651.3496836000037,-300.00000000000364,234.2331224,"[""ALL"", ""LOW""]"
2021-10-14,2021-10-08 10:00:00+05:30,development,strip,2389.0027751,2346.00416265,2475.0,85.9972249,"[""ALL"", ""LOW""]"
2021-10-14,2021-10-08 10:00:00+05:30,development,strap,25688.1709334,25632.2564001,25800.0,111.82906659999998,"[""ALL"", ""LOW""]"
2021-10-14,2021-10-08 10:00:00+05:30,development,long_synthetic_future,23229.1922945,23186.28844175,23315.0,85.8077055,"[""ALL"", ""LOW""]"
2021-10-14,2021-10-08 10:00:00+05:30,development,short_synthetic_future,-23406.9293305,-23442.89399575,-23335.0,71.9293305,"[""ALL"", ""LOW""]"
2021-10-21,2021-10-14 10:00:00+05:30,development,buy_call,-5954.78204445,-5968.423066675,-5927.5,27.282044449999997,"[""ALL"", ""LOW""]"
2021-10-21,2021-10-14 10:00:00+05:30,development,sell_put,1241.1889614499999,1223.033442175,1277.4999999999998,36.31103855,"[""ALL"", ""LOW""]"
2021-10-21,2021-10-14 10:00:00+05:30,development,bull_condor,-444.44292725,-497.914390875,-337.5,106.94292725000001,"[""ALL"", ""LOW""]"
2021-10-21,2021-10-14 10:00:00+05:30,development,bull_butterfly,-277.26867814999997,-319.653017225,-192.5,84.76867814999997,"[""ALL"", ""LOW""]"
2021-10-21,2021-10-14 10:00:00+05:30,development,range_forward,-2207.3934622499996,-2237.3401933749997,-2147.4999999999995,59.89346225,"[""ALL"", ""LOW""]"
2021-10-21,2021-10-14 10:00:00+05:30,development,buy_put,-1323.0479510500006,-1340.8219265750006,-1287.5000000000007,35.54795105,"[""ALL"", ""LOW""]"
2021-10-21,2021-10-14 10:00:00+05:30,development,sell_call,5886.69406805,5871.291102075,5917.5,30.80593195,"[""ALL"", ""LOW""]"
2021-10-21,2021-10-14 10:00:00+05:30,development,bear_condor,2113.2281666000013,2054.842249900001,2230.0000000000014,116.77183339999999,"[""ALL"", ""LOW""]"
2021-10-21,2021-10-14 10:00:00+05:30,development,bear_butterfly,1197.10596655,1149.408949825,1292.5,95.39403345,"[""ALL"", ""LOW""]"
2021-10-21,2021-10-14 10:00:00+05:30,development,risk_reversal,2066.33472525,2035.752087875,2127.5,61.165274749999995,"[""ALL"", ""LOW""]"
2021-10-21,2021-10-14 10:00:00+05:30,development,batman,8154.00810055,8089.762150825,8282.5,128.49189945,"[""ALL"", ""LOW""]"
2021-10-21,2021-10-14 10:00:00+05:30,development,jade_lizard,3521.3325546,3476.9988319,3610.0,88.66744539999999,"[""ALL"", ""LOW""]"
2021-10-21,2021-10-14 10:00:00+05:30,development,reverse_jade_lizard,3186.7059710500002,3141.3089565750006,3277.5000000000005,90.79402895,"[""ALL"", ""LOW""]"
2021-10-21,2021-10-14 10:00:00+05:30,development,long_iron_condor,-344.27152439999907,-401.4072865999991,-229.9999999999991,114.2715244,"[""ALL"", ""LOW""]"
2021-10-21,2021-10-14 10:00:00+05:30,development,long_iron_butterfly,500.9905921499991,440.23588822499914,622.4999999999991,121.50940785,"[""ALL"", ""LOW""]"
2021-10-21,2021-10-14 10:00:00+05:30,development,double_plateau,919.8372884,829.7559326,1100.0,180.1627116,"[""ALL"", ""LOW""]"
2021-10-21,2021-10-14 10:00:00+05:30,development,strip,-8577.277946550003,-8614.666919825002,-8502.500000000002,74.77794654999998,"[""ALL"", ""LOW""]"
2021-10-21,2021-10-14 10:00:00+05:30,development,strap,-13209.01203995,-13242.268059925,-13142.5,66.51203995,"[""ALL"", ""LOW""]"
2021-10-21,2021-10-14 10:00:00+05:30,development,long_synthetic_future,-4713.593083,-4745.3896245,-4650.0,63.593083,"[""ALL"", ""LOW""]"
2021-10-21,2021-10-14 10:00:00+05:30,development,short_synthetic_future,4563.646116999999,4530.469175499999,4629.999999999999,66.353883,"[""ALL"", ""LOW""]"
2021-10-28,2021-10-22 10:00:00+05:30,development,buy_call,-7728.383086,-7742.574629,-7700.0,28.383086,"[""ALL"", ""NORMAL""]"
2021-10-28,2021-10-22 10:00:00+05:30,development,sell_put,-13251.283822050002,-13273.175733075002,-13207.500000000002,43.78382205,"[""ALL"", ""NORMAL""]"
2021-10-28,2021-10-22 10:00:00+05:30,development,bull_condor,-429.88286945,-486.07430417499995,-317.5,112.38286945,"[""ALL"", ""NORMAL""]"
2021-10-28,2021-10-22 10:00:00+05:30,development,bull_butterfly,-242.99017435000002,-288.235261525,-152.5,90.49017435,"[""ALL"", ""NORMAL""]"
2021-10-28,2021-10-22 10:00:00+05:30,development,range_forward,-18288.5544786,-18322.8317179,-18220.0,68.5544786,"[""ALL"", ""NORMAL""]"
2021-10-28,2021-10-22 10:00:00+05:30,development,buy_put,13145.86069045,13120.041035675,13197.5,51.63930954999999,"[""ALL"", ""NORMAL""]"
2021-10-28,2021-10-22 10:00:00+05:30,development,sell_call,7657.038388999999,7640.557583499999,7689.999999999999,32.961611,"[""ALL"", ""NORMAL""]"
2021-10-28,2021-10-22 10:00:00+05:30,development,bear_condor,-516.5261332500028,-596.0391998750027,-357.50000000000273,159.02613325000002,"[""ALL"", ""NORMAL""]"
2021-10-28,2021-10-22 10:00:00+05:30,development,bear_butterfly,-209.06191605000365,-279.84287407500364,-67.50000000000364,141.56191605,"[""ALL"", ""NORMAL""]"
2021-10-28,2021-10-22 10:00:00+05:30,development,risk_reversal,18120.6105714,18080.9158571,18200.0,79.3894286,"[""ALL"", ""NORMAL""]"
2021-10-28,2021-10-22 10:00:00+05:30,development,batman,-4479.9846239000035,-4562.476935850003,-4315.000000000004,164.98462390000003,"[""ALL"", ""NORMAL""]"
2021-10-28,2021-10-22 10:00:00+05:30,development,jade_lizard,-10764.307842300004,-10813.961763450003,-10665.000000000004,99.3078423,"[""ALL"", ""NORMAL""]"
2021-10-28,2021-10-22 10:00:00+05:30,development,reverse_jade_lizard,4680.856862449998,4622.535293674997,4797.499999999997,116.64313755,"[""ALL"", ""NORMAL""]"
2021-10-28,2021-10-22 10:00:00+05:30,development,long_iron_condor,1054.8203549,984.73053235,1195.0,140.17964510000002,"[""ALL"", ""NORMAL""]"
2021-10-28,2021-10-22 10:00:00+05:30,development,long_iron_butterfly,536.6626192999981,462.4939289499982,684.9999999999982,148.3373807,"[""ALL"", ""NORMAL""]"
2021-10-28,2021-10-22 10:00:00+05:30,development,double_plateau,-452.05209040000364,-568.0781356000036,-220.00000000000364,232.05209040000003,"[""ALL"", ""NORMAL""]"
2021-10-28,2021-10-22 10:00:00+05:30,development,strip,18586.9382949,18532.90744235,18695.0,108.0617051,"[""ALL"", ""NORMAL""]"
2021-10-28,2021-10-22 10:00:00+05:30,development,strap,-2287.30548155,-2329.708222325,-2202.5,84.80548155000002,"[""ALL"", ""NORMAL""]"
2021-10-28,2021-10-22 10:00:00+05:30,development,long_synthetic_future,-20979.66690805,-21015.750362075,-20907.5,72.16690804999999,"[""ALL"", ""NORMAL""]"
2021-10-28,2021-10-22 10:00:00+05:30,development,short_synthetic_future,20802.89907945,20760.598619175,20887.5,84.60092054999998,"[""ALL"", ""NORMAL""]"
2021-11-18,2021-11-12 10:00:00+05:30,development,buy_call,-5827.2074374,-5840.8111561,-5800.0,27.207437399999996,"[""ALL"", ""NORMAL""]"
2021-11-18,2021-11-12 10:00:00+05:30,development,sell_put,-5583.4498553,-5602.67478295,-5545.0,38.4498553,"[""ALL"", ""NORMAL""]"
2021-11-18,2021-11-12 10:00:00+05:30,development,bull_condor,-491.26045630000044,-544.3906844500004,-385.00000000000045,106.2604563,"[""ALL"", ""NORMAL""]"
2021-11-18,2021-11-12 10:00:00+05:30,development,bull_butterfly,-311.5876292500009,-353.6314438750009,-227.5000000000009,84.08762924999999,"[""ALL"", ""NORMAL""]"
2021-11-18,2021-11-12 10:00:00+05:30,development,range_forward,-8879.47888965,-8910.468334475,-8817.5,61.97888965,"[""ALL"", ""NORMAL""]"
2021-11-18,2021-11-12 10:00:00+05:30,development,buy_put,5493.253844699999,5472.380767049999,5534.999999999999,41.7461553,"[""ALL"", ""NORMAL""]"
2021-11-18,2021-11-12 10:00:00+05:30,development,sell_call,5759.3445376,5744.0168064,5790.0,30.6554624,"[""ALL"", ""NORMAL""]"
2021-11-18,2021-11-12 10:00:00+05:30,development,bear_condor,-390.7051213500001,-454.80768202500013,-262.5000000000001,128.20512134999998,"[""ALL"", ""NORMAL""]"
2021-11-18,2021-11-12 10:00:00+05:30,development,bear_butterfly,-258.12453405000184,-313.43680107500177,-147.50000000000182,110.62453405000001,"[""ALL"", ""NORMAL""]"
2021-11-18,2021-11-12 10:00:00+05:30,development,risk_reversal,8730.28064785,8696.670971775,8797.5,67.21935214999999,"[""ALL"", ""NORMAL""]"
2021-11-18,2021-11-12 10:00:00+05:30,development,batman,1243.8745603499974,1174.5618405249973,1382.4999999999973,138.62543964999998,"[""ALL"", ""NORMAL""]"
2021-11-18,2021-11-12 10:00:00+05:30,development,jade_lizard,-3260.550192000001,-3305.825288000001,-3170.000000000001,90.55019200000001,"[""ALL"", ""NORMAL""]"
2021-11-18,2021-11-12 10:00:00+05:30,development,reverse_jade_lizard,2960.972700199999,2911.459050299999,3059.999999999999,99.0272998,"[""ALL"", ""NORMAL""]"
2021-11-18,2021-11-12 10:00:00+05:30,development,long_iron_condor,1188.3985992000005,1127.5978988000004,1310.0000000000005,121.60140080000001,"[""ALL"", ""NORMAL""]"
2021-11-18,2021-11-12 10:00:00+05:30,development,long_iron_butterfly,510.37114479999775,445.55671719999776,639.9999999999977,129.6288552,"[""ALL"", ""NORMAL""]"
2021-11-18,2021-11-12 10:00:00+05:30,development,double_plateau,-569.7121633000027,-667.0682449500027,-375.00000000000273,194.71216329999996,"[""ALL"", ""NORMAL""]"
2021-11-18,2021-11-12 10:00:00+05:30,development,strip,5182.9002519999985,5139.350377999998,5269.999999999998,87.09974799999999,"[""ALL"", ""NORMAL""]"
2021-11-18,2021-11-12 10:00:00+05:30,development,strap,-6137.561030100001,-6173.8415451500005,-6065.000000000001,72.5610301,"[""ALL"", ""NORMAL""]"
2021-11-18,2021-11-12 10:00:00+05:30,development,long_synthetic_future,-11410.6572927,-11443.48593905,-11345.0,65.6572927,"[""ALL"", ""NORMAL""]"
2021-11-18,2021-11-12 10:00:00+05:30,development,short_synthetic_future,11252.5983823,11216.39757345,11325.0,72.4016177,"[""ALL"", ""NORMAL""]"
2021-11-25,2021-11-18 10:00:00+05:30,development,buy_call,-7175.539884050001,-7189.559826075001,-7147.500000000001,28.039884049999998,"[""ALL"", ""LOW""]"
2021-11-25,2021-11-18 10:00:00+05:30,development,sell_put,-9341.260099800002,-9361.890149700002,-9300.000000000002,41.2600998,"[""ALL"", ""LOW""]"
2021-11-25,2021-11-18 10:00:00+05:30,development,bull_condor,-395.32780489999953,-450.4917073499996,-284.99999999999955,110.32780489999999,"[""ALL"", ""LOW""]"
2021-11-25,2021-11-18 10:00:00+05:30,development,bull_butterfly,-213.4336223,-257.65043345,-125.0,88.4336223,"[""ALL"", ""LOW""]"
2021-11-25,2021-11-18 10:00:00+05:30,development,range_forward,-13743.15468065,-13775.982020975,-13677.5,65.65468065,"[""ALL"", ""LOW""]"
2021-11-25,2021-11-18 10:00:00+05:30,development,buy_put,9243.2093752,9219.8140628,9290.0,46.7906248,"[""ALL"", ""LOW""]"
2021-11-25,2021-11-18 10:00:00+05:30,development,sell_call,7105.21032845,7089.065492675,7137.5,32.28967155,"[""ALL"", ""LOW""]"
2021-11-25,2021-11-18 10:00:00+05:30,development,bear_condor,-406.7820213500005,-478.92303202500045,-262.50000000000045,144.28202135,"[""ALL"", ""LOW""]"
2021-11-25,2021-11-18 10:00:00+05:30,development,bear_butterfly,-214.1457896500018,-277.46868447500185,-87.50000000000182,126.64578965,"[""ALL"", ""LOW""]"
2021-11-25,2021-11-18 10:00:00+05:30,development,risk_reversal,13583.71315685,13546.819735275,13657.5,73.78684314999998,"[""ALL"", ""LOW""]"
2021-11-25,2021-11-18 10:00:00+05:30,development,batman,-1190.7566324499999,-1267.384948675,-1037.5,153.25663244999996,"[""ALL"", ""LOW""]"
2021-11-25,2021-11-18 10:00:00+05:30,development,jade_lizard,-6785.6903018,-6833.5354527,-6690.0,95.69030179999997,"[""ALL"", ""LOW""]"
2021-11-25,2021-11-18 10:00:00+05:30,development,reverse_jade_lizard,4138.99462985,4084.741944775,4247.5,108.50537014999999,"[""ALL"", ""LOW""]"
2021-11-25,2021-11-18 10:00:00+05:30,development,long_iron_condor,1050.8287537499996,984.9931306249996,1182.4999999999995,131.67124625,"[""ALL"", ""LOW""]"
2021-11-25,2021-11-18 10:00:00+05:30,development,long_iron_butterfly,500.1140825999973,430.17112389999727,639.9999999999973,139.88591739999998,"[""ALL"", ""LOW""]"
2021-11-25,2021-11-18 10:00:00+05:30,development,double_plateau,-525.0710760000009,-632.606614000001,-310.0000000000009,215.07107599999995,"[""ALL"", ""LOW""]"
2021-11-25,2021-11-18 10:00:00+05:30,development,strip,11334.47886635,11285.468299525,11432.5,98.02113365000001,"[""ALL"", ""LOW""]"
2021-11-25,2021-11-18 10:00:00+05:30,development,strap,-5084.270392900002,-5123.905589350002,-5005.000000000002,79.27039290000002,"[""ALL"", ""LOW""]"
2021-11-25,2021-11-18 10:00:00+05:30,development,long_synthetic_future,-16516.799983850004,-16551.449975775005,-16447.500000000004,69.29998384999999,"[""ALL"", ""LOW""]"
2021-11-25,2021-11-18 10:00:00+05:30,development,short_synthetic_future,16348.41970365,16308.879555475,16427.5,79.08029635,"[""ALL"", ""LOW""]"
2021-12-02,2021-11-26 10:00:00+05:30,development,buy_call,1493.8467026999995,1473.2700540499995,1534.9999999999995,41.1532973,"[""ALL"", ""NORMAL""]"
2021-12-02,2021-11-26 10:00:00+05:30,development,sell_put,6353.6255039,6337.93825585,6385.0,31.374496099999998,"[""ALL"", ""NORMAL""]"
2021-12-02,2021-11-26 10:00:00+05:30,development,bull_condor,-403.1347983000009,-467.2021974500009,-275.0000000000009,128.1347983,"[""ALL"", ""NORMAL""]"
2021-12-02,2021-11-26 10:00:00+05:30,development,bull_butterfly,-281.02435619999954,-336.5365342999995,-169.99999999999955,111.0243562,"[""ALL"", ""NORMAL""]"
2021-12-02,2021-11-26 10:00:00+05:30,development,range_forward,5822.55929,5788.838935,5890.0,67.44071,"[""ALL"", ""NORMAL""]"
2021-12-02,2021-11-26 10:00:00+05:30,development,buy_put,-6422.5724461,-6436.35866915,-6395.0,27.572446099999997,"[""ALL"", ""NORMAL""]"
2021-12-02,2021-11-26 10:00:00+05:30,development,sell_call,-1585.2369973000018,-1605.3554959500018,-1545.0000000000018,40.2369973,"[""ALL"", ""NORMAL""]"
2021-12-02,2021-11-26 10:00:00+05:30,development,bear_condor,-360.0534265999986,-415.08013989999864,-249.99999999999864,110.0534266,"[""ALL"", ""NORMAL""]"
2021-12-02,2021-11-26 10:00:00+05:30,development,bear_butterfly,-247.69285919999774,-291.53928879999773,-159.99999999999773,87.69285920000002,"[""ALL"", ""NORMAL""]"
2021-12-02,2021-11-26 10:00:00+05:30,development,risk_reversal,-5973.930210000002,-6005.895315000002,-5910.000000000002,63.93020999999999,"[""ALL"", ""NORMAL""]"
2021-12-02,2021-11-26 10:00:00+05:30,development,batman,5581.9660447000015,5510.449067050002,5725.000000000002,143.0339553,"[""ALL"", ""NORMAL""]"
2021-12-02,2021-11-26 10:00:00+05:30,development,jade_lizard,4044.460222099999,3994.190333149999,4144.999999999999,100.53977789999999,"[""ALL"", ""NORMAL""]"
2021-12-02,2021-11-26 10:00:00+05:30,development,reverse_jade_lizard,256.40447899999907,209.6067184999991,349.9999999999991,93.595521,"[""ALL"", ""NORMAL""]"
2021-12-02,2021-11-26 10:00:00+05:30,development,long_iron_condor,966.5026673999996,904.7540010999995,1089.9999999999995,123.4973326,"[""ALL"", ""NORMAL""]"
2021-12-02,2021-11-26 10:00:00+05:30,development,long_iron_butterfly,343.26592770000116,277.3988915500011,475.00000000000114,131.7340723,"[""ALL"", ""NORMAL""]"
2021-12-02,2021-11-26 10:00:00+05:30,development,double_plateau,-528.7172153999973,-628.0758230999973,-329.99999999999727,198.7172154,"[""ALL"", ""NORMAL""]"
2021-12-02,2021-11-26 10:00:00+05:30,development,strip,-11327.6981895,-11364.04728425,-11255.0,72.6981895,"[""ALL"", ""NORMAL""]"
2021-12-02,2021-11-26 10:00:00+05:30,development,strap,-3411.279040700001,-3454.418561050001,-3325.000000000001,86.2790407,"[""ALL"", ""NORMAL""]"
2021-12-02,2021-11-26 10:00:00+05:30,development,long_synthetic_future,7847.4722066,7811.2083099,7920.0,72.52779340000001,"[""ALL"", ""NORMAL""]"
2021-12-02,2021-11-26 10:00:00+05:30,development,short_synthetic_future,-8007.809443400002,-8041.714165100002,-7940.000000000002,67.80944339999999,"[""ALL"", ""NORMAL""]"
2021-12-09,2021-12-03 10:00:00+05:30,development,buy_call,286.3288285,266.99324275,325.0,38.6711715,"[""ALL"", ""FALLING"", ""NORMAL""]"
2021-12-09,2021-12-03 10:00:00+05:30,development,sell_put,6945.404917249999,6929.357375874999,6977.499999999999,32.09508275,"[""ALL"", ""FALLING"", ""NORMAL""]"
2021-12-09,2021-12-03 10:00:00+05:30,development,bull_condor,1227.9686998,1166.9530497,1350.0,122.03130020000002,"[""ALL"", ""FALLING"", ""NORMAL""]"
2021-12-09,2021-12-03 10:00:00+05:30,development,bull_butterfly,-250.34790785000044,-301.77186177500045,-147.50000000000045,102.84790784999998,"[""ALL"", ""FALLING"", ""NORMAL""]"
2021-12-09,2021-12-03 10:00:00+05:30,development,range_forward,5169.348062299999,5136.522093449999,5234.999999999999,65.65193769999999,"[""ALL"", ""FALLING"", ""NORMAL""]"
2021-12-09,2021-12-03 10:00:00+05:30,development,buy_put,-7015.44049525,-7029.410742875,-6987.5,27.94049525,"[""ALL"", ""FALLING"", ""NORMAL""]"
2021-12-09,2021-12-03 10:00:00+05:30,development,sell_call,-373.47482150000224,-392.7122322500023,-335.0000000000023,38.47482149999999,"[""ALL"", ""FALLING"", ""NORMAL""]"
2021-12-09,2021-12-03 10:00:00+05:30,development,bear_condor,-386.83741509999953,-442.7561226499995,-274.99999999999955,111.83741509999999,"[""ALL"", ""FALLING"", ""NORMAL""]"
2021-12-09,2021-12-03 10:00:00+05:30,development,bear_butterfly,-297.03216485,-341.798247275,-207.5,89.53216485000002,"[""ALL"", ""FALLING"", ""NORMAL""]"
2021-12-09,2021-12-03 10:00:00+05:30,development,risk_reversal,-5317.5311627,-5348.79674405,-5255.0,62.53116269999998,"[""ALL"", ""FALLING"", ""NORMAL""]"
2021-12-09,2021-12-03 10:00:00+05:30,development,batman,7316.2009453,7246.80141795,7455.0,138.79905469999997,"[""ALL"", ""FALLING"", ""NORMAL""]"
2021-12-09,2021-12-03 10:00:00+05:30,development,jade_lizard,4562.9312022,4514.3968033,4660.0,97.0687978,"[""ALL"", ""FALLING"", ""NORMAL""]"
2021-12-09,2021-12-03 10:00:00+05:30,development,reverse_jade_lizard,1539.66439515,1493.246592725,1632.5,92.83560485000002,"[""ALL"", ""FALLING"", ""NORMAL""]"
2021-12-09,2021-12-03 10:00:00+05:30,development,long_iron_condor,949.6826567999991,889.5239851999991,1069.999999999999,120.31734320000001,"[""ALL"", ""FALLING"", ""NORMAL""]"
2021-12-09,2021-12-03 10:00:00+05:30,development,long_iron_butterfly,296.4364685000005,232.15470275000047,425.00000000000045,128.56353149999998,"[""ALL"", ""FALLING"", ""NORMAL""]"
2021-12-09,2021-12-03 10:00:00+05:30,development,double_plateau,-547.3800727000005,-643.5701090500004,-355.00000000000045,192.38007269999997,"[""ALL"", ""FALLING"", ""NORMAL""]"
2021-12-09,2021-12-03 10:00:00+05:30,development,strip,-13720.952162,-13756.428243,-13650.0,70.95216200000002,"[""ALL"", ""FALLING"", ""NORMAL""]"
2021-12-09,2021-12-03 10:00:00+05:30,development,strap,-6419.18283825,-6460.024257375,-6337.5,81.68283825,"[""ALL"", ""FALLING"", ""NORMAL""]"
2021-12-09,2021-12-03 10:00:00+05:30,development,long_synthetic_future,7231.733745749999,7196.350618624999,7302.499999999999,70.76625425000002,"[""ALL"", ""FALLING"", ""NORMAL""]"
2021-12-09,2021-12-03 10:00:00+05:30,development,short_synthetic_future,-7388.915316750002,-7422.122975125002,-7322.500000000002,66.41531675000002,"[""ALL"", ""FALLING"", ""NORMAL""]"
2021-12-16,2021-12-10 10:00:00+05:30,development,buy_call,-7405.6827554500005,-7419.774133175001,-7377.500000000001,28.18275545,"[""ALL"", ""NORMAL""]"
2021-12-16,2021-12-10 10:00:00+05:30,development,sell_put,-3904.871078650001,-3923.556617975001,-3867.500000000001,37.37107865,"[""ALL"", ""NORMAL""]"
2021-12-16,2021-12-10 10:00:00+05:30,development,bull_condor,-425.30050629999954,-480.45075944999957,-314.99999999999955,110.30050629999998,"[""ALL"", ""NORMAL""]"
2021-12-16,2021-12-10 10:00:00+05:30,development,bull_butterfly,-286.03837204999957,-330.3075580749995,-197.49999999999955,88.53837205,"[""ALL"", ""NORMAL""]"
2021-12-16,2021-12-10 10:00:00+05:30,development,range_forward,-8447.0042069,-8478.00631035,-8385.0,62.0042069,"[""ALL"", ""NORMAL""]"
2021-12-16,2021-12-10 10:00:00+05:30,development,buy_put,3817.8307338500003,3797.9961007750003,3857.5000000000005,39.66926615,"[""ALL"", ""NORMAL""]"
2021-12-16,2021-12-10 10:00:00+05:30,development,sell_call,7334.93060705,7318.645910575,7367.5,32.56939295,"[""ALL"", ""NORMAL""]"
2021-12-16,2021-12-10 10:00:00+05:30,development,bear_condor,-293.48995460000003,-355.2349319,-170.0,123.48995460000003,"[""ALL"", ""NORMAL""]"
2021-12-16,2021-12-10 10:00:00+05:30,development,bear_butterfly,-93.23882244999932,-146.10823367499933,12.500000000000682,105.73882245,"[""ALL"", ""NORMAL""]"
2021-12-16,2021-12-10 10:00:00+05:30,development,risk_reversal,8298.0126681,8264.51900215,8365.0,66.9873319,"[""ALL"", ""NORMAL""]"
2021-12-16,2021-12-10 10:00:00+05:30,development,batman,4550.6501062,4480.9751593,4690.0,139.3498938,"[""ALL"", ""NORMAL""]"
2021-12-16,2021-12-10 10:00:00+05:30,development,jade_lizard,-1257.161820900001,-1303.242731350001,-1165.000000000001,92.1618209,"[""ALL"", ""NORMAL""]"
2021-12-16,2021-12-10 10:00:00+05:30,development,reverse_jade_lizard,4136.9230699,4087.88460485,4235.0,98.0769301,"[""ALL"", ""NORMAL""]"
2021-12-16,2021-12-10 10:00:00+05:30,development,long_iron_condor,1083.7651549000004,1023.1477323500005,1205.0000000000005,121.2348451,"[""ALL"", ""NORMAL""]"
2021-12-16,2021-12-10 10:00:00+05:30,development,long_iron_butterfly,520.5794662000001,455.8691993,650.0,129.4205338,"[""ALL"", ""NORMAL""]"
2021-12-16,2021-12-10 10:00:00+05:30,development,double_plateau,-379.27719449999864,-476.4157917499986,-184.99999999999864,194.2771945,"[""ALL"", ""NORMAL""]"
2021-12-16,2021-12-10 10:00:00+05:30,development,strip,253.57871225,211.618068375,337.5,83.92128775,"[""ALL"", ""NORMAL""]"
2021-12-16,2021-12-10 10:00:00+05:30,development,strap,-10969.934777050003,-11006.152165575002,-10897.500000000002,72.43477705,"[""ALL"", ""NORMAL""]"
2021-12-16,2021-12-10 10:00:00+05:30,development,long_synthetic_future,-11310.553834100001,-11343.330751150002,-11245.000000000002,65.5538341,"[""ALL"", ""NORMAL""]"
2021-12-16,2021-12-10 10:00:00+05:30,development,short_synthetic_future,11152.7613409,11116.64201135,11225.0,72.2386591,"[""ALL"", ""NORMAL""]"
2021-12-23,2021-12-17 10:00:00+05:30,development,buy_call,-7160.53056635,-7174.545849525,-7132.5,28.03056635,"[""ALL"", ""LOW""]"
2021-12-23,2021-12-17 10:00:00+05:30,development,sell_put,6178.767584349999,6161.901376524999,6212.499999999999,33.73241564999999,"[""ALL"", ""LOW""]"
2021-12-23,2021-12-17 10:00:00+05:30,development,bull_condor,-395.68149669999866,-451.0222450499987,-284.99999999999864,110.6814967,"[""ALL"", ""LOW""]"
2021-12-23,2021-12-17 10:00:00+05:30,development,bull_butterfly,-271.2081969499982,-315.5622954249982,-182.49999999999818,88.70819695,"[""ALL"", ""LOW""]"
2021-12-23,2021-12-17 10:00:00+05:30,development,range_forward,488.7294098499991,459.34411477499907,547.4999999999991,58.77059014999999,"[""ALL"", ""LOW""]"
2021-12-23,2021-12-17 10:00:00+05:30,development,buy_put,-6252.53300315,-6267.549504725,-6222.5,30.03300315,"[""ALL"", ""LOW""]"
2021-12-23,2021-12-17 10:00:00+05:30,development,sell_call,7090.228571149999,7074.092856724999,7122.499999999999,32.27142885,"[""ALL"", ""LOW""]"
2021-12-23,2021-12-17 10:00:00+05:30,development,bear_condor,-340.84210465,-397.513156975,-227.5,113.34210465000001,"[""ALL"", ""LOW""]"
2021-12-23,2021-12-17 10:00:00+05:30,development,bear_butterfly,-221.22032860000002,-266.83049289999997,-130.0,91.22032860000002,"[""ALL"", ""LOW""]"
2021-12-23,2021-12-17 10:00:00+05:30,development,risk_reversal,-625.93887765,-655.158316475,-567.5,58.438877649999995,"[""ALL"", ""LOW""]"
2021-12-23,2021-12-17 10:00:00+05:30,development,batman,8190.132257850002,8126.448386775001,8317.500000000002,127.36774215000001,"[""ALL"", ""LOW""]"
2021-12-23,2021-12-17 10:00:00+05:30,development,jade_lizard,7461.0928648,7416.6392972,7550.0,88.9071352,"[""ALL"", ""LOW""]"
2021-12-23,2021-12-17 10:00:00+05:30,development,reverse_jade_lizard,6768.16269765,6723.494046475,6857.5,89.33730234999999,"[""ALL"", ""LOW""]"
2021-12-23,2021-12-17 10:00:00+05:30,development,long_iron_condor,-3920.1031860499997,-3976.4047790749996,-3807.4999999999995,112.60318605,"[""ALL"", ""LOW""]"
2021-12-23,2021-12-17 10:00:00+05:30,development,long_iron_butterfly,-3105.390689249999,-3164.336033874999,-2987.499999999999,117.89068925000001,"[""ALL"", ""LOW""]"
2021-12-23,2021-12-17 10:00:00+05:30,development,double_plateau,-492.4285255499982,-582.3927883249983,-312.4999999999982,179.92852555,"[""ALL"", ""LOW""]"
2021-12-23,2021-12-17 10:00:00+05:30,development,strip,-19641.99657265,-19674.244858975,-19577.5,64.49657265,"[""ALL"", ""LOW""]"
2021-12-23,2021-12-17 10:00:00+05:30,development,strap,-20549.99413585,-20581.241203775,-20487.5,62.494135850000006,"[""ALL"", ""LOW""]"
2021-12-23,2021-12-17 10:00:00+05:30,development,long_synthetic_future,-981.7629820000009,-1012.644473000001,-920.0000000000009,61.76298200000001,"[""ALL"", ""LOW""]"
2021-12-23,2021-12-17 10:00:00+05:30,development,short_synthetic_future,837.6955679999991,806.5433519999991,899.9999999999991,62.304432000000006,"[""ALL"", ""LOW""]"
2021-12-30,2021-12-24 10:00:00+05:30,development,buy_call,2801.8970717499983,2781.595607624998,2842.499999999998,40.602928250000005,"[""ALL"", ""LOW""]"
2021-12-30,2021-12-24 10:00:00+05:30,development,sell_put,6733.163355499999,6717.245033249999,6764.999999999999,31.836644500000002,"[""ALL"", ""LOW""]"
2021-12-30,2021-12-24 10:00:00+05:30,development,bull_condor,-400.26392329999953,-462.8958849499995,-274.99999999999955,125.2639233,"[""ALL"", ""LOW""]"
2021-12-30,2021-12-24 10:00:00+05:30,development,bull_butterfly,-213.03961009999978,-267.05941514999984,-104.99999999999977,108.0396101,"[""ALL"", ""LOW""]"
2021-12-30,2021-12-24 10:00:00+05:30,development,range_forward,7320.16269505,7286.494042575,7387.5,67.33730495,"[""ALL"", ""LOW""]"
2021-12-30,2021-12-24 10:00:00+05:30,development,buy_put,-6802.8084945,-6816.71274175,-6775.0,27.808494500000002,"[""ALL"", ""LOW""]"
2021-12-30,2021-12-24 10:00:00+05:30,development,sell_call,-2891.4086657500006,-2910.8629986250003,-2852.5000000000005,38.90866575,"[""ALL"", ""LOW""]"
2021-12-30,2021-12-24 10:00:00+05:30,development,bear_condor,-393.4509543500004,-448.92643152500045,-282.50000000000045,110.95095434999999,"[""ALL"", ""LOW""]"
2021-12-30,2021-12-24 10:00:00+05:30,development,bear_butterfly,-253.67435929999954,-298.0115389499996,-164.99999999999955,88.67435929999998,"[""ALL"", ""LOW""]"
2021-12-30,2021-12-24 10:00:00+05:30,development,risk_reversal,-7470.435792450001,-7501.903688675001,-7407.500000000001,62.935792449999994,"[""ALL"", ""LOW""]"
2021-12-30,2021-12-24 10:00:00+05:30,development,batman,4826.24167345,4755.612510175,4967.5,141.25832655,"[""ALL"", ""LOW""]"
2021-12-30,2021-12-24 10:00:00+05:30,development,jade_lizard,4263.18855795,4213.532836925,4362.5,99.31144205,"[""ALL"", ""LOW""]"
2021-12-30,2021-12-24 10:00:00+05:30,development,reverse_jade_lizard,-860.4576036500009,-906.9364054750009,-767.5000000000009,92.95760365000001,"[""ALL"", ""LOW""]"
2021-12-30,2021-12-24 10:00:00+05:30,development,long_iron_condor,1002.5119896999996,941.2679845499996,1124.9999999999995,122.48801029999997,"[""ALL"", ""LOW""]"
2021-12-30,2021-12-24 10:00:00+05:30,development,long_iron_butterfly,466.82041644999816,401.4806246749982,597.4999999999982,130.67958355000002,"[""ALL"", ""LOW""]"
2021-12-30,2021-12-24 10:00:00+05:30,development,double_plateau,-466.7139693999993,-565.0709540999993,-269.9999999999993,196.7139694,"[""ALL"", ""LOW""]"
2021-12-30,2021-12-24 10:00:00+05:30,development,strip,-10780.119917250002,-10816.429875875001,-10707.500000000002,72.61991725,"[""ALL"", ""LOW""]"
2021-12-30,2021-12-24 10:00:00+05:30,development,strap,-1175.4143510000035,-1218.1215265000037,-1090.0000000000036,85.41435100000001,"[""ALL"", ""LOW""]"
2021-12-30,2021-12-24 10:00:00+05:30,development,long_synthetic_future,9535.060427249997,9498.840640874996,9607.499999999996,72.43957275,"[""ALL"", ""LOW""]"
2021-12-30,2021-12-24 10:00:00+05:30,development,short_synthetic_future,-9694.21716025,-9727.575740375,-9627.5,66.71716024999999,"[""ALL"", ""LOW""]"
2022-01-06,2021-12-31 10:00:00+05:30,development,buy_call,13443.426063099998,13417.639094649998,13494.999999999998,51.5739369,"[""ALL"", ""NORMAL""]"
2022-01-06,2021-12-31 10:00:00+05:30,development,sell_put,6483.467400499999,6467.701100749999,6514.999999999999,31.5325995,"[""ALL"", ""NORMAL""]"
2022-01-06,2021-12-31 10:00:00+05:30,development,bull_condor,-589.5286587500009,-668.0429881250009,-432.5000000000009,157.02865874999998,"[""ALL"", ""NORMAL""]"
2022-01-06,2021-12-31 10:00:00+05:30,development,bull_butterfly,-374.64486769999996,-444.46730155,-235.0,139.6448677,"[""ALL"", ""NORMAL""]"
2022-01-06,2021-12-31 10:00:00+05:30,development,range_forward,17584.56351975,17545.595279625,17662.5,77.93648025,"[""ALL"", ""NORMAL""]"
2022-01-06,2021-12-31 10:00:00+05:30,development,buy_put,-6552.6531995,-6566.47979925,-6525.0,27.6531995,"[""ALL"", ""NORMAL""]"
2022-01-06,2021-12-31 10:00:00+05:30,development,sell_call,-13548.541436900001,-13570.312155350002,-13505.000000000002,43.5414369,"[""ALL"", ""NORMAL""]"
2022-01-06,2021-12-31 10:00:00+05:30,development,bear_condor,-374.7779534999995,-429.6669302499995,-264.99999999999955,109.77795349999998,"[""ALL"", ""NORMAL""]"
2022-01-06,2021-12-31 10:00:00+05:30,development,bear_butterfly,-227.5518204,-271.3277306,-140.0,87.5518204,"[""ALL"", ""NORMAL""]"
2022-01-06,2021-12-31 10:00:00+05:30,development,risk_reversal,-17749.92134275,-17783.632014125,-17682.5,67.42134275000001,"[""ALL"", ""NORMAL""]"
2022-01-06,2021-12-31 10:00:00+05:30,development,batman,-6118.3648974499965,-6198.797346174996,-5957.499999999996,160.86489744999997,"[""ALL"", ""NORMAL""]"
2022-01-06,2021-12-31 10:00:00+05:30,development,jade_lizard,3980.3136449000026,3922.9704673500028,4095.0000000000027,114.6863551,"[""ALL"", ""NORMAL""]"
2022-01-06,2021-12-31 10:00:00+05:30,development,reverse_jade_lizard,-11454.596804449997,-11503.145206674997,-11357.499999999996,97.09680445,"[""ALL"", ""NORMAL""]"
2022-01-06,2021-12-31 10:00:00+05:30,development,long_iron_condor,1027.2591885,958.38878275,1165.0,137.7408115,"[""ALL"", ""NORMAL""]"
2022-01-06,2021-12-31 10:00:00+05:30,development,long_iron_butterfly,501.5370798500018,428.55561977500184,647.5000000000018,145.96292015,"[""ALL"", ""NORMAL""]"
2022-01-06,2021-12-31 10:00:00+05:30,development,double_plateau,-609.7243139499964,-723.3364709249963,-382.49999999999636,227.22431394999998,"[""ALL"", ""NORMAL""]"
2022-01-06,2021-12-31 10:00:00+05:30,development,strip,361.71966409999817,320.0794961499982,444.9999999999982,83.2803359,"[""ALL"", ""NORMAL""]"
2022-01-06,2021-12-31 10:00:00+05:30,development,strap,20357.798926699998,20304.198390049998,20464.999999999996,107.2010733,"[""ALL"", ""NORMAL""]"
2022-01-06,2021-12-31 10:00:00+05:30,development,long_synthetic_future,19926.893463599998,19885.340195399996,20009.999999999996,83.1065364,"[""ALL"", ""NORMAL""]"
2022-01-06,2021-12-31 10:00:00+05:30,development,short_synthetic_future,-20101.1946364,-20136.7919546,-20030.0,71.1946364,"[""ALL"", ""NORMAL""]"
2022-01-13,2022-01-07 10:00:00+05:30,development,buy_call,10977.898065649999,10953.097098474998,11027.499999999998,49.60193435000001,"[""ALL"", ""NORMAL""]"
2022-01-13,2022-01-07 10:00:00+05:30,development,sell_put,7092.7255307,7076.58829605,7125.0,32.27446930000001,"[""ALL"", ""NORMAL""]"
2022-01-13,2022-01-07 10:00:00+05:30,development,bull_condor,-429.82519565000365,-505.9877934750036,-277.50000000000364,152.32519565,"[""ALL"", ""NORMAL""]"
2022-01-13,2022-01-07 10:00:00+05:30,development,bull_butterfly,-347.4410297500036,-414.9115446250036,-212.50000000000364,134.94102974999998,"[""ALL"", ""NORMAL""]"
2022-01-13,2022-01-07 10:00:00+05:30,development,range_forward,15710.727661049998,15672.341491574998,15787.499999999998,76.77233894999999,"[""ALL"", ""NORMAL""]"
2022-01-13,2022-01-07 10:00:00+05:30,development,buy_put,-7163.032119300001,-7177.048178950001,-7135.000000000001,28.032119300000005,"[""ALL"", ""NORMAL""]"
2022-01-13,2022-01-07 10:00:00+05:30,development,sell_call,-11080.53759685,-11102.056395275,-11037.5,43.03759685,"[""ALL"", ""NORMAL""]"
2022-01-13,2022-01-07 10:00:00+05:30,development,bear_condor,-411.5084395999977,-467.2626593999977,-299.9999999999977,111.5084396,"[""ALL"", ""NORMAL""]"
2022-01-13,2022-01-07 10:00:00+05:30,development,bear_butterfly,-256.8878892499982,-301.5818338749982,-167.49999999999818,89.38788925,"[""ALL"", ""NORMAL""]"
2022-01-13,2022-01-07 10:00:00+05:30,development,risk_reversal,-15874.87282645,-15908.559239675,-15807.5,67.37282645,"[""ALL"", ""NORMAL""]"
2022-01-13,2022-01-07 10:00:00+05:30,development,batman,-3047.21119245,-3127.0667886749998,-2887.5,159.71119245,"[""ALL"", ""NORMAL""]"
2022-01-13,2022-01-07 10:00:00+05:30,development,jade_lizard,4459.44234435,4402.913516525,4572.5,113.05765564999999,"[""ALL"", ""NORMAL""]"
2022-01-13,2022-01-07 10:00:00+05:30,development,reverse_jade_lizard,-8885.18683025,-8934.030245375,-8787.5,97.68683025,"[""ALL"", ""NORMAL""]"
2022-01-13,2022-01-07 10:00:00+05:30,development,long_iron_condor,1068.6942094999981,1000.5413142499981,1204.9999999999982,136.3057905,"[""ALL"", ""NORMAL""]"
2022-01-13,2022-01-07 10:00:00+05:30,development,long_iron_butterfly,438.00333834999816,365.7550075249982,582.4999999999982,144.49666165000002,"[""ALL"", ""NORMAL""]"
2022-01-13,2022-01-07 10:00:00+05:30,development,double_plateau,-604.3289190000019,-716.4933785000019,-380.0000000000018,224.32891899999998,"[""ALL"", ""NORMAL""]"
2022-01-13,2022-01-07 10:00:00+05:30,development,strip,-3324.5661729500034,-3365.5992594250038,-3242.5000000000036,82.06617295000001,"[""ALL"", ""NORMAL""]"
2022-01-13,2022-01-07 10:00:00+05:30,development,strap,14816.364011999996,14764.546017999997,14919.999999999996,103.63598800000001,"[""ALL"", ""NORMAL""]"
2022-01-13,2022-01-07 10:00:00+05:30,development,long_synthetic_future,18070.62359635,18029.685394525,18152.5,81.87640365,"[""ALL"", ""NORMAL""]"
2022-01-13,2022-01-07 10:00:00+05:30,development,short_synthetic_future,-18243.56971615,-18279.104574225,-18172.5,71.06971614999999,"[""ALL"", ""NORMAL""]"
2022-01-20,2022-01-14 10:00:00+05:30,development,buy_call,-6915.387564050002,-6929.331346075001,-6887.500000000002,27.88756405,"[""ALL"", ""NORMAL""]"
2022-01-20,2022-01-14 10:00:00+05:30,development,sell_put,-15410.6155117,-15433.42326755,-15365.0,45.6155117,"[""ALL"", ""NORMAL""]"
2022-01-20,2022-01-14 10:00:00+05:30,development,bull_condor,-447.16681344999955,-502.0002201749996,-337.49999999999955,109.66681345,"[""ALL"", ""NORMAL""]"
2022-01-20,2022-01-14 10:00:00+05:30,development,bull_butterfly,-232.7248821,-276.58732315,-145.0,87.72488209999999,"[""ALL"", ""NORMAL""]"
2022-01-20,2022-01-14 10:00:00+05:30,development,range_forward,-19694.8406425,-19729.76096375,-19625.0,69.8406425,"[""ALL"", ""NORMAL""]"
2022-01-20,2022-01-14 10:00:00+05:30,development,buy_put,15300.245288299999,15272.867932449999,15354.999999999998,54.7547117,"[""ALL"", ""NORMAL""]"
2022-01-20,2022-01-14 10:00:00+05:30,development,sell_call,6845.517348450001,6829.526022675001,6877.500000000001,31.98265155,"[""ALL"", ""NORMAL""]"
2022-01-20,2022-01-14 10:00:00+05:30,development,bear_condor,-436.2817294500018,-520.6725941750018,-267.5000000000018,168.78172945,"[""ALL"", ""NORMAL""]"
2022-01-20,2022-01-14 10:00:00+05:30,development,bear_butterfly,-318.72883345000184,-394.34325017500186,-167.50000000000182,151.22883345,"[""ALL"", ""NORMAL""]"
2022-01-20,2022-01-14 10:00:00+05:30,development,risk_reversal,19523.4884325,19482.73264875,19605.0,81.5115675,"[""ALL"", ""NORMAL""]"
2022-01-20,2022-01-14 10:00:00+05:30,development,batman,-7604.2928999,-7688.93934985,-7435.0,169.2928999,"[""ALL"", ""NORMAL""]"
2022-01-20,2022-01-14 10:00:00+05:30,development,jade_lizard,-12967.16084985,-13016.991274775,-12867.5,99.66084985,"[""ALL"", ""NORMAL""]"
2022-01-20,2022-01-14 10:00:00+05:30,development,reverse_jade_lizard,4006.88997365,3946.584960475,4127.5,120.61002635,"[""ALL"", ""NORMAL""]"
2022-01-20,2022-01-14 10:00:00+05:30,development,long_iron_condor,978.9451043499986,907.1676565249986,1122.4999999999986,143.55489565000002,"[""ALL"", ""NORMAL""]"
2022-01-20,2022-01-14 10:00:00+05:30,development,long_iron_butterfly,465.68023304999633,389.7703495749964,617.4999999999964,151.81976695,"[""ALL"", ""NORMAL""]"
2022-01-20,2022-01-14 10:00:00+05:30,development,double_plateau,-551.4537155500018,-670.9305733250018,-312.5000000000018,238.95371555000003,"[""ALL"", ""NORMAL""]"
2022-01-20,2022-01-14 10:00:00+05:30,development,strip,23708.70301254999,23651.804518824993,23822.499999999993,113.79698745,"[""ALL"", ""NORMAL""]"
2022-01-20,2022-01-14 10:00:00+05:30,development,strap,1493.0701601999945,1449.6052402999944,1579.9999999999945,86.9298398,"[""ALL"", ""NORMAL""]"
2022-01-20,2022-01-14 10:00:00+05:30,development,long_synthetic_future,-22326.00307575,-22362.754613625,-22252.5,73.50307575,"[""ALL"", ""NORMAL""]"
2022-01-20,2022-01-14 10:00:00+05:30,development,short_synthetic_future,22145.76263675,22102.393955125,22232.5,86.73736325,"[""ALL"", ""NORMAL""]"
2022-01-27,2022-01-20 10:00:00+05:30,development,buy_call,-8794.0446427,-8808.56696405,-8765.0,29.044642700000004,"[""ALL"", ""NORMAL""]"
2022-01-27,2022-01-20 10:00:00+05:30,development,sell_put,-30512.19209985,-30539.538149775,-30457.5,54.69209985,"[""ALL"", ""NORMAL""]"
2022-01-27,2022-01-20 10:00:00+05:30,development,bull_condor,-370.4216236999991,-428.13243554999906,-254.9999999999991,115.4216237,"[""ALL"", ""NORMAL""]"
2022-01-27,2022-01-20 10:00:00+05:30,development,bull_butterfly,-223.78344579999816,-270.67516869999815,-129.99999999999818,93.7834458,"[""ALL"", ""NORMAL""]"
2022-01-27,2022-01-20 10:00:00+05:30,development,range_forward,-36405.0122389,-36445.01835835,-36325.0,80.01223890000001,"[""ALL"", ""NORMAL""]"
2022-01-27,2022-01-20 10:00:00+05:30,development,buy_put,30374.688662650005,30338.282993975005,30447.500000000004,72.81133734999999,"[""ALL"", ""NORMAL""]"
2022-01-27,2022-01-20 10:00:00+05:30,development,sell_call,8720.7431573,8703.61473595,8755.0,34.2568427,"[""ALL"", ""NORMAL""]"
2022-01-27,2022-01-20 10:00:00+05:30,development,bear_condor,-738.2662066999891,-849.899310049989,-514.9999999999891,223.26620670000003,"[""ALL"", ""NORMAL""]"
2022-01-27,2022-01-20 10:00:00+05:30,development,bear_butterfly,-485.7213193999855,-588.5819790999853,-279.99999999998545,205.72131940000003,"[""ALL"", ""NORMAL""]"
2022-01-27,2022-01-20 10:00:00+05:30,development,risk_reversal,36203.3803361,36152.57050415,36305.0,101.6196639,"[""ALL"", ""NORMAL""]"
2022-01-27,2022-01-20 10:00:00+05:30,development,batman,-21200.734947399986,-21306.102421099986,-20989.999999999985,210.7349474,"[""ALL"", ""NORMAL""]"
2022-01-27,2022-01-20 10:00:00+05:30,development,jade_lizard,-27769.42108665,-27825.381629975,-27657.5,111.92108665,"[""ALL"", ""NORMAL""]"
2022-01-27,2022-01-20 10:00:00+05:30,development,reverse_jade_lizard,5842.54829835,5767.572447525,5992.5,149.95170165,"[""ALL"", ""NORMAL""]"
2022-01-27,2022-01-20 10:00:00+05:30,development,long_iron_condor,626.2958058000037,539.4437087000036,800.0000000000036,173.7041942,"[""ALL"", ""NORMAL""]"
2022-01-27,2022-01-20 10:00:00+05:30,development,long_iron_butterfly,305.2692594500082,214.1538891750082,487.5000000000082,182.23074055,"[""ALL"", ""NORMAL""]"
2022-01-27,2022-01-20 10:00:00+05:30,development,double_plateau,-709.5047651999837,-859.2571477999836,-409.99999999998363,299.5047652,"[""ALL"", ""NORMAL""]"
2022-01-27,2022-01-20 10:00:00+05:30,development,strip,51978.93268260001,51903.399023900005,52130.00000000001,151.06731740000004,"[""ALL"", ""NORMAL""]"
2022-01-27,2022-01-20 10:00:00+05:30,development,strap,12810.199377250003,12756.549065875004,12917.500000000004,107.30062275000002,"[""ALL"", ""NORMAL""]"
2022-01-27,2022-01-20 10:00:00+05:30,development,long_synthetic_future,-39306.23674255,-39348.105113825,-39222.5,83.73674255,"[""ALL"", ""NORMAL""]"
2022-01-27,2022-01-20 10:00:00+05:30,development,short_synthetic_future,39095.43181995,39041.897729925,39202.5,107.06818005,"[""ALL"", ""NORMAL""]"
2022-02-03,2022-01-28 10:00:00+05:30,development,buy_call,-1718.9649103000013,-1740.9473654500014,-1675.0000000000014,43.9649103,"[""ALL"", ""NORMAL""]"
2022-02-03,2022-01-28 10:00:00+05:30,development,sell_put,12326.3527475,12307.02912125,12365.0,38.64725249999999,"[""ALL"", ""NORMAL""]"
2022-02-03,2022-01-28 10:00:00+05:30,development,bull_condor,-374.3812614000018,-446.57189210000183,-230.00000000000182,144.3812614,"[""ALL"", ""NORMAL""]"
2022-02-03,2022-01-28 10:00:00+05:30,development,bull_butterfly,-294.7420986500018,-358.3631479750018,-167.50000000000182,127.24209865,"[""ALL"", ""NORMAL""]"
2022-02-03,2022-01-28 10:00:00+05:30,development,range_forward,8080.154271449999,8041.481407174999,8157.499999999999,77.34572855,"[""ALL"", ""NORMAL""]"
2022-02-03,2022-01-28 10:00:00+05:30,development,buy_put,-12406.2871025,-12421.93065375,-12375.0,31.287102499999996,"[""ALL"", ""NORMAL""]"
2022-02-03,2022-01-28 10:00:00+05:30,development,sell_call,1620.041439699999,1597.562159549999,1664.999999999999,44.9585603,"[""ALL"", ""NORMAL""]"
2022-02-03,2022-01-28 10:00:00+05:30,development,bear_condor,-262.38823355,-327.332350325,-132.5,129.88823355000002,"[""ALL"", ""NORMAL""]"
2022-02-03,2022-01-28 10:00:00+05:30,development,bear_butterfly,-203.08392570000183,-257.12588855000183,-95.00000000000182,108.0839257,"[""ALL"", ""NORMAL""]"
2022-02-03,2022-01-28 10:00:00+05:30,development,risk_reversal,-8249.986066050002,-8286.229099075003,-8177.500000000002,72.48606605,"[""ALL"", ""NORMAL""]"
2022-02-03,2022-01-28 10:00:00+05:30,development,batman,14529.18201435,14442.523021525,14702.5,173.31798565000003,"[""ALL"", ""NORMAL""]"
2022-02-03,2022-01-28 10:00:00+05:30,development,jade_lizard,9746.945295949998,9689.167943924998,9862.499999999998,115.55470405,"[""ALL"", ""NORMAL""]"
2022-02-03,2022-01-28 10:00:00+05:30,development,reverse_jade_lizard,3973.455762149998,3918.9336432249984,4082.499999999998,109.04423785,"[""ALL"", ""NORMAL""]"
2022-02-03,2022-01-28 10:00:00+05:30,development,long_iron_condor,565.9105202499991,495.1157803749991,707.4999999999991,141.58947975,"[""ALL"", ""NORMAL""]"
2022-02-03,2022-01-28 10:00:00+05:30,development,long_iron_butterfly,269.83060239999816,194.7459035999982,419.9999999999982,150.1693976,"[""ALL"", ""NORMAL""]"
2022-02-03,2022-01-28 10:00:00+05:30,development,double_plateau,-497.8260243500036,-615.4890365250036,-262.50000000000364,235.32602434999995,"[""ALL"", ""NORMAL""]"
2022-02-03,2022-01-28 10:00:00+05:30,development,strip,-26507.9391153,-26549.40867295,-26425.0,82.93911530000001,"[""ALL"", ""NORMAL""]"
2022-02-03,2022-01-28 10:00:00+05:30,development,strap,-15820.616923100004,-15868.425384650003,-15725.000000000004,95.61692309999998,"[""ALL"", ""NORMAL""]"
2022-02-03,2022-01-28 10:00:00+05:30,development,long_synthetic_future,10607.387837199998,10566.081755799998,10689.999999999998,82.61216280000001,"[""ALL"", ""NORMAL""]"
2022-02-03,2022-01-28 10:00:00+05:30,development,short_synthetic_future,-10786.2456628,-10824.3684942,-10710.0,76.2456628,"[""ALL"", ""NORMAL""]"
2022-02-10,2022-02-04 10:00:00+05:30,development,buy_call,-7106.010862250001,-7120.266293375001,-7077.500000000001,28.510862250000002,"[""ALL"", ""NORMAL""]"
2022-02-10,2022-02-04 10:00:00+05:30,development,sell_put,8049.05185155,8032.327777325,8082.5,33.44814845,"[""ALL"", ""NORMAL""]"
2022-02-10,2022-02-04 10:00:00+05:30,development,bull_condor,-393.7770857499991,-449.41562862499904,-282.4999999999991,111.27708575000001,"[""ALL"", ""NORMAL""]"
2022-02-10,2022-02-04 10:00:00+05:30,development,bull_butterfly,-241.86938474999954,-286.55407712499954,-152.49999999999955,89.36938475000001,"[""ALL"", ""NORMAL""]"
2022-02-10,2022-02-04 10:00:00+05:30,development,range_forward,778.00924565,748.263868475,837.5,59.49075434999999,"[""ALL"", ""NORMAL""]"
2022-02-10,2022-02-04 10:00:00+05:30,development,buy_put,-8121.136085950001,-8135.454128925001,-8092.500000000001,28.63608595,"[""ALL"", ""NORMAL""]"
2022-02-10,2022-02-04 10:00:00+05:30,development,sell_call,7034.78100025,7018.421500375,7067.5,32.718999749999995,"[""ALL"", ""NORMAL""]"
2022-02-10,2022-02-04 10:00:00+05:30,development,bear_condor,-359.9101379000009,-417.3652068500009,-245.0000000000009,114.9101379,"[""ALL"", ""NORMAL""]"
2022-02-10,2022-02-04 10:00:00+05:30,development,bear_butterfly,-232.8526040000009,-279.2789060000009,-140.0000000000009,92.852604,"[""ALL"", ""NORMAL""]"
2022-02-10,2022-02-04 10:00:00+05:30,development,risk_reversal,-916.4864918500009,-945.9797377750009,-857.5000000000009,58.98649184999999,"[""ALL"", ""NORMAL""]"
2022-02-10,2022-02-04 10:00:00+05:30,development,batman,8753.17733775,8688.516006625,8882.5,129.32266225,"[""ALL"", ""NORMAL""]"
2022-02-10,2022-02-04 10:00:00+05:30,development,jade_lizard,7965.1387823000005,7920.20817345,8055.0,89.86121769999998,"[""ALL"", ""NORMAL""]"
2022-02-10,2022-02-04 10:00:00+05:30,development,reverse_jade_lizard,7014.5486613,6969.32299195,7105.0,90.45133870000001,"[""ALL"", ""NORMAL""]"
2022-02-10,2022-02-04 10:00:00+05:30,development,long_iron_condor,-4066.1946183500004,-4123.041927525001,-3952.5000000000005,113.69461835000001,"[""ALL"", ""NORMAL""]"
2022-02-10,2022-02-04 10:00:00+05:30,development,long_iron_butterfly,-4292.737220900001,-4351.605831350002,-4175.000000000002,117.7372209,"[""ALL"", ""NORMAL""]"
2022-02-10,2022-02-04 10:00:00+05:30,development,double_plateau,-474.72198875000043,-565.8329831250005,-292.50000000000045,182.22198874999998,"[""ALL"", ""NORMAL""]"
2022-02-10,2022-02-04 10:00:00+05:30,development,strip,-23324.683034150003,-23355.774551225004,-23262.500000000004,62.18303415,"[""ALL"", ""NORMAL""]"
2022-02-10,2022-02-04 10:00:00+05:30,development,strap,-22309.557810450002,-22340.586715675003,-22247.500000000004,62.057810450000005,"[""ALL"", ""NORMAL""]"
2022-02-10,2022-02-04 10:00:00+05:30,development,long_synthetic_future,943.0409892999991,912.0614839499991,1004.9999999999991,61.95901069999999,"[""ALL"", ""NORMAL""]"
2022-02-10,2022-02-04 10:00:00+05:30,development,short_synthetic_future,-1086.355085700001,-1117.032628550001,-1025.000000000001,61.355085700000004,"[""ALL"", ""NORMAL""]"
2022-02-17,2022-02-11 10:00:00+05:30,development,buy_call,-7348.1470376,-7362.2205564,-7320.0,28.1470376,"[""ALL"", ""NORMAL""]"
2022-02-17,2022-02-11 10:00:00+05:30,development,sell_put,5852.55974625,5835.089619375,5887.5,34.94025375,"[""ALL"", ""NORMAL""]"
2022-02-17,2022-02-11 10:00:00+05:30,development,bull_condor,-411.30632999999864,-466.95949499999864,-299.99999999999864,111.30633,"[""ALL"", ""NORMAL""]"
2022-02-17,2022-02-11 10:00:00+05:30,development,bull_butterfly,-264.3466140999982,-309.0199211499982,-174.99999999999818,89.3466141,"[""ALL"", ""NORMAL""]"
2022-02-17,2022-02-11 10:00:00+05:30,development,range_forward,885.4106601,855.61599015,945.0,59.5893399,"[""ALL"", ""NORMAL""]"
2022-02-17,2022-02-11 10:00:00+05:30,development,buy_put,-5928.934216250001,-5944.6513243750005,-5897.500000000001,31.434216249999995,"[""ALL"", ""NORMAL""]"
2022-02-17,2022-02-11 10:00:00+05:30,development,sell_call,7277.500537399999,7261.250806099999,7309.999999999999,32.4994626,"[""ALL"", ""NORMAL""]"
2022-02-17,2022-02-11 10:00:00+05:30,development,bear_condor,-377.75632675000094,-435.38449012500087,-262.5000000000009,115.25632675000001,"[""ALL"", ""NORMAL""]"
2022-02-17,2022-02-11 10:00:00+05:30,development,bear_butterfly,-205.70299355000088,-252.3044903250009,-112.50000000000091,93.20299354999999,"[""ALL"", ""NORMAL""]"
2022-02-17,2022-02-11 10:00:00+05:30,development,risk_reversal,-1024.0211149,-1053.53167235,-965.0,59.0211149,"[""ALL"", ""NORMAL""]"
2022-02-17,2022-02-11 10:00:00+05:30,development,batman,8860.4133898,8795.6200847,8990.0,129.58661020000002,"[""ALL"", ""NORMAL""]"
2022-02-17,2022-02-11 10:00:00+05:30,development,jade_lizard,8047.55682105,8002.585231575,8137.5,89.94317895000002,"[""ALL"", ""NORMAL""]"
2022-02-17,2022-02-11 10:00:00+05:30,development,reverse_jade_lizard,6986.89837025,6941.597555375,7077.5,90.60162975,"[""ALL"", ""NORMAL""]"
2022-02-17,2022-02-11 10:00:00+05:30,development,long_iron_condor,-4036.3643123500005,-4093.2964685250004,-3922.5000000000005,113.86431234999999,"[""ALL"", ""NORMAL""]"
2022-02-17,2022-02-11 10:00:00+05:30,development,long_iron_butterfly,-2252.780982749999,-2312.921474124999,-2132.499999999999,120.28098275,"[""ALL"", ""NORMAL""]"
2022-02-17,2022-02-11 10:00:00+05:30,development,double_plateau,-470.04960764999913,-561.3244114749991,-287.4999999999991,182.54960765000004,"[""ALL"", ""NORMAL""]"
2022-02-17,2022-02-11 10:00:00+05:30,development,strip,-19182.4154701,-19216.12320515,-19115.0,67.4154701,"[""ALL"", ""NORMAL""]"
2022-02-17,2022-02-11 10:00:00+05:30,development,strap,-20601.62829145,-20633.692437175,-20537.5,64.12829145,"[""ALL"", ""NORMAL""]"
2022-02-17,2022-02-11 10:00:00+05:30,development,long_synthetic_future,-1495.58729135,-1527.130937025,-1432.5,63.08729135,"[""ALL"", ""NORMAL""]"
2022-02-17,2022-02-11 10:00:00+05:30,development,short_synthetic_future,1348.5663211499982,1316.5994817249982,1412.4999999999982,63.93367885000001,"[""ALL"", ""NORMAL""]"
2022-02-24,2022-02-18 10:00:00+05:30,development,buy_call,-10004.8008639,-10019.70129585,-9975.0,29.8008639,"[""ALL"", ""NORMAL"", ""RISING""]"
2022-02-24,2022-02-18 10:00:00+05:30,development,sell_put,-42346.40158045,-42380.852370675,-42277.5,68.90158045,"[""ALL"", ""NORMAL"", ""RISING""]"
2022-02-24,2022-02-18 10:00:00+05:30,development,bull_condor,-362.28218235,-422.173273525,-242.5,119.78218235000003,"[""ALL"", ""NORMAL"", ""RISING""]"
2022-02-24,2022-02-18 10:00:00+05:30,development,bull_butterfly,-143.19543030000182,-192.29314545000182,-45.00000000000182,98.19543030000001,"[""ALL"", ""NORMAL"", ""RISING""]"
2022-02-24,2022-02-18 10:00:00+05:30,development,range_forward,-50110.6818971,-50158.52284565,-50015.0,95.68189709999997,"[""ALL"", ""NORMAL"", ""RISING""]"
2022-02-24,2022-02-18 10:00:00+05:30,development,buy_put,42173.44628205,42126.419423075,42267.5,94.05371795,"[""ALL"", ""NORMAL"", ""RISING""]"
2022-02-24,2022-02-18 10:00:00+05:30,development,sell_call,9929.2669861,9911.40047915,9965.0,35.7330139,"[""ALL"", ""NORMAL"", ""RISING""]"
2022-02-24,2022-02-18 10:00:00+05:30,development,bear_condor,264.80746819999996,117.21120229999997,560.0,295.19253180000004,"[""ALL"", ""NORMAL"", ""RISING""]"
2022-02-24,2022-02-18 10:00:00+05:30,development,bear_butterfly,137.3735375,-1.4396937499999467,415.0,277.6264625,"[""ALL"", ""NORMAL"", ""RISING""]"
2022-02-24,2022-02-18 10:00:00+05:30,development,risk_reversal,49869.5651279,49806.84769185,49995.0,125.4348721,"[""ALL"", ""NORMAL"", ""RISING""]"
2022-02-24,2022-02-18 10:00:00+05:30,development,batman,-31045.1480544,-31177.7220816,-30780.0,265.14805440000004,"[""ALL"", ""NORMAL"", ""RISING""]"
2022-02-24,2022-02-18 10:00:00+05:30,development,jade_lizard,-40329.050619,-40393.5759285,-40200.0,129.050619,"[""ALL"", ""NORMAL"", ""RISING""]"
2022-02-24,2022-02-18 10:00:00+05:30,development,reverse_jade_lizard,6247.5011149,6153.75167235,6435.0,187.49888509999997,"[""ALL"", ""NORMAL"", ""RISING""]"
2022-02-24,2022-02-18 10:00:00+05:30,development,long_iron_condor,1347.567827000001,1241.351740500001,1560.000000000001,212.43217299999998,"[""ALL"", ""NORMAL"", ""RISING""]"
2022-02-24,2022-02-18 10:00:00+05:30,development,long_iron_butterfly,317.62065824999905,207.68098737499912,537.4999999999991,219.87934175000004,"[""ALL"", ""NORMAL"", ""RISING""]"
2022-02-24,2022-02-18 10:00:00+05:30,development,double_plateau,-5.821892800001933,-193.73283920000188,369.9999999999982,375.8218928000001,"[""ALL"", ""NORMAL"", ""RISING""]"
2022-02-24,2022-02-18 10:00:00+05:30,development,strip,74365.6917002,74268.5375503,74560.0,194.30829980000001,"[""ALL"", ""NORMAL"", ""RISING""]"
2022-02-24,2022-02-18 10:00:00+05:30,development,strap,22187.44455425,22122.416831375,22317.5,130.05544575,"[""ALL"", ""NORMAL"", ""RISING""]"
2022-02-24,2022-02-18 10:00:00+05:30,development,long_synthetic_future,-52351.20244435,-52400.553666525,-52252.5,98.70244435000001,"[""ALL"", ""NORMAL"", ""RISING""]"
2022-02-24,2022-02-18 10:00:00+05:30,development,short_synthetic_future,52102.71326815,52037.819902225,52232.5,129.78673185,"[""ALL"", ""NORMAL"", ""RISING""]"
2022-03-03,2022-02-24 10:00:00+05:30,development,buy_call,-15778.380479100002,-15795.070718650002,-15745.000000000002,33.380479099999995,"[""ALL"", ""FALLING"", ""HIGH""]"
2022-03-03,2022-02-24 10:00:00+05:30,development,sell_put,14545.99820525,14525.247307875,14587.5,41.50179475,"[""ALL"", ""FALLING"", ""HIGH""]"
2022-03-03,2022-02-24 10:00:00+05:30,development,bull_condor,-422.77521995000177,-492.9128299250018,-282.5000000000018,140.27521994999998,"[""ALL"", ""FALLING"", ""HIGH""]"
2022-03-03,2022-02-24 10:00:00+05:30,development,bull_butterfly,-296.34698185000366,-355.77047277500367,-177.50000000000364,118.84698184999999,"[""ALL"", ""FALLING"", ""HIGH""]"
2022-03-03,2022-02-24 10:00:00+05:30,development,range_forward,-860.2553630500037,-896.6330445750036,-787.5000000000036,72.75536305,"[""ALL"", ""FALLING"", ""HIGH""]"
2022-03-03,2022-02-24 10:00:00+05:30,development,buy_put,-14630.319257250001,-14646.728885875002,-14597.500000000002,32.81925725,"[""ALL"", ""FALLING"", ""HIGH""]"
2022-03-03,2022-02-24 10:00:00+05:30,development,sell_call,15692.2542209,15670.88133135,15735.0,42.74577909999999,"[""ALL"", ""FALLING"", ""HIGH""]"
2022-03-03,2022-02-24 10:00:00+05:30,development,bear_condor,-99.70282400000002,-169.554236,40.0,139.70282400000002,"[""ALL"", ""FALLING"", ""HIGH""]"
2022-03-03,2022-02-24 10:00:00+05:30,development,bear_butterfly,-252.67223170000182,-311.5083475500018,-135.00000000000182,117.6722317,"[""ALL"", ""FALLING"", ""HIGH""]"
2022-03-03,2022-02-24 10:00:00+05:30,development,risk_reversal,694.2820244499982,657.6730366749982,767.4999999999982,73.21797555,"[""ALL"", ""FALLING"", ""HIGH""]"
2022-03-03,2022-02-24 10:00:00+05:30,development,batman,23287.949340949996,23200.674011424995,23462.499999999996,174.55065904999998,"[""ALL"", ""FALLING"", ""HIGH""]"
2022-03-03,2022-02-24 10:00:00+05:30,development,jade_lizard,14889.458337949993,14832.937506924993,15002.499999999993,113.04166205,"[""ALL"", ""FALLING"", ""HIGH""]"
2022-03-03,2022-02-24 10:00:00+05:30,development,reverse_jade_lizard,15202.152456699992,15145.728685049993,15314.999999999993,112.84754329999998,"[""ALL"", ""FALLING"", ""HIGH""]"
2022-03-03,2022-02-24 10:00:00+05:30,development,long_iron_condor,-4458.24680505,-4528.620207575,-4317.5,140.74680504999998,"[""ALL"", ""FALLING"", ""HIGH""]"
2022-03-03,2022-02-24 10:00:00+05:30,development,long_iron_butterfly,-4719.756028100005,-4792.134042150005,-4575.0000000000055,144.7560281,"[""ALL"", ""FALLING"", ""HIGH""]"
2022-03-03,2022-02-24 10:00:00+05:30,development,double_plateau,-549.0192135500055,-667.2788203250054,-312.50000000000546,236.51921355,"[""ALL"", ""FALLING"", ""HIGH""]"
2022-03-03,2022-02-24 10:00:00+05:30,development,strip,-45015.418993600004,-45053.128490400006,-44940.00000000001,75.41899360000001,"[""ALL"", ""FALLING"", ""HIGH""]"
2022-03-03,2022-02-24 10:00:00+05:30,development,strap,-46163.48021545001,-46201.47032317501,-46087.50000000001,75.98021545,"[""ALL"", ""FALLING"", ""HIGH""]"
2022-03-03,2022-02-24 10:00:00+05:30,development,long_synthetic_future,-1232.3822738500019,-1269.8234107750018,-1157.5000000000018,74.88227384999999,"[""ALL"", ""FALLING"", ""HIGH""]"
2022-03-03,2022-02-24 10:00:00+05:30,development,short_synthetic_future,1061.9349636499983,1024.152445474998,1137.4999999999982,75.56503635,"[""ALL"", ""FALLING"", ""HIGH""]"
2022-03-10,2022-03-04 10:00:00+05:30,development,buy_call,3914.766533049998,3888.3997995749983,3967.499999999998,52.73346695,"[""ALL"", ""HIGH""]"
2022-03-10,2022-03-04 10:00:00+05:30,development,sell_put,12363.80714075,12344.460711125,12402.5,38.69285924999999,"[""ALL"", ""HIGH""]"
2022-03-10,2022-03-04 10:00:00+05:30,development,bull_condor,-351.63499840000543,-437.4524976000055,-180.00000000000546,171.6349984,"[""ALL"", ""HIGH""]"
2022-03-10,2022-03-04 10:00:00+05:30,development,bull_butterfly,-264.73462700000516,-342.10194050000524,-110.00000000000523,154.73462699999996,"[""ALL"", ""HIGH""]"
2022-03-10,2022-03-04 10:00:00+05:30,development,range_forward,14066.186681349998,14023.030022024997,14152.499999999998,86.31331865,"[""ALL"", ""HIGH""]"
2022-03-10,2022-03-04 10:00:00+05:30,development,buy_put,-12443.81039675,-12459.465595125,-12412.5,31.310396750000002,"[""ALL"", ""HIGH""]"
2022-03-10,2022-03-04 10:00:00+05:30,development,sell_call,-4027.8698294500005,-4053.0547441750005,-3977.5000000000005,50.36982945,"[""ALL"", ""HIGH""]"
2022-03-10,2022-03-04 10:00:00+05:30,development,bear_condor,-321.1320156000055,-386.69802340000547,-190.00000000000546,131.13201560000002,"[""ALL"", ""HIGH""]"
2022-03-10,2022-03-04 10:00:00+05:30,development,bear_butterfly,-216.61601865000364,-271.17402797500364,-107.50000000000364,109.11601865,"[""ALL"", ""HIGH""]"
2022-03-10,2022-03-04 10:00:00+05:30,development,risk_reversal,-14250.38663115,-14289.329946725,-14172.5,77.88663115,"[""ALL"", ""HIGH""]"
2022-03-10,2022-03-04 10:00:00+05:30,development,batman,8829.466570349992,8732.949855524992,9022.499999999993,193.03342965,"[""ALL"", ""HIGH""]"
2022-03-10,2022-03-04 10:00:00+05:30,development,jade_lizard,10032.818615549999,9967.977923324997,10162.499999999998,129.68138445,"[""ALL"", ""HIGH""]"
2022-03-10,2022-03-04 10:00:00+05:30,development,reverse_jade_lizard,-1937.22880835,-1994.5932125250001,-1822.5,114.72880835,"[""ALL"", ""HIGH""]"
2022-03-10,2022-03-04 10:00:00+05:30,development,long_iron_condor,456.6487153499948,378.7230730249948,612.4999999999948,155.85128464999997,"[""ALL"", ""HIGH""]"
2022-03-10,2022-03-04 10:00:00+05:30,development,long_iron_butterfly,205.61053079999544,123.41579619999544,369.99999999999545,164.3894692,"[""ALL"", ""HIGH""]"
2022-03-10,2022-03-04 10:00:00+05:30,development,double_plateau,-481.35064565000886,-613.2759684750089,-217.50000000000887,263.85064565,"[""ALL"", ""HIGH""]"
2022-03-10,2022-03-04 10:00:00+05:30,development,strip,-20949.25426045,-20995.131390675,-20857.5,91.75426044999999,"[""ALL"", ""HIGH""]"
2022-03-10,2022-03-04 10:00:00+05:30,development,strap,-4590.677330650004,-4647.2659959750035,-4477.500000000004,113.17733065,"[""ALL"", ""HIGH""]"
2022-03-10,2022-03-04 10:00:00+05:30,development,long_synthetic_future,16278.573673799998,16232.860510699998,16369.999999999998,91.42632619999998,"[""ALL"", ""HIGH""]"
2022-03-10,2022-03-04 10:00:00+05:30,development,short_synthetic_future,-16471.6802262,-16512.5203393,-16390.0,81.6802262,"[""ALL"", ""HIGH""]"
2022-03-17,2022-03-11 10:00:00+05:30,development,buy_call,19577.433135850002,19542.399703775005,19647.500000000004,70.06686415000001,"[""ALL"", ""FALLING"", ""HIGH""]"
2022-03-17,2022-03-11 10:00:00+05:30,development,sell_put,11122.8182444,11104.2273666,11160.0,37.181755599999995,"[""ALL"", ""FALLING"", ""HIGH""]"
2022-03-17,2022-03-11 10:00:00+05:30,development,bull_condor,-321.84628679999093,-432.76943019999084,-99.9999999999909,221.8462868,"[""ALL"", ""FALLING"", ""HIGH""]"
2022-03-17,2022-03-11 10:00:00+05:30,development,bull_butterfly,-82.35118544998366,-184.77677817498358,122.50000000001637,204.85118545000003,"[""ALL"", ""FALLING"", ""HIGH""]"
2022-03-17,2022-03-11 10:00:00+05:30,development,range_forward,28515.468744850004,28464.453117275003,28617.500000000004,102.03125514999999,"[""ALL"", ""FALLING"", ""HIGH""]"
2022-03-17,2022-03-11 10:00:00+05:30,development,buy_put,-11200.5385806,-11215.8078709,-11170.0,30.538580600000003,"[""ALL"", ""FALLING"", ""HIGH""]"
2022-03-17,2022-03-11 10:00:00+05:30,development,sell_call,-19715.87362665,-19745.060439975,-19657.5,58.373626650000006,"[""ALL"", ""FALLING"", ""HIGH""]"
2022-03-17,2022-03-11 10:00:00+05:30,development,bear_condor,-309.3738683500009,-372.8108025250009,-182.5000000000009,126.87386835000001,"[""ALL"", ""FALLING"", ""HIGH""]"
2022-03-17,2022-03-11 10:00:00+05:30,development,bear_butterfly,-269.7650395,-322.14755925,-165.0,104.76503949999999,"[""ALL"", ""FALLING"", ""HIGH""]"
2022-03-17,2022-03-11 10:00:00+05:30,development,risk_reversal,-28722.49789265,-28764.996838975,-28637.5,84.99789264999998,"[""ALL"", ""FALLING"", ""HIGH""]"
2022-03-17,2022-03-11 10:00:00+05:30,development,batman,-7814.820483949982,-7925.980725924982,-7592.499999999982,222.32048395000004,"[""ALL"", ""FALLING"", ""HIGH""]"
2022-03-17,2022-03-11 10:00:00+05:30,development,jade_lizard,8691.790441299996,8615.185661949996,8844.999999999996,153.2095587,"[""ALL"", ""FALLING"", ""HIGH""]"
2022-03-17,2022-03-11 10:00:00+05:30,development,reverse_jade_lizard,-17622.88078475,-17683.071177125,-17502.5,120.38078474999998,"[""ALL"", ""FALLING"", ""HIGH""]"
2022-03-17,2022-03-11 10:00:00+05:30,development,long_iron_condor,513.7268163500037,424.34022452500363,692.5000000000036,178.77318365000002,"[""ALL"", ""FALLING"", ""HIGH""]"
2022-03-17,2022-03-11 10:00:00+05:30,development,long_iron_butterfly,362.6221346000109,268.93320190001094,550.0000000000109,187.37786540000002,"[""ALL"", ""FALLING"", ""HIGH""]"
2022-03-17,2022-03-11 10:00:00+05:30,development,double_plateau,-352.11622494998363,-506.9243374249836,-42.49999999998363,309.61622495,"[""ALL"", ""FALLING"", ""HIGH""]"
2022-03-17,2022-03-11 10:00:00+05:30,development,strip,-2800.0440253499964,-2853.8160380249965,-2692.4999999999964,107.54402535,"[""ALL"", ""FALLING"", ""HIGH""]"
2022-03-17,2022-03-11 10:00:00+05:30,development,strap,27977.92769110001,27904.391536650008,28125.000000000007,147.0723089,"[""ALL"", ""FALLING"", ""HIGH""]"
2022-03-17,2022-03-11 10:00:00+05:30,development,long_synthetic_future,30700.251380250003,30646.627070375005,30807.500000000004,107.24861975000002,"[""ALL"", ""FALLING"", ""HIGH""]"
2022-03-17,2022-03-11 10:00:00+05:30,development,short_synthetic_future,-30916.41220725,-30960.868310875,-30827.5,88.91220725,"[""ALL"", ""FALLING"", ""HIGH""]"
2022-03-24,2022-03-17 10:00:00+05:30,development,buy_call,-10442.56803675,-10457.602055125,-10412.5,30.06803675,"[""ALL"", ""FALLING"", ""HIGH""]"
2022-03-24,2022-03-17 10:00:00+05:30,development,sell_put,9322.5085588,9303.7628382,9360.0,37.491441200000004,"[""ALL"", ""FALLING"", ""HIGH""]"
2022-03-24,2022-03-17 10:00:00+05:30,development,bull_condor,-353.8423199500018,-414.51347992500183,-232.50000000000182,121.34231994999999,"[""ALL"", ""FALLING"", ""HIGH""]"
2022-03-24,2022-03-17 10:00:00+05:30,development,bull_butterfly,-209.74244220000185,-259.6136633000018,-110.00000000000182,99.74244220000003,"[""ALL"", ""FALLING"", ""HIGH""]"
2022-03-24,2022-03-17 10:00:00+05:30,development,range_forward,462.96145605,430.692184075,527.5,64.53854395,"[""ALL"", ""FALLING"", ""HIGH""]"
2022-03-24,2022-03-17 10:00:00+05:30,development,buy_put,-9401.919266200002,-9417.878899300002,-9370.000000000002,31.9192662,"[""ALL"", ""FALLING"", ""HIGH""]"
2022-03-24,2022-03-17 10:00:00+05:30,development,sell_call,10366.23950075,10348.109251125,10402.5,36.26049925,"[""ALL"", ""FALLING"", ""HIGH""]"
2022-03-24,2022-03-17 10:00:00+05:30,development,bear_condor,-331.95489585000087,-394.1823437750009,-207.5000000000009,124.45489584999999,"[""ALL"", ""FALLING"", ""HIGH""]"
2022-03-24,2022-03-17 10:00:00+05:30,development,bear_butterfly,-202.49227040000093,-253.73840560000093,-100.00000000000091,102.49227040000002,"[""ALL"", ""FALLING"", ""HIGH""]"
2022-03-24,2022-03-17 10:00:00+05:30,development,risk_reversal,-611.71873145,-643.828097175,-547.5,64.21873145,"[""ALL"", ""FALLING"", ""HIGH""]"
2022-03-24,2022-03-17 10:00:00+05:30,development,batman,14061.421150049999,13988.381725074998,14207.499999999998,146.07884995,"[""ALL"", ""FALLING"", ""HIGH""]"
2022-03-24,2022-03-17 10:00:00+05:30,development,jade_lizard,10721.5763158,10672.3644737,10820.0,98.4236842,"[""ALL"", ""FALLING"", ""HIGH""]"
2022-03-24,2022-03-17 10:00:00+05:30,development,reverse_jade_lizard,9971.1104308,9921.6656462,10070.0,98.8895692,"[""ALL"", ""FALLING"", ""HIGH""]"
2022-03-24,2022-03-17 10:00:00+05:30,development,long_iron_condor,-4428.545944100001,-4490.318916150001,-4305.000000000001,123.5459441,"[""ALL"", ""FALLING"", ""HIGH""]"
2022-03-24,2022-03-17 10:00:00+05:30,development,long_iron_butterfly,-3456.717918450001,-3521.326877675001,-3327.500000000001,129.21791844999998,"[""ALL"", ""FALLING"", ""HIGH""]"
2022-03-24,2022-03-17 10:00:00+05:30,development,double_plateau,-412.23471260000184,-513.3520689000018,-210.00000000000182,202.23471260000002,"[""ALL"", ""FALLING"", ""HIGH""]"
2022-03-24,2022-03-17 10:00:00+05:30,development,strip,-29222.806569150005,-29257.959853725002,-29152.500000000004,70.30656915,"[""ALL"", ""FALLING"", ""HIGH""]"
2022-03-24,2022-03-17 10:00:00+05:30,development,strap,-30263.4553397,-30297.68300955,-30195.0,68.4553397,"[""ALL"", ""FALLING"", ""HIGH""]"
2022-03-24,2022-03-17 10:00:00+05:30,development,long_synthetic_future,-1120.05947795,-1153.839216925,-1052.5,67.55947795,"[""ALL"", ""FALLING"", ""HIGH""]"
2022-03-24,2022-03-17 10:00:00+05:30,development,short_synthetic_future,964.3202345499982,930.2303518249981,1032.4999999999982,68.17976544999999,"[""ALL"", ""FALLING"", ""HIGH""]"
2022-03-31,2022-03-25 10:00:00+05:30,development,buy_call,1194.98599125,1173.728986875,1237.5,42.51400875,"[""ALL"", ""NORMAL""]"
2022-03-31,2022-03-25 10:00:00+05:30,development,sell_put,8937.97863815,8920.717957225,8972.5,34.52136184999999,"[""ALL"", ""NORMAL""]"
2022-03-31,2022-03-25 10:00:00+05:30,development,bull_condor,-347.1186025500018,-414.42790382500186,-212.50000000000182,134.61860255,"[""ALL"", ""NORMAL""]"
2022-03-31,2022-03-25 10:00:00+05:30,development,bull_butterfly,-244.9976170500036,-303.7464255750036,-127.50000000000364,117.49761704999997,"[""ALL"", ""NORMAL""]"
2022-03-31,2022-03-25 10:00:00+05:30,development,range_forward,7903.071359699999,7867.107039549999,7974.999999999999,71.92864029999998,"[""ALL"", ""NORMAL""]"
2022-03-31,2022-03-25 10:00:00+05:30,development,buy_put,-9011.67974935,-9026.269624025,-8982.5,29.179749349999994,"[""ALL"", ""NORMAL""]"
2022-03-31,2022-03-25 10:00:00+05:30,development,sell_call,-1289.2747212500024,-1310.1620818750023,-1247.5000000000023,41.77472125,"[""ALL"", ""NORMAL""]"
2022-03-31,2022-03-25 10:00:00+05:30,development,bear_condor,-338.472867,-397.7093005,-220.0,118.47286700000001,"[""ALL"", ""NORMAL""]"
2022-03-31,2022-03-25 10:00:00+05:30,development,bear_butterfly,-236.4170824000009,-284.6256236000009,-140.0000000000009,96.4170824,"[""ALL"", ""NORMAL""]"
2022-03-31,2022-03-25 10:00:00+05:30,development,risk_reversal,-8062.177565300002,-8095.766347950002,-7995.000000000002,67.1775653,"[""ALL"", ""NORMAL""]"
2022-03-31,2022-03-25 10:00:00+05:30,development,batman,8349.637121099997,8271.955681649997,8504.999999999996,155.36287890000003,"[""ALL"", ""NORMAL""]"
2022-03-31,2022-03-25 10:00:00+05:30,development,jade_lizard,6500.72703185,6447.340547774999,6607.499999999999,106.77296815,"[""ALL"", ""NORMAL""]"
2022-03-31,2022-03-25 10:00:00+05:30,development,reverse_jade_lizard,822.6823557499981,772.7735336249982,922.4999999999982,99.81764425,"[""ALL"", ""NORMAL""]"
2022-03-31,2022-03-25 10:00:00+05:30,development,long_iron_condor,726.5271766499993,661.0407649749993,857.4999999999993,130.97282335,"[""ALL"", ""NORMAL""]"
2022-03-31,2022-03-25 10:00:00+05:30,development,long_iron_butterfly,315.62846009999885,245.9426901499989,454.99999999999886,139.37153990000002,"[""ALL"", ""NORMAL""]"
2022-03-31,2022-03-25 10:00:00+05:30,development,double_plateau,-481.41469945000455,-588.3720491750046,-267.50000000000455,213.91469945,"[""ALL"", ""NORMAL""]"
2022-03-31,2022-03-25 10:00:00+05:30,development,strip,-16804.77350745,-16843.410261175,-16727.5,77.27350745,"[""ALL"", ""NORMAL""]"
2022-03-31,2022-03-25 10:00:00+05:30,development,strap,-6598.10776685,-6643.411650275,-6507.5,90.60776684999999,"[""ALL"", ""NORMAL""]"
2022-03-31,2022-03-25 10:00:00+05:30,development,long_synthetic_future,10132.9646294,10094.4469441,10210.0,77.03537060000001,"[""ALL"", ""NORMAL""]"
2022-03-31,2022-03-25 10:00:00+05:30,development,short_synthetic_future,-10300.954470600002,-10336.431705900002,-10230.000000000002,70.95447060000001,"[""ALL"", ""NORMAL""]"
2022-04-07,2022-04-01 10:00:00+05:30,development,buy_call,-2898.6018667000003,-2915.4028000500007,-2865.0000000000005,33.601866699999995,"[""ALL"", ""NORMAL""]"
2022-04-07,2022-04-01 10:00:00+05:30,development,sell_put,7729.45021595,7712.925323925,7762.5,33.04978405000001,"[""ALL"", ""NORMAL""]"
2022-04-07,2022-04-01 10:00:00+05:30,development,bull_condor,1556.6193334,1499.9290001,1670.0,113.38066660000001,"[""ALL"", ""NORMAL""]"
2022-04-07,2022-04-01 10:00:00+05:30,development,bull_butterfly,1723.5041983,1677.75629745,1815.0,91.4958017,"[""ALL"", ""NORMAL""]"
2022-04-07,2022-04-01 10:00:00+05:30,development,range_forward,2510.995634749999,2480.2434521249993,2572.499999999999,61.50436524999999,"[""ALL"", ""NORMAL""]"
2022-04-07,2022-04-01 10:00:00+05:30,development,buy_put,-7800.9281215500005,-7815.142182325001,-7772.500000000001,28.42812155,"[""ALL"", ""NORMAL""]"
2022-04-07,2022-04-01 10:00:00+05:30,development,sell_call,2819.6964332999996,2802.0446499499994,2854.9999999999995,35.3035667,"[""ALL"", ""NORMAL""]"
2022-04-07,2022-04-01 10:00:00+05:30,development,bear_condor,-363.9118826,-420.8678239,-250.0,113.91188259999998,"[""ALL"", ""NORMAL""]"
2022-04-07,2022-04-01 10:00:00+05:30,development,bear_butterfly,-236.8267883,-282.74018245,-145.0,91.8267883,"[""ALL"", ""NORMAL""]"
2022-04-07,2022-04-01 10:00:00+05:30,development,risk_reversal,-2652.4677777499996,-2682.4516666249997,-2592.4999999999995,59.96777775,"[""ALL"", ""NORMAL""]"
2022-04-07,2022-04-01 10:00:00+05:30,development,batman,10356.85466465,10291.531996975,10487.5,130.64533534999998,"[""ALL"", ""NORMAL""]"
2022-04-07,2022-04-01 10:00:00+05:30,development,jade_lizard,5724.3766349,5679.06495235,5815.0,90.6233651,"[""ALL"", ""NORMAL""]"
2022-04-07,2022-04-01 10:00:00+05:30,development,reverse_jade_lizard,4978.9138558,4933.3707837,5070.0,91.08614419999998,"[""ALL"", ""NORMAL""]"
2022-04-07,2022-04-01 10:00:00+05:30,development,long_iron_condor,-2110.4459948999997,-2168.1689923499994,-1994.9999999999995,115.44599489999999,"[""ALL"", ""NORMAL""]"
2022-04-07,2022-04-01 10:00:00+05:30,development,long_iron_butterfly,-119.6885170500018,-180.78277557500178,2.499999999998181,122.18851704999999,"[""ALL"", ""NORMAL""]"
2022-04-07,2022-04-01 10:00:00+05:30,development,double_plateau,1486.67741,1395.016115,1670.0,183.32259,"[""ALL"", ""NORMAL""]"
2022-04-07,2022-04-01 10:00:00+05:30,development,strip,-18476.858109800003,-18510.287164700003,-18410.000000000004,66.8581098,"[""ALL"", ""NORMAL""]"
2022-04-07,2022-04-01 10:00:00+05:30,development,strap,-13574.531854950003,-13610.547782425001,-13502.500000000002,72.03185495,"[""ALL"", ""NORMAL""]"
2022-04-07,2022-04-01 10:00:00+05:30,development,long_synthetic_future,4830.84834925,4797.522523875,4897.5,66.65165075,"[""ALL"", ""NORMAL""]"
2022-04-07,2022-04-01 10:00:00+05:30,development,short_synthetic_future,-4981.231688250002,-5013.097532375002,-4917.500000000002,63.731688250000005,"[""ALL"", ""NORMAL""]"
2022-04-13,2022-04-07 10:00:00+05:30,development,buy_call,-8901.61141955,-8916.167129325,-8872.5,29.111419549999997,"[""ALL"", ""NORMAL""]"
2022-04-13,2022-04-07 10:00:00+05:30,development,sell_put,-4715.994343450001,-4735.241515175001,-4677.500000000001,38.49434345,"[""ALL"", ""NORMAL""]"
2022-04-13,2022-04-07 10:00:00+05:30,development,bull_condor,-428.2696927500009,-486.1545391250009,-312.5000000000009,115.76969274999999,"[""ALL"", ""NORMAL""]"
2022-04-13,2022-04-07 10:00:00+05:30,development,bull_butterfly,-279.06106090000094,-326.09159135000095,-185.0000000000009,94.06106090000002,"[""ALL"", ""NORMAL""]"
2022-04-13,2022-04-07 10:00:00+05:30,development,range_forward,-10799.047341700001,-10831.071012550003,-10735.000000000002,64.04734169999999,"[""ALL"", ""NORMAL""]"
2022-04-13,2022-04-07 10:00:00+05:30,development,buy_put,4626.225519049998,4605.588278574998,4667.499999999998,41.27448095,"[""ALL"", ""NORMAL""]"
2022-04-13,2022-04-07 10:00:00+05:30,development,sell_call,8828.11241795,8810.918626925,8862.5,34.38758205,"[""ALL"", ""NORMAL""]"
2022-04-13,2022-04-07 10:00:00+05:30,development,bear_condor,-370.99126874999956,-435.23690312499957,-242.49999999999955,128.49126875,"[""ALL"", ""NORMAL""]"
2022-04-13,2022-04-07 10:00:00+05:30,development,bear_butterfly,-213.29869054999972,-268.6980358249997,-102.49999999999972,110.79869055,"[""ALL"", ""NORMAL""]"
2022-04-13,2022-04-07 10:00:00+05:30,development,risk_reversal,10644.5712833,10609.35692495,10715.0,70.4287167,"[""ALL"", ""NORMAL""]"
2022-04-13,2022-04-07 10:00:00+05:30,development,batman,4962.5326402,4888.7989603,5110.0,147.4673598,"[""ALL"", ""NORMAL""]"
2022-04-13,2022-04-07 10:00:00+05:30,development,jade_lizard,-2071.045719100001,-2119.0685786500007,-1975.000000000001,96.0457191,"[""ALL"", ""NORMAL""]"
2022-04-13,2022-04-07 10:00:00+05:30,development,reverse_jade_lizard,5774.94965165,5723.6744774750005,5877.5,102.55034835000001,"[""ALL"", ""NORMAL""]"
2022-04-13,2022-04-07 10:00:00+05:30,development,long_iron_condor,905.95367915,842.680518725,1032.5,126.54632084999999,"[""ALL"", ""NORMAL""]"
2022-04-13,2022-04-07 10:00:00+05:30,development,long_iron_butterfly,387.75460294999823,320.3819044249982,522.4999999999982,134.74539704999998,"[""ALL"", ""NORMAL""]"
2022-04-13,2022-04-07 10:00:00+05:30,development,double_plateau,-492.3597514500009,-594.789627175001,-287.5000000000009,204.85975144999998,"[""ALL"", ""NORMAL""]"
2022-04-13,2022-04-07 10:00:00+05:30,development,strip,374.43961854999634,330.4094278249963,462.49999999999636,88.06038145,"[""ALL"", ""NORMAL""]"
2022-04-13,2022-04-07 10:00:00+05:30,development,strap,-13153.397320050002,-13191.345980075002,-13077.500000000002,75.89732004999999,"[""ALL"", ""NORMAL""]"
2022-04-13,2022-04-07 10:00:00+05:30,development,long_synthetic_future,-13617.605763,-13651.4086445,-13550.0,67.60576300000001,"[""ALL"", ""NORMAL""]"
2022-04-13,2022-04-07 10:00:00+05:30,development,short_synthetic_future,13454.337936999998,13416.506905499999,13529.999999999998,75.662063,"[""ALL"", ""NORMAL""]"
2022-04-21,2022-04-13 10:00:00+05:30,development,buy_call,-7405.6827554500005,-7419.774133175001,-7377.500000000001,28.18275545,"[""ALL"", ""NORMAL""]"
2022-04-21,2022-04-13 10:00:00+05:30,development,sell_put,-4452.2472413,-4470.87086195,-4415.0,37.2472413,"[""ALL"", ""NORMAL""]"
2022-04-21,2022-04-13 10:00:00+05:30,development,bull_condor,-468.34596064999954,-523.7689409749995,-357.49999999999955,110.84596065,"[""ALL"", ""NORMAL""]"
2022-04-21,2022-04-13 10:00:00+05:30,development,bull_butterfly,-306.47798185,-350.966972775,-217.5,88.97798185,"[""ALL"", ""NORMAL""]"
2022-04-21,2022-04-13 10:00:00+05:30,development,range_forward,-9164.29764075,-9195.196461125,-9102.5,61.797640749999985,"[""ALL"", ""NORMAL""]"
2022-04-21,2022-04-13 10:00:00+05:30,development,buy_put,4365.128808699999,4345.193213049999,4404.999999999999,39.87119129999999,"[""ALL"", ""NORMAL""]"
2022-04-21,2022-04-13 10:00:00+05:30,development,sell_call,7334.93060705,7318.645910575,7367.5,32.56939295,"[""ALL"", ""NORMAL""]"
2022-04-21,2022-04-13 10:00:00+05:30,development,bear_condor,-442.7379459999998,-504.1069189999998,-319.9999999999998,122.73794600000002,"[""ALL"", ""NORMAL""]"
2022-04-21,2022-04-13 10:00:00+05:30,development,bear_butterfly,-295.02861259999975,-347.54291889999973,-189.99999999999972,105.0286126,"[""ALL"", ""NORMAL""]"
2022-04-21,2022-04-13 10:00:00+05:30,development,risk_reversal,9015.29232175,8981.688482625,9082.5,67.20767824999999,"[""ALL"", ""NORMAL""]"
2022-04-21,2022-04-13 10:00:00+05:30,development,batman,3708.56840905,3639.102613575,3847.5,138.93159095,"[""ALL"", ""NORMAL""]"
2022-04-21,2022-04-13 10:00:00+05:30,development,jade_lizard,-1914.578752950001,-1960.618129425001,-1822.500000000001,92.07875295,"[""ALL"", ""NORMAL""]"
2022-04-21,2022-04-13 10:00:00+05:30,development,reverse_jade_lizard,4409.52803385,4360.5420507750005,4507.5,97.97196614999999,"[""ALL"", ""NORMAL""]"
2022-04-21,2022-04-13 10:00:00+05:30,development,long_iron_condor,1001.3195557500009,940.7293336250009,1122.500000000001,121.18044425000002,"[""ALL"", ""NORMAL""]"
2022-04-21,2022-04-13 10:00:00+05:30,development,long_iron_butterfly,378.1700906499982,313.5051359749982,507.4999999999982,129.32990935,"[""ALL"", ""NORMAL""]"
2022-04-21,2022-04-13 10:00:00+05:30,development,double_plateau,-601.50659445,-698.5098916750001,-407.5,194.00659445,"[""ALL"", ""NORMAL""]"
2022-04-21,2022-04-13 10:00:00+05:30,development,strip,1348.1748619499972,1306.0122929249974,1432.4999999999973,84.32513804999998,"[""ALL"", ""NORMAL""]"
2022-04-21,2022-04-13 10:00:00+05:30,development,strap,-10422.636702200003,-10458.955053300004,-10350.000000000004,72.6367022,"[""ALL"", ""NORMAL""]"
2022-04-21,2022-04-13 10:00:00+05:30,development,long_synthetic_future,-11857.92999675,-11890.644995125,-11792.5,65.42999675,"[""ALL"", ""NORMAL""]"
2022-04-21,2022-04-13 10:00:00+05:30,development,short_synthetic_future,11700.05941575,11663.839123625,11772.5,72.44058425,"[""ALL"", ""NORMAL""]"
2022-04-28,2022-04-22 10:00:00+05:30,development,buy_call,-6867.848871200001,-6881.773306800001,-6840.000000000001,27.848871199999998,"[""ALL"", ""NORMAL""]"
2022-04-28,2022-04-22 10:00:00+05:30,development,sell_put,7411.8540461,7395.28106915,7445.0,33.145953899999995,"[""ALL"", ""NORMAL""]"
2022-04-28,2022-04-22 10:00:00+05:30,development,bull_condor,-451.8621615499991,-506.5432423249991,-342.4999999999991,109.36216154999998,"[""ALL"", ""NORMAL""]"
2022-04-28,2022-04-22 10:00:00+05:30,development,bull_butterfly,-274.89759045,-318.59638567499996,-187.5,87.39759045000001,"[""ALL"", ""NORMAL""]"
2022-04-28,2022-04-22 10:00:00+05:30,development,range_forward,966.2550127,936.88251905,1025.0,58.74498729999999,"[""ALL"", ""NORMAL""]"
2022-04-28,2022-04-22 10:00:00+05:30,development,buy_put,-7483.713203900001,-7498.069805850001,-7455.000000000001,28.7132039,"[""ALL"", ""NORMAL""]"
2022-04-28,2022-04-22 10:00:00+05:30,development,sell_call,6798.0843038,6782.1264557,6830.0,31.9156962,"[""ALL"", ""NORMAL""]"
2022-04-28,2022-04-22 10:00:00+05:30,development,bear_condor,-398.7223275000009,-455.583491250001,-285.0000000000009,113.7223275,"[""ALL"", ""NORMAL""]"
2022-04-28,2022-04-22 10:00:00+05:30,development,bear_butterfly,-256.6095419000009,-302.4143128500009,-165.0000000000009,91.6095419,"[""ALL"", ""NORMAL""]"
2022-04-28,2022-04-22 10:00:00+05:30,development,risk_reversal,-1103.1291623,-1132.19374345,-1045.0,58.1291623,"[""ALL"", ""NORMAL""]"
2022-04-28,2022-04-22 10:00:00+05:30,development,batman,7858.371955899999,7795.057933849999,7984.999999999999,126.6280441,"[""ALL"", ""NORMAL""]"
2022-04-28,2022-04-22 10:00:00+05:30,development,jade_lizard,7636.5368895,7592.30533425,7725.0,88.4631105,"[""ALL"", ""NORMAL""]"
2022-04-28,2022-04-22 10:00:00+05:30,development,reverse_jade_lizard,6485.8225325,6441.23379875,6575.0,89.1774675,"[""ALL"", ""NORMAL""]"
2022-04-28,2022-04-22 10:00:00+05:30,development,long_iron_condor,-4029.63408805,-4085.701132075,-3917.5,112.13408805,"[""ALL"", ""NORMAL""]"
2022-04-28,2022-04-22 10:00:00+05:30,development,long_iron_butterfly,-4301.0760285000015,-4359.114042750002,-4185.000000000002,116.07602850000002,"[""ALL"", ""NORMAL""]"
2022-04-28,2022-04-22 10:00:00+05:30,development,double_plateau,-531.5071323500009,-621.0106985250009,-352.5000000000009,179.00713234999998,"[""ALL"", ""NORMAL""]"
2022-04-28,2022-04-22 10:00:00+05:30,development,strip,-21811.675279000003,-21842.512918500004,-21750.000000000004,61.675278999999996,"[""ALL"", ""NORMAL""]"
2022-04-28,2022-04-22 10:00:00+05:30,development,strap,-21195.810946300004,-21226.216419450004,-21135.000000000004,60.8109463,"[""ALL"", ""NORMAL""]"
2022-04-28,2022-04-22 10:00:00+05:30,development,long_synthetic_future,544.0051748999991,513.5077623499991,604.9999999999991,60.99482510000001,"[""ALL"", ""NORMAL""]"
2022-04-28,2022-04-22 10:00:00+05:30,development,short_synthetic_future,-685.6289001000009,-715.9433501500009,-625.0000000000009,60.62890010000001,"[""ALL"", ""NORMAL""]"
2022-05-05,2022-04-28 10:00:00+05:30,development,buy_call,-9356.89405645,-9371.591084675,-9327.5,29.39405645,"[""ALL"", ""NORMAL"", ""RISING""]"
2022-05-05,2022-04-28 10:00:00+05:30,development,sell_put,-12878.760985550001,-12901.891478325002,-12832.500000000002,46.26098555,"[""ALL"", ""NORMAL"", ""RISING""]"
2022-05-05,2022-04-28 10:00:00+05:30,development,bull_condor,-369.86767235000093,-428.5515085250009,-252.5000000000009,117.36767234999999,"[""ALL"", ""NORMAL"", ""RISING""]"
2022-05-05,2022-04-28 10:00:00+05:30,development,bull_butterfly,-238.1882847500009,-286.0324271250009,-142.5000000000009,95.68828475,"[""ALL"", ""NORMAL"", ""RISING""]"
2022-05-05,2022-04-28 10:00:00+05:30,development,range_forward,-19429.50333065,-19465.504995975,-19357.5,72.00333065,"[""ALL"", ""NORMAL"", ""RISING""]"
2022-05-05,2022-04-28 10:00:00+05:30,development,buy_put,12768.60665195,12741.659977925,12822.5,53.89334805,"[""ALL"", ""NORMAL"", ""RISING""]"
2022-05-05,2022-04-28 10:00:00+05:30,development,sell_call,9282.55905605,9265.088584075,9317.5,34.94094395,"[""ALL"", ""NORMAL"", ""RISING""]"
2022-05-05,2022-04-28 10:00:00+05:30,development,bear_condor,-403.74316750000185,-488.1147512500018,-235.00000000000182,168.7431675,"[""ALL"", ""NORMAL"", ""RISING""]"
2022-05-05,2022-04-28 10:00:00+05:30,development,bear_butterfly,-283.76221295000266,-359.3933194250027,-132.50000000000273,151.26221294999996,"[""ALL"", ""NORMAL"", ""RISING""]"
2022-05-05,2022-04-28 10:00:00+05:30,development,risk_reversal,19253.98490685,19212.227360275,19337.5,83.51509314999998,"[""ALL"", ""NORMAL"", ""RISING""]"
2022-05-05,2022-04-28 10:00:00+05:30,development,batman,-2944.2746262500036,-3032.6619393750034,-2767.5000000000036,176.77462624999998,"[""ALL"", ""NORMAL"", ""RISING""]"
2022-05-05,2022-04-28 10:00:00+05:30,development,jade_lizard,-10304.5310736,-10356.7966104,-10200.0,104.5310736,"[""ALL"", ""NORMAL"", ""RISING""]"
2022-05-05,2022-04-28 10:00:00+05:30,development,reverse_jade_lizard,6259.1245207500015,6197.436781125002,6382.500000000002,123.37547925000001,"[""ALL"", ""NORMAL"", ""RISING""]"
2022-05-05,2022-04-28 10:00:00+05:30,development,long_iron_condor,767.5312478999982,693.7968718499982,914.9999999999982,147.4687521,"[""ALL"", ""NORMAL"", ""RISING""]"
2022-05-05,2022-04-28 10:00:00+05:30,development,long_iron_butterfly,241.61621644999997,163.674324675,397.5,155.88378355000003,"[""ALL"", ""NORMAL"", ""RISING""]"
2022-05-05,2022-04-28 10:00:00+05:30,development,double_plateau,-521.9504977000037,-645.4257465500036,-275.00000000000364,246.9504977,"[""ALL"", ""NORMAL"", ""RISING""]"
2022-05-05,2022-04-28 10:00:00+05:30,development,strip,16203.91924745,16147.128871175,16317.5,113.58075255000001,"[""ALL"", ""NORMAL"", ""RISING""]"
2022-05-05,2022-04-28 10:00:00+05:30,development,strap,-5921.58146095,-5966.122191425,-5832.5,89.08146095,"[""ALL"", ""NORMAL"", ""RISING""]"
2022-05-05,2022-04-28 10:00:00+05:30,development,long_synthetic_future,-22235.655042,-22273.482563,-22160.0,75.65504200000001,"[""ALL"", ""NORMAL"", ""RISING""]"
2022-05-05,2022-04-28 10:00:00+05:30,development,short_synthetic_future,22051.165708,22006.748562,22140.0,88.83429199999999,"[""ALL"", ""NORMAL"", ""RISING""]"
2022-05-12,2022-05-06 10:00:00+05:30,development,buy_call,-8648.9545716,-8663.4318574,-8620.0,28.9545716,"[""ALL"", ""FALLING"", ""NORMAL""]"
2022-05-12,2022-05-06 10:00:00+05:30,development,sell_put,-22155.7843592,-22183.6765388,-22100.0,55.7843592,"[""ALL"", ""FALLING"", ""NORMAL""]"
2022-05-12,2022-05-06 10:00:00+05:30,development,bull_condor,-388.24484555000004,-446.117268325,-272.5,115.74484555000002,"[""ALL"", ""FALLING"", ""NORMAL""]"
2022-05-12,2022-05-06 10:00:00+05:30,development,bull_butterfly,-266.40171395000004,-313.352570925,-172.5,93.90171395000002,"[""ALL"", ""FALLING"", ""NORMAL""]"
2022-05-12,2022-05-06 10:00:00+05:30,development,range_forward,-28256.0129099,-28296.51936485,-28175.0,81.0129099,"[""ALL"", ""FALLING"", ""NORMAL""]"
2022-05-12,2022-05-06 10:00:00+05:30,development,buy_put,22021.069115800005,21986.603673700003,22090.000000000004,68.9308842,"[""ALL"", ""FALLING"", ""NORMAL""]"
2022-05-12,2022-05-06 10:00:00+05:30,development,sell_call,8575.9195034,8558.8792551,8610.0,34.080496600000004,"[""ALL"", ""FALLING"", ""NORMAL""]"
2022-05-12,2022-05-06 10:00:00+05:30,development,bear_condor,-459.2212959499982,-567.5819439249982,-242.49999999999818,216.72129594999998,"[""ALL"", ""FALLING"", ""NORMAL""]"
2022-05-12,2022-05-06 10:00:00+05:30,development,bear_butterfly,-356.84767344998903,-456.5215101749891,-157.4999999999891,199.34767344999995,"[""ALL"", ""FALLING"", ""NORMAL""]"
2022-05-12,2022-05-06 10:00:00+05:30,development,risk_reversal,28057.228915100004,28008.343372650004,28155.000000000004,97.7710849,"[""ALL"", ""FALLING"", ""NORMAL""]"
2022-05-12,2022-05-06 10:00:00+05:30,development,batman,-13008.51835819999,-13112.77753729999,-12799.999999999989,208.51835820000002,"[""ALL"", ""FALLING"", ""NORMAL""]"
2022-05-12,2022-05-06 10:00:00+05:30,development,jade_lizard,-19755.40456215,-19811.856843225,-19642.5,112.90456214999999,"[""ALL"", ""FALLING"", ""NORMAL""]"
2022-05-12,2022-05-06 10:00:00+05:30,development,reverse_jade_lizard,5788.1269057,5714.69035855,5935.0,146.87309429999996,"[""ALL"", ""FALLING"", ""NORMAL""]"
2022-05-12,2022-05-06 10:00:00+05:30,development,long_iron_condor,704.3235109,618.98526635,875.0,170.6764891,"[""ALL"", ""FALLING"", ""NORMAL""]"
2022-05-12,2022-05-06 10:00:00+05:30,development,long_iron_butterfly,208.44089505000727,118.91134257500727,387.5000000000073,179.05910495,"[""ALL"", ""FALLING"", ""NORMAL""]"
2022-05-12,2022-05-06 10:00:00+05:30,development,double_plateau,-623.249387399989,-769.8740810999891,-329.9999999999891,293.2493874,"[""ALL"", ""FALLING"", ""NORMAL""]"
2022-05-12,2022-05-06 10:00:00+05:30,development,strip,35416.78366000001,35345.17549000001,35560.00000000001,143.21634,"[""ALL"", ""FALLING"", ""NORMAL""]"
2022-05-12,2022-05-06 10:00:00+05:30,development,strap,4746.7599726000035,4695.139958900004,4850.000000000004,103.24002740000003,"[""ALL"", ""FALLING"", ""NORMAL""]"
2022-05-12,2022-05-06 10:00:00+05:30,development,long_synthetic_future,-30804.7389308,-30847.1083962,-30720.0,84.73893079999999,"[""ALL"", ""FALLING"", ""NORMAL""]"
2022-05-12,2022-05-06 10:00:00+05:30,development,short_synthetic_future,30596.988619200005,30545.482928800004,30700.000000000004,103.01138079999998,"[""ALL"", ""FALLING"", ""NORMAL""]"
2022-05-19,2022-05-13 10:00:00+05:30,development,buy_call,-9321.872315150002,-9336.558472725003,-9292.500000000002,29.372315150000002,"[""ALL"", ""HIGH"", ""HIGH_RISING"", ""RISING""]"
2022-05-19,2022-05-13 10:00:00+05:30,development,sell_put,2907.3848884499994,2887.3273326749995,2947.4999999999995,40.11511155,"[""ALL"", ""HIGH"", ""HIGH_RISING"", ""RISING""]"
2022-05-19,2022-05-13 10:00:00+05:30,development,bull_condor,-303.2214557000009,-362.3321835500009,-185.0000000000009,118.22145569999998,"[""ALL"", ""HIGH"", ""HIGH_RISING"", ""RISING""]"
2022-05-19,2022-05-13 10:00:00+05:30,development,bull_butterfly,-178.92270515000274,-227.13405772500275,-82.50000000000273,96.42270515000001,"[""ALL"", ""HIGH"", ""HIGH_RISING"", ""RISING""]"
2022-05-19,2022-05-13 10:00:00+05:30,development,range_forward,-3785.730085000001,-3818.5951275000007,-3720.000000000001,65.730085,"[""ALL"", ""HIGH"", ""HIGH_RISING"", ""RISING""]"
2022-05-19,2022-05-13 10:00:00+05:30,development,buy_put,-2995.8583740500017,-3015.037561075002,-2957.500000000002,38.35837405,"[""ALL"", ""HIGH"", ""HIGH_RISING"", ""RISING""]"
2022-05-19,2022-05-13 10:00:00+05:30,development,sell_call,9247.60162235,9230.152433525,9282.5,34.89837765,"[""ALL"", ""HIGH"", ""HIGH_RISING"", ""RISING""]"
2022-05-19,2022-05-13 10:00:00+05:30,development,bear_condor,2164.38454515,2100.326817725,2292.5,128.11545485,"[""ALL"", ""HIGH"", ""HIGH_RISING"", ""RISING""]"
2022-05-19,2022-05-13 10:00:00+05:30,development,bear_butterfly,334.9980021499982,281.24700322499814,442.4999999999982,107.50199785,"[""ALL"", ""HIGH"", ""HIGH_RISING"", ""RISING""]"
2022-05-19,2022-05-13 10:00:00+05:30,development,risk_reversal,3632.062464999999,3598.093697499999,3699.999999999999,67.937535,"[""ALL"", ""HIGH"", ""HIGH_RISING"", ""RISING""]"
2022-05-19,2022-05-13 10:00:00+05:30,development,batman,12976.204659699997,12901.806989549996,13124.999999999996,148.79534029999996,"[""ALL"", ""HIGH"", ""HIGH_RISING"", ""RISING""]"
2022-05-19,2022-05-13 10:00:00+05:30,development,jade_lizard,5289.06412425,5239.846186375,5387.5,98.43587575000001,"[""ALL"", ""HIGH"", ""HIGH_RISING"", ""RISING""]"
2022-05-19,2022-05-13 10:00:00+05:30,development,reverse_jade_lizard,6443.5854530999995,6392.878179649999,6544.999999999999,101.41454689999999,"[""ALL"", ""HIGH"", ""HIGH_RISING"", ""RISING""]"
2022-05-19,2022-05-13 10:00:00+05:30,development,long_iron_condor,249.1247022999991,186.1870534499991,374.9999999999991,125.8752977,"[""ALL"", ""HIGH"", ""HIGH_RISING"", ""RISING""]"
2022-05-19,2022-05-13 10:00:00+05:30,development,long_iron_butterfly,363.34999564999544,296.2749934749955,497.49999999999545,134.15000435000002,"[""ALL"", ""HIGH"", ""HIGH_RISING"", ""RISING""]"
2022-05-19,2022-05-13 10:00:00+05:30,development,double_plateau,156.07529699999543,54.112945499995476,359.99999999999545,203.92470300000002,"[""ALL"", ""HIGH"", ""HIGH_RISING"", ""RISING""]"
2022-05-19,2022-05-13 10:00:00+05:30,development,strip,-15289.989063250005,-15331.233594875006,-15207.500000000005,82.48906325,"[""ALL"", ""HIGH"", ""HIGH_RISING"", ""RISING""]"
2022-05-19,2022-05-13 10:00:00+05:30,development,strap,-21616.00300435001,-21652.75450652501,-21542.500000000007,73.50300435000001,"[""ALL"", ""HIGH"", ""HIGH_RISING"", ""RISING""]"
2022-05-19,2022-05-13 10:00:00+05:30,development,long_synthetic_future,-6414.487426700001,-6449.231140050002,-6345.000000000002,69.4874267,"[""ALL"", ""HIGH"", ""HIGH_RISING"", ""RISING""]"
2022-05-19,2022-05-13 10:00:00+05:30,development,short_synthetic_future,6251.743248299998,6215.114872449998,6324.999999999998,73.2567517,"[""ALL"", ""HIGH"", ""HIGH_RISING"", ""RISING""]"
2022-05-26,2022-05-20 10:00:00+05:30,development,buy_call,-8408.168855849999,-8423.503283775,-8377.5,30.66885585,"[""ALL"", ""HIGH"", ""HIGH_RISING"", ""RISING""]"
2022-05-26,2022-05-20 10:00:00+05:30,development,sell_put,9290.0499347,9272.57490205,9325.0,34.950065300000006,"[""ALL"", ""HIGH"", ""HIGH_RISING"", ""RISING""]"
2022-05-26,2022-05-20 10:00:00+05:30,development,bull_condor,-342.92017150000095,-401.8802572500009,-225.0000000000009,117.92017150000001,"[""ALL"", ""HIGH"", ""HIGH_RISING"", ""RISING""]"
2022-05-26,2022-05-20 10:00:00+05:30,development,bull_butterfly,-151.2264801000009,-199.33972015000091,-55.00000000000091,96.2264801,"[""ALL"", ""HIGH"", ""HIGH_RISING"", ""RISING""]"
2022-05-26,2022-05-20 10:00:00+05:30,development,range_forward,125.2766248499991,94.16493727499909,187.4999999999991,62.223375149999995,"[""ALL"", ""HIGH"", ""HIGH_RISING"", ""RISING""]"
2022-05-26,2022-05-20 10:00:00+05:30,development,buy_put,-9364.3987153,-9379.09807295,-9335.0,29.3987153,"[""ALL"", ""HIGH"", ""HIGH_RISING"", ""RISING""]"
2022-05-26,2022-05-20 10:00:00+05:30,development,sell_call,8331.84950665,8314.024259975,8367.5,35.650493350000005,"[""ALL"", ""HIGH"", ""HIGH_RISING"", ""RISING""]"
2022-05-26,2022-05-20 10:00:00+05:30,development,bear_condor,-277.11454705,-336.92182057499997,-157.5,119.61454705,"[""ALL"", ""HIGH"", ""HIGH_RISING"", ""RISING""]"
2022-05-26,2022-05-20 10:00:00+05:30,development,bear_butterfly,-210.0942839500009,-258.89142592500093,-112.50000000000091,97.59428394999999,"[""ALL"", ""HIGH"", ""HIGH_RISING"", ""RISING""]"
2022-05-26,2022-05-20 10:00:00+05:30,development,risk_reversal,-269.60586265,-300.658793975,-207.5,62.10586265,"[""ALL"", ""HIGH"", ""HIGH_RISING"", ""RISING""]"
2022-05-26,2022-05-20 10:00:00+05:30,development,batman,11913.47005555,11843.955083325,12052.5,139.02994445000002,"[""ALL"", ""HIGH"", ""HIGH_RISING"", ""RISING""]"
2022-05-26,2022-05-20 10:00:00+05:30,development,jade_lizard,9262.59587765,9215.143816475,9357.5,94.90412235000001,"[""ALL"", ""HIGH"", ""HIGH_RISING"", ""RISING""]"
2022-05-26,2022-05-20 10:00:00+05:30,development,reverse_jade_lizard,8899.8706999,8852.30604985,8995.0,95.12930010000002,"[""ALL"", ""HIGH"", ""HIGH_RISING"", ""RISING""]"
2022-05-26,2022-05-20 10:00:00+05:30,development,long_iron_condor,-4211.87634475,-4271.564517125,-4092.5,119.37634474999999,"[""ALL"", ""HIGH"", ""HIGH_RISING"", ""RISING""]"
2022-05-26,2022-05-20 10:00:00+05:30,development,long_iron_butterfly,-3664.5222558,-3726.7833837,-3540.0,124.52225579999998,"[""ALL"", ""HIGH"", ""HIGH_RISING"", ""RISING""]"
2022-05-26,2022-05-20 10:00:00+05:30,development,double_plateau,-361.3207640500018,-458.2311460750018,-167.50000000000182,193.82076405,"[""ALL"", ""HIGH"", ""HIGH_RISING"", ""RISING""]"
2022-05-26,2022-05-20 10:00:00+05:30,development,strip,-27113.36628645,-27146.299429675,-27047.5,65.86628645,"[""ALL"", ""HIGH"", ""HIGH_RISING"", ""RISING""]"
2022-05-26,2022-05-20 10:00:00+05:30,development,strap,-26157.136427,-26190.7046405,-26090.0,67.136427,"[""ALL"", ""HIGH"", ""HIGH_RISING"", ""RISING""]"
2022-05-26,2022-05-20 10:00:00+05:30,development,long_synthetic_future,881.88107885,849.071618275,947.5,65.61892115,"[""ALL"", ""HIGH"", ""HIGH_RISING"", ""RISING""]"
2022-05-26,2022-05-20 10:00:00+05:30,development,short_synthetic_future,-1032.54920865,-1065.073812975,-967.5,65.04920865,"[""ALL"", ""HIGH"", ""HIGH_RISING"", ""RISING""]"
2022-06-02,2022-05-27 10:00:00+05:30,development,buy_call,7363.376386149998,7338.814579224998,7412.499999999998,49.123613850000005,"[""ALL"", ""FALLING"", ""NORMAL""]"
2022-06-02,2022-05-27 10:00:00+05:30,development,sell_put,8982.92391005,8965.635865075,9017.5,34.57608995,"[""ALL"", ""FALLING"", ""NORMAL""]"
2022-06-02,2022-05-27 10:00:00+05:30,development,bull_condor,-376.57326995000295,-453.609904925003,-222.50000000000296,154.07326995,"[""ALL"", ""FALLING"", ""NORMAL""]"
2022-06-02,2022-05-27 10:00:00+05:30,development,bull_butterfly,-241.91372250000364,-310.3705837500036,-105.00000000000364,136.9137225,"[""ALL"", ""FALLING"", ""NORMAL""]"
2022-06-02,2022-05-27 10:00:00+05:30,development,range_forward,13981.460969199998,13942.191453799998,14059.999999999998,78.53903079999998,"[""ALL"", ""FALLING"", ""NORMAL""]"
2022-06-02,2022-05-27 10:00:00+05:30,development,buy_put,-9056.70770245,-9071.311553675,-9027.5,29.207702449999992,"[""ALL"", ""FALLING"", ""NORMAL""]"
2022-06-02,2022-05-27 10:00:00+05:30,development,sell_call,-7467.210201350001,-7489.565302025001,-7422.500000000001,44.71020135,"[""ALL"", ""FALLING"", ""NORMAL""]"
2022-06-02,2022-05-27 10:00:00+05:30,development,bear_condor,-338.3120980000018,-397.46814700000186,-220.00000000000182,118.312098,"[""ALL"", ""FALLING"", ""NORMAL""]"
2022-06-02,2022-05-27 10:00:00+05:30,development,bear_butterfly,-238.78542675000273,-286.9281401250027,-142.50000000000273,96.28542674999998,"[""ALL"", ""FALLING"", ""NORMAL""]"
2022-06-02,2022-05-27 10:00:00+05:30,development,risk_reversal,-14150.167380800001,-14185.251071200002,-14080.000000000002,70.16738079999999,"[""ALL"", ""FALLING"", ""NORMAL""]"
2022-06-02,2022-05-27 10:00:00+05:30,development,batman,2266.9829228999947,2182.9743843499946,2434.9999999999945,168.0170771,"[""ALL"", ""FALLING"", ""NORMAL""]"
2022-06-02,2022-05-27 10:00:00+05:30,development,jade_lizard,6418.586383699998,6360.379575549998,6534.999999999998,116.41361629999999,"[""ALL"", ""FALLING"", ""NORMAL""]"
2022-06-02,2022-05-27 10:00:00+05:30,development,reverse_jade_lizard,-5275.272330950001,-5326.6584964250005,-5172.500000000001,102.77233095000003,"[""ALL"", ""FALLING"", ""NORMAL""]"
2022-06-02,2022-05-27 10:00:00+05:30,development,long_iron_condor,761.8952095499964,691.5928143249963,902.4999999999964,140.60479045000002,"[""ALL"", ""FALLING"", ""NORMAL""]"
2022-06-02,2022-05-27 10:00:00+05:30,development,long_iron_butterfly,333.4764355499964,258.96465332499633,482.49999999999636,149.02356445,"[""ALL"", ""FALLING"", ""NORMAL""]"
2022-06-02,2022-05-27 10:00:00+05:30,development,double_plateau,-480.69914925000637,-597.2987238750063,-247.50000000000637,233.19914925,"[""ALL"", ""FALLING"", ""NORMAL""]"
2022-06-02,2022-05-27 10:00:00+05:30,development,strip,-10726.439018750001,-10768.408528125003,-10642.500000000002,83.93901875,"[""ALL"", ""FALLING"", ""NORMAL""]"
2022-06-02,2022-05-27 10:00:00+05:30,development,strap,5693.645069849997,5641.717604774996,5797.499999999996,103.85493015,"[""ALL"", ""FALLING"", ""NORMAL""]"
2022-06-02,2022-05-27 10:00:00+05:30,development,long_synthetic_future,16346.3002962,16304.4504443,16430.0,83.6997038,"[""ALL"", ""FALLING"", ""NORMAL""]"
2022-06-02,2022-05-27 10:00:00+05:30,development,short_synthetic_future,-16523.9179038,-16560.8768557,-16450.0,73.9179038,"[""ALL"", ""FALLING"", ""NORMAL""]"
2022-06-09,2022-06-03 10:00:00+05:30,development,buy_call,-7433.2044313,-7447.30664695,-7405.0,28.204431300000003,"[""ALL"", ""NORMAL""]"
2022-06-09,2022-06-03 10:00:00+05:30,development,sell_put,-7606.488728150001,-7628.483092225002,-7562.500000000002,43.98872814999999,"[""ALL"", ""NORMAL""]"
2022-06-09,2022-06-03 10:00:00+05:30,development,bull_condor,-404.06349494999904,-459.84524242499907,-292.4999999999991,111.56349494999998,"[""ALL"", ""NORMAL""]"
2022-06-09,2022-06-03 10:00:00+05:30,development,bull_butterfly,-247.13431444999998,-291.951471675,-157.5,89.63431444999998,"[""ALL"", ""NORMAL""]"
2022-06-09,2022-06-03 10:00:00+05:30,development,range_forward,-12460.98525035,-12495.227875525,-12392.5,68.48525035000002,"[""ALL"", ""NORMAL""]"
2022-06-09,2022-06-03 10:00:00+05:30,development,buy_put,7504.014559349999,7479.771839024999,7552.499999999999,48.485440649999994,"[""ALL"", ""NORMAL""]"
2022-06-09,2022-06-03 10:00:00+05:30,development,sell_call,7362.392568699999,7346.088853049999,7394.999999999999,32.607431299999995,"[""ALL"", ""NORMAL""]"
2022-06-09,2022-06-03 10:00:00+05:30,development,bear_condor,-454.8223515500032,-530.9835273250031,-302.5000000000032,152.32235155,"[""ALL"", ""NORMAL""]"
2022-06-09,2022-06-03 10:00:00+05:30,development,bear_butterfly,-257.4723981500032,-324.9585972250032,-122.50000000000318,134.97239815,"[""ALL"", ""NORMAL""]"
2022-06-09,2022-06-03 10:00:00+05:30,development,risk_reversal,12296.647162149999,12258.720743224998,12372.499999999998,75.85283785,"[""ALL"", ""NORMAL""]"
2022-06-09,2022-06-03 10:00:00+05:30,development,batman,511.4862573499964,430.9793860249964,672.4999999999964,161.01374264999998,"[""ALL"", ""NORMAL""]"
2022-06-09,2022-06-03 10:00:00+05:30,development,jade_lizard,-5213.937871300001,-5263.406806950001,-5115.000000000001,98.93787129999998,"[""ALL"", ""NORMAL""]"
2022-06-09,2022-06-03 10:00:00+05:30,development,reverse_jade_lizard,4616.787543199999,4560.181314799999,4729.999999999999,113.2124568,"[""ALL"", ""NORMAL""]"
2022-06-09,2022-06-03 10:00:00+05:30,development,long_iron_condor,788.6764546999982,720.5146820499982,924.9999999999982,136.3235453,"[""ALL"", ""NORMAL""]"
2022-06-09,2022-06-03 10:00:00+05:30,development,long_iron_butterfly,342.78815064999816,270.4322259749982,487.4999999999982,144.71184935000002,"[""ALL"", ""NORMAL""]"
2022-06-09,2022-06-03 10:00:00+05:30,development,double_plateau,-504.60671260000356,-616.9100689000037,-280.00000000000364,224.60671259999995,"[""ALL"", ""NORMAL""]"
2022-06-09,2022-06-03 10:00:00+05:30,development,strip,7598.424687399998,7547.637031099998,7699.999999999998,101.5753126,"[""ALL"", ""NORMAL""]"
2022-06-09,2022-06-03 10:00:00+05:30,development,strap,-7338.794303250001,-7379.441454875001,-7257.500000000001,81.29430325000001,"[""ALL"", ""NORMAL""]"
2022-06-09,2022-06-03 10:00:00+05:30,development,long_synthetic_future,-15039.693159450002,-15075.789739175001,-14967.500000000002,72.19315945000001,"[""ALL"", ""NORMAL""]"
2022-06-09,2022-06-03 10:00:00+05:30,development,short_synthetic_future,14866.407128049997,14825.860692074999,14947.499999999998,81.09287194999999,"[""ALL"", ""NORMAL""]"
2022-06-16,2022-06-10 10:00:00+05:30,development,buy_call,-8213.6843583,-8228.026537450001,-8185.000000000001,28.684358300000003,"[""ALL"", ""NORMAL""]"
2022-06-16,2022-06-10 10:00:00+05:30,development,sell_put,-37245.2399215,-37275.35988225,-37185.0,60.23992149999999,"[""ALL"", ""NORMAL""]"
2022-06-16,2022-06-10 10:00:00+05:30,development,bull_condor,-361.3919560499991,-418.33793407499905,-247.4999999999991,113.89195605000002,"[""ALL"", ""NORMAL""]"
2022-06-16,2022-06-10 10:00:00+05:30,development,bull_butterfly,-232.0809127999991,-278.1213691999991,-139.9999999999991,92.08091280000001,"[""ALL"", ""NORMAL""]"
2022-06-16,2022-06-10 10:00:00+05:30,development,range_forward,-42645.1025472,-42687.6538208,-42560.0,85.1025472,"[""ALL"", ""NORMAL""]"
2022-06-16,2022-06-10 10:00:00+05:30,development,buy_put,37092.6379785,37051.45696775,37175.0,82.36202149999998,"[""ALL"", ""NORMAL""]"
2022-06-16,2022-06-10 10:00:00+05:30,development,sell_call,8141.4485417,8124.67281255,8175.0,33.55145830000001,"[""ALL"", ""NORMAL""]"
2022-06-16,2022-06-10 10:00:00+05:30,development,bear_condor,-540.2109776499854,-666.5664664749854,-287.49999999998545,252.71097764999996,"[""ALL"", ""NORMAL""]"
2022-06-16,2022-06-10 10:00:00+05:30,development,bear_butterfly,-392.69916045000366,-510.29874067500367,-157.50000000000364,235.19916045000002,"[""ALL"", ""NORMAL""]"
2022-06-16,2022-06-10 10:00:00+05:30,development,risk_reversal,42429.5802028,42374.3703042,42540.0,110.4197972,"[""ALL"", ""NORMAL""]"
2022-06-16,2022-06-10 10:00:00+05:30,development,batman,-28279.4289192,-28394.1433788,-28050.0,229.42891920000002,"[""ALL"", ""NORMAL""]"
2022-06-16,2022-06-10 10:00:00+05:30,development,jade_lizard,-34653.89232125,-34712.088481875,-34537.5,116.39232125,"[""ALL"", ""NORMAL""]"
2022-06-16,2022-06-10 10:00:00+05:30,development,reverse_jade_lizard,5220.932072100008,5138.898108150007,5385.000000000007,164.06792789999997,"[""ALL"", ""NORMAL""]"
2022-06-16,2022-06-10 10:00:00+05:30,development,long_iron_condor,784.8517487500073,691.0276231250073,972.5000000000073,187.64825125,"[""ALL"", ""NORMAL""]"
2022-06-16,2022-06-10 10:00:00+05:30,development,long_iron_butterfly,396.2970529500009,298.1955794250009,592.5000000000009,196.20294705,"[""ALL"", ""NORMAL""]"
2022-06-16,2022-06-10 10:00:00+05:30,development,double_plateau,-624.7800732500027,-788.4201098750027,-297.50000000000273,327.28007325,"[""ALL"", ""NORMAL""]"
2022-06-16,2022-06-10 10:00:00+05:30,development,strip,65995.1915987,65910.28739805,66165.0,169.8084013,"[""ALL"", ""NORMAL""]"
2022-06-16,2022-06-10 10:00:00+05:30,development,strap,20688.8692619,20630.80389285,20805.0,116.13073810000002,"[""ALL"", ""NORMAL""]"
2022-06-16,2022-06-10 10:00:00+05:30,development,long_synthetic_future,-45458.9242798,-45503.3864197,-45370.0,88.9242798,"[""ALL"", ""NORMAL""]"
2022-06-16,2022-06-10 10:00:00+05:30,development,short_synthetic_future,45234.0865202,45176.1297803,45350.0,115.91347979999999,"[""ALL"", ""NORMAL""]"
2022-06-23,2022-06-17 10:00:00+05:30,development,buy_call,-167.5978621000014,-188.89679315000143,-125.00000000000142,42.5978621,"[""ALL"", ""NORMAL""]"
2022-06-23,2022-06-17 10:00:00+05:30,development,sell_put,9569.7094043,9552.06410645,9605.0,35.290595700000004,"[""ALL"", ""NORMAL""]"
2022-06-23,2022-06-17 10:00:00+05:30,development,bull_condor,-356.0334352000018,-424.05015280000185,-220.00000000000182,136.0334352,"[""ALL"", ""NORMAL""]"
2022-06-23,2022-06-17 10:00:00+05:30,development,bull_butterfly,-231.5913959500041,-291.1370939250041,-112.50000000000409,119.09139595000002,"[""ALL"", ""NORMAL""]"
2022-06-23,2022-06-17 10:00:00+05:30,development,range_forward,7264.720610849999,7228.330916274998,7337.499999999998,72.77938915,"[""ALL"", ""NORMAL""]"
2022-06-23,2022-06-17 10:00:00+05:30,development,buy_put,-9644.5726457,-9659.35896855,-9615.0,29.572645700000002,"[""ALL"", ""NORMAL""]"
2022-06-23,2022-06-17 10:00:00+05:30,development,sell_call,72.33073789999915,50.99610684999915,114.99999999999915,42.6692621,"[""ALL"", ""NORMAL""]"
2022-06-23,2022-06-17 10:00:00+05:30,development,bear_condor,-311.06328280000184,-371.59492420000186,-190.00000000000182,121.0632828,"[""ALL"", ""NORMAL""]"
2022-06-23,2022-06-17 10:00:00+05:30,development,bear_butterfly,-201.48446575000185,-250.97669862500183,-102.50000000000182,98.98446575000001,"[""ALL"", ""NORMAL""]"
2022-06-23,2022-06-17 10:00:00+05:30,development,risk_reversal,-7425.907626650001,-7460.111439975001,-7357.500000000001,68.40762665,"[""ALL"", ""NORMAL""]"
2022-06-23,2022-06-17 10:00:00+05:30,development,batman,10273.391947149994,10193.837920724995,10432.499999999995,159.10805285,"[""ALL"", ""NORMAL""]"
2022-06-23,2022-06-17 10:00:00+05:30,development,jade_lizard,7216.5551711,7162.33275665,7325.0,108.44482890000002,"[""ALL"", ""NORMAL""]"
2022-06-23,2022-06-17 10:00:00+05:30,development,reverse_jade_lizard,2068.12315,2017.184725,2170.0,101.87684999999999,"[""ALL"", ""NORMAL""]"
2022-06-23,2022-06-17 10:00:00+05:30,development,long_iron_condor,647.0360269999977,580.5540404999977,779.9999999999977,132.963973,"[""ALL"", ""NORMAL""]"
2022-06-23,2022-06-17 10:00:00+05:30,development,long_iron_butterfly,258.50889159999633,187.76333739999637,399.99999999999636,141.4911084,"[""ALL"", ""NORMAL""]"
2022-06-23,2022-06-17 10:00:00+05:30,development,double_plateau,-433.07586170000593,-542.1137925500059,-215.0000000000059,218.0758617,"[""ALL"", ""NORMAL""]"
2022-06-23,2022-06-17 10:00:00+05:30,development,strip,-19433.1431535,-19472.21473025,-19355.0,78.14315349999998,"[""ALL"", ""NORMAL""]"
2022-06-23,2022-06-17 10:00:00+05:30,development,strap,-9956.168369900004,-10001.752554850003,-9865.000000000004,91.16836989999999,"[""ALL"", ""NORMAL""]"
2022-06-23,2022-06-17 10:00:00+05:30,development,long_synthetic_future,9402.111542199998,9363.167313299999,9479.999999999998,77.8884578,"[""ALL"", ""NORMAL""]"
2022-06-23,2022-06-17 10:00:00+05:30,development,short_synthetic_future,-9572.2419078,-9608.3628617,-9500.0,72.24190779999999,"[""ALL"", ""NORMAL""]"
2022-06-30,2022-06-24 10:00:00+05:30,development,buy_call,-4973.9951022000005,-4990.992653300001,-4940.000000000001,33.9951022,"[""ALL"", ""NORMAL""]"
2022-06-30,2022-06-24 10:00:00+05:30,development,sell_put,8101.497188899999,8084.745783349999,8134.999999999999,33.502811099999995,"[""ALL"", ""NORMAL""]"
2022-06-30,2022-06-24 10:00:00+05:30,development,bull_condor,1067.1885945,1008.28289175,1185.0,117.81140549999999,"[""ALL"", ""NORMAL""]"
2022-06-30,2022-06-24 10:00:00+05:30,development,bull_butterfly,1278.8212151,1230.73182265,1375.0,96.17878490000001,"[""ALL"", ""NORMAL""]"
2022-06-30,2022-06-24 10:00:00+05:30,development,range_forward,892.6103044999982,861.4154567499982,954.9999999999982,62.389695499999995,"[""ALL"", ""NORMAL""]"
2022-06-30,2022-06-24 10:00:00+05:30,development,buy_put,-8173.6595111,-8187.98926665,-8145.0,28.659511099999996,"[""ALL"", ""NORMAL""]"
2022-06-30,2022-06-24 10:00:00+05:30,development,sell_call,4893.0685728,4874.6028592,4930.0,36.931427199999995,"[""ALL"", ""NORMAL""]"
2022-06-30,2022-06-24 10:00:00+05:30,development,bear_condor,-358.10218835,-415.903282525,-242.5,115.60218834999999,"[""ALL"", ""NORMAL""]"
2022-06-30,2022-06-24 10:00:00+05:30,development,bear_butterfly,-240.96359164999907,-287.6953874749991,-147.4999999999991,93.46359164999998,"[""ALL"", ""NORMAL""]"
2022-06-30,2022-06-24 10:00:00+05:30,development,risk_reversal,-1036.815520500001,-1067.7232807500009,-975.0000000000009,61.8155205,"[""ALL"", ""NORMAL""]"
2022-06-30,2022-06-24 10:00:00+05:30,development,batman,11674.1312608,11606.1968912,11810.0,135.8687392,"[""ALL"", ""NORMAL""]"
2022-06-30,2022-06-24 10:00:00+05:30,development,jade_lizard,6728.88746795,6682.081201925,6822.5,93.61253204999998,"[""ALL"", ""NORMAL""]"
2022-06-30,2022-06-24 10:00:00+05:30,development,reverse_jade_lizard,6979.04276295,6932.3141444249995,7072.5,93.45723705,"[""ALL"", ""NORMAL""]"
2022-06-30,2022-06-24 10:00:00+05:30,development,long_iron_condor,-2795.7309578500017,-2854.8464367750016,-2677.500000000002,118.23095785000001,"[""ALL"", ""NORMAL""]"
2022-06-30,2022-06-24 10:00:00+05:30,development,long_iron_butterfly,-685.1056413999981,-747.6584620999981,-559.9999999999982,125.1056414,"[""ALL"", ""NORMAL""]"
2022-06-30,2022-06-24 10:00:00+05:30,development,double_plateau,1037.8576234500008,943.0364351750009,1227.500000000001,189.64237655000002,"[""ALL"", ""NORMAL""]"
2022-06-30,2022-06-24 10:00:00+05:30,development,strip,-21297.7141244,-21331.5711866,-21230.0,67.7141244,"[""ALL"", ""NORMAL""]"
2022-06-30,2022-06-24 10:00:00+05:30,development,strap,-18098.0497155,-18134.57457325,-18025.0,73.04971549999999,"[""ALL"", ""NORMAL""]"
2022-06-30,2022-06-24 10:00:00+05:30,development,long_synthetic_future,3127.502086699998,3093.753130049998,3194.999999999998,67.4979133,"[""ALL"", ""NORMAL""]"
2022-06-30,2022-06-24 10:00:00+05:30,development,short_synthetic_future,-3280.5909383,-3313.38640745,-3215.0,65.5909383,"[""ALL"", ""NORMAL""]"
2022-07-07,2022-07-01 10:00:00+05:30,development,buy_call,16277.000182099997,16248.000273149997,16334.999999999996,57.999817900000004,"[""ALL"", ""NORMAL""]"
2022-07-07,2022-07-01 10:00:00+05:30,development,sell_put,9192.66851225,9175.252768375,9227.5,34.831487749999994,"[""ALL"", ""NORMAL""]"
2022-07-07,2022-07-01 10:00:00+05:30,development,bull_condor,-439.25002260000724,-528.8750339000073,-260.0000000000073,179.2500226,"[""ALL"", ""NORMAL""]"
2022-07-07,2022-07-01 10:00:00+05:30,development,bull_butterfly,-354.5204793500054,-435.5307190250055,-192.50000000000546,162.02047935,"[""ALL"", ""NORMAL""]"
2022-07-07,2022-07-01 10:00:00+05:30,development,range_forward,22939.93357565,22896.150363475,23027.5,87.56642434999999,"[""ALL"", ""NORMAL""]"
2022-07-07,2022-07-01 10:00:00+05:30,development,buy_put,-9266.83815025,-9281.507225375,-9237.5,29.33815025,"[""ALL"", ""NORMAL""]"
2022-07-07,2022-07-01 10:00:00+05:30,development,sell_call,-16393.2775179,-16417.41627685,-16344.999999999998,48.2775179,"[""ALL"", ""NORMAL""]"
2022-07-07,2022-07-01 10:00:00+05:30,development,bear_condor,-323.6426919000009,-382.9640378500009,-205.0000000000009,118.6426919,"[""ALL"", ""NORMAL""]"
2022-07-07,2022-07-01 10:00:00+05:30,development,bear_butterfly,-254.2035570500009,-302.55533557500087,-157.5000000000009,96.70355705,"[""ALL"", ""NORMAL""]"
2022-07-07,2022-07-01 10:00:00+05:30,development,risk_reversal,-23121.35911185,-23158.288667775,-23047.5,73.85911184999999,"[""ALL"", ""NORMAL""]"
2022-07-07,2022-07-01 10:00:00+05:30,development,batman,-6417.081490350008,-6509.372235525007,-6232.500000000007,184.58149035,"[""ALL"", ""NORMAL""]"
2022-07-07,2022-07-01 10:00:00+05:30,development,jade_lizard,6540.8959976000015,6476.343996400002,6670.000000000002,129.10400239999998,"[""ALL"", ""NORMAL""]"
2022-07-07,2022-07-01 10:00:00+05:30,development,reverse_jade_lizard,-14021.6320543,-14074.94808145,-13915.0,106.6320543,"[""ALL"", ""NORMAL""]"
2022-07-07,2022-07-01 10:00:00+05:30,development,long_iron_condor,811.6046670999946,734.9070006499945,964.9999999999945,153.3953329,"[""ALL"", ""NORMAL""]"
2022-07-07,2022-07-01 10:00:00+05:30,development,long_iron_butterfly,385.6506988499945,304.7260482749946,547.4999999999945,161.84930115000003,"[""ALL"", ""NORMAL""]"
2022-07-07,2022-07-01 10:00:00+05:30,development,double_plateau,-608.7240364000072,-738.0860546000074,-350.0000000000073,258.7240364,"[""ALL"", ""NORMAL""]"
2022-07-07,2022-07-01 10:00:00+05:30,development,strip,-2233.0761184000035,-2279.6141776000036,-2140.0000000000036,93.0761184,"[""ALL"", ""NORMAL""]"
2022-07-07,2022-07-01 10:00:00+05:30,development,strap,23310.762213949994,23249.89332092499,23432.499999999993,121.73778605000001,"[""ALL"", ""NORMAL""]"
2022-07-07,2022-07-01 10:00:00+05:30,development,long_synthetic_future,25469.668694349995,25423.253041524997,25562.499999999996,92.83130564999999,"[""ALL"", ""NORMAL""]"
2022-07-07,2022-07-01 10:00:00+05:30,development,short_synthetic_future,-25660.11566815,-25698.923502225,-25582.5,77.61566815,"[""ALL"", ""NORMAL""]"
2022-07-14,2022-07-08 10:00:00+05:30,development,buy_call,-7205.558519450001,-7219.587779175001,-7177.500000000001,28.058519450000002,"[""ALL"", ""NORMAL""]"
2022-07-14,2022-07-08 10:00:00+05:30,development,sell_put,-5773.10579615,-5793.408694225,-5732.5,40.60579615,"[""ALL"", ""NORMAL""]"
2022-07-14,2022-07-08 10:00:00+05:30,development,bull_condor,-450.32981599999863,-505.49472399999866,-339.99999999999864,110.329816,"[""ALL"", ""NORMAL""]"
2022-07-14,2022-07-08 10:00:00+05:30,development,bull_butterfly,-275.9356988499977,-320.1535482749977,-187.49999999999773,88.43569885,"[""ALL"", ""NORMAL""]"
2022-07-14,2022-07-08 10:00:00+05:30,development,range_forward,-10307.50918895,-10340.013783425,-10242.5,65.00918895,"[""ALL"", ""NORMAL""]"
2022-07-14,2022-07-08 10:00:00+05:30,development,buy_put,5678.486341349998,5656.479512024998,5722.499999999998,44.013658649999996,"[""ALL"", ""NORMAL""]"
2022-07-14,2022-07-08 10:00:00+05:30,development,sell_call,7135.17384305,7119.010764575,7167.5,32.326156950000005,"[""ALL"", ""NORMAL""]"
2022-07-14,2022-07-08 10:00:00+05:30,development,bear_condor,-374.75237004999997,-443.378555075,-237.5,137.25237005,"[""ALL"", ""NORMAL""]"
2022-07-14,2022-07-08 10:00:00+05:30,development,bear_butterfly,-197.20813725000113,-257.06220587500115,-77.50000000000114,119.70813725,"[""ALL"", ""NORMAL""]"
2022-07-14,2022-07-08 10:00:00+05:30,development,risk_reversal,10151.40247355,10115.853710325,10222.5,71.09752645,"[""ALL"", ""NORMAL""]"
2022-07-14,2022-07-08 10:00:00+05:30,development,batman,2263.3707873500007,2188.806181025001,2412.500000000001,149.12921265,"[""ALL"", ""NORMAL""]"
2022-07-14,2022-07-08 10:00:00+05:30,development,jade_lizard,-3280.0931955,-3327.63979325,-3185.0,95.09319550000001,"[""ALL"", ""NORMAL""]"
2022-07-14,2022-07-08 10:00:00+05:30,development,reverse_jade_lizard,4224.862311999999,4172.293467999999,4329.999999999999,105.137688,"[""ALL"", ""NORMAL""]"
2022-07-14,2022-07-08 10:00:00+05:30,development,long_iron_condor,921.8201126000005,857.7301689000005,1050.0000000000005,128.17988739999998,"[""ALL"", ""NORMAL""]"
2022-07-14,2022-07-08 10:00:00+05:30,development,long_iron_butterfly,418.5522662999982,350.3283994499982,554.9999999999982,136.4477337,"[""ALL"", ""NORMAL""]"
2022-07-14,2022-07-08 10:00:00+05:30,development,double_plateau,-473.1438360999987,-577.2157541499987,-264.99999999999864,208.14383610000002,"[""ALL"", ""NORMAL""]"
2022-07-14,2022-07-08 10:00:00+05:30,development,strip,4175.014163249995,4128.771244874995,4267.499999999995,92.48583675,"[""ALL"", ""NORMAL""]"
2022-07-14,2022-07-08 10:00:00+05:30,development,strap,-8709.030697550004,-8747.296046325004,-8632.500000000004,76.53069755,"[""ALL"", ""NORMAL""]"
2022-07-14,2022-07-08 10:00:00+05:30,development,long_synthetic_future,-12978.6643156,-13012.9964734,-12910.0,68.66431560000001,"[""ALL"", ""NORMAL""]"
2022-07-14,2022-07-08 10:00:00+05:30,development,short_synthetic_future,12813.660184399998,12775.490276599998,12889.999999999998,76.33981560000001,"[""ALL"", ""NORMAL""]"
2022-07-21,2022-07-15 10:00:00+05:30,development,buy_call,24055.7476008,24023.6214012,24120.0,64.25239920000001,"[""ALL"", ""NORMAL""]"
2022-07-21,2022-07-15 10:00:00+05:30,development,sell_put,6907.950523999999,6891.925785999999,6939.999999999999,32.049476,"[""ALL"", ""NORMAL""]"
2022-07-21,2022-07-15 10:00:00+05:30,development,bull_condor,-530.5618405,-628.34276075,-335.0,195.56184050000002,"[""ALL"", ""NORMAL""]"
2022-07-21,2022-07-15 10:00:00+05:30,development,bull_butterfly,-358.1079881999964,-447.16198229999634,-179.99999999999636,178.1079882,"[""ALL"", ""NORMAL""]"
2022-07-21,2022-07-15 10:00:00+05:30,development,range_forward,28586.337252850004,28540.755879275002,28677.500000000004,91.16274715,"[""ALL"", ""NORMAL""]"
2022-07-21,2022-07-15 10:00:00+05:30,development,buy_put,-6977.917201,-6991.8758015,-6950.0,27.917201,"[""ALL"", ""NORMAL""]"
2022-07-21,2022-07-15 10:00:00+05:30,development,sell_call,-24179.898024199996,-24204.847036299998,-24129.999999999996,49.898024199999995,"[""ALL"", ""NORMAL""]"
2022-07-21,2022-07-15 10:00:00+05:30,development,bear_condor,-388.2273652499991,-443.5910478749991,-277.4999999999991,110.72736525,"[""ALL"", ""NORMAL""]"
2022-07-21,2022-07-15 10:00:00+05:30,development,bear_butterfly,-196.14323485,-240.464852275,-107.5,88.64323485,"[""ALL"", ""NORMAL""]"
2022-07-21,2022-07-15 10:00:00+05:30,development,risk_reversal,-28771.59368465,-28808.640526975,-28697.5,74.09368465,"[""ALL"", ""NORMAL""]"
2022-07-21,2022-07-15 10:00:00+05:30,development,batman,-16267.48318039999,-16361.224770599989,-16079.999999999989,187.48318039999995,"[""ALL"", ""NORMAL""]"
2022-07-21,2022-07-15 10:00:00+05:30,development,jade_lizard,4205.6728734,4138.5093101,4340.0,134.32712659999999,"[""ALL"", ""NORMAL""]"
2022-07-21,2022-07-15 10:00:00+05:30,development,reverse_jade_lizard,-22026.65106495,-22078.726597425,-21922.5,104.15106495,"[""ALL"", ""NORMAL""]"
2022-07-21,2022-07-15 10:00:00+05:30,development,long_iron_condor,1032.5139112000036,953.7708668000037,1190.0000000000036,157.4860888,"[""ALL"", ""NORMAL""]"
2022-07-21,2022-07-15 10:00:00+05:30,development,long_iron_butterfly,429.3447159000036,346.5170738500036,595.0000000000036,165.6552841,"[""ALL"", ""NORMAL""]"
2022-07-21,2022-07-15 10:00:00+05:30,development,double_plateau,-604.2087876499963,-737.5631814749963,-337.49999999999636,266.70878765000003,"[""ALL"", ""NORMAL""]"
2022-07-21,2022-07-15 10:00:00+05:30,development,strip,10123.5131988,10075.2697982,10220.0,96.4868012,"[""ALL"", ""NORMAL""]"
2022-07-21,2022-07-15 10:00:00+05:30,development,strap,41157.1780006,41090.7670009,41290.0,132.8219994,"[""ALL"", ""NORMAL""]"
2022-07-21,2022-07-15 10:00:00+05:30,development,long_synthetic_future,30963.6981248,30915.5471872,31060.0,96.3018752,"[""ALL"", ""NORMAL""]"
2022-07-21,2022-07-15 10:00:00+05:30,development,short_synthetic_future,-31157.815225199996,-31196.722837799996,-31079.999999999996,77.8152252,"[""ALL"", ""NORMAL""]"
2022-07-28,2022-07-22 10:00:00+05:30,development,buy_call,7803.115977650001,7780.923966475001,7847.500000000001,44.38402235000001,"[""ALL"", ""LOW""]"
2022-07-28,2022-07-22 10:00:00+05:30,development,sell_put,6760.62991055,6744.694865825,6792.5,31.87008945,"[""ALL"", ""LOW""]"
2022-07-28,2022-07-22 10:00:00+05:30,development,bull_condor,-520.4698869000005,-588.2048303500005,-385.00000000000045,135.4698869,"[""ALL"", ""LOW""]"
2022-07-28,2022-07-22 10:00:00+05:30,development,bull_butterfly,-365.52690524999997,-424.54035787500004,-247.5,118.02690524999998,"[""ALL"", ""LOW""]"
2022-07-28,2022-07-22 10:00:00+05:30,development,range_forward,12178.8849508,12143.3274262,12250.0,71.1150492,"[""ALL"", ""LOW""]"
2022-07-28,2022-07-22 10:00:00+05:30,development,buy_put,-6830.325576950001,-6844.238365425001,-6802.500000000001,27.82557695,"[""ALL"", ""LOW""]"
2022-07-28,2022-07-22 10:00:00+05:30,development,sell_call,-7897.211784850002,-7917.067677275002,-7857.500000000002,39.71178485000001,"[""ALL"", ""LOW""]"
2022-07-28,2022-07-22 10:00:00+05:30,development,bear_condor,-387.7542450499991,-442.8813675749991,-277.4999999999991,110.25424505,"[""ALL"", ""LOW""]"
2022-07-28,2022-07-22 10:00:00+05:30,development,bear_butterfly,-268.1278755999995,-312.19181339999955,-179.99999999999955,88.1278756,"[""ALL"", ""LOW""]"
2022-07-28,2022-07-22 10:00:00+05:30,development,risk_reversal,-12333.8203492,-12365.7305238,-12270.0,63.820349199999995,"[""ALL"", ""LOW""]"
2022-07-28,2022-07-22 10:00:00+05:30,development,batman,-231.8497141,-305.27457115,-85.0,146.8497141,"[""ALL"", ""LOW""]"
2022-07-28,2022-07-22 10:00:00+05:30,development,jade_lizard,4143.372140050002,4091.3082100750016,4247.500000000002,104.12785995,"[""ALL"", ""LOW""]"
2022-07-28,2022-07-22 10:00:00+05:30,development,reverse_jade_lizard,-5693.7132833999985,-5740.569925099998,-5599.999999999998,93.7132834,"[""ALL"", ""LOW""]"
2022-07-28,2022-07-22 10:00:00+05:30,development,long_iron_condor,1085.261646549999,1021.6424698249991,1212.499999999999,127.23835345,"[""ALL"", ""LOW""]"
2022-07-28,2022-07-22 10:00:00+05:30,development,long_iron_butterfly,422.13326825,354.44990237499997,557.5,135.36673175,"[""ALL"", ""LOW""]"
2022-07-28,2022-07-22 10:00:00+05:30,development,double_plateau,-633.65478085,-736.732171275,-427.5,206.15478084999995,"[""ALL"", ""LOW""]"
2022-07-28,2022-07-22 10:00:00+05:30,development,strip,-5833.935176250001,-5872.1527643750005,-5757.500000000001,76.43517625,"[""ALL"", ""LOW""]"
2022-07-28,2022-07-22 10:00:00+05:30,development,strap,8799.50637835,8753.009567525,8892.5,92.99362165,"[""ALL"", ""LOW""]"
2022-07-28,2022-07-22 10:00:00+05:30,development,long_synthetic_future,14563.7458882,14525.6188323,14640.0,76.2541118,"[""ALL"", ""LOW""]"
2022-07-28,2022-07-22 10:00:00+05:30,development,short_synthetic_future,-14727.537361800003,-14761.306042700004,-14660.000000000004,67.53736180000001,"[""ALL"", ""LOW""]"
2022-08-04,2022-07-29 10:00:00+05:30,development,buy_call,5203.3722735,5182.55841025,5245.0,41.6277265,"[""ALL"", ""LOW""]"
2022-08-04,2022-07-29 10:00:00+05:30,development,sell_put,6718.1815982,6702.2723973,6750.0,31.8184018,"[""ALL"", ""LOW""]"
2022-08-04,2022-07-29 10:00:00+05:30,development,bull_condor,-432.7170607000007,-496.5755910500007,-305.0000000000007,127.7170607,"[""ALL"", ""LOW""]"
2022-08-04,2022-07-29 10:00:00+05:30,development,bull_butterfly,-265.2341605000007,-320.35124075000067,-155.00000000000068,110.23416050000003,"[""ALL"", ""LOW""]"
2022-08-04,2022-07-29 10:00:00+05:30,development,range_forward,9454.25192855,9420.127892825,9522.5,68.24807145,"[""ALL"", ""LOW""]"
2022-08-04,2022-07-29 10:00:00+05:30,development,buy_put,-6787.799176800001,-6801.698765200001,-6760.000000000001,27.799176799999998,"[""ALL"", ""LOW""]"
2022-08-04,2022-07-29 10:00:00+05:30,development,sell_call,-5293.5039765,-5312.75596475,-5255.0,38.50397650000001,"[""ALL"", ""LOW""]"
2022-08-04,2022-07-29 10:00:00+05:30,development,bear_condor,-404.9022371,-459.85335565,-295.0,109.90223710000001,"[""ALL"", ""LOW""]"
2022-08-04,2022-07-29 10:00:00+05:30,development,bear_butterfly,-217.82121259999954,-261.73181889999955,-129.99999999999955,87.8212126,"[""ALL"", ""LOW""]"
2022-08-04,2022-07-29 10:00:00+05:30,development,risk_reversal,-9605.07623395,-9636.364350925,-9542.5,62.57623394999999,"[""ALL"", ""LOW""]"
2022-08-04,2022-07-29 10:00:00+05:30,development,batman,2460.948493149999,2390.1727397249992,2602.499999999999,141.55150685,"[""ALL"", ""LOW""]"
2022-08-04,2022-07-29 10:00:00+05:30,development,jade_lizard,4014.919300299999,3964.878950449999,4114.999999999999,100.0806997,"[""ALL"", ""LOW""]"
2022-08-04,2022-07-29 10:00:00+05:30,development,reverse_jade_lizard,-3044.87646715,-3091.064700725,-2952.5,92.37646715000002,"[""ALL"", ""LOW""]"
2022-08-04,2022-07-29 10:00:00+05:30,development,long_iron_condor,1061.8694372999994,1000.3041559499993,1184.9999999999993,123.1305627,"[""ALL"", ""LOW""]"
2022-08-04,2022-07-29 10:00:00+05:30,development,long_iron_butterfly,496.1546352499991,430.481952874999,627.4999999999991,131.34536475,"[""ALL"", ""LOW""]"
2022-08-04,2022-07-29 10:00:00+05:30,development,double_plateau,-483.0553731000002,-582.0830596500002,-285.0000000000002,198.0553731,"[""ALL"", ""LOW""]"
2022-08-04,2022-07-29 10:00:00+05:30,development,strip,-8348.626080100003,-8385.439120150002,-8275.000000000002,73.6260801,"[""ALL"", ""LOW""]"
2022-08-04,2022-07-29 10:00:00+05:30,development,strap,3642.545370199999,3598.8180552999993,3729.999999999999,87.4546298,"[""ALL"", ""LOW""]"
2022-08-04,2022-07-29 10:00:00+05:30,development,long_synthetic_future,11921.5538717,11884.83080755,11995.0,73.4461283,"[""ALL"", ""LOW""]"
2022-08-04,2022-07-29 10:00:00+05:30,development,short_synthetic_future,-12081.3031533,-12114.454729950001,-12015.0,66.3031533,"[""ALL"", ""LOW""]"
2022-08-11,2022-08-04 10:00:00+05:30,development,buy_call,1425.6433234499982,1404.7149851749982,1467.4999999999982,41.85667655,"[""ALL"", ""NORMAL""]"
2022-08-11,2022-08-04 10:00:00+05:30,development,sell_put,8376.1627394,8359.2441091,8410.0,33.8372606,"[""ALL"", ""NORMAL""]"
2022-08-11,2022-08-04 10:00:00+05:30,development,bull_condor,-382.14308720000184,-448.2146308000018,-250.00000000000182,132.14308720000002,"[""ALL"", ""NORMAL""]"
2022-08-11,2022-08-04 10:00:00+05:30,development,bull_butterfly,-259.9407771000018,-317.4111656500018,-145.00000000000182,114.9407771,"[""ALL"", ""NORMAL""]"
2022-08-11,2022-08-04 10:00:00+05:30,development,range_forward,7444.485174899999,7409.2277623499995,7514.999999999999,70.5148251,"[""ALL"", ""NORMAL""]"
2022-08-11,2022-08-04 10:00:00+05:30,development,buy_put,-8448.8303356,-8463.2455034,-8420.0,28.830335600000005,"[""ALL"", ""NORMAL""]"
2022-08-11,2022-08-04 10:00:00+05:30,development,sell_call,-1518.4805390500005,-1538.9708085750005,-1477.5000000000005,40.980539050000004,"[""ALL"", ""NORMAL""]"
2022-08-11,2022-08-04 10:00:00+05:30,development,bear_condor,-360.9849935000009,-418.9774902500009,-245.0000000000009,115.98499349999999,"[""ALL"", ""NORMAL""]"
2022-08-11,2022-08-04 10:00:00+05:30,development,bear_butterfly,-238.95812590000094,-285.9371888500009,-145.0000000000009,93.95812590000001,"[""ALL"", ""NORMAL""]"
2022-08-11,2022-08-04 10:00:00+05:30,development,risk_reversal,-7601.037450100002,-7634.056175150003,-7535.000000000003,66.0374501,"[""ALL"", ""NORMAL""]"
2022-08-11,2022-08-04 10:00:00+05:30,development,batman,7548.652383399996,7472.978575099996,7699.999999999996,151.34761660000004,"[""ALL"", ""NORMAL""]"
2022-08-11,2022-08-04 10:00:00+05:30,development,jade_lizard,5822.840186249999,5770.510279374998,5927.499999999998,104.65981375,"[""ALL"", ""NORMAL""]"
2022-08-11,2022-08-04 10:00:00+05:30,development,reverse_jade_lizard,669.6209490499982,620.6814235749982,767.4999999999982,97.87905094999999,"[""ALL"", ""NORMAL""]"
2022-08-11,2022-08-04 10:00:00+05:30,development,long_iron_condor,771.5248259999981,707.2872389999982,899.9999999999982,128.475174,"[""ALL"", ""NORMAL""]"
2022-08-11,2022-08-04 10:00:00+05:30,development,long_iron_butterfly,295.6270733499975,227.19061002499745,432.4999999999975,136.87292665,"[""ALL"", ""NORMAL""]"
2022-08-11,2022-08-04 10:00:00+05:30,development,double_plateau,-498.89890300000275,-603.3483545000028,-290.00000000000273,208.898903,"[""ALL"", ""NORMAL""]"
2022-08-11,2022-08-04 10:00:00+05:30,development,strip,-15448.417347750003,-15486.376021625001,-15372.500000000002,75.91734775,"[""ALL"", ""NORMAL""]"
2022-08-11,2022-08-04 10:00:00+05:30,development,strap,-5573.943688700004,-5618.415533050003,-5485.000000000004,88.9436887,"[""ALL"", ""NORMAL""]"
2022-08-11,2022-08-04 10:00:00+05:30,development,long_synthetic_future,9801.806062849999,9763.959094274998,9877.499999999998,75.69393714999998,"[""ALL"", ""NORMAL""]"
2022-08-11,2022-08-04 10:00:00+05:30,development,short_synthetic_future,-9967.31087465,-10002.216311975,-9897.5,69.81087464999999,"[""ALL"", ""NORMAL""]"
2022-08-18,2022-08-11 10:00:00+05:30,development,buy_call,5326.2129352,5304.3194028,5370.0,43.7870648,"[""ALL"", ""NORMAL""]"
2022-08-18,2022-08-11 10:00:00+05:30,development,sell_put,6990.350189149999,6974.275283724999,7022.499999999999,32.14981085,"[""ALL"", ""NORMAL""]"
2022-08-18,2022-08-11 10:00:00+05:30,development,bull_condor,-395.3463054000004,-463.0194581000004,-260.0000000000004,135.3463054,"[""ALL"", ""NORMAL""]"
2022-08-18,2022-08-11 10:00:00+05:30,development,bull_butterfly,-260.5535493500007,-319.5803240250007,-142.50000000000068,118.05354935000001,"[""ALL"", ""NORMAL""]"
2022-08-18,2022-08-11 10:00:00+05:30,development,range_forward,10051.68486055,10016.277290825,10122.5,70.81513945,"[""ALL"", ""NORMAL""]"
2022-08-18,2022-08-11 10:00:00+05:30,development,buy_put,-7060.46844835,-7074.452672525,-7032.5,27.968448350000003,"[""ALL"", ""NORMAL""]"
2022-08-18,2022-08-11 10:00:00+05:30,development,sell_call,-5420.588939800003,-5440.883409700003,-5380.000000000003,40.588939800000006,"[""ALL"", ""NORMAL""]"
2022-08-18,2022-08-11 10:00:00+05:30,development,bear_condor,-458.79908884999907,-514.4486332749991,-347.4999999999991,111.29908885,"[""ALL"", ""NORMAL""]"
2022-08-18,2022-08-11 10:00:00+05:30,development,bear_butterfly,-216.66093245,-261.24139867499997,-127.5,89.16093244999999,"[""ALL"", ""NORMAL""]"
2022-08-18,2022-08-11 10:00:00+05:30,development,risk_reversal,-10207.28630195,-10239.679452925,-10142.5,64.78630195,"[""ALL"", ""NORMAL""]"
2022-08-18,2022-08-11 10:00:00+05:30,development,batman,2434.009222349999,2359.763833524999,2582.499999999999,148.49077764999998,"[""ALL"", ""NORMAL""]"
2022-08-18,2022-08-11 10:00:00+05:30,development,jade_lizard,4435.461286599999,4383.191929899999,4539.999999999999,104.53871339999999,"[""ALL"", ""NORMAL""]"
2022-08-18,2022-08-11 10:00:00+05:30,development,reverse_jade_lizard,-3312.52151585,-3360.0322737750002,-3217.5,95.02151584999999,"[""ALL"", ""NORMAL""]"
2022-08-18,2022-08-11 10:00:00+05:30,development,long_iron_condor,922.3116064000002,858.4674096000002,1050.0000000000002,127.6883936,"[""ALL"", ""NORMAL""]"
2022-08-18,2022-08-11 10:00:00+05:30,development,long_iron_butterfly,384.035799,316.0536985,520.0,135.96420099999997,"[""ALL"", ""NORMAL""]"
2022-08-18,2022-08-11 10:00:00+05:30,development,double_plateau,-477.2144818000006,-580.8217227000007,-270.0000000000007,207.21448179999996,"[""ALL"", ""NORMAL""]"
2022-08-18,2022-08-11 10:00:00+05:30,development,strip,-8771.1239615,-8809.18594225,-8695.0,76.12396150000001,"[""ALL"", ""NORMAL""]"
2022-08-18,2022-08-11 10:00:00+05:30,development,strap,3615.55742205,3569.586133075,3707.5,91.94257795,"[""ALL"", ""NORMAL""]"
2022-08-18,2022-08-11 10:00:00+05:30,development,long_synthetic_future,12316.56312435,12278.594686525,12392.5,75.93687564999999,"[""ALL"", ""NORMAL""]"
2022-08-18,2022-08-11 10:00:00+05:30,development,short_synthetic_future,-12481.057388150004,-12515.336082225003,-12412.500000000004,68.55738815,"[""ALL"", ""NORMAL""]"
2022-08-25,2022-08-19 10:00:00+05:30,development,buy_call,-6272.4838625,-6286.22579375,-6245.0,27.4838625,"[""ALL"", ""NORMAL""]"
2022-08-25,2022-08-19 10:00:00+05:30,development,sell_put,-15778.842625900003,-15800.763938850001,-15735.000000000002,43.8426259,"[""ALL"", ""NORMAL""]"
2022-08-25,2022-08-19 10:00:00+05:30,development,bull_condor,-464.7355482499995,-518.3533223749996,-357.49999999999955,107.23554825,"[""ALL"", ""NORMAL""]"
2022-08-25,2022-08-19 10:00:00+05:30,development,bull_butterfly,-265.23403359999907,-307.8510503999991,-179.9999999999991,85.2340336,"[""ALL"", ""NORMAL""]"
2022-08-25,2022-08-19 10:00:00+05:30,development,range_forward,-19292.6813161,-19326.52197415,-19225.0,67.6813161,"[""ALL"", ""NORMAL""]"
2022-08-25,2022-08-19 10:00:00+05:30,development,buy_put,15671.7980241,15645.19703615,15725.0,53.201975899999994,"[""ALL"", ""NORMAL""]"
2022-08-25,2022-08-19 10:00:00+05:30,development,sell_call,6203.8033374999995,6188.20500625,6235.0,31.196662500000002,"[""ALL"", ""NORMAL""]"
2022-08-25,2022-08-19 10:00:00+05:30,development,bear_condor,-492.5643424000018,-573.8465136000018,-330.0000000000018,162.56434240000002,"[""ALL"", ""NORMAL""]"
2022-08-25,2022-08-19 10:00:00+05:30,development,bear_butterfly,-357.3260265500018,-429.73903982500184,-212.50000000000182,144.82602655,"[""ALL"", ""NORMAL""]"
2022-08-25,2022-08-19 10:00:00+05:30,development,risk_reversal,19125.8857589,19086.32863835,19205.0,79.1142411,"[""ALL"", ""NORMAL""]"
2022-08-25,2022-08-19 10:00:00+05:30,development,batman,-8502.2713644,-8583.4070466,-8340.0,162.2713644,"[""ALL"", ""NORMAL""]"
2022-08-25,2022-08-19 10:00:00+05:30,development,jade_lizard,-13249.173033550001,-13297.509550325001,-13152.500000000002,96.67303355,"[""ALL"", ""NORMAL""]"
2022-08-25,2022-08-19 10:00:00+05:30,development,reverse_jade_lizard,3300.991808449998,3242.737712674998,3417.499999999998,116.50819155,"[""ALL"", ""NORMAL""]"
2022-08-25,2022-08-19 10:00:00+05:30,development,long_iron_condor,1123.29933815,1053.699007225,1262.5,139.20066185000002,"[""ALL"", ""NORMAL""]"
2022-08-25,2022-08-19 10:00:00+05:30,development,long_iron_butterfly,547.6518187000005,473.97772805000045,695.0000000000005,147.3481813,"[""ALL"", ""NORMAL""]"
2022-08-25,2022-08-19 10:00:00+05:30,development,double_plateau,-622.5600601500009,-737.590090225001,-392.5000000000009,230.06006015,"[""ALL"", ""NORMAL""]"
2022-08-25,2022-08-19 10:00:00+05:30,development,strip,25094.7121857,25039.56827855,25205.0,110.28781429999998,"[""ALL"", ""NORMAL""]"
2022-08-25,2022-08-19 10:00:00+05:30,development,strap,3150.4302991,3108.14544865,3235.0,84.5697009,"[""ALL"", ""NORMAL""]"
2022-08-25,2022-08-19 10:00:00+05:30,development,long_synthetic_future,-22051.3264884,-22086.9897326,-21980.0,71.32648839999999,"[""ALL"", ""NORMAL""]"
2022-08-25,2022-08-19 10:00:00+05:30,development,short_synthetic_future,21875.6013616,21833.4020424,21960.0,84.3986384,"[""ALL"", ""NORMAL""]"
2022-09-01,2022-08-25 10:00:00+05:30,development,buy_call,-8776.53377205,-8791.050658075,-8747.5,29.033772049999996,"[""ALL"", ""NORMAL""]"
2022-09-01,2022-08-25 10:00:00+05:30,development,sell_put,-1848.29598275,-1866.193974125,-1812.5,35.79598274999999,"[""ALL"", ""NORMAL""]"
2022-09-01,2022-08-25 10:00:00+05:30,development,bull_condor,-415.0315774,-472.5473661,-300.0,115.0315774,"[""ALL"", ""NORMAL""]"
2022-09-01,2022-08-25 10:00:00+05:30,development,bull_butterfly,-315.8448177500009,-362.51722662500094,-222.5000000000009,93.34481775,"[""ALL"", ""NORMAL""]"
2022-09-01,2022-08-25 10:00:00+05:30,development,range_forward,-7738.71103025,-7769.316545375,-7677.5,61.21103025,"[""ALL"", ""NORMAL""]"
2022-09-01,2022-08-25 10:00:00+05:30,development,buy_put,1765.628554749999,1747.192832124999,1802.499999999999,36.871445249999994,"[""ALL"", ""NORMAL""]"
2022-09-01,2022-08-25 10:00:00+05:30,development,sell_call,8703.26444045,8686.146660675,8737.5,34.23555955,"[""ALL"", ""NORMAL""]"
2022-09-01,2022-08-25 10:00:00+05:30,development,bear_condor,1772.920504,1714.380756,1890.0,117.07949599999999,"[""ALL"", ""NORMAL""]"
2022-09-01,2022-08-25 10:00:00+05:30,development,bear_butterfly,-276.68537979999957,-325.02806969999955,-179.99999999999955,96.6853798,"[""ALL"", ""NORMAL""]"
2022-09-01,2022-08-25 10:00:00+05:30,development,risk_reversal,7591.72680725,7558.840210875,7657.5,65.77319275,"[""ALL"", ""NORMAL""]"
2022-09-01,2022-08-25 10:00:00+05:30,development,batman,7630.37413885,7561.811208275,7767.5,137.12586115,"[""ALL"", ""NORMAL""]"
2022-09-01,2022-08-25 10:00:00+05:30,development,jade_lizard,854.5144908500009,808.0217362750009,947.5000000000009,92.98550915,"[""ALL"", ""NORMAL""]"
2022-09-01,2022-08-25 10:00:00+05:30,development,reverse_jade_lizard,5614.754758200002,5567.132137300002,5710.000000000002,95.2452418,"[""ALL"", ""NORMAL""]"
2022-09-01,2022-08-25 10:00:00+05:30,development,long_iron_condor,963.34795835,903.771937525,1082.5,119.15204165,"[""ALL"", ""NORMAL""]"
2022-09-01,2022-08-25 10:00:00+05:30,development,long_iron_butterfly,345.1281047499991,281.4421571249991,472.4999999999991,127.37189524999998,"[""ALL"", ""NORMAL""]"
2022-09-01,2022-08-25 10:00:00+05:30,development,double_plateau,-592.53019755,-687.545296325,-402.5,190.03019755000003,"[""ALL"", ""NORMAL""]"
2022-09-01,2022-08-25 10:00:00+05:30,development,strip,-5221.676662550002,-5261.2649938250015,-5142.500000000002,79.17666254999999,"[""ALL"", ""NORMAL""]"
2022-09-01,2022-08-25 10:00:00+05:30,development,strap,-15763.83898935,-15799.508484025,-15692.5,71.33898934999999,"[""ALL"", ""NORMAL""]"
2022-09-01,2022-08-25 10:00:00+05:30,development,long_synthetic_future,-10624.8297548,-10657.2446322,-10560.0,64.82975479999999,"[""ALL"", ""NORMAL""]"
2022-09-01,2022-08-25 10:00:00+05:30,development,short_synthetic_future,10468.8929952,10433.3394928,10540.0,71.1070048,"[""ALL"", ""NORMAL""]"
2022-09-08,2022-09-02 10:00:00+05:30,development,buy_call,6390.49921525,6366.998822875,6437.5,47.000784749999994,"[""ALL"", ""NORMAL""]"
2022-09-08,2022-09-02 10:00:00+05:30,development,sell_put,8331.2174675,8314.32620125,8365.0,33.7825325,"[""ALL"", ""NORMAL""]"
2022-09-08,2022-09-02 10:00:00+05:30,development,bull_condor,-391.9720699000012,-465.4581048500013,-245.00000000000125,146.97206989999998,"[""ALL"", ""NORMAL""]"
2022-09-08,2022-09-02 10:00:00+05:30,development,bull_butterfly,-199.77680460000227,-264.66520690000226,-70.00000000000227,129.7768046,"[""ALL"", ""NORMAL""]"
2022-09-08,2022-09-02 10:00:00+05:30,development,range_forward,12364.363641,12326.5454615,12440.0,75.636359,"[""ALL"", ""NORMAL""]"
2022-09-08,2022-09-02 10:00:00+05:30,development,buy_put,-8403.8023825,-8418.20357375,-8375.0,28.8023825,"[""ALL"", ""NORMAL""]"
2022-09-08,2022-09-02 10:00:00+05:30,development,sell_call,-6490.667497250002,-6512.251245875002,-6447.500000000002,43.16749725,"[""ALL"", ""NORMAL""]"
2022-09-08,2022-09-02 10:00:00+05:30,development,bear_condor,-385.8121936,-443.7182904,-270.0,115.81219359999997,"[""ALL"", ""NORMAL""]"
2022-09-08,2022-09-02 10:00:00+05:30,development,bear_butterfly,-198.8184436999991,-245.72766554999907,-104.99999999999909,93.81844370000002,"[""ALL"", ""NORMAL""]"
2022-09-08,2022-09-02 10:00:00+05:30,development,risk_reversal,-12528.228609000003,-12562.342913500004,-12460.000000000004,68.228609,"[""ALL"", ""NORMAL""]"
2022-09-08,2022-09-02 10:00:00+05:30,development,batman,2629.1256955999984,2548.6885433999983,2789.999999999998,160.8743044,"[""ALL"", ""NORMAL""]"
2022-09-08,2022-09-02 10:00:00+05:30,development,jade_lizard,5743.010018299999,5687.015027449998,5854.999999999998,111.98998169999999,"[""ALL"", ""NORMAL""]"
2022-09-08,2022-09-02 10:00:00+05:30,development,reverse_jade_lizard,-4290.030684000002,-4340.046026000002,-4190.000000000002,100.03068400000001,"[""ALL"", ""NORMAL""]"
2022-09-08,2022-09-02 10:00:00+05:30,development,long_iron_condor,729.2041720999978,661.3062581499978,864.9999999999977,135.7958279,"[""ALL"", ""NORMAL""]"
2022-09-08,2022-09-02 10:00:00+05:30,development,long_iron_butterfly,353.31801005000045,281.2270150750005,497.50000000000045,144.18198995000003,"[""ALL"", ""NORMAL""]"
2022-09-08,2022-09-02 10:00:00+05:30,development,double_plateau,-398.5952483000014,-510.3928724500014,-175.00000000000136,223.59524830000004,"[""ALL"", ""NORMAL""]"
2022-09-08,2022-09-02 10:00:00+05:30,development,strip,-10393.50554975,-10434.008324625,-10312.5,81.00554975,"[""ALL"", ""NORMAL""]"
2022-09-08,2022-09-02 10:00:00+05:30,development,strap,4400.796048,4351.194072,4500.0,99.203952,"[""ALL"", ""NORMAL""]"
2022-09-08,2022-09-02 10:00:00+05:30,development,long_synthetic_future,14721.71668275,14681.325024125,14802.5,80.78331725,"[""ALL"", ""NORMAL""]"
2022-09-08,2022-09-02 10:00:00+05:30,development,short_synthetic_future,-14894.469879750002,-14930.454819625002,-14822.500000000002,71.96987974999999,"[""ALL"", ""NORMAL""]"
2022-09-15,2022-09-09 10:00:00+05:30,development,buy_call,-6897.8675066,-6911.8012599,-6870.0,27.8675066,"[""ALL"", ""NORMAL""]"
2022-09-15,2022-09-09 10:00:00+05:30,development,sell_put,5350.25932075,5334.138981125,5382.5,32.24067925,"[""ALL"", ""NORMAL""]"
2022-09-15,2022-09-09 10:00:00+05:30,development,bull_condor,-439.23956180000044,-493.85934270000047,-330.00000000000045,109.2395618,"[""ALL"", ""NORMAL""]"
2022-09-15,2022-09-09 10:00:00+05:30,development,bull_butterfly,-249.84990715,-293.524860725,-162.5,87.34990715,"[""ALL"", ""NORMAL""]"
2022-09-15,2022-09-09 10:00:00+05:30,development,range_forward,-212.32826849999907,-240.9924027499991,-154.9999999999991,57.32826849999999,"[""ALL"", ""NORMAL""]"
2022-09-15,2022-09-09 10:00:00+05:30,development,buy_put,-5421.53511675,-5436.052675125,-5392.5,29.03511675,"[""ALL"", ""NORMAL""]"
2022-09-15,2022-09-09 10:00:00+05:30,development,sell_call,6828.047818399999,6812.071727599999,6859.999999999999,31.952181599999996,"[""ALL"", ""NORMAL""]"
2022-09-15,2022-09-09 10:00:00+05:30,development,bear_condor,-374.6952722999981,-429.5429084499982,-264.9999999999982,109.69527229999997,"[""ALL"", ""NORMAL""]"
2022-09-15,2022-09-09 10:00:00+05:30,development,bear_butterfly,-247.49993639999818,-291.2499045999982,-159.99999999999818,87.4999364,"[""ALL"", ""NORMAL""]"
2022-09-15,2022-09-09 10:00:00+05:30,development,risk_reversal,77.58545650000002,48.87818475000002,135.0,57.414543499999986,"[""ALL"", ""NORMAL""]"
2022-09-15,2022-09-09 10:00:00+05:30,development,batman,6766.839604000002,6705.259406000002,6890.000000000002,123.160396,"[""ALL"", ""NORMAL""]"
2022-09-15,2022-09-09 10:00:00+05:30,development,jade_lizard,6485.45691055,6441.935365825,6572.5,87.04308945,"[""ALL"", ""NORMAL""]"
2022-09-15,2022-09-09 10:00:00+05:30,development,reverse_jade_lizard,6440.42895745,6396.893436175,6527.5,87.07104255000002,"[""ALL"", ""NORMAL""]"
2022-09-15,2022-09-09 10:00:00+05:30,development,long_iron_condor,-3987.5559910499996,-4042.5839865749995,-3877.4999999999995,110.05599104999999,"[""ALL"", ""NORMAL""]"
2022-09-15,2022-09-09 10:00:00+05:30,development,long_iron_butterfly,-3397.542293349999,-3455.063440024999,-3282.499999999999,115.04229335,"[""ALL"", ""NORMAL""]"
2022-09-15,2022-09-09 10:00:00+05:30,development,double_plateau,-497.3498435499981,-584.7747653249983,-322.4999999999982,174.84984354999997,"[""ALL"", ""NORMAL""]"
2022-09-15,2022-09-09 10:00:00+05:30,development,strip,-17717.3377401,-17748.50661015,-17655.0,62.337740100000005,"[""ALL"", ""NORMAL""]"
2022-09-15,2022-09-09 10:00:00+05:30,development,strap,-19193.67012995,-19224.255194925,-19132.5,61.17012995000001,"[""ALL"", ""NORMAL""]"
2022-09-15,2022-09-09 10:00:00+05:30,development,long_synthetic_future,-1547.60818585,-1577.662278775,-1487.5,60.10818585,"[""ALL"", ""NORMAL""]"
2022-09-15,2022-09-09 10:00:00+05:30,development,short_synthetic_future,1406.5127016499991,1376.0190524749992,1467.499999999999,60.987298349999996,"[""ALL"", ""NORMAL""]"
2022-09-22,2022-09-16 10:00:00+05:30,development,buy_call,-8846.577254650001,-8861.115881975002,-8817.500000000002,29.07725465,"[""ALL"", ""NORMAL""]"
2022-09-22,2022-09-16 10:00:00+05:30,development,sell_put,7108.35310735,7091.279661025,7142.5,34.146892650000005,"[""ALL"", ""NORMAL""]"
2022-09-22,2022-09-16 10:00:00+05:30,development,bull_condor,-386.0418635999991,-444.06279539999906,-269.9999999999991,116.0418636,"[""ALL"", ""NORMAL""]"
2022-09-22,2022-09-16 10:00:00+05:30,development,bull_butterfly,-234.2949315999982,-281.4423973999982,-139.99999999999818,94.29493160000001,"[""ALL"", ""NORMAL""]"
2022-09-22,2022-09-16 10:00:00+05:30,development,range_forward,-565.4670839,-595.70062585,-505.0,60.467083900000006,"[""ALL"", ""NORMAL""]"
2022-09-22,2022-09-16 10:00:00+05:30,development,buy_put,-7182.394130150001,-7197.341195225001,-7152.500000000001,29.894130150000002,"[""ALL"", ""NORMAL""]"
2022-09-22,2022-09-16 10:00:00+05:30,development,sell_call,8773.17930785,8756.018961775,8807.5,34.32069215,"[""ALL"", ""NORMAL""]"
2022-09-22,2022-09-16 10:00:00+05:30,development,bear_condor,-350.24383770000094,-407.8657565500009,-235.0000000000009,115.24383770000003,"[""ALL"", ""NORMAL""]"
2022-09-22,2022-09-16 10:00:00+05:30,development,bear_butterfly,-208.1953597000009,-254.7930395500009,-115.00000000000091,93.1953597,"[""ALL"", ""NORMAL""]"
2022-09-22,2022-09-16 10:00:00+05:30,development,risk_reversal,424.2383910999982,393.8575866499982,484.9999999999982,60.7616089,"[""ALL"", ""NORMAL""]"
2022-09-22,2022-09-16 10:00:00+05:30,development,batman,10126.2414164,10059.3621246,10260.0,133.7585836,"[""ALL"", ""NORMAL""]"
2022-09-22,2022-09-16 10:00:00+05:30,development,jade_lizard,8117.4836186,8071.2254279,8210.0,92.5163814,"[""ALL"", ""NORMAL""]"
2022-09-22,2022-09-16 10:00:00+05:30,development,reverse_jade_lizard,8415.16382625,8368.995739375,8507.5,92.33617374999999,"[""ALL"", ""NORMAL""]"
2022-09-22,2022-09-16 10:00:00+05:30,development,long_iron_condor,-4226.2545166,-4284.3817749,-4110.0,116.2545166,"[""ALL"", ""NORMAL""]"
2022-09-22,2022-09-16 10:00:00+05:30,development,long_iron_butterfly,-3658.814509650003,-3719.4717644750026,-3537.5000000000027,121.31450965000002,"[""ALL"", ""NORMAL""]"
2022-09-22,2022-09-16 10:00:00+05:30,development,double_plateau,-442.4902912999991,-536.235436949999,-254.9999999999991,187.49029130000002,"[""ALL"", ""NORMAL""]"
2022-09-22,2022-09-16 10:00:00+05:30,development,strip,-23187.765514950002,-23220.398272425005,-23122.500000000004,65.26551495,"[""ALL"", ""NORMAL""]"
2022-09-22,2022-09-16 10:00:00+05:30,development,strap,-24851.948639450005,-24884.172959175005,-24787.500000000004,64.44863945,"[""ALL"", ""NORMAL""]"
2022-09-22,2022-09-16 10:00:00+05:30,development,long_synthetic_future,-1738.2241473000017,-1769.836220950002,-1675.0000000000018,63.2241473,"[""ALL"", ""NORMAL""]"
2022-09-22,2022-09-16 10:00:00+05:30,development,short_synthetic_future,1590.7851776999992,1558.677766549999,1654.999999999999,64.21482230000001,"[""ALL"", ""NORMAL""]"
2022-09-29,2022-09-23 10:00:00+05:30,development,buy_call,-9216.80709125,-9231.460636875,-9187.5,29.30709125,"[""ALL"", ""NORMAL""]"
2022-09-29,2022-09-23 10:00:00+05:30,development,sell_put,-23018.758562699997,-23045.637844049998,-22964.999999999996,53.75856269999999,"[""ALL"", ""NORMAL""]"
2022-09-29,2022-09-23 10:00:00+05:30,development,bull_condor,-382.3065361000009,-440.9598041500009,-265.0000000000009,117.30653610000002,"[""ALL"", ""NORMAL""]"
2022-09-29,2022-09-23 10:00:00+05:30,development,bull_butterfly,-240.57500270000088,-288.3625040500009,-145.0000000000009,95.57500269999998,"[""ALL"", ""NORMAL""]"
2022-09-29,2022-09-23 10:00:00+05:30,development,range_forward,-29756.919862850005,-29796.629794275002,-29677.500000000004,79.41986285,"[""ALL"", ""NORMAL""]"
2022-09-29,2022-09-23 10:00:00+05:30,development,buy_put,22887.5802373,22853.87035595,22955.0,67.4197627,"[""ALL"", ""NORMAL""]"
2022-09-29,2022-09-23 10:00:00+05:30,development,sell_call,9142.72932125,9125.343981875,9177.5,34.77067875,"[""ALL"", ""NORMAL""]"
2022-09-29,2022-09-23 10:00:00+05:30,development,bear_condor,-345.40749509999273,-450.61124264999273,-134.99999999999272,210.4074951,"[""ALL"", ""NORMAL""]"
2022-09-29,2022-09-23 10:00:00+05:30,development,bear_butterfly,-438.0080138999927,-534.5120208499927,-244.99999999999272,193.00801389999998,"[""ALL"", ""NORMAL""]"
2022-09-29,2022-09-23 10:00:00+05:30,development,risk_reversal,29560.427974650007,29511.89196197501,29657.500000000007,97.07202535000002,"[""ALL"", ""NORMAL""]"
2022-09-29,2022-09-23 10:00:00+05:30,development,batman,-13412.546241649992,-13515.069362474993,-13207.499999999993,205.04624165,"[""ALL"", ""NORMAL""]"
2022-09-29,2022-09-23 10:00:00+05:30,development,jade_lizard,-20711.896245400003,-20767.844368100003,-20600.000000000004,111.8962454,"[""ALL"", ""NORMAL""]"
2022-09-29,2022-09-23 10:00:00+05:30,development,reverse_jade_lizard,6213.17227405,6141.008411075,6357.5,144.32772595,"[""ALL"", ""NORMAL""]"
2022-09-29,2022-09-23 10:00:00+05:30,development,long_iron_condor,851.7240622000063,767.5860933000064,1020.0000000000064,168.2759378,"[""ALL"", ""NORMAL""]"
2022-09-29,2022-09-23 10:00:00+05:30,development,long_iron_butterfly,58.335787900000014,-29.996318150000093,235.0,176.6642121,"[""ALL"", ""NORMAL""]"
2022-09-29,2022-09-23 10:00:00+05:30,development,double_plateau,-678.5830165999936,-822.8745248999935,-389.99999999999363,288.58301659999995,"[""ALL"", ""NORMAL""]"
2022-09-29,2022-09-23 10:00:00+05:30,development,strip,36581.95338335,36511.680075025,36722.5,140.54661665000003,"[""ALL"", ""NORMAL""]"
2022-09-29,2022-09-23 10:00:00+05:30,development,strap,4477.5660548,4426.3490822,4580.0,102.43394520000001,"[""ALL"", ""NORMAL""]"
2022-09-29,2022-09-23 10:00:00+05:30,development,long_synthetic_future,-32235.565653949998,-32277.098480924997,-32152.499999999996,83.06565395,"[""ALL"", ""NORMAL""]"
2022-09-29,2022-09-23 10:00:00+05:30,development,short_synthetic_future,32030.30955855,31979.214337825,32132.5,102.19044145000001,"[""ALL"", ""NORMAL""]"
2022-10-06,2022-09-29 10:00:00+05:30,development,buy_call,8556.5675092,8529.8512638,8610.0,53.432490800000004,"[""ALL"", ""NORMAL""]"
2022-10-06,2022-09-29 10:00:00+05:30,development,sell_put,9135.2384426,9117.8576639,9170.0,34.7615574,"[""ALL"", ""NORMAL""]"
2022-10-06,2022-09-29 10:00:00+05:30,development,bull_condor,-383.8869195000036,-468.3303792500036,-215.00000000000364,168.88691949999998,"[""ALL"", ""NORMAL""]"
2022-10-06,2022-09-29 10:00:00+05:30,development,bull_butterfly,-199.43976325000273,-275.4096448750027,-47.50000000000273,151.93976325,"[""ALL"", ""NORMAL""]"
2022-10-06,2022-09-29 10:00:00+05:30,development,range_forward,15504.485016249997,15462.977524374995,15587.499999999996,83.01498375000001,"[""ALL"", ""NORMAL""]"
2022-10-06,2022-09-29 10:00:00+05:30,development,buy_put,-9209.302432400002,-9223.953648600002,-9180.000000000002,29.3024324,"[""ALL"", ""NORMAL""]"
2022-10-06,2022-09-29 10:00:00+05:30,development,sell_call,-8668.306565800001,-8692.459848700002,-8620.000000000002,48.30656580000001,"[""ALL"", ""NORMAL""]"
2022-10-06,2022-09-29 10:00:00+05:30,development,bear_condor,-316.7030212499991,-376.3045318749991,-197.4999999999991,119.20302125,"[""ALL"", ""NORMAL""]"
2022-10-06,2022-09-29 10:00:00+05:30,development,bear_butterfly,-209.64872415000002,-258.223086225,-112.5,97.14872415,"[""ALL"", ""NORMAL""]"
2022-10-06,2022-09-29 10:00:00+05:30,development,risk_reversal,-15681.23447125,-15718.101706875,-15607.5,73.73447125,"[""ALL"", ""NORMAL""]"
2022-10-06,2022-09-29 10:00:00+05:30,development,batman,1147.8443004499982,1058.0164506749982,1327.4999999999982,179.65569954999998,"[""ALL"", ""NORMAL""]"
2022-10-06,2022-09-29 10:00:00+05:30,development,jade_lizard,6645.739844999996,6583.609767499996,6769.999999999996,124.260155,"[""ALL"", ""NORMAL""]"
2022-10-06,2022-09-29 10:00:00+05:30,development,reverse_jade_lizard,-6644.105951650003,-6697.408927475003,-6537.500000000003,106.60595165000001,"[""ALL"", ""NORMAL""]"
2022-10-06,2022-09-29 10:00:00+05:30,development,long_iron_condor,681.5000533999973,607.2500800999973,829.9999999999973,148.4999466,"[""ALL"", ""NORMAL""]"
2022-10-06,2022-09-29 10:00:00+05:30,development,long_iron_butterfly,255.43125014999816,176.8968752249982,412.4999999999982,157.06874985000002,"[""ALL"", ""NORMAL""]"
2022-10-06,2022-09-29 10:00:00+05:30,development,double_plateau,-409.0884874000027,-533.6327311000027,-160.00000000000273,249.0884874,"[""ALL"", ""NORMAL""]"
2022-10-06,2022-09-29 10:00:00+05:30,development,strip,-9838.437355600003,-9882.656033400004,-9750.000000000004,88.43735559999999,"[""ALL"", ""NORMAL""]"
2022-10-06,2022-09-29 10:00:00+05:30,development,strap,7927.432585999998,7871.1488789999985,8039.999999999998,112.56741400000001,"[""ALL"", ""NORMAL""]"
2022-10-06,2022-09-29 10:00:00+05:30,development,long_synthetic_future,17691.8059518,17647.7089277,17780.0,88.1940482,"[""ALL"", ""NORMAL""]"
2022-10-06,2022-09-29 10:00:00+05:30,development,short_synthetic_future,-17877.608998200005,-17916.413497300004,-17800.000000000004,77.6089982,"[""ALL"", ""NORMAL""]"
2022-10-13,2022-10-07 10:00:00+05:30,development,buy_call,-7180.542989950001,-7194.564484925001,-7152.500000000001,28.042989950000003,"[""ALL"", ""NORMAL""]"
2022-10-13,2022-10-07 10:00:00+05:30,development,sell_put,-9118.417034300002,-9140.125551450003,-9075.000000000002,43.41703429999999,"[""ALL"", ""NORMAL""]"
2022-10-13,2022-10-07 10:00:00+05:30,development,bull_condor,-425.1351439,-480.20271585,-315.0,110.13514390000002,"[""ALL"", ""NORMAL""]"
2022-10-13,2022-10-07 10:00:00+05:30,development,bull_butterfly,-210.79426735000044,-254.94140102500046,-122.50000000000045,88.29426734999998,"[""ALL"", ""NORMAL""]"
2022-10-13,2022-10-07 10:00:00+05:30,development,range_forward,-13617.784905600001,-13651.677358400002,-13550.000000000002,67.7849056,"[""ALL"", ""NORMAL""]"
2022-10-13,2022-10-07 10:00:00+05:30,development,buy_put,9016.1863157,8991.77947355,9065.0,48.8136843,"[""ALL"", ""NORMAL""]"
2022-10-13,2022-10-07 10:00:00+05:30,development,sell_call,7110.20424755,7094.056371325,7142.5,32.29575245,"[""ALL"", ""NORMAL""]"
2022-10-13,2022-10-07 10:00:00+05:30,development,bear_condor,-382.3324368000027,-458.49865520000276,-230.00000000000273,152.3324368,"[""ALL"", ""NORMAL""]"
2022-10-13,2022-10-07 10:00:00+05:30,development,bear_butterfly,-197.36163295000276,-264.79244942500276,-62.50000000000273,134.86163295000003,"[""ALL"", ""NORMAL""]"
2022-10-13,2022-10-07 10:00:00+05:30,development,risk_reversal,13454.1587944,13416.2381916,13530.0,75.84120560000001,"[""ALL"", ""NORMAL""]"
2022-10-13,2022-10-07 10:00:00+05:30,development,batman,-1119.3958008000018,-1199.0937012000018,-960.0000000000018,159.39580080000002,"[""ALL"", ""NORMAL""]"
2022-10-13,2022-10-07 10:00:00+05:30,development,jade_lizard,-6665.319039250002,-6714.228558875002,-6567.500000000002,97.81903924999999,"[""ALL"", ""NORMAL""]"
2022-10-13,2022-10-07 10:00:00+05:30,development,reverse_jade_lizard,4167.334824199998,4111.002236299998,4279.999999999998,112.6651758,"[""ALL"", ""NORMAL""]"
2022-10-13,2022-10-07 10:00:00+05:30,development,long_iron_condor,874.3539573999991,806.530936099999,1009.9999999999991,135.6460426,"[""ALL"", ""NORMAL""]"
2022-10-13,2022-10-07 10:00:00+05:30,development,long_iron_butterfly,386.0219343999982,314.0329015999982,529.9999999999982,143.97806559999998,"[""ALL"", ""NORMAL""]"
2022-10-13,2022-10-07 10:00:00+05:30,development,double_plateau,-408.15590030000317,-519.7338504500032,-185.00000000000318,223.15590029999998,"[""ALL"", ""NORMAL""]"
2022-10-13,2022-10-07 10:00:00+05:30,development,strip,10875.42964145,10824.394462175,10977.5,102.07035855,"[""ALL"", ""NORMAL""]"
2022-10-13,2022-10-07 10:00:00+05:30,development,strap,-5321.299664200002,-5361.949496300002,-5240.000000000002,81.2996642,"[""ALL"", ""NORMAL""]"
2022-10-13,2022-10-07 10:00:00+05:30,development,long_synthetic_future,-16298.960024250004,-16334.690036375003,-16227.500000000004,71.46002425,"[""ALL"", ""NORMAL""]"
2022-10-13,2022-10-07 10:00:00+05:30,development,short_synthetic_future,16126.39056325,16085.835844875,16207.5,81.10943675,"[""ALL"", ""NORMAL""]"
2022-10-20,2022-10-14 10:00:00+05:30,development,buy_call,5575.642472999999,5553.463709499999,5619.999999999999,44.357527,"[""ALL"", ""NORMAL""]"
2022-10-20,2022-10-14 10:00:00+05:30,development,sell_put,6952.895795899999,6936.843693849999,6984.999999999999,32.1042041,"[""ALL"", ""NORMAL""]"
2022-10-20,2022-10-14 10:00:00+05:30,development,bull_condor,-469.623052750001,-538.184579125001,-332.500000000001,137.12305275,"[""ALL"", ""NORMAL""]"
2022-10-20,2022-10-14 10:00:00+05:30,development,bull_butterfly,-282.41711315000157,-342.37566972500156,-162.5000000000016,119.91711314999999,"[""ALL"", ""NORMAL""]"
2022-10-20,2022-10-14 10:00:00+05:30,development,range_forward,10243.6475815,10207.97137225,10315.0,71.35241850000001,"[""ALL"", ""NORMAL""]"
2022-10-20,2022-10-14 10:00:00+05:30,development,buy_put,-7022.9451541,-7036.91773115,-6995.0,27.945154099999996,"[""ALL"", ""NORMAL""]"
2022-10-20,2022-10-14 10:00:00+05:30,development,sell_call,-5671.010652000001,-5691.515978000001,-5630.000000000001,41.010652,"[""ALL"", ""NORMAL""]"
2022-10-20,2022-10-14 10:00:00+05:30,development,bear_condor,-376.3672699,-432.05090485,-265.0,111.36726990000003,"[""ALL"", ""NORMAL""]"
2022-10-20,2022-10-14 10:00:00+05:30,development,bear_butterfly,-214.24206070000002,-258.86309105,-125.0,89.24206070000001,"[""ALL"", ""NORMAL""]"
2022-10-20,2022-10-14 10:00:00+05:30,development,risk_reversal,-10400.2090435,-10432.81356525,-10335.0,65.2090435,"[""ALL"", ""NORMAL""]"
2022-10-20,2022-10-14 10:00:00+05:30,development,batman,2120.116226199998,2045.174339299998,2269.999999999998,149.8837738,"[""ALL"", ""NORMAL""]"
2022-10-20,2022-10-14 10:00:00+05:30,development,jade_lizard,4494.4880094,4441.7320141,4600.0,105.5119906,"[""ALL"", ""NORMAL""]"
2022-10-20,2022-10-14 10:00:00+05:30,development,reverse_jade_lizard,-3550.4584303,-3598.18764545,-3455.0,95.45843029999999,"[""ALL"", ""NORMAL""]"
2022-10-20,2022-10-14 10:00:00+05:30,development,long_iron_condor,848.8892314499993,784.5838471749994,977.4999999999993,128.61076855,"[""ALL"", ""NORMAL""]"
2022-10-20,2022-10-14 10:00:00+05:30,development,long_iron_butterfly,403.06523499999867,334.5978524999986,539.9999999999986,136.934765,"[""ALL"", ""NORMAL""]"
2022-10-20,2022-10-14 10:00:00+05:30,development,double_plateau,-496.6591738500016,-601.2387607750017,-287.5000000000016,209.15917385,"[""ALL"", ""NORMAL""]"
2022-10-20,2022-10-14 10:00:00+05:30,development,strip,-8446.6478352,-8484.9717528,-8370.0,76.64783519999999,"[""ALL"", ""NORMAL""]"
2022-10-20,2022-10-14 10:00:00+05:30,development,strap,4151.939791899998,4105.409687849999,4244.999999999998,93.06020810000001,"[""ALL"", ""NORMAL""]"
2022-10-20,2022-10-14 10:00:00+05:30,development,long_synthetic_future,12528.538268899998,12490.307403349998,12604.999999999998,76.4617311,"[""ALL"", ""NORMAL""]"
2022-10-20,2022-10-14 10:00:00+05:30,development,short_synthetic_future,-12693.9558061,-12728.43370915,-12625.0,68.95580609999999,"[""ALL"", ""NORMAL""]"
2022-10-27,2022-10-20 10:00:00+05:30,development,buy_call,7231.999400649998,7209.249100974998,7277.499999999998,45.50059935,"[""ALL"", ""NORMAL""]"
2022-10-27,2022-10-20 10:00:00+05:30,development,sell_put,7984.14009005,7967.460135075,8017.5,33.35990995,"[""ALL"", ""NORMAL""]"
2022-10-27,2022-10-20 10:00:00+05:30,development,bull_condor,-462.7173859500007,-532.8260789250007,-322.5000000000007,140.21738595,"[""ALL"", ""NORMAL""]"
2022-10-27,2022-10-20 10:00:00+05:30,development,bull_butterfly,-250.42242245000273,-311.88363367500267,-127.50000000000273,122.92242245,"[""ALL"", ""NORMAL""]"
2022-10-27,2022-10-20 10:00:00+05:30,development,range_forward,12733.91550445,12697.123256675,12807.5,73.58449554999999,"[""ALL"", ""NORMAL""]"
2022-10-27,2022-10-20 10:00:00+05:30,development,buy_put,-8056.086522450001,-8070.379783675001,-8027.500000000001,28.586522450000004,"[""ALL"", ""NORMAL""]"
2022-10-27,2022-10-20 10:00:00+05:30,development,sell_call,-7328.66751185,-7349.251267775,-7287.5,41.167511850000004,"[""ALL"", ""NORMAL""]"
2022-10-27,2022-10-20 10:00:00+05:30,development,bear_condor,-344.34961219999997,-401.5244183,-230.0,114.34961219999998,"[""ALL"", ""NORMAL""]"
2022-10-27,2022-10-20 10:00:00+05:30,development,bear_butterfly,-174.85754615000002,-221.036319225,-82.5,92.35754615,"[""ALL"", ""NORMAL""]"
2022-10-27,2022-10-20 10:00:00+05:30,development,risk_reversal,-12893.45808305,-12926.437124575,-12827.5,65.95808305,"[""ALL"", ""NORMAL""]"
2022-10-27,2022-10-20 10:00:00+05:30,development,batman,1543.2275954499983,1466.0913931749983,1697.4999999999982,154.27240455,"[""ALL"", ""NORMAL""]"
2022-10-27,2022-10-20 10:00:00+05:30,development,jade_lizard,5297.002349299998,5243.003523949998,5404.999999999998,107.99765070000001,"[""ALL"", ""NORMAL""]"
2022-10-27,2022-10-20 10:00:00+05:30,development,reverse_jade_lizard,-5102.266444900002,-5150.899667350001,-5005.000000000002,97.2664449,"[""ALL"", ""NORMAL""]"
2022-10-27,2022-10-20 10:00:00+05:30,development,long_iron_condor,883.3487279,817.52309185,1015.0,131.6512721,"[""ALL"", ""NORMAL""]"
2022-10-27,2022-10-20 10:00:00+05:30,development,long_iron_butterfly,394.9340236999964,324.9010355499964,534.9999999999964,140.0659763,"[""ALL"", ""NORMAL""]"
2022-10-27,2022-10-20 10:00:00+05:30,development,double_plateau,-425.2799686000028,-532.9199529000027,-210.00000000000273,215.27996860000005,"[""ALL"", ""NORMAL""]"
2022-10-27,2022-10-20 10:00:00+05:30,development,strip,-8856.573644250004,-8896.110466375003,-8777.500000000004,79.07364425000002,"[""ALL"", ""NORMAL""]"
2022-10-27,2022-10-20 10:00:00+05:30,development,strap,6431.512278849996,6383.518418274995,6527.499999999995,95.98772115,"[""ALL"", ""NORMAL""]"
2022-10-27,2022-10-20 10:00:00+05:30,development,long_synthetic_future,15216.139490699998,15176.709236049997,15294.999999999998,78.8605093,"[""ALL"", ""NORMAL""]"
2022-10-27,2022-10-20 10:00:00+05:30,development,short_synthetic_future,-15384.7540343,-15419.63105145,-15315.0,69.75403430000001,"[""ALL"", ""NORMAL""]"
2022-11-03,2022-10-28 10:00:00+05:30,development,buy_call,6154.585246849998,6133.127870274998,6197.499999999998,42.91475315,"[""ALL"", ""LOW""]"
2022-11-03,2022-10-28 10:00:00+05:30,development,sell_put,6595.830580249999,6579.995870374999,6627.499999999999,31.669419750000003,"[""ALL"", ""LOW""]"
2022-11-03,2022-10-28 10:00:00+05:30,development,bull_condor,-446.1821027000004,-511.77315405000047,-315.00000000000045,131.18210269999997,"[""ALL"", ""LOW""]"
2022-11-03,2022-10-28 10:00:00+05:30,development,bull_butterfly,-271.31397205000184,-328.2209580750018,-157.50000000000182,113.81397205000002,"[""ALL"", ""LOW""]"
2022-11-03,2022-10-28 10:00:00+05:30,development,range_forward,10470.532839,10435.7992585,10540.0,69.467161,"[""ALL"", ""LOW""]"
2022-11-03,2022-10-28 10:00:00+05:30,development,buy_put,-6665.22308225,-6679.084623375,-6637.5,27.72308225,"[""ALL"", ""LOW""]"
2022-11-03,2022-10-28 10:00:00+05:30,development,sell_call,-6246.72426565,-6266.336398475,-6207.5,39.22426565,"[""ALL"", ""LOW""]"
2022-11-03,2022-10-28 10:00:00+05:30,development,bear_condor,-379.9418283999995,-434.91274259999955,-269.99999999999955,109.94182839999999,"[""ALL"", ""LOW""]"
2022-11-03,2022-10-28 10:00:00+05:30,development,bear_butterfly,-247.77554039999956,-291.66331059999953,-159.99999999999955,87.7755404,"[""ALL"", ""LOW""]"
2022-11-03,2022-10-28 10:00:00+05:30,development,risk_reversal,-10623.189911,-10654.7848665,-10560.0,63.18991100000001,"[""ALL"", ""LOW""]"
2022-11-03,2022-10-28 10:00:00+05:30,development,batman,1301.1217872999982,1229.1826809499983,1444.9999999999982,143.87821269999998,"[""ALL"", ""LOW""]"
2022-11-03,2022-10-28 10:00:00+05:30,development,jade_lizard,4005.61402865,3954.671042975,4107.5,101.88597134999999,"[""ALL"", ""LOW""]"
2022-11-03,2022-10-28 10:00:00+05:30,development,reverse_jade_lizard,-4157.9481015,-4204.42215225,-4065.0,92.9481015,"[""ALL"", ""LOW""]"
2022-11-03,2022-10-28 10:00:00+05:30,development,long_iron_condor,1067.578076750001,1005.117115125001,1192.500000000001,124.92192324999999,"[""ALL"", ""LOW""]"
2022-11-03,2022-10-28 10:00:00+05:30,development,long_iron_butterfly,424.4070012499973,357.86050187499734,557.4999999999973,133.09299875,"[""ALL"", ""LOW""]"
2022-11-03,2022-10-28 10:00:00+05:30,development,double_plateau,-519.0895124500018,-619.8842686750017,-317.5000000000018,201.58951245,"[""ALL"", ""LOW""]"
2022-11-03,2022-10-28 10:00:00+05:30,development,strip,-7152.260917650002,-7189.641376475001,-7077.500000000002,74.76091764999998,"[""ALL"", ""LOW""]"
2022-11-03,2022-10-28 10:00:00+05:30,development,strap,5667.547411449997,5622.571117174996,5757.499999999996,89.95258855,"[""ALL"", ""LOW""]"
2022-11-03,2022-10-28 10:00:00+05:30,development,long_synthetic_future,12750.415827099996,12713.123740649997,12824.999999999996,74.58417289999998,"[""ALL"", ""LOW""]"
2022-11-03,2022-10-28 10:00:00+05:30,development,short_synthetic_future,-12911.9473479,-12945.42102185,-12845.0,66.9473479,"[""ALL"", ""LOW""]"
2022-11-10,2022-11-03 10:00:00+05:30,development,buy_call,-9426.93753905,-9441.656308575,-9397.5,29.437539049999998,"[""ALL"", ""LOW""]"
2022-11-10,2022-11-03 10:00:00+05:30,development,sell_put,6144.40729265,6127.860938975,6177.5,33.092707350000005,"[""ALL"", ""LOW""]"
2022-11-10,2022-11-03 10:00:00+05:30,development,bull_condor,-407.2945052000009,-465.9417578000009,-290.0000000000009,117.29450519999999,"[""ALL"", ""LOW""]"
2022-11-10,2022-11-03 10:00:00+05:30,development,bull_butterfly,-235.6821384000009,-283.5232076000009,-140.0000000000009,95.68213839999999,"[""ALL"", ""LOW""]"
2022-11-10,2022-11-03 10:00:00+05:30,development,range_forward,-1834.7585341000008,-1864.637801150001,-1775.000000000001,59.7585341,"[""ALL"", ""LOW""]"
2022-11-10,2022-11-03 10:00:00+05:30,development,buy_put,-6216.914119850001,-6231.621179775001,-6187.500000000001,29.414119850000006,"[""ALL"", ""LOW""]"
2022-11-10,2022-11-03 10:00:00+05:30,development,sell_call,9352.47392345,9334.960885175,9387.5,35.02607655,"[""ALL"", ""LOW""]"
2022-11-10,2022-11-03 10:00:00+05:30,development,bear_condor,-315.11459815,-371.421897225,-202.5,112.61459815,"[""ALL"", ""LOW""]"
2022-11-10,2022-11-03 10:00:00+05:30,development,bear_butterfly,-222.94100355,-268.161505325,-132.5,90.44100354999999,"[""ALL"", ""LOW""]"
2022-11-10,2022-11-03 10:00:00+05:30,development,risk_reversal,1694.1912909,1663.78693635,1755.0,60.8087091,"[""ALL"", ""LOW""]"
2022-11-10,2022-11-03 10:00:00+05:30,development,batman,9742.3802821,9676.07042315,9875.0,132.6197179,"[""ALL"", ""LOW""]"
2022-11-10,2022-11-03 10:00:00+05:30,development,jade_lizard,7380.186947949999,7334.030421924999,7472.499999999999,92.31305205,"[""ALL"", ""LOW""]"
2022-11-10,2022-11-03 10:00:00+05:30,development,reverse_jade_lizard,8806.07212945,8760.358194175,8897.5,91.42787055,"[""ALL"", ""LOW""]"
2022-11-10,2022-11-03 10:00:00+05:30,development,long_iron_condor,-4233.08394565,-4290.875918475,-4117.5,115.58394565,"[""ALL"", ""LOW""]"
2022-11-10,2022-11-03 10:00:00+05:30,development,long_iron_butterfly,-3645.7371633,-3706.10574495,-3525.0,120.73716329999999,"[""ALL"", ""LOW""]"
2022-11-10,2022-11-03 10:00:00+05:30,development,double_plateau,-458.6231419500009,-551.6847129250009,-272.5000000000009,186.12314195,"[""ALL"", ""LOW""]"
2022-11-10,2022-11-03 10:00:00+05:30,development,strip,-21837.16577875,-21869.498668125,-21772.5,64.66577875,"[""ALL"", ""LOW""]"
2022-11-10,2022-11-03 10:00:00+05:30,development,strap,-25047.18919795,-25079.533796925,-24982.5,64.68919795,"[""ALL"", ""LOW""]"
2022-11-10,2022-11-03 10:00:00+05:30,development,long_synthetic_future,-3282.5302464,-3313.7953696,-3220.0,62.5302464,"[""ALL"", ""LOW""]"
2022-11-10,2022-11-03 10:00:00+05:30,development,short_synthetic_future,3135.559803599999,3103.3397053999993,3199.999999999999,64.4401964,"[""ALL"", ""LOW""]"
2022-11-17,2022-11-11 10:00:00+05:30,development,buy_call,-4262.74836935,-4277.872554025,-4232.5,30.24836935,"[""ALL"", ""LOW""]"
2022-11-17,2022-11-11 10:00:00+05:30,development,sell_put,4870.431531200001,4855.647296800001,4900.000000000001,29.5684688,"[""ALL"", ""LOW""]"
2022-11-17,2022-11-11 10:00:00+05:30,development,bull_condor,-504.70068124999955,-558.3010218749996,-397.49999999999955,107.20068124999999,"[""ALL"", ""LOW""]"
2022-11-17,2022-11-11 10:00:00+05:30,development,bull_butterfly,-265.2983412,-307.9475118,-180.0,85.2983412,"[""ALL"", ""LOW""]"
2022-11-17,2022-11-11 10:00:00+05:30,development,range_forward,-1235.1032898,-1262.6549347,-1180.0,55.103289800000006,"[""ALL"", ""LOW""]"
2022-11-17,2022-11-11 10:00:00+05:30,development,buy_put,-4936.6499938,-4949.9749907,-4910.0,26.6499938,"[""ALL"", ""LOW""]"
2022-11-17,2022-11-11 10:00:00+05:30,development,sell_call,4189.736268149999,4173.354402224999,4222.499999999999,32.76373185,"[""ALL"", ""LOW""]"
2022-11-17,2022-11-11 10:00:00+05:30,development,bear_condor,-452.09272484999934,-504.38908727499927,-347.4999999999993,104.59272485000001,"[""ALL"", ""LOW""]"
2022-11-17,2022-11-11 10:00:00+05:30,development,bear_butterfly,-292.12915699999957,-333.19373549999955,-209.99999999999955,82.129157,"[""ALL"", ""LOW""]"
2022-11-17,2022-11-11 10:00:00+05:30,development,risk_reversal,1104.2005602000004,1076.3008403000003,1160.0000000000005,55.79943980000001,"[""ALL"", ""LOW""]"
2022-11-17,2022-11-11 10:00:00+05:30,development,batman,4803.0709676,4744.6064514,4920.0,116.92903239999998,"[""ALL"", ""LOW""]"
2022-11-17,2022-11-11 10:00:00+05:30,development,jade_lizard,4960.8435471,4918.76532065,5045.0,84.1564529,"[""ALL"", ""LOW""]"
2022-11-17,2022-11-11 10:00:00+05:30,development,reverse_jade_lizard,5828.88242075,5787.073631125,5912.5,83.61757925,"[""ALL"", ""LOW""]"
2022-11-17,2022-11-11 10:00:00+05:30,development,long_iron_condor,-3801.4332681,-3854.64990215,-3695.0,106.43326810000002,"[""ALL"", ""LOW""]"
2022-11-17,2022-11-11 10:00:00+05:30,development,long_iron_butterfly,-2302.5722282,-2358.8583423,-2190.0,112.5722282,"[""ALL"", ""LOW""]"
2022-11-17,2022-11-11 10:00:00+05:30,development,double_plateau,-557.4274982000001,-641.1412473,-390.0,167.42749820000003,"[""ALL"", ""LOW""]"
2022-11-17,2022-11-11 10:00:00+05:30,development,strip,-14112.44835695,-14142.422535425,-14052.5,59.94835695,"[""ALL"", ""LOW""]"
2022-11-17,2022-11-11 10:00:00+05:30,development,strap,-13438.5467325,-13470.32009875,-13375.0,63.546732500000005,"[""ALL"", ""LOW""]"
2022-11-17,2022-11-11 10:00:00+05:30,development,long_synthetic_future,607.6831618500009,577.774742775001,667.5000000000009,59.816838149999995,"[""ALL"", ""LOW""]"
2022-11-17,2022-11-11 10:00:00+05:30,development,short_synthetic_future,-746.913725650001,-776.6205884750009,-687.5000000000009,59.41372565,"[""ALL"", ""LOW""]"
2022-11-24,2022-11-18 10:00:00+05:30,development,buy_call,2488.552540249998,2469.078810374998,2527.4999999999977,38.94745975000001,"[""ALL"", ""LOW""]"
2022-11-24,2022-11-18 10:00:00+05:30,development,sell_put,4783.037946950001,4768.3069204250005,4812.500000000001,29.462053050000005,"[""ALL"", ""LOW""]"
2022-11-24,2022-11-18 10:00:00+05:30,development,bull_condor,277.93163685,218.147455275,397.5,119.56836314999998,"[""ALL"", ""LOW""]"
2022-11-24,2022-11-18 10:00:00+05:30,development,bull_butterfly,-316.3143012999991,-366.9714519499991,-214.9999999999991,101.31430130000001,"[""ALL"", ""LOW""]"
2022-11-24,2022-11-18 10:00:00+05:30,development,range_forward,5189.16022635,5157.490339525,5252.5,63.339773650000005,"[""ALL"", ""LOW""]"
2022-11-24,2022-11-18 10:00:00+05:30,development,buy_put,-4849.09564055,-4862.393460825,-4822.5,26.595640550000002,"[""ALL"", ""LOW""]"
2022-11-24,2022-11-18 10:00:00+05:30,development,sell_call,-2574.94062225,-2593.6609333750002,-2537.5,37.440622250000004,"[""ALL"", ""LOW""]"
2022-11-24,2022-11-18 10:00:00+05:30,development,bear_condor,-407.1061123499991,-459.4091685249991,-302.4999999999991,104.60611235000002,"[""ALL"", ""LOW""]"
2022-11-24,2022-11-18 10:00:00+05:30,development,bear_butterfly,-252.13646359999956,-293.20469539999954,-169.99999999999955,82.1364636,"[""ALL"", ""LOW""]"
2022-11-24,2022-11-18 10:00:00+05:30,development,risk_reversal,-5332.70858615,-5362.812879225,-5272.5,60.20858615000001,"[""ALL"", ""LOW""]"
2022-11-24,2022-11-18 10:00:00+05:30,development,batman,3251.722229550001,3186.333344325001,3382.500000000001,130.77777045000002,"[""ALL"", ""LOW""]"
2022-11-24,2022-11-18 10:00:00+05:30,development,jade_lizard,2468.77679795,2421.915196925,2562.5,93.72320205000001,"[""ALL"", ""LOW""]"
2022-11-24,2022-11-18 10:00:00+05:30,development,reverse_jade_lizard,-693.0106249,-737.0159373500001,-605.0,88.0106249,"[""ALL"", ""LOW""]"
2022-11-24,2022-11-18 10:00:00+05:30,development,long_iron_condor,1159.0497069000007,1101.0745603500006,1275.0000000000007,115.95029309999998,"[""ALL"", ""LOW""]"
2022-11-24,2022-11-18 10:00:00+05:30,development,long_iron_butterfly,508.4888075499982,446.4832113249982,632.4999999999982,124.01119244999998,"[""ALL"", ""LOW""]"
2022-11-24,2022-11-18 10:00:00+05:30,development,double_plateau,-568.4507648999986,-660.1761473499987,-384.99999999999864,183.45076490000002,"[""ALL"", ""LOW""]"
2022-11-24,2022-11-18 10:00:00+05:30,development,strip,-7186.038740850002,-7220.3081112750015,-7117.500000000002,68.53874085,"[""ALL"", ""LOW""]"
2022-11-24,2022-11-18 10:00:00+05:30,development,strap,151.60943994999545,111.16415992499547,232.49999999999545,80.89056005,"[""ALL"", ""LOW""]"
2022-11-24,2022-11-18 10:00:00+05:30,development,long_synthetic_future,7271.590487199998,7237.385730799998,7339.999999999998,68.4095128,"[""ALL"", ""LOW""]"
2022-11-24,2022-11-18 10:00:00+05:30,development,short_synthetic_future,-7424.0362628,-7456.0543942,-7360.0,64.0362628,"[""ALL"", ""LOW""]"
2022-12-01,2022-11-25 10:00:00+05:30,development,buy_call,12025.6766863,12001.01502945,12075.0,49.32331370000001,"[""ALL"", ""LOW""]"
2022-12-01,2022-11-25 10:00:00+05:30,development,sell_put,3911.5990640000005,3897.3985960000005,3940.0000000000005,28.400935999999998,"[""ALL"", ""LOW""]"
2022-12-01,2022-11-25 10:00:00+05:30,development,bull_condor,-566.9402310500009,-641.6603465750009,-417.5000000000009,149.44023104999997,"[""ALL"", ""LOW""]"
2022-12-01,2022-11-25 10:00:00+05:30,development,bull_butterfly,-474.39367775,-540.340516625,-342.5,131.89367775,"[""ALL"", ""LOW""]"
2022-12-01,2022-11-25 10:00:00+05:30,development,range_forward,13807.4170382,13771.1255573,13880.0,72.5829618,"[""ALL"", ""LOW""]"
2022-12-01,2022-11-25 10:00:00+05:30,development,buy_put,-3976.053661,-3989.0804915,-3950.0,26.053660999999998,"[""ALL"", ""LOW""]"
2022-12-01,2022-11-25 10:00:00+05:30,development,sell_call,-12127.1357137,-12148.20357055,-12085.0,42.135713700000004,"[""ALL"", ""LOW""]"
2022-12-01,2022-11-25 10:00:00+05:30,development,bear_condor,-431.903902,-482.855853,-330.0,101.90390199999999,"[""ALL"", ""LOW""]"
2022-12-01,2022-11-25 10:00:00+05:30,development,bear_butterfly,-296.7491606499998,-336.3737409749998,-217.49999999999977,79.24916065000001,"[""ALL"", ""LOW""]"
2022-12-01,2022-11-25 10:00:00+05:30,development,risk_reversal,-13964.3184118,-13996.4776177,-13900.0,64.3184118,"[""ALL"", ""LOW""]"
2022-12-01,2022-11-25 10:00:00+05:30,development,batman,-7073.3471387,-7147.52070805,-6925.0,148.3471387,"[""ALL"", ""LOW""]"
2022-12-01,2022-11-25 10:00:00+05:30,development,jade_lizard,1647.1327970999982,1593.1991956499983,1754.9999999999982,107.8672029,"[""ALL"", ""LOW""]"
2022-12-01,2022-11-25 10:00:00+05:30,development,reverse_jade_lizard,-10241.1194404,-10286.6791606,-10150.0,91.11944040000002,"[""ALL"", ""LOW""]"
2022-12-01,2022-11-25 10:00:00+05:30,development,long_iron_condor,1350.203925999999,1285.305888999999,1479.999999999999,129.796074,"[""ALL"", ""LOW""]"
2022-12-01,2022-11-25 10:00:00+05:30,development,long_iron_butterfly,592.2462055999999,523.3693084,730.0,137.7537944,"[""ALL"", ""LOW""]"
2022-12-01,2022-11-25 10:00:00+05:30,development,double_plateau,-771.1428384000001,-876.7142576,-560.0,211.14283840000002,"[""ALL"", ""LOW""]"
2022-12-01,2022-11-25 10:00:00+05:30,development,strip,4097.1693643,4058.25404645,4175.0,77.8306357,"[""ALL"", ""LOW""]"
2022-12-01,2022-11-25 10:00:00+05:30,development,strap,20098.8997116,20048.3495674,20200.0,101.10028840000001,"[""ALL"", ""LOW""]"
2022-12-01,2022-11-25 10:00:00+05:30,development,long_synthetic_future,15937.2757503,15898.41362545,16015.0,77.7242497,"[""ALL"", ""LOW""]"
2022-12-01,2022-11-25 10:00:00+05:30,development,short_synthetic_future,-16103.1893747,-16137.28406205,-16035.0,68.1893747,"[""ALL"", ""LOW""]"
2022-12-08,2022-12-02 10:00:00+05:30,development,buy_call,-6772.7898591,-6786.68478865,-6745.0,27.789859099999994,"[""ALL"", ""LOW""]"
2022-12-08,2022-12-02 10:00:00+05:30,development,sell_put,-256.6174465,-272.42616975,-225.0,31.617446500000003,"[""ALL"", ""LOW""]"
2022-12-08,2022-12-02 10:00:00+05:30,development,bull_condor,-495.69583065,-549.793745975,-387.5,108.19583064999999,"[""ALL"", ""LOW""]"
2022-12-08,2022-12-02 10:00:00+05:30,development,bull_butterfly,-281.3182068999995,-324.4773103499995,-194.99999999999955,86.31820689999998,"[""ALL"", ""LOW""]"
2022-12-08,2022-12-02 10:00:00+05:30,development,range_forward,-4115.8495864,-4143.7743795999995,-4059.9999999999995,55.8495864,"[""ALL"", ""LOW""]"
2022-12-08,2022-12-02 10:00:00+05:30,development,buy_put,183.25165350000057,167.37748025000056,215.00000000000057,31.748346500000004,"[""ALL"", ""LOW""]"
2022-12-08,2022-12-02 10:00:00+05:30,development,sell_call,6703.199840899999,6687.299761349999,6734.999999999999,31.800159099999995,"[""ALL"", ""LOW""]"
2022-12-08,2022-12-02 10:00:00+05:30,development,bear_condor,1592.1473054500004,1539.4709581750003,1697.5000000000005,105.35269454999998,"[""ALL"", ""LOW""]"
2022-12-08,2022-12-02 10:00:00+05:30,development,bear_butterfly,1757.2104406,1715.8156609,1840.0,82.7895594,"[""ALL"", ""LOW""]"
2022-12-08,2022-12-02 10:00:00+05:30,development,risk_reversal,3981.740663600001,3952.610995400001,4040.000000000001,58.259336399999995,"[""ALL"", ""LOW""]"
2022-12-08,2022-12-02 10:00:00+05:30,development,batman,6676.2913107,6616.93696605,6795.0,118.70868930000002,"[""ALL"", ""LOW""]"
2022-12-08,2022-12-02 10:00:00+05:30,development,jade_lizard,2394.7509010000017,2352.126351500002,2480.000000000002,85.249099,"[""ALL"", ""LOW""]"
2022-12-08,2022-12-02 10:00:00+05:30,development,reverse_jade_lizard,4020.7603185000016,3978.640477750002,4105.000000000002,84.2396815,"[""ALL"", ""LOW""]"
2022-12-08,2022-12-02 10:00:00+05:30,development,long_iron_condor,-1673.5230509,-1727.78457635,-1565.0,108.52305090000002,"[""ALL"", ""LOW""]"
2022-12-08,2022-12-02 10:00:00+05:30,development,long_iron_butterfly,100.0402867000009,42.56043005000089,215.0000000000009,114.9597133,"[""ALL"", ""LOW""]"
2022-12-08,2022-12-02 10:00:00+05:30,development,double_plateau,1475.8922337000004,1391.3383505500005,1645.0000000000005,169.10776630000004,"[""ALL"", ""LOW""]"
2022-12-08,2022-12-02 10:00:00+05:30,development,strip,-6382.686552099999,-6416.529828149999,-6314.999999999999,67.68655209999999,"[""ALL"", ""LOW""]"
2022-12-08,2022-12-02 10:00:00+05:30,development,strap,-13338.7280647,-13370.59209705,-13275.0,63.7280647,"[""ALL"", ""LOW""]"
2022-12-08,2022-12-02 10:00:00+05:30,development,long_synthetic_future,-7029.4073056,-7059.1109584,-6970.0,59.4073056,"[""ALL"", ""LOW""]"
2022-12-08,2022-12-02 10:00:00+05:30,development,short_synthetic_future,6886.4514944,6854.6772416,6950.0,63.548505600000006,"[""ALL"", ""LOW""]"
2022-12-15,2022-12-09 10:00:00+05:30,development,buy_call,-5542.0258077,-5555.53871155,-5515.0,27.025807699999998,"[""ALL"", ""LOW""]"
2022-12-15,2022-12-09 10:00:00+05:30,development,sell_put,-7563.433130250001,-7581.399695375001,-7527.500000000001,35.933130250000005,"[""ALL"", ""LOW""]"
2022-12-15,2022-12-09 10:00:00+05:30,development,bull_condor,-524.3943102000001,-576.5914653,-420.0,104.3943102,"[""ALL"", ""LOW""]"
2022-12-15,2022-12-09 10:00:00+05:30,development,bull_butterfly,-317.2916753,-358.43751295,-235.0,82.29167530000001,"[""ALL"", ""LOW""]"
2022-12-15,2022-12-09 10:00:00+05:30,development,range_forward,-10256.92322185,-10286.634832775,-10197.5,59.423221850000004,"[""ALL"", ""LOW""]"
2022-12-15,2022-12-09 10:00:00+05:30,development,buy_put,7477.090982249998,7456.886473374998,7517.499999999998,40.409017750000004,"[""ALL"", ""LOW""]"
2022-12-15,2022-12-09 10:00:00+05:30,development,sell_call,5474.6957423,5459.54361345,5505.0,30.3042577,"[""ALL"", ""LOW""]"
2022-12-15,2022-12-09 10:00:00+05:30,development,bear_condor,-480.03616365000175,-541.3042454750017,-357.50000000000176,122.53616364999999,"[""ALL"", ""LOW""]"
2022-12-15,2022-12-09 10:00:00+05:30,development,bear_butterfly,-297.0754189500023,-349.3631284250023,-192.50000000000227,104.57541895000001,"[""ALL"", ""LOW""]"
2022-12-15,2022-12-09 10:00:00+05:30,development,risk_reversal,10112.01521565,10079.272823475,10177.5,65.48478435000001,"[""ALL"", ""LOW""]"
2022-12-15,2022-12-09 10:00:00+05:30,development,batman,-789.4965922500028,-855.4948883750027,-657.5000000000027,131.99659225,"[""ALL"", ""LOW""]"
2022-12-15,2022-12-09 10:00:00+05:30,development,jade_lizard,-5009.931255549999,-5053.646883324999,-4922.499999999999,87.43125555000002,"[""ALL"", ""LOW""]"
2022-12-15,2022-12-09 10:00:00+05:30,development,reverse_jade_lizard,2377.278564150001,2329.667846225001,2472.500000000001,95.22143585,"[""ALL"", ""LOW""]"
2022-12-15,2022-12-09 10:00:00+05:30,development,long_iron_condor,1444.776101149999,1385.914151724999,1562.499999999999,117.72389885000001,"[""ALL"", ""LOW""]"
2022-12-15,2022-12-09 10:00:00+05:30,development,long_iron_butterfly,641.9649768499972,579.1974652749973,767.4999999999973,125.53502315,"[""ALL"", ""LOW""]"
2022-12-15,2022-12-09 10:00:00+05:30,development,double_plateau,-614.3670942500019,-707.8006413750018,-427.5000000000018,186.86709425,"[""ALL"", ""LOW""]"
2022-12-15,2022-12-09 10:00:00+05:30,development,strip,9435.756156799996,9393.634235199996,9519.999999999996,84.2438432,"[""ALL"", ""LOW""]"
2022-12-15,2022-12-09 10:00:00+05:30,development,strap,-3583.360633150002,-3618.790949725002,-3512.500000000002,70.86063315,"[""ALL"", ""LOW""]"
2022-12-15,2022-12-09 10:00:00+05:30,development,long_synthetic_future,-13105.45893795,-13136.938406925,-13042.5,62.95893794999999,"[""ALL"", ""LOW""]"
2022-12-15,2022-12-09 10:00:00+05:30,development,short_synthetic_future,12951.786724549998,12916.430086824997,13022.499999999998,70.71327545,"[""ALL"", ""LOW""]"
2022-12-22,2022-12-16 10:00:00+05:30,development,buy_call,-5314.38908265,-5327.833623975,-5287.5,26.88908265,"[""ALL"", ""LOW""]"
2022-12-22,2022-12-16 10:00:00+05:30,development,sell_put,-8413.4990499,-8432.74857485,-8375.0,38.4990499,"[""ALL"", ""LOW""]"
2022-12-22,2022-12-16 10:00:00+05:30,development,bull_condor,-521.9249110499995,-574.1373665749995,-417.49999999999955,104.42491105000002,"[""ALL"", ""LOW""]"
2022-12-22,2022-12-16 10:00:00+05:30,development,bull_butterfly,-342.1694027999991,-383.2541041999991,-259.9999999999991,82.16940279999999,"[""ALL"", ""LOW""]"
2022-12-22,2022-12-16 10:00:00+05:30,development,range_forward,-11051.771240600001,-11082.656860900002,-10990.000000000002,61.771240599999985,"[""ALL"", ""LOW""]"
2022-12-22,2022-12-16 10:00:00+05:30,development,buy_put,8321.5208001,8299.78120015,8365.0,43.479199900000005,"[""ALL"", ""LOW""]"
2022-12-22,2022-12-16 10:00:00+05:30,development,sell_call,5247.46782985,5232.451744775,5277.5,30.032170150000002,"[""ALL"", ""LOW""]"
2022-12-22,2022-12-16 10:00:00+05:30,development,bear_condor,-447.56471610000006,-513.84707415,-315.0,132.56471610000003,"[""ALL"", ""LOW""]"
2022-12-22,2022-12-16 10:00:00+05:30,development,bear_butterfly,-307.3003273500009,-364.7004910250009,-192.5000000000009,114.80032735,"[""ALL"", ""LOW""]"
2022-12-22,2022-12-16 10:00:00+05:30,development,risk_reversal,10901.6956594,10867.5434891,10970.0,68.30434059999999,"[""ALL"", ""LOW""]"
2022-12-22,2022-12-16 10:00:00+05:30,development,batman,-1824.3274385,-1893.99115775,-1685.0,139.3274385,"[""ALL"", ""LOW""]"
2022-12-22,2022-12-16 10:00:00+05:30,development,jade_lizard,-5979.695058000002,-6024.542587000002,-5890.000000000002,89.695058,"[""ALL"", ""LOW""]"
2022-12-22,2022-12-16 10:00:00+05:30,development,reverse_jade_lizard,2349.6429465999972,2299.464419899997,2449.9999999999973,100.3570534,"[""ALL"", ""LOW""]"
2022-12-22,2022-12-16 10:00:00+05:30,development,long_iron_condor,1439.71876775,1378.328151625,1562.5,122.78123225,"[""ALL"", ""LOW""]"
2022-12-22,2022-12-16 10:00:00+05:30,development,long_iron_butterfly,696.80711225,631.4606683750001,827.5,130.69288774999998,"[""ALL"", ""LOW""]"
2022-12-22,2022-12-16 10:00:00+05:30,development,double_plateau,-649.4697301499996,-747.9545952249996,-452.49999999999955,196.96973015,"[""ALL"", ""LOW""]"
2022-12-22,2022-12-16 10:00:00+05:30,development,strip,11352.25251755,11307.128776325,11442.5,90.24748244999999,"[""ALL"", ""LOW""]"
2022-12-22,2022-12-16 10:00:00+05:30,development,strap,-2283.6573652,-2320.4860478,-2210.0,73.65736520000002,"[""ALL"", ""LOW""]"
2022-12-22,2022-12-16 10:00:00+05:30,development,long_synthetic_future,-13727.88813255,-13760.582198825,-13662.5,65.38813255000001,"[""ALL"", ""LOW""]"
2022-12-22,2022-12-16 10:00:00+05:30,development,short_synthetic_future,13568.98862995,13532.232944925,13642.5,73.51137005000001,"[""ALL"", ""LOW""]"
2022-12-29,2022-12-23 10:00:00+05:30,development,buy_call,2771.013027099999,2749.0195406499993,2814.999999999999,43.9869729,"[""ALL"", ""LOW""]"
2022-12-29,2022-12-23 10:00:00+05:30,development,sell_put,5090.1593782,5075.2390673,5120.0,29.840621799999997,"[""ALL"", ""LOW""]"
2022-12-29,2022-12-23 10:00:00+05:30,development,bull_condor,-424.0255180500004,-492.28827707500045,-287.50000000000045,136.52551805,"[""ALL"", ""LOW""]"
2022-12-29,2022-12-23 10:00:00+05:30,development,bull_butterfly,-197.1759834500018,-257.0139751750018,-77.50000000000182,119.67598345,"[""ALL"", ""LOW""]"
2022-12-29,2022-12-23 10:00:00+05:30,development,range_forward,6151.289797999998,6116.934696999998,6219.999999999998,68.71020200000001,"[""ALL"", ""LOW""]"
2022-12-29,2022-12-23 10:00:00+05:30,development,buy_put,-5156.7912468,-5170.1868702,-5130.0,26.791246799999996,"[""ALL"", ""LOW""]"
2022-12-29,2022-12-23 10:00:00+05:30,development,sell_call,-2867.3090729000014,-2888.463609350001,-2825.0000000000014,42.309072900000004,"[""ALL"", ""LOW""]"
2022-12-29,2022-12-23 10:00:00+05:30,development,bear_condor,-344.0822382500005,-397.37335737500047,-237.50000000000045,106.58223825000002,"[""ALL"", ""LOW""]"
2022-12-29,2022-12-23 10:00:00+05:30,development,bear_butterfly,-201.5192994500009,-243.5289491750009,-117.50000000000091,84.01929944999998,"[""ALL"", ""LOW""]"
2022-12-29,2022-12-23 10:00:00+05:30,development,risk_reversal,-6305.003352000001,-6337.5050280000005,-6240.000000000001,65.003352,"[""ALL"", ""LOW""]"
2022-12-29,2022-12-23 10:00:00+05:30,development,batman,3098.983190699997,3025.9747860499974,3244.9999999999973,146.01680930000003,"[""ALL"", ""LOW""]"
2022-12-29,2022-12-23 10:00:00+05:30,development,jade_lizard,2978.9208371499985,2927.1312557249985,3082.4999999999986,103.57916285000002,"[""ALL"", ""LOW""]"
2022-12-29,2022-12-23 10:00:00+05:30,development,reverse_jade_lizard,-1363.3753948000005,-1410.0630922000005,-1270.0000000000005,93.37539480000002,"[""ALL"", ""LOW""]"
2022-12-29,2022-12-23 10:00:00+05:30,development,long_iron_condor,964.1140993999991,901.1711490999991,1089.999999999999,125.88590060000001,"[""ALL"", ""LOW""]"
2022-12-29,2022-12-23 10:00:00+05:30,development,long_iron_butterfly,338.1966641499984,271.0449962249984,472.4999999999984,134.30333585,"[""ALL"", ""LOW""]"
2022-12-29,2022-12-23 10:00:00+05:30,development,double_plateau,-398.6952829000027,-500.54292435000275,-195.00000000000273,203.6952829,"[""ALL"", ""LOW""]"
2022-12-29,2022-12-23 10:00:00+05:30,development,strip,-7518.969466500001,-7555.954199750001,-7445.000000000001,73.9694665,"[""ALL"", ""LOW""]"
2022-12-29,2022-12-23 10:00:00+05:30,development,strap,408.83480739999817,363.25221109999814,499.9999999999982,91.1651926,"[""ALL"", ""LOW""]"
2022-12-29,2022-12-23 10:00:00+05:30,development,long_synthetic_future,7861.172405299999,7824.258607949999,7934.999999999999,73.8275947,"[""ALL"", ""LOW""]"
2022-12-29,2022-12-23 10:00:00+05:30,development,short_synthetic_future,-8024.100319700002,-8058.650479550001,-7955.000000000002,69.1003197,"[""ALL"", ""LOW""]"
2023-01-05,2022-12-30 10:00:00+05:30,development,buy_call,-5812.1935263,-5825.79028945,-5785.0,27.193526300000002,"[""ALL"", ""LOW""]"
2023-01-05,2022-12-30 10:00:00+05:30,development,sell_put,-7580.656466750001,-7599.734700125001,-7542.500000000001,38.15646675,"[""ALL"", ""LOW""]"
2023-01-05,2022-12-30 10:00:00+05:30,development,bull_condor,-508.22011894999935,-561.0801784249993,-402.4999999999993,105.72011895,"[""ALL"", ""LOW""]"
2023-01-05,2022-12-30 10:00:00+05:30,development,bull_butterfly,-286.1495069499987,-327.97426042499865,-202.49999999999864,83.64950695000002,"[""ALL"", ""LOW""]"
2023-01-05,2022-12-30 10:00:00+05:30,development,range_forward,-10676.758781300001,-10707.63817195,-10615.0,61.75878130000002,"[""ALL"", ""LOW""]"
2023-01-05,2022-12-30 10:00:00+05:30,development,buy_put,7489.8587207499995,7468.538081124999,7532.499999999999,42.64127925,"[""ALL"", ""LOW""]"
2023-01-05,2022-12-30 10:00:00+05:30,development,sell_call,5744.367373700001,5729.051060550001,5775.000000000001,30.632626300000005,"[""ALL"", ""LOW""]"
2023-01-05,2022-12-30 10:00:00+05:30,development,bear_condor,-447.8384700500004,-513.0077050750004,-317.50000000000045,130.33847004999998,"[""ALL"", ""LOW""]"
2023-01-05,2022-12-30 10:00:00+05:30,development,bear_butterfly,-255.06443635,-311.346654525,-142.5,112.56443635,"[""ALL"", ""LOW""]"
2023-01-05,2022-12-30 10:00:00+05:30,development,risk_reversal,10526.9312437,10492.89686555,10595.0,68.0687563,"[""ALL"", ""LOW""]"
2023-01-05,2022-12-30 10:00:00+05:30,development,batman,-579.1649916,-648.7474874,-440.0,139.1649916,"[""ALL"", ""LOW""]"
2023-01-05,2022-12-30 10:00:00+05:30,development,jade_lizard,-5082.716997949999,-5127.825496924998,-4992.499999999998,90.21699794999998,"[""ALL"", ""LOW""]"
2023-01-05,2022-12-30 10:00:00+05:30,development,reverse_jade_lizard,2795.217942700001,2745.326914050001,2895.000000000001,99.78205729999999,"[""ALL"", ""LOW""]"
2023-01-05,2022-12-30 10:00:00+05:30,development,long_iron_condor,1267.649041999999,1206.473562999999,1389.999999999999,122.35095799999999,"[""ALL"", ""LOW""]"
2023-01-05,2022-12-30 10:00:00+05:30,development,long_iron_butterfly,644.6649392999996,579.4974089499996,774.9999999999995,130.3350607,"[""ALL"", ""LOW""]"
2023-01-05,2022-12-30 10:00:00+05:30,development,double_plateau,-541.2139432999986,-639.3209149499986,-344.99999999999864,196.21394329999998,"[""ALL"", ""LOW""]"
2023-01-05,2022-12-30 10:00:00+05:30,development,strip,9191.123915199998,9146.685872799999,9279.999999999998,88.8760848,"[""ALL"", ""LOW""]"
2023-01-05,2022-12-30 10:00:00+05:30,development,strap,-4110.928331850001,-4147.642497775001,-4037.500000000001,73.42833185,"[""ALL"", ""LOW""]"
2023-01-05,2022-12-30 10:00:00+05:30,development,long_synthetic_future,-13392.84999305,-13425.524989575,-13327.5,65.34999305,"[""ALL"", ""LOW""]"
2023-01-05,2022-12-30 10:00:00+05:30,development,short_synthetic_future,13234.22609445,13197.589141675,13307.5,73.27390555,"[""ALL"", ""LOW""]"
2023-01-12,2023-01-06 10:00:00+05:30,development,buy_call,-6600.182705550001,-6614.024058325001,-6572.500000000001,27.682705550000005,"[""ALL"", ""LOW""]"
2023-01-12,2023-01-06 10:00:00+05:30,development,sell_put,374.9663308500003,358.6994962750003,407.5000000000003,32.53366915,"[""ALL"", ""LOW""]"
2023-01-12,2023-01-06 10:00:00+05:30,development,bull_condor,-465.52101964999906,-519.531529474999,-357.4999999999991,108.02101965,"[""ALL"", ""LOW""]"
2023-01-12,2023-01-06 10:00:00+05:30,development,bull_butterfly,-256.08219419999773,-299.12329129999773,-169.99999999999773,86.08219419999999,"[""ALL"", ""LOW""]"
2023-01-12,2023-01-06 10:00:00+05:30,development,range_forward,-3441.5694530999995,-3469.8541796499994,-3384.9999999999995,56.56945309999999,"[""ALL"", ""LOW""]"
2023-01-12,2023-01-06 10:00:00+05:30,development,buy_put,-449.7882316499997,-465.93234747499974,-417.4999999999997,32.28823165,"[""ALL"", ""LOW""]"
2023-01-12,2023-01-06 10:00:00+05:30,development,sell_call,6530.90963195,6515.114447925,6562.5,31.590368050000002,"[""ALL"", ""LOW""]"
2023-01-12,2023-01-06 10:00:00+05:30,development,bear_condor,1675.17900975,1621.518514625,1782.5,107.32099024999998,"[""ALL"", ""LOW""]"
2023-01-12,2023-01-06 10:00:00+05:30,development,bear_butterfly,1800.1162429,1757.67436435,1885.0,84.8837571,"[""ALL"", ""LOW""]"
2023-01-12,2023-01-06 10:00:00+05:30,development,risk_reversal,3306.4224219,3277.13363285,3365.0,58.5775781,"[""ALL"", ""LOW""]"
2023-01-12,2023-01-06 10:00:00+05:30,development,batman,7209.721974400002,7149.582961600002,7330.000000000002,120.27802559999999,"[""ALL"", ""LOW""]"
2023-01-12,2023-01-06 10:00:00+05:30,development,jade_lizard,2889.1397051,2846.20955765,2975.0,85.8602949,"[""ALL"", ""LOW""]"
2023-01-12,2023-01-06 10:00:00+05:30,development,reverse_jade_lizard,3909.7733087,3867.15996305,3995.0,85.22669130000001,"[""ALL"", ""LOW""]"
2023-01-12,2023-01-06 10:00:00+05:30,development,long_iron_condor,-1644.4782163,-1699.21732445,-1535.0,109.47821629999999,"[""ALL"", ""LOW""]"
2023-01-12,2023-01-06 10:00:00+05:30,development,long_iron_butterfly,124.01770780000001,66.0265617,240.0,115.98229219999999,"[""ALL"", ""LOW""]"
2023-01-12,2023-01-06 10:00:00+05:30,development,double_plateau,1544.0340487000024,1458.5510730500023,1715.0000000000023,170.9659513,"[""ALL"", ""LOW""]"
2023-01-12,2023-01-06 10:00:00+05:30,development,strip,-7476.15916885,-7510.488753275,-7407.5,68.65916885,"[""ALL"", ""LOW""]"
2023-01-12,2023-01-06 10:00:00+05:30,development,strap,-13626.553642750001,-13658.580464125002,-13562.500000000002,64.05364275,"[""ALL"", ""LOW""]"
2023-01-12,2023-01-06 10:00:00+05:30,development,long_synthetic_future,-6225.216374700001,-6255.324562050001,-6165.000000000001,60.216374699999996,"[""ALL"", ""LOW""]"
2023-01-12,2023-01-06 10:00:00+05:30,development,short_synthetic_future,6081.1214003000005,6049.18210045,6145.0,63.878599699999995,"[""ALL"", ""LOW""]"
2023-01-19,2023-01-13 10:00:00+05:30,development,buy_call,8455.84489835,8432.517347525,8502.5,46.65510164999999,"[""ALL"", ""LOW""]"
2023-01-19,2023-01-13 10:00:00+05:30,development,sell_put,5836.75028365,5821.375425475,5867.5,30.74971635,"[""ALL"", ""LOW""]"
2023-01-19,2023-01-13 10:00:00+05:30,development,bull_condor,-448.0544232999996,-519.5816349499995,-304.99999999999955,143.05442330000002,"[""ALL"", ""LOW""]"
2023-01-19,2023-01-13 10:00:00+05:30,development,bull_butterfly,-293.17574925000093,-356.0136238750009,-167.5000000000009,125.67574925000001,"[""ALL"", ""LOW""]"
2023-01-19,2023-01-13 10:00:00+05:30,development,range_forward,11950.27442495,11914.161637425,12022.5,72.22557505,"[""ALL"", ""LOW""]"
2023-01-19,2023-01-13 10:00:00+05:30,development,buy_put,-5904.75557885,-5918.383368275,-5877.5,27.25557885,"[""ALL"", ""LOW""]"
2023-01-19,2023-01-13 10:00:00+05:30,development,sell_call,-8554.093139150002,-8574.889708725002,-8512.500000000002,41.59313915,"[""ALL"", ""LOW""]"
2023-01-19,2023-01-13 10:00:00+05:30,development,bear_condor,-424.8163492499995,-478.4745238749996,-317.49999999999955,107.31634924999999,"[""ALL"", ""LOW""]"
2023-01-19,2023-01-13 10:00:00+05:30,development,bear_butterfly,-282.5611682499986,-325.09175237499863,-197.49999999999864,85.06116825,"[""ALL"", ""LOW""]"
2023-01-19,2023-01-13 10:00:00+05:30,development,risk_reversal,-12107.56623755,-12140.099356325,-12042.5,65.06623755,"[""ALL"", ""LOW""]"
2023-01-19,2023-01-13 10:00:00+05:30,development,batman,-1717.3284566499992,-1792.242684974999,-1567.499999999999,149.82845665000002,"[""ALL"", ""LOW""]"
2023-01-19,2023-01-13 10:00:00+05:30,development,jade_lizard,3275.561086349999,3222.091629524999,3382.499999999999,106.93891365,"[""ALL"", ""LOW""]"
2023-01-19,2023-01-13 10:00:00+05:30,development,reverse_jade_lizard,-6393.913846000001,-6440.870769000001,-6300.000000000001,93.91384599999998,"[""ALL"", ""LOW""]"
2023-01-19,2023-01-13 10:00:00+05:30,development,long_iron_condor,1075.441914100001,1010.6628711500009,1205.000000000001,129.5580859,"[""ALL"", ""LOW""]"
2023-01-19,2023-01-13 10:00:00+05:30,development,long_iron_butterfly,489.7606224499991,420.8909336749991,627.4999999999991,137.73937755,"[""ALL"", ""LOW""]"
2023-01-19,2023-01-13 10:00:00+05:30,development,double_plateau,-575.7369175000001,-681.1053762500001,-365.0,210.73691750000006,"[""ALL"", ""LOW""]"
2023-01-19,2023-01-13 10:00:00+05:30,development,strip,-3330.06625935,-3368.849389025,-3252.5,77.56625935000001,"[""ALL"", ""LOW""]"
2023-01-19,2023-01-13 10:00:00+05:30,development,strap,11030.53421785,10982.051326775,11127.5,96.96578215,"[""ALL"", ""LOW""]"
2023-01-19,2023-01-13 10:00:00+05:30,development,long_synthetic_future,14292.595182,14253.892773,14370.0,77.40481799999999,"[""ALL"", ""LOW""]"
2023-01-19,2023-01-13 10:00:00+05:30,development,short_synthetic_future,-14458.848718000001,-14493.273077000002,-14390.000000000002,68.848718,"[""ALL"", ""LOW""]"
2023-01-25,2023-01-19 10:00:00+05:30,development,buy_call,-6472.6080985,-6486.41214775,-6445.0,27.608098500000004,"[""ALL"", ""LOW""]"
2023-01-25,2023-01-19 10:00:00+05:30,development,sell_put,-4839.372432950001,-4857.808649425001,-4802.500000000001,36.87243295,"[""ALL"", ""LOW""]"
2023-01-25,2023-01-19 10:00:00+05:30,development,bull_condor,-527.2835588,-580.9253381999999,-420.0,107.28355880000001,"[""ALL"", ""LOW""]"
2023-01-25,2023-01-19 10:00:00+05:30,development,bull_butterfly,-325.3447988000009,-368.01719820000096,-240.0000000000009,85.34479879999999,"[""ALL"", ""LOW""]"
2023-01-25,2023-01-19 10:00:00+05:30,development,range_forward,-8418.38470845,-8448.827062675,-8357.5,60.884708450000005,"[""ALL"", ""LOW""]"
2023-01-25,2023-01-19 10:00:00+05:30,development,buy_put,4752.77305455,4732.909581825,4792.5,39.726945449999995,"[""ALL"", ""LOW""]"
2023-01-25,2023-01-19 10:00:00+05:30,development,sell_call,6403.560101499999,6387.840152249999,6434.999999999999,31.439898500000005,"[""ALL"", ""LOW""]"
2023-01-25,2023-01-19 10:00:00+05:30,development,bear_condor,-407.44519409999975,-468.66779114999974,-284.9999999999998,122.44519410000001,"[""ALL"", ""LOW""]"
2023-01-25,2023-01-19 10:00:00+05:30,development,bear_butterfly,-239.66372289999924,-291.99558434999926,-134.99999999999926,104.6637229,"[""ALL"", ""LOW""]"
2023-01-25,2023-01-19 10:00:00+05:30,development,risk_reversal,8271.64852905,8238.722793575,8337.5,65.85147094999999,"[""ALL"", ""LOW""]"
2023-01-25,2023-01-19 10:00:00+05:30,development,batman,2636.974986349999,2569.2124795249993,2772.499999999999,135.52501365,"[""ALL"", ""LOW""]"
2023-01-25,2023-01-19 10:00:00+05:30,development,jade_lizard,-2174.9542995,-2219.93144925,-2085.0,89.9542995,"[""ALL"", ""LOW""]"
2023-01-25,2023-01-19 10:00:00+05:30,development,reverse_jade_lizard,3321.05118625,3272.826779375,3417.5,96.44881375000001,"[""ALL"", ""LOW""]"
2023-01-25,2023-01-19 10:00:00+05:30,development,long_iron_condor,1155.8297335000004,1096.2446002500005,1275.0000000000005,119.17026650000001,"[""ALL"", ""LOW""]"
2023-01-25,2023-01-19 10:00:00+05:30,development,long_iron_butterfly,532.7124222,469.0686333,660.0,127.28757780000001,"[""ALL"", ""LOW""]"
2023-01-25,2023-01-19 10:00:00+05:30,development,double_plateau,-565.0085217000001,-660.01278255,-375.0,190.00852170000002,"[""ALL"", ""LOW""]"
2023-01-25,2023-01-19 10:00:00+05:30,development,strip,3056.5380106000002,3014.8070159,3140.0,83.4619894,"[""ALL"", ""LOW""]"
2023-01-25,2023-01-19 10:00:00+05:30,development,strap,-8168.84314245,-8204.514713675,-8097.5,71.34314244999999,"[""ALL"", ""LOW""]"
2023-01-25,2023-01-19 10:00:00+05:30,development,long_synthetic_future,-11311.98053145,-11344.220797175,-11247.5,64.48053145,"[""ALL"", ""LOW""]"
2023-01-25,2023-01-19 10:00:00+05:30,development,short_synthetic_future,11156.33315605,11120.749734075,11227.5,71.16684395,"[""ALL"", ""LOW""]"
2023-02-02,2023-01-27 10:00:00+05:30,development,buy_call,-9992.28850575,-10007.182758625,-9962.5,29.788505750000002,"[""ALL"", ""LOW""]"
2023-02-02,2023-01-27 10:00:00+05:30,development,sell_put,1344.439792349999,1325.409688524999,1382.4999999999989,38.06020765,"[""ALL"", ""LOW""]"
2023-02-02,2023-01-27 10:00:00+05:30,development,bull_condor,-389.90491300000184,-449.8573695000018,-270.0000000000018,119.90491300000002,"[""ALL"", ""LOW""]"
2023-02-02,2023-01-27 10:00:00+05:30,development,bull_butterfly,-260.71329815000365,-309.8199472250036,-162.50000000000364,98.21329814999999,"[""ALL"", ""LOW""]"
2023-02-02,2023-01-27 10:00:00+05:30,development,range_forward,-5921.705355850002,-5953.808033775002,-5857.500000000002,64.20535585,"[""ALL"", ""LOW""]"
2023-02-02,2023-01-27 10:00:00+05:30,development,buy_put,-1429.7346451500011,-1448.351967725001,-1392.5000000000011,37.234645150000006,"[""ALL"", ""LOW""]"
2023-02-02,2023-01-27 10:00:00+05:30,development,sell_call,9916.78678175,9898.930172625,9952.5,35.71321825,"[""ALL"", ""LOW""]"
2023-02-02,2023-01-27 10:00:00+05:30,development,bear_condor,2134.773829049999,2073.4107435749993,2257.499999999999,122.72617095000001,"[""ALL"", ""LOW""]"
2023-02-02,2023-01-27 10:00:00+05:30,development,bear_butterfly,320.6033067499991,269.6549601249991,422.4999999999991,101.89669324999998,"[""ALL"", ""LOW""]"
2023-02-02,2023-01-27 10:00:00+05:30,development,risk_reversal,5769.815381649999,5735.973072474999,5837.499999999999,67.68461835000001,"[""ALL"", ""LOW""]"
2023-02-02,2023-01-27 10:00:00+05:30,development,batman,11891.905956049995,11819.108934074997,12037.499999999996,145.59404395,"[""ALL"", ""LOW""]"
2023-02-02,2023-01-27 10:00:00+05:30,development,jade_lizard,3907.4278679,3858.64180185,4005.0,97.5721321,"[""ALL"", ""LOW""]"
2023-02-02,2023-01-27 10:00:00+05:30,development,reverse_jade_lizard,7010.7370326,6961.1055489,7110.0,99.26296739999998,"[""ALL"", ""LOW""]"
2023-02-02,2023-01-27 10:00:00+05:30,development,long_iron_condor,170.94452169999815,108.9167825499982,294.9999999999982,124.05547830000003,"[""ALL"", ""LOW""]"
2023-02-02,2023-01-27 10:00:00+05:30,development,long_iron_butterfly,262.84876129999725,196.77314194999724,394.99999999999727,132.1512387,"[""ALL"", ""LOW""]"
2023-02-02,2023-01-27 10:00:00+05:30,development,double_plateau,59.89000859999456,-40.16498710000542,259.99999999999454,200.10999139999998,"[""ALL"", ""LOW""]"
2023-02-02,2023-01-27 10:00:00+05:30,development,strip,-12828.157796050002,-12868.486694075002,-12747.500000000002,80.65779605,"[""ALL"", ""LOW""]"
2023-02-02,2023-01-27 10:00:00+05:30,development,strap,-21390.71165665,-21427.317484975,-21317.5,73.21165665000001,"[""ALL"", ""LOW""]"
2023-02-02,2023-01-27 10:00:00+05:30,development,long_synthetic_future,-8647.848713400002,-8681.773070100002,-8580.000000000002,67.84871340000001,"[""ALL"", ""LOW""]"
2023-02-02,2023-01-27 10:00:00+05:30,development,short_synthetic_future,8487.052136599998,8450.578204899999,8559.999999999998,72.9478634,"[""ALL"", ""LOW""]"
2023-02-09,2023-02-03 10:00:00+05:30,development,buy_call,2910.460616399999,2890.6909245999987,2949.9999999999986,39.539383599999994,"[""ALL"", ""LOW""]"
2023-02-09,2023-02-03 10:00:00+05:30,development,sell_put,6398.5707758,6382.8561637,6430.0,31.4292242,"[""ALL"", ""LOW""]"
2023-02-09,2023-02-03 10:00:00+05:30,development,bull_condor,-106.72141229999909,-167.5821184499991,15.00000000000091,121.7214123,"[""ALL"", ""LOW""]"
2023-02-09,2023-02-03 10:00:00+05:30,development,bull_butterfly,-234.01294759999843,-286.0194213999984,-129.9999999999984,104.01294760000003,"[""ALL"", ""LOW""]"
2023-02-09,2023-02-03 10:00:00+05:30,development,range_forward,7019.1467857,6986.22017855,7085.0,65.85321429999999,"[""ALL"", ""LOW""]"
2023-02-09,2023-02-03 10:00:00+05:30,development,buy_put,-6467.6003992000005,-6481.400598800001,-6440.000000000001,27.600399200000002,"[""ALL"", ""LOW""]"
2023-02-09,2023-02-03 10:00:00+05:30,development,sell_call,-2997.7811586000007,-3016.671737900001,-2960.000000000001,37.7811586,"[""ALL"", ""LOW""]"
2023-02-09,2023-02-03 10:00:00+05:30,development,bear_condor,-359.48843839999864,-414.2326575999986,-249.99999999999864,109.48843839999999,"[""ALL"", ""LOW""]"
2023-02-09,2023-02-03 10:00:00+05:30,development,bear_butterfly,-207.29135319999818,-250.9370297999982,-119.99999999999818,87.29135319999999,"[""ALL"", ""LOW""]"
2023-02-09,2023-02-03 10:00:00+05:30,development,risk_reversal,-7166.631689300001,-7197.447533950001,-7105.000000000001,61.63168929999999,"[""ALL"", ""LOW""]"
2023-02-09,2023-02-03 10:00:00+05:30,development,batman,4467.907786100003,4399.3616791500035,4605.000000000004,137.0922139,"[""ALL"", ""LOW""]"
2023-02-09,2023-02-03 10:00:00+05:30,development,jade_lizard,3865.6961259499985,3817.2941889249987,3962.4999999999986,96.80387405,"[""ALL"", ""LOW""]"
2023-02-09,2023-02-03 10:00:00+05:30,development,reverse_jade_lizard,-918.7080418500009,-964.3120627750009,-827.5000000000009,91.20804185,"[""ALL"", ""LOW""]"
2023-02-09,2023-02-03 10:00:00+05:30,development,long_iron_condor,1050.2500488000007,990.3750732000008,1170.0000000000007,119.7499512,"[""ALL"", ""LOW""]"
2023-02-09,2023-02-03 10:00:00+05:30,development,long_iron_butterfly,517.0416548999996,453.0624823499995,644.9999999999995,127.9583451,"[""ALL"", ""LOW""]"
2023-02-09,2023-02-03 10:00:00+05:30,development,double_plateau,-441.3043007999965,-536.9564511999965,-249.99999999999648,191.30430080000002,"[""ALL"", ""LOW""]"
2023-02-09,2023-02-03 10:00:00+05:30,development,strip,-10001.140182000003,-10036.710273000004,-9930.000000000004,71.140182,"[""ALL"", ""LOW""]"
2023-02-09,2023-02-03 10:00:00+05:30,development,strap,-623.0791664000036,-664.6187496000036,-540.0000000000036,83.07916639999999,"[""ALL"", ""LOW""]"
2023-02-09,2023-02-03 10:00:00+05:30,development,long_synthetic_future,9309.031392199999,9273.547088299998,9379.999999999998,70.9686078,"[""ALL"", ""LOW""]"
2023-02-09,2023-02-03 10:00:00+05:30,development,short_synthetic_future,-9465.381557800001,-9498.072336700001,-9400.000000000002,65.3815578,"[""ALL"", ""LOW""]"
2023-02-16,2023-02-10 10:00:00+05:30,development,buy_call,5683.376462299999,5662.564693449999,5724.999999999999,41.6235377,"[""ALL"", ""LOW""]"
2023-02-16,2023-02-10 10:00:00+05:30,development,sell_put,4363.54414915,4349.066223725,4392.5,28.955850849999997,"[""ALL"", ""LOW""]"
2023-02-16,2023-02-10 10:00:00+05:30,development,bull_condor,-481.24148450000047,-544.3622267500004,-355.00000000000045,126.24148450000001,"[""ALL"", ""LOW""]"
2023-02-16,2023-02-10 10:00:00+05:30,development,bull_butterfly,-226.32365945000137,-280.73548917500136,-117.50000000000136,108.82365945000001,"[""ALL"", ""LOW""]"
2023-02-16,2023-02-10 10:00:00+05:30,development,range_forward,7991.89719145,7959.095787175,8057.5,65.60280855,"[""ALL"", ""LOW""]"
2023-02-16,2023-02-10 10:00:00+05:30,development,buy_put,-4428.83933835,-4442.009007525,-4402.5,26.339338349999995,"[""ALL"", ""LOW""]"
2023-02-16,2023-02-10 10:00:00+05:30,development,sell_call,-5773.2141877,-5792.32128155,-5735.0,38.214187700000004,"[""ALL"", ""LOW""]"
2023-02-16,2023-02-10 10:00:00+05:30,development,bear_condor,-418.13480229999954,-469.7022034499995,-314.99999999999955,103.1348023,"[""ALL"", ""LOW""]"
2023-02-16,2023-02-10 10:00:00+05:30,development,bear_butterfly,-260.6084797999993,-300.91271969999934,-179.99999999999932,80.6084798,"[""ALL"", ""LOW""]"
2023-02-16,2023-02-10 10:00:00+05:30,development,risk_reversal,-8138.30264605,-8168.703969075,-8077.5,60.802646050000014,"[""ALL"", ""LOW""]"
2023-02-16,2023-02-10 10:00:00+05:30,development,batman,-101.6862160500018,-168.77932407500182,32.49999999999818,134.18621604999998,"[""ALL"", ""LOW""]"
2023-02-16,2023-02-10 10:00:00+05:30,development,jade_lizard,1883.149733799999,1834.724600699999,1979.999999999999,96.8502662,"[""ALL"", ""LOW""]"
2023-02-16,2023-02-10 10:00:00+05:30,development,reverse_jade_lizard,-3955.585029650001,-3999.6275444750013,-3867.5000000000014,88.08502965,"[""ALL"", ""LOW""]"
2023-02-16,2023-02-10 10:00:00+05:30,development,long_iron_condor,1398.4987432500006,1338.9981148750007,1517.5000000000007,119.00125675,"[""ALL"", ""LOW""]"
2023-02-16,2023-02-10 10:00:00+05:30,development,long_iron_butterfly,608.1264826999982,544.6897240499982,734.9999999999982,126.87351729999999,"[""ALL"", ""LOW""]"
2023-02-16,2023-02-10 10:00:00+05:30,development,double_plateau,-486.93213925000043,-581.6482088750005,-297.50000000000045,189.43213924999998,"[""ALL"", ""LOW""]"
2023-02-16,2023-02-10 10:00:00+05:30,development,strip,-3150.702214400001,-3186.053321600001,-3080.000000000001,70.7022144,"[""ALL"", ""LOW""]"
2023-02-16,2023-02-10 10:00:00+05:30,development,strap,6961.513586249998,6918.520379374998,7047.499999999998,85.98641375000001,"[""ALL"", ""LOW""]"
2023-02-16,2023-02-10 10:00:00+05:30,development,long_synthetic_future,10046.92061145,10011.630917175,10117.5,70.57938855,"[""ALL"", ""LOW""]"
2023-02-16,2023-02-10 10:00:00+05:30,development,short_synthetic_future,-10202.05352605,-10234.330289075,-10137.5,64.55352605,"[""ALL"", ""LOW""]"
2023-02-23,2023-02-17 10:00:00+05:30,development,buy_call,-5852.2229669,-5865.83445035,-5825.0,27.222966899999996,"[""ALL"", ""LOW""]"
2023-02-23,2023-02-17 10:00:00+05:30,development,sell_put,-20318.8791827,-20340.81877405,-20275.0,43.87918270000001,"[""ALL"", ""LOW""]"
2023-02-23,2023-02-17 10:00:00+05:30,development,bull_condor,-570.1342402999993,-622.7013604499994,-464.9999999999993,105.13424029999999,"[""ALL"", ""LOW""]"
2023-02-23,2023-02-17 10:00:00+05:30,development,bull_butterfly,-328.12010569999904,-369.6801585499991,-244.9999999999991,83.12010569999998,"[""ALL"", ""LOW""]"
2023-02-23,2023-02-17 10:00:00+05:30,development,range_forward,-23292.5891387,-23326.38370805,-23225.0,67.5891387,"[""ALL"", ""LOW""]"
2023-02-23,2023-02-17 10:00:00+05:30,development,buy_put,20209.0601673,20181.09025095,20265.0,55.939832700000004,"[""ALL"", ""LOW""]"
2023-02-23,2023-02-17 10:00:00+05:30,development,sell_call,5784.3141331,5768.97119965,5815.0,30.6858669,"[""ALL"", ""LOW""]"
2023-02-23,2023-02-17 10:00:00+05:30,development,bear_condor,-534.5542715000018,-619.3314072500018,-365.0000000000018,169.5542715,"[""ALL"", ""LOW""]"
2023-02-23,2023-02-17 10:00:00+05:30,development,bear_butterfly,-289.08685685,-364.880285275,-137.5,151.58685685,"[""ALL"", ""LOW""]"
2023-02-23,2023-02-17 10:00:00+05:30,development,risk_reversal,23123.5979363,23082.89690445,23205.0,81.40206370000001,"[""ALL"", ""LOW""]"
2023-02-23,2023-02-17 10:00:00+05:30,development,batman,-13279.2039839,-13361.30597585,-13115.0,164.2039839,"[""ALL"", ""LOW""]"
2023-02-23,2023-02-17 10:00:00+05:30,development,jade_lizard,-17690.9094879,-17738.86423185,-17595.0,95.9094879,"[""ALL"", ""LOW""]"
2023-02-23,2023-02-17 10:00:00+05:30,development,reverse_jade_lizard,2583.43929415,2523.908941225,2702.5,119.06070584999998,"[""ALL"", ""LOW""]"
2023-02-23,2023-02-17 10:00:00+05:30,development,long_iron_condor,1365.8378826499982,1295.0068239749983,1507.4999999999982,141.66211735,"[""ALL"", ""LOW""]"
2023-02-23,2023-02-17 10:00:00+05:30,development,long_iron_butterfly,603.0056715500004,528.2585073250004,752.5000000000005,149.49432844999998,"[""ALL"", ""LOW""]"
2023-02-23,2023-02-17 10:00:00+05:30,development,double_plateau,-617.206962549999,-734.5604438249991,-382.4999999999991,234.70696255,"[""ALL"", ""LOW""]"
2023-02-23,2023-02-17 10:00:00+05:30,development,strip,34589.4973677,34531.74605155,34705.0,115.5026323,"[""ALL"", ""LOW""]"
2023-02-23,2023-02-17 10:00:00+05:30,development,strap,8528.2142335,8484.82135025,8615.0,86.7857665,"[""ALL"", ""LOW""]"
2023-02-23,2023-02-17 10:00:00+05:30,development,long_synthetic_future,-26171.1021496,-26206.6532244,-26100.0,71.10214959999999,"[""ALL"", ""LOW""]"
2023-02-23,2023-02-17 10:00:00+05:30,development,short_synthetic_future,25993.3743004,25950.0614506,26080.0,86.62569959999999,"[""ALL"", ""LOW""]"
2023-03-02,2023-02-24 10:00:00+05:30,development,buy_call,-5634.58786025,-5648.131790375,-5607.5,27.087860250000002,"[""ALL"", ""LOW""]"
2023-03-02,2023-02-24 10:00:00+05:30,development,sell_put,-6039.750376950001,-6058.375565425001,-6002.500000000001,37.25037695,"[""ALL"", ""LOW""]"
2023-03-02,2023-02-24 10:00:00+05:30,development,bull_condor,-495.32191519999935,-547.9828727999993,-389.9999999999993,105.3219152,"[""ALL"", ""LOW""]"
2023-03-02,2023-02-24 10:00:00+05:30,development,bull_butterfly,-300.6811110499991,-342.27166657499913,-217.4999999999991,83.18111105000001,"[""ALL"", ""LOW""]"
2023-03-02,2023-02-24 10:00:00+05:30,development,range_forward,-8980.7058812,-9011.0588218,-8920.0,60.7058812,"[""ALL"", ""LOW""]"
2023-03-02,2023-02-24 10:00:00+05:30,development,buy_put,5951.68111055,5931.271665825,5992.5,40.81888944999999,"[""ALL"", ""LOW""]"
2023-03-02,2023-02-24 10:00:00+05:30,development,sell_call,5567.07865225,5551.867978375,5597.5,30.421347750000006,"[""ALL"", ""LOW""]"
2023-03-02,2023-02-24 10:00:00+05:30,development,bear_condor,-504.68607120000036,-567.0291068000004,-380.00000000000034,124.6860712,"[""ALL"", ""LOW""]"
2023-03-02,2023-02-24 10:00:00+05:30,development,bear_butterfly,-384.4662598500016,-437.9493897750016,-277.5000000000016,106.96625985,"[""ALL"", ""LOW""]"
2023-03-02,2023-02-24 10:00:00+05:30,development,risk_reversal,8833.9926688,8800.9890032,8900.0,66.00733120000001,"[""ALL"", ""LOW""]"
2023-03-02,2023-02-24 10:00:00+05:30,development,batman,640.002638299999,572.503957449999,774.9999999999991,134.99736170000003,"[""ALL"", ""LOW""]"
2023-03-02,2023-02-24 10:00:00+05:30,development,jade_lizard,-3581.48665695,-3625.979985425,-3492.5,88.98665695,"[""ALL"", ""LOW""]"
2023-03-02,2023-02-24 10:00:00+05:30,development,reverse_jade_lizard,2745.65726055,2697.235890825,2842.5,96.84273944999998,"[""ALL"", ""LOW""]"
2023-03-02,2023-02-24 10:00:00+05:30,development,long_iron_condor,1265.7005471000004,1206.0508206500003,1385.0000000000005,119.29945290000002,"[""ALL"", ""LOW""]"
2023-03-02,2023-02-24 10:00:00+05:30,development,long_iron_butterfly,577.6944412999995,514.0416619499996,704.9999999999995,127.30555869999999,"[""ALL"", ""LOW""]"
2023-03-02,2023-02-24 10:00:00+05:30,development,double_plateau,-685.147370900001,-780.2210563500009,-495.0000000000009,190.14737090000006,"[""ALL"", ""LOW""]"
2023-03-02,2023-02-24 10:00:00+05:30,development,strip,6292.37436085,6249.811541275,6377.5,85.12563914999998,"[""ALL"", ""LOW""]"
2023-03-02,2023-02-24 10:00:00+05:30,development,strap,-5293.89460995,-5329.591914925,-5222.5,71.39460995,"[""ALL"", ""LOW""]"
2023-03-02,2023-02-24 10:00:00+05:30,development,long_synthetic_future,-11674.3382372,-11706.5073558,-11610.0,64.3382372,"[""ALL"", ""LOW""]"
2023-03-02,2023-02-24 10:00:00+05:30,development,short_synthetic_future,11518.7597628,11483.1396442,11590.0,71.2402372,"[""ALL"", ""LOW""]"
2023-03-09,2023-03-02 10:00:00+05:30,development,buy_call,5345.280968449998,5324.171452674998,5387.499999999998,42.21903155000001,"[""ALL"", ""LOW""]"
2023-03-09,2023-03-02 10:00:00+05:30,development,sell_put,5022.746063750001,5007.869095625001,5052.500000000001,29.753936250000002,"[""ALL"", ""LOW""]"
2023-03-09,2023-03-02 10:00:00+05:30,development,bull_condor,-488.7388066000009,-553.1082099000008,-360.00000000000085,128.7388066,"[""ALL"", ""LOW""]"
2023-03-09,2023-03-02 10:00:00+05:30,development,bull_butterfly,-278.9132422500025,-334.61986337500247,-167.5000000000025,111.41324224999998,"[""ALL"", ""LOW""]"
2023-03-09,2023-03-02 10:00:00+05:30,development,range_forward,8253.09955,8219.649325,8320.0,66.90044999999999,"[""ALL"", ""LOW""]"
2023-03-09,2023-03-02 10:00:00+05:30,development,buy_put,-5089.24472375,-5102.617085625,-5062.5,26.744723750000002,"[""ALL"", ""LOW""]"
2023-03-09,2023-03-02 10:00:00+05:30,development,sell_call,-5436.5104940500005,-5456.015741075001,-5397.500000000001,39.01049405000001,"[""ALL"", ""LOW""]"
2023-03-09,2023-03-02 10:00:00+05:30,development,bear_condor,-467.7175581499993,-520.3263372249993,-362.4999999999993,105.21755815,"[""ALL"", ""LOW""]"
2023-03-09,2023-03-02 10:00:00+05:30,development,bear_butterfly,-270.25825644999907,-311.6373846749991,-187.4999999999991,82.75825645,"[""ALL"", ""LOW""]"
2023-03-09,2023-03-02 10:00:00+05:30,development,risk_reversal,-8401.9441,-8432.916150000001,-8340.0,61.9441,"[""ALL"", ""LOW""]"
2023-03-09,2023-03-02 10:00:00+05:30,development,batman,651.9573449999982,582.9360174999981,789.9999999999982,138.042655,"[""ALL"", ""LOW""]"
2023-03-09,2023-03-02 10:00:00+05:30,development,jade_lizard,2603.5446059500005,2554.0669089250005,2702.5000000000005,98.95539405000001,"[""ALL"", ""LOW""]"
2023-03-09,2023-03-02 10:00:00+05:30,development,reverse_jade_lizard,-3517.4706084499994,-3562.4559126749996,-3427.4999999999995,89.97060845,"[""ALL"", ""LOW""]"
2023-03-09,2023-03-02 10:00:00+05:30,development,long_iron_condor,1183.7170312999995,1123.0755469499995,1304.9999999999995,121.2829687,"[""ALL"", ""LOW""]"
2023-03-09,2023-03-02 10:00:00+05:30,development,long_iron_butterfly,500.6543171999977,435.9814757999977,629.9999999999977,129.34568280000002,"[""ALL"", ""LOW""]"
2023-03-09,2023-03-02 10:00:00+05:30,development,double_plateau,-549.1714987000016,-646.2572480500016,-355.0000000000016,194.1714987,"[""ALL"", ""LOW""]"
2023-03-09,2023-03-02 10:00:00+05:30,development,strip,-4809.608479050002,-4845.662718575002,-4737.500000000002,72.10847904999999,"[""ALL"", ""LOW""]"
2023-03-09,2023-03-02 10:00:00+05:30,development,strap,5624.917213149996,5581.125819724996,5712.499999999996,87.58278685,"[""ALL"", ""LOW""]"
2023-03-09,2023-03-02 10:00:00+05:30,development,long_synthetic_future,10368.0270322,10332.0405483,10440.0,71.9729678,"[""ALL"", ""LOW""]"
2023-03-09,2023-03-02 10:00:00+05:30,development,short_synthetic_future,-10525.7552178,-10558.6328267,-10460.0,65.7552178,"[""ALL"", ""LOW""]"
2023-03-16,2023-03-10 10:00:00+05:30,development,buy_call,-4849.09564055,-4862.393460825,-4822.5,26.595640550000002,"[""ALL"", ""LOW""]"
2023-03-16,2023-03-10 10:00:00+05:30,development,sell_put,-14906.11299755,-14927.919496325,-14862.5,43.612997549999996,"[""ALL"", ""LOW""]"
2023-03-16,2023-03-10 10:00:00+05:30,development,bull_condor,-533.252172,-584.878258,-430.0,103.25217199999999,"[""ALL"", ""LOW""]"
2023-03-16,2023-03-10 10:00:00+05:30,development,bull_butterfly,-330.89541259999976,-371.3431188999998,-249.99999999999977,80.89541259999999,"[""ALL"", ""LOW""]"
2023-03-16,2023-03-10 10:00:00+05:30,development,range_forward,-17261.5719029,-17294.85785435,-17195.0,66.5719029,"[""ALL"", ""LOW""]"
2023-03-16,2023-03-10 10:00:00+05:30,development,buy_put,14800.04678995,14773.820184925,14852.5,52.45321005,"[""ALL"", ""LOW""]"
2023-03-16,2023-03-10 10:00:00+05:30,development,sell_call,4783.037946950001,4768.3069204250005,4812.500000000001,29.462053050000005,"[""ALL"", ""LOW""]"
2023-03-16,2023-03-10 10:00:00+05:30,development,bear_condor,-425.1032439000018,-505.1548658500018,-265.0000000000018,160.1032439,"[""ALL"", ""LOW""]"
2023-03-16,2023-03-10 10:00:00+05:30,development,bear_butterfly,-199.96519745000546,-271.19779617500546,-57.50000000000546,142.46519745,"[""ALL"", ""LOW""]"
2023-03-16,2023-03-10 10:00:00+05:30,development,risk_reversal,17098.2030221,17059.80453315,17175.0,76.7969779,"[""ALL"", ""LOW""]"
2023-03-16,2023-03-10 10:00:00+05:30,development,batman,-8757.026439400004,-8835.539659100004,-8600.000000000004,157.0264394,"[""ALL"", ""LOW""]"
2023-03-16,2023-03-10 10:00:00+05:30,development,jade_lizard,-12661.54050365,-12708.560755475,-12567.5,94.04050365,"[""ALL"", ""LOW""]"
2023-03-16,2023-03-10 10:00:00+05:30,development,reverse_jade_lizard,1933.7466108499982,1876.869916274998,2047.4999999999982,113.75338915,"[""ALL"", ""LOW""]"
2023-03-16,2023-03-10 10:00:00+05:30,development,long_iron_condor,1391.49100145,1323.486502175,1527.5,136.00899855,"[""ALL"", ""LOW""]"
2023-03-16,2023-03-10 10:00:00+05:30,development,long_iron_butterfly,666.1453373999982,594.2180060999982,809.9999999999982,143.85466259999998,"[""ALL"", ""LOW""]"
2023-03-16,2023-03-10 10:00:00+05:30,development,double_plateau,-530.8606100500052,-642.5409150750052,-307.50000000000523,223.36061005,"[""ALL"", ""LOW""]"
2023-03-16,2023-03-10 10:00:00+05:30,development,strip,24774.59793935,24720.646909025,24882.5,107.90206065,"[""ALL"", ""LOW""]"
2023-03-16,2023-03-10 10:00:00+05:30,development,strap,5125.45550885,5084.433263275,5207.5,82.04449115,"[""ALL"", ""LOW""]"
2023-03-16,2023-03-10 10:00:00+05:30,development,long_synthetic_future,-19755.2086381,-19790.31295715,-19685.0,70.2086381,"[""ALL"", ""LOW""]"
2023-03-16,2023-03-10 10:00:00+05:30,development,short_synthetic_future,19583.0847369,19542.12710535,19665.0,81.9152631,"[""ALL"", ""LOW""]"
2023-03-23,2023-03-17 10:00:00+05:30,development,buy_call,-5852.16969615,-5867.004544225,-5822.5,29.66969615,"[""ALL"", ""NORMAL""]"
2023-03-23,2023-03-17 10:00:00+05:30,development,sell_put,6123.9052253,6108.35783795,6155.0,31.094774700000002,"[""ALL"", ""NORMAL""]"
2023-03-23,2023-03-17 10:00:00+05:30,development,bull_condor,-437.3902716499986,-492.33540747499865,-327.49999999999864,109.89027165,"[""ALL"", ""NORMAL""]"
2023-03-23,2023-03-17 10:00:00+05:30,development,bull_butterfly,-240.55567234999774,-284.5835085249977,-152.49999999999773,88.05567235,"[""ALL"", ""NORMAL""]"
2023-03-23,2023-03-17 10:00:00+05:30,development,range_forward,-754.56811665,-783.102174975,-697.5,57.06811664999999,"[""ALL"", ""NORMAL""]"
2023-03-23,2023-03-17 10:00:00+05:30,development,buy_put,-6192.4295747,-6206.14436205,-6165.0,27.4295747,"[""ALL"", ""NORMAL""]"
2023-03-23,2023-03-17 10:00:00+05:30,development,sell_call,5779.368891349999,5762.803337024999,5812.499999999999,33.131108649999994,"[""ALL"", ""NORMAL""]"
2023-03-23,2023-03-17 10:00:00+05:30,development,bear_condor,-386.32569764999954,-440.73854647499957,-277.49999999999955,108.82569765,"[""ALL"", ""NORMAL""]"
2023-03-23,2023-03-17 10:00:00+05:30,development,bear_butterfly,-219.03661355000003,-262.304920325,-132.5,86.53661355000001,"[""ALL"", ""NORMAL""]"
2023-03-23,2023-03-17 10:00:00+05:30,development,risk_reversal,620.02282085,591.284231275,677.5,57.47717915,"[""ALL"", ""NORMAL""]"
2023-03-23,2023-03-17 10:00:00+05:30,development,batman,6749.553809950002,6688.080714925002,6872.500000000002,122.94619004999998,"[""ALL"", ""NORMAL""]"
2023-03-23,2023-03-17 10:00:00+05:30,development,jade_lizard,6185.46347935,6141.945219025,6272.5,87.03652065000001,"[""ALL"", ""NORMAL""]"
2023-03-23,2023-03-17 10:00:00+05:30,development,reverse_jade_lizard,6595.71816315,6552.327244725,6682.5,86.78183684999999,"[""ALL"", ""NORMAL""]"
2023-03-23,2023-03-17 10:00:00+05:30,development,long_iron_condor,-3939.9116499999996,-3994.8674749999996,-3829.9999999999995,109.91164999999998,"[""ALL"", ""NORMAL""]"
2023-03-23,2023-03-17 10:00:00+05:30,development,long_iron_butterfly,-3182.665970049999,-3240.2489550749992,-3067.499999999999,115.16597005,"[""ALL"", ""NORMAL""]"
2023-03-23,2023-03-17 10:00:00+05:30,development,double_plateau,-459.5922858999977,-546.8884288499978,-284.9999999999977,174.59228589999998,"[""ALL"", ""NORMAL""]"
2023-03-23,2023-03-17 10:00:00+05:30,development,strip,-18213.42884555,-18243.893268325,-18152.5,60.92884555,"[""ALL"", ""NORMAL""]"
2023-03-23,2023-03-17 10:00:00+05:30,development,strap,-17873.168967,-17904.7534505,-17810.0,63.168967,"[""ALL"", ""NORMAL""]"
2023-03-23,2023-03-17 10:00:00+05:30,development,long_synthetic_future,271.73552915,241.35329372500001,332.5,60.764470849999995,"[""ALL"", ""NORMAL""]"
2023-03-23,2023-03-17 10:00:00+05:30,development,short_synthetic_future,-413.0606833500009,-443.34102502500093,-352.5000000000009,60.56068334999999,"[""ALL"", ""NORMAL""]"
2023-03-29,2023-03-23 10:00:00+05:30,development,buy_call,-6595.197973250001,-6609.0469598750005,-6567.500000000001,27.697973249999997,"[""ALL"", ""LOW""]"
2023-03-29,2023-03-23 10:00:00+05:30,development,sell_put,2364.62234945,2348.183524175,2397.5,32.87765055,"[""ALL"", ""LOW""]"
2023-03-29,2023-03-23 10:00:00+05:30,development,bull_condor,-495.4202266499991,-549.3803399749991,-387.4999999999991,107.92022665,"[""ALL"", ""LOW""]"
2023-03-29,2023-03-23 10:00:00+05:30,development,bull_butterfly,-355.9835431999991,-398.97531479999907,-269.9999999999991,85.98354319999999,"[""ALL"", ""LOW""]"
2023-03-29,2023-03-23 10:00:00+05:30,development,range_forward,-1481.9091029000006,-1510.3636543500004,-1425.0000000000005,56.90910289999999,"[""ALL"", ""LOW""]"
2023-03-29,2023-03-23 10:00:00+05:30,development,buy_put,-2438.9481630499995,-2454.6722445749997,-2407.4999999999995,31.448163049999998,"[""ALL"", ""LOW""]"
2023-03-29,2023-03-23 10:00:00+05:30,development,sell_call,6525.897339249999,6510.096008874999,6557.499999999999,31.60266075,"[""ALL"", ""LOW""]"
2023-03-29,2023-03-23 10:00:00+05:30,development,bear_condor,586.1215437000013,531.6823155500014,695.0000000000014,108.87845630000001,"[""ALL"", ""LOW""]"
2023-03-29,2023-03-23 10:00:00+05:30,development,bear_butterfly,790.8971748500023,747.5957622750022,877.5000000000023,86.60282515,"[""ALL"", ""LOW""]"
2023-03-29,2023-03-23 10:00:00+05:30,development,risk_reversal,1347.2489721000013,1318.3734581500014,1405.0000000000014,57.75102789999999,"[""ALL"", ""LOW""]"
2023-03-29,2023-03-23 10:00:00+05:30,development,batman,6833.561165100004,6772.8417476500035,6955.000000000004,121.4388349,"[""ALL"", ""LOW""]"
2023-03-29,2023-03-23 10:00:00+05:30,development,jade_lizard,4958.8086709,4915.71300635,5045.0,86.19132909999998,"[""ALL"", ""LOW""]"
2023-03-29,2023-03-23 10:00:00+05:30,development,reverse_jade_lizard,5063.8738948,5020.8108422,5150.0,86.1261052,"[""ALL"", ""LOW""]"
2023-03-29,2023-03-23 10:00:00+05:30,development,long_iron_condor,-2937.02777385,-2991.791660775,-2827.5,109.52777385,"[""ALL"", ""LOW""]"
2023-03-29,2023-03-23 10:00:00+05:30,development,long_iron_butterfly,-1036.1608397999987,-1094.2412596999986,-919.9999999999986,116.16083979999999,"[""ALL"", ""LOW""]"
2023-03-29,2023-03-23 10:00:00+05:30,development,double_plateau,434.9136316500027,348.6204474750027,607.5000000000027,172.58636835000001,"[""ALL"", ""LOW""]"
2023-03-29,2023-03-23 10:00:00+05:30,development,strip,-11449.49429935,-11482.991449025,-11382.5,66.99429935,"[""ALL"", ""LOW""]"
2023-03-29,2023-03-23 10:00:00+05:30,development,strap,-15605.744109550002,-15637.366164325002,-15542.500000000002,63.24410955,"[""ALL"", ""LOW""]"
2023-03-29,2023-03-23 10:00:00+05:30,development,long_synthetic_future,-4230.575623800001,-4260.863435700001,-4170.000000000001,60.5756238,"[""ALL"", ""LOW""]"
2023-03-29,2023-03-23 10:00:00+05:30,development,short_synthetic_future,4086.9491762,4055.4237643,4150.0,63.05082379999999,"[""ALL"", ""LOW""]"
2023-04-06,2023-03-29 10:00:00+05:30,development,buy_call,21847.432147350002,21814.898221025003,21912.500000000004,65.06785265,"[""ALL"", ""LOW""]"
2023-04-06,2023-03-29 10:00:00+05:30,development,sell_put,5327.37053545,5312.305803175,5357.5,30.12946455,"[""ALL"", ""LOW""]"
2023-04-06,2023-03-29 10:00:00+05:30,development,bull_condor,-579.4160958,-679.1241437,-380.0,199.4160958,"[""ALL"", ""LOW""]"
2023-04-06,2023-03-29 10:00:00+05:30,development,bull_butterfly,-617.4417897000036,-708.6626845500036,-435.00000000000364,182.4417897,"[""ALL"", ""LOW""]"
2023-04-06,2023-03-29 10:00:00+05:30,development,range_forward,25207.31064905,25162.215973575,25297.5,90.18935095,"[""ALL"", ""LOW""]"
2023-04-06,2023-03-29 10:00:00+05:30,development,buy_put,-5394.43877705,-5407.908165575,-5367.5,26.93877705,"[""ALL"", ""LOW""]"
2023-04-06,2023-03-29 10:00:00+05:30,development,sell_call,-21974.52694015,-22000.540410225,-21922.5,52.02694015000001,"[""ALL"", ""LOW""]"
2023-04-06,2023-03-29 10:00:00+05:30,development,bear_condor,-366.84885179999907,-420.2732776999991,-259.9999999999991,106.84885179999999,"[""ALL"", ""LOW""]"
2023-04-06,2023-03-29 10:00:00+05:30,development,bear_butterfly,-274.34912579999815,-316.52368869999816,-189.99999999999818,84.34912579999998,"[""ALL"", ""LOW""]"
2023-04-06,2023-03-29 10:00:00+05:30,development,risk_reversal,-25392.631388449998,-25430.197082674997,-25317.499999999996,75.13138845,"[""ALL"", ""LOW""]"
2023-04-06,2023-03-29 10:00:00+05:30,development,batman,-16015.299452649999,-16109.199178974999,-15827.499999999998,187.79945265000003,"[""ALL"", ""LOW""]"
2023-04-06,2023-03-29 10:00:00+05:30,development,jade_lizard,3197.285210750004,3129.6778161250036,3332.5000000000036,135.21478924999997,"[""ALL"", ""LOW""]"
2023-04-06,2023-03-29 10:00:00+05:30,development,reverse_jade_lizard,-20186.151169749995,-20237.976754624997,-20082.499999999996,103.65116975000002,"[""ALL"", ""LOW""]"
2023-04-06,2023-03-29 10:00:00+05:30,development,long_iron_condor,1022.5168862,943.7753293,1180.0,157.4831138,"[""ALL"", ""LOW""]"
2023-04-06,2023-03-29 10:00:00+05:30,development,long_iron_butterfly,264.26518820000365,181.39778230000366,430.00000000000364,165.73481180000002,"[""ALL"", ""LOW""]"
2023-04-06,2023-03-29 10:00:00+05:30,development,double_plateau,-891.7909155000036,-1025.1863732500037,-625.0000000000036,266.7909155,"[""ALL"", ""LOW""]"
2023-04-06,2023-03-29 10:00:00+05:30,development,strip,11082.154593250003,11034.481889875004,11177.500000000004,95.34540675,"[""ALL"", ""LOW""]"
2023-04-06,2023-03-29 10:00:00+05:30,development,strap,38324.02551765001,38257.28827647501,38457.50000000001,133.47448235,"[""ALL"", ""LOW""]"
2023-04-06,2023-03-29 10:00:00+05:30,development,long_synthetic_future,27174.802682800004,27127.204024200004,27270.000000000004,95.19731720000001,"[""ALL"", ""LOW""]"
2023-04-06,2023-03-29 10:00:00+05:30,development,short_synthetic_future,-27368.9657172,-27408.4485758,-27290.0,78.9657172,"[""ALL"", ""LOW""]"
2023-04-13,2023-04-06 10:00:00+05:30,development,buy_call,9241.6421325,9219.96319875,9285.0,43.3578675,"[""ALL"", ""LOW""]"
2023-04-13,2023-04-06 10:00:00+05:30,development,sell_put,6041.50556015,6026.008340225,6072.5,30.994439850000003,"[""ALL"", ""LOW""]"
2023-04-13,2023-04-06 10:00:00+05:30,development,bull_condor,-523.2800909500022,-588.6701364250023,-392.5000000000023,130.78009095,"[""ALL"", ""LOW""]"
2023-04-13,2023-04-06 10:00:00+05:30,development,bull_butterfly,-335.55050375000275,-392.0757556250027,-222.50000000000273,113.05050375000002,"[""ALL"", ""LOW""]"
2023-04-13,2023-04-06 10:00:00+05:30,development,range_forward,12743.29152715,12708.687290725,12812.5,69.20847285,"[""ALL"", ""LOW""]"
2023-04-13,2023-04-06 10:00:00+05:30,development,buy_put,-6109.87832735,-6123.567491025,-6082.5,27.378327350000003,"[""ALL"", ""LOW""]"
2023-04-13,2023-04-06 10:00:00+05:30,development,sell_call,-9332.830317499998,-9351.745476249998,-9294.999999999998,37.8303175,"[""ALL"", ""LOW""]"
2023-04-13,2023-04-06 10:00:00+05:30,development,bear_condor,-457.4192187999991,-511.128828199999,-349.9999999999991,107.41921880000001,"[""ALL"", ""LOW""]"
2023-04-13,2023-04-06 10:00:00+05:30,development,bear_butterfly,-300.2236210999991,-342.8354316499991,-214.9999999999991,85.2236211,"[""ALL"", ""LOW""]"
2023-04-13,2023-04-06 10:00:00+05:30,development,risk_reversal,-12894.07908535,-12924.868628025,-12832.5,61.57908535,"[""ALL"", ""LOW""]"
2023-04-13,2023-04-06 10:00:00+05:30,development,batman,-2057.7757078500026,-2127.9135617750026,-1917.5000000000027,140.27570784999997,"[""ALL"", ""LOW""]"
2023-04-13,2023-04-06 10:00:00+05:30,development,jade_lizard,3199.4727528000008,3149.209129200001,3300.000000000001,100.5272472,"[""ALL"", ""LOW""]"
2023-04-13,2023-04-06 10:00:00+05:30,development,reverse_jade_lizard,-7025.509553499998,-7070.764330249998,-6934.999999999998,90.5095535,"[""ALL"", ""LOW""]"
2023-04-13,2023-04-06 10:00:00+05:30,development,long_iron_condor,1399.09218515,1337.388277725,1522.5,123.40781485000001,"[""ALL"", ""LOW""]"
2023-04-13,2023-04-06 10:00:00+05:30,development,long_iron_butterfly,601.1739251499991,535.5108877249991,732.4999999999991,131.32607485,"[""ALL"", ""LOW""]"
2023-04-13,2023-04-06 10:00:00+05:30,development,double_plateau,-635.7741248500018,-734.9111872750018,-437.5000000000018,198.27412485000005,"[""ALL"", ""LOW""]"
2023-04-13,2023-04-06 10:00:00+05:30,development,strip,-2954.5145222,-2991.7717833,-2880.0,74.5145222,"[""ALL"", ""LOW""]"
2023-04-13,2023-04-06 10:00:00+05:30,development,strap,12397.00593765,12351.758906475,12487.5,90.49406235,"[""ALL"", ""LOW""]"
2023-04-13,2023-04-06 10:00:00+05:30,development,long_synthetic_future,15283.14769265,15245.971538975,15357.5,74.35230735,"[""ALL"", ""LOW""]"
2023-04-13,2023-04-06 10:00:00+05:30,development,short_synthetic_future,-15442.708644849998,-15475.312967274998,-15377.499999999998,65.20864485,"[""ALL"", ""LOW""]"
2023-04-20,2023-04-13 10:00:00+05:30,development,buy_call,-5517.0102782,-5530.5154173,-5490.0,27.010278200000002,"[""ALL"", ""LOW""]"
2023-04-20,2023-04-13 10:00:00+05:30,development,sell_put,-4154.7167658,-4172.0751487,-4120.0,34.7167658,"[""ALL"", ""LOW""]"
2023-04-20,2023-04-13 10:00:00+05:30,development,bull_condor,-554.4726598,-606.7089897,-450.0,104.47265979999999,"[""ALL"", ""LOW""]"
2023-04-20,2023-04-13 10:00:00+05:30,development,bull_butterfly,-304.8482181499995,-346.0223272249996,-222.49999999999955,82.34821815000001,"[""ALL"", ""LOW""]"
2023-04-20,2023-04-13 10:00:00+05:30,development,range_forward,-6853.1686227,-6882.25293405,-6795.0,58.1686227,"[""ALL"", ""LOW""]"
2023-04-20,2023-04-13 10:00:00+05:30,development,buy_put,4072.834809199999,4054.252213799999,4109.999999999999,37.165190800000005,"[""ALL"", ""LOW""]"
2023-04-20,2023-04-13 10:00:00+05:30,development,sell_call,5449.7261468,5434.5892201999995,5480.0,30.273853200000005,"[""ALL"", ""LOW""]"
2023-04-20,2023-04-13 10:00:00+05:30,development,bear_condor,785.3831138000014,728.0746707000014,900.0000000000014,114.61688620000001,"[""ALL"", ""LOW""]"
2023-04-20,2023-04-13 10:00:00+05:30,development,bear_butterfly,-292.71717564999807,-340.3257634749981,-197.49999999999807,95.21717565,"[""ALL"", ""LOW""]"
2023-04-20,2023-04-13 10:00:00+05:30,development,risk_reversal,6712.7943023,6681.69145345,6775.0,62.2056977,"[""ALL"", ""LOW""]"
2023-04-20,2023-04-13 10:00:00+05:30,development,batman,2613.9355756000014,2550.9033634000016,2740.0000000000014,126.06442440000001,"[""ALL"", ""LOW""]"
2023-04-20,2023-04-13 10:00:00+05:30,development,jade_lizard,-1616.192055,-1659.2880825,-1530.0,86.192055,"[""ALL"", ""LOW""]"
2023-04-20,2023-04-13 10:00:00+05:30,development,reverse_jade_lizard,2409.39364,2364.09046,2500.0,90.60636000000001,"[""ALL"", ""LOW""]"
2023-04-20,2023-04-13 10:00:00+05:30,development,long_iron_condor,1426.9106454000005,1370.3659681000004,1540.0000000000005,113.08935460000001,"[""ALL"", ""LOW""]"
2023-04-20,2023-04-13 10:00:00+05:30,development,long_iron_butterfly,669.0493864,608.5740796,790.0,120.9506136,"[""ALL"", ""LOW""]"
2023-04-20,2023-04-13 10:00:00+05:30,development,double_plateau,-597.5653937999978,-686.3480906999978,-419.9999999999977,177.5653938,"[""ALL"", ""LOW""]"
2023-04-20,2023-04-13 10:00:00+05:30,development,strip,2652.2593401999984,2613.389010299998,2729.999999999998,77.74065979999999,"[""ALL"", ""LOW""]"
2023-04-20,2023-04-13 10:00:00+05:30,development,strap,-6937.585747200001,-6971.378620800001,-6870.000000000001,67.5857472,"[""ALL"", ""LOW""]"
2023-04-20,2023-04-13 10:00:00+05:30,development,long_synthetic_future,-9671.727044,-9702.590566,-9610.0,61.72704400000001,"[""ALL"", ""LOW""]"
2023-04-20,2023-04-13 10:00:00+05:30,development,short_synthetic_future,9522.560956,9488.841434,9590.0,67.43904400000001,"[""ALL"", ""LOW""]"
2023-04-27,2023-04-21 10:00:00+05:30,development,buy_call,10351.33302445,10328.249536675,10397.5,46.166975550000004,"[""ALL"", ""LOW""]"
2023-04-27,2023-04-21 10:00:00+05:30,development,sell_put,3497.103778700001,3483.1556680500007,3525.000000000001,27.896221300000004,"[""ALL"", ""LOW""]"
2023-04-27,2023-04-21 10:00:00+05:30,development,bull_condor,-533.4250615000009,-602.6375922500009,-395.0000000000009,138.4250615,"[""ALL"", ""LOW""]"
2023-04-27,2023-04-21 10:00:00+05:30,development,bull_butterfly,-308.33294905000275,-368.74942357500277,-187.50000000000273,120.83294905,"[""ALL"", ""LOW""]"
2023-04-27,2023-04-21 10:00:00+05:30,development,range_forward,11910.9036906,11876.3555359,11980.0,69.0963094,"[""ALL"", ""LOW""]"
2023-04-27,2023-04-21 10:00:00+05:30,development,buy_put,-3560.7958713,-3573.69380695,-3535.0,25.7958713,"[""ALL"", ""LOW""]"
2023-04-27,2023-04-21 10:00:00+05:30,development,sell_call,-10447.47748805,-10467.466232075,-10407.5,39.97748805,"[""ALL"", ""LOW""]"
2023-04-27,2023-04-21 10:00:00+05:30,development,bear_condor,-415.8748495,-466.31227425,-315.0,100.87484949999998,"[""ALL"", ""LOW""]"
2023-04-27,2023-04-21 10:00:00+05:30,development,bear_butterfly,-235.67378144999998,-274.760672175,-157.5,78.17378144999998,"[""ALL"", ""LOW""]"
2023-04-27,2023-04-21 10:00:00+05:30,development,risk_reversal,-12061.9622594,-12092.9433891,-12000.0,61.96225940000001,"[""ALL"", ""LOW""]"
2023-04-27,2023-04-21 10:00:00+05:30,development,batman,-5364.6982425000015,-5434.547363750002,-5225.000000000002,139.6982425,"[""ALL"", ""LOW""]"
2023-04-27,2023-04-21 10:00:00+05:30,development,jade_lizard,1125.5659288499992,1074.598893274999,1227.499999999999,101.93407115,"[""ALL"", ""LOW""]"
2023-04-27,2023-04-21 10:00:00+05:30,development,reverse_jade_lizard,-8753.3780017,-8797.56700255,-8665.0,88.3780017,"[""ALL"", ""LOW""]"
2023-04-27,2023-04-21 10:00:00+05:30,development,long_iron_condor,1636.0874526,1574.1311789,1760.0,123.9125474,"[""ALL"", ""LOW""]"
2023-04-27,2023-04-21 10:00:00+05:30,development,long_iron_butterfly,788.3448365999991,722.5172548999991,919.9999999999991,131.6551634,"[""ALL"", ""LOW""]"
2023-04-27,2023-04-21 10:00:00+05:30,development,double_plateau,-544.0067305000027,-643.5100957500028,-345.00000000000273,199.0067305,"[""ALL"", ""LOW""]"
2023-04-27,2023-04-21 10:00:00+05:30,development,strip,3253.34128185,3216.261922775,3327.5,74.15871815,"[""ALL"", ""LOW""]"
2023-04-27,2023-04-21 10:00:00+05:30,development,strap,17165.4701776,17118.2052664,17260.0,94.5298224,"[""ALL"", ""LOW""]"
2023-04-27,2023-04-21 10:00:00+05:30,development,long_synthetic_future,13848.43680315,13811.405204725,13922.5,74.06319685,"[""ALL"", ""LOW""]"
2023-04-27,2023-04-21 10:00:00+05:30,development,short_synthetic_future,-14008.27335935,-14041.160039025,-13942.5,65.77335935,"[""ALL"", ""LOW""]"
2023-05-04,2023-04-27 10:00:00+05:30,development,buy_call,14843.450529499998,14817.675794249999,14894.999999999998,51.5494705,"[""ALL"", ""LOW""]"
2023-05-04,2023-04-27 10:00:00+05:30,development,sell_put,4378.53049985,4364.045749775,4407.5,28.969500150000002,"[""ALL"", ""LOW""]"
2023-05-04,2023-04-27 10:00:00+05:30,development,bull_condor,-630.3279405000036,-707.9919107500036,-475.00000000000364,155.32794049999998,"[""ALL"", ""LOW""]"
2023-05-04,2023-04-27 10:00:00+05:30,development,bull_butterfly,-415.30634745000543,-484.2095211750054,-277.50000000000546,137.80634745,"[""ALL"", ""LOW""]"
2023-05-04,2023-04-27 10:00:00+05:30,development,range_forward,17079.5134977,17041.77024655,17155.0,75.48650230000001,"[""ALL"", ""LOW""]"
2023-05-04,2023-04-27 10:00:00+05:30,development,buy_put,-4443.84406265,-4457.016093975,-4417.5,26.34406265,"[""ALL"", ""LOW""]"
2023-05-04,2023-04-27 10:00:00+05:30,development,sell_call,-14947.683970500002,-14969.025955750001,-14905.000000000002,42.683970499999994,"[""ALL"", ""LOW""]"
2023-05-04,2023-04-27 10:00:00+05:30,development,bear_condor,-420.86143185000003,-472.542147775,-317.5,103.36143185,"[""ALL"", ""LOW""]"
2023-05-04,2023-04-27 10:00:00+05:30,development,bear_butterfly,-240.79357239999996,-281.1903586,-160.0,80.79357239999997,"[""ALL"", ""LOW""]"
2023-05-04,2023-04-27 10:00:00+05:30,development,risk_reversal,-17240.2733273,-17272.90999095,-17175.0,65.2733273,"[""ALL"", ""LOW""]"
2023-05-04,2023-04-27 10:00:00+05:30,development,batman,-9238.285519700004,-9314.928279550004,-9085.000000000004,153.2855197,"[""ALL"", ""LOW""]"
2023-05-04,2023-04-27 10:00:00+05:30,development,jade_lizard,1958.6767158,1903.0150737,2070.0,111.32328420000002,"[""ALL"", ""LOW""]"
2023-05-04,2023-04-27 10:00:00+05:30,development,reverse_jade_lizard,-13070.10022285,-13116.400334275,-12977.5,92.60022285000002,"[""ALL"", ""LOW""]"
2023-05-04,2023-04-27 10:00:00+05:30,development,long_iron_condor,1458.90157255,1392.102358825,1592.5,133.59842745,"[""ALL"", ""LOW""]"
2023-05-04,2023-04-27 10:00:00+05:30,development,long_iron_butterfly,663.5813268999964,592.8719903499964,804.9999999999964,141.41867309999998,"[""ALL"", ""LOW""]"
2023-05-04,2023-04-27 10:00:00+05:30,development,double_plateau,-656.0999198500054,-765.3998797750055,-437.50000000000546,218.59991985000002,"[""ALL"", ""LOW""]"
2023-05-04,2023-04-27 10:00:00+05:30,development,strip,5979.362404199998,5939.043606299998,6059.999999999998,80.6375958,"[""ALL"", ""LOW""]"
2023-05-04,2023-04-27 10:00:00+05:30,development,strap,25266.656996349997,25213.735494524997,25372.499999999996,105.84300365000001,"[""ALL"", ""LOW""]"
2023-05-04,2023-04-27 10:00:00+05:30,development,long_synthetic_future,19221.98102935,19181.721544025,19302.5,80.51897065,"[""ALL"", ""LOW""]"
2023-05-04,2023-04-27 10:00:00+05:30,development,short_synthetic_future,-19391.52803315,-19426.042049725,-19322.5,69.02803315,"[""ALL"", ""LOW""]"
2023-05-11,2023-05-05 10:00:00+05:30,development,buy_call,402.7819843000001,386.67297645000014,435.0000000000001,32.218015699999995,"[""ALL"", ""LOW""]"
2023-05-11,2023-05-05 10:00:00+05:30,development,sell_put,3796.738924700001,3782.608387050001,3825.000000000001,28.2610753,"[""ALL"", ""LOW""]"
2023-05-11,2023-05-05 10:00:00+05:30,development,bull_condor,1770.7681129,1718.65216935,1875.0,104.2318871,"[""ALL"", ""LOW""]"
2023-05-11,2023-05-05 10:00:00+05:30,development,bull_butterfly,2015.64208565,1974.713128475,2097.5,81.85791435,"[""ALL"", ""LOW""]"
2023-05-11,2023-05-05 10:00:00+05:30,development,range_forward,1939.5401029000002,1911.8101543500002,1995.0000000000002,55.4598971,"[""ALL"", ""LOW""]"
2023-05-11,2023-05-05 10:00:00+05:30,development,buy_put,-3860.9822253,-3873.97333795,-3835.0,25.9822253,"[""ALL"", ""LOW""]"
2023-05-11,2023-05-05 10:00:00+05:30,development,sell_call,-476.9562156999995,-492.93432354999953,-444.99999999999955,31.956215699999998,"[""ALL"", ""LOW""]"
2023-05-11,2023-05-05 10:00:00+05:30,development,bear_condor,-483.6005151500002,-534.1507727250003,-382.5000000000002,101.10051514999999,"[""ALL"", ""LOW""]"
2023-05-11,2023-05-05 10:00:00+05:30,development,bear_butterfly,-290.95598995,-330.183984925,-212.5,78.45598995000002,"[""ALL"", ""LOW""]"
2023-05-11,2023-05-05 10:00:00+05:30,development,risk_reversal,-2069.2669220999996,-2096.40038315,-2014.9999999999998,54.266922099999995,"[""ALL"", ""LOW""]"
2023-05-11,2023-05-05 10:00:00+05:30,development,batman,4698.7030472,4643.0545708,4810.0,111.2969528,"[""ALL"", ""LOW""]"
2023-05-11,2023-05-05 10:00:00+05:30,development,jade_lizard,1346.5947282500006,1306.1420923750004,1427.5000000000005,80.90527175,"[""ALL"", ""LOW""]"
2023-05-11,2023-05-05 10:00:00+05:30,development,reverse_jade_lizard,1486.68169345,1446.272540175,1567.5,80.81830654999999,"[""ALL"", ""LOW""]"
2023-05-11,2023-05-05 10:00:00+05:30,development,long_iron_condor,-839.5348611000002,-891.8022916500003,-735.0000000000002,104.53486109999999,"[""ALL"", ""LOW""]"
2023-05-11,2023-05-05 10:00:00+05:30,development,long_iron_butterfly,714.4430249,659.16453735,825.0,110.55697509999999,"[""ALL"", ""LOW""]"
2023-05-11,2023-05-05 10:00:00+05:30,development,double_plateau,1724.6860957,1644.52914355,1885.0,160.31390430000002,"[""ALL"", ""LOW""]"
2023-05-11,2023-05-05 10:00:00+05:30,development,strip,-7295.5824663,-7325.87369945,-7235.0,60.5824663,"[""ALL"", ""LOW""]"
2023-05-11,2023-05-05 10:00:00+05:30,development,strap,-3031.8182567,-3065.22738505,-2965.0,66.81825669999999,"[""ALL"", ""LOW""]"
2023-05-11,2023-05-05 10:00:00+05:30,development,long_synthetic_future,4199.520909000001,4169.281363500001,4260.000000000001,60.479091000000004,"[""ALL"", ""LOW""]"
2023-05-11,2023-05-05 10:00:00+05:30,development,short_synthetic_future,-4337.938441,-4366.9076615,-4280.0,57.938441000000005,"[""ALL"", ""LOW""]"
2023-05-18,2023-05-12 10:00:00+05:30,development,buy_call,-4411.3238743,-4424.48581145,-4385.0,26.3238743,"[""ALL"", ""LOW""]"
2023-05-18,2023-05-12 10:00:00+05:30,development,sell_put,-968.4686580999994,-985.2029871499994,-934.9999999999994,33.4686581,"[""ALL"", ""LOW""]"
2023-05-18,2023-05-12 10:00:00+05:30,development,bull_condor,-514.44136915,-565.412053725,-412.5,101.94136915000001,"[""ALL"", ""LOW""]"
2023-05-18,2023-05-12 10:00:00+05:30,development,bull_butterfly,-312.0157087499998,-351.7735631249998,-232.49999999999977,79.51570875000002,"[""ALL"", ""LOW""]"
2023-05-18,2023-05-12 10:00:00+05:30,development,range_forward,-2916.1790259999993,-2944.2685389999997,-2859.9999999999995,56.17902600000001,"[""ALL"", ""LOW""]"
2023-05-18,2023-05-12 10:00:00+05:30,development,buy_put,890.9779919,873.96698785,925.0,34.0220081,"[""ALL"", ""LOW""]"
2023-05-18,2023-05-12 10:00:00+05:30,development,sell_call,4346.070025700001,4331.605038550001,4375.000000000001,28.9299743,"[""ALL"", ""LOW""]"
2023-05-18,2023-05-12 10:00:00+05:30,development,bear_condor,2028.268191050001,1973.652286575001,2137.500000000001,109.23180895,"[""ALL"", ""LOW""]"
2023-05-18,2023-05-12 10:00:00+05:30,development,bear_butterfly,1220.0067454500008,1176.2601181750008,1307.500000000001,87.49325454999999,"[""ALL"", ""LOW""]"
2023-05-18,2023-05-12 10:00:00+05:30,development,risk_reversal,2782.1252240000003,2753.1878360000005,2840.0000000000005,57.874776000000004,"[""ALL"", ""LOW""]"
2023-05-18,2023-05-12 10:00:00+05:30,development,batman,4867.619850500001,4808.929775750001,4985.000000000001,117.38014949999999,"[""ALL"", ""LOW""]"
2023-05-18,2023-05-12 10:00:00+05:30,development,jade_lizard,1214.336703250001,1172.755054875001,1297.500000000001,83.16329675,"[""ALL"", ""LOW""]"
2023-05-18,2023-05-12 10:00:00+05:30,development,reverse_jade_lizard,1547.6982517500012,1505.2973776250012,1632.5000000000011,84.80174824999999,"[""ALL"", ""LOW""]"
2023-05-18,2023-05-12 10:00:00+05:30,development,long_iron_condor,127.10817270000001,73.16225904999996,235.0,107.89182729999999,"[""ALL"", ""LOW""]"
2023-05-18,2023-05-12 10:00:00+05:30,development,long_iron_butterfly,745.3352996000004,688.0029494000005,860.0000000000005,114.66470040000002,"[""ALL"", ""LOW""]"
2023-05-18,2023-05-12 10:00:00+05:30,development,double_plateau,907.9910367000011,824.4865550500012,1075.0000000000011,167.00896330000003,"[""ALL"", ""LOW""]"
2023-05-18,2023-05-12 10:00:00+05:30,development,strip,-2605.7678905,-2641.15183575,-2535.0,70.76789050000001,"[""ALL"", ""LOW""]"
2023-05-18,2023-05-12 10:00:00+05:30,development,strap,-7908.0697567,-7939.60463505,-7845.0,63.069756700000006,"[""ALL"", ""LOW""]"
2023-05-18,2023-05-12 10:00:00+05:30,development,long_synthetic_future,-5379.792532399999,-5409.688798599999,-5319.999999999999,59.792532400000006,"[""ALL"", ""LOW""]"
2023-05-18,2023-05-12 10:00:00+05:30,development,short_synthetic_future,5237.048017600001,5205.572026400001,5300.000000000001,62.951982400000006,"[""ALL"", ""LOW""]"
2023-05-25,2023-05-19 10:00:00+05:30,development,buy_call,5879.802118,5859.703177,5920.0,40.197882,"[""ALL"", ""LOW""]"
2023-05-25,2023-05-19 10:00:00+05:30,development,sell_put,4453.43928635,4438.908929525,4482.5,29.060713650000004,"[""ALL"", ""LOW""]"
2023-05-25,2023-05-19 10:00:00+05:30,development,bull_condor,-513.66151135,-574.242267025,-392.49999999999994,121.16151135,"[""ALL"", ""LOW""]"
2023-05-25,2023-05-19 10:00:00+05:30,development,bull_butterfly,-285.98516474999957,-337.7277471249995,-182.49999999999955,103.48516475000002,"[""ALL"", ""LOW""]"
2023-05-25,2023-05-19 10:00:00+05:30,development,range_forward,8105.7945668,8073.6918502,8170.0,64.20543319999999,"[""ALL"", ""LOW""]"
2023-05-25,2023-05-19 10:00:00+05:30,development,buy_put,-4518.89065115,-4532.085976725,-4492.5,26.390651150000004,"[""ALL"", ""LOW""]"
2023-05-25,2023-05-19 10:00:00+05:30,development,sell_call,-5966.672507,-5985.0087605,-5930.0,36.672506999999996,"[""ALL"", ""LOW""]"
2023-05-25,2023-05-19 10:00:00+05:30,development,bear_condor,-447.9375478999998,-499.4063218499998,-344.9999999999998,102.9375479,"[""ALL"", ""LOW""]"
2023-05-25,2023-05-19 10:00:00+05:30,development,bear_butterfly,-255.47216530000003,-295.70824795,-175.0,80.47216530000001,"[""ALL"", ""LOW""]"
2023-05-25,2023-05-19 10:00:00+05:30,development,risk_reversal,-8249.338333200001,-8279.007499800002,-8190.000000000001,59.338333199999994,"[""ALL"", ""LOW""]"
2023-05-25,2023-05-19 10:00:00+05:30,development,batman,-105.00169410000001,-170.00254115,25.0,130.0016941,"[""ALL"", ""LOW""]"
2023-05-25,2023-05-19 10:00:00+05:30,development,jade_lizard,1808.44490695,1761.417360425,1902.5,94.05509305,"[""ALL"", ""LOW""]"
2023-05-25,2023-05-19 10:00:00+05:30,development,reverse_jade_lizard,-4019.1003975500003,-4062.4005963250006,-3932.5000000000005,86.60039755,"[""ALL"", ""LOW""]"
2023-05-25,2023-05-19 10:00:00+05:30,development,long_iron_condor,1551.1596308500002,1492.9894462750003,1667.5000000000002,116.34036914999999,"[""ALL"", ""LOW""]"
2023-05-25,2023-05-19 10:00:00+05:30,development,long_iron_butterfly,663.39216765,601.338251475,787.5,124.10783235,"[""ALL"", ""LOW""]"
2023-05-25,2023-05-19 10:00:00+05:30,development,double_plateau,-541.4573300499995,-633.4359950749995,-357.49999999999955,183.95733004999997,"[""ALL"", ""LOW""]"
2023-05-25,2023-05-19 10:00:00+05:30,development,strip,-3134.3791843,-3169.06877645,-3065.0,69.3791843,"[""ALL"", ""LOW""]"
2023-05-25,2023-05-19 10:00:00+05:30,development,strap,7264.31358485,7222.720377275,7347.5,83.18641515,"[""ALL"", ""LOW""]"
2023-05-25,2023-05-19 10:00:00+05:30,development,long_synthetic_future,10333.24140435,10298.612106525,10402.5,69.25859565,"[""ALL"", ""LOW""]"
2023-05-25,2023-05-19 10:00:00+05:30,development,short_synthetic_future,-10485.56315815,-10517.094737225,-10422.5,63.06315815,"[""ALL"", ""LOW""]"
2023-06-01,2023-05-26 10:00:00+05:30,development,buy_call,-161.69623639999972,-177.54435459999974,-129.99999999999972,31.6962364,"[""ALL"", ""LOW""]"
2023-06-01,2023-05-26 10:00:00+05:30,development,sell_put,4593.26902115,4578.653531725,4622.5,29.23097885,"[""ALL"", ""LOW""]"
2023-06-01,2023-05-26 10:00:00+05:30,development,bull_condor,1316.0412774,1264.0619161,1420.0,103.9587226,"[""ALL"", ""LOW""]"
2023-06-01,2023-05-26 10:00:00+05:30,development,bull_butterfly,1540.89363975,1500.090459625,1622.5,81.60636024999998,"[""ALL"", ""LOW""]"
2023-06-01,2023-05-26 10:00:00+05:30,development,range_forward,2099.1755583000004,2071.2633374500006,2155.0000000000005,55.8244417,"[""ALL"", ""LOW""]"
2023-06-01,2023-05-26 10:00:00+05:30,development,buy_put,-4658.97761635,-4672.216424525,-4632.5,26.477616349999998,"[""ALL"", ""LOW""]"
2023-06-01,2023-05-26 10:00:00+05:30,development,sell_call,88.22938860000028,72.34408290000029,120.00000000000028,31.7706114,"[""ALL"", ""LOW""]"
2023-06-01,2023-05-26 10:00:00+05:30,development,bear_condor,-483.3129809999998,-534.9694714999998,-379.9999999999998,103.31298100000001,"[""ALL"", ""LOW""]"
2023-06-01,2023-05-26 10:00:00+05:30,development,bear_butterfly,-285.8307123,-326.24606845,-205.0,80.8307123,"[""ALL"", ""LOW""]"
2023-06-01,2023-05-26 10:00:00+05:30,development,risk_reversal,-2229.5362666999995,-2256.8044000499995,-2174.9999999999995,54.536266700000006,"[""ALL"", ""LOW""]"
2023-06-01,2023-05-26 10:00:00+05:30,development,batman,4871.9789871,4815.46848065,4985.0,113.0210129,"[""ALL"", ""LOW""]"
2023-06-01,2023-05-26 10:00:00+05:30,development,jade_lizard,2555.835127450001,2515.002691175001,2637.500000000001,81.66487254999998,"[""ALL"", ""LOW""]"
2023-06-01,2023-05-26 10:00:00+05:30,development,reverse_jade_lizard,2138.0757848000007,2097.113677200001,2220.000000000001,81.9242152,"[""ALL"", ""LOW""]"
2023-06-01,2023-05-26 10:00:00+05:30,development,long_iron_condor,-1497.7464513500004,-1550.3696770250003,-1392.5000000000002,105.24645135000003,"[""ALL"", ""LOW""]"
2023-06-01,2023-05-26 10:00:00+05:30,development,long_iron_butterfly,88.57248040000002,32.8587206,200.0,111.42751959999998,"[""ALL"", ""LOW""]"
2023-06-01,2023-05-26 10:00:00+05:30,development,double_plateau,1255.06292745,1173.844391175,1417.5,162.43707254999995,"[""ALL"", ""LOW""]"
2023-06-01,2023-05-26 10:00:00+05:30,development,strip,-9456.0514691,-9486.57720365,-9395.0,61.051469100000006,"[""ALL"", ""LOW""]"
2023-06-01,2023-05-26 10:00:00+05:30,development,strap,-4958.770089149999,-4991.905133724999,-4892.499999999999,66.27008915,"[""ALL"", ""LOW""]"
2023-06-01,2023-05-26 10:00:00+05:30,development,long_synthetic_future,4431.57278475,4401.109177125,4492.5,60.927215249999996,"[""ALL"", ""LOW""]"
2023-06-01,2023-05-26 10:00:00+05:30,development,short_synthetic_future,-4570.74822775,-4599.8723416249995,-4512.5,58.24822775,"[""ALL"", ""LOW""]"
2023-06-08,2023-06-02 10:00:00+05:30,development,buy_call,1372.3767242499996,1354.8150863749995,1407.4999999999995,35.12327575,"[""ALL"", ""LOW""]"
2023-06-08,2023-06-02 10:00:00+05:30,development,sell_put,4313.60955155,4299.164327325,4342.5,28.890448450000004,"[""ALL"", ""LOW""]"
2023-06-08,2023-06-02 10:00:00+05:30,development,bull_condor,1919.7919210000005,1864.6878815000005,2030.0000000000005,110.208079,"[""ALL"", ""LOW""]"
2023-06-08,2023-06-02 10:00:00+05:30,development,bull_butterfly,415.9058325000009,371.3587487500009,505.0000000000009,89.0941675,"[""ALL"", ""LOW""]"
2023-06-08,2023-06-02 10:00:00+05:30,development,range_forward,3481.0488214000006,3451.5732321000005,3540.0000000000005,58.951178600000006,"[""ALL"", ""LOW""]"
2023-06-08,2023-06-02 10:00:00+05:30,development,buy_put,-4378.80368595,-4391.955528925,-4352.5,26.303685950000002,"[""ALL"", ""LOW""]"
2023-06-08,2023-06-02 10:00:00+05:30,development,sell_call,-1451.7828382500004,-1468.9242573750005,-1417.5000000000005,34.28283825,"[""ALL"", ""LOW""]"
2023-06-08,2023-06-02 10:00:00+05:30,development,bear_condor,-505.21603534999997,-556.574053025,-402.5,102.71603535,"[""ALL"", ""LOW""]"
2023-06-08,2023-06-02 10:00:00+05:30,development,bear_butterfly,-307.69242604999977,-347.78863907499976,-227.49999999999977,80.19242604999998,"[""ALL"", ""LOW""]"
2023-06-08,2023-06-02 10:00:00+05:30,development,risk_reversal,-3616.8389285999997,-3645.2583928999993,-3559.9999999999995,56.838928599999996,"[""ALL"", ""LOW""]"
2023-06-08,2023-06-02 10:00:00+05:30,development,batman,4155.396573500001,4095.5948602500007,4275.000000000001,119.60342650000001,"[""ALL"", ""LOW""]"
2023-06-08,2023-06-02 10:00:00+05:30,development,jade_lizard,1858.6239115000012,1815.4358672500011,1945.0000000000011,86.3760885,"[""ALL"", ""LOW""]"
2023-06-08,2023-06-02 10:00:00+05:30,development,reverse_jade_lizard,573.488994850001,531.4834922750009,657.5000000000009,84.01100515,"[""ALL"", ""LOW""]"
2023-06-08,2023-06-02 10:00:00+05:30,development,long_iron_condor,668.49824185,613.997362775,777.5,109.00175815,"[""ALL"", ""LOW""]"
2023-06-08,2023-06-02 10:00:00+05:30,development,long_iron_butterfly,676.14433935,617.966509025,792.5,116.35566064999998,"[""ALL"", ""LOW""]"
2023-06-08,2023-06-02 10:00:00+05:30,development,double_plateau,108.21340645000092,23.57010967500088,277.5000000000009,169.28659355,"[""ALL"", ""LOW""]"
2023-06-08,2023-06-02 10:00:00+05:30,development,strip,-7361.63064765,-7393.695971475,-7297.5,64.13064765,"[""ALL"", ""LOW""]"
2023-06-08,2023-06-02 10:00:00+05:30,development,strap,-1610.450237450001,-1646.9253561750008,-1537.500000000001,72.95023745,"[""ALL"", ""LOW""]"
2023-06-08,2023-06-02 10:00:00+05:30,development,long_synthetic_future,5685.9862758,5653.9794137,5750.0,64.01372420000001,"[""ALL"", ""LOW""]"
2023-06-08,2023-06-02 10:00:00+05:30,development,short_synthetic_future,-5830.5865242,-5860.8797863,-5770.0,60.58652420000001,"[""ALL"", ""LOW""]"
2023-06-15,2023-06-09 10:00:00+05:30,development,buy_call,-3394.162881099999,-3408.744321649999,-3364.999999999999,29.1628811,"[""ALL"", ""LOW""]"
2023-06-15,2023-06-09 10:00:00+05:30,development,sell_put,3289.8561360500003,3276.0342040750006,3317.5000000000005,27.643863950000004,"[""ALL"", ""LOW""]"
2023-06-15,2023-06-09 10:00:00+05:30,development,bull_condor,-625.5018733499991,-677.0028100249991,-522.4999999999991,103.00187335,"[""ALL"", ""LOW""]"
2023-06-15,2023-06-09 10:00:00+05:30,development,bull_butterfly,-365.8804066999984,-406.32061004999844,-284.9999999999984,80.88040670000001,"[""ALL"", ""LOW""]"
2023-06-15,2023-06-09 10:00:00+05:30,development,range_forward,-1435.0924671499995,-1461.3887007249996,-1382.4999999999995,52.59246714999999,"[""ALL"", ""LOW""]"
2023-06-15,2023-06-09 10:00:00+05:30,development,buy_put,-3353.16697645,-3366.000464675,-3327.5,25.66697645,"[""ALL"", ""LOW""]"
2023-06-15,2023-06-09 10:00:00+05:30,development,sell_call,3323.8379188999997,3308.2568783499996,3354.9999999999995,31.1620811,"[""ALL"", ""LOW""]"
2023-06-15,2023-06-09 10:00:00+05:30,development,bear_condor,-430.3237724,-480.48565859999997,-330.0,100.32377240000001,"[""ALL"", ""LOW""]"
2023-06-15,2023-06-09 10:00:00+05:30,development,bear_butterfly,-292.5296760999995,-331.29451414999954,-214.99999999999955,77.52967609999999,"[""ALL"", ""LOW""]"
2023-06-15,2023-06-09 10:00:00+05:30,development,risk_reversal,1309.09089535,1282.386343025,1362.5,53.409104649999996,"[""ALL"", ""LOW""]"
2023-06-15,2023-06-09 10:00:00+05:30,development,batman,2528.238869450002,2473.6083041750016,2637.500000000002,109.26113054999999,"[""ALL"", ""LOW""]"
2023-06-15,2023-06-09 10:00:00+05:30,development,jade_lizard,3519.8425064,3479.7637596,3600.0,80.15749360000001,"[""ALL"", ""LOW""]"
2023-06-15,2023-06-09 10:00:00+05:30,development,reverse_jade_lizard,4417.90460885,4378.106913275,4497.5,79.59539115,"[""ALL"", ""LOW""]"
2023-06-15,2023-06-09 10:00:00+05:30,development,long_iron_condor,-3302.1341194,-3353.2011791,-3200.0,102.1341194,"[""ALL"", ""LOW""]"
2023-06-15,2023-06-09 10:00:00+05:30,development,long_iron_butterfly,-2322.498270499999,-2376.2474057499985,-2214.9999999999986,107.49827050000002,"[""ALL"", ""LOW""]"
2023-06-15,2023-06-09 10:00:00+05:30,development,double_plateau,-658.410082799998,-737.615124199998,-499.99999999999795,158.4100828,"[""ALL"", ""LOW""]"
2023-06-15,2023-06-09 10:00:00+05:30,development,strip,-10076.896834,-10105.345251,-10020.0,56.89683400000001,"[""ALL"", ""LOW""]"
2023-06-15,2023-06-09 10:00:00+05:30,development,strap,-10117.892738649998,-10148.089107974998,-10057.499999999998,60.392738650000005,"[""ALL"", ""LOW""]"
2023-06-15,2023-06-09 10:00:00+05:30,development,long_synthetic_future,-104.30674504999863,-132.7101175749986,-47.499999999998636,56.806745049999996,"[""ALL"", ""LOW""]"
2023-06-15,2023-06-09 10:00:00+05:30,development,short_synthetic_future,-29.32905755000045,-57.743586325000436,27.499999999999545,56.829057549999995,"[""ALL"", ""LOW""]"
2023-06-22,2023-06-16 10:00:00+05:30,development,buy_call,-4228.161151,-4242.2417265,-4200.0,28.161150999999997,"[""ALL"", ""LOW""]"
2023-06-22,2023-06-16 10:00:00+05:30,development,sell_put,3082.6084934,3068.9127401,3110.0,27.391506599999996,"[""ALL"", ""LOW""]"
2023-06-22,2023-06-16 10:00:00+05:30,development,bull_condor,-657.7418643,-709.11279645,-555.0,102.7418643,"[""ALL"", ""LOW""]"
2023-06-22,2023-06-16 10:00:00+05:30,development,bull_butterfly,-393.13107194999975,-433.44660792499974,-312.4999999999998,80.63107195,"[""ALL"", ""LOW""]"
2023-06-22,2023-06-16 10:00:00+05:30,development,range_forward,-1579.85640685,-1606.034610275,-1527.5,52.35640685,"[""ALL"", ""LOW""]"
2023-06-22,2023-06-16 10:00:00+05:30,development,buy_put,-3145.5380816,-3158.3071224,-3120.0,25.538081599999995,"[""ALL"", ""LOW""]"
2023-06-22,2023-06-16 10:00:00+05:30,development,sell_call,4159.342824000001,4144.014236000001,4190.000000000001,30.657176,"[""ALL"", ""LOW""]"
2023-06-22,2023-06-16 10:00:00+05:30,development,bear_condor,-414.88267510000026,-464.8240126500002,-315.0000000000002,99.8826751,"[""ALL"", ""LOW""]"
2023-06-22,2023-06-16 10:00:00+05:30,development,bear_butterfly,-284.52893005,-323.04339507500003,-207.5,77.02893005,"[""ALL"", ""LOW""]"
2023-06-22,2023-06-16 10:00:00+05:30,development,risk_reversal,1454.2406806500005,1427.6110209750004,1507.5000000000005,53.259319350000005,"[""ALL"", ""LOW""]"
2023-06-22,2023-06-16 10:00:00+05:30,development,batman,2328.87713785,2274.565706775,2437.5,108.62286215000002,"[""ALL"", ""LOW""]"
2023-06-22,2023-06-16 10:00:00+05:30,development,jade_lizard,3380.1459802,3340.2189703,3460.0,79.85401979999999,"[""ALL"", ""LOW""]"
2023-06-22,2023-06-16 10:00:00+05:30,development,reverse_jade_lizard,4343.24386595,4303.615798925,4422.5,79.25613405,"[""ALL"", ""LOW""]"
2023-06-22,2023-06-16 10:00:00+05:30,development,long_iron_condor,-3271.7847592,-3322.6771388,-3170.0,101.7847592,"[""ALL"", ""LOW""]"
2023-06-22,2023-06-16 10:00:00+05:30,development,long_iron_butterfly,-3153.61373525,-3206.670602875,-3047.5,106.11373524999999,"[""ALL"", ""LOW""]"
2023-06-22,2023-06-16 10:00:00+05:30,development,double_plateau,-677.6600019999997,-756.4900029999998,-519.9999999999998,157.660002,"[""ALL"", ""LOW""]"
2023-06-22,2023-06-16 10:00:00+05:30,development,strip,-10495.6373142,-10523.4559713,-10440.0,55.637314200000006,"[""ALL"", ""LOW""]"
2023-06-22,2023-06-16 10:00:00+05:30,development,strap,-11578.2603836,-11607.3905754,-11520.0,58.26038360000001,"[""ALL"", ""LOW""]"
2023-06-22,2023-06-16 10:00:00+05:30,development,long_synthetic_future,-1145.5526576,-1173.3289864,-1090.0,55.552657599999996,"[""ALL"", ""LOW""]"
2023-06-22,2023-06-16 10:00:00+05:30,development,short_synthetic_future,1013.8047424000009,985.7071136000009,1070.000000000001,56.1952576,"[""ALL"", ""LOW""]"
2023-06-28,2023-06-22 10:00:00+05:30,development,buy_call,352.9695584500007,335.70433767500066,387.5000000000007,34.53044155,"[""ALL"", ""LOW""]"
2023-06-28,2023-06-22 10:00:00+05:30,development,sell_put,4323.597389750001,4309.146084625001,4352.500000000001,28.90261025,"[""ALL"", ""LOW""]"
2023-06-28,2023-06-22 10:00:00+05:30,development,bull_condor,1937.8539996500003,1883.0309994750005,2047.5000000000005,109.64600035000001,"[""ALL"", ""LOW""]"
2023-06-28,2023-06-22 10:00:00+05:30,development,bull_butterfly,1094.1849671500008,1050.027450725001,1182.500000000001,88.31503285000001,"[""ALL"", ""LOW""]"
2023-06-28,2023-06-22 10:00:00+05:30,development,range_forward,2689.03493045,2659.802395675,2747.5,58.46506955000001,"[""ALL"", ""LOW""]"
2023-06-28,2023-06-22 10:00:00+05:30,development,buy_put,-4388.80989775,-4401.964846625,-4362.5,26.309897749999998,"[""ALL"", ""LOW""]"
2023-06-28,2023-06-22 10:00:00+05:30,development,sell_call,-431.7969040500001,-448.9453560750001,-397.5000000000001,34.296904049999995,"[""ALL"", ""LOW""]"
2023-06-28,2023-06-22 10:00:00+05:30,development,bear_condor,-430.93654465,-482.654816975,-327.5,103.43654464999999,"[""ALL"", ""LOW""]"
2023-06-28,2023-06-22 10:00:00+05:30,development,bear_butterfly,-273.33672774999997,-313.755091625,-192.5,80.83672774999998,"[""ALL"", ""LOW""]"
2023-06-28,2023-06-22 10:00:00+05:30,development,risk_reversal,-2824.32435705,-2852.736535575,-2767.5,56.82435705,"[""ALL"", ""LOW""]"
2023-06-28,2023-06-22 10:00:00+05:30,development,batman,5213.24571355,5153.618570325,5332.5,119.25428645,"[""ALL"", ""LOW""]"
2023-06-28,2023-06-22 10:00:00+05:30,development,jade_lizard,1996.7054109500004,1953.8081164250004,2082.5000000000005,85.79458905000001,"[""ALL"", ""LOW""]"
2023-06-28,2023-06-22 10:00:00+05:30,development,reverse_jade_lizard,1365.838204,1323.757306,1450.0,84.161796,"[""ALL"", ""LOW""]"
2023-06-28,2023-06-22 10:00:00+05:30,development,long_iron_condor,41.11831880000045,-13.32252179999955,150.00000000000045,108.8816812,"[""ALL"", ""LOW""]"
2023-06-28,2023-06-22 10:00:00+05:30,development,long_iron_butterfly,661.6357022500009,603.7035533750009,777.5000000000009,115.86429774999999,"[""ALL"", ""LOW""]"
2023-06-28,2023-06-22 10:00:00+05:30,development,double_plateau,820.8482394000009,736.2723591000009,990.0000000000009,169.15176060000002,"[""ALL"", ""LOW""]"
2023-06-28,2023-06-22 10:00:00+05:30,development,strip,-8401.05023705,-8432.825355575,-8337.5,63.55023704999999,"[""ALL"", ""LOW""]"
2023-06-28,2023-06-22 10:00:00+05:30,development,strap,-3659.2707808499986,-3695.1561712749985,-3587.4999999999986,71.77078085,"[""ALL"", ""LOW""]"
2023-06-28,2023-06-22 10:00:00+05:30,development,long_synthetic_future,4676.566948200002,4644.850422300002,4740.000000000002,63.4330518,"[""ALL"", ""LOW""]"
2023-06-28,2023-06-22 10:00:00+05:30,development,short_synthetic_future,-4820.6068018,-4850.9102027,-4760.0,60.6068018,"[""ALL"", ""LOW""]"
2023-07-06,2023-06-30 10:00:00+05:30,development,buy_call,15379.384596199998,15354.076894299998,15429.999999999998,50.61540380000001,"[""ALL"", ""LOW""]"
2023-07-06,2023-06-30 10:00:00+05:30,development,sell_put,4281.1490774,4266.7236161,4310.0,28.8509226,"[""ALL"", ""LOW""]"
2023-07-06,2023-06-30 10:00:00+05:30,development,bull_condor,-644.3662007500018,-720.2993011250019,-492.5000000000018,151.86620075000002,"[""ALL"", ""LOW""]"
2023-07-06,2023-06-30 10:00:00+05:30,development,bull_butterfly,-349.18007830000363,-416.2701174500037,-215.00000000000364,134.18007829999996,"[""ALL"", ""LOW""]"
2023-07-06,2023-06-30 10:00:00+05:30,development,range_forward,17432.99496805,17395.742452075,17507.5,74.50503195000002,"[""ALL"", ""LOW""]"
2023-07-06,2023-06-30 10:00:00+05:30,development,buy_put,-4346.2834976,-4359.4252464,-4320.0,26.2834976,"[""ALL"", ""LOW""]"
2023-07-06,2023-06-30 10:00:00+05:30,development,sell_call,-15481.4315788,-15502.1473682,-15440.0,41.4315788,"[""ALL"", ""LOW""]"
2023-07-06,2023-06-30 10:00:00+05:30,development,bear_condor,-480.09945104999997,-531.399176575,-377.5,102.59945104999997,"[""ALL"", ""LOW""]"
2023-07-06,2023-06-30 10:00:00+05:30,development,bear_butterfly,-307.5362504499998,-347.55437567499973,-227.49999999999977,80.03625045,"[""ALL"", ""LOW""]"
2023-07-06,2023-06-30 10:00:00+05:30,development,risk_reversal,-17591.58211945,-17623.623179175,-17527.5,64.08211945000001,"[""ALL"", ""LOW""]"
2023-07-06,2023-06-30 10:00:00+05:30,development,batman,-9622.305572950001,-9697.208359425002,-9472.500000000002,149.80557295,"[""ALL"", ""LOW""]"
2023-07-06,2023-06-30 10:00:00+05:30,development,jade_lizard,1610.8065301999982,1556.2097952999982,1719.9999999999982,109.19346980000002,"[""ALL"", ""LOW""]"
2023-07-06,2023-06-30 10:00:00+05:30,development,reverse_jade_lizard,-13503.68465835,-13549.276987525,-13412.5,91.18465834999999,"[""ALL"", ""LOW""]"
2023-07-06,2023-06-30 10:00:00+05:30,development,long_iron_condor,1730.925024749998,1665.1375371249983,1862.4999999999982,131.57497525,"[""ALL"", ""LOW""]"
2023-07-06,2023-06-30 10:00:00+05:30,development,long_iron_butterfly,778.3698218499982,708.8047327749982,917.4999999999982,139.13017815,"[""ALL"", ""LOW""]"
2023-07-06,2023-06-30 10:00:00+05:30,development,double_plateau,-656.7163287500036,-763.8244931250036,-442.50000000000364,214.21632874999997,"[""ALL"", ""LOW""]"
2023-07-06,2023-06-30 10:00:00+05:30,development,strip,6710.417600999998,6670.626401499998,6789.999999999998,79.582399,"[""ALL"", ""LOW""]"
2023-07-06,2023-06-30 10:00:00+05:30,development,strap,26436.085694799996,26384.128542199996,26539.999999999996,103.9143052,"[""ALL"", ""LOW""]"
2023-07-06,2023-06-30 10:00:00+05:30,development,long_synthetic_future,19660.5336736,19620.8005104,19740.0,79.4663264,"[""ALL"", ""LOW""]"
2023-07-06,2023-06-30 10:00:00+05:30,development,short_synthetic_future,-19827.7150764,-19861.5726146,-19760.0,67.71507640000002,"[""ALL"", ""LOW""]"
2023-07-13,2023-07-07 10:00:00+05:30,development,buy_call,-5466.9792192,-5480.4688288,-5440.0,26.9792192,"[""ALL"", ""LOW""]"
2023-07-13,2023-07-07 10:00:00+05:30,development,sell_put,457.87127000000055,441.8069050000006,490.00000000000057,32.128730000000004,"[""ALL"", ""LOW""]"
2023-07-13,2023-07-07 10:00:00+05:30,development,bull_condor,-544.3148658,-596.4722987,-440.0,104.3148658,"[""ALL"", ""LOW""]"
2023-07-13,2023-07-07 10:00:00+05:30,development,bull_butterfly,-292.19346459999997,-333.2901969,-210.0,82.1934646,"[""ALL"", ""LOW""]"
2023-07-13,2023-07-07 10:00:00+05:30,development,range_forward,-2220.5176358999997,-2248.2764538499996,-2164.9999999999995,55.5176359,"[""ALL"", ""LOW""]"
2023-07-13,2023-07-07 10:00:00+05:30,development,buy_put,-531.834205,-547.7513075,-500.0,31.834205,"[""ALL"", ""LOW""]"
2023-07-13,2023-07-07 10:00:00+05:30,development,sell_call,5399.7869558,5384.6804337,5430.0,30.213044200000002,"[""ALL"", ""LOW""]"
2023-07-13,2023-07-07 10:00:00+05:30,development,bear_condor,1366.0980467500003,1312.8970701250003,1472.5000000000002,106.40195324999999,"[""ALL"", ""LOW""]"
2023-07-13,2023-07-07 10:00:00+05:30,development,bear_butterfly,1538.54641235,1496.569618525,1622.5,83.95358765,"[""ALL"", ""LOW""]"
2023-07-13,2023-07-07 10:00:00+05:30,development,risk_reversal,2088.2001391,2059.80020865,2145.0,56.7998609,"[""ALL"", ""LOW""]"
2023-07-13,2023-07-07 10:00:00+05:30,development,batman,5758.8249635,5700.73744525,5875.0,116.17503649999998,"[""ALL"", ""LOW""]"
2023-07-13,2023-07-07 10:00:00+05:30,development,jade_lizard,2956.513529,2914.7702935,3040.0,83.48647100000002,"[""ALL"", ""LOW""]"
2023-07-13,2023-07-07 10:00:00+05:30,development,reverse_jade_lizard,3074.08651765,3032.379776475,3157.5,83.41348235,"[""ALL"", ""LOW""]"
2023-07-13,2023-07-07 10:00:00+05:30,development,long_iron_condor,-1794.45930165,-1847.938952475,-1687.5,106.95930165,"[""ALL"", ""LOW""]"
2023-07-13,2023-07-07 10:00:00+05:30,development,long_iron_butterfly,-50.83191825,-107.49787737499997,62.5,113.33191825,"[""ALL"", ""LOW""]"
2023-07-13,2023-07-07 10:00:00+05:30,development,double_plateau,1246.35294775,1163.279421625,1412.5,166.14705225,"[""ALL"", ""LOW""]"
2023-07-13,2023-07-07 10:00:00+05:30,development,strip,-6507.0476292,-6540.5714437999995,-6440.0,67.0476292,"[""ALL"", ""LOW""]"
2023-07-13,2023-07-07 10:00:00+05:30,development,strap,-11442.1926434,-11473.2889651,-11380.0,62.19264340000001,"[""ALL"", ""LOW""]"
2023-07-13,2023-07-07 10:00:00+05:30,development,long_synthetic_future,-5009.107949199999,-5038.661923799999,-4949.999999999999,59.10794920000001,"[""ALL"", ""LOW""]"
2023-07-13,2023-07-07 10:00:00+05:30,development,short_synthetic_future,4867.9527508,4836.9291262,4930.0,62.04724920000001,"[""ALL"", ""LOW""]"
2023-07-20,2023-07-14 10:00:00+05:30,development,buy_call,21425.982517900004,21396.473776850005,21485.000000000004,59.01748210000001,"[""ALL"", ""LOW""]"
2023-07-20,2023-07-14 10:00:00+05:30,development,sell_put,3859.162913450001,3844.9943701750008,3887.500000000001,28.337086550000002,"[""ALL"", ""LOW""]"
2023-07-20,2023-07-14 10:00:00+05:30,development,bull_condor,-545.0575272500018,-633.8362908750019,-367.5000000000018,177.55752725,"[""ALL"", ""LOW""]"
2023-07-20,2023-07-14 10:00:00+05:30,development,bull_butterfly,-459.87783079999997,-539.8167461999999,-300.0,159.8778308,"[""ALL"", ""LOW""]"
2023-07-20,2023-07-14 10:00:00+05:30,development,range_forward,23052.7230483,23011.58457245,23135.0,82.2769517,"[""ALL"", ""LOW""]"
2023-07-20,2023-07-14 10:00:00+05:30,development,buy_put,-3923.52104905,-3936.531573575,-3897.5,26.02104905,"[""ALL"", ""LOW""]"
2023-07-20,2023-07-14 10:00:00+05:30,development,sell_call,-21541.2309321,-21564.34639815,-21495.0,46.2309321,"[""ALL"", ""LOW""]"
2023-07-20,2023-07-14 10:00:00+05:30,development,bear_condor,-461.4815709999996,-512.2223564999996,-359.99999999999955,101.481571,"[""ALL"", ""LOW""]"
2023-07-20,2023-07-14 10:00:00+05:30,development,bear_butterfly,-313.8282516999991,-353.2423775499991,-234.9999999999991,78.82825170000002,"[""ALL"", ""LOW""]"
2023-07-20,2023-07-14 10:00:00+05:30,development,risk_reversal,-23223.5056767,-23257.75851505,-23155.0,68.5056767,"[""ALL"", ""LOW""]"
2023-07-20,2023-07-14 10:00:00+05:30,development,batman,-16146.3052026,-16229.4578039,-15980.0,166.3052026,"[""ALL"", ""LOW""]"
2023-07-20,2023-07-14 10:00:00+05:30,development,jade_lizard,1323.3208003,1262.48120045,1445.0,121.67919969999998,"[""ALL"", ""LOW""]"
2023-07-20,2023-07-14 10:00:00+05:30,development,reverse_jade_lizard,-19567.67867915,-19615.268018725,-19472.5,95.17867915,"[""ALL"", ""LOW""]"
2023-07-20,2023-07-14 10:00:00+05:30,development,long_iron_condor,1696.2523184,1624.3784776,1840.0,143.7476816,"[""ALL"", ""LOW""]"
2023-07-20,2023-07-14 10:00:00+05:30,development,long_iron_butterfly,793.4801309000036,717.7201963500037,945.0000000000036,151.5198691,"[""ALL"", ""LOW""]"
2023-07-20,2023-07-14 10:00:00+05:30,development,double_plateau,-773.7060825,-893.05912375,-535.0,238.7060825,"[""ALL"", ""LOW""]"
2023-07-20,2023-07-14 10:00:00+05:30,development,strip,13602.540419800003,13558.810629700003,13690.000000000004,87.4595802,"[""ALL"", ""LOW""]"
2023-07-20,2023-07-14 10:00:00+05:30,development,strap,38952.04398675001,38891.81598012501,39072.50000000001,120.45601325000001,"[""ALL"", ""LOW""]"
2023-07-20,2023-07-14 10:00:00+05:30,development,long_synthetic_future,25285.145431350003,25241.468147025003,25372.500000000004,87.35456864999999,"[""ALL"", ""LOW""]"
2023-07-20,2023-07-14 10:00:00+05:30,development,short_synthetic_future,-25464.75198115,-25500.877971725,-25392.5,72.25198114999999,"[""ALL"", ""LOW""]"
2023-07-27,2023-07-21 10:00:00+05:30,development,buy_call,-6447.5879756,-6461.3819634,-6420.0,27.5879756,"[""ALL"", ""LOW""]"
2023-07-27,2023-07-21 10:00:00+05:30,development,sell_put,-4488.15365875,-4505.980488125,-4452.5,35.653658750000005,"[""ALL"", ""LOW""]"
2023-07-27,2023-07-21 10:00:00+05:30,development,bull_condor,-479.91941514999996,-533.629122725,-372.5,107.41941514999999,"[""ALL"", ""LOW""]"
2023-07-27,2023-07-21 10:00:00+05:30,development,bull_butterfly,-280.4454609,-323.16819135000003,-195.0,85.44546090000001,"[""ALL"", ""LOW""]"
2023-07-27,2023-07-21 10:00:00+05:30,development,range_forward,-8102.17389535,-8132.010843025,-8042.5,59.673895349999995,"[""ALL"", ""LOW""]"
2023-07-27,2023-07-21 10:00:00+05:30,development,buy_put,4404.200078749999,4385.050118124999,4442.499999999999,38.299921250000004,"[""ALL"", ""LOW""]"
2023-07-27,2023-07-21 10:00:00+05:30,development,sell_call,6378.5950993999995,6362.892649099999,6409.999999999999,31.404900599999998,"[""ALL"", ""LOW""]"
2023-07-27,2023-07-21 10:00:00+05:30,development,bear_condor,67.09106209999909,8.136593149999044,184.9999999999991,117.9089379,"[""ALL"", ""LOW""]"
2023-07-27,2023-07-21 10:00:00+05:30,development,bear_butterfly,-281.98431335000123,-331.7264700250013,-182.50000000000125,99.48431335000001,"[""ALL"", ""LOW""]"
2023-07-27,2023-07-21 10:00:00+05:30,development,risk_reversal,7958.046767149999,7925.820150724999,8022.499999999999,64.45323284999999,"[""ALL"", ""LOW""]"
2023-07-27,2023-07-21 10:00:00+05:30,development,batman,3065.6978180499987,2999.7967270749987,3197.4999999999986,131.80218194999998,"[""ALL"", ""LOW""]"
2023-07-27,2023-07-21 10:00:00+05:30,development,jade_lizard,-1938.7518401999996,-1983.1277602999994,-1849.9999999999995,88.7518402,"[""ALL"", ""LOW""]"
2023-07-27,2023-07-21 10:00:00+05:30,development,reverse_jade_lizard,3288.670649950001,3241.755974925001,3382.500000000001,93.82935005000002,"[""ALL"", ""LOW""]"
2023-07-27,2023-07-21 10:00:00+05:30,development,long_iron_condor,1310.8176248499994,1252.4764372749996,1427.4999999999995,116.68237514999998,"[""ALL"", ""LOW""]"
2023-07-27,2023-07-21 10:00:00+05:30,development,long_iron_butterfly,560.327816099999,497.9917241499991,684.9999999999991,124.67218390000002,"[""ALL"", ""LOW""]"
2023-07-27,2023-07-21 10:00:00+05:30,development,double_plateau,-562.429774250001,-654.8946613750009,-377.5000000000009,184.92977425,"[""ALL"", ""LOW""]"
2023-07-27,2023-07-21 10:00:00+05:30,development,strip,2384.4121818999984,2344.118272849998,2464.999999999998,80.5878181,"[""ALL"", ""LOW""]"
2023-07-27,2023-07-21 10:00:00+05:30,development,strap,-8467.37587245,-8502.313808675,-8397.5,69.87587245,"[""ALL"", ""LOW""]"
2023-07-27,2023-07-21 10:00:00+05:30,development,long_synthetic_future,-10935.74163435,-10967.362451525,-10872.5,63.24163435,"[""ALL"", ""LOW""]"
2023-07-27,2023-07-21 10:00:00+05:30,development,short_synthetic_future,10782.795178149998,10747.942767224999,10852.499999999998,69.70482184999999,"[""ALL"", ""LOW""]"
2023-08-03,2023-07-28 10:00:00+05:30,development,buy_call,-5947.2773856,-5960.9160784,-5920.0,27.2773856,"[""ALL"", ""LOW""]"
2023-08-03,2023-07-28 10:00:00+05:30,development,sell_put,-8612.8791551,-8631.81873265,-8575.0,37.8791551,"[""ALL"", ""LOW""]"
2023-08-03,2023-07-28 10:00:00+05:30,development,bull_condor,-515.9682279999988,-568.9523419999989,-409.99999999999886,105.968228,"[""ALL"", ""LOW""]"
2023-08-03,2023-07-28 10:00:00+05:30,development,bull_butterfly,-271.3974196499982,-313.3461294749982,-187.49999999999818,83.89741965000002,"[""ALL"", ""LOW""]"
2023-08-03,2023-07-28 10:00:00+05:30,development,range_forward,-11764.07534875,-11794.863023125,-11702.5,61.57534874999999,"[""ALL"", ""LOW""]"
2023-08-03,2023-07-28 10:00:00+05:30,development,buy_put,8522.021694899999,8500.532542349998,8564.999999999998,42.97830509999999,"[""ALL"", ""LOW""]"
2023-08-03,2023-07-28 10:00:00+05:30,development,sell_call,5879.2031894,5863.8047841,5910.0,30.796810599999997,"[""ALL"", ""LOW""]"
2023-08-03,2023-07-28 10:00:00+05:30,development,bear_condor,-428.14299104999884,-493.4644865749989,-297.49999999999886,130.64299104999998,"[""ALL"", ""LOW""]"
2023-08-03,2023-07-28 10:00:00+05:30,development,bear_butterfly,-230.32451085000002,-286.736766275,-117.5,112.82451085000002,"[""ALL"", ""LOW""]"
2023-08-03,2023-07-28 10:00:00+05:30,development,risk_reversal,11613.96761375,11579.701420625,11682.5,68.53238625,"[""ALL"", ""LOW""]"
2023-08-03,2023-07-28 10:00:00+05:30,development,batman,-1451.7843783499982,-1521.426567524998,-1312.4999999999982,139.28437835000003,"[""ALL"", ""LOW""]"
2023-08-03,2023-07-28 10:00:00+05:30,development,jade_lizard,-6117.611195050001,-6162.666792575001,-6027.500000000001,90.11119504999999,"[""ALL"", ""LOW""]"
2023-08-03,2023-07-28 10:00:00+05:30,development,reverse_jade_lizard,2815.014476499999,2765.021714749999,2914.999999999999,99.98552349999999,"[""ALL"", ""LOW""]"
2023-08-03,2023-07-28 10:00:00+05:30,development,long_iron_condor,1322.3754491000004,1261.0631736500004,1445.0000000000005,122.62455089999999,"[""ALL"", ""LOW""]"
2023-08-03,2023-07-28 10:00:00+05:30,development,long_iron_butterfly,621.8983257499991,556.5974886249991,752.4999999999991,130.60167425,"[""ALL"", ""LOW""]"
2023-08-03,2023-07-28 10:00:00+05:30,development,double_plateau,-501.72193049999817,-600.0828957499982,-304.9999999999982,196.72193049999998,"[""ALL"", ""LOW""]"
2023-08-03,2023-07-28 10:00:00+05:30,development,strip,11120.366004199996,11075.549006299996,11209.999999999996,89.6339958,"[""ALL"", ""LOW""]"
2023-08-03,2023-07-28 10:00:00+05:30,development,strap,-3348.9330763000016,-3385.899614450002,-3275.000000000002,73.9330763,"[""ALL"", ""LOW""]"
2023-08-03,2023-07-28 10:00:00+05:30,development,long_synthetic_future,-14560.1565407,-14592.73481105,-14495.0,65.15654070000001,"[""ALL"", ""LOW""]"
2023-08-03,2023-07-28 10:00:00+05:30,development,short_synthetic_future,14401.224884299998,14364.337326449999,14474.999999999998,73.7751157,"[""ALL"", ""LOW""]"
2023-08-10,2023-08-04 10:00:00+05:30,development,buy_call,-619.99029365,-636.235440475,-587.5,32.49029365,"[""ALL"", ""LOW""]"
2023-08-10,2023-08-04 10:00:00+05:30,development,sell_put,4880.4193694,4865.6290541,4910.0,29.5806306,"[""ALL"", ""LOW""]"
2023-08-10,2023-08-04 10:00:00+05:30,development,bull_condor,1623.3721550000005,1570.0582325000005,1730.0000000000005,106.62784500000001,"[""ALL"", ""LOW""]"
2023-08-10,2023-08-04 10:00:00+05:30,development,bull_butterfly,1843.0652358500004,1800.8478537750004,1927.5000000000005,84.43476414999999,"[""ALL"", ""LOW""]"
2023-08-10,2023-08-04 10:00:00+05:30,development,range_forward,1905.5500265500013,1877.0750398250013,1962.5000000000014,56.949973449999995,"[""ALL"", ""LOW""]"
2023-08-10,2023-08-04 10:00:00+05:30,development,buy_put,-4946.6562056,-4959.9843084,-4920.0,26.6562056,"[""ALL"", ""LOW""]"
2023-08-10,2023-08-04 10:00:00+05:30,development,sell_call,544.6631188500006,528.2446782750005,577.5000000000006,32.836881149999996,"[""ALL"", ""LOW""]"
2023-08-10,2023-08-04 10:00:00+05:30,development,bear_condor,-449.0858978999998,-501.1288468499998,-344.9999999999998,104.0858979,"[""ALL"", ""LOW""]"
2023-08-10,2023-08-04 10:00:00+05:30,development,bear_butterfly,-261.7063024,-302.5594536,-180.0,81.70630240000001,"[""ALL"", ""LOW""]"
2023-08-10,2023-08-04 10:00:00+05:30,development,risk_reversal,-2038.2763359499997,-2066.1645039249997,-1982.4999999999998,55.776335949999996,"[""ALL"", ""LOW""]"
2023-08-10,2023-08-04 10:00:00+05:30,development,batman,5986.26417235,5928.146258525,6102.5,116.23582765,"[""ALL"", ""LOW""]"
2023-08-10,2023-08-04 10:00:00+05:30,development,jade_lizard,2604.010452850001,2562.265679275001,2687.500000000001,83.48954714999999,"[""ALL"", ""LOW""]"
2023-08-10,2023-08-04 10:00:00+05:30,development,reverse_jade_lizard,2626.5244294000013,2584.7866441000015,2710.0000000000014,83.47557059999998,"[""ALL"", ""LOW""]"
2023-08-10,2023-08-04 10:00:00+05:30,development,long_iron_condor,-1444.6690748499996,-1498.2536122749996,-1337.4999999999995,107.16907484999999,"[""ALL"", ""LOW""]"
2023-08-10,2023-08-04 10:00:00+05:30,development,long_iron_butterfly,266.4748674,209.7123011,380.0,113.5251326,"[""ALL"", ""LOW""]"
2023-08-10,2023-08-04 10:00:00+05:30,development,double_plateau,1581.3589334500004,1498.2884001750003,1747.5000000000005,166.14106655000003,"[""ALL"", ""LOW""]"
2023-08-10,2023-08-04 10:00:00+05:30,development,strip,-10489.70270485,-10520.804057275,-10427.5,62.202704849999996,"[""ALL"", ""LOW""]"
2023-08-10,2023-08-04 10:00:00+05:30,development,strap,-6163.0367929,-6197.05518935,-6095.0,68.0367929,"[""ALL"", ""LOW""]"
2023-08-10,2023-08-04 10:00:00+05:30,development,long_synthetic_future,4260.42907575,4229.393613625,4322.5,62.07092424999999,"[""ALL"", ""LOW""]"
2023-08-10,2023-08-04 10:00:00+05:30,development,short_synthetic_future,-4401.993086749999,-4431.739630124999,-4342.499999999999,59.49308674999999,"[""ALL"", ""LOW""]"
2023-08-17,2023-08-10 10:00:00+05:30,development,buy_call,-5129.26957095,-5142.654356425,-5102.5,26.769570950000002,"[""ALL"", ""LOW""]"
2023-08-17,2023-08-10 10:00:00+05:30,development,sell_put,-6190.192652350001,-6209.038978525001,-6152.500000000001,37.692652349999996,"[""ALL"", ""LOW""]"
2023-08-17,2023-08-10 10:00:00+05:30,development,bull_condor,-501.52664185000003,-553.539962775,-397.5,104.02664185000002,"[""ALL"", ""LOW""]"
2023-08-17,2023-08-10 10:00:00+05:30,development,bull_butterfly,-314.22054075,-355.080811125,-232.5,81.72054075,"[""ALL"", ""LOW""]"
2023-08-17,2023-08-10 10:00:00+05:30,development,range_forward,-8730.81241,-8761.218615,-8670.0,60.81241,"[""ALL"", ""LOW""]"
2023-08-17,2023-08-10 10:00:00+05:30,development,buy_put,6101.14958515,6080.474377725,6142.5,41.35041485,"[""ALL"", ""LOW""]"
2023-08-17,2023-08-10 10:00:00+05:30,development,sell_call,5062.69741655,5047.796124825,5092.5,29.80258345,"[""ALL"", ""LOW""]"
2023-08-17,2023-08-10 10:00:00+05:30,development,bear_condor,-451.3882115000007,-514.5823172500006,-325.0000000000007,126.38821150000001,"[""ALL"", ""LOW""]"
2023-08-17,2023-08-10 10:00:00+05:30,development,bear_butterfly,-273.66942950000134,-328.00414425000133,-165.00000000000136,108.6694295,"[""ALL"", ""LOW""]"
2023-08-17,2023-08-10 10:00:00+05:30,development,risk_reversal,8584.03489,8551.052335,8650.0,65.96511000000001,"[""ALL"", ""LOW""]"
2023-08-17,2023-08-10 10:00:00+05:30,development,batman,195.03856439999817,127.55784659999816,329.9999999999982,134.96143560000002,"[""ALL"", ""LOW""]"
2023-08-17,2023-08-10 10:00:00+05:30,development,jade_lizard,-3886.0606012499993,-3930.340901874999,-3797.499999999999,88.56060124999999,"[""ALL"", ""LOW""]"
2023-08-17,2023-08-10 10:00:00+05:30,development,reverse_jade_lizard,2215.3831559500004,2166.8247339250006,2312.5000000000005,97.11684405,"[""ALL"", ""LOW""]"
2023-08-17,2023-08-10 10:00:00+05:30,development,long_iron_condor,1428.002917849999,1368.2543767749992,1547.499999999999,119.49708215000004,"[""ALL"", ""LOW""]"
2023-08-17,2023-08-10 10:00:00+05:30,development,long_iron_butterfly,657.6201138999995,593.9301708499995,784.9999999999995,127.37988610000001,"[""ALL"", ""LOW""]"
2023-08-17,2023-08-10 10:00:00+05:30,development,double_plateau,-587.8899702500014,-683.0849553750013,-397.50000000000136,190.38997025,"[""ALL"", ""LOW""]"
2023-08-17,2023-08-10 10:00:00+05:30,development,strip,7096.62959935,7053.694399025,7182.5,85.87040065000001,"[""ALL"", ""LOW""]"
2023-08-17,2023-08-10 10:00:00+05:30,development,strap,-4133.78955675,-4169.434335125,-4062.5,71.28955674999999,"[""ALL"", ""LOW""]"
2023-08-17,2023-08-10 10:00:00+05:30,development,long_synthetic_future,-11319.462223300001,-11351.69333495,-11255.0,64.4622233,"[""ALL"", ""LOW""]"
2023-08-17,2023-08-10 10:00:00+05:30,development,short_synthetic_future,11163.8470017,11128.27050255,11235.0,71.15299830000001,"[""ALL"", ""LOW""]"
2023-08-24,2023-08-18 10:00:00+05:30,development,buy_call,1464.8239417999994,1447.2359126999993,1499.9999999999993,35.1760582,"[""ALL"", ""LOW""]"
2023-08-24,2023-08-18 10:00:00+05:30,development,sell_put,4291.1369156,4276.7053734,4320.0,28.863084399999998,"[""ALL"", ""LOW""]"
2023-08-24,2023-08-18 10:00:00+05:30,development,bull_condor,1942.0762275500003,1886.8643413250004,2052.5000000000005,110.42377245000002,"[""ALL"", ""LOW""]"
2023-08-24,2023-08-18 10:00:00+05:30,development,bull_butterfly,358.1036974500014,313.40554617500135,447.50000000000136,89.39630254999999,"[""ALL"", ""LOW""]"
2023-08-24,2023-08-18 10:00:00+05:30,development,range_forward,3498.52753825,3469.041307375,3557.5,58.972461749999994,"[""ALL"", ""LOW""]"
2023-08-24,2023-08-18 10:00:00+05:30,development,buy_put,-4356.2897094,-4369.4345641,-4330.0,26.289709399999996,"[""ALL"", ""LOW""]"
2023-08-24,2023-08-18 10:00:00+05:30,development,sell_call,-1544.2805832000001,-1561.4208748000003,-1510.0000000000002,34.2805832,"[""ALL"", ""LOW""]"
2023-08-24,2023-08-18 10:00:00+05:30,development,bear_condor,-477.4233488999993,-528.6350233499993,-374.9999999999993,102.42334890000001,"[""ALL"", ""LOW""]"
2023-08-24,2023-08-18 10:00:00+05:30,development,bear_butterfly,-304.8968954999996,-344.84534324999953,-224.99999999999955,79.8968955,"[""ALL"", ""LOW""]"
2023-08-24,2023-08-18 10:00:00+05:30,development,risk_reversal,-3634.3497992499993,-3662.774698874999,-3577.499999999999,56.84979924999999,"[""ALL"", ""LOW""]"
2023-08-24,2023-08-18 10:00:00+05:30,development,batman,4027.844933450002,3968.017400175002,4147.500000000002,119.65506654999999,"[""ALL"", ""LOW""]"
2023-08-24,2023-08-18 10:00:00+05:30,development,jade_lizard,1741.0325492500006,1697.7988238750004,1827.5000000000005,86.46745075000001,"[""ALL"", ""LOW""]"
2023-08-24,2023-08-18 10:00:00+05:30,development,reverse_jade_lizard,451.08285610000087,409.1242841500009,535.0000000000009,83.91714390000001,"[""ALL"", ""LOW""]"
2023-08-24,2023-08-18 10:00:00+05:30,development,long_iron_condor,798.510094250001,744.0151413750009,907.5000000000009,108.98990574999999,"[""ALL"", ""LOW""]"
2023-08-24,2023-08-18 10:00:00+05:30,development,long_iron_butterfly,626.1178737499995,567.9268106249995,742.4999999999995,116.38212625,"[""ALL"", ""LOW""]"
2023-08-24,2023-08-18 10:00:00+05:30,development,double_plateau,53.20680195000182,-31.43979707499821,222.50000000000182,169.29319805,"[""ALL"", ""LOW""]"
2023-08-24,2023-08-18 10:00:00+05:30,development,strip,-7224.155477000001,-7256.233215500001,-7160.000000000001,64.155477,"[""ALL"", ""LOW""]"
2023-08-24,2023-08-18 10:00:00+05:30,development,strap,-1403.0418258000013,-1439.5627387000013,-1330.0000000000014,73.0418258,"[""ALL"", ""LOW""]"
2023-08-24,2023-08-18 10:00:00+05:30,development,long_synthetic_future,5755.960857399999,5723.941286099999,5819.999999999999,64.0391426,"[""ALL"", ""LOW""]"
2023-08-24,2023-08-18 10:00:00+05:30,development,short_synthetic_future,-5900.5702926,-5930.8554389,-5840.0,60.5702926,"[""ALL"", ""LOW""]"
2023-08-31,2023-08-25 10:00:00+05:30,development,buy_call,-3855.9791193999995,-3868.9686790999995,-3829.9999999999995,25.9791194,"[""ALL"", ""LOW""]"
2023-08-31,2023-08-25 10:00:00+05:30,development,sell_put,719.1792767500006,702.5189151250006,752.5000000000006,33.32072325,"[""ALL"", ""LOW""]"
2023-08-31,2023-08-25 10:00:00+05:30,development,bull_condor,-470.9182011999993,-521.3773017999993,-369.9999999999993,100.9182012,"[""ALL"", ""LOW""]"
2023-08-31,2023-08-25 10:00:00+05:30,development,bull_butterfly,-295.8212938499991,-334.9819407749991,-217.4999999999991,78.32129385,"[""ALL"", ""LOW""]"
2023-08-31,2023-08-25 10:00:00+05:30,development,range_forward,-860.5685440999991,-888.3528161499991,-804.9999999999991,55.5685441,"[""ALL"", ""LOW""]"
2023-08-31,2023-08-25 10:00:00+05:30,development,buy_put,-795.37001075,-811.805016125,-762.5,32.87001075,"[""ALL"", ""LOW""]"
2023-08-31,2023-08-25 10:00:00+05:30,development,sell_call,3791.7450056000002,3777.6175084000006,3820.0000000000005,28.2549944,"[""ALL"", ""LOW""]"
2023-08-31,2023-08-25 10:00:00+05:30,development,bear_condor,1764.6607409500011,1710.7411114250012,1872.5000000000011,107.83925904999997,"[""ALL"", ""LOW""]"
2023-08-31,2023-08-25 10:00:00+05:30,development,bear_butterfly,1969.3490975000009,1926.5236462500009,2055.000000000001,85.6509025,"[""ALL"", ""LOW""]"
2023-08-31,2023-08-25 10:00:00+05:30,development,risk_reversal,728.9584309000003,700.9376463500003,785.0000000000002,56.04156909999999,"[""ALL"", ""LOW""]"
2023-08-31,2023-08-25 10:00:00+05:30,development,batman,5565.614687800002,5508.422031700002,5680.000000000002,114.38531219999999,"[""ALL"", ""LOW""]"
2023-08-31,2023-08-25 10:00:00+05:30,development,jade_lizard,2700.41073775,2659.366106625,2782.5,82.08926225,"[""ALL"", ""LOW""]"
2023-08-31,2023-08-25 10:00:00+05:30,development,reverse_jade_lizard,1457.1435150000004,1415.7152725000005,1540.0000000000005,82.856485,"[""ALL"", ""LOW""]"
2023-08-31,2023-08-25 10:00:00+05:30,development,long_iron_condor,-1098.7427907499991,-1151.8641861249992,-992.4999999999991,106.24279075,"[""ALL"", ""LOW""]"
2023-08-31,2023-08-25 10:00:00+05:30,development,long_iron_butterfly,542.5459983000007,486.31899745000067,655.0000000000007,112.45400169999999,"[""ALL"", ""LOW""]"
2023-08-31,2023-08-25 10:00:00+05:30,development,double_plateau,1673.5278036500017,1591.541705475002,1837.5000000000018,163.97219635,"[""ALL"", ""LOW""]"
2023-08-31,2023-08-25 10:00:00+05:30,development,strip,-5423.1191409,-5457.17871135,-5355.0,68.1191409,"[""ALL"", ""LOW""]"
2023-08-31,2023-08-25 10:00:00+05:30,development,strap,-8483.72824955,-8514.342374325,-8422.5,61.22824955,"[""ALL"", ""LOW""]"
2023-08-31,2023-08-25 10:00:00+05:30,development,long_synthetic_future,-3136.799842649999,-3166.4497639749993,-3077.499999999999,59.29984265,"[""ALL"", ""LOW""]"
2023-08-31,2023-08-25 10:00:00+05:30,development,short_synthetic_future,2996.3749948500003,2965.8124922750003,3057.5000000000005,61.12500515,"[""ALL"", ""LOW""]"
2023-09-07,2023-09-01 10:00:00+05:30,development,buy_call,15839.553653949999,15813.080480924998,15892.499999999998,52.94634605000002,"[""ALL"", ""LOW""]"
2023-09-07,2023-09-01 10:00:00+05:30,development,sell_put,3846.678115700001,3832.5171735500007,3875.000000000001,28.3218843,"[""ALL"", ""LOW""]"
2023-09-07,2023-09-01 10:00:00+05:30,development,bull_condor,-651.8304757500036,-731.4957136250036,-492.50000000000364,159.33047575,"[""ALL"", ""LOW""]"
2023-09-07,2023-09-01 10:00:00+05:30,development,bull_butterfly,-509.32635785000184,-580.2395367750019,-367.5000000000018,141.82635785000002,"[""ALL"", ""LOW""]"
2023-09-07,2023-09-01 10:00:00+05:30,development,range_forward,17601.27239545,17563.158593175,17677.5,76.22760455,"[""ALL"", ""LOW""]"
2023-09-07,2023-09-01 10:00:00+05:30,development,buy_put,-3911.0132843,-3924.01992645,-3885.0,26.0132843,"[""ALL"", ""LOW""]"
2023-09-07,2023-09-01 10:00:00+05:30,development,sell_call,-15945.98733355,-15967.731000325,-15902.5,43.48733355000002,"[""ALL"", ""LOW""]"
2023-09-07,2023-09-01 10:00:00+05:30,development,bear_condor,-434.26305955,-485.144589325,-332.5,101.76305955,"[""ALL"", ""LOW""]"
2023-09-07,2023-09-01 10:00:00+05:30,development,bear_butterfly,-294.10061889999974,-333.65092834999973,-214.99999999999977,79.1006189,"[""ALL"", ""LOW""]"
2023-09-07,2023-09-01 10:00:00+05:30,development,risk_reversal,-17763.20354205,-17796.055313075,-17697.5,65.70354205,"[""ALL"", ""LOW""]"
2023-09-07,2023-09-01 10:00:00+05:30,development,batman,-10847.105604550003,-10924.408406825001,-10692.500000000002,154.60560454999998,"[""ALL"", ""LOW""]"
2023-09-07,2023-09-01 10:00:00+05:30,development,jade_lizard,1549.67418015,1493.261270225,1662.5,112.82581985000002,"[""ALL"", ""LOW""]"
2023-09-07,2023-09-01 10:00:00+05:30,development,reverse_jade_lizard,-14082.452883,-14128.6793245,-13990.0,92.45288299999999,"[""ALL"", ""LOW""]"
2023-09-07,2023-09-01 10:00:00+05:30,development,long_iron_condor,1477.7380857499982,1410.3571286249983,1612.4999999999982,134.76191425,"[""ALL"", ""LOW""]"
2023-09-07,2023-09-01 10:00:00+05:30,development,long_iron_butterfly,647.3685383999982,576.0528075999981,789.9999999999982,142.6314616,"[""ALL"", ""LOW""]"
2023-09-07,2023-09-01 10:00:00+05:30,development,double_plateau,-803.4269767500018,-913.8904651250018,-582.5000000000018,220.92697675,"[""ALL"", ""LOW""]"
2023-09-07,2023-09-01 10:00:00+05:30,development,strip,8041.127085349998,8000.440628024998,8122.499999999998,81.37291465,"[""ALL"", ""LOW""]"
2023-09-07,2023-09-01 10:00:00+05:30,development,strap,27791.694023599997,27737.541035399998,27899.999999999996,108.30597640000002,"[""ALL"", ""LOW""]"
2023-09-07,2023-09-01 10:00:00+05:30,development,long_synthetic_future,19686.23176965,19645.597654475,19767.5,81.26823035,"[""ALL"", ""LOW""]"
2023-09-07,2023-09-01 10:00:00+05:30,development,short_synthetic_future,-19857.00061785,-19891.750926775,-19787.5,69.50061785,"[""ALL"", ""LOW""]"
2023-09-14,2023-09-08 10:00:00+05:30,development,buy_call,12321.686746399999,12297.530119599998,12369.999999999998,48.313253599999996,"[""ALL"", ""LOW""]"
2023-09-14,2023-09-08 10:00:00+05:30,development,sell_put,3701.8544618000005,3687.7816927000003,3730.0000000000005,28.1455382,"[""ALL"", ""LOW""]"
2023-09-14,2023-09-08 10:00:00+05:30,development,bull_condor,-672.9847424500045,-745.7271136750046,-527.5000000000045,145.48474245,"[""ALL"", ""LOW""]"
2023-09-14,2023-09-08 10:00:00+05:30,development,bull_butterfly,-542.9516421000009,-606.9274631500009,-415.0000000000009,127.95164209999999,"[""ALL"", ""LOW""]"
2023-09-14,2023-09-08 10:00:00+05:30,development,range_forward,13933.523607299998,13897.785410949999,14004.999999999998,71.47639269999999,"[""ALL"", ""LOW""]"
2023-09-14,2023-09-08 10:00:00+05:30,development,buy_put,-3765.9232132,-3778.8848198,-3740.0,25.9232132,"[""ALL"", ""LOW""]"
2023-09-14,2023-09-08 10:00:00+05:30,development,sell_call,-12420.9501286,-12441.4251929,-12380.0,40.9501286,"[""ALL"", ""LOW""]"
2023-09-14,2023-09-08 10:00:00+05:30,development,bear_condor,-471.1570579999998,-521.7355869999998,-369.9999999999998,101.157058,"[""ALL"", ""LOW""]"
2023-09-14,2023-09-08 10:00:00+05:30,development,bear_butterfly,-283.4697046999995,-322.70455704999955,-204.99999999999955,78.4697047,"[""ALL"", ""LOW""]"
2023-09-14,2023-09-08 10:00:00+05:30,development,risk_reversal,-14088.1374677,-14119.70620155,-14025.0,63.1374677,"[""ALL"", ""LOW""]"
2023-09-14,2023-09-08 10:00:00+05:30,development,batman,-7374.747043600002,-7447.120565400001,-7230.000000000002,144.7470436,"[""ALL"", ""LOW""]"
2023-09-14,2023-09-08 10:00:00+05:30,development,jade_lizard,1314.3637972000001,1261.5456958,1420.0,105.63620279999998,"[""ALL"", ""LOW""]"
2023-09-14,2023-09-08 10:00:00+05:30,development,reverse_jade_lizard,-10592.17559555,-10637.013393325,-10502.5,89.67559555,"[""ALL"", ""LOW""]"
2023-09-14,2023-09-08 10:00:00+05:30,development,long_iron_condor,1667.4482540999963,1603.6723811499965,1794.9999999999964,127.5517459,"[""ALL"", ""LOW""]"
2023-09-14,2023-09-08 10:00:00+05:30,development,long_iron_butterfly,667.1981827499982,599.5472741249982,802.4999999999982,135.30181725,"[""ALL"", ""LOW""]"
2023-09-14,2023-09-08 10:00:00+05:30,development,double_plateau,-826.421346800001,-929.6320202000009,-620.0000000000009,206.42134679999998,"[""ALL"", ""LOW""]"
2023-09-14,2023-09-08 10:00:00+05:30,development,strip,4813.440319999998,4775.160479999998,4889.999999999998,76.55968,"[""ALL"", ""LOW""]"
2023-09-14,2023-09-08 10:00:00+05:30,development,strap,20901.050279599996,20851.575419399996,20999.999999999996,98.94972039999999,"[""ALL"", ""LOW""]"
2023-09-14,2023-09-08 10:00:00+05:30,development,long_synthetic_future,16023.541208199998,15985.311812299999,16099.999999999998,76.4587918,"[""ALL"", ""LOW""]"
2023-09-14,2023-09-08 10:00:00+05:30,development,short_synthetic_future,-16186.8733418,-16220.3100127,-16120.0,66.8733418,"[""ALL"", ""LOW""]"
2023-09-21,2023-09-14 10:00:00+05:30,development,buy_call,-6069.85348015,-6083.530220225,-6042.5,27.353480150000003,"[""ALL"", ""LOW""]"
2023-09-21,2023-09-14 10:00:00+05:30,development,sell_put,-14920.47923925,-14941.968858875,-14877.5,42.979239249999985,"[""ALL"", ""LOW""]"
2023-09-21,2023-09-14 10:00:00+05:30,development,bull_condor,-444.1902902499995,-497.5354353749995,-337.49999999999955,106.69029024999999,"[""ALL"", ""LOW""]"
2023-09-21,2023-09-14 10:00:00+05:30,development,bull_butterfly,-242.13210184999863,-284.4481527749986,-157.49999999999864,84.63210185,"[""ALL"", ""LOW""]"
2023-09-21,2023-09-14 10:00:00+05:30,development,range_forward,-18271.7261745,-18305.08926175,-18205.0,66.72617450000001,"[""ALL"", ""LOW""]"
2023-09-21,2023-09-14 10:00:00+05:30,development,buy_put,14815.671623250002,14789.757434875002,14867.500000000002,51.82837674999999,"[""ALL"", ""LOW""]"
2023-09-21,2023-09-14 10:00:00+05:30,development,sell_call,6001.55420735,5986.081311025,6032.5,30.94579265,"[""ALL"", ""LOW""]"
2023-09-21,2023-09-14 10:00:00+05:30,development,bear_condor,-540.8434659500027,-620.0151989250028,-382.50000000000273,158.34346595,"[""ALL"", ""LOW""]"
2023-09-21,2023-09-14 10:00:00+05:30,development,bear_butterfly,-320.6763716000018,-391.01455740000176,-180.00000000000182,140.67637159999998,"[""ALL"", ""LOW""]"
2023-09-21,2023-09-14 10:00:00+05:30,development,risk_reversal,18107.4478005,18068.67170075,18185.0,77.5521995,"[""ALL"", ""LOW""]"
2023-09-21,2023-09-14 10:00:00+05:30,development,batman,-7703.8882777,-7783.33241655,-7545.0,158.88827770000003,"[""ALL"", ""LOW""]"
2023-09-21,2023-09-14 10:00:00+05:30,development,jade_lizard,-12492.99206565,-12540.738098475,-12397.5,95.49206564999997,"[""ALL"", ""LOW""]"
2023-09-21,2023-09-14 10:00:00+05:30,development,reverse_jade_lizard,3043.36126505,2986.291897575,3157.5,114.13873494999999,"[""ALL"", ""LOW""]"
2023-09-21,2023-09-14 10:00:00+05:30,development,long_iron_condor,1270.6631422499981,1202.2447133749981,1407.4999999999982,136.83685775,"[""ALL"", ""LOW""]"
2023-09-21,2023-09-14 10:00:00+05:30,development,long_iron_butterfly,590.1295415000022,517.6943122500022,735.0000000000023,144.87045849999998,"[""ALL"", ""LOW""]"
2023-09-21,2023-09-14 10:00:00+05:30,development,double_plateau,-562.8084734500005,-675.4627101750004,-337.50000000000045,225.30847345000004,"[""ALL"", ""LOW""]"
2023-09-21,2023-09-14 10:00:00+05:30,development,strip,23585.089766350004,23531.384649525004,23692.500000000004,107.41023365,"[""ALL"", ""LOW""]"
2023-09-21,2023-09-14 10:00:00+05:30,development,strap,2699.564662950002,2658.096994425002,2782.500000000002,82.93533705000002,"[""ALL"", ""LOW""]"
2023-09-21,2023-09-14 10:00:00+05:30,development,long_synthetic_future,-20990.3327194,-21025.4990791,-20920.0,70.3327194,"[""ALL"", ""LOW""]"
2023-09-21,2023-09-14 10:00:00+05:30,development,short_synthetic_future,20817.2258306,20775.8387459,20900.0,82.7741694,"[""ALL"", ""LOW""]"
2023-09-28,2023-09-22 10:00:00+05:30,development,buy_call,-5344.41231145,-5357.868467175,-5317.5,26.91231145,"[""ALL"", ""LOW""]"
2023-09-28,2023-09-22 10:00:00+05:30,development,sell_put,-3785.1989062,-3802.7983593,-3750.0,35.198906199999996,"[""ALL"", ""LOW""]"
2023-09-28,2023-09-22 10:00:00+05:30,development,bull_condor,-526.74428095,-578.866421425,-422.5,104.24428094999999,"[""ALL"", ""LOW""]"
2023-09-28,2023-09-22 10:00:00+05:30,development,bull_butterfly,-282.08619799999997,-323.129297,-200.0,82.086198,"[""ALL"", ""LOW""]"
2023-09-28,2023-09-22 10:00:00+05:30,development,range_forward,-6441.00493455,-6470.257401825,-6382.5,58.50493455,"[""ALL"", ""LOW""]"
2023-09-28,2023-09-22 10:00:00+05:30,development,buy_put,3702.572818799999,3683.859228199999,3739.999999999999,37.42718119999999,"[""ALL"", ""LOW""]"
2023-09-28,2023-09-22 10:00:00+05:30,development,sell_call,5277.42675105,5262.390126575,5307.5,30.07324895,"[""ALL"", ""LOW""]"
2023-09-28,2023-09-22 10:00:00+05:30,development,bear_condor,781.9399138500012,724.1598707750011,897.5000000000011,115.56008615000002,"[""ALL"", ""LOW""]"
2023-09-28,2023-09-22 10:00:00+05:30,development,bear_butterfly,-203.74531184999861,-251.86796777499865,-107.49999999999864,96.24531184999998,"[""ALL"", ""LOW""]"
2023-09-28,2023-09-22 10:00:00+05:30,development,risk_reversal,6300.203427950001,6269.0551419250005,6362.500000000001,62.29657205000001,"[""ALL"", ""LOW""]"
2023-09-28,2023-09-22 10:00:00+05:30,development,batman,2875.790196950001,2812.4352954250007,3002.500000000001,126.70980304999999,"[""ALL"", ""LOW""]"
2023-09-28,2023-09-22 10:00:00+05:30,development,jade_lizard,-1363.9210526499992,-1407.131578974999,-1277.499999999999,86.42105264999998,"[""ALL"", ""LOW""]"
2023-09-28,2023-09-22 10:00:00+05:30,development,reverse_jade_lizard,2298.976211800001,2253.4643177000007,2390.000000000001,91.02378820000001,"[""ALL"", ""LOW""]"
2023-09-28,2023-09-22 10:00:00+05:30,development,long_iron_condor,1394.0413586500003,1337.3120379750005,1507.5000000000005,113.45864135,"[""ALL"", ""LOW""]"
2023-09-28,2023-09-22 10:00:00+05:30,development,long_iron_butterfly,693.6423230999995,632.9634846499996,814.9999999999995,121.35767689999997,"[""ALL"", ""LOW""]"
2023-09-28,2023-09-22 10:00:00+05:30,development,double_plateau,-485.83150984999816,-574.9972647749983,-307.4999999999982,178.33150985,"[""ALL"", ""LOW""]"
2023-09-28,2023-09-22 10:00:00+05:30,development,strip,2084.3333261499984,2045.2499892249982,2162.499999999998,78.16667385,"[""ALL"", ""LOW""]"
2023-09-28,2023-09-22 10:00:00+05:30,development,strap,-6962.651804100001,-6996.477706150001,-6895.000000000001,67.6518041,"[""ALL"", ""LOW""]"
2023-09-28,2023-09-22 10:00:00+05:30,development,long_synthetic_future,-9129.61121765,-9160.666826475,-9067.5,62.11121765,"[""ALL"", ""LOW""]"
2023-09-28,2023-09-22 10:00:00+05:30,development,short_synthetic_future,8979.99956985,8946.249354775,9047.5,67.50043015000001,"[""ALL"", ""LOW""]"
2023-10-05,2023-09-28 10:00:00+05:30,development,buy_call,-5902.2494325,-5915.87414875,-5875.0,27.249432499999998,"[""ALL"", ""LOW""]"
2023-10-05,2023-09-28 10:00:00+05:30,development,sell_put,-2514.7085785999993,-2532.0628678999997,-2479.9999999999995,34.7085786,"[""ALL"", ""LOW""]"
2023-10-05,2023-09-28 10:00:00+05:30,development,bull_condor,-498.4849177499998,-551.4773766249998,-392.4999999999998,105.98491775,"[""ALL"", ""LOW""]"
2023-10-05,2023-09-28 10:00:00+05:30,development,bull_butterfly,-276.38215195,-318.323227925,-192.5,83.88215195,"[""ALL"", ""LOW""]"
2023-10-05,2023-09-28 10:00:00+05:30,development,range_forward,-5638.3922832,-5667.5884248,-5580.0,58.392283199999994,"[""ALL"", ""LOW""]"
2023-10-05,2023-09-28 10:00:00+05:30,development,buy_put,2433.818796399999,2415.728194599999,2469.999999999999,36.1812036,"[""ALL"", ""LOW""]"
2023-10-05,2023-09-28 10:00:00+05:30,development,sell_call,5834.257917500001,5818.886876250001,5865.000000000001,30.742082500000002,"[""ALL"", ""LOW""]"
2023-10-05,2023-09-28 10:00:00+05:30,development,bear_condor,1846.0966854,1789.1450281,1960.0,113.90331460000002,"[""ALL"", ""LOW""]"
2023-10-05,2023-09-28 10:00:00+05:30,development,bear_butterfly,-180.81607925,-227.474118875,-87.5,93.31607925,"[""ALL"", ""LOW""]"
2023-10-05,2023-09-28 10:00:00+05:30,development,risk_reversal,5498.293566800001,5467.440350200001,5560.000000000001,61.70643319999999,"[""ALL"", ""LOW""]"
2023-10-05,2023-09-28 10:00:00+05:30,development,batman,4688.6398011,4625.45970165,4815.0,126.3601989,"[""ALL"", ""LOW""]"
2023-10-05,2023-09-28 10:00:00+05:30,development,jade_lizard,-34.413189049998635,-77.86978357499862,52.500000000001364,86.91318905,"[""ALL"", ""LOW""]"
2023-10-05,2023-09-28 10:00:00+05:30,development,reverse_jade_lizard,2797.396171050001,2752.3442565750015,2887.5000000000014,90.10382895,"[""ALL"", ""LOW""]"
2023-10-05,2023-09-28 10:00:00+05:30,development,long_iron_condor,1357.156547,1300.7348205,1470.0,112.84345299999998,"[""ALL"", ""LOW""]"
2023-10-05,2023-09-28 10:00:00+05:30,development,long_iron_butterfly,684.2791872999991,623.918780949999,804.9999999999991,120.72081269999998,"[""ALL"", ""LOW""]"
2023-10-05,2023-09-28 10:00:00+05:30,development,double_plateau,-457.1982312,-545.7973468,-280.0,177.1982312,"[""ALL"", ""LOW""]"
2023-10-05,2023-09-28 10:00:00+05:30,development,strip,-1011.0118397000018,-1049.0177595500018,-935.0000000000018,76.0118397,"[""ALL"", ""LOW""]"
2023-10-05,2023-09-28 10:00:00+05:30,development,strap,-9347.0800686,-9380.6201029,-9280.0,67.0800686,"[""ALL"", ""LOW""]"
2023-10-05,2023-09-28 10:00:00+05:30,development,long_synthetic_future,-8416.9580111,-8447.93701665,-8355.0,61.958011100000014,"[""ALL"", ""LOW""]"
2023-10-05,2023-09-28 10:00:00+05:30,development,short_synthetic_future,8268.0767139,8234.61507085,8335.0,66.92328610000001,"[""ALL"", ""LOW""]"
2023-10-12,2023-10-06 10:00:00+05:30,development,buy_call,4503.885537949999,4484.578306924999,4542.499999999999,38.61446205,"[""ALL"", ""LOW""]"
2023-10-12,2023-10-06 10:00:00+05:30,development,sell_put,4283.646036950001,4269.219055425001,4312.500000000001,28.85396305,"[""ALL"", ""LOW""]"
2023-10-12,2023-10-06 10:00:00+05:30,development,bull_condor,-276.5201484000002,-334.78022260000023,-160.00000000000023,116.5201484,"[""ALL"", ""LOW""]"
2023-10-12,2023-10-06 10:00:00+05:30,development,bull_butterfly,-351.0769621499997,-400.3654432249997,-252.49999999999972,98.57696215,"[""ALL"", ""LOW""]"
2023-10-12,2023-10-06 10:00:00+05:30,development,range_forward,6517.622644799999,6486.433967199999,6579.999999999999,62.377355200000004,"[""ALL"", ""LOW""]"
2023-10-12,2023-10-06 10:00:00+05:30,development,buy_put,-4348.78505055,-4361.927575825,-4322.5,26.285050549999998,"[""ALL"", ""LOW""]"
2023-10-12,2023-10-06 10:00:00+05:30,development,sell_call,-4588.40869955,-4606.363049325,-4552.5,35.90869955,"[""ALL"", ""LOW""]"
2023-10-12,2023-10-06 10:00:00+05:30,development,bear_condor,-467.6054665,-518.90819975,-365.0,102.60546649999999,"[""ALL"", ""LOW""]"
2023-10-12,2023-10-06 10:00:00+05:30,development,bear_butterfly,-300.04537179999977,-340.06805769999977,-219.99999999999977,80.04537180000001,"[""ALL"", ""LOW""]"
2023-10-12,2023-10-06 10:00:00+05:30,development,risk_reversal,-6658.4563052,-6687.6844578,-6600.0,58.4563052,"[""ALL"", ""LOW""]"
2023-10-12,2023-10-06 10:00:00+05:30,development,batman,1048.6386587,985.45798805,1175.0,126.36134129999999,"[""ALL"", ""LOW""]"
2023-10-12,2023-10-06 10:00:00+05:30,development,jade_lizard,1766.0122248500002,1720.2683372750002,1857.5000000000002,91.48777515,"[""ALL"", ""LOW""]"
2023-10-12,2023-10-06 10:00:00+05:30,development,reverse_jade_lizard,-2583.05742205,-2625.836133075,-2497.5,85.55742205,"[""ALL"", ""LOW""]"
2023-10-12,2023-10-06 10:00:00+05:30,development,long_iron_condor,1508.8463771499994,1452.0195657249992,1622.4999999999993,113.65362285,"[""ALL"", ""LOW""]"
2023-10-12,2023-10-06 10:00:00+05:30,development,long_iron_butterfly,688.5289755999995,627.7934633999995,809.9999999999995,121.4710244,"[""ALL"", ""LOW""]"
2023-10-12,2023-10-06 10:00:00+05:30,development,double_plateau,-651.1223339499998,-740.4335009249996,-472.4999999999997,178.62233394999998,"[""ALL"", ""LOW""]"
2023-10-12,2023-10-06 10:00:00+05:30,development,strip,-4170.084563150001,-4203.876844725001,-4102.500000000001,67.58456315,"[""ALL"", ""LOW""]"
2023-10-12,2023-10-06 10:00:00+05:30,development,strap,4682.586025349998,4642.629038024998,4762.499999999998,79.91397465,"[""ALL"", ""LOW""]"
2023-10-12,2023-10-06 10:00:00+05:30,development,long_synthetic_future,8787.5315749,8753.79736235,8855.0,67.4684251,"[""ALL"", ""LOW""]"
2023-10-12,2023-10-06 10:00:00+05:30,development,short_synthetic_future,-8937.1937501,-8968.29062515,-8875.0,62.19375010000001,"[""ALL"", ""LOW""]"
2023-10-19,2023-10-13 10:00:00+05:30,development,buy_call,-5466.9792192,-5480.4688288,-5440.0,26.9792192,"[""ALL"", ""LOW""]"
2023-10-19,2023-10-13 10:00:00+05:30,development,sell_put,608.6993910000006,593.0490865000006,640.0000000000006,31.300609,"[""ALL"", ""LOW""]"
2023-10-19,2023-10-13 10:00:00+05:30,development,bull_condor,-559.1771947,-611.2657920500001,-455.0,104.17719469999999,"[""ALL"", ""LOW""]"
2023-10-19,2023-10-13 10:00:00+05:30,development,bull_butterfly,-307.0649803,-348.09747045,-225.0,82.06498029999997,"[""ALL"", ""LOW""]"
2023-10-19,2023-10-13 10:00:00+05:30,development,range_forward,-2009.7441120999995,-2037.1161681499996,-1954.9999999999995,54.7441121,"[""ALL"", ""LOW""]"
2023-10-19,2023-10-13 10:00:00+05:30,development,buy_put,-680.916834,-696.375251,-650.0,30.916834,"[""ALL"", ""LOW""]"
2023-10-19,2023-10-13 10:00:00+05:30,development,sell_call,5399.7869558,5384.6804337,5430.0,30.213044200000002,"[""ALL"", ""LOW""]"
2023-10-19,2023-10-13 10:00:00+05:30,development,bear_condor,800.2528429,747.87926435,905.0,104.74715710000001,"[""ALL"", ""LOW""]"
2023-10-19,2023-10-13 10:00:00+05:30,development,bear_butterfly,990.3131339500003,949.2197009250002,1072.5000000000002,82.18686604999999,"[""ALL"", ""LOW""]"
2023-10-19,2023-10-13 10:00:00+05:30,development,risk_reversal,1879.098612900001,1851.1479193500008,1935.000000000001,55.9013871,"[""ALL"", ""LOW""]"
2023-10-19,2023-10-13 10:00:00+05:30,development,batman,4905.5400272,4848.3100408,5020.0,114.45997280000002,"[""ALL"", ""LOW""]"
2023-10-19,2023-10-13 10:00:00+05:30,development,jade_lizard,3169.8207595500016,3128.481139325002,3252.500000000002,82.67924045,"[""ALL"", ""LOW""]"
2023-10-19,2023-10-13 10:00:00+05:30,development,reverse_jade_lizard,3552.558360900002,3511.3375413500016,3635.000000000002,82.4416391,"[""ALL"", ""LOW""]"
2023-10-19,2023-10-13 10:00:00+05:30,development,long_iron_condor,-2258.21854815,-2311.077822225,-2152.5,105.71854815,"[""ALL"", ""LOW""]"
2023-10-19,2023-10-13 10:00:00+05:30,development,long_iron_butterfly,-539.50104605,-595.501569075,-427.5,112.00104604999997,"[""ALL"", ""LOW""]"
2023-10-19,2023-10-13 10:00:00+05:30,development,double_plateau,683.24815365,601.1222304749999,847.5,164.25184635,"[""ALL"", ""LOW""]"
2023-10-19,2023-10-13 10:00:00+05:30,development,strip,-6805.2128872,-6837.8193308,-6740.0,65.21288720000001,"[""ALL"", ""LOW""]"
2023-10-19,2023-10-13 10:00:00+05:30,development,strap,-11591.2752724,-11621.9129086,-11530.0,61.275272400000006,"[""ALL"", ""LOW""]"
2023-10-19,2023-10-13 10:00:00+05:30,development,long_synthetic_future,-4858.279828199999,-4887.419742299999,-4799.999999999999,58.2798282,"[""ALL"", ""LOW""]"
2023-10-19,2023-10-13 10:00:00+05:30,development,short_synthetic_future,4718.8701218,4688.3051827,4780.0,61.1298782,"[""ALL"", ""LOW""]"
2023-10-26,2023-10-19 10:00:00+05:30,development,buy_call,-5396.9357366,-5410.4036049,-5370.0,26.9357366,"[""ALL"", ""LOW""]"
2023-10-26,2023-10-19 10:00:00+05:30,development,sell_put,-31296.540562949995,-31323.560844424996,-31242.499999999996,54.040562949999995,"[""ALL"", ""LOW""]"
2023-10-26,2023-10-19 10:00:00+05:30,development,bull_condor,-514.9714602,-567.4571903,-410.0,104.9714602,"[""ALL"", ""LOW""]"
2023-10-26,2023-10-19 10:00:00+05:30,development,bull_butterfly,-330.20365925,-371.555488875,-247.5,82.70365924999999,"[""ALL"", ""LOW""]"
2023-10-26,2023-10-19 10:00:00+05:30,development,range_forward,-34189.80119875,-34228.451798125,-34112.5,77.30119875,"[""ALL"", ""LOW""]"
2023-10-26,2023-10-19 10:00:00+05:30,development,buy_put,31159.87312455,31123.559686825,31232.5,72.62687545,"[""ALL"", ""LOW""]"
2023-10-26,2023-10-19 10:00:00+05:30,development,sell_call,5329.8720884,5314.8081326,5360.0,30.127911599999997,"[""ALL"", ""LOW""]"
2023-10-26,2023-10-19 10:00:00+05:30,development,bear_condor,-458.8483372499891,-569.5225058749891,-237.4999999999891,221.34833725000001,"[""ALL"", ""LOW""]"
2023-10-26,2023-10-19 10:00:00+05:30,development,bear_butterfly,-256.21508054998185,-358.07262082498175,-52.49999999998181,203.71508055,"[""ALL"", ""LOW""]"
2023-10-26,2023-10-19 10:00:00+05:30,development,risk_reversal,33994.907813750004,33946.111720625006,34092.50000000001,97.59218625,"[""ALL"", ""LOW""]"
2023-10-26,2023-10-19 10:00:00+05:30,development,batman,-24672.15084114999,-24771.97626172499,-24472.49999999999,199.65084114999996,"[""ALL"", ""LOW""]"
2023-10-26,2023-10-19 10:00:00+05:30,development,jade_lizard,-29005.3939902,-29058.0909853,-28900.0,105.39399019999999,"[""ALL"", ""LOW""]"
2023-10-26,2023-10-19 10:00:00+05:30,development,reverse_jade_lizard,2414.989934000004,2342.4849010000034,2560.0000000000036,145.010066,"[""ALL"", ""LOW""]"
2023-10-26,2023-10-19 10:00:00+05:30,development,long_iron_condor,1317.5319651000073,1233.7979476500072,1485.0000000000073,167.4680349,"[""ALL"", ""LOW""]"
2023-10-26,2023-10-19 10:00:00+05:30,development,long_iron_butterfly,612.0563292500036,524.3344938750037,787.5000000000036,175.44367075000002,"[""ALL"", ""LOW""]"
2023-10-26,2023-10-19 10:00:00+05:30,development,double_plateau,-586.4187397999818,-729.6281096999819,-299.9999999999818,286.4187398,"[""ALL"", ""LOW""]"
2023-10-26,2023-10-19 10:00:00+05:30,development,strip,56946.4105125,56872.11576875,57095.0,148.58948750000002,"[""ALL"", ""LOW""]"
2023-10-26,2023-10-19 10:00:00+05:30,development,strap,20389.60165135,20338.152477025,20492.5,102.89834865,"[""ALL"", ""LOW""]"
2023-10-26,2023-10-19 10:00:00+05:30,development,long_synthetic_future,-36693.47629955,-36733.964449325,-36612.5,80.97629955,"[""ALL"", ""LOW""]"
2023-10-26,2023-10-19 10:00:00+05:30,development,short_synthetic_future,36489.74521295,36438.367819425,36592.5,102.75478704999999,"[""ALL"", ""LOW""]"
2023-11-02,2023-10-27 10:00:00+05:30,development,buy_call,149.28269409999803,131.424041149998,184.999999999998,35.7173059,"[""ALL"", ""LOW""]"
2023-11-02,2023-10-27 10:00:00+05:30,development,sell_put,5464.7079041,5449.56185615,5495.0,30.292095900000003,"[""ALL"", ""LOW""]"
2023-11-02,2023-10-27 10:00:00+05:30,development,bull_condor,2026.0477288000009,1969.071593200001,2140.000000000001,113.95227120000001,"[""ALL"", ""LOW""]"
2023-11-02,2023-10-27 10:00:00+05:30,development,bull_butterfly,511.9854727000018,465.47820905000185,605.0000000000018,93.0145273,"[""ALL"", ""LOW""]"
2023-11-02,2023-10-27 10:00:00+05:30,development,range_forward,3351.6001071500004,3321.1501607250007,3412.5000000000005,60.89989285000001,"[""ALL"", ""LOW""]"
2023-11-02,2023-10-27 10:00:00+05:30,development,buy_put,-5532.0195959,-5545.52939385,-5505.0,27.019595900000002,"[""ALL"", ""LOW""]"
2023-11-02,2023-10-27 10:00:00+05:30,development,sell_call,-230.60425590000028,-248.40638385000028,-195.00000000000028,35.6042559,"[""ALL"", ""LOW""]"
2023-11-02,2023-10-27 10:00:00+05:30,development,bear_condor,-406.4281391999986,-459.6422087999987,-299.99999999999864,106.42813919999999,"[""ALL"", ""LOW""]"
2023-11-02,2023-10-27 10:00:00+05:30,development,bear_butterfly,-259.06420409999816,-301.09630614999816,-174.99999999999818,84.0642041,"[""ALL"", ""LOW""]"
2023-11-02,2023-10-27 10:00:00+05:30,development,risk_reversal,-3491.36350535,-3520.795258025,-3432.5,58.863505350000004,"[""ALL"", ""LOW""]"
2023-11-02,2023-10-27 10:00:00+05:30,development,batman,6316.356113350003,6253.284170025004,6442.500000000004,126.14388665000001,"[""ALL"", ""LOW""]"
2023-11-02,2023-10-27 10:00:00+05:30,development,jade_lizard,2977.82492805,2932.987392075,3067.5,89.67507195,"[""ALL"", ""LOW""]"
2023-11-02,2023-10-27 10:00:00+05:30,development,reverse_jade_lizard,1795.16181435,1751.492721525,1882.5,87.33818565,"[""ALL"", ""LOW""]"
2023-11-02,2023-10-27 10:00:00+05:30,development,long_iron_condor,392.24152490000046,335.86228735000043,505.00000000000045,112.75847510000001,"[""ALL"", ""LOW""]"
2023-11-02,2023-10-27 10:00:00+05:30,development,long_iron_butterfly,524.7172262999995,464.57583944999953,644.9999999999995,120.28277369999999,"[""ALL"", ""LOW""]"
2023-11-02,2023-10-27 10:00:00+05:30,development,double_plateau,252.92126860000366,164.3819029000037,430.00000000000364,177.07873139999998,"[""ALL"", ""LOW""]"
2023-11-02,2023-10-27 10:00:00+05:30,development,strip,-10891.156497700002,-10924.234746550002,-10825.000000000002,66.1564977,"[""ALL"", ""LOW""]"
2023-11-02,2023-10-27 10:00:00+05:30,development,strap,-5209.854207700004,-5247.281311550004,-5135.000000000004,74.8542077,"[""ALL"", ""LOW""]"
2023-11-02,2023-10-27 10:00:00+05:30,development,long_synthetic_future,5613.990598199998,5580.985897299998,5679.999999999998,66.0094018,"[""ALL"", ""LOW""]"
2023-11-02,2023-10-27 10:00:00+05:30,development,short_synthetic_future,-5762.6238518,-5793.9357777000005,-5700.0,62.623851800000004,"[""ALL"", ""LOW""]"
2023-11-09,2023-11-03 10:00:00+05:30,development,buy_call,1303.9115211999997,1285.8672817999998,1339.9999999999998,36.0884788,"[""ALL"", ""LOW""]"
2023-11-09,2023-11-03 10:00:00+05:30,development,sell_put,3766.7754101000005,3752.6631151500005,3795.0000000000005,28.2245899,"[""ALL"", ""LOW""]"
2023-11-09,2023-11-03 10:00:00+05:30,development,bull_condor,1907.8151406000009,1851.722710900001,2020.000000000001,112.1848594,"[""ALL"", ""LOW""]"
2023-11-09,2023-11-03 10:00:00+05:30,development,bull_butterfly,-76.64471829999908,-122.4670774499991,15.00000000000091,91.6447183,"[""ALL"", ""LOW""]"
2023-11-09,2023-11-03 10:00:00+05:30,development,range_forward,3135.6507783000006,3105.9761674500005,3195.0000000000005,59.3492217,"[""ALL"", ""LOW""]"
2023-11-09,2023-11-03 10:00:00+05:30,development,buy_put,-3830.9635898999995,-3843.9453848499998,-3804.9999999999995,25.9635899,"[""ALL"", ""LOW""]"
2023-11-09,2023-11-03 10:00:00+05:30,development,sell_call,-1385.2882038000007,-1402.9323057000006,-1350.0000000000007,35.2882038,"[""ALL"", ""LOW""]"
2023-11-09,2023-11-03 10:00:00+05:30,development,bear_condor,-421.7782618,-472.6673927,-320.0,101.7782618,"[""ALL"", ""LOW""]"
2023-11-09,2023-11-03 10:00:00+05:30,development,bear_butterfly,-299.0577907999998,-338.58668619999975,-219.99999999999977,79.0577908,"[""ALL"", ""LOW""]"
2023-11-09,2023-11-03 10:00:00+05:30,development,risk_reversal,-3272.4422467,-3301.16337005,-3215.0,57.44224669999999,"[""ALL"", ""LOW""]"
2023-11-09,2023-11-03 10:00:00+05:30,development,batman,3683.9884227000007,3623.482634050001,3805.000000000001,121.01157730000001,"[""ALL"", ""LOW""]"
2023-11-09,2023-11-03 10:00:00+05:30,development,jade_lizard,1509.9204704500005,1466.1307056750004,1597.5000000000005,87.57952954999998,"[""ALL"", ""LOW""]"
2023-11-09,2023-11-03 10:00:00+05:30,development,reverse_jade_lizard,330.8429521,288.76442815,415.0,84.1570479,"[""ALL"", ""LOW""]"
2023-11-09,2023-11-03 10:00:00+05:30,development,long_iron_condor,1230.3187340000004,1175.4781010000004,1340.0000000000005,109.68126600000001,"[""ALL"", ""LOW""]"
2023-11-09,2023-11-03 10:00:00+05:30,development,long_iron_butterfly,645.1473097500001,586.4709646250001,762.5000000000001,117.35269025,"[""ALL"", ""LOW""]"
2023-11-09,2023-11-03 10:00:00+05:30,development,double_plateau,-375.7025090999991,-461.0537636499991,-204.9999999999991,170.7025091,"[""ALL"", ""LOW""]"
2023-11-09,2023-11-03 10:00:00+05:30,development,strip,-6334.415658599999,-6366.623487899999,-6269.999999999999,64.4156586,"[""ALL"", ""LOW""]"
2023-11-09,2023-11-03 10:00:00+05:30,development,strap,-1199.5405475,-1236.8108212500001,-1125.0,74.5405475,"[""ALL"", ""LOW""]"
2023-11-09,2023-11-03 10:00:00+05:30,development,long_synthetic_future,5070.6869313,5038.53039695,5135.0,64.3130687,"[""ALL"", ""LOW""]"
2023-11-09,2023-11-03 10:00:00+05:30,development,short_synthetic_future,-5216.2517937,-5246.87769055,-5155.0,61.2517937,"[""ALL"", ""LOW""]"
2023-11-16,2023-11-10 10:00:00+05:30,development,buy_call,16388.4915726,16362.7373589,16440.0,51.5084274,"[""ALL"", ""LOW""]"
2023-11-16,2023-11-10 10:00:00+05:30,development,sell_put,4386.0213785000005,4371.532067750001,4415.000000000001,28.9786215,"[""ALL"", ""LOW""]"
2023-11-16,2023-11-10 10:00:00+05:30,development,bull_condor,-502.3812680499982,-579.8219020749982,-347.4999999999982,154.88126805,"[""ALL"", ""LOW""]"
2023-11-16,2023-11-10 10:00:00+05:30,development,bull_butterfly,-391.9058447000018,-460.3587670500018,-255.00000000000182,136.9058447,"[""ALL"", ""LOW""]"
2023-11-16,2023-11-10 10:00:00+05:30,development,range_forward,18357.11345175,18319.420177625,18432.5,75.38654825,"[""ALL"", ""LOW""]"
2023-11-16,2023-11-10 10:00:00+05:30,development,buy_put,-4451.3487215,-4464.52308225,-4425.0,26.3487215,"[""ALL"", ""LOW""]"
2023-11-16,2023-11-10 10:00:00+05:30,development,sell_call,-16491.7236524,-16512.5854786,-16450.0,41.723652400000006,"[""ALL"", ""LOW""]"
2023-11-16,2023-11-10 10:00:00+05:30,development,bear_condor,-522.2767527999999,-573.4151291999999,-420.0,102.27675279999998,"[""ALL"", ""LOW""]"
2023-11-16,2023-11-10 10:00:00+05:30,development,bear_butterfly,-347.29468044999976,-387.19202067499975,-267.4999999999998,79.79468045,"[""ALL"", ""LOW""]"
2023-11-16,2023-11-10 10:00:00+05:30,development,risk_reversal,-18516.91326075,-18549.119891125,-18452.5,64.41326074999999,"[""ALL"", ""LOW""]"
2023-11-16,2023-11-10 10:00:00+05:30,development,batman,-10673.85811835,-10749.537177525,-10522.5,151.35811835,"[""ALL"", ""LOW""]"
2023-11-16,2023-11-10 10:00:00+05:30,development,jade_lizard,1612.003557550002,1556.7553363250017,1722.5000000000018,110.49644245,"[""ALL"", ""LOW""]"
2023-11-16,2023-11-10 10:00:00+05:30,development,reverse_jade_lizard,-14331.4782016,-14377.2173024,-14240.0,91.4782016,"[""ALL"", ""LOW""]"
2023-11-16,2023-11-10 10:00:00+05:30,development,long_iron_condor,1659.696444950002,1593.2946674250018,1792.5000000000018,132.80355505,"[""ALL"", ""LOW""]"
2023-11-16,2023-11-10 10:00:00+05:30,development,long_iron_butterfly,707.07234105,636.858511575,847.5,140.42765895000002,"[""ALL"", ""LOW""]"
2023-11-16,2023-11-10 10:00:00+05:30,development,double_plateau,-739.2005251500018,-847.5507877250018,-522.5000000000018,216.70052514999998,"[""ALL"", ""LOW""]"
2023-11-16,2023-11-10 10:00:00+05:30,development,strip,7509.3941296,7469.0911944,7590.0,80.60587039999999,"[""ALL"", ""LOW""]"
2023-11-16,2023-11-10 10:00:00+05:30,development,strap,28349.2344237,28296.35163555,28455.0,105.76557629999999,"[""ALL"", ""LOW""]"
2023-11-16,2023-11-10 10:00:00+05:30,development,long_synthetic_future,20774.5129511,20734.26942665,20855.0,80.48704889999999,"[""ALL"", ""LOW""]"
2023-11-16,2023-11-10 10:00:00+05:30,development,short_synthetic_future,-20943.0723739,-20977.10856085,-20875.0,68.0723739,"[""ALL"", ""LOW""]"
2023-11-23,2023-11-17 10:00:00+05:30,development,buy_call,-6040.009393949999,-6053.764090924999,-6012.499999999999,27.50939395,"[""ALL"", ""LOW""]"
2023-11-23,2023-11-17 10:00:00+05:30,development,sell_put,3996.4956887000008,3982.243533050001,4025.000000000001,28.504311299999998,"[""ALL"", ""LOW""]"
2023-11-23,2023-11-17 10:00:00+05:30,development,bull_condor,-531.0051060999994,-584.0076591499993,-424.9999999999993,106.0051061,"[""ALL"", ""LOW""]"
2023-11-23,2023-11-17 10:00:00+05:30,development,bull_butterfly,-296.5507511499991,-338.5761267249991,-212.4999999999991,84.05075115000001,"[""ALL"", ""LOW""]"
2023-11-23,2023-11-17 10:00:00+05:30,development,range_forward,-1673.9388748000001,-1700.9083122,-1620.0,53.93887480000001,"[""ALL"", ""LOW""]"
2023-11-23,2023-11-17 10:00:00+05:30,development,buy_put,-4061.1064613,-4074.15969195,-4035.0,26.106461299999996,"[""ALL"", ""LOW""]"
2023-11-23,2023-11-17 10:00:00+05:30,development,sell_call,5971.41614355,5955.874215325,6002.5,31.08385645,"[""ALL"", ""LOW""]"
2023-11-23,2023-11-17 10:00:00+05:30,development,bear_condor,-429.77441445,-480.911621675,-327.5,102.27441445,"[""ALL"", ""LOW""]"
2023-11-23,2023-11-17 10:00:00+05:30,development,bear_butterfly,-247.15906804999977,-286.9886020749998,-167.49999999999977,79.65906805,"[""ALL"", ""LOW""]"
2023-11-23,2023-11-17 10:00:00+05:30,development,risk_reversal,1545.1031752000008,1517.654762800001,1600.000000000001,54.8968248,"[""ALL"", ""LOW""]"
2023-11-23,2023-11-17 10:00:00+05:30,development,batman,3911.226478700001,3854.339718050001,4025.000000000001,113.7735213,"[""ALL"", ""LOW""]"
2023-11-23,2023-11-17 10:00:00+05:30,development,jade_lizard,4182.426056700001,4141.139085050001,4265.000000000001,82.57394330000001,"[""ALL"", ""LOW""]"
2023-11-23,2023-11-17 10:00:00+05:30,development,reverse_jade_lizard,5370.663707950001,5329.745561925001,5452.500000000001,81.83629205,"[""ALL"", ""LOW""]"
2023-11-23,2023-11-17 10:00:00+05:30,development,long_iron_condor,-3579.6337977,-3631.95069655,-3475.0,104.63379769999999,"[""ALL"", ""LOW""]"
2023-11-23,2023-11-17 10:00:00+05:30,development,long_iron_butterfly,-4213.0613785,-4267.09206775,-4105.0,108.0613785,"[""ALL"", ""LOW""]"
2023-11-23,2023-11-17 10:00:00+05:30,development,double_plateau,-543.7098191999992,-625.5647287999991,-379.9999999999991,163.70981920000003,"[""ALL"", ""LOW""]"
2023-11-23,2023-11-17 10:00:00+05:30,development,strip,-14138.62231655,-14166.683474825,-14082.5,56.122316549999994,"[""ALL"", ""LOW""]"
2023-11-23,2023-11-17 10:00:00+05:30,development,strap,-16117.525249199998,-16146.287873799998,-16059.999999999998,57.5252492,"[""ALL"", ""LOW""]"
2023-11-23,2023-11-17 10:00:00+05:30,development,long_synthetic_future,-2043.513705249998,-2071.5205578749983,-1987.4999999999982,56.01370525,"[""ALL"", ""LOW""]"
2023-11-23,2023-11-17 10:00:00+05:30,development,short_synthetic_future,1910.30968225,1881.714523375,1967.5,57.19031775,"[""ALL"", ""LOW""]"
2023-11-30,2023-11-23 10:00:00+05:30,development,buy_call,8057.902313149998,8035.603469724998,8102.499999999998,44.597686849999995,"[""ALL"", ""LOW""]"
2023-11-30,2023-11-23 10:00:00+05:30,development,sell_put,3739.3088550500006,3725.2132825750004,3767.5000000000005,28.191144950000005,"[""ALL"", ""LOW""]"
2023-11-30,2023-11-23 10:00:00+05:30,development,bull_condor,-617.0290907500018,-684.2936361250017,-482.5000000000018,134.52909075,"[""ALL"", ""LOW""]"
2023-11-30,2023-11-23 10:00:00+05:30,development,bull_butterfly,-477.1597344000018,-535.7396016000018,-360.0000000000018,117.15973439999998,"[""ALL"", ""LOW""]"
2023-11-30,2023-11-23 10:00:00+05:30,development,range_forward,9882.1828454,9848.2742681,9950.0,67.8171546,"[""ALL"", ""LOW""]"
2023-11-30,2023-11-23 10:00:00+05:30,development,buy_put,-3803.44650745,-3816.419761175,-3777.5,25.946507450000002,"[""ALL"", ""LOW""]"
2023-11-30,2023-11-23 10:00:00+05:30,development,sell_call,-8152.27372435,-8172.160586525,-8112.5,39.77372435,"[""ALL"", ""LOW""]"
2023-11-30,2023-11-23 10:00:00+05:30,development,bear_condor,-416.8073097,-467.71096454999997,-315.0,101.8073097,"[""ALL"", ""LOW""]"
2023-11-30,2023-11-23 10:00:00+05:30,development,bear_butterfly,-289.1158865999997,-328.67382989999976,-209.99999999999977,79.11588659999998,"[""ALL"", ""LOW""]"
2023-11-30,2023-11-23 10:00:00+05:30,development,risk_reversal,-10031.8909546,-10062.8364319,-9970.0,61.89095459999999,"[""ALL"", ""LOW""]"
2023-11-30,2023-11-23 10:00:00+05:30,development,batman,-3193.405402700002,-3262.6081040500017,-3055.000000000002,138.40540269999997,"[""ALL"", ""LOW""]"
2023-11-30,2023-11-23 10:00:00+05:30,development,jade_lizard,1591.9617869499991,1541.692680424999,1692.499999999999,100.53821305000001,"[""ALL"", ""LOW""]"
2023-11-30,2023-11-23 10:00:00+05:30,development,reverse_jade_lizard,-6396.1315014500005,-6440.447252175001,-6307.500000000001,88.63150144999999,"[""ALL"", ""LOW""]"
2023-11-30,2023-11-23 10:00:00+05:30,development,long_iron_condor,1427.550914599999,1366.326371899999,1549.999999999999,122.4490854,"[""ALL"", ""LOW""]"
2023-11-30,2023-11-23 10:00:00+05:30,development,long_iron_butterfly,639.6848003999972,574.5272005999973,769.9999999999973,130.3151996,"[""ALL"", ""LOW""]"
2023-11-30,2023-11-23 10:00:00+05:30,development,double_plateau,-766.2756210000018,-864.4134315000018,-570.0000000000018,196.275621,"[""ALL"", ""LOW""]"
2023-11-30,2023-11-23 10:00:00+05:30,development,strip,474.6092982499982,438.1639473749982,547.4999999999982,72.89070174999999,"[""ALL"", ""LOW""]"
2023-11-30,2023-11-23 10:00:00+05:30,development,strap,12335.958118849996,12290.187178274997,12427.499999999996,91.54188115,"[""ALL"", ""LOW""]"
2023-11-30,2023-11-23 10:00:00+05:30,development,long_synthetic_future,11797.211168199998,11760.816752299997,11869.999999999998,72.78883179999998,"[""ALL"", ""LOW""]"
2023-11-30,2023-11-23 10:00:00+05:30,development,short_synthetic_future,-11955.7202318,-11988.5803477,-11890.0,65.7202318,"[""ALL"", ""LOW""]"
2023-12-07,2023-12-01 10:00:00+05:30,development,buy_call,24156.7568525,24122.63527875,24225.0,68.2431475,"[""ALL"", ""LOW""]"
2023-12-07,2023-12-01 10:00:00+05:30,development,sell_put,4720.6139582000005,4705.920937300001,4750.000000000001,29.386041800000008,"[""ALL"", ""LOW""]"
2023-12-07,2023-12-01 10:00:00+05:30,development,bull_condor,-711.2295177499964,-815.5942766249964,-502.49999999999636,208.72951774999999,"[""ALL"", ""LOW""]"
2023-12-07,2023-12-01 10:00:00+05:30,development,bull_butterfly,-431.8473711999927,-527.7710567999927,-239.99999999999272,191.8473712,"[""ALL"", ""LOW""]"
2023-12-07,2023-12-01 10:00:00+05:30,development,range_forward,27082.371095500002,27036.056643250005,27175.000000000004,92.6289045,"[""ALL"", ""LOW""]"
2023-12-07,2023-12-01 10:00:00+05:30,development,buy_put,-4786.5568168,-4799.8352252,-4760.0,26.556816800000007,"[""ALL"", ""LOW""]"
2023-12-07,2023-12-01 10:00:00+05:30,development,sell_call,-24288.826297499996,-24315.739446249998,-24234.999999999996,53.82629750000001,"[""ALL"", ""LOW""]"
2023-12-07,2023-12-01 10:00:00+05:30,development,bear_condor,-370.2258941,-422.83884115,-265.0,105.22589409999999,"[""ALL"", ""LOW""]"
2023-12-07,2023-12-01 10:00:00+05:30,development,bear_butterfly,-232.6430942,-273.9646413,-150.0,82.6430942,"[""ALL"", ""LOW""]"
2023-12-07,2023-12-01 10:00:00+05:30,development,risk_reversal,-27271.4538295,-27309.68074425,-27195.0,76.45382949999998,"[""ALL"", ""LOW""]"
2023-12-07,2023-12-01 10:00:00+05:30,development,batman,-18815.17294294999,-18911.50941442499,-18622.49999999999,192.67294295,"[""ALL"", ""LOW""]"
2023-12-07,2023-12-01 10:00:00+05:30,development,jade_lizard,2675.7614697000035,2606.1422045500035,2815.0000000000036,139.23853029999998,"[""ALL"", ""LOW""]"
2023-12-07,2023-12-01 10:00:00+05:30,development,reverse_jade_lizard,-22709.4050645,-22761.60759675,-22605.0,104.40506449999998,"[""ALL"", ""LOW""]"
2023-12-07,2023-12-01 10:00:00+05:30,development,long_iron_condor,903.6742691000036,823.0114036500036,1065.0000000000036,161.3257309,"[""ALL"", ""LOW""]"
2023-12-07,2023-12-01 10:00:00+05:30,development,long_iron_butterfly,377.83732545000726,293.00598817500725,547.5000000000073,169.66267455,"[""ALL"", ""LOW""]"
2023-12-07,2023-12-01 10:00:00+05:30,development,double_plateau,-652.0607884499891,-789.3411826749891,-377.4999999999891,274.56078845,"[""ALL"", ""LOW""]"
2023-12-07,2023-12-01 10:00:00+05:30,development,strip,14607.2432189,14558.36482835,14705.0,97.7567811,"[""ALL"", ""LOW""]"
2023-12-07,2023-12-01 10:00:00+05:30,development,strap,43550.5568882,43480.8353323,43690.0,139.4431118,"[""ALL"", ""LOW""]"
2023-12-07,2023-12-01 10:00:00+05:30,development,long_synthetic_future,28877.3708107,28828.55621605,28975.0,97.6291893,"[""ALL"", ""LOW""]"
2023-12-07,2023-12-01 10:00:00+05:30,development,short_synthetic_future,-29075.383114299995,-29115.574671449995,-28994.999999999996,80.3831143,"[""ALL"", ""LOW""]"
2023-12-14,2023-12-08 10:00:00+05:30,development,buy_call,2526.2366034999977,2506.8549052499975,2564.9999999999977,38.76339649999999,"[""ALL"", ""LOW""]"
2023-12-14,2023-12-08 10:00:00+05:30,development,sell_put,4970.309913200001,4955.464869800001,5000.000000000001,29.6900868,"[""ALL"", ""LOW""]"
2023-12-14,2023-12-08 10:00:00+05:30,development,bull_condor,375.0420487000009,315.06307305000087,495.0000000000009,119.9579513,"[""ALL"", ""LOW""]"
2023-12-14,2023-12-08 10:00:00+05:30,development,bull_butterfly,-283.9686621499993,-334.7029932249993,-182.49999999999932,101.46866215,"[""ALL"", ""LOW""]"
2023-12-14,2023-12-08 10:00:00+05:30,development,range_forward,5256.642441800001,5224.963662700001,5320.000000000001,63.35755819999999,"[""ALL"", ""LOW""]"
2023-12-14,2023-12-08 10:00:00+05:30,development,buy_put,-5036.7121118,-5050.0681677,-5010.0,26.7121118,"[""ALL"", ""LOW""]"
2023-12-14,2023-12-08 10:00:00+05:30,development,sell_call,-2612.2342465,-2630.8513697500002,-2575.0,37.2342465,"[""ALL"", ""LOW""]"
2023-12-14,2023-12-08 10:00:00+05:30,development,bear_condor,-437.14771474999975,-489.47157212499974,-332.4999999999998,104.64771475,"[""ALL"", ""LOW""]"
2023-12-14,2023-12-08 10:00:00+05:30,development,bear_butterfly,-264.7682501499995,-305.90237522499956,-182.49999999999955,82.26825015,"[""ALL"", ""LOW""]"
2023-12-14,2023-12-08 10:00:00+05:30,development,risk_reversal,-5400.186208200001,-5430.279312300001,-5340.000000000001,60.186208199999996,"[""ALL"", ""LOW""]"
2023-12-14,2023-12-08 10:00:00+05:30,development,batman,3518.9703958000005,3453.4555937000005,3650.0000000000005,131.0296042,"[""ALL"", ""LOW""]"
2023-12-14,2023-12-08 10:00:00+05:30,development,jade_lizard,2443.7291146500006,2396.8436719750007,2537.5000000000005,93.77088534999999,"[""ALL"", ""LOW""]"
2023-12-14,2023-12-08 10:00:00+05:30,development,reverse_jade_lizard,-588.0694228,-632.1041342,-500.0,88.06942280000001,"[""ALL"", ""LOW""]"
2023-12-14,2023-12-08 10:00:00+05:30,development,long_iron_condor,1263.9128212000007,1205.8692318000008,1380.0000000000007,116.0871788,"[""ALL"", ""LOW""]"
2023-12-14,2023-12-08 10:00:00+05:30,development,long_iron_butterfly,563.4081374499979,501.3622061749978,687.4999999999978,124.09186255,"[""ALL"", ""LOW""]"
2023-12-14,2023-12-08 10:00:00+05:30,development,double_plateau,-548.7369122999988,-640.6053684499989,-364.99999999999886,183.7369123,"[""ALL"", ""LOW""]"
2023-12-14,2023-12-08 10:00:00+05:30,development,strip,-7523.587620100002,-7557.8814301500015,-7455.000000000002,68.5876201,"[""ALL"", ""LOW""]"
2023-12-14,2023-12-08 10:00:00+05:30,development,strap,39.36109519999545,-0.9583572000045422,119.99999999999545,80.6389048,"[""ALL"", ""LOW""]"
2023-12-14,2023-12-08 10:00:00+05:30,development,long_synthetic_future,7496.546516699998,7462.3197750499985,7564.999999999998,68.4534833,"[""ALL"", ""LOW""]"
2023-12-14,2023-12-08 10:00:00+05:30,development,short_synthetic_future,-7648.9463583,-7680.91953745,-7585.0,63.9463583,"[""ALL"", ""LOW""]"
2023-12-21,2023-12-15 10:00:00+05:30,development,buy_call,-6727.761906,-6741.642859,-6700.0,27.761906,"[""ALL"", ""LOW""]"
2023-12-21,2023-12-15 10:00:00+05:30,development,sell_put,2204.5431843,2189.31477645,2235.0,30.456815700000003,"[""ALL"", ""LOW""]"
2023-12-21,2023-12-15 10:00:00+05:30,development,bull_condor,-525.6731254499991,-579.7596881749992,-417.4999999999991,108.17312545,"[""ALL"", ""LOW""]"
2023-12-21,2023-12-15 10:00:00+05:30,development,bull_butterfly,-316.2251131999982,-359.33766979999814,-229.99999999999818,86.2251132,"[""ALL"", ""LOW""]"
2023-12-21,2023-12-15 10:00:00+05:30,development,range_forward,-1822.3619042499995,-1849.7928563749995,-1767.4999999999995,54.86190425,"[""ALL"", ""LOW""]"
2023-12-21,2023-12-15 10:00:00+05:30,development,buy_put,-2274.1240156999997,-2288.6860235499994,-2244.9999999999995,29.124015700000005,"[""ALL"", ""LOW""]"
2023-12-21,2023-12-15 10:00:00+05:30,development,sell_call,6658.254568999999,6642.381853499999,6689.999999999999,31.745430999999996,"[""ALL"", ""LOW""]"
2023-12-21,2023-12-15 10:00:00+05:30,development,bear_condor,-428.7427495,-480.61412425000003,-325.0,103.74274949999999,"[""ALL"", ""LOW""]"
2023-12-21,2023-12-15 10:00:00+05:30,development,bear_butterfly,-263.68420775000004,-304.27631162499995,-182.5,81.18420775000001,"[""ALL"", ""LOW""]"
2023-12-21,2023-12-15 10:00:00+05:30,development,risk_reversal,1691.592383250001,1663.6385748750008,1747.500000000001,55.907616749999995,"[""ALL"", ""LOW""]"
2023-12-21,2023-12-15 10:00:00+05:30,development,batman,4855.640326750002,4797.210490125002,4972.500000000002,116.85967325,"[""ALL"", ""LOW""]"
2023-12-21,2023-12-15 10:00:00+05:30,development,jade_lizard,4645.781084000002,4603.671626000002,4730.000000000002,84.21891600000001,"[""ALL"", ""LOW""]"
2023-12-21,2023-12-15 10:00:00+05:30,development,reverse_jade_lizard,6009.127441750002,5967.441162625002,6092.500000000002,83.37255825,"[""ALL"", ""LOW""]"
2023-12-21,2023-12-15 10:00:00+05:30,development,long_iron_condor,-3653.98403945,-3707.226059175,-3547.5,106.48403945,"[""ALL"", ""LOW""]"
2023-12-21,2023-12-15 10:00:00+05:30,development,long_iron_butterfly,-2115.047624949999,-2171.321437424999,-2002.499999999999,112.54762495,"[""ALL"", ""LOW""]"
2023-12-21,2023-12-15 10:00:00+05:30,development,double_plateau,-579.9093209499981,-663.6139814249982,-412.4999999999982,167.40932095,"[""ALL"", ""LOW""]"
2023-12-21,2023-12-15 10:00:00+05:30,development,strip,-11252.4099374,-11283.6149061,-11190.0,62.40993740000001,"[""ALL"", ""LOW""]"
2023-12-21,2023-12-15 10:00:00+05:30,development,strap,-15706.0478277,-15736.57174155,-15645.0,61.0478277,"[""ALL"", ""LOW""]"
2023-12-21,2023-12-15 10:00:00+05:30,development,long_synthetic_future,-4523.2187217,-4552.32808255,-4465.0,58.2187217,"[""ALL"", ""LOW""]"
2023-12-21,2023-12-15 10:00:00+05:30,development,short_synthetic_future,4384.1305533,4353.69582995,4445.0,60.8694467,"[""ALL"", ""LOW""]"
2023-12-28,2023-12-21 10:00:00+05:30,development,buy_call,26160.458468100005,26123.187702150004,26235.000000000004,74.54153190000001,"[""ALL"", ""NORMAL""]"
2023-12-28,2023-12-21 10:00:00+05:30,development,sell_put,5359.835603000001,5344.753404500001,5390.000000000001,30.164397000000005,"[""ALL"", ""NORMAL""]"
2023-12-28,2023-12-21 10:00:00+05:30,development,bull_condor,-738.0374934499855,-853.3062401749854,-507.49999999998545,230.53749345,"[""ALL"", ""NORMAL""]"
2023-12-28,2023-12-21 10:00:00+05:30,development,bull_butterfly,-726.2893587499855,-833.1840381249854,-512.4999999999854,213.78935875,"[""ALL"", ""NORMAL""]"
2023-12-28,2023-12-21 10:00:00+05:30,development,range_forward,29657.917788650004,29608.126682975002,29757.500000000004,99.58221135000001,"[""ALL"", ""NORMAL""]"
2023-12-28,2023-12-21 10:00:00+05:30,development,buy_put,-5426.954372,-5440.431558,-5400.0,26.954372000000003,"[""ALL"", ""NORMAL""]"
2023-12-28,2023-12-21 10:00:00+05:30,development,sell_call,-26303.9287319,-26333.39309785,-26245.0,58.92873189999999,"[""ALL"", ""NORMAL""]"
2023-12-28,2023-12-21 10:00:00+05:30,development,bear_condor,-320.2104653499991,-374.0656980249991,-212.4999999999991,107.71046534999998,"[""ALL"", ""NORMAL""]"
2023-12-28,2023-12-21 10:00:00+05:30,development,bear_butterfly,-187.64914494999908,-230.2237174249991,-102.49999999999909,85.14914494999998,"[""ALL"", ""NORMAL""]"
2023-12-28,2023-12-21 10:00:00+05:30,development,risk_reversal,-29859.37054885,-29900.305823275,-29777.5,81.87054884999999,"[""ALL"", ""NORMAL""]"
2023-12-28,2023-12-21 10:00:00+05:30,development,batman,-20428.127151249988,-20533.44072687499,-20217.49999999999,210.62715124999997,"[""ALL"", ""NORMAL""]"
2023-12-28,2023-12-21 10:00:00+05:30,development,jade_lizard,3503.8029931,3428.20448965,3655.0,151.19700690000002,"[""ALL"", ""NORMAL""]"
2023-12-28,2023-12-21 10:00:00+05:30,development,reverse_jade_lizard,-24635.6091295,-24690.91369425,-24525.0,110.60912950000001,"[""ALL"", ""NORMAL""]"
2023-12-28,2023-12-21 10:00:00+05:30,development,long_iron_condor,816.4965112000073,729.7447668000073,990.0000000000073,173.5034888,"[""ALL"", ""NORMAL""]"
2023-12-28,2023-12-21 10:00:00+05:30,development,long_iron_butterfly,238.02130740000726,147.0319611000072,420.0000000000073,181.97869260000002,"[""ALL"", ""NORMAL""]"
2023-12-28,2023-12-21 10:00:00+05:30,development,double_plateau,-913.9385036999855,-1063.4077555499853,-614.9999999999854,298.93850370000007,"[""ALL"", ""NORMAL""]"
2023-12-28,2023-12-21 10:00:00+05:30,development,strip,15330.149724100003,15277.724586150003,15435.000000000004,104.85027590000001,"[""ALL"", ""NORMAL""]"
2023-12-28,2023-12-21 10:00:00+05:30,development,strap,46917.56256420001,46841.343846300006,47070.00000000001,152.43743580000006,"[""ALL"", ""NORMAL""]"
2023-12-28,2023-12-21 10:00:00+05:30,development,long_synthetic_future,31520.294071100005,31467.941106650003,31625.000000000004,104.70592890000003,"[""ALL"", ""NORMAL""]"
2023-12-28,2023-12-21 10:00:00+05:30,development,short_synthetic_future,-31730.8831039,-31773.82465585,-31645.0,85.88310390000002,"[""ALL"", ""NORMAL""]"
2024-01-04,2023-12-29 10:00:00+05:30,validation,buy_call,-7953.5228515,-7967.78427725,-7925.0,28.5228515,"[""ALL"", ""NORMAL""]"
2024-01-04,2023-12-29 10:00:00+05:30,validation,sell_put,2782.085864449999,2764.378796674999,2817.499999999999,35.41413555,"[""ALL"", ""NORMAL""]"
2024-01-04,2023-12-29 10:00:00+05:30,validation,bull_condor,-423.18664899999953,-479.7799734999995,-309.99999999999955,113.18664900000002,"[""ALL"", ""NORMAL""]"
2024-01-04,2023-12-29 10:00:00+05:30,validation,bull_butterfly,-268.7865818499991,-314.42987277499907,-177.4999999999991,91.28658185000002,"[""ALL"", ""NORMAL""]"
2024-01-04,2023-12-29 10:00:00+05:30,validation,range_forward,-2522.77286995,-2552.909304925,-2462.5,60.27286995,"[""ALL"", ""NORMAL""]"
2024-01-04,2023-12-29 10:00:00+05:30,validation,buy_put,-2861.23474805,-2878.102122075,-2827.5,33.73474805,"[""ALL"", ""NORMAL""]"
2024-01-04,2023-12-29 10:00:00+05:30,validation,sell_call,7881.764748499999,7865.147122749999,7914.999999999999,33.2352515,"[""ALL"", ""NORMAL""]"
2024-01-04,2023-12-29 10:00:00+05:30,validation,bear_condor,1655.0967284,1597.6450926,1770.0,114.90327160000001,"[""ALL"", ""NORMAL""]"
2024-01-04,2023-12-29 10:00:00+05:30,validation,bear_butterfly,1864.65957565,1818.2393634750001,1957.5,92.84042434999999,"[""ALL"", ""NORMAL""]"
2024-01-04,2023-12-29 10:00:00+05:30,validation,risk_reversal,2380.76789255,2349.901838825,2442.5,61.73210745,"[""ALL"", ""NORMAL""]"
2024-01-04,2023-12-29 10:00:00+05:30,validation,batman,10631.15274315,10565.479114725,10762.5,131.34725685,"[""ALL"", ""NORMAL""]"
2024-01-04,2023-12-29 10:00:00+05:30,validation,jade_lizard,5241.20944355,5195.564165325,5332.5,91.29055644999998,"[""ALL"", ""NORMAL""]"
2024-01-04,2023-12-29 10:00:00+05:30,validation,reverse_jade_lizard,5488.8631856,5443.2947784,5580.0,91.1368144,"[""ALL"", ""NORMAL""]"
2024-01-04,2023-12-29 10:00:00+05:30,validation,long_iron_condor,-2055.8803568000008,-2113.820535200001,-1940.000000000001,115.88035680000002,"[""ALL"", ""NORMAL""]"
2024-01-04,2023-12-29 10:00:00+05:30,validation,long_iron_butterfly,-42.65024299999912,-103.97536449999907,80.00000000000091,122.65024300000003,"[""ALL"", ""NORMAL""]"
2024-01-04,2023-12-29 10:00:00+05:30,validation,double_plateau,1595.8729938000008,1503.8094907000009,1780.000000000001,184.12700620000004,"[""ALL"", ""NORMAL""]"
2024-01-04,2023-12-29 10:00:00+05:30,validation,strip,-13652.3923476,-13688.5885214,-13580.0,72.39234760000001,"[""ALL"", ""NORMAL""]"
2024-01-04,2023-12-29 10:00:00+05:30,validation,strap,-18744.68045105,-18778.270676575,-18677.5,67.18045105,"[""ALL"", ""NORMAL""]"
2024-01-04,2023-12-29 10:00:00+05:30,validation,long_synthetic_future,-5171.436987050001,-5203.405480575001,-5107.500000000001,63.93698704999999,"[""ALL"", ""NORMAL""]"
2024-01-04,2023-12-29 10:00:00+05:30,validation,short_synthetic_future,5020.5300004499995,4987.045000674999,5087.499999999999,66.96999955,"[""ALL"", ""NORMAL""]"
2024-01-11,2024-01-05 10:00:00+05:30,validation,buy_call,-5932.2680679,-5945.90210185,-5905.0,27.2680679,"[""ALL"", ""LOW""]"
2024-01-11,2024-01-05 10:00:00+05:30,validation,sell_put,566.1941078000007,549.2911617000007,600.0000000000007,33.8058922,"[""ALL"", ""LOW""]"
2024-01-11,2024-01-05 10:00:00+05:30,validation,bull_condor,-508.82644774999864,-561.9896716249987,-402.49999999999864,106.32644775000001,"[""ALL"", ""LOW""]"
2024-01-11,2024-01-05 10:00:00+05:30,validation,bull_butterfly,-306.6855781499977,-348.77836722499774,-222.49999999999773,84.18557814999998,"[""ALL"", ""LOW""]"
2024-01-11,2024-01-05 10:00:00+05:30,validation,range_forward,-2722.4359158999996,-2751.1538738499994,-2664.9999999999995,57.43591590000001,"[""ALL"", ""LOW""]"
2024-01-11,2024-01-05 10:00:00+05:30,validation,buy_put,-643.4459172000002,-660.1688758000001,-610.0000000000001,33.4459172,"[""ALL"", ""LOW""]"
2024-01-11,2024-01-05 10:00:00+05:30,validation,sell_call,5864.2214321,5848.83214815,5895.0,30.7785679,"[""ALL"", ""LOW""]"
2024-01-11,2024-01-05 10:00:00+05:30,validation,bear_condor,2059.9156334,2004.8734501,2170.0,110.0843666,"[""ALL"", ""LOW""]"
2024-01-11,2024-01-05 10:00:00+05:30,validation,bear_butterfly,2064.5210945500003,2020.5316418250004,2152.5000000000005,87.97890545,"[""ALL"", ""LOW""]"
2024-01-11,2024-01-05 10:00:00+05:30,validation,risk_reversal,2585.9843591,2556.47653865,2645.0,59.01564090000001,"[""ALL"", ""LOW""]"
2024-01-11,2024-01-05 10:00:00+05:30,validation,batman,7468.551395200002,7407.827092800002,7590.000000000002,121.44860479999998,"[""ALL"", ""LOW""]"
2024-01-11,2024-01-05 10:00:00+05:30,validation,jade_lizard,2963.9474368,2920.9211552,3050.0,86.05256319999998,"[""ALL"", ""LOW""]"
2024-01-11,2024-01-05 10:00:00+05:30,validation,reverse_jade_lizard,3028.6800556999997,2985.5200835499995,3114.9999999999995,86.3199443,"[""ALL"", ""LOW""]"
2024-01-11,2024-01-05 10:00:00+05:30,validation,long_iron_condor,-1150.3190822,-1205.4786233,-1040.0,110.31908219999998,"[""ALL"", ""LOW""]"
2024-01-11,2024-01-05 10:00:00+05:30,validation,long_iron_butterfly,503.0824392000009,444.62365880000095,620.0000000000009,116.9175608,"[""ALL"", ""LOW""]"
2024-01-11,2024-01-05 10:00:00+05:30,validation,double_plateau,1757.8355164000022,1671.7532746000022,1930.0000000000023,172.1644836,"[""ALL"", ""LOW""]"
2024-01-11,2024-01-05 10:00:00+05:30,validation,strip,-7195.5599023,-7230.83985345,-7125.0,70.55990229999999,"[""ALL"", ""LOW""]"
2024-01-11,2024-01-05 10:00:00+05:30,validation,strap,-12484.382053,-12516.5730795,-12420.0,64.382053,"[""ALL"", ""LOW""]"
2024-01-11,2024-01-05 10:00:00+05:30,validation,long_synthetic_future,-5366.073960099999,-5396.610940149999,-5304.999999999999,61.07396010000001,"[""ALL"", ""LOW""]"
2024-01-11,2024-01-05 10:00:00+05:30,validation,short_synthetic_future,5220.7755149,5188.66327235,5285.0,64.22448510000001,"[""ALL"", ""LOW""]"
2024-01-18,2024-01-12 10:00:00+05:30,validation,buy_call,-7080.480871950001,-7094.4713079250005,-7052.500000000001,27.98087195,"[""ALL"", ""LOW""]"
2024-01-18,2024-01-12 10:00:00+05:30,validation,sell_put,-8652.06066675,-8671.841000125,-8612.5,39.560666749999996,"[""ALL"", ""LOW""]"
2024-01-18,2024-01-12 10:00:00+05:30,validation,bull_condor,-494.3426276999987,-549.0139415499987,-384.99999999999864,109.34262770000002,"[""ALL"", ""LOW""]"
2024-01-18,2024-01-12 10:00:00+05:30,validation,bull_butterfly,-257.5153349999982,-301.2730024999982,-169.99999999999818,87.51533500000001,"[""ALL"", ""LOW""]"
2024-01-18,2024-01-12 10:00:00+05:30,validation,range_forward,-12883.9507018,-12915.9260527,-12820.0,63.9507018,"[""ALL"", ""LOW""]"
2024-01-18,2024-01-12 10:00:00+05:30,validation,buy_put,8557.81787075,8535.476806125,8602.5,44.68212925,"[""ALL"", ""LOW""]"
2024-01-18,2024-01-12 10:00:00+05:30,validation,sell_call,7010.32586555,6994.238798325,7042.5,32.17413445,"[""ALL"", ""LOW""]"
2024-01-18,2024-01-12 10:00:00+05:30,validation,bear_condor,-389.9913577500007,-458.7370366250007,-252.50000000000068,137.49135775000002,"[""ALL"", ""LOW""]"
2024-01-18,2024-01-12 10:00:00+05:30,validation,bear_butterfly,-272.2409455500018,-332.11141832500186,-152.50000000000182,119.74094554999999,"[""ALL"", ""LOW""]"
2024-01-18,2024-01-12 10:00:00+05:30,validation,risk_reversal,12728.4273482,12692.6410223,12800.0,71.57265179999999,"[""ALL"", ""LOW""]"
2024-01-18,2024-01-12 10:00:00+05:30,validation,batman,-672.5318459,-746.29776885,-525.0,147.53184589999998,"[""ALL"", ""LOW""]"
2024-01-18,2024-01-12 10:00:00+05:30,validation,jade_lizard,-6023.7575037999995,-6070.636255699999,-5929.999999999999,93.7575038,"[""ALL"", ""LOW""]"
2024-01-18,2024-01-12 10:00:00+05:30,validation,reverse_jade_lizard,3950.2243219,3897.83648285,4055.0,104.7756781,"[""ALL"", ""LOW""]"
2024-01-18,2024-01-12 10:00:00+05:30,validation,long_iron_condor,1034.7253135499996,970.8379703249996,1162.4999999999995,127.77468644999999,"[""ALL"", ""LOW""]"
2024-01-18,2024-01-12 10:00:00+05:30,validation,long_iron_butterfly,459.0594205,391.08913075000004,595.0,135.94057949999998,"[""ALL"", ""LOW""]"
2024-01-18,2024-01-12 10:00:00+05:30,validation,double_plateau,-529.75628055,-633.384420825,-322.5,207.25628055,"[""ALL"", ""LOW""]"
2024-01-18,2024-01-12 10:00:00+05:30,validation,strip,10058.75486955,10011.882304325,10152.5,93.74513045,"[""ALL"", ""LOW""]"
2024-01-18,2024-01-12 10:00:00+05:30,validation,strap,-5579.543873150002,-5618.065809725002,-5502.500000000002,77.04387314999998,"[""ALL"", ""LOW""]"
2024-01-18,2024-01-12 10:00:00+05:30,validation,long_synthetic_future,-15732.5415387,-15766.31230805,-15665.0,67.54153869999999,"[""ALL"", ""LOW""]"
2024-01-18,2024-01-12 10:00:00+05:30,validation,short_synthetic_future,15568.1437363,15529.71560445,15645.0,76.8562637,"[""ALL"", ""LOW""]"
2024-01-25,2024-01-19 10:00:00+05:30,validation,buy_call,-8006.078430450001,-8020.367645675001,-7977.500000000001,28.57843045,"[""ALL"", ""NORMAL""]"
2024-01-25,2024-01-19 10:00:00+05:30,validation,sell_put,-7621.716679000001,-7642.575018500001,-7580.000000000001,41.716679,"[""ALL"", ""NORMAL""]"
2024-01-25,2024-01-19 10:00:00+05:30,validation,bull_condor,-388.51859949999863,-445.27789924999865,-274.99999999999864,113.51859950000001,"[""ALL"", ""NORMAL""]"
2024-01-25,2024-01-19 10:00:00+05:30,validation,bull_butterfly,-206.62441689999815,-252.4366253499982,-114.99999999999818,91.62441689999999,"[""ALL"", ""NORMAL""]"
2024-01-25,2024-01-19 10:00:00+05:30,validation,range_forward,-13024.12679165,-13057.440187475,-12957.5,66.62679165,"[""ALL"", ""NORMAL""]"
2024-01-25,2024-01-19 10:00:00+05:30,validation,buy_put,7523.776195999999,7500.664293999999,7569.999999999999,46.223803999999994,"[""ALL"", ""NORMAL""]"
2024-01-25,2024-01-19 10:00:00+05:30,validation,sell_call,7934.17793205,7917.516898075,7967.5,33.32206795,"[""ALL"", ""NORMAL""]"
2024-01-25,2024-01-19 10:00:00+05:30,validation,bear_condor,-423.8243652000002,-495.73654780000027,-280.0000000000002,143.8243652,"[""ALL"", ""NORMAL""]"
2024-01-25,2024-01-19 10:00:00+05:30,validation,bear_butterfly,-248.80465235000045,-311.9569785250004,-122.50000000000045,126.30465235,"[""ALL"", ""NORMAL""]"
2024-01-25,2024-01-19 10:00:00+05:30,validation,risk_reversal,12863.16944585,12826.004168775,12937.5,74.33055414999998,"[""ALL"", ""NORMAL""]"
2024-01-25,2024-01-19 10:00:00+05:30,validation,batman,1226.3415525500018,1148.2623288250018,1382.5000000000018,156.15844745,"[""ALL"", ""NORMAL""]"
2024-01-25,2024-01-19 10:00:00+05:30,validation,jade_lizard,-5262.733305700001,-5311.599958550002,-5165.000000000002,97.73330570000002,"[""ALL"", ""NORMAL""]"
2024-01-25,2024-01-19 10:00:00+05:30,validation,reverse_jade_lizard,5058.036513249997,5003.304769874997,5167.499999999997,109.46348675000002,"[""ALL"", ""NORMAL""]"
2024-01-25,2024-01-19 10:00:00+05:30,validation,long_iron_condor,964.4392740499995,897.9089110749995,1097.4999999999995,133.06072594999998,"[""ALL"", ""NORMAL""]"
2024-01-25,2024-01-19 10:00:00+05:30,validation,long_iron_butterfly,393.6846188999991,323.0269283499991,534.9999999999991,141.3153811,"[""ALL"", ""NORMAL""]"
2024-01-25,2024-01-19 10:00:00+05:30,validation,double_plateau,-455.4290692499982,-564.3936038749982,-237.49999999999818,217.92906924999997,"[""ALL"", ""NORMAL""]"
2024-01-25,2024-01-19 10:00:00+05:30,validation,strip,7065.073961549997,7016.360942324997,7162.499999999997,97.42603845000002,"[""ALL"", ""NORMAL""]"
2024-01-25,2024-01-19 10:00:00+05:30,validation,strap,-8464.780664900003,-8504.670997350004,-8385.000000000004,79.78066489999999,"[""ALL"", ""NORMAL""]"
2024-01-25,2024-01-19 10:00:00+05:30,validation,long_synthetic_future,-15627.795109450002,-15662.942664175001,-15557.500000000002,70.29510945000001,"[""ALL"", ""NORMAL""]"
2024-01-25,2024-01-19 10:00:00+05:30,validation,short_synthetic_future,15457.95412805,15418.181192075,15537.5,79.54587195,"[""ALL"", ""NORMAL""]"
2024-02-01,2024-01-25 10:00:00+05:30,validation,buy_call,4274.673213249998,4248.259819874998,4327.499999999998,52.82678675,"[""ALL"", ""NORMAL""]"
2024-02-01,2024-01-25 10:00:00+05:30,validation,sell_put,8231.3390855,8214.50862825,8265.0,33.660914500000004,"[""ALL"", ""NORMAL""]"
2024-02-01,2024-01-25 10:00:00+05:30,validation,bull_condor,-460.39420920000373,-545.5913138000037,-290.00000000000375,170.3942092,"[""ALL"", ""NORMAL""]"
2024-02-01,2024-01-25 10:00:00+05:30,validation,bull_butterfly,-363.6575818000041,-440.48637270000415,-210.0000000000041,153.65758179999997,"[""ALL"", ""NORMAL""]"
2024-02-01,2024-01-25 10:00:00+05:30,validation,range_forward,10493.726575299997,10453.089862949999,10574.999999999998,81.27342469999999,"[""ALL"", ""NORMAL""]"
2024-02-01,2024-01-25 10:00:00+05:30,validation,buy_put,-8303.7402645,-8318.11039675,-8275.0,28.7402645,"[""ALL"", ""NORMAL""]"
2024-02-01,2024-01-25 10:00:00+05:30,validation,sell_call,-4387.74894925,-4412.873423875,-4337.5,50.248949249999995,"[""ALL"", ""NORMAL""]"
2024-02-01,2024-01-25 10:00:00+05:30,validation,bear_condor,-296.78520900000086,-355.1778135000009,-180.0000000000009,116.78520899999997,"[""ALL"", ""NORMAL""]"
2024-02-01,2024-01-25 10:00:00+05:30,validation,bear_butterfly,-104.60921060000271,-151.91381590000273,-10.000000000002728,94.60921059999998,"[""ALL"", ""NORMAL""]"
2024-02-01,2024-01-25 10:00:00+05:30,validation,risk_reversal,-10669.975349700002,-10707.463024550001,-10595.000000000002,74.97534970000001,"[""ALL"", ""NORMAL""]"
2024-02-01,2024-01-25 10:00:00+05:30,validation,batman,4299.987496799995,4209.981245199994,4479.9999999999945,180.01250319999997,"[""ALL"", ""NORMAL""]"
2024-02-01,2024-01-25 10:00:00+05:30,validation,jade_lizard,6090.702847899998,6028.554271849998,6214.999999999998,124.29715209999999,"[""ALL"", ""NORMAL""]"
2024-02-01,2024-01-25 10:00:00+05:30,validation,reverse_jade_lizard,-2584.4456490500006,-2637.9184735750005,-2477.5000000000005,106.94564905,"[""ALL"", ""NORMAL""]"
2024-02-01,2024-01-25 10:00:00+05:30,validation,long_iron_condor,507.0252360999973,433.0378541499973,654.9999999999973,147.97476389999997,"[""ALL"", ""NORMAL""]"
2024-02-01,2024-01-25 10:00:00+05:30,validation,long_iron_butterfly,148.29165949999683,69.93748924999684,304.9999999999968,156.7083405,"[""ALL"", ""NORMAL""]"
2024-02-01,2024-01-25 10:00:00+05:30,validation,double_plateau,-468.26679240000686,-592.4001886000067,-220.00000000000682,248.26679240000004,"[""ALL"", ""NORMAL""]"
2024-02-01,2024-01-25 10:00:00+05:30,validation,strip,-12309.207315750002,-12352.560973625003,-12222.500000000002,86.70731575,"[""ALL"", ""NORMAL""]"
2024-02-01,2024-01-25 10:00:00+05:30,validation,strap,269.20616199999637,213.80924299999637,379.99999999999636,110.79383800000001,"[""ALL"", ""NORMAL""]"
2024-02-01,2024-01-25 10:00:00+05:30,validation,long_synthetic_future,12506.012298749998,12462.768448124998,12592.499999999998,86.48770125,"[""ALL"", ""NORMAL""]"
2024-02-01,2024-01-25 10:00:00+05:30,validation,short_synthetic_future,-12691.48921375,-12730.983820625,-12612.5,78.98921375,"[""ALL"", ""NORMAL""]"
2024-02-08,2024-02-02 10:00:00+05:30,validation,buy_call,-9151.76671455,-9166.400071825,-9122.5,29.266714550000003,"[""ALL"", ""FALLING"", ""NORMAL""]"
2024-02-08,2024-02-02 10:00:00+05:30,validation,sell_put,-4894.054756100001,-4913.5821341500005,-4855.000000000001,39.054756100000006,"[""ALL"", ""FALLING"", ""NORMAL""]"
2024-02-08,2024-02-02 10:00:00+05:30,validation,bull_condor,-433.94802845000004,-492.172042675,-317.5,116.44802845000001,"[""ALL"", ""FALLING"", ""NORMAL""]"
2024-02-08,2024-02-02 10:00:00+05:30,validation,bull_butterfly,-242.27271065000002,-289.659065975,-147.5,94.77271065000001,"[""ALL"", ""FALLING"", ""NORMAL""]"
2024-02-08,2024-02-02 10:00:00+05:30,validation,range_forward,-11162.19970565,-11194.549558475,-11097.5,64.69970565000001,"[""ALL"", ""FALLING"", ""NORMAL""]"
2024-02-08,2024-02-02 10:00:00+05:30,validation,buy_put,4803.059493899999,4782.089240849999,4844.999999999999,41.94050610000001,"[""ALL"", ""FALLING"", ""NORMAL""]"
2024-02-08,2024-02-02 10:00:00+05:30,validation,sell_call,9077.80837295,9060.462559425,9112.5,34.69162705,"[""ALL"", ""FALLING"", ""NORMAL""]"
2024-02-08,2024-02-02 10:00:00+05:30,validation,bear_condor,-335.7830480999993,-401.17457214999934,-204.99999999999932,130.7830481,"[""ALL"", ""FALLING"", ""NORMAL""]"
2024-02-08,2024-02-02 10:00:00+05:30,validation,bear_butterfly,-243.12625319999972,-299.6893797999997,-129.99999999999972,113.12625320000001,"[""ALL"", ""FALLING"", ""NORMAL""]"
2024-02-08,2024-02-02 10:00:00+05:30,validation,risk_reversal,11006.20323185,10970.554847775,11077.5,71.29676815000002,"[""ALL"", ""FALLING"", ""NORMAL""]"
2024-02-08,2024-02-02 10:00:00+05:30,validation,batman,4997.69033345,4922.785500175,5147.5,149.80966655000003,"[""ALL"", ""FALLING"", ""NORMAL""]"
2024-02-08,2024-02-02 10:00:00+05:30,validation,jade_lizard,-2231.9397661000025,-2280.4096491500027,-2135.0000000000027,96.9397661,"[""ALL"", ""FALLING"", ""NORMAL""]"
2024-02-08,2024-02-02 10:00:00+05:30,validation,reverse_jade_lizard,5978.524424349997,5926.536636524997,6082.499999999997,103.97557565,"[""ALL"", ""FALLING"", ""NORMAL""]"
2024-02-08,2024-02-02 10:00:00+05:30,validation,long_iron_condor,889.49284705,825.489270575,1017.5,128.00715295,"[""ALL"", ""FALLING"", ""NORMAL""]"
2024-02-08,2024-02-02 10:00:00+05:30,validation,long_iron_butterfly,353.63591139999915,285.4538670999991,489.9999999999991,136.36408859999997,"[""ALL"", ""FALLING"", ""NORMAL""]"
2024-02-08,2024-02-02 10:00:00+05:30,validation,double_plateau,-485.39896385,-589.3484457750001,-277.5,207.89896385,"[""ALL"", ""FALLING"", ""NORMAL""]"
2024-02-08,2024-02-02 10:00:00+05:30,validation,strip,477.95227324999814,433.17840987499824,567.4999999999982,89.54772675000001,"[""ALL"", ""FALLING"", ""NORMAL""]"
2024-02-08,2024-02-02 10:00:00+05:30,validation,strap,-13476.8739352,-13515.3109028,-13400.0,76.8739352,"[""ALL"", ""FALLING"", ""NORMAL""]"
2024-02-08,2024-02-02 10:00:00+05:30,validation,long_synthetic_future,-14045.82147065,-14079.982205975,-13977.5,68.32147065,"[""ALL"", ""FALLING"", ""NORMAL""]"
2024-02-08,2024-02-02 10:00:00+05:30,validation,short_synthetic_future,13880.86786685,13842.551800275,13957.5,76.63213315000002,"[""ALL"", ""FALLING"", ""NORMAL""]"
2024-02-15,2024-02-09 10:00:00+05:30,validation,buy_call,2929.2842426999973,2906.426364049997,2974.9999999999973,45.7157573,"[""ALL"", ""NORMAL""]"
2024-02-15,2024-02-09 10:00:00+05:30,validation,sell_put,8278.78131695,8261.921975425,8312.5,33.718683049999996,"[""ALL"", ""NORMAL""]"
2024-02-15,2024-02-09 10:00:00+05:30,validation,bull_condor,-424.78897920000134,-497.1834688000014,-280.00000000000136,144.7889792,"[""ALL"", ""NORMAL""]"
2024-02-15,2024-02-09 10:00:00+05:30,validation,bull_butterfly,-305.27655145000193,-369.16482717500196,-177.50000000000193,127.77655145,"[""ALL"", ""NORMAL""]"
2024-02-15,2024-02-09 10:00:00+05:30,validation,range_forward,8993.268882249999,8956.153323374998,9067.499999999998,74.23111775000002,"[""ALL"", ""NORMAL""]"
2024-02-15,2024-02-09 10:00:00+05:30,validation,buy_put,-8351.26977055,-8365.654655825,-8322.5,28.769770549999997,"[""ALL"", ""NORMAL""]"
2024-02-15,2024-02-09 10:00:00+05:30,validation,sell_call,-3028.9426572999996,-3050.9139859499996,-2984.9999999999995,43.94265729999999,"[""ALL"", ""NORMAL""]"
2024-02-15,2024-02-09 10:00:00+05:30,validation,bear_condor,-306.2493996,-364.3740994,-190.0,116.24939959999999,"[""ALL"", ""NORMAL""]"
2024-02-15,2024-02-09 10:00:00+05:30,validation,bear_butterfly,-211.63396624999908,-258.70094937499914,-117.49999999999909,94.13396624999999,"[""ALL"", ""NORMAL""]"
2024-02-15,2024-02-09 10:00:00+05:30,validation,risk_reversal,-9156.330005250002,-9190.745007875003,-9087.500000000002,68.83000525,"[""ALL"", ""NORMAL""]"
2024-02-15,2024-02-09 10:00:00+05:30,validation,batman,5856.857501649998,5776.536252474998,6017.499999999998,160.64249834999998,"[""ALL"", ""NORMAL""]"
2024-02-15,2024-02-09 10:00:00+05:30,validation,jade_lizard,5901.338204749997,5845.757307124997,6012.499999999997,111.16179525,"[""ALL"", ""NORMAL""]"
2024-02-15,2024-02-09 10:00:00+05:30,validation,reverse_jade_lizard,-1003.1848805500009,-1053.527320825001,-902.5000000000009,100.68488055,"[""ALL"", ""NORMAL""]"
2024-02-15,2024-02-09 10:00:00+05:30,validation,long_iron_condor,705.0705753999978,637.6058630999978,839.9999999999977,134.9294246,"[""ALL"", ""NORMAL""]"
2024-02-15,2024-02-09 10:00:00+05:30,validation,long_iron_butterfly,244.04893184999762,172.32339777499763,387.4999999999976,143.45106815,"[""ALL"", ""NORMAL""]"
2024-02-15,2024-02-09 10:00:00+05:30,validation,double_plateau,-516.910517700001,-627.865776550001,-295.000000000001,221.9105177,"[""ALL"", ""NORMAL""]"
2024-02-15,2024-02-09 10:00:00+05:30,validation,strip,-13749.655298400005,-13789.482947600003,-13670.000000000004,79.65529839999999,"[""ALL"", ""NORMAL""]"
2024-02-15,2024-02-09 10:00:00+05:30,validation,strap,-2469.1012851500054,-2517.4019277250054,-2372.5000000000055,96.60128514999998,"[""ALL"", ""NORMAL""]"
2024-02-15,2024-02-09 10:00:00+05:30,validation,long_synthetic_future,11208.065559649996,11168.348339474996,11287.499999999996,79.43444035000002,"[""ALL"", ""NORMAL""]"
2024-02-15,2024-02-09 10:00:00+05:30,validation,short_synthetic_future,-11380.21242785,-11416.568641775,-11307.5,72.71242785000001,"[""ALL"", ""NORMAL""]"
2024-02-22,2024-02-16 10:00:00+05:30,validation,buy_call,1577.4755489999989,1556.2133234999988,1619.9999999999989,42.524451000000006,"[""ALL"", ""NORMAL""]"
2024-02-22,2024-02-16 10:00:00+05:30,validation,sell_put,6890.471807149999,6874.457710724999,6922.499999999999,32.028192849999996,"[""ALL"", ""NORMAL""]"
2024-02-22,2024-02-16 10:00:00+05:30,validation,bull_condor,-438.6241731,-505.43625965,-305.0,133.6241731,"[""ALL"", ""NORMAL""]"
2024-02-22,2024-02-16 10:00:00+05:30,validation,bull_butterfly,-319.08877835000067,-377.38316752500066,-202.50000000000068,116.58877835000001,"[""ALL"", ""NORMAL""]"
2024-02-22,2024-02-16 10:00:00+05:30,validation,range_forward,6353.061214549999,6318.341821824999,6422.499999999999,69.43878545000001,"[""ALL"", ""NORMAL""]"
2024-02-22,2024-02-16 10:00:00+05:30,validation,buy_put,-6960.40633035,-6974.359495525,-6932.5,27.90633035,"[""ALL"", ""NORMAL""]"
2024-02-22,2024-02-16 10:00:00+05:30,validation,sell_call,-1671.557576000001,-1692.3363640000011,-1630.0000000000011,41.557576000000005,"[""ALL"", ""NORMAL""]"
2024-02-22,2024-02-16 10:00:00+05:30,validation,bear_condor,-321.59033539999956,-377.38550309999954,-209.99999999999955,111.59033540000001,"[""ALL"", ""NORMAL""]"
2024-02-22,2024-02-16 10:00:00+05:30,validation,bear_butterfly,-201.87209795,-246.558146925,-112.5,89.37209795,"[""ALL"", ""NORMAL""]"
2024-02-22,2024-02-16 10:00:00+05:30,validation,risk_reversal,-6508.111447950002,-6540.917171925002,-6442.500000000002,65.61144795000001,"[""ALL"", ""NORMAL""]"
2024-02-22,2024-02-16 10:00:00+05:30,validation,batman,5878.861674249999,5804.542511374999,6027.499999999999,148.63832574999998,"[""ALL"", ""NORMAL""]"
2024-02-22,2024-02-16 10:00:00+05:30,validation,jade_lizard,4583.548997849997,4531.573496774998,4687.499999999997,103.95100215,"[""ALL"", ""NORMAL""]"
2024-02-22,2024-02-16 10:00:00+05:30,validation,reverse_jade_lizard,246.63986734999818,198.70980102499817,342.4999999999982,95.86013265,"[""ALL"", ""NORMAL""]"
2024-02-22,2024-02-16 10:00:00+05:30,validation,long_iron_condor,792.9887639999995,729.4831459999996,919.9999999999995,127.01123600000001,"[""ALL"", ""NORMAL""]"
2024-02-22,2024-02-16 10:00:00+05:30,validation,long_iron_butterfly,267.1104797499992,199.41571962499918,402.4999999999992,135.38952025,"[""ALL"", ""NORMAL""]"
2024-02-22,2024-02-16 10:00:00+05:30,validation,double_plateau,-520.9608763000007,-623.9413144500006,-315.0000000000007,205.96087629999997,"[""ALL"", ""NORMAL""]"
2024-02-22,2024-02-16 10:00:00+05:30,validation,strip,-12319.737111700002,-12357.105667550002,-12245.000000000002,74.7371117,"[""ALL"", ""NORMAL""]"
2024-02-22,2024-02-16 10:00:00+05:30,validation,strap,-3781.855232350002,-3826.532848525002,-3692.5000000000023,89.35523235,"[""ALL"", ""NORMAL""]"
2024-02-22,2024-02-16 10:00:00+05:30,validation,long_synthetic_future,8467.947356149998,8430.671034224999,8542.499999999998,74.55264385,"[""ALL"", ""NORMAL""]"
2024-02-22,2024-02-16 10:00:00+05:30,validation,short_synthetic_future,-8631.963906350002,-8666.695859525002,-8562.500000000002,69.46390635,"[""ALL"", ""NORMAL""]"
2024-02-29,2024-02-23 10:00:00+05:30,validation,buy_call,-9141.76509615,-9156.397644225,-9112.5,29.265096149999998,"[""ALL"", ""NORMAL""]"
2024-02-29,2024-02-23 10:00:00+05:30,validation,sell_put,-6175.750172900001,-6196.125259350002,-6135.000000000002,40.7501729,"[""ALL"", ""NORMAL""]"
2024-02-29,2024-02-23 10:00:00+05:30,validation,bull_condor,-379.0975995500009,-437.3963993250009,-262.5000000000009,116.59759955,"[""ALL"", ""NORMAL""]"
2024-02-29,2024-02-23 10:00:00+05:30,validation,bull_butterfly,-217.44551055000093,-264.9182658250009,-122.50000000000091,94.94551055000002,"[""ALL"", ""NORMAL""]"
2024-02-29,2024-02-23 10:00:00+05:30,validation,range_forward,-12458.84931935,-12492.023979025,-12392.5,66.34931935000002,"[""ALL"", ""NORMAL""]"
2024-02-29,2024-02-23 10:00:00+05:30,validation,buy_put,6080.6024771,6058.40371565,6125.0,44.397522900000006,"[""ALL"", ""NORMAL""]"
2024-02-29,2024-02-23 10:00:00+05:30,validation,sell_call,9067.81594135,9050.473912025,9102.5,34.68405865,"[""ALL"", ""NORMAL""]"
2024-02-29,2024-02-23 10:00:00+05:30,validation,bear_condor,-361.20834694999945,-430.56252042499943,-222.49999999999943,138.70834695000002,"[""ALL"", ""NORMAL""]"
2024-02-29,2024-02-23 10:00:00+05:30,validation,bear_butterfly,-228.64613325000022,-289.21919987500024,-107.50000000000023,121.14613325,"[""ALL"", ""NORMAL""]"
2024-02-29,2024-02-23 10:00:00+05:30,validation,risk_reversal,12298.78309315,12261.924639725,12372.5,73.71690685000002,"[""ALL"", ""NORMAL""]"
2024-02-29,2024-02-23 10:00:00+05:30,validation,batman,3716.909896549999,3639.114844824999,3872.499999999999,155.59010345000002,"[""ALL"", ""NORMAL""]"
2024-02-29,2024-02-23 10:00:00+05:30,validation,jade_lizard,-3521.139841750001,-3570.459762625001,-3422.500000000001,98.63984175,"[""ALL"", ""NORMAL""]"
2024-02-29,2024-02-23 10:00:00+05:30,validation,reverse_jade_lizard,6046.9537734999985,5992.930660249998,6154.999999999998,108.04622649999999,"[""ALL"", ""NORMAL""]"
2024-02-29,2024-02-23 10:00:00+05:30,validation,long_iron_condor,797.9652027999991,731.947804199999,929.9999999999991,132.0347972,"[""ALL"", ""NORMAL""]"
2024-02-29,2024-02-23 10:00:00+05:30,validation,long_iron_butterfly,384.4914389,314.23715835,525.0,140.5085611,"[""ALL"", ""NORMAL""]"
2024-02-29,2024-02-23 10:00:00+05:30,validation,double_plateau,-446.09164380000095,-554.1374657000009,-230.0000000000009,216.0916438,"[""ALL"", ""NORMAL""]"
2024-02-29,2024-02-23 10:00:00+05:30,validation,strip,3043.03985805,2995.809787075,3137.5,94.46014195000001,"[""ALL"", ""NORMAL""]"
2024-02-29,2024-02-23 10:00:00+05:30,validation,strap,-12179.3277152,-12218.9915728,-12100.0,79.3277152,"[""ALL"", ""NORMAL""]"
2024-02-29,2024-02-23 10:00:00+05:30,validation,long_synthetic_future,-15317.515269050002,-15352.522903575002,-15247.500000000002,70.01526905,"[""ALL"", ""NORMAL""]"
2024-02-29,2024-02-23 10:00:00+05:30,validation,short_synthetic_future,15148.41841845,15108.877627675,15227.5,79.08158155,"[""ALL"", ""NORMAL""]"
2024-03-07,2024-03-02 10:00:00+05:30,validation,sell_put,7552.166087899999,7535.749131849999,7584.999999999999,32.8339121,"[""ALL"", ""NORMAL""]"
2024-03-07,2024-03-02 10:00:00+05:30,validation,buy_put,-7623.3178621,-7637.47679315,-7595.0,28.3178621,"[""ALL"", ""NORMAL""]"
2024-03-14,2024-03-07 10:00:00+05:30,validation,buy_call,-7618.314756200001,-7632.472134300001,-7590.000000000001,28.314756199999998,"[""ALL"", ""NORMAL""]"
2024-03-14,2024-03-07 10:00:00+05:30,validation,sell_put,-10513.328153200002,-10534.992229800002,-10470.000000000002,43.328153199999996,"[""ALL"", ""NORMAL""]"
2024-03-14,2024-03-07 10:00:00+05:30,validation,bull_condor,-416.69987489999954,-472.5498123499995,-304.99999999999955,111.69987490000001,"[""ALL"", ""NORMAL""]"
2024-03-14,2024-03-07 10:00:00+05:30,validation,bull_butterfly,-299.846069,-344.7691035,-210.0,89.84606899999999,"[""ALL"", ""NORMAL""]"
2024-03-14,2024-03-07 10:00:00+05:30,validation,range_forward,-15385.560622650002,-15419.590933975001,-15317.500000000002,68.06062265,"[""ALL"", ""NORMAL""]"
2024-03-14,2024-03-07 10:00:00+05:30,validation,buy_put,10410.4451718,10385.6677577,10460.0,49.554828199999996,"[""ALL"", ""NORMAL""]"
2024-03-14,2024-03-07 10:00:00+05:30,validation,sell_call,7547.1721688,7530.7582532,7580.0,32.8278312,"[""ALL"", ""NORMAL""]"
2024-03-14,2024-03-07 10:00:00+05:30,validation,bear_condor,-446.52029115000045,-523.5304367250005,-292.50000000000045,154.02029115,"[""ALL"", ""NORMAL""]"
2024-03-14,2024-03-07 10:00:00+05:30,validation,bear_butterfly,-316.5101578000009,-384.7652367000009,-180.0000000000009,136.5101578,"[""ALL"", ""NORMAL""]"
2024-03-14,2024-03-07 10:00:00+05:30,validation,risk_reversal,15220.33141485,15181.747122275,15297.5,77.16858515000001,"[""ALL"", ""NORMAL""]"
2024-03-14,2024-03-07 10:00:00+05:30,validation,batman,-2209.00906825,-2289.763602375,-2047.5,161.50906824999998,"[""ALL"", ""NORMAL""]"
2024-03-14,2024-03-07 10:00:00+05:30,validation,jade_lizard,-7928.621652600001,-7977.932478900001,-7830.000000000001,98.62165260000002,"[""ALL"", ""NORMAL""]"
2024-03-14,2024-03-07 10:00:00+05:30,validation,reverse_jade_lizard,4693.435378249998,4636.4030673749985,4807.499999999998,114.06462175,"[""ALL"", ""NORMAL""]"
2024-03-14,2024-03-07 10:00:00+05:30,validation,long_iron_condor,842.7368188,774.1052281999999,980.0,137.2631812,"[""ALL"", ""NORMAL""]"
2024-03-14,2024-03-07 10:00:00+05:30,validation,long_iron_butterfly,371.9799740499991,299.2199610749991,517.4999999999991,145.52002595,"[""ALL"", ""NORMAL""]"
2024-03-14,2024-03-07 10:00:00+05:30,validation,double_plateau,-616.356226800001,-729.534340200001,-390.0000000000009,226.3562268,"[""ALL"", ""NORMAL""]"
2024-03-14,2024-03-07 10:00:00+05:30,validation,strip,13226.1755874,13174.2633811,13330.0,103.82441260000002,"[""ALL"", ""NORMAL""]"
2024-03-14,2024-03-07 10:00:00+05:30,validation,strap,-4802.584340600002,-4843.876510900001,-4720.000000000002,82.5843406,"[""ALL"", ""NORMAL""]"
2024-03-14,2024-03-07 10:00:00+05:30,validation,long_synthetic_future,-18131.642909400005,-18167.464364100004,-18060.000000000004,71.6429094,"[""ALL"", ""NORMAL""]"
2024-03-14,2024-03-07 10:00:00+05:30,validation,short_synthetic_future,17957.6173406,17916.4260109,18040.0,82.3826594,"[""ALL"", ""NORMAL""]"
2024-03-21,2024-03-15 10:00:00+05:30,validation,buy_call,-7634.426489900001,-7649.139734850001,-7605.000000000001,29.4264899,"[""ALL"", ""LOW""]"
2024-03-21,2024-03-15 10:00:00+05:30,validation,sell_put,8196.3816518,8179.5724777,8230.0,33.61834820000001,"[""ALL"", ""LOW""]"
2024-03-21,2024-03-15 10:00:00+05:30,validation,bull_condor,-371.36142064999996,-428.29213097499996,-257.5,113.86142064999997,"[""ALL"", ""LOW""]"
2024-03-21,2024-03-15 10:00:00+05:30,validation,bull_butterfly,-224.57625394999906,-270.61438092499907,-132.4999999999991,92.07625394999998,"[""ALL"", ""LOW""]"
2024-03-21,2024-03-15 10:00:00+05:30,validation,range_forward,164.81182829999818,134.71774244999818,224.99999999999818,60.188171700000005,"[""ALL"", ""LOW""]"
2024-03-21,2024-03-15 10:00:00+05:30,validation,buy_put,-8268.7185232,-8283.0777848,-8240.0,28.7185232,"[""ALL"", ""LOW""]"
2024-03-21,2024-03-15 10:00:00+05:30,validation,sell_call,7561.0515101,7544.07726515,7595.0,33.9484899,"[""ALL"", ""LOW""]"
2024-03-21,2024-03-15 10:00:00+05:30,validation,bear_condor,-345.58523679999905,-403.3778551999991,-229.9999999999991,115.58523679999999,"[""ALL"", ""LOW""]"
2024-03-21,2024-03-15 10:00:00+05:30,validation,bear_butterfly,-208.53527129999816,-255.30290694999817,-114.99999999999818,93.53527129999999,"[""ALL"", ""LOW""]"
2024-03-21,2024-03-15 10:00:00+05:30,validation,risk_reversal,-305.0483467,-335.07252005,-245.0,60.0483467,"[""ALL"", ""LOW""]"
2024-03-21,2024-03-15 10:00:00+05:30,validation,batman,9652.820463100004,9586.730694650003,9785.000000000004,132.1795369,"[""ALL"", ""LOW""]"
2024-03-21,2024-03-15 10:00:00+05:30,validation,jade_lizard,8181.01461675,8135.271925125,8272.5,91.48538324999998,"[""ALL"", ""LOW""]"
2024-03-21,2024-03-15 10:00:00+05:30,validation,reverse_jade_lizard,7780.76614475,7734.899217125,7872.5,91.73385524999998,"[""ALL"", ""LOW""]"
2024-03-21,2024-03-15 10:00:00+05:30,validation,long_iron_condor,-4167.83227255,-4225.498408825,-4052.5,115.33227255,"[""ALL"", ""LOW""]"
2024-03-21,2024-03-15 10:00:00+05:30,validation,long_iron_butterfly,-4039.866333199999,-4099.7994997999995,-3919.999999999999,119.86633319999999,"[""ALL"", ""LOW""]"
2024-03-21,2024-03-15 10:00:00+05:30,validation,double_plateau,-433.11152524999727,-525.9172878749973,-247.49999999999727,185.61152525,"[""ALL"", ""LOW""]"
2024-03-21,2024-03-15 10:00:00+05:30,validation,strip,-24148.2635363,-24179.89530445,-24085.0,63.26353629999999,"[""ALL"", ""LOW""]"
2024-03-21,2024-03-15 10:00:00+05:30,validation,strap,-23513.971503,-23545.9572545,-23450.0,63.97150299999999,"[""ALL"", ""LOW""]"
2024-03-21,2024-03-15 10:00:00+05:30,validation,long_synthetic_future,561.9551618999991,530.4327428499992,624.9999999999991,63.04483810000001,"[""ALL"", ""LOW""]"
2024-03-21,2024-03-15 10:00:00+05:30,validation,short_synthetic_future,-707.6670131,-739.00051965,-645.0,62.667013100000005,"[""ALL"", ""LOW""]"
2024-03-28,2024-03-21 10:00:00+05:30,validation,buy_call,6830.600728599999,6805.901092899998,6879.999999999998,49.399271399999996,"[""ALL"", ""LOW""]"
2024-03-28,2024-03-21 10:00:00+05:30,validation,sell_put,5584.5573691,5569.33605365,5615.0,30.442630900000005,"[""ALL"", ""LOW""]"
2024-03-28,2024-03-21 10:00:00+05:30,validation,bull_condor,-444.35405640000454,-521.5310846000045,-290.00000000000455,154.3540564,"[""ALL"", ""LOW""]"
2024-03-28,2024-03-21 10:00:00+05:30,validation,bull_butterfly,-309.88283835000453,-378.57425752500455,-172.50000000000455,137.38283835,"[""ALL"", ""LOW""]"
2024-03-28,2024-03-21 10:00:00+05:30,validation,range_forward,10517.668205949996,10480.252308924997,10592.499999999996,74.83179405,"[""ALL"", ""LOW""]"
2024-03-28,2024-03-21 10:00:00+05:30,validation,buy_put,-5652.0987309,-5665.64809635,-5625.0,27.0987309,"[""ALL"", ""LOW""]"
2024-03-28,2024-03-21 10:00:00+05:30,validation,sell_call,-6935.302696400001,-6957.954044600001,-6890.000000000001,45.3026964,"[""ALL"", ""LOW""]"
2024-03-28,2024-03-21 10:00:00+05:30,validation,bear_condor,-330.21667714999955,-384.0750157249995,-222.49999999999955,107.71667715000001,"[""ALL"", ""LOW""]"
2024-03-28,2024-03-21 10:00:00+05:30,validation,bear_butterfly,-232.79652644999865,-275.4447896749986,-147.49999999999864,85.29652645000002,"[""ALL"", ""LOW""]"
2024-03-28,2024-03-21 10:00:00+05:30,validation,risk_reversal,-10681.02330655,-10715.284959825,-10612.5,68.52330655,"[""ALL"", ""LOW""]"
2024-03-28,2024-03-21 10:00:00+05:30,validation,batman,-561.7240421500028,-641.3360632250028,-402.50000000000273,159.22404215,"[""ALL"", ""LOW""]"
2024-03-28,2024-03-21 10:00:00+05:30,validation,jade_lizard,3392.050925899998,3335.5763888499982,3504.999999999998,112.9490741,"[""ALL"", ""LOW""]"
2024-03-28,2024-03-21 10:00:00+05:30,validation,reverse_jade_lizard,-5204.86686305,-5253.550294575,-5107.5,97.36686305,"[""ALL"", ""LOW""]"
2024-03-28,2024-03-21 10:00:00+05:30,validation,long_iron_condor,924.5733457999963,856.8600186999963,1059.9999999999964,135.4266542,"[""ALL"", ""LOW""]"
2024-03-28,2024-03-21 10:00:00+05:30,validation,long_iron_butterfly,328.80316114999727,256.95474172499723,472.49999999999727,143.69683885,"[""ALL"", ""LOW""]"
2024-03-28,2024-03-21 10:00:00+05:30,validation,double_plateau,-542.6793648000037,-654.0190472000036,-320.00000000000364,222.67936479999997,"[""ALL"", ""LOW""]"
2024-03-28,2024-03-21 10:00:00+05:30,validation,strip,-4449.9967332000015,-4489.995099800002,-4370.000000000002,79.9967332,"[""ALL"", ""LOW""]"
2024-03-28,2024-03-21 10:00:00+05:30,validation,strap,8032.702726299996,7981.554089449996,8134.999999999996,102.29727369999998,"[""ALL"", ""LOW""]"
2024-03-28,2024-03-21 10:00:00+05:30,validation,long_synthetic_future,12415.158097699998,12375.237146549998,12494.999999999998,79.84190230000003,"[""ALL"", ""LOW""]"
2024-03-28,2024-03-21 10:00:00+05:30,validation,short_synthetic_future,-12587.4014273,-12623.60214095,-12515.0,72.4014273,"[""ALL"", ""LOW""]"
2024-04-04,2024-03-28 10:00:00+05:30,validation,buy_call,1387.6331287999983,1366.4496931999981,1429.9999999999982,42.36687119999999,"[""ALL"", ""LOW""]"
2024-04-04,2024-03-28 10:00:00+05:30,validation,sell_put,5457.217025450001,5442.0755381750005,5487.500000000001,30.282974550000006,"[""ALL"", ""LOW""]"
2024-04-04,2024-03-28 10:00:00+05:30,validation,bull_condor,-472.0060706000009,-538.0091059000009,-340.0000000000009,132.0060706,"[""ALL"", ""LOW""]"
2024-04-04,2024-03-28 10:00:00+05:30,validation,bull_butterfly,-337.5991601500009,-395.1487402250009,-222.5000000000009,115.09916015000002,"[""ALL"", ""LOW""]"
2024-04-04,2024-03-28 10:00:00+05:30,validation,range_forward,5149.802315449998,5115.953473174998,5217.499999999998,67.69768455,"[""ALL"", ""LOW""]"
2024-04-04,2024-03-28 10:00:00+05:30,validation,buy_put,-5524.51493705,-5538.022405575,-5497.5,27.01493705,"[""ALL"", ""LOW""]"
2024-04-04,2024-03-28 10:00:00+05:30,validation,sell_call,-1481.5130462000004,-1502.2695693000005,-1440.0000000000005,41.5130462,"[""ALL"", ""LOW""]"
2024-04-04,2024-03-28 10:00:00+05:30,validation,bear_condor,-315.4370294499977,-369.4055441749978,-207.49999999999773,107.93702944999998,"[""ALL"", ""LOW""]"
2024-04-04,2024-03-28 10:00:00+05:30,validation,bear_butterfly,-197.9493343499982,-240.67400152499818,-112.49999999999818,85.44933435000002,"[""ALL"", ""LOW""]"
2024-04-04,2024-03-28 10:00:00+05:30,validation,risk_reversal,-5302.087322050001,-5334.380983075001,-5237.500000000001,64.58732205,"[""ALL"", ""LOW""]"
2024-04-04,2024-03-28 10:00:00+05:30,validation,batman,4743.325697450001,4671.238546175001,4887.500000000001,144.17430255,"[""ALL"", ""LOW""]"
2024-04-04,2024-03-28 10:00:00+05:30,validation,jade_lizard,3475.652275249999,3424.728412874999,3577.499999999999,101.84772475000003,"[""ALL"", ""LOW""]"
2024-04-04,2024-03-28 10:00:00+05:30,validation,reverse_jade_lizard,91.55002789999908,44.82504184999911,184.9999999999991,93.44997210000001,"[""ALL"", ""LOW""]"
2024-04-04,2024-03-28 10:00:00+05:30,validation,long_iron_condor,900.6216985,838.4325477499999,1025.0,124.37830150000002,"[""ALL"", ""LOW""]"
2024-04-04,2024-03-28 10:00:00+05:30,validation,long_iron_butterfly,332.3823764999993,266.07356474999926,464.9999999999993,132.6176235,"[""ALL"", ""LOW""]"
2024-04-04,2024-03-28 10:00:00+05:30,validation,double_plateau,-535.5484944999992,-635.8227417499991,-334.9999999999991,200.5484945,"[""ALL"", ""LOW""]"
2024-04-04,2024-03-28 10:00:00+05:30,validation,strip,-9637.796745300002,-9674.195117950001,-9565.000000000002,72.79674530000001,"[""ALL"", ""LOW""]"
2024-04-04,2024-03-28 10:00:00+05:30,validation,strap,-2725.648679450004,-2769.7230191750036,-2637.5000000000036,88.14867944999999,"[""ALL"", ""LOW""]"
2024-04-04,2024-03-28 10:00:00+05:30,validation,long_synthetic_future,6844.850154249999,6808.525231374999,6917.499999999999,72.64984575,"[""ALL"", ""LOW""]"
2024-04-04,2024-03-28 10:00:00+05:30,validation,short_synthetic_future,-7006.02798325,-7040.291974875,-6937.5,68.52798325,"[""ALL"", ""LOW""]"
2024-04-10,2024-04-04 10:00:00+05:30,validation,buy_call,9272.155898349998,9246.983847524998,9322.499999999998,50.34410165,"[""ALL"", ""LOW""]"
2024-04-10,2024-04-04 10:00:00+05:30,validation,sell_put,5559.592367000001,5544.388550500001,5590.000000000001,30.407632999999997,"[""ALL"", ""LOW""]"
2024-04-10,2024-04-04 10:00:00+05:30,validation,bull_condor,-540.8691763,-618.80376445,-385.0,155.86917630000002,"[""ALL"", ""LOW""]"
2024-04-10,2024-04-04 10:00:00+05:30,validation,bull_butterfly,-288.7698488,-358.15477319999997,-150.0,138.76984879999998,"[""ALL"", ""LOW""]"
2024-04-10,2024-04-04 10:00:00+05:30,validation,range_forward,12681.86794285,12644.051914275,12757.5,75.63205714999998,"[""ALL"", ""LOW""]"
2024-04-10,2024-04-04 10:00:00+05:30,validation,buy_put,-5627.078608,-5640.617912,-5600.0,27.078607999999996,"[""ALL"", ""LOW""]"
2024-04-10,2024-04-04 10:00:00+05:30,validation,sell_call,-9377.29423915,-9399.691358725,-9332.5,44.79423914999999,"[""ALL"", ""LOW""]"
2024-04-10,2024-04-04 10:00:00+05:30,validation,bear_condor,-399.63086394999954,-453.19629592499956,-292.49999999999955,107.13086394999999,"[""ALL"", ""LOW""]"
2024-04-10,2024-04-04 10:00:00+05:30,validation,bear_butterfly,-214.7528213999991,-257.1292320999991,-129.9999999999991,84.7528214,"[""ALL"", ""LOW""]"
2024-04-10,2024-04-04 10:00:00+05:30,validation,risk_reversal,-12845.53539465,-12879.553091975,-12777.5,68.03539464999999,"[""ALL"", ""LOW""]"
2024-04-10,2024-04-04 10:00:00+05:30,validation,batman,-2866.607886249999,-2946.161829374999,-2707.499999999999,159.10788625,"[""ALL"", ""LOW""]"
2024-04-10,2024-04-04 10:00:00+05:30,validation,jade_lizard,3206.6098762,3149.9148143,3320.0,113.39012380000003,"[""ALL"", ""LOW""]"
2024-04-10,2024-04-04 10:00:00+05:30,validation,reverse_jade_lizard,-7444.22343005,-7492.585145075,-7347.5,96.72343004999999,"[""ALL"", ""LOW""]"
2024-04-10,2024-04-04 10:00:00+05:30,validation,long_iron_condor,964.1434463999991,896.2151695999991,1099.999999999999,135.85655359999998,"[""ALL"", ""LOW""]"
2024-04-10,2024-04-04 10:00:00+05:30,validation,long_iron_butterfly,450.8693882999991,378.8040824499991,594.9999999999991,144.13061169999997,"[""ALL"", ""LOW""]"
2024-04-10,2024-04-04 10:00:00+05:30,validation,double_plateau,-503.5226701999991,-615.2840052999991,-279.9999999999991,223.52267020000002,"[""ALL"", ""LOW""]"
2024-04-10,2024-04-04 10:00:00+05:30,validation,strip,-1958.4013176500018,-1998.8519764750017,-1877.5000000000018,80.90131765,"[""ALL"", ""LOW""]"
2024-04-10,2024-04-04 10:00:00+05:30,validation,strap,12940.833188699997,12888.749783049996,13044.999999999996,104.1668113,"[""ALL"", ""LOW""]"
2024-04-10,2024-04-04 10:00:00+05:30,validation,long_synthetic_future,14831.74826535,14791.372398025,14912.5,80.75173464999999,"[""ALL"", ""LOW""]"
2024-04-10,2024-04-04 10:00:00+05:30,validation,short_synthetic_future,-15004.37284715,-15040.309270725,-14932.5,71.87284715,"[""ALL"", ""LOW""]"
2024-04-18,2024-04-10 10:00:00+05:30,validation,buy_call,-7933.510427900001,-7947.765641850001,-7905.000000000001,28.510427900000003,"[""ALL"", ""LOW""]"
2024-04-18,2024-04-10 10:00:00+05:30,validation,sell_put,-29253.0060662,-29279.5090993,-29200.0,53.0060662,"[""ALL"", ""LOW""]"
2024-04-18,2024-04-10 10:00:00+05:30,validation,bull_condor,-402.04884239999865,-458.07326359999865,-289.99999999999864,112.04884240000001,"[""ALL"", ""LOW""]"
2024-04-18,2024-04-10 10:00:00+05:30,validation,bull_butterfly,-242.84318554999817,-288.0147783249982,-152.49999999999818,90.34318554999999,"[""ALL"", ""LOW""]"
2024-04-18,2024-04-10 10:00:00+05:30,validation,range_forward,-34235.41710705,-34274.375660575,-34157.5,77.91710704999998,"[""ALL"", ""LOW""]"
2024-04-18,2024-04-10 10:00:00+05:30,validation,buy_put,29119.622908800004,29084.434363200002,29190.000000000004,70.3770912,"[""ALL"", ""LOW""]"
2024-04-18,2024-04-10 10:00:00+05:30,validation,sell_call,7861.7890721,7845.18360815,7895.0,33.2109279,"[""ALL"", ""LOW""]"
2024-04-18,2024-04-10 10:00:00+05:30,validation,bear_condor,-3144.8280888499926,-3253.4921332749927,-2927.4999999999927,217.32808885000003,"[""ALL"", ""LOW""]"
2024-04-18,2024-04-10 10:00:00+05:30,validation,bear_butterfly,-5716.343559299997,-5817.0153389499965,-5514.999999999996,201.34355930000004,"[""ALL"", ""LOW""]"
2024-04-18,2024-04-10 10:00:00+05:30,validation,risk_reversal,34039.26513045,33990.147695675,34137.5,98.23486955,"[""ALL"", ""LOW""]"
2024-04-18,2024-04-10 10:00:00+05:30,validation,batman,-25858.40510034999,-25961.35765052499,-25652.499999999993,205.90510035000003,"[""ALL"", ""LOW""]"
2024-04-18,2024-04-10 10:00:00+05:30,validation,jade_lizard,-26558.6767956,-26613.0151934,-26450.0,108.6767956,"[""ALL"", ""LOW""]"
2024-04-18,2024-04-10 10:00:00+05:30,validation,reverse_jade_lizard,7369.322409850003,7295.233614775004,7517.500000000004,148.17759015000001,"[""ALL"", ""LOW""]"
2024-04-18,2024-04-10 10:00:00+05:30,validation,long_iron_condor,959.2494984500073,875.1242476750073,1127.5000000000073,168.25050155,"[""ALL"", ""LOW""]"
2024-04-18,2024-04-10 10:00:00+05:30,validation,long_iron_butterfly,-2285.7571282499953,-2374.8856923749954,-2107.4999999999955,178.25712824999997,"[""ALL"", ""LOW""]"
2024-04-18,2024-04-10 10:00:00+05:30,validation,double_plateau,-5959.186744849994,-6105.030117274994,-5667.4999999999945,291.6867448500001,"[""ALL"", ""LOW""]"
2024-04-18,2024-04-10 10:00:00+05:30,validation,strip,50329.335389700005,50256.50308455001,50475.00000000001,145.6646103,"[""ALL"", ""LOW""]"
2024-04-18,2024-04-10 10:00:00+05:30,validation,strap,13276.202053000003,13224.303079500001,13380.000000000002,103.79794700000001,"[""ALL"", ""LOW""]"
2024-04-18,2024-04-10 10:00:00+05:30,validation,long_synthetic_future,-37186.5164941,-37227.27474115,-37105.0,81.51649409999999,"[""ALL"", ""LOW""]"
2024-04-18,2024-04-10 10:00:00+05:30,validation,short_synthetic_future,36981.4119809,36929.61797135,37085.0,103.5880191,"[""ALL"", ""LOW""]"
2024-04-25,2024-04-19 10:00:00+05:30,validation,buy_call,25195.266948699995,25160.400423049996,25264.999999999996,69.7330513,"[""ALL"", ""LOW""]"
2024-04-25,2024-04-19 10:00:00+05:30,validation,sell_put,9057.82350975,9040.485264625,9092.5,34.67649025,"[""ALL"", ""LOW""]"
2024-04-25,2024-04-19 10:00:00+05:30,validation,bull_condor,-714.6764177999855,-822.0146266999855,-499.99999999998545,214.67641780000002,"[""ALL"", ""LOW""]"
2024-04-25,2024-04-19 10:00:00+05:30,validation,bull_butterfly,-497.5666777999927,-596.3500166999927,-299.9999999999927,197.5666778,"[""ALL"", ""LOW""]"
2024-04-25,2024-04-19 10:00:00+05:30,validation,range_forward,31873.434736550007,31823.902104825007,31972.500000000007,99.06526345000002,"[""ALL"", ""LOW""]"
2024-04-25,2024-04-19 10:00:00+05:30,validation,buy_put,-9131.76347775,-9146.395216625,-9102.5,29.26347775,"[""ALL"", ""LOW""]"
2024-04-25,2024-04-19 10:00:00+05:30,validation,sell_call,-25329.697401299993,-25357.046101949993,-25274.999999999993,54.69740129999998,"[""ALL"", ""LOW""]"
2024-04-25,2024-04-19 10:00:00+05:30,validation,bear_condor,-338.9643608,-398.4465412,-220.0,118.96436080000001,"[""ALL"", ""LOW""]"
2024-04-25,2024-04-19 10:00:00+05:30,validation,bear_butterfly,-184.4081180500018,-232.86217707500182,-87.50000000000182,96.90811805,"[""ALL"", ""LOW""]"
2024-04-25,2024-04-19 10:00:00+05:30,validation,risk_reversal,-32072.535675950003,-32112.553513925002,-31992.500000000004,80.03567595000001,"[""ALL"", ""LOW""]"
2024-04-25,2024-04-19 10:00:00+05:30,validation,batman,-15686.078471049994,-15790.367706574994,-15477.499999999995,208.57847105000002,"[""ALL"", ""LOW""]"
2024-04-25,2024-04-19 10:00:00+05:30,validation,jade_lizard,6675.61780815,6602.176712225,6822.5,146.88219185,"[""ALL"", ""LOW""]"
2024-04-25,2024-04-19 10:00:00+05:30,validation,reverse_jade_lizard,-23132.820732600005,-23189.231098900003,-23020.000000000004,112.8207326,"[""ALL"", ""LOW""]"
2024-04-25,2024-04-19 10:00:00+05:30,validation,long_iron_condor,636.2992742500146,550.6989113750145,807.5000000000146,171.20072575,"[""ALL"", ""LOW""]"
2024-04-25,2024-04-19 10:00:00+05:30,validation,long_iron_butterfly,285.2586858999964,195.38802884999643,464.99999999999636,179.74131409999998,"[""ALL"", ""LOW""]"
2024-04-25,2024-04-19 10:00:00+05:30,validation,double_plateau,-681.9747958499927,-829.2121937749928,-387.4999999999927,294.47479584999996,"[""ALL"", ""LOW""]"
2024-04-25,2024-04-19 10:00:00+05:30,validation,strip,6955.339993199997,6903.009989799996,7059.999999999996,104.66000679999999,"[""ALL"", ""LOW""]"
2024-04-25,2024-04-19 10:00:00+05:30,validation,strap,41282.37041964999,41209.80562947499,41427.49999999999,145.12958035,"[""ALL"", ""LOW""]"
2024-04-25,2024-04-19 10:00:00+05:30,validation,long_synthetic_future,34253.09045845,34200.885687675,34357.5,104.40954155000001,"[""ALL"", ""LOW""]"
2024-04-25,2024-04-19 10:00:00+05:30,validation,short_synthetic_future,-34461.46087904999,-34503.441318574995,-34377.49999999999,83.96087904999999,"[""ALL"", ""LOW""]"
2024-05-02,2024-04-25 10:00:00+05:30,validation,buy_call,2156.371048899999,2139.556573349999,2189.999999999999,33.628951099999995,"[""ALL"", ""LOW""]"
2024-05-02,2024-04-25 10:00:00+05:30,validation,sell_put,2935.2924733500004,2921.6887100250005,2962.5000000000005,27.20752665,"[""ALL"", ""LOW""]"
2024-05-02,2024-04-25 10:00:00+05:30,validation,bull_condor,-285.92599647500003,-343.26399471250005,-171.25000000000006,114.675996475,"[""ALL"", ""LOW""]"
2024-05-02,2024-04-25 10:00:00+05:30,validation,bull_butterfly,-200.54923047500046,-247.69884571250046,-106.25000000000045,94.299230475,"[""ALL"", ""LOW""]"
2024-05-02,2024-04-25 10:00:00+05:30,validation,range_forward,4082.922646175,4053.7589692625,4141.25,58.327353825,"[""ALL"", ""LOW""]"
2024-05-02,2024-04-25 10:00:00+05:30,validation,buy_put,-2992.94335165,-3005.665027475,-2967.5,25.44335165,"[""ALL"", ""LOW""]"
2024-05-02,2024-04-25 10:00:00+05:30,validation,sell_call,-2227.3244136000003,-2243.4866204000004,-2195.0000000000005,32.3244136,"[""ALL"", ""LOW""]"
2024-05-02,2024-04-25 10:00:00+05:30,validation,bear_condor,-212.75160167499934,-263.5024025124993,-111.24999999999932,101.50160167500002,"[""ALL"", ""LOW""]"
2024-05-02,2024-04-25 10:00:00+05:30,validation,bear_butterfly,-143.5251348999991,-182.7877023499991,-64.99999999999909,78.52513490000001,"[""ALL"", ""LOW""]"
2024-05-02,2024-04-25 10:00:00+05:30,validation,risk_reversal,-4207.110335075001,-4235.040502612501,-4151.250000000001,55.86033507500001,"[""ALL"", ""LOW""]"
2024-05-02,2024-04-25 10:00:00+05:30,validation,batman,1138.522344125,1078.4085161875,1258.75,120.22765587500001,"[""ALL"", ""LOW""]"
2024-05-02,2024-04-25 10:00:00+05:30,validation,jade_lizard,1787.8914188999988,1744.337128349999,1874.9999999999989,87.10858109999998,"[""ALL"", ""LOW""]"
2024-05-02,2024-04-25 10:00:00+05:30,validation,reverse_jade_lizard,-1324.749174450001,-1365.8737616750009,-1242.500000000001,82.24917445,"[""ALL"", ""LOW""]"
2024-05-02,2024-04-25 10:00:00+05:30,validation,long_iron_condor,448.466305425,393.3244581375,558.75,110.283694575,"[""ALL"", ""LOW""]"
2024-05-02,2024-04-25 10:00:00+05:30,validation,long_iron_butterfly,168.13342434999933,110.9501365249993,282.4999999999993,114.36657564999999,"[""ALL"", ""LOW""]"
2024-05-02,2024-04-25 10:00:00+05:30,validation,double_plateau,-344.07436537499956,-430.48654806249954,-171.24999999999955,172.824365375,"[""ALL"", ""LOW""]"
2024-05-02,2024-04-25 10:00:00+05:30,validation,strip,-3805.9156544000007,-3836.373481600001,-3745.000000000001,60.915654399999994,"[""ALL"", ""LOW""]"
2024-05-02,2024-04-25 10:00:00+05:30,validation,strap,1343.3987461499983,1308.848119224998,1412.4999999999982,69.10125384999999,"[""ALL"", ""LOW""]"
2024-05-02,2024-04-25 10:00:00+05:30,validation,long_synthetic_future,5091.66352225,5061.245283375,5152.5,60.83647774999999,"[""ALL"", ""LOW""]"
2024-05-02,2024-04-25 10:00:00+05:30,validation,short_synthetic_future,-5220.26776525,-5249.151647875,-5162.5,57.76776524999999,"[""ALL"", ""LOW""]"
2024-05-09,2024-05-03 10:00:00+05:30,validation,buy_call,-4119.892955625,-4132.9644334375,-4093.75,26.142955625,"[""ALL"", ""LOW""]"
2024-05-09,2024-05-03 10:00:00+05:30,validation,sell_put,-17065.593940975,-17085.2659114625,-17026.25,39.343940974999995,"[""ALL"", ""LOW""]"
2024-05-09,2024-05-03 10:00:00+05:30,validation,bull_condor,-281.05007064999955,-332.8251059749996,-177.49999999999955,103.55007065000001,"[""ALL"", ""LOW""]"
2024-05-09,2024-05-03 10:00:00+05:30,validation,bull_butterfly,-172.18460227499997,-212.65190341250002,-91.25,80.93460227499999,"[""ALL"", ""LOW""]"
2024-05-09,2024-05-03 10:00:00+05:30,validation,range_forward,-19744.965834475,-19776.8237517125,-19681.25,63.715834475,"[""ALL"", ""LOW""]"
2024-05-09,2024-05-03 10:00:00+05:30,validation,buy_put,16971.776927775,16947.0403916625,17021.25,49.473072224999996,"[""ALL"", ""LOW""]"
2024-05-09,2024-05-03 10:00:00+05:30,validation,sell_call,4060.1727506249995,4045.8841259374994,4088.7499999999995,28.577249374999994,"[""ALL"", ""LOW""]"
2024-05-09,2024-05-03 10:00:00+05:30,validation,bear_condor,-259.92221474999815,-341.1333221249982,-97.49999999999818,162.42221475,"[""ALL"", ""LOW""]"
2024-05-09,2024-05-03 10:00:00+05:30,validation,bear_butterfly,-197.96340007499273,-268.8201001124927,-56.249999999992724,141.713400075,"[""ALL"", ""LOW""]"
2024-05-09,2024-05-03 10:00:00+05:30,validation,risk_reversal,19595.826796775,19558.1151951625,19671.25,75.42320322500001,"[""ALL"", ""LOW""]"
2024-05-09,2024-05-03 10:00:00+05:30,validation,batman,-12609.787719374996,-12686.556579062497,-12456.249999999996,153.53771937500002,"[""ALL"", ""LOW""]"
2024-05-09,2024-05-03 10:00:00+05:30,validation,jade_lizard,-15739.787279825,-15785.3059197375,-15648.75,91.037279825,"[""ALL"", ""LOW""]"
2024-05-09,2024-05-03 10:00:00+05:30,validation,reverse_jade_lizard,2394.618937175,2338.8034057625,2506.25,111.63106282499999,"[""ALL"", ""LOW""]"
2024-05-09,2024-05-03 10:00:00+05:30,validation,long_iron_condor,439.80950130000224,372.2142519500022,575.0000000000023,135.1904987,"[""ALL"", ""LOW""]"
2024-05-09,2024-05-03 10:00:00+05:30,validation,long_iron_butterfly,113.2185609500018,43.57784142500182,252.50000000000182,139.28143905000002,"[""ALL"", ""LOW""]"
2024-05-09,2024-05-03 10:00:00+05:30,validation,double_plateau,-370.14800234999274,-481.47200352499266,-147.49999999999272,222.64800235,"[""ALL"", ""LOW""]"
2024-05-09,2024-05-03 10:00:00+05:30,validation,strip,29847.260899925,29796.5163498875,29948.75,101.48910007500001,"[""ALL"", ""LOW""]"
2024-05-09,2024-05-03 10:00:00+05:30,validation,strap,8755.591016525,8716.5115247875,8833.75,78.15898347499999,"[""ALL"", ""LOW""]"
2024-05-09,2024-05-03 10:00:00+05:30,validation,long_synthetic_future,-21185.4868966,-21218.2303449,-21120.0,65.4868966,"[""ALL"", ""LOW""]"
2024-05-09,2024-05-03 10:00:00+05:30,validation,short_synthetic_future,21031.9496784,20992.9245176,21110.0,78.0503216,"[""ALL"", ""LOW""]"
2024-05-16,2024-05-10 10:00:00+05:30,validation,buy_call,2755.4153392749986,2737.498008912499,2791.2499999999986,35.834660725,"[""ALL"", ""NORMAL"", ""RISING""]"
2024-05-16,2024-05-10 10:00:00+05:30,validation,sell_put,3357.2786373,3343.41795595,3385.0,27.7213627,"[""ALL"", ""NORMAL"", ""RISING""]"
2024-05-16,2024-05-10 10:00:00+05:30,validation,bull_condor,-260.1613278500008,-321.4919917750009,-137.50000000000085,122.66132784999999,"[""ALL"", ""NORMAL"", ""RISING""]"
2024-05-16,2024-05-10 10:00:00+05:30,validation,bull_butterfly,-204.85602135000116,-256.0340320250011,-102.50000000000114,102.35602135000002,"[""ALL"", ""NORMAL"", ""RISING""]"
2024-05-16,2024-05-10 10:00:00+05:30,validation,range_forward,5077.739618625,5047.2344279375,5138.75,61.010381374999994,"[""ALL"", ""NORMAL"", ""RISING""]"
2024-05-16,2024-05-10 10:00:00+05:30,validation,buy_put,-3415.7058002000003,-3428.5587003000005,-3390.0000000000005,25.7058002,"[""ALL"", ""NORMAL"", ""RISING""]"
2024-05-16,2024-05-10 10:00:00+05:30,validation,sell_call,-2830.422379475,-2847.5085692125,-2796.25,34.172379475,"[""ALL"", ""NORMAL"", ""RISING""]"
2024-05-16,2024-05-10 10:00:00+05:30,validation,bear_condor,-210.34743514999954,-261.7711527249995,-107.49999999999955,102.84743515,"[""ALL"", ""NORMAL"", ""RISING""]"
2024-05-16,2024-05-10 10:00:00+05:30,validation,bear_butterfly,-117.42511635,-157.38767452500002,-37.5,79.92511635,"[""ALL"", ""NORMAL"", ""RISING""]"
2024-05-16,2024-05-10 10:00:00+05:30,validation,risk_reversal,-5206.699850125001,-5235.674775187501,-5148.750000000001,57.949850125,"[""ALL"", ""NORMAL"", ""RISING""]"
2024-05-16,2024-05-10 10:00:00+05:30,validation,batman,883.9509416749991,820.301412512499,1011.2499999999991,127.299058325,"[""ALL"", ""NORMAL"", ""RISING""]"
2024-05-16,2024-05-10 10:00:00+05:30,validation,jade_lizard,2188.3589706999983,2142.5384560499983,2279.999999999998,91.64102929999999,"[""ALL"", ""NORMAL"", ""RISING""]"
2024-05-16,2024-05-10 10:00:00+05:30,validation,reverse_jade_lizard,-1919.8128688000008,-1962.219303200001,-1835.000000000001,84.81286880000002,"[""ALL"", ""NORMAL"", ""RISING""]"
2024-05-16,2024-05-10 10:00:00+05:30,validation,long_iron_condor,372.5487892499998,315.07318387499976,487.4999999999998,114.95121075,"[""ALL"", ""NORMAL"", ""RISING""]"
2024-05-16,2024-05-10 10:00:00+05:30,validation,long_iron_butterfly,114.60356622499798,55.03034933749794,233.74999999999795,119.14643377499998,"[""ALL"", ""NORMAL"", ""RISING""]"
2024-05-16,2024-05-10 10:00:00+05:30,validation,double_plateau,-322.2811377000012,-413.42170655000115,-140.00000000000114,182.28113770000004,"[""ALL"", ""NORMAL"", ""RISING""]"
2024-05-16,2024-05-10 10:00:00+05:30,validation,strip,-4052.396261125002,-4084.219391687502,-3988.7500000000023,63.646261124999995,"[""ALL"", ""NORMAL"", ""RISING""]"
2024-05-16,2024-05-10 10:00:00+05:30,validation,strap,2118.7248783499967,2081.8373175249967,2192.499999999997,73.77512165,"[""ALL"", ""NORMAL"", ""RISING""]"
2024-05-16,2024-05-10 10:00:00+05:30,validation,long_synthetic_future,6112.6939765749985,6080.915964862498,6176.249999999998,63.55602342500001,"[""ALL"", ""NORMAL"", ""RISING""]"
2024-05-16,2024-05-10 10:00:00+05:30,validation,short_synthetic_future,-6246.128179675,-6276.0672695125,-6186.25,59.878179675000005,"[""ALL"", ""NORMAL"", ""RISING""]"
2024-05-23,2024-05-17 10:00:00+05:30,validation,buy_call,10239.235815250002,10217.603722875001,10282.500000000002,43.26418475,"[""ALL"", ""NORMAL""]"
2024-05-23,2024-05-17 10:00:00+05:30,validation,sell_put,3518.332528275,3504.3737924125,3546.25,27.917471725000002,"[""ALL"", ""NORMAL""]"
2024-05-23,2024-05-17 10:00:00+05:30,validation,bull_condor,-276.60480655,-348.657209825,-132.5,144.10480654999998,"[""ALL"", ""NORMAL""]"
2024-05-23,2024-05-17 10:00:00+05:30,validation,bull_butterfly,-169.946466875,-231.79470031250003,-46.25,123.69646687499998,"[""ALL"", ""NORMAL""]"
2024-05-23,2024-05-17 10:00:00+05:30,validation,range_forward,12648.86640425,12614.549606375,12717.5,68.63359575000001,"[""ALL"", ""NORMAL""]"
2024-05-23,2024-05-17 10:00:00+05:30,validation,buy_put,-3577.0559654750004,-3589.9589482125007,-3551.2500000000005,25.805965475000004,"[""ALL"", ""NORMAL""]"
2024-05-23,2024-05-17 10:00:00+05:30,validation,sell_call,-10324.64460975,-10343.216914625,-10287.5,37.14460975,"[""ALL"", ""NORMAL""]"
2024-05-23,2024-05-17 10:00:00+05:30,validation,bear_condor,-220.49144894999884,-271.9871734249989,-117.49999999999886,102.99144894999998,"[""ALL"", ""NORMAL""]"
2024-05-23,2024-05-17 10:00:00+05:30,validation,bear_butterfly,-162.61613514999908,-202.6742027249991,-82.49999999999909,80.11613514999999,"[""ALL"", ""NORMAL""]"
2024-05-23,2024-05-17 10:00:00+05:30,validation,risk_reversal,-12788.563708249998,-12819.095562374998,-12727.499999999998,61.063708250000005,"[""ALL"", ""NORMAL""]"
2024-05-23,2024-05-17 10:00:00+05:30,validation,batman,-6448.725042249999,-6519.337563374999,-6307.499999999999,141.22504224999997,"[""ALL"", ""NORMAL""]"
2024-05-23,2024-05-17 10:00:00+05:30,validation,jade_lizard,2196.4088090250016,2145.238213537502,2298.750000000002,102.34119097500002,"[""ALL"", ""NORMAL""]"
2024-05-23,2024-05-17 10:00:00+05:30,validation,reverse_jade_lizard,-9339.266411274999,-9383.274616912498,-9251.249999999998,88.016411275,"[""ALL"", ""NORMAL""]"
2024-05-23,2024-05-17 10:00:00+05:30,validation,long_iron_condor,402.993175725,340.11476358749997,528.75,125.75682427499999,"[""ALL"", ""NORMAL""]"
2024-05-23,2024-05-17 10:00:00+05:30,validation,long_iron_butterfly,88.89162652500181,23.962439787501808,218.75000000000182,129.858373475,"[""ALL"", ""NORMAL""]"
2024-05-23,2024-05-17 10:00:00+05:30,validation,double_plateau,-332.562602025,-434.46890303750007,-128.75,203.812602025,"[""ALL"", ""NORMAL""]"
2024-05-23,2024-05-17 10:00:00+05:30,validation,strip,3108.723884300001,3073.0858264500007,3180.000000000001,71.27611569999999,"[""ALL"", ""NORMAL""]"
2024-05-23,2024-05-17 10:00:00+05:30,validation,strap,16925.015665025003,16880.648497537502,17013.750000000004,88.734334975,"[""ALL"", ""NORMAL""]"
2024-05-23,2024-05-17 10:00:00+05:30,validation,long_synthetic_future,13757.568343525001,13721.977515287503,13828.750000000002,71.181656475,"[""ALL"", ""NORMAL""]"
2024-05-23,2024-05-17 10:00:00+05:30,validation,short_synthetic_future,-13901.700575225,-13933.1758628375,-13838.75,62.950575224999994,"[""ALL"", ""NORMAL""]"
2024-05-30,2024-05-24 10:00:00+05:30,validation,buy_call,-4393.81300365,-4406.969505475,-4367.5,26.313003650000002,"[""ALL"", ""HIGH""]"
2024-05-30,2024-05-24 10:00:00+05:30,validation,sell_put,-7455.756111800002,-7473.634167700002,-7420.000000000002,35.7561118,"[""ALL"", ""HIGH""]"
2024-05-30,2024-05-24 10:00:00+05:30,validation,bull_condor,-268.92218642500046,-321.5082796375005,-163.75000000000045,105.172186425,"[""ALL"", ""HIGH""]"
2024-05-30,2024-05-24 10:00:00+05:30,validation,bull_butterfly,-179.95890005000047,-221.18835007500041,-97.50000000000045,82.45890005000001,"[""ALL"", ""HIGH""]"
2024-05-30,2024-05-24 10:00:00+05:30,validation,range_forward,-10562.74197755,-10592.862966325,-10502.5,60.24197755,"[""ALL"", ""HIGH""]"
2024-05-30,2024-05-24 10:00:00+05:30,validation,buy_put,7374.8304757000005,7354.745713550001,7415.000000000001,40.1695243,"[""ALL"", ""HIGH""]"
2024-05-30,2024-05-24 10:00:00+05:30,validation,sell_call,4333.58982135,4319.134732025,4362.5,28.91017865,"[""ALL"", ""HIGH""]"
2024-05-30,2024-05-24 10:00:00+05:30,validation,bear_condor,-200.8246140000009,-268.73692100000085,-65.00000000000091,135.824614,"[""ALL"", ""HIGH""]"
2024-05-30,2024-05-24 10:00:00+05:30,validation,bear_butterfly,-150.29044670000184,-207.93567005000182,-35.00000000000182,115.2904467,"[""ALL"", ""HIGH""]"
2024-05-30,2024-05-24 10:00:00+05:30,validation,risk_reversal,10426.01200995,10392.768014925,10492.5,66.48799005,"[""ALL"", ""HIGH""]"
2024-05-30,2024-05-24 10:00:00+05:30,validation,batman,-2747.832703300002,-2816.7490549500017,-2610.000000000002,137.8327033,"[""ALL"", ""HIGH""]"
2024-05-30,2024-05-24 10:00:00+05:30,validation,jade_lizard,-6251.784636125,-6295.8019541875,-6163.75,88.034636125,"[""ALL"", ""HIGH""]"
2024-05-30,2024-05-24 10:00:00+05:30,validation,reverse_jade_lizard,2847.287546274999,2797.8063194124993,2946.249999999999,98.96245372499999,"[""ALL"", ""HIGH""]"
2024-05-30,2024-05-24 10:00:00+05:30,validation,long_iron_condor,384.80296024999865,323.4544403749986,507.49999999999864,122.69703975,"[""ALL"", ""HIGH""]"
2024-05-30,2024-05-24 10:00:00+05:30,validation,long_iron_butterfly,118.12986230000091,54.69479345000093,245.0000000000009,126.8701377,"[""ALL"", ""HIGH""]"
2024-05-30,2024-05-24 10:00:00+05:30,validation,double_plateau,-330.24934675000225,-429.1240201250023,-132.50000000000227,197.74934675,"[""ALL"", ""HIGH""]"
2024-05-30,2024-05-24 10:00:00+05:30,validation,strip,10379.447947750003,10337.921921625002,10462.500000000002,83.05205225,"[""ALL"", ""HIGH""]"
2024-05-30,2024-05-24 10:00:00+05:30,validation,strap,-1389.1955315999992,-1423.7932973999991,-1319.999999999999,69.19553160000001,"[""ALL"", ""HIGH""]"
2024-05-30,2024-05-24 10:00:00+05:30,validation,long_synthetic_future,-11849.569115450002,-11880.603673175001,-11787.500000000002,62.06911545,"[""ALL"", ""HIGH""]"
2024-05-30,2024-05-24 10:00:00+05:30,validation,short_synthetic_future,11708.42029705,11673.880445575,11777.5,69.07970295,"[""ALL"", ""HIGH""]"
2024-06-06,2024-05-31 10:00:00+05:30,validation,buy_call,-3798.369970600001,-3817.554955900001,-3760.000000000001,38.3699706,"[""ALL"", ""HIGH""]"
2024-06-06,2024-05-31 10:00:00+05:30,validation,sell_put,9246.357735974998,9228.911603962499,9281.249999999998,34.892264024999996,"[""ALL"", ""HIGH""]"
2024-06-06,2024-05-31 10:00:00+05:30,validation,bull_condor,-194.0415973250009,-264.18739598750085,-53.75000000000091,140.291597325,"[""ALL"", ""HIGH""]"
2024-06-06,2024-05-31 10:00:00+05:30,validation,bull_butterfly,-151.3887476750009,-211.45812151250087,-31.25000000000091,120.13874767499998,"[""ALL"", ""HIGH""]"
2024-06-06,2024-05-31 10:00:00+05:30,validation,range_forward,4379.345123799998,4344.017685699998,4449.999999999998,70.6548762,"[""ALL"", ""HIGH""]"
2024-06-06,2024-05-31 10:00:00+05:30,validation,buy_put,-9315.618432775,-9330.3026491625,-9286.25,29.368432775000002,"[""ALL"", ""HIGH""]"
2024-06-06,2024-05-31 10:00:00+05:30,validation,sell_call,3714.3943168999995,3694.0914753499997,3754.9999999999995,40.6056831,"[""ALL"", ""HIGH""]"
2024-06-06,2024-05-31 10:00:00+05:30,validation,bear_condor,-171.30889245000364,-233.21333867500363,-47.50000000000364,123.80889245,"[""ALL"", ""HIGH""]"
2024-06-06,2024-05-31 10:00:00+05:30,validation,bear_butterfly,-142.33694287500364,-192.88041431250366,-41.25000000000364,101.086942875,"[""ALL"", ""HIGH""]"
2024-06-06,2024-05-31 10:00:00+05:30,validation,risk_reversal,-4528.004151200001,-4562.006226800001,-4460.000000000001,68.0041512,"[""ALL"", ""HIGH""]"
2024-06-06,2024-05-31 10:00:00+05:30,validation,batman,13009.760596299995,12929.640894449994,13169.999999999995,160.23940370000003,"[""ALL"", ""HIGH""]"
2024-06-06,2024-05-31 10:00:00+05:30,validation,jade_lizard,8046.065720924997,7992.223581387497,8153.749999999996,107.684279075,"[""ALL"", ""HIGH""]"
2024-06-06,2024-05-31 10:00:00+05:30,validation,reverse_jade_lizard,4693.074859799996,4642.112289699996,4794.999999999996,101.92514019999999,"[""ALL"", ""HIGH""]"
2024-06-06,2024-05-31 10:00:00+05:30,validation,long_iron_condor,55.68654319999908,-11.470185200000941,189.9999999999991,134.3134568,"[""ALL"", ""HIGH""]"
2024-06-06,2024-05-31 10:00:00+05:30,validation,long_iron_butterfly,-78.7326765000027,-148.0990147500027,59.99999999999727,138.73267649999997,"[""ALL"", ""HIGH""]"
2024-06-06,2024-05-31 10:00:00+05:30,validation,double_plateau,-293.7256905500045,-404.33853582500456,-72.50000000000455,221.22569055,"[""ALL"", ""HIGH""]"
2024-06-06,2024-05-31 10:00:00+05:30,validation,strip,-22406.00683615,-22442.760254225,-22332.5,73.50683615,"[""ALL"", ""HIGH""]"
2024-06-06,2024-05-31 10:00:00+05:30,validation,strap,-16888.758373975,-16930.0125609625,-16806.25,82.50837397499998,"[""ALL"", ""HIGH""]"
2024-06-06,2024-05-31 10:00:00+05:30,validation,long_synthetic_future,5447.987765374997,5411.356648062498,5521.249999999997,73.262234625,"[""ALL"", ""HIGH""]"
2024-06-06,2024-05-31 10:00:00+05:30,validation,short_synthetic_future,-5601.224115875,-5636.2111738125,-5531.25,69.974115875,"[""ALL"", ""HIGH""]"
2024-06-13,2024-06-07 10:00:00+05:30,validation,buy_call,4736.0476553,4716.57148295,4775.0,38.952344700000005,"[""ALL"", ""FALLING"", ""NORMAL""]"
2024-06-13,2024-06-07 10:00:00+05:30,validation,sell_put,5976.58920525,5961.133807875,6007.5,30.910794749999997,"[""ALL"", ""FALLING"", ""NORMAL""]"
2024-06-13,2024-06-07 10:00:00+05:30,validation,bull_condor,-263.40292830000294,-330.10439245000293,-130.00000000000296,133.40292829999999,"[""ALL"", ""FALLING"", ""NORMAL""]"
2024-06-13,2024-06-07 10:00:00+05:30,validation,bull_butterfly,-195.49109895000316,-251.98664842500318,-82.50000000000318,112.99109895,"[""ALL"", ""FALLING"", ""NORMAL""]"
2024-06-13,2024-06-07 10:00:00+05:30,validation,range_forward,9415.31342045,9381.720130675,9482.5,67.18657955,"[""ALL"", ""FALLING"", ""NORMAL""]"
2024-06-13,2024-06-07 10:00:00+05:30,validation,buy_put,-6039.83484475,-6053.502267125,-6012.5,27.334844750000002,"[""ALL"", ""FALLING"", ""NORMAL""]"
2024-06-13,2024-06-07 10:00:00+05:30,validation,sell_call,-4816.1097322000005,-4834.164598300001,-4780.000000000001,36.1097322,"[""ALL"", ""FALLING"", ""NORMAL""]"
2024-06-13,2024-06-07 10:00:00+05:30,validation,bear_condor,-172.64688007500138,-228.34532011250133,-61.250000000001364,111.39688007500001,"[""ALL"", ""FALLING"", ""NORMAL""]"
2024-06-13,2024-06-07 10:00:00+05:30,validation,bear_butterfly,-162.4227974250009,-206.7591961375009,-73.75000000000091,88.67279742500001,"[""ALL"", ""FALLING"", ""NORMAL""]"
2024-06-13,2024-06-07 10:00:00+05:30,validation,risk_reversal,-9554.04151705,-9584.812275575,-9492.5,61.54151705000001,"[""ALL"", ""FALLING"", ""NORMAL""]"
2024-06-13,2024-06-07 10:00:00+05:30,validation,batman,1375.4835125499962,1304.4752688249964,1517.4999999999964,142.01648745,"[""ALL"", ""FALLING"", ""NORMAL""]"
2024-06-13,2024-06-07 10:00:00+05:30,validation,jade_lizard,4621.339187675,4571.3837815125,4721.25,99.91081232500001,"[""ALL"", ""FALLING"", ""NORMAL""]"
2024-06-13,2024-06-07 10:00:00+05:30,validation,reverse_jade_lizard,-3662.612131975,-3708.2931979625,-3571.25,91.362131975,"[""ALL"", ""FALLING"", ""NORMAL""]"
2024-06-13,2024-06-07 10:00:00+05:30,validation,long_iron_condor,246.62866777499727,184.31800166249727,371.24999999999727,124.621332225,"[""ALL"", ""FALLING"", ""NORMAL""]"
2024-06-13,2024-06-07 10:00:00+05:30,validation,long_iron_butterfly,38.59507534999909,-25.85738697500088,167.4999999999991,128.90492465,"[""ALL"", ""FALLING"", ""NORMAL""]"
2024-06-13,2024-06-07 10:00:00+05:30,validation,double_plateau,-357.91389637500413,-458.74584456250403,-156.2500000000041,201.663896375,"[""ALL"", ""FALLING"", ""NORMAL""]"
2024-06-13,2024-06-07 10:00:00+05:30,validation,strip,-7320.0220342,-7355.0330513,-7250.0,70.0220342,"[""ALL"", ""FALLING"", ""NORMAL""]"
2024-06-13,2024-06-07 10:00:00+05:30,validation,strap,3455.86046585,3415.040698775,3537.5,81.63953415,"[""ALL"", ""FALLING"", ""NORMAL""]"
2024-06-13,2024-06-07 10:00:00+05:30,validation,long_synthetic_future,10712.63686055,10677.705290825,10782.5,69.86313944999999,"[""ALL"", ""FALLING"", ""NORMAL""]"
2024-06-13,2024-06-07 10:00:00+05:30,validation,short_synthetic_future,-10855.94457695,-10887.666865425,-10792.5,63.44457695,"[""ALL"", ""FALLING"", ""NORMAL""]"
2024-06-20,2024-06-13 10:00:00+05:30,validation,buy_call,172.62625772499945,157.06438658749943,203.74999999999943,31.123742274999998,"[""ALL"", ""NORMAL""]"
2024-06-20,2024-06-13 10:00:00+05:30,validation,sell_put,3921.5914956,3907.3872434,3950.0,28.408504399999998,"[""ALL"", ""NORMAL""]"
2024-06-20,2024-06-13 10:00:00+05:30,validation,bull_condor,602.6962857750007,548.4194286625006,711.2500000000007,108.553714225,"[""ALL"", ""NORMAL""]"
2024-06-20,2024-06-13 10:00:00+05:30,validation,bull_butterfly,-102.15033819999931,-145.7255072999993,-14.999999999999318,87.1503382,"[""ALL"", ""NORMAL""]"
2024-06-20,2024-06-13 10:00:00+05:30,validation,range_forward,2979.266525075,2950.7747876125,3036.25,56.983474924999996,"[""ALL"", ""NORMAL""]"
2024-06-20,2024-06-13 10:00:00+05:30,validation,buy_put,-3981.0567669000006,-3994.0851503500003,-3955.0000000000005,26.0567669,"[""ALL"", ""NORMAL""]"
2024-06-20,2024-06-13 10:00:00+05:30,validation,sell_call,-239.75102352500056,-255.25153528750056,-208.75000000000057,31.001023524999997,"[""ALL"", ""NORMAL""]"
2024-06-20,2024-06-13 10:00:00+05:30,validation,bear_condor,-231.91013125000046,-284.11519687500044,-127.50000000000045,104.41013124999999,"[""ALL"", ""NORMAL""]"
2024-06-20,2024-06-13 10:00:00+05:30,validation,bear_butterfly,-175.32923122500046,-216.11884683750046,-93.75000000000045,81.57923122499999,"[""ALL"", ""NORMAL""]"
2024-06-20,2024-06-13 10:00:00+05:30,validation,risk_reversal,-3101.4239311750007,-3129.010896762501,-3046.250000000001,55.173931175,"[""ALL"", ""NORMAL""]"
2024-06-20,2024-06-13 10:00:00+05:30,validation,batman,4090.680956525,4031.6464347875,4208.75,118.069043475,"[""ALL"", ""NORMAL""]"
2024-06-20,2024-06-13 10:00:00+05:30,validation,jade_lizard,2624.1781270249994,2581.8921905374996,2708.7499999999995,84.57187297500002,"[""ALL"", ""NORMAL""]"
2024-06-20,2024-06-13 10:00:00+05:30,validation,reverse_jade_lizard,813.6206294749995,772.3059442124995,896.2499999999995,82.62937052499998,"[""ALL"", ""NORMAL""]"
2024-06-20,2024-06-13 10:00:00+05:30,validation,long_iron_condor,373.08165537499974,318.9974830624998,481.2499999999998,108.168344625,"[""ALL"", ""NORMAL""]"
2024-06-20,2024-06-13 10:00:00+05:30,validation,long_iron_butterfly,153.90590967499932,97.73386451249931,266.2499999999993,112.344090325,"[""ALL"", ""NORMAL""]"
2024-06-20,2024-06-13 10:00:00+05:30,validation,double_plateau,-277.47956942499974,-361.84435413749975,-108.74999999999977,168.72956942499997,"[""ALL"", ""NORMAL""]"
2024-06-20,2024-06-13 10:00:00+05:30,validation,strip,-7765.887276075002,-7795.705914112502,-7706.250000000002,59.637276074999996,"[""ALL"", ""NORMAL""]"
2024-06-20,2024-06-13 10:00:00+05:30,validation,strap,-3612.2042514500017,-3644.5563771750017,-3547.500000000002,64.70425145,"[""ALL"", ""NORMAL""]"
2024-06-20,2024-06-13 10:00:00+05:30,validation,long_synthetic_future,4094.217753324999,4064.451629987499,4153.749999999999,59.53224667500001,"[""ALL"", ""NORMAL""]"
2024-06-20,2024-06-13 10:00:00+05:30,validation,short_synthetic_future,-4220.807790425001,-4249.3366856375005,-4163.750000000001,57.057790425,"[""ALL"", ""NORMAL""]"
2024-06-27,2024-06-21 10:00:00+05:30,validation,buy_call,7548.17486995,7528.512304925,7587.5,39.325130050000006,"[""ALL"", ""LOW""]"
2024-06-27,2024-06-21 10:00:00+05:30,validation,sell_put,3032.6715991,3019.00739865,3060.0,27.328400900000002,"[""ALL"", ""LOW""]"
2024-06-27,2024-06-21 10:00:00+05:30,validation,bull_condor,-258.93769685000177,-324.6565452750018,-127.50000000000182,131.43769684999998,"[""ALL"", ""LOW""]"
2024-06-27,2024-06-21 10:00:00+05:30,validation,bull_butterfly,-223.5070119500009,-279.01051792500095,-112.50000000000091,111.00701195,"[""ALL"", ""LOW""]"
2024-06-27,2024-06-21 10:00:00+05:30,validation,range_forward,9488.39314045,9456.339710675,9552.5,64.10685955,"[""ALL"", ""LOW""]"
2024-06-27,2024-06-21 10:00:00+05:30,validation,buy_put,-3090.5062134,-3103.2593201,-3065.0,25.5062134,"[""ALL"", ""LOW""]"
2024-06-27,2024-06-21 10:00:00+05:30,validation,sell_call,-7627.309080050001,-7644.713620075001,-7592.500000000001,34.80908005,"[""ALL"", ""LOW""]"
2024-06-27,2024-06-21 10:00:00+05:30,validation,bear_condor,-247.780233075,-298.5453496125,-146.25,101.530233075,"[""ALL"", ""LOW""]"
2024-06-27,2024-06-21 10:00:00+05:30,validation,bear_butterfly,-164.827378875,-204.1160683125,-86.25,78.577378875,"[""ALL"", ""LOW""]"
2024-06-27,2024-06-21 10:00:00+05:30,validation,risk_reversal,-9620.92014705,-9650.130220575,-9562.5,58.42014705,"[""ALL"", ""LOW""]"
2024-06-27,2024-06-21 10:00:00+05:30,validation,batman,-4141.2426737,-4206.86401055,-4010.0,131.2426737,"[""ALL"", ""LOW""]"
2024-06-27,2024-06-21 10:00:00+05:30,validation,jade_lizard,1763.2805235249991,1715.545785287499,1858.749999999999,95.46947647500002,"[""ALL"", ""LOW""]"
2024-06-27,2024-06-21 10:00:00+05:30,validation,reverse_jade_lizard,-6654.8442372,-6697.2663558,-6570.0,84.84423719999998,"[""ALL"", ""LOW""]"
2024-06-27,2024-06-21 10:00:00+05:30,validation,long_iron_condor,517.5878545749982,458.2567818624982,636.2499999999982,118.66214542499998,"[""ALL"", ""LOW""]"
2024-06-27,2024-06-21 10:00:00+05:30,validation,long_iron_butterfly,165.992868225,104.61430233750002,288.75,122.75713177499999,"[""ALL"", ""LOW""]"
2024-06-27,2024-06-21 10:00:00+05:30,validation,double_plateau,-388.3343908250009,-483.1265862375009,-198.7500000000009,189.584390825,"[""ALL"", ""LOW""]"
2024-06-27,2024-06-21 10:00:00+05:30,validation,strip,1390.76244315,1357.393664725,1457.5,66.73755685,"[""ALL"", ""LOW""]"
2024-06-27,2024-06-21 10:00:00+05:30,validation,strap,12029.4435265,11989.16528975,12110.0,80.55647350000001,"[""ALL"", ""LOW""]"
2024-06-27,2024-06-21 10:00:00+05:30,validation,long_synthetic_future,10580.84646905,10547.519703575,10647.5,66.65353094999999,"[""ALL"", ""LOW""]"
2024-06-27,2024-06-21 10:00:00+05:30,validation,short_synthetic_future,-10717.81529345,-10747.972940175,-10657.5,60.31529345,"[""ALL"", ""LOW""]"
2024-07-04,2024-06-28 10:00:00+05:30,validation,buy_call,-407.056500175001,-422.459750262501,-376.250000000001,30.806500174999996,"[""ALL"", ""NORMAL""]"
2024-07-04,2024-06-28 10:00:00+05:30,validation,sell_put,4060.1727506249995,4045.8841259374994,4088.7499999999995,28.577249374999994,"[""ALL"", ""NORMAL""]"
2024-07-04,2024-06-28 10:00:00+05:30,validation,bull_condor,946.6667065,892.50005975,1055.0,108.3332935,"[""ALL"", ""NORMAL""]"
2024-07-04,2024-06-28 10:00:00+05:30,validation,bull_butterfly,-158.97637575000002,-202.21456362499998,-72.5,86.47637575000002,"[""ALL"", ""NORMAL""]"
2024-07-04,2024-06-28 10:00:00+05:30,validation,range_forward,2506.936950925,2478.5304263875,2563.75,56.813049075,"[""ALL"", ""NORMAL""]"
2024-07-04,2024-06-28 10:00:00+05:30,validation,buy_put,-4119.892955625,-4132.9644334375,-4093.75,26.142955625,"[""ALL"", ""NORMAL""]"
2024-07-04,2024-06-28 10:00:00+05:30,validation,sell_call,340.2211185749999,324.7066778624999,371.2499999999999,31.028881424999994,"[""ALL"", ""NORMAL""]"
2024-07-04,2024-06-28 10:00:00+05:30,validation,bear_condor,-218.70509472499955,-271.1826420874995,-113.74999999999955,104.95509472500001,"[""ALL"", ""NORMAL""]"
2024-07-04,2024-06-28 10:00:00+05:30,validation,bear_butterfly,-168.34821997499955,-209.39732996249955,-86.24999999999955,82.09821997500002,"[""ALL"", ""NORMAL""]"
2024-07-04,2024-06-28 10:00:00+05:30,validation,risk_reversal,-2629.034642825001,-2656.676964237501,-2573.750000000001,55.284642825,"[""ALL"", ""NORMAL""]"
2024-07-04,2024-06-28 10:00:00+05:30,validation,batman,4760.598763225,4701.5231448375,4878.75,118.15123677500002,"[""ALL"", ""NORMAL""]"
2024-07-04,2024-06-28 10:00:00+05:30,validation,jade_lizard,2786.834189575,2744.6262843625,2871.25,84.41581042500002,"[""ALL"", ""NORMAL""]"
2024-07-04,2024-06-28 10:00:00+05:30,validation,reverse_jade_lizard,1380.850743425,1339.4011151375,1463.75,82.899256575,"[""ALL"", ""NORMAL""]"
2024-07-04,2024-06-28 10:00:00+05:30,validation,long_iron_condor,383.13150447499976,329.0722567124998,491.2499999999998,108.118495525,"[""ALL"", ""NORMAL""]"
2024-07-04,2024-06-28 10:00:00+05:30,validation,long_iron_butterfly,125.22532534999954,69.08798802499956,237.49999999999955,112.27467465000001,"[""ALL"", ""NORMAL""]"
2024-07-04,2024-06-28 10:00:00+05:30,validation,double_plateau,-327.324595725,-411.6118935875,-158.75,168.57459572500002,"[""ALL"", ""NORMAL""]"
2024-07-04,2024-06-28 10:00:00+05:30,validation,strip,-8623.242411425003,-8652.988617137502,-8563.750000000002,59.49241142499999,"[""ALL"", ""NORMAL""]"
2024-07-04,2024-06-28 10:00:00+05:30,validation,strap,-4910.405955975002,-4942.483933962501,-4846.250000000002,64.15595597499998,"[""ALL"", ""NORMAL""]"
2024-07-04,2024-06-28 10:00:00+05:30,validation,long_synthetic_future,3653.1162504499985,3623.424375674999,3712.4999999999986,59.38374955,"[""ALL"", ""NORMAL""]"
2024-07-04,2024-06-28 10:00:00+05:30,validation,short_synthetic_future,-3779.67183705,-3808.257755575,-3722.5,57.17183704999999,"[""ALL"", ""NORMAL""]"
2024-07-11,2024-07-05 10:00:00+05:30,validation,buy_call,-491.70874965000036,-506.31312447500034,-462.50000000000034,29.208749649999998,"[""ALL"", ""LOW""]"
2024-07-11,2024-07-05 10:00:00+05:30,validation,sell_put,3091.3524452250003,3077.6536678375005,3118.7500000000005,27.397554775,"[""ALL"", ""LOW""]"
2024-07-11,2024-07-05 10:00:00+05:30,validation,bull_condor,987.305250975001,935.3328764625008,1091.250000000001,103.944749025,"[""ALL"", ""LOW""]"
2024-07-11,2024-07-05 10:00:00+05:30,validation,bull_butterfly,681.0989623500004,640.3984435250005,762.5000000000005,81.40103764999999,"[""ALL"", ""LOW""]"
2024-07-11,2024-07-05 10:00:00+05:30,validation,range_forward,1434.7142324250005,1407.6963486375005,1488.7500000000005,54.035767575,"[""ALL"", ""LOW""]"
2024-07-11,2024-07-05 10:00:00+05:30,validation,buy_put,-3149.290411025,-3162.0606165375,-3123.75,25.540411025,"[""ALL"", ""LOW""]"
2024-07-11,2024-07-05 10:00:00+05:30,validation,sell_call,428.01755034999996,413.27632552499995,457.49999999999994,29.48244965,"[""ALL"", ""LOW""]"
2024-07-11,2024-07-05 10:00:00+05:30,validation,bear_condor,-273.95696774999976,-324.6854516249998,-172.49999999999977,101.45696775,"[""ALL"", ""LOW""]"
2024-07-11,2024-07-05 10:00:00+05:30,validation,bear_butterfly,-164.80211517499976,-204.07817276249978,-86.24999999999977,78.552115175,"[""ALL"", ""LOW""]"
2024-07-11,2024-07-05 10:00:00+05:30,validation,risk_reversal,-1551.8969863249997,-1578.4704794874997,-1498.7499999999998,53.146986325,"[""ALL"", ""LOW""]"
2024-07-11,2024-07-05 10:00:00+05:30,validation,batman,3985.621282775,3930.3069241625,4096.25,110.628717225,"[""ALL"", ""LOW""]"
2024-07-11,2024-07-05 10:00:00+05:30,validation,jade_lizard,1783.620992025001,1743.556488037501,1863.750000000001,80.12900797500001,"[""ALL"", ""LOW""]"
2024-07-11,2024-07-05 10:00:00+05:30,validation,reverse_jade_lizard,1481.665732375001,1441.873598562501,1561.250000000001,79.58426762500001,"[""ALL"", ""LOW""]"
2024-07-11,2024-07-05 10:00:00+05:30,validation,long_iron_condor,-362.6077719249993,-414.5366578874993,-258.7499999999993,103.85777192500001,"[""ALL"", ""LOW""]"
2024-07-11,2024-07-05 10:00:00+05:30,validation,long_iron_butterfly,188.83718637499976,135.13077956249975,296.2499999999998,107.41281362500003,"[""ALL"", ""LOW""]"
2024-07-11,2024-07-05 10:00:00+05:30,validation,double_plateau,516.296847175001,436.3202707625009,676.2500000000009,159.95315282500002,"[""ALL"", ""LOW""]"
2024-07-11,2024-07-05 10:00:00+05:30,validation,strip,-6766.6895717,-6795.03435755,-6710.0,56.689571699999995,"[""ALL"", ""LOW""]"
2024-07-11,2024-07-05 10:00:00+05:30,validation,strap,-4109.107910325001,-4139.286865487501,-4048.750000000001,60.357910325,"[""ALL"", ""LOW""]"
2024-07-11,2024-07-05 10:00:00+05:30,validation,long_synthetic_future,2599.643695575,2571.3405433625,2656.25,56.606304425000005,"[""ALL"", ""LOW""]"
2024-07-11,2024-07-05 10:00:00+05:30,validation,short_synthetic_future,-2721.272860675,-2748.7842910125,-2666.25,55.02286067500001,"[""ALL"", ""LOW""]"
2024-07-18,2024-07-11 10:00:00+05:30,validation,buy_call,7719.257939724999,7699.511909587499,7758.749999999999,39.492060275,"[""ALL"", ""NORMAL""]"
2024-07-18,2024-07-11 10:00:00+05:30,validation,sell_put,3125.06139915,3111.342098725,3152.5,27.43860085,"[""ALL"", ""NORMAL""]"
2024-07-18,2024-07-11 10:00:00+05:30,validation,bull_condor,-335.97230252500276,-402.0834537875027,-203.75000000000273,132.222302525,"[""ALL"", ""NORMAL""]"
2024-07-18,2024-07-11 10:00:00+05:30,validation,bull_butterfly,-200.53691712500273,-256.4303756875027,-88.75000000000273,111.78691712500002,"[""ALL"", ""NORMAL""]"
2024-07-18,2024-07-11 10:00:00+05:30,validation,range_forward,9688.10397045,9655.905955675,9752.5,64.39602955000001,"[""ALL"", ""NORMAL""]"
2024-07-18,2024-07-11 10:00:00+05:30,validation,buy_put,-3183.06137585,-3195.842063775,-3157.5,25.56137585,"[""ALL"", ""NORMAL""]"
2024-07-18,2024-07-11 10:00:00+05:30,validation,sell_call,-7798.624116525,-7816.0611747875,-7763.75,34.874116525,"[""ALL"", ""NORMAL""]"
2024-07-18,2024-07-11 10:00:00+05:30,validation,bear_condor,-272.8623668749998,-323.66855031249975,-171.24999999999977,101.61236687499999,"[""ALL"", ""NORMAL""]"
2024-07-18,2024-07-11 10:00:00+05:30,validation,bear_butterfly,-178.6984584,-218.0476876,-100.0,78.69845839999999,"[""ALL"", ""NORMAL""]"
2024-07-18,2024-07-11 10:00:00+05:30,validation,risk_reversal,-9821.09031705,-9850.385475575,-9762.5,58.590317049999996,"[""ALL"", ""NORMAL""]"
2024-07-18,2024-07-11 10:00:00+05:30,validation,batman,-4281.862473300003,-4347.793709950004,-4150.000000000004,131.8624733,"[""ALL"", ""NORMAL""]"
2024-07-18,2024-07-11 10:00:00+05:30,validation,jade_lizard,1837.840211624999,1789.885317437499,1933.749999999999,95.90978837500002,"[""ALL"", ""NORMAL""]"
2024-07-18,2024-07-11 10:00:00+05:30,validation,reverse_jade_lizard,-6742.575436350001,-6785.113154525001,-6657.500000000001,85.07543635,"[""ALL"", ""NORMAL""]"
2024-07-18,2024-07-11 10:00:00+05:30,validation,long_iron_condor,422.14988697499814,362.5998304624981,541.2499999999982,119.10011302500001,"[""ALL"", ""NORMAL""]"
2024-07-18,2024-07-11 10:00:00+05:30,validation,long_iron_butterfly,146.83389199999817,85.2508379999982,269.9999999999982,123.16610800000001,"[""ALL"", ""NORMAL""]"
2024-07-18,2024-07-11 10:00:00+05:30,validation,double_plateau,-379.2353755250027,-474.4780632875028,-188.75000000000273,190.485375525,"[""ALL"", ""NORMAL""]"
2024-07-18,2024-07-11 10:00:00+05:30,validation,strip,1376.7351880249992,1343.227782037499,1443.749999999999,67.014811975,"[""ALL"", ""NORMAL""]"
2024-07-18,2024-07-11 10:00:00+05:30,validation,strap,12279.054503599998,12238.581755399999,12359.999999999998,80.9454964,"[""ALL"", ""NORMAL""]"
2024-07-18,2024-07-11 10:00:00+05:30,validation,long_synthetic_future,10844.319338875,10810.8540083125,10911.25,66.930661125,"[""ALL"", ""NORMAL""]"
2024-07-18,2024-07-11 10:00:00+05:30,validation,short_synthetic_future,-10981.685492375,-11011.9032385625,-10921.25,60.435492375,"[""ALL"", ""NORMAL""]"
2024-07-25,2024-07-19 10:00:00+05:30,validation,buy_call,-5917.258750200001,-5930.888125300001,-5890.000000000001,27.2587502,"[""ALL"", ""NORMAL""]"
2024-07-25,2024-07-19 10:00:00+05:30,validation,sell_put,-2070.839105575001,-2088.133658362501,-2036.2500000000011,34.589105575000005,"[""ALL"", ""NORMAL""]"
2024-07-25,2024-07-19 10:00:00+05:30,validation,bull_condor,-225.41512710000046,-280.62269065000044,-115.00000000000045,110.4151271,"[""ALL"", ""NORMAL""]"
2024-07-25,2024-07-19 10:00:00+05:30,validation,bull_butterfly,-140.32819195000047,-184.24228792500045,-52.500000000000455,87.82819195,"[""ALL"", ""NORMAL""]"
2024-07-25,2024-07-19 10:00:00+05:30,validation,range_forward,-6644.9949633,-6674.99244495,-6585.0,59.9949633,"[""ALL"", ""NORMAL""]"
2024-07-25,2024-07-19 10:00:00+05:30,validation,buy_put,1995.450813175,1977.5512197625,2031.25,35.79918682499999,"[""ALL"", ""NORMAL""]"
2024-07-25,2024-07-19 10:00:00+05:30,validation,sell_call,5854.2381873,5838.85728095,5885.0,30.7618127,"[""ALL"", ""NORMAL""]"
2024-07-25,2024-07-19 10:00:00+05:30,validation,bear_condor,-208.37606842500225,-270.6891026375023,-83.75000000000227,124.62606842499997,"[""ALL"", ""NORMAL""]"
2024-07-25,2024-07-19 10:00:00+05:30,validation,bear_butterfly,-124.14902410000316,-176.22353615000318,-20.000000000003155,104.1490241,"[""ALL"", ""NORMAL""]"
2024-07-25,2024-07-19 10:00:00+05:30,validation,risk_reversal,6511.089936699999,6479.134905049999,6574.999999999999,63.9100633,"[""ALL"", ""NORMAL""]"
2024-07-25,2024-07-19 10:00:00+05:30,validation,batman,4014.4533223999974,3946.6799835999973,4149.999999999997,135.5466776,"[""ALL"", ""NORMAL""]"
2024-07-25,2024-07-19 10:00:00+05:30,validation,jade_lizard,-822.0872737500014,-866.8809106250013,-732.5000000000014,89.58727375,"[""ALL"", ""NORMAL""]"
2024-07-25,2024-07-19 10:00:00+05:30,validation,reverse_jade_lizard,4389.783877499999,4342.175816249999,4484.999999999999,95.2161225,"[""ALL"", ""NORMAL""]"
2024-07-25,2024-07-19 10:00:00+05:30,validation,long_iron_condor,187.76778574999864,127.90167862499865,307.49999999999864,119.73221425,"[""ALL"", ""NORMAL""]"
2024-07-25,2024-07-19 10:00:00+05:30,validation,long_iron_butterfly,44.714855824998196,-17.302716262501832,168.74999999999818,124.03514417499999,"[""ALL"", ""NORMAL""]"
2024-07-25,2024-07-19 10:00:00+05:30,validation,double_plateau,-264.47721605000316,-360.4658240750032,-72.50000000000318,191.97721604999998,"[""ALL"", ""NORMAL""]"
2024-07-25,2024-07-19 10:00:00+05:30,validation,strip,-1902.7571238500009,-1940.3856857750009,-1827.500000000001,75.25712385,"[""ALL"", ""NORMAL""]"
2024-07-25,2024-07-19 10:00:00+05:30,validation,strap,-9815.466687225002,-9848.825030837503,-9748.750000000002,66.716687225,"[""ALL"", ""NORMAL""]"
2024-07-25,2024-07-19 10:00:00+05:30,validation,long_synthetic_future,-7988.097855775002,-8019.021783662502,-7926.250000000002,61.847855775000006,"[""ALL"", ""NORMAL""]"
2024-07-25,2024-07-19 10:00:00+05:30,validation,short_synthetic_future,7849.689000475,7816.4085007125,7916.25,66.560999525,"[""ALL"", ""NORMAL""]"
2024-08-01,2024-07-26 10:00:00+05:30,validation,buy_call,6898.054522075,6878.9567831125,6936.25,38.195477925,"[""ALL"", ""LOW""]"
2024-08-01,2024-07-26 10:00:00+05:30,validation,sell_put,3691.8712169999994,3677.8068254999994,3719.9999999999995,28.128783,"[""ALL"", ""LOW""]"
2024-08-01,2024-07-26 10:00:00+05:30,validation,bull_condor,-276.7007261250013,-340.67608918750136,-148.75000000000136,127.95072612499999,"[""ALL"", ""LOW""]"
2024-08-01,2024-07-26 10:00:00+05:30,validation,bull_butterfly,-197.44922730000275,-251.17384095000273,-90.00000000000273,107.4492273,"[""ALL"", ""LOW""]"
2024-08-01,2024-07-26 10:00:00+05:30,validation,range_forward,9375.041008025,9343.1865120375,9438.75,63.708991974999996,"[""ALL"", ""LOW""]"
2024-08-01,2024-07-26 10:00:00+05:30,validation,buy_put,-3750.9138955,-3763.87084325,-3725.0,25.913895500000002,"[""ALL"", ""LOW""]"
2024-08-01,2024-07-26 10:00:00+05:30,validation,sell_call,-6975.316921675001,-6992.350382512501,-6941.250000000001,34.066921674999996,"[""ALL"", ""LOW""]"
2024-08-01,2024-07-26 10:00:00+05:30,validation,bear_condor,-232.18251352499954,-283.8987702874996,-128.74999999999955,103.43251352499999,"[""ALL"", ""LOW""]"
2024-08-01,2024-07-26 10:00:00+05:30,validation,bear_butterfly,-129.3504443249991,-169.6506664874991,-48.74999999999909,80.600444325,"[""ALL"", ""LOW""]"
2024-08-01,2024-07-26 10:00:00+05:30,validation,risk_reversal,-9506.839960725,-9535.8849410875,-9448.75,58.089960725,"[""ALL"", ""LOW""]"
2024-08-01,2024-07-26 10:00:00+05:30,validation,batman,-2844.237996525001,-2909.4819947875008,-2713.750000000001,130.487996525,"[""ALL"", ""LOW""]"
2024-08-01,2024-07-26 10:00:00+05:30,validation,jade_lizard,2326.876364775,2279.6895471625,2421.25,94.373635225,"[""ALL"", ""LOW""]"
2024-08-01,2024-07-26 10:00:00+05:30,validation,reverse_jade_lizard,-5910.212863499999,-5952.819295249999,-5824.999999999999,85.21286349999998,"[""ALL"", ""LOW""]"
2024-08-01,2024-07-26 10:00:00+05:30,validation,long_iron_condor,450.88422042499997,391.95133063749995,568.75,117.865779575,"[""ALL"", ""LOW""]"
2024-08-01,2024-07-26 10:00:00+05:30,validation,long_iron_butterfly,155.46623054999907,94.44934582499909,277.4999999999991,122.03376945000001,"[""ALL"", ""LOW""]"
2024-08-01,2024-07-26 10:00:00+05:30,validation,double_plateau,-326.7996716250018,-420.82450743750184,-138.75000000000182,188.049671625,"[""ALL"", ""LOW""]"
2024-08-01,2024-07-26 10:00:00+05:30,validation,strip,-580.173268925,-613.3849033875,-513.75,66.423268925,"[""ALL"", ""LOW""]"
2024-08-01,2024-07-26 10:00:00+05:30,validation,strap,10068.79514865,10029.442722975,10147.5,78.70485135,"[""ALL"", ""LOW""]"
2024-08-01,2024-07-26 10:00:00+05:30,validation,long_synthetic_future,10589.925739075,10556.7636086125,10656.25,66.32426092500002,"[""ALL"", ""LOW""]"
2024-08-01,2024-07-26 10:00:00+05:30,validation,short_synthetic_future,-10726.230817175,-10756.2212257625,-10666.25,59.980817175000006,"[""ALL"", ""LOW""]"
2024-08-08,2024-08-02 10:00:00+05:30,validation,buy_call,-3642.096342175,-3655.0195132625,-3616.25,25.846342175,"[""ALL"", ""LOW""]"
2024-08-08,2024-08-02 10:00:00+05:30,validation,sell_put,-11431.369122049999,-11450.803683074999,-11392.499999999998,38.869122049999994,"[""ALL"", ""LOW""]"
2024-08-08,2024-08-02 10:00:00+05:30,validation,bull_condor,-246.649810025,-298.0997150375,-143.75,102.899810025,"[""ALL"", ""LOW""]"
2024-08-08,2024-08-02 10:00:00+05:30,validation,bull_butterfly,-146.351447575,-186.4021713625,-66.25,80.10144757500002,"[""ALL"", ""LOW""]"
2024-08-08,2024-08-02 10:00:00+05:30,validation,range_forward,-13844.102846475,-13875.5292697125,-13781.25,62.852846475,"[""ALL"", ""LOW""]"
2024-08-08,2024-08-02 10:00:00+05:30,validation,buy_put,11341.85382795,11319.030741925,11387.5,45.64617205,"[""ALL"", ""LOW""]"
2024-08-08,2024-08-02 10:00:00+05:30,validation,sell_call,3583.2534765749997,3569.2552148624995,3611.2499999999995,27.996523425,"[""ALL"", ""LOW""]"
2024-08-08,2024-08-02 10:00:00+05:30,validation,bear_condor,-267.5618687999982,-343.84280319999823,-114.99999999999818,152.5618688,"[""ALL"", ""LOW""]"
2024-08-08,2024-08-02 10:00:00+05:30,validation,bear_butterfly,-180.84475502499456,-246.89213253749455,-48.74999999999454,132.094755025,"[""ALL"", ""LOW""]"
2024-08-08,2024-08-02 10:00:00+05:30,validation,risk_reversal,13700.200284775001,13664.675427162501,13771.250000000002,71.049715225,"[""ALL"", ""LOW""]"
2024-08-08,2024-08-02 10:00:00+05:30,validation,batman,-7450.9819510249945,-7524.5979265374945,-7303.7499999999945,147.23195102499997,"[""ALL"", ""LOW""]"
2024-08-08,2024-08-02 10:00:00+05:30,validation,jade_lizard,-10316.077829275,-10360.9917439125,-10226.25,89.827829275,"[""ALL"", ""LOW""]"
2024-08-08,2024-08-02 10:00:00+05:30,validation,reverse_jade_lizard,2200.95209655,2147.678144825,2307.5,106.54790345,"[""ALL"", ""LOW""]"
2024-08-08,2024-08-02 10:00:00+05:30,validation,long_iron_condor,365.07437070000185,300.11155605000187,495.0000000000018,129.9256293,"[""ALL"", ""LOW""]"
2024-08-08,2024-08-02 10:00:00+05:30,validation,long_iron_butterfly,138.41233975000182,71.36850962500179,272.5000000000018,134.08766025,"[""ALL"", ""LOW""]"
2024-08-08,2024-08-02 10:00:00+05:30,validation,double_plateau,-327.19620259999454,-433.29430389999453,-114.99999999999454,212.19620260000002,"[""ALL"", ""LOW""]"
2024-08-08,2024-08-02 10:00:00+05:30,validation,strip,19065.211313725,19018.4419705875,19158.75,93.538686275,"[""ALL"", ""LOW""]"
2024-08-08,2024-08-02 10:00:00+05:30,validation,strap,4081.2611436,4044.3917154,4155.0,73.7388564,"[""ALL"", ""LOW""]"
2024-08-08,2024-08-02 10:00:00+05:30,validation,long_synthetic_future,-15073.465464224999,-15105.823196337498,-15008.749999999998,64.71546422499999,"[""ALL"", ""LOW""]"
2024-08-08,2024-08-02 10:00:00+05:30,validation,short_synthetic_future,14925.107304525,14888.2859567875,14998.75,73.642695475,"[""ALL"", ""LOW""]"
2024-08-14,2024-08-08 10:00:00+05:30,validation,buy_call,-5286.8674068,-5300.3011102,-5260.0,26.8674068,"[""ALL"", ""FALLING"", ""NORMAL""]"
2024-08-14,2024-08-08 10:00:00+05:30,validation,sell_put,3640.587531474999,3625.2562972124992,3671.249999999999,30.662468525,"[""ALL"", ""FALLING"", ""NORMAL""]"
2024-08-14,2024-08-08 10:00:00+05:30,validation,bull_condor,-219.44188877500045,-273.5378331625005,-111.25000000000045,108.191888775,"[""ALL"", ""FALLING"", ""NORMAL""]"
2024-08-14,2024-08-08 10:00:00+05:30,validation,bull_butterfly,-170.56546049999997,-213.34819075000001,-85.0,85.56546049999999,"[""ALL"", ""FALLING"", ""NORMAL""]"
2024-08-14,2024-08-08 10:00:00+05:30,validation,range_forward,-331.887424275,-359.7061364125,-276.25,55.637424274999994,"[""ALL"", ""FALLING"", ""NORMAL""]"
2024-08-14,2024-08-08 10:00:00+05:30,validation,buy_put,-3704.7265872750004,-3718.9648809125006,-3676.2500000000005,28.476587275,"[""ALL"", ""FALLING"", ""NORMAL""]"
2024-08-14,2024-08-08 10:00:00+05:30,validation,sell_call,5225.0043807,5210.00657105,5255.0,29.995619299999998,"[""ALL"", ""FALLING"", ""NORMAL""]"
2024-08-14,2024-08-08 10:00:00+05:30,validation,bear_condor,-58.4867559000009,-112.7301338500009,49.99999999999909,108.48675589999999,"[""ALL"", ""FALLING"", ""NORMAL""]"
2024-08-14,2024-08-08 10:00:00+05:30,validation,bear_butterfly,59.27194979999909,16.407924699999086,144.9999999999991,85.7280502,"[""ALL"", ""FALLING"", ""NORMAL""]"
2024-08-14,2024-08-08 10:00:00+05:30,validation,risk_reversal,210.451181975,182.55177296250002,266.25,55.798818024999996,"[""ALL"", ""FALLING"", ""NORMAL""]"
2024-08-14,2024-08-08 10:00:00+05:30,validation,batman,6929.002354424999,6869.128531637499,7048.749999999999,119.74764557499998,"[""ALL"", ""FALLING"", ""NORMAL""]"
2024-08-14,2024-08-08 10:00:00+05:30,validation,jade_lizard,4866.778081075,4824.5421216125,4951.25,84.471918925,"[""ALL"", ""FALLING"", ""NORMAL""]"
2024-08-14,2024-08-08 10:00:00+05:30,validation,reverse_jade_lizard,4859.273422225,4817.0351333375,4943.75,84.47657777499998,"[""ALL"", ""FALLING"", ""NORMAL""]"
2024-08-14,2024-08-08 10:00:00+05:30,validation,long_iron_condor,-2096.2533456500005,-2150.6300184750003,-1987.5000000000005,108.75334565000001,"[""ALL"", ""FALLING"", ""NORMAL""]"
2024-08-14,2024-08-08 10:00:00+05:30,validation,long_iron_butterfly,-1041.041742225,-1097.1876133375,-928.75,112.29174222500001,"[""ALL"", ""FALLING"", ""NORMAL""]"
2024-08-14,2024-08-08 10:00:00+05:30,validation,double_plateau,-111.29351070000087,-196.9402660500009,59.99999999999909,171.29351069999996,"[""ALL"", ""FALLING"", ""NORMAL""]"
2024-08-14,2024-08-08 10:00:00+05:30,validation,strip,-12672.72058135,-12702.830872025,-12612.5,60.22058135,"[""ALL"", ""FALLING"", ""NORMAL""]"
2024-08-14,2024-08-08 10:00:00+05:30,validation,strap,-14254.861400875,-14284.1671013125,-14196.25,58.61140087499999,"[""ALL"", ""FALLING"", ""NORMAL""]"
2024-08-14,2024-08-08 10:00:00+05:30,validation,long_synthetic_future,-1646.2798753250008,-1675.0448129875008,-1588.750000000001,57.529875325000006,"[""ALL"", ""FALLING"", ""NORMAL""]"
2024-08-14,2024-08-08 10:00:00+05:30,validation,short_synthetic_future,1520.2777934249996,1491.0416901374995,1578.7499999999995,58.472206575,"[""ALL"", ""FALLING"", ""NORMAL""]"
2024-08-22,2024-08-16 10:00:00+05:30,validation,buy_call,9142.364114225,9121.6711713375,9183.75,41.385885775,"[""ALL"", ""NORMAL""]"
2024-08-22,2024-08-16 10:00:00+05:30,validation,sell_put,3949.05805065,3934.837075975,3977.5,28.44194935,"[""ALL"", ""NORMAL""]"
2024-08-22,2024-08-16 10:00:00+05:30,validation,bull_condor,-286.87510712499727,-355.93766068749727,-148.74999999999727,138.125107125,"[""ALL"", ""NORMAL""]"
2024-08-22,2024-08-16 10:00:00+05:30,validation,bull_butterfly,-253.9115246749982,-312.7422870124982,-136.24999999999818,117.661524675,"[""ALL"", ""NORMAL""]"
2024-08-22,2024-08-16 10:00:00+05:30,validation,range_forward,11879.022909875002,11845.409364812502,11946.250000000002,67.22709012499999,"[""ALL"", ""NORMAL""]"
2024-08-22,2024-08-16 10:00:00+05:30,validation,buy_put,-4008.5738493500003,-4021.6107740250004,-3982.5000000000005,26.073849350000003,"[""ALL"", ""NORMAL""]"
2024-08-22,2024-08-16 10:00:00+05:30,validation,sell_call,-9224.670067025,-9242.6301005375,-9188.75,35.920067024999994,"[""ALL"", ""NORMAL""]"
2024-08-22,2024-08-16 10:00:00+05:30,validation,bear_condor,-225.64246867499998,-277.8387030125,-121.25,104.39246867499998,"[""ALL"", ""NORMAL""]"
2024-08-22,2024-08-16 10:00:00+05:30,validation,bear_butterfly,-189.02346485000047,-229.78519727500046,-107.50000000000045,81.52346485000001,"[""ALL"", ""NORMAL""]"
2024-08-22,2024-08-16 10:00:00+05:30,validation,risk_reversal,-12016.366096375,-12046.4241445625,-11956.25,60.11609637499999,"[""ALL"", ""NORMAL""]"
2024-08-22,2024-08-16 10:00:00+05:30,validation,batman,-4936.931763024998,-5006.022644537498,-4798.749999999998,138.18176302499998,"[""ALL"", ""NORMAL""]"
2024-08-22,2024-08-16 10:00:00+05:30,validation,jade_lizard,2608.969379625001,2559.079069437501,2708.750000000001,99.78062037500001,"[""ALL"", ""NORMAL""]"
2024-08-22,2024-08-16 10:00:00+05:30,validation,reverse_jade_lizard,-8146.292071325,-8190.0631069875,-8058.75,87.542071325,"[""ALL"", ""NORMAL""]"
2024-08-22,2024-08-16 10:00:00+05:30,validation,long_iron_condor,457.7558833750027,396.00882506250275,581.2500000000027,123.49411662499999,"[""ALL"", ""NORMAL""]"
2024-08-22,2024-08-16 10:00:00+05:30,validation,long_iron_butterfly,101.20142842500002,37.4271426375,228.75,127.54857157499998,"[""ALL"", ""NORMAL""]"
2024-08-22,2024-08-16 10:00:00+05:30,validation,double_plateau,-442.9349895249982,-542.5274842874983,-243.74999999999818,199.18498952500002,"[""ALL"", ""NORMAL""]"
2024-08-22,2024-08-16 10:00:00+05:30,validation,strip,1148.816415524999,1113.849623287499,1218.749999999999,69.933584475,"[""ALL"", ""NORMAL""]"
2024-08-22,2024-08-16 10:00:00+05:30,validation,strap,14299.7543791,14257.13156865,14385.0,85.24562089999999,"[""ALL"", ""NORMAL""]"
2024-08-22,2024-08-16 10:00:00+05:30,validation,long_synthetic_future,13091.422164875,13056.5082473125,13161.25,69.82783512500001,"[""ALL"", ""NORMAL""]"
2024-08-22,2024-08-16 10:00:00+05:30,validation,short_synthetic_future,-13233.243916375,-13264.2408745625,-13171.25,61.993916375000005,"[""ALL"", ""NORMAL""]"
2024-08-29,2024-08-23 10:00:00+05:30,validation,buy_call,4957.055689224998,4938.708533837498,4993.749999999998,36.694310775,"[""ALL"", ""LOW""]"
2024-08-29,2024-08-23 10:00:00+05:30,validation,sell_put,2706.813784425,2693.3456766375,2733.75,26.936215575,"[""ALL"", ""LOW""]"
2024-08-29,2024-08-23 10:00:00+05:30,validation,bull_condor,-299.8862323750009,-361.7043485625009,-176.2500000000009,123.63623237499999,"[""ALL"", ""LOW""]"
2024-08-29,2024-08-23 10:00:00+05:30,validation,bull_butterfly,-164.47611067500134,-216.08916601250135,-61.250000000001364,103.22611067499999,"[""ALL"", ""LOW""]"
2024-08-29,2024-08-23 10:00:00+05:30,validation,range_forward,6596.42019105,6565.880286575,6657.5,61.07980894999999,"[""ALL"", ""LOW""]"
2024-08-29,2024-08-23 10:00:00+05:30,validation,buy_put,-2764.058146825,-2776.7122202375,-2738.75,25.308146825,"[""ALL"", ""LOW""]"
2024-08-29,2024-08-23 10:00:00+05:30,validation,sell_call,-5032.471542025,-5049.3323130375,-4998.75,33.721542025,"[""ALL"", ""LOW""]"
2024-08-29,2024-08-23 10:00:00+05:30,validation,bear_condor,-256.8631714749998,-307.16975721249975,-156.24999999999977,100.613171475,"[""ALL"", ""LOW""]"
2024-08-29,2024-08-23 10:00:00+05:30,validation,bear_butterfly,-160.10813875,-198.912208125,-82.5,77.60813875,"[""ALL"", ""LOW""]"
2024-08-29,2024-08-23 10:00:00+05:30,validation,risk_reversal,-6724.61562145,-6753.173432175,-6667.5,57.11562144999999,"[""ALL"", ""LOW""]"
2024-08-29,2024-08-23 10:00:00+05:30,validation,batman,-1842.819383250001,-1905.479074875001,-1717.500000000001,125.31938324999999,"[""ALL"", ""LOW""]"
2024-08-29,2024-08-23 10:00:00+05:30,validation,jade_lizard,1510.000376575,1464.3755648625,1601.25,91.24962342500001,"[""ALL"", ""LOW""]"
2024-08-29,2024-08-23 10:00:00+05:30,validation,reverse_jade_lizard,-4076.952581625,-4118.5538724375,-3993.75,83.20258162500001,"[""ALL"", ""LOW""]"
2024-08-29,2024-08-23 10:00:00+05:30,validation,long_iron_condor,449.436406125,392.2796091875,563.75,114.313593875,"[""ALL"", ""LOW""]"
2024-08-29,2024-08-23 10:00:00+05:30,validation,long_iron_butterfly,204.10689274999774,144.91033912499773,322.4999999999977,118.39310724999999,"[""ALL"", ""LOW""]"
2024-08-29,2024-08-23 10:00:00+05:30,validation,double_plateau,-324.5842494250014,-415.00137413750133,-143.75000000000136,180.83424942500002,"[""ALL"", ""LOW""]"
2024-08-29,2024-08-23 10:00:00+05:30,validation,strip,-547.4606044250019,-579.3159066375018,-483.7500000000018,63.710604425,"[""ALL"", ""LOW""]"
2024-08-29,2024-08-23 10:00:00+05:30,validation,strap,7173.653231624997,7136.104847437497,7248.749999999996,75.096768375,"[""ALL"", ""LOW""]"
2024-08-29,2024-08-23 10:00:00+05:30,validation,long_synthetic_future,7663.869473649998,7632.054210474998,7727.499999999998,63.63052635,"[""ALL"", ""LOW""]"
2024-08-29,2024-08-23 10:00:00+05:30,validation,short_synthetic_future,-7796.52968885,-7826.044533275,-7737.5,59.02968885,"[""ALL"", ""LOW""]"
2024-09-05,2024-08-30 10:00:00+05:30,validation,buy_call,-3364.4239647250006,-3377.2609470875004,-3338.7500000000005,25.673964725000005,"[""ALL"", ""NORMAL""]"
2024-09-05,2024-08-30 10:00:00+05:30,validation,sell_put,674.4733400249997,659.8350100374997,703.7499999999998,29.276659974999994,"[""ALL"", ""NORMAL""]"
2024-09-05,2024-08-30 10:00:00+05:30,validation,bull_condor,-260.32474502499974,-311.1121175374998,-158.74999999999977,101.574745025,"[""ALL"", ""NORMAL""]"
2024-09-05,2024-08-30 10:00:00+05:30,validation,bull_butterfly,-157.55009332499978,-196.95013998749977,-78.74999999999977,78.800093325,"[""ALL"", ""NORMAL""]"
2024-09-05,2024-08-30 10:00:00+05:30,validation,range_forward,-1349.379142275,-1375.9437134125,-1296.25,53.12914227499999,"[""ALL"", ""NORMAL""]"
2024-09-05,2024-08-30 10:00:00+05:30,validation,buy_put,-737.6064412250003,-752.0346618375003,-708.7500000000002,28.856441224999998,"[""ALL"", ""NORMAL""]"
2024-09-05,2024-08-30 10:00:00+05:30,validation,sell_call,3306.090966525,3292.2614497875,3333.75,27.659033475000005,"[""ALL"", ""NORMAL""]"
2024-09-05,2024-08-30 10:00:00+05:30,validation,bear_condor,1006.0691948000004,954.1037922000005,1110.0000000000005,103.9308052,"[""ALL"", ""NORMAL""]"
2024-09-05,2024-08-30 10:00:00+05:30,validation,bear_butterfly,990.1073559750002,949.5360339625003,1071.2500000000002,81.142644025,"[""ALL"", ""NORMAL""]"
2024-09-05,2024-08-30 10:00:00+05:30,validation,risk_reversal,1232.3525639750007,1205.4038459625008,1286.2500000000007,53.89743602499999,"[""ALL"", ""NORMAL""]"
2024-09-05,2024-08-30 10:00:00+05:30,validation,batman,4455.727204675,4400.4658070125,4566.25,110.52279532499999,"[""ALL"", ""NORMAL""]"
2024-09-05,2024-08-30 10:00:00+05:30,validation,jade_lizard,1875.3135203,1835.47028045,1955.0,79.68647969999998,"[""ALL"", ""NORMAL""]"
2024-09-05,2024-08-30 10:00:00+05:30,validation,reverse_jade_lizard,1848.826731125,1808.8650966875,1928.75,79.92326887499999,"[""ALL"", ""NORMAL""]"
2024-09-05,2024-08-30 10:00:00+05:30,validation,long_iron_condor,-671.3290780499993,-723.2436170749993,-567.4999999999993,103.82907805000002,"[""ALL"", ""NORMAL""]"
2024-09-05,2024-08-30 10:00:00+05:30,validation,long_iron_butterfly,194.00106127499907,140.37659191249907,301.2499999999991,107.24893872500002,"[""ALL"", ""NORMAL""]"
2024-09-05,2024-08-30 10:00:00+05:30,validation,double_plateau,832.5572626500002,752.5858939750002,992.5000000000002,159.94273735000002,"[""ALL"", ""NORMAL""]"
2024-09-05,2024-08-30 10:00:00+05:30,validation,strip,-4816.036847175001,-4845.930270762501,-4756.250000000001,59.78684717499999,"[""ALL"", ""NORMAL""]"
2024-09-05,2024-08-30 10:00:00+05:30,validation,strap,-7442.854370675001,-7471.156556012501,-7386.250000000001,56.604370675,"[""ALL"", ""NORMAL""]"
2024-09-05,2024-08-30 10:00:00+05:30,validation,long_synthetic_future,-2689.950624700001,-2717.425937050001,-2635.000000000001,54.9506247,"[""ALL"", ""NORMAL""]"
2024-09-05,2024-08-30 10:00:00+05:30,validation,short_synthetic_future,2568.4845253,2540.22678795,2625.0,56.515474700000006,"[""ALL"", ""NORMAL""]"
2024-09-12,2024-09-06 10:00:00+05:30,validation,buy_call,6171.138425325,6152.3326379875,6208.75,37.611574675,"[""ALL"", ""NORMAL""]"
2024-09-12,2024-09-06 10:00:00+05:30,validation,sell_put,4244.943163925,4230.5397458875,4273.75,28.806836075,"[""ALL"", ""NORMAL""]"
2024-09-12,2024-09-06 10:00:00+05:30,validation,bull_condor,-245.56589452500185,-308.97384178750184,-118.75000000000182,126.81589452500002,"[""ALL"", ""NORMAL""]"
2024-09-12,2024-09-06 10:00:00+05:30,validation,bull_butterfly,-146.33412590000228,-199.50118885000228,-40.000000000002274,106.3341259,"[""ALL"", ""NORMAL""]"
2024-09-12,2024-09-06 10:00:00+05:30,validation,range_forward,9162.438864375,9130.5332965625,9226.25,63.811135625,"[""ALL"", ""NORMAL""]"
2024-09-12,2024-09-06 10:00:00+05:30,validation,buy_put,-4305.012467325,-4318.1437009875,-4278.75,26.262467324999996,"[""ALL"", ""NORMAL""]"
2024-09-12,2024-09-06 10:00:00+05:30,validation,sell_call,-6247.665880925001,-6264.623821387501,-6213.750000000001,33.915880924999996,"[""ALL"", ""NORMAL""]"
2024-09-12,2024-09-06 10:00:00+05:30,validation,bear_condor,-248.81789482499954,-301.35184223749957,-143.74999999999955,105.067894825,"[""ALL"", ""NORMAL""]"
2024-09-12,2024-09-06 10:00:00+05:30,validation,bear_butterfly,-179.79583434999955,-220.94375152499953,-97.49999999999955,82.29583434999999,"[""ALL"", ""NORMAL""]"
2024-09-12,2024-09-06 10:00:00+05:30,validation,risk_reversal,-9294.568541875,-9323.7278128125,-9236.25,58.318541875,"[""ALL"", ""NORMAL""]"
2024-09-12,2024-09-06 10:00:00+05:30,validation,batman,-1650.0229919250019,-1715.6594878875019,-1518.7500000000018,131.27299192499999,"[""ALL"", ""NORMAL""]"
2024-09-12,2024-09-06 10:00:00+05:30,validation,jade_lizard,2810.600729199999,2763.401093799999,2904.999999999999,94.3992708,"[""ALL"", ""NORMAL""]"
2024-09-12,2024-09-06 10:00:00+05:30,validation,reverse_jade_lizard,-5106.033416100001,-5149.050124150001,-5020.000000000001,86.03341610000001,"[""ALL"", ""NORMAL""]"
2024-09-12,2024-09-06 10:00:00+05:30,validation,long_iron_condor,386.8373897999996,327.7560846999995,504.99999999999955,118.16261019999997,"[""ALL"", ""NORMAL""]"
2024-09-12,2024-09-06 10:00:00+05:30,validation,long_iron_butterfly,100.20469234999909,39.057038524999086,222.4999999999991,122.29530765,"[""ALL"", ""NORMAL""]"
2024-09-12,2024-09-06 10:00:00+05:30,validation,double_plateau,-326.1299602500023,-420.44494037500226,-137.50000000000227,188.62996025,"[""ALL"", ""NORMAL""]"
2024-09-12,2024-09-06 10:00:00+05:30,validation,strip,-2415.286509325,-2448.5547639875,-2348.75,66.536509325,"[""ALL"", ""NORMAL""]"
2024-09-12,2024-09-06 10:00:00+05:30,validation,strap,8060.864383325,8021.9215749875,8138.75,77.885616675,"[""ALL"", ""NORMAL""]"
2024-09-12,2024-09-06 10:00:00+05:30,validation,long_synthetic_future,10416.08158925,10382.872383875,10482.5,66.41841075,"[""ALL"", ""NORMAL""]"
2024-09-12,2024-09-06 10:00:00+05:30,validation,short_synthetic_future,-10552.67834825,-10582.767522375,-10492.5,60.17834825,"[""ALL"", ""NORMAL""]"
2024-09-19,2024-09-13 10:00:00+05:30,validation,buy_call,-1600.0900759499998,-1613.8851139249998,-1572.4999999999998,27.590075949999992,"[""ALL"", ""LOW""]"
2024-09-19,2024-09-13 10:00:00+05:30,validation,sell_put,3724.33169115,3710.247536725,3752.5,28.168308849999995,"[""ALL"", ""LOW""]"
2024-09-19,2024-09-13 10:00:00+05:30,validation,bull_condor,123.05730400000022,72.08595600000024,225.00000000000023,101.94269600000001,"[""ALL"", ""LOW""]"
2024-09-19,2024-09-13 10:00:00+05:30,validation,bull_butterfly,193.40363535000023,153.8554530250002,272.5000000000002,79.09636465,"[""ALL"", ""LOW""]"
2024-09-19,2024-09-13 10:00:00+05:30,validation,range_forward,851.8326498,825.2489747,905.0,53.1673502,"[""ALL"", ""LOW""]"
2024-09-19,2024-09-13 10:00:00+05:30,validation,buy_put,-3783.4340838500007,-3796.4011257750003,-3757.5000000000005,25.93408385,"[""ALL"", ""LOW""]"
2024-09-19,2024-09-13 10:00:00+05:30,validation,sell_call,1538.9757740499992,1524.7136610749994,1567.4999999999993,28.524225949999995,"[""ALL"", ""LOW""]"
2024-09-19,2024-09-13 10:00:00+05:30,validation,bear_condor,-263.38761779999885,-315.0814266999989,-159.99999999999886,103.38761779999999,"[""ALL"", ""LOW""]"
2024-09-19,2024-09-13 10:00:00+05:30,validation,bear_butterfly,-146.8199743749991,-187.1049615624991,-66.24999999999909,80.569974375,"[""ALL"", ""LOW""]"
2024-09-19,2024-09-13 10:00:00+05:30,validation,risk_reversal,-967.6259002,-993.9388503,-915.0,52.625900200000004,"[""ALL"", ""LOW""]"
2024-09-19,2024-09-13 10:00:00+05:30,validation,batman,3972.441509950001,3917.4122649250007,4082.500000000001,110.05849004999999,"[""ALL"", ""LOW""]"
2024-09-19,2024-09-13 10:00:00+05:30,validation,jade_lizard,3218.08246625,3178.373699375,3297.5,79.41753375,"[""ALL"", ""LOW""]"
2024-09-19,2024-09-13 10:00:00+05:30,validation,reverse_jade_lizard,2677.74702905,2637.870543575,2757.5,79.75297094999999,"[""ALL"", ""LOW""]"
2024-09-19,2024-09-13 10:00:00+05:30,validation,long_iron_condor,-1654.4476491749992,-1706.0464737624993,-1551.2499999999993,103.197649175,"[""ALL"", ""LOW""]"
2024-09-19,2024-09-13 10:00:00+05:30,validation,long_iron_butterfly,-686.5102015999995,-739.7653023999995,-579.9999999999995,106.5102016,"[""ALL"", ""LOW""]"
2024-09-19,2024-09-13 10:00:00+05:30,validation,double_plateau,46.58366097500112,-33.249508537498855,206.25000000000114,159.666339025,"[""ALL"", ""LOW""]"
2024-09-19,2024-09-13 10:00:00+05:30,validation,strip,-9143.35824365,-9171.287365475,-9087.5,55.858243650000006,"[""ALL"", ""LOW""]"
2024-09-19,2024-09-13 10:00:00+05:30,validation,strap,-6960.01423575,-6988.771353625,-6902.5,57.514235750000005,"[""ALL"", ""LOW""]"
2024-09-19,2024-09-13 10:00:00+05:30,validation,long_synthetic_future,2124.2416152,2096.3624228,2180.0,55.758384799999995,"[""ALL"", ""LOW""]"
2024-09-19,2024-09-13 10:00:00+05:30,validation,short_synthetic_future,-2244.4583098000007,-2271.687464700001,-2190.000000000001,54.458309799999995,"[""ALL"", ""LOW""]"
2024-09-26,2024-09-20 10:00:00+05:30,validation,buy_call,11875.502231500002,11853.253347250002,11920.000000000002,44.49776850000001,"[""ALL"", ""LOW""]"
2024-09-26,2024-09-20 10:00:00+05:30,validation,sell_put,3816.7168977999995,3802.5753466999995,3844.9999999999995,28.283102200000002,"[""ALL"", ""LOW""]"
2024-09-26,2024-09-20 10:00:00+05:30,validation,bull_condor,-164.70741024999998,-238.31111537499999,-17.5,147.20741024999998,"[""ALL"", ""LOW""]"
2024-09-26,2024-09-20 10:00:00+05:30,validation,bull_butterfly,-249.11700354999817,-312.4255053249982,-122.49999999999818,126.61700355,"[""ALL"", ""LOW""]"
2024-09-26,2024-09-20 10:00:00+05:30,validation,range_forward,14625.988469375001,14590.857704062502,14696.250000000002,70.261530625,"[""ALL"", ""LOW""]"
2024-09-26,2024-09-20 10:00:00+05:30,validation,buy_put,-3875.9938397,-3888.99075955,-3850.0,25.9938397,"[""ALL"", ""LOW""]"
2024-09-26,2024-09-20 10:00:00+05:30,validation,sell_call,-11962.403881,-11981.1058215,-11925.0,37.403881000000005,"[""ALL"", ""LOW""]"
2024-09-26,2024-09-20 10:00:00+05:30,validation,bear_condor,-240.49561077500044,-292.61841616250047,-136.25000000000045,104.24561077499999,"[""ALL"", ""LOW""]"
2024-09-26,2024-09-20 10:00:00+05:30,validation,bear_butterfly,-166.34182920000046,-207.01274380000044,-85.00000000000045,81.3418292,"[""ALL"", ""LOW""]"
2024-09-26,2024-09-20 10:00:00+05:30,validation,risk_reversal,-14767.764286875,-14798.5214303125,-14706.25,61.514286875,"[""ALL"", ""LOW""]"
2024-09-26,2024-09-20 10:00:00+05:30,validation,batman,-7770.216561274998,-7842.199841912498,-7626.249999999998,143.96656127499998,"[""ALL"", ""LOW""]"
2024-09-26,2024-09-20 10:00:00+05:30,validation,jade_lizard,2518.281402550002,2466.1721038250016,2622.500000000002,104.21859745,"[""ALL"", ""LOW""]"
2024-09-26,2024-09-20 10:00:00+05:30,validation,reverse_jade_lizard,-11001.36690725,-11045.800360875,-10912.5,88.86690725,"[""ALL"", ""LOW""]"
2024-09-26,2024-09-20 10:00:00+05:30,validation,long_iron_condor,492.1409604,428.21144060000006,620.0,127.8590396,"[""ALL"", ""LOW""]"
2024-09-26,2024-09-20 10:00:00+05:30,validation,long_iron_butterfly,100.56706085000181,34.60059127500182,232.50000000000182,131.93293915,"[""ALL"", ""LOW""]"
2024-09-26,2024-09-20 10:00:00+05:30,validation,double_plateau,-415.45883274999824,-519.4382491249983,-207.49999999999818,207.95883275000003,"[""ALL"", ""LOW""]"
2024-09-26,2024-09-20 10:00:00+05:30,validation,strip,4147.114552100002,4110.671828150002,4220.000000000002,72.8854479,"[""ALL"", ""LOW""]"
2024-09-26,2024-09-20 10:00:00+05:30,validation,strap,19898.610623300003,19852.915934950004,19990.000000000004,91.38937669999999,"[""ALL"", ""LOW""]"
2024-09-26,2024-09-20 10:00:00+05:30,validation,long_synthetic_future,15692.219129300001,15655.828693950001,15765.000000000002,72.7808707,"[""ALL"", ""LOW""]"
2024-09-26,2024-09-20 10:00:00+05:30,validation,short_synthetic_future,-15838.3977207,-15870.09658105,-15775.0,63.3977207,"[""ALL"", ""LOW""]"
2024-10-03,2024-09-26 10:00:00+05:30,validation,buy_call,-4507.633662875,-4520.8254943125,-4481.25,26.383662875,"[""ALL"", ""LOW""]"
2024-10-03,2024-09-26 10:00:00+05:30,validation,sell_put,-16655.4604722875,-16673.81570843125,-16618.75,36.7104722875,"[""ALL"", ""LOW""]"
2024-10-03,2024-09-26 10:00:00+05:30,validation,bull_condor,-241.431810645,-294.0227159675,-136.25,105.18181064500001,"[""ALL"", ""LOW""]"
2024-10-03,2024-09-26 10:00:00+05:30,validation,bull_butterfly,-141.28503039499952,-182.55254559249954,-58.749999999999545,82.53503039499999,"[""ALL"", ""LOW""]"
2024-10-03,2024-09-26 10:00:00+05:30,validation,range_forward,-19750.2429179425,-19780.98937691375,-19688.75,61.49291794250001,"[""ALL"", ""LOW""]"
2024-10-03,2024-09-26 10:00:00+05:30,validation,buy_put,16559.6557133475,16532.60857002125,16613.75,54.09428665250001,"[""ALL"", ""LOW""]"
2024-10-03,2024-09-26 10:00:00+05:30,validation,sell_call,4447.20190774,4432.67786161,4476.25,29.048092259999997,"[""ALL"", ""LOW""]"
2024-10-03,2024-09-26 10:00:00+05:30,validation,bear_condor,-228.40258874999455,-311.3538831249946,-62.49999999999454,165.90258875,"[""ALL"", ""LOW""]"
2024-10-03,2024-09-26 10:00:00+05:30,validation,bear_butterfly,-176.5289536899982,-249.16843053499818,-31.24999999999818,145.27895369,"[""ALL"", ""LOW""]"
2024-10-03,2024-09-26 10:00:00+05:30,validation,risk_reversal,19598.5050945575,19558.38264183625,19678.75,80.2449054425,"[""ALL"", ""LOW""]"
2024-10-03,2024-09-26 10:00:00+05:30,validation,batman,-11805.877029912497,-11883.190544868747,-11651.249999999996,154.6270299125,"[""ALL"", ""LOW""]"
2024-10-03,2024-09-26 10:00:00+05:30,validation,jade_lizard,-15409.319338352498,-15453.979007528747,-15319.999999999998,89.31933835250001,"[""ALL"", ""LOW""]"
2024-10-03,2024-09-26 10:00:00+05:30,validation,reverse_jade_lizard,2816.291503665004,2759.4372554975034,2930.0000000000036,113.708496335,"[""ALL"", ""LOW""]"
2024-10-03,2024-09-26 10:00:00+05:30,validation,long_iron_condor,414.29044225000314,345.1856633750032,552.5000000000032,138.20955775000002,"[""ALL"", ""LOW""]"
2024-10-03,2024-09-26 10:00:00+05:30,validation,long_iron_butterfly,102.60739542000044,31.411093130000438,245.00000000000045,142.39260458,"[""ALL"", ""LOW""]"
2024-10-03,2024-09-26 10:00:00+05:30,validation,double_plateau,-317.81398408499774,-431.7209761274977,-89.99999999999773,227.813984085,"[""ALL"", ""LOW""]"
2024-10-03,2024-09-26 10:00:00+05:30,validation,strip,28635.27776382,28579.79164573,28746.25,110.97223618000001,"[""ALL"", ""LOW""]"
2024-10-03,2024-09-26 10:00:00+05:30,validation,strap,7567.9883875975,7526.35758139625,7651.25,83.2616124025,"[""ALL"", ""LOW""]"
2024-10-03,2024-09-26 10:00:00+05:30,validation,long_synthetic_future,-21163.0941351625,-21194.64120274375,-21100.0,63.094135162499995,"[""ALL"", ""LOW""]"
2024-10-03,2024-09-26 10:00:00+05:30,validation,short_synthetic_future,21006.8576210875,20965.28643163125,21090.0,83.14237891249999,"[""ALL"", ""LOW""]"
2024-10-10,2024-10-04 10:00:00+05:30,validation,buy_call,-5245.95126548,-5258.92689822,-5220.0,25.95126548,"[""ALL"", ""LOW"", ""RISING""]"
2024-10-10,2024-10-04 10:00:00+05:30,validation,sell_put,-3642.557530715001,-3658.8362960725008,-3610.000000000001,32.557530715,"[""ALL"", ""LOW"", ""RISING""]"
2024-10-10,2024-10-04 10:00:00+05:30,validation,bull_condor,-253.7862275375,-307.55434130624997,-146.25,107.5362275375,"[""ALL"", ""LOW"", ""RISING""]"
2024-10-10,2024-10-04 10:00:00+05:30,validation,bull_butterfly,-162.5347967550009,-205.0521951325009,-77.50000000000091,85.03479675500002,"[""ALL"", ""LOW"", ""RISING""]"
2024-10-10,2024-10-04 10:00:00+05:30,validation,range_forward,-7364.464749735001,-7392.9471246025005,-7307.500000000001,56.964749735,"[""ALL"", ""LOW"", ""RISING""]"
2024-10-10,2024-10-04 10:00:00+05:30,validation,buy_put,3568.9431942849997,3550.9147914274995,3604.9999999999995,36.056805715,"[""ALL"", ""LOW"", ""RISING""]"
2024-10-10,2024-10-04 10:00:00+05:30,validation,sell_call,5183.98775952,5168.48163928,5215.0,31.01224048,"[""ALL"", ""LOW"", ""RISING""]"
2024-10-10,2024-10-04 10:00:00+05:30,validation,bear_condor,-151.7375401600006,-212.60631024000065,-30.000000000000625,121.73754016,"[""ALL"", ""LOW"", ""RISING""]"
2024-10-10,2024-10-04 10:00:00+05:30,validation,bear_butterfly,-172.3363675675009,-222.87955135125088,-71.25000000000091,101.08636756749999,"[""ALL"", ""LOW"", ""RISING""]"
2024-10-10,2024-10-04 10:00:00+05:30,validation,risk_reversal,7233.451825265,7201.4277378975,7297.5,64.04817473499999,"[""ALL"", ""LOW"", ""RISING""]"
2024-10-10,2024-10-04 10:00:00+05:30,validation,batman,1859.104728094998,1793.6570921424982,1989.9999999999982,130.89527190500002,"[""ALL"", ""LOW"", ""RISING""]"
2024-10-10,2024-10-04 10:00:00+05:30,validation,jade_lizard,-2259.107535350001,-2302.411303025001,-2172.500000000001,86.60753534999999,"[""ALL"", ""LOW"", ""RISING""]"
2024-10-10,2024-10-04 10:00:00+05:30,validation,reverse_jade_lizard,3506.5868060449993,3459.880209067499,3599.999999999999,93.413193955,"[""ALL"", ""LOW"", ""RISING""]"
2024-10-10,2024-10-04 10:00:00+05:30,validation,long_iron_condor,376.7384578475,318.23268677125,493.75,117.0115421525,"[""ALL"", ""LOW"", ""RISING""]"
2024-10-10,2024-10-04 10:00:00+05:30,validation,long_iron_butterfly,76.30224896999864,15.703373454998598,197.49999999999864,121.19775102999999,"[""ALL"", ""LOW"", ""RISING""]"
2024-10-10,2024-10-04 10:00:00+05:30,validation,double_plateau,-334.87116432250184,-427.93174648375185,-148.75000000000182,186.1211643225,"[""ALL"", ""LOW"", ""RISING""]"
2024-10-10,2024-10-04 10:00:00+05:30,validation,strip,1915.5351230899992,1878.302684634999,1989.999999999999,74.46487691,"[""ALL"", ""LOW"", ""RISING""]"
2024-10-10,2024-10-04 10:00:00+05:30,validation,strap,-6899.359336675,-6931.5390050125,-6835.0,64.359336675,"[""ALL"", ""LOW"", ""RISING""]"
2024-10-10,2024-10-04 10:00:00+05:30,validation,long_synthetic_future,-8888.508796195,-8917.7631942925,-8830.0,58.508796195,"[""ALL"", ""LOW"", ""RISING""]"
2024-10-10,2024-10-04 10:00:00+05:30,validation,short_synthetic_future,8752.930953805,8719.3964307075,8820.0,67.069046195,"[""ALL"", ""LOW"", ""RISING""]"
2024-10-17,2024-10-11 10:00:00+05:30,validation,buy_call,-4225.494161385,-4238.2412420775,-4200.0,25.494161385,"[""ALL"", ""NORMAL""]"
2024-10-17,2024-10-11 10:00:00+05:30,validation,sell_put,-2716.490752635,-2732.2361289525,-2685.0,31.490752634999996,"[""ALL"", ""NORMAL""]"
2024-10-17,2024-10-11 10:00:00+05:30,validation,bull_condor,-259.44622087999954,-311.6693313199995,-154.99999999999955,104.44622088,"[""ALL"", ""NORMAL""]"
2024-10-17,2024-10-11 10:00:00+05:30,validation,bull_butterfly,-145.55369457249998,-186.45554185875,-63.75,81.80369457249999,"[""ALL"", ""NORMAL""]"
2024-10-17,2024-10-11 10:00:00+05:30,validation,range_forward,-5481.6728110275,-5509.38421654125,-5426.25,55.4228110275,"[""ALL"", ""NORMAL""]"
2024-10-17,2024-10-11 10:00:00+05:30,validation,buy_put,2645.907222364999,2628.860833547499,2679.999999999999,34.092777635,"[""ALL"", ""NORMAL""]"
2024-10-17,2024-10-11 10:00:00+05:30,validation,sell_call,4165.434263615,4150.6513954225,4195.0,29.565736385000005,"[""ALL"", ""NORMAL""]"
2024-10-17,2024-10-11 10:00:00+05:30,validation,bear_condor,-273.99749553749984,-331.6212433062498,-158.74999999999983,115.24749553750001,"[""ALL"", ""NORMAL""]"
2024-10-17,2024-10-11 10:00:00+05:30,validation,bear_butterfly,-203.46190603750046,-250.81785905625043,-108.75000000000045,94.71190603750001,"[""ALL"", ""NORMAL""]"
2024-10-17,2024-10-11 10:00:00+05:30,validation,risk_reversal,5355.5685764725,5325.22786470875,5416.25,60.6814235275,"[""ALL"", ""NORMAL""]"
2024-10-17,2024-10-11 10:00:00+05:30,validation,batman,1835.0855883624995,1773.2533825437495,1958.7499999999995,123.6644116375,"[""ALL"", ""NORMAL""]"
2024-10-17,2024-10-11 10:00:00+05:30,validation,jade_lizard,-1406.2597978600008,-1448.139696790001,-1322.500000000001,83.75979785999999,"[""ALL"", ""NORMAL""]"
2024-10-17,2024-10-11 10:00:00+05:30,validation,reverse_jade_lizard,2656.030862999999,2611.546294499999,2744.999999999999,88.96913700000002,"[""ALL"", ""NORMAL""]"
2024-10-17,2024-10-11 10:00:00+05:30,validation,long_iron_condor,387.81811250000067,331.72716875000066,500.0000000000007,112.1818875,"[""ALL"", ""NORMAL""]"
2024-10-17,2024-10-11 10:00:00+05:30,validation,long_iron_butterfly,153.61497317499908,95.42245976249907,269.9999999999991,116.38502682500001,"[""ALL"", ""NORMAL""]"
2024-10-17,2024-10-11 10:00:00+05:30,validation,double_plateau,-349.01560061000043,-437.2734009150004,-172.50000000000045,176.51560061,"[""ALL"", ""NORMAL""]"
2024-10-17,2024-10-11 10:00:00+05:30,validation,strip,1089.920283344998,1054.8804250174983,1159.9999999999982,70.079716655,"[""ALL"", ""NORMAL""]"
2024-10-17,2024-10-11 10:00:00+05:30,validation,strap,-5781.481100405001,-5812.221650607501,-5720.000000000001,61.481100405000014,"[""ALL"", ""NORMAL""]"
2024-10-17,2024-10-11 10:00:00+05:30,validation,long_synthetic_future,-6941.98491402,-6970.47737103,-6885.0,56.98491401999999,"[""ALL"", ""NORMAL""]"
2024-10-17,2024-10-11 10:00:00+05:30,validation,short_synthetic_future,6811.341485979999,6779.512228969999,6874.999999999999,63.65851402,"[""ALL"", ""NORMAL""]"
2024-10-24,2024-10-18 10:00:00+05:30,validation,buy_call,-4408.074027005,-4420.8610405075,-4382.5,25.574027004999998,"[""ALL"", ""LOW""]"
2024-10-24,2024-10-18 10:00:00+05:30,validation,sell_put,-2585.452909032501,-2601.304363548751,-2553.750000000001,31.7029090325,"[""ALL"", ""LOW""]"
2024-10-24,2024-10-18 10:00:00+05:30,validation,bull_condor,-243.7618546525,-296.26778197875,-138.75,105.01185465249999,"[""ALL"", ""LOW""]"
2024-10-24,2024-10-18 10:00:00+05:30,validation,bull_butterfly,-156.15453808750044,-197.35680713125046,-73.75000000000045,82.4045380875,"[""ALL"", ""LOW""]"
2024-10-24,2024-10-18 10:00:00+05:30,validation,range_forward,-5545.694739035001,-5573.542108552501,-5490.000000000001,55.694739035000005,"[""ALL"", ""LOW""]"
2024-10-24,2024-10-18 10:00:00+05:30,validation,buy_put,2514.5723784674997,2497.4835677012497,2548.7499999999995,34.1776215325,"[""ALL"", ""LOW""]"
2024-10-24,2024-10-18 10:00:00+05:30,validation,sell_call,4347.677372995,4332.7660594925,4377.5,29.822627004999994,"[""ALL"", ""LOW""]"
2024-10-24,2024-10-18 10:00:00+05:30,validation,bear_condor,-227.07711626750068,-284.99067440125066,-111.25000000000068,115.8271162675,"[""ALL"", ""LOW""]"
2024-10-24,2024-10-18 10:00:00+05:30,validation,bear_butterfly,-166.50393657750146,-214.13090486625146,-71.25000000000144,95.25393657750001,"[""ALL"", ""LOW""]"
2024-10-24,2024-10-18 10:00:00+05:30,validation,risk_reversal,5418.984810964999,5388.477216447499,5479.999999999999,61.015189035000006,"[""ALL"", ""LOW""]"
2024-10-24,2024-10-18 10:00:00+05:30,validation,batman,2165.329533634998,2102.9943004524976,2289.9999999999977,124.670466365,"[""ALL"", ""LOW""]"
2024-10-24,2024-10-18 10:00:00+05:30,validation,jade_lizard,-1264.2802572650003,-1306.4203858975002,-1180.0000000000002,84.280257265,"[""ALL"", ""LOW""]"
2024-10-24,2024-10-18 10:00:00+05:30,validation,reverse_jade_lizard,2803.0337030299997,2758.3005545449996,2892.4999999999995,89.46629697,"[""ALL"", ""LOW""]"
2024-10-24,2024-10-18 10:00:00+05:30,validation,long_iron_condor,387.2311276649996,330.84669149749953,499.99999999999955,112.768872335,"[""ALL"", ""LOW""]"
2024-10-24,2024-10-18 10:00:00+05:30,validation,long_iron_butterfly,156.7750002974991,98.28750044624914,273.7499999999991,116.9749997025,"[""ALL"", ""LOW""]"
2024-10-24,2024-10-18 10:00:00+05:30,validation,double_plateau,-322.65847466500185,-411.4877119975018,-145.00000000000182,177.65847466500003,"[""ALL"", ""LOW""]"
2024-10-24,2024-10-18 10:00:00+05:30,validation,strip,644.6707299299991,609.506094894999,714.9999999999991,70.32927007,"[""ALL"", ""LOW""]"
2024-10-24,2024-10-18 10:00:00+05:30,validation,strap,-6277.9756755425,-6308.83851331375,-6216.25,61.7256755425,"[""ALL"", ""LOW""]"
2024-10-24,2024-10-18 10:00:00+05:30,validation,long_synthetic_future,-6993.5269360375005,-7022.165404056251,-6936.250000000001,57.2769360375,"[""ALL"", ""LOW""]"
2024-10-24,2024-10-18 10:00:00+05:30,validation,short_synthetic_future,6862.2497514625,6830.24962719375,6926.25,64.0002485375,"[""ALL"", ""LOW""]"
2024-10-31,2024-10-25 10:00:00+05:30,validation,buy_call,-4264.2592771175,-4277.01391567625,-4238.75,25.509277117499998,"[""ALL"", ""NORMAL""]"
2024-10-31,2024-10-25 10:00:00+05:30,validation,sell_put,2932.601269285,2917.6519039275,2962.5,29.898730715,"[""ALL"", ""NORMAL""]"
2024-10-31,2024-10-25 10:00:00+05:30,validation,bull_condor,-259.73620541999975,-312.10430812999977,-154.99999999999977,104.73620541999998,"[""ALL"", ""NORMAL""]"
2024-10-31,2024-10-25 10:00:00+05:30,validation,bull_butterfly,-149.57899814499999,-190.61849721750002,-67.5,82.07899814499999,"[""ALL"", ""NORMAL""]"
2024-10-31,2024-10-25 10:00:00+05:30,validation,range_forward,-81.38436994000045,-108.32655491000045,-27.500000000000455,53.88436994,"[""ALL"", ""NORMAL""]"
2024-10-31,2024-10-25 10:00:00+05:30,validation,buy_put,-2994.5226807150007,-3008.0340210725003,-2967.5000000000005,27.022680715,"[""ALL"", ""NORMAL""]"
2024-10-31,2024-10-25 10:00:00+05:30,validation,sell_call,4204.1315603825,4189.32234057375,4233.75,29.618439617499995,"[""ALL"", ""NORMAL""]"
2024-10-31,2024-10-25 10:00:00+05:30,validation,bear_condor,-207.75043218500002,-260.3756482775,-102.5,105.25043218500001,"[""ALL"", ""NORMAL""]"
2024-10-31,2024-10-25 10:00:00+05:30,validation,bear_butterfly,-154.908652215,-196.1129783225,-72.5,82.40865221499999,"[""ALL"", ""NORMAL""]"
2024-10-31,2024-10-25 10:00:00+05:30,validation,risk_reversal,-36.406194940000454,-63.359292410000464,17.499999999999545,53.90619494,"[""ALL"", ""NORMAL""]"
2024-10-31,2024-10-25 10:00:00+05:30,validation,batman,4912.539967335,4855.0599510025,5027.5,114.960032665,"[""ALL"", ""NORMAL""]"
2024-10-31,2024-10-25 10:00:00+05:30,validation,jade_lizard,4058.929299262499,4017.768948893749,4141.249999999999,82.32070073749999,"[""ALL"", ""NORMAL""]"
2024-10-31,2024-10-25 10:00:00+05:30,validation,reverse_jade_lizard,3972.6381107449993,3931.457166117499,4054.999999999999,82.361889255,"[""ALL"", ""NORMAL""]"
2024-10-31,2024-10-25 10:00:00+05:30,validation,long_iron_condor,-2107.460350135,-2159.9405252025,-2002.5,104.960350135,"[""ALL"", ""NORMAL""]"
2024-10-31,2024-10-25 10:00:00+05:30,validation,long_iron_butterfly,-1220.899420445,-1275.0991306675,-1112.5,108.399420445,"[""ALL"", ""NORMAL""]"
2024-10-31,2024-10-25 10:00:00+05:30,validation,double_plateau,-304.48765036,-386.73147554,-140.0,164.48765036,"[""ALL"", ""NORMAL""]"
2024-10-31,2024-10-25 10:00:00+05:30,validation,strip,-10229.7046385475,-10257.68195782125,-10173.75,55.9546385475,"[""ALL"", ""NORMAL""]"
2024-10-31,2024-10-25 10:00:00+05:30,validation,strap,-11499.44123495,-11526.661852425,-11445.0,54.44123495,"[""ALL"", ""NORMAL""]"
2024-10-31,2024-10-25 10:00:00+05:30,validation,long_synthetic_future,-1331.6580078325,-1359.36201174875,-1276.25,55.4080078325,"[""ALL"", ""NORMAL""]"
2024-10-31,2024-10-25 10:00:00+05:30,validation,short_synthetic_future,1209.6088796674997,1181.2883195012496,1266.2499999999995,56.641120332499995,"[""ALL"", ""NORMAL""]"
2024-11-14,2024-11-08 10:00:00+05:30,validation,buy_call,-4950.81838745,-4963.727581175,-4925.0,25.818387449999996,"[""ALL"", ""NORMAL""]"
2024-11-14,2024-11-08 10:00:00+05:30,validation,sell_put,-11758.372581715,-11776.3088725725,-11722.5,35.872581715,"[""ALL"", ""NORMAL""]"
2024-11-14,2024-11-08 10:00:00+05:30,validation,bull_condor,-248.1665889275,-301.62488339125,-141.25,106.91658892749999,"[""ALL"", ""NORMAL""]"
2024-11-14,2024-11-08 10:00:00+05:30,validation,bull_butterfly,-133.11002722249998,-175.29004083375003,-48.75,84.3600272225,"[""ALL"", ""NORMAL""]"
2024-11-14,2024-11-08 10:00:00+05:30,validation,range_forward,-15218.853660227498,-15248.905490341249,-15158.749999999998,60.1036602275,"[""ALL"", ""NORMAL""]"
2024-11-14,2024-11-08 10:00:00+05:30,validation,buy_put,11670.259018285002,11646.638527427502,11717.500000000002,47.240981715000004,"[""ALL"", ""NORMAL""]"
2024-11-14,2024-11-08 10:00:00+05:30,validation,sell_call,4889.40678755,4874.110181325,4920.0,30.593212449999996,"[""ALL"", ""NORMAL""]"
2024-11-14,2024-11-08 10:00:00+05:30,validation,bear_condor,-281.38381255749823,-356.4507188362482,-131.24999999999818,150.13381255750002,"[""ALL"", ""NORMAL""]"
2024-11-14,2024-11-08 10:00:00+05:30,validation,bear_butterfly,-173.34770187749635,-238.14655281624636,-43.74999999999636,129.5977018775,"[""ALL"", ""NORMAL""]"
2024-11-14,2024-11-08 10:00:00+05:30,validation,risk_reversal,15073.9472022725,15036.54580340875,15148.75,74.80279772749999,"[""ALL"", ""NORMAL""]"
2024-11-14,2024-11-08 10:00:00+05:30,validation,batman,-6473.970899562496,-6547.831349343746,-6326.249999999996,147.7208995625,"[""ALL"", ""NORMAL""]"
2024-11-14,2024-11-08 10:00:00+05:30,validation,jade_lizard,-10395.693393807498,-10440.415090711249,-10306.249999999998,89.44339380749997,"[""ALL"", ""NORMAL""]"
2024-11-14,2024-11-08 10:00:00+05:30,validation,reverse_jade_lizard,3317.602753685004,3263.9041305275036,3425.0000000000036,107.397246315,"[""ALL"", ""NORMAL""]"
2024-11-14,2024-11-08 10:00:00+05:30,validation,long_iron_condor,301.621122735,236.1816841025,432.5,130.878877265,"[""ALL"", ""NORMAL""]"
2024-11-14,2024-11-08 10:00:00+05:30,validation,long_iron_butterfly,156.07699866750366,88.49049800125366,291.25000000000364,135.17300133249998,"[""ALL"", ""NORMAL""]"
2024-11-14,2024-11-08 10:00:00+05:30,validation,double_plateau,-306.45772909999636,-413.43659364999627,-92.49999999999636,213.9577291,"[""ALL"", ""NORMAL""]"
2024-11-14,2024-11-08 10:00:00+05:30,validation,strip,18413.299649120003,18364.949473680004,18510.000000000004,96.70035088000002,"[""ALL"", ""NORMAL""]"
2024-11-14,2024-11-08 10:00:00+05:30,validation,strap,1792.2222433850018,1754.5833650775019,1867.5000000000018,75.277756615,"[""ALL"", ""NORMAL""]"
2024-11-14,2024-11-08 10:00:00+05:30,validation,long_synthetic_future,-16709.190969165,-16740.0364537475,-16647.5,61.690969165,"[""ALL"", ""NORMAL""]"
2024-11-14,2024-11-08 10:00:00+05:30,validation,short_synthetic_future,16559.665805835,16520.7487087525,16637.5,77.83419416500001,"[""ALL"", ""NORMAL""]"
2024-11-21,2024-11-13 10:00:00+05:30,validation,buy_call,-4978.330774385001,-4991.246161577501,-4952.500000000001,25.830774385000005,"[""ALL"", ""NORMAL""]"
2024-11-21,2024-11-13 10:00:00+05:30,validation,sell_put,-6893.619784527501,-6911.054676791251,-6858.750000000001,34.869784527499995,"[""ALL"", ""NORMAL""]"
2024-11-21,2024-11-13 10:00:00+05:30,validation,bull_condor,-208.5414538475,-262.18718077125004,-101.25,107.2914538475,"[""ALL"", ""NORMAL""]"
2024-11-21,2024-11-13 10:00:00+05:30,validation,bull_butterfly,-158.38554817750094,-200.7033222662509,-73.75000000000091,84.63554817750003,"[""ALL"", ""NORMAL""]"
2024-11-21,2024-11-13 10:00:00+05:30,validation,range_forward,-10476.585883655,-10506.1288254825,-10417.5,59.085883655,"[""ALL"", ""NORMAL""]"
2024-11-21,2024-11-13 10:00:00+05:30,validation,buy_put,6812.229652972499,6791.469479458749,6853.749999999999,41.520347027499994,"[""ALL"", ""NORMAL""]"
2024-11-21,2024-11-13 10:00:00+05:30,validation,sell_call,4916.867725615,4901.5515884225,4947.5,30.632274385000002,"[""ALL"", ""NORMAL""]"
2024-11-21,2024-11-13 10:00:00+05:30,validation,bear_condor,-237.89069559750226,-306.2110433962522,-101.25000000000227,136.64069559749998,"[""ALL"", ""NORMAL""]"
2024-11-21,2024-11-13 10:00:00+05:30,validation,bear_butterfly,-231.1314826800018,-289.19722402000184,-115.00000000000182,116.13148267999998,"[""ALL"", ""NORMAL""]"
2024-11-21,2024-11-13 10:00:00+05:30,validation,risk_reversal,10338.313991345,10303.7209870175,10407.5,69.186008655,"[""ALL"", ""NORMAL""]"
2024-11-21,2024-11-13 10:00:00+05:30,validation,batman,-1685.1908550850019,-1755.2862826275018,-1545.0000000000018,140.190855085,"[""ALL"", ""NORMAL""]"
2024-11-21,2024-11-13 10:00:00+05:30,validation,jade_lizard,-5669.734385657501,-5713.976578486251,-5581.250000000001,88.48438565750001,"[""ALL"", ""NORMAL""]"
2024-11-21,2024-11-13 10:00:00+05:30,validation,reverse_jade_lizard,3402.964326382499,3352.571489573749,3503.749999999999,100.78567361750001,"[""ALL"", ""NORMAL""]"
2024-11-21,2024-11-13 10:00:00+05:30,validation,long_iron_condor,389.44406557249954,327.29109835874954,513.7499999999995,124.3059344275,"[""ALL"", ""NORMAL""]"
2024-11-21,2024-11-13 10:00:00+05:30,validation,long_iron_butterfly,60.22853662249682,-4.032195066253166,188.74999999999682,128.5214633775,"[""ALL"", ""NORMAL""]"
2024-11-21,2024-11-13 10:00:00+05:30,validation,double_plateau,-389.51703085750273,-489.9005462862527,-188.75000000000273,200.76703085749998,"[""ALL"", ""NORMAL""]"
2024-11-21,2024-11-13 10:00:00+05:30,validation,strip,8669.728531559997,8627.092797339996,8754.999999999996,85.27146843999999,"[""ALL"", ""NORMAL""]"
2024-11-21,2024-11-13 10:00:00+05:30,validation,strap,-3120.8318957975025,-3155.622843696253,-3051.2500000000027,69.58189579750001,"[""ALL"", ""NORMAL""]"
2024-11-21,2024-11-13 10:00:00+05:30,validation,long_synthetic_future,-11871.950558912502,-11902.300838368752,-11811.250000000002,60.7005589125,"[""ALL"", ""NORMAL""]"
2024-11-21,2024-11-13 10:00:00+05:30,validation,short_synthetic_future,11729.0973785875,11693.02106788125,11801.25,72.1526214125,"[""ALL"", ""NORMAL""]"
2024-11-28,2024-11-22 10:00:00+05:30,validation,buy_call,5589.593506885,5569.3902603275,5630.0,40.406493115,"[""ALL"", ""NORMAL""]"
2024-11-28,2024-11-22 10:00:00+05:30,validation,sell_put,4415.0814937,4400.12224055,4445.0,29.918506299999994,"[""ALL"", ""NORMAL""]"
2024-11-28,2024-11-22 10:00:00+05:30,validation,bull_condor,-259.59285867250185,-326.2642880087518,-126.25000000000182,133.3428586725,"[""ALL"", ""NORMAL""]"
2024-11-28,2024-11-22 10:00:00+05:30,validation,bull_butterfly,-168.09937491500136,-224.64906237250133,-55.000000000001364,113.099374915,"[""ALL"", ""NORMAL""]"
2024-11-28,2024-11-22 10:00:00+05:30,validation,range_forward,8919.95449544,8886.18174316,8987.5,67.54550456000001,"[""ALL"", ""NORMAL""]"
2024-11-28,2024-11-22 10:00:00+05:30,validation,buy_put,-4475.6044313,-4488.40664695,-4450.0,25.604431299999998,"[""ALL"", ""NORMAL""]"
2024-11-28,2024-11-22 10:00:00+05:30,validation,sell_call,-5669.942968115001,-5687.414452172501,-5635.000000000001,34.942968115,"[""ALL"", ""NORMAL""]"
2024-11-28,2024-11-22 10:00:00+05:30,validation,bear_condor,-254.02418327499998,-307.28627491249995,-147.5,106.52418327499997,"[""ALL"", ""NORMAL""]"
2024-11-28,2024-11-22 10:00:00+05:30,validation,bear_butterfly,-173.68872505000047,-215.53308757500045,-90.00000000000045,83.68872505000002,"[""ALL"", ""NORMAL""]"
2024-11-28,2024-11-22 10:00:00+05:30,validation,risk_reversal,-9056.322779560001,-9085.734169340001,-8997.500000000002,58.82277956,"[""ALL"", ""NORMAL""]"
2024-11-28,2024-11-22 10:00:00+05:30,validation,batman,-985.0568010500018,-1053.8352015750017,-847.5000000000018,137.55680105000002,"[""ALL"", ""NORMAL""]"
2024-11-28,2024-11-22 10:00:00+05:30,validation,jade_lizard,3184.794563527499,3135.316845291249,3283.749999999999,98.95543647250001,"[""ALL"", ""NORMAL""]"
2024-11-28,2024-11-22 10:00:00+05:30,validation,reverse_jade_lizard,-4646.539958392502,-4690.434937588751,-4558.750000000002,87.78995839250001,"[""ALL"", ""NORMAL""]"
2024-11-28,2024-11-22 10:00:00+05:30,validation,long_iron_condor,277.72884652499954,216.59326978749957,399.99999999999955,122.27115347500002,"[""ALL"", ""NORMAL""]"
2024-11-28,2024-11-22 10:00:00+05:30,validation,long_iron_butterfly,73.4737398399991,10.210609759999102,199.9999999999991,126.52626015999999,"[""ALL"", ""NORMAL""]"
2024-11-28,2024-11-22 10:00:00+05:30,validation,double_plateau,-341.7880999650014,-440.18214994750133,-145.00000000000136,196.78809996500001,"[""ALL"", ""NORMAL""]"
2024-11-28,2024-11-22 10:00:00+05:30,validation,strip,-3338.015355715,-3372.0230335725,-3270.0,68.015355715,"[""ALL"", ""NORMAL""]"
2024-11-28,2024-11-22 10:00:00+05:30,validation,strap,6727.18258247,6685.773873705,6810.0,82.81741753,"[""ALL"", ""NORMAL""]"
2024-11-28,2024-11-22 10:00:00+05:30,validation,long_synthetic_future,10004.675000585,9969.5125008775,10075.0,70.32499941500001,"[""ALL"", ""NORMAL""]"
2024-11-28,2024-11-22 10:00:00+05:30,validation,short_synthetic_future,-10145.547399415,-10175.8210991225,-10085.0,60.547399414999994,"[""ALL"", ""NORMAL""]"
2024-12-05,2024-11-29 10:00:00+05:30,validation,buy_call,10865.54070851,10840.811062765,10915.0,49.45929149,"[""ALL"", ""NORMAL""]"
2024-12-05,2024-11-29 10:00:00+05:30,validation,sell_put,4190.40109135,4175.601637025,4220.0,29.598908650000002,"[""ALL"", ""NORMAL""]"
2024-12-05,2024-11-29 10:00:00+05:30,validation,bull_condor,-254.0017687400018,-333.5026531100018,-95.00000000000182,159.00176874,"[""ALL"", ""NORMAL""]"
2024-12-05,2024-11-29 10:00:00+05:30,validation,bull_butterfly,-241.24698496,-310.62047744000006,-102.5,138.74698496,"[""ALL"", ""NORMAL""]"
2024-12-05,2024-11-29 10:00:00+05:30,validation,range_forward,13986.24909849,13948.123647735,14062.5,76.25090151,"[""ALL"", ""NORMAL""]"
2024-12-05,2024-11-29 10:00:00+05:30,validation,buy_put,-4250.50308365,-4263.254625475,-4225.0,25.503083650000004,"[""ALL"", ""NORMAL""]"
2024-12-05,2024-11-29 10:00:00+05:30,validation,sell_call,-10958.869316489998,-10978.303974734998,-10919.999999999998,38.869316489999996,"[""ALL"", ""NORMAL""]"
2024-12-05,2024-11-29 10:00:00+05:30,validation,bear_condor,-192.16194794250043,-245.11792191375045,-86.25000000000045,105.91194794249999,"[""ALL"", ""NORMAL""]"
2024-12-05,2024-11-29 10:00:00+05:30,validation,bear_butterfly,-136.80501037750048,-178.33251556625046,-53.750000000000455,83.05501037750001,"[""ALL"", ""NORMAL""]"
2024-12-05,2024-11-29 10:00:00+05:30,validation,risk_reversal,-14135.105426509997,-14166.408139764999,-14072.499999999998,62.60542651,"[""ALL"", ""NORMAL""]"
2024-12-05,2024-11-29 10:00:00+05:30,validation,batman,-6536.13245492,-6612.94868238,-6382.5,153.63245492000001,"[""ALL"", ""NORMAL""]"
2024-12-05,2024-11-29 10:00:00+05:30,validation,jade_lizard,3017.213316507504,2961.4449747612534,3128.7500000000036,111.5366834925,"[""ALL"", ""NORMAL""]"
2024-12-05,2024-11-29 10:00:00+05:30,validation,reverse_jade_lizard,-10000.034883732498,-10045.677325598748,-9908.749999999998,91.28488373249999,"[""ALL"", ""NORMAL""]"
2024-12-05,2024-11-29 10:00:00+05:30,validation,long_iron_condor,256.47984557250004,189.09476835875,391.25,134.7701544275,"[""ALL"", ""NORMAL""]"
2024-12-05,2024-11-29 10:00:00+05:30,validation,long_iron_butterfly,45.94386065500001,-23.584209017499973,185.0,139.056139345,"[""ALL"", ""NORMAL""]"
2024-12-05,2024-11-29 10:00:00+05:30,validation,double_plateau,-378.05199533749993,-488.95299300625,-156.25,221.80199533749993,"[""ALL"", ""NORMAL""]"
2024-12-05,2024-11-29 10:00:00+05:30,validation,strip,2388.13454121,2349.701811815,2465.0,76.86545878999999,"[""ALL"", ""NORMAL""]"
2024-12-05,2024-11-29 10:00:00+05:30,validation,strap,17504.17833337,17453.767500055,17605.0,100.82166663,"[""ALL"", ""NORMAL""]"
2024-12-05,2024-11-29 10:00:00+05:30,validation,long_synthetic_future,15055.94179986,15016.41269979,15135.0,79.05820014,"[""ALL"", ""NORMAL""]"
2024-12-05,2024-11-29 10:00:00+05:30,validation,short_synthetic_future,-15209.372400139999,-15241.558600209999,-15144.999999999998,64.37240014,"[""ALL"", ""NORMAL""]"
2024-12-12,2024-12-06 10:00:00+05:30,validation,buy_call,-5724.9169107575,-5738.00036613625,-5698.75,26.166910757500002,"[""ALL"", ""NORMAL""]"
2024-12-12,2024-12-06 10:00:00+05:30,validation,sell_put,1728.0833953324998,1711.5000929987498,1761.2499999999998,33.166604667499996,"[""ALL"", ""NORMAL""]"
2024-12-12,2024-12-06 10:00:00+05:30,validation,bull_condor,-245.04747761500045,-300.07121642250047,-135.00000000000045,110.04747761499999,"[""ALL"", ""NORMAL""]"
2024-12-12,2024-12-06 10:00:00+05:30,validation,bull_butterfly,-158.68838550750047,-202.40757826125045,-71.25000000000045,87.4383855075,"[""ALL"", ""NORMAL""]"
2024-12-12,2024-12-06 10:00:00+05:30,validation,range_forward,-2621.4778488475,-2650.34177327125,-2563.75,57.7278488475,"[""ALL"", ""NORMAL""]"
2024-12-12,2024-12-06 10:00:00+05:30,validation,buy_put,-1797.7057671675009,-1813.433650751251,-1766.250000000001,31.4557671675,"[""ALL"", ""NORMAL""]"
2024-12-12,2024-12-06 10:00:00+05:30,validation,sell_call,5662.0577267425,5646.21159011375,5693.75,31.6922732575,"[""ALL"", ""NORMAL""]"
2024-12-12,2024-12-06 10:00:00+05:30,validation,bear_condor,1049.2502114524978,992.0003171787478,1163.7499999999977,114.49978854749999,"[""ALL"", ""NORMAL""]"
2024-12-12,2024-12-06 10:00:00+05:30,validation,bear_butterfly,-134.90428299500272,-181.10642449250275,-42.50000000000273,92.40428299499999,"[""ALL"", ""NORMAL""]"
2024-12-12,2024-12-06 10:00:00+05:30,validation,risk_reversal,2493.5401636524984,2463.4352454787486,2553.7499999999986,60.2098363475,"[""ALL"", ""NORMAL""]"
2024-12-12,2024-12-06 10:00:00+05:30,validation,batman,7632.212963872498,7567.694445808748,7761.249999999998,129.0370361275,"[""ALL"", ""NORMAL""]"
2024-12-12,2024-12-06 10:00:00+05:30,validation,jade_lizard,2995.529786692498,2951.419680038748,3083.749999999998,88.22021330750003,"[""ALL"", ""NORMAL""]"
2024-12-12,2024-12-06 10:00:00+05:30,validation,reverse_jade_lizard,4216.1927469725,4171.16412045875,4306.25,90.05725302750001,"[""ALL"", ""NORMAL""]"
2024-12-12,2024-12-06 10:00:00+05:30,validation,long_iron_condor,217.49306877749956,160.61460316624954,331.24999999999955,113.75693122249999,"[""ALL"", ""NORMAL""]"
2024-12-12,2024-12-06 10:00:00+05:30,validation,long_iron_butterfly,64.41750343499817,5.3762551524981745,182.49999999999818,118.08249656500001,"[""ALL"", ""NORMAL""]"
2024-12-12,2024-12-06 10:00:00+05:30,validation,double_plateau,-293.59266850250316,-383.5140027537532,-113.75000000000318,179.84266850249998,"[""ALL"", ""NORMAL""]"
2024-12-12,2024-12-06 10:00:00+05:30,validation,strip,-9296.728445092502,-9329.467667638752,-9231.250000000002,65.4784450925,"[""ALL"", ""NORMAL""]"
2024-12-12,2024-12-06 10:00:00+05:30,validation,strap,-13223.9395886825,-13254.03438302375,-13163.75,60.18958868249999,"[""ALL"", ""NORMAL""]"
2024-12-12,2024-12-06 10:00:00+05:30,validation,long_synthetic_future,-3996.833515425,-4026.5002731375,-3937.5,59.333515425,"[""ALL"", ""NORMAL""]"
2024-12-12,2024-12-06 10:00:00+05:30,validation,short_synthetic_future,3864.351959574999,3832.777939362499,3927.499999999999,63.148040425,"[""ALL"", ""NORMAL""]"
2024-12-19,2024-12-13 10:00:00+05:30,validation,buy_call,-4030.4063267549996,-4043.1094901324996,-4004.9999999999995,25.406326755,"[""ALL"", ""LOW""]"
2024-12-19,2024-12-13 10:00:00+05:30,validation,sell_put,-7012.1917536500005,-7029.537630475001,-6977.500000000001,34.69175365,"[""ALL"", ""LOW""]"
2024-12-19,2024-12-13 10:00:00+05:30,validation,bull_condor,-228.0535226425,-280.20528396375,-123.75,104.3035226425,"[""ALL"", ""LOW""]"
2024-12-19,2024-12-13 10:00:00+05:30,validation,bull_butterfly,-171.55593553000045,-212.33390329500045,-90.00000000000045,81.55593553000001,"[""ALL"", ""LOW""]"
2024-12-19,2024-12-13 10:00:00+05:30,validation,range_forward,-9729.6840383075,-9758.90105746125,-9671.25,58.434038307499996,"[""ALL"", ""LOW""]"
2024-12-19,2024-12-13 10:00:00+05:30,validation,buy_put,6931.042496349999,6910.3137445249995,6972.499999999999,41.45750365000001,"[""ALL"", ""LOW""]"
2024-12-19,2024-12-13 10:00:00+05:30,validation,sell_call,3970.7112482449993,3956.066872367499,3999.999999999999,29.288751755,"[""ALL"", ""LOW""]"
2024-12-19,2024-12-13 10:00:00+05:30,validation,bear_condor,-284.2778774875009,-352.0418162312509,-148.7500000000009,135.5278774875,"[""ALL"", ""LOW""]"
2024-12-19,2024-12-13 10:00:00+05:30,validation,bear_butterfly,-232.5919384400009,-290.1379076600009,-117.50000000000091,115.09193843999999,"[""ALL"", ""LOW""]"
2024-12-19,2024-12-13 10:00:00+05:30,validation,risk_reversal,9593.4396991925,9559.53454878875,9661.25,67.8103008075,"[""ALL"", ""LOW""]"
2024-12-19,2024-12-13 10:00:00+05:30,validation,batman,-2707.8363136625017,-2776.129470493752,-2571.250000000002,136.5863136625,"[""ALL"", ""LOW""]"
2024-12-19,2024-12-13 10:00:00+05:30,validation,jade_lizard,-5811.62915726,-5854.94373589,-5725.0,86.62915726,"[""ALL"", ""LOW""]"
2024-12-19,2024-12-13 10:00:00+05:30,validation,reverse_jade_lizard,2604.640886717501,2555.0863300762508,2703.750000000001,99.1091132825,"[""ALL"", ""LOW""]"
2024-12-19,2024-12-13 10:00:00+05:30,validation,long_iron_condor,355.22867638499906,294.09301457749905,477.4999999999991,122.27132361500003,"[""ALL"", ""LOW""]"
2024-12-19,2024-12-13 10:00:00+05:30,validation,long_iron_butterfly,129.74673816749956,66.49510725124952,256.24999999999955,126.50326183249999,"[""ALL"", ""LOW""]"
2024-12-19,2024-12-13 10:00:00+05:30,validation,double_plateau,-404.14787397000134,-502.4718109550014,-207.50000000000136,196.64787396999998,"[""ALL"", ""LOW""]"
2024-12-19,2024-12-13 10:00:00+05:30,validation,strip,9855.278665944998,9812.917998917499,9939.999999999998,84.721334055,"[""ALL"", ""LOW""]"
2024-12-19,2024-12-13 10:00:00+05:30,validation,strap,-1106.17015716,-1140.50523574,-1037.5,68.67015716,"[""ALL"", ""LOW""]"
2024-12-19,2024-12-13 10:00:00+05:30,validation,long_synthetic_future,-11042.598080405,-11072.6471206075,-10982.5,60.098080405,"[""ALL"", ""LOW""]"
2024-12-19,2024-12-13 10:00:00+05:30,validation,short_synthetic_future,10901.753744594998,10866.380616892498,10972.499999999998,70.746255405,"[""ALL"", ""LOW""]"
2024-12-26,2024-12-19 10:00:00+05:30,validation,buy_call,-5876.2350389,-5889.35255835,-5850.0,26.2350389,"[""ALL"", ""NORMAL""]"
2024-12-26,2024-12-19 10:00:00+05:30,validation,sell_put,-481.03651863750116,-497.17977795625114,-448.75000000000114,32.2865186375,"[""ALL"", ""NORMAL""]"
2024-12-26,2024-12-19 10:00:00+05:30,validation,bull_condor,-229.1947332675,-284.41709990125,-118.75,110.44473326749998,"[""ALL"", ""NORMAL""]"
2024-12-26,2024-12-19 10:00:00+05:30,validation,bull_butterfly,-150.40449979500045,-194.35674969250047,-62.500000000000455,87.90449979499999,"[""ALL"", ""NORMAL""]"
2024-12-26,2024-12-19 10:00:00+05:30,validation,range_forward,-4971.951142565001,-5000.426713847501,-4915.000000000001,56.95114256499999,"[""ALL"", ""NORMAL""]"
2024-12-26,2024-12-19 10:00:00+05:30,validation,buy_put,411.0306188625,394.67092829374997,443.75,32.7193811375,"[""ALL"", ""NORMAL""]"
2024-12-26,2024-12-19 10:00:00+05:30,validation,sell_call,5813.0928861,5797.13932915,5845.0,31.9071139,"[""ALL"", ""NORMAL""]"
2024-12-26,2024-12-19 10:00:00+05:30,validation,bear_condor,-199.02393626500046,-256.0359043975004,-85.00000000000045,114.023936265,"[""ALL"", ""NORMAL""]"
2024-12-26,2024-12-19 10:00:00+05:30,validation,bear_butterfly,-157.24895815750114,-203.99843723625116,-63.75000000000114,93.4989581575,"[""ALL"", ""NORMAL""]"
2024-12-26,2024-12-19 10:00:00+05:30,validation,risk_reversal,4843.286157435,4812.4292361525,4905.0,61.713842564999986,"[""ALL"", ""NORMAL""]"
2024-12-26,2024-12-19 10:00:00+05:30,validation,batman,5650.781471349998,5586.172207024998,5779.999999999998,129.21852865000002,"[""ALL"", ""NORMAL""]"
2024-12-26,2024-12-19 10:00:00+05:30,validation,jade_lizard,823.6017006824991,779.7775510237491,911.2499999999991,87.64829931749999,"[""ALL"", ""NORMAL""]"
2024-12-26,2024-12-19 10:00:00+05:30,validation,reverse_jade_lizard,4309.262352394999,4263.893528592499,4399.999999999999,90.73764760499999,"[""ALL"", ""NORMAL""]"
2024-12-26,2024-12-19 10:00:00+05:30,validation,long_iron_condor,294.1673781325,236.87606719875,408.75,114.58262186750001,"[""ALL"", ""NORMAL""]"
2024-12-26,2024-12-19 10:00:00+05:30,validation,long_iron_butterfly,108.67305567000001,49.259583504999966,227.5,118.82694432999999,"[""ALL"", ""NORMAL""]"
2024-12-26,2024-12-19 10:00:00+05:30,validation,double_plateau,-307.6534579525014,-398.3551869287513,-126.25000000000136,181.40345795250002,"[""ALL"", ""NORMAL""]"
2024-12-26,2024-12-19 10:00:00+05:30,validation,strip,-5030.573801175,-5064.6107017625,-4962.5,68.073801175,"[""ALL"", ""NORMAL""]"
2024-12-26,2024-12-19 10:00:00+05:30,validation,strap,-11317.8394589375,-11348.63418840625,-11256.25,61.58945893750001,"[""ALL"", ""NORMAL""]"
2024-12-26,2024-12-19 10:00:00+05:30,validation,long_synthetic_future,-6357.2715575375005,-6386.532336306251,-6298.750000000001,58.5215575375,"[""ALL"", ""NORMAL""]"
2024-12-26,2024-12-19 10:00:00+05:30,validation,short_synthetic_future,6224.1235049625,6191.81025744375,6288.75,64.6264950375,"[""ALL"", ""NORMAL""]"
2025-01-02,2024-12-27 10:00:00+05:30,validation,buy_call,6985.272806672499,6954.784210008749,7046.249999999999,60.977193327500004,"[""ALL"", ""NORMAL""]"
2025-01-02,2024-12-27 10:00:00+05:30,validation,sell_put,10049.557340515,10030.5860107725,10087.5,37.942659485,"[""ALL"", ""NORMAL""]"
2025-01-02,2024-12-27 10:00:00+05:30,validation,bull_condor,-536.506174640005,-624.759261960005,-360.000000000005,176.50617464,"[""ALL"", ""NORMAL""]"
2025-01-02,2024-12-27 10:00:00+05:30,validation,bull_butterfly,-343.2364769400057,-424.8547154100057,-180.00000000000568,163.23647694,"[""ALL"", ""NORMAL""]"
2025-01-02,2024-12-27 10:00:00+05:30,validation,range_forward,14050.593807792497,14005.265711688746,14141.249999999996,90.6561922075,"[""ALL"", ""NORMAL""]"
2025-01-02,2024-12-27 10:00:00+05:30,validation,buy_put,-10130.650509485002,-10144.725764227502,-10102.500000000002,28.150509485,"[""ALL"", ""NORMAL""]"
2025-01-02,2024-12-27 10:00:00+05:30,validation,sell_call,-7115.385055827503,-7142.452583741253,-7061.250000000003,54.1350558275,"[""ALL"", ""NORMAL""]"
2025-01-02,2024-12-27 10:00:00+05:30,validation,bear_condor,-431.6853492874991,-491.9030239312491,-311.2499999999991,120.4353492875,"[""ALL"", ""NORMAL""]"
2025-01-02,2024-12-27 10:00:00+05:30,validation,bear_butterfly,-286.2931297649973,-335.6896946474973,-187.49999999999727,98.793129765,"[""ALL"", ""NORMAL""]"
2025-01-02,2024-12-27 10:00:00+05:30,validation,risk_reversal,-14248.1746297075,-14286.63694456125,-14171.25,76.9246297075,"[""ALL"", ""NORMAL""]"
2025-01-02,2024-12-27 10:00:00+05:30,validation,batman,4152.970252157496,4056.3303782362464,4346.249999999996,193.2797478425,"[""ALL"", ""NORMAL""]"
2025-01-02,2024-12-27 10:00:00+05:30,validation,jade_lizard,6724.922939077498,6658.009408616248,6858.749999999998,133.8270609225,"[""ALL"", ""NORMAL""]"
2025-01-02,2024-12-27 10:00:00+05:30,validation,reverse_jade_lizard,-4357.32304506,-4413.48456759,-4245.0,112.32304505999998,"[""ALL"", ""NORMAL""]"
2025-01-02,2024-12-27 10:00:00+05:30,validation,long_iron_condor,1276.9715239299962,1199.2072858949962,1432.4999999999961,155.52847606999998,"[""ALL"", ""NORMAL""]"
2025-01-02,2024-12-27 10:00:00+05:30,validation,long_iron_butterfly,574.2428381199968,490.11425717999686,742.4999999999968,168.25716187999998,"[""ALL"", ""NORMAL""]"
2025-01-02,2024-12-27 10:00:00+05:30,validation,double_plateau,-629.529606705003,-760.544410057503,-367.50000000000296,262.029606705,"[""ALL"", ""NORMAL""]"
2025-01-02,2024-12-27 10:00:00+05:30,validation,strip,-13252.428212297504,-13299.267318446253,-13158.750000000004,93.6782122975,"[""ALL"", ""NORMAL""]"
2025-01-02,2024-12-27 10:00:00+05:30,validation,strap,3863.4951038599966,3800.242655789996,3989.9999999999964,126.50489614000003,"[""ALL"", ""NORMAL""]"
2025-01-02,2024-12-27 10:00:00+05:30,validation,long_synthetic_future,17034.8301471875,16985.37022078125,17133.75,98.9198528125,"[""ALL"", ""NORMAL""]"
2025-01-02,2024-12-27 10:00:00+05:30,validation,short_synthetic_future,-17246.035565312504,-17287.178347968755,-17163.750000000004,82.2855653125,"[""ALL"", ""NORMAL""]"
2025-01-09,2025-01-03 10:00:00+05:30,validation,buy_call,-13844.822745710002,-13859.734118565002,-13815.000000000002,29.822745710000003,"[""ALL"", ""NORMAL""]"
2025-01-09,2025-01-03 10:00:00+05:30,validation,sell_put,-26538.340968927496,-26568.136453391246,-26478.749999999996,59.590968927499986,"[""ALL"", ""NORMAL""]"
2025-01-09,2025-01-03 10:00:00+05:30,validation,bull_condor,-505.33523174000186,-570.5028476100018,-375.0000000000018,130.33523174,"[""ALL"", ""NORMAL""]"
2025-01-09,2025-01-03 10:00:00+05:30,validation,bull_butterfly,-375.67239149250184,-430.38358723875183,-266.2500000000018,109.42239149250001,"[""ALL"", ""NORMAL""]"
2025-01-09,2025-01-03 10:00:00+05:30,validation,range_forward,-36496.91015735501,-36539.11523603251,-36412.50000000001,84.410157355,"[""ALL"", ""NORMAL""]"
2025-01-09,2025-01-03 10:00:00+05:30,validation,buy_put,26378.4819185725,26335.84787785875,26463.75,85.26808142750001,"[""ALL"", ""NORMAL""]"
2025-01-09,2025-01-03 10:00:00+05:30,validation,sell_call,13756.78397929,13735.175968935,13800.0,43.21602071000001,"[""ALL"", ""NORMAL""]"
2025-01-09,2025-01-03 10:00:00+05:30,validation,bear_condor,-727.1141951599964,-846.9212927399964,-487.49999999999636,239.61419515999995,"[""ALL"", ""NORMAL""]"
2025-01-09,2025-01-03 10:00:00+05:30,validation,bear_butterfly,-443.17254044999265,-556.0088106749927,-217.49999999999272,225.67254044999993,"[""ALL"", ""NORMAL""]"
2025-01-09,2025-01-03 10:00:00+05:30,validation,risk_reversal,36262.784267645,36202.9264014675,36382.5,119.715732355,"[""ALL"", ""NORMAL""]"
2025-01-09,2025-01-03 10:00:00+05:30,validation,batman,-11797.891046539993,-11918.086569809993,-11557.499999999993,240.39104654000002,"[""ALL"", ""NORMAL""]"
2025-01-09,2025-01-03 10:00:00+05:30,validation,jade_lizard,-22856.777588970002,-22918.916383455005,-22732.500000000004,124.27758897,"[""ALL"", ""NORMAL""]"
2025-01-09,2025-01-03 10:00:00+05:30,validation,reverse_jade_lizard,9644.589635917497,9560.009453876246,9813.749999999996,169.1603640825,"[""ALL"", ""NORMAL""]"
2025-01-09,2025-01-03 10:00:00+05:30,validation,long_iron_condor,1109.215557242498,1013.1983358637482,1301.2499999999982,192.03444275750005,"[""ALL"", ""NORMAL""]"
2025-01-09,2025-01-03 10:00:00+05:30,validation,long_iron_butterfly,462.65697202000183,360.2354580300018,667.5000000000018,204.84302798000002,"[""ALL"", ""NORMAL""]"
2025-01-09,2025-01-03 10:00:00+05:30,validation,double_plateau,-818.8449319424944,-986.3923979137445,-483.74999999999454,335.09493194249995,"[""ALL"", ""NORMAL""]"
2025-01-09,2025-01-03 10:00:00+05:30,validation,strip,38935.741091435,38847.3616371525,39112.5,176.75890856499998,"[""ALL"", ""NORMAL""]"
2025-01-09,2025-01-03 10:00:00+05:30,validation,strap,-1287.5635728475036,-1348.2203592712535,-1166.2500000000036,121.31357284750001,"[""ALL"", ""NORMAL""]"
2025-01-09,2025-01-03 10:00:00+05:30,validation,long_synthetic_future,-40383.1637146375,-40427.87057195625,-40293.75,89.41371463750001,"[""ALL"", ""NORMAL""]"
2025-01-09,2025-01-03 10:00:00+05:30,validation,short_synthetic_future,40135.2658978625,40071.02384679375,40263.75,128.4841021375,"[""ALL"", ""NORMAL""]"
2025-01-16,2025-01-10 10:00:00+05:30,validation,buy_call,-16958.724721535,-16974.3370823025,-16927.5,31.224721535,"[""ALL"", ""NORMAL""]"
2025-01-16,2025-01-10 10:00:00+05:30,validation,sell_put,10029.218610205,10007.5779153075,10072.5,43.281389794999996,"[""ALL"", ""NORMAL""]"
2025-01-16,2025-01-10 10:00:00+05:30,validation,bull_condor,-465.8451169475,-535.64267542125,-326.25,139.5951169475,"[""ALL"", ""NORMAL""]"
2025-01-16,2025-01-10 10:00:00+05:30,validation,bull_butterfly,-340.4320844325018,-400.0231266487518,-221.25000000000182,119.18208443249999,"[""ALL"", ""NORMAL""]"
2025-01-16,2025-01-10 10:00:00+05:30,validation,range_forward,-3505.082151745,-3540.1232276175,-3435.0,70.082151745,"[""ALL"", ""NORMAL""]"
2025-01-16,2025-01-10 10:00:00+05:30,validation,buy_put,-10121.003789795,-10137.7556846925,-10087.5,33.503789795,"[""ALL"", ""NORMAL""]"
2025-01-16,2025-01-10 10:00:00+05:30,validation,sell_call,16864.862878465,16841.0443176975,16912.5,47.637121535,"[""ALL"", ""NORMAL""]"
2025-01-16,2025-01-10 10:00:00+05:30,validation,bear_condor,-482.13053723,-546.945805845,-352.5,129.63053723000002,"[""ALL"", ""NORMAL""]"
2025-01-16,2025-01-10 10:00:00+05:30,validation,bear_butterfly,-258.31766529,-312.476497935,-150.0,108.31766529,"[""ALL"", ""NORMAL""]"
2025-01-16,2025-01-10 10:00:00+05:30,validation,risk_reversal,3331.6004482549984,3294.900672382498,3404.999999999998,73.399551745,"[""ALL"", ""NORMAL""]"
2025-01-16,2025-01-10 10:00:00+05:30,validation,batman,19381.174584685,19295.5118770275,19552.5,171.325415315,"[""ALL"", ""NORMAL""]"
2025-01-16,2025-01-10 10:00:00+05:30,validation,jade_lizard,13187.3731447725,13130.43471715875,13301.25,113.8768552275,"[""ALL"", ""NORMAL""]"
2025-01-16,2025-01-10 10:00:00+05:30,validation,reverse_jade_lizard,16083.6771512025,16027.39072680375,16196.25,112.57284879750001,"[""ALL"", ""NORMAL""]"
2025-01-16,2025-01-10 10:00:00+05:30,validation,long_iron_condor,-6483.2563361525,-6550.50950422875,-6348.75,134.50633615249998,"[""ALL"", ""NORMAL""]"
2025-01-16,2025-01-10 10:00:00+05:30,validation,long_iron_butterfly,-4261.980961865,-4334.2214427975,-4117.5,144.480961865,"[""ALL"", ""NORMAL""]"
2025-01-16,2025-01-10 10:00:00+05:30,validation,double_plateau,-598.7497497225017,-712.4996245837518,-371.2500000000018,227.49974972249998,"[""ALL"", ""NORMAL""]"
2025-01-16,2025-01-10 10:00:00+05:30,validation,strip,-37177.132301125,-37214.4484516875,-37102.5,74.63230112500001,"[""ALL"", ""NORMAL""]"
2025-01-16,2025-01-10 10:00:00+05:30,validation,strap,-44014.853232865,-44051.0298492975,-43942.5,72.353232865,"[""ALL"", ""NORMAL""]"
2025-01-16,2025-01-10 10:00:00+05:30,validation,long_synthetic_future,-6929.50611133,-6966.759166995,-6855.0,74.50611133,"[""ALL"", ""NORMAL""]"
2025-01-16,2025-01-10 10:00:00+05:30,validation,short_synthetic_future,6743.85908867,6703.288633005,6825.0,81.14091133000001,"[""ALL"", ""NORMAL""]"
2025-01-23,2025-01-17 10:00:00+05:30,validation,buy_call,-12674.295737930002,-12688.943606895002,-12645.000000000002,29.295737929999998,"[""ALL"", ""NORMAL""]"
2025-01-23,2025-01-17 10:00:00+05:30,validation,sell_put,8459.3094662425,8438.33919936375,8501.25,41.9405337575,"[""ALL"", ""NORMAL""]"
2025-01-23,2025-01-17 10:00:00+05:30,validation,bull_condor,-556.1382797524982,-618.5824196287481,-431.2499999999982,124.88827975249998,"[""ALL"", ""NORMAL""]"
2025-01-23,2025-01-17 10:00:00+05:30,validation,bull_butterfly,-317.9149904775,-369.99748571624997,-213.75,104.1649904775,"[""ALL"", ""NORMAL""]"
2025-01-23,2025-01-17 10:00:00+05:30,validation,range_forward,-460.3715743525018,-493.6823615287518,-393.7500000000018,66.62157435249999,"[""ALL"", ""NORMAL""]"
2025-01-23,2025-01-17 10:00:00+05:30,validation,buy_put,-8549.9370462575,-8566.78056938625,-8516.25,33.6870462575,"[""ALL"", ""NORMAL""]"
2025-01-23,2025-01-17 10:00:00+05:30,validation,sell_call,12588.44588707,12567.668830605,12630.0,41.55411293,"[""ALL"", ""NORMAL""]"
2025-01-23,2025-01-17 10:00:00+05:30,validation,bear_condor,-451.6101500524991,-514.290225078749,-326.2499999999991,125.36015005249999,"[""ALL"", ""NORMAL""]"
2025-01-23,2025-01-17 10:00:00+05:30,validation,bear_butterfly,-284.06559927,-336.098398905,-180.0,104.06559927,"[""ALL"", ""NORMAL""]"
2025-01-23,2025-01-17 10:00:00+05:30,validation,risk_reversal,296.7610381475,263.26655722125,363.75,66.9889618525,"[""ALL"", ""NORMAL""]"
2025-01-23,2025-01-17 10:00:00+05:30,validation,batman,14369.4387594475,14292.28313917125,14523.75,154.3112405525,"[""ALL"", ""NORMAL""]"
2025-01-23,2025-01-17 10:00:00+05:30,validation,jade_lizard,11932.92507609,11880.637614135,12037.5,104.57492391000001,"[""ALL"", ""NORMAL""]"
2025-01-23,2025-01-17 10:00:00+05:30,validation,reverse_jade_lizard,11955.435210855,11903.1528162825,12060.0,104.56478914500002,"[""ALL"", ""NORMAL""]"
2025-01-23,2025-01-17 10:00:00+05:30,validation,long_iron_condor,-6203.768686047499,-6266.278029071249,-6078.749999999999,125.01868604749998,"[""ALL"", ""NORMAL""]"
2025-01-23,2025-01-17 10:00:00+05:30,validation,long_iron_butterfly,-3551.6664485375,-3619.37467280625,-3416.25,135.4164485375,"[""ALL"", ""NORMAL""]"
2025-01-23,2025-01-17 10:00:00+05:30,validation,double_plateau,-601.9805897475001,-706.09588462125,-393.75,208.23058974750003,"[""ALL"", ""NORMAL""]"
2025-01-23,2025-01-17 10:00:00+05:30,validation,strip,-29750.569830445,-29787.1047456675,-29677.5,73.06983044500001,"[""ALL"", ""NORMAL""]"
2025-01-23,2025-01-17 10:00:00+05:30,validation,strap,-33874.9285221175,-33909.26778317625,-33806.25,68.67852211750001,"[""ALL"", ""NORMAL""]"
2025-01-23,2025-01-17 10:00:00+05:30,validation,long_synthetic_future,-4214.986271687501,-4250.604407531252,-4143.750000000002,71.2362716875,"[""ALL"", ""NORMAL""]"
2025-01-23,2025-01-17 10:00:00+05:30,validation,short_synthetic_future,4038.5088408125,4000.88826121875,4113.75,75.2411591875,"[""ALL"", ""NORMAL""]"
2025-01-30,2025-01-24 10:00:00+05:30,validation,buy_call,-2488.1183045025,-2502.80245675375,-2458.75,29.368304502500003,"[""ALL"", ""NORMAL""]"
2025-01-30,2025-01-24 10:00:00+05:30,validation,sell_put,4815.7592059725,4800.51380895875,4846.25,30.4907940275,"[""ALL"", ""NORMAL""]"
2025-01-30,2025-01-24 10:00:00+05:30,validation,bull_condor,1004.5152304374996,949.8978456562495,1113.7499999999995,109.2347695625,"[""ALL"", ""NORMAL""]"
2025-01-30,2025-01-24 10:00:00+05:30,validation,bull_butterfly,1083.4083616499986,1040.1125424749987,1169.9999999999986,86.59163834999998,"[""ALL"", ""NORMAL""]"
2025-01-30,2025-01-24 10:00:00+05:30,validation,range_forward,1134.2617267275,1105.76759009125,1191.25,56.98827327249999,"[""ALL"", ""NORMAL""]"
2025-01-30,2025-01-24 10:00:00+05:30,validation,buy_put,-4877.0375065275,-4889.93125979125,-4851.25,25.7875065275,"[""ALL"", ""NORMAL""]"
2025-01-30,2025-01-24 10:00:00+05:30,validation,sell_call,2421.9991329974996,2406.1236994962496,2453.7499999999995,31.7508670025,"[""ALL"", ""NORMAL""]"
2025-01-30,2025-01-24 10:00:00+05:30,validation,bear_condor,-215.10530086500046,-268.9079512975005,-107.50000000000045,107.605300865,"[""ALL"", ""NORMAL""]"
2025-01-30,2025-01-24 10:00:00+05:30,validation,bear_butterfly,-154.865378965,-197.2980684475,-70.0,84.865378965,"[""ALL"", ""NORMAL""]"
2025-01-30,2025-01-24 10:00:00+05:30,validation,risk_reversal,-1257.0779107725004,-1284.9918661587506,-1201.2500000000005,55.82791077249999,"[""ALL"", ""NORMAL""]"
2025-01-30,2025-01-24 10:00:00+05:30,validation,batman,7474.9261303124995,7414.264195468749,7596.249999999999,121.3238696875,"[""ALL"", ""NORMAL""]"
2025-01-30,2025-01-24 10:00:00+05:30,validation,jade_lizard,3523.4860388975,3480.85405834625,3608.75,85.26396110249999,"[""ALL"", ""NORMAL""]"
2025-01-30,2025-01-24 10:00:00+05:30,validation,reverse_jade_lizard,3512.2333100999995,3469.5999651499997,3597.4999999999995,85.26668989999999,"[""ALL"", ""NORMAL""]"
2025-01-30,2025-01-24 10:00:00+05:30,validation,long_iron_condor,-979.2723959000004,-1033.9085938500004,-870.0000000000005,109.2723959,"[""ALL"", ""NORMAL""]"
2025-01-30,2025-01-24 10:00:00+05:30,validation,long_iron_butterfly,53.253622012499534,-3.2445669812504434,166.24999999999955,112.99637798750001,"[""ALL"", ""NORMAL""]"
2025-01-30,2025-01-24 10:00:00+05:30,validation,double_plateau,928.5429826849986,842.8144740274986,1099.9999999999986,171.457017315,"[""ALL"", ""NORMAL""]"
2025-01-30,2025-01-24 10:00:00+05:30,validation,strip,-12218.5933175575,-12247.26497633625,-12161.25,57.343317557499994,"[""ALL"", ""NORMAL""]"
2025-01-30,2025-01-24 10:00:00+05:30,validation,strap,-9829.6741155325,-9860.13617329875,-9768.75,60.9241155325,"[""ALL"", ""NORMAL""]"
2025-01-30,2025-01-24 10:00:00+05:30,validation,long_synthetic_future,2327.64090147,2297.711352205,2387.5,59.859098530000004,"[""ALL"", ""NORMAL""]"
2025-01-30,2025-01-24 10:00:00+05:30,validation,short_synthetic_future,-2455.0383735300006,-2483.8075602950003,-2397.5000000000005,57.53837353,"[""ALL"", ""NORMAL""]"
2025-02-06,2025-02-01 10:00:00+05:30,validation,buy_call,-15300.432496490002,-15319.398744735001,-15262.500000000002,37.93249649,"[""ALL"", ""FALLING"", ""NORMAL""]"
2025-02-06,2025-02-01 10:00:00+05:30,validation,sell_put,16539.0762950575,16515.48944258625,16586.25,47.1737049425,"[""ALL"", ""FALLING"", ""NORMAL""]"
2025-02-06,2025-02-01 10:00:00+05:30,validation,bull_condor,-250.33430638250363,-324.87645957375366,-101.25000000000364,149.0843063825,"[""ALL"", ""FALLING"", ""NORMAL""]"
2025-02-06,2025-02-01 10:00:00+05:30,validation,bull_butterfly,-49.90152282750546,-114.22728424125543,78.74999999999454,128.6515228275,"[""ALL"", ""FALLING"", ""NORMAL""]"
2025-02-06,2025-02-01 10:00:00+05:30,validation,range_forward,-2075.355317522502,-2113.657976283752,-1998.7500000000018,76.6053175225,"[""ALL"", ""FALLING"", ""NORMAL""]"
2025-02-06,2025-02-01 10:00:00+05:30,validation,buy_put,-16632.3277674425,-16647.86665116375,-16601.25,31.0777674425,"[""ALL"", ""FALLING"", ""NORMAL""]"
2025-02-06,2025-02-01 10:00:00+05:30,validation,sell_call,15194.77015351,15168.405230265,15247.5,52.72984649,"[""ALL"", ""FALLING"", ""NORMAL""]"
2025-02-06,2025-02-01 10:00:00+05:30,validation,bear_condor,-427.62838997,-498.94258495500003,-285.0,142.62838997,"[""ALL"", ""FALLING"", ""NORMAL""]"
2025-02-06,2025-02-01 10:00:00+05:30,validation,bear_butterfly,-365.1591977775018,-425.8637966662518,-243.75000000000182,121.40919777749997,"[""ALL"", ""FALLING"", ""NORMAL""]"
2025-02-06,2025-02-01 10:00:00+05:30,validation,risk_reversal,1890.2204449775,1850.95566746625,1968.75,78.5295550225,"[""ALL"", ""FALLING"", ""NORMAL""]"
2025-02-06,2025-02-01 10:00:00+05:30,validation,batman,25485.029056997497,25389.418585496245,25676.249999999996,191.22094300249998,"[""ALL"", ""FALLING"", ""NORMAL""]"
2025-02-06,2025-02-01 10:00:00+05:30,validation,jade_lizard,16473.910742865,16412.1161142975,16597.5,123.589257135,"[""ALL"", ""FALLING"", ""NORMAL""]"
2025-02-06,2025-02-01 10:00:00+05:30,validation,reverse_jade_lizard,18327.24517185,18265.867757775,18450.0,122.75482815,"[""ALL"", ""FALLING"", ""NORMAL""]"
2025-02-06,2025-02-01 10:00:00+05:30,validation,long_iron_condor,-6318.453832625,-6391.4307489375,-6172.5,145.953832625,"[""ALL"", ""FALLING"", ""NORMAL""]"
2025-02-06,2025-02-01 10:00:00+05:30,validation,long_iron_butterfly,-3190.939439172502,-3269.534158758752,-3033.750000000002,157.1894391725,"[""ALL"", ""FALLING"", ""NORMAL""]"
2025-02-06,2025-02-01 10:00:00+05:30,validation,double_plateau,-415.0607206050055,-540.0910809075054,-165.00000000000546,250.060720605,"[""ALL"", ""FALLING"", ""NORMAL""]"
2025-02-06,2025-02-01 10:00:00+05:30,validation,strip,-48541.488031375,-48579.7320470625,-48465.0,76.488031375,"[""ALL"", ""FALLING"", ""NORMAL""]"
2025-02-06,2025-02-01 10:00:00+05:30,validation,strap,-47209.5927604225,-47251.26414063375,-47126.25,83.3427604225,"[""ALL"", ""FALLING"", ""NORMAL""]"
2025-02-06,2025-02-01 10:00:00+05:30,validation,long_synthetic_future,1238.6437985674982,1196.0906978512483,1323.7499999999982,85.1062014325,"[""ALL"", ""FALLING"", ""NORMAL""]"
2025-02-06,2025-02-01 10:00:00+05:30,validation,short_synthetic_future,-1437.5576139325,-1479.46142089875,-1353.75,83.8076139325,"[""ALL"", ""FALLING"", ""NORMAL""]"
2025-02-13,2025-02-07 10:00:00+05:30,validation,buy_call,-15634.3784595275,-15649.69268929125,-15603.75,30.6284595275,"[""ALL"", ""NORMAL""]"
2025-02-13,2025-02-07 10:00:00+05:30,validation,sell_put,-30386.697044367495,-30416.92056655124,-30326.249999999993,60.44704436749999,"[""ALL"", ""NORMAL""]"
2025-02-13,2025-02-07 10:00:00+05:30,validation,bull_condor,-528.8222962475036,-596.3584443712537,-393.75000000000364,135.0722962475,"[""ALL"", ""NORMAL""]"
2025-02-13,2025-02-07 10:00:00+05:30,validation,bull_butterfly,-332.0920915350018,-389.38813730250183,-217.50000000000182,114.59209153500001,"[""ALL"", ""NORMAL""]"
2025-02-13,2025-02-07 10:00:00+05:30,validation,range_forward,-41737.5919074175,-41780.76286112625,-41651.25,86.34190741750001,"[""ALL"", ""NORMAL""]"
2025-02-13,2025-02-07 10:00:00+05:30,validation,buy_put,30221.3937681325,30176.46565219875,30311.25,89.85623186750001,"[""ALL"", ""NORMAL""]"
2025-02-13,2025-02-07 10:00:00+05:30,validation,sell_call,15542.9931779725,15520.11476695875,15588.75,45.75682202749999,"[""ALL"", ""NORMAL""]"
2025-02-13,2025-02-07 10:00:00+05:30,validation,bear_condor,-634.5830065099964,-760.6245097649964,-382.49999999999636,252.08300651000002,"[""ALL"", ""NORMAL""]"
2025-02-13,2025-02-07 10:00:00+05:30,validation,bear_butterfly,-534.1373628074964,-653.0810442112464,-296.24999999999636,237.8873628075,"[""ALL"", ""NORMAL""]"
2025-02-13,2025-02-07 10:00:00+05:30,validation,risk_reversal,41494.5209300825,41431.15639512375,41621.25,126.72906991750003,"[""ALL"", ""NORMAL""]"
2025-02-13,2025-02-07 10:00:00+05:30,validation,batman,-13996.2036850175,-14122.43052752625,-13743.75,252.45368501750002,"[""ALL"", ""NORMAL""]"
2025-02-13,2025-02-07 10:00:00+05:30,validation,jade_lizard,-26314.6229787075,-26378.80946806125,-26186.25,128.3729787075,"[""ALL"", ""NORMAL""]"
2025-02-13,2025-02-07 10:00:00+05:30,validation,reverse_jade_lizard,11083.8877563225,10995.20663448375,11261.25,177.3622436775,"[""ALL"", ""NORMAL""]"
2025-02-13,2025-02-07 10:00:00+05:30,validation,long_iron_condor,1010.5105607575,910.1408411362501,1211.25,200.73943924250003,"[""ALL"", ""NORMAL""]"
2025-02-13,2025-02-07 10:00:00+05:30,validation,long_iron_butterfly,386.46912605499995,279.70368908250003,600.0,213.53087394500002,"[""ALL"", ""NORMAL""]"
2025-02-13,2025-02-07 10:00:00+05:30,validation,double_plateau,-866.2294543424982,-1042.4691815137483,-513.7499999999982,352.4794543425,"[""ALL"", ""NORMAL""]"
2025-02-13,2025-02-07 10:00:00+05:30,validation,strip,44832.0090767375,44738.63861510625,45018.75,186.7409232625,"[""ALL"", ""NORMAL""]"
2025-02-13,2025-02-07 10:00:00+05:30,validation,strap,-1023.7631509225,-1087.51972638375,-896.25,127.51315092249999,"[""ALL"", ""NORMAL""]"
2025-02-13,2025-02-07 10:00:00+05:30,validation,long_synthetic_future,-46021.075503894994,-46066.613255842494,-45929.99999999999,91.075503895,"[""ALL"", ""NORMAL""]"
2025-02-13,2025-02-07 10:00:00+05:30,validation,short_synthetic_future,45764.386946105,45696.5804191575,45900.0,135.613053895,"[""ALL"", ""NORMAL""]"
2025-02-20,2025-02-14 10:00:00+05:30,validation,buy_call,-14733.9730689275,-14749.08460339125,-14703.75,30.2230689275,"[""ALL"", ""NORMAL""]"
2025-02-20,2025-02-14 10:00:00+05:30,validation,sell_put,1046.9329087374965,1024.7743631062465,1091.2499999999966,44.3170912625,"[""ALL"", ""NORMAL""]"
2025-02-20,2025-02-14 10:00:00+05:30,validation,bull_condor,-521.7661865150001,-587.6492797725,-390.0,131.76618651500002,"[""ALL"", ""NORMAL""]"
2025-02-20,2025-02-14 10:00:00+05:30,validation,bull_butterfly,-474.84396396750003,-530.3909459512499,-363.75,111.0939639675,"[""ALL"", ""NORMAL""]"
2025-02-20,2025-02-14 10:00:00+05:30,validation,range_forward,-9358.5433099375,-9393.43996490625,-9288.75,69.7933099375,"[""ALL"", ""NORMAL""]"
2025-02-20,2025-02-14 10:00:00+05:30,validation,buy_put,-1149.5013037625,-1171.12695564375,-1106.25,43.25130376250001,"[""ALL"", ""NORMAL""]"
2025-02-20,2025-02-14 10:00:00+05:30,validation,sell_call,14644.2715685725,14622.03235285875,14688.75,44.4784314275,"[""ALL"", ""NORMAL""]"
2025-02-20,2025-02-14 10:00:00+05:30,validation,bear_condor,3293.068498405,3225.8527476075,3427.5,134.431501595,"[""ALL"", ""NORMAL""]"
2025-02-20,2025-02-14 10:00:00+05:30,validation,bear_butterfly,725.652722505001,668.4790837575009,840.0000000000009,114.347277495,"[""ALL"", ""NORMAL""]"
2025-02-20,2025-02-14 10:00:00+05:30,validation,risk_reversal,9179.961152562499,9140.566728843749,9258.749999999998,78.78884743749998,"[""ALL"", ""NORMAL""]"
2025-02-20,2025-02-14 10:00:00+05:30,validation,batman,16715.4003804775,16629.97557071625,16886.25,170.8496195225,"[""ALL"", ""NORMAL""]"
2025-02-20,2025-02-14 10:00:00+05:30,validation,jade_lizard,5128.271307157496,5073.031960736246,5238.749999999996,110.47869284249998,"[""ALL"", ""NORMAL""]"
2025-02-20,2025-02-14 10:00:00+05:30,validation,reverse_jade_lizard,10116.598924425,10059.8983866375,10230.0,113.40107557500001,"[""ALL"", ""NORMAL""]"
2025-02-20,2025-02-14 10:00:00+05:30,validation,long_iron_condor,241.7174806225,173.20122093375,378.75,137.0325193775,"[""ALL"", ""NORMAL""]"
2025-02-20,2025-02-14 10:00:00+05:30,validation,long_iron_butterfly,484.5196912675,409.90453690125,633.75,149.2303087325,"[""ALL"", ""NORMAL""]"
2025-02-20,2025-02-14 10:00:00+05:30,validation,double_plateau,250.80875853749998,138.08813780625002,476.25,225.44124146250002,"[""ALL"", ""NORMAL""]"
2025-02-20,2025-02-14 10:00:00+05:30,validation,strip,-17009.3756764525,-17055.93851467875,-16916.25,93.12567645249999,"[""ALL"", ""NORMAL""]"
2025-02-20,2025-02-14 10:00:00+05:30,validation,strap,-30593.8474416175,-30633.89616242625,-30513.75,80.09744161750001,"[""ALL"", ""NORMAL""]"
2025-02-20,2025-02-14 10:00:00+05:30,validation,long_synthetic_future,-13687.040160190003,-13724.310240285004,-13612.500000000004,74.54016019,"[""ALL"", ""NORMAL""]"
2025-02-20,2025-02-14 10:00:00+05:30,validation,short_synthetic_future,13494.77026481,13450.905397215,13582.5,87.72973519,"[""ALL"", ""NORMAL""]"
2025-02-27,2025-02-20 10:00:00+05:30,validation,buy_call,-15829.4662941575,-15844.82444123625,-15798.75,30.716294157499995,"[""ALL"", ""NORMAL""]"
2025-02-27,2025-02-20 10:00:00+05:30,validation,sell_put,-11603.7768607025,-11628.79029105375,-11553.75,50.026860702499995,"[""ALL"", ""NORMAL""]"
2025-02-27,2025-02-20 10:00:00+05:30,validation,bull_condor,-480.4432198700018,-548.1648298050018,-345.0000000000018,135.44321987,"[""ALL"", ""NORMAL""]"
2025-02-27,2025-02-20 10:00:00+05:30,validation,bull_butterfly,-347.4426200400036,-404.9139300600036,-232.50000000000364,114.94262003999998,"[""ALL"", ""NORMAL""]"
2025-02-27,2025-02-20 10:00:00+05:30,validation,range_forward,-22969.6995275275,-23007.67429129125,-22893.75,75.9495275275,"[""ALL"", ""NORMAL""]"
2025-02-27,2025-02-20 10:00:00+05:30,validation,buy_put,11477.523276797498,11446.909915196247,11538.749999999998,61.2267232025,"[""ALL"", ""NORMAL""]"
2025-02-27,2025-02-20 10:00:00+05:30,validation,sell_call,15737.7161933425,15714.69929001375,15783.75,46.033806657499994,"[""ALL"", ""NORMAL""]"
2025-02-27,2025-02-20 10:00:00+05:30,validation,bear_condor,-504.42301389500204,-591.6345208425021,-330.00000000000205,174.423013895,"[""ALL"", ""NORMAL""]"
2025-02-27,2025-02-20 10:00:00+05:30,validation,bear_butterfly,-321.2928785325045,-401.3143177987546,-161.25000000000455,160.04287853249997,"[""ALL"", ""NORMAL""]"
2025-02-27,2025-02-20 10:00:00+05:30,validation,risk_reversal,22765.6080849725,22716.53712745875,22863.75,98.14191502749999,"[""ALL"", ""NORMAL""]"
2025-02-27,2025-02-20 10:00:00+05:30,validation,batman,5185.2548347374905,5083.507252106241,5388.749999999991,203.4951652625,"[""ALL"", ""NORMAL""]"
2025-02-27,2025-02-20 10:00:00+05:30,validation,jade_lizard,-7479.347525377501,-7538.396288066252,-7361.250000000002,118.0975253775,"[""ALL"", ""NORMAL""]"
2025-02-27,2025-02-20 10:00:00+05:30,validation,reverse_jade_lizard,11104.094813954998,11034.892220932497,11242.499999999998,138.405186045,"[""ALL"", ""NORMAL""]"
2025-02-27,2025-02-20 10:00:00+05:30,validation,long_iron_condor,1146.7674141624982,1065.776121243748,1308.7499999999982,161.98258583749998,"[""ALL"", ""NORMAL""]"
2025-02-27,2025-02-20 10:00:00+05:30,validation,long_iron_butterfly,481.40828877249453,393.9874331587446,656.2499999999945,174.84171122749999,"[""ALL"", ""NORMAL""]"
2025-02-27,2025-02-20 10:00:00+05:30,validation,double_plateau,-668.7354985725073,-806.2282478587573,-393.7500000000073,274.9854985725,"[""ALL"", ""NORMAL""]"
2025-02-27,2025-02-20 10:00:00+05:30,validation,strip,7149.180259437497,7084.395389156246,7278.749999999996,129.56974056250002,"[""ALL"", ""NORMAL""]"
2025-02-27,2025-02-20 10:00:00+05:30,validation,strap,-20157.8093115175,-20207.33896727625,-20058.75,99.05931151749999,"[""ALL"", ""NORMAL""]"
2025-02-27,2025-02-20 10:00:00+05:30,validation,long_synthetic_future,-27433.24315486,-27473.61473229,-27352.5,80.74315486,"[""ALL"", ""NORMAL""]"
2025-02-27,2025-02-20 10:00:00+05:30,validation,short_synthetic_future,27215.23947014,27161.60920521,27322.5,107.26052986,"[""ALL"", ""NORMAL""]"
2025-03-06,2025-02-28 10:00:00+05:30,validation,buy_call,9854.599382199996,9824.399073299996,9914.999999999996,60.40061779999999,"[""ALL"", ""LOW""]"
2025-03-06,2025-02-28 10:00:00+05:30,validation,sell_put,9177.0484447225,9158.69766708375,9213.75,36.7015552775,"[""ALL"", ""LOW""]"
2025-03-06,2025-02-28 10:00:00+05:30,validation,bull_condor,-567.7159021700027,-652.8238532550026,-397.50000000000273,170.21590217,"[""ALL"", ""LOW""]"
2025-03-06,2025-02-28 10:00:00+05:30,validation,bull_butterfly,-317.77096952250275,-396.0314542837527,-161.25000000000273,156.52096952250002,"[""ALL"", ""LOW""]"
2025-03-06,2025-02-28 10:00:00+05:30,validation,range_forward,15905.0016472925,15860.62747093875,15993.75,88.74835270750002,"[""ALL"", ""LOW""]"
2025-03-06,2025-02-28 10:00:00+05:30,validation,buy_put,-9256.5069427775,-9270.38541416625,-9228.75,27.756942777499997,"[""ALL"", ""LOW""]"
2025-03-06,2025-02-28 10:00:00+05:30,validation,sell_call,-9980.7757928,-10006.1636892,-9930.0,50.77579279999999,"[""ALL"", ""LOW""]"
2025-03-06,2025-02-28 10:00:00+05:30,validation,bear_condor,-468.81463424000003,-526.97195136,-352.5,116.31463424,"[""ALL"", ""LOW""]"
2025-03-06,2025-02-28 10:00:00+05:30,validation,bear_butterfly,-282.32221243500004,-329.7333186525,-187.5,94.82221243500003,"[""ALL"", ""LOW""]"
2025-03-06,2025-02-28 10:00:00+05:30,validation,risk_reversal,-16096.969865207502,-16133.579797811251,-16023.750000000002,73.2198652075,"[""ALL"", ""LOW""]"
2025-03-06,2025-02-28 10:00:00+05:30,validation,batman,570.3929849874982,478.71447748124814,753.7499999999982,183.3570150125,"[""ALL"", ""LOW""]"
2025-03-06,2025-02-28 10:00:00+05:30,validation,jade_lizard,5563.739177159997,5499.358765739998,5692.499999999997,128.76082284,"[""ALL"", ""LOW""]"
2025-03-06,2025-02-28 10:00:00+05:30,validation,reverse_jade_lizard,-7093.4445074775,-7147.04176121625,-6986.25,107.19450747750001,"[""ALL"", ""LOW""]"
2025-03-06,2025-02-28 10:00:00+05:30,validation,long_iron_condor,1473.4502178474972,1398.3003267712472,1623.7499999999973,150.2997821525,"[""ALL"", ""LOW""]"
2025-03-06,2025-02-28 10:00:00+05:30,validation,long_iron_butterfly,624.6933020199964,543.2899530299964,787.4999999999964,162.80669798,"[""ALL"", ""LOW""]"
2025-03-06,2025-02-28 10:00:00+05:30,validation,double_plateau,-600.0931819575028,-725.7647729362527,-348.75000000000273,251.3431819575,"[""ALL"", ""LOW""]"
2025-03-06,2025-02-28 10:00:00+05:30,validation,strip,-8634.814503355004,-8680.971755032504,-8542.500000000004,92.314503355,"[""ALL"", ""LOW""]"
2025-03-06,2025-02-28 10:00:00+05:30,validation,strap,10476.291821622493,10413.812732433742,10601.249999999993,124.95817837749999,"[""ALL"", ""LOW""]"
2025-03-06,2025-02-28 10:00:00+05:30,validation,long_synthetic_future,19031.647826922497,18983.096740383746,19128.749999999996,97.1021730775,"[""ALL"", ""LOW""]"
2025-03-06,2025-02-28 10:00:00+05:30,validation,short_synthetic_future,-19237.2827355775,-19276.54910336625,-19158.75,78.53273557749999,"[""ALL"", ""LOW""]"
2025-03-13,2025-03-07 10:00:00+05:30,validation,buy_call,-11650.084606122502,-11664.501909183751,-11621.250000000002,28.834606122500006,"[""ALL"", ""NORMAL""]"
2025-03-13,2025-03-07 10:00:00+05:30,validation,sell_put,-1115.967621530003,-1137.7014322950029,-1072.500000000003,43.467621529999995,"[""ALL"", ""NORMAL""]"
2025-03-13,2025-03-07 10:00:00+05:30,validation,bull_condor,-605.2592863625009,-666.0139295437509,-483.7500000000009,121.50928636249999,"[""ALL"", ""NORMAL""]"
2025-03-13,2025-03-07 10:00:00+05:30,validation,bull_butterfly,-325.6621803600018,-375.99327054000184,-225.00000000000182,100.66218036000001,"[""ALL"", ""NORMAL""]"
2025-03-13,2025-03-07 10:00:00+05:30,validation,range_forward,-8714.962884430002,-8748.694326645002,-8647.500000000002,67.46288443,"[""ALL"", ""NORMAL""]"
2025-03-13,2025-03-07 10:00:00+05:30,validation,buy_put,1012.9993284699996,990.7489927049995,1057.4999999999995,44.50067153,"[""ALL"", ""NORMAL""]"
2025-03-13,2025-03-07 10:00:00+05:30,validation,sell_call,11566.1500563775,11546.10008456625,11606.25,40.0999436225,"[""ALL"", ""NORMAL""]"
2025-03-13,2025-03-07 10:00:00+05:30,validation,bear_condor,3054.959884420001,2988.689826630001,3187.500000000001,132.54011558000002,"[""ALL"", ""NORMAL""]"
2025-03-13,2025-03-07 10:00:00+05:30,validation,bear_butterfly,-281.8959346124982,-338.4689019187482,-168.74999999999818,113.1459346125,"[""ALL"", ""NORMAL""]"
2025-03-13,2025-03-07 10:00:00+05:30,validation,risk_reversal,8541.66359057,8503.745385855,8617.5,75.83640943,"[""ALL"", ""NORMAL""]"
2025-03-13,2025-03-07 10:00:00+05:30,validation,batman,11786.8296544,11706.4944816,11947.5,160.67034560000002,"[""ALL"", ""NORMAL""]"
2025-03-13,2025-03-07 10:00:00+05:30,validation,jade_lizard,2652.209072887501,2600.188609331251,2756.250000000001,104.04092711249997,"[""ALL"", ""NORMAL""]"
2025-03-13,2025-03-07 10:00:00+05:30,validation,reverse_jade_lizard,7191.8897526675,7137.20962900125,7301.25,109.3602473325,"[""ALL"", ""NORMAL""]"
2025-03-13,2025-03-07 10:00:00+05:30,validation,long_iron_condor,1432.211383697499,1366.442075546249,1563.749999999999,131.5386163025,"[""ALL"", ""NORMAL""]"
2025-03-13,2025-03-07 10:00:00+05:30,validation,long_iron_butterfly,639.7017417624982,567.6776126437481,783.7499999999982,144.0482582375,"[""ALL"", ""NORMAL""]"
2025-03-13,2025-03-07 10:00:00+05:30,validation,double_plateau,-607.5581149725,-714.4621724587499,-393.75,213.80811497249996,"[""ALL"", ""NORMAL""]"
2025-03-13,2025-03-07 10:00:00+05:30,validation,strip,-9600.485949182505,-9647.603923773753,-9506.250000000004,94.23594918250001,"[""ALL"", ""NORMAL""]"
2025-03-13,2025-03-07 10:00:00+05:30,validation,strap,-22263.569883775002,-22302.854825662504,-22185.000000000004,78.569883775,"[""ALL"", ""NORMAL""]"
2025-03-13,2025-03-07 10:00:00+05:30,validation,long_synthetic_future,-12766.052227652506,-12802.203341478755,-12693.750000000005,72.30222765250001,"[""ALL"", ""NORMAL""]"
2025-03-13,2025-03-07 10:00:00+05:30,validation,short_synthetic_future,12579.1493848475,12536.84907727125,12663.75,84.60061515250001,"[""ALL"", ""NORMAL""]"
2025-03-20,2025-03-13 10:00:00+05:30,validation,buy_call,37587.2872994725,37539.05594920875,37683.75,96.46270052750002,"[""ALL"", ""NORMAL""]"
2025-03-20,2025-03-13 10:00:00+05:30,validation,sell_put,10641.21573337,10621.823600055,10680.0,38.78426662999999,"[""ALL"", ""NORMAL""]"
2025-03-20,2025-03-13 10:00:00+05:30,validation,bull_condor,-761.3318286575036,-892.6227429862536,-498.75000000000364,262.58182865749995,"[""ALL"", ""NORMAL""]"
2025-03-20,2025-03-13 10:00:00+05:30,validation,bull_butterfly,-507.2493403575037,-631.4990105362536,-258.75000000000364,248.49934035750005,"[""ALL"", ""NORMAL""]"
2025-03-20,2025-03-13 10:00:00+05:30,validation,range_forward,44783.18076578,44719.77114867,44910.0,126.81923422,"[""ALL"", ""NORMAL""]"
2025-03-20,2025-03-13 10:00:00+05:30,validation,buy_put,-10723.417391630002,-10737.626087445002,-10695.000000000002,28.417391629999997,"[""ALL"", ""NORMAL""]"
2025-03-20,2025-03-13 10:00:00+05:30,validation,sell_call,-37758.652188027496,-37788.603282041244,-37698.74999999999,59.902188027499996,"[""ALL"", ""NORMAL""]"
2025-03-20,2025-03-13 10:00:00+05:30,validation,bear_condor,-517.8268683649991,-577.9903025474991,-397.4999999999991,120.326868365,"[""ALL"", ""NORMAL""]"
2025-03-20,2025-03-13 10:00:00+05:30,validation,bear_butterfly,-256.574278455,-306.1114176825,-157.5,99.07427845500001,"[""ALL"", ""NORMAL""]"
2025-03-20,2025-03-13 10:00:00+05:30,validation,risk_reversal,-45023.241984219996,-45064.86297632999,-44939.99999999999,83.24198422,"[""ALL"", ""NORMAL""]"
2025-03-20,2025-03-13 10:00:00+05:30,validation,batman,-25862.740325825,-25984.1104887375,-25620.0,242.74032582499996,"[""ALL"", ""NORMAL""]"
2025-03-20,2025-03-13 10:00:00+05:30,validation,jade_lizard,6644.897588257514,6556.721382386265,6821.250000000015,176.3524117425,"[""ALL"", ""NORMAL""]"
2025-03-20,2025-03-13 10:00:00+05:30,validation,reverse_jade_lizard,-34641.45232124999,-34700.928481874995,-34522.49999999999,118.95232125000001,"[""ALL"", ""NORMAL""]"
2025-03-20,2025-03-13 10:00:00+05:30,validation,long_iron_condor,1515.2714727925,1416.0322091887501,1713.75,198.47852720749995,"[""ALL"", ""NORMAL""]"
2025-03-20,2025-03-13 10:00:00+05:30,validation,long_iron_butterfly,494.20345579,388.805183685,705.0,210.79654421,"[""ALL"", ""NORMAL""]"
2025-03-20,2025-03-13 10:00:00+05:30,validation,double_plateau,-763.8236188125036,-937.6104282187537,-416.25000000000364,347.5736188125,"[""ALL"", ""NORMAL""]"
2025-03-20,2025-03-13 10:00:00+05:30,validation,strip,16164.052516212496,16099.203774318747,16293.749999999996,129.6974837875,"[""ALL"", ""NORMAL""]"
2025-03-20,2025-03-13 10:00:00+05:30,validation,strap,64474.757207315,64375.8858109725,64672.5,197.742792685,"[""ALL"", ""NORMAL""]"
2025-03-20,2025-03-13 10:00:00+05:30,validation,long_synthetic_future,48228.5030328425,48160.87954926375,48363.75,135.2469671575,"[""ALL"", ""NORMAL""]"
2025-03-20,2025-03-13 10:00:00+05:30,validation,short_synthetic_future,-48482.069579657495,-48526.229369486246,-48393.74999999999,88.31957965749999,"[""ALL"", ""NORMAL""]"
2025-03-27,2025-03-21 10:00:00+05:30,validation,buy_call,14545.007108049997,14512.510662074996,14609.999999999996,64.99289195,"[""ALL"", ""LOW""]"
2025-03-27,2025-03-21 10:00:00+05:30,validation,sell_put,8877.4745749225,8859.33686238375,8913.75,36.2754250775,"[""ALL"", ""LOW""]"
2025-03-27,2025-03-21 10:00:00+05:30,validation,bull_condor,-727.5704454950001,-817.6056682425,-547.5,180.070445495,"[""ALL"", ""LOW""]"
2025-03-27,2025-03-21 10:00:00+05:30,validation,bull_butterfly,-473.70544560000184,-556.8081684000018,-307.5000000000018,166.20544560000002,"[""ALL"", ""LOW""]"
2025-03-27,2025-03-21 10:00:00+05:30,validation,range_forward,20029.669032185,19983.2535482775,20122.5,92.83096781500001,"[""ALL"", ""LOW""]"
2025-03-27,2025-03-21 10:00:00+05:30,validation,buy_put,-8956.3718125775,-8970.18271886625,-8928.75,27.621812577499995,"[""ALL"", ""LOW""]"
2025-03-27,2025-03-21 10:00:00+05:30,validation,sell_call,-14675.81391695,-14701.220875425,-14625.0,50.81391695000001,"[""ALL"", ""LOW""]"
2025-03-27,2025-03-21 10:00:00+05:30,validation,bear_condor,-553.6231598674991,-611.0597398012491,-438.7499999999991,114.87315986750002,"[""ALL"", ""LOW""]"
2025-03-27,2025-03-21 10:00:00+05:30,validation,bear_butterfly,-307.07564900249815,-353.7384735037482,-213.74999999999818,93.3256490025,"[""ALL"", ""LOW""]"
2025-03-27,2025-03-21 10:00:00+05:30,validation,risk_reversal,-20225.797592815,-20262.4463892225,-20152.5,73.297592815,"[""ALL"", ""LOW""]"
2025-03-27,2025-03-21 10:00:00+05:30,validation,batman,-4477.081152784998,-4570.621729177498,-4289.999999999998,187.08115278500003,"[""ALL"", ""LOW""]"
2025-03-27,2025-03-21 10:00:00+05:30,validation,jade_lizard,5221.898749949995,5155.348124924995,5354.999999999995,133.10125005,"[""ALL"", ""LOW""]"
2025-03-27,2025-03-21 10:00:00+05:30,validation,reverse_jade_lizard,-11596.711509315004,-11650.067263972503,-11490.000000000004,106.71150931500003,"[""ALL"", ""LOW""]"
2025-03-27,2025-03-21 10:00:00+05:30,validation,long_iron_condor,1506.7506403675,1429.50096055125,1661.25,154.4993596325,"[""ALL"", ""LOW""]"
2025-03-27,2025-03-21 10:00:00+05:30,validation,long_iron_butterfly,639.3545467374963,555.9068201062464,806.2499999999964,166.89545326249998,"[""ALL"", ""LOW""]"
2025-03-27,2025-03-21 10:00:00+05:30,validation,double_plateau,-780.7810946025,-910.54664190375,-521.25,259.53109460250005,"[""ALL"", ""LOW""]"
2025-03-27,2025-03-21 10:00:00+05:30,validation,strip,-3344.136517105004,-3392.454775657504,-3247.5000000000036,96.636517105,"[""ALL"", ""LOW""]"
2025-03-27,2025-03-21 10:00:00+05:30,validation,strap,20157.242403522494,20090.238605283743,20291.249999999993,134.0075964775,"[""ALL"", ""LOW""]"
2025-03-27,2025-03-21 10:00:00+05:30,validation,long_synthetic_future,23422.481682972495,23371.847524458746,23523.749999999996,101.26831702749998,"[""ALL"", ""LOW""]"
2025-03-27,2025-03-21 10:00:00+05:30,validation,short_synthetic_future,-23632.1857295275,-23671.40359429125,-23553.75,78.4357295275,"[""ALL"", ""LOW""]"
2025-04-03,2025-03-27 10:00:00+05:30,validation,buy_call,-14583.9055038275,-14598.98325574125,-14553.75,30.155503827500002,"[""ALL"", ""LOW""]"
2025-04-03,2025-03-27 10:00:00+05:30,validation,sell_put,-15448.23391616,-15473.60087424,-15397.5,50.73391616000001,"[""ALL"", ""LOW""]"
2025-04-03,2025-03-27 10:00:00+05:30,validation,bull_condor,-660.1717704425018,-725.8826556637518,-528.7500000000018,131.42177044250002,"[""ALL"", ""LOW""]"
2025-04-03,2025-03-27 10:00:00+05:30,validation,bull_butterfly,-440.72797407000184,-496.0919611050018,-330.0000000000018,110.72797407,"[""ALL"", ""LOW""]"
2025-04-03,2025-03-27 10:00:00+05:30,validation,range_forward,-25756.285485355,-25794.4282280325,-25680.0,76.28548535499999,"[""ALL"", ""LOW""]"
2025-04-03,2025-03-27 10:00:00+05:30,validation,buy_put,15316.837783839997,15284.006675759998,15382.499999999998,65.66221616,"[""ALL"", ""LOW""]"
2025-04-03,2025-03-27 10:00:00+05:30,validation,sell_call,14494.4846336725,14472.35195050875,14538.75,44.265366327500004,"[""ALL"", ""LOW""]"
2025-04-03,2025-03-27 10:00:00+05:30,validation,bear_condor,-451.8695067275009,-544.6792600912509,-266.2500000000009,185.61950672749998,"[""ALL"", ""LOW""]"
2025-04-03,2025-03-27 10:00:00+05:30,validation,bear_butterfly,-291.07411225500095,-376.6111683825009,-120.00000000000091,171.07411225500002,"[""ALL"", ""LOW""]"
2025-04-03,2025-03-27 10:00:00+05:30,validation,risk_reversal,25548.819464645,25498.2291969675,25650.0,101.180535355,"[""ALL"", ""LOW""]"
2025-04-03,2025-03-27 10:00:00+05:30,validation,batman,363.82215578499995,260.7332336775,570.0,206.17784421500002,"[""ALL"", ""LOW""]"
2025-04-03,2025-03-27 10:00:00+05:30,validation,jade_lizard,-11370.584065072502,-11429.001097608752,-11253.750000000002,116.83406507250002,"[""ALL"", ""LOW""]"
2025-04-03,2025-03-27 10:00:00+05:30,validation,reverse_jade_lizard,9859.030402432498,9787.920603648749,10001.249999999998,142.2195975675,"[""ALL"", ""LOW""]"
2025-04-03,2025-03-27 10:00:00+05:30,validation,long_iron_condor,1409.3768975349972,1326.5653463024973,1574.9999999999973,165.623102465,"[""ALL"", ""LOW""]"
2025-04-03,2025-03-27 10:00:00+05:30,validation,long_iron_butterfly,643.2553630824982,554.2580446237482,821.2499999999982,177.9946369175,"[""ALL"", ""LOW""]"
2025-04-03,2025-03-27 10:00:00+05:30,validation,double_plateau,-731.8020863250036,-872.7031294875037,-450.00000000000364,281.802086325,"[""ALL"", ""LOW""]"
2025-04-03,2025-03-27 10:00:00+05:30,validation,strip,16073.370063852497,16004.430095778745,16211.249999999996,137.8799361475,"[""ALL"", ""LOW""]"
2025-04-03,2025-03-27 10:00:00+05:30,validation,strap,-13827.373223815002,-13878.559835722503,-13725.000000000002,102.37322381499999,"[""ALL"", ""LOW""]"
2025-04-03,2025-03-27 10:00:00+05:30,validation,long_synthetic_future,-30032.1394199875,-30072.58412998125,-29951.25,80.8894199875,"[""ALL"", ""LOW""]"
2025-04-03,2025-03-27 10:00:00+05:30,validation,short_synthetic_future,29811.3224175125,29756.35862626875,29921.25,109.9275824875,"[""ALL"", ""LOW""]"
2025-04-09,2025-04-03 10:00:00+05:30,validation,buy_call,-12456.697768535001,-12471.296652802503,-12427.500000000002,29.197768535,"[""ALL"", ""NORMAL""]"
2025-04-09,2025-04-03 10:00:00+05:30,validation,sell_put,-51711.0875724275,-51746.00635864125,-51641.25,69.8375724275,"[""ALL"", ""NORMAL""]"
2025-04-09,2025-04-03 10:00:00+05:30,validation,bull_condor,-476.5951065349991,-538.6426598024991,-352.4999999999991,124.09510653499999,"[""ALL"", ""NORMAL""]"
2025-04-09,2025-04-03 10:00:00+05:30,validation,bull_butterfly,-133.40871074999998,-185.113066125,-30.0,103.40871074999998,"[""ALL"", ""NORMAL""]"
2025-04-09,2025-04-03 10:00:00+05:30,validation,range_forward,-59876.580877825,-59923.6213167375,-59782.5,94.08087782500002,"[""ALL"", ""NORMAL""]"
2025-04-09,2025-04-03 10:00:00+05:30,validation,buy_put,51506.3276900725,51446.36653510875,51626.25,119.92230992750001,"[""ALL"", ""NORMAL""]"
2025-04-09,2025-04-03 10:00:00+05:30,validation,sell_call,12371.254831465,12350.6322471975,12412.5,41.245168535,"[""ALL"", ""NORMAL""]"
2025-04-09,2025-04-03 10:00:00+05:30,validation,bear_condor,-506.85865502748544,-672.1629825412356,-176.24999999998545,330.6086550275,"[""ALL"", ""NORMAL""]"
2025-04-09,2025-04-03 10:00:00+05:30,validation,bear_butterfly,-436.3914455699855,-594.5871683549856,-119.99999999998545,316.39144557000003,"[""ALL"", ""NORMAL""]"
2025-04-09,2025-04-03 10:00:00+05:30,validation,risk_reversal,59600.444647175005,59524.416970762504,59752.50000000001,152.055352825,"[""ALL"", ""NORMAL""]"
2025-04-09,2025-04-03 10:00:00+05:30,validation,batman,-37836.20251848499,-37981.803777727495,-37544.99999999999,291.202518485,"[""ALL"", ""NORMAL""]"
2025-04-09,2025-04-03 10:00:00+05:30,validation,jade_lizard,-47940.3939617625,-48006.21594264375,-47808.75,131.6439617625,"[""ALL"", ""NORMAL""]"
2025-04-09,2025-04-03 10:00:00+05:30,validation,reverse_jade_lizard,7689.330092032507,7583.370138048757,7901.250000000007,211.91990796750002,"[""ALL"", ""NORMAL""]"
2025-04-09,2025-04-03 10:00:00+05:30,validation,long_iron_condor,1400.6705718400083,1283.5058577600082,1635.0000000000082,234.32942816,"[""ALL"", ""NORMAL""]"
2025-04-09,2025-04-03 10:00:00+05:30,validation,long_iron_butterfly,648.9384074575,525.28261118625,896.25,247.31159254250002,"[""ALL"", ""NORMAL""]"
2025-04-09,2025-04-03 10:00:00+05:30,validation,double_plateau,-569.8001563199855,-779.7002344799856,-149.99999999998545,419.80015632000004,"[""ALL"", ""NORMAL""]"
2025-04-09,2025-04-03 10:00:00+05:30,validation,strip,90579.55761161,90456.836417415,90825.0,245.44238839,"[""ALL"", ""NORMAL""]"
2025-04-09,2025-04-03 10:00:00+05:30,validation,strap,26616.532153002496,26539.173229503747,26771.249999999996,154.71784699750003,"[""ALL"", ""NORMAL""]"
2025-04-09,2025-04-03 10:00:00+05:30,validation,long_synthetic_future,-64167.7853409625,-64217.30301144375,-64068.75,99.0353409625,"[""ALL"", ""NORMAL""]"
2025-04-09,2025-04-03 10:00:00+05:30,validation,short_synthetic_future,63877.5825215375,63796.99878230625,64038.75,161.16747846250001,"[""ALL"", ""NORMAL""]"
2025-04-17,2025-04-09 10:00:00+05:30,validation,buy_call,84572.3093120875,84477.83896813125,84761.25,188.94068791249998,"[""ALL"", ""FALLING"", ""NORMAL""]"
2025-04-17,2025-04-09 10:00:00+05:30,validation,sell_put,22605.4471585075,22577.54573776125,22661.25,55.8028414925,"[""ALL"", ""FALLING"", ""NORMAL""]"
2025-04-17,2025-04-09 10:00:00+05:30,validation,bull_condor,-695.66833682,-964.7525052300001,-157.5,538.16833682,"[""ALL"", ""FALLING"", ""NORMAL""]"
2025-04-17,2025-04-09 10:00:00+05:30,validation,bull_butterfly,-880.9754690025001,-1143.33820350375,-356.25,524.7254690025001,"[""ALL"", ""FALLING"", ""NORMAL""]"
2025-04-17,2025-04-09 10:00:00+05:30,validation,range_forward,103702.6732576925,103584.63488653876,103938.75,236.07674230749996,"[""ALL"", ""FALLING"", ""NORMAL""]"
2025-04-17,2025-04-09 10:00:00+05:30,validation,buy_put,-22710.064153992498,-22726.97123098875,-22676.25,33.814153992499996,"[""ALL"", ""FALLING"", ""NORMAL""]"
2025-04-17,2025-04-09 10:00:00+05:30,validation,sell_call,-84882.9650004125,-84936.32250061876,-84776.25,106.7150004125,"[""ALL"", ""FALLING"", ""NORMAL""]"
2025-04-17,2025-04-09 10:00:00+05:30,validation,bear_condor,-108.91363103750365,-191.49544655625365,56.24999999999636,165.1636310375,"[""ALL"", ""FALLING"", ""NORMAL""]"
2025-04-17,2025-04-09 10:00:00+05:30,validation,bear_butterfly,-222.78785934750726,-294.80678902125726,-78.75000000000728,144.0378593475,"[""ALL"", ""FALLING"", ""NORMAL""]"
2025-04-17,2025-04-09 10:00:00+05:30,validation,risk_reversal,-104103.99160480748,-104171.61240721123,-103968.74999999999,135.24160480749998,"[""ALL"", ""FALLING"", ""NORMAL""]"
2025-04-17,2025-04-09 10:00:00+05:30,validation,batman,-61865.511174972504,-62098.891762458756,-61398.75000000001,466.7611749725,"[""ALL"", ""FALLING"", ""NORMAL""]"
2025-04-17,2025-04-09 10:00:00+05:30,validation,jade_lizard,18811.66988528253,18645.629827923778,19143.75000000003,332.08011471749995,"[""ALL"", ""FALLING"", ""NORMAL""]"
2025-04-17,2025-04-09 10:00:00+05:30,validation,reverse_jade_lizard,-81922.93258622999,-82016.89887934498,-81734.99999999999,187.93258623,"[""ALL"", ""FALLING"", ""NORMAL""]"
2025-04-17,2025-04-09 10:00:00+05:30,validation,long_iron_condor,803.8350043150147,624.5025064725146,1162.5000000000146,358.66499568499995,"[""ALL"", ""FALLING"", ""NORMAL""]"
2025-04-17,2025-04-09 10:00:00+05:30,validation,long_iron_butterfly,-105.60841852250007,-291.53762778374994,266.25,371.8584185225001,"[""ALL"", ""FALLING"", ""NORMAL""]"
2025-04-17,2025-04-09 10:00:00+05:30,validation,double_plateau,-942.6722157825,-1277.13332367375,-273.75,668.9222157825,"[""ALL"", ""FALLING"", ""NORMAL""]"
2025-04-17,2025-04-09 10:00:00+05:30,validation,strip,39142.07894375,39025.618415625,39375.0,232.92105625,"[""ALL"", ""FALLING"", ""NORMAL""]"
2025-04-17,2025-04-09 10:00:00+05:30,validation,strap,146390.7503494775,146196.75052421624,146778.75,387.9996505225,"[""ALL"", ""FALLING"", ""NORMAL""]"
2025-04-17,2025-04-09 10:00:00+05:30,validation,long_synthetic_future,107144.0544102425,107021.70661536376,107388.75,244.6955897575,"[""ALL"", ""FALLING"", ""NORMAL""]"
2025-04-17,2025-04-09 10:00:00+05:30,validation,short_synthetic_future,-107559.26395225749,-107629.52092838624,-107418.74999999999,140.5139522575,"[""ALL"", ""FALLING"", ""NORMAL""]"
2025-04-24,2025-04-17 10:00:00+05:30,validation,buy_call,48385.5186751675,48325.15301275125,48506.25,120.73132483250001,"[""ALL"", ""NORMAL""]"
2025-04-24,2025-04-17 10:00:00+05:30,validation,sell_put,13760.528652662499,13738.917978993748,13803.749999999998,43.2213473375,"[""ALL"", ""NORMAL""]"
2025-04-24,2025-04-17 10:00:00+05:30,validation,bull_condor,-678.3453767074855,-846.8930650612355,-341.24999999998545,337.0953767075,"[""ALL"", ""NORMAL""]"
2025-04-24,2025-04-17 10:00:00+05:30,validation,bull_butterfly,-368.4295440599855,-530.1443160899855,-44.99999999998545,323.42954406000007,"[""ALL"", ""NORMAL""]"
2025-04-24,2025-04-17 10:00:00+05:30,validation,range_forward,58689.60329273,58611.904939095,58845.0,155.39670727000004,"[""ALL"", ""NORMAL""]"
2025-04-24,2025-04-17 10:00:00+05:30,validation,buy_put,-13848.5744348375,-13863.48665225625,-13818.75,29.824434837499997,"[""ALL"", ""NORMAL""]"
2025-04-24,2025-04-17 10:00:00+05:30,validation,sell_call,-48594.922987332495,-48631.75948099874,-48521.24999999999,73.6729873325,"[""ALL"", ""NORMAL""]"
2025-04-24,2025-04-17 10:00:00+05:30,validation,bear_condor,-357.505692485,-423.7585387275,-225.0,132.505692485,"[""ALL"", ""NORMAL""]"
2025-04-24,2025-04-17 10:00:00+05:30,validation,bear_butterfly,-220.08690680249998,-275.75536020375,-108.75,111.3369068025,"[""ALL"", ""NORMAL""]"
2025-04-24,2025-04-17 10:00:00+05:30,validation,risk_reversal,-58973.30250727,-59022.453760905,-58875.0,98.30250727,"[""ALL"", ""NORMAL""]"
2025-04-24,2025-04-17 10:00:00+05:30,validation,batman,-33446.656025195,-33598.7340377925,-33142.5,304.156025195,"[""ALL"", ""NORMAL""]"
2025-04-24,2025-04-17 10:00:00+05:30,validation,jade_lizard,9921.66583236,9812.49874854,10140.0,218.33416764,"[""ALL"", ""NORMAL""]"
2025-04-24,2025-04-17 10:00:00+05:30,validation,reverse_jade_lizard,-45389.8872683625,-45459.20590254375,-45251.25,138.6372683625,"[""ALL"", ""NORMAL""]"
2025-04-24,2025-04-17 10:00:00+05:30,validation,long_iron_condor,1216.7431201825073,1095.7396802737571,1458.7500000000073,242.0068798175,"[""ALL"", ""NORMAL""]"
2025-04-24,2025-04-17 10:00:00+05:30,validation,long_iron_butterfly,664.2854563675,537.0531845512501,918.75,254.46454363249998,"[""ALL"", ""NORMAL""]"
2025-04-24,2025-04-17 10:00:00+05:30,validation,double_plateau,-588.5164508624855,-805.8996762937356,-153.74999999998545,434.7664508625,"[""ALL"", ""NORMAL""]"
2025-04-24,2025-04-17 10:00:00+05:30,validation,strip,20711.9698054925,20633.57970823875,20868.75,156.7801945075,"[""ALL"", ""NORMAL""]"
2025-04-24,2025-04-17 10:00:00+05:30,validation,strap,82946.0629154975,82822.21937324625,83193.75,247.68708450250003,"[""ALL"", ""NORMAL""]"
2025-04-24,2025-04-17 10:00:00+05:30,validation,long_synthetic_future,62146.04732783,62064.070991745,62310.0,163.95267217,"[""ALL"", ""NORMAL""]"
2025-04-24,2025-04-17 10:00:00+05:30,validation,short_synthetic_future,-62443.497422169996,-62495.246133254994,-62339.99999999999,103.49742217000001,"[""ALL"", ""NORMAL""]"
2025-04-30,2025-04-24 10:00:00+05:30,validation,buy_call,-11069.1252396425,-11089.31285946375,-11028.75,40.375239642500006,"[""ALL"", ""NORMAL""]"
2025-04-30,2025-04-24 10:00:00+05:30,validation,sell_put,12184.00713133,12163.510696995,12225.0,40.99286867,"[""ALL"", ""NORMAL""]"
2025-04-30,2025-04-24 10:00:00+05:30,validation,bull_condor,2056.3809549175,1983.94643237625,2201.25,144.8690450825,"[""ALL"", ""NORMAL""]"
2025-04-30,2025-04-24 10:00:00+05:30,validation,bull_butterfly,2283.075562365,2220.8633435475,2407.5,124.42443763499999,"[""ALL"", ""NORMAL""]"
2025-04-30,2025-04-24 10:00:00+05:30,validation,range_forward,-2056.700368412504,-2093.1755526187535,-1983.7500000000036,72.9503684125,"[""ALL"", ""NORMAL""]"
2025-04-30,2025-04-24 10:00:00+05:30,validation,buy_put,-12269.127343670001,-12283.691015505003,-12240.000000000002,29.12734367,"[""ALL"", ""NORMAL""]"
2025-04-30,2025-04-24 10:00:00+05:30,validation,sell_call,10962.6841478575,10937.15122178625,11013.75,51.0658521425,"[""ALL"", ""NORMAL""]"
2025-04-30,2025-04-24 10:00:00+05:30,validation,bear_condor,-513.7138395725,-577.44575935875,-386.25,127.46383957249999,"[""ALL"", ""NORMAL""]"
2025-04-30,2025-04-24 10:00:00+05:30,validation,bear_butterfly,-259.77520253249907,-312.7878037987491,-153.7499999999991,106.0252025325,"[""ALL"", ""NORMAL""]"
2025-04-30,2025-04-24 10:00:00+05:30,validation,risk_reversal,1878.8899440875,1841.4599161312499,1953.75,74.8600559125,"[""ALL"", ""NORMAL""]"
2025-04-30,2025-04-24 10:00:00+05:30,validation,batman,21811.8745172275,21724.68677584125,21986.25,174.3754827725,"[""ALL"", ""NORMAL""]"
2025-04-30,2025-04-24 10:00:00+05:30,validation,jade_lizard,9893.8390991475,9836.38364872125,10008.75,114.91090085249999,"[""ALL"", ""NORMAL""]"
2025-04-30,2025-04-24 10:00:00+05:30,validation,reverse_jade_lizard,13904.394776445,13847.8421646675,14017.5,113.105223555,"[""ALL"", ""NORMAL""]"
2025-04-30,2025-04-24 10:00:00+05:30,validation,long_iron_condor,-3869.025313827502,-3937.9129707412517,-3731.250000000002,137.77531382749999,"[""ALL"", ""NORMAL""]"
2025-04-30,2025-04-24 10:00:00+05:30,validation,long_iron_butterfly,-666.56834264,-741.10251396,-517.5,149.06834264,"[""ALL"", ""NORMAL""]"
2025-04-30,2025-04-24 10:00:00+05:30,validation,double_plateau,2019.51359193,1904.270387895,2250.0,230.48640807,"[""ALL"", ""NORMAL""]"
2025-04-30,2025-04-24 10:00:00+05:30,validation,strip,-35583.7799269825,-35621.29489047375,-35508.75,75.0299269825,"[""ALL"", ""NORMAL""]"
2025-04-30,2025-04-24 10:00:00+05:30,validation,strap,-34383.777822955,-34426.9167344325,-34297.5,86.27782295499999,"[""ALL"", ""NORMAL""]"
2025-04-30,2025-04-24 10:00:00+05:30,validation,long_synthetic_future,1114.8818916875,1074.1978375312501,1196.25,81.3681083125,"[""ALL"", ""NORMAL""]"
2025-04-30,2025-04-24 10:00:00+05:30,validation,short_synthetic_future,-1306.443195812502,-1346.5397937187518,-1226.2500000000018,80.1931958125,"[""ALL"", ""NORMAL""]"
2025-05-08,2025-05-02 10:00:00+05:30,validation,buy_call,-15574.3584492425,-15589.66267386375,-15543.75,30.608449242500004,"[""ALL"", ""NORMAL""]"
2025-05-08,2025-05-02 10:00:00+05:30,validation,sell_put,-11370.773976560002,-11397.410964840003,-11317.500000000002,53.27397656,"[""ALL"", ""NORMAL""]"
2025-05-08,2025-05-02 10:00:00+05:30,validation,bull_condor,-531.43041731,-598.3956259649999,-397.5,133.93041731000002,"[""ALL"", ""NORMAL""]"
2025-05-08,2025-05-02 10:00:00+05:30,validation,bull_butterfly,-293.57194729500003,-350.35792094249996,-180.0,113.57194729500002,"[""ALL"", ""NORMAL""]"
2025-05-08,2025-05-02 10:00:00+05:30,validation,range_forward,-22470.445983167505,-22510.043974751254,-22391.250000000004,79.1959831675,"[""ALL"", ""NORMAL""]"
2025-05-08,2025-05-02 10:00:00+05:30,validation,buy_put,11238.25532344,11206.13298516,11302.5,64.24467656,"[""ALL"", ""NORMAL""]"
2025-05-08,2025-05-02 10:00:00+05:30,validation,sell_call,15483.071388257498,15460.232082386248,15528.749999999998,45.6786117425,"[""ALL"", ""NORMAL""]"
2025-05-08,2025-05-02 10:00:00+05:30,validation,bear_condor,-487.90781349500224,-581.8617202425023,-300.0000000000023,187.90781349499997,"[""ALL"", ""NORMAL""]"
2025-05-08,2025-05-02 10:00:00+05:30,validation,bear_butterfly,-334.62982878750455,-421.3197431812545,-161.25000000000455,173.3798287875,"[""ALL"", ""NORMAL""]"
2025-05-08,2025-05-02 10:00:00+05:30,validation,risk_reversal,22260.3490543325,22209.89858149875,22361.25,100.9009456675,"[""ALL"", ""NORMAL""]"
2025-05-08,2025-05-02 10:00:00+05:30,validation,batman,5213.777528102496,5107.541292153746,5426.249999999996,212.47247189749996,"[""ALL"", ""NORMAL""]"
2025-05-08,2025-05-02 10:00:00+05:30,validation,jade_lizard,-7242.129912277507,-7302.569868416257,-7121.250000000007,120.87991227749998,"[""ALL"", ""NORMAL""]"
2025-05-08,2025-05-02 10:00:00+05:30,validation,reverse_jade_lizard,10659.239920327493,10586.984880491244,10803.749999999993,144.51007967249998,"[""ALL"", ""NORMAL""]"
2025-05-08,2025-05-02 10:00:00+05:30,validation,long_iron_condor,1245.7320501475,1161.72307522125,1413.75,168.0179498525,"[""ALL"", ""NORMAL""]"
2025-05-08,2025-05-02 10:00:00+05:30,validation,long_iron_butterfly,453.03999858249813,362.68499787374816,633.7499999999982,180.71000141750002,"[""ALL"", ""NORMAL""]"
2025-05-08,2025-05-02 10:00:00+05:30,validation,double_plateau,-628.2017760825036,-771.6776641237536,-341.25000000000364,286.9517760825,"[""ALL"", ""NORMAL""]"
2025-05-08,2025-05-02 10:00:00+05:30,validation,strip,6925.7521976375,6858.00329645625,7061.25,135.49780236249998,"[""ALL"", ""NORMAL""]"
2025-05-08,2025-05-02 10:00:00+05:30,validation,strap,-19886.861575045,-19937.7923625675,-19785.0,101.861575045,"[""ALL"", ""NORMAL""]"
2025-05-08,2025-05-02 10:00:00+05:30,validation,long_synthetic_future,-26945.1324258025,-26987.07363870375,-26861.25,83.8824258025,"[""ALL"", ""NORMAL""]"
2025-05-08,2025-05-02 10:00:00+05:30,validation,short_synthetic_future,26721.3267116975,26666.36506754625,26831.25,109.9232883025,"[""ALL"", ""NORMAL""]"
2025-05-15,2025-05-09 10:00:00+05:30,validation,buy_call,60991.180225187505,60918.64533778126,61136.25000000001,145.0697748125,"[""ALL"", ""HIGH"", ""HIGH_RISING"", ""RISING"", ""SPIKE""]"
2025-05-15,2025-05-09 10:00:00+05:30,validation,sell_put,19257.7091634925,19232.18874523875,19308.75,51.040836507499996,"[""ALL"", ""HIGH"", ""HIGH_RISING"", ""RISING"", ""SPIKE""]"
2025-05-15,2025-05-09 10:00:00+05:30,validation,bull_condor,-880.1558181649855,-1083.9837272474856,-472.49999999998545,407.655818165,"[""ALL"", ""HIGH"", ""HIGH_RISING"", ""RISING"", ""SPIKE""]"
2025-05-15,2025-05-09 10:00:00+05:30,validation,bull_butterfly,-817.9707357674854,-1015.0811036512355,-423.74999999998545,394.2207357675,"[""ALL"", ""HIGH"", ""HIGH_RISING"", ""RISING"", ""SPIKE""]"
2025-05-15,2025-05-09 10:00:00+05:30,validation,range_forward,77013.7879963475,76920.05699452125,77201.25,187.4620036525,"[""ALL"", ""HIGH"", ""HIGH_RISING"", ""RISING"", ""SPIKE""]"
2025-05-15,2025-05-09 10:00:00+05:30,validation,buy_put,-19356.054074007505,-19372.206111011255,-19323.750000000004,32.304074007500006,"[""ALL"", ""HIGH"", ""HIGH_RISING"", ""RISING"", ""SPIKE""]"
2025-05-15,2025-05-09 10:00:00+05:30,validation,sell_call,-61237.010337312495,-61279.890505968746,-61151.24999999999,85.7603373125,"[""ALL"", ""HIGH"", ""HIGH_RISING"", ""RISING"", ""SPIKE""]"
2025-05-15,2025-05-09 10:00:00+05:30,validation,bear_condor,-417.115196255,-494.4227943825,-262.5,154.61519625500003,"[""ALL"", ""HIGH"", ""HIGH_RISING"", ""RISING"", ""SPIKE""]"
2025-05-15,2025-05-09 10:00:00+05:30,validation,bear_butterfly,-234.2832587625,-300.79988814375,-101.25,133.0332587625,"[""ALL"", ""HIGH"", ""HIGH_RISING"", ""RISING"", ""SPIKE""]"
2025-05-15,2025-05-09 10:00:00+05:30,validation,risk_reversal,-77343.8122411525,-77400.09336172875,-77231.25,112.56224115250001,"[""ALL"", ""HIGH"", ""HIGH_RISING"", ""RISING"", ""SPIKE""]"
2025-05-15,2025-05-09 10:00:00+05:30,validation,batman,-41301.52294063249,-41486.659410948734,-40931.249999999985,370.27294063249997,"[""ALL"", ""HIGH"", ""HIGH_RISING"", ""RISING"", ""SPIKE""]"
2025-05-15,2025-05-09 10:00:00+05:30,validation,jade_lizard,15978.854925442507,15847.657388163758,16241.250000000007,262.3950745575,"[""ALL"", ""HIGH"", ""HIGH_RISING"", ""RISING"", ""SPIKE""]"
2025-05-15,2025-05-09 10:00:00+05:30,validation,reverse_jade_lizard,-58402.17631998749,-58482.63947998124,-58241.24999999999,160.92631998749997,"[""ALL"", ""HIGH"", ""HIGH_RISING"", ""RISING"", ""SPIKE""]"
2025-05-15,2025-05-09 10:00:00+05:30,validation,long_iron_condor,859.5400424500001,715.560063675,1147.5,287.95995754999996,"[""ALL"", ""HIGH"", ""HIGH_RISING"", ""RISING"", ""SPIKE""]"
2025-05-15,2025-05-09 10:00:00+05:30,validation,long_iron_butterfly,253.98343894000726,103.47515841000728,555.0000000000073,301.01656106,"[""ALL"", ""HIGH"", ""HIGH_RISING"", ""RISING"", ""SPIKE""]"
2025-05-15,2025-05-09 10:00:00+05:30,validation,double_plateau,-1052.2539945299854,-1315.8809917949854,-524.9999999999854,527.25399453,"[""ALL"", ""HIGH"", ""HIGH_RISING"", ""RISING"", ""SPIKE""]"
2025-05-15,2025-05-09 10:00:00+05:30,validation,strip,22302.6720771725,22209.63311575875,22488.75,186.07792282749998,"[""ALL"", ""HIGH"", ""HIGH_RISING"", ""RISING"", ""SPIKE""]"
2025-05-15,2025-05-09 10:00:00+05:30,validation,strap,102649.90637636751,102500.48456455127,102948.75000000001,298.8436236325,"[""ALL"", ""HIGH"", ""HIGH_RISING"", ""RISING"", ""SPIKE""]"
2025-05-15,2025-05-09 10:00:00+05:30,validation,long_synthetic_future,80248.88938868,80150.83408302,80445.0,196.11061132,"[""ALL"", ""HIGH"", ""HIGH_RISING"", ""RISING"", ""SPIKE""]"
2025-05-15,2025-05-09 10:00:00+05:30,validation,short_synthetic_future,-80593.06441132,-80652.09661698,-80475.0,118.06441132,"[""ALL"", ""HIGH"", ""HIGH_RISING"", ""RISING"", ""SPIKE""]"
2025-05-22,2025-05-16 10:00:00+05:30,validation,buy_call,-14118.696052017502,-14133.669078026252,-14088.750000000002,29.9460520175,"[""ALL"", ""NORMAL""]"
2025-05-22,2025-05-16 10:00:00+05:30,validation,sell_put,-15330.524866047503,-15358.912299071251,-15273.750000000002,56.7748660475,"[""ALL"", ""NORMAL""]"
2025-05-22,2025-05-16 10:00:00+05:30,validation,bull_condor,-465.09095156750004,-530.7614273512501,-333.75,131.3409515675,"[""ALL"", ""NORMAL""]"
2025-05-22,2025-05-16 10:00:00+05:30,validation,bull_butterfly,-260.45045481,-315.675682215,-150.0,110.45045481000001,"[""ALL"", ""NORMAL""]"
2025-05-22,2025-05-16 10:00:00+05:30,validation,range_forward,-25428.0538830475,-25468.95582457125,-25346.25,81.8038830475,"[""ALL"", ""NORMAL""]"
2025-05-22,2025-05-16 10:00:00+05:30,validation,buy_put,15187.1668714525,15151.37530717875,15258.75,71.5831285475,"[""ALL"", ""NORMAL""]"
2025-05-22,2025-05-16 10:00:00+05:30,validation,sell_call,14030.1451354825,14008.34270322375,14073.75,43.604864517500005,"[""ALL"", ""NORMAL""]"
2025-05-22,2025-05-16 10:00:00+05:30,validation,bear_condor,-540.9032000975037,-644.4798001462536,-333.75000000000364,207.15320009750002,"[""ALL"", ""NORMAL""]"
2025-05-22,2025-05-16 10:00:00+05:30,validation,bear_butterfly,-474.2648530725055,-570.7722796087554,-281.25000000000546,193.01485307250002,"[""ALL"", ""NORMAL""]"
2025-05-22,2025-05-16 10:00:00+05:30,validation,risk_reversal,25209.8748044525,25156.68720667875,25316.25,106.3751955475,"[""ALL"", ""NORMAL""]"
2025-05-22,2025-05-16 10:00:00+05:30,validation,batman,-46.05902947250365,-157.21354420875366,176.24999999999636,222.30902947250001,"[""ALL"", ""NORMAL""]"
2025-05-22,2025-05-16 10:00:00+05:30,validation,jade_lizard,-11671.99780248,-11732.99670372,-11550.0,121.99780248000002,"[""ALL"", ""NORMAL""]"
2025-05-22,2025-05-16 10:00:00+05:30,validation,reverse_jade_lizard,9818.156500672498,9741.609751008747,9971.249999999998,153.09349932749998,"[""ALL"", ""NORMAL""]"
2025-05-22,2025-05-16 10:00:00+05:30,validation,long_iron_condor,1334.9693135424982,1246.8289703137482,1511.2499999999982,176.2806864575,"[""ALL"", ""NORMAL""]"
2025-05-22,2025-05-16 10:00:00+05:30,validation,long_iron_butterfly,602.2411462224964,507.7367193337464,791.2499999999964,189.0088537775,"[""ALL"", ""NORMAL""]"
2025-05-22,2025-05-16 10:00:00+05:30,validation,double_plateau,-734.7153078825054,-886.4479618237553,-431.25000000000546,303.4653078825,"[""ALL"", ""NORMAL""]"
2025-05-22,2025-05-16 10:00:00+05:30,validation,strip,16279.2376908875,16204.48153633125,16428.75,149.51230911250002,"[""ALL"", ""NORMAL""]"
2025-05-22,2025-05-16 10:00:00+05:30,validation,strap,-13026.625232582504,-13080.562848873753,-12918.750000000004,107.87523258250002,"[""ALL"", ""NORMAL""]"
2025-05-22,2025-05-16 10:00:00+05:30,validation,long_synthetic_future,-29449.220918065002,-29492.581377097504,-29362.500000000004,86.72091806499999,"[""ALL"", ""NORMAL""]"
2025-05-22,2025-05-16 10:00:00+05:30,validation,short_synthetic_future,29217.312006935,29159.7180104025,29332.5,115.187993065,"[""ALL"", ""NORMAL""]"
2025-05-29,2025-05-23 10:00:00+05:30,validation,buy_call,-13560.643238742501,-13577.839858113752,-13526.250000000002,34.3932387425,"[""ALL"", ""NORMAL""]"
2025-05-29,2025-05-23 10:00:00+05:30,validation,sell_put,14318.484985165,14296.4774777475,14362.5,44.015014834999995,"[""ALL"", ""NORMAL""]"
2025-05-29,2025-05-23 10:00:00+05:30,validation,bull_condor,-534.8751530150018,-603.5627295225017,-397.5000000000018,137.37515301500002,"[""ALL"", ""NORMAL""]"
2025-05-29,2025-05-23 10:00:00+05:30,validation,bull_butterfly,-349.245669075,-407.61850361250004,-232.5,116.74566907500001,"[""ALL"", ""NORMAL""]"
2025-05-29,2025-05-23 10:00:00+05:30,validation,range_forward,-1414.15125889,-1449.976888335,-1342.5,71.65125889,"[""ALL"", ""NORMAL""]"
2025-05-29,2025-05-23 10:00:00+05:30,validation,buy_put,-14407.576114835001,-14422.614172252503,-14377.500000000002,30.076114835,"[""ALL"", ""NORMAL""]"
2025-05-29,2025-05-23 10:00:00+05:30,validation,sell_call,13463.7435737575,13439.99036063625,13511.25,47.506426242500005,"[""ALL"", ""NORMAL""]"
2025-05-29,2025-05-23 10:00:00+05:30,validation,bear_condor,-430.42947257749995,-497.51920886625,-296.25,134.17947257749998,"[""ALL"", ""NORMAL""]"
2025-05-29,2025-05-23 10:00:00+05:30,validation,bear_butterfly,-263.04628416000185,-319.5694262400018,-150.00000000000182,113.04628416000003,"[""ALL"", ""NORMAL""]"
2025-05-29,2025-05-23 10:00:00+05:30,validation,risk_reversal,1239.5610661099981,1203.0915991649981,1312.4999999999982,72.93893388999999,"[""ALL"", ""NORMAL""]"
2025-05-29,2025-05-23 10:00:00+05:30,validation,batman,20001.66784372,19915.00176558,20175.0,173.33215628,"[""ALL"", ""NORMAL""]"
2025-05-29,2025-05-23 10:00:00+05:30,validation,jade_lizard,14435.570119185,14378.3551787775,14550.0,114.42988081499999,"[""ALL"", ""NORMAL""]"
2025-05-29,2025-05-23 10:00:00+05:30,validation,reverse_jade_lizard,15411.01630809,15354.024462135,15525.0,113.98369190999999,"[""ALL"", ""NORMAL""]"
2025-05-29,2025-05-23 10:00:00+05:30,validation,long_iron_condor,-6443.173418345002,-6511.010127517502,-6307.500000000002,135.673418345,"[""ALL"", ""NORMAL""]"
2025-05-29,2025-05-23 10:00:00+05:30,validation,long_iron_butterfly,-4543.841733522504,-4616.387600283753,-4398.750000000004,145.09173352250002,"[""ALL"", ""NORMAL""]"
2025-05-29,2025-05-23 10:00:00+05:30,validation,double_plateau,-612.2919532350019,-727.1879298525018,-382.5000000000018,229.79195323500002,"[""ALL"", ""NORMAL""]"
2025-05-29,2025-05-23 10:00:00+05:30,validation,strip,-42352.19546841251,-42387.668202618755,-42281.25000000001,70.9454684125,"[""ALL"", ""NORMAL""]"
2025-05-29,2025-05-23 10:00:00+05:30,validation,strap,-41505.26259232001,-41542.89388848001,-41430.00000000001,75.26259231999998,"[""ALL"", ""NORMAL""]"
2025-05-29,2025-05-23 10:00:00+05:30,validation,long_synthetic_future,757.8417464224982,718.6376196337482,836.2499999999982,78.40825357750002,"[""ALL"", ""NORMAL""]"
2025-05-29,2025-05-23 10:00:00+05:30,validation,short_synthetic_future,-943.8325410775018,-982.6238116162518,-866.2500000000018,77.58254107750001,"[""ALL"", ""NORMAL""]"
2025-06-05,2025-05-30 10:00:00+05:30,validation,buy_call,-16726.11999563,-16741.679993445,-16695.0,31.11999563,"[""ALL"", ""FALLING"", ""NORMAL""]"
2025-06-05,2025-05-30 10:00:00+05:30,validation,sell_put,10286.0997013375,10263.52455200625,10331.25,45.1502986625,"[""ALL"", ""FALLING"", ""NORMAL""]"
2025-06-05,2025-05-30 10:00:00+05:30,validation,bull_condor,-455.6564443250018,-525.9846664875018,-315.0000000000018,140.656444325,"[""ALL"", ""FALLING"", ""NORMAL""]"
2025-06-05,2025-05-30 10:00:00+05:30,validation,bull_butterfly,-247.425620805,-307.38843120750005,-127.5,119.92562080499998,"[""ALL"", ""FALLING"", ""NORMAL""]"
2025-06-05,2025-05-30 10:00:00+05:30,validation,range_forward,-2591.31870706,-2626.97806059,-2520.0,71.31870706,"[""ALL"", ""FALLING"", ""NORMAL""]"
2025-06-05,2025-05-30 10:00:00+05:30,validation,buy_put,-10381.371711162501,-10398.932566743752,-10346.250000000002,35.1217111625,"[""ALL"", ""FALLING"", ""NORMAL""]"
2025-06-05,2025-05-30 10:00:00+05:30,validation,sell_call,16632.69312937,16609.039694055,16680.0,47.30687063,"[""ALL"", ""FALLING"", ""NORMAL""]"
2025-06-05,2025-05-30 10:00:00+05:30,validation,bear_condor,-432.0413564299982,-498.0620346449982,-299.9999999999982,132.04135643,"[""ALL"", ""FALLING"", ""NORMAL""]"
2025-06-05,2025-05-30 10:00:00+05:30,validation,bear_butterfly,-309.75561084749995,-365.25841627125,-198.75,111.00561084749998,"[""ALL"", ""FALLING"", ""NORMAL""]"
2025-06-05,2025-05-30 10:00:00+05:30,validation,risk_reversal,2416.25144294,2379.37716441,2490.0,73.74855706,"[""ALL"", ""FALLING"", ""NORMAL""]"
2025-06-05,2025-05-30 10:00:00+05:30,validation,batman,20375.67214114,20288.50821171,20550.0,174.32785886000002,"[""ALL"", ""FALLING"", ""NORMAL""]"
2025-06-05,2025-05-30 10:00:00+05:30,validation,jade_lizard,13823.574735817498,13765.987103726247,13938.749999999998,115.17526418249999,"[""ALL"", ""FALLING"", ""NORMAL""]"
2025-06-05,2025-05-30 10:00:00+05:30,validation,reverse_jade_lizard,16217.1523991625,16160.10359874375,16331.25,114.09760083749998,"[""ALL"", ""FALLING"", ""NORMAL""]"
2025-06-05,2025-05-30 10:00:00+05:30,validation,long_iron_condor,-6379.9910423525,-6448.11156352875,-6243.75,136.2410423525,"[""ALL"", ""FALLING"", ""NORMAL""]"
2025-06-05,2025-05-30 10:00:00+05:30,validation,long_iron_butterfly,-3368.5545076925,-3442.20676153875,-3221.25,147.30450769250004,"[""ALL"", ""FALLING"", ""NORMAL""]"
2025-06-05,2025-05-30 10:00:00+05:30,validation,double_plateau,-557.1812316525,-672.64684747875,-326.25,230.9312316525,"[""ALL"", ""FALLING"", ""NORMAL""]"
2025-06-05,2025-05-30 10:00:00+05:30,validation,strip,-37465.263417955,-37504.1451269325,-37387.5,77.76341795499998,"[""ALL"", ""FALLING"", ""NORMAL""]"
2025-06-05,2025-05-30 10:00:00+05:30,validation,strap,-43810.0117024225,-43846.89255363375,-43736.25,73.7617024225,"[""ALL"", ""FALLING"", ""NORMAL""]"
2025-06-05,2025-05-30 10:00:00+05:30,validation,long_synthetic_future,-6440.0202942925,-6478.15544143875,-6363.75,76.2702942925,"[""ALL"", ""FALLING"", ""NORMAL""]"
2025-06-05,2025-05-30 10:00:00+05:30,validation,short_synthetic_future,6251.321418207498,6210.107127311248,6333.749999999998,82.4285817925,"[""ALL"", ""FALLING"", ""NORMAL""]"
2025-06-12,2025-06-06 10:00:00+05:30,validation,buy_call,-244.9899001250017,-269.9848501875017,-195.0000000000017,49.989900125,"[""ALL"", ""NORMAL""]"
2025-06-12,2025-06-06 10:00:00+05:30,validation,sell_put,12625.892620795,12605.0889311925,12667.5,41.607379205,"[""ALL"", ""NORMAL""]"
2025-06-12,2025-06-06 10:00:00+05:30,validation,bull_condor,333.0419594124982,257.6879391187482,483.7499999999982,150.70804058749997,"[""ALL"", ""NORMAL""]"
2025-06-12,2025-06-06 10:00:00+05:30,validation,bull_butterfly,-360.6216875250045,-428.4325312875045,-225.00000000000455,135.621687525,"[""ALL"", ""NORMAL""]"
2025-06-12,2025-06-06 10:00:00+05:30,validation,range_forward,8834.404114999998,8792.856172499998,8917.499999999998,83.09588500000001,"[""ALL"", ""NORMAL""]"
2025-06-12,2025-06-06 10:00:00+05:30,validation,buy_put,-12711.812629205002,-12726.468943807502,-12682.500000000002,29.312629205,"[""ALL"", ""NORMAL""]"
2025-06-12,2025-06-06 10:00:00+05:30,validation,sell_call,129.82822487499828,104.7423373124983,179.9999999999983,50.171775124999996,"[""ALL"", ""NORMAL""]"
2025-06-12,2025-06-06 10:00:00+05:30,validation,bear_condor,-491.0984684825009,-554.7727027237509,-363.7500000000009,127.3484684825,"[""ALL"", ""NORMAL""]"
2025-06-12,2025-06-06 10:00:00+05:30,validation,bear_butterfly,-286.24048332000183,-339.3607249800018,-180.00000000000182,106.24048332000001,"[""ALL"", ""NORMAL""]"
2025-06-12,2025-06-06 10:00:00+05:30,validation,risk_reversal,-9021.931360000004,-9059.147040000003,-8947.500000000004,74.43136000000001,"[""ALL"", ""NORMAL""]"
2025-06-12,2025-06-06 10:00:00+05:30,validation,batman,13812.163068309992,13720.744602464993,13994.999999999993,182.83693168999997,"[""ALL"", ""NORMAL""]"
2025-06-12,2025-06-06 10:00:00+05:30,validation,jade_lizard,8794.611752459998,8733.167628689998,8917.499999999998,122.88824754000001,"[""ALL"", ""NORMAL""]"
2025-06-12,2025-06-06 10:00:00+05:30,validation,reverse_jade_lizard,3434.5616979449983,3378.092546917498,3547.499999999998,112.93830205499998,"[""ALL"", ""NORMAL""]"
2025-06-12,2025-06-06 10:00:00+05:30,validation,long_iron_condor,1189.5723883449982,1116.8585825174982,1334.9999999999982,145.427611655,"[""ALL"", ""NORMAL""]"
2025-06-12,2025-06-06 10:00:00+05:30,validation,long_iron_butterfly,479.403466074995,400.35519911249503,637.499999999995,158.096533925,"[""ALL"", ""NORMAL""]"
2025-06-12,2025-06-06 10:00:00+05:30,validation,double_plateau,-646.8621708450064,-767.7932562675064,-405.00000000000637,241.86217084499998,"[""ALL"", ""NORMAL""]"
2025-06-12,2025-06-06 10:00:00+05:30,validation,strip,-25645.015158535003,-25687.522737802505,-25560.000000000004,85.01515853500001,"[""ALL"", ""NORMAL""]"
2025-06-12,2025-06-06 10:00:00+05:30,validation,strap,-13178.192429455006,-13231.038644182505,-13072.500000000005,105.69242945499998,"[""ALL"", ""NORMAL""]"
2025-06-12,2025-06-06 10:00:00+05:30,validation,long_synthetic_future,12380.902720669998,12335.104081004998,12472.499999999998,91.59727933,"[""ALL"", ""NORMAL""]"
2025-06-12,2025-06-06 10:00:00+05:30,validation,short_synthetic_future,-12581.984404330004,-12621.726606495004,-12502.500000000004,79.48440433,"[""ALL"", ""NORMAL""]"
2025-06-19,2025-06-13 10:00:00+05:30,validation,buy_call,-2853.6591685325016,-2876.113752798751,-2808.7500000000014,44.909168532500004,"[""ALL"", ""NORMAL""]"
2025-06-19,2025-06-13 10:00:00+05:30,validation,sell_put,14726.6543827675,14704.35657415125,14771.25,44.5956172325,"[""ALL"", ""NORMAL""]"
2025-06-19,2025-06-13 10:00:00+05:30,validation,bull_condor,3148.229467142496,3077.9692007137464,3288.7499999999964,140.52053285750003,"[""ALL"", ""NORMAL""]"
2025-06-19,2025-06-13 10:00:00+05:30,validation,bull_butterfly,74.12518637999635,13.687779569996394,194.99999999999636,120.87481362000001,"[""ALL"", ""NORMAL""]"
2025-06-19,2025-06-13 10:00:00+05:30,validation,range_forward,8288.993748799998,8248.490623199998,8369.999999999998,81.00625119999998,"[""ALL"", ""NORMAL""]"
2025-06-19,2025-06-13 10:00:00+05:30,validation,buy_put,-14816.5102297325,-14831.64034459875,-14786.25,30.2602297325,"[""ALL"", ""NORMAL""]"
2025-06-19,2025-06-13 10:00:00+05:30,validation,sell_call,2746.123618967498,2722.310428451248,2793.7499999999977,47.62638103250001,"[""ALL"", ""NORMAL""]"
2025-06-19,2025-06-13 10:00:00+05:30,validation,bear_condor,-439.18867097750365,-506.90800646625365,-303.75000000000364,135.43867097749998,"[""ALL"", ""NORMAL""]"
2025-06-19,2025-06-13 10:00:00+05:30,validation,bear_butterfly,-215.60731895250544,-272.78597842875547,-101.25000000000546,114.35731895249998,"[""ALL"", ""NORMAL""]"
2025-06-19,2025-06-13 10:00:00+05:30,validation,risk_reversal,-8472.8728012,-8509.3092018,-8400.0,72.8728012,"[""ALL"", ""NORMAL""]"
2025-06-19,2025-06-13 10:00:00+05:30,validation,batman,18592.881411504994,18503.072117257492,18772.499999999993,179.61858849499998,"[""ALL"", ""NORMAL""]"
2025-06-19,2025-06-13 10:00:00+05:30,validation,jade_lizard,10970.5300444125,10911.42006661875,11088.75,118.2199555875,"[""ALL"", ""NORMAL""]"
2025-06-19,2025-06-13 10:00:00+05:30,validation,reverse_jade_lizard,6028.08563454,5970.87845181,6142.5,114.41436546000001,"[""ALL"", ""NORMAL""]"
2025-06-19,2025-06-13 10:00:00+05:30,validation,long_iron_condor,701.7212422224964,630.7068633337464,843.7499999999964,142.0287577775,"[""ALL"", ""NORMAL""]"
2025-06-19,2025-06-13 10:00:00+05:30,validation,long_iron_butterfly,539.3269955874973,462.11549338124723,693.7499999999973,154.4230044125,"[""ALL"", ""NORMAL""]"
2025-06-19,2025-06-13 10:00:00+05:30,validation,double_plateau,-141.4821325725091,-259.098198858759,93.7499999999909,235.2321325725,"[""ALL"", ""NORMAL""]"
2025-06-19,2025-06-13 10:00:00+05:30,validation,strip,-32463.0796279975,-32503.99444199625,-32381.25,81.8296279975,"[""ALL"", ""NORMAL""]"
2025-06-19,2025-06-13 10:00:00+05:30,validation,strap,-20500.228566797505,-20548.467850196255,-20403.750000000004,96.47856679750001,"[""ALL"", ""NORMAL""]"
2025-06-19,2025-06-13 10:00:00+05:30,validation,long_synthetic_future,11872.995214234998,11828.242821352498,11962.499999999998,89.50478576500001,"[""ALL"", ""NORMAL""]"
2025-06-19,2025-06-13 10:00:00+05:30,validation,short_synthetic_future,-12070.386610765001,-12109.329916147502,-11992.500000000002,77.886610765,"[""ALL"", ""NORMAL""]"
2025-06-26,2025-06-20 10:00:00+05:30,validation,buy_call,39154.5217009825,39102.40755147375,39258.75,104.2282990175,"[""ALL"", ""NORMAL""]"
2025-06-26,2025-06-20 10:00:00+05:30,validation,sell_put,10266.74839612,10247.62259418,10305.0,38.251603880000005,"[""ALL"", ""NORMAL""]"
2025-06-26,2025-06-20 10:00:00+05:30,validation,bull_condor,-1199.2462876624927,-1343.2444314937427,-911.2499999999927,287.9962876625001,"[""ALL"", ""NORMAL""]"
2025-06-26,2025-06-20 10:00:00+05:30,validation,bull_butterfly,-1294.6251328649855,-1431.9376992974853,-1019.9999999999854,274.62513286500007,"[""ALL"", ""NORMAL""]"
2025-06-26,2025-06-20 10:00:00+05:30,validation,range_forward,46111.05073316,46044.07609974,46245.0,133.94926684,"[""ALL"", ""NORMAL""]"
2025-06-26,2025-06-20 10:00:00+05:30,validation,buy_put,-10348.248478880001,-10362.372718320003,-10320.000000000002,28.24847888,"[""ALL"", ""NORMAL""]"
2025-06-26,2025-06-20 10:00:00+05:30,validation,sell_call,-39339.8900365175,-39372.96005477625,-39273.75,66.14003651750001,"[""ALL"", ""NORMAL""]"
2025-06-26,2025-06-20 10:00:00+05:30,validation,bear_condor,-499.2999426425009,-559.574913963751,-378.7500000000009,120.54994264249999,"[""ALL"", ""NORMAL""]"
2025-06-26,2025-06-20 10:00:00+05:30,validation,bear_butterfly,-335.2404822975018,-384.7357234462518,-236.25000000000182,98.9904822975,"[""ALL"", ""NORMAL""]"
2025-06-26,2025-06-20 10:00:00+05:30,validation,risk_reversal,-46364.07706683999,-46408.61560025999,-46274.99999999999,89.07706683999999,"[""ALL"", ""NORMAL""]"
2025-06-26,2025-06-20 10:00:00+05:30,validation,batman,-28633.956391114985,-28764.684586672487,-28372.499999999985,261.45639111500003,"[""ALL"", ""NORMAL""]"
2025-06-26,2025-06-20 10:00:00+05:30,validation,jade_lizard,7148.851745032507,7053.902617548757,7338.750000000007,189.89825496750004,"[""ALL"", ""NORMAL""]"
2025-06-26,2025-06-20 10:00:00+05:30,validation,reverse_jade_lizard,-36252.12839084999,-36314.44258627499,-36127.49999999999,124.62839085,"[""ALL"", ""NORMAL""]"
2025-06-26,2025-06-20 10:00:00+05:30,validation,long_iron_condor,1232.5214966125,1126.9072449187502,1443.75,211.22850338749998,"[""ALL"", ""NORMAL""]"
2025-06-26,2025-06-20 10:00:00+05:30,validation,long_iron_butterfly,233.3883224650073,121.33248369750726,457.5000000000073,224.11167753499998,"[""ALL"", ""NORMAL""]"
2025-06-26,2025-06-20 10:00:00+05:30,validation,double_plateau,-1629.8656151624855,-1816.6734227437355,-1256.2499999999854,373.6156151625,"[""ALL"", ""NORMAL""]"
2025-06-26,2025-06-20 10:00:00+05:30,validation,strip,18481.624743222495,18413.062114833745,18618.749999999996,137.12525677750003,"[""ALL"", ""NORMAL""]"
2025-06-26,2025-06-20 10:00:00+05:30,validation,strap,67984.394923085,67877.8423846275,68197.5,213.105076915,"[""ALL"", ""NORMAL""]"
2025-06-26,2025-06-20 10:00:00+05:30,validation,long_synthetic_future,49421.2700971025,49350.03014565375,49563.75,142.4799028975,"[""ALL"", ""NORMAL""]"
2025-06-26,2025-06-20 10:00:00+05:30,validation,short_synthetic_future,-49688.1385153975,-49735.33277309625,-49593.75,94.38851539749999,"[""ALL"", ""NORMAL""]"
2025-07-03,2025-06-27 10:00:00+05:30,validation,buy_call,-12955.6794382475,-12970.394157371251,-12926.25,29.429438247499995,"[""ALL"", ""LOW""]"
2025-07-03,2025-06-27 10:00:00+05:30,validation,sell_put,304.3510286724983,282.15154300874826,348.7499999999983,44.3989713275,"[""ALL"", ""LOW""]"
2025-07-03,2025-06-27 10:00:00+05:30,validation,bull_condor,-523.5517244449982,-586.5775866674982,-397.4999999999982,126.05172444499999,"[""ALL"", ""LOW""]"
2025-07-03,2025-06-27 10:00:00+05:30,validation,bull_butterfly,-375.249706395,-427.87455959249996,-270.0,105.24970639499999,"[""ALL"", ""LOW""]"
2025-07-03,2025-06-27 10:00:00+05:30,validation,range_forward,-8506.488932695001,-8540.983399042501,-8437.500000000002,68.98893269499999,"[""ALL"", ""LOW""]"
2025-07-03,2025-06-27 10:00:00+05:30,validation,buy_put,-407.8034088275017,-429.8301132412517,-363.7500000000017,44.05340882749999,"[""ALL"", ""LOW""]"
2025-07-03,2025-06-27 10:00:00+05:30,validation,sell_call,12869.289374252498,12848.309061378748,12911.249999999998,41.960625747499996,"[""ALL"", ""LOW""]"
2025-07-03,2025-06-27 10:00:00+05:30,validation,bear_condor,3199.3183647475016,3132.102547121252,3333.750000000002,134.4316352525,"[""ALL"", ""LOW""]"
2025-07-03,2025-06-27 10:00:00+05:30,validation,bear_butterfly,106.6310322225,49.32154833375,221.25,114.6189677775,"[""ALL"", ""LOW""]"
2025-07-03,2025-06-27 10:00:00+05:30,validation,risk_reversal,8330.341242304998,8291.761863457497,8407.499999999998,77.158757695,"[""ALL"", ""LOW""]"
2025-07-03,2025-06-27 10:00:00+05:30,validation,batman,14361.39696442,14278.34544663,14527.5,166.10303558,"[""ALL"", ""LOW""]"
2025-07-03,2025-06-27 10:00:00+05:30,validation,jade_lizard,4152.665495684996,4098.998243527496,4259.999999999996,107.33450431499998,"[""ALL"", ""LOW""]"
2025-07-03,2025-06-27 10:00:00+05:30,validation,reverse_jade_lizard,8479.601368732496,8423.777053098747,8591.249999999996,111.64863126749998,"[""ALL"", ""LOW""]"
2025-07-03,2025-06-27 10:00:00+05:30,validation,long_iron_condor,941.8117787125027,874.5926680687528,1076.2500000000027,134.4382212875,"[""ALL"", ""LOW""]"
2025-07-03,2025-06-27 10:00:00+05:30,validation,long_iron_butterfly,561.8897202324981,488.4595803487482,708.7499999999982,146.8602797675,"[""ALL"", ""LOW""]"
2025-07-03,2025-06-27 10:00:00+05:30,validation,double_plateau,-268.61867417250005,-378.55301125874996,-48.75,219.86867417250002,"[""ALL"", ""LOW""]"
2025-07-03,2025-06-27 10:00:00+05:30,validation,strip,-13747.686255902503,-13794.654383853755,-13653.750000000004,93.9362559025,"[""ALL"", ""LOW""]"
2025-07-03,2025-06-27 10:00:00+05:30,validation,strap,-26295.5622853225,-26335.21842798375,-26216.25,79.3122853225,"[""ALL"", ""LOW""]"
2025-07-03,2025-06-27 10:00:00+05:30,validation,long_synthetic_future,-12651.328409575002,-12688.242614362502,-12577.500000000002,73.828409575,"[""ALL"", ""LOW""]"
2025-07-03,2025-06-27 10:00:00+05:30,validation,short_synthetic_future,12461.485965424996,12418.478948137496,12547.499999999996,86.014034575,"[""ALL"", ""LOW""]"
2025-07-10,2025-07-04 10:00:00+05:30,validation,buy_call,-12501.718038065,-12516.3270570975,-12472.5,29.218038065000002,"[""ALL"", ""LOW""]"
2025-07-10,2025-07-04 10:00:00+05:30,validation,sell_put,6684.313240412499,6664.594860618749,6723.749999999999,39.4367595875,"[""ALL"", ""LOW""]"
2025-07-10,2025-07-04 10:00:00+05:30,validation,bull_condor,-548.361287052499,-610.6669305787491,-423.7499999999991,124.61128705249999,"[""ALL"", ""LOW""]"
2025-07-10,2025-07-04 10:00:00+05:30,validation,bull_butterfly,-332.5569277275,-384.46039159124996,-228.75,103.80692772750001,"[""ALL"", ""LOW""]"
2025-07-10,2025-07-04 10:00:00+05:30,validation,range_forward,-2133.995020435,-2165.9925306525,-2070.0,63.995020435,"[""ALL"", ""LOW""]"
2025-07-10,2025-07-04 10:00:00+05:30,validation,buy_put,-6771.657447087501,-6788.111170631251,-6738.750000000001,32.907447087499996,"[""ALL"", ""LOW""]"
2025-07-10,2025-07-04 10:00:00+05:30,validation,sell_call,12416.190911935,12395.5363679025,12457.5,41.309088065,"[""ALL"", ""LOW""]"
2025-07-10,2025-07-04 10:00:00+05:30,validation,bear_condor,-497.56003540249907,-556.9650531037491,-378.7499999999991,118.81003540249998,"[""ALL"", ""LOW""]"
2025-07-10,2025-07-04 10:00:00+05:30,validation,bear_butterfly,-311.1518026574972,-359.85270398624726,-213.74999999999727,97.40180265749999,"[""ALL"", ""LOW""]"
2025-07-10,2025-07-04 10:00:00+05:30,validation,risk_reversal,1974.011629565,1941.0174443475,2040.0,65.98837043500001,"[""ALL"", ""LOW""]"
2025-07-10,2025-07-04 10:00:00+05:30,validation,batman,12549.409972375002,12475.364958562503,12697.500000000002,148.090027625,"[""ALL"", ""LOW""]"
2025-07-10,2025-07-04 10:00:00+05:30,validation,jade_lizard,10094.4728598225,10043.58428973375,10196.25,101.7771401775,"[""ALL"", ""LOW""]"
2025-07-10,2025-07-04 10:00:00+05:30,validation,reverse_jade_lizard,11805.2431019625,11754.73965294375,11906.25,101.00689803750001,"[""ALL"", ""LOW""]"
2025-07-10,2025-07-04 10:00:00+05:30,validation,long_iron_condor,-6039.120585694999,-6099.930878542499,-5917.499999999999,121.620585695,"[""ALL"", ""LOW""]"
2025-07-10,2025-07-04 10:00:00+05:30,validation,long_iron_butterfly,-3480.6351824975,-3546.57777374625,-3348.75,131.8851824975,"[""ALL"", ""LOW""]"
2025-07-10,2025-07-04 10:00:00+05:30,validation,double_plateau,-643.7087303849963,-744.3130955774964,-442.49999999999636,201.20873038499997,"[""ALL"", ""LOW""]"
2025-07-10,2025-07-04 10:00:00+05:30,validation,strip,-26021.43293224,-26057.14939836,-25950.0,71.43293224,"[""ALL"", ""LOW""]"
2025-07-10,2025-07-04 10:00:00+05:30,validation,strap,-31751.4935232175,-31785.36528482625,-31683.75,67.74352321750001,"[""ALL"", ""LOW""]"
2025-07-10,2025-07-04 10:00:00+05:30,validation,long_synthetic_future,-5817.404797652501,-5851.732196478751,-5748.750000000001,68.65479765250001,"[""ALL"", ""LOW""]"
2025-07-10,2025-07-04 10:00:00+05:30,validation,short_synthetic_future,5644.533464847499,5607.425197271249,5718.749999999999,74.21653515250001,"[""ALL"", ""LOW""]"
2025-07-17,2025-07-11 10:00:00+05:30,validation,buy_call,-9492.86335781,-9506.795036715,-9465.0,27.863357810000004,"[""ALL"", ""LOW""]"
2025-07-17,2025-07-11 10:00:00+05:30,validation,sell_put,-4914.323981187501,-4935.860971781251,-4871.250000000001,43.073981187499996,"[""ALL"", ""LOW""]"
2025-07-17,2025-07-11 10:00:00+05:30,validation,bull_condor,-625.2700725499977,-682.9051088249977,-509.9999999999977,115.27007255000001,"[""ALL"", ""LOW""]"
2025-07-17,2025-07-11 10:00:00+05:30,validation,bull_butterfly,-360.23773049249814,-407.2315957387482,-266.2499999999982,93.98773049249999,"[""ALL"", ""LOW""]"
2025-07-17,2025-07-11 10:00:00+05:30,validation,range_forward,-10626.01615606,-10659.02423409,-10560.0,66.01615606,"[""ALL"", ""LOW""]"
2025-07-17,2025-07-11 10:00:00+05:30,validation,buy_put,4808.4581813125,4784.56227196875,4856.25,47.7918186875,"[""ALL"", ""LOW""]"
2025-07-17,2025-07-11 10:00:00+05:30,validation,sell_call,9412.962867190003,9394.444300785002,9450.000000000002,37.03713281,"[""ALL"", ""LOW""]"
2025-07-17,2025-07-11 10:00:00+05:30,validation,bear_condor,244.66409772249906,177.6211465837491,378.7499999999991,134.08590227750003,"[""ALL"", ""LOW""]"
2025-07-17,2025-07-11 10:00:00+05:30,validation,bear_butterfly,-362.19854916750046,-421.42282375125046,-243.75000000000045,118.44854916749999,"[""ALL"", ""LOW""]"
2025-07-17,2025-07-11 10:00:00+05:30,validation,risk_reversal,10453.75519394,10415.63279091,10530.0,76.24480606,"[""ALL"", ""LOW""]"
2025-07-17,2025-07-11 10:00:00+05:30,validation,batman,6195.7359077500005,6117.353861625,6352.5,156.76409224999998,"[""ALL"", ""LOW""]"
2025-07-17,2025-07-11 10:00:00+05:30,validation,jade_lizard,-1434.8642474249991,-1484.7963711374991,-1334.999999999999,99.864247425,"[""ALL"", ""LOW""]"
2025-07-17,2025-07-11 10:00:00+05:30,validation,reverse_jade_lizard,5260.759073460002,5206.138610190002,5370.000000000002,109.24092654000002,"[""ALL"", ""LOW""]"
2025-07-17,2025-07-11 10:00:00+05:30,validation,long_iron_condor,1833.90871903,1768.363078545,1965.0,131.09128096999999,"[""ALL"", ""LOW""]"
2025-07-17,2025-07-11 10:00:00+05:30,validation,long_iron_butterfly,858.0012866575009,786.3769299862508,1001.2500000000009,143.24871334249997,"[""ALL"", ""LOW""]"
2025-07-17,2025-07-11 10:00:00+05:30,validation,double_plateau,-722.4362796599981,-828.6544194899982,-509.9999999999982,212.43627965999997,"[""ALL"", ""LOW""]"
2025-07-17,2025-07-11 10:00:00+05:30,validation,strip,147.65300481499997,97.72950722250005,247.5,99.84699518500001,"[""ALL"", ""LOW""]"
2025-07-17,2025-07-11 10:00:00+05:30,validation,strap,-14153.6685343075,-14193.62780146125,-14073.75,79.91853430750001,"[""ALL"", ""LOW""]"
2025-07-17,2025-07-11 10:00:00+05:30,validation,long_synthetic_future,-14407.1873389975,-14442.65600849625,-14336.25,70.93733899749999,"[""ALL"", ""LOW""]"
2025-07-17,2025-07-11 10:00:00+05:30,validation,short_synthetic_future,14221.421048502501,14179.006572753751,14306.250000000002,84.8289514975,"[""ALL"", ""LOW""]"
2025-07-24,2025-07-18 10:00:00+05:30,validation,buy_call,-9438.271802097503,-9453.032703146251,-9408.750000000002,29.5218020975,"[""ALL"", ""LOW""]"
2025-07-24,2025-07-18 10:00:00+05:30,validation,sell_put,8656.53183019,8638.547745285,8692.5,35.96816981,"[""ALL"", ""LOW""]"
2025-07-24,2025-07-18 10:00:00+05:30,validation,bull_condor,-630.9440785474982,-689.5411178212482,-513.7499999999982,117.19407854750003,"[""ALL"", ""LOW""]"
2025-07-24,2025-07-18 10:00:00+05:30,validation,bull_butterfly,-392.34193850249824,-440.3879077537482,-296.2499999999982,96.09193850250003,"[""ALL"", ""LOW""]"
2025-07-24,2025-07-18 10:00:00+05:30,validation,range_forward,-1343.579553085,-1374.1193296275,-1282.5,61.07955308499999,"[""ALL"", ""LOW""]"
2025-07-24,2025-07-18 10:00:00+05:30,validation,buy_put,-8735.02916981,-8748.793754715,-8707.5,27.52916981,"[""ALL"", ""LOW""]"
2025-07-24,2025-07-18 10:00:00+05:30,validation,sell_call,9355.1089854025,9335.78847810375,9393.75,38.6410145975,"[""ALL"", ""LOW""]"
2025-07-24,2025-07-18 10:00:00+05:30,validation,bear_condor,-612.6749959624977,-669.6374939437477,-498.7499999999977,113.92499596249998,"[""ALL"", ""LOW""]"
2025-07-24,2025-07-18 10:00:00+05:30,validation,bear_butterfly,-347.3690394599973,-393.55355918999726,-254.99999999999727,92.36903946,"[""ALL"", ""LOW""]"
2025-07-24,2025-07-18 10:00:00+05:30,validation,risk_reversal,1190.190971915001,1159.036457872501,1252.500000000001,62.30902808499999,"[""ALL"", ""LOW""]"
2025-07-24,2025-07-18 10:00:00+05:30,validation,batman,9245.713520785004,9177.320281177505,9382.500000000004,136.78647921499999,"[""ALL"", ""LOW""]"
2025-07-24,2025-07-18 10:00:00+05:30,validation,jade_lizard,8645.4122880525,8597.49343207875,8741.25,95.8377119475,"[""ALL"", ""LOW""]"
2025-07-24,2025-07-18 10:00:00+05:30,validation,reverse_jade_lizard,9635.8582177125,9588.16232656875,9731.25,95.39178228749999,"[""ALL"", ""LOW""]"
2025-07-24,2025-07-18 10:00:00+05:30,validation,long_iron_condor,-5714.228539332499,-5771.967808998749,-5598.749999999999,115.47853933250002,"[""ALL"", ""LOW""]"
2025-07-24,2025-07-18 10:00:00+05:30,validation,long_iron_butterfly,-5818.1778409625,-5879.14176144375,-5696.25,121.9278409625,"[""ALL"", ""LOW""]"
2025-07-24,2025-07-18 10:00:00+05:30,validation,double_plateau,-739.7109779624946,-833.9414669437446,-551.2499999999945,188.46097796249998,"[""ALL"", ""LOW""]"
2025-07-24,2025-07-18 10:00:00+05:30,validation,strip,-26903.45350858,-26933.93026287,-26842.5,60.953508580000005,"[""ALL"", ""LOW""]"
2025-07-24,2025-07-18 10:00:00+05:30,validation,strap,-27625.419507730003,-27656.879261595004,-27562.500000000004,62.91950773000001,"[""ALL"", ""LOW""]"
2025-07-24,2025-07-18 10:00:00+05:30,validation,long_synthetic_future,-800.4633387700019,-833.1950081550018,-735.0000000000018,65.46333877000001,"[""ALL"", ""LOW""]"
2025-07-24,2025-07-18 10:00:00+05:30,validation,short_synthetic_future,638.83826123,605.757391845,705.0,66.16173877,"[""ALL"", ""LOW""]"
2025-07-31,2025-07-25 10:00:00+05:30,validation,buy_call,-9391.5677513675,-9405.47662705125,-9363.75,27.817751367499998,"[""ALL"", ""LOW""]"
2025-07-31,2025-07-25 10:00:00+05:30,validation,sell_put,-4179.3928102325,-4200.96421534875,-4136.25,43.1428102325,"[""ALL"", ""LOW""]"
2025-07-31,2025-07-25 10:00:00+05:30,validation,bull_condor,-613.7484064774982,-671.2476097162482,-498.7499999999982,114.9984064775,"[""ALL"", ""LOW""]"
2025-07-31,2025-07-25 10:00:00+05:30,validation,bull_butterfly,-367.4043525074991,-414.2315287612491,-273.7499999999991,93.65435250750002,"[""ALL"", ""LOW""]"
2025-07-31,2025-07-25 10:00:00+05:30,validation,range_forward,-9778.57640581,-9811.614608715,-9712.5,66.07640581,"[""ALL"", ""LOW""]"
2025-07-31,2025-07-25 10:00:00+05:30,validation,buy_put,4074.102302267499,4050.528453401249,4121.249999999999,47.14769773249999,"[""ALL"", ""LOW""]"
2025-07-31,2025-07-25 10:00:00+05:30,validation,sell_call,9311.8566861325,9293.41002919875,9348.75,36.8933138675,"[""ALL"", ""LOW""]"
2025-07-31,2025-07-25 10:00:00+05:30,validation,bear_condor,799.9772303875,733.09084558125,933.75,133.7727696125,"[""ALL"", ""LOW""]"
2025-07-31,2025-07-25 10:00:00+05:30,validation,bear_butterfly,-361.12513865250094,-419.81270797875095,-243.7500000000009,117.37513865250001,"[""ALL"", ""LOW""]"
2025-07-31,2025-07-25 10:00:00+05:30,validation,risk_reversal,9607.01701919,9569.275528785,9682.5,75.48298081,"[""ALL"", ""LOW""]"
2025-07-31,2025-07-25 10:00:00+05:30,validation,batman,6893.992078029999,6815.988117044999,7049.999999999999,156.00792197,"[""ALL"", ""LOW""]"
2025-07-31,2025-07-25 10:00:00+05:30,validation,jade_lizard,-737.2675581149999,-787.1513371725,-637.5,99.76755811499999,"[""ALL"", ""LOW""]"
2025-07-31,2025-07-25 10:00:00+05:30,validation,reverse_jade_lizard,5126.4629821650005,5072.194473247501,5235.000000000001,108.537017835,"[""ALL"", ""LOW""]"
2025-07-31,2025-07-25 10:00:00+05:30,validation,long_iron_condor,1932.020912500002,1866.7813687500018,2062.500000000002,130.4790875,"[""ALL"", ""LOW""]"
2025-07-31,2025-07-25 10:00:00+05:30,validation,long_iron_butterfly,877.4963865699991,806.2445798549991,1019.9999999999991,142.50361343,"[""ALL"", ""LOW""]"
2025-07-31,2025-07-25 10:00:00+05:30,validation,double_plateau,-728.52949116,-834.04423674,-517.5,211.02949116000002,"[""ALL"", ""LOW""]"
2025-07-31,2025-07-25 10:00:00+05:30,validation,strip,-1219.763146832502,-1269.0197202487518,-1121.2500000000018,98.51314683249998,"[""ALL"", ""LOW""]"
2025-07-31,2025-07-25 10:00:00+05:30,validation,strap,-14685.4332004675,-14725.02480070125,-14606.25,79.18320046749999,"[""ALL"", ""LOW""]"
2025-07-31,2025-07-25 10:00:00+05:30,validation,long_synthetic_future,-13570.9605616,-13606.4408424,-13500.0,70.9605616,"[""ALL"", ""LOW""]"
2025-07-31,2025-07-25 10:00:00+05:30,validation,short_synthetic_future,13385.9589884,13343.9384826,13470.0,84.0410116,"[""ALL"", ""LOW""]"
2025-08-07,2025-08-01 10:00:00+05:30,validation,buy_call,-11481.258595385001,-11495.637893077503,-11452.500000000002,28.758595385000007,"[""ALL"", ""LOW""]"
2025-08-07,2025-08-01 10:00:00+05:30,validation,sell_put,3309.5522403699983,3288.078360554998,3352.499999999998,42.94775962999999,"[""ALL"", ""LOW""]"
2025-08-07,2025-08-01 10:00:00+05:30,validation,bull_condor,-568.2966397324991,-629.319959598749,-446.2499999999991,122.0466397325,"[""ALL"", ""LOW""]"
2025-08-07,2025-08-01 10:00:00+05:30,validation,bull_butterfly,-322.2472474725,-372.74587120875,-221.25,100.99724747249999,"[""ALL"", ""LOW""]"
2025-08-07,2025-08-01 10:00:00+05:30,validation,range_forward,-4338.011524292499,-4371.392286438749,-4271.249999999999,66.76152429249998,"[""ALL"", ""LOW""]"
2025-08-07,2025-08-01 10:00:00+05:30,validation,buy_put,-3407.1885596299994,-3427.0328394449994,-3367.4999999999995,39.68855963,"[""ALL"", ""LOW""]"
2025-08-07,2025-08-01 10:00:00+05:30,validation,sell_call,11397.639754615,11377.7096319225,11437.5,39.860245385,"[""ALL"", ""LOW""]"
2025-08-07,2025-08-01 10:00:00+05:30,validation,bear_condor,3187.30907542,3123.46361313,3315.0,127.69092457999999,"[""ALL"", ""LOW""]"
2025-08-07,2025-08-01 10:00:00+05:30,validation,bear_butterfly,3099.7036867575,3046.43053013625,3206.25,106.5463132425,"[""ALL"", ""LOW""]"
2025-08-07,2025-08-01 10:00:00+05:30,validation,risk_reversal,4170.3599132075,4134.91486981125,4241.25,70.8900867925,"[""ALL"", ""LOW""]"
2025-08-07,2025-08-01 10:00:00+05:30,validation,batman,16109.3876397625,16032.20645964375,16263.75,154.3623602375,"[""ALL"", ""LOW""]"
2025-08-07,2025-08-01 10:00:00+05:30,validation,jade_lizard,6879.148993965,6827.4734909475,6982.5,103.35100603500001,"[""ALL"", ""LOW""]"
2025-08-07,2025-08-01 10:00:00+05:30,validation,reverse_jade_lizard,7287.5428957275,7235.68934359125,7391.25,103.70710427250002,"[""ALL"", ""LOW""]"
2025-08-07,2025-08-01 10:00:00+05:30,validation,long_iron_condor,-1942.574199769999,-2006.3612996549991,-1814.999999999999,127.57419977,"[""ALL"", ""LOW""]"
2025-08-07,2025-08-01 10:00:00+05:30,validation,long_iron_butterfly,705.2852457624981,636.0528686437482,843.7499999999982,138.46475423750002,"[""ALL"", ""LOW""]"
2025-08-07,2025-08-01 10:00:00+05:30,validation,double_plateau,2777.4564392849998,2673.6846589275,2985.0,207.54356071500004,"[""ALL"", ""LOW""]"
2025-08-07,2025-08-01 10:00:00+05:30,validation,strip,-18272.035714645,-18314.3035719675,-18187.5,84.53571464500001,"[""ALL"", ""LOW""]"
2025-08-07,2025-08-01 10:00:00+05:30,validation,strap,-26346.105750400002,-26382.908625600005,-26272.500000000004,73.60575039999999,"[""ALL"", ""LOW""]"
2025-08-07,2025-08-01 10:00:00+05:30,validation,long_synthetic_future,-8171.706355015003,-8207.559532522504,-8100.000000000004,71.706355015,"[""ALL"", ""LOW""]"
2025-08-07,2025-08-01 10:00:00+05:30,validation,short_synthetic_future,7990.451194985,7950.6767924775,8070.0,79.548805015,"[""ALL"", ""LOW""]"
2025-08-14,2025-08-08 10:00:00+05:30,validation,buy_call,1579.179922194997,1555.019883292497,1627.499999999997,48.320077805,"[""ALL"", ""LOW""]"
2025-08-14,2025-08-08 10:00:00+05:30,validation,sell_put,8562.9220116325,8545.00801744875,8598.75,35.8279883675,"[""ALL"", ""LOW""]"
2025-08-14,2025-08-08 10:00:00+05:30,validation,bull_condor,752.5768801149991,682.6153201724991,892.4999999999991,139.92311988499998,"[""ALL"", ""LOW""]"
2025-08-14,2025-08-08 10:00:00+05:30,validation,bull_butterfly,-450.33428246250276,-512.3764236937527,-326.25000000000273,124.0842824625,"[""ALL"", ""LOW""]"
2025-08-14,2025-08-08 10:00:00+05:30,validation,range_forward,6910.527726462498,6872.666589693748,6986.249999999998,75.7222735375,"[""ALL"", ""LOW""]"
2025-08-14,2025-08-08 10:00:00+05:30,validation,buy_put,-8641.2299258675,-8654.96988880125,-8613.75,27.479925867499997,"[""ALL"", ""LOW""]"
2025-08-14,2025-08-08 10:00:00+05:30,validation,sell_call,-1689.2341278050005,-1712.6011917075004,-1642.5000000000005,46.734127805,"[""ALL"", ""LOW""]"
2025-08-14,2025-08-08 10:00:00+05:30,validation,bear_condor,-541.8910211449991,-599.0865317174992,-427.4999999999991,114.39102114499998,"[""ALL"", ""LOW""]"
2025-08-14,2025-08-08 10:00:00+05:30,validation,bear_butterfly,-351.4434533174982,-397.79017997624817,-258.7499999999982,92.6934533175,"[""ALL"", ""LOW""]"
2025-08-14,2025-08-08 10:00:00+05:30,validation,risk_reversal,-7085.1810610375005,-7119.646591556251,-7016.250000000001,68.93106103749999,"[""ALL"", ""LOW""]"
2025-08-14,2025-08-08 10:00:00+05:30,validation,batman,8295.1295974975,8214.56939624625,8456.25,161.1204025025,"[""ALL"", ""LOW""]"
2025-08-14,2025-08-08 10:00:00+05:30,validation,jade_lizard,5040.775747365,4984.9136210475,5152.5,111.724252635,"[""ALL"", ""LOW""]"
2025-08-14,2025-08-08 10:00:00+05:30,validation,reverse_jade_lizard,1266.7009723274991,1215.6764584912492,1368.749999999999,102.04902767250002,"[""ALL"", ""LOW""]"
2025-08-14,2025-08-08 10:00:00+05:30,validation,long_iron_condor,1651.7579931849987,1585.1369897774987,1784.9999999999986,133.24200681500002,"[""ALL"", ""LOW""]"
2025-08-14,2025-08-08 10:00:00+05:30,validation,long_iron_butterfly,709.4544005949979,636.681600892498,854.999999999998,145.54559940500002,"[""ALL"", ""LOW""]"
2025-08-14,2025-08-08 10:00:00+05:30,validation,double_plateau,-801.777735780001,-910.166603670001,-585.0000000000009,216.77773578,"[""ALL"", ""LOW""]"
2025-08-14,2025-08-08 10:00:00+05:30,validation,strip,-15679.679929540003,-15719.519894310004,-15600.000000000004,79.67992954,"[""ALL"", ""LOW""]"
2025-08-14,2025-08-08 10:00:00+05:30,validation,strap,-5459.270081477505,-5509.530122216255,-5358.7500000000055,100.52008147749999,"[""ALL"", ""LOW""]"
2025-08-14,2025-08-08 10:00:00+05:30,validation,long_synthetic_future,10142.101933827496,10100.027900741246,10226.249999999996,84.1480661725,"[""ALL"", ""LOW""]"
2025-08-14,2025-08-08 10:00:00+05:30,validation,short_synthetic_future,-10330.4640536725,-10367.57108050875,-10256.25,74.2140536725,"[""ALL"", ""LOW""]"
2025-08-21,2025-08-14 10:00:00+05:30,validation,buy_call,20673.6553150975,20636.10797264625,20748.75,75.0946849025,"[""ALL"", ""LOW""]"
2025-08-21,2025-08-14 10:00:00+05:30,validation,sell_put,9828.621611537497,9809.807417306249,9866.249999999998,37.6283884625,"[""ALL"", ""LOW""]"
2025-08-21,2025-08-14 10:00:00+05:30,validation,bull_condor,-670.0742540825055,-774.4863811237555,-461.25000000000546,208.8242540825,"[""ALL"", ""LOW""]"
2025-08-21,2025-08-14 10:00:00+05:30,validation,bull_butterfly,-498.69028895250364,-596.1604334287535,-303.75000000000364,194.9402889525,"[""ALL"", ""LOW""]"
2025-08-21,2025-08-14 10:00:00+05:30,validation,range_forward,27184.399837827496,27132.224756741245,27288.749999999996,104.3501621725,"[""ALL"", ""LOW""]"
2025-08-21,2025-08-14 10:00:00+05:30,validation,buy_put,-9909.3008509625,-9923.32627644375,-9881.25,28.0508509625,"[""ALL"", ""LOW""]"
2025-08-21,2025-08-14 10:00:00+05:30,validation,sell_call,-20818.7111224025,-20846.19168360375,-20763.75,54.96112240250001,"[""ALL"", ""LOW""]"
2025-08-21,2025-08-14 10:00:00+05:30,validation,bear_condor,-482.3007117124991,-541.5760675687491,-363.7499999999991,118.5507117125,"[""ALL"", ""LOW""]"
2025-08-21,2025-08-14 10:00:00+05:30,validation,bear_butterfly,-277.06387578,-325.59581367,-180.0,97.06387578000002,"[""ALL"", ""LOW""]"
2025-08-21,2025-08-14 10:00:00+05:30,validation,risk_reversal,-27396.6155246725,-27435.54828700875,-27318.75,77.8655246725,"[""ALL"", ""LOW""]"
2025-08-21,2025-08-14 10:00:00+05:30,validation,batman,-9452.762730252503,-9557.269095378753,-9243.750000000004,209.01273025249998,"[""ALL"", ""LOW""]"
2025-08-21,2025-08-14 10:00:00+05:30,validation,jade_lizard,6094.9689627075,6020.57844406125,6243.75,148.7810372925,"[""ALL"", ""LOW""]"
2025-08-21,2025-08-14 10:00:00+05:30,validation,reverse_jade_lizard,-17793.9424273425,-17850.28864101375,-17681.25,112.69242734250001,"[""ALL"", ""LOW""]"
2025-08-21,2025-08-14 10:00:00+05:30,validation,long_iron_condor,1685.4917658474965,1600.1126487712463,1856.2499999999964,170.7582341525,"[""ALL"", ""LOW""]"
2025-08-21,2025-08-14 10:00:00+05:30,validation,long_iron_butterfly,739.387373845,647.8310607675,922.5,183.112626155,"[""ALL"", ""LOW""]"
2025-08-21,2025-08-14 10:00:00+05:30,validation,double_plateau,-775.7541647325037,-921.7562470987536,-483.75000000000364,292.00416473250004,"[""ALL"", ""LOW""]"
2025-08-21,2025-08-14 10:00:00+05:30,validation,strip,878.6536131725001,824.85541975875,986.25,107.59638682749998,"[""ALL"", ""LOW""]"
2025-08-21,2025-08-14 10:00:00+05:30,validation,strap,31461.6097792325,31384.28966884875,31616.25,154.64022076749998,"[""ALL"", ""LOW""]"
2025-08-21,2025-08-14 10:00:00+05:30,validation,long_synthetic_future,30502.276926635,30445.9153899525,30615.0,112.72307336499999,"[""ALL"", ""LOW""]"
2025-08-21,2025-08-14 10:00:00+05:30,validation,short_synthetic_future,-30728.011973365,-30769.5179600475,-30645.0,83.01197336499999,"[""ALL"", ""LOW""]"
2025-08-28,2025-08-21 10:00:00+05:30,validation,buy_call,-11406.224812835002,-11420.587219252502,-11377.500000000002,28.724812834999998,"[""ALL"", ""LOW""]"
2025-08-28,2025-08-21 10:00:00+05:30,validation,sell_put,-36682.0700152475,-36709.98002287125,-36626.25,55.82001524750002,"[""ALL"", ""LOW""]"
2025-08-28,2025-08-21 10:00:00+05:30,validation,bull_condor,-622.6215967549991,-682.6823951324991,-502.4999999999991,120.12159675500003,"[""ALL"", ""LOW""]"
2025-08-28,2025-08-21 10:00:00+05:30,validation,bull_butterfly,-369.2301886049973,-418.8452829074973,-269.99999999999727,99.23018860500001,"[""ALL"", ""LOW""]"
2025-08-28,2025-08-21 10:00:00+05:30,validation,range_forward,-43714.86189736,-43754.79284604,-43635.0,79.86189736,"[""ALL"", ""LOW""]"
2025-08-28,2025-08-21 10:00:00+05:30,validation,buy_put,36519.909797252505,36474.23969587876,36611.25000000001,91.34020274750002,"[""ALL"", ""LOW""]"
2025-08-28,2025-08-21 10:00:00+05:30,validation,sell_call,11322.746287165,11302.8694307475,11362.5,39.753712835,"[""ALL"", ""LOW""]"
2025-08-28,2025-08-21 10:00:00+05:30,validation,bear_condor,-607.2320007949927,-730.8480011924927,-359.9999999999927,247.232000795,"[""ALL"", ""LOW""]"
2025-08-28,2025-08-21 10:00:00+05:30,validation,bear_butterfly,-348.7664054174927,-465.0246081262427,-116.24999999999272,232.5164054175,"[""ALL"", ""LOW""]"
2025-08-28,2025-08-21 10:00:00+05:30,validation,risk_reversal,43482.826702640006,43421.740053960006,43605.00000000001,122.17329736000002,"[""ALL"", ""LOW""]"
2025-08-28,2025-08-21 10:00:00+05:30,validation,batman,-23654.253046234993,-23770.12956935249,-23422.499999999993,231.753046235,"[""ALL"", ""LOW""]"
2025-08-28,2025-08-21 10:00:00+05:30,validation,jade_lizard,-32707.1505207825,-32765.10078117375,-32591.25,115.90052078250001,"[""ALL"", ""LOW""]"
2025-08-28,2025-08-21 10:00:00+05:30,validation,reverse_jade_lizard,6559.250651625,6475.1259774375,6727.5,168.249348375,"[""ALL"", ""LOW""]"
2025-08-28,2025-08-21 10:00:00+05:30,validation,long_iron_condor,1732.9711423525073,1637.5817135287573,1923.7500000000073,190.77885764750005,"[""ALL"", ""LOW""]"
2025-08-28,2025-08-21 10:00:00+05:30,validation,long_iron_butterfly,824.5309724800081,723.0464587200081,1027.5000000000082,202.96902752000003,"[""ALL"", ""LOW""]"
2025-08-28,2025-08-21 10:00:00+05:30,validation,double_plateau,-717.99659402249,-883.86989103374,-386.24999999999,331.7465940225,"[""ALL"", ""LOW""]"
2025-08-28,2025-08-21 10:00:00+05:30,validation,strip,61657.19478167001,61563.29217250501,61845.000000000015,187.80521833000003,"[""ALL"", ""LOW""]"
2025-08-28,2025-08-21 10:00:00+05:30,validation,strap,13731.060171582503,13668.465257373753,13856.250000000004,125.18982841750002,"[""ALL"", ""LOW""]"
2025-08-28,2025-08-21 10:00:00+05:30,validation,long_synthetic_future,-48088.2948280825,-48130.56724212375,-48003.75,84.54482808249999,"[""ALL"", ""LOW""]"
2025-08-28,2025-08-21 10:00:00+05:30,validation,short_synthetic_future,47842.656084417504,47777.10912662626,47973.75000000001,131.09391558250002,"[""ALL"", ""LOW""]"
2025-09-02,2025-08-26 10:00:00+05:30,validation,buy_call,-10873.484956730003,-10887.727435095001,-10845.000000000002,28.48495673,"[""ALL"", ""LOW""]"
2025-09-02,2025-08-26 10:00:00+05:30,validation,sell_put,-7169.313650975,-7191.4704764625,-7125.0,44.313650975,"[""ALL"", ""LOW""]"
2025-09-02,2025-08-26 10:00:00+05:30,validation,bull_condor,-670.4744915074991,-730.0867372612491,-551.2499999999991,119.2244915075,"[""ALL"", ""LOW""]"
2025-09-02,2025-08-26 10:00:00+05:30,validation,bull_butterfly,-341.9230172175,-391.00952582625,-243.75,98.17301721749999,"[""ALL"", ""LOW""]"
2025-09-02,2025-08-26 10:00:00+05:30,validation,range_forward,-13984.311122552503,-14018.341683828752,-13916.250000000002,68.0611225525,"[""ALL"", ""LOW""]"
2025-09-02,2025-08-26 10:00:00+05:30,validation,buy_put,7058.782374024999,7033.173561037499,7109.999999999999,51.217625975000004,"[""ALL"", ""LOW""]"
2025-09-02,2025-08-26 10:00:00+05:30,validation,sell_call,10791.00266827,10771.504002405,10830.0,38.99733173,"[""ALL"", ""LOW""]"
2025-09-02,2025-08-26 10:00:00+05:30,validation,bear_condor,-645.6613361749986,-717.2420042624987,-502.49999999999864,143.161336175,"[""ALL"", ""LOW""]"
2025-09-02,2025-08-26 10:00:00+05:30,validation,bear_butterfly,-334.89659717249936,-399.2198957587493,-206.24999999999932,128.6465971725,"[""ALL"", ""LOW""]"
2025-09-02,2025-08-26 10:00:00+05:30,validation,risk_reversal,13804.704664947501,13763.931997421252,13886.250000000002,81.5453350525,"[""ALL"", ""LOW""]"
2025-09-02,2025-08-26 10:00:00+05:30,validation,batman,5214.114114647501,5130.546171971251,5381.250000000001,167.1358853525,"[""ALL"", ""LOW""]"
2025-09-02,2025-08-26 10:00:00+05:30,validation,jade_lizard,-3444.8663271675,-3496.6744907512502,-3341.25,103.61632716749997,"[""ALL"", ""LOW""]"
2025-09-02,2025-08-26 10:00:00+05:30,validation,reverse_jade_lizard,6412.7416444125,6354.73746661875,6528.75,116.00835558749999,"[""ALL"", ""LOW""]"
2025-09-02,2025-08-26 10:00:00+05:30,validation,long_iron_condor,1684.2936984100018,1615.1905476150018,1822.5000000000018,138.20630159,"[""ALL"", ""LOW""]"
2025-09-02,2025-08-26 10:00:00+05:30,validation,long_iron_butterfly,794.5698796449981,719.3548194674981,944.9999999999982,150.43012035500004,"[""ALL"", ""LOW""]"
2025-09-02,2025-08-26 10:00:00+05:30,validation,double_plateau,-676.81961439,-790.229421585,-450.0,226.81961438999997,"[""ALL"", ""LOW""]"
2025-09-02,2025-08-26 10:00:00+05:30,validation,strip,3267.679791319996,3214.0196869799965,3374.9999999999964,107.32020868000001,"[""ALL"", ""LOW""]"
2025-09-02,2025-08-26 10:00:00+05:30,validation,strap,-14664.587539435004,-14706.881309152504,-14580.000000000004,84.587539435,"[""ALL"", ""LOW""]"
2025-09-02,2025-08-26 10:00:00+05:30,validation,long_synthetic_future,-18042.798607705,-18079.1979115575,-17970.0,72.798607705,"[""ALL"", ""LOW""]"
2025-09-02,2025-08-26 10:00:00+05:30,validation,short_synthetic_future,17849.785042295,17804.6775634425,17940.0,90.214957705,"[""ALL"", ""LOW""]"
2025-09-09,2025-09-03 10:00:00+05:30,validation,buy_call,10462.2133982875,10433.94509743125,10518.75,56.53660171249999,"[""ALL"", ""LOW""]"
2025-09-09,2025-09-03 10:00:00+05:30,validation,sell_put,8345.730956027503,8327.971434041252,8381.250000000002,35.5190439725,"[""ALL"", ""LOW""]"
2025-09-09,2025-09-03 10:00:00+05:30,validation,bull_condor,-680.477105210003,-758.2156578150029,-525.000000000003,155.47710521000005,"[""ALL"", ""LOW""]"
2025-09-09,2025-09-03 10:00:00+05:30,validation,bull_butterfly,-343.843424595005,-414.51513689250504,-202.500000000005,141.34342459500002,"[""ALL"", ""LOW""]"
2025-09-09,2025-09-03 10:00:00+05:30,validation,range_forward,15276.368316095,15234.5524741425,15360.0,83.631683905,"[""ALL"", ""LOW""]"
2025-09-09,2025-09-03 10:00:00+05:30,validation,buy_put,-8423.6319564725,-8437.32293470875,-8396.25,27.3819564725,"[""ALL"", ""LOW""]"
2025-09-09,2025-09-03 10:00:00+05:30,validation,sell_call,-10580.076139212504,-10603.239208818753,-10533.750000000004,46.32613921249999,"[""ALL"", ""LOW""]"
2025-09-09,2025-09-03 10:00:00+05:30,validation,bear_condor,-592.7168562199986,-649.0752843299986,-479.99999999999864,112.71685621999998,"[""ALL"", ""LOW""]"
2025-09-09,2025-09-03 10:00:00+05:30,validation,bear_butterfly,-323.65219483499817,-369.22829225249814,-232.49999999999818,91.152194835,"[""ALL"", ""LOW""]"
2025-09-09,2025-09-03 10:00:00+05:30,validation,risk_reversal,-15458.717933905,-15493.0769008575,-15390.0,68.71793390500001,"[""ALL"", ""LOW""]"
2025-09-09,2025-09-03 10:00:00+05:30,validation,batman,-408.59447696000365,-492.8917154400036,-240.00000000000364,168.59447696,"[""ALL"", ""LOW""]"
2025-09-09,2025-09-03 10:00:00+05:30,validation,jade_lizard,4440.410802555001,4380.616203832501,4560.000000000001,119.589197445,"[""ALL"", ""LOW""]"
2025-09-09,2025-09-03 10:00:00+05:30,validation,reverse_jade_lizard,-7387.567135642499,-7438.225703463749,-7286.249999999999,101.31713564249999,"[""ALL"", ""LOW""]"
2025-09-09,2025-09-03 10:00:00+05:30,validation,long_iron_condor,1861.3509861249981,1790.7764791874981,2002.4999999999982,141.149013875,"[""ALL"", ""LOW""]"
2025-09-09,2025-09-03 10:00:00+05:30,validation,long_iron_butterfly,930.4708390374991,853.831258556249,1083.749999999999,153.27916096250001,"[""ALL"", ""LOW""]"
2025-09-09,2025-09-03 10:00:00+05:30,validation,double_plateau,-667.4956194300032,-783.7434291450031,-435.0000000000032,232.49561943000003,"[""ALL"", ""LOW""]"
2025-09-09,2025-09-03 10:00:00+05:30,validation,strip,-6361.4505146575,-6405.30077198625,-6273.75,87.70051465750001,"[""ALL"", ""LOW""]"
2025-09-09,2025-09-03 10:00:00+05:30,validation,strap,12524.3948401025,12465.96726015375,12641.25,116.85515989749999,"[""ALL"", ""LOW""]"
2025-09-09,2025-09-03 10:00:00+05:30,validation,long_synthetic_future,18807.944354315,18761.9165314725,18900.0,92.055645685,"[""ALL"", ""LOW""]"
2025-09-09,2025-09-03 10:00:00+05:30,validation,short_synthetic_future,-19003.708095685004,-19040.562143527502,-18930.000000000004,73.708095685,"[""ALL"", ""LOW""]"
2025-09-16,2025-09-10 10:00:00+05:30,validation,buy_call,7228.59586642,7201.64379963,7282.5,53.90413358,"[""ALL"", ""LOW""]"
2025-09-16,2025-09-10 10:00:00+05:30,validation,sell_put,7855.17874423,7837.768116345,7890.0,34.82125577000001,"[""ALL"", ""LOW""]"
2025-09-16,2025-09-10 10:00:00+05:30,validation,bull_condor,-712.0025417150002,-786.7538125725002,-562.5000000000002,149.502541715,"[""ALL"", ""LOW""]"
2025-09-16,2025-09-10 10:00:00+05:30,validation,bull_butterfly,-435.58531252500046,-503.37796878750044,-300.00000000000045,135.585312525,"[""ALL"", ""LOW""]"
2025-09-16,2025-09-10 10:00:00+05:30,validation,range_forward,11863.4624864225,11823.31872963375,11943.75,80.28751357750001,"[""ALL"", ""LOW""]"
2025-09-16,2025-09-10 10:00:00+05:30,validation,buy_put,-7932.160680769999,-7945.7410211549995,-7904.999999999999,27.160680770000003,"[""ALL"", ""LOW""]"
2025-09-16,2025-09-10 10:00:00+05:30,validation,sell_call,-7344.332833580002,-7367.749250370002,-7297.500000000003,46.83283358,"[""ALL"", ""LOW""]"
2025-09-16,2025-09-10 10:00:00+05:30,validation,bear_condor,-554.554515485,-610.5817732275,-442.5,112.054515485,"[""ALL"", ""LOW""]"
2025-09-16,2025-09-10 10:00:00+05:30,validation,bear_butterfly,-334.0373085975,-379.18096289625,-243.75,90.28730859750002,"[""ALL"", ""LOW""]"
2025-09-16,2025-09-10 10:00:00+05:30,validation,risk_reversal,-12042.4375260775,-12076.78128911625,-11973.75,68.6875260775,"[""ALL"", ""LOW""]"
2025-09-16,2025-09-10 10:00:00+05:30,validation,batman,2163.859294442499,2081.413941663749,2328.749999999999,164.8907055575,"[""ALL"", ""LOW""]"
2025-09-16,2025-09-10 10:00:00+05:30,validation,jade_lizard,4293.584516265,4235.3767743975,4410.0,116.415483735,"[""ALL"", ""LOW""]"
2025-09-16,2025-09-10 10:00:00+05:30,validation,reverse_jade_lizard,-4420.850989409998,-4471.276484114998,-4319.999999999998,100.85098941,"[""ALL"", ""LOW""]"
2025-09-16,2025-09-10 10:00:00+05:30,validation,long_iron_condor,1808.4361958574996,1739.5292937862496,1946.2499999999995,137.8138041425,"[""ALL"", ""LOW""]"
2025-09-16,2025-09-10 10:00:00+05:30,validation,long_iron_butterfly,839.9198896600009,764.8798344900009,990.0000000000009,150.08011034,"[""ALL"", ""LOW""]"
2025-09-16,2025-09-10 10:00:00+05:30,validation,double_plateau,-769.6226211225004,-882.5589316837504,-543.7500000000005,225.87262112249996,"[""ALL"", ""LOW""]"
2025-09-16,2025-09-10 10:00:00+05:30,validation,strip,-8612.125495119999,-8654.438242679998,-8527.499999999998,84.62549512,"[""ALL"", ""LOW""]"
2025-09-16,2025-09-10 10:00:00+05:30,validation,strap,6548.631052070001,6492.946578105001,6660.000000000001,111.36894793,"[""ALL"", ""LOW""]"
2025-09-16,2025-09-10 10:00:00+05:30,validation,long_synthetic_future,15083.77461065,15039.411915975,15172.5,88.72538935,"[""ALL"", ""LOW""]"
2025-09-16,2025-09-10 10:00:00+05:30,validation,short_synthetic_future,-15276.493514350002,-15313.490271525001,-15202.500000000002,73.99351435,"[""ALL"", ""LOW""]"
2025-09-23,2025-09-17 10:00:00+05:30,validation,buy_call,-11117.344750017503,-11131.642125026252,-11088.750000000002,28.5947500175,"[""ALL"", ""LOW""]"
2025-09-23,2025-09-17 10:00:00+05:30,validation,sell_put,-3951.3080269100014,-3969.4620403650015,-3915.0000000000014,36.30802691,"[""ALL"", ""LOW""]"
2025-09-23,2025-09-17 10:00:00+05:30,validation,bull_condor,-736.3491776224987,-795.1487664337486,-618.7499999999986,117.59917762250001,"[""ALL"", ""LOW""]"
2025-09-23,2025-09-17 10:00:00+05:30,validation,bull_butterfly,-404.396801955,-452.8452029325,-307.5,96.896801955,"[""ALL"", ""LOW""]"
2025-09-23,2025-09-17 10:00:00+05:30,validation,range_forward,-10320.43679998,-10350.65519997,-10260.0,60.436799979999996,"[""ALL"", ""LOW""]"
2025-09-23,2025-09-17 10:00:00+05:30,validation,buy_put,3859.90169809,3839.852547135,3900.0,40.098301909999996,"[""ALL"", ""LOW""]"
2025-09-23,2025-09-17 10:00:00+05:30,validation,sell_call,11034.4064374825,11014.73465622375,11073.75,39.3435625175,"[""ALL"", ""LOW""]"
2025-09-23,2025-09-17 10:00:00+05:30,validation,bear_condor,3172.567121237501,3114.475681856251,3288.750000000001,116.1828787625,"[""ALL"", ""LOW""]"
2025-09-23,2025-09-17 10:00:00+05:30,validation,bear_butterfly,1149.988159425001,1102.482239137501,1245.000000000001,95.01184057500001,"[""ALL"", ""LOW""]"
2025-09-23,2025-09-17 10:00:00+05:30,validation,risk_reversal,10159.625550020002,10124.438325030002,10230.000000000002,70.37444998,"[""ALL"", ""LOW""]"
2025-09-23,2025-09-17 10:00:00+05:30,validation,batman,8933.956764145,8863.4351462175,9075.0,141.043235855,"[""ALL"", ""LOW""]"
2025-09-23,2025-09-17 10:00:00+05:30,validation,jade_lizard,376.7613483900018,328.8920225850018,472.5000000000018,95.73865161,"[""ALL"", ""LOW""]"
2025-09-23,2025-09-17 10:00:00+05:30,validation,reverse_jade_lizard,5973.774652462502,5925.036978693752,6071.250000000002,97.4753475375,"[""ALL"", ""LOW""]"
2025-09-23,2025-09-17 10:00:00+05:30,validation,long_iron_condor,539.4549058450009,479.1823587675009,660.0000000000009,120.545094155,"[""ALL"", ""LOW""]"
2025-09-23,2025-09-17 10:00:00+05:30,validation,long_iron_butterfly,940.5857613849982,874.6286420774982,1072.4999999999982,131.914238615,"[""ALL"", ""LOW""]"
2025-09-23,2025-09-17 10:00:00+05:30,validation,double_plateau,745.591357470001,649.6370362050009,937.5000000000009,191.90864253,"[""ALL"", ""LOW""]"
2025-09-23,2025-09-17 10:00:00+05:30,validation,strip,-3373.941353837502,-3416.5370307562516,-3288.750000000002,85.1913538375,"[""ALL"", ""LOW""]"
2025-09-23,2025-09-17 10:00:00+05:30,validation,strap,-18351.187801945005,-18388.031702917502,-18277.500000000004,73.687801945,"[""ALL"", ""LOW""]"
2025-09-23,2025-09-17 10:00:00+05:30,validation,long_synthetic_future,-15068.652776927504,-15101.104165391254,-15003.750000000004,64.90277692750001,"[""ALL"", ""LOW""]"
2025-09-23,2025-09-17 10:00:00+05:30,validation,short_synthetic_future,14894.3081355725,14854.58720335875,14973.75,79.44186442750001,"[""ALL"", ""LOW""]"
2025-09-30,2025-09-24 10:00:00+05:30,validation,buy_call,-10006.8447682775,-10020.89215241625,-9978.75,28.0947682775,"[""ALL"", ""LOW""]"
2025-09-30,2025-09-24 10:00:00+05:30,validation,sell_put,-29802.564873395,-29827.5973100925,-29752.5,50.06487339499999,"[""ALL"", ""LOW""]"
2025-09-30,2025-09-24 10:00:00+05:30,validation,bull_condor,-726.5446317274991,-784.1919475912491,-611.2499999999991,115.2946317275,"[""ALL"", ""LOW""]"
2025-09-30,2025-09-24 10:00:00+05:30,validation,bull_butterfly,-394.24848406499996,-441.3727260975,-300.0,94.24848406499999,"[""ALL"", ""LOW""]"
2025-09-30,2025-09-24 10:00:00+05:30,validation,range_forward,-35458.50789298,-35495.26183947,-35385.0,73.50789298000001,"[""ALL"", ""LOW""]"
2025-09-30,2025-09-24 10:00:00+05:30,validation,buy_put,29658.582476605,29619.1237149075,29737.5,78.917523395,"[""ALL"", ""LOW""]"
2025-09-30,2025-09-24 10:00:00+05:30,validation,sell_call,9925.9831192225,9907.09967883375,9963.75,37.76688077749999,"[""ALL"", ""LOW""]"
2025-09-30,2025-09-24 10:00:00+05:30,validation,bear_condor,-653.96074808,-759.69112212,-442.5,211.46074808000003,"[""ALL"", ""LOW""]"
2025-09-30,2025-09-24 10:00:00+05:30,validation,bear_butterfly,-462.8641946325,-561.17129194875,-266.25,196.61419463250002,"[""ALL"", ""LOW""]"
2025-09-30,2025-09-24 10:00:00+05:30,validation,risk_reversal,35247.18320702,35193.27481053,35355.0,107.81679298,"[""ALL"", ""LOW""]"
2025-09-30,2025-09-24 10:00:00+05:30,validation,batman,-17948.847784385,-18050.7716765775,-17745.0,203.847784385,"[""ALL"", ""LOW""]"
2025-09-30,2025-09-24 10:00:00+05:30,validation,jade_lizard,-25851.3674995125,-25905.17624926875,-25743.75,107.61749951249999,"[""ALL"", ""LOW""]"
2025-09-30,2025-09-24 10:00:00+05:30,validation,reverse_jade_lizard,5161.6963866,5087.5445799,5310.0,148.3036134,"[""ALL"", ""LOW""]"
2025-09-30,2025-09-24 10:00:00+05:30,validation,long_iron_condor,2098.296837707501,2013.070256561251,2268.750000000001,170.45316229250005,"[""ALL"", ""LOW""]"
2025-09-30,2025-09-24 10:00:00+05:30,validation,long_iron_butterfly,965.021918875,873.7828783125,1147.5,182.478081125,"[""ALL"", ""LOW""]"
2025-09-30,2025-09-24 10:00:00+05:30,validation,double_plateau,-857.1126786975001,-1002.5440180462499,-566.25,290.86267869750003,"[""ALL"", ""LOW""]"
2025-09-30,2025-09-24 10:00:00+05:30,validation,strip,49333.9201849325,49252.75527739875,49496.25,162.3298150675,"[""ALL"", ""LOW""]"
2025-09-30,2025-09-24 10:00:00+05:30,validation,strap,9668.49294005,9612.739410075,9780.0,111.50705995000001,"[""ALL"", ""LOW""]"
2025-09-30,2025-09-24 10:00:00+05:30,validation,long_synthetic_future,-39809.4096416725,-39848.48946250875,-39731.25,78.15964167250002,"[""ALL"", ""LOW""]"
2025-09-30,2025-09-24 10:00:00+05:30,validation,short_synthetic_future,39584.5655958275,39526.22339374125,39701.25,116.6844041725,"[""ALL"", ""LOW""]"
2025-10-07,2025-09-30 10:00:00+05:30,validation,buy_call,19844.8740501175,19805.43607517625,19923.75,78.8759498825,"[""ALL"", ""LOW""]"
2025-10-07,2025-09-30 10:00:00+05:30,validation,sell_put,8559.17733826,8541.26600739,8595.0,35.82266174000001,"[""ALL"", ""LOW""]"
2025-10-07,2025-09-30 10:00:00+05:30,validation,bull_condor,-769.9736687150018,-881.2105030725018,-547.5000000000018,222.473668715,"[""ALL"", ""LOW""]"
2025-10-07,2025-09-30 10:00:00+05:30,validation,bull_butterfly,-486.5441641200091,-591.0662461800091,-277.5000000000091,209.04416412,"[""ALL"", ""LOW""]"
2025-10-07,2025-09-30 10:00:00+05:30,validation,range_forward,25701.00230816,25647.75346224,25807.5,106.49769184,"[""ALL"", ""LOW""]"
2025-10-07,2025-09-30 10:00:00+05:30,validation,buy_put,-8637.47823674,-8651.21735511,-8610.0,27.478236740000003,"[""ALL"", ""LOW""]"
2025-10-07,2025-09-30 10:00:00+05:30,validation,sell_call,-19998.2926373825,-20028.06395607375,-19938.75,59.5426373825,"[""ALL"", ""LOW""]"
2025-10-07,2025-09-30 10:00:00+05:30,validation,bear_condor,-509.5009069774991,-567.376360466249,-393.7499999999991,115.75090697749998,"[""ALL"", ""LOW""]"
2025-10-07,2025-09-30 10:00:00+05:30,validation,bear_butterfly,-348.87041103,-395.805616545,-255.0,93.87041102999999,"[""ALL"", ""LOW""]"
2025-10-07,2025-09-30 10:00:00+05:30,validation,risk_reversal,-25918.949866840005,-25959.674800260003,-25837.500000000004,81.44986684,"[""ALL"", ""LOW""]"
2025-10-07,2025-09-30 10:00:00+05:30,validation,batman,-10289.350790750008,-10397.776186125007,-10072.500000000007,216.85079075,"[""ALL"", ""LOW""]"
2025-10-07,2025-09-30 10:00:00+05:30,validation,jade_lizard,5372.706562049996,5295.309843074996,5527.499999999996,154.79343795,"[""ALL"", ""LOW""]"
2025-10-07,2025-09-30 10:00:00+05:30,validation,reverse_jade_lizard,-17469.909782685005,-17527.364674027503,-17355.000000000004,114.90978268499998,"[""ALL"", ""LOW""]"
2025-10-07,2025-09-30 10:00:00+05:30,validation,long_iron_condor,1436.299998760002,1348.1999981400018,1612.5000000000018,176.20000123999998,"[""ALL"", ""LOW""]"
2025-10-07,2025-09-30 10:00:00+05:30,validation,long_iron_butterfly,497.5727014224964,403.2340521337464,686.2499999999964,188.6772985775,"[""ALL"", ""LOW""]"
2025-10-07,2025-09-30 10:00:00+05:30,validation,double_plateau,-835.4145751500091,-986.8718627250091,-532.5000000000091,302.91457515,"[""ALL"", ""LOW""]"
2025-10-07,2025-09-30 10:00:00+05:30,validation,strip,2593.5175766375,2538.40136495625,2703.75,110.2324233625,"[""ALL"", ""LOW""]"
2025-10-07,2025-09-30 10:00:00+05:30,validation,strap,31075.869863495,30995.0547952425,31237.5,161.630136505,"[""ALL"", ""LOW""]"
2025-10-07,2025-09-30 10:00:00+05:30,validation,long_synthetic_future,28404.0513883775,28346.70208256625,28518.75,114.6986116225,"[""ALL"", ""LOW""]"
2025-10-07,2025-09-30 10:00:00+05:30,validation,short_synthetic_future,-28635.7708741225,-28679.28131118375,-28548.75,87.02087412249999,"[""ALL"", ""LOW""]"
2025-10-14,2025-10-07 10:00:00+05:30,validation,buy_call,-10648.383609080001,-10662.575413620001,-10620.000000000002,28.383609080000003,"[""ALL"", ""LOW""]"
2025-10-14,2025-10-07 10:00:00+05:30,validation,sell_put,4144.077668897501,4125.491503346251,4181.250000000001,37.1723311025,"[""ALL"", ""LOW""]"
2025-10-14,2025-10-07 10:00:00+05:30,validation,bull_condor,-721.3704841325,-780.18072619875,-603.75,117.6204841325,"[""ALL"", ""LOW""]"
2025-10-14,2025-10-07 10:00:00+05:30,validation,bull_butterfly,-404.1161717549991,-452.42425763249906,-307.4999999999991,96.61617175500001,"[""ALL"", ""LOW""]"
2025-10-14,2025-10-07 10:00:00+05:30,validation,range_forward,-2187.1553621275,-2217.60804319125,-2126.25,60.9053621275,"[""ALL"", ""LOW""]"
2025-10-14,2025-10-07 10:00:00+05:30,validation,buy_put,-4229.3592436025,-4245.91386540375,-4196.25,33.1092436025,"[""ALL"", ""LOW""]"
2025-10-14,2025-10-07 10:00:00+05:30,validation,sell_call,10566.32226592,10546.98339888,10605.0,38.67773408,"[""ALL"", ""LOW""]"
2025-10-14,2025-10-07 10:00:00+05:30,validation,bear_condor,-230.31841393249954,-287.35262089874954,-116.24999999999955,114.06841393249998,"[""ALL"", ""LOW""]"
2025-10-14,2025-10-07 10:00:00+05:30,validation,bear_butterfly,-28.51054239749908,-74.6408135962491,63.75000000000091,92.26054239749999,"[""ALL"", ""LOW""]"
2025-10-14,2025-10-07 10:00:00+05:30,validation,risk_reversal,2033.2967253724992,2001.8200880587492,2096.249999999999,62.953274627499994,"[""ALL"", ""LOW""]"
2025-10-14,2025-10-07 10:00:00+05:30,validation,batman,9616.5764997625,9547.98974964375,9753.75,137.17350023749998,"[""ALL"", ""LOW""]"
2025-10-14,2025-10-07 10:00:00+05:30,validation,jade_lizard,8105.3093687925,8057.33905318875,8201.25,95.94063120749998,"[""ALL"", ""LOW""]"
2025-10-14,2025-10-07 10:00:00+05:30,validation,reverse_jade_lizard,9388.3870503975,9340.70557559625,9483.75,95.36294960250002,"[""ALL"", ""LOW""]"
2025-10-14,2025-10-07 10:00:00+05:30,validation,long_iron_condor,-5249.7487260425,-5307.74808906375,-5133.75,115.9987260425,"[""ALL"", ""LOW""]"
2025-10-14,2025-10-07 10:00:00+05:30,validation,long_iron_butterfly,-2515.1233592375,-2578.3100388562502,-2388.75,126.3733592375,"[""ALL"", ""LOW""]"
2025-10-14,2025-10-07 10:00:00+05:30,validation,double_plateau,-432.6267141524991,-527.065071228749,-243.7499999999991,188.87671415250003,"[""ALL"", ""LOW""]"
2025-10-14,2025-10-07 10:00:00+05:30,validation,strip,-19083.502096285,-19119.0031444275,-19012.5,71.00209628500001,"[""ALL"", ""LOW""]"
2025-10-14,2025-10-07 10:00:00+05:30,validation,strap,-25502.526461762503,-25535.664692643753,-25436.250000000004,66.27646176249999,"[""ALL"", ""LOW""]"
2025-10-14,2025-10-07 10:00:00+05:30,validation,long_synthetic_future,-6504.305940182501,-6537.083910273751,-6438.750000000001,65.55594018250001,"[""ALL"", ""LOW""]"
2025-10-14,2025-10-07 10:00:00+05:30,validation,short_synthetic_future,6336.9630223175,6301.06953347625,6408.75,71.78697768250001,"[""ALL"", ""LOW""]"
2025-11-04,2025-10-29 10:00:00+05:30,validation,buy_call,-13904.856787505,-13919.7851812575,-13875.0,29.856787505,"[""ALL"", ""LOW""]"
2025-11-04,2025-10-29 10:00:00+05:30,validation,sell_put,-21143.9417213675,-21169.03758205125,-21093.75,50.191721367499994,"[""ALL"", ""LOW""]"
2025-11-04,2025-10-29 10:00:00+05:30,validation,bull_condor,-552.6338818475018,-617.0758227712518,-423.7500000000018,128.8838818475,"[""ALL"", ""LOW""]"
2025-11-04,2025-10-29 10:00:00+05:30,validation,bull_butterfly,-355.73529901500365,-409.85294852250365,-247.50000000000364,108.23529901500001,"[""ALL"", ""LOW""]"
2025-11-04,2025-10-29 10:00:00+05:30,validation,range_forward,-30652.841411875,-30690.5121178125,-30577.5,75.341411875,"[""ALL"", ""LOW""]"
2025-11-04,2025-10-29 10:00:00+05:30,validation,buy_put,21008.1046161325,20972.78192419875,21078.75,70.6453838675,"[""ALL"", ""LOW""]"
2025-11-04,2025-10-29 10:00:00+05:30,validation,sell_call,13816.691737494999,13795.037606242498,13859.999999999998,43.308262504999995,"[""ALL"", ""LOW""]"
2025-11-04,2025-10-29 10:00:00+05:30,validation,bear_condor,-572.8531180625018,-669.9046770937517,-378.7500000000018,194.10311806250002,"[""ALL"", ""LOW""]"
2025-11-04,2025-10-29 10:00:00+05:30,validation,bear_butterfly,-393.2361361575,-482.97920423625,-213.75,179.48613615750003,"[""ALL"", ""LOW""]"
2025-11-04,2025-10-29 10:00:00+05:30,validation,risk_reversal,30442.512963125,30390.0194446875,30547.5,104.987036875,"[""ALL"", ""LOW""]"
2025-11-04,2025-10-29 10:00:00+05:30,validation,batman,-5930.059938875003,-6033.839908312503,-5722.500000000004,207.55993887499997,"[""ALL"", ""LOW""]"
2025-11-04,2025-10-29 10:00:00+05:30,validation,jade_lizard,-17057.39235678,-17114.83853517,-16942.5,114.89235678,"[""ALL"", ""LOW""]"
2025-11-04,2025-10-29 10:00:00+05:30,validation,reverse_jade_lizard,9162.070407029998,9089.355610544999,9307.499999999998,145.42959297,"[""ALL"", ""LOW""]"
2025-11-04,2025-10-29 10:00:00+05:30,validation,long_iron_condor,1477.6702793274999,1393.38041899125,1646.25,168.5797206725,"[""ALL"", ""LOW""]"
2025-11-04,2025-10-29 10:00:00+05:30,validation,long_iron_butterfly,692.6359526274982,602.0789289412483,873.7499999999982,181.1140473725,"[""ALL"", ""LOW""]"
2025-11-04,2025-10-29 10:00:00+05:30,validation,double_plateau,-748.9714351725036,-892.8321527587536,-461.25000000000364,287.7214351725,"[""ALL"", ""LOW""]"
2025-11-04,2025-10-29 10:00:00+05:30,validation,strip,28134.95244476,28061.17866714,28282.5,147.54755523999998,"[""ALL"", ""LOW""]"
2025-11-04,2025-10-29 10:00:00+05:30,validation,strap,-6778.0089588775,-6831.38843831625,-6671.25,106.7589588775,"[""ALL"", ""LOW""]"
2025-11-04,2025-10-29 10:00:00+05:30,validation,long_synthetic_future,-35048.7985088725,-35088.82276330875,-34968.75,80.0485088725,"[""ALL"", ""LOW""]"
2025-11-04,2025-10-29 10:00:00+05:30,validation,short_synthetic_future,34824.7963536275,34767.81953044125,34938.75,113.9536463725,"[""ALL"", ""LOW""]"
2025-11-11,2025-11-04 10:00:00+05:30,validation,buy_call,-13889.84301524,-13904.76452286,-13860.0,29.84301524,"[""ALL"", ""LOW""]"
2025-11-11,2025-11-04 10:00:00+05:30,validation,sell_put,9958.990619829998,9939.735929744998,9997.499999999998,38.50938017,"[""ALL"", ""LOW""]"
2025-11-11,2025-11-04 10:00:00+05:30,validation,bull_condor,-605.4592070975018,-670.0638106462518,-476.2500000000018,129.20920709749998,"[""ALL"", ""LOW""]"
2025-11-11,2025-11-04 10:00:00+05:30,validation,bull_butterfly,-524.6034042825037,-578.7801064237536,-416.25000000000364,108.35340428250001,"[""ALL"", ""LOW""]"
2025-11-11,2025-11-04 10:00:00+05:30,validation,range_forward,-3188.7177838674984,-3221.2016758012483,-3123.749999999998,64.9677838675,"[""ALL"", ""LOW""]"
2025-11-11,2025-11-04 10:00:00+05:30,validation,buy_put,-10041.304530170002,-10055.706795255002,-10012.500000000002,28.80453017,"[""ALL"", ""LOW""]"
2025-11-11,2025-11-04 10:00:00+05:30,validation,sell_call,13801.72005976,13780.08008964,13845.0,43.27994024,"[""ALL"", ""LOW""]"
2025-11-11,2025-11-04 10:00:00+05:30,validation,bear_condor,-491.08797313249727,-551.0069596987472,-371.24999999999727,119.83797313250003,"[""ALL"", ""LOW""]"
2025-11-11,2025-11-04 10:00:00+05:30,validation,bear_butterfly,-342.14752137749815,-391.3462820662482,-243.74999999999818,98.3975213775,"[""ALL"", ""LOW""]"
2025-11-11,2025-11-04 10:00:00+05:30,validation,risk_reversal,3025.7667286325,2991.77509294875,3093.75,67.9832713675,"[""ALL"", ""LOW""]"
2025-11-11,2025-11-04 10:00:00+05:30,validation,batman,13868.312008502498,13791.843012753749,14021.249999999998,152.9379914975,"[""ALL"", ""LOW""]"
2025-11-11,2025-11-04 10:00:00+05:30,validation,jade_lizard,10485.432553845,10433.1488307675,10590.0,104.567446155,"[""ALL"", ""LOW""]"
2025-11-11,2025-11-04 10:00:00+05:30,validation,reverse_jade_lizard,13126.621699605,13074.9325494075,13230.0,103.378300395,"[""ALL"", ""LOW""]"
2025-11-11,2025-11-04 10:00:00+05:30,validation,long_iron_condor,-6087.02433053,-6149.286495795,-5962.5,124.52433053000001,"[""ALL"", ""LOW""]"
2025-11-11,2025-11-04 10:00:00+05:30,validation,long_iron_butterfly,-6685.473974225002,-6750.710961337501,-6555.000000000002,130.473974225,"[""ALL"", ""LOW""]"
2025-11-11,2025-11-04 10:00:00+05:30,validation,double_plateau,-866.7509256600018,-970.1263884900018,-660.0000000000018,206.75092565999998,"[""ALL"", ""LOW""]"
2025-11-11,2025-11-04 10:00:00+05:30,validation,strip,-33948.85207558,-33980.77811337,-33885.0,63.85207558000001,"[""ALL"", ""LOW""]"
2025-11-11,2025-11-04 10:00:00+05:30,validation,strap,-37797.39056065,-37829.835840975,-37732.5,64.89056065,"[""ALL"", ""LOW""]"
2025-11-11,2025-11-04 10:00:00+05:30,validation,long_synthetic_future,-3930.852395410002,-3965.028593115002,-3862.500000000002,68.35239541,"[""ALL"", ""LOW""]"
2025-11-11,2025-11-04 10:00:00+05:30,validation,short_synthetic_future,3760.415529589998,3724.373294384998,3832.499999999998,72.08447041000001,"[""ALL"", ""LOW""]"
2025-11-18,2025-11-12 10:00:00+05:30,validation,buy_call,-7970.565036770001,-7988.347555155001,-7935.000000000001,35.56503677,"[""ALL"", ""LOW""]"
2025-11-18,2025-11-12 10:00:00+05:30,validation,sell_put,8708.96427316,8690.94640974,8745.0,36.03572684,"[""ALL"", ""LOW""]"
2025-11-18,2025-11-12 10:00:00+05:30,validation,bull_condor,145.69418578,83.54127867000003,270.0,124.30581421999999,"[""ALL"", ""LOW""]"
2025-11-18,2025-11-12 10:00:00+05:30,validation,bull_butterfly,380.1236913975,328.31053709625,483.75,103.6263086025,"[""ALL"", ""LOW""]"
2025-11-18,2025-11-12 10:00:00+05:30,validation,range_forward,-2317.056054632499,-2348.709081948749,-2253.749999999999,63.30605463250001,"[""ALL"", ""LOW""]"
2025-11-18,2025-11-12 10:00:00+05:30,validation,buy_put,-8787.54580184,-8801.31870276,-8760.0,27.54580184,"[""ALL"", ""LOW""]"
2025-11-18,2025-11-12 10:00:00+05:30,validation,sell_call,7876.74528823,7855.117932345,7920.0,43.25471177,"[""ALL"", ""LOW""]"
2025-11-18,2025-11-12 10:00:00+05:30,validation,bear_condor,-490.3425633049991,-548.0138449574991,-374.9999999999991,115.342563305,"[""ALL"", ""LOW""]"
2025-11-18,2025-11-12 10:00:00+05:30,validation,bear_butterfly,-311.157078615,-357.9856179225,-217.5,93.657078615,"[""ALL"", ""LOW""]"
2025-11-18,2025-11-12 10:00:00+05:30,validation,risk_reversal,2158.272357867498,2125.5335368012484,2223.749999999998,65.4776421325,"[""ALL"", ""LOW""]"
2025-11-18,2025-11-12 10:00:00+05:30,validation,batman,12001.5177687025,11929.15165305375,12146.25,144.7322312975,"[""ALL"", ""LOW""]"
2025-11-18,2025-11-12 10:00:00+05:30,validation,jade_lizard,8303.7542704725,8253.75640570875,8403.75,99.9957295275,"[""ALL"", ""LOW""]"
2025-11-18,2025-11-12 10:00:00+05:30,validation,reverse_jade_lizard,10686.06985068,10636.60477602,10785.0,98.93014932,"[""ALL"", ""LOW""]"
2025-11-18,2025-11-12 10:00:00+05:30,validation,long_iron_condor,-5171.5122230525,-5231.64333457875,-5051.25,120.26222305249999,"[""ALL"", ""LOW""]"
2025-11-18,2025-11-12 10:00:00+05:30,validation,long_iron_butterfly,-2302.2259456925,-2367.71391853875,-2171.25,130.97594569250003,"[""ALL"", ""LOW""]"
2025-11-18,2025-11-12 10:00:00+05:30,validation,double_plateau,68.96661278249996,-29.675080826249996,266.25,197.28338721750004,"[""ALL"", ""LOW""]"
2025-11-18,2025-11-12 10:00:00+05:30,validation,strip,-25522.05664045,-25555.584960675,-25455.0,67.05664045,"[""ALL"", ""LOW""]"
2025-11-18,2025-11-12 10:00:00+05:30,validation,strap,-24705.07587538,-24742.61381307,-24630.0,75.07587538,"[""ALL"", ""LOW""]"
2025-11-18,2025-11-12 10:00:00+05:30,validation,long_synthetic_future,738.3992363899991,702.5988545849991,809.9999999999991,71.60076360999999,"[""ALL"", ""LOW""]"
2025-11-18,2025-11-12 10:00:00+05:30,validation,short_synthetic_future,-910.80051361,-946.200770415,-840.0,70.80051361,"[""ALL"", ""LOW""]"
2025-11-25,2025-11-19 10:00:00+05:30,validation,buy_call,-12906.900463835002,-12921.600695752502,-12877.500000000002,29.400463834999996,"[""ALL"", ""LOW""]"
2025-11-25,2025-11-19 10:00:00+05:30,validation,sell_put,7811.8685791225,7793.42786868375,7848.75,36.88142087749999,"[""ALL"", ""LOW""]"
2025-11-25,2025-11-19 10:00:00+05:30,validation,bull_condor,-593.8445964125018,-656.3918946187518,-468.7500000000018,125.09459641250001,"[""ALL"", ""LOW""]"
2025-11-25,2025-11-19 10:00:00+05:30,validation,bull_butterfly,-340.6917239325018,-392.91258589875184,-236.25000000000182,104.4417239325,"[""ALL"", ""LOW""]"
2025-11-25,2025-11-19 10:00:00+05:30,validation,range_forward,-3366.490678592501,-3397.861017888751,-3303.750000000001,62.7406785925,"[""ALL"", ""LOW""]"
2025-11-25,2025-11-19 10:00:00+05:30,validation,buy_put,-7893.010858377501,-7907.641287566251,-7863.750000000001,29.260858377499996,"[""ALL"", ""LOW""]"
2025-11-25,2025-11-19 10:00:00+05:30,validation,sell_call,12820.615636165,12799.6734542475,12862.5,41.884363835,"[""ALL"", ""LOW""]"
2025-11-25,2025-11-19 10:00:00+05:30,validation,bear_condor,-505.7702651149982,-563.6553976724981,-389.9999999999982,115.770265115,"[""ALL"", ""LOW""]"
2025-11-25,2025-11-19 10:00:00+05:30,validation,bear_butterfly,-300.4211771024982,-347.5067656537482,-206.24999999999818,94.1711771025,"[""ALL"", ""LOW""]"
2025-11-25,2025-11-19 10:00:00+05:30,validation,risk_reversal,3207.8192339075,3174.85385086125,3273.75,65.93076609250001,"[""ALL"", ""LOW""]"
2025-11-25,2025-11-19 10:00:00+05:30,validation,batman,11865.4466913925,11792.54503708875,12011.25,145.8033086075,"[""ALL"", ""LOW""]"
2025-11-25,2025-11-19 10:00:00+05:30,validation,jade_lizard,9225.3929284275,9174.96439264125,9326.25,100.8570715725,"[""ALL"", ""LOW""]"
2025-11-25,2025-11-19 10:00:00+05:30,validation,reverse_jade_lizard,11967.87768063,11918.066520945,12067.5,99.62231937000003,"[""ALL"", ""LOW""]"
2025-11-25,2025-11-19 10:00:00+05:30,validation,long_iron_condor,-6022.82994602,-6082.99491903,-5902.5,120.32994601999998,"[""ALL"", ""LOW""]"
2025-11-25,2025-11-19 10:00:00+05:30,validation,long_iron_butterfly,-5699.935593470003,-5763.653390205003,-5572.500000000004,127.43559346999999,"[""ALL"", ""LOW""]"
2025-11-25,2025-11-19 10:00:00+05:30,validation,double_plateau,-641.112901035,-740.4193515525001,-442.5,198.61290103500002,"[""ALL"", ""LOW""]"
2025-11-25,2025-11-19 10:00:00+05:30,validation,strip,-28669.322180590003,-28701.483270885004,-28605.000000000004,64.32218059,"[""ALL"", ""LOW""]"
2025-11-25,2025-11-19 10:00:00+05:30,validation,strap,-33683.211786047505,-33715.44267907126,-33618.75000000001,64.4617860475,"[""ALL"", ""LOW""]"
2025-11-25,2025-11-19 10:00:00+05:30,validation,long_synthetic_future,-5095.031884712502,-5128.172827068752,-5028.750000000002,66.2818847125,"[""ALL"", ""LOW""]"
2025-11-25,2025-11-19 10:00:00+05:30,validation,short_synthetic_future,4927.604777787499,4892.032166681249,4998.749999999999,71.14522221250002,"[""ALL"", ""LOW""]"
2025-12-02,2025-11-26 10:00:00+05:30,validation,buy_call,-12625.523779272502,-12640.160668908751,-12596.250000000002,29.2737792725,"[""ALL"", ""FALLING"", ""LOW""]"
2025-12-02,2025-11-26 10:00:00+05:30,validation,sell_put,3625.4395369075005,3606.2843053612505,3663.7500000000005,38.3104630925,"[""ALL"", ""FALLING"", ""LOW""]"
2025-12-02,2025-11-26 10:00:00+05:30,validation,bull_condor,-570.0856572575,-632.00348588625,-446.25,123.8356572575,"[""ALL"", ""FALLING"", ""LOW""]"
2025-12-02,2025-11-26 10:00:00+05:30,validation,bull_butterfly,-328.22994669000184,-379.8449200350018,-225.00000000000182,103.22994668999999,"[""ALL"", ""FALLING"", ""LOW""]"
2025-12-02,2025-11-26 10:00:00+05:30,validation,range_forward,-4585.3967627500015,-4616.845144125002,-4522.500000000002,62.89676275000001,"[""ALL"", ""FALLING"", ""LOW""]"
2025-12-02,2025-11-26 10:00:00+05:30,validation,buy_put,-3713.4993505925,-3730.87402588875,-3678.75,34.74935059250001,"[""ALL"", ""FALLING"", ""LOW""]"
2025-12-02,2025-11-26 10:00:00+05:30,validation,sell_call,12539.7651332275,12519.02269984125,12581.25,41.484866772500006,"[""ALL"", ""FALLING"", ""LOW""]"
2025-12-02,2025-11-26 10:00:00+05:30,validation,bear_condor,839.1076887475009,780.5365331212508,956.2500000000009,117.1423112525,"[""ALL"", ""FALLING"", ""LOW""]"
2025-12-02,2025-11-26 10:00:00+05:30,validation,bear_butterfly,1018.2931734375009,970.5647601562509,1113.750000000001,95.4568265625,"[""ALL"", ""FALLING"", ""LOW""]"
2025-12-02,2025-11-26 10:00:00+05:30,validation,risk_reversal,4425.230962249999,4391.596443374999,4492.499999999999,67.26903775000001,"[""ALL"", ""FALLING"", ""LOW""]"
2025-12-02,2025-11-26 10:00:00+05:30,validation,batman,12746.420123875,12673.3801858125,12892.5,146.079876125,"[""ALL"", ""FALLING"", ""LOW""]"
2025-12-02,2025-11-26 10:00:00+05:30,validation,jade_lizard,7706.934021735,7656.6510326025,7807.5,100.565978265,"[""ALL"", ""FALLING"", ""LOW""]"
2025-12-02,2025-11-26 10:00:00+05:30,validation,reverse_jade_lizard,10284.3444523275,10234.64167849125,10383.75,99.40554767249999,"[""ALL"", ""FALLING"", ""LOW""]"
2025-12-02,2025-11-26 10:00:00+05:30,validation,long_iron_condor,-4632.580934877501,-4693.246402316251,-4511.250000000001,121.33093487749997,"[""ALL"", ""FALLING"", ""LOW""]"
2025-12-02,2025-11-26 10:00:00+05:30,validation,long_iron_butterfly,-1718.3655928025,-1784.42338920375,-1586.25,132.1155928025,"[""ALL"", ""FALLING"", ""LOW""]"
2025-12-02,2025-11-26 10:00:00+05:30,validation,double_plateau,690.0632267475,590.7198401212501,888.75,198.6867732525,"[""ALL"", ""FALLING"", ""LOW""]"
2025-12-02,2025-11-26 10:00:00+05:30,validation,strip,-20028.9224804575,-20066.50872068625,-19953.75,75.1724804575,"[""ALL"", ""FALLING"", ""LOW""]"
2025-12-02,2025-11-26 10:00:00+05:30,validation,strap,-28940.946909137503,-28975.795363706253,-28871.250000000004,69.6969091375,"[""ALL"", ""FALLING"", ""LOW""]"
2025-12-02,2025-11-26 10:00:00+05:30,validation,long_synthetic_future,-9000.084242365001,-9033.876363547502,-8932.500000000002,67.58424236500001,"[""ALL"", ""FALLING"", ""LOW""]"
2025-12-02,2025-11-26 10:00:00+05:30,validation,short_synthetic_future,8826.265782635,8788.1486739525,8902.5,76.234217365,"[""ALL"", ""FALLING"", ""LOW""]"
2025-12-09,2025-12-03 10:00:00+05:30,validation,buy_call,-11391.218056325,-11405.5770844875,-11362.5,28.718056325,"[""ALL"", ""LOW""]"
2025-12-09,2025-12-03 10:00:00+05:30,validation,sell_put,803.4887847925,783.35817718875,843.75,40.26121520750001,"[""ALL"", ""LOW""]"
2025-12-09,2025-12-03 10:00:00+05:30,validation,bull_condor,-585.6379028599982,-645.9568542899982,-464.9999999999982,120.63790286000001,"[""ALL"", ""LOW""]"
2025-12-09,2025-12-03 10:00:00+05:30,validation,bull_butterfly,-362.2108974449982,-412.0663461674982,-262.4999999999982,99.71089744500001,"[""ALL"", ""LOW""]"
2025-12-09,2025-12-03 10:00:00+05:30,validation,range_forward,-6457.9316299375,-6490.02244490625,-6393.75,64.18162993749999,"[""ALL"", ""LOW""]"
2025-12-09,2025-12-03 10:00:00+05:30,validation,buy_put,-898.185502707499,-917.9032540612491,-858.7499999999991,39.4355027075,"[""ALL"", ""LOW""]"
2025-12-09,2025-12-03 10:00:00+05:30,validation,sell_call,11307.767593674998,11287.901390512498,11347.499999999998,39.732406325,"[""ALL"", ""LOW""]"
2025-12-09,2025-12-03 10:00:00+05:30,validation,bear_condor,3162.8380088500026,3101.757013275003,3285.0000000000027,122.16199115000002,"[""ALL"", ""LOW""]"
2025-12-09,2025-12-03 10:00:00+05:30,validation,bear_butterfly,2613.9993616650027,2563.4990424975026,2715.0000000000027,101.000638335,"[""ALL"", ""LOW""]"
2025-12-09,2025-12-03 10:00:00+05:30,validation,risk_reversal,6293.380982562501,6258.196473843751,6363.750000000001,70.36901743749999,"[""ALL"", ""LOW""]"
2025-12-09,2025-12-03 10:00:00+05:30,validation,batman,13512.787266317504,13438.555899476254,13661.250000000004,148.4627336825,"[""ALL"", ""LOW""]"
2025-12-09,2025-12-03 10:00:00+05:30,validation,jade_lizard,4613.3760521775,4563.18907826625,4713.75,100.37394782249999,"[""ALL"", ""LOW""]"
2025-12-09,2025-12-03 10:00:00+05:30,validation,reverse_jade_lizard,6934.233392325,6883.8500884875,7035.0,100.766607675,"[""ALL"", ""LOW""]"
2025-12-09,2025-12-03 10:00:00+05:30,validation,long_iron_condor,-1391.8529070349973,-1454.0293605524973,-1267.4999999999973,124.352907035,"[""ALL"", ""LOW""]"
2025-12-09,2025-12-03 10:00:00+05:30,validation,long_iron_butterfly,697.1381578450018,629.4572367675017,832.5000000000018,135.36184215499998,"[""ALL"", ""LOW""]"
2025-12-09,2025-12-03 10:00:00+05:30,validation,double_plateau,2251.788464220004,2151.4326963300036,2452.5000000000036,200.71153577999996,"[""ALL"", ""LOW""]"
2025-12-09,2025-12-03 10:00:00+05:30,validation,strip,-13163.989061739998,-13205.983592609999,-13079.999999999998,83.98906174000001,"[""ALL"", ""LOW""]"
2025-12-09,2025-12-03 10:00:00+05:30,validation,strap,-23657.0216153575,-23693.65742303625,-23583.75,73.27161535750001,"[""ALL"", ""LOW""]"
2025-12-09,2025-12-03 10:00:00+05:30,validation,long_synthetic_future,-10587.7292715325,-10622.21890729875,-10518.75,68.97927153250001,"[""ALL"", ""LOW""]"
2025-12-09,2025-12-03 10:00:00+05:30,validation,short_synthetic_future,10409.5820909675,10369.99813645125,10488.75,79.1679090325,"[""ALL"", ""LOW""]"
2025-12-16,2025-12-10 10:00:00+05:30,validation,buy_call,-10509.5711113625,-10523.73166704375,-10481.25,28.321111362500005,"[""ALL"", ""LOW""]"
2025-12-16,2025-12-10 10:00:00+05:30,validation,sell_put,5576.591497652501,5558.012246478751,5613.750000000001,37.1585023475,"[""ALL"", ""LOW""]"
2025-12-16,2025-12-10 10:00:00+05:30,validation,bull_condor,-646.3717803574982,-705.1826705362482,-528.7499999999982,117.62178035749999,"[""ALL"", ""LOW""]"
2025-12-16,2025-12-10 10:00:00+05:30,validation,bull_butterfly,-389.0673207149982,-437.35098107249814,-292.4999999999982,96.567320715,"[""ALL"", ""LOW""]"
2025-12-16,2025-12-10 10:00:00+05:30,validation,range_forward,-1561.0582546449991,-1591.5873819674991,-1499.999999999999,61.05825464499999,"[""ALL"", ""LOW""]"
2025-12-16,2025-12-10 10:00:00+05:30,validation,buy_put,-5660.4558898475,-5676.30883477125,-5628.75,31.7058898475,"[""ALL"", ""LOW""]"
2025-12-16,2025-12-10 10:00:00+05:30,validation,sell_call,10427.769351137498,10408.529026706248,10466.249999999998,38.4806488625,"[""ALL"", ""LOW""]"
2025-12-16,2025-12-10 10:00:00+05:30,validation,bear_condor,-559.9408755274991,-616.786313291249,-446.2499999999991,113.69087552750001,"[""ALL"", ""LOW""]"
2025-12-16,2025-12-10 10:00:00+05:30,validation,bear_butterfly,-305.9320809374982,-352.02312140624815,-213.74999999999818,92.1820809375,"[""ALL"", ""LOW""]"
2025-12-16,2025-12-10 10:00:00+05:30,validation,risk_reversal,1407.501295355,1376.2519430325,1470.0,62.49870464499999,"[""ALL"", ""LOW""]"
2025-12-16,2025-12-10 10:00:00+05:30,validation,batman,9320.438610115003,9251.907915172504,9457.500000000004,137.061389885,"[""ALL"", ""LOW""]"
2025-12-16,2025-12-10 10:00:00+05:30,validation,jade_lizard,8607.7270186575,8559.71552798625,8703.75,96.0229813425,"[""ALL"", ""LOW""]"
2025-12-16,2025-12-10 10:00:00+05:30,validation,reverse_jade_lizard,9770.7506481825,9723.00097227375,9866.25,95.4993518175,"[""ALL"", ""LOW""]"
2025-12-16,2025-12-10 10:00:00+05:30,validation,long_iron_condor,-5774.311691412499,-5832.0925371187495,-5658.749999999999,115.5616914125,"[""ALL"", ""LOW""]"
2025-12-16,2025-12-10 10:00:00+05:30,validation,long_iron_butterfly,-3710.046000079999,-3772.569000119999,-3584.999999999999,125.04600008000001,"[""ALL"", ""LOW""]"
2025-12-16,2025-12-10 10:00:00+05:30,validation,double_plateau,-694.9994016524963,-789.3741024787464,-506.24999999999636,188.7494016525,"[""ALL"", ""LOW""]"
2025-12-16,2025-12-10 10:00:00+05:30,validation,strip,-21806.8828910575,-21840.94933658625,-21738.75,68.1328910575,"[""ALL"", ""LOW""]"
2025-12-16,2025-12-10 10:00:00+05:30,validation,strap,-26655.9981125725,-26688.37216885875,-26591.25,64.7481125725,"[""ALL"", ""LOW""]"
2025-12-16,2025-12-10 10:00:00+05:30,validation,long_synthetic_future,-4932.979613709999,-4965.719420564999,-4867.499999999999,65.47961371,"[""ALL"", ""LOW""]"
2025-12-16,2025-12-10 10:00:00+05:30,validation,short_synthetic_future,4767.3134612899985,4732.220191934998,4837.499999999998,70.18653871,"[""ALL"", ""LOW""]"
2025-12-23,2025-12-17 10:00:00+05:30,validation,buy_call,13357.8754914175,13326.18823712625,13421.25,63.374508582500006,"[""ALL"", ""LOW""]"
2025-12-23,2025-12-17 10:00:00+05:30,validation,sell_put,7739.086853927499,7721.755280891249,7773.749999999999,34.6631460725,"[""ALL"", ""LOW""]"
2025-12-23,2025-12-17 10:00:00+05:30,validation,bull_condor,-757.0069268074991,-844.8853902112492,-581.2499999999991,175.75692680749998,"[""ALL"", ""LOW""]"
2025-12-23,2025-12-17 10:00:00+05:30,validation,bull_butterfly,-439.47546382500093,-520.4631957375009,-277.5000000000009,161.975463825,"[""ALL"", ""LOW""]"
2025-12-23,2025-12-17 10:00:00+05:30,validation,range_forward,17887.80706793,17842.960601895,17977.5,89.69293207,"[""ALL"", ""LOW""]"
2025-12-23,2025-12-17 10:00:00+05:30,validation,buy_put,-7815.8653335725,-7829.42300035875,-7788.75,27.1153335725,"[""ALL"", ""LOW""]"
2025-12-23,2025-12-17 10:00:00+05:30,validation,sell_call,-13486.598621082501,-13511.772931623751,-13436.250000000002,50.3486210825,"[""ALL"", ""LOW""]"
2025-12-23,2025-12-17 10:00:00+05:30,validation,bear_condor,-542.6610143974987,-598.3665215962486,-431.24999999999864,111.4110143975,"[""ALL"", ""LOW""]"
2025-12-23,2025-12-17 10:00:00+05:30,validation,bear_butterfly,-322.18590203999815,-367.0288530599982,-232.49999999999818,89.68590204,"[""ALL"", ""LOW""]"
2025-12-23,2025-12-17 10:00:00+05:30,validation,risk_reversal,-18079.74020707,-18115.860310605,-18007.5,72.24020707,"[""ALL"", ""LOW""]"
2025-12-23,2025-12-17 10:00:00+05:30,validation,batman,-4253.646075229998,-4344.219112844999,-4072.499999999998,181.14607523000004,"[""ALL"", ""LOW""]"
2025-12-23,2025-12-17 10:00:00+05:30,validation,jade_lizard,4153.076002200001,4088.364003300001,4282.500000000001,129.4239978,"[""ALL"", ""LOW""]"
2025-12-23,2025-12-17 10:00:00+05:30,validation,reverse_jade_lizard,-10596.68553792,-10648.77830688,-10492.5,104.18553791999999,"[""ALL"", ""LOW""]"
2025-12-23,2025-12-17 10:00:00+05:30,validation,long_iron_condor,1694.343852295,1619.0157784425,1845.0,150.656147705,"[""ALL"", ""LOW""]"
2025-12-23,2025-12-17 10:00:00+05:30,validation,long_iron_butterfly,714.642636265,633.2139543975,877.5,162.857363735,"[""ALL"", ""LOW""]"
2025-12-23,2025-12-17 10:00:00+05:30,validation,double_plateau,-761.6613658649991,-887.4920487974991,-509.9999999999991,251.66136586499996,"[""ALL"", ""LOW""]"
2025-12-23,2025-12-17 10:00:00+05:30,validation,strip,-2250.2551757275,-2297.25776359125,-2156.25,94.0051757275,"[""ALL"", ""LOW""]"
2025-12-23,2025-12-17 10:00:00+05:30,validation,strap,18923.4856492625,18858.35347389375,19053.75,130.2643507375,"[""ALL"", ""LOW""]"
2025-12-23,2025-12-17 10:00:00+05:30,validation,long_synthetic_future,21096.962345345,21047.9435180175,21195.0,98.03765465500001,"[""ALL"", ""LOW""]"
2025-12-23,2025-12-17 10:00:00+05:30,validation,short_synthetic_future,-21302.463954655,-21341.1959319825,-21225.0,77.46395465500001,"[""ALL"", ""LOW""]"
2025-12-30,2025-12-23 10:00:00+05:30,validation,buy_call,-12081.528855785002,-12096.043283677502,-12052.500000000002,29.028855784999998,"[""ALL"", ""LOW""]"
2025-12-30,2025-12-23 10:00:00+05:30,validation,sell_put,-8920.543921895,-8940.8158828425,-8880.0,40.543921895000004,"[""ALL"", ""LOW""]"
2025-12-30,2025-12-23 10:00:00+05:30,validation,bull_condor,-668.3644890499982,-728.7967335749981,-547.4999999999982,120.86448905,"[""ALL"", ""LOW""]"
2025-12-30,2025-12-23 10:00:00+05:30,validation,bull_butterfly,-389.0620447574982,-439.2180671362482,-288.7499999999982,100.3120447575,"[""ALL"", ""LOW""]"
2025-12-30,2025-12-23 10:00:00+05:30,validation,range_forward,-16354.998060565002,-16387.4970908475,-16290.000000000002,64.998060565,"[""ALL"", ""LOW""]"
2025-12-30,2025-12-23 10:00:00+05:30,validation,buy_put,8815.849753105,8791.2746296575,8865.0,49.150246895,"[""ALL"", ""LOW""]"
2025-12-30,2025-12-23 10:00:00+05:30,validation,sell_call,11996.787494215,11976.4312413225,12037.5,40.712505785000005,"[""ALL"", ""LOW""]"
2025-12-30,2025-12-23 10:00:00+05:30,validation,bear_condor,-501.4940775949991,-568.4911163924991,-367.4999999999991,133.994077595,"[""ALL"", ""LOW""]"
2025-12-30,2025-12-23 10:00:00+05:30,validation,bear_butterfly,-388.9795389299994,-448.4693083949994,-269.99999999999943,118.97953892999999,"[""ALL"", ""LOW""]"
2025-12-30,2025-12-23 10:00:00+05:30,validation,risk_reversal,16179.215189435,16138.8227841525,16260.0,80.784810565,"[""ALL"", ""LOW""]"
2025-12-30,2025-12-23 10:00:00+05:30,validation,batman,4548.833845795002,4468.250768692502,4710.000000000002,161.166154205,"[""ALL"", ""LOW""]"
2025-12-30,2025-12-23 10:00:00+05:30,validation,jade_lizard,-4646.646896805002,-4697.470345207502,-4545.000000000002,101.646896805,"[""ALL"", ""LOW""]"
2025-12-30,2025-12-23 10:00:00+05:30,validation,reverse_jade_lizard,7005.510266354999,6949.515399532499,7117.499999999999,111.989733645,"[""ALL"", ""LOW""]"
2025-12-30,2025-12-23 10:00:00+05:30,validation,long_iron_condor,1759.2520474525008,1692.0030711787508,1893.750000000001,134.4979525475,"[""ALL"", ""LOW""]"
2025-12-30,2025-12-23 10:00:00+05:30,validation,long_iron_butterfly,693.2760129999991,619.9140194999991,839.9999999999991,146.723987,"[""ALL"", ""LOW""]"
2025-12-30,2025-12-23 10:00:00+05:30,validation,double_plateau,-778.0415836874981,-887.6873755312481,-558.7499999999982,219.2915836875,"[""ALL"", ""LOW""]"
2025-12-30,2025-12-23 10:00:00+05:30,validation,strip,5573.770650424998,5521.905975637498,5677.499999999998,103.72934957499999,"[""ALL"", ""LOW""]"
2025-12-30,2025-12-23 10:00:00+05:30,validation,strap,-15323.607958465003,-15365.411937697503,-15240.000000000004,83.607958465,"[""ALL"", ""LOW""]"
2025-12-30,2025-12-23 10:00:00+05:30,validation,long_synthetic_future,-21002.07277768,-21036.85916652,-20932.5,69.57277768,"[""ALL"", ""LOW""]"
2025-12-30,2025-12-23 10:00:00+05:30,validation,short_synthetic_future,20812.63724732,20767.70587098,20902.5,89.86275268,"[""ALL"", ""LOW""]"
2026-01-06,2025-12-31 10:00:00+05:30,holdout,buy_call,3937.760865676499,3916.016298514749,3981.249999999999,43.4891343235,"[""ALL"", ""LOW""]"
2026-01-06,2025-12-31 10:00:00+05:30,holdout,sell_put,5792.109151421,5776.1637271315,5824.0,31.890848579,"[""ALL"", ""LOW""]"
2026-01-06,2025-12-31 10:00:00+05:30,holdout,bull_condor,720.9134293849991,658.870144077499,844.9999999999991,124.08657061499999,"[""ALL"", ""LOW""]"
2026-01-06,2025-12-31 10:00:00+05:30,holdout,bull_butterfly,-353.6757053200016,-407.01355798000156,-247.0000000000016,106.67570532000002,"[""ALL"", ""LOW""]"
2026-01-06,2025-12-31 10:00:00+05:30,holdout,range_forward,6932.326549488999,6898.239824233499,7000.499999999999,68.173450511,"[""ALL"", ""LOW""]"
2026-01-06,2025-12-31 10:00:00+05:30,holdout,buy_put,-5863.235263579,-5876.3528953685,-5837.0,26.235263579,"[""ALL"", ""LOW""]"
2026-01-06,2025-12-31 10:00:00+05:30,holdout,sell_call,-4033.8710168235,-4053.68152523525,-3994.25,39.6210168235,"[""ALL"", ""LOW""]"
2026-01-06,2025-12-31 10:00:00+05:30,holdout,bear_condor,-544.7847117185,-597.80206757775,-438.75,106.0347117185,"[""ALL"", ""LOW""]"
2026-01-06,2025-12-31 10:00:00+05:30,holdout,bear_butterfly,-330.93530477999957,-372.9029571699995,-246.99999999999955,83.93530478,"[""ALL"", ""LOW""]"
2026-01-06,2025-12-31 10:00:00+05:30,holdout,risk_reversal,-7087.870355511,-7118.5555332665,-7026.5,61.370355511,"[""ALL"", ""LOW""]"
2026-01-06,2025-12-31 10:00:00+05:30,holdout,batman,3423.893893815998,3354.840840723998,3561.999999999998,138.106106184,"[""ALL"", ""LOW""]"
2026-01-06,2025-12-31 10:00:00+05:30,holdout,jade_lizard,2605.372280119001,2556.058420178501,2704.000000000001,98.62771988099999,"[""ALL"", ""LOW""]"
2026-01-06,2025-12-31 10:00:00+05:30,holdout,reverse_jade_lizard,-1504.7046314775,-1550.18194721625,-1413.75,90.95463147750002,"[""ALL"", ""LOW""]"
2026-01-06,2025-12-31 10:00:00+05:30,holdout,long_iron_condor,1810.3134355729994,1750.2201533594994,1930.4999999999993,120.18656442700001,"[""ALL"", ""LOW""]"
2026-01-06,2025-12-31 10:00:00+05:30,holdout,long_iron_butterfly,844.5025242609988,779.2537863914987,974.9999999999987,130.49747573899998,"[""ALL"", ""LOW""]"
2026-01-06,2025-12-31 10:00:00+05:30,holdout,double_plateau,-684.6110101000011,-779.9165151500011,-494.00000000000114,190.6110101,"[""ALL"", ""LOW""]"
2026-01-06,2025-12-31 10:00:00+05:30,holdout,strip,-7765.109661481501,-7801.289492222251,-7692.750000000001,72.35966148149998,"[""ALL"", ""LOW""]"
2026-01-06,2025-12-31 10:00:00+05:30,holdout,strap,2035.8864677739982,1991.0797016609981,2125.499999999998,89.613532226,"[""ALL"", ""LOW""]"
2026-01-06,2025-12-31 10:00:00+05:30,holdout,long_synthetic_future,9729.8700170975,9692.18002564625,9805.25,75.37998290249999,"[""ALL"", ""LOW""]"
2026-01-06,2025-12-31 10:00:00+05:30,holdout,short_synthetic_future,-9897.1062804025,-9930.03442060375,-9831.25,65.8562804025,"[""ALL"", ""LOW""]"
2026-01-13,2026-01-07 10:00:00+05:30,holdout,buy_call,-7388.1657572825,-7401.62363592375,-7361.25,26.915757282499996,"[""ALL"", ""LOW""]"
2026-01-13,2026-01-07 10:00:00+05:30,holdout,sell_put,-20981.150004872,-21003.475007308,-20936.5,44.65000487199999,"[""ALL"", ""LOW""]"
2026-01-13,2026-01-07 10:00:00+05:30,holdout,bull_condor,-586.5688246994991,-640.9782370492491,-477.7499999999991,108.8188246995,"[""ALL"", ""LOW""]"
2026-01-13,2026-01-07 10:00:00+05:30,holdout,bull_butterfly,-369.92397792549866,-413.5109668882486,-282.74999999999864,87.1739779255,"[""ALL"", ""LOW""]"
2026-01-13,2026-01-07 10:00:00+05:30,holdout,range_forward,-24835.7634253465,-24869.52013801975,-24768.25,67.5134253465,"[""ALL"", ""LOW""]"
2026-01-13,2026-01-07 10:00:00+05:30,holdout,buy_put,20858.547895128002,20826.071842692003,20923.500000000004,64.95210487199999,"[""ALL"", ""LOW""]"
2026-01-13,2026-01-07 10:00:00+05:30,holdout,sell_call,7314.200135217501,7297.175202826251,7348.250000000001,34.0498647825,"[""ALL"", ""LOW""]"
2026-01-13,2026-01-07 10:00:00+05:30,holdout,bear_condor,-587.7983122510018,-676.9474683765018,-409.5000000000018,178.298312251,"[""ALL"", ""LOW""]"
2026-01-13,2026-01-07 10:00:00+05:30,holdout,bear_butterfly,-471.1188583744982,-552.3032875617482,-308.7499999999982,162.3688583745,"[""ALL"", ""LOW""]"
2026-01-13,2026-01-07 10:00:00+05:30,holdout,risk_reversal,24650.7239821535,24604.96097323025,24742.25,91.52601784650001,"[""ALL"", ""LOW""]"
2026-01-13,2026-01-07 10:00:00+05:30,holdout,batman,-12027.6294885115,-12115.06923276725,-11852.75,174.8794885115,"[""ALL"", ""LOW""]"
2026-01-13,2026-01-07 10:00:00+05:30,holdout,jade_lizard,-17833.8421650955,-17883.138247643248,-17735.25,98.59216509550001,"[""ALL"", ""LOW""]"
2026-01-13,2026-01-07 10:00:00+05:30,holdout,reverse_jade_lizard,3414.77257282,3350.90885923,3542.5,127.72742718,"[""ALL"", ""LOW""]"
2026-01-13,2026-01-07 10:00:00+05:30,holdout,long_iron_condor,1923.766684364999,1848.900026547499,2073.499999999999,149.73331563499997,"[""ALL"", ""LOW""]"
2026-01-13,2026-01-07 10:00:00+05:30,holdout,long_iron_butterfly,795.5953887630036,715.6430831445036,955.5000000000036,159.904611237,"[""ALL"", ""LOW""]"
2026-01-13,2026-01-07 10:00:00+05:30,holdout,double_plateau,-841.0428362999968,-965.8142544499968,-591.4999999999968,249.54283629999998,"[""ALL"", ""LOW""]"
2026-01-13,2026-01-07 10:00:00+05:30,holdout,strip,34352.530032973504,34285.920049460256,34485.75000000001,133.2199670265,"[""ALL"", ""LOW""]"
2026-01-13,2026-01-07 10:00:00+05:30,holdout,strap,6105.816380563004,6058.224570844503,6201.000000000004,95.18361943699999,"[""ALL"", ""LOW""]"
2026-01-13,2026-01-07 10:00:00+05:30,holdout,long_synthetic_future,-28369.3157621545,-28405.09864323175,-28297.75,71.5657621545,"[""ALL"", ""LOW""]"
2026-01-13,2026-01-07 10:00:00+05:30,holdout,short_synthetic_future,28172.748030345505,28123.247045518252,28271.750000000004,99.0019696545,"[""ALL"", ""LOW""]"
2026-01-20,2026-01-13 10:00:00+05:30,holdout,buy_call,-12219.8472086065,-12234.39581290975,-12190.75,29.097208606499997,"[""ALL"", ""LOW""]"
2026-01-20,2026-01-13 10:00:00+05:30,holdout,sell_put,-21363.804268032003,-21388.956402048003,-21313.500000000004,50.30426803199999,"[""ALL"", ""LOW""]"
2026-01-20,2026-01-13 10:00:00+05:30,holdout,bull_condor,-544.4167787635,-607.00016814525,-419.25,125.16677876349999,"[""ALL"", ""LOW""]"
2026-01-20,2026-01-13 10:00:00+05:30,holdout,bull_butterfly,-360.81555902150365,-412.84833853225365,-256.75000000000364,104.0655590215,"[""ALL"", ""LOW""]"
2026-01-20,2026-01-13 10:00:00+05:30,holdout,range_forward,-29978.4939699475,-30016.11595492125,-29903.25,75.24396994749999,"[""ALL"", ""LOW""]"
2026-01-20,2026-01-13 10:00:00+05:30,holdout,buy_put,21229.527941968,21194.041912952,21300.5,70.97205803199999,"[""ALL"", ""LOW""]"
2026-01-20,2026-01-13 10:00:00+05:30,holdout,sell_call,12136.8340688935,12116.37610334025,12177.75,40.9159311065,"[""ALL"", ""LOW""]"
2026-01-20,2026-01-13 10:00:00+05:30,holdout,bear_condor,-548.5055250095018,-648.8832875142518,-347.7500000000018,200.7555250095,"[""ALL"", ""LOW""]"
2026-01-20,2026-01-13 10:00:00+05:30,holdout,bear_butterfly,-354.04631076299995,-446.5694661445,-169.0,185.04631076299998,"[""ALL"", ""LOW""]"
2026-01-20,2026-01-13 10:00:00+05:30,holdout,risk_reversal,29773.0124875525,29720.89373132875,29877.25,104.23751244750001,"[""ALL"", ""LOW""]"
2026-01-20,2026-01-13 10:00:00+05:30,holdout,batman,-8139.939545010504,-8243.284317515754,-7933.250000000004,206.68954501050004,"[""ALL"", ""LOW""]"
2026-01-20,2026-01-13 10:00:00+05:30,holdout,jade_lizard,-17961.986879202,-18018.480318803,-17849.0,112.98687920200001,"[""ALL"", ""LOW""]"
2026-01-20,2026-01-13 10:00:00+05:30,holdout,reverse_jade_lizard,8151.380323025502,8078.445484538252,8297.250000000002,145.86967697449998,"[""ALL"", ""LOW""]"
2026-01-20,2026-01-13 10:00:00+05:30,holdout,long_iron_condor,1257.529792778501,1172.919689167751,1426.750000000001,169.22020722149998,"[""ALL"", ""LOW""]"
2026-01-20,2026-01-13 10:00:00+05:30,holdout,long_iron_butterfly,483.03234457999815,393.0485168699982,662.9999999999982,179.96765542000003,"[""ALL"", ""LOW""]"
2026-01-20,2026-01-13 10:00:00+05:30,holdout,double_plateau,-714.8618697845036,-859.4178046767537,-425.75000000000364,289.11186978449996,"[""ALL"", ""LOW""]"
2026-01-20,2026-01-13 10:00:00+05:30,holdout,strip,30262.8086753295,30189.08801299425,30410.25,147.4413246705,"[""ALL"", ""LOW""]"
2026-01-20,2026-01-13 10:00:00+05:30,holdout,strap,-3186.566475245,-3239.3497128675,-3081.0,105.56647524499999,"[""ALL"", ""LOW""]"
2026-01-20,2026-01-13 10:00:00+05:30,holdout,long_synthetic_future,-33583.6514766385,-33623.35221495775,-33504.25,79.4014766385,"[""ALL"", ""LOW""]"
2026-01-20,2026-01-13 10:00:00+05:30,holdout,short_synthetic_future,33366.3620108615,33310.41801629225,33478.25,111.8879891385,"[""ALL"", ""LOW""]"
2026-01-27,2026-01-20 10:00:00+05:30,holdout,buy_call,-12034.507685387001,-12049.011528080502,-12005.500000000002,29.007685387,"[""ALL"", ""LOW""]"
2026-01-27,2026-01-20 10:00:00+05:30,holdout,sell_put,-8962.270969631003,-8984.406454446504,-8918.000000000004,44.270969631,"[""ALL"", ""LOW""]"
2026-01-27,2026-01-20 10:00:00+05:30,holdout,bull_condor,-475.2665507399991,-537.3998261099991,-350.9999999999991,124.26655074,"[""ALL"", ""LOW""]"
2026-01-27,2026-01-20 10:00:00+05:30,holdout,bull_butterfly,-350.185601066,-401.77840159899995,-247.0,103.185601066,"[""ALL"", ""LOW""]"
2026-01-27,2026-01-20 10:00:00+05:30,holdout,range_forward,-17268.174965506,-17302.762448259,-17199.0,69.174965506,"[""ALL"", ""LOW""]"
2026-01-27,2026-01-20 10:00:00+05:30,holdout,buy_put,8852.084875369,8825.6273130535,8905.0,52.915124631000005,"[""ALL"", ""LOW""]"
2026-01-27,2026-01-20 10:00:00+05:30,holdout,sell_call,11951.853284613,11931.5299269195,11992.5,40.646715387,"[""ALL"", ""LOW""]"
2026-01-27,2026-01-20 10:00:00+05:30,holdout,bear_condor,-487.72050694949996,-564.20576042425,-334.75,152.9705069495,"[""ALL"", ""LOW""]"
2026-01-27,2026-01-20 10:00:00+05:30,holdout,bear_butterfly,-322.4636646874991,-391.0704970312491,-185.2499999999991,137.2136646875,"[""ALL"", ""LOW""]"
2026-01-27,2026-01-20 10:00:00+05:30,holdout,risk_reversal,17087.154614494,17044.231921741,17173.0,85.84538550599999,"[""ALL"", ""LOW""]"
2026-01-27,2026-01-20 10:00:00+05:30,holdout,batman,3984.0031587519998,3896.004738128,4160.0,175.996841248,"[""ALL"", ""LOW""]"
2026-01-27,2026-01-20 10:00:00+05:30,holdout,jade_lizard,-5501.574571794001,-5554.861857691001,-5395.000000000001,106.57457179400001,"[""ALL"", ""LOW""]"
2026-01-27,2026-01-20 10:00:00+05:30,holdout,reverse_jade_lizard,8009.883027910998,7949.074541866498,8131.499999999998,121.61697208899997,"[""ALL"", ""LOW""]"
2026-01-27,2026-01-20 10:00:00+05:30,holdout,long_iron_condor,1158.471777488501,1086.0826662327509,1303.250000000001,144.77822251150002,"[""ALL"", ""LOW""]"
2026-01-27,2026-01-20 10:00:00+05:30,holdout,long_iron_butterfly,455.44573211099816,377.6685981664981,610.9999999999982,155.55426788900002,"[""ALL"", ""LOW""]"
2026-01-27,2026-01-20 10:00:00+05:30,holdout,double_plateau,-672.6492657535,-792.84889863025,-432.25,240.3992657535,"[""ALL"", ""LOW""]"
2026-01-27,2026-01-20 10:00:00+05:30,holdout,strip,5693.2620653509985,5637.643098026498,5804.499999999998,111.23793464900001,"[""ALL"", ""LOW""]"
2026-01-27,2026-01-20 10:00:00+05:30,holdout,strap,-15193.330495405004,-15236.995743107504,-15106.000000000004,87.33049540500001,"[""ALL"", ""LOW""]"
2026-01-27,2026-01-20 10:00:00+05:30,holdout,long_synthetic_future,-20996.778655018006,-21033.417982527008,-20923.500000000007,73.278655018,"[""ALL"", ""LOW""]"
2026-01-27,2026-01-20 10:00:00+05:30,holdout,short_synthetic_future,20803.938159982,20757.157239973,20897.5,93.561840018,"[""ALL"", ""LOW""]"
2026-02-03,2026-01-29 10:00:00+05:30,holdout,buy_call,20591.800216749005,20552.700325123504,20670.000000000004,78.19978325100003,"[""ALL"", ""NORMAL""]"
2026-02-03,2026-01-29 10:00:00+05:30,holdout,sell_put,13457.711270141,13436.3169052115,13500.5,42.78872985899999,"[""ALL"", ""NORMAL""]"
2026-02-03,2026-01-29 10:00:00+05:30,holdout,bull_condor,-537.3966314735092,-651.7199472102591,-308.7500000000091,228.6466314735,"[""ALL"", ""NORMAL""]"
2026-02-03,2026-01-29 10:00:00+05:30,holdout,bull_butterfly,-362.99950990101456,-469.74926485151457,-149.50000000001455,213.49950990099998,"[""ALL"", ""NORMAL""]"
2026-02-03,2026-01-29 10:00:00+05:30,holdout,range_forward,30962.90390793899,30906.105861908494,31076.499999999993,113.596092061,"[""ALL"", ""NORMAL""]"
2026-02-03,2026-01-29 10:00:00+05:30,holdout,buy_put,-13543.186939859,-13558.0304097885,-13513.5,29.68693985899999,"[""ALL"", ""NORMAL""]"
2026-02-03,2026-01-29 10:00:00+05:30,holdout,sell_call,-20741.143578251,-20770.2153673765,-20683.0,58.143578251,"[""ALL"", ""NORMAL""]"
2026-02-03,2026-01-29 10:00:00+05:30,holdout,bear_condor,-460.1310259005,-526.07153885075,-328.25,131.8810259005,"[""ALL"", ""NORMAL""]"
2026-02-03,2026-01-29 10:00:00+05:30,holdout,bear_butterfly,-299.040760371,-354.31114055649994,-188.5,110.54076037099999,"[""ALL"", ""NORMAL""]"
2026-02-03,2026-01-29 10:00:00+05:30,holdout,risk_reversal,-31185.939277061,-31227.6589155915,-31102.5,83.439277061,"[""ALL"", ""NORMAL""]"
2026-02-03,2026-01-29 10:00:00+05:30,holdout,batman,-6616.760085709011,-6733.640128563511,-6383.000000000011,233.76008570899998,"[""ALL"", ""NORMAL""]"
2026-02-03,2026-01-29 10:00:00+05:30,holdout,jade_lizard,10045.529127326497,9964.168690989749,10208.249999999998,162.7208726735,"[""ALL"", ""NORMAL""]"
2026-02-03,2026-01-29 10:00:00+05:30,holdout,reverse_jade_lizard,-17826.2081995225,-17887.93729928375,-17702.75,123.45819952249998,"[""ALL"", ""NORMAL""]"
2026-02-03,2026-01-29 10:00:00+05:30,holdout,long_iron_condor,814.6421658759964,721.4632488139964,1000.9999999999964,186.357834124,"[""ALL"", ""NORMAL""]"
2026-02-03,2026-01-29 10:00:00+05:30,holdout,long_iron_butterfly,231.610188816,132.91528322399995,429.0,197.389811184,"[""ALL"", ""NORMAL""]"
2026-02-03,2026-01-29 10:00:00+05:30,holdout,double_plateau,-662.0402702720146,-824.0604054080145,-338.00000000001455,324.04027027200004,"[""ALL"", ""NORMAL""]"
2026-02-03,2026-01-29 10:00:00+05:30,holdout,strip,-6470.973662968996,-6527.960494453497,-6356.999999999996,113.973662969,"[""ALL"", ""NORMAL""]"
2026-02-03,2026-01-29 10:00:00+05:30,holdout,strap,27664.013493639006,27582.770240458507,27826.500000000007,162.48650636100004,"[""ALL"", ""NORMAL""]"
2026-02-03,2026-01-29 10:00:00+05:30,holdout,long_synthetic_future,34049.51148689,33989.017230335,34170.5,120.98851311000001,"[""ALL"", ""NORMAL""]"
2026-02-03,2026-01-29 10:00:00+05:30,holdout,short_synthetic_future,-34284.33051811,-34328.245777165,-34196.5,87.83051811,"[""ALL"", ""NORMAL""]"
2026-02-10,2026-02-04 10:00:00+05:30,holdout,buy_call,-2312.8083811025026,-2333.3375716537525,-2271.7500000000027,41.0583811025,"[""ALL"", ""NORMAL""]"
2026-02-10,2026-02-04 10:00:00+05:30,holdout,sell_put,11426.101143114,11406.151714671,11466.0,39.898856886,"[""ALL"", ""NORMAL""]"
2026-02-10,2026-02-04 10:00:00+05:30,holdout,bull_condor,2722.243459786003,2656.615189679003,2853.5000000000027,131.25654021399998,"[""ALL"", ""NORMAL""]"
2026-02-10,2026-02-04 10:00:00+05:30,holdout,bull_butterfly,639.8357877125018,584.3786815687517,750.7500000000018,110.91421228749999,"[""ALL"", ""NORMAL""]"
2026-02-10,2026-02-04 10:00:00+05:30,holdout,range_forward,5887.078965823,5850.3684487345,5960.5,73.421034177,"[""ALL"", ""NORMAL""]"
2026-02-10,2026-02-04 10:00:00+05:30,holdout,buy_put,-11507.770531886003,-11522.155797829002,-11479.000000000002,28.770531886000004,"[""ALL"", ""NORMAL""]"
2026-02-10,2026-02-04 10:00:00+05:30,holdout,sell_call,2215.4943263975,2193.86648959625,2258.75,43.2556736025,"[""ALL"", ""NORMAL""]"
2026-02-10,2026-02-04 10:00:00+05:30,holdout,bear_condor,-472.4103076945027,-534.7404615417527,-347.75000000000273,124.66030769449999,"[""ALL"", ""NORMAL""]"
2026-02-10,2026-02-04 10:00:00+05:30,holdout,bear_butterfly,-239.68447067700544,-291.2767060155054,-136.50000000000546,103.184470677,"[""ALL"", ""NORMAL""]"
2026-02-10,2026-02-04 10:00:00+05:30,holdout,risk_reversal,-6054.126739177003,-6087.940108765503,-5986.500000000004,67.62673917699999,"[""ALL"", ""NORMAL""]"
2026-02-10,2026-02-04 10:00:00+05:30,holdout,batman,14737.535203682997,14657.302805524496,14897.999999999996,160.464796317,"[""ALL"", ""NORMAL""]"
2026-02-10,2026-02-04 10:00:00+05:30,holdout,jade_lizard,7991.274082932998,7937.4111243994985,8098.999999999998,107.725917067,"[""ALL"", ""NORMAL""]"
2026-02-10,2026-02-04 10:00:00+05:30,holdout,reverse_jade_lizard,5134.242066392998,5081.863099589498,5238.999999999998,104.75793360700001,"[""ALL"", ""NORMAL""]"
2026-02-10,2026-02-04 10:00:00+05:30,holdout,long_iron_condor,216.4896441755,150.85946626325,347.75,131.2603558245,"[""ALL"", ""NORMAL""]"
2026-02-10,2026-02-04 10:00:00+05:30,holdout,long_iron_butterfly,511.4806096914955,440.59591453724545,653.2499999999955,141.7693903085,"[""ALL"", ""NORMAL""]"
2026-02-10,2026-02-04 10:00:00+05:30,holdout,double_plateau,400.1513170354964,293.10197555324635,614.2499999999964,214.09868296449997,"[""ALL"", ""NORMAL""]"
2026-02-10,2026-02-04 10:00:00+05:30,holdout,strip,-25304.749444874506,-25342.24916731176,-25229.750000000007,74.9994448745,"[""ALL"", ""NORMAL""]"
2026-02-10,2026-02-04 10:00:00+05:30,holdout,strap,-16109.787294091007,-16153.430941136507,-16022.500000000007,87.287294091,"[""ALL"", ""NORMAL""]"
2026-02-10,2026-02-04 10:00:00+05:30,holdout,long_synthetic_future,9113.292762011497,9072.814143017247,9194.249999999996,80.9572379885,"[""ALL"", ""NORMAL""]"
2026-02-10,2026-02-04 10:00:00+05:30,holdout,short_synthetic_future,-9292.276205488502,-9328.289308232752,-9220.250000000002,72.02620548850001,"[""ALL"", ""NORMAL""]"
2026-02-17,2026-02-11 10:00:00+05:30,holdout,buy_call,-8922.856723038502,-8936.660084557752,-8895.250000000002,27.6067230385,"[""ALL"", ""LOW""]"
2026-02-17,2026-02-11 10:00:00+05:30,holdout,sell_put,-6807.758873024,-6828.388309536,-6766.5,41.258873023999996,"[""ALL"", ""LOW""]"
2026-02-17,2026-02-11 10:00:00+05:30,holdout,bull_condor,-636.9596565674982,-693.8144848512482,-523.2499999999982,113.70965656750002,"[""ALL"", ""LOW""]"
2026-02-17,2026-02-11 10:00:00+05:30,holdout,bull_butterfly,-394.56455231249817,-440.7218284687482,-302.2499999999982,92.31455231249998,"[""ALL"", ""LOW""]"
2026-02-17,2026-02-11 10:00:00+05:30,holdout,range_forward,-12190.5056085445,-12222.88341281675,-12125.75,64.75560854449999,"[""ALL"", ""LOW""]"
2026-02-17,2026-02-11 10:00:00+05:30,holdout,buy_put,6705.6839269759985,6681.775890463999,6753.499999999998,47.816073024000005,"[""ALL"", ""LOW""]"
2026-02-17,2026-02-11 10:00:00+05:30,holdout,sell_call,8846.0211894615,8827.90678419225,8882.25,36.2288105385,"[""ALL"", ""LOW""]"
2026-02-17,2026-02-11 10:00:00+05:30,holdout,bear_condor,-494.3557430309993,-562.7836145464994,-357.4999999999993,136.855743031,"[""ALL"", ""LOW""]"
2026-02-17,2026-02-11 10:00:00+05:30,holdout,bear_butterfly,-380.97031531199855,-441.4554729679985,-259.9999999999985,120.97031531200001,"[""ALL"", ""LOW""]"
2026-02-17,2026-02-11 10:00:00+05:30,holdout,risk_reversal,12023.2450239555,11984.99253593325,12099.75,76.5049760445,"[""ALL"", ""LOW""]"
2026-02-17,2026-02-11 10:00:00+05:30,holdout,batman,3325.5094334015016,3247.8891501022517,3480.750000000002,155.2405665985,"[""ALL"", ""LOW""]"
2026-02-17,2026-02-11 10:00:00+05:30,holdout,jade_lizard,-3500.6869460245,-3549.65541903675,-3402.75,97.93694602449999,"[""ALL"", ""LOW""]"
2026-02-17,2026-02-11 10:00:00+05:30,holdout,reverse_jade_lizard,4990.0330461585,4935.42456923775,5099.25,109.2169538415,"[""ALL"", ""LOW""]"
2026-02-17,2026-02-11 10:00:00+05:30,holdout,long_iron_condor,1542.2964779295,1476.56971689425,1673.75,131.45352207050001,"[""ALL"", ""LOW""]"
2026-02-17,2026-02-11 10:00:00+05:30,holdout,long_iron_butterfly,628.3569811604982,557.4104717407481,770.2499999999982,141.8930188395,"[""ALL"", ""LOW""]"
2026-02-17,2026-02-11 10:00:00+05:30,holdout,double_plateau,-775.5348676244964,-882.1773014367463,-562.2499999999964,213.2848676245,"[""ALL"", ""LOW""]"
2026-02-17,2026-02-11 10:00:00+05:30,holdout,strip,4512.111130913495,4462.291696370245,4611.7499999999945,99.6388690865,"[""ALL"", ""LOW""]"
2026-02-17,2026-02-11 10:00:00+05:30,holdout,strap,-11116.429519101006,-11156.144278651505,-11037.000000000005,79.429519101,"[""ALL"", ""LOW""]"
2026-02-17,2026-02-11 10:00:00+05:30,holdout,long_synthetic_future,-15730.615596062502,-15765.048394093752,-15661.750000000002,68.8655960625,"[""ALL"", ""LOW""]"
2026-02-17,2026-02-11 10:00:00+05:30,holdout,short_synthetic_future,15551.705116437499,15509.682674656247,15635.749999999998,84.0448835625,"[""ALL"", ""LOW""]"
2026-02-24,2026-02-18 10:00:00+05:30,holdout,buy_call,-10161.664472939,-10175.7467094085,-10133.5,28.164472939,"[""ALL"", ""LOW""]"
2026-02-24,2026-02-18 10:00:00+05:30,holdout,sell_put,-6152.246110834002,-6173.369166251002,-6110.000000000002,42.246110834,"[""ALL"", ""LOW""]"
2026-02-24,2026-02-18 10:00:00+05:30,holdout,bull_condor,-540.6393915980009,-599.709087397001,-422.5000000000009,118.139391598,"[""ALL"", ""LOW""]"
2026-02-24,2026-02-18 10:00:00+05:30,holdout,bull_butterfly,-347.0892098524991,-395.50881477874907,-250.2499999999991,96.8392098525,"[""ALL"", ""LOW""]"
2026-02-24,2026-02-18 10:00:00+05:30,holdout,range_forward,-12770.500489776503,-12803.625734664754,-12704.250000000004,66.2504897765,"[""ALL"", ""LOW""]"
2026-02-24,2026-02-18 10:00:00+05:30,holdout,buy_put,6048.833494165999,6024.750241248999,6096.999999999999,48.166505834,"[""ALL"", ""LOW""]"
2026-02-24,2026-02-18 10:00:00+05:30,holdout,sell_call,10082.512337061,10063.5185055915,10120.5,37.987662938999996,"[""ALL"", ""LOW""]"
2026-02-24,2026-02-18 10:00:00+05:30,holdout,bear_condor,-438.45609131399954,-508.1841369709996,-298.99999999999955,139.456091314,"[""ALL"", ""LOW""]"
2026-02-24,2026-02-18 10:00:00+05:30,holdout,bear_butterfly,-266.659839304998,-328.489758957498,-142.99999999999798,123.659839305,"[""ALL"", ""LOW""]"
2026-02-24,2026-02-18 10:00:00+05:30,holdout,risk_reversal,12599.6889977235,12560.40849658525,12678.25,78.5610022765,"[""ALL"", ""LOW""]"
2026-02-24,2026-02-18 10:00:00+05:30,holdout,batman,5243.195209316501,5162.417813974751,5404.750000000001,161.55479068350002,"[""ALL"", ""LOW""]"
2026-02-24,2026-02-18 10:00:00+05:30,holdout,jade_lizard,-2892.8957547835007,-2943.468632175251,-2791.750000000001,101.14575478350001,"[""ALL"", ""LOW""]"
2026-02-24,2026-02-18 10:00:00+05:30,holdout,reverse_jade_lizard,6153.775923527,6097.6638852905,6266.0,112.224076473,"[""ALL"", ""LOW""]"
2026-02-24,2026-02-18 10:00:00+05:30,holdout,long_iron_condor,1467.3045692494982,1399.8318538742483,1602.2499999999982,134.94543075049998,"[""ALL"", ""LOW""]"
2026-02-24,2026-02-18 10:00:00+05:30,holdout,long_iron_butterfly,605.2364870235009,532.4797305352508,750.7500000000009,145.5135129765,"[""ALL"", ""LOW""]"
2026-02-24,2026-02-18 10:00:00+05:30,holdout,double_plateau,-613.7490491574973,-723.9985737362472,-393.24999999999727,220.49904915750002,"[""ALL"", ""LOW""]"
2026-02-24,2026-02-18 10:00:00+05:30,holdout,strip,1959.6025153929982,1909.1537730894981,2060.499999999998,100.89748460700002,"[""ALL"", ""LOW""]"
2026-02-24,2026-02-18 10:00:00+05:30,holdout,strap,-14250.895451712,-14291.343177568,-14170.0,80.895451712,"[""ALL"", ""LOW""]"
2026-02-24,2026-02-18 10:00:00+05:30,holdout,long_synthetic_future,-16313.910583773002,-16349.115875659501,-16243.500000000002,70.41058377300001,"[""ALL"", ""LOW""]"
2026-02-24,2026-02-18 10:00:00+05:30,holdout,short_synthetic_future,16131.345831227,16088.2687468405,16217.5,86.15416877300001,"[""ALL"", ""LOW""]"
2026-03-02,2026-02-24 10:00:00+05:30,holdout,buy_call,-14004.89481515,-14019.842222725,-13975.0,29.89481515,"[""ALL"", ""NORMAL""]"
2026-03-02,2026-02-24 10:00:00+05:30,holdout,sell_put,-30490.500803963005,-30519.251205944503,-30433.000000000004,57.500803963,"[""ALL"", ""NORMAL""]"
2026-03-02,2026-02-24 10:00:00+05:30,holdout,bull_condor,-455.9431925560018,-521.4147888340018,-325.0000000000018,130.94319255599999,"[""ALL"", ""NORMAL""]"
2026-03-02,2026-02-24 10:00:00+05:30,holdout,bull_butterfly,-344.1356326480054,-399.2034489720055,-234.00000000000546,110.13563264799997,"[""ALL"", ""NORMAL""]"
2026-03-02,2026-02-24 10:00:00+05:30,holdout,range_forward,-40795.9821409435,-40837.59821141525,-40712.75,83.23214094349999,"[""ALL"", ""NORMAL""]"
2026-03-02,2026-02-24 10:00:00+05:30,holdout,buy_put,30332.98549103701,30289.478236555507,30420.000000000007,87.014508963,"[""ALL"", ""NORMAL""]"
2026-03-02,2026-02-24 10:00:00+05:30,holdout,sell_call,13918.555739849999,13896.833609774998,13961.999999999998,43.44426014999999,"[""ALL"", ""NORMAL""]"
2026-03-02,2026-02-24 10:00:00+05:30,holdout,bear_condor,-614.6990131105,-738.4235196657501,-367.25,247.44901311049998,"[""ALL"", ""NORMAL""]"
2026-03-02,2026-02-24 10:00:00+05:30,holdout,bear_butterfly,-440.01611645099996,-556.0241746765,-208.0,232.01611645099996,"[""ALL"", ""NORMAL""]"
2026-03-02,2026-02-24 10:00:00+05:30,holdout,risk_reversal,40564.0391015565,40502.68365233475,40686.75,122.71089844349999,"[""ALL"", ""NORMAL""]"
2026-03-02,2026-02-24 10:00:00+05:30,holdout,batman,-15917.6569477645,-16039.11042164675,-15674.75,242.9069477645,"[""ALL"", ""NORMAL""]"
2026-03-02,2026-02-24 10:00:00+05:30,holdout,jade_lizard,-26922.896745447997,-26984.595118171997,-26799.499999999996,123.396745448,"[""ALL"", ""NORMAL""]"
2026-03-02,2026-02-24 10:00:00+05:30,holdout,reverse_jade_lizard,9958.409993900506,9872.489990850758,10130.250000000007,171.8400060995,"[""ALL"", ""NORMAL""]"
2026-03-02,2026-02-24 10:00:00+05:30,holdout,long_iron_condor,831.6671627220001,734.000744083,1027.0,195.332837278,"[""ALL"", ""NORMAL""]"
2026-03-02,2026-02-24 10:00:00+05:30,holdout,long_iron_butterfly,258.2254087265054,154.9631130897555,464.75000000000546,206.52459127350002,"[""ALL"", ""NORMAL""]"
2026-03-02,2026-02-24 10:00:00+05:30,holdout,double_plateau,-784.1517490990054,-955.2276236485054,-442.00000000000546,342.15174909899997,"[""ALL"", ""NORMAL""]"
2026-03-02,2026-02-24 10:00:00+05:30,holdout,strip,46684.676166924015,46594.51425038601,46865.000000000015,180.32383307600003,"[""ALL"", ""NORMAL""]"
2026-03-02,2026-02-24 10:00:00+05:30,holdout,strap,2346.7958607370074,2285.1937911055074,2470.0000000000073,123.20413926300002,"[""ALL"", ""NORMAL""]"
2026-03-02,2026-02-24 10:00:00+05:30,holdout,long_synthetic_future,-44495.395619113,-44539.0934286695,-44408.0,87.39561911300001,"[""ALL"", ""NORMAL""]"
2026-03-02,2026-02-24 10:00:00+05:30,holdout,short_synthetic_future,44251.54123088701,44186.31184633051,44382.00000000001,130.45876911300002,"[""ALL"", ""NORMAL""]"
2026-03-10,2026-03-04 10:00:00+05:30,holdout,buy_call,-22510.724405018,-22527.586607527,-22477.0,33.724405018,"[""ALL"", ""NORMAL"", ""RISING"", ""SPIKE""]"
2026-03-10,2026-03-04 10:00:00+05:30,holdout,sell_put,17003.527712452,16977.291568678,17056.0,52.472287548,"[""ALL"", ""NORMAL"", ""RISING"", ""SPIKE""]"
2026-03-10,2026-03-04 10:00:00+05:30,holdout,bull_condor,-366.2595244235073,-447.01428663525735,-204.75000000000728,161.5095244235,"[""ALL"", ""NORMAL"", ""RISING"", ""SPIKE""]"
2026-03-10,2026-03-04 10:00:00+05:30,holdout,bull_butterfly,-287.2584590285073,-357.76268854275725,-146.25000000000728,141.0084590285,"[""ALL"", ""NORMAL"", ""RISING"", ""SPIKE""]"
2026-03-10,2026-03-04 10:00:00+05:30,holdout,range_forward,-2363.905149512,-2405.107724268,-2281.5,82.405149512,"[""ALL"", ""NORMAL"", ""RISING"", ""SPIKE""]"
2026-03-10,2026-03-04 10:00:00+05:30,holdout,buy_put,-17104.921662547997,-17122.882493821995,-17068.999999999996,35.921662548,"[""ALL"", ""NORMAL"", ""RISING"", ""SPIKE""]"
2026-03-10,2026-03-04 10:00:00+05:30,holdout,sell_call,22408.479209981997,22380.718814972995,22463.999999999996,55.52079001799999,"[""ALL"", ""NORMAL"", ""RISING"", ""SPIKE""]"
2026-03-10,2026-03-04 10:00:00+05:30,holdout,bear_condor,-240.99989812000726,-319.24984718000735,-84.50000000000728,156.49989811999998,"[""ALL"", ""NORMAL"", ""RISING"", ""SPIKE""]"
2026-03-10,2026-03-04 10:00:00+05:30,holdout,bear_butterfly,-190.19795174451093,-257.67192761676097,-55.250000000010914,134.94795174450002,"[""ALL"", ""NORMAL"", ""RISING"", ""SPIKE""]"
2026-03-10,2026-03-04 10:00:00+05:30,holdout,risk_reversal,2170.8944054879926,2128.5916082319927,2255.4999999999927,84.60559451200001,"[""ALL"", ""NORMAL"", ""RISING"", ""SPIKE""]"
2026-03-10,2026-03-04 10:00:00+05:30,holdout,batman,32708.663765042984,32601.745647564487,32922.499999999985,213.83623495700004,"[""ALL"", ""NORMAL"", ""RISING"", ""SPIKE""]"
2026-03-10,2026-03-04 10:00:00+05:30,holdout,jade_lizard,19905.127439403,19837.9411591045,20039.5,134.37256059700002,"[""ALL"", ""NORMAL"", ""RISING"", ""SPIKE""]"
2026-03-10,2026-03-04 10:00:00+05:30,holdout,reverse_jade_lizard,21514.6020751005,21447.77811265075,21648.25,133.6479248995,"[""ALL"", ""NORMAL"", ""RISING"", ""SPIKE""]"
2026-03-10,2026-03-04 10:00:00+05:30,holdout,long_iron_condor,-5878.922792828007,-5958.384189242007,-5720.000000000007,158.922792828,"[""ALL"", ""NORMAL"", ""RISING"", ""SPIKE""]"
2026-03-10,2026-03-04 10:00:00+05:30,holdout,long_iron_butterfly,-3843.5717115385073,-3927.482567307757,-3675.7500000000073,167.82171153849998,"[""ALL"", ""NORMAL"", ""RISING"", ""SPIKE""]"
2026-03-10,2026-03-04 10:00:00+05:30,holdout,double_plateau,-477.4564107730182,-615.4346161595182,-201.5000000000182,275.956410773,"[""ALL"", ""NORMAL"", ""RISING"", ""SPIKE""]"
2026-03-10,2026-03-04 10:00:00+05:30,holdout,strip,-56696.967730114,-56737.95159517099,-56614.99999999999,81.96773011400002,"[""ALL"", ""NORMAL"", ""RISING"", ""SPIKE""]"
2026-03-10,2026-03-04 10:00:00+05:30,holdout,strap,-62102.770472584,-62142.655708876,-62023.0,79.77047258399999,"[""ALL"", ""NORMAL"", ""RISING"", ""SPIKE""]"
2026-03-10,2026-03-04 10:00:00+05:30,holdout,long_synthetic_future,-5507.196692566,-5550.295038849,-5421.0,86.196692566,"[""ALL"", ""NORMAL"", ""RISING"", ""SPIKE""]"
2026-03-10,2026-03-04 10:00:00+05:30,holdout,short_synthetic_future,5303.557547434,5257.836321151,5395.0,91.442452566,"[""ALL"", ""NORMAL"", ""RISING"", ""SPIKE""]"
2026-03-17,2026-03-11 10:00:00+05:30,holdout,buy_call,-17919.657363392,-17935.486045088,-17888.0,31.657363391999997,"[""ALL"", ""FALLING"", ""NORMAL""]"
2026-03-17,2026-03-11 10:00:00+05:30,holdout,sell_put,-20493.159770477996,-20524.989655716996,-20429.499999999996,63.659770478,"[""ALL"", ""FALLING"", ""NORMAL""]"
2026-03-17,2026-03-11 10:00:00+05:30,holdout,bull_condor,-405.622210845,-478.43331626749995,-260.0,145.62221084499998,"[""ALL"", ""FALLING"", ""NORMAL""]"
2026-03-17,2026-03-11 10:00:00+05:30,holdout,bull_butterfly,-267.869823184,-330.30473477600003,-143.0,124.86982318399998,"[""ALL"", ""FALLING"", ""NORMAL""]"
2026-03-17,2026-03-11 10:00:00+05:30,holdout,range_forward,-34892.130805320994,-34937.69620798149,-34800.99999999999,91.13080532100001,"[""ALL"", ""FALLING"", ""NORMAL""]"
2026-03-17,2026-03-11 10:00:00+05:30,holdout,buy_put,20333.029919522,20291.294879283,20416.5,83.470080478,"[""ALL"", ""FALLING"", ""NORMAL""]"
2026-03-17,2026-03-11 10:00:00+05:30,holdout,sell_call,17825.997581607997,17801.496372411995,17874.999999999996,49.00241839199998,"[""ALL"", ""FALLING"", ""NORMAL""]"
2026-03-17,2026-03-11 10:00:00+05:30,holdout,bear_condor,-404.7477602615036,-530.7466403922537,-152.75000000000364,251.99776026149996,"[""ALL"", ""FALLING"", ""NORMAL""]"
2026-03-17,2026-03-11 10:00:00+05:30,holdout,bear_butterfly,-324.3937989325018,-442.7156983987518,-87.75000000000182,236.64379893249998,"[""ALL"", ""FALLING"", ""NORMAL""]"
2026-03-17,2026-03-11 10:00:00+05:30,holdout,risk_reversal,34650.124834679,34587.6872520185,34775.0,124.87516532100001,"[""ALL"", ""FALLING"", ""NORMAL""]"
2026-03-17,2026-03-11 10:00:00+05:30,holdout,batman,-2110.209702075,-2242.3145531125,-1846.0,264.20970207500005,"[""ALL"", ""FALLING"", ""NORMAL""]"
2026-03-17,2026-03-11 10:00:00+05:30,holdout,jade_lizard,-17176.60244467249,-17245.028667008744,-17039.749999999993,136.85244467249998,"[""ALL"", ""FALLING"", ""NORMAL""]"
2026-03-17,2026-03-11 10:00:00+05:30,holdout,reverse_jade_lizard,13843.898763153504,13753.973144730253,14023.750000000004,179.85123684649997,"[""ALL"", ""FALLING"", ""NORMAL""]"
2026-03-17,2026-03-11 10:00:00+05:30,holdout,long_iron_condor,727.7678021374982,625.2767032062482,932.7499999999982,204.98219786250002,"[""ALL"", ""FALLING"", ""NORMAL""]"
2026-03-17,2026-03-11 10:00:00+05:30,holdout,long_iron_butterfly,102.29654525299998,-5.805182120499921,318.5,216.20345474700002,"[""ALL"", ""FALLING"", ""NORMAL""]"
2026-03-17,2026-03-11 10:00:00+05:30,holdout,double_plateau,-592.2636221165018,-773.0204331747518,-230.75000000000182,361.51362211649996,"[""ALL"", ""FALLING"", ""NORMAL""]"
2026-03-17,2026-03-11 10:00:00+05:30,holdout,strip,22770.002475652,22682.503713478,22945.0,174.997524348,"[""ALL"", ""FALLING"", ""NORMAL""]"
2026-03-17,2026-03-11 10:00:00+05:30,holdout,strap,-15482.684807262,-15544.277210893,-15359.5,123.18480726199999,"[""ALL"", ""FALLING"", ""NORMAL""]"
2026-03-17,2026-03-11 10:00:00+05:30,holdout,long_synthetic_future,-38412.81713387,-38460.475700805,-38317.5,95.31713387,"[""ALL"", ""FALLING"", ""NORMAL""]"
2026-03-17,2026-03-11 10:00:00+05:30,holdout,short_synthetic_future,38159.02750113,38092.791251695,38291.5,132.47249886999998,"[""ALL"", ""FALLING"", ""NORMAL""]"
2026-03-24,2026-03-18 10:00:00+05:30,holdout,buy_call,-14177.2224024065,-14192.20860360975,-14147.25,29.972402406500002,"[""ALL"", ""FALLING"", ""NORMAL""]"
2026-03-24,2026-03-18 10:00:00+05:30,holdout,sell_put,-35828.2659681295,-35862.52395219425,-35759.75,68.5159681295,"[""ALL"", ""FALLING"", ""NORMAL""]"
2026-03-24,2026-03-18 10:00:00+05:30,holdout,bull_condor,-421.9160613465018,-488.2490920197518,-289.2500000000018,132.6660613465,"[""ALL"", ""FALLING"", ""NORMAL""]"
2026-03-24,2026-03-18 10:00:00+05:30,holdout,bull_butterfly,-254.68768725600364,-310.53153088400364,-143.00000000000364,111.687687256,"[""ALL"", ""FALLING"", ""NORMAL""]"
2026-03-24,2026-03-18 10:00:00+05:30,holdout,range_forward,-46543.261508845,-46590.3922632675,-46449.0,94.261508845,"[""ALL"", ""FALLING"", ""NORMAL""]"
2026-03-24,2026-03-18 10:00:00+05:30,holdout,buy_put,35643.5533793705,35591.95506905575,35746.75,103.19662062949999,"[""ALL"", ""FALLING"", ""NORMAL""]"
2026-03-24,2026-03-18 10:00:00+05:30,holdout,sell_call,14090.5610700935,14068.71660514025,14134.25,43.68892990649999,"[""ALL"", ""FALLING"", ""NORMAL""]"
2026-03-24,2026-03-18 10:00:00+05:30,holdout,bear_condor,-495.9147325799927,-646.3720988699928,-194.99999999999272,300.91473257999996,"[""ALL"", ""FALLING"", ""NORMAL""]"
2026-03-24,2026-03-18 10:00:00+05:30,holdout,bear_butterfly,-688.3736433619927,-831.0604650429927,-402.9999999999927,285.373643362,"[""ALL"", ""FALLING"", ""NORMAL""]"
2026-03-24,2026-03-18 10:00:00+05:30,holdout,risk_reversal,46283.695571155,46214.0433567325,46423.0,139.30442884500002,"[""ALL"", ""FALLING"", ""NORMAL""]"
2026-03-24,2026-03-18 10:00:00+05:30,holdout,batman,-21179.186655048994,-21320.02998257349,-20897.499999999993,281.686655049,"[""ALL"", ""FALLING"", ""NORMAL""]"
2026-03-24,2026-03-18 10:00:00+05:30,holdout,jade_lizard,-32573.1186217145,-32640.55293257175,-32438.25,134.8686217145,"[""ALL"", ""FALLING"", ""NORMAL""]"
2026-03-24,2026-03-18 10:00:00+05:30,holdout,reverse_jade_lizard,10366.531902172504,10266.922853258753,10565.750000000004,199.2180978275,"[""ALL"", ""FALLING"", ""NORMAL""]"
2026-03-24,2026-03-18 10:00:00+05:30,holdout,long_iron_condor,895.1642980860018,783.7464471290018,1118.0000000000018,222.83570191399997,"[""ALL"", ""FALLING"", ""NORMAL""]"
2026-03-24,2026-03-18 10:00:00+05:30,holdout,long_iron_butterfly,168.99494511200362,51.99241766800367,403.00000000000364,234.00505488800002,"[""ALL"", ""FALLING"", ""NORMAL""]"
2026-03-24,2026-03-18 10:00:00+05:30,holdout,double_plateau,-943.0613306179964,-1141.5919959269963,-545.9999999999964,397.061330618,"[""ALL"", ""FALLING"", ""NORMAL""]"
2026-03-24,2026-03-18 10:00:00+05:30,holdout,strip,57133.4843563345,57027.10153450175,57346.25,212.7656436655,"[""ALL"", ""FALLING"", ""NORMAL""]"
2026-03-24,2026-03-18 10:00:00+05:30,holdout,strap,7312.7085745575,7242.93786183625,7452.25,139.5414254425,"[""ALL"", ""FALLING"", ""NORMAL""]"
2026-03-24,2026-03-18 10:00:00+05:30,holdout,long_synthetic_future,-50005.488370536,-50054.732555804,-49907.0,98.488370536,"[""ALL"", ""FALLING"", ""NORMAL""]"
2026-03-24,2026-03-18 10:00:00+05:30,holdout,short_synthetic_future,49734.114449464,49660.671674196,49881.0,146.885550536,"[""ALL"", ""FALLING"", ""NORMAL""]"
2026-03-30,2026-03-23 10:00:00+05:30,holdout,buy_call,-26695.3645381525,-26713.17180722875,-26659.75,35.6145381525,"[""ALL"", ""HIGH""]"
2026-03-30,2026-03-23 10:00:00+05:30,holdout,sell_put,9238.606320731,9203.9094810965,9308.0,69.393679269,"[""ALL"", ""HIGH""]"
2026-03-30,2026-03-23 10:00:00+05:30,holdout,bull_condor,-311.3509160065109,-400.4013740097609,-133.2500000000109,178.10091600649997,"[""ALL"", ""HIGH""]"
2026-03-30,2026-03-23 10:00:00+05:30,holdout,bull_butterfly,-238.7798145805073,-317.54472187075726,-81.25000000000728,157.52981458050002,"[""ALL"", ""HIGH""]"
2026-03-30,2026-03-23 10:00:00+05:30,holdout,range_forward,-13893.583966480004,-13943.875949720004,-13793.000000000004,100.58396648,"[""ALL"", ""HIGH""]"
2026-03-30,2026-03-23 10:00:00+05:30,holdout,buy_put,-9381.358614269002,-9411.537921403502,-9321.000000000002,60.358614269,"[""ALL"", ""HIGH""]"
2026-03-30,2026-03-23 10:00:00+05:30,holdout,sell_call,26585.2818093475,26554.54771402125,26646.75,61.4681906525,"[""ALL"", ""HIGH""]"
2026-03-30,2026-03-23 10:00:00+05:30,holdout,bear_condor,-255.13951302500362,-363.2092695375037,-39.00000000000364,216.13951302499999,"[""ALL"", ""HIGH""]"
2026-03-30,2026-03-23 10:00:00+05:30,holdout,bear_butterfly,-285.523814604,-386.03572190600005,-84.5,201.023814604,"[""ALL"", ""HIGH""]"
2026-03-30,2026-03-23 10:00:00+05:30,holdout,risk_reversal,13653.049433519996,13596.074150279996,13766.999999999996,113.95056647999999,"[""ALL"", ""HIGH""]"
2026-03-30,2026-03-23 10:00:00+05:30,holdout,batman,36047.92809905899,35907.64214858849,36328.49999999999,280.571900941,"[""ALL"", ""HIGH""]"
2026-03-30,2026-03-23 10:00:00+05:30,holdout,jade_lizard,12584.516567744493,12505.149851616743,12743.249999999993,158.7334322555,"[""ALL"", ""HIGH""]"
2026-03-30,2026-03-23 10:00:00+05:30,holdout,reverse_jade_lizard,22757.44428956499,22670.16643434749,22931.999999999993,174.555710435,"[""ALL"", ""HIGH""]"
2026-03-30,2026-03-23 10:00:00+05:30,holdout,long_iron_condor,320.0412127764927,218.4368191647427,523.2499999999927,203.2087872235,"[""ALL"", ""HIGH""]"
2026-03-30,2026-03-23 10:00:00+05:30,holdout,long_iron_butterfly,-58.93897965200364,-166.4084694780036,155.99999999999636,214.938979652,"[""ALL"", ""HIGH""]"
2026-03-30,2026-03-23 10:00:00+05:30,holdout,double_plateau,-524.3036291845074,-703.5804437767572,-165.75000000000728,358.55362918450004,"[""ALL"", ""HIGH""]"
2026-03-30,2026-03-23 10:00:00+05:30,holdout,strip,-45434.4817666905,-45500.84765003575,-45301.75,132.7317666905,"[""ALL"", ""HIGH""]"
2026-03-30,2026-03-23 10:00:00+05:30,holdout,strap,-62748.487690574,-62802.481535861,-62640.5,107.98769057399998,"[""ALL"", ""HIGH""]"
2026-03-30,2026-03-23 10:00:00+05:30,holdout,long_synthetic_future,-17456.7582174215,-17509.26232613225,-17351.75,105.00821742150002,"[""ALL"", ""HIGH""]"
2026-03-30,2026-03-23 10:00:00+05:30,holdout,short_synthetic_future,17203.9231950785,17143.00979261775,17325.75,121.82680492150001,"[""ALL"", ""HIGH""]"
2026-04-07,2026-03-30 10:00:00+05:30,holdout,buy_call,3817.152576934001,3765.978865401001,3919.500000000001,102.347423066,"[""ALL"", ""HIGH"", ""HIGH_RISING"", ""RISING"", ""SPIKE""]"
2026-04-07,2026-03-30 10:00:00+05:30,holdout,sell_put,28152.808163396996,28120.962245095496,28216.499999999996,63.69183660299999,"[""ALL"", ""HIGH"", ""HIGH_RISING"", ""RISING"", ""SPIKE""]"
2026-04-07,2026-03-30 10:00:00+05:30,holdout,bull_condor,-381.9041105625041,-538.7311658437541,-68.25000000000409,313.6541105625,"[""ALL"", ""HIGH"", ""HIGH_RISING"", ""RISING"", ""SPIKE""]"
2026-04-07,2026-03-30 10:00:00+05:30,holdout,bull_butterfly,-1106.3459133370056,-1256.5188700055057,-806.0000000000057,300.34591333699996,"[""ALL"", ""HIGH"", ""HIGH_RISING"", ""RISING"", ""SPIKE""]"
2026-04-07,2026-03-30 10:00:00+05:30,holdout,range_forward,29086.491870620994,29007.987805931494,29243.499999999993,157.008129379,"[""ALL"", ""HIGH"", ""HIGH_RISING"", ""RISING"", ""SPIKE""]"
2026-04-07,2026-03-30 10:00:00+05:30,holdout,buy_put,-28265.815526603,-28283.9732899045,-28229.5,36.315526602999995,"[""ALL"", ""HIGH"", ""HIGH_RISING"", ""RISING"", ""SPIKE""]"
2026-04-07,2026-03-30 10:00:00+05:30,holdout,sell_call,-4014.0595780659964,-4054.8393670989963,-3932.4999999999964,81.559578066,"[""ALL"", ""HIGH"", ""HIGH_RISING"", ""RISING"", ""SPIKE""]"
2026-04-07,2026-03-30 10:00:00+05:30,holdout,bear_condor,-401.6485494910073,-495.2228242365073,-214.50000000000728,187.148549491,"[""ALL"", ""HIGH"", ""HIGH_RISING"", ""RISING"", ""SPIKE""]"
2026-04-07,2026-03-30 10:00:00+05:30,holdout,bear_butterfly,-58.836668912507264,-141.8800033687573,107.24999999999272,166.0866689125,"[""ALL"", ""HIGH"", ""HIGH_RISING"", ""RISING"", ""SPIKE""]"
2026-04-07,2026-03-30 10:00:00+05:30,holdout,risk_reversal,-29382.758449379,-29439.3876740685,-29269.5,113.258449379,"[""ALL"", ""HIGH"", ""HIGH_RISING"", ""RISING"", ""SPIKE""]"
2026-04-07,2026-03-30 10:00:00+05:30,holdout,batman,24004.98046120799,23829.72069181199,24355.49999999999,350.51953879200005,"[""ALL"", ""HIGH"", ""HIGH_RISING"", ""RISING"", ""SPIKE""]"
2026-04-07,2026-03-30 10:00:00+05:30,holdout,jade_lizard,25180.841199394992,25067.011799092492,25408.499999999993,227.65880060499998,"[""ALL"", ""HIGH"", ""HIGH_RISING"", ""RISING"", ""SPIKE""]"
2026-04-07,2026-03-30 10:00:00+05:30,holdout,reverse_jade_lizard,-1373.5604191095038,-1460.7156286642537,-1199.2500000000036,174.31041910950003,"[""ALL"", ""HIGH"", ""HIGH_RISING"", ""RISING"", ""SPIKE""]"
2026-04-07,2026-03-30 10:00:00+05:30,holdout,long_iron_condor,459.1233871634972,329.56008074524726,718.2499999999973,259.12661283650004,"[""ALL"", ""HIGH"", ""HIGH_RISING"", ""RISING"", ""SPIKE""]"
2026-04-07,2026-03-30 10:00:00+05:30,holdout,long_iron_butterfly,-249.25537812550368,-385.2580671882537,22.749999999996362,272.00537812550004,"[""ALL"", ""HIGH"", ""HIGH_RISING"", ""RISING"", ""SPIKE""]"
2026-04-07,2026-03-30 10:00:00+05:30,holdout,double_plateau,-1165.182582249513,-1398.3988733742628,-698.750000000013,466.43258224950006,"[""ALL"", ""HIGH"", ""HIGH_RISING"", ""RISING"", ""SPIKE""]"
2026-04-07,2026-03-30 10:00:00+05:30,holdout,strip,-52690.878476272,-52766.567714408,-52539.5,151.378476272,"[""ALL"", ""HIGH"", ""HIGH_RISING"", ""RISING"", ""SPIKE""]"
2026-04-07,2026-03-30 10:00:00+05:30,holdout,strap,-20607.910372735,-20716.6155591025,-20390.5,217.410372735,"[""ALL"", ""HIGH"", ""HIGH_RISING"", ""RISING"", ""SPIKE""]"
2026-04-07,2026-03-30 10:00:00+05:30,holdout,long_synthetic_future,31969.960740330996,31886.941110496497,32135.999999999996,166.039259669,"[""ALL"", ""HIGH"", ""HIGH_RISING"", ""RISING"", ""SPIKE""]"
2026-04-07,2026-03-30 10:00:00+05:30,holdout,short_synthetic_future,-32279.875104668998,-32338.812657003495,-32161.999999999996,117.875104669,"[""ALL"", ""HIGH"", ""HIGH_RISING"", ""RISING"", ""SPIKE""]"
2026-04-13,2026-04-07 10:00:00+05:30,holdout,buy_call,37404.786552011,37328.6798280165,37557.0,152.213447989,"[""ALL"", ""HIGH""]"
2026-04-13,2026-04-07 10:00:00+05:30,holdout,sell_put,22997.339299039497,22963.383948559247,23065.249999999996,67.9107009605,"[""ALL"", ""HIGH""]"
2026-04-13,2026-04-07 10:00:00+05:30,holdout,bull_condor,-718.6309673859855,-938.1964510789854,-279.49999999998545,439.130967386,"[""ALL"", ""HIGH""]"
2026-04-13,2026-04-07 10:00:00+05:30,holdout,bull_butterfly,-709.9097606854891,-923.489641028239,-282.7499999999891,427.15976068550003,"[""ALL"", ""HIGH""]"
2026-04-13,2026-04-07 10:00:00+05:30,holdout,range_forward,57480.3779500565,57375.19192508475,57690.75,210.37204994349997,"[""ALL"", ""HIGH""]"
2026-04-13,2026-04-07 10:00:00+05:30,holdout,buy_put,-23112.2452284605,-23129.24284269075,-23078.25,33.9952284605,"[""ALL"", ""HIGH""]"
2026-04-13,2026-04-07 10:00:00+05:30,holdout,sell_call,-37666.995102989,-37715.4926544835,-37570.0,96.995102989,"[""ALL"", ""HIGH""]"
2026-04-13,2026-04-07 10:00:00+05:30,holdout,bear_condor,-256.1616964925073,-350.11754473875726,-68.25000000000728,187.9116964925,"[""ALL"", ""HIGH""]"
2026-04-13,2026-04-07 10:00:00+05:30,holdout,bear_butterfly,-394.6265223830072,-478.1897835745073,-227.50000000000728,167.12652238299998,"[""ALL"", ""HIGH""]"
2026-04-13,2026-04-07 10:00:00+05:30,holdout,risk_reversal,-57842.2975374435,-57905.07130616525,-57716.75,125.5475374435,"[""ALL"", ""HIGH""]"
2026-04-13,2026-04-07 10:00:00+05:30,holdout,batman,-14545.981275670492,-14761.596913505742,-14114.749999999993,431.2312756704999,"[""ALL"", ""HIGH""]"
2026-04-13,2026-04-07 10:00:00+05:30,holdout,jade_lizard,19815.494649676002,19667.741974514003,20111.000000000004,295.505350324,"[""ALL"", ""HIGH""]"
2026-04-13,2026-04-07 10:00:00+05:30,holdout,reverse_jade_lizard,-34903.3688274265,-34998.42824113975,-34713.25,190.1188274265,"[""ALL"", ""HIGH""]"
2026-04-13,2026-04-07 10:00:00+05:30,holdout,long_iron_condor,468.12136919550363,307.30705379325366,789.7500000000036,321.6286308045,"[""ALL"", ""HIGH""]"
2026-04-13,2026-04-07 10:00:00+05:30,holdout,long_iron_butterfly,-108.65214181299274,-276.7282127194928,227.50000000000728,336.152141813,"[""ALL"", ""HIGH""]"
2026-04-13,2026-04-07 10:00:00+05:30,holdout,double_plateau,-1104.5362830684965,-1401.6794246027464,-510.24999999999636,594.2862830685001,"[""ALL"", ""HIGH""]"
2026-04-13,2026-04-07 10:00:00+05:30,holdout,strip,-8796.10390491,-8894.405857365,-8599.5,196.60390491,"[""ALL"", ""HIGH""]"
2026-04-13,2026-04-07 10:00:00+05:30,holdout,strap,51720.9278755615,51563.51681334225,52035.75,314.8221244385,"[""ALL"", ""HIGH""]"
2026-04-13,2026-04-07 10:00:00+05:30,holdout,long_synthetic_future,60402.1258510505,60292.06377657575,60622.25,220.1241489495,"[""ALL"", ""HIGH""]"
2026-04-13,2026-04-07 10:00:00+05:30,holdout,short_synthetic_future,-60779.2403314495,-60844.73549717425,-60648.25,130.9903314495,"[""ALL"", ""HIGH""]"
2026-04-21,2026-04-15 10:00:00+05:30,holdout,buy_call,8274.718236065,8235.8273540975,8352.5,77.78176393500001,"[""ALL"", ""HIGH"", ""HIGH_RISING"", ""RISING"", ""SPIKE""]"
2026-04-21,2026-04-15 10:00:00+05:30,holdout,sell_put,13681.2646299955,13656.27194499325,13731.25,49.9853700045,"[""ALL"", ""HIGH"", ""HIGH_RISING"", ""RISING"", ""SPIKE""]"
2026-04-21,2026-04-15 10:00:00+05:30,holdout,bull_condor,-429.308226393007,-543.2123395895071,-201.50000000000705,227.80822639299996,"[""ALL"", ""HIGH"", ""HIGH_RISING"", ""RISING"", ""SPIKE""]"
2026-04-21,2026-04-15 10:00:00+05:30,holdout,bull_butterfly,-293.51024094800687,-401.26536142200683,-78.00000000000682,215.51024094800002,"[""ALL"", ""HIGH"", ""HIGH_RISING"", ""RISING"", ""SPIKE""]"
2026-04-21,2026-04-15 10:00:00+05:30,holdout,range_forward,19261.552341924496,19202.453512886746,19379.749999999996,118.1976580755,"[""ALL"", ""HIGH"", ""HIGH_RISING"", ""RISING"", ""SPIKE""]"
2026-04-21,2026-04-15 10:00:00+05:30,holdout,buy_put,-13774.040877504502,-13788.936316256752,-13744.250000000002,29.7908775045,"[""ALL"", ""HIGH"", ""HIGH_RISING"", ""RISING"", ""SPIKE""]"
2026-04-21,2026-04-15 10:00:00+05:30,holdout,sell_call,-8430.994033935003,-8463.741050902503,-8365.500000000004,65.494033935,"[""ALL"", ""HIGH"", ""HIGH_RISING"", ""RISING"", ""SPIKE""]"
2026-04-21,2026-04-15 10:00:00+05:30,holdout,bear_condor,-317.05103870750185,-389.45155806125183,-172.25000000000182,144.80103870750003,"[""ALL"", ""HIGH"", ""HIGH_RISING"", ""RISING"", ""SPIKE""]"
2026-04-21,2026-04-15 10:00:00+05:30,holdout,bear_butterfly,-279.7595910480018,-341.63938657200185,-156.00000000000182,123.75959104799999,"[""ALL"", ""HIGH"", ""HIGH_RISING"", ""RISING"", ""SPIKE""]"
2026-04-21,2026-04-15 10:00:00+05:30,holdout,risk_reversal,-19495.4403155755,-19540.28547336325,-19405.75,89.69031557550001,"[""ALL"", ""HIGH"", ""HIGH_RISING"", ""RISING"", ""SPIKE""]"
2026-04-21,2026-04-15 10:00:00+05:30,holdout,batman,5891.412696519493,5764.244044779242,6145.749999999993,254.3373034805,"[""ALL"", ""HIGH"", ""HIGH_RISING"", ""RISING"", ""SPIKE""]"
2026-04-21,2026-04-15 10:00:00+05:30,holdout,jade_lizard,10540.469856629,10454.7047849435,10712.0,171.53014337100004,"[""ALL"", ""HIGH"", ""HIGH_RISING"", ""RISING"", ""SPIKE""]"
2026-04-21,2026-04-15 10:00:00+05:30,holdout,reverse_jade_lizard,-5970.2457717325005,-6038.493657598751,-5833.750000000001,136.4957717325,"[""ALL"", ""HIGH"", ""HIGH_RISING"", ""RISING"", ""SPIKE""]"
2026-04-21,2026-04-15 10:00:00+05:30,holdout,long_iron_condor,806.6890784089932,709.5336176134931,1000.9999999999932,194.310921591,"[""ALL"", ""HIGH"", ""HIGH_RISING"", ""RISING"", ""SPIKE""]"
2026-04-21,2026-04-15 10:00:00+05:30,holdout,long_iron_butterfly,149.16834210799726,45.00251316199723,357.49999999999727,208.331657892,"[""ALL"", ""HIGH"", ""HIGH_RISING"", ""RISING"", ""SPIKE""]"
2026-04-21,2026-04-15 10:00:00+05:30,holdout,double_plateau,-573.2698319960086,-742.9047479940086,-234.00000000000864,339.269831996,"[""ALL"", ""HIGH"", ""HIGH_RISING"", ""RISING"", ""SPIKE""]"
2026-04-21,2026-04-15 10:00:00+05:30,holdout,strip,-19249.763518944004,-19306.645278416003,-19136.000000000004,113.763518944,"[""ALL"", ""HIGH"", ""HIGH_RISING"", ""RISING"", ""SPIKE""]"
2026-04-21,2026-04-15 10:00:00+05:30,holdout,strap,2798.995594625498,2718.1183919382484,2960.749999999998,161.75440537449998,"[""ALL"", ""HIGH"", ""HIGH_RISING"", ""RISING"", ""SPIKE""]"
2026-04-21,2026-04-15 10:00:00+05:30,holdout,long_synthetic_future,21955.9828660605,21892.09929909075,22083.75,127.76713393950001,"[""ALL"", ""HIGH"", ""HIGH_RISING"", ""RISING"", ""SPIKE""]"
2026-04-21,2026-04-15 10:00:00+05:30,holdout,short_synthetic_future,-22205.034911439507,-22252.677367159256,-22109.750000000007,95.28491143950001,"[""ALL"", ""HIGH"", ""HIGH_RISING"", ""RISING"", ""SPIKE""]"
